,target,prediction
0,1,0.73
1,0,0.2
2,0,0.23
3,1,0.78
4,0,0.2
5,1,0.73
6,0,0.29
7,1,0.82
8,1,0.74
9,0,0.22
10,1,0.68
11,0,0.2
12,1,0.75
13,0,0.28
14,1,0.76
15,0,0.2
16,0,0.25
17,1,0.77
18,0,0.2
19,1,0.9
20,0,0.23
21,1,0.73
22,1,0.68
23,0,0.21
24,1,0.87
25,0,0.19
26,0,0.26
27,1,0.72
28,1,0.76
29,0,0.31
30,0,0.1
31,1,0.77
32,1,0.84
33,0,0.23
34,1,0.73
35,0,0.16
36,1,0.81
37,0,0.25
38,0,0.22
39,1,0.82
40,0,0.26
41,1,0.76
42,1,0.77
43,0,0.25
44,0,0.28
45,1,0.71
46,0,0.17
47,1,0.85
48,1,0.86
49,0,0.15
50,0,0.16
51,1,0.88
52,0,0.16
53,0,0.08
54,1,0.82
55,1,0.8
56,0,0.12
57,1,0.7
58,0,0.31
59,0,0.31
60,1,0.8
61,0,0.19
62,1,0.87
63,0,0.3
64,1,0.85
65,1,0.82
66,0,0.18
67,0,0.26
68,1,0.81
69,1,0.84
70,0,0.25
71,0,0.25
72,1,0.81
73,1,0.77
74,0,0.19
75,1,0.71
76,0,0.16
77,0,0.24
78,1,0.82
79,1,0.7
80,0,0.27
81,0,0.26
82,1,0.84
83,1,0.86
84,0,0.24
85,1,0.87
86,0,0.22
87,1,0.83
88,0,0.15
89,0,0.2
90,1,0.77
91,0,0.24
92,1,0.84
93,1,0.89
94,0,0.21
95,1,0.88
96,0,0.23
97,1,0.74
98,0,0.21
99,1,0.79
100,0,0.29
101,0,0.29
102,1,0.67
103,0,0.28
104,1,0.76
105,1,0.75
106,0,0.26
107,0,0.1
108,0,0.16
109,1,0.83
110,0,0.24
111,1,0.81
112,0,0.15
113,1,0.85
114,0,0.13
115,1,0.82
116,0,0.21
117,1,0.9
118,0,0.33
119,1,0.73
120,0,0.28
121,1,0.8
122,1,0.85
123,0,0.26
124,1,0.74
125,0,0.27
126,0,0.17
127,1,0.77
128,1,0.71
129,0,0.26
130,1,0.71
131,0,0.24
132,1,0.91
133,0,0.23
134,1,0.73
135,0,0.34
136,0,0.16
137,1,0.87
138,0,0.13
139,1,0.81
140,0,0.19
141,1,0.73
142,1,0.75
143,0,0.29
144,1,0.71
145,0,0.3
146,0,0.29
147,1,0.82
148,0,0.22
149,1,0.91
150,0,0.23
151,0,0.32
152,1,0.75
153,0,0.15
154,1,0.78
155,1,0.91
156,0,0.18
157,1,0.81
158,0,0.27
159,0,0.22
160,1,0.75
161,0,0.21
162,1,0.89
163,0,0.19
164,1,0.86
165,0,0.27
166,1,0.69
167,0,0.17
168,1,0.82
169,0,0.25
170,1,0.83
171,0,0.17
172,1,0.83
173,0,0.2
174,1,0.85
175,1,0.8
176,0,0.29
177,1,0.82
178,0,0.27
179,0,0.16
180,1,0.73
181,1,0.73
182,0,0.25
183,0,0.32
184,1,0.8
185,0,0.23
186,1,0.82
187,1,0.8
188,0,0.19
189,1,0.9
190,0,0.21
191,0,0.31
192,1,0.82
193,1,0.69
194,0,0.11
195,1,0.8
196,0,0.23
197,0,0.2
198,1,0.88
199,0,0.22
200,0,0.22
201,1,0.83
202,0,0.23
203,1,0.87
204,0,0.29
205,1,0.8
206,0,0.32
207,1,0.85
208,1,0.8
209,0,0.22
210,1,0.88
211,0,0.16
212,1,0.74
213,0,0.19
214,1,0.86
215,0,0.3
216,0,0.26
217,1,0.72
218,1,0.87
219,0,0.24
220,0,0.33
221,1,0.77
222,0,0.13
223,1,0.78
224,1,0.82
225,0,0.21
226,0,0.24
227,1,0.76
228,1,0.81
229,0,0.23
230,1,0.73
231,0,0.23
232,0,0.22
233,1,0.86
234,0,0.08
235,1,0.8
236,1,0.74
237,0,0.3
238,1,0.84
239,0,0.11
240,0,0.27
241,1,0.79
242,1,0.79
243,0,0.28
244,1,0.77
245,0,0.23
246,1,0.73
247,0,0.23
248,0,0.13
249,1,0.8
250,1,0.8
251,0,0.26
252,1,0.9
253,0,0.24
254,1,0.76
255,0,0.2
256,0,0.19
257,1,0.84
258,0,0.11
259,1,0.88
260,0,0.21
261,1,0.74
262,0,0.33
263,1,0.67
264,0,0.24
265,1,0.92
266,1,0.76
267,0,0.17
268,1,0.89
269,0,0.21
270,1,0.8
271,0,0.28
272,1,0.83
273,0,0.26
274,1,0.78
275,0,0.26
276,1,0.8
277,0,0.17
278,0,0.17
279,1,0.73
280,0,0.26
281,1,0.79
282,1,0.76
283,0,0.26
284,1,0.8
285,0,0.29
286,0,0.18
287,1,0.81
288,1,0.79
289,0,0.16
290,0,0.22
291,1,0.73
292,1,0.82
293,0,0.24
294,0,0.27
295,1,0.87
296,0,0.24
297,1,0.77
298,1,0.76
299,0,0.23
300,0,0.28
301,1,0.78
302,0,0.15
303,1,0.81
304,0,0.2
305,1,0.79
306,1,0.74
307,0,0.3
308,1,0.76
309,0,0.3
310,0,0.1
311,1,0.9
312,0,0.24
313,1,0.75
314,1,0.66
315,0,0.25
316,0,0.18
317,1,0.8
318,0,0.27
319,1,0.82
320,0,0.14
321,1,0.88
322,0,0.29
323,1,0.75
324,1,0.73
325,0,0.25
326,1,0.86
327,0,0.17
328,1,0.78
329,0,0.26
330,0,0.19
331,1,0.78
332,0,0.24
333,1,0.8
334,0,0.18
335,1,0.68
336,1,0.7
337,0,0.18
338,0,0.26
339,1,0.82
340,0,0.2
341,1,0.75
342,0,0.17
343,1,0.79
344,0,0.27
345,1,0.64
346,0,0.19
347,1,0.81
348,0,0.19
349,1,0.76
350,0,0.13
351,1,0.74
352,1,0.78
353,0,0.28
354,0,0.24
355,1,0.79
356,0,0.27
357,1,0.77
358,0,0.33
359,1,0.83
360,0,0.17
361,1,0.78
362,1,0.84
363,0,0.15
364,0,0.23
365,1,0.75
366,1,0.77
367,0,0.19
368,1,0.88
369,0,0.1
370,0,0.16
371,1,0.82
372,1,0.77
373,0,0.28
374,0,0.19
375,1,0.82
376,0,0.14
377,1,0.8
378,0,0.27
379,0,0.19
380,1,0.68
381,1,0.91
382,0,0.2
383,1,0.81
384,0,0.24
385,1,0.77
386,0,0.17
387,1,0.83
388,0,0.2
389,1,0.74
390,0,0.26
391,0,0.26
392,1,0.88
393,1,0.81
394,0,0.28
395,0,0.15
396,1,0.85
397,0,0.19
398,1,0.75
399,0,0.22
400,1,0.82
401,0,0.15
402,1,0.77
403,0,0.12
404,1,0.85
405,0,0.21
406,1,0.86
407,0,0.29
408,1,0.76
409,0,0.18
410,1,0.86
411,0,0.24
412,1,0.85
413,1,0.73
414,0,0.25
415,1,0.83
416,0,0.26
417,0,0.25
418,1,0.78
419,1,0.83
420,0,0.22
421,1,0.78
422,0,0.3
423,0,0.25
424,1,0.87
425,1,0.69
426,0,0.16
427,1,0.84
428,0,0.21
429,0,0.28
430,1,0.76
431,1,0.83
432,0,0.29
433,0,0.16
434,1,0.83
435,0,0.09
436,1,0.93
437,0,0.14
438,1,0.84
439,1,0.74
440,0,0.19
441,1,0.83
442,0,0.11
443,1,0.89
444,0,0.12
445,0,0.19
446,1,0.74
447,1,0.75
448,0,0.18
449,0,0.12
450,1,0.88
451,0,0.27
452,1,0.72
453,1,0.82
454,0,0.18
455,0,0.09
456,1,0.72
457,1,0.72
458,0,0.16
459,0,0.39
460,1,0.82
461,0,0.19
462,1,0.8
463,0,0.1
464,1,0.79
465,0,0.24
466,1,0.79
467,1,0.78
468,0,0.26
469,1,0.84
470,0,0.22
471,0,0.18
472,1,0.74
473,0,0.14
474,1,0.78
475,0,0.2
476,1,0.78
477,1,0.77
478,0,0.16
479,0,0.22
480,1,0.75
481,0,0.23
482,1,0.83
483,0,0.2
484,1,0.86
485,1,0.81
486,0,0.31
487,1,0.77
488,0,0.19
489,1,0.77
490,0,0.08
491,1,0.8
492,0,0.3
493,0,0.22
494,1,0.7
495,0,0.22
496,1,0.76
497,0,0.18
498,1,0.76
499,0,0.33
500,1,0.83
501,0,0.32
502,1,0.71
503,1,0.78
504,0,0.26
505,1,0.78
506,0,0.21
507,1,0.84
508,0,0.23
509,1,0.78
510,0,0.26
511,0,0.32
512,1,0.9
513,0,0.32
514,1,0.72
515,1,0.94
516,0,0.23
517,0,0.22
518,1,0.91
519,1,0.83
520,0,0.32
521,0,0.1
522,1,0.83
523,0,0.15
524,1,0.82
525,0,0.21
526,1,0.77
527,0,0.09
528,1,0.68
529,1,0.73
530,0,0.36
531,0,0.1
532,1,0.92
533,0,0.23
534,1,0.67
535,1,0.86
536,1,0.79
537,0,0.19
538,1,0.79
539,0,0.17
540,1,0.66
541,0,0.18
542,1,0.76
543,0,0.25
544,0,0.31
545,1,0.73
546,0,0.21
547,1,0.83
548,0,0.08
549,1,0.81
550,1,0.84
551,0,0.19
552,1,0.77
553,0,0.2
554,1,0.84
555,0,0.25
556,0,0.23
557,1,0.85
558,0,0.24
559,1,0.66
560,0,0.11
561,1,0.76
562,0,0.15
563,1,0.83
564,0,0.04
565,1,0.84
566,1,0.94
567,0,0.24
568,1,0.83
569,1,0.79
570,0,0.23
571,0,0.24
572,1,0.7
573,1,0.76
574,0,0.22
575,1,0.83
576,0,0.25
577,1,0.82
578,0,0.18
579,0,0.17
580,1,0.77
581,1,0.83
582,0,0.25
583,1,0.73
584,0,0.19
585,0,0.28
586,1,0.81
587,0,0.25
588,1,0.78
589,1,0.74
590,0,0.24
591,1,0.73
592,0,0.3
593,1,0.77
594,0,0.22
595,0,0.31
596,1,0.69
597,0,0.25
598,1,0.77
599,1,0.83
600,0,0.16
601,1,0.69
602,0,0.24
603,0,0.21
604,1,0.79
605,1,0.85
606,0,0.38
607,0,0.1
608,1,0.89
609,0,0.13
610,1,0.94
611,1,0.88
612,0,0.16
613,1,0.71
614,0,0.17
615,0,0.19
616,1,0.65
617,0,0.3
618,1,0.82
619,0,0.22
620,1,0.76
621,0,0.2
622,1,0.71
623,0,0.23
624,1,0.81
625,1,0.77
626,0,0.24
627,0,0.19
628,1,0.77
629,0,0.19
630,1,0.78
631,1,0.84
632,1,0.77
633,0,0.25
634,0,0.32
635,1,0.79
636,0,0.2
637,1,0.68
638,0,0.22
639,0,0.15
640,0,0.29
641,1,0.75
642,1,0.78
643,0,0.2
644,0,0.21
645,1,0.71
646,1,0.89
647,0,0.19
648,1,0.75
649,0,0.23
650,0,0.25
651,1,0.75
652,1,0.78
653,0,0.26
654,0,0.12
655,1,0.83
656,0,0.17
657,1,0.83
658,1,0.83
659,0,0.17
660,0,0.09
661,1,0.73
662,1,0.78
663,0,0.28
664,1,0.91
665,0,0.1
666,0,0.2
667,1,0.75
668,1,0.92
669,0,0.17
670,1,0.9
671,0,0.18
672,0,0.11
673,1,0.81
674,0,0.15
675,1,0.77
676,0,0.25
677,1,0.81
678,0,0.2
679,1,0.77
680,0,0.22
681,1,0.76
682,1,0.85
683,0,0.14
684,0,0.09
685,1,0.74
686,0,0.22
687,1,0.73
688,0,0.21
689,1,0.87
690,1,0.8
691,0,0.33
692,0,0.25
693,1,0.67
694,1,0.71
695,0,0.24
696,1,0.78
697,0,0.17
698,0,0.3
699,1,0.82
700,1,0.87
701,0,0.29
702,0,0.15
703,0,0.2
704,1,0.9
705,1,0.66
706,0,0.19
707,1,0.68
708,0,0.22
709,1,0.84
710,0,0.29
711,1,0.81
712,0,0.26
713,0,0.27
714,1,0.78
715,0,0.22
716,1,0.77
717,0,0.26
718,1,0.64
719,1,0.86
720,0,0.21
721,1,0.85
722,1,0.76
723,0,0.25
724,1,0.79
725,0,0.15
726,1,0.81
727,1,0.83
728,0,0.18
729,0,0.18
730,1,0.88
731,1,0.78
732,0,0.34
733,0,0.15
734,1,0.74
735,0,0.11
736,1,0.76
737,0,0.16
738,1,0.84
739,0,0.22
740,1,0.94
741,0,0.09
742,1,0.89
743,0,0.38
744,1,0.81
745,1,0.65
746,0,0.18
747,0,0.15
748,1,0.78
749,0,0.17
750,1,0.79
751,0,0.18
752,1,0.8
753,0,0.29
754,1,0.8
755,0,0.25
756,1,0.82
757,0,0.13
758,1,0.83
759,0,0.2
760,1,0.78
761,0,0.11
762,0,0.13
763,1,0.78
764,1,0.68
765,0,0.27
766,0,0.24
767,1,0.81
768,0,0.2
769,1,0.77
770,0,0.18
771,1,0.84
772,0,0.13
773,1,0.81
774,1,0.73
775,0,0.29
776,1,0.74
777,0,0.22
778,0,0.16
779,1,0.74
780,0,0.11
781,1,0.78
782,0,0.24
783,1,0.75
784,0,0.27
785,1,0.79
786,0,0.29
787,1,0.77
788,1,0.63
789,0,0.2
790,0,0.2
791,1,0.67
792,1,0.79
793,0,0.16
794,1,0.69
795,0,0.22
796,1,0.85
797,0,0.18
798,0,0.28
799,1,0.73
800,0,0.31
801,1,0.82
802,1,0.69
803,0,0.28
804,1,0.87
805,0,0.26
806,1,0.81
807,0,0.12
808,1,0.78
809,0,0.19
810,0,0.24
811,1,0.75
812,0,0.13
813,1,0.92
814,1,0.8
815,0,0.15
816,1,0.86
817,1,0.76
818,0,0.26
819,1,0.82
820,0,0.23
821,0,0.26
822,1,0.74
823,0,0.28
824,1,0.84
825,0,0.13
826,1,0.89
827,0,0.24
828,1,0.84
829,1,0.79
830,0,0.24
831,1,0.79
832,0,0.28
833,1,0.76
834,0,0.25
835,0,0.11
836,1,0.94
837,1,0.72
838,0,0.11
839,0,0.27
840,1,0.88
841,0,0.13
842,1,0.78
843,1,0.8
844,0,0.29
845,1,0.74
846,0,0.2
847,0,0.26
848,1,0.68
849,0,0.33
850,1,0.76
851,1,0.74
852,0,0.14
853,0,0.21
854,1,0.85
855,0,0.21
856,1,0.75
857,0,0.21
858,1,0.74
859,0,0.24
860,1,0.84
861,0,0.3
862,1,0.77
863,1,0.79
864,0,0.13
865,1,0.75
866,0,0.22
867,0,0.2
868,1,0.81
869,1,0.78
870,0,0.25
871,0,0.18
872,1,0.81
873,0,0.27
874,1,0.93
875,0,0.25
876,1,0.77
877,0,0.3
878,1,0.72
879,1,0.7
880,0,0.3
881,1,0.73
882,0,0.21
883,0,0.27
884,1,0.81
885,1,0.88
886,0,0.23
887,1,0.79
888,0,0.22
889,0,0.24
890,1,0.71
891,0,0.24
892,1,0.76
893,0,0.29
894,1,0.71
895,0,0.18
896,1,0.82
897,1,0.73
898,0,0.21
899,0,0.24
900,1,0.83
901,0,0.22
902,1,0.76
903,0,0.15
904,1,0.93
905,1,0.76
906,0,0.29
907,1,0.76
908,0,0.17
909,1,0.76
910,0,0.22
911,1,0.76
912,0,0.28
913,1,0.75
914,0,0.23
915,1,0.82
916,0,0.15
917,0,0.33
918,1,0.78
919,1,0.81
920,0,0.25
921,1,0.78
922,0,0.35
923,0,0.19
924,1,0.75
925,0,0.2
926,1,0.83
927,0,0.13
928,1,0.83
929,0,0.11
930,1,0.76
931,1,0.78
932,0,0.13
933,0,0.22
934,1,0.78
935,1,0.74
936,0,0.23
937,1,0.77
938,0,0.1
939,1,0.86
940,0,0.17
941,0,0.23
942,1,0.81
943,0,0.14
944,1,0.84
945,0,0.21
946,1,0.81
947,1,0.84
948,0,0.13
949,0,0.18
950,1,0.83
951,1,0.79
952,0,0.2
953,1,0.85
954,0,0.17
955,1,0.85
956,0,0.17
957,1,0.81
958,0,0.26
959,1,0.9
960,0,0.14
961,1,0.84
962,0,0.16
963,0,0.17
964,1,0.76
965,0,0.16
966,1,0.84
967,0,0.25
968,1,0.72
969,0,0.25
970,1,0.78
971,0,0.27
972,1,0.83
973,0,0.18
974,1,0.83
975,0,0.17
976,1,0.74
977,1,0.86
978,0,0.22
979,0,0.25
980,1,0.76
981,0,0.18
982,1,0.79
983,0,0.29
984,1,0.76
985,1,0.81
986,0,0.1
987,1,0.8
988,0,0.28
989,0,0.27
990,1,0.74
991,0,0.21
992,1,0.82
993,0,0.16
994,1,0.8
995,0,0.28
996,1,0.76
997,1,0.73
998,0,0.18
999,0,0.29
1000,1,0.75
1001,1,0.9
1002,0,0.16
1003,0,0.14
1004,1,0.69
1005,0,0.19
1006,1,0.78
1007,1,0.84
1008,0,0.23
1009,1,0.88
1010,0,0.16
1011,0,0.36
1012,1,0.77
1013,0,0.11
1014,1,0.76
1015,0,0.18
1016,1,0.75
1017,1,0.94
1018,0,0.18
1019,1,0.78
1020,0,0.18
1021,1,0.92
1022,0,0.26
1023,0,0.18
1024,1,0.88
1025,0,0.07
1026,1,0.86
1027,1,0.94
1028,0,0.15
1029,1,0.76
1030,0,0.19
1031,0,0.31
1032,1,0.71
1033,0,0.13
1034,1,0.76
1035,1,0.87
1036,0,0.18
1037,1,0.78
1038,0,0.17
1039,0,0.24
1040,1,0.8
1041,1,0.77
1042,0,0.24
1043,1,0.85
1044,1,0.76
1045,0,0.27
1046,1,0.79
1047,0,0.34
1048,0,0.11
1049,1,0.77
1050,0,0.14
1051,1,0.76
1052,0,0.12
1053,1,0.9
1054,1,0.83
1055,0,0.29
1056,1,0.92
1057,0,0.17
1058,1,0.82
1059,0,0.3
1060,1,0.92
1061,0,0.11
1062,1,0.82
1063,0,0.28
1064,0,0.22
1065,1,0.75
1066,0,0.18
1067,1,0.84
1068,0,0.22
1069,1,0.8
1070,1,0.8
1071,0,0.16
1072,0,0.37
1073,1,0.72
1074,0,0.27
1075,1,0.74
1076,0,0.3
1077,1,0.8
1078,1,0.73
1079,0,0.24
1080,1,0.73
1081,0,0.21
1082,0,0.29
1083,1,0.67
1084,1,0.76
1085,0,0.15
1086,1,0.74
1087,0,0.36
1088,0,0.16
1089,1,0.84
1090,1,0.79
1091,0,0.2
1092,1,0.7
1093,0,0.11
1094,0,0.24
1095,1,0.91
1096,1,0.74
1097,0,0.24
1098,0,0.27
1099,1,0.81
1100,0,0.25
1101,1,0.83
1102,0,0.13
1103,1,0.73
1104,0,0.2
1105,1,0.82
1106,1,0.73
1107,0,0.25
1108,1,0.79
1109,0,0.17
1110,0,0.16
1111,1,0.78
1112,0,0.12
1113,1,0.78
1114,0,0.18
1115,1,0.84
1116,0,0.23
1117,1,0.81
1118,0,0.13
1119,1,0.85
1120,0,0.09
1121,1,0.79
1122,0,0.16
1123,1,0.83
1124,1,0.71
1125,0,0.22
1126,1,0.86
1127,1,0.87
1128,0,0.09
1129,0,0.3
1130,1,0.92
1131,0,0.28
1132,1,0.86
1133,0,0.28
1134,1,0.8
1135,0,0.19
1136,1,0.92
1137,0,0.19
1138,1,0.76
1139,0,0.23
1140,1,0.82
1141,0,0.31
1142,1,0.72
1143,1,0.76
1144,0,0.25
1145,0,0.17
1146,1,0.84
1147,1,0.8
1148,0,0.29
1149,1,0.82
1150,0,0.26
1151,1,0.66
1152,0,0.29
1153,0,0.28
1154,1,0.77
1155,1,0.78
1156,0,0.27
1157,0,0.23
1158,1,0.79
1159,1,0.73
1160,0,0.29
1161,1,0.81
1162,0,0.26
1163,1,0.8
1164,0,0.21
1165,0,0.13
1166,1,0.99
1167,0,0.1
1168,1,0.89
1169,0,0.21
1170,1,0.73
1171,0,0.22
1172,1,0.65
1173,0,0.16
1174,1,0.69
1175,1,0.67
1176,0,0.26
1177,1,0.74
1178,0,0.23
1179,0,0.16
1180,1,0.77
1181,0,0.15
1182,1,0.88
1183,1,0.83
1184,0,0.16
1185,1,0.8
1186,0,0.27
1187,0,0.13
1188,1,0.77
1189,1,0.76
1190,0,0.26
1191,1,0.7
1192,0,0.14
1193,1,0.68
1194,0,0.24
1195,1,0.76
1196,0,0.41
1197,0,0.21
1198,1,0.72
1199,1,0.78
1200,0,0.19
1201,0,0.16
1202,1,0.87
1203,0,0.18
1204,1,0.85
1205,1,0.81
1206,0,0.25
1207,0,0.09
1208,1,0.76
1209,0,0.22
1210,1,0.86
1211,1,0.83
1212,0,0.28
1213,1,0.83
1214,0,0.18
1215,1,0.8
1216,0,0.26
1217,1,0.77
1218,0,0.22
1219,1,0.77
1220,0,0.19
1221,0,0.17
1222,1,0.75
1223,0,0.2
1224,1,0.81
1225,1,0.79
1226,0,0.28
1227,0,0.1
1228,1,0.78
1229,1,0.86
1230,0,0.19
1231,0,0.2
1232,1,0.89
1233,0,0.16
1234,1,0.72
1235,0,0.3
1236,1,0.76
1237,0,0.25
1238,1,0.75
1239,0,0.31
1240,1,0.84
1241,0,0.2
1242,1,0.81
1243,1,0.74
1244,0,0.3
1245,0,0.19
1246,1,0.86
1247,1,0.72
1248,0,0.3
1249,0,0.24
1250,1,0.77
1251,1,0.84
1252,0,0.13
1253,0,0.21
1254,1,0.68
1255,0,0.25
1256,1,0.78
1257,1,0.77
1258,0,0.23
1259,0,0.16
1260,1,0.8
1261,0,0.28
1262,1,0.82
1263,0,0.19
1264,1,0.84
1265,0,0.21
1266,1,0.7
1267,0,0.25
1268,1,0.75
1269,0,0.24
1270,1,0.83
1271,0,0.22
1272,1,0.72
1273,0,0.32
1274,1,0.76
1275,0,0.21
1276,1,0.82
1277,1,0.76
1278,0,0.3
1279,1,0.75
1280,0,0.13
1281,1,0.88
1282,0,0.12
1283,1,0.78
1284,0,0.21
1285,1,0.83
1286,0,0.1
1287,0,0.27
1288,1,0.75
1289,0,0.35
1290,1,0.84
1291,1,0.81
1292,0,0.23
1293,1,0.8
1294,0,0.25
1295,0,0.27
1296,1,0.73
1297,1,0.75
1298,0,0.22
1299,0,0.23
1300,1,0.7
1301,0,0.21
1302,1,0.86
1303,1,0.84
1304,0,0.19
1305,0,0.29
1306,1,0.72
1307,1,0.9
1308,0,0.05
1309,1,0.76
1310,0,0.15
1311,0,0.21
1312,1,0.83
1313,0,0.23
1314,1,0.82
1315,0,0.18
1316,1,0.8
1317,0,0.28
1318,1,0.78
1319,0,0.23
1320,1,0.81
1321,1,0.78
1322,0,0.2
1323,1,0.7
1324,0,0.16
1325,1,0.79
1326,0,0.27
1327,1,0.86
1328,0,0.2
1329,1,0.83
1330,0,0.2
1331,0,0.23
1332,1,0.71
1333,1,0.9
1334,0,0.18
1335,1,0.85
1336,0,0.21
1337,1,0.81
1338,0,0.25
1339,0,0.23
1340,1,0.73
1341,0,0.12
1342,1,0.79
1343,0,0.06
1344,1,0.75
1345,1,0.71
1346,0,0.26
1347,1,0.6
1348,0,0.19
1349,1,0.88
1350,0,0.16
1351,0,0.12
1352,1,0.81
1353,1,0.94
1354,0,0.12
1355,0,0.12
1356,1,0.84
1357,0,0.13
1358,1,0.8
1359,0,0.23
1360,1,0.71
1361,0,0.3
1362,1,0.8
1363,0,0.25
1364,1,0.79
1365,0,0.24
1366,1,0.8
1367,1,0.81
1368,0,0.21
1369,1,0.73
1370,0,0.23
1371,0,0.23
1372,1,0.74
1373,0,0.2
1374,1,0.73
1375,0,0.18
1376,1,0.78
1377,1,0.75
1378,0,0.25
1379,1,0.75
1380,0,0.3
1381,0,0.18
1382,1,0.78
1383,1,0.75
1384,0,0.28
1385,1,0.82
1386,0,0.28
1387,1,0.87
1388,0,0.22
1389,0,0.15
1390,1,0.9
1391,0,0.21
1392,1,0.79
1393,1,0.73
1394,0,0.29
1395,0,0.33
1396,1,0.77
1397,1,0.79
1398,0,0.22
1399,0,0.15
1400,1,0.81
1401,0,0.26
1402,1,0.83
1403,1,0.77
1404,0,0.24
1405,1,0.76
1406,1,0.74
1407,0,0.17
1408,0,0.33
1409,1,0.8
1410,1,0.84
1411,0,0.28
1412,1,0.82
1413,0,0.22
1414,1,0.78
1415,0,0.34
1416,1,0.77
1417,0,0.27
1418,1,0.69
1419,0,0.2
1420,1,0.92
1421,0,0.29
1422,1,0.82
1423,1,0.8
1424,0,0.24
1425,1,0.81
1426,0,0.22
1427,0,0.26
1428,1,0.79
1429,1,0.78
1430,0,0.22
1431,0,0.2
1432,1,0.82
1433,1,0.86
1434,0,0.21
1435,0,0.23
1436,1,0.78
1437,0,0.18
1438,1,0.75
1439,0,0.28
1440,1,0.81
1441,1,0.76
1442,0,0.26
1443,1,0.81
1444,0,0.2
1445,0,0.25
1446,1,0.77
1447,1,0.71
1448,0,0.2
1449,0,0.16
1450,1,0.84
1451,1,0.76
1452,0,0.18
1453,0,0.21
1454,1,0.82
1455,1,0.64
1456,0,0.26
1457,1,0.78
1458,0,0.21
1459,1,0.77
1460,0,0.25
1461,0,0.14
1462,1,0.91
1463,0,0.15
1464,1,0.85
1465,1,0.8
1466,0,0.24
1467,0,0.25
1468,1,0.75
1469,0,0.29
1470,1,0.91
1471,0,0.24
1472,1,0.66
1473,0,0.24
1474,1,0.81
1475,1,0.78
1476,0,0.22
1477,1,0.83
1478,0,0.18
1479,1,0.74
1480,0,0.2
1481,1,0.76
1482,0,0.21
1483,0,0.24
1484,1,0.76
1485,1,0.8
1486,0,0.29
1487,0,0.18
1488,1,0.75
1489,0,0.15
1490,1,0.75
1491,0,0.19
1492,1,0.77
1493,0,0.28
1494,1,0.82
1495,1,0.88
1496,0,0.21
1497,1,0.8
1498,0,0.28
1499,1,0.78
1500,0,0.24
1501,0,0.24
1502,1,0.79
1503,0,0.23
1504,1,0.69
1505,1,0.85
1506,0,0.18
1507,0,0.31
1508,1,0.77
1509,1,0.69
1510,0,0.32
1511,0,0.25
1512,1,0.84
1513,0,0.25
1514,1,0.74
1515,1,0.79
1516,0,0.24
1517,1,0.87
1518,0,0.32
1519,1,0.79
1520,0,0.22
1521,1,0.81
1522,0,0.29
1523,0,0.24
1524,1,0.8
1525,0,0.16
1526,1,0.84
1527,1,0.94
1528,0,0.2
1529,0,0.13
1530,1,0.77
1531,1,0.75
1532,0,0.22
1533,1,0.78
1534,0,0.24
1535,1,0.8
1536,0,0.17
1537,1,0.83
1538,0,0.16
1539,0,0.26
1540,1,0.66
1541,1,0.74
1542,0,0.25
1543,0,0.27
1544,1,0.74
1545,1,0.81
1546,0,0.21
1547,0,0.18
1548,1,0.9
1549,1,0.75
1550,0,0.23
1551,0,0.2
1552,1,0.74
1553,0,0.15
1554,1,0.8
1555,1,0.74
1556,0,0.18
1557,1,0.79
1558,0,0.22
1559,0,0.24
1560,1,0.72
1561,0,0.17
1562,1,0.75
1563,0,0.15
1564,1,0.93
1565,0,0.11
1566,1,0.71
1567,1,0.79
1568,0,0.27
1569,0,0.22
1570,1,0.81
1571,1,0.76
1572,0,0.21
1573,0,0.19
1574,1,0.7
1575,1,0.78
1576,0,0.22
1577,1,0.82
1578,0,0.24
1579,1,0.81
1580,0,0.11
1581,1,0.77
1582,0,0.24
1583,1,0.79
1584,0,0.17
1585,0,0.18
1586,1,0.78
1587,0,0.21
1588,1,0.73
1589,0,0.24
1590,1,0.83
1591,0,0.24
1592,1,0.8
1593,1,0.87
1594,0,0.23
1595,1,0.82
1596,0,0.26
1597,0,0.3
1598,1,0.78
1599,1,0.76
1600,0,0.31
1601,1,0.66
1602,0,0.2
1603,1,0.79
1604,0,0.21
1605,1,0.66
1606,0,0.23
1607,0,0.31
1608,1,0.74
1609,1,0.72
1610,0,0.2
1611,0,0.23
1612,1,0.81
1613,0,0.29
1614,1,0.75
1615,0,0.18
1616,1,0.94
1617,1,0.76
1618,0,0.25
1619,1,0.74
1620,0,0.25
1621,0,0.19
1622,1,0.71
1623,0,0.28
1624,1,0.85
1625,0,0.34
1626,1,0.71
1627,0,0.27
1628,1,0.75
1629,1,0.83
1630,0,0.22
1631,0,0.15
1632,1,0.75
1633,0,0.14
1634,1,0.79
1635,0,0.28
1636,1,0.79
1637,0,0.23
1638,1,0.79
1639,0,0.3
1640,1,0.82
1641,0,0.14
1642,1,0.71
1643,1,0.65
1644,0,0.19
1645,1,0.82
1646,0,0.27
1647,0,0.25
1648,1,0.85
1649,1,0.81
1650,0,0.2
1651,0,0.22
1652,1,0.68
1653,1,0.76
1654,0,0.18
1655,1,0.68
1656,0,0.21
1657,1,0.83
1658,0,0.18
1659,0,0.2
1660,1,0.72
1661,0,0.24
1662,1,0.84
1663,1,0.77
1664,0,0.15
1665,0,0.22
1666,1,0.75
1667,1,0.74
1668,0,0.17
1669,1,0.8
1670,0,0.13
1671,1,0.77
1672,0,0.22
1673,1,0.75
1674,0,0.24
1675,0,0.22
1676,1,0.72
1677,1,0.81
1678,0,0.18
1679,1,0.74
1680,0,0.19
1681,1,0.89
1682,0,0.2
1683,1,0.75
1684,0,0.28
1685,1,0.82
1686,0,0.3
1687,1,0.71
1688,0,0.26
1689,1,0.76
1690,1,0.67
1691,0,0.23
1692,0,0.14
1693,1,0.87
1694,1,0.82
1695,0,0.25
1696,1,0.79
1697,0,0.14
1698,0,0.08
1699,1,0.82
1700,1,0.93
1701,0,0.24
1702,1,0.69
1703,0,0.15
1704,1,0.84
1705,0,0.22
1706,1,0.89
1707,0,0.21
1708,1,0.89
1709,0,0.15
1710,0,0.13
1711,1,0.74
1712,1,0.84
1713,0,0.14
1714,0,0.13
1715,1,0.92
1716,1,0.74
1717,0,0.14
1718,0,0.19
1719,1,0.81
1720,1,0.88
1721,0,0.18
1722,0,0.28
1723,1,0.74
1724,1,0.81
1725,0,0.07
1726,0,0.23
1727,1,0.77
1728,0,0.16
1729,1,0.95
1730,0,0.29
1731,1,0.77
1732,1,0.82
1733,0,0.31
1734,1,0.83
1735,0,0.29
1736,0,0.28
1737,1,0.83
1738,1,0.78
1739,0,0.18
1740,1,0.85
1741,0,0.36
1742,1,0.84
1743,0,0.15
1744,1,0.74
1745,0,0.26
1746,0,0.23
1747,1,0.72
1748,0,0.16
1749,1,0.7
1750,1,0.73
1751,0,0.22
1752,1,0.86
1753,0,0.19
1754,1,0.84
1755,0,0.21
1756,0,0.2
1757,1,0.86
1758,0,0.24
1759,1,0.72
1760,0,0.24
1761,1,0.81
1762,1,0.76
1763,0,0.28
1764,0,0.28
1765,1,0.77
1766,1,0.77
1767,0,0.25
1768,1,0.77
1769,0,0.12
1770,0,0.2
1771,1,0.8
1772,1,0.72
1773,0,0.33
1774,1,0.82
1775,0,0.25
1776,0,0.2
1777,0,0.22
1778,1,0.73
1779,0,0.21
1780,1,0.8
1781,1,0.75
1782,0,0.37
1783,1,0.74
1784,0,0.25
1785,0,0.24
1786,1,0.77
1787,1,0.87
1788,0,0.27
1789,1,0.77
1790,0,0.23
1791,1,0.79
1792,0,0.19
1793,0,0.21
1794,1,0.86
1795,1,0.85
1796,0,0.29
1797,1,0.79
1798,0,0.23
1799,1,0.68
1800,0,0.28
1801,0,0.25
1802,1,0.81
1803,1,0.78
1804,0,0.09
1805,1,0.79
1806,0,0.18
1807,0,0.15
1808,1,0.83
1809,0,0.09
1810,1,0.83
1811,1,0.64
1812,0,0.17
1813,1,0.85
1814,0,0.17
1815,0,0.06
1816,1,0.77
1817,0,0.28
1818,1,0.79
1819,0,0.2
1820,1,0.77
1821,1,0.74
1822,0,0.26
1823,0,0.19
1824,1,0.81
1825,1,0.8
1826,0,0.29
1827,0,0.32
1828,1,0.78
1829,0,0.23
1830,1,0.79
1831,0,0.33
1832,1,0.8
1833,1,0.77
1834,0,0.34
1835,0,0.2
1836,1,0.8
1837,0,0.3
1838,1,0.82
1839,0,0.31
1840,1,0.83
1841,1,0.78
1842,0,0.19
1843,1,0.81
1844,0,0.25
1845,0,0.27
1846,1,0.86
1847,1,0.72
1848,0,0.26
1849,0,0.22
1850,1,0.74
1851,1,0.73
1852,0,0.18
1853,0,0.14
1854,1,0.77
1855,0,0.2
1856,1,0.82
1857,0,0.1
1858,1,0.77
1859,0,0.24
1860,1,0.82
1861,1,0.86
1862,0,0.22
1863,1,0.7
1864,0,0.22
1865,1,0.8
1866,0,0.12
1867,1,0.82
1868,0,0.16
1869,1,0.79
1870,0,0.35
1871,1,0.67
1872,0,0.26
1873,1,0.73
1874,0,0.25
1875,1,0.68
1876,0,0.18
1877,1,0.63
1878,0,0.22
1879,1,0.79
1880,0,0.17
1881,0,0.08
1882,1,0.79
1883,0,0.26
1884,1,0.67
1885,0,0.25
1886,1,0.87
1887,1,0.68
1888,0,0.35
1889,0,0.16
1890,1,0.84
1891,0,0.19
1892,1,0.8
1893,1,0.85
1894,0,0.21
1895,0,0.2
1896,1,0.79
1897,0,0.28
1898,1,0.83
1899,0,0.13
1900,1,0.89
1901,1,0.83
1902,0,0.26
1903,0,0.09
1904,1,0.74
1905,0,0.2
1906,1,0.81
1907,1,0.86
1908,0,0.17
1909,1,0.79
1910,0,0.33
1911,0,0.22
1912,1,0.7
1913,1,0.8
1914,0,0.26
1915,1,0.71
1916,0,0.23
1917,0,0.28
1918,1,0.75
1919,0,0.14
1920,1,0.7
1921,0,0.22
1922,1,0.84
1923,0,0.2
1924,1,0.74
1925,1,0.85
1926,0,0.11
1927,1,0.92
1928,0,0.26
1929,0,0.2
1930,1,0.79
1931,0,0.25
1932,1,0.67
1933,0,0.2
1934,1,0.89
1935,0,0.26
1936,1,0.79
1937,0,0.1
1938,0,0.13
1939,1,0.83
1940,1,0.84
1941,1,0.91
1942,0,0.22
1943,1,0.68
1944,0,0.18
1945,1,0.85
1946,0,0.2
1947,0,0.12
1948,1,0.84
1949,1,0.7
1950,0,0.13
1951,0,0.26
1952,1,0.86
1953,0,0.16
1954,1,0.76
1955,0,0.14
1956,1,0.87
1957,1,0.85
1958,0,0.17
1959,1,0.81
1960,0,0.22
1961,0,0.17
1962,1,0.92
1963,1,0.82
1964,0,0.24
1965,1,0.84
1966,0,0.22
1967,0,0.24
1968,1,0.73
1969,1,0.76
1970,0,0.32
1971,0,0.2
1972,1,0.85
1973,0,0.15
1974,1,0.84
1975,1,0.73
1976,0,0.24
1977,0,0.23
1978,0,0.27
1979,1,0.73
1980,1,0.76
1981,0,0.23
1982,1,0.73
1983,0,0.21
1984,1,0.74
1985,0,0.24
1986,0,0.23
1987,1,0.79
1988,1,0.71
1989,0,0.25
1990,0,0.31
1991,1,0.74
1992,0,0.21
1993,1,0.83
1994,1,0.73
1995,0,0.16
1996,1,0.78
1997,0,0.29
1998,1,0.83
1999,0,0.25
2000,0,0.22
2001,1,0.77
2002,0,0.27
2003,1,0.78
2004,0,0.14
2005,1,0.79
2006,0,0.24
2007,1,0.88
2008,0,0.23
2009,1,0.69
2010,0,0.19
2011,1,0.74
2012,1,0.82
2013,0,0.29
2014,1,0.78
2015,0,0.28
2016,0,0.21
2017,1,0.78
2018,1,0.74
2019,0,0.34
2020,1,0.78
2021,0,0.28
2022,1,0.87
2023,0,0.27
2024,1,0.77
2025,1,0.77
2026,0,0.21
2027,1,0.7
2028,0,0.17
2029,0,0.36
2030,1,0.73
2031,0,0.22
2032,1,0.73
2033,1,0.8
2034,0,0.3
2035,0,0.14
2036,0,0.1
2037,1,0.78
2038,0,0.22
2039,1,0.75
2040,1,0.8
2041,0,0.2
2042,0,0.17
2043,1,0.74
2044,1,0.75
2045,0,0.21
2046,1,0.8
2047,0,0.23
2048,1,0.74
2049,0,0.14
2050,1,0.73
2051,0,0.21
2052,0,0.19
2053,1,0.76
2054,0,0.24
2055,1,0.74
2056,1,0.86
2057,0,0.2
2058,0,0.29
2059,1,0.83
2060,0,0.15
2061,1,0.77
2062,1,0.85
2063,0,0.15
2064,0,0.27
2065,1,0.78
2066,1,0.76
2067,0,0.22
2068,0,0.19
2069,1,0.82
2070,1,0.72
2071,0,0.27
2072,1,0.79
2073,0,0.2
2074,0,0.09
2075,1,0.85
2076,0,0.22
2077,1,0.74
2078,0,0.23
2079,1,0.77
2080,1,0.78
2081,0,0.3
2082,0,0.23
2083,1,0.74
2084,1,0.79
2085,0,0.31
2086,1,0.72
2087,0,0.18
2088,1,0.73
2089,0,0.26
2090,1,0.74
2091,0,0.18
2092,1,0.74
2093,0,0.16
2094,0,0.26
2095,1,0.82
2096,1,0.78
2097,0,0.27
2098,1,0.92
2099,0,0.28
2100,0,0.26
2101,1,0.77
2102,1,0.73
2103,0,0.21
2104,1,0.82
2105,0,0.25
2106,1,0.85
2107,0,0.18
2108,0,0.12
2109,1,0.67
2110,1,0.77
2111,0,0.22
2112,1,0.74
2113,0,0.27
2114,1,0.76
2115,0,0.28
2116,0,0.24
2117,1,0.79
2118,1,0.65
2119,0,0.13
2120,0,0.2
2121,1,0.81
2122,1,0.89
2123,1,0.84
2124,0,0.31
2125,1,0.74
2126,0,0.17
2127,1,0.67
2128,0,0.25
2129,0,0.16
2130,1,0.75
2131,0,0.18
2132,1,0.84
2133,1,0.76
2134,0,0.25
2135,1,0.86
2136,0,0.24
2137,0,0.37
2138,1,0.8
2139,0,0.17
2140,1,0.81
2141,0,0.15
2142,1,0.76
2143,1,0.9
2144,0,0.28
2145,0,0.16
2146,1,0.94
2147,0,0.33
2148,1,0.78
2149,1,0.9
2150,0,0.2
2151,0,0.12
2152,1,0.87
2153,0,0.26
2154,1,0.75
2155,0,0.22
2156,1,0.81
2157,1,0.77
2158,0,0.25
2159,1,0.73
2160,0,0.15
2161,0,0.28
2162,1,0.72
2163,0,0.2
2164,1,0.74
2165,1,0.8
2166,0,0.2
2167,1,0.85
2168,0,0.19
2169,1,0.93
2170,0,0.16
2171,1,0.86
2172,0,0.25
2173,1,0.88
2174,0,0.21
2175,0,0.08
2176,1,0.76
2177,1,0.74
2178,0,0.2
2179,0,0.22
2180,1,0.75
2181,1,0.75
2182,0,0.16
2183,1,0.78
2184,0,0.25
2185,0,0.2
2186,1,0.76
2187,1,0.68
2188,0,0.18
2189,1,0.79
2190,0,0.28
2191,1,0.86
2192,0,0.23
2193,0,0.25
2194,1,0.75
2195,0,0.24
2196,1,0.92
2197,1,0.76
2198,0,0.22
2199,1,0.82
2200,0,0.18
2201,0,0.32
2202,1,0.76
2203,1,0.81
2204,0,0.3
2205,0,0.19
2206,1,0.73
2207,1,0.73
2208,0,0.28
2209,1,0.87
2210,0,0.15
2211,0,0.33
2212,1,0.71
2213,1,0.84
2214,0,0.15
2215,0,0.21
2216,1,0.84
2217,1,0.71
2218,0,0.32
2219,0,0.19
2220,1,0.81
2221,0,0.2
2222,1,0.79
2223,0,0.24
2224,1,0.8
2225,1,0.73
2226,0,0.24
2227,1,0.72
2228,0,0.33
2229,1,0.77
2230,0,0.15
2231,1,0.76
2232,0,0.26
2233,0,0.26
2234,1,0.81
2235,1,0.85
2236,0,0.18
2237,1,0.73
2238,0,0.27
2239,0,0.11
2240,1,0.73
2241,0,0.17
2242,1,0.88
2243,0,0.18
2244,0,0.26
2245,1,0.76
2246,1,0.67
2247,0,0.21
2248,1,0.81
2249,0,0.18
2250,0,0.3
2251,1,0.69
2252,0,0.19
2253,1,0.76
2254,1,0.76
2255,0,0.09
2256,1,0.85
2257,0,0.15
2258,0,0.29
2259,1,0.72
2260,0,0.12
2261,1,0.73
2262,0,0.23
2263,1,0.78
2264,0,0.23
2265,1,0.86
2266,1,0.76
2267,0,0.27
2268,0,0.18
2269,1,0.91
2270,1,0.72
2271,0,0.3
2272,0,0.16
2273,1,0.69
2274,1,0.73
2275,0,0.25
2276,1,0.72
2277,0,0.18
2278,0,0.21
2279,1,0.67
2280,1,0.75
2281,0,0.22
2282,0,0.14
2283,1,0.81
2284,0,0.24
2285,1,0.81
2286,1,0.8
2287,0,0.24
2288,0,0.25
2289,1,0.79
2290,1,0.74
2291,0,0.24
2292,1,0.82
2293,0,0.27
2294,0,0.18
2295,1,0.78
2296,0,0.28
2297,1,0.89
2298,0,0.11
2299,1,0.62
2300,1,0.7
2301,0,0.19
2302,0,0.32
2303,1,0.71
2304,0,0.09
2305,1,0.73
2306,0,0.24
2307,1,0.71
2308,0,0.15
2309,1,0.73
2310,1,0.87
2311,0,0.19
2312,1,0.68
2313,0,0.27
2314,0,0.14
2315,1,0.85
2316,1,0.82
2317,0,0.18
2318,1,0.72
2319,0,0.18
2320,1,0.77
2321,0,0.28
2322,1,0.83
2323,0,0.19
2324,1,0.64
2325,0,0.25
2326,0,0.16
2327,1,0.9
2328,0,0.25
2329,1,0.72
2330,0,0.22
2331,1,0.85
2332,0,0.21
2333,1,0.77
2334,0,0.23
2335,1,0.77
2336,1,0.74
2337,0,0.17
2338,0,0.26
2339,1,0.85
2340,0,0.2
2341,1,0.76
2342,0,0.13
2343,1,0.75
2344,0,0.24
2345,1,0.86
2346,1,0.68
2347,0,0.27
2348,0,0.11
2349,1,0.92
2350,0,0.2
2351,1,0.78
2352,1,0.84
2353,0,0.22
2354,0,0.19
2355,1,0.73
2356,0,0.28
2357,1,0.77
2358,0,0.19
2359,1,0.77
2360,1,0.9
2361,0,0.12
2362,0,0.2
2363,1,0.81
2364,0,0.11
2365,1,0.9
2366,0,0.26
2367,1,0.85
2368,1,0.75
2369,0,0.25
2370,0,0.12
2371,1,0.82
2372,1,0.69
2373,0,0.29
2374,0,0.15
2375,1,0.74
2376,0,0.22
2377,1,0.75
2378,0,0.16
2379,1,0.81
2380,0,0.26
2381,1,0.81
2382,1,0.81
2383,0,0.26
2384,0,0.25
2385,1,0.82
2386,0,0.21
2387,1,0.73
2388,0,0.19
2389,1,0.76
2390,1,0.78
2391,0,0.18
2392,1,0.87
2393,0,0.21
2394,0,0.22
2395,1,0.81
2396,0,0.31
2397,1,0.77
2398,0,0.22
2399,1,0.82
2400,0,0.13
2401,1,0.87
2402,0,0.26
2403,1,0.8
2404,0,0.22
2405,1,0.83
2406,1,0.74
2407,0,0.27
2408,0,0.12
2409,1,0.72
2410,0,0.22
2411,1,0.85
2412,1,0.7
2413,0,0.21
2414,0,0.21
2415,1,0.69
2416,0,0.15
2417,1,0.72
2418,0,0.25
2419,1,0.73
2420,0,0.11
2421,1,0.96
2422,0,0.29
2423,1,0.72
2424,1,0.92
2425,0,0.2
2426,1,0.78
2427,0,0.13
2428,0,0.19
2429,1,0.74
2430,1,0.81
2431,0,0.25
2432,1,0.69
2433,0,0.18
2434,0,0.08
2435,1,0.72
2436,1,0.81
2437,0,0.39
2438,1,0.73
2439,0,0.15
2440,0,0.16
2441,1,0.8
2442,1,0.72
2443,0,0.26
2444,0,0.18
2445,1,0.85
2446,0,0.24
2447,1,0.72
2448,1,0.85
2449,0,0.26
2450,0,0.1
2451,1,0.81
2452,0,0.21
2453,1,0.84
2454,0,0.33
2455,1,0.81
2456,0,0.28
2457,1,0.77
2458,1,0.72
2459,0,0.24
2460,0,0.25
2461,1,0.78
2462,1,0.74
2463,0,0.27
2464,1,0.78
2465,0,0.16
2466,1,0.62
2467,0,0.25
2468,0,0.2
2469,1,0.79
2470,1,0.74
2471,0,0.26
2472,1,0.7
2473,0,0.26
2474,1,0.82
2475,0,0.27
2476,0,0.28
2477,1,0.8
2478,1,0.9
2479,0,0.27
2480,0,0.28
2481,1,0.79
2482,1,0.72
2483,0,0.16
2484,0,0.17
2485,1,0.85
2486,0,0.11
2487,1,0.78
2488,1,0.69
2489,0,0.19
2490,1,0.71
2491,0,0.15
2492,1,0.69
2493,0,0.25
2494,1,0.79
2495,0,0.21
2496,0,0.22
2497,1,0.88
2498,1,0.85
2499,0,0.22
2500,1,0.74
2501,1,0.87
2502,0,0.15
2503,0,0.31
2504,1,0.67
2505,1,0.72
2506,0,0.28
2507,0,0.19
2508,1,0.77
2509,0,0.21
2510,1,0.7
2511,1,0.73
2512,0,0.22
2513,0,0.22
2514,1,0.84
2515,0,0.09
2516,1,0.82
2517,1,0.72
2518,0,0.26
2519,0,0.17
2520,1,0.7
2521,0,0.12
2522,1,0.94
2523,0,0.15
2524,1,0.91
2525,0,0.21
2526,1,0.91
2527,0,0.2
2528,1,0.76
2529,1,0.81
2530,0,0.21
2531,0,0.21
2532,1,0.8
2533,0,0.28
2534,1,0.78
2535,1,0.76
2536,0,0.2
2537,0,0.24
2538,1,0.87
2539,1,0.81
2540,0,0.19
2541,0,0.21
2542,1,0.74
2543,1,0.94
2544,0,0.26
2545,1,0.72
2546,0,0.2
2547,0,0.25
2548,1,0.75
2549,1,0.68
2550,0,0.29
2551,0,0.23
2552,1,0.85
2553,0,0.19
2554,1,0.71
2555,1,0.88
2556,0,0.21
2557,1,0.75
2558,0,0.16
2559,0,0.16
2560,1,0.86
2561,1,0.81
2562,0,0.18
2563,0,0.15
2564,1,0.82
2565,0,0.18
2566,1,0.68
2567,0,0.15
2568,1,0.82
2569,0,0.3
2570,1,0.69
2571,0,0.16
2572,1,0.89
2573,1,0.63
2574,0,0.19
2575,0,0.12
2576,1,0.84
2577,0,0.22
2578,1,0.73
2579,1,0.76
2580,0,0.21
2581,0,0.2
2582,1,0.7
2583,1,0.83
2584,0,0.26
2585,1,0.9
2586,1,0.83
2587,0,0.32
2588,1,0.79
2589,0,0.31
2590,0,0.31
2591,1,0.78
2592,1,0.78
2593,0,0.23
2594,0,0.22
2595,1,0.82
2596,0,0.23
2597,1,0.79
2598,1,0.72
2599,0,0.27
2600,0,0.26
2601,1,0.71
2602,1,0.69
2603,0,0.22
2604,1,0.76
2605,0,0.27
2606,0,0.32
2607,1,0.8
2608,0,0.21
2609,1,0.81
2610,1,0.65
2611,0,0.14
2612,0,0.28
2613,1,0.79
2614,0,0.19
2615,1,0.83
2616,1,0.74
2617,0,0.25
2618,1,0.76
2619,0,0.33
2620,0,0.24
2621,1,0.72
2622,1,0.68
2623,0,0.21
2624,1,0.83
2625,0,0.15
2626,0,0.15
2627,1,0.83
2628,1,0.88
2629,0,0.2
2630,1,0.81
2631,0,0.1
2632,1,0.72
2633,1,0.91
2634,0,0.25
2635,1,0.86
2636,0,0.18
2637,0,0.2
2638,1,0.95
2639,0,0.22
2640,0,0.32
2641,1,0.74
2642,0,0.22
2643,1,0.76
2644,1,0.73
2645,0,0.24
2646,0,0.17
2647,1,0.85
2648,0,0.32
2649,1,0.82
2650,1,0.7
2651,0,0.19
2652,0,0.08
2653,1,0.78
2654,0,0.11
2655,1,0.8
2656,0,0.18
2657,1,0.74
2658,1,0.64
2659,0,0.25
2660,0,0.15
2661,1,0.81
2662,1,0.79
2663,0,0.26
2664,0,0.18
2665,1,0.79
2666,1,0.77
2667,0,0.15
2668,1,0.85
2669,0,0.2
2670,1,0.75
2671,0,0.24
2672,0,0.2
2673,1,0.71
2674,1,0.79
2675,0,0.16
2676,1,0.69
2677,0,0.23
2678,1,0.66
2679,0,0.19
2680,0,0.33
2681,1,0.72
2682,1,0.74
2683,0,0.3
2684,0,0.2
2685,1,0.69
2686,1,0.73
2687,0,0.16
2688,1,0.72
2689,0,0.25
2690,0,0.23
2691,1,0.7
2692,1,0.75
2693,0,0.33
2694,1,0.9
2695,0,0.17
2696,0,0.13
2697,1,0.84
2698,1,0.94
2699,0,0.11
2700,1,0.91
2701,0,0.26
2702,1,0.85
2703,0,0.23
2704,1,0.9
2705,0,0.2
2706,1,0.72
2707,0,0.22
2708,0,0.16
2709,1,0.93
2710,0,0.29
2711,1,0.73
2712,1,0.93
2713,0,0.18
2714,0,0.26
2715,1,0.71
2716,0,0.18
2717,1,0.8
2718,0,0.27
2719,1,0.76
2720,1,0.79
2721,0,0.21
2722,1,0.82
2723,0,0.22
2724,0,0.32
2725,1,0.84
2726,0,0.31
2727,1,0.76
2728,0,0.25
2729,1,0.77
2730,0,0.19
2731,1,0.76
2732,1,0.72
2733,0,0.25
2734,1,0.82
2735,0,0.18
2736,0,0.31
2737,1,0.82
2738,1,0.84
2739,0,0.31
2740,1,0.79
2741,0,0.36
2742,0,0.32
2743,1,0.8
2744,1,0.85
2745,0,0.2
2746,1,0.74
2747,0,0.36
2748,1,0.71
2749,0,0.35
2750,1,0.87
2751,0,0.17
2752,1,0.73
2753,0,0.24
2754,1,0.87
2755,0,0.17
2756,0,0.15
2757,1,0.74
2758,1,0.78
2759,0,0.26
2760,0,0.19
2761,1,0.76
2762,1,0.86
2763,0,0.16
2764,1,0.74
2765,0,0.22
2766,1,0.78
2767,0,0.37
2768,1,0.82
2769,0,0.26
2770,0,0.1
2771,1,0.83
2772,0,0.23
2773,1,0.84
2774,1,0.92
2775,0,0.14
2776,1,0.73
2777,0,0.22
2778,1,0.69
2779,0,0.22
2780,1,0.79
2781,0,0.2
2782,1,0.88
2783,0,0.19
2784,1,0.87
2785,0,0.26
2786,0,0.25
2787,1,0.69
2788,0,0.14
2789,1,0.79
2790,1,0.76
2791,0,0.18
2792,1,0.83
2793,0,0.17
2794,0,0.26
2795,1,0.78
2796,0,0.15
2797,1,0.71
2798,0,0.24
2799,1,0.86
2800,0,0.25
2801,1,0.78
2802,0,0.23
2803,1,0.71
2804,1,0.73
2805,0,0.31
2806,1,0.64
2807,0,0.24
2808,1,0.89
2809,0,0.24
2810,1,0.79
2811,0,0.26
2812,1,0.91
2813,0,0.31
2814,1,0.75
2815,0,0.22
2816,1,0.81
2817,0,0.27
2818,1,0.68
2819,0,0.2
2820,0,0.24
2821,1,0.76
2822,0,0.23
2823,1,0.84
2824,0,0.12
2825,1,0.86
2826,0,0.22
2827,0,0.18
2828,1,0.76
2829,1,0.86
2830,0,0.24
2831,1,0.85
2832,0,0.14
2833,0,0.13
2834,1,0.88
2835,0,0.28
2836,1,0.79
2837,1,0.89
2838,0,0.17
2839,0,0.17
2840,1,0.73
2841,0,0.16
2842,1,0.84
2843,0,0.28
2844,1,0.84
2845,0,0.2
2846,1,0.77
2847,1,0.71
2848,0,0.31
2849,0,0.14
2850,1,0.73
2851,0,0.14
2852,0,0.17
2853,1,0.76
2854,0,0.18
2855,1,0.76
2856,1,0.86
2857,0,0.26
2858,1,0.76
2859,0,0.21
2860,0,0.14
2861,1,0.74
2862,0,0.17
2863,1,0.86
2864,0,0.31
2865,1,0.79
2866,1,0.86
2867,0,0.15
2868,0,0.23
2869,1,0.91
2870,0,0.24
2871,1,0.8
2872,1,0.83
2873,0,0.24
2874,0,0.27
2875,1,0.75
2876,1,0.68
2877,0,0.23
2878,1,0.84
2879,0,0.19
2880,0,0.22
2881,1,0.8
2882,0,0.27
2883,1,0.79
2884,1,0.79
2885,0,0.28
2886,0,0.26
2887,1,0.8
2888,0,0.14
2889,0,0.27
2890,1,0.79
2891,1,0.73
2892,0,0.17
2893,0,0.18
2894,1,0.84
2895,0,0.08
2896,0,0.22
2897,1,0.81
2898,1,0.88
2899,0,0.19
2900,1,0.73
2901,0,0.12
2902,0,0.19
2903,1,0.92
2904,0,0.18
2905,1,0.82
2906,1,0.78
2907,0,0.13
2908,0,0.14
2909,1,0.73
2910,1,0.7
2911,0,0.3
2912,0,0.35
2913,1,0.78
2914,1,0.89
2915,0,0.2
2916,1,0.88
2917,0,0.13
2918,0,0.16
2919,1,0.77
2920,1,0.66
2921,0,0.34
2922,1,0.76
2923,0,0.15
2924,1,0.79
2925,0,0.27
2926,1,0.8
2927,0,0.18
2928,1,0.79
2929,0,0.31
2930,0,0.23
2931,1,0.83
2932,1,0.78
2933,0,0.35
2934,0,0.2
2935,1,0.82
2936,0,0.2
2937,1,0.73
2938,0,0.33
2939,1,0.8
2940,0,0.22
2941,1,0.87
2942,0,0.26
2943,1,0.83
2944,0,0.19
2945,1,0.88
2946,1,0.74
2947,0,0.19
2948,0,0.16
2949,1,0.72
2950,1,0.75
2951,0,0.22
2952,0,0.3
2953,1,0.89
2954,0,0.22
2955,1,0.76
2956,1,0.86
2957,0,0.18
2958,0,0.3
2959,1,0.8
2960,0,0.21
2961,1,0.74
2962,0,0.14
2963,1,0.83
2964,1,0.79
2965,0,0.25
2966,1,0.72
2967,0,0.22
2968,1,0.74
2969,0,0.28
2970,0,0.24
2971,1,0.68
2972,1,0.8
2973,0,0.22
2974,1,0.79
2975,0,0.16
2976,0,0.21
2977,1,0.78
2978,0,0.19
2979,1,0.72
2980,1,0.81
2981,0,0.24
2982,0,0.19
2983,1,0.78
2984,0,0.23
2985,1,0.71
2986,1,0.79
2987,0,0.23
2988,0,0.27
2989,1,0.7
2990,0,0.33
2991,1,0.76
2992,0,0.19
2993,1,0.77
2994,1,0.9
2995,0,0.21
2996,0,0.12
2997,1,0.81
2998,1,0.77
2999,1,0.77
3000,0,0.15
3001,1,0.77
3002,0,0.24
3003,0,0.23
3004,1,0.74
3005,0,0.26
3006,1,0.79
3007,0,0.21
3008,1,0.86
3009,1,0.71
3010,0,0.2
3011,1,0.77
3012,0,0.19
3013,1,0.84
3014,0,0.22
3015,1,0.78
3016,0,0.24
3017,1,0.8
3018,0,0.24
3019,0,0.3
3020,1,0.84
3021,0,0.19
3022,1,0.77
3023,0,0.23
3024,1,0.74
3025,0,0.16
3026,1,0.78
3027,1,0.85
3028,0,0.17
3029,1,0.74
3030,0,0.19
3031,1,0.74
3032,0,0.31
3033,0,0.2
3034,1,0.76
3035,0,0.22
3036,1,0.9
3037,1,0.77
3038,0,0.27
3039,1,0.84
3040,0,0.21
3041,1,0.82
3042,0,0.21
3043,0,0.16
3044,1,0.8
3045,0,0.16
3046,1,0.74
3047,0,0.3
3048,1,0.84
3049,1,0.79
3050,0,0.16
3051,1,0.83
3052,0,0.22
3053,1,0.73
3054,0,0.18
3055,1,0.73
3056,0,0.28
3057,0,0.11
3058,1,0.76
3059,0,0.18
3060,1,0.76
3061,1,0.8
3062,0,0.16
3063,0,0.21
3064,1,0.78
3065,1,0.81
3066,0,0.22
3067,0,0.21
3068,1,0.8
3069,0,0.24
3070,1,0.78
3071,0,0.23
3072,1,0.87
3073,1,0.68
3074,0,0.25
3075,1,0.73
3076,0,0.18
3077,0,0.09
3078,1,0.87
3079,0,0.23
3080,1,0.78
3081,1,0.81
3082,0,0.21
3083,1,0.72
3084,0,0.22
3085,0,0.21
3086,1,0.91
3087,0,0.22
3088,1,0.74
3089,0,0.12
3090,1,0.82
3091,0,0.22
3092,1,0.88
3093,0,0.2
3094,1,0.73
3095,1,0.74
3096,0,0.21
3097,0,0.18
3098,1,0.72
3099,0,0.23
3100,1,0.71
3101,1,0.85
3102,0,0.12
3103,0,0.31
3104,1,0.78
3105,0,0.1
3106,1,0.77
3107,0,0.12
3108,0,0.21
3109,1,0.83
3110,1,0.71
3111,0,0.3
3112,1,0.71
3113,0,0.1
3114,0,0.32
3115,1,0.77
3116,1,0.76
3117,0,0.25
3118,0,0.07
3119,1,0.77
3120,0,0.09
3121,1,0.93
3122,0,0.08
3123,1,0.83
3124,1,0.75
3125,0,0.2
3126,1,0.78
3127,0,0.12
3128,0,0.28
3129,1,0.7
3130,0,0.23
3131,1,0.79
3132,0,0.15
3133,1,0.78
3134,1,0.73
3135,0,0.2
3136,0,0.25
3137,1,0.86
3138,0,0.11
3139,1,0.91
3140,0,0.14
3141,1,0.86
3142,1,0.75
3143,0,0.2
3144,0,0.11
3145,1,0.91
3146,1,0.75
3147,0,0.22
3148,1,0.82
3149,0,0.17
3150,0,0.31
3151,1,0.85
3152,1,0.73
3153,0,0.26
3154,1,0.72
3155,0,0.14
3156,1,0.72
3157,0,0.21
3158,0,0.22
3159,1,0.71
3160,0,0.22
3161,1,0.79
3162,0,0.26
3163,1,0.83
3164,1,0.79
3165,0,0.26
3166,0,0.32
3167,1,0.69
3168,0,0.28
3169,1,0.74
3170,1,0.89
3171,0,0.25
3172,1,0.75
3173,0,0.13
3174,1,0.76
3175,0,0.16
3176,1,0.83
3177,0,0.19
3178,0,0.19
3179,1,0.81
3180,1,0.71
3181,0,0.25
3182,1,0.73
3183,0,0.12
3184,0,0.08
3185,1,0.81
3186,1,0.9
3187,0,0.24
3188,1,0.89
3189,0,0.2
3190,1,0.9
3191,1,0.7
3192,0,0.29
3193,0,0.16
3194,1,0.78
3195,0,0.29
3196,1,0.77
3197,0,0.19
3198,1,0.77
3199,0,0.2
3200,1,0.77
3201,1,0.8
3202,0,0.25
3203,1,0.85
3204,0,0.21
3205,0,0.14
3206,1,0.8
3207,0,0.18
3208,1,0.79
3209,1,0.73
3210,0,0.17
3211,0,0.17
3212,1,0.88
3213,1,0.69
3214,0,0.31
3215,0,0.1
3216,1,0.84
3217,1,0.92
3218,0,0.18
3219,1,0.85
3220,0,0.17
3221,1,0.74
3222,0,0.15
3223,0,0.14
3224,1,0.79
3225,0,0.25
3226,1,0.76
3227,1,0.77
3228,0,0.18
3229,1,0.8
3230,0,0.2
3231,0,0.18
3232,1,0.78
3233,0,0.16
3234,1,0.85
3235,1,0.75
3236,0,0.28
3237,1,0.81
3238,0,0.15
3239,0,0.2
3240,1,0.86
3241,0,0.23
3242,1,0.68
3243,1,0.73
3244,0,0.36
3245,0,0.22
3246,1,0.81
3247,0,0.18
3248,1,0.78
3249,0,0.3
3250,0,0.24
3251,1,0.76
3252,1,0.76
3253,0,0.16
3254,0,0.05
3255,0,0.25
3256,1,0.82
3257,0,0.14
3258,1,0.85
3259,0,0.22
3260,1,0.78
3261,1,0.81
3262,0,0.26
3263,1,0.78
3264,0,0.26
3265,0,0.13
3266,1,0.88
3267,0,0.13
3268,1,0.88
3269,0,0.14
3270,1,0.82
3271,1,0.92
3272,0,0.19
3273,0,0.19
3274,1,0.78
3275,0,0.25
3276,1,0.7
3277,0,0.19
3278,1,0.7
3279,1,0.94
3280,0,0.14
3281,0,0.14
3282,1,0.84
3283,0,0.15
3284,1,0.88
3285,0,0.18
3286,1,0.89
3287,0,0.32
3288,1,0.74
3289,0,0.34
3290,1,0.81
3291,0,0.25
3292,1,0.83
3293,0,0.11
3294,1,0.95
3295,1,0.68
3296,0,0.19
3297,1,0.83
3298,0,0.2
3299,0,0.23
3300,1,0.78
3301,0,0.2
3302,1,0.82
3303,0,0.19
3304,1,0.78
3305,0,0.18
3306,1,0.73
3307,0,0.27
3308,1,0.79
3309,1,0.8
3310,0,0.16
3311,1,0.77
3312,0,0.15
3313,1,0.91
3314,0,0.14
3315,1,0.68
3316,0,0.22
3317,1,0.81
3318,0,0.13
3319,0,0.2
3320,1,0.77
3321,1,0.86
3322,0,0.28
3323,0,0.2
3324,1,0.82
3325,0,0.14
3326,1,0.84
3327,1,0.84
3328,0,0.26
3329,0,0.2
3330,1,0.7
3331,0,0.17
3332,1,0.7
3333,1,0.88
3334,0,0.15
3335,1,0.7
3336,0,0.22
3337,1,0.82
3338,0,0.2
3339,0,0.24
3340,1,0.81
3341,0,0.23
3342,1,0.82
3343,0,0.15
3344,1,0.83
3345,1,0.73
3346,0,0.21
3347,0,0.22
3348,1,0.72
3349,1,0.79
3350,0,0.31
3351,1,0.73
3352,0,0.15
3353,0,0.12
3354,1,0.78
3355,1,0.77
3356,0,0.33
3357,1,0.72
3358,0,0.27
3359,0,0.22
3360,1,0.82
3361,0,0.25
3362,1,0.68
3363,1,0.86
3364,0,0.19
3365,1,0.72
3366,0,0.29
3367,1,0.77
3368,0,0.22
3369,0,0.34
3370,1,0.76
3371,1,0.78
3372,0,0.25
3373,1,0.77
3374,0,0.31
3375,0,0.22
3376,1,0.92
3377,1,0.75
3378,0,0.17
3379,0,0.28
3380,1,0.74
3381,0,0.3
3382,1,0.73
3383,0,0.1
3384,1,0.73
3385,0,0.26
3386,1,0.82
3387,1,0.93
3388,0,0.12
3389,1,0.78
3390,0,0.15
3391,0,0.32
3392,1,0.68
3393,0,0.11
3394,1,0.84
3395,0,0.18
3396,1,0.78
3397,0,0.25
3398,1,0.68
3399,1,0.76
3400,0,0.24
3401,0,0.27
3402,1,0.84
3403,0,0.23
3404,1,0.76
3405,1,0.78
3406,0,0.29
3407,0,0.22
3408,1,0.73
3409,1,0.79
3410,0,0.25
3411,0,0.19
3412,1,0.81
3413,0,0.24
3414,1,0.72
3415,0,0.23
3416,1,0.69
3417,0,0.28
3418,1,0.75
3419,1,0.82
3420,0,0.23
3421,0,0.26
3422,1,0.78
3423,0,0.17
3424,1,0.82
3425,0,0.26
3426,1,0.7
3427,0,0.14
3428,1,0.81
3429,0,0.18
3430,1,0.82
3431,0,0.3
3432,1,0.75
3433,0,0.18
3434,1,0.59
3435,0,0.18
3436,1,0.83
3437,1,0.84
3438,0,0.12
3439,1,0.81
3440,0,0.19
3441,0,0.22
3442,1,0.73
3443,0,0.32
3444,1,0.79
3445,1,0.86
3446,0,0.22
3447,1,0.89
3448,0,0.12
3449,1,0.74
3450,0,0.24
3451,0,0.25
3452,1,0.74
3453,1,0.81
3454,0,0.26
3455,0,0.21
3456,1,0.74
3457,1,0.73
3458,0,0.24
3459,1,0.72
3460,0,0.27
3461,0,0.15
3462,1,0.82
3463,1,0.8
3464,0,0.3
3465,0,0.13
3466,1,0.87
3467,0,0.27
3468,1,0.76
3469,1,0.7
3470,0,0.3
3471,1,0.74
3472,0,0.26
3473,1,0.79
3474,0,0.21
3475,1,0.83
3476,0,0.25
3477,1,0.84
3478,0,0.23
3479,0,0.25
3480,1,0.78
3481,1,0.81
3482,0,0.22
3483,0,0.29
3484,1,0.8
3485,0,0.12
3486,1,0.86
3487,0,0.34
3488,1,0.73
3489,0,0.26
3490,1,0.83
3491,0,0.14
3492,0,0.19
3493,1,0.76
3494,1,0.75
3495,0,0.3
3496,0,0.08
3497,1,0.73
3498,0,0.15
3499,1,0.75
3500,0,0.2
3501,1,0.78
3502,1,0.73
3503,0,0.28
3504,0,0.25
3505,1,0.67
3506,1,0.79
3507,0,0.18
3508,0,0.17
3509,1,0.73
3510,0,0.28
3511,1,0.73
3512,0,0.11
3513,1,0.83
3514,0,0.1
3515,1,0.84
3516,0,0.23
3517,1,0.78
3518,1,0.71
3519,0,0.2
3520,1,0.88
3521,0,0.13
3522,1,0.85
3523,0,0.22
3524,1,0.8
3525,0,0.22
3526,1,0.88
3527,0,0.25
3528,1,0.77
3529,0,0.37
3530,0,0.29
3531,1,0.73
3532,1,0.71
3533,0,0.23
3534,1,0.76
3535,0,0.24
3536,0,0.22
3537,1,0.63
3538,1,0.74
3539,0,0.29
3540,0,0.27
3541,1,0.73
3542,1,0.81
3543,0,0.24
3544,0,0.28
3545,1,0.74
3546,1,0.78
3547,0,0.27
3548,0,0.24
3549,1,0.87
3550,1,0.76
3551,0,0.29
3552,1,0.8
3553,0,0.2
3554,1,0.69
3555,0,0.23
3556,0,0.07
3557,1,0.89
3558,0,0.23
3559,1,0.82
3560,1,0.8
3561,0,0.16
3562,1,0.84
3563,0,0.26
3564,1,0.72
3565,0,0.29
3566,1,0.7
3567,0,0.27
3568,1,0.83
3569,0,0.14
3570,0,0.16
3571,1,0.91
3572,1,0.74
3573,0,0.14
3574,1,0.82
3575,0,0.22
3576,0,0.23
3577,1,0.69
3578,1,0.72
3579,0,0.26
3580,1,0.71
3581,0,0.25
3582,1,0.74
3583,0,0.19
3584,0,0.19
3585,1,0.88
3586,0,0.18
3587,1,0.9
3588,1,0.74
3589,0,0.24
3590,0,0.34
3591,1,0.79
3592,0,0.16
3593,1,0.71
3594,1,0.85
3595,0,0.2
3596,1,0.83
3597,0,0.25
3598,1,0.81
3599,0,0.28
3600,1,0.74
3601,0,0.28
3602,1,0.72
3603,0,0.27
3604,1,0.79
3605,0,0.34
3606,0,0.26
3607,1,0.78
3608,1,0.76
3609,0,0.26
3610,1,0.87
3611,0,0.27
3612,0,0.25
3613,1,0.8
3614,1,0.74
3615,0,0.2
3616,1,0.68
3617,0,0.26
3618,0,0.24
3619,1,0.84
3620,1,0.63
3621,0,0.13
3622,0,0.25
3623,1,0.75
3624,0,0.25
3625,1,0.74
3626,0,0.15
3627,1,0.88
3628,1,0.73
3629,0,0.2
3630,1,0.71
3631,0,0.28
3632,0,0.14
3633,1,0.81
3634,0,0.25
3635,1,0.78
3636,0,0.2
3637,1,0.78
3638,0,0.12
3639,1,0.81
3640,1,0.73
3641,0,0.22
3642,1,0.78
3643,0,0.33
3644,1,0.76
3645,0,0.18
3646,0,0.24
3647,1,0.65
3648,0,0.25
3649,1,0.81
3650,1,0.79
3651,0,0.21
3652,1,0.89
3653,0,0.13
3654,1,0.86
3655,0,0.22
3656,1,0.95
3657,0,0.25
3658,0,0.19
3659,1,0.79
3660,0,0.19
3661,1,0.69
3662,1,0.81
3663,0,0.14
3664,1,0.8
3665,0,0.1
3666,1,0.78
3667,0,0.15
3668,1,0.74
3669,0,0.25
3670,1,0.77
3671,0,0.17
3672,1,0.71
3673,0,0.06
3674,1,0.92
3675,0,0.17
3676,0,0.17
3677,1,0.77
3678,0,0.27
3679,1,0.78
3680,0,0.17
3681,1,0.84
3682,0,0.13
3683,1,0.79
3684,0,0.23
3685,1,0.77
3686,1,0.86
3687,0,0.27
3688,0,0.14
3689,1,0.79
3690,0,0.14
3691,1,0.8
3692,0,0.21
3693,1,0.82
3694,1,0.87
3695,0,0.22
3696,1,0.78
3697,0,0.15
3698,0,0.29
3699,1,0.72
3700,0,0.16
3701,1,0.84
3702,0,0.23
3703,1,0.79
3704,1,0.87
3705,0,0.06
3706,1,0.92
3707,0,0.13
3708,1,0.83
3709,1,0.76
3710,0,0.23
3711,0,0.23
3712,1,0.72
3713,0,0.12
3714,1,0.89
3715,0,0.2
3716,1,0.73
3717,1,0.73
3718,0,0.25
3719,1,0.71
3720,0,0.3
3721,0,0.23
3722,1,0.8
3723,1,0.83
3724,0,0.28
3725,1,0.9
3726,0,0.22
3727,0,0.31
3728,1,0.82
3729,1,0.78
3730,0,0.21
3731,0,0.22
3732,1,0.77
3733,0,0.18
3734,1,0.68
3735,1,0.71
3736,0,0.24
3737,0,0.26
3738,1,0.65
3739,1,0.74
3740,0,0.2
3741,0,0.26
3742,1,0.71
3743,1,0.8
3744,0,0.21
3745,0,0.19
3746,1,0.8
3747,0,0.15
3748,1,0.79
3749,0,0.29
3750,1,0.77
3751,0,0.24
3752,1,0.77
3753,0,0.24
3754,1,0.81
3755,1,0.85
3756,0,0.21
3757,0,0.2
3758,1,0.83
3759,0,0.07
3760,1,0.86
3761,0,0.23
3762,1,0.86
3763,0,0.13
3764,1,0.76
3765,1,0.78
3766,0,0.17
3767,0,0.14
3768,1,0.83
3769,0,0.2
3770,1,0.78
3771,1,0.9
3772,0,0.12
3773,1,0.72
3774,0,0.21
3775,0,0.22
3776,1,0.74
3777,1,0.72
3778,0,0.26
3779,0,0.23
3780,1,0.82
3781,0,0.2
3782,1,0.87
3783,1,0.74
3784,0,0.17
3785,1,0.75
3786,0,0.17
3787,1,0.79
3788,0,0.33
3789,0,0.31
3790,1,0.74
3791,1,0.73
3792,0,0.28
3793,1,0.91
3794,0,0.24
3795,1,0.84
3796,0,0.29
3797,1,0.84
3798,0,0.25
3799,0,0.18
3800,1,0.74
3801,0,0.22
3802,1,0.71
3803,0,0.22
3804,1,0.91
3805,0,0.26
3806,1,0.76
3807,0,0.13
3808,1,0.78
3809,1,0.67
3810,0,0.24
3811,1,0.86
3812,0,0.03
3813,1,0.71
3814,0,0.26
3815,1,0.71
3816,0,0.24
3817,0,0.33
3818,1,0.78
3819,0,0.18
3820,1,0.79
3821,0,0.13
3822,1,0.82
3823,0,0.2
3824,1,0.77
3825,0,0.24
3826,1,0.85
3827,0,0.17
3828,1,0.76
3829,1,0.94
3830,0,0.17
3831,0,0.06
3832,1,0.9
3833,1,0.76
3834,0,0.21
3835,0,0.22
3836,1,0.86
3837,0,0.19
3838,1,0.9
3839,1,0.84
3840,0,0.16
3841,1,0.79
3842,0,0.27
3843,1,0.82
3844,0,0.16
3845,1,0.86
3846,0,0.16
3847,0,0.32
3848,1,0.72
3849,1,0.87
3850,0,0.13
3851,1,0.91
3852,1,0.82
3853,0,0.25
3854,1,0.7
3855,0,0.32
3856,0,0.23
3857,1,0.81
3858,0,0.15
3859,1,0.65
3860,1,0.77
3861,0,0.19
3862,0,0.29
3863,1,0.76
3864,1,0.73
3865,0,0.26
3866,0,0.31
3867,1,0.78
3868,0,0.15
3869,1,0.89
3870,1,0.7
3871,0,0.22
3872,1,0.74
3873,0,0.25
3874,1,0.74
3875,0,0.27
3876,0,0.21
3877,1,0.72
3878,1,0.89
3879,0,0.21
3880,0,0.3
3881,1,0.79
3882,0,0.26
3883,1,0.71
3884,0,0.35
3885,1,0.85
3886,0,0.12
3887,1,0.78
3888,0,0.31
3889,1,0.78
3890,0,0.26
3891,0,0.23
3892,1,0.84
3893,0,0.1
3894,1,0.67
3895,1,0.76
3896,0,0.1
3897,0,0.19
3898,1,0.83
3899,1,0.68
3900,0,0.28
3901,0,0.25
3902,1,0.83
3903,0,0.16
3904,1,0.9
3905,0,0.13
3906,1,0.87
3907,1,0.71
3908,0,0.21
3909,0,0.24
3910,1,0.65
3911,1,0.85
3912,0,0.06
3913,0,0.28
3914,1,0.73
3915,0,0.23
3916,1,0.75
3917,1,0.68
3918,0,0.19
3919,0,0.21
3920,1,0.71
3921,1,0.89
3922,0,0.16
3923,0,0.21
3924,1,0.85
3925,0,0.18
3926,1,0.8
3927,0,0.09
3928,1,0.78
3929,0,0.13
3930,1,0.73
3931,0,0.2
3932,1,0.82
3933,0,0.12
3934,1,0.81
3935,1,0.73
3936,0,0.24
3937,1,0.79
3938,0,0.22
3939,1,0.72
3940,0,0.19
3941,0,0.1
3942,0,0.12
3943,1,0.79
3944,0,0.25
3945,1,0.77
3946,1,0.73
3947,0,0.22
3948,0,0.19
3949,1,0.75
3950,0,0.28
3951,1,0.85
3952,0,0.21
3953,1,0.74
3954,1,0.71
3955,0,0.35
3956,0,0.26
3957,1,0.79
3958,0,0.22
3959,1,0.85
3960,0,0.29
3961,1,0.84
3962,1,0.78
3963,0,0.21
3964,0,0.26
3965,1,0.79
3966,0,0.33
3967,1,0.7
3968,0,0.15
3969,1,0.8
3970,0,0.15
3971,1,0.8
3972,1,0.77
3973,0,0.14
3974,1,0.61
3975,0,0.32
3976,1,0.77
3977,0,0.17
3978,0,0.26
3979,1,0.7
3980,0,0.19
3981,1,0.6
3982,0,0.19
3983,1,0.82
3984,1,0.87
3985,0,0.25
3986,1,0.85
3987,0,0.23
3988,1,0.64
3989,0,0.12
3990,1,0.7
3991,0,0.15
3992,0,0.26
3993,1,0.81
3994,0,0.18
3995,1,0.77
3996,0,0.18
3997,1,0.81
3998,1,0.74
3999,0,0.26
4000,0,0.12
4001,1,0.81
4002,1,0.87
4003,0,0.32
4004,1,0.75
4005,0,0.19
4006,1,0.91
4007,0,0.21
4008,1,0.71
4009,0,0.23
4010,1,0.73
4011,0,0.19
4012,0,0.29
4013,1,0.77
4014,1,0.82
4015,0,0.25
4016,1,0.72
4017,0,0.22
4018,0,0.27
4019,1,0.8
4020,0,0.27
4021,1,0.75
4022,0,0.27
4023,1,0.78
4024,1,0.85
4025,0,0.21
4026,1,0.67
4027,0,0.24
4028,1,0.85
4029,0,0.25
4030,1,0.75
4031,0,0.32
4032,1,0.77
4033,0,0.15
4034,1,0.7
4035,0,0.19
4036,1,0.91
4037,0,0.15
4038,1,0.68
4039,0,0.26
4040,0,0.28
4041,1,0.77
4042,1,0.78
4043,0,0.18
4044,1,0.76
4045,0,0.34
4046,1,0.88
4047,0,0.1
4048,0,0.3
4049,1,0.82
4050,0,0.14
4051,1,0.85
4052,1,0.73
4053,0,0.3
4054,1,0.77
4055,0,0.15
4056,0,0.27
4057,1,0.75
4058,0,0.2
4059,1,0.72
4060,0,0.22
4061,1,0.72
4062,0,0.28
4063,1,0.8
4064,0,0.23
4065,1,0.75
4066,1,0.86
4067,0,0.13
4068,0,0.29
4069,1,0.69
4070,0,0.25
4071,1,0.81
4072,0,0.23
4073,1,0.82
4074,0,0.17
4075,1,0.77
4076,0,0.24
4077,1,0.79
4078,1,0.76
4079,0,0.32
4080,0,0.35
4081,1,0.75
4082,1,0.71
4083,0,0.29
4084,1,0.78
4085,0,0.28
4086,0,0.16
4087,1,0.81
4088,0,0.29
4089,1,0.83
4090,0,0.28
4091,1,0.82
4092,1,0.75
4093,0,0.22
4094,1,0.73
4095,0,0.23
4096,1,0.76
4097,0,0.13
4098,1,0.82
4099,0,0.15
4100,0,0.23
4101,1,0.8
4102,0,0.13
4103,1,0.87
4104,0,0.18
4105,1,0.85
4106,1,0.78
4107,0,0.29
4108,1,0.79
4109,0,0.27
4110,0,0.14
4111,1,0.77
4112,0,0.18
4113,1,0.87
4114,1,0.76
4115,0,0.28
4116,0,0.09
4117,1,0.82
4118,1,0.71
4119,0,0.23
4120,0,0.2
4121,1,0.74
4122,1,0.75
4123,0,0.28
4124,0,0.13
4125,1,0.79
4126,1,0.86
4127,0,0.25
4128,0,0.25
4129,1,0.84
4130,0,0.32
4131,1,0.64
4132,0,0.16
4133,1,0.8
4134,0,0.24
4135,1,0.74
4136,0,0.18
4137,1,0.83
4138,1,0.81
4139,0,0.12
4140,0,0.12
4141,1,0.81
4142,1,0.77
4143,0,0.19
4144,1,0.76
4145,0,0.21
4146,0,0.16
4147,1,0.82
4148,0,0.17
4149,1,0.82
4150,1,0.78
4151,0,0.17
4152,1,0.73
4153,0,0.2
4154,1,0.83
4155,0,0.2
4156,1,0.81
4157,0,0.26
4158,0,0.3
4159,1,0.86
4160,0,0.28
4161,1,0.8
4162,0,0.21
4163,1,0.86
4164,1,0.69
4165,0,0.28
4166,1,0.64
4167,0,0.27
4168,1,0.73
4169,0,0.2
4170,1,0.8
4171,0,0.3
4172,1,0.7
4173,0,0.16
4174,1,0.72
4175,0,0.39
4176,0,0.16
4177,1,0.79
4178,1,0.75
4179,0,0.28
4180,0,0.23
4181,1,0.78
4182,1,0.67
4183,0,0.27
4184,0,0.17
4185,1,0.79
4186,0,0.15
4187,1,0.88
4188,0,0.17
4189,1,0.86
4190,0,0.23
4191,1,0.76
4192,1,0.88
4193,0,0.35
4194,1,0.69
4195,0,0.15
4196,0,0.06
4197,1,0.89
4198,0,0.12
4199,1,0.89
4200,0,0.25
4201,1,0.75
4202,1,0.87
4203,0,0.24
4204,1,0.76
4205,0,0.2
4206,1,0.83
4207,0,0.16
4208,1,0.74
4209,0,0.26
4210,0,0.21
4211,1,0.87
4212,0,0.21
4213,1,0.78
4214,1,0.84
4215,0,0.42
4216,0,0.24
4217,1,0.87
4218,1,0.75
4219,0,0.21
4220,0,0.22
4221,1,0.78
4222,1,0.76
4223,0,0.12
4224,1,0.84
4225,0,0.23
4226,0,0.13
4227,1,0.82
4228,0,0.21
4229,1,0.72
4230,1,0.71
4231,0,0.21
4232,1,0.74
4233,0,0.2
4234,0,0.31
4235,1,0.68
4236,0,0.19
4237,1,0.72
4238,0,0.18
4239,1,0.73
4240,1,0.69
4241,0,0.24
4242,0,0.21
4243,1,0.65
4244,1,0.69
4245,0,0.27
4246,0,0.13
4247,1,0.73
4248,1,0.67
4249,0,0.16
4250,0,0.26
4251,1,0.86
4252,1,0.6
4253,0,0.24
4254,0,0.2
4255,1,0.84
4256,1,0.8
4257,0,0.22
4258,0,0.2
4259,1,0.72
4260,1,0.8
4261,0,0.26
4262,1,0.84
4263,0,0.23
4264,0,0.19
4265,1,0.8
4266,1,0.74
4267,0,0.19
4268,1,0.75
4269,0,0.21
4270,0,0.27
4271,1,0.81
4272,0,0.22
4273,1,0.84
4274,0,0.14
4275,1,0.8
4276,1,0.79
4277,0,0.24
4278,0,0.22
4279,1,0.83
4280,1,0.8
4281,0,0.23
4282,0,0.35
4283,1,0.77
4284,1,0.77
4285,0,0.29
4286,0,0.29
4287,1,0.78
4288,1,0.82
4289,0,0.18
4290,0,0.16
4291,1,0.8
4292,0,0.13
4293,1,0.9
4294,0,0.26
4295,1,0.84
4296,1,0.75
4297,0,0.19
4298,1,0.78
4299,0,0.29
4300,1,0.74
4301,0,0.31
4302,1,0.72
4303,0,0.32
4304,0,0.14
4305,1,0.96
4306,1,0.83
4307,0,0.15
4308,0,0.27
4309,1,0.75
4310,0,0.24
4311,1,0.76
4312,0,0.28
4313,1,0.69
4314,1,0.68
4315,0,0.03
4316,0,0.21
4317,1,0.86
4318,0,0.33
4319,1,0.74
4320,1,0.7
4321,0,0.27
4322,0,0.3
4323,1,0.77
4324,1,0.85
4325,0,0.16
4326,0,0.18
4327,1,0.84
4328,1,0.79
4329,0,0.32
4330,0,0.26
4331,1,0.85
4332,1,0.86
4333,0,0.22
4334,1,0.76
4335,0,0.25
4336,1,0.85
4337,0,0.22
4338,1,0.79
4339,0,0.31
4340,1,0.76
4341,0,0.17
4342,0,0.2
4343,1,0.81
4344,0,0.15
4345,1,0.88
4346,0,0.18
4347,1,0.74
4348,0,0.18
4349,1,0.83
4350,1,0.83
4351,0,0.19
4352,0,0.18
4353,1,0.74
4354,0,0.23
4355,1,0.74
4356,0,0.25
4357,1,0.67
4358,0,0.25
4359,1,0.7
4360,1,0.68
4361,0,0.22
4362,1,0.7
4363,0,0.16
4364,0,0.32
4365,1,0.74
4366,1,0.66
4367,0,0.22
4368,1,0.76
4369,0,0.19
4370,0,0.11
4371,1,0.86
4372,0,0.21
4373,1,0.76
4374,0,0.17
4375,1,0.7
4376,1,0.77
4377,0,0.22
4378,1,0.77
4379,0,0.13
4380,1,0.74
4381,0,0.22
4382,1,0.67
4383,0,0.27
4384,1,0.74
4385,1,0.76
4386,0,0.24
4387,0,0.15
4388,1,0.8
4389,1,0.8
4390,0,0.28
4391,1,0.93
4392,0,0.18
4393,1,0.86
4394,0,0.2
4395,1,0.76
4396,0,0.23
4397,1,0.84
4398,0,0.15
4399,0,0.21
4400,1,0.71
4401,0,0.25
4402,1,0.68
4403,0,0.17
4404,1,0.91
4405,0,0.17
4406,1,0.81
4407,1,0.74
4408,0,0.3
4409,0,0.3
4410,1,0.75
4411,0,0.25
4412,1,0.76
4413,1,0.71
4414,0,0.26
4415,1,0.77
4416,0,0.15
4417,0,0.21
4418,1,0.79
4419,0,0.29
4420,1,0.69
4421,1,0.78
4422,0,0.28
4423,1,0.76
4424,0,0.19
4425,0,0.05
4426,1,0.72
4427,1,0.79
4428,0,0.27
4429,0,0.25
4430,1,0.76
4431,1,0.83
4432,0,0.14
4433,1,0.77
4434,0,0.2
4435,1,0.78
4436,0,0.23
4437,0,0.19
4438,1,0.83
4439,1,0.71
4440,0,0.23
4441,0,0.23
4442,1,0.71
4443,0,0.29
4444,1,0.71
4445,0,0.16
4446,1,0.87
4447,1,0.84
4448,0,0.14
4449,0,0.23
4450,1,0.71
4451,1,0.82
4452,0,0.21
4453,0,0.34
4454,1,0.87
4455,0,0.21
4456,1,0.91
4457,0,0.18
4458,1,0.8
4459,1,0.77
4460,0,0.17
4461,0,0.19
4462,1,0.79
4463,1,0.77
4464,0,0.25
4465,1,0.78
4466,0,0.23
4467,1,0.87
4468,0,0.23
4469,1,0.82
4470,0,0.19
4471,0,0.25
4472,1,0.66
4473,1,0.73
4474,0,0.33
4475,1,0.81
4476,0,0.24
4477,0,0.22
4478,1,0.67
4479,1,0.85
4480,0,0.17
4481,1,0.82
4482,0,0.17
4483,1,0.77
4484,0,0.23
4485,0,0.22
4486,1,0.79
4487,1,0.82
4488,0,0.15
4489,1,0.78
4490,0,0.22
4491,0,0.18
4492,1,0.84
4493,1,0.91
4494,1,0.8
4495,0,0.31
4496,0,0.19
4497,1,0.78
4498,0,0.16
4499,1,0.84
4500,1,0.81
4501,0,0.22
4502,1,0.72
4503,0,0.27
4504,0,0.22
4505,1,0.79
4506,0,0.19
4507,1,0.93
4508,0,0.22
4509,1,0.76
4510,1,0.92
4511,0,0.22
4512,0,0.27
4513,1,0.75
4514,0,0.28
4515,1,0.78
4516,0,0.29
4517,1,0.74
4518,0,0.28
4519,1,0.8
4520,0,0.29
4521,1,0.71
4522,0,0.16
4523,1,0.79
4524,0,0.22
4525,1,0.79
4526,1,0.76
4527,0,0.33
4528,0,0.11
4529,1,0.87
4530,0,0.09
4531,1,0.96
4532,0,0.24
4533,1,0.74
4534,1,0.75
4535,0,0.2
4536,1,0.68
4537,0,0.25
4538,0,0.34
4539,1,0.73
4540,1,0.84
4541,0,0.19
4542,0,0.13
4543,1,0.68
4544,0,0.24
4545,1,0.76
4546,1,0.82
4547,0,0.22
4548,0,0.28
4549,1,0.82
4550,0,0.26
4551,1,0.77
4552,0,0.13
4553,1,0.72
4554,1,0.87
4555,0,0.19
4556,1,0.7
4557,0,0.29
4558,1,0.84
4559,0,0.28
4560,0,0.21
4561,1,0.8
4562,0,0.16
4563,1,0.82
4564,0,0.25
4565,1,0.85
4566,0,0.28
4567,1,0.72
4568,0,0.17
4569,1,0.84
4570,0,0.25
4571,1,0.78
4572,0,0.23
4573,1,0.76
4574,0,0.25
4575,1,0.78
4576,0,0.32
4577,1,0.83
4578,1,0.87
4579,0,0.16
4580,0,0.25
4581,1,0.88
4582,0,0.18
4583,1,0.76
4584,1,0.86
4585,0,0.24
4586,0,0.16
4587,1,0.82
4588,0,0.25
4589,1,0.81
4590,0,0.25
4591,1,0.71
4592,0,0.13
4593,1,0.92
4594,1,0.8
4595,0,0.2
4596,1,0.69
4597,0,0.28
4598,0,0.16
4599,1,0.75
4600,1,0.8
4601,0,0.15
4602,1,0.82
4603,0,0.21
4604,0,0.2
4605,1,0.69
4606,0,0.25
4607,1,0.68
4608,0,0.25
4609,1,0.72
4610,1,0.72
4611,0,0.2
4612,0,0.21
4613,1,0.83
4614,0,0.24
4615,1,0.86
4616,1,0.79
4617,0,0.2
4618,1,0.75
4619,0,0.18
4620,1,0.89
4621,0,0.17
4622,0,0.26
4623,1,0.8
4624,1,0.86
4625,0,0.22
4626,1,0.79
4627,0,0.17
4628,1,0.75
4629,0,0.17
4630,1,0.85
4631,1,0.74
4632,0,0.07
4633,0,0.27
4634,1,0.84
4635,0,0.2
4636,1,0.77
4637,1,0.65
4638,0,0.16
4639,1,0.83
4640,0,0.17
4641,1,0.72
4642,0,0.28
4643,0,0.2
4644,1,0.75
4645,1,0.82
4646,0,0.2
4647,1,0.75
4648,0,0.24
4649,0,0.14
4650,1,0.76
4651,0,0.18
4652,1,0.78
4653,1,0.71
4654,0,0.15
4655,1,0.79
4656,0,0.36
4657,1,0.93
4658,1,0.86
4659,0,0.24
4660,1,0.77
4661,0,0.17
4662,1,0.77
4663,0,0.27
4664,1,0.71
4665,1,0.81
4666,0,0.28
4667,0,0.27
4668,1,0.87
4669,1,0.8
4670,0,0.24
4671,0,0.22
4672,1,0.8
4673,1,0.74
4674,0,0.29
4675,0,0.25
4676,1,0.78
4677,0,0.12
4678,1,0.78
4679,1,0.73
4680,0,0.23
4681,0,0.27
4682,1,0.73
4683,1,0.77
4684,0,0.27
4685,1,0.78
4686,0,0.26
4687,1,0.77
4688,0,0.26
4689,0,0.27
4690,1,0.74
4691,1,0.86
4692,0,0.19
4693,1,0.83
4694,0,0.11
4695,0,0.27
4696,1,0.87
4697,0,0.17
4698,1,0.78
4699,0,0.27
4700,1,0.69
4701,1,0.85
4702,0,0.21
4703,0,0.19
4704,1,0.75
4705,0,0.07
4706,1,0.85
4707,0,0.22
4708,1,0.82
4709,1,0.77
4710,0,0.29
4711,1,0.75
4712,0,0.31
4713,0,0.26
4714,1,0.78
4715,1,0.81
4716,0,0.28
4717,0,0.24
4718,1,0.75
4719,0,0.23
4720,1,0.83
4721,1,0.84
4722,0,0.27
4723,0,0.12
4724,1,0.9
4725,1,0.76
4726,0,0.3
4727,1,0.81
4728,0,0.32
4729,1,0.75
4730,0,0.2
4731,1,0.74
4732,0,0.23
4733,1,0.77
4734,0,0.25
4735,1,0.78
4736,0,0.28
4737,1,0.69
4738,0,0.26
4739,1,0.79
4740,0,0.26
4741,1,0.86
4742,0,0.22
4743,0,0.18
4744,1,0.79
4745,1,0.76
4746,0,0.32
4747,1,0.68
4748,0,0.3
4749,1,0.92
4750,0,0.19
4751,1,0.82
4752,0,0.23
4753,0,0.23
4754,1,0.87
4755,0,0.27
4756,1,0.79
4757,1,0.77
4758,0,0.24
4759,0,0.25
4760,1,0.77
4761,1,0.58
4762,0,0.26
4763,1,0.69
4764,0,0.29
4765,0,0.13
4766,1,0.87
4767,0,0.33
4768,1,0.79
4769,0,0.23
4770,1,0.81
4771,0,0.17
4772,1,0.73
4773,0,0.24
4774,1,0.75
4775,0,0.15
4776,1,0.83
4777,0,0.22
4778,1,0.59
4779,1,0.82
4780,0,0.32
4781,0,0.15
4782,1,0.89
4783,0,0.11
4784,1,0.83
4785,0,0.14
4786,1,0.78
4787,0,0.23
4788,1,0.7
4789,1,0.86
4790,1,0.74
4791,0,0.23
4792,1,0.91
4793,0,0.22
4794,0,0.23
4795,1,0.84
4796,0,0.04
4797,1,0.92
4798,1,0.7
4799,0,0.24
4800,0,0.15
4801,1,0.87
4802,0,0.21
4803,1,0.76
4804,0,0.22
4805,1,0.84
4806,0,0.15
4807,1,0.77
4808,1,0.78
4809,0,0.27
4810,0,0.07
4811,1,0.93
4812,0,0.25
4813,1,0.75
4814,1,0.8
4815,0,0.18
4816,1,0.84
4817,1,0.88
4818,0,0.21
4819,0,0.19
4820,1,0.81
4821,1,0.75
4822,0,0.27
4823,1,0.92
4824,0,0.21
4825,0,0.24
4826,0,0.24
4827,1,0.79
4828,1,0.77
4829,0,0.17
4830,1,0.77
4831,0,0.19
4832,1,0.72
4833,0,0.32
4834,1,0.91
4835,0,0.14
4836,0,0.25
4837,1,0.84
4838,1,0.82
4839,0,0.16
4840,1,0.77
4841,0,0.24
4842,1,0.8
4843,0,0.22
4844,1,0.89
4845,0,0.19
4846,1,0.85
4847,0,0.27
4848,1,0.84
4849,0,0.13
4850,0,0.25
4851,1,0.79
4852,0,0.14
4853,1,0.82
4854,0,0.25
4855,1,0.78
4856,1,0.93
4857,0,0.2
4858,1,0.76
4859,0,0.22
4860,1,0.73
4861,0,0.23
4862,0,0.14
4863,1,0.84
4864,0,0.27
4865,1,0.85
4866,1,0.84
4867,0,0.19
4868,0,0.18
4869,1,0.74
4870,0,0.26
4871,1,0.75
4872,1,0.86
4873,0,0.14
4874,1,0.78
4875,0,0.22
4876,1,0.79
4877,1,0.76
4878,0,0.19
4879,0,0.16
4880,1,0.89
4881,1,0.79
4882,0,0.26
4883,1,0.78
4884,0,0.09
4885,1,0.75
4886,0,0.19
4887,1,0.74
4888,0,0.25
4889,0,0.22
4890,1,0.62
4891,1,0.85
4892,0,0.23
4893,1,0.72
4894,0,0.28
4895,1,0.75
4896,0,0.19
4897,1,0.76
4898,0,0.18
4899,0,0.38
4900,1,0.84
4901,0,0.23
4902,1,0.81
4903,0,0.15
4904,1,0.84
4905,0,0.14
4906,1,0.84
4907,1,0.88
4908,0,0.17
4909,1,0.87
4910,0,0.19
4911,1,0.84
4912,0,0.25
4913,1,0.8
4914,0,0.18
4915,1,0.78
4916,0,0.19
4917,1,0.83
4918,0,0.18
4919,0,0.3
4920,1,0.8
4921,1,0.72
4922,0,0.17
4923,1,0.77
4924,0,0.21
4925,0,0.19
4926,1,0.8
4927,0,0.17
4928,1,0.75
4929,0,0.39
4930,1,0.66
4931,1,0.66
4932,0,0.2
4933,1,0.77
4934,0,0.28
4935,1,0.79
4936,0,0.37
4937,1,0.78
4938,0,0.28
4939,0,0.08
4940,1,0.89
4941,1,0.7
4942,0,0.1
4943,0,0.19
4944,1,0.77
4945,1,0.7
4946,0,0.21
4947,1,0.72
4948,0,0.18
4949,1,0.69
4950,0,0.3
4951,1,0.75
4952,0,0.32
4953,1,0.71
4954,0,0.28
4955,0,0.14
4956,1,0.87
4957,1,0.8
4958,0,0.22
4959,1,0.75
4960,0,0.29
4961,0,0.15
4962,1,0.8
4963,1,0.78
4964,0,0.17
4965,0,0.2
4966,1,0.75
4967,1,0.79
4968,0,0.21
4969,0,0.23
4970,1,0.8
4971,1,0.75
4972,0,0.27
4973,0,0.26
4974,1,0.78
4975,1,0.75
4976,0,0.3
4977,1,0.86
4978,0,0.22
4979,0,0.12
4980,1,0.8
4981,0,0.23
4982,1,0.71
4983,1,0.77
4984,0,0.26
4985,0,0.24
4986,1,0.82
4987,1,0.85
4988,0,0.19
4989,0,0.25
4990,1,0.84
4991,0,0.23
4992,1,0.84
4993,1,0.9
4994,0,0.22
4995,1,0.87
4996,1,0.73
4997,0,0.18
4998,0,0.16
4999,1,0.89
5000,1,0.74
5001,0,0.29
5002,0,0.26
5003,1,0.69
5004,0,0.14
5005,1,0.74
5006,1,0.77
5007,0,0.18
5008,0,0.16
5009,1,0.81
5010,0,0.07
5011,1,0.8
5012,1,0.85
5013,0,0.2
5014,1,0.74
5015,0,0.12
5016,0,0.08
5017,1,0.79
5018,0,0.24
5019,1,0.75
5020,1,0.79
5021,0,0.2
5022,0,0.12
5023,1,0.87
5024,1,0.89
5025,0,0.22
5026,1,0.79
5027,0,0.25
5028,0,0.25
5029,1,0.82
5030,0,0.16
5031,1,0.94
5032,1,0.87
5033,0,0.22
5034,0,0.26
5035,1,0.83
5036,1,0.8
5037,0,0.28
5038,1,0.91
5039,0,0.21
5040,0,0.09
5041,1,0.78
5042,1,0.77
5043,0,0.2
5044,0,0.14
5045,1,0.93
5046,0,0.17
5047,1,0.84
5048,0,0.18
5049,1,0.87
5050,0,0.17
5051,1,0.71
5052,1,0.7
5053,0,0.11
5054,0,0.22
5055,1,0.91
5056,0,0.1
5057,1,0.84
5058,0,0.14
5059,1,0.88
5060,0,0.15
5061,1,0.67
5062,0,0.12
5063,1,0.81
5064,0,0.11
5065,1,0.8
5066,1,0.79
5067,0,0.19
5068,0,0.28
5069,1,0.81
5070,1,0.77
5071,0,0.24
5072,1,0.88
5073,0,0.24
5074,1,0.73
5075,0,0.2
5076,0,0.2
5077,1,0.69
5078,0,0.22
5079,1,0.8
5080,1,0.82
5081,0,0.14
5082,0,0.28
5083,1,0.77
5084,1,0.88
5085,0,0.16
5086,0,0.21
5087,1,0.71
5088,0,0.26
5089,1,0.74
5090,1,0.68
5091,0,0.24
5092,0,0.14
5093,1,0.79
5094,0,0.26
5095,1,0.82
5096,0,0.2
5097,1,0.75
5098,1,0.76
5099,0,0.26
5100,0,0.17
5101,1,0.82
5102,0,0.17
5103,1,0.86
5104,1,0.9
5105,0,0.12
5106,0,0.31
5107,1,0.82
5108,1,0.75
5109,0,0.25
5110,1,0.72
5111,0,0.2
5112,0,0.23
5113,1,0.89
5114,1,0.84
5115,0,0.29
5116,1,0.87
5117,0,0.2
5118,0,0.2
5119,1,0.77
5120,0,0.21
5121,1,0.84
5122,1,0.83
5123,0,0.15
5124,1,0.92
5125,0,0.25
5126,1,0.71
5127,0,0.31
5128,1,0.78
5129,0,0.26
5130,0,0.24
5131,1,0.82
5132,1,0.73
5133,0,0.27
5134,1,0.74
5135,0,0.24
5136,1,0.79
5137,0,0.22
5138,0,0.27
5139,1,0.73
5140,0,0.15
5141,1,0.77
5142,1,0.72
5143,0,0.17
5144,0,0.23
5145,1,0.85
5146,0,0.16
5147,1,0.71
5148,0,0.22
5149,1,0.77
5150,1,0.8
5151,0,0.09
5152,1,0.8
5153,0,0.27
5154,1,0.79
5155,0,0.28
5156,0,0.2
5157,1,0.91
5158,0,0.2
5159,1,0.73
5160,1,0.8
5161,0,0.21
5162,0,0.27
5163,1,0.75
5164,0,0.21
5165,1,0.71
5166,1,0.81
5167,0,0.16
5168,0,0.13
5169,1,0.79
5170,0,0.12
5171,1,0.82
5172,1,0.86
5173,0,0.41
5174,1,0.88
5175,0,0.21
5176,0,0.19
5177,1,0.76
5178,1,0.87
5179,0,0.26
5180,1,0.73
5181,0,0.13
5182,1,0.79
5183,0,0.15
5184,1,0.83
5185,0,0.16
5186,0,0.23
5187,1,0.72
5188,0,0.24
5189,1,0.78
5190,1,0.82
5191,0,0.25
5192,0,0.13
5193,1,0.79
5194,0,0.23
5195,1,0.86
5196,1,0.73
5197,0,0.21
5198,0,0.17
5199,1,0.85
5200,0,0.23
5201,1,0.81
5202,1,0.8
5203,0,0.29
5204,0,0.2
5205,1,0.83
5206,0,0.21
5207,1,0.77
5208,0,0.22
5209,1,0.84
5210,0,0.25
5211,1,0.72
5212,0,0.24
5213,1,0.7
5214,0,0.24
5215,1,0.79
5216,1,0.76
5217,0,0.2
5218,0,0.23
5219,1,0.67
5220,0,0.27
5221,1,0.76
5222,1,0.84
5223,0,0.13
5224,0,0.13
5225,1,0.72
5226,1,0.72
5227,0,0.15
5228,0,0.17
5229,1,0.72
5230,1,0.86
5231,0,0.11
5232,0,0.3
5233,1,0.77
5234,0,0.31
5235,1,0.79
5236,0,0.15
5237,1,0.72
5238,1,0.72
5239,0,0.16
5240,0,0.14
5241,1,0.75
5242,1,0.74
5243,0,0.2
5244,0,0.22
5245,1,0.81
5246,1,0.77
5247,0,0.24
5248,0,0.16
5249,1,0.74
5250,0,0.19
5251,1,0.83
5252,0,0.22
5253,1,0.83
5254,0,0.32
5255,1,0.69
5256,1,0.71
5257,0,0.18
5258,1,0.76
5259,0,0.23
5260,0,0.14
5261,1,0.87
5262,0,0.28
5263,1,0.75
5264,1,0.76
5265,0,0.25
5266,0,0.2
5267,1,0.74
5268,0,0.18
5269,1,0.77
5270,1,0.65
5271,0,0.33
5272,1,0.7
5273,0,0.31
5274,0,0.23
5275,1,0.67
5276,0,0.16
5277,1,0.89
5278,0,0.22
5279,1,0.9
5280,1,0.71
5281,0,0.31
5282,0,0.17
5283,1,0.81
5284,0,0.11
5285,1,0.88
5286,0,0.19
5287,1,0.96
5288,0,0.13
5289,1,0.81
5290,0,0.06
5291,1,0.9
5292,0,0.1
5293,0,0.25
5294,1,0.78
5295,0,0.17
5296,0,0.13
5297,0,0.05
5298,0,0.12
5299,1,0.72
5300,0,0.23
5301,0,0.24
5302,1,0.78
5303,1,0.78
5304,0,0.15
5305,1,0.84
5306,0,0.26
5307,0,0.2
5308,1,0.84
5309,1,0.74
5310,0,0.27
5311,0,0.16
5312,1,0.89
5313,0,0.17
5314,1,0.79
5315,1,0.77
5316,0,0.29
5317,0,0.18
5318,1,0.74
5319,1,0.84
5320,0,0.25
5321,0,0.28
5322,1,0.79
5323,0,0.25
5324,1,0.79
5325,0,0.2
5326,1,0.71
5327,0,0.26
5328,1,0.88
5329,1,0.74
5330,0,0.22
5331,1,0.92
5332,0,0.15
5333,1,0.77
5334,0,0.19
5335,0,0.26
5336,1,0.77
5337,0,0.19
5338,1,0.65
5339,1,0.88
5340,0,0.15
5341,0,0.17
5342,1,0.88
5343,0,0.16
5344,1,0.67
5345,0,0.19
5346,1,0.93
5347,0,0.23
5348,1,0.78
5349,0,0.17
5350,1,0.79
5351,0,0.27
5352,1,0.78
5353,1,0.78
5354,0,0.27
5355,1,0.66
5356,0,0.16
5357,1,0.76
5358,0,0.24
5359,0,0.13
5360,1,0.74
5361,1,0.68
5362,0,0.27
5363,0,0.25
5364,1,0.76
5365,0,0.28
5366,1,0.72
5367,1,0.8
5368,0,0.2
5369,0,0.27
5370,1,0.86
5371,1,0.68
5372,0,0.22
5373,0,0.2
5374,1,0.75
5375,0,0.2
5376,1,0.74
5377,0,0.23
5378,1,0.79
5379,0,0.09
5380,1,0.79
5381,1,0.81
5382,0,0.34
5383,1,0.74
5384,0,0.22
5385,0,0.14
5386,1,0.88
5387,1,0.84
5388,0,0.19
5389,1,0.86
5390,0,0.16
5391,0,0.26
5392,1,0.69
5393,1,0.82
5394,1,0.93
5395,1,0.66
5396,0,0.18
5397,0,0.19
5398,1,0.73
5399,1,0.86
5400,0,0.21
5401,0,0.36
5402,1,0.76
5403,0,0.14
5404,1,0.87
5405,1,0.87
5406,0,0.08
5407,0,0.12
5408,1,0.77
5409,1,0.74
5410,0,0.12
5411,1,0.76
5412,0,0.16
5413,0,0.22
5414,1,0.76
5415,1,0.74
5416,0,0.19
5417,1,0.91
5418,1,0.75
5419,0,0.13
5420,1,0.77
5421,0,0.26
5422,0,0.15
5423,1,0.69
5424,1,0.73
5425,0,0.34
5426,1,0.77
5427,0,0.24
5428,0,0.22
5429,1,0.71
5430,1,0.79
5431,0,0.24
5432,1,0.75
5433,0,0.23
5434,0,0.26
5435,1,0.77
5436,1,0.76
5437,0,0.2
5438,1,0.82
5439,0,0.24
5440,1,0.71
5441,0,0.21
5442,0,0.23
5443,1,0.82
5444,0,0.18
5445,1,0.83
5446,1,0.77
5447,0,0.2
5448,0,0.11
5449,1,0.88
5450,0,0.13
5451,1,0.85
5452,1,0.82
5453,0,0.17
5454,0,0.23
5455,1,0.76
5456,0,0.26
5457,1,0.79
5458,0,0.14
5459,1,0.9
5460,0,0.16
5461,1,0.81
5462,1,0.7
5463,0,0.24
5464,1,0.68
5465,0,0.2
5466,1,0.77
5467,0,0.32
5468,1,0.79
5469,0,0.28
5470,0,0.2
5471,1,0.75
5472,0,0.11
5473,1,0.84
5474,0,0.25
5475,1,0.73
5476,1,0.72
5477,0,0.19
5478,1,0.68
5479,0,0.34
5480,0,0.19
5481,1,0.81
5482,0,0.19
5483,1,0.77
5484,0,0.21
5485,1,0.75
5486,0,0.28
5487,1,0.8
5488,1,0.87
5489,0,0.18
5490,1,0.74
5491,0,0.22
5492,1,0.79
5493,0,0.2
5494,1,0.76
5495,0,0.23
5496,0,0.16
5497,1,0.77
5498,1,0.75
5499,0,0.3
5500,1,0.81
5501,0,0.23
5502,1,0.89
5503,0,0.22
5504,0,0.25
5505,1,0.75
5506,1,0.72
5507,0,0.28
5508,1,0.81
5509,0,0.14
5510,0,0.1
5511,1,0.84
5512,1,0.73
5513,0,0.21
5514,0,0.05
5515,1,0.84
5516,1,0.74
5517,0,0.25
5518,1,0.77
5519,0,0.25
5520,1,0.8
5521,0,0.21
5522,0,0.24
5523,1,0.7
5524,1,0.73
5525,0,0.22
5526,1,0.85
5527,0,0.2
5528,1,0.8
5529,0,0.26
5530,1,0.81
5531,0,0.15
5532,0,0.2
5533,1,0.8
5534,1,0.78
5535,0,0.21
5536,1,0.77
5537,0,0.21
5538,0,0.08
5539,1,0.94
5540,1,0.79
5541,0,0.26
5542,1,0.82
5543,0,0.21
5544,1,0.81
5545,1,0.7
5546,0,0.28
5547,0,0.19
5548,1,0.79
5549,1,0.76
5550,0,0.21
5551,1,0.88
5552,0,0.14
5553,0,0.19
5554,1,0.82
5555,0,0.2
5556,1,0.7
5557,0,0.2
5558,1,0.77
5559,1,0.76
5560,0,0.25
5561,1,0.81
5562,0,0.26
5563,0,0.3
5564,1,0.74
5565,1,0.82
5566,0,0.17
5567,1,0.8
5568,0,0.23
5569,0,0.16
5570,1,0.83
5571,0,0.21
5572,1,0.82
5573,1,0.82
5574,0,0.3
5575,1,0.79
5576,0,0.24
5577,0,0.32
5578,1,0.77
5579,0,0.11
5580,1,0.84
5581,0,0.22
5582,1,0.7
5583,1,0.88
5584,0,0.17
5585,1,0.84
5586,0,0.23
5587,0,0.18
5588,1,0.82
5589,1,0.81
5590,0,0.19
5591,0,0.24
5592,1,0.66
5593,0,0.21
5594,1,0.92
5595,1,0.83
5596,0,0.1
5597,1,0.86
5598,0,0.22
5599,0,0.23
5600,1,0.82
5601,1,0.8
5602,0,0.13
5603,1,0.76
5604,0,0.26
5605,0,0.16
5606,1,0.86
5607,0,0.36
5608,1,0.75
5609,1,0.73
5610,0,0.21
5611,1,0.73
5612,0,0.23
5613,0,0.24
5614,1,0.78
5615,1,0.85
5616,0,0.16
5617,0,0.29
5618,1,0.84
5619,1,0.89
5620,0,0.14
5621,1,0.74
5622,0,0.24
5623,1,0.73
5624,0,0.2
5625,0,0.28
5626,1,0.78
5627,0,0.23
5628,1,0.81
5629,0,0.15
5630,1,0.72
5631,0,0.28
5632,1,0.7
5633,1,0.77
5634,0,0.2
5635,0,0.15
5636,0,0.07
5637,1,0.74
5638,1,0.77
5639,0,0.24
5640,0,0.14
5641,1,0.87
5642,1,0.7
5643,0,0.24
5644,0,0.19
5645,1,0.78
5646,0,0.15
5647,1,0.84
5648,1,0.8
5649,0,0.25
5650,0,0.18
5651,1,0.92
5652,0,0.25
5653,1,0.72
5654,0,0.24
5655,1,0.74
5656,0,0.12
5657,1,0.91
5658,0,0.25
5659,1,0.76
5660,0,0.15
5661,1,0.82
5662,1,0.89
5663,0,0.24
5664,1,0.91
5665,0,0.13
5666,1,0.93
5667,0,0.16
5668,0,0.25
5669,1,0.8
5670,0,0.27
5671,1,0.74
5672,1,0.71
5673,0,0.28
5674,1,0.75
5675,0,0.18
5676,1,0.79
5677,1,0.83
5678,0,0.19
5679,1,0.85
5680,0,0.27
5681,1,0.7
5682,0,0.18
5683,0,0.24
5684,1,0.75
5685,0,0.31
5686,1,0.74
5687,0,0.28
5688,1,0.69
5689,0,0.29
5690,1,0.71
5691,0,0.17
5692,1,0.93
5693,1,0.83
5694,0,0.14
5695,0,0.09
5696,1,0.82
5697,0,0.32
5698,1,0.74
5699,0,0.31
5700,1,0.67
5701,0,0.19
5702,1,0.87
5703,0,0.28
5704,1,0.65
5705,0,0.25
5706,1,0.83
5707,0,0.25
5708,1,0.83
5709,0,0.16
5710,1,0.88
5711,0,0.16
5712,1,0.77
5713,0,0.13
5714,1,0.91
5715,0,0.19
5716,0,0.14
5717,1,0.86
5718,0,0.09
5719,1,0.88
5720,1,0.7
5721,0,0.24
5722,1,0.76
5723,0,0.29
5724,0,0.15
5725,1,0.77
5726,0,0.21
5727,1,0.79
5728,0,0.13
5729,1,0.81
5730,1,0.77
5731,0,0.1
5732,1,0.87
5733,0,0.27
5734,0,0.23
5735,1,0.77
5736,0,0.32
5737,1,0.83
5738,0,0.24
5739,1,0.78
5740,0,0.28
5741,1,0.77
5742,0,0.16
5743,1,0.82
5744,1,0.85
5745,0,0.2
5746,1,0.88
5747,0,0.25
5748,1,0.73
5749,0,0.14
5750,1,0.8
5751,0,0.28
5752,1,0.74
5753,0,0.25
5754,0,0.23
5755,1,0.73
5756,1,0.73
5757,0,0.25
5758,0,0.15
5759,1,0.89
5760,0,0.31
5761,1,0.76
5762,0,0.07
5763,1,0.8
5764,1,0.79
5765,0,0.19
5766,0,0.12
5767,1,0.83
5768,1,0.88
5769,0,0.21
5770,0,0.23
5771,1,0.72
5772,0,0.15
5773,1,0.87
5774,1,0.98
5775,0,0.14
5776,0,0.28
5777,1,0.72
5778,1,0.81
5779,0,0.24
5780,1,0.78
5781,0,0.27
5782,0,0.25
5783,1,0.72
5784,1,0.9
5785,0,0.18
5786,1,0.68
5787,0,0.25
5788,0,0.24
5789,1,0.81
5790,1,0.88
5791,0,0.24
5792,0,0.2
5793,1,0.92
5794,0,0.26
5795,1,0.82
5796,1,0.77
5797,0,0.18
5798,1,0.82
5799,0,0.2
5800,0,0.27
5801,1,0.72
5802,0,0.28
5803,1,0.79
5804,0,0.24
5805,1,0.85
5806,0,0.19
5807,1,0.76
5808,0,0.19
5809,1,0.8
5810,0,0.18
5811,1,0.75
5812,1,0.71
5813,0,0.21
5814,0,0.29
5815,1,0.77
5816,0,0.2
5817,1,0.75
5818,1,0.73
5819,0,0.23
5820,0,0.25
5821,1,0.8
5822,0,0.24
5823,1,0.81
5824,0,0.13
5825,1,0.72
5826,0,0.2
5827,1,0.76
5828,0,0.12
5829,1,0.78
5830,0,0.25
5831,1,0.77
5832,1,0.83
5833,0,0.22
5834,1,0.91
5835,0,0.16
5836,1,0.78
5837,0,0.2
5838,1,0.79
5839,0,0.14
5840,0,0.17
5841,1,0.78
5842,1,0.83
5843,0,0.21
5844,1,0.76
5845,0,0.28
5846,0,0.24
5847,1,0.75
5848,1,0.88
5849,0,0.3
5850,1,0.87
5851,0,0.23
5852,0,0.15
5853,1,0.78
5854,0,0.19
5855,1,0.71
5856,1,0.94
5857,0,0.16
5858,0,0.24
5859,1,0.75
5860,1,0.75
5861,0,0.28
5862,1,0.81
5863,0,0.26
5864,1,0.7
5865,0,0.16
5866,0,0.21
5867,1,0.62
5868,0,0.19
5869,1,0.77
5870,0,0.08
5871,1,0.74
5872,1,0.69
5873,0,0.15
5874,1,0.75
5875,0,0.25
5876,1,0.78
5877,0,0.21
5878,1,0.85
5879,0,0.18
5880,1,0.78
5881,0,0.36
5882,0,0.27
5883,1,0.68
5884,1,0.83
5885,0,0.06
5886,0,0.14
5887,1,0.8
5888,0,0.32
5889,1,0.7
5890,0,0.05
5891,1,0.84
5892,1,0.72
5893,0,0.22
5894,1,0.72
5895,0,0.19
5896,0,0.16
5897,1,0.73
5898,1,0.75
5899,0,0.23
5900,1,0.75
5901,0,0.27
5902,0,0.24
5903,1,0.7
5904,0,0.25
5905,1,0.83
5906,1,0.59
5907,0,0.19
5908,1,0.78
5909,0,0.38
5910,1,0.65
5911,0,0.16
5912,0,0.28
5913,1,0.66
5914,1,0.84
5915,0,0.07
5916,1,0.76
5917,0,0.19
5918,0,0.22
5919,1,0.83
5920,1,0.79
5921,0,0.17
5922,0,0.25
5923,1,0.83
5924,0,0.11
5925,1,0.91
5926,1,0.77
5927,0,0.22
5928,0,0.38
5929,1,0.81
5930,0,0.16
5931,1,0.84
5932,1,0.81
5933,0,0.19
5934,1,0.81
5935,1,0.72
5936,0,0.28
5937,1,0.64
5938,0,0.2
5939,1,0.81
5940,0,0.28
5941,0,0.17
5942,1,0.74
5943,1,0.79
5944,0,0.19
5945,1,0.74
5946,0,0.25
5947,0,0.24
5948,1,0.8
5949,0,0.24
5950,1,0.85
5951,1,0.75
5952,0,0.15
5953,0,0.32
5954,1,0.74
5955,0,0.1
5956,1,0.72
5957,1,0.73
5958,0,0.27
5959,0,0.22
5960,1,0.72
5961,1,0.77
5962,0,0.32
5963,1,0.83
5964,0,0.21
5965,0,0.23
5966,1,0.72
5967,1,0.7
5968,0,0.19
5969,0,0.2
5970,1,0.94
5971,0,0.09
5972,1,0.76
5973,0,0.22
5974,1,0.77
5975,0,0.15
5976,1,0.81
5977,0,0.26
5978,0,0.31
5979,1,0.71
5980,1,0.7
5981,0,0.2
5982,0,0.31
5983,1,0.75
5984,0,0.1
5985,1,0.85
5986,0,0.26
5987,1,0.7
5988,1,0.9
5989,0,0.12
5990,1,0.72
5991,0,0.21
5992,1,0.88
5993,0,0.12
5994,1,0.81
5995,0,0.25
5996,0,0.31
5997,1,0.81
5998,1,0.65
5999,0,0.17
6000,1,0.78
6001,0,0.24
6002,0,0.28
6003,1,0.73
6004,0,0.17
6005,1,0.83
6006,1,0.74
6007,0,0.28
6008,0,0.17
6009,1,0.75
6010,1,0.72
6011,0,0.24
6012,0,0.19
6013,1,0.83
6014,1,0.72
6015,0,0.2
6016,1,0.75
6017,0,0.21
6018,1,0.74
6019,0,0.18
6020,1,0.77
6021,0,0.18
6022,0,0.35
6023,1,0.77
6024,0,0.2
6025,1,0.75
6026,0,0.28
6027,1,0.74
6028,0,0.26
6029,1,0.71
6030,0,0.14
6031,1,0.85
6032,0,0.16
6033,0,0.13
6034,1,0.82
6035,0,0.14
6036,1,0.86
6037,1,0.72
6038,0,0.31
6039,0,0.19
6040,1,0.78
6041,0,0.3
6042,1,0.79
6043,0,0.19
6044,1,0.68
6045,1,0.8
6046,0,0.21
6047,0,0.21
6048,1,0.81
6049,1,0.92
6050,0,0.24
6051,0,0.34
6052,1,0.85
6053,0,0.16
6054,1,0.69
6055,1,0.82
6056,0,0.31
6057,1,0.71
6058,0,0.25
6059,1,0.77
6060,0,0.2
6061,1,0.73
6062,0,0.2
6063,1,0.81
6064,0,0.28
6065,0,0.29
6066,1,0.81
6067,0,0.19
6068,1,0.77
6069,0,0.24
6070,1,0.82
6071,1,0.81
6072,0,0.25
6073,1,0.71
6074,0,0.19
6075,0,0.15
6076,1,0.75
6077,0,0.23
6078,1,0.75
6079,1,0.85
6080,1,0.8
6081,0,0.32
6082,1,0.76
6083,0,0.2
6084,1,0.87
6085,0,0.07
6086,0,0.14
6087,1,0.85
6088,0,0.22
6089,1,0.81
6090,0,0.09
6091,1,0.75
6092,0,0.23
6093,1,0.82
6094,0,0.18
6095,1,0.73
6096,0,0.17
6097,1,0.77
6098,0,0.37
6099,1,0.75
6100,1,0.77
6101,0,0.2
6102,1,0.79
6103,0,0.23
6104,0,0.23
6105,1,0.86
6106,0,0.21
6107,1,0.75
6108,0,0.22
6109,1,0.79
6110,0,0.29
6111,1,0.74
6112,1,0.75
6113,0,0.26
6114,0,0.29
6115,1,0.79
6116,0,0.15
6117,1,0.73
6118,0,0.12
6119,1,0.86
6120,1,0.82
6121,0,0.23
6122,0,0.27
6123,1,0.75
6124,1,0.74
6125,0,0.25
6126,0,0.29
6127,1,0.75
6128,1,0.72
6129,0,0.18
6130,0,0.16
6131,1,0.76
6132,0,0.18
6133,1,0.75
6134,1,0.75
6135,0,0.15
6136,0,0.14
6137,1,0.72
6138,0,0.19
6139,1,0.77
6140,0,0.29
6141,1,0.82
6142,0,0.18
6143,1,0.84
6144,0,0.19
6145,1,0.74
6146,0,0.15
6147,1,0.89
6148,0,0.08
6149,1,0.85
6150,1,0.77
6151,0,0.24
6152,0,0.1
6153,1,0.95
6154,0,0.14
6155,1,0.83
6156,0,0.3
6157,1,0.73
6158,1,0.78
6159,0,0.2
6160,0,0.19
6161,1,0.72
6162,1,0.72
6163,0,0.19
6164,1,0.86
6165,0,0.33
6166,1,0.77
6167,0,0.26
6168,1,0.78
6169,0,0.22
6170,0,0.28
6171,1,0.81
6172,1,0.75
6173,0,0.17
6174,1,0.76
6175,0,0.21
6176,1,0.75
6177,0,0.29
6178,0,0.08
6179,1,0.79
6180,1,0.82
6181,0,0.25
6182,1,0.64
6183,0,0.35
6184,1,0.78
6185,0,0.34
6186,0,0.24
6187,1,0.7
6188,0,0.25
6189,1,0.81
6190,1,0.78
6191,0,0.19
6192,0,0.18
6193,1,0.83
6194,0,0.27
6195,1,0.85
6196,1,0.88
6197,0,0.25
6198,1,0.69
6199,0,0.27
6200,1,0.82
6201,0,0.06
6202,0,0.13
6203,1,0.82
6204,1,0.78
6205,0,0.15
6206,0,0.3
6207,1,0.74
6208,1,0.78
6209,0,0.17
6210,0,0.13
6211,1,0.86
6212,0,0.21
6213,1,0.77
6214,0,0.22
6215,1,0.85
6216,0,0.26
6217,1,0.83
6218,1,0.77
6219,0,0.18
6220,0,0.2
6221,0,0.25
6222,1,0.81
6223,0,0.2
6224,1,0.85
6225,1,0.76
6226,0,0.29
6227,1,0.77
6228,0,0.33
6229,1,0.76
6230,0,0.2
6231,1,0.87
6232,0,0.13
6233,0,0.19
6234,1,0.81
6235,0,0.24
6236,1,0.8
6237,0,0.17
6238,1,0.77
6239,0,0.3
6240,1,0.76
6241,0,0.29
6242,1,0.66
6243,1,0.8
6244,0,0.21
6245,1,0.69
6246,0,0.29
6247,1,0.8
6248,0,0.3
6249,0,0.31
6250,1,0.73
6251,1,0.68
6252,0,0.15
6253,1,0.85
6254,0,0.23
6255,1,0.74
6256,0,0.16
6257,1,0.74
6258,0,0.29
6259,1,0.87
6260,0,0.19
6261,1,0.81
6262,0,0.34
6263,1,0.7
6264,0,0.31
6265,0,0.2
6266,1,0.9
6267,1,0.74
6268,0,0.26
6269,1,0.79
6270,0,0.26
6271,1,0.84
6272,0,0.17
6273,1,0.72
6274,0,0.2
6275,0,0.11
6276,1,0.82
6277,0,0.34
6278,1,0.69
6279,0,0.25
6280,1,0.76
6281,0,0.21
6282,1,0.81
6283,1,0.77
6284,0,0.24
6285,0,0.13
6286,1,0.76
6287,0,0.1
6288,1,0.81
6289,0,0.17
6290,1,0.8
6291,1,0.79
6292,0,0.24
6293,0,0.1
6294,1,0.79
6295,0,0.19
6296,1,0.72
6297,1,0.83
6298,0,0.24
6299,1,0.73
6300,0,0.21
6301,1,0.76
6302,0,0.25
6303,1,0.83
6304,0,0.26
6305,1,0.82
6306,0,0.21
6307,1,0.74
6308,0,0.23
6309,1,0.79
6310,0,0.21
6311,0,0.24
6312,1,0.84
6313,0,0.22
6314,1,0.69
6315,0,0.07
6316,1,0.88
6317,1,0.79
6318,0,0.29
6319,0,0.27
6320,1,0.72
6321,0,0.19
6322,1,0.71
6323,0,0.13
6324,1,0.8
6325,0,0.29
6326,1,0.78
6327,0,0.31
6328,1,0.91
6329,1,0.75
6330,0,0.16
6331,1,0.79
6332,0,0.21
6333,1,0.77
6334,0,0.26
6335,0,0.16
6336,1,0.86
6337,1,0.75
6338,0,0.29
6339,0,0.23
6340,1,0.84
6341,1,0.94
6342,0,0.28
6343,0,0.28
6344,1,0.79
6345,0,0.21
6346,1,0.64
6347,1,0.75
6348,0,0.23
6349,0,0.22
6350,1,0.68
6351,0,0.24
6352,1,0.83
6353,1,0.8
6354,0,0.3
6355,1,0.82
6356,0,0.22
6357,0,0.25
6358,1,0.76
6359,0,0.08
6360,1,0.74
6361,1,0.78
6362,1,0.76
6363,0,0.21
6364,1,0.84
6365,0,0.26
6366,1,0.82
6367,0,0.29
6368,1,0.8
6369,0,0.29
6370,1,0.79
6371,0,0.21
6372,1,0.82
6373,0,0.17
6374,1,0.84
6375,0,0.2
6376,0,0.31
6377,1,0.84
6378,0,0.19
6379,1,0.84
6380,1,0.77
6381,0,0.3
6382,0,0.16
6383,1,0.79
6384,0,0.23
6385,1,0.76
6386,0,0.14
6387,1,0.81
6388,1,0.71
6389,0,0.3
6390,0,0.18
6391,1,0.79
6392,1,0.79
6393,0,0.16
6394,1,0.79
6395,0,0.2
6396,0,0.1
6397,1,0.83
6398,1,0.62
6399,0,0.21
6400,0,0.26
6401,1,0.82
6402,1,0.82
6403,0,0.22
6404,1,0.8
6405,0,0.25
6406,0,0.25
6407,1,0.76
6408,0,0.2
6409,1,0.93
6410,1,0.71
6411,0,0.22
6412,0,0.14
6413,1,0.8
6414,0,0.07
6415,1,0.85
6416,0,0.21
6417,1,0.78
6418,0,0.27
6419,1,0.72
6420,0,0.29
6421,1,0.81
6422,1,0.67
6423,0,0.34
6424,1,0.89
6425,0,0.16
6426,0,0.25
6427,1,0.7
6428,1,0.75
6429,0,0.24
6430,0,0.18
6431,1,0.79
6432,0,0.12
6433,1,0.8
6434,0,0.24
6435,1,0.78
6436,0,0.19
6437,1,0.78
6438,0,0.26
6439,1,0.8
6440,1,0.78
6441,0,0.14
6442,0,0.19
6443,1,0.75
6444,1,0.85
6445,0,0.18
6446,1,0.83
6447,0,0.28
6448,1,0.8
6449,0,0.19
6450,0,0.26
6451,1,0.79
6452,0,0.2
6453,1,0.82
6454,0,0.11
6455,1,0.74
6456,0,0.1
6457,1,0.77
6458,1,0.71
6459,0,0.23
6460,0,0.24
6461,1,0.79
6462,0,0.27
6463,1,0.72
6464,1,0.79
6465,0,0.2
6466,0,0.14
6467,1,0.81
6468,0,0.24
6469,1,0.76
6470,0,0.2
6471,1,0.77
6472,1,0.7
6473,0,0.22
6474,0,0.28
6475,1,0.83
6476,0,0.23
6477,1,0.84
6478,1,0.81
6479,0,0.27
6480,0,0.21
6481,1,0.79
6482,1,0.68
6483,0,0.26
6484,1,0.81
6485,0,0.21
6486,1,0.81
6487,0,0.26
6488,1,0.82
6489,0,0.15
6490,1,0.69
6491,0,0.22
6492,0,0.22
6493,1,0.89
6494,0,0.28
6495,1,0.68
6496,0,0.27
6497,1,0.68
6498,1,0.85
6499,0,0.26
6500,0,0.14
6501,1,0.93
6502,0,0.21
6503,1,0.73
6504,0,0.21
6505,1,0.77
6506,1,0.73
6507,0,0.24
6508,0,0.18
6509,1,0.82
6510,1,0.96
6511,0,0.04
6512,1,0.87
6513,0,0.27
6514,0,0.13
6515,1,0.78
6516,0,0.18
6517,1,0.84
6518,0,0.21
6519,1,0.8
6520,1,0.83
6521,0,0.17
6522,0,0.1
6523,1,0.81
6524,0,0.2
6525,1,0.79
6526,0,0.25
6527,1,0.76
6528,0,0.31
6529,1,0.71
6530,0,0.23
6531,1,0.84
6532,0,0.21
6533,1,0.75
6534,0,0.37
6535,1,0.81
6536,1,0.81
6537,0,0.16
6538,0,0.12
6539,1,0.86
6540,0,0.24
6541,1,0.77
6542,0,0.19
6543,1,0.84
6544,0,0.04
6545,1,0.92
6546,1,0.85
6547,0,0.21
6548,1,0.84
6549,0,0.22
6550,1,0.78
6551,0,0.16
6552,0,0.11
6553,1,0.77
6554,0,0.27
6555,1,0.81
6556,1,0.64
6557,0,0.2
6558,1,0.84
6559,0,0.09
6560,1,0.76
6561,0,0.29
6562,0,0.22
6563,1,0.68
6564,0,0.15
6565,1,0.86
6566,1,0.83
6567,0,0.28
6568,0,0.14
6569,1,0.8
6570,0,0.08
6571,1,0.85
6572,0,0.12
6573,1,0.8
6574,0,0.14
6575,1,0.74
6576,0,0.16
6577,1,0.83
6578,1,0.87
6579,0,0.2
6580,1,0.86
6581,0,0.2
6582,1,0.75
6583,0,0.14
6584,1,0.88
6585,0,0.16
6586,1,0.8
6587,0,0.17
6588,1,0.89
6589,0,0.13
6590,0,0.17
6591,1,0.78
6592,0,0.21
6593,1,0.89
6594,0,0.15
6595,1,0.83
6596,1,0.91
6597,0,0.21
6598,1,0.72
6599,0,0.24
6600,1,0.92
6601,0,0.25
6602,0,0.17
6603,1,0.82
6604,0,0.13
6605,1,0.81
6606,1,0.82
6607,0,0.15
6608,1,0.67
6609,0,0.19
6610,1,0.79
6611,0,0.21
6612,0,0.29
6613,1,0.79
6614,0,0.17
6615,1,0.78
6616,0,0.24
6617,1,0.85
6618,1,0.84
6619,0,0.17
6620,0,0.29
6621,1,0.77
6622,0,0.19
6623,1,0.79
6624,1,0.81
6625,0,0.25
6626,1,0.86
6627,0,0.21
6628,1,0.78
6629,0,0.2
6630,1,0.79
6631,0,0.14
6632,0,0.21
6633,1,0.73
6634,1,0.73
6635,0,0.2
6636,0,0.11
6637,1,0.77
6638,0,0.19
6639,1,0.86
6640,1,0.78
6641,0,0.28
6642,0,0.36
6643,1,0.71
6644,0,0.22
6645,1,0.91
6646,1,0.72
6647,0,0.18
6648,1,0.73
6649,0,0.07
6650,1,0.74
6651,0,0.25
6652,0,0.2
6653,1,0.78
6654,1,0.74
6655,0,0.09
6656,0,0.27
6657,1,0.68
6658,1,0.71
6659,0,0.17
6660,1,0.77
6661,0,0.29
6662,0,0.21
6663,1,0.75
6664,1,0.73
6665,0,0.27
6666,0,0.23
6667,1,0.84
6668,0,0.13
6669,1,0.79
6670,1,0.83
6671,0,0.27
6672,1,0.71
6673,0,0.18
6674,1,0.84
6675,0,0.23
6676,1,0.7
6677,0,0.28
6678,0,0.24
6679,1,0.78
6680,0,0.26
6681,1,0.79
6682,1,0.77
6683,0,0.34
6684,1,0.78
6685,0,0.17
6686,0,0.16
6687,1,0.82
6688,0,0.28
6689,1,0.84
6690,0,0.17
6691,1,0.83
6692,0,0.07
6693,1,0.86
6694,0,0.14
6695,1,0.79
6696,1,0.73
6697,0,0.37
6698,0,0.16
6699,1,0.84
6700,1,0.74
6701,0,0.21
6702,0,0.15
6703,1,0.8
6704,0,0.17
6705,1,0.75
6706,1,0.67
6707,0,0.09
6708,0,0.29
6709,1,0.89
6710,0,0.26
6711,1,0.92
6712,0,0.17
6713,1,0.9
6714,0,0.27
6715,1,0.8
6716,1,0.74
6717,0,0.21
6718,0,0.16
6719,1,0.82
6720,0,0.32
6721,1,0.65
6722,1,0.78
6723,0,0.23
6724,0,0.22
6725,1,0.73
6726,0,0.15
6727,1,0.89
6728,0,0.22
6729,1,0.78
6730,0,0.14
6731,1,0.73
6732,1,0.74
6733,0,0.29
6734,1,0.79
6735,0,0.15
6736,0,0.2
6737,1,0.8
6738,1,0.75
6739,0,0.25
6740,0,0.08
6741,1,0.96
6742,1,0.76
6743,0,0.16
6744,1,0.85
6745,0,0.17
6746,0,0.2
6747,1,0.79
6748,1,0.74
6749,0,0.29
6750,1,0.8
6751,0,0.24
6752,1,0.7
6753,0,0.19
6754,0,0.19
6755,1,0.8
6756,0,0.2
6757,1,0.76
6758,1,0.8
6759,0,0.24
6760,1,0.73
6761,0,0.18
6762,1,0.75
6763,0,0.35
6764,1,0.76
6765,0,0.29
6766,1,0.81
6767,0,0.31
6768,1,0.83
6769,0,0.1
6770,0,0.31
6771,1,0.75
6772,1,0.76
6773,0,0.23
6774,1,0.87
6775,0,0.19
6776,0,0.08
6777,1,0.88
6778,1,0.79
6779,0,0.3
6780,0,0.11
6781,1,0.81
6782,1,0.89
6783,0,0.14
6784,0,0.11
6785,1,0.85
6786,0,0.16
6787,1,0.84
6788,1,0.76
6789,0,0.17
6790,1,0.77
6791,0,0.25
6792,1,0.8
6793,0,0.3
6794,1,0.84
6795,0,0.29
6796,0,0.18
6797,1,0.8
6798,1,0.86
6799,0,0.26
6800,0,0.1
6801,1,0.9
6802,0,0.33
6803,1,0.77
6804,0,0.21
6805,1,0.65
6806,0,0.14
6807,1,0.84
6808,1,0.66
6809,0,0.29
6810,0,0.16
6811,1,0.78
6812,1,0.77
6813,0,0.33
6814,1,0.77
6815,0,0.17
6816,0,0.23
6817,1,0.91
6818,1,0.72
6819,0,0.27
6820,0,0.21
6821,1,0.93
6822,1,0.7
6823,0,0.2
6824,0,0.16
6825,1,0.81
6826,0,0.18
6827,1,0.77
6828,0,0.17
6829,1,0.84
6830,1,0.82
6831,0,0.27
6832,1,0.7
6833,0,0.27
6834,0,0.19
6835,1,0.83
6836,1,0.74
6837,0,0.29
6838,0,0.22
6839,1,0.79
6840,1,0.75
6841,0,0.18
6842,0,0.31
6843,1,0.8
6844,1,0.95
6845,0,0.24
6846,1,0.74
6847,0,0.22
6848,1,0.8
6849,1,0.76
6850,0,0.33
6851,1,0.79
6852,0,0.25
6853,1,0.85
6854,0,0.18
6855,1,0.75
6856,0,0.29
6857,1,0.72
6858,0,0.16
6859,0,0.05
6860,1,0.83
6861,0,0.15
6862,1,0.73
6863,1,0.8
6864,0,0.1
6865,1,0.8
6866,0,0.26
6867,0,0.22
6868,1,0.81
6869,0,0.21
6870,1,0.78
6871,0,0.12
6872,1,0.76
6873,1,0.76
6874,0,0.18
6875,1,0.7
6876,0,0.42
6877,1,0.75
6878,0,0.25
6879,1,0.84
6880,0,0.28
6881,1,0.81
6882,0,0.16
6883,0,0.17
6884,1,0.92
6885,1,0.87
6886,0,0.15
6887,1,0.66
6888,0,0.21
6889,1,0.84
6890,0,0.26
6891,1,0.7
6892,0,0.19
6893,1,0.8
6894,0,0.2
6895,1,0.7
6896,0,0.24
6897,1,0.82
6898,0,0.24
6899,1,0.88
6900,0,0.16
6901,1,0.84
6902,0,0.19
6903,0,0.22
6904,1,0.76
6905,1,0.66
6906,0,0.23
6907,1,0.75
6908,0,0.14
6909,0,0.18
6910,1,0.72
6911,0,0.3
6912,1,0.7
6913,0,0.14
6914,1,0.78
6915,0,0.19
6916,1,0.74
6917,1,0.81
6918,0,0.14
6919,0,0.3
6920,1,0.71
6921,1,0.77
6922,0,0.22
6923,0,0.14
6924,1,0.84
6925,0,0.24
6926,1,0.78
6927,1,0.74
6928,0,0.34
6929,0,0.11
6930,1,0.73
6931,0,0.26
6932,1,0.74
6933,0,0.2
6934,1,0.71
6935,0,0.33
6936,1,0.8
6937,1,0.69
6938,0,0.28
6939,1,0.88
6940,0,0.2
6941,0,0.22
6942,1,0.79
6943,0,0.11
6944,1,0.72
6945,0,0.23
6946,1,0.75
6947,0,0.25
6948,1,0.75
6949,0,0.19
6950,1,0.82
6951,1,0.69
6952,0,0.17
6953,0,0.16
6954,1,0.75
6955,1,0.8
6956,0,0.14
6957,1,0.77
6958,0,0.28
6959,1,0.84
6960,0,0.17
6961,0,0.16
6962,1,0.92
6963,0,0.17
6964,1,0.89
6965,0,0.24
6966,1,0.72
6967,1,0.8
6968,0,0.2
6969,1,0.74
6970,0,0.26
6971,1,0.77
6972,0,0.18
6973,1,0.71
6974,0,0.3
6975,1,0.76
6976,0,0.25
6977,0,0.17
6978,1,0.9
6979,0,0.08
6980,1,0.86
6981,1,0.88
6982,0,0.23
6983,0,0.19
6984,1,0.83
6985,1,0.77
6986,0,0.22
6987,1,0.92
6988,0,0.21
6989,0,0.16
6990,1,0.84
6991,1,0.91
6992,0,0.2
6993,0,0.21
6994,1,0.8
6995,0,0.25
6996,1,0.78
6997,0,0.25
6998,1,0.75
6999,0,0.27
7000,1,0.81
7001,1,0.79
7002,0,0.18
7003,0,0.21
7004,1,0.8
7005,1,0.83
7006,0,0.29
7007,1,0.73
7008,0,0.35
7009,0,0.19
7010,1,0.81
7011,1,0.79
7012,0,0.07
7013,0,0.18
7014,1,0.82
7015,1,0.83
7016,0,0.21
7017,0,0.24
7018,1,0.73
7019,0,0.19
7020,1,0.82
7021,1,0.82
7022,0,0.21
7023,0,0.29
7024,1,0.83
7025,1,0.8
7026,0,0.2
7027,0,0.24
7028,1,0.7
7029,1,0.81
7030,0,0.27
7031,1,0.77
7032,0,0.21
7033,0,0.17
7034,1,0.8
7035,1,0.73
7036,0,0.25
7037,0,0.28
7038,1,0.69
7039,1,0.77
7040,0,0.15
7041,1,0.81
7042,0,0.18
7043,1,0.71
7044,0,0.15
7045,1,0.72
7046,0,0.27
7047,0,0.25
7048,1,0.76
7049,1,0.8
7050,0,0.21
7051,1,0.75
7052,0,0.31
7053,0,0.12
7054,1,0.77
7055,0,0.09
7056,1,0.85
7057,0,0.26
7058,1,0.81
7059,1,0.77
7060,0,0.29
7061,1,0.79
7062,0,0.27
7063,0,0.26
7064,1,0.66
7065,0,0.22
7066,1,0.84
7067,0,0.31
7068,1,0.68
7069,0,0.24
7070,1,0.75
7071,0,0.34
7072,1,0.78
7073,1,0.79
7074,0,0.26
7075,0,0.21
7076,1,0.78
7077,1,0.8
7078,0,0.21
7079,0,0.21
7080,1,0.79
7081,1,0.73
7082,0,0.23
7083,0,0.16
7084,1,0.84
7085,1,0.76
7086,0,0.27
7087,0,0.15
7088,1,0.78
7089,1,0.76
7090,0,0.28
7091,0,0.18
7092,1,0.79
7093,0,0.27
7094,1,0.72
7095,1,0.83
7096,0,0.2
7097,0,0.17
7098,1,0.82
7099,1,0.72
7100,0,0.22
7101,0,0.14
7102,1,0.71
7103,0,0.14
7104,1,0.82
7105,1,0.73
7106,0,0.21
7107,0,0.21
7108,1,0.8
7109,0,0.21
7110,1,0.86
7111,1,0.79
7112,0,0.23
7113,1,0.71
7114,0,0.28
7115,1,0.74
7116,0,0.21
7117,1,0.72
7118,0,0.22
7119,1,0.73
7120,0,0.26
7121,0,0.2
7122,1,0.72
7123,1,0.76
7124,0,0.29
7125,0,0.23
7126,1,0.78
7127,0,0.1
7128,1,0.8
7129,0,0.11
7130,1,0.96
7131,1,0.85
7132,0,0.15
7133,1,0.82
7134,0,0.18
7135,1,0.76
7136,0,0.24
7137,1,0.65
7138,0,0.15
7139,0,0.32
7140,1,0.74
7141,1,0.82
7142,0,0.19
7143,1,0.9
7144,0,0.19
7145,1,0.74
7146,0,0.29
7147,1,0.79
7148,0,0.11
7149,0,0.16
7150,1,0.7
7151,0,0.23
7152,1,0.74
7153,1,0.78
7154,0,0.17
7155,1,0.78
7156,0,0.14
7157,0,0.18
7158,1,0.75
7159,1,0.79
7160,0,0.23
7161,1,0.83
7162,1,0.78
7163,0,0.27
7164,0,0.22
7165,1,0.76
7166,1,0.79
7167,0,0.32
7168,0,0.26
7169,1,0.7
7170,1,0.72
7171,0,0.26
7172,1,0.77
7173,0,0.29
7174,1,0.84
7175,0,0.23
7176,1,0.78
7177,0,0.26
7178,1,0.68
7179,0,0.24
7180,0,0.27
7181,1,0.86
7182,0,0.18
7183,1,0.81
7184,0,0.27
7185,1,0.81
7186,0,0.09
7187,1,0.8
7188,1,0.79
7189,0,0.18
7190,1,0.95
7191,0,0.22
7192,1,0.77
7193,0,0.27
7194,0,0.11
7195,1,0.72
7196,0,0.17
7197,1,0.74
7198,1,0.74
7199,0,0.19
7200,0,0.1
7201,1,0.74
7202,0,0.22
7203,1,0.84
7204,0,0.19
7205,1,0.82
7206,1,0.87
7207,0,0.16
7208,0,0.26
7209,1,0.76
7210,0,0.18
7211,1,0.78
7212,1,0.71
7213,0,0.17
7214,1,0.79
7215,0,0.2
7216,0,0.23
7217,0,0.15
7218,1,0.75
7219,0,0.24
7220,1,0.73
7221,0,0.32
7222,1,0.81
7223,0,0.12
7224,1,0.73
7225,1,0.88
7226,0,0.2
7227,1,0.75
7228,0,0.21
7229,0,0.15
7230,1,0.81
7231,1,0.74
7232,0,0.25
7233,0,0.21
7234,1,0.87
7235,1,0.81
7236,0,0.19
7237,0,0.27
7238,1,0.79
7239,0,0.19
7240,1,0.76
7241,0,0.15
7242,1,0.86
7243,1,0.83
7244,0,0.28
7245,0,0.17
7246,1,0.81
7247,1,0.76
7248,0,0.25
7249,1,0.67
7250,0,0.26
7251,0,0.3
7252,1,0.75
7253,1,0.94
7254,0,0.22
7255,0,0.11
7256,1,0.9
7257,0,0.22
7258,1,0.72
7259,0,0.23
7260,1,0.72
7261,0,0.12
7262,1,0.65
7263,0,0.35
7264,1,0.93
7265,0,0.3
7266,1,0.76
7267,1,0.83
7268,0,0.15
7269,0,0.27
7270,1,0.68
7271,1,0.71
7272,0,0.2
7273,0,0.27
7274,1,0.82
7275,0,0.14
7276,1,0.8
7277,0,0.21
7278,1,0.75
7279,1,0.91
7280,0,0.17
7281,0,0.2
7282,1,0.74
7283,0,0.16
7284,1,0.89
7285,0,0.16
7286,1,0.77
7287,0,0.15
7288,0,0.22
7289,1,0.81
7290,0,0.3
7291,1,0.73
7292,1,0.71
7293,0,0.2
7294,1,0.77
7295,0,0.28
7296,1,0.92
7297,0,0.14
7298,1,0.77
7299,0,0.2
7300,0,0.31
7301,1,0.81
7302,1,0.73
7303,0,0.25
7304,0,0.27
7305,1,0.72
7306,0,0.3
7307,1,0.73
7308,1,0.77
7309,0,0.22
7310,0,0.17
7311,1,0.75
7312,1,0.75
7313,0,0.17
7314,1,0.75
7315,0,0.21
7316,1,0.75
7317,0,0.32
7318,1,0.75
7319,0,0.3
7320,0,0.14
7321,1,0.82
7322,0,0.21
7323,1,0.94
7324,0,0.31
7325,1,0.79
7326,0,0.16
7327,1,0.7
7328,0,0.23
7329,1,0.86
7330,0,0.16
7331,1,0.94
7332,0,0.16
7333,1,0.78
7334,0,0.12
7335,1,0.83
7336,0,0.17
7337,1,0.8
7338,0,0.26
7339,1,0.82
7340,1,0.84
7341,0,0.17
7342,1,0.82
7343,0,0.26
7344,1,0.8
7345,0,0.2
7346,1,0.76
7347,0,0.21
7348,0,0.31
7349,1,0.73
7350,0,0.25
7351,1,0.7
7352,0,0.14
7353,0,0.2
7354,1,0.89
7355,1,0.71
7356,0,0.26
7357,0,0.12
7358,1,0.93
7359,0,0.25
7360,1,0.77
7361,0,0.22
7362,1,0.79
7363,1,0.88
7364,0,0.13
7365,1,0.83
7366,0,0.2
7367,1,0.73
7368,0,0.2
7369,0,0.14
7370,1,0.88
7371,0,0.18
7372,1,0.73
7373,0,0.3
7374,1,0.71
7375,1,0.83
7376,0,0.21
7377,0,0.22
7378,1,0.83
7379,1,0.77
7380,0,0.26
7381,0,0.24
7382,1,0.77
7383,1,0.76
7384,0,0.28
7385,1,0.69
7386,0,0.06
7387,0,0.14
7388,1,0.78
7389,0,0.29
7390,1,0.7
7391,1,0.96
7392,0,0.24
7393,1,0.72
7394,0,0.19
7395,1,0.78
7396,0,0.18
7397,1,0.95
7398,0,0.22
7399,1,0.93
7400,0,0.22
7401,0,0.11
7402,1,0.76
7403,0,0.13
7404,1,0.92
7405,0,0.15
7406,1,0.8
7407,0,0.07
7408,1,0.7
7409,0,0.27
7410,1,0.79
7411,1,0.7
7412,0,0.21
7413,1,0.87
7414,0,0.16
7415,0,0.16
7416,1,0.7
7417,0,0.16
7418,0,0.12
7419,1,0.75
7420,1,0.89
7421,0,0.12
7422,1,0.84
7423,0,0.18
7424,0,0.08
7425,1,0.76
7426,1,0.88
7427,0,0.13
7428,0,0.12
7429,1,0.89
7430,0,0.07
7431,1,0.9
7432,1,0.78
7433,0,0.13
7434,1,0.83
7435,0,0.24
7436,0,0.14
7437,1,0.72
7438,1,0.88
7439,0,0.18
7440,1,0.88
7441,0,0.21
7442,0,0.25
7443,1,0.84
7444,0,0.08
7445,1,0.83
7446,1,0.74
7447,0,0.21
7448,0,0.15
7449,1,0.9
7450,0,0.28
7451,1,0.9
7452,0,0.08
7453,0,0.15
7454,1,0.73
7455,0,0.32
7456,1,0.77
7457,0,0.24
7458,1,0.72
7459,0,0.14
7460,1,0.9
7461,1,0.75
7462,0,0.34
7463,0,0.33
7464,1,0.82
7465,0,0.29
7466,1,0.81
7467,1,0.8
7468,0,0.18
7469,0,0.2
7470,1,0.82
7471,0,0.23
7472,1,0.81
7473,0,0.26
7474,1,0.88
7475,0,0.2
7476,0,0.23
7477,1,0.75
7478,1,0.78
7479,0,0.27
7480,1,0.84
7481,0,0.23
7482,1,0.81
7483,0,0.32
7484,1,0.76
7485,0,0.25
7486,1,0.79
7487,0,0.27
7488,1,0.84
7489,0,0.21
7490,0,0.28
7491,1,0.78
7492,1,0.76
7493,0,0.22
7494,1,0.73
7495,0,0.22
7496,1,0.82
7497,0,0.21
7498,0,0.17
7499,1,0.78
7500,1,0.72
7501,0,0.23
7502,0,0.16
7503,1,0.84
7504,1,0.85
7505,0,0.29
7506,1,0.79
7507,0,0.29
7508,1,0.7
7509,0,0.27
7510,0,0.33
7511,1,0.75
7512,1,0.69
7513,0,0.14
7514,0,0.14
7515,1,0.76
7516,0,0.24
7517,1,0.83
7518,1,0.92
7519,0,0.19
7520,0,0.24
7521,1,0.73
7522,1,0.9
7523,0,0.11
7524,1,0.85
7525,0,0.19
7526,1,0.86
7527,0,0.26
7528,1,0.77
7529,0,0.2
7530,1,0.72
7531,0,0.2
7532,0,0.28
7533,1,0.85
7534,1,0.76
7535,0,0.2
7536,0,0.17
7537,1,0.87
7538,0,0.24
7539,1,0.79
7540,0,0.3
7541,1,0.79
7542,0,0.26
7543,1,0.79
7544,1,0.86
7545,0,0.2
7546,1,0.78
7547,0,0.2
7548,1,0.77
7549,0,0.33
7550,0,0.32
7551,1,0.74
7552,0,0.21
7553,1,0.77
7554,0,0.1
7555,1,0.82
7556,1,0.76
7557,0,0.28
7558,1,0.81
7559,0,0.21
7560,0,0.16
7561,1,0.92
7562,0,0.09
7563,0,0.27
7564,1,0.64
7565,1,0.75
7566,0,0.25
7567,0,0.23
7568,1,0.9
7569,0,0.18
7570,1,0.85
7571,0,0.25
7572,1,0.76
7573,1,0.91
7574,0,0.21
7575,0,0.15
7576,1,0.79
7577,0,0.24
7578,1,0.74
7579,0,0.2
7580,1,0.89
7581,0,0.2
7582,1,0.87
7583,0,0.12
7584,1,0.87
7585,0,0.18
7586,1,0.8
7587,0,0.22
7588,1,0.74
7589,0,0.17
7590,1,0.89
7591,0,0.14
7592,1,0.78
7593,0,0.13
7594,1,0.84
7595,0,0.21
7596,1,0.86
7597,0,0.18
7598,1,0.77
7599,1,0.83
7600,0,0.19
7601,0,0.14
7602,1,0.77
7603,0,0.22
7604,1,0.71
7605,0,0.26
7606,1,0.74
7607,1,0.75
7608,0,0.14
7609,1,0.91
7610,1,0.9
7611,0,0.16
7612,0,0.21
7613,1,0.75
7614,1,0.81
7615,0,0.18
7616,1,0.79
7617,0,0.07
7618,0,0.18
7619,1,0.81
7620,0,0.19
7621,1,0.79
7622,0,0.09
7623,1,0.81
7624,0,0.25
7625,1,0.68
7626,1,0.85
7627,0,0.17
7628,1,0.84
7629,0,0.17
7630,1,0.78
7631,0,0.14
7632,1,0.77
7633,0,0.16
7634,1,0.94
7635,0,0.2
7636,1,0.76
7637,0,0.21
7638,0,0.18
7639,1,0.79
7640,0,0.22
7641,1,0.81
7642,0,0.21
7643,1,0.7
7644,1,0.75
7645,0,0.24
7646,1,0.82
7647,0,0.23
7648,0,0.27
7649,1,0.75
7650,1,0.84
7651,0,0.22
7652,0,0.23
7653,1,0.75
7654,0,0.14
7655,1,0.8
7656,1,0.71
7657,0,0.12
7658,0,0.29
7659,1,0.73
7660,1,0.78
7661,0,0.18
7662,1,0.82
7663,0,0.28
7664,0,0.11
7665,1,0.75
7666,0,0.25
7667,1,0.8
7668,1,0.8
7669,0,0.26
7670,0,0.15
7671,1,0.89
7672,0,0.11
7673,1,0.78
7674,0,0.12
7675,1,0.85
7676,0,0.21
7677,1,0.78
7678,1,0.89
7679,0,0.12
7680,0,0.18
7681,1,0.91
7682,1,0.83
7683,0,0.09
7684,1,0.85
7685,0,0.22
7686,1,0.88
7687,0,0.07
7688,1,0.87
7689,0,0.18
7690,1,0.83
7691,0,0.13
7692,1,0.84
7693,0,0.1
7694,1,0.85
7695,0,0.08
7696,1,0.89
7697,0,0.09
7698,1,0.86
7699,0,0.24
7700,1,0.72
7701,1,0.8
7702,0,0.21
7703,1,0.8
7704,0,0.24
7705,0,0.27
7706,1,0.85
7707,1,0.86
7708,0,0.18
7709,1,0.8
7710,0,0.27
7711,0,0.29
7712,1,0.79
7713,0,0.25
7714,1,0.87
7715,0,0.13
7716,1,0.74
7717,1,0.68
7718,0,0.24
7719,1,0.74
7720,0,0.2
7721,1,0.96
7722,0,0.16
7723,1,0.81
7724,0,0.28
7725,0,0.22
7726,1,0.71
7727,1,0.8
7728,0,0.37
7729,0,0.28
7730,1,0.76
7731,1,0.77
7732,0,0.19
7733,1,0.78
7734,0,0.22
7735,0,0.2
7736,1,0.73
7737,1,0.84
7738,0,0.2
7739,0,0.24
7740,1,0.75
7741,1,0.9
7742,0,0.19
7743,0,0.28
7744,1,0.88
7745,1,0.76
7746,0,0.18
7747,0,0.2
7748,1,0.82
7749,0,0.14
7750,1,0.8
7751,0,0.3
7752,1,0.75
7753,1,0.72
7754,0,0.15
7755,1,0.77
7756,0,0.33
7757,1,0.77
7758,0,0.24
7759,0,0.11
7760,1,0.81
7761,0,0.09
7762,1,0.79
7763,1,0.69
7764,0,0.23
7765,1,0.85
7766,0,0.1
7767,0,0.12
7768,1,0.74
7769,0,0.14
7770,1,0.73
7771,0,0.22
7772,1,0.7
7773,1,0.81
7774,0,0.24
7775,1,0.79
7776,0,0.27
7777,0,0.18
7778,1,0.89
7779,1,0.86
7780,0,0.17
7781,1,0.73
7782,0,0.26
7783,1,0.69
7784,0,0.15
7785,0,0.11
7786,1,0.81
7787,0,0.15
7788,1,0.9
7789,1,0.87
7790,0,0.17
7791,1,0.7
7792,0,0.19
7793,0,0.28
7794,1,0.83
7795,0,0.19
7796,1,0.75
7797,0,0.2
7798,1,0.76
7799,1,0.75
7800,0,0.17
7801,0,0.22
7802,1,0.8
7803,1,0.76
7804,0,0.25
7805,0,0.1
7806,1,0.86
7807,1,0.79
7808,0,0.27
7809,0,0.22
7810,1,0.74
7811,0,0.21
7812,1,0.79
7813,1,0.93
7814,0,0.14
7815,0,0.16
7816,1,0.79
7817,0,0.21
7818,1,0.78
7819,1,0.71
7820,0,0.28
7821,0,0.12
7822,1,0.71
7823,0,0.23
7824,1,0.77
7825,1,0.8
7826,0,0.19
7827,0,0.2
7828,1,0.88
7829,1,0.86
7830,0,0.25
7831,0,0.31
7832,1,0.84
7833,0,0.21
7834,1,0.75
7835,0,0.35
7836,1,0.75
7837,0,0.17
7838,1,0.73
7839,0,0.19
7840,1,0.77
7841,0,0.17
7842,1,0.89
7843,1,0.76
7844,0,0.25
7845,1,0.72
7846,0,0.26
7847,1,0.8
7848,0,0.2
7849,0,0.33
7850,1,0.77
7851,1,0.77
7852,0,0.18
7853,0,0.21
7854,1,0.76
7855,0,0.14
7856,1,0.84
7857,0,0.13
7858,1,0.89
7859,0,0.17
7860,1,0.81
7861,1,0.75
7862,0,0.22
7863,1,0.79
7864,0,0.23
7865,0,0.27
7866,1,0.88
7867,1,0.76
7868,0,0.17
7869,0,0.26
7870,1,0.79
7871,0,0.2
7872,1,0.8
7873,1,0.86
7874,0,0.18
7875,1,0.8
7876,0,0.1
7877,1,0.71
7878,0,0.2
7879,1,0.72
7880,0,0.1
7881,1,0.79
7882,0,0.16
7883,0,0.29
7884,1,0.77
7885,0,0.28
7886,1,0.76
7887,1,0.72
7888,0,0.24
7889,0,0.15
7890,1,0.82
7891,1,0.7
7892,0,0.16
7893,1,0.85
7894,0,0.29
7895,0,0.16
7896,1,0.78
7897,1,0.77
7898,0,0.26
7899,1,0.78
7900,0,0.21
7901,0,0.13
7902,1,0.8
7903,1,0.86
7904,0,0.14
7905,1,0.76
7906,0,0.23
7907,0,0.19
7908,1,0.82
7909,0,0.15
7910,1,0.89
7911,1,0.86
7912,0,0.17
7913,1,0.74
7914,0,0.33
7915,0,0.14
7916,1,0.75
7917,0,0.2
7918,1,0.75
7919,0,0.24
7920,1,0.69
7921,0,0.2
7922,1,0.84
7923,0,0.18
7924,1,0.76
7925,1,0.71
7926,0,0.19
7927,0,0.17
7928,1,0.76
7929,1,0.81
7930,0,0.19
7931,1,0.74
7932,0,0.19
7933,1,0.75
7934,0,0.27
7935,0,0.14
7936,1,0.79
7937,1,0.79
7938,0,0.19
7939,1,0.79
7940,0,0.19
7941,0,0.08
7942,1,0.88
7943,1,0.73
7944,0,0.16
7945,1,0.88
7946,0,0.13
7947,1,0.8
7948,0,0.23
7949,0,0.12
7950,1,0.91
7951,1,0.75
7952,0,0.24
7953,1,0.75
7954,0,0.26
7955,1,0.76
7956,0,0.36
7957,0,0.23
7958,1,0.7
7959,1,0.89
7960,0,0.31
7961,1,0.73
7962,1,0.75
7963,0,0.15
7964,0,0.28
7965,1,0.83
7966,0,0.32
7967,1,0.72
7968,1,0.7
7969,0,0.26
7970,1,0.73
7971,0,0.23
7972,0,0.2
7973,1,0.85
7974,1,0.89
7975,0,0.29
7976,1,0.85
7977,0,0.2
7978,1,0.76
7979,0,0.22
7980,0,0.16
7981,1,0.78
7982,0,0.16
7983,1,0.84
7984,1,0.8
7985,0,0.15
7986,1,0.82
7987,0,0.18
7988,1,0.62
7989,0,0.28
7990,1,0.82
7991,0,0.26
7992,0,0.25
7993,1,0.7
7994,0,0.18
7995,1,0.83
7996,1,0.75
7997,0,0.25
7998,1,0.77
7999,0,0.23
8000,0,0.21
8001,1,0.75
8002,1,0.89
8003,0,0.18
8004,0,0.08
8005,1,0.8
8006,1,0.89
8007,0,0.28
8008,0,0.16
8009,1,0.86
8010,0,0.22
8011,1,0.69
8012,0,0.25
8013,1,0.77
8014,0,0.16
8015,0,0.27
8016,1,0.73
8017,0,0.16
8018,1,0.79
8019,0,0.06
8020,1,0.81
8021,0,0.22
8022,1,0.81
8023,0,0.18
8024,1,0.89
8025,0,0.26
8026,1,0.65
8027,1,0.85
8028,0,0.19
8029,1,0.81
8030,0,0.22
8031,0,0.18
8032,1,0.77
8033,0,0.17
8034,1,0.78
8035,0,0.19
8036,1,0.8
8037,0,0.11
8038,1,0.7
8039,1,0.79
8040,0,0.24
8041,0,0.18
8042,1,0.74
8043,1,0.83
8044,0,0.23
8045,0,0.26
8046,1,0.72
8047,0,0.27
8048,1,0.86
8049,1,0.73
8050,0,0.26
8051,0,0.16
8052,1,0.74
8053,0,0.2
8054,1,0.96
8055,1,0.77
8056,0,0.18
8057,1,0.74
8058,0,0.07
8059,0,0.2
8060,1,0.87
8061,0,0.25
8062,1,0.85
8063,1,0.92
8064,0,0.21
8065,1,0.85
8066,0,0.18
8067,1,0.9
8068,0,0.04
8069,1,0.9
8070,1,0.8
8071,0,0.27
8072,1,0.75
8073,0,0.28
8074,0,0.24
8075,1,0.75
8076,0,0.14
8077,1,0.86
8078,0,0.18
8079,1,0.69
8080,1,0.67
8081,0,0.23
8082,0,0.18
8083,1,0.69
8084,1,0.8
8085,0,0.16
8086,1,0.68
8087,0,0.21
8088,1,0.82
8089,0,0.21
8090,0,0.12
8091,1,0.83
8092,0,0.34
8093,1,0.78
8094,0,0.13
8095,1,0.68
8096,0,0.14
8097,1,0.77
8098,1,0.89
8099,0,0.17
8100,1,0.65
8101,0,0.16
8102,1,0.85
8103,0,0.23
8104,1,0.89
8105,0,0.19
8106,1,0.82
8107,0,0.24
8108,1,0.73
8109,0,0.29
8110,1,0.77
8111,0,0.15
8112,0,0.22
8113,1,0.71
8114,0,0.21
8115,1,0.76
8116,1,0.76
8117,0,0.24
8118,1,0.78
8119,0,0.2
8120,1,0.73
8121,0,0.23
8122,0,0.24
8123,1,0.82
8124,0,0.09
8125,1,0.81
8126,1,0.9
8127,0,0.19
8128,1,0.73
8129,0,0.22
8130,0,0.21
8131,1,0.75
8132,1,0.81
8133,0,0.19
8134,0,0.23
8135,1,0.85
8136,1,0.83
8137,0,0.1
8138,1,0.76
8139,0,0.21
8140,1,0.77
8141,0,0.26
8142,1,0.72
8143,0,0.23
8144,0,0.22
8145,1,0.77
8146,1,0.87
8147,0,0.21
8148,0,0.23
8149,1,0.83
8150,0,0.14
8151,1,0.7
8152,0,0.29
8153,1,0.86
8154,0,0.15
8155,1,0.83
8156,0,0.18
8157,1,0.72
8158,0,0.17
8159,1,0.73
8160,1,0.7
8161,0,0.31
8162,1,0.72
8163,0,0.29
8164,1,0.82
8165,0,0.17
8166,0,0.25
8167,1,0.79
8168,1,0.75
8169,0,0.3
8170,1,0.86
8171,0,0.19
8172,1,0.89
8173,0,0.17
8174,1,0.89
8175,0,0.18
8176,1,0.75
8177,1,0.75
8178,0,0.27
8179,0,0.17
8180,1,0.76
8181,0,0.13
8182,1,0.88
8183,0,0.21
8184,1,0.65
8185,0,0.13
8186,1,0.77
8187,0,0.14
8188,1,0.73
8189,0,0.22
8190,0,0.29
8191,1,0.72
8192,1,0.75
8193,0,0.19
8194,1,0.87
8195,0,0.25
8196,1,0.75
8197,0,0.28
8198,1,0.73
8199,0,0.21
8200,1,0.84
8201,0,0.18
8202,1,0.85
8203,0,0.22
8204,1,0.89
8205,0,0.24
8206,1,0.77
8207,0,0.15
8208,1,0.91
8209,1,0.65
8210,0,0.28
8211,0,0.21
8212,1,0.73
8213,1,0.75
8214,0,0.31
8215,0,0.17
8216,1,0.76
8217,1,0.79
8218,0,0.19
8219,1,0.76
8220,0,0.17
8221,0,0.21
8222,1,0.83
8223,1,0.76
8224,0,0.22
8225,1,0.81
8226,0,0.17
8227,0,0.18
8228,1,0.66
8229,0,0.24
8230,1,0.71
8231,1,0.77
8232,0,0.21
8233,0,0.18
8234,1,0.82
8235,1,0.77
8236,0,0.25
8237,0,0.28
8238,1,0.63
8239,1,0.71
8240,0,0.22
8241,0,0.29
8242,1,0.83
8243,0,0.16
8244,1,0.86
8245,0,0.2
8246,1,0.81
8247,1,0.89
8248,0,0.29
8249,1,0.87
8250,0,0.2
8251,0,0.23
8252,1,0.78
8253,1,0.77
8254,0,0.25
8255,0,0.23
8256,1,0.78
8257,0,0.26
8258,1,0.83
8259,1,0.78
8260,0,0.37
8261,0,0.12
8262,1,0.82
8263,1,0.86
8264,0,0.22
8265,0,0.3
8266,1,0.7
8267,0,0.16
8268,1,0.79
8269,0,0.17
8270,1,0.79
8271,1,0.7
8272,0,0.1
8273,0,0.23
8274,1,0.78
8275,1,0.9
8276,0,0.23
8277,1,0.82
8278,0,0.17
8279,0,0.2
8280,1,0.78
8281,1,0.73
8282,0,0.15
8283,1,0.89
8284,0,0.17
8285,0,0.24
8286,1,0.77
8287,0,0.23
8288,1,0.81
8289,0,0.22
8290,1,0.71
8291,1,0.74
8292,0,0.29
8293,1,0.69
8294,0,0.27
8295,1,0.73
8296,0,0.21
8297,0,0.1
8298,1,0.8
8299,0,0.23
8300,1,0.87
8301,1,0.71
8302,0,0.19
8303,1,0.75
8304,0,0.23
8305,1,0.68
8306,0,0.1
8307,0,0.08
8308,1,0.88
8309,0,0.3
8310,1,0.83
8311,0,0.18
8312,1,0.77
8313,0,0.1
8314,1,0.84
8315,1,0.88
8316,0,0.14
8317,0,0.16
8318,1,0.87
8319,0,0.24
8320,1,0.75
8321,0,0.28
8322,1,0.76
8323,1,0.92
8324,0,0.12
8325,1,0.91
8326,0,0.27
8327,1,0.73
8328,0,0.18
8329,1,0.79
8330,0,0.2
8331,0,0.27
8332,1,0.79
8333,1,0.72
8334,0,0.3
8335,1,0.78
8336,0,0.23
8337,0,0.2
8338,1,0.72
8339,0,0.1
8340,1,0.9
8341,1,0.74
8342,0,0.31
8343,0,0.21
8344,1,0.79
8345,1,0.74
8346,0,0.27
8347,1,0.77
8348,0,0.18
8349,1,0.79
8350,0,0.23
8351,1,0.78
8352,0,0.15
8353,0,0.26
8354,1,0.74
8355,1,0.82
8356,0,0.19
8357,0,0.19
8358,1,0.77
8359,0,0.2
8360,1,0.73
8361,1,0.77
8362,0,0.22
8363,0,0.2
8364,1,0.77
8365,1,0.89
8366,0,0.24
8367,0,0.17
8368,1,0.76
8369,1,0.8
8370,0,0.24
8371,1,0.77
8372,0,0.2
8373,1,0.77
8374,0,0.17
8375,1,0.79
8376,0,0.31
8377,1,0.75
8378,0,0.26
8379,0,0.2
8380,1,0.86
8381,0,0.25
8382,1,0.73
8383,1,0.68
8384,0,0.14
8385,1,0.8
8386,0,0.1
8387,0,0.21
8388,1,0.88
8389,1,0.8
8390,0,0.2
8391,0,0.17
8392,1,0.82
8393,0,0.22
8394,1,0.75
8395,0,0.25
8396,1,0.87
8397,1,0.79
8398,0,0.23
8399,0,0.24
8400,1,0.78
8401,0,0.19
8402,1,0.76
8403,1,0.79
8404,0,0.1
8405,1,0.92
8406,0,0.13
8407,1,0.79
8408,0,0.17
8409,1,0.84
8410,0,0.17
8411,1,0.84
8412,0,0.15
8413,1,0.76
8414,0,0.24
8415,1,0.72
8416,0,0.18
8417,1,0.75
8418,1,0.7
8419,0,0.18
8420,0,0.18
8421,1,0.73
8422,0,0.22
8423,1,0.83
8424,1,0.72
8425,0,0.19
8426,0,0.24
8427,1,0.72
8428,1,0.79
8429,0,0.19
8430,1,0.98
8431,0,0.18
8432,0,0.23
8433,1,0.87
8434,0,0.25
8435,1,0.85
8436,0,0.26
8437,1,0.77
8438,0,0.19
8439,1,0.83
8440,0,0.17
8441,1,0.87
8442,0,0.16
8443,1,0.79
8444,1,0.79
8445,0,0.26
8446,0,0.25
8447,1,0.84
8448,1,0.69
8449,0,0.24
8450,0,0.2
8451,1,0.71
8452,1,0.82
8453,0,0.19
8454,1,0.79
8455,0,0.24
8456,0,0.23
8457,1,0.78
8458,0,0.16
8459,1,0.96
8460,1,0.8
8461,0,0.18
8462,1,0.75
8463,0,0.24
8464,1,0.83
8465,0,0.16
8466,0,0.19
8467,1,0.82
8468,1,0.83
8469,0,0.17
8470,1,0.82
8471,0,0.2
8472,0,0.18
8473,1,0.8
8474,0,0.19
8475,1,0.78
8476,0,0.24
8477,1,0.79
8478,1,0.74
8479,0,0.23
8480,1,0.76
8481,0,0.25
8482,0,0.14
8483,1,0.78
8484,0,0.14
8485,1,0.81
8486,1,0.77
8487,0,0.22
8488,0,0.21
8489,1,0.92
8490,0,0.29
8491,1,0.8
8492,1,0.74
8493,0,0.18
8494,0,0.12
8495,1,0.7
8496,0,0.25
8497,1,0.79
8498,1,0.9
8499,0,0.14
8500,1,0.81
8501,0,0.2
8502,0,0.24
8503,1,0.78
8504,1,0.79
8505,0,0.22
8506,1,0.8
8507,0,0.22
8508,0,0.18
8509,1,0.76
8510,0,0.3
8511,1,0.66
8512,0,0.24
8513,1,0.78
8514,0,0.1
8515,1,0.83
8516,0,0.2
8517,1,0.68
8518,1,0.73
8519,0,0.25
8520,0,0.15
8521,1,0.82
8522,0,0.15
8523,1,0.75
8524,1,0.65
8525,0,0.26
8526,1,0.7
8527,0,0.28
8528,0,0.22
8529,1,0.85
8530,1,0.74
8531,0,0.27
8532,1,0.91
8533,0,0.27
8534,1,0.78
8535,0,0.16
8536,1,0.8
8537,0,0.25
8538,1,0.71
8539,0,0.25
8540,1,0.79
8541,0,0.18
8542,0,0.29
8543,1,0.72
8544,0,0.15
8545,1,0.78
8546,1,0.75
8547,0,0.25
8548,0,0.27
8549,1,0.81
8550,1,0.71
8551,0,0.15
8552,0,0.24
8553,1,0.85
8554,1,0.79
8555,0,0.24
8556,1,0.9
8557,0,0.15
8558,0,0.15
8559,1,0.77
8560,0,0.16
8561,1,0.92
8562,0,0.11
8563,1,0.81
8564,0,0.27
8565,1,0.63
8566,1,0.75
8567,0,0.26
8568,0,0.13
8569,0,0.19
8570,1,0.92
8571,0,0.13
8572,1,0.75
8573,1,0.71
8574,0,0.18
8575,1,0.75
8576,0,0.21
8577,1,0.66
8578,0,0.23
8579,0,0.31
8580,1,0.75
8581,1,0.8
8582,0,0.25
8583,1,0.77
8584,0,0.25
8585,0,0.27
8586,1,0.79
8587,1,0.76
8588,0,0.32
8589,0,0.24
8590,1,0.8
8591,0,0.21
8592,1,0.63
8593,0,0.21
8594,1,0.93
8595,0,0.23
8596,1,0.82
8597,1,0.71
8598,0,0.23
8599,0,0.2
8600,1,0.8
8601,0,0.17
8602,1,0.74
8603,0,0.19
8604,1,0.8
8605,1,0.78
8606,0,0.24
8607,1,0.93
8608,0,0.15
8609,1,0.77
8610,0,0.22
8611,1,0.9
8612,0,0.25
8613,1,0.93
8614,0,0.27
8615,0,0.22
8616,1,0.76
8617,1,0.8
8618,0,0.21
8619,0,0.28
8620,1,0.77
8621,1,0.89
8622,0,0.29
8623,0,0.24
8624,1,0.89
8625,1,0.88
8626,0,0.17
8627,1,0.86
8628,0,0.19
8629,0,0.19
8630,1,0.76
8631,1,0.9
8632,0,0.14
8633,1,0.84
8634,0,0.22
8635,1,0.78
8636,0,0.2
8637,0,0.32
8638,1,0.77
8639,1,0.75
8640,0,0.2
8641,0,0.22
8642,1,0.78
8643,0,0.29
8644,1,0.71
8645,1,0.85
8646,0,0.11
8647,1,0.74
8648,0,0.26
8649,1,0.88
8650,0,0.23
8651,0,0.07
8652,1,0.86
8653,1,0.87
8654,0,0.24
8655,0,0.21
8656,1,0.77
8657,0,0.22
8658,1,0.8
8659,1,0.81
8660,0,0.29
8661,0,0.17
8662,1,0.74
8663,1,0.74
8664,0,0.2
8665,0,0.24
8666,1,0.72
8667,1,0.68
8668,0,0.16
8669,0,0.13
8670,1,0.8
8671,0,0.22
8672,1,0.69
8673,1,0.83
8674,0,0.24
8675,1,0.78
8676,0,0.14
8677,1,0.81
8678,0,0.19
8679,1,0.8
8680,0,0.19
8681,1,0.74
8682,0,0.19
8683,0,0.34
8684,1,0.82
8685,1,0.78
8686,0,0.17
8687,1,0.88
8688,0,0.18
8689,1,0.9
8690,0,0.26
8691,0,0.17
8692,1,0.78
8693,0,0.29
8694,1,0.89
8695,1,0.73
8696,0,0.11
8697,1,0.8
8698,0,0.29
8699,1,0.77
8700,0,0.18
8701,1,0.76
8702,0,0.2
8703,0,0.23
8704,1,0.83
8705,0,0.17
8706,1,0.88
8707,0,0.29
8708,1,0.89
8709,1,0.8
8710,0,0.23
8711,1,0.84
8712,0,0.17
8713,1,0.77
8714,0,0.12
8715,1,0.77
8716,0,0.29
8717,1,0.68
8718,0,0.21
8719,1,0.78
8720,0,0.28
8721,0,0.17
8722,1,0.91
8723,1,0.73
8724,0,0.15
8725,1,0.84
8726,0,0.23
8727,0,0.15
8728,1,0.82
8729,1,0.67
8730,0,0.18
8731,1,0.96
8732,0,0.15
8733,1,0.86
8734,0,0.29
8735,1,0.91
8736,0,0.15
8737,1,0.87
8738,0,0.2
8739,0,0.24
8740,1,0.84
8741,0,0.27
8742,1,0.74
8743,0,0.17
8744,1,0.79
8745,1,0.81
8746,0,0.09
8747,0,0.26
8748,1,0.81
8749,0,0.08
8750,1,0.9
8751,1,0.83
8752,0,0.24
8753,0,0.16
8754,1,0.76
8755,1,0.75
8756,0,0.25
8757,0,0.27
8758,1,0.67
8759,1,0.69
8760,0,0.2
8761,1,0.78
8762,0,0.14
8763,0,0.22
8764,1,0.84
8765,1,0.88
8766,0,0.24
8767,1,0.76
8768,0,0.26
8769,0,0.12
8770,1,0.95
8771,0,0.18
8772,1,0.84
8773,0,0.13
8774,1,0.79
8775,1,0.69
8776,0,0.1
8777,1,0.85
8778,0,0.08
8779,1,0.78
8780,0,0.11
8781,0,0.12
8782,1,0.86
8783,1,0.72
8784,0,0.17
8785,0,0.13
8786,1,0.76
8787,0,0.29
8788,1,0.81
8789,1,0.77
8790,0,0.18
8791,1,0.87
8792,0,0.14
8793,1,0.64
8794,0,0.24
8795,0,0.11
8796,1,0.83
8797,0,0.28
8798,1,0.81
8799,1,0.75
8800,0,0.25
8801,0,0.22
8802,1,0.82
8803,1,0.79
8804,0,0.17
8805,1,0.78
8806,0,0.15
8807,0,0.15
8808,1,0.82
8809,0,0.12
8810,1,0.91
8811,1,0.82
8812,0,0.3
8813,1,0.83
8814,0,0.22
8815,1,0.86
8816,1,0.75
8817,0,0.37
8818,1,0.76
8819,0,0.2
8820,1,0.73
8821,0,0.22
8822,0,0.13
8823,1,0.82
8824,1,0.8
8825,0,0.2
8826,1,0.76
8827,0,0.19
8828,0,0.26
8829,1,0.85
8830,1,0.74
8831,0,0.19
8832,1,0.86
8833,0,0.25
8834,0,0.29
8835,1,0.78
8836,0,0.17
8837,1,0.88
8838,0,0.25
8839,1,0.71
8840,1,0.75
8841,0,0.22
8842,0,0.26
8843,1,0.77
8844,0,0.09
8845,1,0.81
8846,1,0.83
8847,0,0.15
8848,1,0.84
8849,0,0.27
8850,1,0.83
8851,0,0.2
8852,0,0.22
8853,1,0.76
8854,1,0.65
8855,0,0.15
8856,1,0.77
8857,0,0.3
8858,1,0.77
8859,0,0.18
8860,1,0.72
8861,0,0.22
8862,1,0.8
8863,0,0.15
8864,0,0.28
8865,1,0.75
8866,1,0.82
8867,0,0.29
8868,0,0.16
8869,1,0.8
8870,1,0.72
8871,0,0.22
8872,0,0.25
8873,1,0.75
8874,1,0.78
8875,0,0.17
8876,1,0.93
8877,0,0.18
8878,0,0.19
8879,1,0.77
8880,0,0.2
8881,1,0.73
8882,0,0.2
8883,1,0.81
8884,0,0.25
8885,1,0.88
8886,0,0.32
8887,1,0.74
8888,0,0.19
8889,1,0.9
8890,0,0.14
8891,0,0.23
8892,1,0.88
8893,0,0.26
8894,1,0.77
8895,1,0.73
8896,0,0.23
8897,0,0.16
8898,1,0.89
8899,0,0.13
8900,1,0.88
8901,1,0.76
8902,0,0.17
8903,0,0.15
8904,1,0.73
8905,0,0.26
8906,1,0.8
8907,1,0.76
8908,0,0.21
8909,1,0.83
8910,0,0.21
8911,0,0.21
8912,1,0.79
8913,0,0.18
8914,1,0.91
8915,1,0.78
8916,0,0.14
8917,1,0.8
8918,0,0.23
8919,1,0.9
8920,0,0.15
8921,1,0.67
8922,0,0.18
8923,0,0.11
8924,1,0.79
8925,0,0.25
8926,1,0.82
8927,0,0.25
8928,1,0.74
8929,1,0.83
8930,0,0.26
8931,1,0.7
8932,0,0.2
8933,0,0.19
8934,1,0.86
8935,1,0.87
8936,0,0.16
8937,0,0.29
8938,1,0.69
8939,0,0.25
8940,1,0.74
8941,1,0.71
8942,0,0.22
8943,1,0.78
8944,0,0.24
8945,0,0.28
8946,1,0.75
8947,0,0.18
8948,1,0.8
8949,1,0.82
8950,0,0.25
8951,1,0.76
8952,0,0.24
8953,1,0.76
8954,0,0.17
8955,1,0.76
8956,0,0.24
8957,1,0.82
8958,0,0.24
8959,0,0.19
8960,1,0.87
8961,1,0.72
8962,0,0.26
8963,1,0.88
8964,0,0.17
8965,1,0.83
8966,0,0.22
8967,0,0.06
8968,1,0.89
8969,0,0.2
8970,1,0.95
8971,0,0.11
8972,1,0.88
8973,0,0.19
8974,1,0.73
8975,0,0.29
8976,0,0.23
8977,1,0.72
8978,1,0.75
8979,0,0.1
8980,0,0.16
8981,1,0.8
8982,1,0.89
8983,0,0.19
8984,1,0.79
8985,0,0.16
8986,1,0.91
8987,0,0.11
8988,0,0.18
8989,1,0.8
8990,0,0.21
8991,1,0.78
8992,0,0.19
8993,0,0.19
8994,1,0.79
8995,0,0.13
8996,1,0.66
8997,0,0.13
8998,1,0.84
8999,1,0.78
9000,0,0.29
9001,1,0.65
9002,0,0.17
9003,0,0.21
9004,1,0.68
9005,0,0.16
9006,1,0.88
9007,0,0.14
9008,0,0.17
9009,1,0.86
9010,0,0.19
9011,1,0.75
9012,0,0.29
9013,1,0.76
9014,0,0.27
9015,1,0.8
9016,0,0.33
9017,1,0.72
9018,1,0.78
9019,0,0.19
9020,0,0.19
9021,1,0.84
9022,1,0.75
9023,0,0.2
9024,0,0.27
9025,1,0.84
9026,0,0.27
9027,1,0.65
9028,1,0.8
9029,0,0.22
9030,0,0.15
9031,1,0.76
9032,1,0.74
9033,0,0.2
9034,0,0.21
9035,1,0.81
9036,0,0.18
9037,1,0.88
9038,0,0.11
9039,1,0.82
9040,1,0.74
9041,0,0.3
9042,1,0.73
9043,0,0.17
9044,0,0.17
9045,1,0.75
9046,0,0.06
9047,1,0.68
9048,0,0.18
9049,1,0.77
9050,0,0.33
9051,1,0.81
9052,0,0.3
9053,1,0.8
9054,0,0.22
9055,1,0.82
9056,1,0.79
9057,0,0.2
9058,0,0.17
9059,1,0.8
9060,0,0.19
9061,1,0.81
9062,1,0.71
9063,0,0.3
9064,0,0.19
9065,1,0.71
9066,1,0.71
9067,0,0.2
9068,0,0.11
9069,1,0.82
9070,0,0.25
9071,1,0.88
9072,0,0.17
9073,1,0.76
9074,1,0.79
9075,0,0.17
9076,1,0.88
9077,0,0.22
9078,0,0.27
9079,1,0.78
9080,0,0.24
9081,1,0.76
9082,1,0.69
9083,0,0.27
9084,0,0.29
9085,1,0.84
9086,1,0.76
9087,0,0.19
9088,0,0.06
9089,1,0.86
9090,0,0.32
9091,1,0.84
9092,1,0.83
9093,0,0.21
9094,1,0.85
9095,0,0.22
9096,0,0.15
9097,1,0.84
9098,1,0.77
9099,0,0.29
9100,0,0.2
9101,1,0.92
9102,1,0.76
9103,0,0.27
9104,1,0.82
9105,0,0.13
9106,0,0.27
9107,1,0.76
9108,0,0.2
9109,1,0.75
9110,0,0.32
9111,1,0.89
9112,0,0.23
9113,1,0.78
9114,0,0.25
9115,1,0.75
9116,0,0.13
9117,1,0.77
9118,0,0.1
9119,1,0.77
9120,0,0.05
9121,1,0.93
9122,0,0.13
9123,1,0.85
9124,0,0.16
9125,1,0.76
9126,0,0.16
9127,1,0.87
9128,1,0.9
9129,0,0.2
9130,0,0.17
9131,1,0.8
9132,0,0.2
9133,1,0.78
9134,0,0.32
9135,1,0.79
9136,0,0.23
9137,1,0.68
9138,1,0.77
9139,0,0.19
9140,0,0.23
9141,1,0.72
9142,0,0.16
9143,1,0.73
9144,0,0.16
9145,1,0.69
9146,0,0.3
9147,1,0.78
9148,0,0.17
9149,0,0.14
9150,1,0.78
9151,0,0.25
9152,1,0.84
9153,0,0.15
9154,1,0.85
9155,1,0.89
9156,0,0.14
9157,1,0.78
9158,0,0.29
9159,1,0.92
9160,0,0.2
9161,0,0.11
9162,1,0.86
9163,0,0.15
9164,1,0.82
9165,1,0.86
9166,0,0.25
9167,1,0.8
9168,0,0.18
9169,0,0.24
9170,1,0.79
9171,0,0.16
9172,1,0.79
9173,0,0.21
9174,1,0.77
9175,0,0.22
9176,1,0.69
9177,1,0.84
9178,0,0.17
9179,1,0.86
9180,1,0.71
9181,0,0.23
9182,0,0.19
9183,1,0.81
9184,0,0.23
9185,1,0.85
9186,0,0.2
9187,1,0.87
9188,0,0.25
9189,1,0.71
9190,0,0.26
9191,1,0.72
9192,0,0.2
9193,0,0.19
9194,0,0.21
9195,0,0.19
9196,1,0.79
9197,0,0.2
9198,0,0.19
9199,1,0.65
9200,0,0.09
9201,1,0.81
9202,0,0.26
9203,0,0.17
9204,1,0.84
9205,1,0.89
9206,0,0.23
9207,1,0.81
9208,1,0.79
9209,0,0.25
9210,1,0.69
9211,0,0.19
9212,0,0.26
9213,1,0.78
9214,1,0.78
9215,0,0.29
9216,1,0.81
9217,0,0.16
9218,0,0.22
9219,1,0.78
9220,1,0.9
9221,0,0.17
9222,0,0.15
9223,1,0.78
9224,0,0.2
9225,1,0.65
9226,0,0.27
9227,1,0.85
9228,0,0.15
9229,1,0.89
9230,1,0.75
9231,0,0.22
9232,1,0.78
9233,0,0.21
9234,1,0.87
9235,0,0.18
9236,1,0.69
9237,0,0.17
9238,1,0.73
9239,0,0.14
9240,0,0.16
9241,1,0.86
9242,0,0.14
9243,1,0.79
9244,0,0.21
9245,1,0.67
9246,0,0.19
9247,1,0.89
9248,1,0.77
9249,0,0.26
9250,1,0.77
9251,0,0.21
9252,0,0.24
9253,1,0.87
9254,1,0.82
9255,0,0.15
9256,1,0.74
9257,0,0.22
9258,0,0.2
9259,1,0.84
9260,0,0.14
9261,1,0.75
9262,0,0.13
9263,1,0.75
9264,0,0.28
9265,1,0.67
9266,1,0.9
9267,0,0.2
9268,0,0.09
9269,1,0.88
9270,0,0.2
9271,1,0.73
9272,1,0.81
9273,0,0.19
9274,1,0.94
9275,0,0.24
9276,0,0.11
9277,1,0.86
9278,1,0.81
9279,0,0.18
9280,0,0.33
9281,1,0.76
9282,1,0.71
9283,0,0.11
9284,0,0.24
9285,1,0.81
9286,1,0.81
9287,0,0.18
9288,1,0.82
9289,0,0.21
9290,1,0.7
9291,0,0.26
9292,1,0.68
9293,0,0.26
9294,1,0.76
9295,0,0.16
9296,0,0.36
9297,1,0.73
9298,0,0.15
9299,1,0.82
9300,0,0.26
9301,1,0.93
9302,1,0.71
9303,0,0.16
9304,1,0.82
9305,0,0.15
9306,0,0.32
9307,1,0.8
9308,0,0.18
9309,1,0.85
9310,0,0.13
9311,1,0.78
9312,1,0.92
9313,0,0.1
9314,1,0.93
9315,0,0.26
9316,0,0.25
9317,1,0.75
9318,1,0.77
9319,0,0.28
9320,1,0.94
9321,0,0.17
9322,0,0.25
9323,1,0.86
9324,0,0.24
9325,1,0.74
9326,1,0.7
9327,0,0.17
9328,0,0.1
9329,1,0.76
9330,0,0.29
9331,1,0.81
9332,1,0.77
9333,0,0.28
9334,0,0.28
9335,1,0.78
9336,1,0.73
9337,0,0.19
9338,1,0.72
9339,0,0.32
9340,0,0.21
9341,1,0.74
9342,0,0.16
9343,1,0.84
9344,1,0.78
9345,0,0.21
9346,1,0.82
9347,0,0.15
9348,1,0.81
9349,0,0.23
9350,0,0.2
9351,1,0.87
9352,0,0.18
9353,1,0.9
9354,1,0.77
9355,0,0.14
9356,1,0.75
9357,0,0.17
9358,0,0.3
9359,1,0.79
9360,1,0.64
9361,0,0.23
9362,0,0.13
9363,1,0.8
9364,1,0.68
9365,0,0.09
9366,1,0.79
9367,0,0.21
9368,1,0.74
9369,0,0.32
9370,1,0.78
9371,0,0.19
9372,0,0.21
9373,1,0.74
9374,0,0.21
9375,1,0.83
9376,1,0.83
9377,0,0.13
9378,0,0.22
9379,1,0.8
9380,0,0.14
9381,1,0.84
9382,1,0.82
9383,0,0.2
9384,0,0.17
9385,1,0.78
9386,0,0.22
9387,1,0.81
9388,0,0.31
9389,1,0.64
9390,0,0.3
9391,1,0.88
9392,1,0.82
9393,0,0.14
9394,0,0.1
9395,1,0.76
9396,0,0.3
9397,1,0.68
9398,0,0.12
9399,1,0.79
9400,0,0.24
9401,1,0.76
9402,1,0.83
9403,0,0.19
9404,0,0.31
9405,1,0.74
9406,0,0.19
9407,1,0.84
9408,0,0.23
9409,1,0.84
9410,0,0.2
9411,1,0.85
9412,0,0.17
9413,0,0.21
9414,1,0.72
9415,1,0.86
9416,0,0.2
9417,0,0.24
9418,1,0.84
9419,0,0.21
9420,1,0.78
9421,0,0.13
9422,1,0.83
9423,1,0.76
9424,0,0.25
9425,0,0.18
9426,1,0.87
9427,1,0.74
9428,0,0.29
9429,0,0.26
9430,1,0.75
9431,1,0.93
9432,0,0.17
9433,0,0.19
9434,1,0.71
9435,1,0.81
9436,0,0.18
9437,1,0.79
9438,0,0.17
9439,1,0.75
9440,1,0.89
9441,0,0.15
9442,0,0.15
9443,1,0.82
9444,0,0.1
9445,1,0.94
9446,1,0.71
9447,0,0.24
9448,0,0.28
9449,1,0.88
9450,1,0.67
9451,0,0.21
9452,0,0.06
9453,1,0.85
9454,0,0.24
9455,1,0.77
9456,0,0.18
9457,1,0.8
9458,0,0.13
9459,1,0.86
9460,1,0.85
9461,1,0.85
9462,0,0.16
9463,1,0.74
9464,0,0.23
9465,0,0.19
9466,1,0.68
9467,0,0.18
9468,1,0.86
9469,0,0.28
9470,1,0.75
9471,0,0.12
9472,1,0.8
9473,1,0.84
9474,0,0.32
9475,0,0.13
9476,1,0.71
9477,0,0.2
9478,1,0.78
9479,0,0.18
9480,1,0.81
9481,1,0.77
9482,0,0.27
9483,0,0.21
9484,1,0.79
9485,0,0.24
9486,1,0.78
9487,0,0.22
9488,1,0.8
9489,0,0.17
9490,1,0.85
9491,1,0.83
9492,0,0.22
9493,0,0.24
9494,1,0.96
9495,0,0.24
9496,1,0.74
9497,0,0.17
9498,1,0.77
9499,0,0.17
9500,1,0.87
9501,0,0.27
9502,1,0.8
9503,1,0.61
9504,0,0.18
9505,1,0.88
9506,0,0.24
9507,1,0.81
9508,0,0.27
9509,0,0.11
9510,1,0.86
9511,0,0.21
9512,1,0.95
9513,0,0.2
9514,1,0.81
9515,0,0.25
9516,1,0.75
9517,1,0.94
9518,0,0.25
9519,1,0.88
9520,0,0.1
9521,0,0.29
9522,1,0.76
9523,0,0.13
9524,1,0.82
9525,0,0.18
9526,1,0.84
9527,0,0.2
9528,0,0.2
9529,1,0.76
9530,0,0.17
9531,1,0.74
9532,1,0.77
9533,0,0.24
9534,1,0.9
9535,0,0.23
9536,0,0.13
9537,1,0.82
9538,0,0.11
9539,1,0.88
9540,0,0.11
9541,1,0.81
9542,1,0.89
9543,0,0.24
9544,1,0.87
9545,0,0.14
9546,0,0.2
9547,1,0.88
9548,0,0.15
9549,1,0.82
9550,1,0.76
9551,0,0.25
9552,1,0.66
9553,0,0.26
9554,0,0.2
9555,1,0.84
9556,1,0.85
9557,0,0.14
9558,1,0.79
9559,1,0.89
9560,0,0.15
9561,1,0.8
9562,0,0.25
9563,0,0.22
9564,1,0.78
9565,1,0.8
9566,0,0.22
9567,0,0.21
9568,1,0.79
9569,0,0.24
9570,1,0.84
9571,1,0.82
9572,0,0.32
9573,0,0.26
9574,1,0.7
9575,0,0.28
9576,1,0.84
9577,1,0.7
9578,0,0.31
9579,1,0.73
9580,0,0.21
9581,0,0.33
9582,1,0.75
9583,1,0.75
9584,0,0.24
9585,0,0.2
9586,1,0.93
9587,1,0.67
9588,0,0.23
9589,1,0.76
9590,0,0.28
9591,0,0.18
9592,1,0.9
9593,0,0.12
9594,1,0.89
9595,1,0.67
9596,0,0.21
9597,1,0.82
9598,0,0.18
9599,0,0.28
9600,1,0.83
9601,0,0.24
9602,0,0.23
9603,1,0.81
9604,0,0.2
9605,1,0.93
9606,0,0.11
9607,1,0.78
9608,1,0.77
9609,0,0.16
9610,1,0.81
9611,0,0.23
9612,1,0.8
9613,0,0.08
9614,1,0.78
9615,0,0.25
9616,1,0.79
9617,0,0.22
9618,0,0.08
9619,1,0.9
9620,0,0.16
9621,1,0.83
9622,0,0.2
9623,1,0.74
9624,0,0.23
9625,1,0.79
9626,0,0.18
9627,1,0.83
9628,1,0.82
9629,0,0.27
9630,0,0.21
9631,1,0.79
9632,0,0.2
9633,1,0.91
9634,1,0.85
9635,0,0.04
9636,1,0.84
9637,0,0.34
9638,0,0.31
9639,1,0.76
9640,1,0.8
9641,0,0.24
9642,0,0.14
9643,1,0.8
9644,1,0.93
9645,0,0.21
9646,0,0.26
9647,1,0.71
9648,1,0.74
9649,0,0.27
9650,1,0.75
9651,0,0.28
9652,0,0.08
9653,1,0.84
9654,1,0.78
9655,0,0.29
9656,1,0.82
9657,0,0.29
9658,0,0.08
9659,0,0.11
9660,1,0.75
9661,1,0.85
9662,0,0.21
9663,1,0.79
9664,0,0.16
9665,1,0.74
9666,0,0.2
9667,0,0.25
9668,1,0.74
9669,1,0.71
9670,0,0.21
9671,1,0.7
9672,0,0.25
9673,1,0.85
9674,0,0.18
9675,1,0.85
9676,0,0.18
9677,0,0.23
9678,1,0.85
9679,1,0.76
9680,0,0.22
9681,0,0.28
9682,1,0.75
9683,1,0.76
9684,0,0.25
9685,0,0.21
9686,1,0.73
9687,1,0.79
9688,0,0.24
9689,0,0.28
9690,1,0.79
9691,1,0.76
9692,0,0.2
9693,0,0.27
9694,1,0.81
9695,0,0.32
9696,1,0.75
9697,0,0.25
9698,1,0.76
9699,1,0.8
9700,0,0.29
9701,0,0.09
9702,1,0.9
9703,0,0.17
9704,1,0.79
9705,0,0.23
9706,1,0.82
9707,1,0.77
9708,0,0.24
9709,0,0.25
9710,1,0.79
9711,0,0.2
9712,1,0.77
9713,1,0.82
9714,0,0.28
9715,0,0.23
9716,1,0.69
9717,0,0.2
9718,1,0.77
9719,0,0.3
9720,1,0.81
9721,1,0.77
9722,0,0.2
9723,0,0.28
9724,1,0.91
9725,0,0.19
9726,1,0.93
9727,0,0.12
9728,1,0.79
9729,1,0.75
9730,0,0.19
9731,1,0.91
9732,0,0.19
9733,1,0.81
9734,0,0.25
9735,1,0.8
9736,0,0.17
9737,1,0.79
9738,0,0.15
9739,0,0.25
9740,1,0.86
9741,1,0.76
9742,0,0.16
9743,0,0.11
9744,1,0.89
9745,1,0.74
9746,0,0.23
9747,1,0.81
9748,0,0.27
9749,0,0.34
9750,1,0.72
9751,0,0.17
9752,1,0.69
9753,1,0.87
9754,0,0.22
9755,1,0.68
9756,0,0.28
9757,0,0.29
9758,1,0.73
9759,0,0.3
9760,1,0.7
9761,1,0.76
9762,0,0.25
9763,1,0.83
9764,1,0.85
9765,0,0.22
9766,0,0.24
9767,1,0.79
9768,1,0.7
9769,0,0.25
9770,0,0.28
9771,1,0.84
9772,0,0.15
9773,1,0.76
9774,0,0.28
9775,1,0.78
9776,1,0.82
9777,0,0.2
9778,1,0.76
9779,0,0.35
9780,0,0.22
9781,1,0.84
9782,1,0.89
9783,0,0.22
9784,0,0.27
9785,1,0.77
9786,0,0.25
9787,1,0.76
9788,1,0.86
9789,0,0.14
9790,1,0.75
9791,0,0.3
9792,0,0.12
9793,1,0.86
9794,0,0.27
9795,1,0.79
9796,1,0.93
9797,0,0.17
9798,1,0.8
9799,0,0.31
9800,1,0.88
9801,0,0.15
9802,0,0.27
9803,1,0.74
9804,0,0.31
9805,1,0.75
9806,1,0.69
9807,0,0.29
9808,0,0.19
9809,1,0.87
9810,0,0.27
9811,1,0.73
9812,0,0.22
9813,1,0.68
9814,0,0.11
9815,1,0.84
9816,0,0.26
9817,1,0.88
9818,0,0.11
9819,1,0.92
9820,0,0.15
9821,1,0.76
9822,1,0.77
9823,0,0.33
9824,1,0.79
9825,0,0.22
9826,1,0.75
9827,0,0.23
9828,0,0.13
9829,1,0.78
9830,0,0.19
9831,1,0.71
9832,0,0.27
9833,1,0.76
9834,1,0.77
9835,0,0.13
9836,0,0.13
9837,1,0.74
9838,0,0.29
9839,1,0.77
9840,0,0.14
9841,1,0.81
9842,1,0.84
9843,0,0.15
9844,0,0.25
9845,1,0.78
9846,1,0.75
9847,0,0.29
9848,0,0.22
9849,1,0.81
9850,1,0.77
9851,0,0.3
9852,0,0.27
9853,1,0.74
9854,0,0.15
9855,1,0.84
9856,0,0.28
9857,1,0.73
9858,0,0.21
9859,1,0.73
9860,0,0.26
9861,1,0.75
9862,0,0.2
9863,1,0.86
9864,0,0.2
9865,1,0.81
9866,1,0.7
9867,0,0.26
9868,0,0.23
9869,1,0.73
9870,0,0.24
9871,1,0.72
9872,1,0.82
9873,0,0.23
9874,1,0.82
9875,1,0.84
9876,0,0.2
9877,1,0.79
9878,0,0.31
9879,0,0.27
9880,1,0.66
9881,1,0.74
9882,0,0.18
9883,1,0.76
9884,0,0.26
9885,1,0.69
9886,0,0.31
9887,0,0.21
9888,1,0.77
9889,0,0.15
9890,1,0.8
9891,0,0.27
9892,1,0.74
9893,1,0.77
9894,0,0.27
9895,1,0.73
9896,0,0.21
9897,0,0.2
9898,1,0.81
9899,0,0.15
9900,1,0.78
9901,0,0.3
9902,1,0.74
9903,0,0.13
9904,0,0.18
9905,1,0.78
9906,1,0.79
9907,0,0.24
9908,0,0.26
9909,1,0.69
9910,0,0.15
9911,1,0.8
9912,0,0.15
9913,1,0.77
9914,0,0.17
9915,1,0.84
9916,0,0.12
9917,1,0.83
9918,0,0.16
9919,1,0.85
9920,0,0.36
9921,1,0.78
9922,0,0.21
9923,1,0.72
9924,1,0.8
9925,0,0.2
9926,0,0.14
9927,1,0.81
9928,1,0.81
9929,0,0.26
9930,0,0.33
9931,1,0.8
9932,1,0.76
9933,0,0.3
9934,0,0.26
9935,1,0.74
9936,0,0.26
9937,1,0.67
9938,0,0.28
9939,1,0.73
9940,1,0.81
9941,0,0.24
9942,1,0.77
9943,0,0.17
9944,1,0.71
9945,0,0.28
9946,1,0.76
9947,0,0.28
9948,1,0.77
9949,0,0.17
9950,0,0.18
9951,1,0.76
9952,0,0.11
9953,1,0.69
9954,0,0.18
9955,1,0.8
9956,0,0.18
9957,1,0.68
9958,1,0.76
9959,0,0.3
9960,0,0.24
9961,1,0.82
9962,0,0.1
9963,1,0.82
9964,1,0.76
9965,0,0.24
9966,1,0.74
9967,0,0.26
9968,0,0.21
9969,1,0.84
9970,1,0.7
9971,0,0.27
9972,0,0.22
9973,1,0.72
9974,1,0.81
9975,0,0.18
9976,1,0.8
9977,0,0.24
9978,0,0.28
9979,1,0.79
9980,1,0.78
9981,0,0.2
9982,1,0.76
9983,0,0.23
9984,1,0.72
9985,0,0.26
9986,1,0.77
9987,0,0.15
9988,1,0.8
9989,0,0.19
9990,0,0.19
9991,1,0.76
9992,0,0.13
9993,1,0.73
9994,1,0.9
9995,0,0.2
9996,0,0.21
9997,1,0.72
9998,0,0.12
9999,1,0.85
10000,0,0.17
10001,1,0.8
10002,0,0.14
10003,1,0.84
10004,0,0.23
10005,1,0.82
10006,0,0.12
10007,1,0.78
10008,0,0.28
10009,1,0.77
10010,0,0.3
10011,1,0.8
10012,0,0.32
10013,1,0.8
10014,1,0.77
10015,0,0.12
10016,0,0.23
10017,1,0.82
10018,1,0.78
10019,0,0.21
10020,0,0.24
10021,1,0.76
10022,0,0.22
10023,1,0.82
10024,0,0.13
10025,1,0.77
10026,1,0.66
10027,0,0.21
10028,1,0.78
10029,0,0.22
10030,0,0.21
10031,1,0.72
10032,1,0.91
10033,0,0.24
10034,1,0.7
10035,0,0.18
10036,1,0.81
10037,0,0.2
10038,0,0.2
10039,1,0.83
10040,0,0.18
10041,1,0.72
10042,0,0.22
10043,1,0.81
10044,0,0.29
10045,1,0.74
10046,0,0.19
10047,1,0.83
10048,1,0.84
10049,0,0.16
10050,1,0.73
10051,0,0.22
10052,1,0.81
10053,0,0.16
10054,0,0.2
10055,1,0.84
10056,0,0.11
10057,1,0.78
10058,1,0.78
10059,0,0.19
10060,1,0.78
10061,1,0.81
10062,0,0.25
10063,1,0.72
10064,0,0.26
10065,1,0.79
10066,0,0.23
10067,1,0.78
10068,0,0.31
10069,0,0.19
10070,1,0.79
10071,0,0.16
10072,1,0.78
10073,0,0.15
10074,1,0.62
10075,1,0.82
10076,0,0.29
10077,1,0.76
10078,0,0.24
10079,0,0.09
10080,1,0.9
10081,0,0.12
10082,1,0.81
10083,0,0.15
10084,1,0.85
10085,1,0.7
10086,0,0.16
10087,1,0.83
10088,0,0.16
10089,1,0.77
10090,0,0.15
10091,0,0.2
10092,1,0.78
10093,0,0.23
10094,1,0.95
10095,0,0.32
10096,1,0.78
10097,0,0.19
10098,1,0.93
10099,1,0.83
10100,0,0.22
10101,1,0.77
10102,0,0.21
10103,0,0.26
10104,1,0.71
10105,0,0.18
10106,1,0.9
10107,0,0.13
10108,1,0.78
10109,1,0.69
10110,0,0.33
10111,0,0.22
10112,1,0.76
10113,0,0.27
10114,1,0.77
10115,1,0.71
10116,0,0.2
10117,0,0.18
10118,1,0.81
10119,1,0.8
10120,0,0.22
10121,0,0.1
10122,1,0.81
10123,1,0.77
10124,0,0.25
10125,0,0.16
10126,1,0.78
10127,0,0.22
10128,1,0.87
10129,0,0.19
10130,1,0.79
10131,0,0.18
10132,1,0.67
10133,0,0.27
10134,1,0.86
10135,0,0.18
10136,1,0.72
10137,0,0.16
10138,0,0.27
10139,1,0.85
10140,0,0.29
10141,1,0.8
10142,0,0.11
10143,0,0.17
10144,1,0.85
10145,1,0.78
10146,0,0.29
10147,0,0.22
10148,1,0.8
10149,0,0.11
10150,1,0.83
10151,1,0.8
10152,0,0.19
10153,0,0.27
10154,1,0.78
10155,0,0.25
10156,1,0.76
10157,0,0.18
10158,1,0.8
10159,1,0.76
10160,0,0.23
10161,1,0.8
10162,0,0.2
10163,0,0.25
10164,1,0.81
10165,0,0.21
10166,1,0.76
10167,1,0.84
10168,0,0.29
10169,1,0.75
10170,0,0.2
10171,1,0.87
10172,0,0.22
10173,0,0.18
10174,1,0.75
10175,1,0.76
10176,0,0.14
10177,0,0.12
10178,1,0.76
10179,1,0.78
10180,0,0.25
10181,0,0.24
10182,1,0.84
10183,1,0.84
10184,0,0.11
10185,0,0.21
10186,1,0.73
10187,0,0.13
10188,1,0.87
10189,1,0.72
10190,0,0.22
10191,0,0.36
10192,1,0.71
10193,1,0.68
10194,0,0.17
10195,1,0.75
10196,0,0.33
10197,1,0.85
10198,0,0.29
10199,0,0.28
10200,1,0.84
10201,0,0.17
10202,1,0.63
10203,0,0.27
10204,1,0.8
10205,0,0.21
10206,1,0.77
10207,0,0.3
10208,1,0.78
10209,1,0.86
10210,0,0.22
10211,1,0.84
10212,0,0.18
10213,0,0.09
10214,1,0.92
10215,0,0.17
10216,1,0.79
10217,1,0.88
10218,0,0.23
10219,0,0.21
10220,1,0.84
10221,1,0.82
10222,0,0.18
10223,1,0.76
10224,0,0.27
10225,0,0.28
10226,1,0.75
10227,1,0.74
10228,0,0.24
10229,1,0.85
10230,0,0.22
10231,1,0.87
10232,0,0.22
10233,0,0.19
10234,1,0.79
10235,0,0.13
10236,1,0.76
10237,1,0.66
10238,0,0.17
10239,1,0.86
10240,0,0.2
10241,1,0.71
10242,0,0.21
10243,0,0.16
10244,1,0.68
10245,1,0.86
10246,0,0.19
10247,0,0.15
10248,1,0.84
10249,0,0.13
10250,1,0.79
10251,1,0.69
10252,0,0.23
10253,0,0.17
10254,1,0.7
10255,0,0.26
10256,1,0.76
10257,0,0.1
10258,1,0.71
10259,0,0.18
10260,0,0.18
10261,1,0.82
10262,1,0.71
10263,0,0.29
10264,1,0.81
10265,0,0.17
10266,0,0.27
10267,1,0.77
10268,0,0.34
10269,1,0.8
10270,1,0.9
10271,0,0.21
10272,1,0.89
10273,0,0.21
10274,1,0.9
10275,0,0.21
10276,1,0.81
10277,0,0.25
10278,0,0.12
10279,1,0.78
10280,0,0.18
10281,1,0.85
10282,1,0.8
10283,0,0.25
10284,1,0.87
10285,0,0.19
10286,0,0.26
10287,1,0.66
10288,0,0.18
10289,1,0.93
10290,1,0.89
10291,0,0.18
10292,0,0.19
10293,1,0.73
10294,0,0.18
10295,1,0.72
10296,0,0.25
10297,1,0.93
10298,1,0.78
10299,0,0.27
10300,0,0.14
10301,1,0.94
10302,0,0.25
10303,1,0.84
10304,1,0.87
10305,0,0.21
10306,0,0.31
10307,1,0.89
10308,1,0.78
10309,0,0.21
10310,1,0.85
10311,0,0.11
10312,0,0.14
10313,1,0.8
10314,0,0.18
10315,1,0.76
10316,1,0.8
10317,0,0.25
10318,0,0.31
10319,1,0.66
10320,0,0.25
10321,1,0.84
10322,1,0.84
10323,0,0.22
10324,1,0.85
10325,0,0.12
10326,0,0.19
10327,1,0.77
10328,1,0.73
10329,0,0.32
10330,1,0.75
10331,0,0.12
10332,0,0.15
10333,1,0.82
10334,1,0.74
10335,0,0.22
10336,1,0.76
10337,0,0.21
10338,1,0.78
10339,0,0.25
10340,0,0.24
10341,1,0.76
10342,0,0.19
10343,1,0.82
10344,0,0.1
10345,0,0.19
10346,1,0.84
10347,0,0.14
10348,1,0.79
10349,0,0.24
10350,1,0.68
10351,0,0.18
10352,1,0.78
10353,0,0.15
10354,1,0.94
10355,1,0.68
10356,0,0.19
10357,0,0.24
10358,1,0.77
10359,1,0.82
10360,0,0.18
10361,0,0.11
10362,0,0.19
10363,1,0.76
10364,1,0.88
10365,0,0.14
10366,1,0.75
10367,0,0.22
10368,0,0.09
10369,1,0.74
10370,1,0.73
10371,0,0.24
10372,0,0.3
10373,1,0.79
10374,0,0.23
10375,1,0.94
10376,0,0.28
10377,1,0.74
10378,0,0.22
10379,1,0.64
10380,0,0.27
10381,1,0.92
10382,1,0.82
10383,0,0.22
10384,0,0.12
10385,1,0.69
10386,1,0.73
10387,0,0.17
10388,1,0.79
10389,0,0.21
10390,0,0.23
10391,1,0.63
10392,1,0.75
10393,0,0.15
10394,0,0.1
10395,1,0.86
10396,0,0.21
10397,1,0.73
10398,0,0.21
10399,1,0.87
10400,0,0.2
10401,1,0.89
10402,0,0.21
10403,1,0.89
10404,0,0.19
10405,1,0.87
10406,0,0.15
10407,1,0.66
10408,0,0.22
10409,1,0.83
10410,0,0.1
10411,0,0.21
10412,1,0.75
10413,0,0.21
10414,1,0.75
10415,0,0.17
10416,1,0.78
10417,0,0.16
10418,1,0.76
10419,0,0.14
10420,1,0.84
10421,1,0.93
10422,0,0.19
10423,1,0.83
10424,0,0.22
10425,0,0.21
10426,1,0.8
10427,1,0.77
10428,0,0.28
10429,1,0.78
10430,0,0.16
10431,0,0.13
10432,1,0.86
10433,1,0.82
10434,0,0.25
10435,0,0.18
10436,1,0.87
10437,1,0.77
10438,0,0.19
10439,1,0.72
10440,0,0.31
10441,0,0.17
10442,1,0.84
10443,1,0.77
10444,0,0.27
10445,1,0.7
10446,0,0.24
10447,0,0.17
10448,1,0.66
10449,0,0.08
10450,1,0.82
10451,1,0.74
10452,0,0.2
10453,0,0.15
10454,1,0.87
10455,1,0.71
10456,0,0.32
10457,0,0.19
10458,1,0.82
10459,0,0.08
10460,0,0.22
10461,1,0.7
10462,0,0.2
10463,1,0.82
10464,0,0.12
10465,1,0.91
10466,0,0.05
10467,1,0.87
10468,0,0.19
10469,1,0.91
10470,0,0.27
10471,1,0.69
10472,1,0.83
10473,0,0.33
10474,1,0.85
10475,0,0.2
10476,0,0.2
10477,1,0.8
10478,0,0.11
10479,1,0.91
10480,1,0.72
10481,0,0.27
10482,1,0.67
10483,0,0.25
10484,1,0.67
10485,0,0.19
10486,1,0.76
10487,0,0.14
10488,0,0.06
10489,1,0.86
10490,1,0.78
10491,0,0.27
10492,1,0.73
10493,0,0.23
10494,0,0.19
10495,1,0.77
10496,0,0.22
10497,1,0.85
10498,0,0.22
10499,1,0.69
10500,0,0.18
10501,1,0.9
10502,1,0.76
10503,0,0.15
10504,0,0.29
10505,1,0.74
10506,1,0.74
10507,0,0.26
10508,0,0.25
10509,1,0.83
10510,1,0.85
10511,0,0.06
10512,1,0.74
10513,0,0.23
10514,0,0.29
10515,1,0.68
10516,0,0.15
10517,1,0.83
10518,0,0.23
10519,1,0.74
10520,1,0.78
10521,0,0.17
10522,1,0.81
10523,0,0.17
10524,0,0.09
10525,1,0.89
10526,1,0.75
10527,0,0.23
10528,1,0.88
10529,0,0.19
10530,0,0.1
10531,1,0.74
10532,0,0.16
10533,1,0.78
10534,0,0.14
10535,1,0.83
10536,1,0.74
10537,0,0.2
10538,1,0.75
10539,0,0.17
10540,0,0.26
10541,1,0.75
10542,0,0.19
10543,1,0.77
10544,0,0.25
10545,1,0.8
10546,0,0.18
10547,1,0.83
10548,1,0.86
10549,0,0.22
10550,0,0.15
10551,1,0.88
10552,0,0.22
10553,1,0.73
10554,0,0.18
10555,1,0.85
10556,1,0.87
10557,0,0.19
10558,1,0.81
10559,0,0.16
10560,0,0.15
10561,1,0.82
10562,1,0.73
10563,0,0.12
10564,0,0.11
10565,1,0.85
10566,1,0.91
10567,0,0.23
10568,0,0.13
10569,1,0.82
10570,0,0.24
10571,1,0.89
10572,1,0.76
10573,0,0.19
10574,0,0.1
10575,1,0.89
10576,0,0.15
10577,1,0.82
10578,1,0.78
10579,0,0.21
10580,0,0.24
10581,1,0.74
10582,0,0.24
10583,1,0.87
10584,0,0.2
10585,1,0.86
10586,1,0.8
10587,0,0.22
10588,0,0.25
10589,1,0.82
10590,0,0.25
10591,1,0.81
10592,0,0.25
10593,1,0.7
10594,0,0.23
10595,1,0.87
10596,1,0.87
10597,0,0.26
10598,0,0.27
10599,1,0.78
10600,1,0.81
10601,0,0.17
10602,0,0.11
10603,1,0.84
10604,0,0.2
10605,1,0.76
10606,1,0.73
10607,0,0.11
10608,0,0.21
10609,1,0.82
10610,1,0.83
10611,0,0.26
10612,1,0.78
10613,0,0.18
10614,0,0.12
10615,1,0.81
10616,0,0.26
10617,1,0.67
10618,1,0.71
10619,0,0.2
10620,0,0.22
10621,1,0.68
10622,1,0.88
10623,0,0.15
10624,0,0.14
10625,1,0.82
10626,1,0.76
10627,0,0.33
10628,0,0.21
10629,1,0.7
10630,0,0.18
10631,1,0.75
10632,0,0.27
10633,1,0.76
10634,0,0.27
10635,1,0.82
10636,1,0.71
10637,0,0.17
10638,0,0.29
10639,1,0.73
10640,0,0.13
10641,1,0.91
10642,0,0.25
10643,1,0.73
10644,1,0.82
10645,0,0.15
10646,1,0.72
10647,0,0.25
10648,1,0.85
10649,0,0.13
10650,0,0.23
10651,1,0.81
10652,0,0.1
10653,1,0.75
10654,0,0.16
10655,1,0.8
10656,1,0.7
10657,0,0.21
10658,1,0.91
10659,0,0.25
10660,1,0.78
10661,0,0.34
10662,1,0.94
10663,0,0.22
10664,1,0.78
10665,0,0.26
10666,1,0.79
10667,0,0.23
10668,1,0.79
10669,0,0.22
10670,1,0.71
10671,0,0.25
10672,1,0.75
10673,0,0.19
10674,1,0.9
10675,0,0.17
10676,1,0.9
10677,0,0.14
10678,1,0.95
10679,0,0.1
10680,0,0.23
10681,1,0.72
10682,0,0.1
10683,1,0.79
10684,0,0.17
10685,1,0.79
10686,1,0.73
10687,0,0.17
10688,0,0.28
10689,1,0.71
10690,0,0.23
10691,1,0.73
10692,0,0.23
10693,1,0.77
10694,0,0.18
10695,1,0.86
10696,1,0.86
10697,0,0.31
10698,0,0.24
10699,1,0.92
10700,1,0.72
10701,0,0.14
10702,0,0.16
10703,1,0.85
10704,0,0.23
10705,1,0.87
10706,0,0.11
10707,1,0.81
10708,0,0.26
10709,1,0.76
10710,1,0.87
10711,0,0.14
10712,1,0.82
10713,0,0.24
10714,1,0.76
10715,0,0.22
10716,0,0.26
10717,1,0.81
10718,0,0.18
10719,1,0.9
10720,0,0.17
10721,1,0.78
10722,0,0.27
10723,1,0.79
10724,0,0.23
10725,1,0.9
10726,0,0.3
10727,1,0.72
10728,1,0.92
10729,0,0.17
10730,1,0.86
10731,0,0.21
10732,1,0.89
10733,0,0.17
10734,1,0.84
10735,0,0.33
10736,0,0.25
10737,1,0.77
10738,0,0.21
10739,1,0.79
10740,0,0.23
10741,1,0.81
10742,0,0.21
10743,1,0.73
10744,1,0.88
10745,0,0.24
10746,0,0.17
10747,1,0.8
10748,0,0.28
10749,1,0.74
10750,1,0.8
10751,0,0.2
10752,1,0.75
10753,0,0.18
10754,0,0.22
10755,1,0.76
10756,0,0.18
10757,1,0.81
10758,0,0.13
10759,1,0.81
10760,1,0.8
10761,0,0.08
10762,1,0.82
10763,0,0.23
10764,1,0.84
10765,0,0.29
10766,1,0.68
10767,0,0.3
10768,1,0.77
10769,0,0.32
10770,1,0.77
10771,0,0.29
10772,0,0.29
10773,1,0.82
10774,0,0.28
10775,1,0.82
10776,0,0.32
10777,1,0.85
10778,1,0.79
10779,0,0.23
10780,1,0.73
10781,0,0.28
10782,1,0.72
10783,0,0.21
10784,0,0.19
10785,1,0.79
10786,0,0.23
10787,1,0.8
10788,0,0.16
10789,1,0.81
10790,1,0.64
10791,0,0.22
10792,0,0.21
10793,1,0.75
10794,1,0.76
10795,0,0.22
10796,1,0.72
10797,0,0.26
10798,0,0.29
10799,1,0.69
10800,0,0.23
10801,1,0.73
10802,1,0.66
10803,0,0.18
10804,1,0.95
10805,0,0.18
10806,1,0.81
10807,0,0.21
10808,1,0.78
10809,0,0.29
10810,1,0.81
10811,0,0.2
10812,1,0.8
10813,0,0.17
10814,1,0.7
10815,0,0.2
10816,0,0.25
10817,1,0.83
10818,0,0.28
10819,1,0.82
10820,0,0.14
10821,1,0.89
10822,0,0.22
10823,0,0.22
10824,1,0.67
10825,0,0.13
10826,1,0.88
10827,1,0.76
10828,0,0.19
10829,1,0.69
10830,0,0.2
10831,0,0.2
10832,1,0.66
10833,0,0.32
10834,1,0.72
10835,1,0.76
10836,0,0.13
10837,1,0.92
10838,0,0.24
10839,0,0.09
10840,1,0.86
10841,0,0.18
10842,0,0.2
10843,1,0.76
10844,0,0.18
10845,1,0.81
10846,0,0.16
10847,1,0.75
10848,1,0.74
10849,0,0.12
10850,0,0.24
10851,1,0.8
10852,1,0.8
10853,0,0.27
10854,1,0.84
10855,0,0.27
10856,0,0.23
10857,1,0.79
10858,0,0.29
10859,1,0.74
10860,1,0.92
10861,0,0.21
10862,1,0.71
10863,0,0.19
10864,0,0.21
10865,1,0.75
10866,0,0.21
10867,1,0.68
10868,0,0.24
10869,1,0.8
10870,1,0.9
10871,0,0.14
10872,0,0.09
10873,1,0.89
10874,1,0.69
10875,0,0.18
10876,1,0.85
10877,0,0.28
10878,0,0.24
10879,1,0.77
10880,0,0.27
10881,1,0.77
10882,0,0.2
10883,1,0.75
10884,0,0.19
10885,1,0.79
10886,0,0.2
10887,1,0.75
10888,1,0.73
10889,0,0.28
10890,0,0.23
10891,1,0.77
10892,0,0.12
10893,1,0.86
10894,1,0.77
10895,0,0.2
10896,1,0.78
10897,0,0.18
10898,0,0.17
10899,1,0.84
10900,1,0.7
10901,0,0.28
10902,1,0.71
10903,0,0.18
10904,0,0.23
10905,1,0.75
10906,0,0.15
10907,1,0.76
10908,0,0.18
10909,1,0.83
10910,1,0.8
10911,0,0.21
10912,0,0.19
10913,1,0.77
10914,1,0.72
10915,0,0.28
10916,1,0.73
10917,0,0.3
10918,0,0.09
10919,1,0.77
10920,1,0.77
10921,0,0.27
10922,1,0.72
10923,0,0.15
10924,1,0.76
10925,0,0.15
10926,1,0.87
10927,0,0.11
10928,1,0.68
10929,0,0.19
10930,0,0.26
10931,1,0.85
10932,0,0.08
10933,1,0.93
10934,1,0.81
10935,0,0.27
10936,1,0.78
10937,0,0.18
10938,0,0.08
10939,1,0.85
10940,0,0.16
10941,1,0.81
10942,1,0.73
10943,0,0.08
10944,0,0.15
10945,1,0.7
10946,0,0.16
10947,1,0.81
10948,0,0.24
10949,1,0.74
10950,0,0.05
10951,1,0.97
10952,1,0.75
10953,0,0.14
10954,0,0.34
10955,1,0.74
10956,0,0.28
10957,1,0.93
10958,0,0.18
10959,1,0.74
10960,0,0.17
10961,1,0.78
10962,1,0.82
10963,0,0.15
10964,0,0.2
10965,1,0.77
10966,0,0.16
10967,1,0.73
10968,0,0.23
10969,1,0.81
10970,1,0.72
10971,0,0.22
10972,1,0.66
10973,0,0.21
10974,0,0.25
10975,1,0.77
10976,1,0.81
10977,0,0.15
10978,0,0.12
10979,1,0.85
10980,0,0.18
10981,1,0.8
10982,0,0.13
10983,1,0.85
10984,0,0.22
10985,1,0.8
10986,0,0.16
10987,1,0.89
10988,0,0.16
10989,1,0.9
10990,0,0.09
10991,1,0.93
10992,1,0.84
10993,0,0.21
10994,0,0.26
10995,1,0.77
10996,1,0.77
10997,0,0.17
10998,1,0.75
10999,0,0.24
11000,0,0.18
11001,1,0.79
11002,0,0.25
11003,1,0.76
11004,0,0.18
11005,1,0.69
11006,1,0.76
11007,0,0.3
11008,1,0.72
11009,0,0.21
11010,1,0.87
11011,0,0.23
11012,0,0.27
11013,1,0.77
11014,0,0.2
11015,1,0.77
11016,0,0.25
11017,1,0.77
11018,0,0.34
11019,1,0.74
11020,1,0.77
11021,0,0.25
11022,1,0.86
11023,0,0.3
11024,1,0.71
11025,0,0.17
11026,1,0.76
11027,1,0.67
11028,0,0.15
11029,0,0.2
11030,1,0.76
11031,0,0.18
11032,1,0.89
11033,1,0.73
11034,0,0.15
11035,0,0.06
11036,1,0.78
11037,1,0.79
11038,0,0.22
11039,0,0.19
11040,1,0.92
11041,1,0.73
11042,0,0.21
11043,0,0.18
11044,1,0.79
11045,1,0.81
11046,0,0.14
11047,0,0.26
11048,1,0.86
11049,1,0.69
11050,0,0.24
11051,1,0.71
11052,0,0.17
11053,1,0.73
11054,0,0.29
11055,0,0.15
11056,1,0.71
11057,1,0.76
11058,0,0.29
11059,0,0.19
11060,1,0.87
11061,0,0.31
11062,1,0.73
11063,0,0.24
11064,1,0.78
11065,0,0.23
11066,1,0.87
11067,1,0.77
11068,0,0.3
11069,0,0.26
11070,1,0.67
11071,1,0.67
11072,0,0.19
11073,1,0.83
11074,0,0.22
11075,0,0.23
11076,1,0.7
11077,0,0.31
11078,1,0.83
11079,0,0.22
11080,1,0.71
11081,0,0.23
11082,1,0.73
11083,1,0.77
11084,0,0.28
11085,0,0.26
11086,1,0.74
11087,0,0.1
11088,1,0.76
11089,0,0.18
11090,1,0.78
11091,0,0.21
11092,1,0.79
11093,1,0.74
11094,0,0.18
11095,0,0.24
11096,1,0.84
11097,1,0.83
11098,0,0.33
11099,1,0.87
11100,0,0.19
11101,1,0.9
11102,0,0.3
11103,1,0.82
11104,0,0.23
11105,0,0.22
11106,1,0.89
11107,0,0.11
11108,1,0.93
11109,0,0.22
11110,1,0.85
11111,0,0.05
11112,1,0.8
11113,1,0.82
11114,0,0.16
11115,0,0.18
11116,1,0.8
11117,0,0.27
11118,1,0.81
11119,0,0.17
11120,1,0.85
11121,0,0.23
11122,1,0.71
11123,0,0.18
11124,1,0.74
11125,0,0.21
11126,1,0.82
11127,1,0.77
11128,0,0.35
11129,1,0.68
11130,0,0.17
11131,0,0.25
11132,1,0.75
11133,0,0.16
11134,1,0.86
11135,1,0.87
11136,0,0.22
11137,0,0.33
11138,1,0.81
11139,1,0.77
11140,0,0.25
11141,0,0.15
11142,1,0.66
11143,1,0.89
11144,0,0.22
11145,0,0.14
11146,1,0.8
11147,0,0.22
11148,1,0.93
11149,0,0.32
11150,1,0.73
11151,1,0.66
11152,0,0.23
11153,0,0.22
11154,1,0.84
11155,0,0.18
11156,1,0.92
11157,0,0.09
11158,1,0.88
11159,0,0.26
11160,1,0.72
11161,1,0.96
11162,0,0.16
11163,1,0.71
11164,0,0.11
11165,0,0.21
11166,1,0.87
11167,1,0.75
11168,0,0.25
11169,1,0.72
11170,0,0.38
11171,1,0.8
11172,0,0.13
11173,1,0.75
11174,0,0.13
11175,0,0.19
11176,1,0.76
11177,0,0.26
11178,1,0.71
11179,0,0.25
11180,1,0.7
11181,1,0.8
11182,0,0.23
11183,0,0.27
11184,1,0.72
11185,0,0.2
11186,1,0.8
11187,0,0.14
11188,1,0.77
11189,0,0.24
11190,1,0.91
11191,1,0.8
11192,0,0.24
11193,0,0.17
11194,1,0.81
11195,1,0.65
11196,0,0.29
11197,0,0.31
11198,1,0.75
11199,1,0.76
11200,0,0.23
11201,0,0.25
11202,1,0.64
11203,1,0.83
11204,0,0.2
11205,1,0.79
11206,0,0.14
11207,0,0.22
11208,1,0.84
11209,0,0.16
11210,1,0.75
11211,1,0.84
11212,0,0.12
11213,0,0.21
11214,1,0.88
11215,1,0.84
11216,0,0.25
11217,1,0.84
11218,0,0.18
11219,1,0.78
11220,0,0.22
11221,1,0.78
11222,0,0.25
11223,1,0.81
11224,0,0.17
11225,0,0.19
11226,1,0.77
11227,1,0.67
11228,0,0.23
11229,1,0.67
11230,0,0.24
11231,0,0.22
11232,1,0.69
11233,0,0.23
11234,1,0.8
11235,0,0.26
11236,1,0.81
11237,1,0.69
11238,0,0.17
11239,1,0.84
11240,0,0.21
11241,1,0.76
11242,1,0.73
11243,0,0.18
11244,1,0.8
11245,0,0.22
11246,0,0.22
11247,1,0.74
11248,1,0.9
11249,0,0.12
11250,1,0.78
11251,0,0.2
11252,1,0.84
11253,0,0.25
11254,1,0.71
11255,0,0.2
11256,1,0.83
11257,0,0.26
11258,0,0.26
11259,1,0.75
11260,0,0.27
11261,1,0.8
11262,1,0.77
11263,0,0.3
11264,0,0.26
11265,1,0.82
11266,1,0.84
11267,0,0.19
11268,1,0.72
11269,0,0.27
11270,0,0.25
11271,1,0.78
11272,0,0.25
11273,1,0.77
11274,1,0.83
11275,0,0.17
11276,1,0.71
11277,0,0.26
11278,1,0.85
11279,0,0.2
11280,0,0.18
11281,1,0.84
11282,0,0.21
11283,1,0.71
11284,0,0.17
11285,1,0.77
11286,0,0.26
11287,0,0.25
11288,1,0.8
11289,0,0.14
11290,1,0.85
11291,1,0.81
11292,0,0.28
11293,1,0.75
11294,0,0.26
11295,1,0.77
11296,0,0.18
11297,0,0.19
11298,1,0.9
11299,0,0.29
11300,1,0.77
11301,0,0.26
11302,1,0.75
11303,0,0.16
11304,1,0.79
11305,1,0.8
11306,0,0.19
11307,0,0.22
11308,1,0.84
11309,0,0.26
11310,1,0.78
11311,1,0.74
11312,0,0.2
11313,0,0.14
11314,1,0.87
11315,0,0.23
11316,1,0.82
11317,0,0.25
11318,1,0.82
11319,0,0.16
11320,1,0.81
11321,0,0.13
11322,1,0.73
11323,1,0.74
11324,0,0.16
11325,1,0.85
11326,0,0.34
11327,0,0.29
11328,1,0.83
11329,1,0.79
11330,0,0.16
11331,1,0.76
11332,0,0.28
11333,1,0.73
11334,0,0.13
11335,0,0.12
11336,1,0.82
11337,1,0.73
11338,0,0.24
11339,0,0.1
11340,1,0.83
11341,0,0.12
11342,1,0.97
11343,1,0.79
11344,0,0.31
11345,1,0.79
11346,0,0.24
11347,1,0.73
11348,0,0.11
11349,1,0.74
11350,0,0.28
11351,1,0.76
11352,0,0.36
11353,0,0.18
11354,1,0.75
11355,0,0.12
11356,1,0.89
11357,0,0.22
11358,1,0.81
11359,0,0.22
11360,1,0.76
11361,0,0.32
11362,1,0.74
11363,0,0.27
11364,1,0.79
11365,1,0.75
11366,0,0.13
11367,0,0.3
11368,1,0.72
11369,0,0.22
11370,1,0.86
11371,1,0.75
11372,0,0.28
11373,0,0.14
11374,1,0.65
11375,1,0.84
11376,0,0.27
11377,0,0.25
11378,1,0.8
11379,0,0.17
11380,1,0.75
11381,0,0.16
11382,1,0.78
11383,0,0.11
11384,1,0.79
11385,0,0.16
11386,1,0.78
11387,0,0.14
11388,1,0.71
11389,1,0.8
11390,0,0.2
11391,0,0.23
11392,1,0.83
11393,1,0.82
11394,0,0.17
11395,1,0.73
11396,0,0.28
11397,0,0.15
11398,1,0.68
11399,1,0.84
11400,0,0.19
11401,0,0.22
11402,1,0.69
11403,0,0.27
11404,1,0.78
11405,0,0.21
11406,1,0.77
11407,0,0.24
11408,1,0.73
11409,0,0.24
11410,1,0.76
11411,0,0.21
11412,1,0.84
11413,1,0.75
11414,0,0.27
11415,0,0.11
11416,0,0.2
11417,1,0.69
11418,1,0.8
11419,0,0.1
11420,1,0.81
11421,0,0.27
11422,0,0.09
11423,1,0.94
11424,1,0.74
11425,0,0.16
11426,1,0.71
11427,0,0.24
11428,0,0.17
11429,1,0.81
11430,1,0.8
11431,0,0.13
11432,0,0.19
11433,1,0.88
11434,0,0.16
11435,1,0.77
11436,0,0.12
11437,1,0.78
11438,0,0.29
11439,1,0.77
11440,0,0.16
11441,1,0.76
11442,1,0.93
11443,0,0.22
11444,0,0.29
11445,1,0.78
11446,1,0.89
11447,0,0.2
11448,0,0.23
11449,1,0.77
11450,1,0.71
11451,0,0.29
11452,1,0.82
11453,0,0.09
11454,1,0.81
11455,0,0.2
11456,0,0.17
11457,1,0.76
11458,1,0.88
11459,0,0.23
11460,1,0.87
11461,0,0.25
11462,1,0.77
11463,0,0.25
11464,1,0.82
11465,0,0.15
11466,0,0.25
11467,1,0.78
11468,1,0.78
11469,0,0.28
11470,0,0.13
11471,1,0.79
11472,1,0.65
11473,0,0.25
11474,1,0.91
11475,0,0.15
11476,0,0.21
11477,1,0.7
11478,1,0.79
11479,0,0.22
11480,1,0.88
11481,0,0.2
11482,1,0.77
11483,0,0.23
11484,0,0.2
11485,1,0.75
11486,0,0.21
11487,1,0.89
11488,0,0.26
11489,1,0.74
11490,0,0.26
11491,1,0.75
11492,0,0.08
11493,1,0.96
11494,0,0.2
11495,1,0.76
11496,0,0.34
11497,1,0.8
11498,1,0.83
11499,0,0.2
11500,1,0.73
11501,0,0.23
11502,0,0.14
11503,1,0.89
11504,0,0.16
11505,1,0.78
11506,1,0.81
11507,0,0.17
11508,1,0.77
11509,0,0.18
11510,1,0.81
11511,0,0.08
11512,1,0.82
11513,0,0.11
11514,0,0.29
11515,1,0.66
11516,1,0.82
11517,0,0.23
11518,0,0.15
11519,1,0.76
11520,0,0.11
11521,1,0.92
11522,1,0.86
11523,0,0.12
11524,1,0.81
11525,0,0.23
11526,0,0.2
11527,1,0.82
11528,0,0.26
11529,1,0.81
11530,1,0.84
11531,0,0.22
11532,1,0.81
11533,0,0.16
11534,0,0.18
11535,1,0.82
11536,0,0.17
11537,1,0.87
11538,1,0.69
11539,0,0.05
11540,1,0.81
11541,0,0.15
11542,1,0.89
11543,0,0.02
11544,0,0.21
11545,1,0.82
11546,0,0.17
11547,1,0.89
11548,0,0.27
11549,1,0.85
11550,1,0.89
11551,0,0.2
11552,1,0.79
11553,0,0.24
11554,1,0.92
11555,0,0.18
11556,0,0.19
11557,1,0.86
11558,1,0.81
11559,0,0.25
11560,0,0.3
11561,1,0.83
11562,1,0.79
11563,0,0.25
11564,1,0.76
11565,0,0.19
11566,0,0.14
11567,1,0.85
11568,1,0.8
11569,0,0.33
11570,0,0.08
11571,1,0.8
11572,0,0.13
11573,1,0.84
11574,0,0.15
11575,1,0.93
11576,1,0.75
11577,0,0.3
11578,1,0.81
11579,0,0.21
11580,0,0.22
11581,1,0.86
11582,1,0.73
11583,0,0.26
11584,1,0.83
11585,0,0.19
11586,1,0.72
11587,0,0.37
11588,0,0.13
11589,1,0.83
11590,1,0.74
11591,0,0.27
11592,1,0.8
11593,0,0.26
11594,1,0.76
11595,0,0.24
11596,0,0.14
11597,1,0.81
11598,1,0.79
11599,0,0.25
11600,0,0.15
11601,1,0.8
11602,0,0.21
11603,1,0.77
11604,1,0.81
11605,0,0.17
11606,0,0.14
11607,1,0.74
11608,1,0.81
11609,0,0.24
11610,1,0.86
11611,0,0.16
11612,1,0.77
11613,0,0.24
11614,1,0.78
11615,0,0.18
11616,0,0.26
11617,1,0.74
11618,0,0.24
11619,1,0.77
11620,0,0.19
11621,1,0.81
11622,0,0.15
11623,1,0.75
11624,0,0.28
11625,1,0.78
11626,0,0.17
11627,1,0.79
11628,1,0.76
11629,0,0.23
11630,0,0.15
11631,1,0.77
11632,0,0.28
11633,1,0.78
11634,1,0.83
11635,0,0.17
11636,0,0.26
11637,1,0.76
11638,1,0.78
11639,0,0.2
11640,0,0.21
11641,1,0.77
11642,0,0.24
11643,0,0.21
11644,1,0.85
11645,1,0.67
11646,0,0.18
11647,0,0.27
11648,1,0.8
11649,0,0.26
11650,1,0.87
11651,0,0.16
11652,1,0.76
11653,0,0.26
11654,1,0.76
11655,0,0.14
11656,1,0.87
11657,0,0.17
11658,1,0.75
11659,1,0.78
11660,0,0.22
11661,0,0.3
11662,1,0.8
11663,0,0.14
11664,1,0.77
11665,0,0.33
11666,1,0.66
11667,0,0.27
11668,1,0.7
11669,1,0.73
11670,0,0.25
11671,0,0.12
11672,1,0.88
11673,1,0.86
11674,0,0.31
11675,1,0.86
11676,0,0.26
11677,0,0.24
11678,1,0.72
11679,1,0.85
11680,0,0.25
11681,1,0.93
11682,0,0.21
11683,1,0.79
11684,0,0.34
11685,0,0.19
11686,1,0.84
11687,0,0.24
11688,1,0.85
11689,1,0.76
11690,0,0.25
11691,1,0.67
11692,0,0.17
11693,1,0.75
11694,0,0.25
11695,1,0.69
11696,0,0.22
11697,0,0.17
11698,1,0.82
11699,0,0.25
11700,1,0.83
11701,1,0.75
11702,0,0.27
11703,0,0.25
11704,1,0.79
11705,1,0.8
11706,0,0.15
11707,1,0.77
11708,0,0.25
11709,0,0.21
11710,1,0.78
11711,0,0.32
11712,1,0.86
11713,1,0.93
11714,0,0.21
11715,1,0.74
11716,0,0.32
11717,1,0.7
11718,0,0.21
11719,0,0.16
11720,1,0.94
11721,1,0.69
11722,0,0.27
11723,1,0.9
11724,0,0.19
11725,0,0.2
11726,1,0.85
11727,1,0.94
11728,0,0.19
11729,0,0.19
11730,1,0.87
11731,0,0.18
11732,1,0.85
11733,0,0.16
11734,1,0.71
11735,1,0.63
11736,0,0.25
11737,0,0.19
11738,1,0.91
11739,1,0.83
11740,0,0.14
11741,0,0.18
11742,1,0.75
11743,0,0.23
11744,1,0.71
11745,1,0.82
11746,0,0.21
11747,0,0.25
11748,1,0.66
11749,1,0.77
11750,0,0.23
11751,1,0.82
11752,0,0.25
11753,1,0.78
11754,0,0.14
11755,0,0.12
11756,1,0.78
11757,0,0.24
11758,1,0.84
11759,1,0.77
11760,0,0.18
11761,0,0.16
11762,1,0.83
11763,0,0.11
11764,1,0.86
11765,1,0.77
11766,0,0.23
11767,1,0.8
11768,0,0.14
11769,1,0.8
11770,0,0.16
11771,1,0.72
11772,0,0.28
11773,0,0.1
11774,1,0.76
11775,1,0.78
11776,0,0.3
11777,0,0.17
11778,1,0.79
11779,0,0.22
11780,1,0.67
11781,0,0.25
11782,1,0.79
11783,1,0.6
11784,0,0.14
11785,1,0.76
11786,0,0.13
11787,0,0.18
11788,1,0.73
11789,0,0.16
11790,1,0.79
11791,1,0.83
11792,0,0.2
11793,1,0.75
11794,0,0.22
11795,1,0.82
11796,1,0.74
11797,0,0.24
11798,0,0.3
11799,1,0.89
11800,1,0.78
11801,0,0.25
11802,1,0.9
11803,0,0.17
11804,1,0.82
11805,0,0.11
11806,0,0.23
11807,1,0.74
11808,0,0.16
11809,1,0.75
11810,0,0.31
11811,1,0.78
11812,0,0.1
11813,1,0.83
11814,1,0.79
11815,0,0.12
11816,0,0.27
11817,1,0.76
11818,0,0.29
11819,1,0.71
11820,1,0.78
11821,0,0.14
11822,0,0.13
11823,1,0.81
11824,1,0.75
11825,0,0.26
11826,0,0.23
11827,1,0.81
11828,1,0.82
11829,0,0.18
11830,1,0.81
11831,0,0.17
11832,0,0.21
11833,1,0.75
11834,1,0.73
11835,0,0.14
11836,1,0.97
11837,0,0.16
11838,0,0.18
11839,1,0.79
11840,0,0.16
11841,1,0.88
11842,1,0.92
11843,0,0.19
11844,1,0.78
11845,0,0.25
11846,1,0.79
11847,0,0.21
11848,0,0.15
11849,1,0.71
11850,0,0.19
11851,1,0.72
11852,0,0.25
11853,1,0.82
11854,1,0.72
11855,0,0.18
11856,0,0.26
11857,1,0.78
11858,1,0.88
11859,0,0.29
11860,1,0.84
11861,0,0.11
11862,0,0.16
11863,1,0.82
11864,0,0.09
11865,1,0.91
11866,0,0.19
11867,1,0.73
11868,0,0.22
11869,1,0.74
11870,1,0.62
11871,0,0.18
11872,1,0.69
11873,0,0.34
11874,1,0.83
11875,0,0.25
11876,0,0.2
11877,1,0.82
11878,0,0.12
11879,1,0.85
11880,1,0.81
11881,0,0.2
11882,1,0.75
11883,0,0.23
11884,0,0.23
11885,1,0.75
11886,0,0.25
11887,1,0.67
11888,1,0.77
11889,0,0.23
11890,0,0.23
11891,1,0.84
11892,1,0.78
11893,0,0.12
11894,0,0.21
11895,1,0.74
11896,1,0.75
11897,0,0.17
11898,1,0.88
11899,0,0.27
11900,0,0.13
11901,1,0.74
11902,0,0.18
11903,1,0.75
11904,0,0.21
11905,1,0.8
11906,0,0.24
11907,1,0.81
11908,1,0.8
11909,0,0.15
11910,0,0.17
11911,1,0.8
11912,1,0.77
11913,0,0.17
11914,1,0.84
11915,0,0.14
11916,1,0.91
11917,0,0.24
11918,0,0.15
11919,1,0.83
11920,1,0.86
11921,0,0.34
11922,1,0.92
11923,0,0.19
11924,0,0.26
11925,1,0.74
11926,1,0.78
11927,0,0.22
11928,0,0.17
11929,1,0.71
11930,0,0.16
11931,1,0.81
11932,0,0.21
11933,1,0.75
11934,0,0.22
11935,1,0.8
11936,0,0.18
11937,1,0.79
11938,1,0.8
11939,0,0.23
11940,0,0.27
11941,1,0.81
11942,1,0.81
11943,0,0.26
11944,1,0.86
11945,0,0.27
11946,0,0.22
11947,1,0.74
11948,0,0.27
11949,1,0.78
11950,1,0.8
11951,0,0.22
11952,1,0.7
11953,0,0.19
11954,0,0.16
11955,1,0.76
11956,0,0.18
11957,1,0.87
11958,0,0.26
11959,1,0.77
11960,0,0.18
11961,1,0.72
11962,0,0.21
11963,1,0.83
11964,0,0.21
11965,1,0.74
11966,0,0.22
11967,1,0.75
11968,1,0.77
11969,0,0.25
11970,0,0.18
11971,1,0.84
11972,0,0.22
11973,0,0.27
11974,1,0.76
11975,0,0.21
11976,1,0.83
11977,0,0.29
11978,1,0.83
11979,0,0.23
11980,1,0.82
11981,0,0.22
11982,1,0.75
11983,0,0.2
11984,1,0.87
11985,1,0.69
11986,0,0.21
11987,0,0.26
11988,1,0.74
11989,0,0.17
11990,1,0.73
11991,1,0.81
11992,0,0.17
11993,1,0.73
11994,0,0.31
11995,1,0.6
11996,0,0.16
11997,0,0.34
11998,1,0.8
11999,1,0.79
12000,0,0.21
12001,0,0.3
12002,1,0.75
12003,0,0.22
12004,1,0.69
12005,0,0.22
12006,1,0.73
12007,0,0.27
12008,1,0.77
12009,0,0.2
12010,1,0.84
12011,0,0.24
12012,1,0.76
12013,1,0.82
12014,0,0.21
12015,0,0.23
12016,1,0.82
12017,0,0.25
12018,1,0.86
12019,0,0.16
12020,1,0.76
12021,1,0.75
12022,0,0.22
12023,1,0.74
12024,0,0.29
12025,0,0.22
12026,1,0.83
12027,0,0.17
12028,1,0.88
12029,1,0.86
12030,0,0.31
12031,1,0.67
12032,0,0.22
12033,1,0.74
12034,0,0.36
12035,1,0.69
12036,0,0.22
12037,1,0.79
12038,0,0.24
12039,1,0.85
12040,0,0.23
12041,0,0.22
12042,1,0.8
12043,1,0.74
12044,0,0.24
12045,1,0.78
12046,0,0.22
12047,1,0.7
12048,0,0.24
12049,1,0.82
12050,0,0.26
12051,1,0.79
12052,0,0.19
12053,1,0.75
12054,0,0.23
12055,1,0.75
12056,0,0.23
12057,1,0.77
12058,0,0.22
12059,1,0.74
12060,0,0.15
12061,1,0.82
12062,0,0.21
12063,1,0.75
12064,0,0.2
12065,1,0.87
12066,0,0.26
12067,1,0.72
12068,0,0.2
12069,1,0.75
12070,0,0.25
12071,0,0.24
12072,1,0.86
12073,1,0.75
12074,0,0.25
12075,0,0.31
12076,1,0.77
12077,0,0.14
12078,1,0.78
12079,0,0.19
12080,1,0.86
12081,0,0.2
12082,1,0.8
12083,1,0.86
12084,0,0.23
12085,1,0.73
12086,0,0.32
12087,0,0.14
12088,1,0.76
12089,1,0.94
12090,1,0.72
12091,0,0.28
12092,0,0.24
12093,1,0.84
12094,1,0.81
12095,0,0.19
12096,1,0.8
12097,0,0.26
12098,1,0.65
12099,0,0.15
12100,0,0.32
12101,1,0.75
12102,1,0.84
12103,0,0.19
12104,0,0.26
12105,1,0.65
12106,1,0.74
12107,0,0.28
12108,0,0.21
12109,1,0.64
12110,0,0.15
12111,1,0.81
12112,0,0.12
12113,1,0.76
12114,0,0.14
12115,1,0.81
12116,0,0.12
12117,1,0.86
12118,0,0.16
12119,0,0.15
12120,1,0.81
12121,0,0.28
12122,1,0.67
12123,0,0.25
12124,1,0.79
12125,0,0.31
12126,1,0.69
12127,1,0.84
12128,0,0.17
12129,0,0.34
12130,1,0.75
12131,0,0.23
12132,1,0.72
12133,1,0.75
12134,0,0.24
12135,0,0.24
12136,1,0.84
12137,0,0.24
12138,1,0.76
12139,0,0.25
12140,1,0.73
12141,1,0.84
12142,0,0.24
12143,0,0.19
12144,1,0.84
12145,1,0.66
12146,0,0.18
12147,0,0.24
12148,1,0.86
12149,0,0.14
12150,1,0.72
12151,0,0.26
12152,1,0.77
12153,0,0.14
12154,1,0.77
12155,0,0.18
12156,1,0.73
12157,0,0.16
12158,1,0.88
12159,0,0.23
12160,1,0.86
12161,0,0.23
12162,1,0.74
12163,0,0.23
12164,1,0.79
12165,1,0.8
12166,0,0.27
12167,0,0.17
12168,1,0.77
12169,0,0.19
12170,1,0.92
12171,0,0.14
12172,0,0.22
12173,1,0.82
12174,1,0.75
12175,0,0.27
12176,0,0.21
12177,1,0.71
12178,0,0.37
12179,1,0.76
12180,0,0.17
12181,1,0.74
12182,0,0.3
12183,1,0.84
12184,1,0.89
12185,0,0.27
12186,1,0.79
12187,0,0.25
12188,0,0.1
12189,1,0.93
12190,0,0.08
12191,1,0.96
12192,0,0.14
12193,1,0.68
12194,1,0.73
12195,0,0.18
12196,1,0.96
12197,0,0.23
12198,1,0.82
12199,0,0.25
12200,0,0.12
12201,1,0.83
12202,1,0.88
12203,0,0.21
12204,0,0.13
12205,1,0.83
12206,1,0.9
12207,0,0.3
12208,0,0.26
12209,1,0.8
12210,1,0.95
12211,0,0.18
12212,0,0.2
12213,1,0.82
12214,1,0.62
12215,0,0.18
12216,1,0.8
12217,0,0.15
12218,0,0.22
12219,1,0.84
12220,0,0.25
12221,1,0.66
12222,0,0.2
12223,1,0.84
12224,0,0.27
12225,1,0.75
12226,0,0.26
12227,1,0.72
12228,0,0.16
12229,1,0.75
12230,0,0.21
12231,1,0.71
12232,0,0.2
12233,1,0.78
12234,0,0.33
12235,1,0.78
12236,1,0.68
12237,0,0.33
12238,0,0.25
12239,1,0.8
12240,1,0.83
12241,0,0.23
12242,0,0.13
12243,1,0.73
12244,0,0.3
12245,1,0.71
12246,1,0.91
12247,0,0.2
12248,0,0.11
12249,1,0.81
12250,1,0.75
12251,0,0.17
12252,0,0.29
12253,1,0.83
12254,1,0.93
12255,0,0.21
12256,1,0.92
12257,0,0.19
12258,0,0.31
12259,1,0.83
12260,1,0.78
12261,0,0.23
12262,1,0.75
12263,0,0.25
12264,0,0.25
12265,1,0.79
12266,1,0.77
12267,0,0.29
12268,1,0.83
12269,0,0.22
12270,1,0.86
12271,0,0.21
12272,1,0.74
12273,0,0.25
12274,1,0.76
12275,0,0.24
12276,1,0.9
12277,0,0.16
12278,0,0.23
12279,1,0.81
12280,0,0.23
12281,1,0.9
12282,1,0.87
12283,0,0.22
12284,1,0.88
12285,0,0.14
12286,0,0.18
12287,1,0.7
12288,1,0.77
12289,0,0.24
12290,1,0.77
12291,0,0.15
12292,1,0.78
12293,0,0.21
12294,0,0.33
12295,1,0.86
12296,1,0.7
12297,0,0.35
12298,0,0.24
12299,1,0.82
12300,1,0.93
12301,0,0.31
12302,0,0.32
12303,1,0.78
12304,1,0.8
12305,0,0.19
12306,0,0.27
12307,1,0.72
12308,0,0.2
12309,1,0.73
12310,0,0.14
12311,1,0.76
12312,0,0.33
12313,1,0.72
12314,0,0.19
12315,1,0.85
12316,1,0.7
12317,0,0.23
12318,1,0.81
12319,0,0.16
12320,0,0.14
12321,1,0.88
12322,1,0.76
12323,0,0.27
12324,0,0.24
12325,1,0.7
12326,1,0.89
12327,0,0.17
12328,1,0.84
12329,0,0.2
12330,0,0.25
12331,1,0.84
12332,1,0.78
12333,0,0.23
12334,0,0.16
12335,1,0.83
12336,0,0.23
12337,1,0.83
12338,1,0.85
12339,0,0.27
12340,0,0.28
12341,1,0.84
12342,0,0.19
12343,1,0.78
12344,0,0.24
12345,1,0.78
12346,0,0.16
12347,1,0.79
12348,0,0.29
12349,1,0.74
12350,1,0.79
12351,0,0.27
12352,0,0.13
12353,1,0.79
12354,1,0.72
12355,0,0.21
12356,0,0.22
12357,1,0.82
12358,1,0.87
12359,0,0.11
12360,1,0.71
12361,0,0.15
12362,0,0.07
12363,1,0.96
12364,0,0.25
12365,1,0.81
12366,1,0.74
12367,0,0.26
12368,0,0.15
12369,1,0.73
12370,0,0.23
12371,1,0.96
12372,1,0.88
12373,0,0.18
12374,0,0.27
12375,1,0.73
12376,1,0.92
12377,0,0.22
12378,0,0.15
12379,1,0.79
12380,0,0.24
12381,1,0.82
12382,0,0.16
12383,1,0.78
12384,0,0.09
12385,1,0.95
12386,1,0.82
12387,0,0.11
12388,0,0.29
12389,1,0.82
12390,0,0.22
12391,1,0.71
12392,0,0.15
12393,1,0.9
12394,0,0.05
12395,1,0.73
12396,0,0.17
12397,1,0.76
12398,0,0.24
12399,1,0.68
12400,0,0.23
12401,0,0.2
12402,1,0.94
12403,1,0.73
12404,0,0.23
12405,0,0.15
12406,1,0.87
12407,1,0.74
12408,0,0.29
12409,1,0.78
12410,0,0.21
12411,1,0.79
12412,0,0.21
12413,1,0.78
12414,0,0.12
12415,1,0.78
12416,0,0.18
12417,1,0.77
12418,0,0.19
12419,1,0.83
12420,0,0.31
12421,0,0.17
12422,1,0.88
12423,1,0.77
12424,0,0.25
12425,0,0.36
12426,1,0.77
12427,0,0.21
12428,1,0.76
12429,0,0.14
12430,1,0.81
12431,0,0.18
12432,1,0.79
12433,0,0.15
12434,1,0.75
12435,0,0.37
12436,1,0.8
12437,1,0.77
12438,0,0.3
12439,0,0.23
12440,1,0.79
12441,1,0.82
12442,0,0.23
12443,1,0.71
12444,0,0.28
12445,0,0.22
12446,1,0.78
12447,0,0.25
12448,1,0.81
12449,0,0.28
12450,1,0.77
12451,0,0.17
12452,1,0.86
12453,0,0.06
12454,1,0.94
12455,0,0.22
12456,1,0.75
12457,0,0.29
12458,1,0.83
12459,0,0.15
12460,1,0.75
12461,0,0.14
12462,1,0.87
12463,0,0.13
12464,1,0.88
12465,0,0.24
12466,1,0.75
12467,1,0.88
12468,0,0.2
12469,0,0.19
12470,1,0.83
12471,0,0.19
12472,0,0.24
12473,1,0.84
12474,0,0.15
12475,1,0.78
12476,1,0.8
12477,0,0.23
12478,0,0.2
12479,1,0.66
12480,1,0.7
12481,0,0.21
12482,1,0.74
12483,0,0.2
12484,1,0.79
12485,0,0.24
12486,0,0.06
12487,1,0.79
12488,1,0.78
12489,0,0.22
12490,1,0.7
12491,0,0.21
12492,1,0.7
12493,0,0.17
12494,0,0.19
12495,1,0.88
12496,1,0.74
12497,0,0.18
12498,1,0.73
12499,0,0.22
12500,0,0.23
12501,1,0.72
12502,0,0.12
12503,1,0.79
12504,1,0.88
12505,0,0.17
12506,0,0.1
12507,1,0.79
12508,1,0.88
12509,0,0.18
12510,0,0.23
12511,1,0.8
12512,1,0.72
12513,0,0.25
12514,0,0.3
12515,1,0.77
12516,1,0.77
12517,0,0.21
12518,1,0.89
12519,0,0.27
12520,0,0.24
12521,1,0.81
12522,1,0.88
12523,0,0.12
12524,1,0.84
12525,0,0.18
12526,1,0.86
12527,0,0.24
12528,0,0.22
12529,1,0.85
12530,0,0.16
12531,1,0.89
12532,0,0.15
12533,1,0.83
12534,0,0.27
12535,1,0.75
12536,1,0.92
12537,0,0.19
12538,0,0.17
12539,1,0.82
12540,1,0.8
12541,0,0.25
12542,1,0.94
12543,0,0.22
12544,1,0.92
12545,0,0.09
12546,1,0.8
12547,0,0.22
12548,0,0.13
12549,1,0.78
12550,0,0.16
12551,1,0.82
12552,1,0.8
12553,0,0.16
12554,1,0.83
12555,0,0.12
12556,0,0.23
12557,1,0.73
12558,0,0.28
12559,1,0.78
12560,1,0.86
12561,0,0.13
12562,1,0.8
12563,0,0.18
12564,0,0.31
12565,1,0.75
12566,1,0.85
12567,0,0.22
12568,0,0.23
12569,1,0.8
12570,0,0.19
12571,1,0.78
12572,1,0.74
12573,0,0.25
12574,1,0.89
12575,0,0.26
12576,0,0.23
12577,1,0.81
12578,1,0.72
12579,0,0.3
12580,0,0.2
12581,1,0.85
12582,1,0.65
12583,0,0.2
12584,0,0.33
12585,1,0.79
12586,1,0.79
12587,0,0.23
12588,0,0.22
12589,1,0.76
12590,0,0.16
12591,1,0.74
12592,0,0.42
12593,1,0.81
12594,0,0.1
12595,1,0.81
12596,1,0.83
12597,0,0.26
12598,0,0.23
12599,1,0.76
12600,0,0.28
12601,1,0.79
12602,0,0.17
12603,1,0.88
12604,0,0.07
12605,1,0.8
12606,0,0.14
12607,1,0.96
12608,1,0.74
12609,0,0.19
12610,0,0.14
12611,1,0.94
12612,0,0.28
12613,1,0.83
12614,1,0.81
12615,0,0.12
12616,1,0.96
12617,0,0.22
12618,0,0.23
12619,1,0.92
12620,1,0.74
12621,0,0.24
12622,0,0.31
12623,1,0.8
12624,0,0.23
12625,1,0.67
12626,0,0.16
12627,1,0.83
12628,0,0.07
12629,1,0.85
12630,0,0.11
12631,1,0.81
12632,0,0.06
12633,1,0.83
12634,1,0.93
12635,0,0.17
12636,1,0.73
12637,0,0.33
12638,0,0.18
12639,1,0.72
12640,0,0.25
12641,1,0.77
12642,0,0.18
12643,1,0.82
12644,1,0.9
12645,0,0.25
12646,0,0.3
12647,1,0.79
12648,0,0.18
12649,1,0.83
12650,0,0.29
12651,1,0.78
12652,0,0.25
12653,1,0.94
12654,1,0.78
12655,0,0.23
12656,0,0.16
12657,1,0.72
12658,0,0.15
12659,1,0.83
12660,0,0.12
12661,1,0.76
12662,0,0.05
12663,1,0.82
12664,1,0.79
12665,0,0.33
12666,0,0.17
12667,1,0.83
12668,0,0.29
12669,1,0.79
12670,1,0.81
12671,0,0.24
12672,0,0.14
12673,1,0.72
12674,1,0.77
12675,0,0.17
12676,0,0.2
12677,1,0.75
12678,0,0.04
12679,1,0.8
12680,0,0.15
12681,1,0.78
12682,0,0.21
12683,1,0.74
12684,1,0.72
12685,0,0.26
12686,0,0.17
12687,1,0.71
12688,1,0.93
12689,0,0.14
12690,1,0.8
12691,0,0.15
12692,1,0.69
12693,0,0.19
12694,0,0.15
12695,1,0.78
12696,0,0.27
12697,1,0.77
12698,0,0.17
12699,1,0.69
12700,0,0.19
12701,0,0.22
12702,1,0.9
12703,1,0.77
12704,0,0.24
12705,0,0.25
12706,1,0.81
12707,1,0.8
12708,0,0.22
12709,1,0.64
12710,0,0.24
12711,0,0.31
12712,1,0.73
12713,0,0.14
12714,1,0.73
12715,1,0.95
12716,0,0.22
12717,1,0.82
12718,0,0.17
12719,0,0.21
12720,1,0.72
12721,1,0.83
12722,0,0.3
12723,0,0.1
12724,1,0.81
12725,0,0.2
12726,1,0.73
12727,1,0.75
12728,0,0.29
12729,1,0.83
12730,0,0.23
12731,1,0.71
12732,0,0.13
12733,1,0.82
12734,1,0.82
12735,0,0.25
12736,0,0.15
12737,1,0.84
12738,0,0.26
12739,1,0.84
12740,1,0.83
12741,1,0.73
12742,0,0.21
12743,0,0.17
12744,1,0.76
12745,1,0.75
12746,0,0.2
12747,1,0.69
12748,0,0.2
12749,0,0.33
12750,1,0.68
12751,0,0.2
12752,1,0.75
12753,0,0.26
12754,1,0.76
12755,0,0.18
12756,1,0.84
12757,1,0.75
12758,0,0.18
12759,1,0.79
12760,0,0.16
12761,0,0.19
12762,1,0.94
12763,0,0.09
12764,1,0.87
12765,1,0.81
12766,0,0.18
12767,0,0.23
12768,1,0.72
12769,0,0.09
12770,1,0.77
12771,0,0.25
12772,0,0.26
12773,1,0.79
12774,1,0.81
12775,0,0.16
12776,0,0.16
12777,1,0.7
12778,0,0.24
12779,1,0.82
12780,0,0.24
12781,0,0.19
12782,1,0.75
12783,1,0.78
12784,0,0.25
12785,0,0.13
12786,1,0.91
12787,0,0.17
12788,1,0.8
12789,1,0.8
12790,0,0.27
12791,0,0.23
12792,1,0.81
12793,0,0.27
12794,1,0.79
12795,1,0.84
12796,0,0.24
12797,1,0.75
12798,0,0.24
12799,1,0.7
12800,0,0.23
12801,0,0.28
12802,1,0.81
12803,1,0.79
12804,0,0.25
12805,1,0.9
12806,0,0.26
12807,1,0.88
12808,0,0.19
12809,0,0.25
12810,1,0.74
12811,1,0.83
12812,0,0.28
12813,1,0.75
12814,0,0.17
12815,0,0.17
12816,1,0.93
12817,0,0.29
12818,1,0.79
12819,1,0.71
12820,0,0.14
12821,0,0.23
12822,1,0.79
12823,0,0.21
12824,1,0.79
12825,0,0.12
12826,1,0.81
12827,1,0.81
12828,0,0.2
12829,1,0.74
12830,0,0.24
12831,1,0.8
12832,0,0.27
12833,0,0.27
12834,1,0.83
12835,0,0.18
12836,1,0.69
12837,0,0.1
12838,1,0.93
12839,0,0.17
12840,1,0.75
12841,1,0.85
12842,0,0.14
12843,1,0.84
12844,0,0.15
12845,1,0.92
12846,0,0.17
12847,1,0.76
12848,0,0.28
12849,1,0.74
12850,0,0.22
12851,0,0.2
12852,1,0.77
12853,1,0.75
12854,0,0.19
12855,0,0.24
12856,1,0.74
12857,1,0.8
12858,0,0.17
12859,0,0.16
12860,1,0.79
12861,0,0.13
12862,1,0.68
12863,0,0.25
12864,1,0.66
12865,0,0.19
12866,1,0.84
12867,0,0.28
12868,1,0.83
12869,1,0.86
12870,0,0.14
12871,0,0.1
12872,1,0.92
12873,0,0.09
12874,1,0.88
12875,1,0.79
12876,0,0.22
12877,0,0.28
12878,1,0.71
12879,0,0.19
12880,1,0.8
12881,1,0.72
12882,0,0.28
12883,0,0.19
12884,1,0.84
12885,1,0.75
12886,0,0.17
12887,1,0.86
12888,0,0.09
12889,0,0.13
12890,1,0.83
12891,1,0.82
12892,0,0.28
12893,1,0.79
12894,0,0.16
12895,1,0.72
12896,0,0.16
12897,1,0.76
12898,0,0.25
12899,1,0.82
12900,0,0.19
12901,1,0.79
12902,1,0.73
12903,0,0.14
12904,0,0.15
12905,1,0.85
12906,1,0.96
12907,0,0.18
12908,1,0.69
12909,0,0.23
12910,1,0.74
12911,0,0.2
12912,1,0.75
12913,0,0.23
12914,1,0.74
12915,0,0.18
12916,0,0.29
12917,1,0.82
12918,0,0.12
12919,1,0.85
12920,0,0.13
12921,1,0.85
12922,0,0.15
12923,1,0.9
12924,0,0.16
12925,1,0.7
12926,0,0.23
12927,1,0.77
12928,0,0.18
12929,1,0.76
12930,1,0.83
12931,0,0.22
12932,0,0.12
12933,1,0.66
12934,0,0.29
12935,1,0.83
12936,1,0.85
12937,0,0.25
12938,1,0.84
12939,0,0.23
12940,0,0.23
12941,1,0.85
12942,0,0.17
12943,1,0.86
12944,0,0.27
12945,1,0.77
12946,0,0.22
12947,1,0.79
12948,0,0.24
12949,1,0.77
12950,1,0.79
12951,0,0.17
12952,1,0.81
12953,0,0.15
12954,1,0.77
12955,0,0.17
12956,0,0.06
12957,1,0.98
12958,0,0.26
12959,1,0.73
12960,1,0.76
12961,0,0.24
12962,1,0.86
12963,0,0.15
12964,0,0.2
12965,1,0.77
12966,1,0.72
12967,0,0.15
12968,1,0.82
12969,0,0.29
12970,1,0.66
12971,0,0.23
12972,1,0.73
12973,0,0.16
12974,1,0.67
12975,0,0.15
12976,1,0.64
12977,0,0.23
12978,0,0.19
12979,1,0.77
12980,0,0.24
12981,1,0.73
12982,1,0.76
12983,0,0.27
12984,1,0.73
12985,0,0.24
12986,0,0.2
12987,1,0.77
12988,0,0.18
12989,1,0.92
12990,0,0.24
12991,1,0.81
12992,1,0.76
12993,0,0.22
12994,1,0.7
12995,0,0.25
12996,0,0.28
12997,1,0.86
12998,0,0.19
12999,1,0.73
13000,0,0.24
13001,1,0.75
13002,0,0.36
13003,1,0.82
13004,1,0.77
13005,1,0.87
13006,0,0.12
13007,1,0.69
13008,0,0.18
13009,0,0.24
13010,1,0.67
13011,1,0.81
13012,0,0.18
13013,1,0.74
13014,0,0.29
13015,0,0.25
13016,1,0.8
13017,0,0.18
13018,1,0.77
13019,0,0.14
13020,1,0.88
13021,1,0.88
13022,0,0.14
13023,0,0.13
13024,1,0.9
13025,0,0.15
13026,1,0.81
13027,0,0.14
13028,1,0.84
13029,1,0.85
13030,0,0.2
13031,0,0.14
13032,0,0.13
13033,1,0.81
13034,1,0.81
13035,0,0.07
13036,0,0.13
13037,1,0.89
13038,0,0.19
13039,1,0.88
13040,0,0.18
13041,1,0.76
13042,0,0.32
13043,1,0.78
13044,0,0.31
13045,1,0.73
13046,1,0.95
13047,0,0.08
13048,0,0.13
13049,1,0.91
13050,1,0.83
13051,0,0.16
13052,1,0.73
13053,0,0.3
13054,0,0.23
13055,1,0.72
13056,1,0.82
13057,0,0.22
13058,0,0.1
13059,1,0.94
13060,0,0.2
13061,1,0.67
13062,0,0.16
13063,1,0.8
13064,0,0.06
13065,1,0.94
13066,0,0.15
13067,1,0.91
13068,0,0.15
13069,1,0.93
13070,1,0.86
13071,0,0.11
13072,1,0.76
13073,0,0.15
13074,0,0.21
13075,1,0.89
13076,1,0.86
13077,0,0.2
13078,1,0.83
13079,0,0.19
13080,1,0.76
13081,0,0.32
13082,1,0.91
13083,0,0.04
13084,0,0.12
13085,1,0.81
13086,0,0.18
13087,1,0.9
13088,0,0.16
13089,1,0.8
13090,0,0.31
13091,1,0.73
13092,0,0.26
13093,1,0.89
13094,0,0.1
13095,1,0.75
13096,0,0.23
13097,1,0.76
13098,0,0.29
13099,0,0.2
13100,1,0.73
13101,0,0.15
13102,1,0.87
13103,0,0.19
13104,1,0.88
13105,0,0.18
13106,1,0.8
13107,1,0.75
13108,0,0.22
13109,1,0.87
13110,0,0.25
13111,0,0.13
13112,1,0.8
13113,0,0.16
13114,1,0.79
13115,1,0.72
13116,0,0.14
13117,0,0.28
13118,1,0.76
13119,0,0.23
13120,1,0.81
13121,0,0.21
13122,1,0.82
13123,0,0.23
13124,1,0.74
13125,0,0.21
13126,1,0.77
13127,1,0.79
13128,0,0.29
13129,1,0.82
13130,0,0.23
13131,0,0.28
13132,1,0.79
13133,0,0.3
13134,1,0.7
13135,1,0.81
13136,0,0.24
13137,1,0.84
13138,0,0.16
13139,1,0.87
13140,0,0.15
13141,0,0.16
13142,1,0.68
13143,1,0.72
13144,0,0.13
13145,1,0.88
13146,0,0.16
13147,0,0.22
13148,1,0.75
13149,1,0.82
13150,0,0.2
13151,1,0.87
13152,0,0.2
13153,1,0.85
13154,0,0.15
13155,1,0.9
13156,0,0.24
13157,1,0.8
13158,0,0.18
13159,0,0.21
13160,1,0.84
13161,1,0.81
13162,0,0.28
13163,1,0.82
13164,0,0.19
13165,1,0.75
13166,0,0.19
13167,1,0.71
13168,1,0.67
13169,0,0.16
13170,0,0.1
13171,1,0.84
13172,0,0.14
13173,1,0.89
13174,1,0.8
13175,0,0.31
13176,0,0.34
13177,1,0.72
13178,1,0.89
13179,0,0.2
13180,1,0.88
13181,0,0.12
13182,0,0.15
13183,1,0.78
13184,0,0.22
13185,1,0.71
13186,0,0.18
13187,1,0.98
13188,0,0.08
13189,1,0.95
13190,0,0.21
13191,1,0.75
13192,0,0.26
13193,1,0.79
13194,0,0.1
13195,1,0.94
13196,0,0.26
13197,1,0.84
13198,0,0.31
13199,1,0.81
13200,0,0.14
13201,1,0.84
13202,0,0.25
13203,1,0.86
13204,1,0.74
13205,0,0.22
13206,1,0.71
13207,0,0.22
13208,0,0.13
13209,1,0.82
13210,0,0.25
13211,1,0.69
13212,1,0.78
13213,0,0.23
13214,1,0.77
13215,0,0.17
13216,1,0.84
13217,0,0.13
13218,1,0.75
13219,0,0.22
13220,0,0.21
13221,1,0.76
13222,1,0.87
13223,0,0.16
13224,1,0.96
13225,0,0.23
13226,0,0.12
13227,1,0.76
13228,1,0.82
13229,0,0.2
13230,0,0.17
13231,1,0.67
13232,0,0.09
13233,1,0.95
13234,1,0.77
13235,0,0.23
13236,1,0.77
13237,0,0.25
13238,0,0.19
13239,1,0.76
13240,0,0.25
13241,1,0.77
13242,1,0.66
13243,0,0.24
13244,0,0.16
13245,1,0.85
13246,1,0.71
13247,0,0.23
13248,1,0.74
13249,0,0.24
13250,1,0.78
13251,0,0.26
13252,1,0.78
13253,0,0.18
13254,0,0.32
13255,1,0.71
13256,1,0.7
13257,0,0.29
13258,0,0.25
13259,1,0.68
13260,1,0.77
13261,0,0.26
13262,1,0.86
13263,0,0.11
13264,0,0.18
13265,1,0.76
13266,0,0.19
13267,1,0.82
13268,1,0.77
13269,0,0.24
13270,1,0.84
13271,0,0.15
13272,1,0.83
13273,1,0.84
13274,0,0.31
13275,0,0.24
13276,1,0.77
13277,1,0.66
13278,0,0.25
13279,0,0.19
13280,1,0.74
13281,0,0.33
13282,1,0.75
13283,0,0.24
13284,1,0.67
13285,0,0.21
13286,0,0.17
13287,1,0.97
13288,0,0.17
13289,1,0.86
13290,0,0.3
13291,1,0.83
13292,0,0.19
13293,1,0.67
13294,0,0.19
13295,1,0.79
13296,0,0.14
13297,1,0.82
13298,1,0.88
13299,0,0.2
13300,0,0.08
13301,1,0.89
13302,1,0.83
13303,0,0.18
13304,0,0.14
13305,1,0.8
13306,0,0.2
13307,1,0.71
13308,0,0.12
13309,1,0.76
13310,0,0.19
13311,1,0.82
13312,1,0.71
13313,0,0.2
13314,0,0.17
13315,1,0.78
13316,0,0.11
13317,1,0.79
13318,0,0.27
13319,1,0.77
13320,0,0.23
13321,1,0.76
13322,1,0.81
13323,0,0.22
13324,1,0.8
13325,0,0.3
13326,0,0.19
13327,1,0.72
13328,1,0.74
13329,0,0.17
13330,1,0.76
13331,0,0.25
13332,0,0.34
13333,1,0.82
13334,1,0.83
13335,0,0.17
13336,1,0.67
13337,0,0.15
13338,1,0.81
13339,0,0.27
13340,1,0.79
13341,0,0.31
13342,1,0.82
13343,0,0.15
13344,1,0.81
13345,0,0.21
13346,1,0.78
13347,0,0.22
13348,0,0.21
13349,1,0.8
13350,0,0.23
13351,1,0.85
13352,0,0.4
13353,1,0.78
13354,0,0.23
13355,1,0.8
13356,1,0.79
13357,0,0.23
13358,0,0.23
13359,1,0.75
13360,1,0.7
13361,0,0.18
13362,0,0.27
13363,1,0.8
13364,0,0.15
13365,1,0.87
13366,1,0.76
13367,0,0.26
13368,1,0.76
13369,0,0.2
13370,1,0.81
13371,0,0.22
13372,0,0.14
13373,1,0.7
13374,0,0.19
13375,1,0.82
13376,0,0.05
13377,1,0.83
13378,0,0.09
13379,1,0.63
13380,0,0.19
13381,1,0.69
13382,0,0.2
13383,1,0.77
13384,0,0.22
13385,0,0.25
13386,1,0.82
13387,0,0.26
13388,1,0.8
13389,0,0.28
13390,1,0.83
13391,1,0.85
13392,0,0.21
13393,0,0.17
13394,1,0.76
13395,1,0.8
13396,0,0.22
13397,1,0.73
13398,0,0.21
13399,0,0.16
13400,1,0.88
13401,0,0.2
13402,1,0.73
13403,0,0.19
13404,1,0.62
13405,0,0.26
13406,1,0.87
13407,0,0.13
13408,1,0.85
13409,0,0.21
13410,1,0.84
13411,1,0.72
13412,0,0.29
13413,1,0.82
13414,0,0.2
13415,0,0.31
13416,1,0.78
13417,0,0.12
13418,1,0.92
13419,1,0.78
13420,0,0.19
13421,1,0.81
13422,0,0.16
13423,1,0.89
13424,0,0.23
13425,1,0.84
13426,0,0.31
13427,0,0.26
13428,1,0.75
13429,0,0.12
13430,1,0.7
13431,1,0.91
13432,0,0.22
13433,1,0.79
13434,0,0.18
13435,0,0.16
13436,1,0.69
13437,0,0.28
13438,1,0.78
13439,0,0.16
13440,1,0.9
13441,1,0.67
13442,0,0.29
13443,1,0.74
13444,0,0.19
13445,1,0.82
13446,0,0.23
13447,0,0.25
13448,1,0.78
13449,1,0.74
13450,0,0.29
13451,0,0.31
13452,1,0.78
13453,0,0.22
13454,1,0.87
13455,1,0.82
13456,0,0.16
13457,0,0.16
13458,1,0.7
13459,0,0.06
13460,1,0.85
13461,0,0.12
13462,1,0.86
13463,1,0.89
13464,0,0.18
13465,1,0.83
13466,0,0.23
13467,1,0.75
13468,0,0.15
13469,0,0.08
13470,1,0.92
13471,0,0.25
13472,1,0.78
13473,1,0.72
13474,0,0.2
13475,0,0.26
13476,1,0.85
13477,1,0.66
13478,0,0.18
13479,1,0.82
13480,0,0.31
13481,0,0.16
13482,1,0.78
13483,0,0.29
13484,1,0.79
13485,1,0.8
13486,0,0.22
13487,0,0.17
13488,1,0.74
13489,0,0.38
13490,1,0.91
13491,1,0.81
13492,0,0.28
13493,1,0.74
13494,0,0.29
13495,1,0.76
13496,0,0.21
13497,1,0.76
13498,0,0.23
13499,0,0.16
13500,1,0.87
13501,1,0.79
13502,0,0.2
13503,1,0.8
13504,0,0.3
13505,0,0.08
13506,1,0.82
13507,0,0.22
13508,1,0.66
13509,0,0.23
13510,1,0.77
13511,0,0.22
13512,1,0.72
13513,1,0.74
13514,0,0.3
13515,1,0.78
13516,0,0.21
13517,1,0.87
13518,0,0.11
13519,1,0.74
13520,0,0.22
13521,0,0.2
13522,1,0.84
13523,0,0.16
13524,1,0.81
13525,1,0.7
13526,0,0.27
13527,0,0.14
13528,1,0.74
13529,1,0.8
13530,0,0.11
13531,1,0.77
13532,0,0.26
13533,0,0.16
13534,1,0.82
13535,1,0.79
13536,0,0.31
13537,0,0.24
13538,1,0.84
13539,0,0.35
13540,1,0.81
13541,1,0.83
13542,0,0.26
13543,1,0.8
13544,0,0.25
13545,0,0.25
13546,1,0.73
13547,0,0.27
13548,1,0.74
13549,1,0.85
13550,0,0.17
13551,0,0.28
13552,1,0.84
13553,1,0.7
13554,0,0.2
13555,0,0.24
13556,1,0.71
13557,1,0.77
13558,0,0.18
13559,0,0.23
13560,1,0.81
13561,1,0.74
13562,0,0.18
13563,0,0.1
13564,1,0.89
13565,1,0.73
13566,0,0.22
13567,1,0.75
13568,0,0.25
13569,0,0.2
13570,1,0.88
13571,1,0.72
13572,0,0.3
13573,1,0.73
13574,0,0.2
13575,1,0.82
13576,0,0.26
13577,0,0.23
13578,1,0.77
13579,0,0.26
13580,1,0.73
13581,0,0.28
13582,0,0.24
13583,1,0.83
13584,1,0.78
13585,0,0.18
13586,1,0.88
13587,0,0.08
13588,0,0.28
13589,1,0.76
13590,0,0.3
13591,1,0.78
13592,0,0.18
13593,1,0.83
13594,1,0.66
13595,0,0.27
13596,0,0.18
13597,1,0.87
13598,0,0.23
13599,1,0.81
13600,0,0.14
13601,1,0.76
13602,1,0.73
13603,0,0.17
13604,0,0.31
13605,1,0.77
13606,1,0.72
13607,0,0.25
13608,0,0.2
13609,1,0.82
13610,1,0.9
13611,0,0.23
13612,1,0.77
13613,0,0.26
13614,1,0.73
13615,0,0.22
13616,1,0.7
13617,0,0.18
13618,1,0.69
13619,0,0.18
13620,1,0.79
13621,0,0.2
13622,1,0.87
13623,0,0.16
13624,1,0.72
13625,1,0.83
13626,0,0.19
13627,1,0.72
13628,0,0.19
13629,0,0.17
13630,1,0.67
13631,1,0.82
13632,0,0.19
13633,0,0.27
13634,1,0.93
13635,0,0.24
13636,1,0.76
13637,1,0.89
13638,0,0.15
13639,1,0.81
13640,0,0.16
13641,1,0.88
13642,0,0.25
13643,1,0.79
13644,0,0.23
13645,0,0.2
13646,1,0.83
13647,0,0.28
13648,1,0.81
13649,1,0.84
13650,0,0.15
13651,0,0.29
13652,1,0.92
13653,1,0.87
13654,0,0.11
13655,1,0.72
13656,0,0.14
13657,1,0.84
13658,0,0.24
13659,1,0.9
13660,0,0.19
13661,0,0.17
13662,1,0.85
13663,0,0.23
13664,1,0.76
13665,0,0.12
13666,1,0.81
13667,1,0.81
13668,0,0.21
13669,0,0.13
13670,1,0.84
13671,0,0.31
13672,1,0.78
13673,0,0.17
13674,1,0.88
13675,1,0.83
13676,0,0.19
13677,0,0.27
13678,1,0.76
13679,1,0.81
13680,0,0.23
13681,0,0.23
13682,1,0.74
13683,1,0.93
13684,0,0.18
13685,1,0.82
13686,0,0.21
13687,1,0.89
13688,0,0.13
13689,0,0.18
13690,1,0.91
13691,0,0.14
13692,1,0.9
13693,0,0.1
13694,1,0.79
13695,1,0.8
13696,0,0.26
13697,1,0.75
13698,0,0.23
13699,1,0.77
13700,0,0.18
13701,0,0.13
13702,1,0.86
13703,0,0.27
13704,1,0.73
13705,1,0.77
13706,0,0.06
13707,1,0.73
13708,0,0.22
13709,1,0.76
13710,0,0.18
13711,1,0.68
13712,0,0.18
13713,1,0.79
13714,0,0.23
13715,1,0.8
13716,0,0.22
13717,1,0.8
13718,0,0.16
13719,0,0.25
13720,1,0.87
13721,1,0.8
13722,0,0.31
13723,0,0.17
13724,1,0.8
13725,0,0.26
13726,1,0.73
13727,1,0.84
13728,0,0.23
13729,0,0.25
13730,1,0.68
13731,1,0.69
13732,0,0.24
13733,1,0.93
13734,0,0.07
13735,0,0.21
13736,1,0.76
13737,1,0.72
13738,0,0.24
13739,1,0.74
13740,0,0.2
13741,1,0.9
13742,0,0.21
13743,1,0.73
13744,0,0.16
13745,1,0.77
13746,0,0.11
13747,1,0.73
13748,0,0.25
13749,1,0.79
13750,0,0.25
13751,1,0.71
13752,0,0.15
13753,1,0.82
13754,0,0.15
13755,0,0.19
13756,1,0.81
13757,0,0.09
13758,1,0.78
13759,1,0.75
13760,0,0.18
13761,1,0.77
13762,0,0.19
13763,0,0.23
13764,1,0.86
13765,1,0.77
13766,0,0.26
13767,1,0.74
13768,0,0.41
13769,1,0.8
13770,0,0.29
13771,0,0.17
13772,1,0.77
13773,0,0.16
13774,1,0.8
13775,0,0.18
13776,1,0.8
13777,1,0.86
13778,0,0.19
13779,1,0.74
13780,0,0.13
13781,0,0.19
13782,1,0.84
13783,0,0.19
13784,1,0.76
13785,1,0.79
13786,0,0.24
13787,0,0.11
13788,1,0.8
13789,0,0.19
13790,1,0.79
13791,0,0.16
13792,1,0.68
13793,1,0.77
13794,0,0.34
13795,1,0.9
13796,0,0.16
13797,0,0.18
13798,1,0.63
13799,0,0.16
13800,1,0.76
13801,1,0.84
13802,0,0.23
13803,1,0.89
13804,0,0.19
13805,1,0.67
13806,0,0.31
13807,0,0.15
13808,1,0.79
13809,1,0.86
13810,0,0.3
13811,0,0.21
13812,1,0.7
13813,1,0.87
13814,0,0.21
13815,1,0.78
13816,0,0.22
13817,0,0.11
13818,1,0.78
13819,1,0.95
13820,0,0.26
13821,0,0.16
13822,1,0.73
13823,1,0.75
13824,0,0.26
13825,1,0.94
13826,0,0.14
13827,0,0.31
13828,1,0.79
13829,0,0.17
13830,1,0.88
13831,0,0.14
13832,1,0.84
13833,1,0.84
13834,0,0.16
13835,0,0.18
13836,1,0.76
13837,1,0.84
13838,0,0.18
13839,1,0.69
13840,0,0.16
13841,1,0.86
13842,0,0.14
13843,1,0.8
13844,0,0.33
13845,0,0.18
13846,1,0.75
13847,1,0.86
13848,0,0.16
13849,1,0.77
13850,0,0.24
13851,0,0.14
13852,1,0.82
13853,1,0.84
13854,0,0.27
13855,0,0.28
13856,1,0.73
13857,0,0.27
13858,1,0.8
13859,0,0.19
13860,1,0.94
13861,1,0.8
13862,0,0.33
13863,1,0.75
13864,0,0.21
13865,1,0.8
13866,0,0.12
13867,0,0.2
13868,1,0.86
13869,1,0.68
13870,0,0.2
13871,0,0.18
13872,1,0.87
13873,0,0.26
13874,1,0.73
13875,0,0.24
13876,1,0.9
13877,0,0.22
13878,0,0.19
13879,1,0.9
13880,1,0.82
13881,0,0.21
13882,0,0.2
13883,1,0.83
13884,0,0.11
13885,1,0.71
13886,0,0.32
13887,1,0.84
13888,0,0.26
13889,1,0.76
13890,1,0.84
13891,0,0.26
13892,0,0.12
13893,1,0.84
13894,1,0.68
13895,0,0.16
13896,1,0.78
13897,0,0.15
13898,1,0.72
13899,0,0.27
13900,0,0.2
13901,1,0.83
13902,0,0.22
13903,1,0.72
13904,0,0.31
13905,1,0.76
13906,1,0.77
13907,0,0.31
13908,1,0.78
13909,0,0.32
13910,1,0.67
13911,0,0.24
13912,1,0.71
13913,0,0.29
13914,0,0.14
13915,1,0.86
13916,1,0.74
13917,0,0.15
13918,1,0.72
13919,0,0.21
13920,0,0.19
13921,1,0.76
13922,1,0.81
13923,0,0.24
13924,0,0.25
13925,1,0.71
13926,0,0.29
13927,1,0.73
13928,1,0.78
13929,0,0.22
13930,1,0.82
13931,0,0.17
13932,1,0.69
13933,0,0.2
13934,1,0.83
13935,0,0.18
13936,0,0.21
13937,1,0.71
13938,0,0.29
13939,1,0.74
13940,1,0.85
13941,0,0.12
13942,0,0.22
13943,1,0.88
13944,0,0.17
13945,1,0.73
13946,0,0.26
13947,1,0.77
13948,1,0.77
13949,0,0.23
13950,0,0.28
13951,1,0.77
13952,1,0.73
13953,0,0.11
13954,0,0.14
13955,1,0.86
13956,0,0.17
13957,1,0.82
13958,0,0.25
13959,1,0.68
13960,1,0.72
13961,0,0.23
13962,0,0.3
13963,1,0.68
13964,0,0.26
13965,0,0.2
13966,1,0.72
13967,0,0.1
13968,1,0.75
13969,0,0.16
13970,1,0.85
13971,1,0.85
13972,0,0.21
13973,1,0.8
13974,0,0.18
13975,0,0.17
13976,1,0.75
13977,0,0.15
13978,1,0.76
13979,1,0.76
13980,0,0.24
13981,1,0.82
13982,0,0.15
13983,0,0.27
13984,1,0.66
13985,0,0.21
13986,1,0.79
13987,1,0.81
13988,0,0.23
13989,0,0.23
13990,1,0.84
13991,0,0.25
13992,1,0.74
13993,1,0.77
13994,0,0.24
13995,0,0.11
13996,1,0.78
13997,0,0.18
13998,1,0.81
13999,0,0.14
14000,1,0.94
14001,0,0.25
14002,1,0.69
14003,0,0.3
14004,1,0.76
14005,1,0.78
14006,0,0.25
14007,0,0.32
14008,1,0.78
14009,1,0.88
14010,0,0.21
14011,0,0.29
14012,1,0.8
14013,0,0.27
14014,1,0.8
14015,1,0.78
14016,0,0.24
14017,0,0.19
14018,1,0.77
14019,1,0.74
14020,0,0.15
14021,0,0.27
14022,1,0.72
14023,0,0.23
14024,1,0.79
14025,0,0.27
14026,1,0.65
14027,1,0.68
14028,0,0.23
14029,1,0.88
14030,1,0.77
14031,0,0.22
14032,1,0.85
14033,0,0.25
14034,1,0.71
14035,0,0.34
14036,1,0.66
14037,0,0.28
14038,0,0.18
14039,1,0.84
14040,0,0.27
14041,1,0.71
14042,1,0.73
14043,0,0.2
14044,0,0.24
14045,1,0.79
14046,1,0.84
14047,0,0.23
14048,1,0.76
14049,0,0.18
14050,0,0.15
14051,1,0.91
14052,0,0.25
14053,1,0.76
14054,1,0.72
14055,0,0.26
14056,1,0.86
14057,0,0.13
14058,0,0.24
14059,1,0.73
14060,1,0.78
14061,0,0.24
14062,1,0.79
14063,0,0.3
14064,0,0.25
14065,1,0.67
14066,1,0.8
14067,0,0.27
14068,0,0.16
14069,1,0.86
14070,0,0.15
14071,1,0.76
14072,1,0.73
14073,0,0.21
14074,0,0.25
14075,1,0.73
14076,1,0.74
14077,0,0.22
14078,0,0.25
14079,1,0.69
14080,0,0.19
14081,1,0.72
14082,0,0.18
14083,1,0.83
14084,1,0.8
14085,0,0.17
14086,1,0.81
14087,0,0.27
14088,0,0.12
14089,1,0.8
14090,0,0.13
14091,1,0.92
14092,1,0.69
14093,0,0.18
14094,0,0.23
14095,1,0.8
14096,0,0.39
14097,1,0.8
14098,1,0.73
14099,0,0.29
14100,0,0.3
14101,1,0.79
14102,0,0.27
14103,1,0.72
14104,1,0.81
14105,0,0.27
14106,1,0.74
14107,0,0.26
14108,0,0.14
14109,1,0.83
14110,0,0.22
14111,1,0.73
14112,0,0.19
14113,1,0.74
14114,1,0.85
14115,0,0.34
14116,1,0.84
14117,0,0.17
14118,0,0.05
14119,1,0.72
14120,1,0.89
14121,0,0.2
14122,1,0.7
14123,0,0.21
14124,1,0.92
14125,0,0.16
14126,0,0.1
14127,1,0.72
14128,1,0.81
14129,0,0.25
14130,1,0.73
14131,0,0.2
14132,0,0.24
14133,1,0.97
14134,0,0.21
14135,1,0.74
14136,1,0.82
14137,0,0.16
14138,1,0.73
14139,0,0.22
14140,0,0.18
14141,1,0.89
14142,1,0.81
14143,0,0.24
14144,0,0.24
14145,1,0.74
14146,0,0.2
14147,1,0.89
14148,1,0.67
14149,0,0.16
14150,0,0.31
14151,1,0.78
14152,1,0.68
14153,0,0.32
14154,1,0.85
14155,0,0.27
14156,0,0.16
14157,1,0.79
14158,1,0.82
14159,0,0.14
14160,1,0.75
14161,0,0.31
14162,1,0.85
14163,0,0.2
14164,0,0.14
14165,1,0.86
14166,0,0.17
14167,1,0.85
14168,1,0.78
14169,0,0.14
14170,0,0.16
14171,1,0.75
14172,0,0.25
14173,1,0.8
14174,1,0.77
14175,0,0.2
14176,1,0.85
14177,0,0.19
14178,0,0.23
14179,1,0.77
14180,1,0.85
14181,0,0.18
14182,0,0.23
14183,1,0.79
14184,1,0.68
14185,0,0.3
14186,0,0.22
14187,1,0.82
14188,1,0.87
14189,0,0.17
14190,0,0.25
14191,1,0.93
14192,1,0.69
14193,0,0.22
14194,1,0.81
14195,0,0.22
14196,1,0.84
14197,0,0.24
14198,1,0.74
14199,0,0.3
14200,1,0.81
14201,0,0.21
14202,0,0.17
14203,1,0.81
14204,0,0.23
14205,1,0.82
14206,0,0.19
14207,1,0.89
14208,0,0.18
14209,1,0.72
14210,0,0.15
14211,1,0.8
14212,1,0.9
14213,0,0.16
14214,0,0.27
14215,1,0.78
14216,0,0.26
14217,1,0.7
14218,1,0.73
14219,0,0.2
14220,0,0.19
14221,1,0.84
14222,1,0.76
14223,0,0.23
14224,0,0.15
14225,1,0.95
14226,1,0.83
14227,0,0.14
14228,0,0.2
14229,1,0.68
14230,0,0.18
14231,1,0.72
14232,1,0.7
14233,0,0.18
14234,0,0.14
14235,1,0.82
14236,1,0.74
14237,0,0.18
14238,1,0.81
14239,0,0.24
14240,0,0.16
14241,1,0.76
14242,1,0.9
14243,0,0.15
14244,0,0.29
14245,1,0.74
14246,0,0.15
14247,1,0.89
14248,0,0.17
14249,1,0.77
14250,0,0.26
14251,1,0.79
14252,0,0.17
14253,1,0.79
14254,1,0.91
14255,0,0.27
14256,1,0.77
14257,0,0.28
14258,0,0.24
14259,1,0.8
14260,1,0.77
14261,0,0.29
14262,0,0.19
14263,1,0.76
14264,1,0.84
14265,0,0.12
14266,0,0.17
14267,1,0.77
14268,1,0.81
14269,0,0.13
14270,0,0.19
14271,1,0.81
14272,1,0.93
14273,1,0.7
14274,0,0.18
14275,1,0.71
14276,0,0.27
14277,0,0.27
14278,1,0.76
14279,1,0.74
14280,0,0.03
14281,1,0.87
14282,0,0.11
14283,1,0.74
14284,0,0.32
14285,0,0.32
14286,1,0.72
14287,0,0.14
14288,1,0.86
14289,0,0.14
14290,1,0.81
14291,0,0.31
14292,1,0.72
14293,1,0.89
14294,0,0.18
14295,0,0.19
14296,1,0.75
14297,1,0.76
14298,0,0.24
14299,0,0.21
14300,1,0.71
14301,0,0.1
14302,1,0.68
14303,1,0.89
14304,0,0.26
14305,0,0.17
14306,1,0.71
14307,0,0.15
14308,1,0.61
14309,0,0.22
14310,1,0.73
14311,1,0.67
14312,0,0.13
14313,0,0.22
14314,1,0.84
14315,1,0.89
14316,0,0.27
14317,1,0.77
14318,0,0.32
14319,0,0.27
14320,1,0.71
14321,0,0.3
14322,1,0.85
14323,0,0.26
14324,1,0.76
14325,1,0.74
14326,0,0.19
14327,0,0.26
14328,1,0.77
14329,0,0.11
14330,0,0.18
14331,1,0.9
14332,1,0.65
14333,0,0.26
14334,1,0.79
14335,0,0.21
14336,1,0.83
14337,0,0.15
14338,1,0.78
14339,0,0.33
14340,1,0.78
14341,0,0.1
14342,1,0.73
14343,0,0.16
14344,0,0.14
14345,1,0.76
14346,1,0.77
14347,0,0.25
14348,1,0.86
14349,0,0.18
14350,0,0.18
14351,1,0.9
14352,0,0.17
14353,1,0.8
14354,0,0.21
14355,1,0.81
14356,0,0.18
14357,1,0.82
14358,0,0.1
14359,1,0.86
14360,0,0.1
14361,1,0.88
14362,0,0.18
14363,1,0.75
14364,0,0.22
14365,1,0.7
14366,1,0.95
14367,0,0.33
14368,1,0.8
14369,1,0.87
14370,0,0.24
14371,1,0.82
14372,0,0.21
14373,1,0.77
14374,0,0.17
14375,1,0.9
14376,0,0.24
14377,0,0.15
14378,1,0.8
14379,0,0.16
14380,1,0.8
14381,0,0.08
14382,1,0.9
14383,0,0.15
14384,1,0.82
14385,1,0.64
14386,0,0.21
14387,0,0.21
14388,1,0.74
14389,1,0.87
14390,0,0.13
14391,0,0.29
14392,1,0.84
14393,1,0.78
14394,0,0.28
14395,0,0.16
14396,1,0.77
14397,1,0.73
14398,0,0.19
14399,1,0.76
14400,0,0.14
14401,0,0.18
14402,1,0.89
14403,1,0.99
14404,0,0.21
14405,0,0.31
14406,1,0.81
14407,0,0.21
14408,1,0.88
14409,1,0.77
14410,0,0.16
14411,1,0.71
14412,0,0.25
14413,1,0.78
14414,0,0.21
14415,0,0.16
14416,1,0.84
14417,0,0.18
14418,1,0.82
14419,0,0.12
14420,0,0.17
14421,1,0.76
14422,1,0.86
14423,0,0.18
14424,0,0.12
14425,1,0.79
14426,1,0.67
14427,0,0.26
14428,1,0.85
14429,0,0.2
14430,0,0.15
14431,1,0.82
14432,1,0.86
14433,0,0.26
14434,1,0.87
14435,0,0.16
14436,1,0.78
14437,1,0.74
14438,0,0.23
14439,0,0.18
14440,1,0.78
14441,0,0.11
14442,1,0.79
14443,1,0.75
14444,0,0.2
14445,0,0.2
14446,1,0.8
14447,1,0.76
14448,0,0.27
14449,1,0.87
14450,0,0.24
14451,0,0.25
14452,1,0.69
14453,0,0.13
14454,1,0.88
14455,0,0.17
14456,1,0.8
14457,0,0.27
14458,1,0.71
14459,0,0.37
14460,1,0.83
14461,1,0.72
14462,0,0.26
14463,0,0.2
14464,1,0.79
14465,0,0.13
14466,1,0.76
14467,1,0.72
14468,0,0.25
14469,0,0.23
14470,1,0.9
14471,1,0.75
14472,0,0.19
14473,0,0.28
14474,1,0.8
14475,1,0.72
14476,0,0.22
14477,1,0.75
14478,0,0.33
14479,1,0.82
14480,0,0.21
14481,0,0.3
14482,1,0.76
14483,1,0.74
14484,0,0.22
14485,0,0.23
14486,1,0.78
14487,0,0.28
14488,1,0.82
14489,1,0.69
14490,0,0.29
14491,1,0.77
14492,0,0.24
14493,0,0.17
14494,1,0.76
14495,0,0.27
14496,0,0.1
14497,1,0.91
14498,0,0.28
14499,1,0.75
14500,0,0.18
14501,1,0.76
14502,1,0.77
14503,0,0.23
14504,0,0.25
14505,1,0.75
14506,1,0.85
14507,0,0.16
14508,0,0.15
14509,1,0.86
14510,0,0.27
14511,1,0.77
14512,0,0.33
14513,1,0.76
14514,0,0.21
14515,1,0.78
14516,0,0.27
14517,1,0.91
14518,1,0.72
14519,0,0.27
14520,0,0.25
14521,1,0.78
14522,0,0.16
14523,1,0.83
14524,1,0.76
14525,0,0.13
14526,1,0.67
14527,0,0.15
14528,0,0.19
14529,1,0.84
14530,0,0.21
14531,1,0.83
14532,1,0.81
14533,0,0.22
14534,0,0.27
14535,1,0.75
14536,0,0.17
14537,1,0.89
14538,1,0.79
14539,0,0.22
14540,0,0.27
14541,1,0.7
14542,0,0.19
14543,1,0.86
14544,1,0.74
14545,0,0.14
14546,1,0.77
14547,0,0.11
14548,1,0.77
14549,0,0.29
14550,0,0.27
14551,1,0.7
14552,1,0.83
14553,1,0.77
14554,0,0.26
14555,0,0.22
14556,1,0.78
14557,0,0.18
14558,1,0.8
14559,0,0.18
14560,1,0.76
14561,1,0.78
14562,0,0.25
14563,1,0.8
14564,0,0.24
14565,1,0.85
14566,0,0.26
14567,1,0.71
14568,0,0.26
14569,0,0.23
14570,1,0.85
14571,0,0.27
14572,1,0.74
14573,0,0.18
14574,1,0.93
14575,0,0.18
14576,1,0.83
14577,0,0.24
14578,1,0.74
14579,0,0.27
14580,1,0.72
14581,0,0.17
14582,1,0.85
14583,1,0.87
14584,0,0.17
14585,1,0.85
14586,0,0.2
14587,1,0.92
14588,0,0.25
14589,1,0.74
14590,1,0.79
14591,0,0.29
14592,0,0.25
14593,1,0.87
14594,0,0.31
14595,1,0.72
14596,0,0.17
14597,1,0.83
14598,0,0.24
14599,1,0.75
14600,0,0.24
14601,1,0.86
14602,0,0.19
14603,1,0.74
14604,0,0.15
14605,1,0.78
14606,0,0.23
14607,1,0.72
14608,0,0.27
14609,1,0.81
14610,0,0.16
14611,1,0.84
14612,1,0.85
14613,0,0.17
14614,0,0.21
14615,1,0.84
14616,1,0.75
14617,0,0.21
14618,1,0.81
14619,0,0.1
14620,1,0.69
14621,0,0.2
14622,0,0.11
14623,1,0.88
14624,0,0.27
14625,1,0.74
14626,0,0.16
14627,1,0.73
14628,0,0.25
14629,1,0.77
14630,0,0.09
14631,1,0.83
14632,1,0.79
14633,0,0.26
14634,1,0.76
14635,0,0.26
14636,1,0.76
14637,0,0.26
14638,0,0.2
14639,1,0.8
14640,0,0.29
14641,1,0.92
14642,1,0.89
14643,0,0.21
14644,1,0.78
14645,0,0.35
14646,1,0.89
14647,0,0.13
14648,0,0.13
14649,1,0.78
14650,1,0.77
14651,0,0.28
14652,1,0.66
14653,0,0.25
14654,0,0.13
14655,1,0.88
14656,1,0.86
14657,0,0.16
14658,0,0.09
14659,1,0.74
14660,0,0.26
14661,1,0.9
14662,0,0.22
14663,1,0.78
14664,0,0.27
14665,1,0.74
14666,0,0.16
14667,0,0.19
14668,1,0.87
14669,0,0.22
14670,1,0.79
14671,0,0.18
14672,1,0.72
14673,0,0.3
14674,0,0.26
14675,1,0.75
14676,1,0.8
14677,0,0.21
14678,0,0.12
14679,1,0.77
14680,1,0.86
14681,0,0.23
14682,1,0.83
14683,0,0.25
14684,0,0.19
14685,1,0.76
14686,0,0.15
14687,1,0.81
14688,1,0.93
14689,0,0.17
14690,1,0.78
14691,0,0.25
14692,1,0.85
14693,0,0.22
14694,1,0.84
14695,0,0.13
14696,1,0.74
14697,0,0.28
14698,1,0.82
14699,0,0.13
14700,0,0.18
14701,1,0.76
14702,0,0.17
14703,1,0.68
14704,1,0.8
14705,0,0.13
14706,1,0.8
14707,0,0.21
14708,1,0.73
14709,0,0.3
14710,0,0.24
14711,1,0.8
14712,1,0.73
14713,0,0.25
14714,0,0.13
14715,1,0.84
14716,0,0.26
14717,1,0.77
14718,0,0.1
14719,1,0.91
14720,0,0.25
14721,1,0.79
14722,1,0.77
14723,0,0.22
14724,0,0.25
14725,1,0.72
14726,1,0.81
14727,0,0.19
14728,1,0.72
14729,0,0.11
14730,1,0.75
14731,0,0.23
14732,1,0.71
14733,0,0.22
14734,0,0.18
14735,1,0.67
14736,1,0.86
14737,0,0.23
14738,0,0.25
14739,1,0.72
14740,0,0.12
14741,1,0.94
14742,0,0.18
14743,1,0.83
14744,0,0.22
14745,1,0.86
14746,0,0.25
14747,1,0.79
14748,0,0.27
14749,1,0.78
14750,0,0.13
14751,1,0.88
14752,0,0.25
14753,1,0.71
14754,1,0.77
14755,0,0.19
14756,1,0.72
14757,0,0.26
14758,0,0.18
14759,1,0.84
14760,0,0.19
14761,1,0.86
14762,1,0.73
14763,0,0.2
14764,1,0.78
14765,0,0.2
14766,1,0.86
14767,0,0.22
14768,1,0.73
14769,0,0.21
14770,1,0.69
14771,0,0.17
14772,0,0.24
14773,1,0.69
14774,0,0.19
14775,1,0.81
14776,1,0.76
14777,0,0.21
14778,1,0.76
14779,0,0.21
14780,1,0.87
14781,0,0.21
14782,1,0.9
14783,0,0.21
14784,0,0.14
14785,1,0.8
14786,0,0.12
14787,1,0.83
14788,1,0.81
14789,1,0.71
14790,0,0.14
14791,1,0.92
14792,0,0.2
14793,0,0.22
14794,1,0.77
14795,0,0.15
14796,1,0.76
14797,0,0.19
14798,1,0.75
14799,0,0.14
14800,1,0.8
14801,0,0.29
14802,1,0.7
14803,0,0.27
14804,1,0.8
14805,0,0.19
14806,1,0.67
14807,1,0.85
14808,0,0.27
14809,1,0.92
14810,1,0.85
14811,0,0.18
14812,0,0.33
14813,1,0.83
14814,0,0.21
14815,1,0.76
14816,1,0.78
14817,0,0.26
14818,1,0.81
14819,0,0.32
14820,0,0.26
14821,1,0.78
14822,1,0.77
14823,0,0.24
14824,0,0.23
14825,1,0.67
14826,0,0.22
14827,1,0.8
14828,1,0.86
14829,0,0.17
14830,1,0.91
14831,0,0.26
14832,1,0.78
14833,0,0.24
14834,0,0.29
14835,1,0.8
14836,1,0.75
14837,0,0.32
14838,0,0.22
14839,1,0.83
14840,1,0.82
14841,0,0.23
14842,1,0.71
14843,0,0.29
14844,1,0.85
14845,0,0.27
14846,1,0.8
14847,0,0.25
14848,1,0.7
14849,0,0.22
14850,0,0.21
14851,1,0.82
14852,0,0.22
14853,1,0.76
14854,1,0.79
14855,0,0.24
14856,0,0.09
14857,1,0.82
14858,0,0.22
14859,1,0.78
14860,0,0.15
14861,1,0.87
14862,0,0.13
14863,1,0.78
14864,1,0.71
14865,0,0.22
14866,0,0.2
14867,1,0.82
14868,1,0.79
14869,0,0.16
14870,1,0.87
14871,0,0.17
14872,0,0.31
14873,1,0.87
14874,1,0.67
14875,0,0.23
14876,0,0.21
14877,1,0.82
14878,1,0.7
14879,0,0.26
14880,1,0.69
14881,0,0.32
14882,0,0.24
14883,1,0.78
14884,1,0.72
14885,0,0.29
14886,0,0.16
14887,1,0.88
14888,0,0.22
14889,1,0.67
14890,1,0.92
14891,0,0.11
14892,1,0.81
14893,0,0.21
14894,0,0.29
14895,1,0.73
14896,1,0.71
14897,0,0.17
14898,0,0.2
14899,1,0.79
14900,1,0.76
14901,0,0.26
14902,0,0.28
14903,1,0.73
14904,0,0.07
14905,1,0.82
14906,1,0.8
14907,0,0.22
14908,1,0.79
14909,0,0.28
14910,0,0.2
14911,1,0.81
14912,1,0.8
14913,0,0.26
14914,0,0.22
14915,1,0.78
14916,0,0.3
14917,1,0.79
14918,1,0.8
14919,0,0.27
14920,0,0.24
14921,1,0.74
14922,0,0.19
14923,1,0.69
14924,0,0.21
14925,1,0.82
14926,1,0.59
14927,0,0.18
14928,1,0.7
14929,0,0.24
14930,0,0.18
14931,1,0.8
14932,0,0.26
14933,1,0.77
14934,1,0.73
14935,0,0.35
14936,0,0.25
14937,1,0.79
14938,0,0.19
14939,1,0.81
14940,1,0.74
14941,0,0.13
14942,0,0.22
14943,1,0.78
14944,0,0.3
14945,1,0.79
14946,0,0.21
14947,1,0.88
14948,0,0.26
14949,1,0.84
14950,1,0.85
14951,0,0.24
14952,0,0.15
14953,1,0.79
14954,1,0.77
14955,0,0.25
14956,0,0.16
14957,1,0.87
14958,0,0.19
14959,1,0.86
14960,1,0.73
14961,0,0.26
14962,0,0.26
14963,1,0.77
14964,0,0.21
14965,1,0.9
14966,1,0.79
14967,0,0.13
14968,0,0.27
14969,1,0.74
14970,0,0.15
14971,1,0.85
14972,0,0.28
14973,1,0.68
14974,0,0.16
14975,1,0.72
14976,1,0.72
14977,0,0.28
14978,1,0.9
14979,0,0.2
14980,1,0.89
14981,0,0.13
14982,0,0.19
14983,1,0.66
14984,0,0.25
14985,1,0.78
14986,0,0.13
14987,1,0.86
14988,1,0.66
14989,0,0.28
14990,1,0.77
14991,0,0.17
14992,0,0.12
14993,1,0.85
14994,1,0.88
14995,0,0.1
14996,1,0.81
14997,0,0.21
14998,0,0.27
14999,1,0.85
15000,0,0.32
15001,1,0.84
15002,1,0.77
15003,0,0.33
15004,0,0.21
15005,1,0.76
15006,0,0.18
15007,1,0.87
15008,0,0.27
15009,1,0.76
15010,0,0.21
15011,1,0.71
15012,0,0.15
15013,1,0.7
15014,1,0.8
15015,0,0.27
15016,0,0.31
15017,1,0.83
15018,1,0.77
15019,0,0.2
15020,0,0.21
15021,1,0.8
15022,1,0.75
15023,0,0.24
15024,1,0.84
15025,0,0.23
15026,0,0.22
15027,1,0.72
15028,0,0.3
15029,1,0.83
15030,1,0.91
15031,0,0.19
15032,0,0.34
15033,1,0.72
15034,1,0.7
15035,0,0.21
15036,1,0.87
15037,0,0.15
15038,0,0.22
15039,1,0.84
15040,1,0.73
15041,0,0.23
15042,0,0.2
15043,1,0.66
15044,0,0.28
15045,1,0.79
15046,0,0.19
15047,1,0.86
15048,1,0.72
15049,0,0.26
15050,0,0.26
15051,0,0.21
15052,1,0.81
15053,0,0.35
15054,1,0.72
15055,1,0.73
15056,0,0.3
15057,1,0.67
15058,0,0.23
15059,1,0.68
15060,0,0.16
15061,0,0.24
15062,1,0.82
15063,0,0.08
15064,1,0.74
15065,1,0.78
15066,0,0.17
15067,0,0.22
15068,1,0.78
15069,1,0.8
15070,0,0.23
15071,1,0.79
15072,0,0.29
15073,0,0.34
15074,1,0.85
15075,1,0.73
15076,0,0.24
15077,0,0.1
15078,1,0.73
15079,1,0.76
15080,0,0.2
15081,0,0.19
15082,1,0.87
15083,0,0.27
15084,0,0.23
15085,1,0.86
15086,1,0.92
15087,0,0.12
15088,0,0.15
15089,1,0.86
15090,0,0.28
15091,1,0.75
15092,0,0.26
15093,1,0.79
15094,1,0.67
15095,0,0.25
15096,1,0.69
15097,0,0.23
15098,1,0.9
15099,0,0.29
15100,1,0.74
15101,0,0.23
15102,0,0.15
15103,1,0.84
15104,0,0.2
15105,1,0.78
15106,0,0.26
15107,1,0.74
15108,0,0.16
15109,1,0.69
15110,1,0.72
15111,0,0.23
15112,1,0.8
15113,0,0.14
15114,0,0.31
15115,1,0.77
15116,0,0.26
15117,1,0.81
15118,0,0.18
15119,1,0.83
15120,0,0.07
15121,1,0.8
15122,0,0.19
15123,1,0.83
15124,0,0.31
15125,0,0.27
15126,1,0.78
15127,1,0.74
15128,0,0.17
15129,0,0.29
15130,1,0.85
15131,0,0.24
15132,1,0.7
15133,1,0.79
15134,0,0.22
15135,1,0.76
15136,0,0.22
15137,0,0.17
15138,1,0.8
15139,0,0.21
15140,1,0.82
15141,0,0.24
15142,1,0.79
15143,0,0.19
15144,1,0.71
15145,1,0.83
15146,0,0.27
15147,1,0.73
15148,0,0.28
15149,0,0.22
15150,1,0.83
15151,0,0.22
15152,1,0.79
15153,1,0.72
15154,0,0.29
15155,1,0.78
15156,0,0.2
15157,1,0.76
15158,0,0.25
15159,0,0.28
15160,1,0.72
15161,0,0.31
15162,1,0.74
15163,1,0.74
15164,0,0.17
15165,1,0.82
15166,0,0.18
15167,0,0.27
15168,1,0.75
15169,0,0.27
15170,1,0.63
15171,1,0.84
15172,0,0.17
15173,1,0.9
15174,0,0.13
15175,0,0.19
15176,1,0.81
15177,1,0.87
15178,0,0.09
15179,0,0.15
15180,1,0.8
15181,0,0.22
15182,1,0.67
15183,1,0.71
15184,0,0.32
15185,0,0.28
15186,1,0.79
15187,1,0.79
15188,0,0.19
15189,0,0.24
15190,1,0.8
15191,0,0.12
15192,1,0.83
15193,1,0.81
15194,0,0.1
15195,1,0.69
15196,0,0.24
15197,0,0.23
15198,1,0.7
15199,1,0.75
15200,0,0.29
15201,1,0.82
15202,0,0.17
15203,1,0.64
15204,0,0.14
15205,1,0.86
15206,0,0.25
15207,0,0.13
15208,1,0.77
15209,0,0.21
15210,1,0.84
15211,1,0.74
15212,0,0.17
15213,0,0.28
15214,1,0.69
15215,0,0.19
15216,1,0.75
15217,1,0.7
15218,0,0.22
15219,0,0.16
15220,1,0.76
15221,0,0.37
15222,1,0.77
15223,0,0.08
15224,1,0.84
15225,0,0.14
15226,1,0.93
15227,1,0.9
15228,0,0.19
15229,0,0.22
15230,1,0.68
15231,0,0.24
15232,1,0.79
15233,1,0.67
15234,0,0.27
15235,0,0.23
15236,1,0.68
15237,1,0.76
15238,0,0.21
15239,1,0.81
15240,0,0.23
15241,1,0.71
15242,0,0.16
15243,1,0.82
15244,0,0.27
15245,1,0.75
15246,0,0.25
15247,1,0.83
15248,0,0.19
15249,1,0.87
15250,0,0.39
15251,1,0.86
15252,0,0.21
15253,1,0.82
15254,0,0.21
15255,0,0.16
15256,1,0.75
15257,1,0.78
15258,0,0.16
15259,1,0.88
15260,0,0.21
15261,0,0.09
15262,1,0.74
15263,0,0.14
15264,1,0.86
15265,1,0.91
15266,0,0.18
15267,0,0.16
15268,1,0.81
15269,1,0.73
15270,0,0.19
15271,0,0.25
15272,1,0.74
15273,0,0.24
15274,1,0.81
15275,1,0.75
15276,0,0.16
15277,1,0.88
15278,0,0.18
15279,0,0.18
15280,1,0.83
15281,1,0.85
15282,0,0.21
15283,0,0.19
15284,1,0.77
15285,0,0.27
15286,1,0.73
15287,1,0.85
15288,0,0.27
15289,0,0.26
15290,1,0.79
15291,0,0.16
15292,1,0.84
15293,1,0.88
15294,0,0.13
15295,1,0.77
15296,0,0.23
15297,1,0.78
15298,0,0.23
15299,0,0.1
15300,1,0.75
15301,0,0.18
15302,1,0.79
15303,0,0.05
15304,1,0.93
15305,1,0.68
15306,0,0.2
15307,0,0.29
15308,1,0.77
15309,1,0.83
15310,0,0.22
15311,0,0.15
15312,1,0.89
15313,0,0.26
15314,1,0.85
15315,1,0.81
15316,0,0.19
15317,1,0.85
15318,0,0.32
15319,1,0.88
15320,0,0.3
15321,0,0.22
15322,1,0.8
15323,0,0.14
15324,1,0.87
15325,0,0.08
15326,1,0.82
15327,1,0.75
15328,0,0.15
15329,0,0.2
15330,1,0.75
15331,0,0.25
15332,1,0.8
15333,0,0.15
15334,1,0.76
15335,1,0.76
15336,0,0.17
15337,1,0.85
15338,0,0.22
15339,1,0.79
15340,0,0.27
15341,0,0.11
15342,1,0.71
15343,1,0.8
15344,0,0.32
15345,0,0.22
15346,1,0.83
15347,1,0.73
15348,0,0.2
15349,0,0.28
15350,1,0.76
15351,1,0.71
15352,0,0.22
15353,1,0.72
15354,0,0.21
15355,1,0.8
15356,0,0.24
15357,1,0.72
15358,0,0.23
15359,0,0.13
15360,1,0.85
15361,0,0.23
15362,1,0.78
15363,0,0.24
15364,1,0.76
15365,1,0.77
15366,0,0.28
15367,0,0.08
15368,1,0.77
15369,1,0.74
15370,0,0.25
15371,0,0.25
15372,1,0.84
15373,1,0.76
15374,0,0.3
15375,1,0.8
15376,0,0.3
15377,1,0.79
15378,0,0.26
15379,0,0.19
15380,1,0.84
15381,0,0.19
15382,1,0.77
15383,1,0.65
15384,0,0.21
15385,1,0.89
15386,0,0.18
15387,1,0.79
15388,0,0.24
15389,0,0.22
15390,1,0.76
15391,0,0.21
15392,1,0.82
15393,0,0.15
15394,1,0.8
15395,1,0.81
15396,0,0.31
15397,1,0.86
15398,0,0.17
15399,0,0.25
15400,1,0.77
15401,0,0.17
15402,1,0.9
15403,0,0.21
15404,1,0.81
15405,0,0.18
15406,1,0.79
15407,0,0.16
15408,1,0.8
15409,1,0.88
15410,0,0.16
15411,1,0.79
15412,0,0.21
15413,1,0.82
15414,0,0.18
15415,1,0.85
15416,0,0.15
15417,1,0.76
15418,0,0.27
15419,1,0.78
15420,0,0.22
15421,0,0.28
15422,1,0.84
15423,0,0.23
15424,1,0.76
15425,1,0.84
15426,0,0.28
15427,0,0.19
15428,1,0.92
15429,1,0.78
15430,0,0.12
15431,1,0.73
15432,0,0.22
15433,1,0.91
15434,0,0.17
15435,0,0.17
15436,1,0.91
15437,0,0.22
15438,1,0.7
15439,0,0.18
15440,1,0.74
15441,0,0.19
15442,1,0.88
15443,0,0.23
15444,1,0.78
15445,0,0.32
15446,1,0.83
15447,0,0.28
15448,1,0.73
15449,1,0.77
15450,0,0.2
15451,1,0.75
15452,0,0.16
15453,0,0.21
15454,1,0.9
15455,1,0.76
15456,0,0.16
15457,1,0.81
15458,0,0.26
15459,1,0.76
15460,0,0.23
15461,1,0.77
15462,0,0.25
15463,0,0.18
15464,1,0.8
15465,0,0.24
15466,1,0.8
15467,0,0.18
15468,1,0.84
15469,1,0.76
15470,0,0.2
15471,0,0.23
15472,1,0.73
15473,1,0.75
15474,0,0.26
15475,0,0.21
15476,1,0.66
15477,0,0.14
15478,1,0.85
15479,1,0.89
15480,0,0.17
15481,1,0.79
15482,0,0.22
15483,0,0.23
15484,1,0.87
15485,1,0.88
15486,0,0.11
15487,0,0.21
15488,1,0.69
15489,0,0.09
15490,1,0.76
15491,1,0.66
15492,1,0.77
15493,0,0.16
15494,1,0.77
15495,0,0.24
15496,1,0.74
15497,0,0.25
15498,1,0.82
15499,0,0.15
15500,0,0.2
15501,1,0.86
15502,0,0.26
15503,1,0.74
15504,1,0.72
15505,0,0.2
15506,1,0.77
15507,0,0.25
15508,1,0.68
15509,0,0.22
15510,1,0.75
15511,0,0.27
15512,0,0.19
15513,1,0.77
15514,0,0.04
15515,1,0.84
15516,1,0.76
15517,0,0.14
15518,0,0.35
15519,1,0.73
15520,1,0.85
15521,0,0.21
15522,1,0.83
15523,0,0.33
15524,0,0.22
15525,1,0.75
15526,0,0.32
15527,1,0.84
15528,1,0.76
15529,0,0.18
15530,0,0.24
15531,1,0.76
15532,0,0.11
15533,1,0.77
15534,0,0.26
15535,1,0.82
15536,1,0.85
15537,0,0.14
15538,0,0.24
15539,1,0.78
15540,0,0.23
15541,1,0.79
15542,1,0.83
15543,0,0.26
15544,1,0.83
15545,0,0.28
15546,0,0.19
15547,1,0.84
15548,0,0.15
15549,1,0.79
15550,0,0.22
15551,0,0.15
15552,1,0.87
15553,1,0.74
15554,1,0.81
15555,0,0.3
15556,0,0.1
15557,1,0.82
15558,1,0.77
15559,0,0.19
15560,1,0.81
15561,0,0.36
15562,1,0.84
15563,0,0.16
15564,1,0.71
15565,0,0.36
15566,1,0.74
15567,0,0.2
15568,1,0.81
15569,0,0.16
15570,0,0.27
15571,1,0.78
15572,1,0.78
15573,0,0.23
15574,0,0.3
15575,1,0.76
15576,0,0.19
15577,0,0.17
15578,1,0.73
15579,0,0.27
15580,1,0.77
15581,1,0.75
15582,0,0.26
15583,0,0.27
15584,1,0.89
15585,0,0.23
15586,1,0.72
15587,1,0.74
15588,0,0.24
15589,1,0.72
15590,0,0.16
15591,0,0.16
15592,1,0.8
15593,0,0.13
15594,0,0.18
15595,1,0.69
15596,0,0.17
15597,1,0.77
15598,0,0.25
15599,1,0.77
15600,0,0.24
15601,1,0.72
15602,0,0.29
15603,1,0.73
15604,0,0.12
15605,1,0.9
15606,1,0.68
15607,1,0.82
15608,0,0.22
15609,0,0.1
15610,1,0.83
15611,1,0.7
15612,0,0.2
15613,0,0.28
15614,1,0.79
15615,1,0.73
15616,0,0.26
15617,1,0.86
15618,0,0.17
15619,0,0.28
15620,1,0.86
15621,1,0.76
15622,0,0.24
15623,0,0.26
15624,1,0.8
15625,0,0.13
15626,1,0.88
15627,1,0.77
15628,0,0.24
15629,0,0.23
15630,1,0.85
15631,0,0.29
15632,1,0.79
15633,1,0.92
15634,0,0.16
15635,1,0.74
15636,0,0.23
15637,0,0.2
15638,1,0.87
15639,0,0.26
15640,1,0.7
15641,0,0.15
15642,1,0.73
15643,0,0.15
15644,1,0.76
15645,0,0.24
15646,1,0.72
15647,0,0.31
15648,1,0.7
15649,1,0.86
15650,0,0.29
15651,1,0.78
15652,0,0.3
15653,0,0.28
15654,1,0.72
15655,0,0.1
15656,1,0.79
15657,1,0.78
15658,0,0.28
15659,1,0.87
15660,0,0.18
15661,0,0.14
15662,1,0.8
15663,0,0.17
15664,1,0.76
15665,0,0.12
15666,1,0.86
15667,0,0.19
15668,1,0.62
15669,1,0.85
15670,0,0.2
15671,1,0.68
15672,0,0.28
15673,0,0.26
15674,1,0.69
15675,0,0.21
15676,1,0.91
15677,0,0.16
15678,1,0.82
15679,0,0.25
15680,1,0.79
15681,0,0.28
15682,1,0.68
15683,0,0.08
15684,1,0.82
15685,0,0.24
15686,1,0.75
15687,1,0.89
15688,0,0.15
15689,1,0.89
15690,1,0.71
15691,0,0.27
15692,0,0.24
15693,1,0.87
15694,0,0.21
15695,1,0.74
15696,1,0.74
15697,0,0.2
15698,0,0.23
15699,1,0.69
15700,0,0.15
15701,1,0.73
15702,0,0.25
15703,1,0.67
15704,0,0.14
15705,1,0.87
15706,0,0.2
15707,1,0.78
15708,0,0.17
15709,1,0.81
15710,0,0.24
15711,1,0.77
15712,0,0.15
15713,1,0.65
15714,1,0.86
15715,0,0.16
15716,0,0.19
15717,1,0.71
15718,1,0.86
15719,0,0.2
15720,0,0.17
15721,1,0.76
15722,1,0.8
15723,0,0.18
15724,1,0.76
15725,0,0.16
15726,1,0.64
15727,0,0.22
15728,0,0.29
15729,1,0.76
15730,1,0.87
15731,0,0.08
15732,0,0.28
15733,1,0.78
15734,1,0.91
15735,0,0.28
15736,1,0.75
15737,0,0.31
15738,1,0.85
15739,0,0.19
15740,1,0.72
15741,0,0.22
15742,0,0.23
15743,1,0.71
15744,1,0.8
15745,0,0.22
15746,1,0.77
15747,0,0.3
15748,1,0.84
15749,0,0.14
15750,1,0.85
15751,0,0.21
15752,0,0.19
15753,1,0.86
15754,1,0.82
15755,0,0.22
15756,1,0.74
15757,0,0.24
15758,0,0.26
15759,1,0.81
15760,0,0.15
15761,1,0.75
15762,0,0.16
15763,1,0.82
15764,0,0.17
15765,1,0.68
15766,0,0.23
15767,1,0.81
15768,1,0.82
15769,0,0.25
15770,1,0.74
15771,0,0.29
15772,0,0.21
15773,1,0.77
15774,1,0.79
15775,0,0.15
15776,0,0.16
15777,1,0.91
15778,0,0.28
15779,1,0.75
15780,0,0.19
15781,1,0.85
15782,0,0.22
15783,1,0.81
15784,1,0.75
15785,0,0.21
15786,0,0.29
15787,1,0.76
15788,0,0.17
15789,1,0.85
15790,1,0.69
15791,0,0.33
15792,0,0.27
15793,1,0.82
15794,0,0.25
15795,1,0.7
15796,1,0.8
15797,0,0.18
15798,0,0.19
15799,1,0.81
15800,1,0.71
15801,0,0.17
15802,0,0.22
15803,1,0.73
15804,1,0.84
15805,0,0.24
15806,0,0.18
15807,1,0.79
15808,0,0.14
15809,0,0.15
15810,1,0.86
15811,0,0.19
15812,1,0.84
15813,1,0.77
15814,0,0.25
15815,0,0.24
15816,1,0.65
15817,0,0.18
15818,1,0.76
15819,1,0.75
15820,0,0.19
15821,0,0.2
15822,1,0.86
15823,1,0.69
15824,0,0.38
15825,0,0.19
15826,1,0.72
15827,0,0.22
15828,1,0.82
15829,1,0.68
15830,0,0.24
15831,1,0.73
15832,0,0.22
15833,0,0.22
15834,1,0.76
15835,0,0.26
15836,1,0.86
15837,0,0.2
15838,1,0.83
15839,0,0.16
15840,1,0.84
15841,1,0.79
15842,0,0.22
15843,1,0.84
15844,0,0.22
15845,0,0.23
15846,1,0.87
15847,0,0.27
15848,1,0.79
15849,0,0.21
15850,1,0.73
15851,0,0.18
15852,1,0.95
15853,0,0.17
15854,1,0.89
15855,1,0.81
15856,0,0.22
15857,1,0.75
15858,0,0.24
15859,1,0.86
15860,0,0.17
15861,0,0.11
15862,1,0.81
15863,1,0.88
15864,0,0.05
15865,0,0.12
15866,1,0.85
15867,1,0.72
15868,0,0.26
15869,1,0.63
15870,0,0.24
15871,0,0.28
15872,1,0.85
15873,0,0.21
15874,1,0.8
15875,1,0.79
15876,0,0.26
15877,0,0.23
15878,1,0.72
15879,0,0.09
15880,0,0.2
15881,1,0.79
15882,0,0.14
15883,1,0.92
15884,0,0.07
15885,1,0.79
15886,1,0.68
15887,0,0.19
15888,1,0.78
15889,0,0.24
15890,1,0.87
15891,0,0.09
15892,0,0.26
15893,1,0.87
15894,0,0.07
15895,1,0.83
15896,0,0.27
15897,1,0.72
15898,1,0.7
15899,0,0.22
15900,0,0.17
15901,1,0.71
15902,1,0.87
15903,0,0.3
15904,0,0.2
15905,1,0.81
15906,0,0.24
15907,1,0.79
15908,0,0.12
15909,1,0.9
15910,0,0.19
15911,1,0.77
15912,1,0.78
15913,0,0.14
15914,0,0.24
15915,1,0.8
15916,1,0.81
15917,0,0.19
15918,1,0.67
15919,0,0.22
15920,1,0.67
15921,0,0.32
15922,0,0.22
15923,1,0.75
15924,1,0.8
15925,0,0.2
15926,0,0.09
15927,1,0.86
15928,1,0.75
15929,0,0.21
15930,0,0.11
15931,1,0.79
15932,1,0.78
15933,0,0.25
15934,0,0.34
15935,1,0.83
15936,1,0.77
15937,0,0.18
15938,1,0.75
15939,0,0.26
15940,0,0.24
15941,1,0.81
15942,1,0.75
15943,0,0.18
15944,1,0.83
15945,0,0.28
15946,0,0.26
15947,1,0.74
15948,1,0.7
15949,0,0.15
15950,0,0.3
15951,1,0.76
15952,0,0.26
15953,1,0.87
15954,1,0.68
15955,0,0.26
15956,0,0.27
15957,1,0.84
15958,1,0.77
15959,0,0.13
15960,0,0.17
15961,1,0.89
15962,0,0.2
15963,1,0.87
15964,0,0.35
15965,1,0.79
15966,0,0.12
15967,1,0.71
15968,1,0.73
15969,0,0.22
15970,0,0.27
15971,1,0.71
15972,1,0.75
15973,0,0.18
15974,1,0.84
15975,0,0.22
15976,1,0.88
15977,0,0.2
15978,1,0.77
15979,0,0.11
15980,1,0.8
15981,0,0.23
15982,1,0.67
15983,0,0.16
15984,0,0.03
15985,1,0.87
15986,1,0.85
15987,0,0.13
15988,1,0.81
15989,0,0.23
15990,1,0.67
15991,0,0.22
15992,1,0.68
15993,0,0.19
15994,1,0.87
15995,0,0.2
15996,0,0.2
15997,1,0.84
15998,1,0.68
15999,0,0.22
16000,1,0.79
16001,0,0.17
16002,0,0.17
16003,1,0.8
16004,1,0.74
16005,0,0.3
16006,0,0.18
16007,1,0.76
16008,0,0.16
16009,1,0.81
16010,0,0.19
16011,1,0.91
16012,1,0.81
16013,0,0.33
16014,1,0.92
16015,0,0.19
16016,1,0.82
16017,0,0.22
16018,1,0.76
16019,0,0.33
16020,1,0.77
16021,0,0.22
16022,1,0.71
16023,0,0.16
16024,1,0.88
16025,0,0.25
16026,1,0.7
16027,0,0.2
16028,1,0.85
16029,1,0.89
16030,0,0.24
16031,0,0.14
16032,1,0.76
16033,0,0.24
16034,1,0.77
16035,1,0.8
16036,0,0.21
16037,0,0.23
16038,1,0.86
16039,1,0.8
16040,0,0.19
16041,0,0.21
16042,1,0.86
16043,0,0.16
16044,1,0.73
16045,1,0.75
16046,0,0.23
16047,0,0.23
16048,1,0.85
16049,0,0.28
16050,1,0.74
16051,1,0.9
16052,0,0.22
16053,1,0.74
16054,0,0.28
16055,0,0.26
16056,1,0.73
16057,0,0.23
16058,1,0.72
16059,1,0.81
16060,0,0.24
16061,0,0.2
16062,1,0.89
16063,1,0.71
16064,0,0.1
16065,0,0.22
16066,1,0.78
16067,0,0.24
16068,1,0.67
16069,0,0.11
16070,1,0.77
16071,1,0.78
16072,0,0.15
16073,0,0.15
16074,1,0.83
16075,1,0.75
16076,0,0.22
16077,0,0.24
16078,1,0.9
16079,0,0.29
16080,1,0.67
16081,0,0.23
16082,1,0.81
16083,1,0.72
16084,0,0.24
16085,1,0.93
16086,1,0.73
16087,0,0.23
16088,1,0.75
16089,0,0.24
16090,0,0.14
16091,1,0.78
16092,0,0.21
16093,1,0.8
16094,1,0.78
16095,0,0.32
16096,0,0.12
16097,1,0.77
16098,0,0.13
16099,1,0.66
16100,0,0.22
16101,1,0.75
16102,0,0.1
16103,1,0.83
16104,1,0.74
16105,0,0.24
16106,1,0.94
16107,0,0.19
16108,0,0.2
16109,1,0.73
16110,1,0.83
16111,0,0.19
16112,0,0.22
16113,1,0.76
16114,1,0.77
16115,0,0.18
16116,0,0.15
16117,1,0.79
16118,1,0.9
16119,0,0.19
16120,1,0.67
16121,0,0.26
16122,0,0.21
16123,1,0.74
16124,0,0.32
16125,1,0.85
16126,0,0.25
16127,1,0.9
16128,0,0.2
16129,1,0.82
16130,0,0.24
16131,1,0.87
16132,0,0.23
16133,1,0.81
16134,0,0.25
16135,1,0.72
16136,0,0.15
16137,1,0.9
16138,0,0.16
16139,1,0.86
16140,1,0.78
16141,0,0.31
16142,1,0.86
16143,0,0.18
16144,0,0.16
16145,1,0.81
16146,1,0.76
16147,0,0.27
16148,0,0.12
16149,1,0.8
16150,0,0.23
16151,1,0.65
16152,1,0.77
16153,0,0.2
16154,1,0.75
16155,0,0.13
16156,1,0.73
16157,0,0.28
16158,0,0.16
16159,1,0.71
16160,0,0.28
16161,1,0.78
16162,1,0.7
16163,0,0.3
16164,0,0.11
16165,1,0.84
16166,1,0.79
16167,0,0.17
16168,0,0.24
16169,1,0.75
16170,1,0.68
16171,0,0.23
16172,1,0.72
16173,0,0.18
16174,0,0.17
16175,1,0.81
16176,1,0.75
16177,0,0.06
16178,0,0.29
16179,1,0.77
16180,0,0.31
16181,1,0.74
16182,1,0.82
16183,0,0.28
16184,0,0.17
16185,1,0.75
16186,0,0.29
16187,1,0.86
16188,1,0.85
16189,0,0.3
16190,1,0.78
16191,0,0.19
16192,1,0.78
16193,0,0.28
16194,1,0.73
16195,0,0.26
16196,1,0.85
16197,0,0.26
16198,1,0.78
16199,0,0.31
16200,1,0.78
16201,0,0.2
16202,0,0.15
16203,1,0.87
16204,1,0.81
16205,0,0.28
16206,0,0.26
16207,1,0.82
16208,1,0.75
16209,0,0.28
16210,0,0.35
16211,1,0.74
16212,0,0.2
16213,1,0.79
16214,0,0.21
16215,1,0.76
16216,1,0.71
16217,0,0.24
16218,1,0.73
16219,0,0.28
16220,1,0.73
16221,0,0.25
16222,1,0.67
16223,0,0.27
16224,0,0.23
16225,1,0.75
16226,1,0.75
16227,0,0.19
16228,1,0.85
16229,0,0.15
16230,1,0.91
16231,0,0.35
16232,0,0.14
16233,1,0.77
16234,0,0.22
16235,1,0.94
16236,0,0.12
16237,1,0.7
16238,0,0.18
16239,1,0.78
16240,1,0.87
16241,0,0.29
16242,1,0.75
16243,1,0.77
16244,0,0.14
16245,1,0.74
16246,0,0.2
16247,0,0.16
16248,1,0.7
16249,0,0.2
16250,1,0.82
16251,0,0.25
16252,1,0.73
16253,0,0.24
16254,1,0.73
16255,1,0.78
16256,0,0.29
16257,1,0.77
16258,0,0.29
16259,0,0.21
16260,1,0.82
16261,1,0.66
16262,0,0.27
16263,0,0.2
16264,1,0.78
16265,0,0.21
16266,1,0.67
16267,0,0.14
16268,1,0.71
16269,0,0.21
16270,1,0.78
16271,1,0.74
16272,0,0.34
16273,0,0.13
16274,1,0.79
16275,1,0.85
16276,0,0.21
16277,1,0.75
16278,0,0.27
16279,1,0.74
16280,0,0.3
16281,1,0.83
16282,0,0.34
16283,0,0.16
16284,1,0.81
16285,1,0.7
16286,0,0.17
16287,1,0.72
16288,0,0.22
16289,0,0.16
16290,1,0.78
16291,1,0.75
16292,0,0.23
16293,0,0.23
16294,1,0.77
16295,0,0.18
16296,1,0.93
16297,1,0.9
16298,0,0.25
16299,0,0.21
16300,1,0.78
16301,0,0.22
16302,1,0.75
16303,1,0.85
16304,0,0.18
16305,0,0.18
16306,1,0.66
16307,0,0.13
16308,1,0.84
16309,0,0.08
16310,1,0.82
16311,1,0.74
16312,0,0.19
16313,1,0.77
16314,0,0.2
16315,0,0.17
16316,1,0.81
16317,1,0.8
16318,0,0.32
16319,0,0.25
16320,1,0.91
16321,1,0.86
16322,0,0.19
16323,0,0.23
16324,1,0.67
16325,1,0.65
16326,0,0.12
16327,0,0.09
16328,1,0.83
16329,0,0.21
16330,1,0.75
16331,1,0.76
16332,0,0.18
16333,0,0.13
16334,1,0.82
16335,0,0.17
16336,1,0.76
16337,0,0.16
16338,1,0.92
16339,0,0.21
16340,1,0.92
16341,0,0.21
16342,1,0.7
16343,0,0.27
16344,1,0.81
16345,1,0.77
16346,0,0.17
16347,0,0.19
16348,1,0.76
16349,1,0.71
16350,0,0.11
16351,1,0.71
16352,0,0.25
16353,0,0.2
16354,0,0.13
16355,1,0.79
16356,0,0.19
16357,0,0.17
16358,1,0.9
16359,0,0.13
16360,1,0.88
16361,1,0.75
16362,0,0.21
16363,1,0.72
16364,0,0.3
16365,1,0.87
16366,0,0.19
16367,0,0.24
16368,1,0.84
16369,0,0.21
16370,1,0.8
16371,0,0.28
16372,1,0.8
16373,0,0.13
16374,1,0.86
16375,1,0.86
16376,0,0.13
16377,1,0.74
16378,0,0.26
16379,0,0.16
16380,1,0.72
16381,1,0.73
16382,0,0.28
16383,0,0.28
16384,1,0.81
16385,1,0.83
16386,0,0.31
16387,1,0.78
16388,0,0.17
16389,1,0.93
16390,1,0.78
16391,0,0.13
16392,1,0.84
16393,0,0.06
16394,0,0.3
16395,1,0.74
16396,1,0.83
16397,0,0.19
16398,0,0.22
16399,1,0.78
16400,0,0.35
16401,1,0.77
16402,0,0.21
16403,1,0.72
16404,0,0.15
16405,1,0.72
16406,1,0.83
16407,0,0.2
16408,1,0.89
16409,0,0.18
16410,0,0.14
16411,1,0.75
16412,0,0.14
16413,1,0.79
16414,1,0.81
16415,0,0.21
16416,0,0.24
16417,1,0.75
16418,1,0.85
16419,0,0.23
16420,0,0.21
16421,1,0.75
16422,1,0.71
16423,0,0.25
16424,0,0.11
16425,1,0.92
16426,1,0.79
16427,0,0.19
16428,1,0.8
16429,0,0.17
16430,1,0.77
16431,0,0.12
16432,1,0.81
16433,0,0.2
16434,0,0.22
16435,1,0.7
16436,1,0.82
16437,0,0.29
16438,0,0.28
16439,1,0.8
16440,1,0.76
16441,0,0.3
16442,0,0.21
16443,1,0.87
16444,0,0.21
16445,1,0.77
16446,1,0.81
16447,0,0.15
16448,0,0.12
16449,1,0.85
16450,0,0.1
16451,1,0.79
16452,0,0.34
16453,1,0.88
16454,0,0.24
16455,0,0.26
16456,1,0.78
16457,1,0.82
16458,0,0.15
16459,0,0.17
16460,1,0.82
16461,1,0.63
16462,0,0.21
16463,1,0.88
16464,1,0.78
16465,0,0.3
16466,1,0.81
16467,0,0.25
16468,0,0.24
16469,1,0.9
16470,1,0.75
16471,0,0.26
16472,0,0.17
16473,1,0.83
16474,1,0.7
16475,0,0.24
16476,0,0.24
16477,1,0.83
16478,0,0.17
16479,1,0.9
16480,1,0.74
16481,0,0.24
16482,0,0.3
16483,1,0.79
16484,0,0.16
16485,1,0.89
16486,0,0.21
16487,1,0.82
16488,0,0.29
16489,1,0.81
16490,0,0.28
16491,0,0.21
16492,1,0.74
16493,0,0.25
16494,1,0.67
16495,1,0.77
16496,0,0.26
16497,0,0.28
16498,1,0.9
16499,0,0.08
16500,1,0.82
16501,0,0.23
16502,1,0.66
16503,0,0.12
16504,1,0.79
16505,0,0.29
16506,1,0.71
16507,0,0.22
16508,1,0.81
16509,0,0.3
16510,1,0.71
16511,0,0.13
16512,1,0.81
16513,1,0.71
16514,0,0.24
16515,0,0.24
16516,1,0.81
16517,1,0.71
16518,0,0.19
16519,0,0.25
16520,1,0.77
16521,0,0.28
16522,1,0.75
16523,1,0.77
16524,0,0.28
16525,1,0.78
16526,0,0.32
16527,0,0.25
16528,1,0.74
16529,0,0.25
16530,1,0.8
16531,0,0.15
16532,1,0.81
16533,1,0.79
16534,0,0.23
16535,1,0.8
16536,0,0.28
16537,1,0.78
16538,0,0.19
16539,0,0.23
16540,1,0.88
16541,0,0.2
16542,1,0.88
16543,1,0.7
16544,0,0.25
16545,0,0.13
16546,1,0.8
