,tissue_ids,target,prediction
0,24,0,0.40073392
1,15,0,0.7416831
2,25,1,0.90561885
3,10,1,0.69601077
4,28,0,0.7586009
5,0,0,0.27321693
6,19,0,0.13821597
7,12,1,0.7729838
8,20,0,0.45489472
9,0,1,0.3726083
10,16,0,0.4377817
11,2,1,0.89259875
12,2,0,0.49814108
13,5,1,0.68349916
14,27,0,0.55483156
15,11,1,0.49692944
16,28,0,0.39784646
17,7,0,0.6088642
18,16,1,0.29007047
19,23,1,0.40402967
20,17,0,0.30260646
21,9,1,0.16424216
22,22,0,0.24351996
23,8,0,0.52511257
24,21,0,0.82209057
25,4,1,0.6662035
26,23,1,0.31912696
27,11,1,0.74949396
28,28,1,0.4993041
29,27,0,0.4847503
30,16,1,0.33286604
31,0,0,0.4859054
32,22,0,0.24251278
33,8,1,0.26045388
34,8,1,0.24832752
35,4,1,0.9378791
36,8,0,0.47947067
37,8,0,0.30616352
38,8,0,0.20265651
39,0,1,0.25900742
40,19,0,0.40165937
41,9,0,0.31158158
42,9,0,0.2839032
43,20,1,0.653268
44,17,0,0.53587717
45,15,1,0.786105
46,17,1,0.52346057
47,22,1,0.7237702
48,2,1,0.6428283
49,18,1,0.64353055
50,1,0,0.41169426
51,9,0,0.37910083
52,25,1,0.41977882
53,18,1,0.6041964
54,13,0,0.3664842
55,3,0,0.28133342
56,0,0,0.19828035
57,8,0,0.46947113
58,15,0,0.880611
59,8,0,0.3276447
60,8,0,0.31329003
61,3,1,0.92604846
62,22,1,0.6286345
63,1,0,0.24779107
64,12,0,0.3304076
65,23,0,0.44043574
66,18,0,0.28044695
67,6,0,0.18200637
68,27,1,0.873924
69,26,1,0.7749695
70,22,0,0.3279791
71,2,0,0.34929636
72,27,0,0.2682559
73,23,1,0.6624545
74,3,1,0.38244617
75,4,0,0.31349587
76,11,0,0.31785288
77,25,0,0.60743666
78,10,0,0.3855585
79,14,1,0.7387122
80,12,0,0.5095673
81,22,1,0.6171785
82,27,1,0.23607984
83,21,1,0.2141165
84,25,0,0.43509945
85,1,1,0.6899214
86,6,1,0.20084311
87,6,1,0.37539423
88,2,0,0.72767514
89,27,1,0.579744
90,21,0,0.563953
91,8,0,0.18674639
92,17,0,0.3714758
93,26,1,0.5539728
94,25,1,0.31794992
95,1,0,0.25637397
96,2,0,0.6599808
97,27,0,0.30910575
98,2,0,0.26622066
99,17,0,0.5868643
100,16,0,0.22472508
101,5,1,0.50507224
102,15,1,0.32667416
103,7,0,0.21241103
104,11,1,0.91495633
105,11,0,0.37780926
106,13,1,0.41186905
107,25,1,0.45449546
108,11,0,0.45831996
109,6,0,0.29867604
110,17,1,0.9290606
111,25,1,0.8899377
112,17,0,0.74574673
113,15,1,0.7636756
114,26,1,0.52688724
115,10,1,0.39427528
116,27,1,0.28329897
117,7,0,0.23901875
118,13,1,0.66649306
119,13,0,0.78566104
120,0,0,0.27360538
121,16,1,0.5694972
122,17,1,0.28553778
123,5,1,0.7357921
124,15,0,0.4879981
125,18,1,0.69248456
126,13,0,0.6072528
127,10,1,0.85335696
128,1,0,0.6844302
129,15,1,0.90270334
130,13,0,0.42102545
131,26,1,0.27388015
132,28,1,0.6777773
133,23,1,0.66404223
134,26,1,0.5258226
135,12,0,0.33699337
136,8,1,0.756574
137,26,0,0.6867569
138,13,1,0.3950997
139,19,0,0.36143625
140,12,0,0.48793733
141,8,0,0.38035476
142,13,0,0.36159375
143,8,0,0.32702157
144,13,0,0.6588366
145,8,1,0.791343
146,16,1,0.53605473
147,12,1,0.63245744
148,27,1,0.50047994
149,20,1,0.6237774
150,9,0,0.3551021
151,9,1,0.5436444
152,14,1,0.74067867
153,11,1,0.8077112
154,7,0,0.23591922
155,1,0,0.31965774
156,13,0,0.2945215
157,3,1,0.6136882
158,14,1,0.83238906
159,17,1,0.8414097
160,4,0,0.16056037
161,2,0,0.4567464
162,0,1,0.5409366
163,28,1,0.67930096
164,24,0,0.5791728
165,27,1,0.4011558
166,2,0,0.3009216
167,1,0,0.16080771
168,20,0,0.32268396
169,13,1,0.74041677
170,24,0,0.20431949
171,15,0,0.47703734
172,23,0,0.2670776
173,12,1,0.25670496
174,12,0,0.30564332
175,13,0,0.34923744
176,16,0,0.17382781
177,8,1,0.8667301
178,26,1,0.80190057
179,10,0,0.41813275
180,12,0,0.22566259
181,6,0,0.25292885
182,11,1,0.49404866
183,5,1,0.63390267
184,13,1,0.49465063
185,15,1,0.77475554
186,5,1,0.37644997
187,11,1,0.66506875
188,26,1,0.91142905
189,10,0,0.2715466
190,8,0,0.3069898
191,15,0,0.37367383
192,16,1,0.4376094
193,4,1,0.34691685
194,11,0,0.30590218
195,16,0,0.27197945
196,16,0,0.43329534
197,17,1,0.51774025
198,3,0,0.19401123
199,15,1,0.64409643
200,13,1,0.7234718
201,9,1,0.8103575
202,7,0,0.5611077
203,0,0,0.77074564
204,9,1,0.85280603
205,14,1,0.39714646
206,15,0,0.29892403
207,28,0,0.71710277
208,16,1,0.30358237
209,16,1,0.24555527
210,18,1,0.8824156
211,27,1,0.55607736
212,13,1,0.60931015
213,3,1,0.76498663
214,2,1,0.65738595
215,28,1,0.6082641
216,6,1,0.6783613
217,1,0,0.81076723
218,2,1,0.76239085
219,10,0,0.38076225
220,6,0,0.3827827
221,16,1,0.7817996
222,17,0,0.46109402
223,13,0,0.25312972
224,15,0,0.44656768
225,15,1,0.6499145
226,27,1,0.9131726
227,10,1,0.5587557
228,28,0,0.5338597
229,17,1,0.2473757
230,3,0,0.5161378
231,1,1,0.48845962
232,22,0,0.15438771
233,5,1,0.778291
234,2,1,0.4633328
235,22,1,0.50625
236,13,1,0.6753523
237,21,0,0.55798954
238,2,0,0.31733268
239,6,0,0.2500109
240,4,1,0.18752804
241,18,0,0.27045485
242,8,0,0.8072377
243,15,1,0.6798016
244,10,1,0.49326903
245,8,1,0.49045655
246,5,1,0.36221486
247,15,1,0.41822225
248,8,1,0.7178297
249,21,0,0.909048
250,26,0,0.33246216
251,15,0,0.44548276
252,4,1,0.42159572
253,14,1,0.7273698
254,3,1,0.94199723
255,15,1,0.22633287
256,2,1,0.5974604
257,11,1,0.19577079
258,16,1,0.81453323
259,15,1,0.4061944
260,27,1,0.55475396
261,1,0,0.8209841
262,2,1,0.29112163
263,17,1,0.4471306
264,26,1,0.507486
265,2,0,0.40923408
266,2,1,0.2878226
267,1,1,0.7968866
268,24,1,0.7899723
269,17,1,0.35993117
270,2,0,0.22131073
271,26,1,0.9079974
272,26,0,0.19974172
273,14,1,0.8312038
274,2,1,0.62714213
275,11,0,0.25496775
276,2,0,0.65027446
277,8,0,0.19016346
278,20,1,0.64179647
279,21,0,0.509313
280,26,1,0.91365695
281,28,0,0.32869
282,11,0,0.43217552
283,25,0,0.5717263
284,15,0,0.45990154
285,24,0,0.16001996
286,7,1,0.7114612
287,13,1,0.382947
288,1,1,0.72180396
289,20,0,0.2416893
290,16,0,0.5833736
291,28,0,0.6215478
292,16,0,0.36539033
293,6,0,0.8143799
294,13,1,0.4455779
295,23,1,0.5106685
296,12,0,0.8613095
297,10,0,0.2895982
298,6,0,0.38968208
299,27,1,0.43363777
300,10,0,0.59881127
301,18,1,0.8815725
302,7,1,0.9301439
303,18,0,0.65914863
304,16,0,0.33670044
305,22,0,0.30498707
306,28,0,0.21183722
307,6,1,0.6564949
308,15,1,0.9122638
309,3,1,0.26583982
310,12,0,0.3514371
311,1,1,0.46938503
312,10,1,0.29440886
313,20,0,0.39728516
314,21,0,0.6812037
315,25,1,0.56162477
316,3,0,0.70338863
317,16,1,0.29209208
318,1,1,0.35991699
319,8,1,0.37905765
320,12,1,0.45578322
321,23,0,0.3879252
322,13,0,0.20600072
323,2,1,0.550754
324,26,1,0.88098323
325,2,0,0.12990972
326,11,1,0.67387
327,22,1,0.37225953
328,27,0,0.30066165
329,25,0,0.61037576
330,24,0,0.55737776
331,14,1,0.33742967
332,12,0,0.1923
333,15,0,0.15357512
334,3,1,0.6285487
335,12,1,0.18129146
336,10,0,0.67787814
337,25,1,0.7848255
338,15,1,0.5099577
339,2,1,0.23993073
340,2,1,0.6828996
341,15,1,0.7707964
342,8,0,0.27477333
343,3,0,0.7088973
344,6,0,0.5739638
345,26,1,0.541848
346,23,1,0.6069808
347,12,1,0.5710169
348,13,0,0.37946546
349,10,0,0.20755719
350,8,1,0.79586965
351,27,1,0.252244
352,7,0,0.49211743
353,2,1,0.33380353
354,25,1,0.4603135
355,2,0,0.34453622
356,11,1,0.48995158
357,7,0,0.17610066
358,13,1,0.84402657
359,2,1,0.35322306
360,2,1,0.6777768
361,16,1,0.591615
362,17,0,0.5100431
363,15,0,0.35922223
364,8,1,0.3660674
365,16,0,0.31778303
366,10,1,0.833875
367,23,0,0.321728
368,27,1,0.5854198
369,3,1,0.34265253
370,4,1,0.8720775
371,11,0,0.31132656
372,4,1,0.87313193
373,4,0,0.7523745
374,11,1,0.7297852
375,11,1,0.8137009
376,11,0,0.5308654
377,18,1,0.679403
378,16,0,0.418698
379,18,0,0.8714127
380,14,1,0.70376647
381,1,1,0.4009484
382,7,1,0.28334174
383,14,0,0.31293333
384,10,1,0.6489897
385,16,1,0.6933988
386,26,1,0.66756976
387,10,1,0.67846406
388,3,0,0.47953635
389,28,0,0.37137976
390,6,0,0.18638521
391,16,0,0.18373093
392,16,1,0.5339281
393,26,0,0.39398104
394,8,1,0.35953763
395,14,0,0.76680315
396,22,1,0.7690104
397,24,1,0.73318726
398,15,0,0.2819555
399,2,0,0.4674346
400,1,0,0.33130696
401,11,1,0.8223376
402,3,0,0.6761822
403,3,1,0.8597126
404,1,1,0.67084414
405,20,1,0.5739216
406,2,0,0.34721535
407,13,1,0.8744051
408,27,0,0.38785195
409,1,1,0.8730627
410,0,0,0.37979352
411,14,1,0.8807288
412,8,1,0.7350254
413,13,1,0.7148434
414,26,1,0.34562522
415,5,0,0.4560587
416,11,1,0.42041004
417,22,1,0.5150642
418,25,0,0.54066527
419,6,0,0.5983546
420,2,0,0.45449984
421,13,1,0.31994006
422,1,0,0.70836985
423,12,0,0.29121292
424,26,1,0.5068745
425,20,0,0.2407438
426,5,0,0.15658778
427,8,0,0.35319647
428,15,1,0.20233889
429,5,1,0.6029792
430,15,0,0.51647973
431,18,1,0.24020423
432,20,1,0.8833563
433,17,1,0.36271954
434,21,0,0.6163192
435,13,0,0.8059895
436,0,1,0.6521165
437,11,1,0.7182946
438,8,1,0.18873432
439,9,0,0.25634083
440,13,0,0.2918529
441,10,0,0.3759299
442,2,0,0.43897718
443,16,1,0.83135086
444,10,0,0.16907495
445,6,0,0.6569443
446,8,1,0.75538266
447,22,1,0.29182902
448,15,0,0.58541214
449,23,1,0.7082878
450,2,0,0.13206808
451,16,0,0.23435904
452,10,1,0.9381348
453,3,0,0.42889008
454,4,1,0.7479126
455,15,1,0.35529366
456,10,1,0.14681022
457,22,1,0.5251974
458,11,0,0.6229498
459,16,0,0.3118141
460,3,0,0.32724082
461,22,1,0.53599566
462,0,0,0.14831975
463,10,0,0.63083947
464,13,1,0.58316225
465,2,1,0.5833121
466,19,0,0.9236317
467,5,0,0.33692175
468,22,0,0.49754685
469,3,0,0.247596
470,23,1,0.7871062
471,13,0,0.8504824
472,16,0,0.42047468
473,11,1,0.102226146
474,13,1,0.4316363
475,18,1,0.7232517
476,22,0,0.51621884
477,26,1,0.6315806
478,23,1,0.68847626
479,2,1,0.8537105
480,13,1,0.5982402
481,3,1,0.72525764
482,9,1,0.510603
483,21,1,0.42377418
484,1,1,0.48315963
485,16,0,0.3997797
486,25,1,0.68843913
487,16,0,0.2898385
488,12,0,0.7349755
489,21,0,0.23653603
490,17,0,0.45925322
491,6,1,0.7105583
492,7,1,0.7854655
493,25,1,0.53170973
494,3,0,0.7237383
495,12,0,0.37754658
496,10,0,0.43386778
497,16,1,0.8179041
498,16,1,0.59052986
499,7,1,0.8185958
500,23,1,0.5316505
501,8,1,0.87904334
502,12,0,0.23521695
503,22,1,0.80791134
504,1,0,0.8360897
505,9,0,0.49543983
506,14,1,0.7446467
507,16,1,0.64638805
508,2,1,0.6477473
509,12,1,0.90500677
510,10,1,0.3324802
511,22,1,0.49065742
512,16,0,0.2294283
513,13,0,0.23208466
514,16,0,0.27890596
515,16,0,0.3159072
516,24,1,0.76122653
517,19,1,0.8609133
518,16,0,0.34921634
519,13,0,0.63302785
520,16,1,0.54624116
521,13,0,0.1851171
522,6,1,0.7569827
523,12,0,0.30812263
524,25,0,0.71581995
525,24,1,0.45899668
526,13,0,0.3945109
527,27,0,0.29149967
528,10,0,0.6994521
529,24,0,0.33791018
530,27,0,0.28876853
531,13,0,0.5343269
532,0,0,0.22386217
533,14,1,0.4939509
534,2,1,0.5153663
535,23,0,0.3707941
536,0,0,0.32981026
537,14,1,0.8492646
538,27,1,0.86195225
539,28,0,0.73782694
540,1,1,0.580971
541,16,1,0.5615247
542,2,0,0.39338434
543,0,1,0.2914163
544,18,1,0.8004423
545,17,0,0.516471
546,11,0,0.45737904
547,9,0,0.3148303
548,20,1,0.3803339
549,8,1,0.5781706
550,3,1,0.6070432
551,18,1,0.44504562
552,3,0,0.2726178
553,2,0,0.33234704
554,28,0,0.36054426
555,14,0,0.21616898
556,18,0,0.42291513
557,27,1,0.87100726
558,28,0,0.5233067
559,12,1,0.47998315
560,4,0,0.35467702
561,0,1,0.519148
562,21,0,0.22146736
563,16,0,0.3996863
564,16,0,0.6483879
565,27,1,0.63602525
566,26,0,0.5850165
567,26,1,0.43386123
568,16,1,0.3935013
569,11,1,0.66911244
570,27,1,0.61736286
571,14,0,0.24772246
572,6,0,0.17506854
573,13,0,0.42788485
574,1,0,0.29447755
575,3,1,0.77178043
576,19,1,0.4530117
577,9,0,0.6461143
578,19,0,0.5907392
579,20,1,0.7201481
580,6,0,0.3168619
581,11,0,0.7276038
582,10,0,0.24500813
583,8,1,0.87128097
584,12,0,0.47104585
585,22,0,0.83300173
586,15,0,0.3563171
587,20,1,0.79740983
588,15,0,0.7251998
589,11,1,0.8705942
590,2,0,0.4733705
591,8,1,0.48938563
592,4,1,0.82785267
593,22,1,0.86786664
594,10,1,0.34283638
595,13,0,0.5166301
596,0,0,0.60419506
597,24,1,0.8066886
598,2,1,0.90134704
599,7,1,0.4308749
600,12,0,0.2384725
601,11,1,0.58330554
602,8,0,0.35350966
603,27,1,0.27494717
604,25,1,0.4134817
605,23,0,0.3207863
606,2,1,0.7747073
607,19,0,0.4714053
608,25,0,0.55530924
609,15,0,0.40656167
610,12,1,0.34033757
611,11,1,0.834262
612,7,1,0.47168043
613,19,0,0.26337206
614,21,0,0.12586482
615,12,1,0.8245753
616,25,1,0.22160904
617,19,1,0.42165375
618,11,1,0.6012446
619,22,0,0.3958909
620,12,1,0.4150891
621,15,0,0.35210833
622,8,1,0.6875608
623,25,0,0.31338596
624,26,0,0.5146517
625,18,1,0.5532288
626,27,1,0.73429614
627,7,1,0.7090868
628,9,1,0.29474938
629,5,0,0.29339537
630,27,0,0.44110405
631,16,0,0.52164423
632,18,1,0.27824375
633,17,1,0.41876942
634,2,1,0.8163617
635,13,0,0.2161781
636,2,1,0.47706836
637,16,1,0.45659217
638,25,1,0.5581109
639,12,1,0.5334903
640,20,0,0.25490314
641,6,1,0.90358573
642,11,0,0.70441574
643,26,0,0.70578665
644,1,0,0.3656495
645,9,1,0.6864671
646,19,1,0.62630147
647,3,1,0.49734885
648,16,1,0.208654
649,2,0,0.27622393
650,11,1,0.55495673
651,17,0,0.30404773
652,22,0,0.42843533
653,21,0,0.28948075
654,3,0,0.41971648
655,5,1,0.6937857
656,11,1,0.7380038
657,27,0,0.1593965
658,3,1,0.69663966
659,19,1,0.6530926
660,2,0,0.091208994
661,25,0,0.90255356
662,15,0,0.21979615
663,2,0,0.2890907
664,11,1,0.6575062
665,15,1,0.8474745
666,12,0,0.39795575
667,24,0,0.31649423
668,18,1,0.6101972
669,18,1,0.51694256
670,0,1,0.3014238
671,18,0,0.46194038
672,18,0,0.4618718
673,18,0,0.3553765
674,1,1,0.82117563
675,12,0,0.45034927
676,18,1,0.7312071
677,7,1,0.62439775
678,17,0,0.40756115
679,17,1,0.5344293
680,16,1,0.333464
681,19,0,0.72726846
682,16,0,0.5277114
683,3,1,0.740454
684,16,0,0.16435237
685,27,1,0.56225514
686,17,0,0.550352
687,6,0,0.86836594
688,15,0,0.58812004
689,10,0,0.49148574
690,13,1,0.29272723
691,23,0,0.50284815
692,20,1,0.69648635
693,18,0,0.4914003
694,26,1,0.49266386
695,21,0,0.3949537
696,2,0,0.6532707
697,11,1,0.7659818
698,4,1,0.8618339
699,15,0,0.35393572
700,4,0,0.23762916
701,12,1,0.50765383
702,20,1,0.25148636
703,4,1,0.39124182
704,25,1,0.872786
705,16,0,0.65208715
706,1,1,0.71529996
707,20,1,0.5519374
708,13,1,0.4918987
709,18,1,0.8561002
710,26,1,0.48195726
711,18,1,0.5221599
712,21,0,0.29321793
713,4,0,0.31681985
714,4,0,0.17510979
715,5,1,0.28092918
716,21,1,0.5208062
717,16,1,0.6154626
718,12,1,0.8486619
719,1,0,0.5713402
720,13,0,0.5074271
721,2,1,0.88320583
722,15,1,0.30148423
723,16,0,0.51541466
724,20,0,0.17115553
725,1,0,0.48092747
726,12,0,0.2966299
727,12,0,0.4549185
728,16,0,0.4079066
729,16,0,0.6588948
730,0,1,0.78879875
731,20,0,0.52579105
732,10,0,0.29027608
733,16,0,0.23178023
734,12,1,0.8056104
735,19,0,0.4418277
736,15,0,0.35867894
737,2,1,0.84122574
738,0,1,0.85987884
739,16,0,0.3709041
740,16,1,0.7721737
741,27,0,0.23716463
742,21,1,0.35935768
743,16,0,0.3143203
744,13,0,0.539219
745,1,0,0.8096502
746,28,0,0.42720816
747,11,0,0.40809548
748,15,0,0.2644807
749,4,0,0.19411497
750,4,0,0.2053699
751,15,0,0.25848
752,8,1,0.5442642
753,21,0,0.296111
754,14,1,0.22361621
755,18,1,0.667211
756,8,1,0.66977096
757,20,1,0.821599
758,3,0,0.33680576
759,26,1,0.67475986
760,10,0,0.28797698
761,16,1,0.31022027
762,15,0,0.5044953
763,17,0,0.8464716
764,20,1,0.64673406
765,20,0,0.21106449
766,16,0,0.29196414
767,20,0,0.20976101
768,1,1,0.24077012
769,2,1,0.6871759
770,26,0,0.6107751
771,5,0,0.37776467
772,6,0,0.19535185
773,8,0,0.26585767
774,18,1,0.57546747
775,18,0,0.13871725
776,25,0,0.43193457
777,22,0,0.49090764
778,8,0,0.27081838
779,20,1,0.45871404
780,21,1,0.87227756
781,20,1,0.4505584
782,5,0,0.21092844
783,16,0,0.38307574
784,24,1,0.8377738
785,14,0,0.7394281
786,24,1,0.6686142
787,10,1,0.4200101
788,0,1,0.84534067
789,14,1,0.39080855
790,15,0,0.45844454
791,2,0,0.5964709
792,25,1,0.6921637
793,25,0,0.35135356
794,20,1,0.7420929
795,22,0,0.37829491
796,15,0,0.2872611
797,0,0,0.21643633
798,25,1,0.64477473
799,13,0,0.37030342
800,2,1,0.61246836
801,28,1,0.2854099
802,8,0,0.5584221
803,28,0,0.16905303
804,10,0,0.39893353
805,17,0,0.14193763
806,2,1,0.8775486
807,8,1,0.5714925
808,10,1,0.39035812
809,16,0,0.7659009
810,16,1,0.9717874
811,8,0,0.4719585
812,8,1,0.8832181
813,16,0,0.51285404
814,5,0,0.23482116
815,7,0,0.7202342
816,18,1,0.52247906
817,13,1,0.8209139
818,1,1,0.7124943
819,7,1,0.56171054
820,7,0,0.710559
821,16,0,0.22287208
822,16,1,0.8117532
823,16,1,0.5096983
824,22,1,0.6455722
825,11,0,0.28091854
826,25,1,0.7819309
827,12,0,0.81664354
828,14,0,0.16791213
829,10,1,0.8176209
830,10,1,0.6776236
831,6,1,0.5810819
832,3,0,0.33880624
833,14,1,0.46689665
834,12,0,0.21632768
835,26,1,0.67935675
836,22,0,0.33325988
837,18,0,0.35652903
838,17,0,0.29747948
839,11,0,0.26756668
840,16,0,0.28920424
841,6,0,0.2742695
842,8,1,0.55631346
843,27,0,0.36376637
844,16,1,0.8337717
845,25,1,0.73442245
846,14,1,0.78079784
847,20,0,0.4842145
848,10,0,0.5420171
849,23,0,0.5011131
850,5,0,0.40451142
851,3,0,0.69461346
852,2,1,0.6123674
853,0,0,0.29194823
854,1,1,0.460426
855,24,1,0.50770044
856,0,1,0.85723835
857,0,1,0.370025
858,15,1,0.6271271
859,28,0,0.42146596
860,22,1,0.52487606
861,20,0,0.21700777
862,3,0,0.5786477
863,11,0,0.50504375
864,13,1,0.91530466
865,8,0,0.39517218
866,14,0,0.6591507
867,0,0,0.17306933
868,1,0,0.49338153
869,16,1,0.548619
870,6,1,0.27559718
871,15,1,0.7940864
872,8,1,0.34470096
873,13,0,0.54399455
874,2,0,0.7375601
875,0,0,0.7995751
876,17,0,0.28570908
877,0,0,0.21389455
878,1,0,0.4580326
879,23,0,0.8065947
880,0,0,0.19986603
881,19,1,0.5979756
882,8,0,0.7638546
883,17,0,0.23071131
884,12,0,0.3919095
885,24,1,0.50901306
886,3,1,0.31704354
887,25,1,0.60369843
888,1,1,0.31925786
889,4,0,0.6409909
890,11,0,0.6922044
891,16,1,0.413003
892,10,0,0.5427705
893,15,1,0.27121186
894,27,1,0.5554458
895,16,1,0.6253
896,12,1,0.5038837
897,22,0,0.7813472
898,14,0,0.2470345
899,25,1,0.79755086
900,21,1,0.62096524
901,7,0,0.30300525
902,27,1,0.532172
903,27,0,0.39667273
904,2,0,0.32629475
905,3,0,0.64548916
906,2,0,0.25411245
907,4,0,0.32081363
908,25,0,0.3384908
909,2,1,0.565975
910,20,1,0.30910018
911,16,1,0.5237753
912,27,0,0.27835175
913,10,0,0.55576074
914,2,0,0.7596319
915,13,0,0.7711051
916,5,1,0.38730842
917,15,0,0.34817567
918,14,0,0.40896133
919,20,0,0.49477214
920,15,1,0.85178745
921,0,0,0.66851866
922,22,1,0.6571295
923,19,1,0.88506687
924,28,0,0.390778
925,17,0,0.6357364
926,1,0,0.52948153
927,5,1,0.7605047
928,20,0,0.2528938
929,27,1,0.48296908
930,1,0,0.2906773
931,12,1,0.4466453
932,24,0,0.34327066
933,16,1,0.7692261
934,13,0,0.2855132
935,2,1,0.4774661
936,2,0,0.317604
937,18,0,0.3626828
938,10,0,0.40808395
939,26,1,0.6169513
940,2,0,0.4296999
941,22,1,0.312664
942,26,0,0.3104075
943,13,0,0.53162366
944,27,0,0.42908692
945,25,0,0.35889068
946,3,1,0.7524237
947,17,0,0.2806662
948,13,0,0.4955845
949,22,0,0.78229064
950,26,1,0.6987227
951,25,0,0.2823126
952,15,0,0.23551206
953,25,1,0.708384
954,14,0,0.5182481
955,11,1,0.89748734
956,23,1,0.1968644
957,23,1,0.39518324
958,25,0,0.1986728
959,11,0,0.7098259
960,10,0,0.21767297
961,16,1,0.45820123
962,14,0,0.44385526
963,19,0,0.39150354
964,1,1,0.82308525
965,10,1,0.7710272
966,8,0,0.7139459
967,9,1,0.7078566
968,7,0,0.17751282
969,13,1,0.42659715
970,28,0,0.6063816
971,2,0,0.8386092
972,17,1,0.8180856
973,25,0,0.18570153
974,19,1,0.2622804
975,0,1,0.45617124
976,10,0,0.40110266
977,3,0,0.24710335
978,24,0,0.22472195
979,18,1,0.61245155
980,2,0,0.5409244
981,2,1,0.43231618
982,26,0,0.41551596
983,11,1,0.73963916
984,11,0,0.53870445
985,20,1,0.293002
986,14,0,0.2090682
987,24,0,0.49160585
988,24,1,0.44814637
989,1,1,0.52907205
990,12,0,0.5250901
991,15,0,0.5237166
992,8,0,0.47971514
993,11,0,0.7626503
994,16,0,0.21422857
995,16,1,0.3273996
996,16,0,0.36668023
997,27,1,0.7320822
998,7,0,0.17736037
999,4,1,0.9230367
1000,25,0,0.558127
1001,8,0,0.4277662
1002,15,0,0.3387387
1003,15,0,0.19782081
1004,12,0,0.3850513
1005,13,1,0.6735504
1006,8,1,0.7257534
1007,12,0,0.47315636
1008,28,0,0.21858472
1009,7,1,0.40945932
1010,12,1,0.69843537
1011,3,1,0.7667456
1012,15,0,0.500222
1013,23,1,0.37243295
1014,7,0,0.57731587
1015,23,1,0.71283114
1016,22,0,0.74748605
1017,25,0,0.2910641
1018,9,1,0.8624676
1019,18,1,0.5983268
1020,12,1,0.6288943
1021,10,1,0.22778
1022,4,0,0.5951056
1023,22,0,0.27857223
1024,27,1,0.8312008
1025,6,1,0.19196497
1026,19,0,0.31700042
1027,13,0,0.14358056
1028,24,1,0.28352895
1029,24,0,0.42582354
1030,16,0,0.43014646
1031,4,0,0.14341253
1032,12,1,0.93873537
1033,12,1,0.467709
1034,16,1,0.45725888
1035,1,1,0.69612706
1036,28,1,0.7240195
1037,8,0,0.50898004
1038,0,1,0.431299
1039,13,1,0.4283264
1040,1,0,0.30241096
1041,16,1,0.78779167
1042,5,0,0.43629786
1043,11,0,0.5818499
1044,28,0,0.5559781
1045,28,1,0.2996341
1046,13,0,0.7888786
1047,25,0,0.5413269
1048,10,1,0.9289255
1049,4,0,0.49656668
1050,8,0,0.25712332
1051,20,0,0.2833946
1052,25,1,0.34781113
1053,18,1,0.51301175
1054,10,0,0.5757225
1055,2,1,0.7807235
1056,13,0,0.5689757
1057,22,0,0.3171913
1058,24,1,0.73117954
1059,2,1,0.571477
1060,16,0,0.42919853
1061,17,0,0.55306536
1062,10,0,0.8417836
1063,26,1,0.69311804
1064,20,1,0.3975633
1065,13,0,0.24176909
1066,13,0,0.32965446
1067,7,0,0.67964643
1068,22,1,0.40746933
1069,11,1,0.67475975
1070,1,0,0.17788148
1071,10,0,0.48028082
1072,5,1,0.7084163
1073,12,1,0.71089584
1074,12,1,0.8062852
1075,9,1,0.78861344
1076,16,0,0.43329212
1077,10,1,0.7695121
1078,16,0,0.41070497
1079,16,1,0.313865
1080,16,0,0.32786158
1081,14,0,0.3242854
1082,8,1,0.6451309
1083,20,0,0.27003595
1084,11,1,0.8708128
1085,20,0,0.38283876
1086,6,0,0.72069335
1087,4,0,0.65955114
1088,5,0,0.28670007
1089,1,0,0.69469786
1090,5,0,0.19588281
1091,19,0,0.2882878
1092,18,1,0.8254194
1093,17,1,0.5254268
1094,9,0,0.32513988
1095,4,1,0.59975547
1096,27,1,0.49091408
1097,27,0,0.19011104
1098,0,0,0.65955824
1099,25,0,0.5212822
1100,26,0,0.5097866
1101,20,0,0.21469307
1102,12,1,0.83436316
1103,11,1,0.8085752
1104,11,0,0.47188085
1105,8,0,0.69110096
1106,6,1,0.6985267
1107,2,0,0.4422672
1108,0,0,0.29753008
1109,18,0,0.49497467
1110,17,1,0.790464
1111,18,0,0.66937166
1112,12,1,0.8409527
1113,2,1,0.69641876
1114,20,1,0.67941135
1115,7,1,0.55229217
1116,3,1,0.5948846
1117,8,0,0.26000398
1118,28,0,0.60580105
1119,15,0,0.24116805
1120,7,0,0.1372159
1121,21,0,0.34208325
1122,2,0,0.15313004
1123,8,0,0.29878244
1124,21,0,0.16135158
1125,2,0,0.55758476
1126,15,0,0.53479767
1127,25,1,0.5646497
1128,2,0,0.6943574
1129,26,0,0.22644822
1130,13,0,0.5769228
1131,12,0,0.48948535
1132,22,0,0.7225513
1133,22,0,0.76316184
1134,28,1,0.63960886
1135,8,1,0.62791747
1136,16,1,0.25495765
1137,25,0,0.7621998
1138,7,0,0.36144456
1139,6,1,0.8169434
1140,4,0,0.5594838
1141,18,0,0.5302137
1142,20,1,0.30970672
1143,21,1,0.32862553
1144,14,0,0.15767317
1145,7,1,0.32046446
1146,0,1,0.69840777
1147,16,1,0.77212495
1148,25,0,0.36100805
1149,9,1,0.70448077
1150,1,1,0.3494839
1151,16,1,0.4872575
1152,16,1,0.6186424
1153,23,0,0.5855534
1154,10,1,0.7815743
1155,1,1,0.62297577
1156,26,0,0.41759443
1157,10,1,0.39405447
1158,2,0,0.17816089
1159,10,1,0.79906106
1160,23,0,0.22349234
1161,2,1,0.4273982
1162,2,1,0.2866839
1163,5,0,0.41191465
1164,4,0,0.6205162
1165,28,1,0.24775197
1166,4,1,0.47214827
1167,17,1,0.17976853
1168,5,1,0.61128646
1169,6,1,0.4869563
1170,27,1,0.2979772
1171,9,1,0.7927071
1172,23,0,0.19717638
1173,2,0,0.37033895
1174,21,1,0.56993705
1175,17,1,0.6867708
1176,1,1,0.6133896
1177,26,0,0.4061924
1178,2,1,0.50178766
1179,15,1,0.5937781
1180,12,1,0.587689
1181,10,1,0.2314346
1182,14,1,0.18660851
1183,26,0,0.3356946
1184,9,0,0.4117366
1185,1,0,0.30163026
1186,15,1,0.63873464
1187,12,1,0.48878977
1188,1,1,0.5911229
1189,8,0,0.17269686
1190,3,1,0.53852427
1191,2,0,0.2678826
1192,4,1,0.5837403
1193,23,1,0.40281177
1194,12,1,0.71772397
1195,1,0,0.54682153
1196,1,0,0.43203965
1197,25,0,0.26052803
1198,15,0,0.25525278
1199,1,1,0.49791464
1200,19,0,0.62505734
1201,12,1,0.67371845
1202,1,0,0.22998503
1203,7,0,0.63212365
1204,13,0,0.3685176
1205,25,0,0.23479491
1206,10,0,0.5340303
1207,12,1,0.44198462
1208,11,1,0.75234556
1209,16,1,0.40180913
1210,21,1,0.2970617
1211,6,0,0.280149
1212,2,0,0.27571666
1213,10,0,0.4518668
1214,15,1,0.87343055
1215,1,0,0.44043595
1216,7,1,0.3497566
1217,18,1,0.9121718
1218,20,1,0.8216447
1219,18,1,0.56102896
1220,2,0,0.29198277
1221,28,1,0.5398751
1222,16,0,0.35877413
1223,27,1,0.55167973
1224,2,0,0.21443698
1225,10,1,0.533423
1226,8,0,0.3245584
1227,1,1,0.80608296
1228,9,1,0.8681576
1229,22,0,0.1500178
1230,6,1,0.7934957
1231,12,0,0.4244015
1232,22,0,0.21740328
1233,15,1,0.67490137
1234,26,0,0.25299552
1235,3,0,0.48949677
1236,15,1,0.5611073
1237,20,0,0.26475367
1238,2,0,0.5549322
1239,13,1,0.63822263
1240,15,0,0.3908627
1241,16,1,0.24902408
1242,3,1,0.66256875
1243,17,1,0.44860998
1244,25,0,0.15942904
1245,16,0,0.664961
1246,20,1,0.7263177
1247,8,1,0.25398523
1248,6,0,0.4100501
1249,14,1,0.69099337
1250,11,0,0.51067823
1251,17,1,0.7329366
1252,3,0,0.15833485
1253,8,1,0.7330095
1254,16,0,0.26447517
1255,2,0,0.6125162
1256,6,1,0.39694428
1257,2,0,0.7125365
1258,13,1,0.7785221
1259,13,1,0.8561136
1260,1,1,0.27292648
1261,16,1,0.58198035
1262,15,1,0.50144875
1263,15,1,0.5036969
1264,6,1,0.8442268
1265,16,0,0.17195725
1266,18,0,0.19647653
1267,13,1,0.19718055
1268,9,0,0.30394673
1269,10,0,0.10859781
1270,2,0,0.38902315
1271,12,0,0.29504985
1272,12,1,0.9000951
1273,11,0,0.5182329
1274,23,0,0.46600366
1275,3,0,0.1748581
1276,7,0,0.5302807
1277,11,1,0.91562396
1278,3,0,0.6859256
1279,12,0,0.18696369
1280,16,1,0.75476944
1281,16,0,0.19464317
1282,28,0,0.3389254
1283,11,1,0.57998466
1284,17,1,0.70618224
1285,16,0,0.42156664
1286,24,0,0.148339
1287,13,1,0.66299796
1288,9,0,0.51047856
1289,23,1,0.50900275
1290,26,0,0.48589528
1291,11,1,0.35070938
1292,3,1,0.36398008
1293,16,1,0.52388954
1294,18,0,0.25008467
1295,4,0,0.5464545
1296,4,1,0.3360731
1297,4,0,0.38392642
1298,24,0,0.31981716
1299,20,1,0.677062
1300,20,1,0.4929919
1301,2,0,0.5278777
1302,12,1,0.51554143
1303,6,0,0.5322541
1304,12,1,0.56096375
1305,8,0,0.45930108
1306,14,1,0.58701384
1307,16,1,0.36147073
1308,16,1,0.6615159
1309,19,1,0.34936684
1310,27,1,0.65198916
1311,8,1,0.6020815
1312,13,0,0.2032627
1313,26,1,0.7823035
1314,1,0,0.56630117
1315,22,1,0.91792315
1316,11,1,0.5396968
1317,7,1,0.29816717
1318,1,0,0.35844916
1319,2,1,0.76041913
1320,6,0,0.27822793
1321,18,1,0.44469145
1322,1,1,0.6597938
1323,8,1,0.18728597
1324,5,1,0.5804508
1325,23,1,0.33657733
1326,26,1,0.7074221
1327,13,0,0.510846
1328,8,1,0.73007584
1329,28,1,0.35028672
1330,2,0,0.7506907
1331,25,1,0.26112875
1332,16,1,0.6194311
1333,3,1,0.69839734
1334,6,0,0.1462352
1335,22,0,0.19626279
1336,22,0,0.33494008
1337,9,0,0.31583235
1338,14,0,0.6508582
1339,1,1,0.3835771
1340,21,1,0.16528991
1341,13,1,0.7627421
1342,25,1,0.23316386
1343,25,1,0.76591814
1344,26,0,0.26229364
1345,4,0,0.33149004
1346,1,0,0.2430991
1347,9,0,0.47721937
1348,26,0,0.8094156
1349,15,1,0.6755837
1350,27,1,0.6065396
1351,14,1,0.7635124
1352,9,0,0.33215886
1353,13,1,0.4567217
1354,25,0,0.31823722
1355,26,0,0.1283801
1356,12,0,0.26532957
1357,10,0,0.31075928
1358,1,0,0.48099574
1359,6,0,0.15823725
1360,16,1,0.47301233
1361,13,0,0.16424263
1362,3,1,0.34241652
1363,27,0,0.33584008
1364,6,1,0.20623624
1365,26,0,0.7938392
1366,0,0,0.40761772
1367,12,1,0.75623953
1368,16,0,0.27166232
1369,28,0,0.627806
1370,25,1,0.7575856
1371,11,1,0.4294462
1372,1,0,0.33675224
1373,18,1,0.8256993
1374,16,0,0.5555659
1375,25,0,0.36943218
1376,0,1,0.52812403
1377,8,0,0.5014946
1378,20,0,0.26517007
1379,6,0,0.5253246
1380,7,1,0.6470911
1381,1,1,0.64773536
1382,16,0,0.86405545
1383,22,0,0.3598454
1384,16,1,0.2707171
1385,19,1,0.3830754
1386,16,0,0.25691983
1387,16,1,0.3473186
1388,17,0,0.37942898
1389,15,0,0.43622297
1390,2,1,0.78738135
1391,13,1,0.83614916
1392,19,1,0.6867395
1393,3,1,0.272439
1394,1,0,0.4249332
1395,20,0,0.4108118
1396,27,1,0.5588562
1397,15,1,0.5940064
1398,28,0,0.30401087
1399,21,0,0.30633816
1400,22,0,0.24753118
1401,17,1,0.6600723
1402,6,0,0.8550845
1403,13,1,0.57331073
1404,6,1,0.8946835
1405,11,0,0.3290546
1406,26,0,0.65489566
1407,11,0,0.41502672
1408,10,1,0.11355168
1409,1,0,0.2229913
1410,3,1,0.30940503
1411,8,1,0.20641328
1412,9,0,0.43827143
1413,3,0,0.4147748
1414,25,0,0.47452417
1415,27,0,0.5668485
1416,7,0,0.17932992
1417,2,1,0.8558192
1418,20,1,0.6322014
1419,13,0,0.40153226
1420,7,1,0.5762647
1421,15,0,0.33203563
1422,23,1,0.28879103
1423,3,0,0.18032232
1424,3,0,0.35197905
1425,10,1,0.40613344
1426,13,1,0.5329066
1427,26,1,0.81045514
1428,14,0,0.838661
1429,1,0,0.68612874
1430,0,1,0.5176985
1431,27,1,0.4202125
1432,10,0,0.508029
1433,11,0,0.14248872
1434,24,1,0.64399874
1435,11,0,0.7248642
1436,11,0,0.7131633
1437,18,1,0.78563106
1438,27,0,0.4224391
1439,6,1,0.4271404
1440,7,1,0.39721164
1441,3,0,0.37471232
1442,20,0,0.15777686
1443,6,1,0.61881006
1444,2,0,0.24130891
1445,7,0,0.60658103
1446,25,0,0.20944905
1447,11,1,0.7699135
1448,18,0,0.6924126
1449,10,1,0.73801726
1450,7,1,0.51754135
1451,11,1,0.97352296
1452,13,1,0.27963117
1453,14,1,0.9413091
1454,13,1,0.7589135
1455,16,0,0.393754
1456,10,0,0.5239791
1457,13,1,0.4762019
1458,3,1,0.8157847
1459,13,0,0.15711133
1460,16,0,0.3773168
1461,11,1,0.44787878
1462,22,1,0.5785427
1463,27,1,0.36640006
1464,3,0,0.48915437
1465,16,0,0.6958647
1466,2,1,0.7093984
1467,13,1,0.6774104
1468,24,0,0.17299676
1469,1,1,0.85982513
1470,3,1,0.5129206
1471,2,0,0.725493
1472,22,1,0.40509462
1473,28,1,0.27986702
1474,14,1,0.73753625
1475,11,1,0.83079815
1476,12,1,0.31584403
1477,20,1,0.66945034
1478,15,1,0.546589
1479,28,0,0.47438055
1480,8,1,0.5186666
1481,7,1,0.49585629
1482,2,1,0.5576
1483,15,1,0.47843525
1484,16,1,0.6054592
1485,2,0,0.41599172
1486,20,0,0.29376972
1487,1,1,0.76515514
1488,0,0,0.1142138
1489,15,0,0.16398062
1490,22,1,0.4489311
1491,17,0,0.65076774
1492,4,0,0.50431365
1493,24,0,0.1367106
1494,8,1,0.41898727
1495,8,0,0.37746945
1496,4,1,0.47115535
1497,5,1,0.58215284
1498,10,1,0.6429758
1499,15,0,0.5076969
1500,2,1,0.9064932
1501,12,1,0.9006055
1502,16,0,0.42291653
1503,11,1,0.9066051
1504,3,1,0.69868207
1505,2,1,0.9004392
1506,17,1,0.6496167
1507,17,1,0.7351083
1508,15,1,0.58012944
1509,16,1,0.6757065
1510,26,1,0.33257526
1511,11,1,0.76779157
1512,25,1,0.76289445
1513,15,1,0.64399403
1514,22,0,0.21909286
1515,23,1,0.56070787
1516,24,1,0.36221656
1517,1,0,0.42855686
1518,12,1,0.70779157
1519,16,1,0.76263684
1520,26,1,0.8069222
1521,6,0,0.38697198
1522,13,1,0.33180395
1523,1,0,0.5576531
1524,15,1,0.37921798
1525,23,1,0.20201997
1526,15,1,0.4946792
1527,28,1,0.6371455
1528,23,1,0.5708653
1529,2,0,0.73921883
1530,2,0,0.37988392
1531,10,1,0.876282
1532,18,1,0.72464174
1533,12,0,0.4177969
1534,10,1,0.7899148
1535,25,0,0.5201218
1536,1,0,0.6889154
1537,1,0,0.9232121
1538,21,1,0.9074589
1539,20,0,0.63653576
1540,25,1,0.66042656
1541,13,0,0.36032647
1542,24,1,0.7771439
1543,23,0,0.24949
1544,27,1,0.68696064
1545,21,1,0.47457808
1546,2,1,0.28857854
1547,2,0,0.42345235
1548,27,0,0.21388659
1549,11,1,0.17507619
1550,22,1,0.4757041
1551,16,1,0.60107785
1552,3,1,0.76738715
1553,8,1,0.3046881
1554,5,0,0.22822468
1555,15,0,0.30042312
1556,25,0,0.53143525
1557,17,0,0.66912496
1558,6,0,0.22812751
1559,15,0,0.6249005
1560,27,1,0.8139043
1561,24,0,0.45543188
1562,28,0,0.3552148
1563,28,1,0.44834268
1564,23,1,0.81808925
1565,28,0,0.92066383
1566,5,1,0.5623939
1567,26,1,0.43864504
1568,28,0,0.60306513
1569,18,1,0.54104465
1570,0,0,0.2595272
1571,23,0,0.4170897
1572,8,0,0.5890306
1573,23,0,0.24146317
1574,10,0,0.1890146
1575,2,0,0.71721387
1576,23,0,0.23706922
1577,5,1,0.53487426
1578,11,1,0.4783618
1579,1,0,0.47860968
1580,16,0,0.3636633
1581,10,0,0.38566586
1582,6,1,0.6186959
1583,25,0,0.30559713
1584,1,1,0.33504707
1585,25,1,0.83063936
1586,15,1,0.43244728
1587,10,0,0.25451666
1588,27,1,0.8377814
1589,8,0,0.2985246
1590,16,0,0.57390946
1591,10,1,0.86847323
1592,8,0,0.17434013
1593,22,0,0.20297475
1594,14,0,0.7062974
1595,17,0,0.1113216
1596,1,0,0.48958173
1597,7,1,0.5473486
1598,11,1,0.68180776
1599,9,1,0.22634299
1600,28,1,0.49622488
1601,2,1,0.6679727
1602,10,1,0.8077705
1603,10,0,0.54392225
1604,26,1,0.5613885
1605,20,1,0.6454663
1606,16,1,0.5667889
1607,22,0,0.23573735
1608,2,0,0.25039786
1609,10,1,0.58744806
1610,2,1,0.62670934
1611,2,0,0.47471505
1612,5,1,0.2681508
1613,4,1,0.864247
1614,8,1,0.679958
1615,12,1,0.9341761
1616,27,1,0.33052948
1617,20,1,0.53671354
1618,1,0,0.43358725
1619,8,1,0.28212702
1620,2,1,0.3277363
1621,16,1,0.30768356
1622,0,0,0.3271511
1623,2,1,0.493003
1624,15,1,0.7016643
1625,26,1,0.5096108
1626,27,1,0.5472312
1627,28,1,0.55677587
1628,4,1,0.76012135
1629,8,1,0.70724183
1630,5,1,0.22817126
1631,1,1,0.6470193
1632,15,0,0.279587
1633,15,1,0.48599106
1634,26,1,0.7878033
1635,21,0,0.38682494
1636,27,1,0.38603577
1637,10,1,0.88093024
1638,6,0,0.2853202
1639,8,1,0.4010462
1640,8,0,0.7054073
1641,9,0,0.18160634
1642,22,1,0.9131458
1643,27,1,0.42800444
1644,15,1,0.8354626
1645,16,1,0.65207636
1646,22,1,0.53227645
1647,26,1,0.80115235
1648,22,0,0.16928159
1649,18,0,0.32933235
1650,26,0,0.43797898
1651,13,0,0.2961848
1652,27,0,0.3214234
1653,1,0,0.6159297
1654,9,1,0.68309927
1655,26,1,0.22615148
1656,19,0,0.56541336
1657,12,0,0.6352732
1658,2,1,0.6227262
1659,3,1,0.5069379
1660,1,1,0.35526055
1661,16,1,0.49460036
1662,9,0,0.25492418
1663,2,1,0.62288815
1664,13,0,0.30776674
1665,4,0,0.55168986
1666,28,0,0.37011763
1667,19,1,0.30072403
1668,13,0,0.6254342
1669,13,1,0.7094996
1670,10,0,0.5196026
1671,16,0,0.7479914
1672,3,1,0.3769688
1673,19,0,0.30597383
1674,26,1,0.71966845
1675,16,1,0.6169349
1676,12,1,0.79614675
1677,28,1,0.75410557
1678,25,0,0.20516874
1679,25,0,0.65669936
1680,2,1,0.65317696
1681,3,0,0.55526334
1682,5,1,0.6151121
1683,4,0,0.33581513
1684,11,1,0.7252942
1685,8,1,0.5720937
1686,19,0,0.19901687
1687,11,0,0.13384078
1688,16,1,0.6288017
1689,2,0,0.34236053
1690,22,1,0.7484655
1691,13,0,0.24317117
1692,1,0,0.47763216
1693,4,0,0.33593497
1694,10,1,0.5173298
1695,24,0,0.39218834
1696,27,0,0.39056718
1697,10,1,0.2928069
1698,1,0,0.29728493
1699,9,1,0.41906348
1700,8,1,0.35020554
1701,17,0,0.16787423
1702,27,0,0.3852732
1703,1,1,0.5452774
1704,7,0,0.32455632
1705,23,0,0.42603296
1706,7,1,0.49474657
1707,4,1,0.18874304
1708,24,0,0.2696474
1709,4,1,0.39656636
1710,10,0,0.50032645
1711,8,0,0.48097104
1712,8,1,0.703571
1713,12,1,0.9091983
1714,12,0,0.48055774
1715,0,0,0.53644794
1716,7,1,0.42550102
1717,0,1,0.8648743
1718,17,0,0.30581945
1719,11,1,0.5500178
1720,26,0,0.44461736
1721,27,0,0.5298441
1722,15,1,0.1745157
1723,22,1,0.71740305
1724,27,1,0.52959573
1725,10,0,0.45988718
1726,11,1,0.51840407
1727,27,1,0.5086652
1728,24,0,0.6747603
1729,26,0,0.21114239
1730,28,1,0.5653141
1731,13,1,0.33033088
1732,28,1,0.20606577
1733,13,1,0.5446474
1734,13,0,0.57279646
1735,20,0,0.33743668
1736,16,1,0.59472114
1737,15,1,0.48945484
1738,11,1,0.8235685
1739,14,1,0.8156389
1740,4,1,0.70378655
1741,26,0,0.45108426
1742,21,1,0.42356968
1743,20,0,0.5541968
1744,1,0,0.75555104
1745,22,1,0.80656296
1746,13,1,0.4149217
1747,16,1,0.36582828
1748,3,1,0.38206428
1749,6,1,0.8403952
1750,16,0,0.6800195
1751,22,1,0.38069382
1752,11,0,0.4751047
1753,11,0,0.3126736
1754,13,1,0.8402591
1755,3,0,0.536616
1756,17,1,0.73595124
1757,25,0,0.23166707
1758,1,0,0.34589157
1759,8,1,0.88412833
1760,15,1,0.62452257
1761,11,1,0.64268947
1762,2,0,0.505664
1763,21,0,0.88990164
1764,13,0,0.37408465
1765,4,0,0.48087454
1766,18,1,0.7416554
1767,9,0,0.3359443
1768,13,1,0.7315881
1769,6,0,0.6710996
1770,8,1,0.52816147
1771,9,1,0.5151586
1772,15,0,0.4205935
1773,5,0,0.38966465
1774,27,1,0.5914061
1775,16,1,0.5403588
1776,16,0,0.16781639
1777,15,0,0.5663031
1778,1,1,0.50261605
1779,8,1,0.68913174
1780,14,0,0.25679204
1781,4,1,0.7205287
1782,14,1,0.28428754
1783,20,1,0.2340348
1784,2,1,0.8811614
1785,27,0,0.15903285
1786,13,0,0.34642616
1787,8,1,0.7901352
1788,16,1,0.85953593
1789,1,0,0.53422594
1790,28,1,0.5625255
1791,16,1,0.79606867
1792,1,0,0.31579024
1793,8,1,0.34699127
1794,16,1,0.63217795
1795,12,0,0.23782462
1796,21,0,0.3210845
1797,15,0,0.27051646
1798,10,0,0.7004632
1799,6,1,0.7162296
1800,8,1,0.8814779
1801,11,0,0.45955276
1802,25,1,0.42039964
1803,3,0,0.20154904
1804,15,0,0.21389854
1805,13,1,0.57807964
1806,22,1,0.4061144
1807,21,0,0.5000332
1808,22,0,0.49434084
1809,24,1,0.42349058
1810,16,1,0.42049232
1811,2,1,0.8104501
1812,1,0,0.14111517
1813,25,1,0.52214146
1814,21,0,0.59618855
1815,16,0,0.49315488
1816,3,1,0.8676117
1817,10,1,0.7980594
1818,27,1,0.32033348
1819,1,1,0.2872681
1820,10,0,0.6117257
1821,25,0,0.47683796
1822,2,1,0.33172017
1823,15,1,0.22222507
1824,10,1,0.7879467
1825,27,1,0.31528527
1826,20,1,0.6850739
1827,7,1,0.74155945
1828,22,0,0.42502078
1829,25,0,0.21024242
1830,4,0,0.22725551
1831,26,0,0.8580943
1832,3,1,0.4874925
1833,3,1,0.62122166
1834,6,1,0.3168742
1835,9,1,0.7729365
1836,21,1,0.8189631
1837,16,1,0.89171064
1838,28,0,0.42853034
1839,25,0,0.114576034
1840,19,0,0.3957659
1841,25,0,0.37845138
1842,10,0,0.36292684
1843,17,0,0.3668463
1844,28,1,0.7423863
1845,8,0,0.33943215
1846,20,1,0.92118996
1847,26,0,0.5742609
1848,1,0,0.48226172
1849,13,0,0.24717003
1850,0,1,0.6876924
1851,26,1,0.5491256
1852,2,1,0.37225798
1853,22,0,0.14120355
1854,11,0,0.20738284
1855,2,0,0.5204474
1856,13,1,0.7229316
1857,15,1,0.34172478
1858,8,1,0.7188492
1859,23,0,0.19922991
1860,7,1,0.78922886
1861,20,1,0.58873105
1862,17,0,0.18879169
1863,18,0,0.32044455
1864,21,0,0.270337
1865,27,0,0.28405413
1866,15,1,0.49525666
1867,26,0,0.38831165
1868,28,0,0.38613042
1869,25,1,0.4479592
1870,14,1,0.2661686
1871,1,0,0.23753168
1872,10,0,0.16134642
1873,21,1,0.37550518
1874,16,0,0.5575949
1875,25,1,0.47143754
1876,1,0,0.19563621
1877,5,1,0.73942775
1878,15,1,0.59852123
1879,10,1,0.29538393
1880,4,1,0.8814062
1881,18,0,0.31175205
1882,16,0,0.18310016
1883,1,1,0.8057663
1884,13,0,0.642182
1885,24,1,0.3782375
1886,13,0,0.3451047
1887,28,0,0.41793424
1888,8,0,0.4021862
1889,0,0,0.1437406
1890,20,1,0.8398738
1891,27,0,0.2111743
1892,18,1,0.29575893
1893,26,0,0.46857262
1894,6,0,0.4182184
1895,8,1,0.5388527
1896,2,1,0.7388519
1897,0,0,0.37262362
1898,27,0,0.47644928
1899,13,1,0.458988
1900,15,1,0.61339414
1901,11,1,0.6674822
1902,3,1,0.7145816
1903,17,0,0.4262484
1904,3,1,0.5557407
1905,8,0,0.8476939
1906,16,1,0.6607765
1907,11,1,0.6153662
1908,13,0,0.55966765
1909,3,0,0.43393835
1910,11,0,0.2196883
1911,9,0,0.28824183
1912,11,1,0.25489095
1913,24,1,0.57348454
1914,0,1,0.77065164
1915,15,1,0.8166358
1916,17,1,0.17977417
1917,16,0,0.25243142
1918,7,1,0.7920398
1919,12,0,0.27574584
1920,10,1,0.20184253
1921,13,0,0.71473354
1922,13,1,0.36002442
1923,16,0,0.13716228
1924,20,0,0.30780643
1925,2,1,0.43973613
1926,14,1,0.87896
1927,10,0,0.43080097
1928,1,1,0.7731181
1929,5,0,0.42092156
1930,20,1,0.39936796
1931,12,1,0.7983697
1932,16,0,0.46840203
1933,23,0,0.36076683
1934,27,0,0.1924042
1935,5,1,0.35068303
1936,4,0,0.19884714
1937,13,1,0.36708352
1938,6,1,0.50228846
1939,15,1,0.5470274
1940,8,1,0.77895004
1941,12,1,0.56043446
1942,22,1,0.9542097
1943,13,1,0.3592151
1944,9,1,0.66247
1945,22,0,0.33616295
1946,19,1,0.75571734
1947,6,1,0.7729271
1948,0,1,0.7283992
1949,15,1,0.6006409
1950,28,0,0.18658142
1951,18,1,0.38601232
1952,14,0,0.2692563
1953,2,0,0.4268364
1954,17,0,0.26837486
1955,8,1,0.730368
1956,12,1,0.31647345
1957,6,0,0.5250915
1958,10,1,0.64412606
1959,23,1,0.33421984
1960,18,0,0.10782735
1961,15,1,0.7118346
1962,7,0,0.8602101
1963,8,1,0.20715016
1964,26,1,0.74695224
1965,24,0,0.22890636
1966,11,0,0.27493882
1967,23,1,0.7345332
1968,14,0,0.54580265
1969,26,0,0.30324394
1970,11,1,0.583394
1971,5,1,0.49720693
1972,27,1,0.9107305
1973,2,0,0.3242979
1974,9,0,0.450647
1975,16,0,0.23037454
1976,17,0,0.2476029
1977,28,0,0.41501373
1978,11,1,0.87120354
1979,22,0,0.4738335
1980,0,0,0.36050063
1981,16,0,0.08122173
1982,2,1,0.28634253
1983,9,1,0.85300535
1984,16,1,0.6296831
1985,14,1,0.34018537
1986,3,0,0.12560222
1987,16,0,0.6347351
1988,14,1,0.6808338
1989,10,1,0.70190257
1990,10,0,0.3451105
1991,13,1,0.47973228
1992,14,0,0.21025543
1993,26,1,0.7831668
1994,26,0,0.40688473
1995,11,1,0.5326391
1996,8,1,0.8492354
1997,0,1,0.36108598
1998,5,0,0.83288884
1999,14,0,0.28476435
2000,3,0,0.6905962
2001,9,0,0.31039283
2002,24,1,0.79567945
2003,13,1,0.60235596
2004,20,0,0.44777587
2005,3,0,0.35936186
2006,15,1,0.25511074
2007,5,1,0.41049725
2008,3,1,0.7273145
2009,4,1,0.46601447
2010,6,1,0.84337157
2011,25,1,0.77385
2012,9,0,0.6698738
2013,19,1,0.46714497
2014,11,0,0.5741435
2015,26,0,0.32978976
2016,8,0,0.9023878
2017,16,0,0.46254933
2018,20,0,0.54712677
2019,9,1,0.66442335
2020,15,1,0.3295129
2021,1,1,0.58137363
2022,23,1,0.4214455
2023,13,0,0.30163908
2024,16,0,0.34891832
2025,6,0,0.27436283
2026,28,0,0.24284184
2027,21,0,0.22926061
2028,1,1,0.19227464
2029,28,0,0.5453566
2030,20,0,0.34489587
2031,3,1,0.7068691
2032,10,0,0.52341074
2033,8,1,0.3660756
2034,6,0,0.60009474
2035,10,1,0.2515548
2036,18,1,0.7544877
2037,13,0,0.43551013
2038,15,0,0.24577403
2039,22,1,0.32633132
2040,20,1,0.7246372
2041,2,0,0.33867174
2042,27,0,0.3751378
2043,26,0,0.11466287
2044,0,1,0.4274999
2045,2,0,0.21205838
2046,25,0,0.4001649
2047,16,0,0.64892924
2048,27,0,0.62132597
2049,22,0,0.6564449
2050,16,0,0.17202991
2051,20,1,0.7282343
2052,28,0,0.5379882
2053,26,0,0.18559656
2054,19,1,0.39975724
2055,5,1,0.2782598
2056,2,0,0.5656694
2057,25,1,0.8313437
2058,25,1,0.68306476
2059,5,1,0.5353251
2060,13,0,0.19752441
2061,3,1,0.32273564
2062,16,1,0.57810915
2063,16,1,0.23136239
2064,28,1,0.522911
2065,15,0,0.77237535
2066,3,0,0.13792312
2067,1,1,0.25425428
2068,11,1,0.18139936
2069,26,0,0.19845943
2070,26,1,0.8459539
2071,18,1,0.28144994
2072,25,0,0.3886361
2073,13,1,0.5147612
2074,12,0,0.66856927
2075,11,1,0.80469614
2076,25,0,0.42597795
2077,12,0,0.21370783
2078,26,0,0.18310088
2079,8,0,0.45874664
2080,26,1,0.29433766
2081,22,1,0.34400886
2082,17,0,0.32389167
2083,15,1,0.38313258
2084,3,0,0.8185544
2085,28,0,0.7710317
2086,1,1,0.3053375
2087,21,0,0.38251817
2088,16,1,0.7952184
2089,15,1,0.74242854
2090,27,0,0.28188562
2091,2,1,0.84892225
2092,11,0,0.80683154
2093,15,0,0.54210365
2094,9,1,0.30182368
2095,22,1,0.51450735
2096,15,1,0.5622756
2097,12,1,0.74826735
2098,8,0,0.38417715
2099,24,0,0.4781539
2100,28,0,0.13894407
2101,8,0,0.3045637
2102,1,0,0.53755814
2103,13,0,0.20964669
2104,12,0,0.44361523
2105,27,0,0.47681975
2106,24,0,0.26723486
2107,10,0,0.2184961
2108,15,1,0.35526255
2109,9,1,0.6025584
2110,11,0,0.23726392
2111,5,0,0.38819882
2112,9,1,0.7551629
2113,11,1,0.45671448
2114,23,1,0.35214376
2115,10,1,0.43886346
2116,16,0,0.5783539
2117,22,1,0.4788917
2118,11,0,0.4184578
2119,28,0,0.41701323
2120,17,1,0.8463902
2121,4,1,0.8550196
2122,15,1,0.78139347
2123,1,0,0.41746423
2124,27,0,0.41832355
2125,12,0,0.65193295
2126,23,1,0.9321611
2127,13,1,0.32731304
2128,12,0,0.56156653
2129,8,1,0.82517314
2130,13,0,0.16733465
2131,27,1,0.87994516
2132,14,0,0.5463126
2133,26,0,0.28249937
2134,12,0,0.2082713
2135,25,1,0.78424066
2136,6,0,0.2308048
2137,2,0,0.1948302
2138,11,1,0.30946928
2139,14,0,0.41144267
2140,15,1,0.48745766
2141,2,1,0.7081018
2142,18,1,0.23577487
2143,28,0,0.30031908
2144,11,1,0.7212078
2145,9,1,0.7458856
2146,2,1,0.7086674
2147,20,0,0.5156081
2148,26,0,0.12062377
2149,1,1,0.37254846
2150,3,0,0.35138598
2151,25,1,0.36872873
2152,13,0,0.6923582
2153,13,1,0.5813386
2154,24,0,0.31767386
2155,26,0,0.45956007
2156,12,1,0.8344763
2157,16,0,0.34146056
2158,20,1,0.71498346
2159,18,1,0.88742775
2160,6,1,0.7531334
2161,16,0,0.5902118
2162,27,0,0.29650024
2163,21,0,0.2627081
2164,13,0,0.6304544
2165,16,0,0.65246993
2166,26,0,0.8784185
2167,26,1,0.40385523
2168,0,1,0.646451
2169,16,1,0.93291265
2170,3,0,0.36292696
2171,0,1,0.52891856
2172,0,1,0.4697578
2173,10,1,0.8170666
2174,13,0,0.3046297
2175,18,0,0.31039232
2176,14,1,0.2999143
2177,24,1,0.25291032
2178,2,1,0.7484572
2179,16,0,0.46001157
2180,17,1,0.87165093
2181,8,1,0.6013666
2182,13,1,0.2378398
2183,20,0,0.30854937
2184,10,1,0.41634867
2185,16,1,0.6845491
2186,0,1,0.42448586
2187,13,1,0.766422
2188,1,1,0.62800115
2189,15,1,0.57042134
2190,9,1,0.6592114
2191,20,0,0.18160549
2192,26,1,0.33262825
2193,7,0,0.61671865
2194,25,0,0.78722733
2195,13,1,0.6652405
2196,11,1,0.6469708
2197,5,1,0.73948056
2198,9,1,0.4014498
2199,20,1,0.65854275
2200,13,0,0.12578863
2201,0,1,0.94165516
2202,17,0,0.5343111
2203,27,1,0.4743517
2204,7,1,0.83071023
2205,27,1,0.7384132
2206,11,1,0.8430417
2207,0,0,0.18309103
2208,26,0,0.3608879
2209,13,0,0.32211635
2210,1,1,0.26538038
2211,13,0,0.14896676
2212,17,0,0.31112933
2213,5,1,0.76556516
2214,13,0,0.2648152
2215,16,0,0.5122041
2216,22,0,0.5624147
2217,28,1,0.5731574
2218,15,1,0.9573731
2219,2,0,0.19925687
2220,15,0,0.61150867
2221,3,0,0.7785821
2222,9,0,0.50933987
2223,28,1,0.36948022
2224,13,1,0.3408838
2225,12,0,0.44130686
2226,16,0,0.61222905
2227,23,1,0.50409156
2228,26,0,0.21338505
2229,28,0,0.28448334
2230,9,1,0.38995183
2231,16,1,0.7984357
2232,15,0,0.25893077
2233,27,1,0.8305232
2234,3,1,0.53939193
2235,26,1,0.7865918
2236,14,0,0.38715407
2237,16,1,0.39676622
2238,1,1,0.41467384
2239,16,1,0.75060564
2240,26,1,0.70992064
2241,2,0,0.24586664
2242,21,1,0.68812144
2243,13,0,0.5109659
2244,10,1,0.5729827
2245,20,0,0.6869128
2246,11,1,0.601456
2247,16,1,0.5897208
2248,8,0,0.32172143
2249,23,0,0.503917
2250,2,0,0.26776698
2251,15,1,0.46086058
2252,12,0,0.17948204
2253,20,1,0.5474859
2254,13,1,0.32983905
2255,1,1,0.48342595
2256,2,1,0.874382
2257,19,0,0.20204481
2258,25,0,0.17790738
2259,13,1,0.35914084
2260,18,1,0.78941107
2261,4,0,0.26622906
2262,0,0,0.28987545
2263,10,1,0.3809101
2264,19,0,0.50767356
2265,23,1,0.8511925
2266,6,1,0.7265436
2267,12,1,0.8614864
2268,5,0,0.6181118
2269,4,0,0.687939
2270,9,1,0.8952331
2271,2,1,0.7030447
2272,12,1,0.2830966
2273,20,1,0.878423
2274,6,0,0.3941891
2275,7,1,0.4372881
2276,10,1,0.5711296
2277,13,0,0.58058625
2278,28,1,0.63353896
2279,25,0,0.59575534
2280,16,1,0.6996231
2281,7,0,0.29971126
2282,20,0,0.22083555
2283,2,1,0.18978867
2284,25,1,0.35028714
2285,16,0,0.64069384
2286,17,1,0.24856867
2287,21,1,0.82201
2288,11,1,0.7481488
2289,27,1,0.71600163
2290,13,1,0.76544654
2291,17,1,0.1276389
2292,23,1,0.78358185
2293,2,1,0.48788008
2294,2,1,0.7562966
2295,7,1,0.72832495
2296,12,0,0.4157216
2297,27,1,0.778231
2298,19,1,0.74770916
2299,13,0,0.15911557
2300,23,0,0.72335863
2301,15,1,0.64523363
2302,24,0,0.5383042
2303,6,0,0.27723527
2304,15,0,0.22393751
2305,9,1,0.22200006
2306,22,1,0.43565777
2307,3,1,0.88512075
2308,26,1,0.21574616
2309,16,1,0.70323116
2310,25,0,0.47174832
2311,8,0,0.15939474
2312,20,1,0.45897037
2313,0,0,0.24357845
2314,10,0,0.18049115
2315,11,0,0.37789676
2316,3,0,0.5598737
2317,25,1,0.33425075
2318,8,0,0.20704392
2319,11,1,0.52147907
2320,26,1,0.43166032
2321,12,1,0.9042085
2322,24,1,0.8429836
2323,18,1,0.3658711
2324,2,0,0.4222432
2325,17,1,0.8607563
2326,15,0,0.5968299
2327,18,0,0.3757283
2328,11,1,0.7861475
2329,25,0,0.26165128
2330,13,0,0.4073028
2331,15,0,0.23453598
2332,2,1,0.6766972
2333,0,0,0.43848738
2334,1,1,0.62143564
2335,20,1,0.64984244
2336,16,0,0.3908869
2337,8,0,0.70261914
2338,11,0,0.46426076
2339,8,0,0.7989092
2340,9,1,0.9435282
2341,23,1,0.83880013
2342,2,0,0.19422059
2343,11,1,0.51353836
2344,21,0,0.23082706
2345,23,1,0.44852275
2346,13,0,0.18682504
2347,23,1,0.4601301
2348,27,0,0.754157
2349,26,0,0.6913798
2350,3,0,0.42673022
2351,12,0,0.32990733
2352,20,0,0.51414424
2353,3,1,0.4688387
2354,2,0,0.27884677
2355,4,0,0.31963062
2356,15,1,0.4830706
2357,21,0,0.3791605
2358,21,0,0.62859213
2359,6,0,0.47496587
2360,14,0,0.299606
2361,7,0,0.28837126
2362,6,1,0.6330039
2363,18,0,0.6998617
2364,1,0,0.40226793
2365,27,1,0.5609486
2366,26,1,0.5665773
2367,25,0,0.39305544
2368,14,1,0.49764034
2369,3,1,0.546647
2370,6,0,0.64362097
2371,8,1,0.7976135
2372,1,1,0.5387916
2373,14,1,0.217684
2374,7,1,0.2796471
2375,14,1,0.35740587
2376,22,0,0.35105747
2377,3,1,0.68580085
2378,21,1,0.6993449
2379,6,0,0.22080342
2380,25,1,0.5735288
2381,18,0,0.50869125
2382,25,1,0.5198365
2383,26,0,0.24348122
2384,13,1,0.5759469
2385,26,1,0.6609418
2386,22,1,0.52530706
2387,8,0,0.33124062
2388,22,1,0.41371304
2389,9,1,0.6415791
2390,16,1,0.48716494
2391,20,1,0.39654246
2392,11,1,0.34182602
2393,22,1,0.74077463
2394,15,0,0.68421215
2395,25,0,0.7897139
2396,25,1,0.6109668
2397,28,0,0.3484998
2398,10,0,0.37371856
2399,1,0,0.16543654
2400,24,0,0.5727828
2401,1,1,0.7313046
2402,14,1,0.43272564
2403,3,1,0.6787903
2404,8,0,0.5292074
2405,0,1,0.59627205
2406,24,0,0.1337796
2407,26,0,0.18632661
2408,25,0,0.57222986
2409,1,0,0.20319256
2410,16,0,0.5729587
2411,6,1,0.293328
2412,16,0,0.26408327
2413,27,1,0.5282747
2414,13,1,0.3701975
2415,14,0,0.4467956
2416,12,1,0.50291544
2417,26,1,0.3875848
2418,12,1,0.28201973
2419,1,0,0.30733883
2420,5,0,0.84538627
2421,2,1,0.87233466
2422,23,1,0.4382286
2423,13,1,0.33771598
2424,9,1,0.34441948
2425,17,1,0.5651878
2426,18,0,0.66146785
2427,19,0,0.18835184
2428,24,1,0.75869554
2429,17,0,0.333246
2430,18,1,0.9334954
2431,26,1,0.45686144
2432,14,1,0.34759146
2433,20,1,0.5135555
2434,22,1,0.58661944
2435,6,1,0.44866648
2436,25,1,0.7707522
2437,16,0,0.5056487
2438,21,0,0.24365678
2439,22,1,0.72027105
2440,6,0,0.39170372
2441,13,0,0.26885596
2442,19,0,0.2927631
2443,21,0,0.49342042
2444,8,1,0.21275546
2445,20,0,0.21088828
2446,8,1,0.87493414
2447,1,1,0.7404284
2448,18,0,0.25583002
2449,22,1,0.3421932
2450,16,1,0.7720514
2451,6,1,0.5858448
2452,2,0,0.5860095
2453,15,0,0.58906144
2454,18,1,0.65392023
2455,3,0,0.2534289
2456,14,0,0.25682715
2457,24,1,0.70688486
2458,0,0,0.6035774
2459,14,0,0.30329567
2460,13,0,0.19956419
2461,15,1,0.6355554
2462,8,1,0.90591687
2463,20,0,0.71817005
2464,25,1,0.78751534
2465,19,1,0.8592315
2466,13,0,0.6060005
2467,12,0,0.3576642
2468,15,0,0.6005503
2469,8,1,0.10964667
2470,26,1,0.75371385
2471,14,0,0.27873245
2472,27,1,0.2628735
2473,11,1,0.7602259
2474,25,0,0.69634074
2475,23,1,0.21317728
2476,8,1,0.41394806
2477,17,0,0.68337244
2478,2,0,0.14569451
2479,1,1,0.72253644
2480,2,1,0.7879939
2481,19,0,0.12352486
2482,0,1,0.21661182
2483,22,1,0.53818005
2484,19,1,0.56754875
2485,18,1,0.67114824
2486,8,0,0.30248895
2487,22,1,0.51246125
2488,20,1,0.5076961
2489,17,1,0.45201284
2490,12,1,0.79988986
2491,22,0,0.75715935
2492,14,0,0.37495637
2493,25,0,0.32445014
2494,4,1,0.8459205
2495,14,0,0.7652137
2496,24,0,0.54918075
2497,3,0,0.5695493
2498,16,0,0.21089078
2499,13,0,0.21806951
2500,24,1,0.6153254
2501,2,0,0.35474867
2502,2,1,0.831462
2503,13,1,0.4744961
2504,16,1,0.7963532
2505,5,0,0.1667159
2506,6,0,0.29113778
2507,12,0,0.45149255
2508,11,0,0.20168631
2509,17,1,0.6660974
2510,14,0,0.21659142
2511,26,1,0.6761283
2512,27,0,0.56355435
2513,5,1,0.25329894
2514,6,1,0.5710856
2515,26,0,0.187785
2516,28,1,0.7556359
2517,7,0,0.23168522
2518,2,1,0.4019338
2519,20,1,0.5706273
2520,13,0,0.4258455
2521,2,1,0.6728387
2522,16,1,0.73064256
2523,28,0,0.13566503
2524,13,1,0.30779687
2525,6,1,0.66656613
2526,23,1,0.8830808
2527,16,0,0.93354154
2528,26,1,0.5518338
2529,23,1,0.28375992
2530,24,0,0.36536747
2531,10,0,0.22157308
2532,14,1,0.67292786
2533,23,1,0.54700124
2534,12,0,0.15049297
2535,8,1,0.28638843
2536,13,1,0.75351524
2537,25,1,0.78233564
2538,12,1,0.26873133
2539,16,1,0.7802461
2540,2,1,0.19058228
2541,28,0,0.19168681
2542,26,1,0.37943244
2543,26,1,0.3160764
2544,0,0,0.2879653
2545,7,1,0.8586377
2546,20,1,0.74994427
2547,15,0,0.3179986
2548,16,0,0.5429101
2549,19,1,0.7669719
2550,4,1,0.53941786
2551,16,0,0.21260044
2552,2,1,0.30166495
2553,13,1,0.5931889
2554,26,1,0.56991476
2555,2,0,0.30929652
2556,8,0,0.4526766
2557,27,1,0.29034144
2558,16,0,0.4860311
2559,20,0,0.19395655
2560,25,1,0.3742875
2561,8,1,0.4085382
2562,11,0,0.28768712
2563,2,0,0.2591549
2564,12,1,0.9638987
2565,17,0,0.83215654
2566,2,1,0.72457
2567,22,0,0.39673442
2568,14,0,0.2927081
2569,10,0,0.60784495
2570,13,0,0.47849223
2571,27,1,0.4378724
2572,16,1,0.51405114
2573,2,1,0.8941376
2574,22,0,0.30105487
2575,1,1,0.4579967
2576,10,1,0.8378795
2577,20,0,0.2943424
2578,12,1,0.6710306
2579,21,0,0.8353212
2580,23,1,0.5064525
2581,26,0,0.7943228
2582,13,1,0.25709826
2583,13,0,0.26882246
2584,6,0,0.2964163
2585,18,0,0.5747409
2586,14,1,0.20360948
2587,20,1,0.68548936
2588,28,0,0.23458712
2589,23,0,0.6756625
2590,13,0,0.40036854
2591,0,1,0.3310385
2592,11,1,0.3754574
2593,6,0,0.26131997
2594,26,1,0.6121942
2595,8,1,0.42299762
2596,9,1,0.69234973
2597,16,0,0.38838163
2598,26,1,0.6992945
2599,10,1,0.3322546
2600,2,1,0.5836097
2601,15,0,0.25172907
2602,15,0,0.43245468
2603,13,0,0.695457
2604,1,0,0.7392823
2605,28,1,0.71543425
2606,20,0,0.44839597
2607,13,1,0.47337002
2608,28,1,0.54781014
2609,7,1,0.5426353
2610,15,1,0.8959576
2611,20,0,0.27793303
2612,16,1,0.3335751
2613,6,0,0.5365273
2614,27,0,0.23392977
2615,26,0,0.29822117
2616,25,0,0.64240295
2617,16,1,0.5459279
2618,13,1,0.4771461
2619,25,0,0.755107
2620,28,0,0.48557618
2621,24,0,0.7550195
2622,11,0,0.23235828
2623,15,1,0.5862593
2624,25,1,0.58615196
2625,1,1,0.6386325
2626,18,0,0.1625774
2627,6,0,0.51163125
2628,20,0,0.31695172
2629,7,0,0.81068027
2630,15,0,0.2238
2631,7,1,0.8458533
2632,8,0,0.22598572
2633,15,1,0.21354982
2634,6,1,0.77272755
2635,27,0,0.47330564
2636,27,1,0.6612865
2637,2,1,0.82249635
2638,10,1,0.7751381
2639,27,0,0.280069
2640,11,0,0.53205067
2641,7,1,0.81145793
2642,2,1,0.62644786
2643,15,1,0.5093301
2644,10,1,0.87820345
2645,18,0,0.21717946
2646,26,0,0.2799668
2647,6,1,0.27994114
2648,10,1,0.24058533
2649,4,0,0.3277753
2650,18,0,0.33293325
2651,8,0,0.698489
2652,8,1,0.2458682
2653,27,1,0.55860513
2654,23,0,0.4202653
2655,25,1,0.279001
2656,7,0,0.43907753
2657,10,1,0.42519954
2658,11,1,0.69034314
2659,11,0,0.79009324
2660,27,0,0.34517002
2661,15,0,0.25951818
2662,26,0,0.18121433
2663,25,0,0.29696447
2664,3,0,0.34819394
2665,1,0,0.5300635
2666,10,0,0.23295513
2667,26,1,0.8026194
2668,28,1,0.4770898
2669,5,0,0.16813529
2670,19,0,0.22677094
2671,11,1,0.46654522
2672,18,0,0.50604004
2673,27,0,0.34392977
2674,10,0,0.26021975
2675,20,0,0.9362545
2676,4,0,0.24203914
2677,1,1,0.7555421
2678,17,1,0.78498197
2679,27,1,0.7784215
2680,8,1,0.65483236
2681,15,1,0.900622
2682,2,0,0.6558725
2683,7,0,0.56091815
2684,11,0,0.57377183
2685,3,1,0.33424318
2686,6,0,0.27437428
2687,23,0,0.7115614
2688,28,1,0.78619975
2689,8,0,0.76624584
2690,14,0,0.38205892
2691,1,0,0.36760333
2692,16,0,0.45584255
2693,6,1,0.45938233
2694,27,1,0.5902178
2695,1,0,0.6305982
2696,26,0,0.57505155
2697,13,0,0.21982382
2698,17,1,0.50061584
2699,23,1,0.43582463
2700,8,1,0.90703666
2701,27,0,0.4040043
2702,13,0,0.15750685
2703,0,0,0.62136203
2704,6,1,0.6321104
2705,3,0,0.407903
2706,18,1,0.47388896
2707,26,1,0.87777156
2708,25,1,0.8841612
2709,2,0,0.22726397
2710,1,0,0.25142962
2711,13,1,0.23455301
2712,3,0,0.24432695
2713,9,0,0.25925744
2714,7,1,0.8732557
2715,2,1,0.643746
2716,26,0,0.35276327
2717,26,1,0.78214926
2718,12,0,0.3052346
2719,2,1,0.5696262
2720,13,0,0.39424375
2721,19,1,0.5395023
2722,25,0,0.36980212
2723,20,0,0.20629881
2724,15,1,0.49398464
2725,4,1,0.8511435
2726,15,0,0.20934533
2727,20,1,0.9073999
2728,17,0,0.12978534
2729,11,1,0.53934
2730,19,1,0.81390226
2731,23,1,0.31405205
2732,12,0,0.8388678
2733,8,0,0.32428452
2734,20,0,0.8554363
2735,16,0,0.30643648
2736,25,0,0.42814592
2737,26,0,0.34754807
2738,22,1,0.7810195
2739,7,0,0.2950827
2740,11,0,0.7670472
2741,10,0,0.60307866
2742,16,0,0.46986294
2743,13,0,0.16726182
2744,8,0,0.09437505
2745,16,1,0.7969398
2746,27,1,0.3400083
2747,4,0,0.31014204
2748,24,0,0.20988886
2749,10,0,0.38650903
2750,18,0,0.75625455
2751,3,0,0.4100917
2752,19,0,0.3971323
2753,10,0,0.70394534
2754,22,1,0.38673404
2755,12,0,0.695188
2756,10,0,0.7521975
2757,25,1,0.8928224
2758,2,0,0.2848742
2759,11,0,0.46605906
2760,5,0,0.3968206
2761,24,1,0.734431
2762,11,1,0.8238171
2763,19,1,0.5198208
2764,19,0,0.7864086
2765,20,1,0.77887875
2766,18,1,0.81175506
2767,13,0,0.46179867
2768,16,0,0.14397341
2769,15,1,0.7484017
2770,22,0,0.3682037
2771,12,1,0.8746237
2772,2,1,0.5788181
2773,15,1,0.41228127
2774,10,0,0.45425966
2775,7,0,0.44922382
2776,13,0,0.48800644
2777,18,0,0.4505974
2778,14,1,0.27481112
2779,13,1,0.7295173
2780,8,0,0.4474645
2781,16,1,0.17399058
2782,14,0,0.34938744
2783,5,0,0.7548853
2784,24,0,0.40460888
2785,27,1,0.64908236
2786,24,0,0.5495775
2787,28,1,0.92166096
2788,22,0,0.29128483
2789,5,1,0.27849126
2790,18,0,0.5183567
2791,12,0,0.38221332
2792,2,1,0.5994365
2793,25,1,0.26370952
2794,18,1,0.92572165
2795,21,0,0.3043598
2796,25,1,0.3898806
2797,13,1,0.741132
2798,7,1,0.85205895
2799,5,1,0.8457311
2800,17,1,0.15690568
2801,18,1,0.815641
2802,8,0,0.62696165
2803,13,0,0.22854179
2804,10,0,0.6564542
2805,13,0,0.6717003
2806,2,0,0.7509303
2807,18,0,0.3608563
2808,5,1,0.8295252
2809,10,1,0.7279104
2810,22,1,0.8807507
2811,19,1,0.8600535
2812,14,0,0.55245864
2813,19,0,0.37043354
2814,7,1,0.41083282
2815,27,1,0.6137773
2816,10,1,0.7258267
2817,8,1,0.5711649
2818,6,0,0.2031643
2819,10,0,0.23111843
2820,15,0,0.4549045
2821,20,1,0.33182195
2822,20,0,0.4562084
2823,10,1,0.4833573
2824,1,1,0.25626022
2825,16,1,0.6113422
2826,2,0,0.2057989
2827,16,0,0.44275716
2828,19,1,0.5439212
2829,10,1,0.41321644
2830,12,0,0.60127836
2831,24,1,0.8345125
2832,6,1,0.753365
2833,11,0,0.56732786
2834,20,0,0.539334
2835,23,1,0.8885686
2836,1,0,0.3209632
2837,2,1,0.3639616
2838,7,0,0.30988625
2839,1,1,0.8600224
2840,28,0,0.6640883
2841,13,1,0.46589857
2842,2,0,0.48131752
2843,9,1,0.28942606
2844,7,1,0.7921058
2845,19,1,0.5121477
2846,7,1,0.40979022
2847,3,0,0.47614032
2848,23,0,0.6485899
2849,8,0,0.64639205
2850,2,1,0.3733964
2851,26,1,0.32876772
2852,14,0,0.2710967
2853,3,0,0.17659715
2854,2,1,0.81027746
2855,2,0,0.5830107
2856,10,1,0.8159145
2857,24,0,0.26336113
2858,25,0,0.3587206
2859,8,1,0.62805736
2860,19,1,0.81532156
2861,10,0,0.30060506
2862,6,0,0.2229412
2863,2,0,0.25543988
2864,22,0,0.45008025
2865,9,1,0.65739614
2866,23,0,0.28457776
2867,19,0,0.8494016
2868,16,1,0.22917059
2869,9,0,0.40244418
2870,12,0,0.8295379
2871,0,1,0.45631656
2872,17,1,0.64584297
2873,3,1,0.601084
2874,1,1,0.60477203
2875,19,0,0.30553952
2876,13,1,0.8937942
2877,13,0,0.51267403
2878,16,0,0.46283764
2879,11,1,0.87801176
2880,12,1,0.44636253
2881,13,1,0.9112736
2882,10,0,0.24737667
2883,24,0,0.42275572
2884,8,1,0.81646866
2885,24,0,0.23949222
2886,4,0,0.39596283
2887,12,0,0.1784402
2888,14,0,0.34046498
2889,10,0,0.29669923
2890,16,0,0.5848056
2891,15,1,0.47639474
2892,20,1,0.39160368
2893,27,1,0.64699394
2894,3,1,0.5704203
2895,13,0,0.25834832
2896,15,0,0.7348425
2897,6,0,0.6107634
2898,28,1,0.7084329
2899,6,0,0.32983613
2900,22,1,0.36348838
2901,6,1,0.6154255
2902,2,0,0.78802425
2903,27,1,0.94732964
2904,18,0,0.110413425
2905,10,0,0.28258258
2906,8,0,0.25758648
2907,11,0,0.2941959
2908,13,1,0.6744447
2909,27,1,0.22864589
2910,8,0,0.3016422
2911,20,1,0.7864312
2912,15,0,0.3763783
2913,25,1,0.30706146
2914,8,1,0.84813404
2915,11,0,0.6219132
2916,9,0,0.28709564
2917,14,0,0.65102136
2918,14,1,0.5592196
2919,16,0,0.6524371
2920,15,1,0.6273862
2921,6,1,0.8941569
2922,24,1,0.8561273
2923,13,1,0.7681538
2924,16,0,0.45996723
2925,25,1,0.5160953
2926,27,0,0.4155867
2927,2,0,0.3491686
2928,10,0,0.2651035
2929,2,0,0.5985848
2930,18,0,0.6269281
2931,25,1,0.72953707
2932,9,0,0.31019807
2933,9,1,0.64224654
2934,4,0,0.5729127
2935,2,1,0.60735524
2936,16,1,0.7713071
2937,10,0,0.46276587
2938,4,0,0.51320285
2939,13,1,0.6676545
2940,15,0,0.29935148
2941,5,1,0.6633873
2942,26,1,0.32555047
2943,11,1,0.345953
2944,11,1,0.44104272
2945,0,0,0.77303934
2946,22,0,0.27408686
2947,16,0,0.7789878
2948,2,1,0.25841308
2949,20,0,0.1762722
2950,13,0,0.27440676
2951,23,1,0.3878909
2952,15,1,0.3761242
2953,11,0,0.37567094
2954,7,1,0.66091955
2955,7,0,0.33139783
2956,13,1,0.5103031
2957,27,1,0.24135476
2958,15,0,0.2172622
2959,25,1,0.14743483
2960,8,1,0.81591696
2961,9,1,0.74333835
2962,20,0,0.41631532
2963,14,0,0.13220668
2964,15,0,0.47632006
2965,18,0,0.6648767
2966,11,1,0.732112
2967,2,1,0.911674
2968,25,1,0.5802656
2969,27,1,0.37470758
2970,27,1,0.49194345
2971,10,0,0.4088721
2972,12,1,0.71782064
2973,22,0,0.14130712
2974,27,1,0.7296094
2975,22,1,0.8318303
2976,11,0,0.2858688
2977,10,1,0.53641045
2978,7,0,0.60650736
2979,17,1,0.2503616
2980,15,0,0.277649
2981,1,0,0.13280137
2982,20,0,0.40536648
2983,28,1,0.42571062
2984,5,0,0.1671582
2985,11,1,0.3665625
2986,17,0,0.35922003
2987,7,1,0.4562994
2988,3,1,0.83325607
2989,7,1,0.5667455
2990,11,0,0.84713084
2991,20,0,0.4782888
2992,27,0,0.52143556
2993,9,1,0.43576106
2994,9,1,0.39146158
2995,13,1,0.71800685
2996,16,1,0.82023746
2997,12,1,0.72911435
2998,4,1,0.43474615
2999,6,0,0.25376305
3000,15,0,0.82018036
3001,15,0,0.69581693
3002,27,1,0.80769485
3003,26,1,0.53449285
3004,2,1,0.7013054
3005,10,0,0.4562838
3006,4,1,0.74651724
3007,6,0,0.6802828
3008,8,1,0.8366474
3009,13,0,0.24463704
3010,13,1,0.5898717
3011,15,1,0.4606742
3012,4,1,0.8375855
3013,8,1,0.34227946
3014,2,1,0.25066304
3015,18,1,0.7965361
3016,12,0,0.3252559
3017,1,1,0.4150679
3018,15,1,0.5917075
3019,11,1,0.69250304
3020,28,1,0.66223043
3021,15,0,0.21868475
3022,27,1,0.74526364
3023,10,0,0.16867016
3024,21,1,0.874246
3025,18,1,0.7209763
3026,10,0,0.5854238
3027,2,1,0.345984
3028,21,1,0.2372031
3029,23,0,0.35979983
3030,8,1,0.72640085
3031,6,0,0.76144075
3032,24,0,0.13026282
3033,11,1,0.23768507
3034,24,1,0.80961853
3035,2,1,0.42964953
3036,6,1,0.4960162
3037,15,1,0.28729826
3038,2,1,0.6299428
3039,27,0,0.8237245
3040,15,1,0.45336705
3041,13,1,0.4692734
3042,21,1,0.53780204
3043,26,1,0.6551896
3044,9,1,0.81120074
3045,16,0,0.579802
3046,23,0,0.26576972
3047,1,1,0.90305066
3048,26,0,0.23390146
3049,28,0,0.7914949
3050,28,0,0.19960326
3051,15,1,0.3111417
3052,1,1,0.15092741
3053,24,0,0.61483794
3054,17,0,0.662797
3055,5,0,0.17090157
3056,25,1,0.8217617
3057,19,0,0.47651142
3058,28,1,0.26532763
3059,28,1,0.7264033
3060,6,0,0.7586726
3061,15,1,0.81754506
3062,6,0,0.7119011
3063,14,1,0.44186252
3064,18,1,0.33179712
3065,27,1,0.759064
3066,28,0,0.27963868
3067,1,1,0.7157344
3068,21,0,0.20750174
3069,14,0,0.4199065
3070,20,0,0.26614282
3071,12,1,0.2656308
3072,6,1,0.6453455
3073,16,1,0.670042
3074,3,1,0.6893321
3075,28,0,0.6145538
3076,10,1,0.72221273
3077,15,1,0.6409075
3078,22,1,0.4434168
3079,9,1,0.8884924
3080,16,0,0.40753666
3081,20,0,0.25953186
3082,16,0,0.36479956
3083,19,0,0.39034015
3084,8,0,0.42598408
3085,2,1,0.5726542
3086,5,0,0.40942287
3087,4,1,0.27257356
3088,17,0,0.55583936
3089,15,0,0.18375358
3090,19,1,0.37701002
3091,26,0,0.7669842
3092,1,1,0.6884775
3093,13,1,0.27816007
3094,20,0,0.3612904
3095,13,0,0.57321227
3096,6,0,0.6947667
3097,24,0,0.3719128
3098,7,1,0.58228284
3099,2,1,0.4257199
3100,16,0,0.46385798
3101,10,0,0.4269862
3102,2,0,0.4607114
3103,26,0,0.16176239
3104,10,0,0.37667608
3105,23,0,0.22447972
3106,26,1,0.34243655
3107,18,1,0.64117914
3108,10,0,0.51712424
3109,0,1,0.5191602
3110,8,1,0.36578947
3111,27,0,0.55927294
3112,11,1,0.58775085
3113,1,0,0.43163267
3114,12,1,0.14694597
3115,22,1,0.4177709
3116,7,0,0.36290622
3117,18,0,0.37893274
3118,14,0,0.3150356
3119,13,0,0.34360984
3120,13,1,0.81481355
3121,2,1,0.27009836
3122,25,0,0.53873146
3123,17,0,0.43621808
3124,2,0,0.44745266
3125,9,1,0.5282545
3126,13,1,0.69855416
3127,10,1,0.7079687
3128,24,1,0.3607936
3129,20,0,0.46765226
3130,8,1,0.7942894
3131,13,0,0.2719018
3132,25,0,0.6777687
3133,26,0,0.2957131
3134,25,1,0.7226779
3135,17,0,0.526999
3136,28,1,0.80822784
3137,25,1,0.263317
3138,17,1,0.87462306
3139,11,1,0.5003691
3140,25,0,0.48500523
3141,14,0,0.20293926
3142,12,1,0.6336828
3143,15,1,0.76289463
3144,0,0,0.2743888
3145,8,1,0.17196165
3146,20,1,0.37940702
3147,21,1,0.78513974
3148,0,1,0.5458742
3149,6,0,0.6483644
3150,3,0,0.47156703
3151,9,0,0.66601276
3152,2,1,0.67268145
3153,13,0,0.47876564
3154,15,1,0.51216716
3155,28,0,0.31891447
3156,13,1,0.8728521
3157,14,1,0.4648036
3158,20,1,0.45600393
3159,26,0,0.20244233
3160,19,1,0.65038854
3161,9,1,0.44528008
3162,18,1,0.59078217
3163,28,0,0.4841958
3164,13,0,0.46109524
3165,16,0,0.2933512
3166,17,0,0.39424694
3167,20,1,0.48386964
3168,18,1,0.71856093
3169,16,0,0.6292749
3170,13,0,0.2803944
3171,16,1,0.93673426
3172,4,0,0.35859475
3173,15,1,0.71676886
3174,18,1,0.72700095
3175,9,0,0.09117373
3176,16,1,0.31811795
3177,25,0,0.24632767
3178,16,0,0.18380119
3179,6,0,0.600243
3180,1,1,0.8578342
3181,13,1,0.3850666
3182,25,1,0.7911963
3183,5,1,0.534015
3184,27,0,0.3934244
3185,13,0,0.6230417
3186,7,1,0.71737015
3187,5,1,0.8479877
3188,10,0,0.42366937
3189,18,1,0.48704264
3190,8,1,0.41825852
3191,2,0,0.86442673
3192,2,1,0.5864281
3193,9,1,0.49069437
3194,12,1,0.6242488
3195,2,1,0.79376966
3196,15,0,0.20466848
3197,25,0,0.52263534
3198,1,0,0.42170584
3199,13,1,0.7303273
3200,8,1,0.5557557
3201,5,0,0.32450697
3202,18,0,0.53074855
3203,12,0,0.32476774
3204,16,0,0.37552655
3205,3,0,0.21857911
3206,21,1,0.74138206
3207,17,0,0.34053898
3208,10,1,0.8892317
3209,25,0,0.37062064
3210,16,1,0.32266656
3211,10,0,0.23503366
3212,19,1,0.41750014
3213,12,1,0.33416325
3214,23,1,0.7237003
3215,23,1,0.5358269
3216,5,0,0.47628146
3217,27,1,0.5350213
3218,25,1,0.2303707
3219,19,0,0.36670342
3220,28,0,0.37705302
3221,10,0,0.47419178
3222,2,0,0.562507
3223,13,1,0.670802
3224,1,1,0.21509622
3225,9,0,0.5236513
3226,20,0,0.21827535
3227,21,1,0.4140625
3228,20,0,0.3504925
3229,15,1,0.45364583
3230,22,1,0.44637018
3231,19,1,0.32411104
3232,11,0,0.47095674
3233,27,0,0.241723
3234,0,0,0.5127208
3235,13,0,0.33080763
3236,25,0,0.28812268
3237,26,0,0.45075268
3238,27,1,0.4827757
3239,18,0,0.55417895
3240,13,0,0.3831206
3241,19,1,0.52412295
3242,10,1,0.82133055
3243,16,1,0.8938069
3244,19,0,0.33077142
3245,21,0,0.62010837
3246,22,1,0.7893913
3247,27,1,0.2592642
3248,22,1,0.9168151
3249,25,1,0.65129536
3250,7,1,0.8051773
3251,16,0,0.38770467
3252,12,0,0.41238812
3253,17,0,0.4523981
3254,26,0,0.57176477
3255,3,1,0.44099125
3256,17,1,0.45786637
3257,16,1,0.31162027
3258,6,1,0.62951565
3259,8,1,0.83476937
3260,23,1,0.45415574
3261,17,1,0.683472
3262,9,0,0.18305786
3263,18,1,0.82218444
3264,10,0,0.3064094
3265,25,0,0.5683521
3266,10,1,0.3763375
3267,3,1,0.8432296
3268,13,1,0.7107277
3269,8,1,0.8328383
3270,13,0,0.23135045
3271,5,0,0.23613471
3272,15,1,0.72477484
3273,27,0,0.40271446
3274,25,1,0.8963851
3275,24,1,0.55126995
3276,17,0,0.54677916
3277,19,1,0.6518099
3278,2,1,0.3845806
3279,16,0,0.8771373
3280,3,0,0.41426623
3281,16,0,0.57420194
3282,28,0,0.3607249
3283,7,0,0.63615704
3284,21,1,0.5799548
3285,1,0,0.30433592
3286,23,1,0.66758865
3287,15,1,0.70962334
3288,3,1,0.34371826
3289,0,1,0.37059292
3290,13,1,0.5716042
3291,20,1,0.8310966
3292,8,1,0.42165768
3293,14,1,0.6153367
3294,10,0,0.66100496
3295,6,1,0.41629165
3296,11,1,0.27878726
3297,13,1,0.48894078
3298,10,1,0.2902962
3299,4,0,0.3467267
3300,24,1,0.7489613
3301,24,0,0.33875123
3302,19,0,0.60889757
3303,8,1,0.37891778
3304,21,0,0.40399957
3305,20,1,0.8019681
3306,4,1,0.18338922
3307,11,1,0.48069984
3308,7,0,0.36031276
3309,19,1,0.56528187
3310,4,0,0.27092668
3311,23,0,0.31366044
3312,24,0,0.50780857
3313,26,0,0.26191452
3314,25,0,0.5481881
3315,22,0,0.2686756
3316,12,1,0.74556214
3317,27,1,0.7564494
3318,2,0,0.1542725
3319,2,0,0.25581807
3320,28,1,0.44713455
3321,11,1,0.7594149
3322,10,1,0.8779873
3323,6,1,0.8576754
3324,24,1,0.55879754
3325,19,1,0.83366185
3326,17,0,0.37755167
3327,22,1,0.3641459
3328,11,0,0.34716037
3329,14,0,0.324366
3330,8,1,0.7083445
3331,9,0,0.3163284
3332,2,1,0.2554717
3333,11,0,0.6294128
3334,7,0,0.30353585
3335,18,1,0.6763686
3336,16,1,0.50848514
3337,5,1,0.3626332
3338,5,1,0.7100445
3339,13,0,0.37202808
3340,19,1,0.35903817
3341,25,1,0.83306164
3342,17,1,0.72463447
3343,11,1,0.58365506
3344,0,0,0.43898517
3345,0,1,0.5329196
3346,10,0,0.4983717
3347,16,1,0.54328626
3348,16,1,0.49460468
3349,18,1,0.57949704
3350,18,0,0.4327571
3351,19,1,0.6745312
3352,8,0,0.29585937
3353,1,0,0.31407842
3354,10,1,0.5240165
3355,9,1,0.76334095
3356,11,0,0.87023866
3357,23,0,0.3449637
3358,27,1,0.8176022
3359,15,1,0.2865122
3360,10,1,0.6912889
3361,18,1,0.24129042
3362,22,0,0.27089947
3363,18,0,0.41461802
3364,27,0,0.26023045
3365,13,0,0.25395617
3366,14,0,0.44251862
3367,25,0,0.35884514
3368,8,0,0.7733166
3369,21,0,0.15820995
3370,3,0,0.2592632
3371,9,0,0.2635672
3372,8,1,0.5437886
3373,2,0,0.42831564
3374,7,1,0.6792933
3375,8,1,0.20614895
3376,25,0,0.39336208
3377,20,1,0.29816762
3378,17,0,0.32731482
3379,16,1,0.87088907
3380,28,0,0.5274916
3381,12,1,0.78320706
3382,8,0,0.2100101
3383,28,0,0.23296475
3384,25,0,0.30796736
3385,3,0,0.67870486
3386,4,1,0.4918823
3387,4,1,0.66670567
3388,21,0,0.8117343
3389,14,0,0.39160302
3390,7,0,0.22519879
3391,25,1,0.65511185
3392,11,1,0.5162531
3393,23,1,0.5549095
3394,2,0,0.65705574
3395,16,1,0.54923314
3396,26,1,0.55635756
3397,4,1,0.38476416
3398,3,1,0.5647719
3399,28,0,0.29359233
3400,17,0,0.66550076
3401,9,1,0.66348404
3402,8,1,0.27044678
3403,13,1,0.65990096
3404,18,1,0.60522926
3405,16,1,0.8473693
3406,8,1,0.6761966
3407,23,1,0.6562802
3408,6,0,0.6272858
3409,19,0,0.20526767
3410,13,0,0.4097561
3411,14,1,0.6102271
3412,27,1,0.6201248
3413,17,1,0.43760702
3414,6,0,0.53966063
3415,20,1,0.49970657
3416,12,0,0.8092053
3417,11,1,0.52178097
3418,13,0,0.39489266
3419,11,0,0.75729465
3420,5,1,0.35448164
3421,25,0,0.2653713
3422,19,1,0.8133711
3423,2,0,0.22129175
3424,21,1,0.26706484
3425,11,0,0.92121685
3426,13,1,0.7245721
3427,4,0,0.5372246
3428,20,0,0.66452724
3429,8,1,0.36016184
3430,12,0,0.24104664
3431,17,0,0.14904653
3432,5,0,0.3298979
3433,25,0,0.19435653
3434,20,0,0.74929166
3435,12,0,0.35716707
3436,20,1,0.5616666
3437,3,0,0.5024028
3438,10,1,0.23973972
3439,17,0,0.251765
3440,13,0,0.6158245
3441,1,0,0.6810511
3442,3,0,0.8142727
3443,8,0,0.44817212
3444,5,0,0.7304599
3445,7,1,0.8553103
3446,7,0,0.3697674
3447,8,0,0.21235976
3448,1,1,0.91466635
3449,7,0,0.3718579
3450,1,1,0.83843255
3451,26,1,0.76990783
3452,2,1,0.88559234
3453,1,0,0.5640744
3454,2,0,0.7108433
3455,16,0,0.7070267
3456,28,1,0.37958807
3457,20,0,0.4476432
3458,9,0,0.5277566
3459,24,0,0.26322865
3460,17,0,0.2686565
3461,22,0,0.46596056
3462,1,0,0.19491652
3463,20,1,0.6872011
3464,22,0,0.34065607
3465,16,1,0.376336
3466,10,0,0.250272
3467,16,0,0.5494735
3468,10,0,0.24285421
3469,16,1,0.83964396
3470,27,1,0.5816595
3471,26,1,0.6254628
3472,8,0,0.42565623
3473,21,1,0.6265482
3474,2,0,0.38202608
3475,12,1,0.7444225
3476,21,1,0.7648444
3477,10,1,0.7325925
3478,13,0,0.43763277
3479,6,1,0.79111814
3480,10,1,0.7639184
3481,26,0,0.563105
3482,8,1,0.92515093
3483,15,0,0.2487811
3484,25,1,0.23696007
3485,23,0,0.31054083
3486,11,0,0.51348853
3487,11,0,0.54275143
3488,16,1,0.8321697
3489,18,1,0.62229365
3490,13,1,0.79854155
3491,13,1,0.34467086
3492,16,1,0.73658967
3493,28,0,0.3764939
3494,22,0,0.6590979
3495,25,0,0.7228907
3496,1,0,0.6464287
3497,15,1,0.8778648
3498,8,1,0.8074752
3499,21,0,0.344385
3500,1,0,0.4762
3501,13,1,0.5399125
3502,15,0,0.3105444
3503,9,0,0.6614831
3504,13,1,0.46179536
3505,25,1,0.59547496
3506,20,0,0.3948684
3507,3,1,0.4119571
3508,21,0,0.73388296
3509,8,0,0.20904325
3510,9,1,0.6755278
3511,8,1,0.24141547
3512,1,1,0.26612112
3513,12,0,0.7565489
3514,23,0,0.7214861
3515,7,1,0.7888459
3516,19,0,0.5821636
3517,25,1,0.5684335
3518,25,0,0.635494
3519,0,1,0.80958223
3520,21,1,0.547623
3521,5,0,0.2379444
3522,3,0,0.29529867
3523,25,0,0.31784382
3524,10,1,0.8153077
3525,10,1,0.272028
3526,20,0,0.32569116
3527,18,0,0.44847
3528,16,1,0.8817893
3529,12,0,0.3691852
3530,23,0,0.23609169
3531,10,0,0.37003675
3532,8,1,0.76671964
3533,9,1,0.8254552
3534,13,0,0.47984216
3535,14,1,0.62868595
3536,3,1,0.7627531
3537,13,0,0.40513197
3538,1,0,0.7378881
3539,0,1,0.8882702
3540,6,1,0.57777345
3541,24,0,0.2755436
3542,3,0,0.4786253
3543,7,1,0.779027
3544,25,1,0.8527055
3545,2,1,0.7753071
3546,0,0,0.40932634
3547,17,0,0.21924046
3548,17,0,0.31877142
3549,8,1,0.79272884
3550,2,0,0.5369511
3551,13,1,0.77556735
3552,27,0,0.3241622
3553,6,0,0.5904336
3554,2,0,0.5324343
3555,25,1,0.9047507
3556,26,1,0.7692787
3557,14,1,0.7131481
3558,7,1,0.63779074
3559,22,0,0.121366724
3560,18,1,0.779782
3561,10,0,0.42338705
3562,8,0,0.32168165
3563,3,0,0.37159115
3564,3,1,0.4150111
3565,25,1,0.21573454
3566,0,0,0.4732827
3567,8,0,0.46587384
3568,16,1,0.5492704
3569,16,0,0.4764765
3570,4,1,0.27750108
3571,19,0,0.26427478
3572,15,0,0.69129956
3573,22,0,0.09961107
3574,26,0,0.24761741
3575,19,1,0.60564303
3576,26,0,0.42982128
3577,17,0,0.5742738
3578,8,1,0.8439498
3579,18,0,0.64929175
3580,22,1,0.86876833
3581,7,0,0.6989643
3582,11,1,0.7077212
3583,26,0,0.46414855
3584,25,1,0.7344476
3585,8,0,0.6796924
3586,11,1,0.46235675
3587,21,0,0.13906503
3588,3,1,0.59461725
3589,2,0,0.6445158
3590,0,1,0.5188701
3591,12,0,0.34937406
3592,8,0,0.11244459
3593,15,0,0.64319617
3594,24,1,0.29262063
3595,10,1,0.23837386
3596,9,1,0.4612184
3597,12,1,0.7182545
3598,16,0,0.660677
3599,14,1,0.8711041
3600,9,1,0.61417466
3601,6,1,0.57271606
3602,6,1,0.45551157
3603,0,0,0.6484554
3604,26,1,0.43390432
3605,7,1,0.40688083
3606,12,0,0.55014545
3607,10,1,0.42765263
3608,13,0,0.1988894
3609,15,1,0.53893137
3610,7,0,0.52982306
3611,20,0,0.31002542
3612,9,0,0.8394586
3613,12,0,0.56045926
3614,4,1,0.79100215
3615,3,0,0.54333204
3616,28,1,0.45057815
3617,24,0,0.34146884
3618,11,0,0.41384107
3619,6,1,0.4874947
3620,8,1,0.9220213
3621,27,0,0.40598568
3622,6,1,0.7692905
3623,27,1,0.7509193
3624,28,1,0.8455151
3625,10,1,0.42615765
3626,28,0,0.34526363
3627,15,0,0.25857362
3628,28,0,0.3541978
3629,13,0,0.50551635
3630,27,1,0.45557418
3631,3,0,0.51503336
3632,3,0,0.3239844
3633,2,0,0.2698313
3634,2,0,0.24809588
3635,25,0,0.12864654
3636,16,0,0.34816396
3637,16,1,0.50140196
3638,19,1,0.73126423
3639,17,0,0.69219625
3640,6,1,0.39685556
3641,17,0,0.21886565
3642,10,0,0.61400133
3643,11,1,0.54904455
3644,23,0,0.24531347
3645,18,1,0.39632758
3646,3,1,0.32937476
3647,6,1,0.6333659
3648,0,1,0.77637684
3649,26,1,0.55340725
3650,11,1,0.5647756
3651,27,1,0.5946592
3652,18,0,0.670675
3653,2,1,0.5798053
3654,1,0,0.71635425
3655,28,0,0.22449145
3656,24,1,0.49259007
3657,17,0,0.30694
3658,0,0,0.2965356
3659,2,0,0.45497826
3660,0,0,0.20019118
3661,11,1,0.7782297
3662,18,1,0.7070951
3663,1,0,0.629887
3664,26,1,0.6108543
3665,11,1,0.5135872
3666,15,1,0.49350592
3667,21,1,0.4678681
3668,12,0,0.1304578
3669,10,0,0.41687396
3670,16,0,0.5025705
3671,11,0,0.1566813
3672,27,1,0.74954426
3673,13,1,0.8458467
3674,16,0,0.2703715
3675,15,0,0.37922418
3676,2,1,0.52874035
3677,13,0,0.3439724
3678,12,1,0.32010195
3679,11,1,0.5188668
3680,1,0,0.20621248
3681,25,1,0.5604804
3682,20,0,0.23944543
3683,8,0,0.55099344
3684,5,0,0.5312469
3685,18,0,0.72024965
3686,22,1,0.56162035
3687,15,0,0.4352808
3688,1,1,0.5612705
3689,28,1,0.5504172
3690,20,0,0.4867302
3691,28,1,0.77748734
3692,15,1,0.43812704
3693,15,0,0.3123663
3694,7,0,0.33270612
3695,13,1,0.8335214
3696,4,0,0.42610458
3697,10,1,0.7850334
3698,22,0,0.37301642
3699,10,1,0.82290643
3700,3,1,0.67529196
3701,13,0,0.6221007
3702,4,1,0.8050237
3703,8,0,0.30913243
3704,11,1,0.5547651
3705,11,1,0.72583354
3706,4,0,0.21840806
3707,25,1,0.5597717
3708,10,1,0.5896168
3709,22,0,0.13502795
3710,17,1,0.36779702
3711,10,0,0.2692232
3712,2,1,0.7796324
3713,13,0,0.4262734
3714,13,0,0.17220195
3715,19,0,0.47723806
3716,24,1,0.78518885
3717,15,1,0.8164598
3718,17,0,0.37427783
3719,21,1,0.36368895
3720,8,1,0.6856677
3721,20,0,0.34662747
3722,13,0,0.7534557
3723,20,1,0.87433887
3724,1,0,0.5336225
3725,7,0,0.31617334
3726,15,0,0.2844951
3727,10,0,0.35685003
3728,18,1,0.31215274
3729,6,1,0.6552502
3730,13,1,0.36245432
3731,26,0,0.16359735
3732,10,1,0.23650934
3733,11,0,0.6605979
3734,13,0,0.53870744
3735,16,0,0.73980874
3736,11,1,0.6159395
3737,28,1,0.36333862
3738,11,1,0.71113473
3739,14,0,0.30202502
3740,16,0,0.2572671
3741,21,0,0.80843323
3742,10,0,0.22161187
3743,13,1,0.61441606
3744,13,1,0.63609606
3745,6,1,0.5619767
3746,15,0,0.39293465
3747,10,0,0.3215075
3748,25,0,0.24621858
3749,17,0,0.67771614
3750,7,1,0.7849109
3751,20,1,0.7197391
3752,4,0,0.26884538
3753,20,0,0.4255428
3754,8,1,0.685478
3755,26,1,0.32232684
3756,15,0,0.41581547
3757,17,1,0.48659265
3758,26,1,0.41945967
3759,9,0,0.22264017
3760,24,0,0.8373477
3761,1,1,0.29959717
3762,3,0,0.5381136
3763,8,0,0.6548622
3764,10,0,0.6631018
3765,13,1,0.51731735
3766,19,1,0.53105813
3767,16,1,0.63069373
3768,26,0,0.46225148
3769,21,1,0.22792098
3770,16,1,0.91475374
3771,16,1,0.91619647
3772,25,1,0.8598798
3773,10,0,0.5963289
3774,20,1,0.79217666
3775,4,0,0.37935254
3776,14,0,0.48761383
3777,1,1,0.8535957
3778,5,0,0.45547605
3779,10,0,0.6150732
3780,10,1,0.5729418
3781,16,1,0.38875723
3782,25,1,0.8360949
3783,24,0,0.6473884
3784,15,1,0.7062432
3785,9,1,0.58207476
3786,15,0,0.5696017
3787,12,1,0.7526076
3788,5,0,0.33387583
3789,8,1,0.6266136
3790,23,1,0.82812643
3791,20,0,0.36545336
3792,28,1,0.63683224
3793,12,1,0.56629115
3794,5,0,0.56788915
3795,2,0,0.60796493
3796,16,1,0.38886932
3797,22,1,0.85142285
3798,13,1,0.37832746
3799,13,0,0.29227287
3800,24,0,0.7276738
3801,25,0,0.26536673
3802,16,0,0.64593816
3803,10,0,0.55088025
3804,0,0,0.21474366
3805,8,1,0.4857226
3806,18,1,0.4234532
3807,15,1,0.44248176
3808,1,0,0.58352315
3809,8,1,0.64270985
3810,4,0,0.668989
3811,13,0,0.44726062
3812,15,1,0.41492718
3813,2,1,0.31503373
3814,22,1,0.26888505
3815,1,1,0.7864098
3816,3,1,0.41045868
3817,7,1,0.64300966
3818,27,0,0.6420816
3819,8,0,0.23966397
3820,23,1,0.6892246
3821,27,1,0.5831936
3822,2,1,0.5962469
3823,17,0,0.24619144
3824,21,1,0.82248497
3825,2,1,0.5143143
3826,11,0,0.8019901
3827,3,1,0.5828319
3828,25,0,0.33062422
3829,15,1,0.9029646
3830,11,0,0.8159911
3831,13,1,0.72251415
3832,15,0,0.33023193
3833,11,0,0.51827466
3834,7,0,0.42606738
3835,16,0,0.44391802
3836,2,0,0.47174314
3837,14,1,0.6206823
3838,28,1,0.21353526
3839,13,1,0.3842047
3840,2,0,0.59603757
3841,3,1,0.4730428
3842,16,1,0.49280018
3843,28,0,0.5441391
3844,23,1,0.43969986
3845,10,0,0.5493355
3846,22,0,0.3878085
3847,8,1,0.63174546
3848,5,1,0.8307873
3849,14,1,0.4734359
3850,20,0,0.45078436
3851,2,1,0.3723461
3852,13,1,0.54105383
3853,16,0,0.5779987
3854,12,1,0.5678411
3855,2,0,0.2742546
3856,4,1,0.6344124
3857,26,0,0.34452632
3858,5,1,0.40597713
3859,27,1,0.91373837
3860,26,1,0.72420704
3861,6,0,0.5155312
3862,20,0,0.6472555
3863,17,0,0.86983764
3864,19,0,0.31503552
3865,10,1,0.6404779
3866,25,0,0.2653558
3867,16,1,0.6187229
3868,12,1,0.71168137
3869,22,1,0.7988775
3870,21,1,0.5621915
3871,25,1,0.74942905
3872,1,1,0.4430183
3873,12,1,0.80362123
3874,27,0,0.44348335
3875,17,1,0.8874569
3876,2,1,0.31927964
3877,24,1,0.31577688
3878,16,0,0.26553935
3879,7,1,0.6780329
3880,25,1,0.55174804
3881,13,1,0.6926781
3882,25,0,0.30326706
3883,15,0,0.8128164
3884,5,1,0.81869584
3885,4,0,0.8815684
3886,24,0,0.18808614
3887,0,0,0.4999596
3888,13,1,0.8732531
3889,3,0,0.27836317
3890,2,0,0.39111406
3891,5,1,0.5169556
3892,8,0,0.523113
3893,17,1,0.39578623
3894,27,0,0.29735002
3895,13,1,0.6872837
3896,19,0,0.24076863
3897,15,0,0.33551565
3898,11,1,0.66267335
3899,20,1,0.83573914
3900,17,0,0.6225215
3901,22,0,0.26686093
3902,11,1,0.81081325
3903,16,1,0.81093395
3904,19,0,0.4697213
3905,21,0,0.14690365
3906,2,0,0.17941439
3907,8,0,0.3892658
3908,2,0,0.45580232
3909,11,1,0.78309304
3910,3,0,0.4551397
3911,24,0,0.23620936
3912,12,0,0.5680118
3913,2,0,0.5109531
3914,26,0,0.6015145
3915,4,0,0.30683807
3916,21,1,0.90271807
3917,3,0,0.16862579
3918,13,1,0.69434196
3919,28,0,0.45296326
3920,6,1,0.6992473
3921,26,0,0.6030263
3922,1,0,0.41283932
3923,8,0,0.56742257
3924,3,0,0.76812345
3925,28,0,0.2513298
3926,1,1,0.62593156
3927,15,1,0.28874362
3928,8,1,0.505165
3929,15,1,0.7616815
3930,13,1,0.7523391
3931,20,0,0.5151133
3932,6,1,0.47988036
3933,25,0,0.6300684
3934,16,1,0.42390597
3935,20,1,0.36057958
3936,15,0,0.4030251
3937,6,1,0.36029324
3938,10,0,0.33696866
3939,27,1,0.5411628
3940,25,1,0.57628965
3941,21,0,0.22680712
3942,18,1,0.5604759
3943,16,1,0.30651584
3944,20,0,0.23019263
3945,22,1,0.33360222
3946,15,1,0.84110147
3947,19,0,0.18515052
3948,13,0,0.6136083
3949,16,0,0.7373562
3950,28,0,0.6672691
3951,26,0,0.29484507
3952,27,1,0.43355408
3953,7,1,0.3710852
3954,19,1,0.53234696
3955,2,1,0.84237754
3956,2,1,0.7364657
3957,11,0,0.22042681
3958,14,0,0.33824226
3959,13,1,0.5642242
3960,23,0,0.4072976
3961,4,0,0.19352639
3962,28,0,0.33033386
3963,1,0,0.5292482
3964,25,1,0.46815965
3965,25,0,0.34859744
3966,28,0,0.4770291
3967,13,0,0.5306896
3968,20,0,0.32885796
3969,16,1,0.74943364
3970,8,1,0.3372175
3971,1,1,0.8624831
3972,8,1,0.2717014
3973,27,0,0.16259362
3974,22,0,0.78983897
3975,17,0,0.221512
3976,28,0,0.44805372
3977,2,0,0.6431112
3978,6,1,0.56881875
3979,2,1,0.73379636
3980,10,1,0.7316933
3981,20,1,0.8210823
3982,5,1,0.7579804
3983,1,0,0.46298927
3984,1,0,0.5349236
3985,15,1,0.45479697
3986,24,1,0.7034642
3987,8,0,0.5049523
3988,18,1,0.8170842
3989,26,1,0.30619985
3990,20,1,0.7309311
3991,25,0,0.27722543
3992,11,0,0.37218276
3993,13,1,0.7841776
3994,2,0,0.53809154
3995,18,1,0.80452645
3996,22,0,0.27641213
3997,15,1,0.37889755
3998,2,0,0.17498681
3999,13,0,0.59640706
4000,12,0,0.34462625
4001,10,1,0.6996207
4002,14,1,0.5618288
4003,16,1,0.5245371
4004,10,1,0.8143403
4005,2,0,0.7097397
4006,2,1,0.5746035
4007,21,0,0.5140535
4008,9,1,0.7632878
4009,6,1,0.36513597
4010,9,1,0.61289346
4011,8,0,0.36359596
4012,4,0,0.47517347
4013,14,0,0.2146131
4014,11,1,0.7721559
4015,24,1,0.59054095
4016,13,0,0.23322836
4017,16,0,0.36850473
4018,4,1,0.31756863
4019,10,0,0.24115193
4020,28,1,0.725517
4021,18,0,0.34897056
4022,25,0,0.20341602
4023,16,0,0.48553604
4024,3,1,0.5868759
4025,7,1,0.6067039
4026,26,1,0.7227371
4027,3,1,0.44641435
4028,22,0,0.668109
4029,2,0,0.5259183
4030,18,1,0.7002909
4031,25,1,0.4153074
4032,6,1,0.5007773
4033,22,0,0.61117435
4034,14,0,0.4751756
4035,26,1,0.46405727
4036,7,1,0.48668873
4037,21,0,0.40033612
4038,16,1,0.23282881
4039,0,1,0.7979957
4040,14,1,0.5794705
4041,13,1,0.6344508
4042,13,1,0.43020234
4043,18,1,0.8774868
4044,13,1,0.51843727
4045,16,0,0.40372986
4046,16,0,0.3295858
4047,8,0,0.50314254
4048,6,0,0.43959996
4049,0,0,0.12333154
4050,28,0,0.5303674
4051,11,1,0.40058854
4052,26,1,0.38131347
4053,2,0,0.27777788
4054,16,1,0.4313578
4055,1,1,0.56454396
4056,19,0,0.45381144
4057,1,1,0.62633425
4058,18,0,0.75148743
4059,11,0,0.5083812
4060,27,0,0.27866352
4061,17,0,0.2952722
4062,15,1,0.32114592
4063,14,0,0.74148995
4064,13,1,0.615755
4065,15,0,0.51348335
4066,27,1,0.82926184
4067,18,1,0.65865844
4068,15,0,0.684349
4069,26,1,0.48811105
4070,16,0,0.42670277
4071,13,1,0.45866206
4072,21,0,0.87707275
4073,15,1,0.39322892
4074,17,1,0.7143301
4075,16,1,0.62435615
4076,13,0,0.38701445
4077,11,0,0.6967576
4078,2,1,0.22242841
4079,16,0,0.2252522
4080,26,0,0.5031169
4081,2,1,0.69071656
4082,17,1,0.88984954
4083,21,0,0.24161728
4084,16,0,0.8096763
4085,15,1,0.27737856
4086,1,0,0.3182599
4087,26,0,0.3754491
4088,8,0,0.57173234
4089,11,0,0.33119446
4090,2,1,0.67245686
4091,3,0,0.44528082
4092,3,1,0.5163725
4093,3,1,0.2048484
4094,27,0,0.25364482
4095,10,1,0.85278344
4096,14,1,0.27752024
4097,22,1,0.2777613
4098,3,1,0.3888265
4099,9,0,0.5771934
4100,8,1,0.8095381
4101,25,0,0.39792615
4102,22,0,0.31936395
4103,25,0,0.26421276
4104,25,1,0.38438663
4105,13,1,0.6736301
4106,13,0,0.5456918
4107,17,0,0.28268385
4108,13,1,0.61055386
4109,28,1,0.35713375
4110,10,0,0.56622773
4111,3,0,0.30407703
4112,4,0,0.3950075
4113,22,1,0.9079703
4114,9,0,0.31347933
4115,0,1,0.8292075
4116,26,0,0.3199923
4117,9,1,0.36282367
4118,21,0,0.7599363
4119,16,1,0.4384356
4120,23,0,0.47932187
4121,1,0,0.24914129
4122,17,1,0.53608745
4123,26,0,0.3666745
4124,8,1,0.33492634
4125,13,0,0.17099392
4126,2,1,0.16052051
4127,1,0,0.6612077
4128,0,0,0.33091286
4129,26,0,0.26185027
4130,14,0,0.50977933
4131,9,0,0.15136878
4132,26,1,0.44935638
4133,3,0,0.47749418
4134,3,1,0.5389151
4135,20,1,0.81181955
4136,20,1,0.5921595
4137,9,0,0.71621203
4138,2,0,0.2687318
4139,27,1,0.82557374
4140,13,0,0.29262865
4141,9,0,0.61273026
4142,8,1,0.56892097
4143,18,1,0.8633659
4144,14,0,0.45746195
4145,2,1,0.709123
4146,13,0,0.22551525
4147,10,1,0.7827187
4148,11,0,0.47478953
4149,3,0,0.49484345
4150,10,1,0.81768423
4151,17,0,0.43780598
4152,25,1,0.39354557
4153,28,0,0.43737054
4154,10,0,0.4892948
4155,15,1,0.54506093
4156,15,1,0.4209392
4157,3,1,0.5152368
4158,15,0,0.34169912
4159,2,0,0.29900786
4160,20,1,0.6251141
4161,11,1,0.40367508
4162,17,1,0.53383774
4163,24,0,0.83656436
4164,19,1,0.35939643
4165,23,0,0.23453036
4166,14,0,0.34519804
4167,16,1,0.16714644
4168,6,0,0.4862293
4169,17,1,0.7447045
4170,17,1,0.9340703
4171,13,1,0.89384246
4172,6,1,0.64958113
4173,1,1,0.8122055
4174,11,0,0.63403773
4175,16,1,0.5331963
4176,26,1,0.79403543
4177,27,1,0.7872505
4178,27,0,0.2248943
4179,3,0,0.3711272
4180,10,0,0.32088143
4181,12,1,0.5857164
4182,12,0,0.39883232
4183,19,0,0.4873864
4184,2,1,0.4164124
4185,16,1,0.5823698
4186,11,1,0.5488778
4187,3,1,0.62525827
4188,12,1,0.550459
4189,9,0,0.46759132
4190,17,0,0.19917141
4191,2,1,0.7683467
4192,1,1,0.8340854
4193,3,1,0.57317424
4194,15,1,0.7706278
4195,0,0,0.5764364
4196,26,0,0.19534336
4197,3,0,0.56305736
4198,7,0,0.20197093
4199,3,0,0.86951244
4200,11,1,0.6957803
4201,6,0,0.26526994
4202,9,1,0.5324193
4203,25,0,0.41634694
4204,8,1,0.6744376
4205,4,1,0.3031996
4206,5,1,0.819746
4207,11,0,0.25827795
4208,1,0,0.33022642
4209,10,0,0.37209916
4210,11,0,0.3713289
4211,27,1,0.8584716
4212,14,1,0.24728495
4213,27,0,0.32434836
4214,11,1,0.52669644
4215,26,1,0.49341306
4216,11,1,0.5290474
4217,14,1,0.37120298
4218,12,1,0.42170405
4219,20,1,0.5702842
4220,16,0,0.58954626
4221,28,0,0.22642085
4222,10,1,0.757599
4223,13,0,0.49515867
4224,27,1,0.2935316
4225,7,1,0.50926787
4226,8,1,0.5462256
4227,8,0,0.40074128
4228,12,0,0.5718089
4229,18,0,0.26469308
4230,1,1,0.46275413
4231,25,1,0.51897997
4232,12,1,0.76116663
4233,1,0,0.27702293
4234,14,0,0.34007868
4235,9,1,0.3636656
4236,22,1,0.8069827
4237,11,1,0.41390723
4238,19,0,0.30012214
4239,14,1,0.53188866
4240,1,1,0.5692279
4241,21,0,0.5424574
4242,9,1,0.58251214
4243,18,0,0.49476045
4244,2,1,0.64285856
4245,28,0,0.19584733
4246,27,0,0.17005527
4247,6,1,0.5628348
4248,1,0,0.59786814
4249,27,1,0.4824396
4250,8,1,0.23112
4251,0,1,0.40620643
4252,22,0,0.3492584
4253,18,0,0.61970943
4254,18,0,0.18488024
4255,10,1,0.5119432
4256,6,0,0.37365714
4257,8,0,0.49835333
4258,8,0,0.2928918
4259,15,0,0.2667323
4260,8,0,0.29171944
4261,17,0,0.7115323
4262,1,0,0.45803326
4263,2,1,0.61613554
4264,11,1,0.48711672
4265,7,0,0.29772776
4266,22,1,0.72502095
4267,10,1,0.4748234
4268,18,0,0.6728235
4269,3,0,0.4461455
4270,11,1,0.5527841
4271,2,0,0.45294577
4272,17,0,0.27779698
4273,17,0,0.33650315
4274,6,1,0.7071522
4275,1,1,0.6911228
4276,2,0,0.54104364
4277,24,1,0.38871238
4278,16,1,0.34272212
4279,22,0,0.17101912
4280,25,1,0.46505278
4281,16,0,0.25134832
4282,12,0,0.5414688
4283,28,1,0.5097076
4284,16,0,0.24548128
4285,10,0,0.5833539
4286,2,0,0.28195184
4287,27,1,0.81016773
4288,2,1,0.64299077
4289,13,0,0.5414108
4290,8,0,0.74482805
4291,1,0,0.3393703
4292,10,0,0.76188695
4293,18,0,0.490075
4294,10,0,0.8167042
4295,10,1,0.7503088
4296,25,0,0.57723504
4297,22,0,0.30454388
4298,16,1,0.45011544
4299,5,0,0.5300063
4300,5,0,0.455528
4301,13,0,0.7450591
4302,2,0,0.38318172
4303,8,1,0.88852566
4304,4,1,0.43526924
4305,13,0,0.4971963
4306,1,0,0.6534259
4307,14,1,0.8024254
4308,4,0,0.17507719
4309,23,0,0.37010732
4310,22,1,0.2817801
4311,11,0,0.20565975
4312,4,1,0.83221143
4313,19,1,0.3713967
4314,8,1,0.5526394
4315,10,1,0.43896577
4316,16,1,0.474767
4317,16,0,0.63688475
4318,2,1,0.79678667
4319,15,1,0.6742891
4320,20,1,0.2920657
4321,18,1,0.42981905
4322,14,1,0.32431144
4323,11,0,0.7065866
4324,15,1,0.61587226
4325,6,1,0.9152787
4326,17,1,0.723194
4327,23,0,0.60268456
4328,13,1,0.5008358
4329,3,0,0.2293658
4330,23,0,0.19723581
4331,26,1,0.51913685
4332,16,0,0.36955035
4333,11,1,0.9409198
4334,6,0,0.21699122
4335,27,1,0.27094415
4336,2,1,0.57535833
4337,21,1,0.7746817
4338,14,1,0.51109827
4339,1,1,0.5563704
4340,16,0,0.46970084
4341,26,1,0.7490453
4342,7,0,0.79248595
4343,12,0,0.5186792
4344,27,1,0.847169
4345,16,0,0.1911968
4346,13,0,0.30834275
4347,9,0,0.28475383
4348,22,1,0.8676031
4349,19,0,0.32443708
4350,0,0,0.2730849
4351,4,1,0.57333994
4352,6,0,0.15978213
4353,12,0,0.64487034
4354,1,0,0.25760484
4355,1,1,0.81102103
4356,12,1,0.34240934
4357,27,1,0.8073814
4358,25,1,0.7358592
4359,25,1,0.48176822
4360,5,1,0.4395365
4361,15,1,0.33288726
4362,9,0,0.20800956
4363,21,0,0.34468892
4364,15,0,0.40788206
4365,25,1,0.51898205
4366,28,1,0.7480322
4367,17,0,0.522702
4368,28,1,0.71662503
4369,17,0,0.7142646
4370,10,0,0.34033155
4371,1,0,0.4811963
4372,4,0,0.55245656
4373,0,0,0.34925267
4374,0,1,0.3572137
4375,10,1,0.31947076
4376,16,0,0.39383137
4377,9,0,0.5538141
4378,1,0,0.6710664
4379,10,1,0.22835256
4380,10,0,0.38056925
4381,20,1,0.6241909
4382,12,0,0.57451457
4383,2,0,0.19496313
4384,25,1,0.6944739
4385,27,0,0.47607094
4386,13,1,0.5100127
4387,10,1,0.61798316
4388,21,1,0.67260605
4389,5,1,0.81890845
4390,19,1,0.77095824
4391,0,0,0.63333166
4392,16,1,0.7772521
4393,23,1,0.907389
4394,19,1,0.3018493
4395,25,1,0.6992792
4396,28,0,0.3836885
4397,5,1,0.24572203
4398,27,1,0.5039759
4399,11,0,0.51510996
4400,8,1,0.6373905
4401,10,0,0.32553428
4402,25,1,0.5563575
4403,23,1,0.82045794
4404,14,1,0.6863304
4405,20,0,0.3782243
4406,26,1,0.9206244
4407,16,1,0.75472474
4408,19,0,0.22545852
4409,2,0,0.24095209
4410,4,0,0.3488812
4411,23,0,0.43442178
4412,0,0,0.3362556
4413,25,1,0.7568361
4414,21,1,0.4661708
4415,22,0,0.41948834
4416,22,0,0.19319548
4417,16,0,0.4224739
4418,27,0,0.4272752
4419,22,1,0.8093608
4420,8,0,0.50535333
4421,3,1,0.84404314
4422,10,1,0.8761897
4423,20,1,0.36493838
4424,2,1,0.34060925
4425,25,1,0.8180623
4426,13,1,0.8554401
4427,17,0,0.20755918
4428,11,1,0.63169205
4429,4,0,0.5145326
4430,15,0,0.24617366
4431,25,0,0.6033058
4432,15,1,0.6606732
4433,10,1,0.39212024
4434,10,0,0.35741025
4435,3,0,0.48809713
4436,19,0,0.6692216
4437,12,0,0.62043685
4438,17,0,0.43272635
4439,6,1,0.51783365
4440,26,1,0.5855751
4441,26,0,0.44093618
4442,5,1,0.64109653
4443,12,0,0.18500446
4444,11,1,0.18617602
4445,5,0,0.87134236
4446,22,0,0.3233732
4447,11,1,0.2188305
4448,23,1,0.3876724
4449,12,0,0.37364393
4450,1,1,0.39656112
4451,11,0,0.28289032
4452,17,0,0.38887924
4453,2,0,0.5078933
4454,12,1,0.7539669
4455,5,0,0.3545035
4456,15,0,0.27369913
4457,6,0,0.23297013
4458,27,0,0.28018966
4459,22,0,0.36376345
4460,5,0,0.3603154
4461,28,0,0.40508035
4462,13,1,0.8445338
4463,15,1,0.58711267
4464,10,1,0.77817655
4465,11,0,0.32987648
4466,16,1,0.40356737
4467,15,1,0.4877011
4468,15,1,0.32488647
4469,17,1,0.5348186
4470,26,1,0.8289928
4471,12,0,0.5823004
4472,2,1,0.26108858
4473,12,1,0.45580333
4474,13,1,0.5332818
4475,11,1,0.79737073
4476,8,1,0.856128
4477,10,0,0.3939375
4478,18,1,0.302578
4479,25,0,0.43792346
4480,21,0,0.8310109
4481,1,0,0.18254532
4482,2,1,0.77033955
4483,9,0,0.4430104
4484,13,1,0.64245963
4485,3,0,0.55408466
4486,0,1,0.39304447
4487,16,0,0.49411255
4488,13,0,0.22268112
4489,12,0,0.3187972
4490,7,0,0.25318587
4491,21,0,0.59527373
4492,21,0,0.49842083
4493,0,0,0.22692992
4494,16,0,0.1720538
4495,5,1,0.71115196
4496,7,0,0.18117027
4497,3,0,0.40142938
4498,2,1,0.65972877
4499,3,0,0.64201
4500,15,0,0.5053039
4501,1,0,0.17156722
4502,19,0,0.5100035
4503,12,0,0.68205637
4504,16,0,0.19920422
4505,16,1,0.7214804
4506,25,0,0.4685044
4507,15,1,0.478679
4508,1,1,0.43756914
4509,28,1,0.7851501
4510,10,0,0.21337779
4511,7,1,0.7288073
4512,24,1,0.3859383
4513,12,0,0.3226833
4514,26,1,0.658161
4515,26,1,0.24111484
4516,26,1,0.5226041
4517,18,1,0.7693068
4518,17,1,0.6146768
4519,25,1,0.51335806
4520,14,0,0.6276298
4521,13,0,0.5493307
4522,26,0,0.41673478
4523,25,1,0.45593947
4524,12,0,0.3212001
4525,18,0,0.2317715
4526,26,0,0.37442112
4527,16,0,0.44984174
4528,0,0,0.22508253
4529,7,0,0.35203928
4530,15,0,0.4459495
4531,25,0,0.4300483
4532,1,0,0.39885324
4533,26,0,0.7561256
4534,27,0,0.7092953
4535,26,1,0.47476223
4536,16,0,0.59691393
4537,12,0,0.34696868
4538,14,0,0.44961083
4539,2,0,0.26591173
4540,2,1,0.6219805
4541,22,0,0.25564453
4542,16,0,0.7100746
4543,13,0,0.39671013
4544,7,0,0.408206
4545,8,0,0.55938375
4546,25,0,0.323338
4547,15,1,0.7590723
4548,9,0,0.5786507
4549,0,1,0.34361613
4550,19,0,0.7762538
4551,20,1,0.73810005
4552,2,0,0.2709089
4553,7,1,0.8527614
4554,28,1,0.8121137
4555,16,1,0.32960787
4556,9,0,0.4120532
4557,17,1,0.92096287
4558,11,1,0.5924433
4559,21,0,0.51649463
4560,18,0,0.33991277
4561,22,0,0.21114947
4562,3,1,0.6550867
4563,17,1,0.7822125
4564,4,1,0.40796962
4565,12,0,0.50396997
4566,8,0,0.5106736
4567,8,1,0.3745871
4568,16,1,0.7143692
4569,2,1,0.7497695
4570,18,1,0.21131694
4571,3,1,0.7516383
4572,1,0,0.27638343
4573,16,0,0.23390166
4574,0,0,0.24673161
4575,16,0,0.7094219
4576,1,0,0.48431718
4577,16,1,0.6873166
4578,10,0,0.33829817
4579,0,1,0.6752546
4580,13,1,0.63222504
4581,25,0,0.3121386
4582,1,1,0.6198555
4583,20,1,0.8039751
4584,1,1,0.4148833
4585,23,1,0.73210174
4586,8,1,0.76747084
4587,5,1,0.5001103
4588,22,0,0.4841269
4589,6,0,0.55803406
4590,0,0,0.18783349
4591,15,1,0.47829232
4592,19,0,0.17800863
4593,0,1,0.5941132
4594,2,0,0.4363367
4595,12,1,0.43909657
4596,13,1,0.5108564
4597,24,0,0.4590723
4598,26,0,0.7415234
4599,13,0,0.28234753
4600,27,0,0.42808542
4601,26,0,0.3876018
4602,18,0,0.44952628
4603,7,1,0.46981055
4604,9,0,0.3778472
4605,25,1,0.5718627
4606,1,0,0.22112493
4607,5,0,0.40855095
4608,26,0,0.6192694
4609,13,0,0.2859953
4610,23,1,0.745197
4611,0,1,0.81908363
4612,16,0,0.6734645
4613,8,0,0.42828152
4614,6,1,0.7685889
4615,26,0,0.28355977
4616,6,0,0.55282843
4617,25,0,0.4617455
4618,13,1,0.47078252
4619,16,1,0.71202207
4620,25,1,0.87464726
4621,24,1,0.33465543
4622,12,0,0.7443815
4623,16,1,0.7586704
4624,3,1,0.3766286
4625,21,1,0.2818707
4626,26,0,0.56580406
4627,22,1,0.73402256
4628,0,1,0.79177
4629,28,0,0.23279755
4630,10,0,0.30717957
4631,25,0,0.18813232
4632,10,1,0.59112775
4633,8,1,0.45210984
4634,16,1,0.7113046
4635,11,1,0.6329422
4636,11,0,0.2641742
4637,26,1,0.34892952
4638,25,0,0.20884496
4639,12,1,0.30378735
4640,16,0,0.40739
4641,28,0,0.44154525
4642,4,1,0.7922523
4643,23,0,0.3029605
4644,15,0,0.41384012
4645,16,0,0.1320649
4646,8,1,0.4395958
4647,9,1,0.6925408
4648,5,1,0.5570647
4649,25,0,0.22522756
4650,13,0,0.37675926
4651,15,0,0.15178563
4652,26,1,0.81469446
4653,14,0,0.21242085
4654,22,0,0.3127709
4655,27,0,0.5799356
4656,14,0,0.23559374
4657,7,1,0.43223912
4658,1,0,0.21328339
4659,25,1,0.6459705
4660,8,1,0.9256999
4661,10,1,0.24916938
4662,18,0,0.50053173
4663,26,0,0.6303714
4664,22,1,0.48041886
4665,16,1,0.7860906
4666,27,0,0.482976
4667,10,0,0.46444255
4668,27,1,0.67210984
4669,6,0,0.41121233
4670,15,1,0.78009146
4671,5,0,0.5176533
4672,18,0,0.5637291
4673,13,1,0.29562002
4674,28,1,0.7375853
4675,17,1,0.34472522
4676,20,1,0.5459527
4677,23,0,0.6704027
4678,6,0,0.20855202
4679,13,0,0.61298037
4680,7,1,0.74249595
4681,8,0,0.47429758
4682,1,1,0.58656186
4683,3,0,0.2524529
4684,27,0,0.5101801
4685,0,1,0.3860771
4686,15,1,0.8062473
4687,8,1,0.56325924
4688,22,0,0.37308335
4689,16,1,0.52259207
4690,2,0,0.14566433
4691,21,1,0.7685563
4692,4,0,0.5599473
4693,2,1,0.5776474
4694,8,0,0.32167208
4695,8,1,0.49892282
4696,13,1,0.62294424
4697,24,0,0.36106217
4698,15,1,0.8940787
4699,12,0,0.69051397
4700,24,1,0.8666667
4701,22,0,0.60038644
4702,16,0,0.43694416
4703,11,0,0.31790724
4704,27,1,0.70378983
4705,13,1,0.6512748
4706,8,0,0.15621991
4707,16,0,0.68773896
4708,26,1,0.5741382
4709,7,1,0.2587146
4710,1,1,0.63261986
4711,21,0,0.3517481
4712,11,1,0.6733721
4713,11,0,0.27228835
4714,15,0,0.19791283
4715,19,1,0.7764995
4716,7,1,0.66574
4717,19,1,0.5256389
4718,22,0,0.68394965
4719,21,0,0.75380045
4720,7,0,0.44007853
4721,11,0,0.40238506
4722,24,1,0.54443485
4723,1,0,0.26921767
4724,15,1,0.15694802
4725,15,0,0.41223833
4726,16,1,0.48437244
4727,8,1,0.83225733
4728,14,1,0.62659776
4729,12,1,0.5661282
4730,2,1,0.7781699
4731,8,1,0.3410673
4732,13,1,0.47147936
4733,3,0,0.13125741
4734,26,0,0.6621324
4735,11,1,0.28854594
4736,27,0,0.27991375
4737,6,1,0.22775039
4738,10,1,0.36686838
4739,15,0,0.51374
4740,22,1,0.43825248
4741,0,1,0.7135712
4742,5,0,0.49182162
4743,18,1,0.41642332
4744,19,0,0.5914262
4745,4,1,0.5571
4746,1,0,0.75730205
4747,25,1,0.7720535
4748,25,1,0.5879756
4749,16,0,0.737896
4750,15,1,0.60439134
4751,13,0,0.45533365
4752,25,0,0.560115
4753,27,1,0.4229079
4754,27,0,0.29584515
4755,0,1,0.7796725
4756,13,0,0.43128434
4757,15,1,0.47596464
4758,3,0,0.16093753
4759,28,1,0.79180646
4760,13,0,0.5860214
4761,2,0,0.60281795
4762,8,1,0.7313437
4763,23,0,0.8208148
4764,3,1,0.73210907
4765,16,0,0.72733366
4766,27,0,0.3085042
4767,9,0,0.30121434
4768,13,1,0.17842458
4769,27,1,0.57909536
4770,2,0,0.23960046
4771,17,1,0.46147206
4772,3,0,0.43767813
4773,10,0,0.31964576
4774,2,0,0.45995885
4775,25,1,0.668143
4776,13,0,0.43198538
4777,11,1,0.46629667
4778,12,0,0.7616938
4779,8,0,0.17276834
4780,21,0,0.15887354
4781,8,1,0.69450223
4782,8,1,0.7129754
4783,23,1,0.453325
4784,25,0,0.6688951
4785,7,0,0.40866137
4786,6,1,0.53338796
4787,3,1,0.5487222
4788,21,0,0.57673347
4789,20,0,0.38169524
4790,21,1,0.8151623
4791,8,1,0.86171734
4792,19,1,0.18246089
4793,16,1,0.62376696
4794,2,0,0.24667342
4795,1,0,0.57132155
4796,5,1,0.54952765
4797,14,0,0.14318813
4798,13,1,0.63601846
4799,20,1,0.25540224
4800,23,1,0.47238877
4801,18,0,0.6993563
4802,6,1,0.24469562
4803,17,0,0.5319598
4804,25,0,0.51286936
4805,20,0,0.74151593
4806,18,1,0.48627874
4807,24,1,0.8724518
4808,11,0,0.46079752
4809,12,1,0.90088195
4810,8,0,0.5950626
4811,2,0,0.48437774
4812,6,0,0.25340393
4813,6,0,0.42089882
4814,0,1,0.50395083
4815,19,0,0.3639117
4816,20,0,0.38694233
4817,20,1,0.85660994
4818,22,0,0.42361432
4819,17,0,0.12505707
4820,19,0,0.2259828
4821,23,0,0.48307037
4822,13,0,0.5017851
4823,11,0,0.2662214
4824,23,1,0.7386177
4825,6,1,0.74322534
4826,11,1,0.39860198
4827,8,0,0.48276892
4828,2,0,0.5818519
4829,6,0,0.42899787
4830,3,0,0.28256795
4831,18,0,0.28587037
4832,10,0,0.43797305
4833,15,1,0.73453337
4834,13,0,0.45511547
4835,2,1,0.5776674
4836,4,1,0.353339
4837,12,0,0.7855981
4838,9,1,0.4600223
4839,20,0,0.21986966
4840,11,1,0.5458872
4841,25,0,0.25954488
4842,20,1,0.66099757
4843,15,0,0.56563914
4844,10,1,0.32344767
4845,6,0,0.29030463
4846,24,1,0.564611
4847,20,1,0.6098929
4848,28,1,0.37628505
4849,17,1,0.77563256
4850,8,1,0.57386035
4851,8,0,0.33481157
4852,28,0,0.13467333
4853,13,0,0.68963933
4854,11,0,0.17684174
4855,18,0,0.47336575
4856,20,0,0.43862754
4857,13,0,0.4847873
4858,1,1,0.6919875
4859,9,1,0.45514163
4860,10,1,0.65755427
4861,3,0,0.342233
4862,18,1,0.7583525
4863,7,1,0.64975095
4864,23,0,0.24034512
4865,13,1,0.84977895
4866,28,1,0.4908633
4867,27,1,0.6936004
4868,7,0,0.6023755
4869,3,1,0.64133674
4870,16,0,0.24359865
4871,15,0,0.21744367
4872,10,0,0.28855845
4873,26,0,0.17783771
4874,21,1,0.82244503
4875,20,1,0.48750263
4876,10,1,0.83420235
4877,22,0,0.3859425
4878,27,0,0.6871084
4879,2,0,0.3863889
4880,21,1,0.36913386
4881,2,0,0.5738276
4882,24,0,0.6010581
4883,2,0,0.35427797
4884,12,1,0.8822816
4885,8,0,0.27606657
4886,8,1,0.29345676
4887,10,1,0.76116574
4888,7,1,0.80288696
4889,1,1,0.5750934
4890,5,0,0.31206524
4891,20,1,0.8333929
4892,24,0,0.3491737
4893,25,0,0.3730328
4894,13,1,0.6339252
4895,8,1,0.68827206
4896,17,1,0.5205834
4897,13,0,0.23840262
4898,18,0,0.18251532
4899,7,0,0.5486776
4900,16,1,0.68633854
4901,28,0,0.24911417
4902,27,1,0.62480897
4903,1,0,0.26906377
4904,10,0,0.36911428
4905,11,0,0.24152273
4906,9,1,0.77034616
4907,4,1,0.3585347
4908,25,0,0.25209382
4909,13,0,0.51984346
4910,15,0,0.46580797
4911,3,1,0.48478347
4912,27,1,0.30315062
4913,17,1,0.6465882
4914,28,0,0.6581859
4915,6,0,0.20590816
4916,6,0,0.5919253
4917,27,0,0.41317636
4918,8,0,0.15807687
4919,23,1,0.5844339
4920,11,0,0.87356126
4921,24,1,0.69233525
4922,21,1,0.80457884
4923,10,1,0.2996947
4924,6,1,0.37589523
4925,26,0,0.40002742
4926,3,1,0.68093485
4927,25,0,0.54774797
4928,3,0,0.4387831
4929,28,0,0.38439417
4930,13,1,0.85702246
4931,16,0,0.50619984
4932,15,1,0.67338234
4933,25,0,0.40161806
4934,7,0,0.46476647
4935,9,0,0.31423405
4936,11,1,0.8687713
4937,12,1,0.5876537
4938,23,0,0.18608733
4939,11,0,0.4317198
4940,4,1,0.90092516
4941,12,0,0.23010771
4942,17,1,0.5097428
4943,12,1,0.46491116
4944,28,1,0.8795669
4945,21,0,0.6116982
4946,13,0,0.19185719
4947,16,0,0.2873967
4948,16,0,0.5748455
4949,10,1,0.25535777
4950,17,0,0.34232774
4951,6,1,0.5897066
4952,28,0,0.3569693
4953,13,0,0.4406253
4954,26,0,0.26052386
4955,13,0,0.2926901
4956,16,1,0.65051025
4957,21,1,0.24863037
4958,28,0,0.24851435
4959,26,0,0.51151633
4960,6,0,0.25682375
4961,4,1,0.6496695
4962,18,0,0.6175342
4963,18,0,0.15365286
4964,15,1,0.9500602
4965,2,0,0.5252223
4966,28,0,0.1705661
4967,16,0,0.16255568
4968,20,1,0.3931809
4969,2,0,0.3083441
4970,27,1,0.85995764
4971,15,0,0.274545
4972,14,1,0.7969587
4973,27,1,0.22323251
4974,13,1,0.62465817
4975,15,1,0.78514564
4976,12,0,0.28905797
4977,4,1,0.83886987
4978,3,0,0.32817823
4979,23,0,0.29481098
4980,2,1,0.51882446
4981,10,0,0.38802585
4982,0,0,0.6046397
4983,19,0,0.6702493
4984,15,0,0.46944013
4985,3,0,0.55955315
4986,23,0,0.26889762
4987,9,0,0.42850238
4988,1,1,0.60913414
4989,2,1,0.80379736
4990,4,0,0.30736116
4991,11,1,0.5098453
4992,3,0,0.42826778
4993,20,1,0.63748723
4994,26,1,0.5903505
4995,23,0,0.56272036
4996,12,0,0.39440876
4997,8,0,0.7271648
4998,18,0,0.335424
4999,4,1,0.59086907
5000,6,0,0.51007026
5001,26,0,0.43645647
5002,16,0,0.5285653
5003,18,1,0.8248956
5004,22,1,0.7716331
5005,18,0,0.42072937
5006,12,0,0.39032882
5007,22,1,0.5703341
5008,15,1,0.9175423
5009,27,0,0.35398585
5010,13,1,0.5163366
5011,3,1,0.72007203
5012,25,1,0.8611176
5013,22,1,0.33091286
5014,15,1,0.56341773
5015,14,1,0.37569016
5016,18,0,0.13158658
5017,20,0,0.16003188
5018,19,0,0.42248705
5019,16,0,0.1496176
5020,1,1,0.18636207
5021,3,0,0.1826629
5022,12,1,0.27388865
5023,22,1,0.67112416
5024,20,0,0.2830795
5025,26,1,0.646798
5026,15,1,0.51179403
5027,23,0,0.2824429
5028,1,0,0.39687687
5029,16,0,0.18943179
5030,19,0,0.6696255
5031,18,1,0.15749457
5032,13,0,0.540854
5033,17,0,0.5799265
5034,14,0,0.25242963
5035,21,1,0.7677
5036,28,1,0.86479414
5037,26,0,0.18352109
5038,24,0,0.4374066
5039,20,1,0.5355604
5040,15,1,0.20376822
5041,22,0,0.32761776
5042,19,1,0.60803944
5043,22,1,0.57303625
5044,28,1,0.76630414
5045,25,1,0.6115586
5046,20,0,0.71146655
5047,10,1,0.4962365
5048,13,0,0.3572504
5049,7,1,0.41676807
5050,17,1,0.22909236
5051,19,1,0.8547025
5052,3,1,0.52308625
5053,11,0,0.34493726
5054,23,1,0.86547196
5055,22,1,0.5408115
5056,10,0,0.14850359
5057,22,0,0.5568919
5058,9,1,0.5018025
5059,1,1,0.7758924
5060,13,0,0.34529978
5061,18,0,0.43026248
5062,11,0,0.15570153
5063,1,1,0.49928576
5064,10,1,0.9133662
5065,27,1,0.7318145
5066,27,0,0.37846872
5067,6,0,0.36146113
5068,17,1,0.71144557
5069,11,1,0.6496266
5070,13,1,0.6541501
5071,13,0,0.5435912
5072,4,1,0.42370823
5073,24,0,0.25883377
5074,6,1,0.6213415
5075,13,0,0.35466293
5076,21,1,0.7466716
5077,16,1,0.6397152
5078,18,0,0.74108934
5079,15,0,0.49079797
5080,4,1,0.6408342
5081,28,1,0.63677514
5082,2,0,0.40322122
5083,13,0,0.27513853
5084,12,0,0.2645465
5085,23,0,0.38456666
5086,3,1,0.65097344
5087,1,0,0.29773697
5088,19,0,0.4768461
5089,16,0,0.17145734
5090,28,0,0.708725
5091,6,0,0.6349072
5092,1,1,0.83021456
5093,8,1,0.76812226
5094,1,1,0.498987
5095,15,1,0.56405216
5096,19,1,0.26370293
5097,7,0,0.66263294
5098,8,0,0.40864822
5099,14,0,0.344313
5100,11,0,0.40347663
5101,25,0,0.39350775
5102,16,0,0.7426483
5103,15,0,0.43690667
5104,25,1,0.23938933
5105,15,1,0.75294226
5106,21,1,0.72514004
5107,21,1,0.7897917
5108,4,0,0.34644318
5109,7,0,0.31020486
5110,27,1,0.27578536
5111,18,0,0.49534225
5112,15,1,0.629758
5113,22,1,0.7107803
5114,27,0,0.3446423
5115,16,0,0.56147146
5116,22,1,0.39083344
5117,20,1,0.8261574
5118,18,0,0.47618154
5119,2,0,0.503891
5120,10,1,0.60346496
5121,1,1,0.13986962
5122,22,1,0.8494691
5123,8,1,0.900036
5124,27,0,0.38415724
5125,6,1,0.43432525
5126,27,1,0.7143319
5127,15,0,0.51356244
5128,26,1,0.7791719
5129,9,0,0.8093869
5130,20,0,0.27462003
5131,12,0,0.18673937
5132,20,1,0.7922571
5133,16,1,0.7155115
5134,16,1,0.8856841
5135,9,0,0.33222488
5136,28,0,0.5017355
5137,9,1,0.4336447
5138,18,0,0.65768564
5139,13,1,0.5096105
5140,9,0,0.5748745
5141,23,1,0.8475581
5142,18,0,0.1716477
5143,10,0,0.24810973
5144,6,1,0.6670969
5145,5,1,0.41677487
5146,9,0,0.18036197
5147,12,0,0.21487871
5148,27,0,0.49354008
5149,1,1,0.56985885
5150,19,1,0.5135714
5151,11,0,0.24699953
5152,15,1,0.7123895
5153,28,1,0.2863844
5154,11,0,0.26261932
5155,14,0,0.35998166
5156,1,0,0.3748123
5157,5,1,0.5922128
5158,15,1,0.7148178
5159,5,1,0.37794375
5160,8,1,0.8006919
5161,2,1,0.564218
5162,18,0,0.5254759
5163,16,1,0.7279032
5164,13,1,0.6141486
5165,0,1,0.6556567
5166,12,1,0.5023868
5167,11,1,0.6819732
5168,20,0,0.41103908
5169,15,0,0.19826652
5170,19,0,0.35540193
5171,21,1,0.74290377
5172,8,1,0.57143456
5173,23,0,0.37682885
5174,5,0,0.6681322
5175,26,1,0.61593544
5176,25,0,0.38863033
5177,10,1,0.5841492
5178,12,0,0.2242797
5179,8,1,0.80964565
5180,28,0,0.59452367
5181,24,1,0.76119983
5182,15,1,0.77548164
5183,22,1,0.8065862
5184,26,1,0.8122571
5185,22,0,0.6351446
5186,18,1,0.5149641
5187,11,0,0.8709097
5188,8,0,0.7276394
5189,10,1,0.48978612
5190,23,1,0.48281142
5191,21,0,0.6138794
5192,11,1,0.920235
5193,11,0,0.3741868
5194,23,0,0.3122309
5195,15,0,0.1630738
5196,19,1,0.70218384
5197,3,0,0.3695269
5198,1,1,0.37635
5199,25,0,0.32258442
5200,1,0,0.42920047
5201,12,0,0.39151806
5202,8,1,0.49029315
5203,15,0,0.46049413
5204,21,1,0.36830205
5205,11,1,0.6591751
5206,2,1,0.37891132
5207,26,0,0.2652674
5208,16,0,0.24166821
5209,2,1,0.24201356
5210,6,1,0.84484524
5211,5,1,0.87552446
5212,26,1,0.33840165
5213,15,1,0.42646715
5214,25,0,0.6417144
5215,4,1,0.46955872
5216,26,0,0.119418174
5217,18,1,0.23921156
5218,3,0,0.3289777
5219,15,1,0.6118868
5220,10,0,0.7856618
5221,1,0,0.28752118
5222,1,0,0.3438763
5223,16,0,0.5264426
5224,25,0,0.7932681
5225,12,1,0.5803593
5226,16,1,0.22140375
5227,2,0,0.44997922
5228,11,0,0.37846476
5229,16,1,0.6921713
5230,2,0,0.21759728
5231,19,0,0.20705184
5232,27,0,0.67866135
5233,22,1,0.84859794
5234,23,0,0.35513932
5235,14,1,0.53122574
5236,15,1,0.48763162
5237,16,1,0.75794876
5238,22,1,0.61158425
5239,19,1,0.3533807
5240,3,0,0.57079834
5241,16,0,0.46909487
5242,14,1,0.5215145
5243,23,1,0.38441426
5244,15,0,0.52215445
5245,2,1,0.47386047
5246,26,1,0.5535159
5247,1,0,0.41830033
5248,17,1,0.41616532
5249,15,1,0.5183262
5250,2,1,0.5077488
5251,18,1,0.7868519
5252,27,1,0.33309725
5253,13,1,0.7765508
5254,21,0,0.7653123
5255,17,0,0.20336308
5256,17,1,0.7970585
5257,11,0,0.48855314
5258,27,0,0.358922
5259,2,1,0.34461814
5260,12,1,0.42928687
5261,26,0,0.3363328
5262,12,0,0.1774749
5263,19,1,0.63485956
5264,8,0,0.3030866
5265,22,0,0.22229698
5266,18,1,0.5469652
5267,11,1,0.76897806
5268,0,0,0.45622563
5269,13,0,0.47430545
5270,11,1,0.6185536
5271,9,1,0.39772746
5272,25,1,0.60863847
5273,19,0,0.7097514
5274,17,0,0.29820466
5275,19,1,0.50057983
5276,7,1,0.731793
5277,2,1,0.39647695
5278,28,1,0.35936746
5279,15,1,0.13222341
5280,22,0,0.36492166
5281,23,0,0.30002135
5282,20,1,0.6231152
5283,6,0,0.2379416
5284,8,0,0.28974712
5285,4,1,0.8514685
5286,8,1,0.5802132
5287,24,1,0.3952131
5288,18,1,0.7341556
5289,27,0,0.08257477
5290,25,0,0.4631089
5291,10,1,0.7836224
5292,24,0,0.55364764
5293,21,1,0.5000616
5294,28,1,0.31590793
5295,5,1,0.92831355
5296,10,1,0.62936205
5297,5,0,0.62120456
5298,5,0,0.36476597
5299,17,1,0.452253
5300,19,0,0.23739173
5301,3,0,0.21753542
5302,13,0,0.35139063
5303,11,1,0.4221702
5304,26,0,0.44449654
5305,1,1,0.40349212
5306,2,0,0.8122476
5307,7,1,0.2778984
5308,11,1,0.8038877
5309,14,0,0.3331407
5310,12,1,0.5149072
5311,13,0,0.5729017
5312,26,1,0.42055514
5313,27,1,0.418419
5314,11,0,0.79643995
5315,22,0,0.30926785
5316,8,0,0.65138197
5317,16,0,0.1583472
5318,9,0,0.4166438
5319,27,1,0.62978274
5320,3,0,0.67173445
5321,24,0,0.2423556
5322,28,0,0.5691239
5323,9,0,0.28529856
5324,15,1,0.25166008
5325,5,0,0.32016298
5326,7,0,0.5768684
5327,2,1,0.5755106
5328,7,1,0.7208174
5329,13,0,0.5557385
5330,28,0,0.31264272
5331,12,1,0.56928796
5332,16,1,0.39433753
5333,2,1,0.46820882
5334,22,1,0.41566303
5335,22,0,0.40650246
5336,13,0,0.34172255
5337,26,0,0.21662584
5338,26,0,0.34723496
5339,2,1,0.37944305
5340,17,1,0.89572436
5341,1,1,0.7580288
5342,20,1,0.55588037
5343,1,0,0.60204184
5344,2,1,0.5494419
5345,27,0,0.45749548
5346,0,1,0.69162387
5347,13,0,0.19350949
5348,9,0,0.40336502
5349,15,1,0.44807667
5350,6,0,0.18777303
5351,18,1,0.5004463
5352,27,0,0.53318113
5353,17,1,0.31050867
5354,1,0,0.64130527
5355,15,0,0.41765794
5356,8,0,0.1910754
5357,16,1,0.51497567
5358,25,1,0.2572329
5359,28,1,0.5539062
5360,26,0,0.24379736
5361,10,0,0.19308917
5362,27,1,0.78080875
5363,7,0,0.24818842
5364,20,1,0.56211424
5365,21,0,0.31938523
5366,15,0,0.4471515
5367,6,0,0.26982743
5368,10,1,0.87684125
5369,8,1,0.47061992
5370,2,0,0.5356141
5371,10,0,0.2682592
5372,1,1,0.42071247
5373,15,1,0.2944356
5374,11,0,0.33143935
5375,10,0,0.17427805
5376,15,1,0.87280136
5377,15,0,0.28508717
5378,10,0,0.34495342
5379,28,0,0.15198998
5380,5,1,0.5810039
5381,13,1,0.41260087
5382,12,0,0.62552047
5383,20,0,0.14647938
5384,4,1,0.672932
5385,25,1,0.7477567
5386,25,1,0.5726373
5387,26,0,0.20829356
5388,19,1,0.43545803
5389,13,0,0.45755738
5390,25,1,0.8871626
5391,7,0,0.31164095
5392,13,1,0.3263212
5393,10,1,0.76833034
5394,27,1,0.7729222
5395,24,0,0.38381273
5396,15,1,0.876079
5397,0,0,0.53908545
5398,14,0,0.25439775
5399,11,1,0.22281492
5400,23,0,0.3133935
5401,1,1,0.5539401
5402,6,0,0.4343287
5403,27,1,0.5984205
5404,20,1,0.5637783
5405,16,0,0.31592202
5406,21,1,0.23709616
5407,20,0,0.102193795
5408,19,0,0.5579306
5409,22,1,0.6811439
5410,12,0,0.32336363
5411,26,1,0.45320374
5412,5,0,0.750565
5413,15,1,0.7042355
5414,21,0,0.62654227
5415,27,0,0.2016167
5416,12,1,0.6081418
5417,10,0,0.31220603
5418,12,0,0.24333833
5419,2,0,0.33440092
5420,3,1,0.72365123
5421,5,0,0.79357874
5422,21,0,0.54499567
5423,1,0,0.5132283
5424,2,1,0.678052
5425,16,1,0.78565794
5426,16,1,0.44045952
5427,2,0,0.25067464
5428,2,0,0.53025097
5429,1,1,0.2551427
5430,11,0,0.64473784
5431,4,1,0.908717
5432,20,0,0.66534185
5433,10,1,0.35630453
5434,11,0,0.3501017
5435,0,0,0.23570831
5436,16,1,0.4142614
5437,26,1,0.2823165
5438,13,0,0.26582527
5439,4,1,0.59271604
5440,3,0,0.2598469
5441,16,1,0.8167919
5442,14,1,0.7852918
5443,11,1,0.96338737
5444,7,0,0.24969026
5445,21,1,0.37552327
5446,24,1,0.12421287
5447,9,0,0.122833565
5448,26,1,0.71204007
5449,11,1,0.4104513
5450,7,1,0.4845814
5451,11,1,0.4110242
5452,24,1,0.40539482
5453,27,1,0.5518358
5454,16,1,0.55305594
5455,22,1,0.23849984
5456,25,1,0.3894893
5457,14,1,0.51540077
5458,16,1,0.8507628
5459,15,1,0.37904492
5460,2,1,0.6630036
5461,12,1,0.63811314
5462,26,1,0.47373122
5463,18,1,0.64694166
5464,24,0,0.4862934
5465,21,0,0.24847879
5466,2,1,0.39649633
5467,2,1,0.8692496
5468,4,0,0.7417888
5469,7,1,0.72701895
5470,10,1,0.5539273
5471,12,0,0.64995027
5472,27,1,0.4773851
5473,16,1,0.8093815
5474,12,0,0.4251578
5475,22,0,0.19979118
5476,8,1,0.6628547
5477,1,0,0.32343405
5478,12,1,0.34791645
5479,27,0,0.5202549
5480,7,0,0.3427111
5481,16,1,0.4228172
5482,10,1,0.83866185
5483,11,1,0.87646997
5484,25,0,0.61936057
5485,27,0,0.15143088
5486,23,0,0.7210011
5487,18,0,0.6056285
5488,4,1,0.8529097
5489,2,1,0.14703181
5490,27,0,0.73227745
5491,6,0,0.31090143
5492,16,1,0.44167146
5493,14,0,0.39249203
5494,20,1,0.31102487
5495,28,0,0.45170596
5496,16,0,0.2318972
5497,6,0,0.7289787
5498,13,1,0.2957515
5499,8,0,0.52748156
5500,16,1,0.6418867
5501,21,1,0.5563835
5502,27,0,0.2749163
5503,2,0,0.34906805
5504,11,0,0.5424085
5505,13,1,0.5066385
5506,21,1,0.83189815
5507,18,0,0.3234881
5508,17,1,0.6063046
5509,14,0,0.5767087
5510,23,0,0.49173802
5511,8,1,0.34764358
5512,20,0,0.24267352
5513,10,1,0.750539
5514,16,0,0.2345251
5515,7,0,0.35604814
5516,1,0,0.17587954
5517,13,0,0.1562833
5518,2,1,0.8458503
5519,2,0,0.29092115
5520,27,0,0.06262324
5521,25,1,0.7730123
5522,12,1,0.40295586
5523,24,1,0.3177246
5524,2,1,0.2710848
5525,14,1,0.43603396
5526,25,1,0.5487982
5527,6,1,0.7256243
5528,15,0,0.27001992
5529,11,1,0.7637755
5530,11,0,0.6085325
5531,2,1,0.7543693
5532,12,0,0.27460623
5533,11,1,0.7889758
5534,5,1,0.6464761
5535,3,0,0.5811493
5536,2,0,0.39797655
5537,17,0,0.20922863
5538,18,1,0.91160285
5539,25,1,0.4438572
5540,21,0,0.30432314
5541,0,0,0.36560678
5542,18,1,0.6424268
5543,20,1,0.23724285
5544,2,1,0.5124969
5545,12,1,0.30209202
5546,2,1,0.40222937
5547,16,1,0.4750024
5548,4,0,0.42074218
5549,15,0,0.5771138
5550,15,1,0.7634059
5551,27,1,0.3605694
5552,17,1,0.8634105
5553,5,0,0.26285496
5554,9,0,0.77858275
5555,13,0,0.62746567
5556,17,1,0.4841839
5557,15,1,0.39148933
5558,11,0,0.6775317
5559,15,0,0.4182471
5560,14,0,0.3699974
5561,1,1,0.6654094
5562,28,0,0.5247593
5563,21,0,0.12810434
5564,11,0,0.40042213
5565,26,0,0.26975065
5566,25,1,0.22060311
5567,15,0,0.53244454
5568,6,1,0.25548407
5569,12,0,0.6383157
5570,19,1,0.33845127
5571,10,1,0.6266083
5572,16,0,0.2936478
5573,2,1,0.89491946
5574,0,1,0.8550111
5575,8,1,0.7888164
5576,26,0,0.24474704
5577,5,1,0.5403289
5578,13,1,0.7422757
5579,2,0,0.5166447
5580,20,1,0.7748982
5581,18,1,0.8421119
5582,14,1,0.82401484
5583,28,1,0.5599993
5584,11,0,0.4675762
5585,16,1,0.30972996
5586,13,1,0.8031277
5587,10,1,0.7718104
5588,21,0,0.38081023
5589,16,0,0.50952446
5590,28,1,0.66850543
5591,27,1,0.77624786
5592,1,1,0.32571232
5593,28,1,0.8896486
5594,12,0,0.47802433
5595,25,0,0.18381065
5596,12,1,0.683578
5597,11,0,0.13373686
5598,17,0,0.6786744
5599,21,0,0.41343412
5600,2,1,0.82704455
5601,2,1,0.7787091
5602,18,1,0.74402803
5603,9,0,0.8772164
5604,27,0,0.30827236
5605,7,0,0.46801588
5606,19,0,0.44066146
5607,1,0,0.4624979
5608,3,1,0.6017223
5609,26,1,0.7863757
5610,11,0,0.5967076
5611,1,1,0.3356161
5612,27,1,0.56870615
5613,28,0,0.36620066
5614,25,0,0.5481464
5615,8,1,0.4766428
5616,24,1,0.17947237
5617,1,1,0.8682788
5618,17,0,0.14994556
5619,0,1,0.44929114
5620,6,1,0.30436254
5621,3,0,0.6603419
5622,0,1,0.7837082
5623,8,0,0.7404675
5624,17,1,0.26589206
5625,16,0,0.5095891
5626,25,1,0.85288715
5627,8,0,0.20335484
5628,5,0,0.26221988
5629,8,0,0.6142965
5630,16,1,0.813377
5631,3,1,0.24163058
5632,12,1,0.68119603
5633,1,0,0.550717
5634,8,1,0.50937665
5635,3,1,0.29671627
5636,27,0,0.27749234
5637,15,0,0.69439393
5638,16,1,0.3020198
5639,28,0,0.39200824
5640,23,1,0.7780732
5641,9,0,0.22971429
5642,11,1,0.504584
5643,22,1,0.71320486
5644,1,1,0.36470205
5645,12,1,0.70085675
5646,4,0,0.3292507
5647,25,0,0.34488776
5648,16,0,0.5323946
5649,15,0,0.30856195
5650,7,1,0.5689869
5651,9,1,0.31485116
5652,2,1,0.65838706
5653,0,0,0.41222286
5654,11,1,0.23284157
5655,12,0,0.3680476
5656,26,1,0.39407283
5657,16,0,0.44428533
5658,1,1,0.80412203
5659,11,1,0.85702854
5660,7,0,0.41470417
5661,8,0,0.5697525
5662,13,0,0.20492028
5663,15,1,0.51761293
5664,6,1,0.89475155
5665,9,1,0.15759622
5666,10,0,0.32690006
5667,12,0,0.30941063
5668,14,0,0.79484135
5669,6,0,0.18673101
5670,11,0,0.112788394
5671,26,1,0.4957902
5672,27,0,0.26689714
5673,10,1,0.5790157
5674,26,0,0.3871758
5675,16,0,0.7905904
5676,26,0,0.78285766
5677,21,1,0.74532384
5678,1,1,0.31150407
5679,10,1,0.21890505
5680,3,1,0.8344713
5681,10,0,0.36721703
5682,3,1,0.32843482
5683,16,1,0.81096953
5684,26,1,0.7089041
5685,2,0,0.39228135
5686,25,0,0.24532151
5687,2,1,0.4689321
5688,27,1,0.6232929
5689,24,0,0.55050457
5690,1,0,0.5421912
5691,17,0,0.88129795
5692,21,1,0.3982352
5693,28,0,0.14780591
5694,27,1,0.29544896
5695,20,1,0.54105437
5696,8,0,0.16885367
5697,1,0,0.6352299
5698,16,1,0.5960446
5699,1,1,0.29383308
5700,10,0,0.45497993
5701,3,1,0.8851377
5702,25,0,0.35821098
5703,28,1,0.912243
5704,16,0,0.1895448
5705,3,0,0.54006803
5706,25,1,0.368628
5707,8,0,0.60824054
5708,14,0,0.21448602
5709,1,0,0.453378
5710,2,1,0.6988854
5711,22,1,0.26657626
5712,11,0,0.35223585
5713,15,1,0.48392436
5714,12,1,0.25254336
5715,6,1,0.547887
5716,16,0,0.20409735
5717,8,1,0.72218937
5718,13,1,0.55454814
5719,13,1,0.85696214
5720,3,0,0.64726406
5721,1,0,0.63276917
5722,27,0,0.63711655
5723,2,0,0.35495245
5724,26,0,0.40668508
5725,4,1,0.3715381
5726,3,1,0.6917463
5727,12,0,0.6302699
5728,16,1,0.2722979
5729,12,0,0.6086097
5730,11,1,0.81868386
5731,26,0,0.39246875
5732,13,0,0.36500317
5733,5,1,0.8365605
5734,4,0,0.48285028
5735,8,1,0.7736684
5736,8,1,0.1631285
5737,13,1,0.2911521
5738,16,1,0.5825412
5739,3,1,0.78768647
5740,3,0,0.20435043
5741,22,1,0.51019675
5742,2,1,0.82945186
5743,25,0,0.7158225
5744,25,1,0.25587335
5745,7,1,0.6344408
5746,4,0,0.4507791
5747,1,0,0.35841927
5748,10,0,0.76743656
5749,8,0,0.69959575
5750,8,0,0.810738
5751,28,0,0.2802769
5752,15,0,0.1426729
5753,4,1,0.5456924
5754,13,1,0.6379172
5755,17,0,0.54109514
5756,9,0,0.3392809
5757,15,1,0.39585924
5758,2,0,0.64151734
5759,25,1,0.39185542
5760,4,0,0.20836914
5761,0,0,0.1963031
5762,13,1,0.82338786
5763,15,1,0.67036104
5764,15,0,0.25775066
5765,3,1,0.5443779
5766,2,0,0.2763556
5767,10,0,0.29390398
5768,9,1,0.67380977
5769,16,1,0.5726415
5770,1,0,0.4907246
5771,15,1,0.86325485
5772,11,0,0.2698933
5773,18,0,0.7704355
5774,17,0,0.47232282
5775,26,0,0.5163045
5776,25,0,0.4675975
5777,15,1,0.73843193
5778,8,0,0.59545255
5779,6,0,0.48411125
5780,16,1,0.5640757
5781,18,1,0.59007096
5782,2,0,0.17524546
5783,16,1,0.60476637
5784,2,0,0.5571069
5785,14,1,0.15840743
5786,23,1,0.57796365
5787,3,1,0.57360286
5788,10,0,0.4326819
5789,2,1,0.5316678
5790,14,0,0.5369821
5791,17,0,0.20889978
5792,1,1,0.5653217
5793,25,0,0.10459353
5794,10,1,0.7690612
5795,16,0,0.49573514
5796,11,1,0.55677253
5797,11,0,0.39971566
5798,23,1,0.61528903
5799,15,1,0.70288837
5800,13,0,0.5337591
5801,9,0,0.70972914
5802,4,0,0.32651964
5803,22,1,0.43505213
5804,13,0,0.24359287
5805,27,0,0.22483215
5806,2,0,0.2271507
5807,2,0,0.78117394
5808,12,0,0.379793
5809,15,0,0.4652892
5810,17,0,0.26448056
5811,1,0,0.5377913
5812,27,1,0.7649877
5813,26,1,0.5209987
5814,19,0,0.35159966
5815,1,0,0.17504814
5816,1,0,0.6939088
5817,16,0,0.41882512
5818,0,1,0.75122327
5819,7,0,0.22282965
5820,13,0,0.5121525
5821,27,0,0.22945493
5822,9,1,0.081794195
5823,1,1,0.6333351
5824,12,0,0.32783273
5825,16,1,0.654145
5826,5,0,0.10310377
5827,0,1,0.11028117
5828,6,1,0.42937148
5829,22,0,0.36523697
5830,16,0,0.52966267
5831,10,1,0.1590226
5832,2,1,0.334669
5833,14,1,0.8343279
5834,18,0,0.47298044
5835,16,1,0.7264968
5836,16,0,0.21699166
5837,28,0,0.17191161
5838,13,1,0.63529557
5839,15,1,0.6668201
5840,27,1,0.56536454
5841,12,1,0.5750419
5842,4,1,0.5322064
5843,27,1,0.5111176
5844,25,0,0.43553415
5845,18,1,0.42381382
5846,10,0,0.66895825
5847,3,1,0.64825773
5848,15,1,0.38852674
5849,22,1,0.32163358
5850,3,1,0.8151654
5851,23,0,0.5675239
5852,12,1,0.6071543
5853,13,1,0.35495654
5854,25,0,0.7697545
5855,16,1,0.5205413
5856,8,0,0.5502415
5857,2,1,0.706252
5858,12,0,0.09935738
5859,17,0,0.30674577
5860,2,1,0.6134098
5861,15,0,0.24243103
5862,13,1,0.5473697
5863,2,0,0.56983674
5864,7,1,0.46628624
5865,7,0,0.22398023
5866,1,1,0.7579206
5867,23,0,0.13946699
5868,2,0,0.24111426
5869,1,1,0.2535236
5870,15,1,0.4299417
5871,10,1,0.87485653
5872,15,0,0.267619
5873,3,0,0.22583182
5874,25,0,0.58782643
5875,9,1,0.42806736
5876,2,0,0.57019615
5877,13,1,0.8468803
5878,25,0,0.5420999
5879,7,1,0.10822629
5880,15,0,0.3884165
5881,20,0,0.16316612
5882,26,0,0.46781516
5883,27,1,0.4292234
5884,6,0,0.45785615
5885,17,1,0.77078897
5886,8,0,0.2048661
5887,23,0,0.32382187
5888,16,1,0.6049149
5889,17,0,0.28232512
5890,25,0,0.40608156
5891,16,0,0.21792887
5892,1,0,0.24073921
5893,17,0,0.15588702
5894,9,0,0.16738513
5895,19,0,0.6021204
5896,24,1,0.3531289
5897,12,0,0.68253094
5898,5,1,0.53988165
5899,12,0,0.7733287
5900,10,1,0.7535953
5901,27,1,0.16875377
5902,8,0,0.20081618
5903,27,1,0.75249636
5904,13,1,0.49176338
5905,24,1,0.48987228
5906,3,1,0.44089168
5907,18,1,0.859471
5908,13,1,0.29914838
5909,23,1,0.2488056
5910,18,1,0.557814
5911,9,0,0.7161865
5912,8,0,0.21215644
5913,21,1,0.21441652
5914,13,1,0.5479674
5915,16,1,0.7812746
5916,6,0,0.58138794
5917,27,1,0.782799
5918,13,1,0.8809923
5919,6,0,0.69178414
5920,22,0,0.3442501
5921,19,0,0.22616051
5922,27,1,0.75257885
5923,3,0,0.19431084
5924,16,1,0.48948684
5925,11,0,0.5232631
5926,16,0,0.3297687
5927,27,1,0.74161476
5928,2,0,0.3589463
5929,25,0,0.4177713
5930,0,0,0.4008524
5931,2,0,0.50251245
5932,21,0,0.48834622
5933,18,1,0.86430293
5934,10,1,0.4339098
5935,5,0,0.46121195
5936,14,1,0.42152342
5937,13,0,0.38155112
5938,7,1,0.81719315
5939,16,0,0.38355905
5940,15,1,0.35972416
5941,27,1,0.34501943
5942,17,1,0.6139898
5943,8,0,0.3966352
5944,25,0,0.30515513
5945,9,1,0.90195036
5946,12,1,0.4607547
5947,26,1,0.38383648
5948,25,0,0.34374171
5949,7,1,0.85581464
5950,8,0,0.59473926
5951,25,0,0.4034311
5952,17,1,0.5591661
5953,16,1,0.75755244
5954,25,0,0.5242671
5955,1,0,0.84111196
5956,13,0,0.50583917
5957,28,0,0.3424907
5958,13,1,0.5132367
5959,9,0,0.27844414
5960,26,1,0.45631042
5961,11,0,0.33697867
5962,10,0,0.66545665
5963,6,1,0.28404242
5964,22,0,0.70632184
5965,18,0,0.5496319
5966,15,1,0.41801018
5967,11,1,0.8499113
5968,15,1,0.5115573
5969,20,1,0.7261632
5970,16,1,0.74405706
5971,14,0,0.35187364
5972,16,1,0.673149
5973,21,0,0.3118085
5974,22,1,0.5167948
5975,2,0,0.28440216
5976,8,1,0.51276815
5977,4,0,0.30299917
5978,25,0,0.7400092
5979,12,1,0.3900102
5980,1,0,0.19001137
5981,7,0,0.34688112
5982,12,1,0.9116317
5983,15,1,0.9157059
5984,26,1,0.47362417
5985,14,1,0.6949952
5986,22,1,0.6465042
5987,27,0,0.5328282
5988,22,0,0.54101104
5989,15,1,0.48407522
5990,14,1,0.7897615
5991,22,1,0.8901753
5992,15,0,0.4395365
5993,16,1,0.5807889
5994,2,0,0.48830903
5995,7,1,0.71810585
5996,25,1,0.2448735
5997,25,0,0.23573664
5998,8,0,0.46162626
5999,11,1,0.85346097
6000,27,0,0.23901108
6001,28,1,0.5160831
6002,13,0,0.18659925
6003,4,0,0.3533
6004,25,0,0.24135576
6005,17,1,0.63866264
6006,2,0,0.72967464
6007,3,1,0.5962911
6008,28,1,0.57260436
6009,25,0,0.228096
6010,25,1,0.505027
6011,24,1,0.5658181
6012,1,1,0.792957
6013,20,1,0.71528417
6014,18,1,0.6483151
6015,10,1,0.6378177
6016,17,0,0.1779899
6017,2,0,0.21136613
6018,3,0,0.3750456
6019,21,1,0.8504071
6020,13,1,0.7558387
6021,25,1,0.4555077
6022,20,1,0.28269485
6023,18,0,0.5668729
6024,11,0,0.47603324
6025,6,0,0.33040535
6026,20,0,0.52856714
6027,12,0,0.33749396
6028,23,1,0.36652243
6029,8,1,0.8122974
6030,15,1,0.48100743
6031,7,0,0.8968658
6032,0,1,0.67619747
6033,19,1,0.62279814
6034,2,0,0.2349653
6035,26,1,0.54103726
6036,16,0,0.56823045
6037,18,1,0.85421735
6038,21,1,0.22936459
6039,13,0,0.48930708
6040,18,0,0.25183415
6041,26,1,0.5878122
6042,1,1,0.69652194
6043,15,1,0.6213439
6044,0,1,0.4543016
6045,17,1,0.5836756
6046,28,0,0.8325195
6047,17,0,0.40042132
6048,4,1,0.9560442
6049,1,1,0.47871307
6050,12,0,0.44444925
6051,11,0,0.42367736
6052,4,0,0.31361067
6053,26,1,0.7188263
6054,15,1,0.7534458
6055,6,0,0.4942113
6056,3,1,0.5961057
6057,10,1,0.7861215
6058,22,1,0.45591772
6059,15,1,0.6295439
6060,1,0,0.44297338
6061,9,0,0.28760573
6062,12,0,0.5410366
6063,25,0,0.34611914
6064,10,0,0.46493107
6065,19,0,0.36194637
6066,16,0,0.41091114
6067,15,1,0.5170853
6068,13,0,0.12154875
6069,16,0,0.37261266
6070,21,0,0.67471415
6071,13,1,0.6982274
6072,19,1,0.79838985
6073,8,1,0.67297685
6074,23,1,0.10172357
6075,11,0,0.5241957
6076,16,1,0.67192405
6077,24,1,0.3347401
6078,17,0,0.2075371
6079,15,1,0.21267422
6080,8,0,0.49356702
6081,1,0,0.53783196
6082,3,1,0.627311
6083,24,0,0.17496139
6084,25,0,0.3910503
6085,10,0,0.80678433
6086,12,0,0.4748869
6087,11,1,0.85974056
6088,10,0,0.28601176
6089,15,1,0.687778
6090,3,1,0.5220321
6091,28,1,0.17942338
6092,27,0,0.45680848
6093,15,0,0.62062234
6094,3,0,0.38131008
6095,16,1,0.54736334
6096,23,0,0.44316256
6097,8,0,0.24556303
6098,6,1,0.59399444
6099,22,0,0.23184884
6100,8,0,0.60307324
6101,15,0,0.4992555
6102,21,1,0.20350589
6103,10,0,0.575914
6104,21,1,0.6485456
6105,2,0,0.08635246
6106,26,1,0.8225885
6107,26,1,0.2570686
6108,12,1,0.25299913
6109,2,0,0.48490724
6110,28,1,0.82365674
6111,9,0,0.5245805
6112,15,0,0.49234492
6113,4,0,0.53356653
6114,25,0,0.44030204
6115,16,0,0.32794508
6116,12,1,0.52266026
6117,25,0,0.42551604
6118,5,1,0.573291
6119,9,0,0.24384473
6120,27,0,0.2590663
6121,16,0,0.80454165
6122,28,1,0.5279708
6123,28,1,0.80858696
6124,10,1,0.49051344
6125,20,0,0.32828173
6126,8,1,0.23086223
6127,8,0,0.2581282
6128,15,0,0.6268242
6129,20,1,0.69123983
6130,16,0,0.314005
6131,25,0,0.50140184
6132,11,1,0.32618886
6133,8,1,0.7968897
6134,11,0,0.6673727
6135,4,0,0.19190255
6136,11,1,0.54226285
6137,2,0,0.67661613
6138,13,0,0.27429184
6139,7,0,0.31739104
6140,20,0,0.6449426
6141,4,1,0.5761351
6142,8,1,0.73573375
6143,3,0,0.47135285
6144,0,0,0.45892373
6145,8,1,0.56725574
6146,25,0,0.6165616
6147,6,1,0.81991893
6148,5,0,0.40036032
6149,8,0,0.30638194
6150,6,1,0.532348
6151,12,0,0.16908629
6152,17,0,0.3123618
6153,8,0,0.6699897
6154,1,0,0.20840824
6155,20,0,0.66828
6156,2,0,0.5600033
6157,2,1,0.523209
6158,3,1,0.08775217
6159,22,0,0.36366734
6160,22,1,0.2760696
6161,21,1,0.6811893
6162,17,0,0.31844014
6163,8,0,0.3185212
6164,25,0,0.43308237
6165,5,0,0.2807659
6166,7,0,0.5472589
6167,10,0,0.17801934
6168,25,1,0.63261414
6169,12,1,0.59394455
6170,24,1,0.86747015
6171,12,1,0.6032513
6172,11,0,0.2584895
6173,22,1,0.56856114
6174,6,0,0.31282324
6175,15,0,0.66622037
6176,3,1,0.35607728
6177,16,0,0.4042421
6178,0,0,0.44262874
6179,7,0,0.48118094
6180,26,0,0.8372742
6181,20,0,0.3933116
6182,8,0,0.6629631
6183,22,0,0.46570146
6184,26,1,0.45664755
6185,16,0,0.49527508
6186,14,0,0.21022727
6187,15,1,0.70002043
6188,8,0,0.4924973
6189,25,0,0.24046004
6190,0,1,0.2992595
6191,3,1,0.52885646
6192,10,0,0.43019766
6193,12,1,0.28745738
6194,28,1,0.57991093
6195,14,1,0.64466625
6196,13,1,0.42417857
6197,7,1,0.6244492
6198,0,1,0.8318913
6199,13,1,0.7023303
6200,12,0,0.38764763
6201,13,0,0.4690594
6202,26,0,0.21190935
6203,14,1,0.47749776
6204,12,0,0.63329977
6205,22,1,0.7009683
6206,26,0,0.48656464
6207,16,0,0.32459453
6208,13,1,0.87500674
6209,10,0,0.69059527
6210,9,1,0.5754817
6211,0,0,0.52410674
6212,10,0,0.22907847
6213,15,1,0.553661
6214,7,1,0.559215
6215,7,0,0.65326643
6216,14,0,0.57550853
6217,24,0,0.3417534
6218,11,1,0.48722383
6219,15,1,0.653581
6220,15,1,0.76182365
6221,23,0,0.7157108
6222,10,1,0.3611649
6223,13,1,0.605409
6224,12,1,0.7752403
6225,4,1,0.8824759
6226,27,1,0.6224739
6227,8,0,0.4308847
6228,10,0,0.57164997
6229,19,1,0.5513769
6230,10,1,0.6638229
6231,11,1,0.73345137
6232,2,0,0.31877807
6233,4,1,0.59760636
6234,1,0,0.4207204
6235,2,0,0.22245795
6236,16,0,0.3079157
6237,25,0,0.33700064
6238,4,1,0.5232289
6239,13,1,0.74039817
6240,3,0,0.40765396
6241,25,1,0.6782606
6242,27,1,0.54160964
6243,6,1,0.88564134
6244,27,1,0.39289948
6245,26,1,0.4712706
6246,22,0,0.85882634
6247,26,0,0.06792399
6248,16,1,0.59816366
6249,14,1,0.34477365
6250,25,0,0.19742882
6251,1,0,0.52895457
6252,14,0,0.6749331
6253,2,0,0.7039486
6254,20,1,0.19630837
6255,11,1,0.7627228
6256,21,1,0.7404254
6257,13,1,0.8571367
6258,15,0,0.23694357
6259,13,0,0.4029622
6260,14,0,0.406597
6261,1,1,0.5914884
6262,26,1,0.49414456
6263,12,0,0.08787672
6264,19,1,0.707819
6265,15,0,0.2288985
6266,17,1,0.63123804
6267,17,1,0.7718862
6268,10,0,0.3957709
6269,11,0,0.17011645
6270,18,1,0.6226856
6271,8,0,0.45190054
6272,1,1,0.569222
6273,15,0,0.26271078
6274,21,1,0.52957964
6275,10,0,0.48087564
6276,1,0,0.5006897
6277,26,1,0.44865498
6278,18,1,0.40067267
6279,25,0,0.66768336
6280,10,0,0.34447065
6281,12,1,0.5431658
6282,11,0,0.26194936
6283,7,0,0.36970603
6284,20,1,0.82889265
6285,10,0,0.36957407
6286,13,0,0.15187703
6287,6,1,0.85694313
6288,15,0,0.672949
6289,11,1,0.5908032
6290,1,1,0.5896407
6291,25,1,0.8337392
6292,2,1,0.31148097
6293,2,1,0.7695981
6294,20,1,0.60712785
6295,11,1,0.6366276
6296,8,1,0.4973072
6297,14,0,0.51592046
6298,27,1,0.577469
6299,18,1,0.22903053
6300,21,1,0.6122844
6301,10,0,0.28599238
6302,11,0,0.124205634
6303,12,0,0.35977063
6304,3,0,0.26404172
6305,16,0,0.4383383
6306,4,1,0.89607614
6307,14,0,0.178129
6308,26,1,0.749301
6309,23,1,0.44641364
6310,22,0,0.056136448
6311,16,1,0.7238104
6312,2,1,0.4267054
6313,26,0,0.37450716
6314,12,1,0.22607362
6315,12,1,0.607118
6316,13,1,0.7626567
6317,11,0,0.5115827
6318,2,1,0.56599087
6319,20,1,0.8105252
6320,22,1,0.30572927
6321,21,0,0.5172229
6322,14,0,0.26331544
6323,10,1,0.81800735
6324,12,0,0.40373245
6325,3,0,0.79463613
6326,26,1,0.7218233
6327,26,1,0.45315236
6328,21,0,0.34384194
6329,8,0,0.3637795
6330,10,1,0.8182838
6331,19,0,0.12880443
6332,8,1,0.39066997
6333,2,0,0.3261143
6334,8,1,0.68606156
6335,16,0,0.81507653
6336,16,1,0.726158
6337,10,1,0.23120445
6338,3,0,0.5809953
6339,8,0,0.67188364
6340,7,0,0.5963271
6341,10,0,0.42411226
6342,20,1,0.8232957
6343,7,1,0.5153465
6344,3,0,0.6708014
6345,17,0,0.3006583
6346,8,1,0.581213
6347,13,1,0.2228992
6348,22,0,0.4202381
6349,14,1,0.5831965
6350,11,0,0.12848938
6351,16,0,0.56394607
6352,2,1,0.5230735
6353,1,0,0.51506406
6354,20,1,0.44285017
6355,10,1,0.73074734
6356,1,0,0.60133666
6357,22,0,0.81851184
6358,12,1,0.545641
6359,4,0,0.4046495
6360,28,0,0.20929696
6361,0,1,0.18655539
6362,16,1,0.7809318
6363,2,0,0.53950036
6364,17,1,0.35654092
6365,1,1,0.5582891
6366,16,0,0.47396028
6367,18,0,0.6489864
6368,13,0,0.15552622
6369,10,0,0.24584843
6370,14,0,0.22399566
6371,20,1,0.735584
6372,21,0,0.55412626
6373,12,0,0.31401128
6374,23,1,0.3799881
6375,7,1,0.50344944
6376,3,0,0.61315805
6377,5,0,0.23157234
6378,7,1,0.5236316
6379,25,1,0.56277573
6380,13,1,0.7228026
6381,26,1,0.21392614
6382,12,0,0.18514317
6383,27,1,0.46308735
6384,25,0,0.40972984
6385,1,0,0.53067493
6386,8,0,0.34144548
6387,17,1,0.73099387
6388,12,0,0.30274695
6389,1,0,0.5850682
6390,20,1,0.29234743
6391,10,1,0.66732085
6392,10,1,0.578179
6393,8,1,0.8581602
6394,5,0,0.53730386
6395,25,1,0.52372515
6396,24,1,0.7456339
6397,13,0,0.16247635
6398,10,0,0.45965964
6399,2,0,0.36013216
6400,21,1,0.57503134
6401,28,0,0.34182164
6402,14,0,0.41516832
6403,25,1,0.8541191
6404,17,0,0.3182393
6405,10,1,0.5387762
6406,25,0,0.3966332
6407,2,0,0.7118216
6408,16,0,0.56504536
6409,27,1,0.32573438
6410,21,0,0.2539481
6411,8,0,0.31414065
6412,2,0,0.25312158
6413,16,1,0.90145
6414,1,1,0.52218765
6415,18,0,0.41934225
6416,13,0,0.346385
6417,2,1,0.32977965
6418,12,1,0.6516395
6419,10,1,0.85164416
6420,24,1,0.5731842
6421,26,0,0.27350667
6422,13,0,0.25277188
6423,10,0,0.37013888
6424,16,0,0.15999661
6425,28,1,0.50483155
6426,3,1,0.6918989
6427,4,0,0.1354378
6428,11,1,0.7820386
6429,12,1,0.63618636
6430,4,0,0.52703816
6431,26,1,0.6153953
6432,10,1,0.23509313
6433,25,0,0.24909832
6434,6,0,0.42559022
6435,2,1,0.8034092
6436,10,0,0.6410928
6437,18,1,0.47470114
6438,15,0,0.52160037
6439,10,0,0.4864977
6440,9,1,0.43752536
6441,1,1,0.27379528
6442,16,1,0.56240237
6443,2,1,0.4516604
6444,15,1,0.36130756
6445,0,0,0.20517099
6446,6,1,0.49192846
6447,8,1,0.47172603
6448,22,0,0.12764896
6449,25,1,0.20382656
6450,13,0,0.13801858
6451,25,1,0.7936193
6452,4,1,0.6954465
6453,7,1,0.8881011
6454,25,1,0.31679448
6455,7,0,0.34703818
6456,10,1,0.50576735
6457,16,1,0.4881434
6458,1,1,0.858561
6459,26,0,0.5822294
6460,22,1,0.5323953
6461,26,0,0.30163056
6462,10,0,0.3689568
6463,24,0,0.5602729
6464,16,1,0.54776
6465,16,0,0.41937664
6466,1,0,0.22916444
6467,16,0,0.18632184
6468,6,1,0.7366825
6469,25,0,0.49301466
6470,23,0,0.43023127
6471,2,1,0.809927
6472,20,1,0.48261815
6473,21,0,0.57384336
6474,15,1,0.48497322
6475,3,0,0.24624899
6476,13,1,0.52184546
6477,23,1,0.68532526
6478,23,1,0.7598385
6479,11,1,0.53210115
6480,14,1,0.7603662
6481,23,0,0.28087282
6482,8,0,0.35611147
6483,15,0,0.21170451
6484,26,0,0.5378742
6485,20,0,0.19185507
6486,12,1,0.51074725
6487,18,1,0.47808787
6488,16,1,0.49938315
6489,2,0,0.25773606
6490,20,1,0.5947616
6491,13,1,0.24816737
6492,26,1,0.54954875
6493,19,1,0.5266582
6494,27,0,0.28424752
6495,26,1,0.8737865
6496,3,0,0.18886206
6497,26,1,0.8516591
6498,25,1,0.6182945
6499,11,0,0.32973307
6500,23,0,0.4790954
6501,10,1,0.8792234
6502,16,1,0.6342577
6503,25,0,0.1650453
6504,16,0,0.21779495
6505,22,0,0.5026137
6506,0,1,0.6537621
6507,23,1,0.45094797
6508,27,1,0.5113285
6509,6,0,0.4952688
6510,25,0,0.14246656
6511,0,1,0.9253187
6512,12,1,0.4727063
6513,15,0,0.15312132
6514,13,1,0.58313495
6515,17,1,0.30972788
6516,1,1,0.7520922
6517,20,1,0.3770893
6518,27,1,0.57503176
6519,18,1,0.68302995
6520,12,0,0.60226405
6521,2,0,0.22456564
6522,2,0,0.56880456
6523,26,1,0.84018356
6524,17,0,0.59500116
6525,16,1,0.19558339
6526,16,0,0.40711555
6527,12,1,0.6073903
6528,8,0,0.61320263
6529,20,1,0.8997445
6530,28,1,0.7825689
6531,2,0,0.33929607
6532,8,0,0.73415935
6533,16,1,0.7656512
6534,24,0,0.24587928
6535,16,0,0.5605441
6536,26,0,0.49024054
6537,5,0,0.44848534
6538,13,0,0.58620274
6539,10,1,0.53426856
6540,12,1,0.49593285
6541,3,0,0.40847477
6542,7,1,0.4506449
6543,13,1,0.5079904
6544,13,0,0.1857691
6545,8,1,0.5505348
6546,26,0,0.4233973
6547,13,1,0.9155735
6548,24,0,0.45469528
6549,9,1,0.9052541
6550,23,1,0.6380613
6551,21,1,0.620951
6552,2,0,0.35746524
6553,26,1,0.42314988
6554,1,1,0.37582058
6555,10,0,0.34136188
6556,13,1,0.3573853
6557,21,0,0.12922193
6558,0,1,0.25862023
6559,8,1,0.70009863
6560,3,1,0.4395174
6561,21,0,0.23718451
6562,15,0,0.47317237
6563,9,0,0.3183564
6564,12,1,0.27764425
6565,6,1,0.48306337
6566,19,1,0.6658636
6567,2,0,0.5709805
6568,27,0,0.57278883
6569,2,1,0.39147815
6570,24,1,0.7892986
6571,13,0,0.17535141
6572,22,1,0.8476958
6573,10,0,0.37796596
6574,7,0,0.44925717
6575,8,1,0.6481221
6576,5,1,0.7730656
6577,19,1,0.8561185
6578,11,1,0.20237128
6579,25,1,0.6478441
6580,6,1,0.51680475
6581,16,0,0.70069194
6582,22,0,0.46841833
6583,25,0,0.40874875
6584,23,1,0.5655922
6585,18,1,0.58734715
6586,12,0,0.78362983
6587,9,1,0.3637299
6588,11,0,0.19672568
6589,11,1,0.63212293
6590,12,0,0.37104067
6591,10,0,0.5869581
6592,25,1,0.73197544
6593,2,1,0.3661041
6594,14,0,0.6147053
6595,10,1,0.6081598
6596,18,0,0.24703793
6597,8,1,0.7997358
6598,18,1,0.47530207
6599,6,0,0.5519143
6600,8,1,0.38114798
6601,13,1,0.6023913
6602,10,1,0.52888787
6603,27,0,0.1444072
6604,1,0,0.39919612
6605,10,1,0.7128579
6606,16,0,0.42539075
6607,19,0,0.6895233
6608,21,1,0.6738628
6609,21,0,0.448456
6610,20,0,0.27423885
6611,18,0,0.34381813
6612,18,0,0.4064661
6613,13,0,0.22120513
6614,27,1,0.52881855
6615,13,0,0.33689648
6616,22,0,0.23608144
6617,22,1,0.70794225
6618,22,0,0.52354634
6619,14,0,0.31889328
6620,11,1,0.89543235
6621,6,0,0.3162335
6622,12,0,0.17237067
6623,12,0,0.4802247
6624,27,0,0.47150344
6625,13,1,0.43113038
6626,13,1,0.32708266
6627,11,0,0.25376254
6628,2,0,0.6798391
6629,25,0,0.6187888
6630,3,0,0.7137703
6631,26,0,0.27833825
6632,4,0,0.40062055
6633,9,0,0.14790793
6634,3,1,0.3952478
6635,22,0,0.6066621
6636,9,1,0.8562532
6637,18,1,0.7174025
6638,26,1,0.5103069
6639,1,0,0.36376193
6640,25,1,0.73127925
6641,15,1,0.31569389
6642,4,1,0.761678
6643,1,1,0.22381715
6644,17,0,0.7208236
6645,13,0,0.46073925
6646,22,0,0.33025128
6647,2,1,0.806276
6648,2,1,0.712522
6649,13,1,0.7280843
6650,16,0,0.13333805
6651,11,0,0.4520883
6652,8,1,0.51522297
6653,5,0,0.3827751
6654,22,0,0.36202314
6655,11,0,0.13639945
6656,17,1,0.30336618
6657,2,0,0.24193789
6658,20,0,0.20790909
6659,23,0,0.5334886
6660,11,1,0.3369
6661,2,1,0.68474644
6662,25,1,0.7891746
6663,17,1,0.51481116
6664,25,1,0.6814263
6665,25,0,0.6478896
6666,24,1,0.23666917
6667,15,0,0.81284785
6668,16,0,0.5434265
6669,2,0,0.15532689
6670,11,1,0.5939071
6671,16,0,0.59711844
6672,3,0,0.25526503
6673,25,1,0.8954436
6674,15,1,0.8448565
6675,13,0,0.50164443
6676,15,0,0.37936214
6677,18,1,0.63631237
6678,4,0,0.4900697
6679,13,1,0.3705853
6680,6,1,0.7201528
6681,21,1,0.67083144
6682,4,1,0.35386172
6683,16,1,0.690006
6684,1,1,0.80715156
6685,8,1,0.3406973
6686,18,0,0.43472075
6687,21,1,0.83951443
6688,26,0,0.2529739
6689,17,1,0.28396305
6690,5,0,0.33650652
6691,8,0,0.4645856
6692,1,1,0.3144596
6693,16,0,0.20992391
6694,15,0,0.6723001
6695,10,1,0.65467834
6696,26,1,0.73990065
6697,22,0,0.9031847
6698,2,0,0.22221765
6699,1,0,0.4772728
6700,2,1,0.32790488
6701,7,1,0.33774328
6702,25,0,0.45416573
6703,11,0,0.47511512
6704,10,1,0.36313295
6705,9,1,0.57094216
6706,28,0,0.6945051
6707,2,0,0.12969133
6708,22,1,0.763258
6709,1,1,0.75144637
6710,17,0,0.40270987
6711,2,1,0.43477774
6712,7,0,0.15892982
6713,2,1,0.4945368
6714,3,1,0.23455696
6715,15,0,0.30337006
6716,11,1,0.40405676
6717,13,1,0.5396282
6718,8,0,0.3251708
6719,15,1,0.51608574
6720,0,0,0.38253114
6721,14,0,0.45941895
6722,19,1,0.54655683
6723,25,0,0.5126196
6724,1,1,0.71444064
6725,22,0,0.39711195
6726,9,0,0.19267522
6727,25,0,0.167107
6728,27,1,0.59344155
6729,23,1,0.7739377
6730,22,0,0.89593625
6731,23,1,0.5984905
6732,22,1,0.8382889
6733,1,0,0.5754231
6734,14,1,0.4758733
6735,1,0,0.67381066
6736,13,0,0.8072135
6737,21,1,0.3564584
6738,2,1,0.43403974
6739,16,0,0.41370147
6740,28,0,0.549396
6741,20,1,0.24263357
6742,15,0,0.5268073
6743,15,0,0.09347954
6744,8,1,0.6549211
6745,5,1,0.6325423
6746,15,1,0.25196335
6747,1,1,0.79128295
6748,15,1,0.7208094
6749,0,1,0.51349396
6750,8,0,0.26648518
6751,20,0,0.24044438
6752,8,0,0.23620832
6753,5,0,0.64288354
6754,12,1,0.27238175
6755,15,1,0.6528449
6756,13,0,0.476071
6757,1,1,0.5491551
6758,13,0,0.16176376
6759,7,0,0.3990013
6760,6,1,0.7215514
6761,22,0,0.29781812
6762,8,1,0.7250325
6763,16,1,0.19580865
6764,16,0,0.16037017
6765,3,1,0.6633471
6766,16,0,0.3295504
6767,11,0,0.23992288
6768,3,1,0.21166877
6769,13,0,0.6344511
6770,15,1,0.3717747
6771,23,1,0.4346141
6772,4,0,0.3224512
6773,6,0,0.31459504
6774,5,1,0.31872872
6775,28,0,0.3397134
6776,24,0,0.5197937
6777,2,1,0.5967536
6778,17,1,0.21280289
6779,3,1,0.4639804
6780,27,0,0.6098462
6781,15,1,0.64106643
6782,10,0,0.24621424
6783,14,0,0.3629794
6784,3,1,0.83912396
6785,7,1,0.5712006
6786,2,1,0.7377637
6787,15,0,0.4625918
6788,13,1,0.91873205
6789,2,1,0.6558982
6790,13,0,0.55604005
6791,17,1,0.2543073
6792,4,1,0.79558814
6793,25,0,0.5520922
6794,10,1,0.5980262
6795,9,1,0.39994928
6796,12,0,0.503094
6797,13,0,0.7223227
6798,17,1,0.81188446
6799,22,1,0.38306907
6800,11,0,0.37060913
6801,27,0,0.3243458
6802,8,1,0.36061826
6803,6,0,0.32764563
6804,11,0,0.1831996
6805,22,0,0.45150894
6806,10,0,0.6914155
6807,18,1,0.85815924
6808,28,1,0.8516993
6809,13,0,0.5420757
6810,11,1,0.51331854
6811,8,0,0.38029772
6812,6,1,0.7388364
6813,15,1,0.479165
6814,10,1,0.6264031
6815,23,0,0.45576003
6816,14,1,0.5257266
6817,0,1,0.28401178
6818,16,0,0.45759696
6819,25,0,0.29333264
6820,6,0,0.3179102
6821,0,1,0.71987164
6822,15,0,0.7526113
6823,1,1,0.88942254
6824,13,1,0.5536282
6825,28,0,0.6172434
6826,13,1,0.29853937
6827,4,1,0.77387244
6828,23,0,0.7391241
6829,10,0,0.14151587
6830,16,0,0.40892214
6831,25,0,0.22208023
6832,21,1,0.8031045
6833,22,0,0.33436853
6834,3,1,0.41433552
6835,23,0,0.8715622
6836,13,1,0.858448
6837,26,0,0.31656563
6838,11,1,0.8380046
6839,13,1,0.5096279
6840,7,1,0.53611857
6841,10,1,0.50341326
6842,13,0,0.23094073
6843,10,0,0.4282541
6844,4,1,0.56733674
6845,10,0,0.55591214
6846,18,0,0.32104337
6847,23,1,0.4021652
6848,11,0,0.41668245
6849,16,0,0.35449123
6850,9,1,0.82894105
6851,14,1,0.53017414
6852,25,1,0.6332377
6853,3,0,0.5775137
6854,15,1,0.33421585
6855,2,1,0.85759884
6856,15,1,0.78422326
6857,28,0,0.21383521
6858,16,1,0.5653942
6859,1,1,0.8508948
6860,16,1,0.6255573
6861,13,0,0.31661716
6862,26,1,0.41556942
6863,7,0,0.62643874
6864,22,0,0.5060805
6865,13,1,0.45414442
6866,10,0,0.6003532
6867,6,1,0.5765762
6868,19,1,0.8597237
6869,18,1,0.63401896
6870,8,1,0.614392
6871,15,0,0.13796148
6872,12,1,0.8096312
6873,22,1,0.7717644
6874,18,0,0.2719817
6875,15,0,0.5735053
6876,26,0,0.4057159
6877,25,1,0.6788354
6878,26,0,0.29629993
6879,8,0,0.6258683
6880,6,1,0.6881626
6881,3,1,0.82982695
6882,1,0,0.22550963
6883,16,0,0.20777403
6884,25,0,0.8196656
6885,12,1,0.6403425
6886,3,0,0.6654659
6887,15,1,0.8244618
6888,27,1,0.6326549
6889,25,1,0.74138016
6890,3,0,0.7502548
6891,12,1,0.71983075
6892,13,0,0.45499924
6893,1,1,0.6376679
6894,7,0,0.52503633
6895,0,0,0.54676
6896,26,0,0.24508567
6897,15,1,0.6253701
6898,20,1,0.2376936
6899,0,0,0.21210687
6900,25,0,0.16250741
6901,25,0,0.5592625
6902,12,1,0.3980135
6903,26,0,0.24213651
6904,10,1,0.6444992
6905,10,0,0.2888068
6906,1,1,0.20336173
6907,10,0,0.4337447
6908,14,0,0.96044296
6909,17,1,0.63242847
6910,21,1,0.7615142
6911,15,0,0.54709935
6912,23,1,0.4576289
6913,7,1,0.29650655
6914,22,0,0.4509145
6915,11,1,0.44751072
6916,4,0,0.34107164
6917,9,1,0.20427877
6918,11,1,0.62297404
6919,1,1,0.39721155
6920,12,0,0.1907345
6921,5,0,0.77605987
6922,10,0,0.28935936
6923,10,1,0.63029975
6924,24,1,0.90196675
6925,24,0,0.8305891
6926,25,1,0.393281
6927,1,0,0.69938153
6928,3,1,0.47990528
6929,18,1,0.49583676
6930,14,1,0.7570759
6931,6,1,0.35494974
6932,18,1,0.24657358
6933,18,1,0.6316725
6934,13,1,0.55957603
6935,12,1,0.44410092
6936,7,1,0.8457027
6937,9,1,0.5102466
6938,3,0,0.44411474
6939,8,1,0.867939
6940,11,0,0.5345331
6941,1,0,0.4444986
6942,6,0,0.32620615
6943,20,1,0.87938863
6944,25,0,0.47711682
6945,16,1,0.42479703
6946,8,0,0.35928318
6947,17,0,0.41423702
6948,13,0,0.11856797
6949,1,0,0.4018467
6950,1,1,0.3909946
6951,26,1,0.24136329
6952,16,1,0.62870127
6953,4,1,0.5586016
6954,26,0,0.65036106
6955,26,0,0.20513989
6956,5,1,0.8439719
6957,10,0,0.5421653
6958,6,0,0.46359506
6959,6,1,0.6486994
6960,25,1,0.40930608
6961,28,1,0.21168873
6962,14,0,0.7943319
6963,20,0,0.7478041
6964,6,1,0.26004398
6965,2,0,0.2655792
6966,28,0,0.23856317
6967,13,0,0.5306491
6968,26,0,0.22540836
6969,6,1,0.89346427
6970,13,1,0.58070153
6971,13,0,0.5404493
6972,10,0,0.60271144
6973,22,0,0.2248111
6974,8,0,0.29625788
6975,10,0,0.32345855
6976,12,0,0.17437303
6977,13,0,0.45033982
6978,24,0,0.5897882
6979,26,0,0.2529081
6980,4,1,0.53097105
6981,17,1,0.5350049
6982,16,0,0.3893322
6983,22,0,0.2715845
6984,14,0,0.86144745
6985,1,0,0.19689715
6986,1,0,0.45013264
6987,4,1,0.35518187
6988,0,0,0.26683617
6989,2,0,0.6981499
6990,21,1,0.64241225
6991,16,0,0.46881908
6992,22,1,0.5994273
6993,16,1,0.6877618
6994,0,0,0.37241837
6995,5,1,0.6068646
6996,12,1,0.69300413
6997,20,1,0.32331526
6998,10,1,0.90422946
6999,11,0,0.17219901
7000,23,0,0.6245884
7001,12,1,0.91512585
7002,22,1,0.5556692
7003,24,1,0.84915864
7004,10,0,0.48563126
7005,4,0,0.2971174
7006,1,0,0.24074335
7007,22,0,0.18910746
7008,23,1,0.592846
7009,1,1,0.7608602
7010,23,0,0.5134368
7011,6,0,0.29450184
7012,19,1,0.31380826
7013,8,1,0.7934118
7014,23,0,0.3121175
7015,14,1,0.28433317
7016,11,1,0.38560838
7017,17,1,0.676796
7018,16,0,0.2500726
7019,8,0,0.16599241
7020,7,0,0.4217473
7021,13,1,0.27836984
7022,21,1,0.79772353
7023,7,1,0.7165077
7024,20,0,0.57067734
7025,16,0,0.61424774
7026,17,0,0.2668195
7027,13,1,0.7257407
7028,19,1,0.6289678
7029,25,1,0.6276234
7030,1,1,0.65710914
7031,23,1,0.86552215
7032,3,1,0.7797074
7033,26,0,0.3574587
7034,15,1,0.8832478
7035,6,1,0.46096826
7036,19,0,0.29087037
7037,13,0,0.5391703
7038,25,0,0.5110192
7039,17,0,0.41633168
7040,8,0,0.33975115
7041,13,0,0.5702785
7042,2,1,0.6670941
7043,19,0,0.5247072
7044,10,1,0.5824361
7045,13,0,0.5431431
7046,9,0,0.46998057
7047,4,0,0.4948611
7048,2,1,0.731016
7049,1,1,0.19579719
7050,13,0,0.72531384
7051,1,1,0.6846723
7052,15,1,0.614672
7053,20,0,0.31277052
7054,10,1,0.6170834
7055,9,1,0.6974467
7056,11,1,0.59365696
7057,15,1,0.49751568
7058,11,0,0.29753637
7059,11,1,0.3809358
7060,12,1,0.60198486
7061,2,1,0.40494856
7062,3,1,0.5197704
7063,22,1,0.44787082
7064,28,0,0.71292466
7065,28,0,0.4018819
7066,1,1,0.8121141
7067,24,1,0.8606397
7068,15,1,0.7737484
7069,12,0,0.2887321
7070,1,0,0.33602014
7071,15,0,0.48132727
7072,24,1,0.8465054
7073,2,1,0.2655609
7074,13,0,0.3564167
7075,13,1,0.62578493
7076,10,0,0.20995265
7077,16,1,0.6858706
7078,17,1,0.3585029
7079,16,1,0.5756162
7080,6,0,0.30638617
7081,5,0,0.18556747
7082,17,1,0.7108797
7083,2,1,0.7787995
7084,28,0,0.6276374
7085,13,0,0.27552938
7086,23,1,0.31104988
7087,18,0,0.41614878
7088,1,0,0.4053105
7089,28,0,0.5847625
7090,1,0,0.69507337
7091,16,1,0.7821377
7092,6,1,0.4280088
7093,8,0,0.16025895
7094,16,1,0.53771
7095,23,1,0.7146302
7096,8,0,0.48350736
7097,13,0,0.52528584
7098,12,1,0.7385246
7099,5,0,0.3776474
7100,28,1,0.36220428
7101,16,1,0.30132836
7102,15,1,0.63032603
7103,16,0,0.20921898
7104,17,0,0.29951745
7105,4,0,0.46820593
7106,25,1,0.6833707
7107,0,0,0.56607306
7108,7,0,0.5105192
7109,8,1,0.3575494
7110,6,0,0.46411914
7111,14,0,0.5000899
7112,28,1,0.61579597
7113,13,0,0.3303323
7114,27,1,0.9204163
7115,16,1,0.46286806
7116,1,0,0.8007245
7117,7,0,0.40563428
7118,13,1,0.48528537
7119,11,1,0.41879785
7120,8,1,0.8237781
7121,16,0,0.2447597
7122,20,1,0.66777986
7123,20,0,0.19119643
7124,7,1,0.72610086
7125,10,1,0.68099797
7126,11,0,0.73928213
7127,15,1,0.7982108
7128,1,0,0.37463686
7129,13,0,0.8385761
7130,22,0,0.45257062
7131,2,0,0.49026185
7132,15,1,0.90553653
7133,20,1,0.8153711
7134,8,0,0.21112876
7135,20,0,0.14650609
7136,26,0,0.24270357
7137,1,0,0.85479766
7138,15,0,0.38929355
7139,18,0,0.4836515
7140,8,0,0.476937
7141,15,0,0.37248677
7142,2,1,0.83626693
7143,16,1,0.3242018
7144,13,1,0.9237393
7145,10,0,0.20655987
7146,28,1,0.26366124
7147,8,0,0.34945312
7148,9,1,0.6367688
7149,12,0,0.38235012
7150,9,0,0.27382582
7151,16,1,0.5850976
7152,15,1,0.34492865
7153,19,1,0.5406938
7154,26,1,0.81141174
7155,18,0,0.29219526
7156,17,1,0.80667734
7157,20,1,0.6156216
7158,22,0,0.41622907
7159,25,0,0.16380644
7160,13,0,0.37704152
7161,17,0,0.7507488
7162,11,1,0.6319522
7163,22,1,0.49185693
7164,1,0,0.73460656
7165,27,0,0.561461
7166,9,1,0.48300874
7167,28,1,0.5446952
7168,8,0,0.42480993
7169,16,1,0.8643339
7170,13,1,0.65380824
7171,21,0,0.25034085
7172,2,1,0.6771268
7173,7,1,0.6600815
7174,27,1,0.4248528
7175,25,1,0.2787402
7176,22,1,0.63333297
7177,16,0,0.49007776
7178,12,0,0.21174943
7179,27,1,0.5220641
7180,16,0,0.20080054
7181,14,0,0.5517089
7182,12,0,0.1726916
7183,11,0,0.27783224
7184,22,1,0.5030821
7185,21,1,0.32515997
7186,13,0,0.37640524
7187,21,1,0.61203957
7188,26,0,0.23029286
7189,17,0,0.6908197
7190,24,0,0.2645532
7191,8,0,0.6588262
7192,13,0,0.40213147
7193,17,0,0.5737811
7194,24,0,0.3365399
7195,22,1,0.5004464
7196,12,1,0.76407576
7197,20,0,0.24957597
7198,16,1,0.43656337
7199,23,1,0.5301782
7200,17,0,0.5146644
7201,9,0,0.39802498
7202,25,1,0.52790636
7203,2,0,0.48533466
7204,20,0,0.34121066
7205,13,1,0.47964296
7206,27,1,0.62030214
7207,18,0,0.6099607
7208,16,0,0.5691224
7209,15,1,0.43038914
7210,7,0,0.14126933
7211,3,0,0.5864061
7212,7,0,0.35063395
7213,6,1,0.17896323
7214,15,1,0.543618
7215,24,0,0.3969891
7216,2,0,0.4157364
7217,20,1,0.87398475
7218,18,1,0.44962844
7219,8,0,0.2440449
7220,13,0,0.37163973
7221,8,1,0.7558892
7222,27,1,0.66274285
7223,22,0,0.43584493
7224,21,0,0.2761485
7225,10,0,0.42769736
7226,3,1,0.7395058
7227,28,1,0.4770281
7228,15,0,0.34163705
7229,13,0,0.26877317
7230,18,0,0.44403538
7231,8,0,0.3205479
7232,10,1,0.46717358
7233,17,1,0.50014687
7234,16,1,0.24378441
7235,18,1,0.6641424
7236,13,1,0.6945751
7237,9,1,0.38618222
7238,27,0,0.56578565
7239,7,0,0.4891701
7240,26,0,0.79424834
7241,25,1,0.36968318
7242,2,1,0.69244164
7243,6,0,0.21920961
7244,23,1,0.78788185
7245,23,1,0.50262743
7246,15,0,0.1111118
7247,20,0,0.28749883
7248,13,1,0.3854366
7249,13,1,0.60500973
7250,7,0,0.2715081
7251,6,1,0.7069513
7252,18,0,0.33517262
7253,16,1,0.8301051
7254,28,0,0.3143184
7255,27,1,0.47669327
7256,8,0,0.47680858
7257,1,0,0.3253491
7258,13,1,0.7403347
7259,17,1,0.4349603
7260,7,0,0.44129628
7261,16,0,0.2774644
7262,19,0,0.28268576
7263,6,1,0.655405
7264,25,0,0.73869514
7265,19,0,0.5209099
7266,14,1,0.4550174
7267,26,1,0.63446736
7268,28,0,0.5529842
7269,27,0,0.49889073
7270,2,0,0.39774472
7271,11,1,0.7704168
7272,18,0,0.4309395
7273,11,1,0.83889073
7274,12,1,0.54176104
7275,15,0,0.2592999
7276,11,0,0.6581595
7277,0,0,0.23236786
7278,18,0,0.32016984
7279,22,1,0.43244758
7280,3,1,0.55329466
7281,12,0,0.20539244
7282,2,1,0.5849701
7283,19,1,0.9027854
7284,10,1,0.74890274
7285,15,1,0.5637038
7286,11,1,0.8018721
7287,28,0,0.28332388
7288,21,1,0.5891094
7289,2,1,0.34170943
7290,23,1,0.45902318
7291,22,1,0.40794986
7292,27,1,0.81796706
7293,15,0,0.74410146
7294,12,1,0.40856567
7295,3,1,0.6496112
7296,3,0,0.50463927
7297,8,1,0.6995675
7298,15,0,0.5799234
7299,13,1,0.16953608
7300,25,0,0.43183753
7301,24,0,0.26060656
7302,11,0,0.36162904
7303,9,0,0.45163572
7304,16,0,0.088492945
7305,6,1,0.24471498
7306,13,0,0.6383806
7307,0,0,0.39639002
7308,8,1,0.29038092
7309,19,0,0.1603049
7310,8,1,0.3251563
7311,18,1,0.273991
7312,28,1,0.56687605
7313,28,0,0.71506226
7314,10,1,0.35778293
7315,4,0,0.78876746
7316,25,1,0.78868395
7317,5,1,0.5345054
7318,16,1,0.22150704
7319,6,0,0.67567
7320,20,1,0.47724816
7321,11,0,0.32654768
7322,23,1,0.7120249
7323,15,0,0.27242795
7324,12,1,0.53974456
7325,10,0,0.33192715
7326,19,0,0.6359599
7327,2,1,0.46829647
7328,8,0,0.5235124
7329,16,0,0.18473484
7330,3,1,0.4763931
7331,11,0,0.19754426
7332,19,1,0.70423806
7333,10,0,0.2566346
7334,6,1,0.28125843
7335,7,0,0.11367604
7336,27,1,0.63751227
7337,1,1,0.66498166
7338,11,0,0.55954576
7339,19,0,0.72700685
7340,15,0,0.42062992
7341,2,0,0.46832174
7342,2,0,0.2256228
7343,2,1,0.70845866
7344,28,1,0.30557242
7345,1,0,0.37871164
7346,13,1,0.6246836
7347,10,1,0.9060756
7348,7,0,0.62280756
7349,18,1,0.5798469
7350,10,0,0.34311333
7351,20,1,0.77458334
7352,11,0,0.7373252
7353,18,1,0.85873646
7354,20,0,0.19373266
7355,22,0,0.6861344
7356,26,0,0.18115832
7357,1,1,0.8471145
7358,22,0,0.28949505
7359,13,0,0.5836963
7360,3,0,0.17516053
7361,3,0,0.32381874
7362,16,0,0.555227
7363,6,0,0.26971063
7364,16,0,0.19136186
7365,17,0,0.27413583
7366,18,0,0.38854048
7367,11,1,0.69206595
7368,15,0,0.5120139
7369,23,1,0.2620536
7370,23,1,0.90092015
7371,20,1,0.3959834
7372,16,0,0.29081076
7373,13,1,0.26274642
7374,0,1,0.38639906
7375,13,1,0.23514727
7376,15,1,0.17920528
7377,2,1,0.8814702
7378,4,0,0.608515
7379,25,0,0.18686835
7380,19,1,0.82086235
7381,11,1,0.576411
7382,6,1,0.7570036
7383,16,1,0.30709192
7384,14,1,0.5714516
7385,4,0,0.2840219
7386,1,0,0.52616733
7387,2,1,0.7195573
7388,17,1,0.76873934
7389,20,0,0.53473014
7390,13,1,0.4635338
7391,15,0,0.26884863
7392,19,0,0.649652
7393,10,0,0.26461515
7394,18,0,0.5059554
7395,10,1,0.7699741
7396,16,0,0.65287656
7397,26,0,0.45033383
7398,17,0,0.29908213
7399,0,1,0.49133456
7400,12,1,0.6125016
7401,26,0,0.12585568
7402,26,0,0.47834533
7403,23,1,0.5862009
7404,7,0,0.25985023
7405,2,1,0.16008748
7406,6,0,0.1475143
7407,12,1,0.50285935
7408,8,0,0.84105337
7409,27,0,0.43980494
7410,2,0,0.34001762
7411,12,0,0.64880496
7412,17,0,0.64253473
7413,25,1,0.46468136
7414,16,1,0.7660367
7415,10,1,0.7347958
7416,10,0,0.3951476
7417,18,1,0.32196948
7418,20,1,0.4270951
7419,14,1,0.3318872
7420,15,0,0.4790046
7421,15,1,0.5143783
7422,23,0,0.20281458
7423,13,1,0.6210451
7424,5,0,0.27860746
7425,23,0,0.7203976
7426,15,1,0.67991877
7427,11,0,0.60984194
7428,8,0,0.3114132
7429,0,1,0.7890867
7430,15,1,0.7363403
7431,21,0,0.17812017
7432,1,1,0.3453467
7433,27,0,0.34592113
7434,27,0,0.594858
7435,1,0,0.3802674
7436,25,0,0.32714087
7437,15,1,0.21951759
7438,13,0,0.52241224
7439,13,0,0.51102537
7440,13,1,0.6877951
7441,6,1,0.58202577
7442,25,0,0.55794114
7443,15,1,0.15860803
7444,7,0,0.60067934
7445,28,1,0.38297886
7446,12,1,0.55092764
7447,13,1,0.7832981
7448,13,0,0.27527472
7449,21,1,0.6776677
7450,7,0,0.3587516
7451,22,0,0.27352497
7452,27,0,0.4255441
7453,5,1,0.4699238
7454,14,0,0.29327488
7455,16,0,0.31386322
7456,21,1,0.801773
7457,8,1,0.7629314
7458,8,0,0.15819833
7459,26,0,0.5771004
7460,18,1,0.78301466
7461,2,0,0.50341594
7462,1,1,0.6340952
7463,2,0,0.4234167
7464,20,1,0.4674933
7465,13,1,0.659817
7466,25,1,0.49911276
7467,4,1,0.44509947
7468,27,1,0.85619277
7469,12,0,0.3761344
7470,17,1,0.39045417
7471,18,1,0.7075292
7472,0,0,0.2394505
7473,9,1,0.34672514
7474,22,0,0.45661956
7475,17,1,0.48363185
7476,13,0,0.36062476
7477,1,0,0.3987329
7478,8,1,0.2747399
7479,10,1,0.6233629
7480,8,0,0.5277824
7481,1,1,0.62592244
7482,1,0,0.33457014
7483,8,1,0.5874804
7484,7,1,0.9073325
7485,15,0,0.6919084
7486,25,0,0.41887492
7487,10,1,0.25182655
7488,26,1,0.5265302
7489,7,0,0.2590076
7490,8,1,0.8561659
7491,8,1,0.45764935
7492,12,1,0.76895714
7493,8,0,0.29485494
7494,16,1,0.7445846
7495,18,0,0.42553473
7496,26,0,0.28402343
7497,16,0,0.47679776
7498,15,1,0.2462527
7499,4,1,0.7949987
7500,11,0,0.6417457
7501,13,1,0.52515936
7502,16,0,0.3831045
7503,1,0,0.45783526
7504,11,0,0.2008747
7505,19,1,0.79741335
7506,16,1,0.8702437
7507,8,0,0.49489015
7508,21,1,0.50575215
7509,18,0,0.16922006
7510,25,1,0.35755983
7511,22,0,0.38136992
7512,2,0,0.42367563
7513,25,1,0.7635282
7514,11,1,0.86847746
7515,8,0,0.25490195
7516,3,0,0.45148483
7517,1,0,0.5617632
7518,1,0,0.6093151
7519,18,1,0.31549913
7520,21,0,0.41644886
7521,22,1,0.49690363
7522,11,0,0.503061
7523,16,1,0.8083864
7524,26,1,0.7701333
7525,0,0,0.814015
7526,4,0,0.3165128
7527,8,1,0.74244064
7528,12,0,0.71854997
7529,10,0,0.28727207
7530,22,1,0.4456774
7531,2,1,0.817428
7532,13,0,0.83649075
7533,12,1,0.78422517
7534,9,1,0.7010048
7535,20,0,0.34074652
7536,20,0,0.21627365
7537,15,1,0.723586
7538,24,0,0.64385384
7539,16,1,0.4559444
7540,10,1,0.23243783
7541,11,0,0.16930167
7542,12,1,0.8165047
7543,2,1,0.6584975
7544,13,0,0.22561851
7545,6,1,0.53000623
7546,18,1,0.6719412
7547,0,1,0.5332731
7548,7,0,0.097603105
7549,21,1,0.8993555
7550,10,1,0.43005455
7551,22,0,0.5439915
7552,16,1,0.34270465
7553,19,1,0.75946593
7554,16,0,0.20179181
7555,13,0,0.55347836
7556,2,0,0.58721685
7557,26,1,0.38329795
7558,10,1,0.59144026
7559,12,0,0.6758736
7560,28,1,0.41664627
7561,25,0,0.36071533
7562,13,0,0.38980553
7563,18,0,0.43238598
7564,27,0,0.20124848
7565,16,1,0.6081387
7566,9,0,0.25414371
7567,17,1,0.5663308
7568,16,1,0.6158867
7569,0,0,0.22634174
7570,4,0,0.3450517
7571,11,0,0.6062103
7572,27,0,0.334029
7573,3,1,0.23622589
7574,28,1,0.64845216
7575,6,1,0.52701575
7576,14,1,0.8618018
7577,14,0,0.5970381
7578,18,0,0.49543148
7579,6,1,0.51356125
7580,3,1,0.31871772
7581,25,1,0.73181653
7582,27,0,0.5413838
7583,14,0,0.35969666
7584,22,1,0.8301267
7585,19,1,0.5652406
7586,15,1,0.72265065
7587,11,0,0.6725909
7588,5,1,0.63356996
7589,14,0,0.45547917
7590,6,1,0.8767938
7591,2,1,0.8694401
7592,27,1,0.49057737
7593,17,0,0.22909333
7594,1,1,0.4530535
7595,8,1,0.61964834
7596,26,0,0.58230895
7597,20,0,0.67236525
7598,15,1,0.8932395
7599,9,0,0.58566064
7600,16,0,0.1966669
7601,13,1,0.40062532
7602,3,0,0.59400105
7603,26,1,0.8571579
7604,20,0,0.6669865
7605,13,1,0.8429675
7606,15,1,0.4175828
7607,7,0,0.36029682
7608,2,0,0.5838327
7609,10,0,0.2845202
7610,13,0,0.73632437
7611,21,1,0.52307993
7612,11,1,0.64392567
7613,25,0,0.21492836
7614,16,1,0.46388784
7615,7,0,0.2987524
7616,2,0,0.32512793
7617,24,1,0.788012
7618,18,1,0.5907045
7619,23,0,0.32405534
7620,0,1,0.84426427
7621,16,0,0.48630896
7622,8,1,0.49541718
7623,16,0,0.30275428
7624,25,1,0.67396724
7625,13,1,0.77505803
7626,27,0,0.5542474
7627,10,0,0.40611723
7628,25,0,0.18793255
7629,3,1,0.18858387
7630,7,1,0.72063303
7631,2,1,0.2371759
7632,23,0,0.7012673
7633,28,0,0.56223494
7634,28,0,0.25529835
7635,21,0,0.50558203
7636,13,0,0.3764885
7637,1,0,0.35571638
7638,27,0,0.1898124
7639,19,1,0.391736
7640,21,0,0.35251388
7641,25,0,0.65413785
7642,19,1,0.7335825
7643,25,0,0.2843284
7644,26,0,0.5166377
7645,1,0,0.45955795
7646,2,1,0.6725121
7647,25,0,0.22985664
7648,13,0,0.32342058
7649,26,0,0.6142787
7650,26,1,0.4359174
7651,15,0,0.35226065
7652,12,1,0.5659763
7653,10,0,0.25868604
7654,2,1,0.6195768
7655,28,1,0.8554638
7656,23,1,0.45187932
7657,18,0,0.22818984
7658,10,1,0.623572
7659,18,1,0.654431
7660,19,1,0.47367734
7661,18,0,0.067498215
7662,16,0,0.62895817
7663,1,1,0.6626879
7664,15,1,0.49541375
7665,9,1,0.24752995
7666,16,0,0.28215313
7667,8,1,0.7409813
7668,26,1,0.5919842
7669,10,1,0.48441097
7670,21,1,0.52887535
7671,25,1,0.63275063
7672,27,1,0.6159958
7673,26,0,0.20371518
7674,0,0,0.6322984
7675,10,1,0.77729326
7676,25,0,0.37014323
7677,15,0,0.14511001
7678,27,0,0.389416
7679,26,1,0.5527349
7680,8,0,0.8137585
7681,4,1,0.5016383
7682,23,1,0.8130903
7683,12,0,0.7222753
7684,18,1,0.76033825
7685,25,1,0.2787654
7686,9,0,0.25919902
7687,12,1,0.6651166
7688,13,1,0.26970866
7689,10,1,0.70288044
7690,25,0,0.50327754
7691,15,0,0.5402823
7692,17,0,0.1775919
7693,15,0,0.1962179
7694,15,1,0.46158984
7695,13,0,0.53282434
7696,26,1,0.8413641
7697,15,1,0.6757766
7698,23,0,0.29033542
7699,25,1,0.3601317
7700,2,1,0.7938768
7701,7,0,0.3014225
7702,2,0,0.79847544
7703,15,1,0.8618115
7704,24,0,0.42414948
7705,10,1,0.772516
7706,26,1,0.95533484
7707,2,0,0.22792539
7708,22,1,0.54966456
7709,13,1,0.8361634
7710,20,0,0.5271164
7711,12,1,0.3712128
7712,26,0,0.26106322
7713,20,0,0.22767152
7714,13,1,0.66613805
7715,25,0,0.27655065
7716,13,0,0.30577442
7717,3,0,0.2675963
7718,21,0,0.14115006
7719,22,0,0.3586184
7720,24,1,0.4377266
7721,1,1,0.34815517
7722,16,0,0.31801617
7723,26,1,0.7373928
7724,26,0,0.6353489
7725,25,1,0.45688432
7726,22,0,0.7468012
7727,1,0,0.63744676
7728,27,1,0.82504874
7729,0,0,0.12886405
7730,4,0,0.40733394
7731,14,0,0.30482158
7732,26,1,0.5495956
7733,13,1,0.65641016
7734,9,1,0.67261595
7735,10,1,0.53776073
7736,11,0,0.49089855
7737,20,0,0.62253124
7738,15,0,0.8166453
7739,15,1,0.8257628
7740,17,0,0.39644054
7741,16,1,0.28474903
7742,16,0,0.5246439
7743,10,0,0.30427474
7744,10,0,0.18547732
7745,18,0,0.14450128
7746,10,0,0.27982226
7747,2,1,0.75060946
7748,11,0,0.20583855
7749,11,0,0.30349624
7750,28,1,0.45576218
7751,20,1,0.60572106
7752,8,0,0.24753048
7753,0,1,0.2312097
7754,15,1,0.82700086
7755,13,1,0.57221234
7756,17,0,0.6344811
7757,20,0,0.50756335
7758,15,0,0.5459517
7759,16,1,0.46136633
7760,11,1,0.3939188
7761,10,1,0.64865404
7762,20,0,0.27322087
7763,3,1,0.24180327
7764,22,1,0.7242691
7765,7,0,0.55179995
7766,9,0,0.3935761
7767,25,0,0.30643448
7768,15,1,0.83422583
7769,20,1,0.48627502
7770,12,0,0.39142832
7771,26,1,0.51140136
7772,6,0,0.7970596
7773,1,1,0.6662118
7774,2,0,0.41039506
7775,11,0,0.6926299
7776,0,1,0.63385314
7777,2,0,0.2814801
7778,0,1,0.28818125
7779,7,0,0.6392517
7780,10,0,0.56711584
7781,0,1,0.8163733
7782,5,0,0.46673825
7783,11,1,0.5064698
7784,28,0,0.34279418
7785,10,1,0.38082558
7786,18,1,0.4466785
7787,28,0,0.2538418
7788,26,1,0.4902853
7789,11,0,0.34381667
7790,12,1,0.7596417
7791,11,0,0.12193664
7792,17,0,0.5800923
7793,0,1,0.48671064
7794,10,1,0.68639815
7795,12,0,0.22893973
7796,13,1,0.5033641
7797,10,1,0.71959484
7798,2,0,0.5662478
7799,20,0,0.42588156
7800,28,0,0.30009773
7801,16,0,0.5627785
7802,3,0,0.50673026
7803,12,0,0.24142252
7804,0,0,0.21807782
7805,25,0,0.7795815
7806,8,1,0.5405478
7807,16,1,0.8444279
7808,16,1,0.31819502
7809,14,0,0.654734
7810,24,1,0.4172782
7811,3,0,0.24264863
7812,2,0,0.49810836
7813,18,1,0.4302927
7814,13,0,0.37354374
7815,25,1,0.45586506
7816,28,0,0.7034871
7817,3,1,0.5340839
7818,9,1,0.17720754
7819,25,0,0.20489289
7820,14,0,0.43705726
7821,1,0,0.46321824
7822,10,0,0.45196584
7823,11,0,0.5671274
7824,16,0,0.6688934
7825,13,1,0.56224465
7826,20,0,0.31522697
7827,4,0,0.3028983
7828,15,0,0.22647466
7829,22,1,0.4944735
7830,13,1,0.22641625
7831,13,0,0.25329912
7832,16,1,0.62477976
7833,6,0,0.7445198
7834,12,1,0.33389562
7835,8,0,0.39444003
7836,6,0,0.41633174
7837,20,1,0.12116643
7838,27,0,0.20176905
7839,16,1,0.7798408
7840,10,1,0.56228566
7841,9,0,0.5941484
7842,27,0,0.4225847
7843,20,1,0.84028155
7844,0,1,0.1718926
7845,16,0,0.31542537
7846,6,1,0.7337903
7847,1,1,0.28947967
7848,20,1,0.7346214
7849,19,0,0.22231348
7850,15,0,0.5696336
7851,16,0,0.1853892
7852,21,0,0.57616067
7853,2,1,0.60979885
7854,2,1,0.8355783
7855,28,0,0.47112656
7856,0,1,0.38093826
7857,8,0,0.36644715
7858,28,1,0.76083934
7859,22,0,0.3951955
7860,15,0,0.2558049
7861,18,0,0.29020062
7862,16,0,0.2422736
7863,22,0,0.5102954
7864,7,1,0.8977068
7865,28,0,0.6030001
7866,25,1,0.16966867
7867,28,1,0.95811355
7868,2,1,0.84661484
7869,27,0,0.48175794
7870,6,0,0.49799752
7871,0,0,0.2927372
7872,10,1,0.84507006
7873,15,1,0.6934542
7874,22,0,0.39210337
7875,8,0,0.4902422
7876,2,1,0.5489
7877,4,0,0.55286366
7878,16,0,0.23010716
7879,16,0,0.45285705
7880,1,1,0.3572686
7881,15,0,0.15132625
7882,9,0,0.356717
7883,8,1,0.858561
7884,2,0,0.28309438
7885,4,1,0.74380845
7886,3,0,0.44383723
7887,2,1,0.48930085
7888,10,0,0.24440992
7889,17,0,0.7473266
7890,24,1,0.64827794
7891,8,1,0.5525028
7892,6,0,0.28784353
7893,16,0,0.38833365
7894,24,0,0.643685
7895,13,1,0.41129643
7896,25,1,0.5394273
7897,23,0,0.82697666
7898,28,1,0.55397886
7899,13,0,0.5933904
7900,14,1,0.8449001
7901,17,1,0.5538907
7902,14,1,0.55326974
7903,18,0,0.32560065
7904,14,1,0.3880694
7905,10,0,0.3429576
7906,2,0,0.58931834
7907,28,0,0.2631915
7908,27,0,0.2714508
7909,10,1,0.5673801
7910,13,1,0.7273974
7911,19,1,0.49971193
7912,17,1,0.5033292
7913,21,0,0.43867224
7914,16,1,0.6810285
7915,12,0,0.22587152
7916,20,1,0.17093961
7917,5,0,0.56348515
7918,16,1,0.46456504
7919,5,0,0.5566086
7920,23,0,0.6301528
7921,12,1,0.24119787
7922,12,1,0.8169987
7923,14,1,0.30309242
7924,15,0,0.38485587
7925,10,0,0.46497765
7926,11,1,0.888746
7927,12,0,0.23682016
7928,8,1,0.49338484
7929,1,1,0.7144901
7930,4,1,0.43591306
7931,24,1,0.32983738
7932,15,1,0.28869802
7933,11,0,0.20965394
7934,2,0,0.42950138
7935,16,1,0.33949843
7936,16,0,0.5456007
7937,26,1,0.6336526
7938,12,0,0.62726295
7939,27,1,0.41846192
7940,9,1,0.8523501
7941,4,1,0.52351373
7942,15,1,0.9154727
7943,23,1,0.82711643
7944,26,1,0.879387
7945,8,0,0.48297966
7946,23,0,0.29641977
7947,28,0,0.59146327
7948,8,1,0.43446928
7949,11,0,0.13766341
7950,13,1,0.7327292
7951,0,1,0.5444143
7952,14,0,0.66324234
7953,10,1,0.55482566
7954,26,0,0.40992418
7955,5,1,0.93301755
7956,14,0,0.45565194
7957,13,0,0.7495077
7958,14,1,0.65745914
7959,8,1,0.94304365
7960,1,0,0.22007875
7961,0,1,0.77227056
7962,17,0,0.4743577
7963,6,1,0.66427845
7964,1,0,0.35932657
7965,25,1,0.22557716
7966,15,0,0.6996543
7967,2,1,0.80234003
7968,20,0,0.58447653
7969,25,0,0.6073615
7970,0,0,0.32440758
7971,15,0,0.1881447
7972,18,0,0.3582028
7973,2,1,0.5924188
7974,19,1,0.61257625
7975,3,1,0.53395873
7976,19,0,0.17799622
7977,3,0,0.5248097
7978,0,0,0.2315784
7979,4,0,0.42252752
7980,2,1,0.4007733
7981,9,1,0.9041328
7982,1,0,0.7954377
7983,16,1,0.8102285
7984,26,1,0.44522458
7985,14,0,0.4584619
7986,13,1,0.7689096
7987,25,1,0.41616714
7988,11,0,0.6149612
7989,11,1,0.674522
7990,13,1,0.7979232
7991,14,0,0.5507575
7992,7,1,0.6171031
7993,21,0,0.513211
7994,16,1,0.7556166
7995,5,1,0.8808285
7996,0,0,0.5441084
7997,16,1,0.5749056
7998,10,0,0.68249327
7999,0,1,0.38277477
8000,5,0,0.28138673
8001,4,0,0.19890003
8002,11,0,0.7808575
8003,10,1,0.6903479
8004,8,0,0.3095996
8005,23,0,0.35631716
8006,27,0,0.43493623
8007,11,1,0.56703895
8008,15,0,0.46086544
8009,4,1,0.77173495
8010,15,0,0.15453716
8011,13,0,0.4432102
8012,23,0,0.42019194
8013,10,1,0.30937257
8014,2,1,0.44626427
8015,27,0,0.30952886
8016,21,1,0.27901345
8017,6,0,0.44128707
8018,28,0,0.4927124
8019,0,0,0.27924126
8020,14,1,0.8245835
8021,13,0,0.41616195
8022,9,1,0.54523486
8023,20,1,0.20532377
8024,11,1,0.6337954
8025,26,1,0.7569763
8026,27,0,0.24506178
8027,2,1,0.5277032
8028,15,1,0.8499028
8029,27,0,0.26676327
8030,25,0,0.44968826
8031,26,1,0.47164938
8032,7,0,0.51741636
8033,26,0,0.37447283
8034,1,0,0.7628036
8035,15,0,0.23269995
8036,1,0,0.6888856
8037,25,0,0.46636584
8038,1,0,0.53763556
8039,28,1,0.48381594
8040,19,0,0.25968146
8041,10,1,0.90592515
8042,15,1,0.7791727
8043,5,1,0.7497571
8044,1,1,0.5088015
8045,18,0,0.31437296
8046,12,1,0.43953168
8047,18,1,0.8790766
8048,13,1,0.76408523
8049,8,0,0.18448702
8050,14,0,0.4252105
8051,4,0,0.5818197
8052,3,1,0.41278785
8053,18,0,0.21024318
8054,27,0,0.46281198
8055,9,0,0.41375786
8056,22,0,0.4653205
8057,14,1,0.573863
8058,8,0,0.19389245
8059,5,1,0.21347287
8060,1,0,0.1874188
8061,1,1,0.8197437
8062,2,1,0.5508576
8063,7,0,0.30063432
8064,17,0,0.47974813
8065,25,1,0.32498053
8066,18,0,0.1701747
8067,28,0,0.18711647
8068,24,0,0.9121282
8069,27,1,0.6267134
8070,1,0,0.3998199
8071,3,0,0.19756265
8072,17,1,0.6922654
8073,6,0,0.45393196
8074,22,1,0.64971864
8075,2,1,0.5175807
8076,16,1,0.56022143
8077,14,0,0.32577154
8078,13,0,0.4976162
8079,0,1,0.66598165
8080,2,0,0.348573
8081,21,1,0.80121356
8082,18,0,0.31147534
8083,2,1,0.6845405
8084,13,1,0.6281969
8085,16,0,0.2709455
8086,10,0,0.64234614
8087,11,1,0.6124792
8088,7,0,0.25051278
8089,0,1,0.74894583
8090,7,1,0.24994291
8091,27,0,0.6028283
8092,11,0,0.36518785
8093,22,1,0.5439533
8094,12,0,0.27738807
8095,4,0,0.7704918
8096,13,1,0.64084977
8097,2,1,0.7483493
8098,20,1,0.79600936
8099,8,1,0.4249079
8100,0,1,0.8219586
8101,2,1,0.6606153
8102,2,1,0.388122
8103,24,0,0.46256688
8104,12,1,0.33051664
8105,25,1,0.60451597
8106,13,0,0.7049586
8107,13,1,0.39538106
8108,11,0,0.23771267
8109,17,1,0.48569593
8110,16,0,0.3112024
8111,10,0,0.29819772
8112,13,0,0.5677778
8113,15,1,0.6568149
8114,13,1,0.6237128
8115,18,0,0.28675446
8116,8,1,0.39730883
8117,27,1,0.40569833
8118,21,1,0.63758415
8119,16,0,0.409906
8120,22,0,0.3483037
8121,25,1,0.3656754
8122,28,0,0.46160987
8123,12,0,0.27227977
8124,13,1,0.7249162
8125,12,0,0.37607408
8126,5,1,0.6365057
8127,18,1,0.49570474
8128,13,1,0.5584791
8129,28,1,0.54957426
8130,10,0,0.6779456
8131,11,0,0.8756833
8132,16,0,0.16062887
8133,1,0,0.18608493
8134,8,0,0.5257851
8135,15,0,0.20684832
8136,20,1,0.54237634
8137,19,1,0.88489044
8138,16,0,0.30384105
8139,8,0,0.6898487
8140,10,1,0.45532683
8141,26,0,0.37323838
8142,20,0,0.14622715
8143,25,1,0.79492205
8144,13,0,0.39396808
8145,12,0,0.5310965
8146,26,0,0.34443638
8147,25,0,0.41828594
8148,21,0,0.27094445
8149,24,0,0.21976736
8150,12,1,0.843805
8151,24,1,0.68937355
8152,2,1,0.43786943
8153,27,0,0.09508446
8154,2,1,0.6428394
8155,8,0,0.2965838
8156,7,0,0.60853624
8157,27,0,0.2419957
8158,20,1,0.2285644
8159,8,0,0.17722966
8160,20,1,0.65169615
8161,6,1,0.89011
8162,4,1,0.19532846
8163,16,0,0.3174853
8164,25,1,0.8972873
8165,11,0,0.3574256
8166,25,1,0.23902497
8167,12,0,0.14523357
8168,10,0,0.29297763
8169,2,1,0.2618773
8170,6,1,0.22911693
8171,21,0,0.80724347
8172,26,1,0.5765691
8173,9,0,0.42436826
8174,8,1,0.44618982
8175,18,1,0.6542814
8176,16,1,0.5462487
8177,1,1,0.5693263
8178,1,1,0.4997574
8179,26,0,0.5163662
8180,14,1,0.5236413
8181,14,0,0.22763959
8182,15,1,0.54037267
8183,1,0,0.7480956
8184,28,0,0.4232492
8185,12,0,0.51010984
8186,26,1,0.55544907
8187,10,0,0.30721143
8188,16,0,0.41264755
8189,13,0,0.43666914
8190,0,1,0.70043594
8191,3,1,0.7296951
8192,2,0,0.4470025
8193,3,0,0.44287038
8194,23,1,0.6694986
8195,8,1,0.9061246
8196,15,1,0.2997695
8197,25,1,0.39195907
8198,19,1,0.6430758
8199,8,0,0.38791236
8200,6,1,0.6358863
8201,10,1,0.28977758
8202,13,1,0.8273736
8203,26,1,0.56700546
8204,24,0,0.49513915
8205,1,0,0.5018184
8206,25,1,0.32457775
8207,11,0,0.22073829
8208,24,0,0.54013366
8209,16,0,0.53971034
8210,13,1,0.38329995
8211,16,0,0.43505606
8212,24,1,0.25367108
8213,4,0,0.23557068
8214,12,0,0.36966428
8215,27,0,0.43291786
8216,16,1,0.40707177
8217,13,0,0.48302442
8218,8,0,0.888772
8219,21,0,0.28630567
8220,4,1,0.75704294
8221,3,0,0.28363276
8222,19,0,0.37125713
8223,17,1,0.59499556
8224,22,0,0.46516165
8225,2,0,0.22294252
8226,11,0,0.61163807
8227,13,0,0.59290546
8228,16,1,0.15106411
8229,12,0,0.6612918
8230,1,0,0.65012527
8231,18,0,0.2231285
8232,8,0,0.64500606
8233,5,0,0.20782813
8234,21,0,0.57603264
8235,8,0,0.50225526
8236,15,1,0.34645516
8237,11,1,0.6628509
8238,17,1,0.54081994
8239,22,0,0.29865092
8240,8,0,0.5046755
8241,1,1,0.42706546
8242,8,1,0.61310256
8243,15,0,0.23658472
8244,25,0,0.6897496
8245,25,0,0.25509313
8246,13,1,0.3512232
8247,12,0,0.14451246
8248,8,1,0.69848216
8249,7,0,0.31194282
8250,6,0,0.3541564
8251,11,0,0.24092446
8252,18,1,0.33820683
8253,21,0,0.35451627
8254,13,0,0.32297942
8255,10,1,0.40512958
8256,13,0,0.34251368
8257,25,0,0.41877294
8258,18,1,0.5213872
8259,28,0,0.6731242
8260,21,1,0.450755
8261,2,1,0.5717031
8262,11,0,0.49962834
8263,27,1,0.8756568
8264,8,1,0.402972
8265,25,0,0.31042862
8266,13,1,0.78618354
8267,20,0,0.23130342
8268,6,0,0.25837576
8269,9,0,0.37561914
8270,25,0,0.1972514
8271,26,0,0.26111272
8272,18,0,0.21735857
8273,13,0,0.073351786
8274,22,1,0.23745057
8275,4,0,0.27624142
8276,6,0,0.55997306
8277,21,0,0.28266433
8278,7,0,0.41924468
8279,7,1,0.74147385
8280,5,1,0.5910148
8281,8,1,0.6414514
8282,6,0,0.29913482
8283,27,0,0.5265666
8284,15,0,0.6466283
8285,3,0,0.3325696
8286,10,1,0.5046408
8287,17,0,0.23755695
8288,10,0,0.608027
8289,2,0,0.41832697
8290,0,1,0.6102699
8291,23,1,0.56895316
8292,4,1,0.6949944
8293,12,1,0.45726725
8294,7,0,0.33476615
8295,1,0,0.5160673
8296,1,0,0.34415096
8297,16,0,0.24658526
8298,22,1,0.75358635
8299,6,1,0.7256403
8300,27,1,0.62921244
8301,1,1,0.6013127
8302,0,0,0.50418925
8303,26,1,0.44746402
8304,8,1,0.7551511
8305,0,1,0.29026866
8306,16,1,0.59238756
8307,8,1,0.5641362
8308,13,0,0.23602362
8309,10,0,0.22093809
8310,13,0,0.5016944
8311,26,0,0.35372624
8312,10,1,0.8047348
8313,16,0,0.2941352
8314,10,1,0.4240158
8315,15,0,0.50269413
8316,22,1,0.5273562
8317,11,0,0.58904266
8318,12,1,0.5459492
8319,13,0,0.45527187
8320,20,0,0.48222685
8321,10,1,0.31684068
8322,3,0,0.3530263
8323,27,1,0.826702
8324,11,1,0.8409237
8325,18,1,0.71432537
8326,20,1,0.42060935
8327,6,1,0.32405266
8328,3,1,0.38344628
8329,14,0,0.18135795
8330,28,0,0.23259868
8331,4,0,0.25400975
8332,25,1,0.8183741
8333,12,1,0.28938222
8334,27,0,0.42305228
8335,14,1,0.25784793
8336,9,1,0.3938354
8337,13,0,0.4527316
8338,10,1,0.42307392
8339,20,1,0.5578454
8340,20,0,0.39552587
8341,11,0,0.3081466
8342,8,0,0.1660191
8343,20,1,0.7014435
8344,13,0,0.17005834
8345,17,1,0.55820656
8346,16,1,0.7620634
8347,14,1,0.8003456
8348,28,0,0.5005208
8349,2,1,0.550522
8350,16,0,0.41107178
8351,11,0,0.3592653
8352,15,1,0.5522912
8353,1,1,0.5734631
8354,2,1,0.76251125
8355,2,0,0.2606569
8356,4,1,0.8673103
8357,8,0,0.24766071
8358,6,0,0.67973083
8359,28,1,0.51215845
8360,26,1,0.5693143
8361,10,1,0.5798733
8362,17,1,0.81445724
8363,25,0,0.66914797
8364,17,1,0.22338055
8365,12,0,0.35665086
8366,11,1,0.59001076
8367,14,1,0.8065403
8368,13,1,0.42032653
8369,10,0,0.6106472
8370,15,0,0.43647316
8371,25,0,0.53429997
8372,13,1,0.5343154
8373,7,1,0.5784826
8374,20,1,0.50742364
8375,25,1,0.74070495
8376,22,1,0.2408489
8377,13,0,0.63662136
8378,5,0,0.40324232
8379,28,0,0.38823196
8380,15,0,0.6037518
8381,11,1,0.2582896
8382,8,1,0.75982875
8383,23,1,0.53581375
8384,14,0,0.5078503
8385,25,0,0.35027862
8386,2,1,0.79668844
8387,13,1,0.6172418
8388,19,0,0.53570974
8389,21,0,0.6334636
8390,2,0,0.3848027
8391,10,1,0.28106785
8392,1,1,0.6731662
8393,26,0,0.38065508
8394,12,0,0.43206465
8395,18,0,0.67299974
8396,26,0,0.21808541
8397,2,0,0.26842996
8398,16,0,0.7142869
8399,17,1,0.58315545
8400,2,0,0.49931654
8401,9,0,0.2819363
8402,20,1,0.26081833
8403,3,1,0.29941252
8404,20,0,0.3584632
8405,10,1,0.5393118
8406,16,1,0.31694147
8407,1,0,0.65441006
8408,7,1,0.73678523
8409,10,1,0.68371683
8410,16,1,0.8330679
8411,12,0,0.3252697
8412,6,0,0.18499361
8413,9,1,0.49377993
8414,1,0,0.5839263
8415,10,0,0.5877561
8416,1,0,0.29432458
8417,3,0,0.7330308
8418,4,1,0.89854896
8419,28,0,0.8740512
8420,11,0,0.5815972
8421,12,0,0.43406513
8422,22,1,0.44767523
8423,27,1,0.768468
8424,4,0,0.5670601
8425,2,0,0.3080545
8426,19,1,0.8373784
8427,9,0,0.39194697
8428,17,1,0.67329174
8429,7,1,0.5731416
8430,5,1,0.36337742
8431,13,1,0.487802
8432,18,0,0.11797381
8433,26,1,0.27961186
8434,1,0,0.3613929
8435,13,1,0.8152692
8436,19,0,0.529077
8437,11,0,0.308477
8438,24,0,0.1984175
8439,17,1,0.85067
8440,16,0,0.62632
8441,16,0,0.39416856
8442,22,0,0.62871885
8443,6,1,0.62049186
8444,19,1,0.77515376
8445,7,0,0.35110334
8446,1,0,0.24223056
8447,1,1,0.15078071
8448,13,0,0.3839901
8449,16,0,0.25757945
8450,6,0,0.41289225
8451,28,1,0.48683888
8452,11,0,0.23362793
8453,20,1,0.39039737
8454,13,0,0.5863758
8455,0,1,0.7183741
8456,13,0,0.35114658
8457,6,1,0.6983186
8458,28,0,0.5750276
8459,16,0,0.31388026
8460,4,0,0.43462163
8461,0,0,0.32381126
8462,0,1,0.23058504
8463,12,0,0.5844403
8464,16,0,0.40128374
8465,28,1,0.23878677
8466,2,0,0.16658999
8467,16,1,0.91700345
8468,27,0,0.5315969
8469,1,1,0.48553857
8470,21,1,0.6972268
8471,25,1,0.78474545
8472,4,0,0.3285658
8473,12,1,0.20032889
8474,18,0,0.30149394
8475,24,0,0.23051828
8476,10,1,0.8478243
8477,17,1,0.84510416
8478,28,1,0.66841805
8479,25,0,0.24585365
8480,16,0,0.2839133
8481,10,1,0.69014317
8482,0,0,0.50781614
8483,19,1,0.67751956
8484,28,0,0.2909709
8485,18,0,0.37016
8486,28,0,0.41618243
8487,17,0,0.14636593
8488,2,0,0.3656586
8489,1,0,0.23663968
8490,8,1,0.67398566
8491,25,1,0.3965431
8492,7,1,0.91455007
8493,13,1,0.094966814
8494,21,0,0.638771
8495,14,1,0.44288683
8496,4,1,0.8230423
8497,22,1,0.8510827
8498,15,1,0.9282819
8499,28,0,0.32079208
8500,12,0,0.25639147
8501,9,0,0.23902628
8502,24,0,0.1801702
8503,9,1,0.49762112
8504,13,1,0.25807062
8505,9,0,0.298809
8506,23,0,0.29418364
8507,2,1,0.48395753
8508,21,1,0.5303289
8509,1,0,0.48143134
8510,1,0,0.5147753
8511,20,0,0.6081764
8512,6,1,0.5412454
8513,2,1,0.6016606
8514,13,0,0.31376716
8515,15,1,0.65396667
8516,16,0,0.14136946
8517,8,1,0.811853
8518,11,1,0.38387984
8519,8,1,0.8060703
8520,1,0,0.22900833
8521,18,0,0.5831081
8522,1,1,0.44218153
8523,25,0,0.30195463
8524,13,1,0.74307925
8525,11,1,0.56553686
8526,27,1,0.5423939
8527,2,1,0.7783098
8528,11,1,0.4491711
8529,8,0,0.53768
8530,25,1,0.5760765
8531,19,1,0.58310145
8532,20,0,0.4481497
8533,27,0,0.6176728
8534,16,0,0.46315214
8535,26,1,0.6706982
8536,16,0,0.23087744
8537,12,0,0.3039686
8538,9,0,0.47255632
8539,10,0,0.5514959
8540,26,1,0.28589505
8541,12,1,0.9171631
8542,8,1,0.335758
8543,11,0,0.24655512
8544,20,0,0.52078706
8545,16,1,0.5564836
8546,20,0,0.31450745
8547,2,0,0.5093632
8548,13,0,0.52431613
8549,20,0,0.5060044
8550,23,0,0.36319095
8551,12,0,0.30395082
8552,27,1,0.20648743
8553,10,0,0.2997766
8554,26,0,0.22647876
8555,25,0,0.65683174
8556,24,1,0.6041431
8557,25,1,0.5899766
8558,1,0,0.3049456
8559,8,0,0.23143774
8560,13,1,0.40963832
8561,24,1,0.5541017
8562,17,1,0.68415254
8563,16,1,0.6685157
8564,26,0,0.33645853
8565,24,1,0.4797508
8566,22,0,0.7194652
8567,8,1,0.63221824
8568,2,1,0.712988
8569,22,1,0.79344124
8570,8,1,0.45188335
8571,26,1,0.7783012
8572,26,0,0.54338723
8573,5,1,0.1952657
8574,1,0,0.29076645
8575,10,1,0.22391097
8576,2,1,0.48741704
8577,15,0,0.47621948
8578,25,1,0.7959156
8579,21,0,0.17861289
8580,16,0,0.1483205
8581,28,0,0.495185
8582,9,1,0.42052448
8583,4,1,0.43223298
8584,10,1,0.8847664
8585,11,1,0.7855922
8586,23,1,0.8703839
8587,24,1,0.29299226
8588,11,1,0.27875525
8589,4,1,0.32844794
8590,3,1,0.3420337
8591,10,0,0.4547465
8592,3,0,0.5470239
8593,25,0,0.3086487
8594,8,0,0.5067469
8595,20,1,0.66489166
8596,27,0,0.5033551
8597,28,1,0.551861
8598,17,1,0.5591107
8599,17,0,0.20149493
8600,16,0,0.49952343
8601,9,1,0.56660706
8602,16,1,0.7565762
8603,5,1,0.3059047
8604,24,0,0.29402098
8605,2,1,0.5108097
8606,6,0,0.13044362
8607,3,1,0.21350344
8608,20,1,0.5785269
8609,28,0,0.46042934
8610,27,0,0.15519506
8611,4,0,0.27418095
8612,6,0,0.7690977
8613,8,0,0.36079413
8614,16,0,0.45912135
8615,3,1,0.43720606
8616,15,0,0.54599017
8617,25,1,0.4913487
8618,20,0,0.41263175
8619,19,0,0.39365548
8620,8,0,0.34142965
8621,25,1,0.45862225
8622,4,1,0.37542242
8623,20,1,0.4009893
8624,3,0,0.30170408
8625,2,0,0.2722133
8626,27,0,0.29662567
8627,5,1,0.51576626
8628,20,0,0.33798707
8629,4,0,0.18178861
8630,16,0,0.6027668
8631,5,0,0.49485654
8632,8,0,0.4134531
8633,26,0,0.7545093
8634,1,1,0.5360936
8635,2,0,0.31282753
8636,27,1,0.5343585
8637,8,0,0.5102509
8638,15,1,0.47520062
8639,11,1,0.3777743
8640,8,1,0.30351806
8641,13,0,0.46933824
8642,15,1,0.41899356
8643,28,1,0.21080424
8644,9,1,0.25566524
8645,16,1,0.2939864
8646,13,0,0.24564481
8647,13,0,0.5832515
8648,8,1,0.34834495
8649,25,0,0.20127939
8650,14,1,0.67499864
8651,11,1,0.5418741
8652,13,0,0.49166214
8653,2,1,0.41631672
8654,12,0,0.6211211
8655,25,0,0.7482839
8656,5,1,0.7463851
8657,12,0,0.27046967
8658,26,0,0.15481031
8659,22,1,0.84683317
8660,23,0,0.7607124
8661,8,1,0.48869613
8662,22,1,0.522061
8663,28,0,0.54223365
8664,8,0,0.45825607
8665,3,1,0.29195592
8666,15,0,0.23157452
8667,23,0,0.3044276
8668,13,1,0.40659186
8669,12,1,0.32662672
8670,16,1,0.39572027
8671,16,0,0.18478931
8672,1,0,0.11108477
8673,7,0,0.5844617
8674,19,0,0.2684785
8675,12,0,0.56451994
8676,7,0,0.4455903
8677,9,0,0.40703022
8678,1,1,0.8528239
8679,1,1,0.52222884
8680,11,0,0.3186274
8681,13,0,0.19204423
8682,1,0,0.76674277
8683,9,0,0.50079286
8684,14,1,0.5570737
8685,2,0,0.32395077
8686,10,1,0.6674511
8687,14,0,0.21053497
8688,20,1,0.8618418
8689,16,0,0.18323258
8690,7,1,0.4053856
8691,25,1,0.94325274
8692,15,0,0.19068529
8693,10,0,0.5291864
8694,12,0,0.36647153
8695,1,0,0.26222658
8696,24,0,0.5440902
8697,7,0,0.34289068
8698,3,1,0.57525957
8699,0,0,0.19424377
8700,9,1,0.3861943
8701,15,0,0.48736295
8702,25,1,0.30603698
8703,21,1,0.5272031
8704,27,1,0.72809815
8705,11,0,0.6312975
8706,12,0,0.36230534
8707,25,0,0.4877363
8708,19,1,0.90405315
8709,16,1,0.56840324
8710,13,0,0.19985564
8711,2,0,0.33342978
8712,1,1,0.8436174
8713,19,0,0.34214413
8714,19,1,0.23983891
8715,7,1,0.3772041
8716,28,1,0.37909973
8717,9,0,0.36271894
8718,20,1,0.7184398
8719,3,0,0.7378836
8720,25,0,0.8933339
8721,1,0,0.17746462
8722,13,1,0.3559727
8723,13,1,0.38622645
8724,8,1,0.90225124
8725,23,0,0.49710327
8726,16,0,0.46085307
8727,19,0,0.35042632
8728,26,1,0.52983326
8729,6,0,0.48018736
8730,7,1,0.30752903
8731,1,0,0.28530717
8732,0,1,0.6150447
8733,10,0,0.23337354
8734,10,1,0.8147567
8735,23,1,0.5672205
8736,20,1,0.6286491
8737,5,0,0.5178155
8738,23,0,0.46746817
8739,8,1,0.37345517
8740,9,1,0.7025583
8741,18,1,0.7291784
8742,22,0,0.8552471
8743,6,1,0.7761242
8744,18,0,0.78825104
8745,15,0,0.25368732
8746,10,1,0.7781135
8747,13,0,0.1426843
8748,1,0,0.5854002
8749,13,1,0.23966315
8750,28,1,0.45176002
8751,8,0,0.62855244
8752,25,1,0.5540812
8753,20,0,0.44239262
8754,3,1,0.7311474
8755,19,1,0.40514746
8756,18,1,0.45862353
8757,13,0,0.49016866
8758,11,0,0.3155737
8759,1,1,0.195724
8760,2,0,0.63444483
8761,3,0,0.37911928
8762,27,1,0.90813553
8763,11,1,0.63665205
8764,13,0,0.59537697
8765,0,1,0.659199
8766,10,0,0.24104594
8767,13,1,0.17535554
8768,18,0,0.48345202
8769,20,0,0.16879626
8770,16,0,0.2968702
8771,3,1,0.66118574
8772,12,0,0.22492498
8773,26,1,0.55682075
8774,4,1,0.59741026
8775,2,0,0.38399875
8776,24,1,0.6468716
8777,7,1,0.42946926
8778,0,1,0.65123546
8779,10,1,0.82853115
8780,13,0,0.52002764
8781,11,1,0.614729
8782,16,1,0.5123548
8783,28,1,0.9153652
8784,16,1,0.44545817
8785,5,1,0.2117172
8786,25,0,0.41169927
8787,1,0,0.535972
8788,1,1,0.38081893
8789,12,1,0.86247253
8790,8,0,0.51073223
8791,2,1,0.4441805
8792,16,1,0.37728366
8793,22,1,0.87944573
8794,22,0,0.50252247
8795,27,0,0.43548092
8796,2,1,0.7927614
8797,10,0,0.32438123
8798,27,1,0.4918676
8799,14,0,0.53402597
8800,18,1,0.833456
8801,25,1,0.87845486
8802,0,0,0.4765699
8803,0,1,0.5647085
8804,1,1,0.583861
8805,18,0,0.31584755
8806,0,0,0.4481127
8807,13,1,0.47340372
8808,27,1,0.8229521
8809,9,0,0.30943412
8810,28,1,0.72881943
8811,25,0,0.51906425
8812,4,1,0.90919495
8813,8,0,0.6855503
8814,25,1,0.5810242
8815,17,1,0.5406954
8816,17,0,0.21841644
8817,1,1,0.7072728
8818,12,1,0.41872653
8819,9,0,0.5488939
8820,22,1,0.57668686
8821,6,1,0.28865075
8822,1,1,0.49540016
8823,12,0,0.8618826
8824,11,1,0.4889459
8825,20,1,0.24348666
8826,2,1,0.53302217
8827,3,1,0.3085806
8828,25,1,0.6033159
8829,25,1,0.1916557
8830,8,0,0.18418251
8831,22,0,0.74730784
8832,16,0,0.27274895
8833,14,0,0.42466748
8834,9,0,0.27880844
8835,25,0,0.37011334
8836,14,1,0.4887966
8837,1,1,0.5876399
8838,7,1,0.4903295
8839,8,0,0.32636338
8840,27,0,0.2065644
8841,6,1,0.7415028
8842,2,0,0.13326338
8843,7,0,0.53017974
8844,16,0,0.6497788
8845,19,1,0.57649183
8846,2,0,0.36687684
8847,22,1,0.5603391
8848,11,0,0.16935214
8849,23,0,0.15561442
8850,6,0,0.42045057
8851,6,1,0.6473055
8852,23,1,0.41901374
8853,14,0,0.1266944
8854,20,0,0.5311185
8855,15,0,0.2937697
8856,6,1,0.14318396
8857,16,1,0.44589594
8858,24,1,0.70691305
8859,20,0,0.28131348
8860,11,0,0.38963428
8861,3,0,0.22466697
8862,15,0,0.23060912
8863,14,0,0.44333628
8864,26,1,0.80783737
8865,27,0,0.26313642
8866,20,1,0.3408167
8867,5,1,0.39724085
8868,10,1,0.73304814
8869,20,0,0.49990985
8870,22,0,0.3926596
8871,2,1,0.7683031
8872,8,0,0.34694394
8873,15,1,0.59069806
8874,11,1,0.53527254
8875,10,1,0.7462724
8876,10,0,0.4240795
8877,5,0,0.40554923
8878,15,1,0.69021565
8879,21,1,0.7625725
8880,10,1,0.21523662
8881,8,1,0.7439168
8882,17,1,0.5032745
8883,5,1,0.68435156
8884,4,1,0.5935302
8885,8,1,0.4966557
8886,0,1,0.80328524
8887,7,0,0.63135445
8888,13,1,0.9102344
8889,21,1,0.9471316
8890,0,1,0.5531691
8891,26,0,0.37641633
8892,28,1,0.4929843
8893,18,1,0.5968029
8894,11,1,0.92035675
8895,7,1,0.6277624
8896,27,0,0.2821335
8897,7,1,0.4780821
8898,11,1,0.84893256
8899,8,1,0.7723977
8900,1,1,0.53361726
8901,23,0,0.73420167
8902,11,0,0.37006944
8903,22,0,0.32155043
8904,10,1,0.33337924
8905,8,1,0.7811759
8906,24,0,0.18209647
8907,16,0,0.52024174
8908,17,0,0.43463832
8909,6,1,0.57392186
8910,0,0,0.78206587
8911,11,1,0.9009647
8912,10,0,0.48628226
8913,6,1,0.85733926
8914,16,0,0.21065201
8915,18,1,0.7073055
8916,10,1,0.8545151
8917,14,1,0.6553321
8918,19,1,0.90444696
8919,10,1,0.7735907
8920,20,1,0.5437431
8921,10,0,0.77107
8922,10,1,0.2937315
8923,14,1,0.6781831
8924,13,0,0.21175303
8925,20,1,0.39880303
8926,8,0,0.32787907
8927,25,0,0.19515836
8928,7,0,0.44171584
8929,8,0,0.3517491
8930,19,1,0.7101459
8931,24,1,0.7520678
8932,16,1,0.47446385
8933,3,0,0.6886412
8934,3,0,0.34526718
8935,8,1,0.90194046
8936,28,0,0.19145869
8937,22,0,0.42003423
8938,13,1,0.44197938
8939,3,1,0.6870864
8940,2,0,0.17512558
8941,6,0,0.52347606
8942,2,1,0.25955957
8943,13,0,0.72665936
8944,16,0,0.23209357
8945,22,0,0.41508242
8946,25,1,0.6332966
8947,13,0,0.20446715
8948,10,1,0.46322766
8949,26,0,0.44688925
8950,15,0,0.13081089
8951,12,0,0.5079835
8952,16,0,0.65104246
8953,13,1,0.5923452
8954,11,1,0.8475002
8955,12,1,0.30509615
8956,12,1,0.8416141
8957,11,1,0.7770516
8958,28,1,0.2269214
8959,2,1,0.75827175
8960,1,0,0.12234881
8961,20,0,0.30743575
8962,28,1,0.77251416
8963,25,0,0.17966461
8964,7,1,0.3591829
8965,18,0,0.1856981
8966,19,0,0.3065567
8967,27,0,0.43357974
8968,9,1,0.58914244
8969,19,1,0.49148184
8970,17,1,0.77649176
8971,17,1,0.4678392
8972,25,1,0.8464683
8973,16,1,0.7371269
8974,13,1,0.71342427
8975,26,1,0.4266178
8976,11,0,0.68968123
8977,6,1,0.8482735
8978,17,0,0.76239
8979,26,0,0.55201054
8980,12,0,0.4768871
8981,13,1,0.71384597
8982,20,1,0.5368116
8983,13,0,0.1549138
8984,10,0,0.45646942
8985,7,0,0.34851453
8986,11,0,0.19258639
8987,12,1,0.83692527
8988,25,0,0.27246115
8989,6,0,0.26239538
8990,11,0,0.20760219
8991,16,0,0.45325828
8992,12,0,0.13795055
8993,0,1,0.52933466
8994,14,0,0.3091798
8995,7,0,0.5496929
8996,6,0,0.3217158
8997,15,1,0.5863706
8998,13,1,0.36087808
8999,8,1,0.5284015
9000,3,0,0.38063583
9001,26,1,0.6408153
9002,7,0,0.20216358
9003,17,0,0.37760654
9004,20,1,0.4241351
9005,13,0,0.14849855
9006,22,1,0.25010753
9007,25,0,0.1973975
9008,26,1,0.8803295
9009,27,1,0.5781914
9010,11,1,0.52634346
9011,1,1,0.7924109
9012,2,0,0.5103198
9013,11,1,0.41886735
9014,28,1,0.27390483
9015,16,1,0.93419003
9016,0,1,0.44165125
9017,13,1,0.3304394
9018,19,1,0.7355428
9019,17,1,0.67222875
9020,20,1,0.6332364
9021,17,1,0.5288819
9022,14,1,0.6698742
9023,13,1,0.7726272
9024,22,0,0.52863556
9025,15,1,0.5049997
9026,13,1,0.7314077
9027,14,0,0.31261164
9028,15,0,0.19006214
9029,22,0,0.33145463
9030,27,1,0.67896104
9031,5,0,0.3662193
9032,25,1,0.24583264
9033,10,0,0.5820896
9034,26,1,0.8929871
9035,25,1,0.5061053
9036,15,1,0.6976757
9037,15,0,0.30323264
9038,21,1,0.49916336
9039,1,1,0.25723657
9040,8,0,0.5960466
9041,16,1,0.7253987
9042,0,1,0.5323684
9043,15,1,0.4566169
9044,13,1,0.6348158
9045,25,1,0.7031321
9046,17,0,0.35777825
9047,2,1,0.8941861
9048,28,0,0.34090832
9049,26,1,0.3244895
9050,5,1,0.633666
9051,10,0,0.36629194
9052,1,0,0.46154216
9053,13,0,0.9185425
9054,11,0,0.2716962
9055,23,0,0.47530642
9056,16,0,0.17434043
9057,12,1,0.32155955
9058,1,1,0.7370989
9059,21,0,0.2940934
9060,17,0,0.14927225
9061,8,0,0.4056903
9062,6,0,0.55438
9063,18,1,0.5335358
9064,11,0,0.17014395
9065,8,0,0.43768218
9066,26,1,0.7038446
9067,1,1,0.8397963
9068,2,1,0.5658651
9069,3,0,0.33390284
9070,25,1,0.9122965
9071,7,0,0.1466804
9072,10,1,0.88864493
9073,13,0,0.40282607
9074,11,0,0.3596694
9075,7,1,0.49927542
9076,17,1,0.3699163
9077,19,0,0.23467106
9078,20,1,0.58140826
9079,13,0,0.118899755
9080,8,0,0.41250056
9081,3,1,0.8386037
9082,23,0,0.28489634
9083,26,1,0.62978977
9084,24,1,0.49608853
9085,13,1,0.48817638
9086,15,1,0.33070982
9087,2,0,0.17836028
9088,6,0,0.44816044
9089,28,1,0.761101
9090,28,1,0.6965518
9091,16,1,0.53960073
9092,20,1,0.36551788
9093,26,0,0.37783054
9094,4,0,0.23122999
9095,12,1,0.31472185
9096,22,1,0.43812585
9097,13,1,0.34640622
9098,10,0,0.7094423
9099,28,0,0.30440658
9100,13,0,0.5733691
9101,15,0,0.3767816
9102,2,0,0.59241843
9103,22,1,0.25848815
9104,20,1,0.4013904
9105,20,1,0.3167606
9106,1,1,0.47709432
9107,16,0,0.41773137
9108,20,0,0.24100211
9109,3,1,0.84712476
9110,1,1,0.6724352
9111,17,0,0.49658132
9112,27,1,0.29651627
9113,17,0,0.39074624
9114,13,0,0.39720413
9115,11,1,0.7137369
9116,5,1,0.3049272
9117,25,1,0.532379
9118,18,1,0.91955507
9119,16,0,0.79091865
9120,2,0,0.60866666
9121,2,1,0.48963985
9122,12,0,0.5076953
9123,15,0,0.22452626
9124,3,0,0.4213919
9125,26,0,0.42590302
9126,8,0,0.17924862
9127,25,0,0.16876015
9128,10,1,0.57098514
9129,23,1,0.25825232
9130,2,1,0.36660716
9131,18,1,0.9056637
9132,24,0,0.26408878
9133,16,0,0.19784625
9134,2,0,0.11342681
9135,27,1,0.45979345
9136,24,1,0.47354606
9137,7,1,0.85391444
9138,2,0,0.37962937
9139,25,1,0.43845794
9140,18,0,0.4482138
9141,10,0,0.66831404
9142,7,0,0.347552
9143,28,1,0.1872178
9144,1,0,0.2892509
9145,15,0,0.5086991
9146,8,1,0.5064625
9147,12,0,0.28952494
9148,22,1,0.77075154
9149,12,1,0.4157225
9150,13,0,0.27135214
9151,13,1,0.9105342
9152,21,0,0.23763967
9153,24,0,0.20515376
9154,13,0,0.33076236
9155,11,1,0.25949153
9156,2,1,0.88819593
9157,5,0,0.67287105
9158,2,0,0.2993501
9159,2,1,0.2707234
9160,26,0,0.389881
9161,15,1,0.7027857
9162,2,1,0.47756755
9163,7,0,0.33752102
9164,8,0,0.21656664
9165,11,1,0.38282722
9166,2,0,0.16254188
9167,5,0,0.6259431
9168,22,0,0.64052796
9169,7,1,0.71780866
9170,16,0,0.28490272
9171,17,0,0.50230914
9172,11,0,0.6539539
9173,16,1,0.79693484
9174,4,0,0.2063012
9175,16,1,0.7746453
9176,27,1,0.9027768
9177,13,1,0.86959255
9178,25,0,0.5209623
9179,12,0,0.4355173
9180,6,1,0.6205869
9181,15,0,0.5103634
9182,13,0,0.4640845
9183,15,0,0.1966726
9184,27,1,0.7245302
9185,11,0,0.29702955
9186,15,1,0.41516235
9187,26,1,0.4421556
9188,6,1,0.18666697
9189,23,1,0.23327217
9190,9,0,0.365137
9191,0,1,0.31331077
9192,17,1,0.8684135
9193,25,1,0.58150053
9194,26,1,0.30038103
9195,14,0,0.76992184
9196,2,0,0.41734418
9197,7,0,0.4678838
9198,25,0,0.31261984
9199,22,1,0.4765099
9200,28,1,0.35964435
9201,10,0,0.2650466
9202,7,1,0.3043492
9203,15,0,0.24405995
9204,6,1,0.6613969
9205,16,0,0.43937853
9206,13,0,0.31061047
9207,10,0,0.15088825
9208,8,0,0.25969344
9209,27,0,0.1558281
9210,1,1,0.4604115
9211,20,1,0.41134354
9212,18,0,0.43578118
9213,6,1,0.47300866
9214,20,1,0.6363902
9215,10,1,0.4852737
9216,10,1,0.6631348
9217,12,1,0.45293245
9218,27,1,0.8442749
9219,16,1,0.6781755
9220,28,0,0.21512353
9221,2,0,0.5574218
9222,16,0,0.20609696
9223,3,1,0.6354075
9224,2,1,0.6384922
9225,26,1,0.7076896
9226,25,1,0.57821316
9227,14,0,0.38241082
9228,2,0,0.36880302
9229,28,1,0.7521908
9230,13,0,0.20892754
9231,28,0,0.35303724
9232,25,0,0.5099227
9233,16,0,0.4898115
9234,3,0,0.5327697
9235,25,0,0.39472765
9236,1,0,0.69527346
9237,1,0,0.48690638
9238,1,1,0.49115723
9239,0,1,0.7491924
9240,22,1,0.19763632
9241,11,1,0.48879358
9242,6,1,0.3710252
9243,20,0,0.5899741
9244,16,1,0.8105894
9245,16,0,0.32840395
9246,6,1,0.45189518
9247,1,1,0.52881926
9248,4,0,0.24368589
9249,4,1,0.6534181
9250,20,1,0.35123107
9251,13,1,0.363398
9252,13,0,0.22214897
9253,16,1,0.31678942
9254,11,0,0.4398939
9255,2,1,0.579743
9256,8,1,0.31493473
9257,27,1,0.75128436
9258,28,1,0.2891844
9259,1,1,0.41324234
9260,28,1,0.33631644
9261,2,1,0.4074232
9262,2,1,0.87258923
9263,22,0,0.117711745
9264,6,1,0.35856828
9265,9,1,0.49642825
9266,11,1,0.48675177
9267,25,1,0.24556881
9268,9,1,0.3550398
9269,8,1,0.8307654
9270,10,0,0.5378351
9271,19,0,0.40331486
9272,14,1,0.47568458
9273,5,0,0.280891
9274,24,1,0.3886876
9275,4,1,0.6235433
9276,7,1,0.42025942
9277,11,0,0.3249529
9278,19,1,0.38325825
9279,26,0,0.5561497
9280,14,0,0.34612402
9281,14,0,0.92332417
9282,8,0,0.48466426
9283,8,0,0.2043281
9284,7,0,0.2625804
9285,1,0,0.21036197
9286,16,0,0.18193506
9287,22,1,0.17348237
9288,20,1,0.5672213
9289,11,1,0.6642282
9290,25,1,0.31851497
9291,23,1,0.7479851
9292,7,0,0.29059282
9293,28,1,0.5804931
9294,6,0,0.17419529
9295,27,1,0.5093526
9296,1,0,0.5154277
9297,19,1,0.2904461
9298,20,0,0.26609474
9299,14,1,0.80609775
9300,7,0,0.2700895
9301,16,0,0.24137232
9302,15,1,0.67004734
9303,22,0,0.21283191
9304,8,0,0.23436977
9305,14,0,0.30372146
9306,20,1,0.14143509
9307,7,1,0.92300427
9308,18,1,0.6601498
9309,2,0,0.78732806
9310,18,1,0.6357271
9311,25,1,0.36986434
9312,7,0,0.45165655
9313,25,0,0.27440426
9314,13,1,0.539445
9315,8,1,0.181129
9316,13,0,0.1909279
9317,25,1,0.39716628
9318,0,1,0.68006444
9319,22,1,0.75159496
9320,15,0,0.19254301
9321,13,1,0.23620862
9322,13,1,0.35271496
9323,20,1,0.26387146
9324,17,1,0.5242209
9325,14,1,0.5271104
9326,25,1,0.50874424
9327,20,0,0.39720902
9328,15,0,0.26261595
9329,21,0,0.22877844
9330,16,0,0.24259542
9331,25,0,0.78904754
9332,1,0,0.27659154
9333,25,1,0.5055718
9334,26,0,0.5130182
9335,27,0,0.30371308
9336,2,1,0.69412494
9337,18,1,0.45453063
9338,13,0,0.18456124
9339,13,1,0.79664516
9340,14,1,0.45294258
9341,2,1,0.70700675
9342,12,0,0.1880052
9343,22,1,0.3278059
9344,24,0,0.55027723
9345,15,1,0.5891917
9346,16,0,0.23170474
9347,25,0,0.5004343
9348,27,0,0.4192701
9349,12,1,0.44012678
9350,17,0,0.29397246
9351,4,1,0.44219065
9352,17,0,0.3266465
9353,1,1,0.5348859
9354,16,0,0.512491
9355,28,1,0.34299678
9356,5,0,0.19873986
9357,8,0,0.20290148
9358,10,0,0.3402494
9359,1,0,0.565421
9360,2,0,0.2763825
9361,24,1,0.80604887
9362,1,1,0.9015838
9363,1,1,0.7705272
9364,3,1,0.376469
9365,7,0,0.5577381
9366,18,1,0.28429222
9367,14,0,0.2655936
9368,25,1,0.5537072
9369,13,0,0.35279402
9370,10,0,0.367099
9371,6,0,0.72582525
9372,26,1,0.4101478
9373,26,0,0.48675877
9374,20,1,0.69300634
9375,26,0,0.510469
9376,5,0,0.52565265
9377,6,0,0.24243355
9378,12,1,0.28319547
9379,16,0,0.3722685
9380,5,1,0.6243705
9381,20,1,0.80598265
9382,4,0,0.6036757
9383,3,1,0.7957388
9384,27,0,0.17091498
9385,5,1,0.4280099
9386,5,0,0.8665215
9387,28,1,0.6397554
9388,12,0,0.18037067
9389,20,0,0.11674557
9390,18,0,0.27015033
9391,9,1,0.56121397
9392,18,1,0.26774672
9393,15,1,0.21905349
9394,21,0,0.45961952
9395,28,0,0.2521937
9396,19,0,0.1484265
9397,1,0,0.43094566
9398,19,1,0.53291935
9399,21,1,0.2198943
9400,10,0,0.2956463
9401,6,1,0.5170813
9402,11,0,0.2927988
9403,21,1,0.49859977
9404,22,1,0.9602008
9405,3,1,0.895364
9406,5,0,0.6760591
9407,19,0,0.22836246
9408,10,1,0.74861115
9409,13,1,0.9004573
9410,18,1,0.8997995
9411,16,1,0.5818432
9412,8,0,0.6217512
9413,22,0,0.64821404
9414,16,0,0.437087
9415,24,0,0.48017967
9416,16,1,0.5706731
9417,6,1,0.67045
9418,18,0,0.22009571
9419,25,0,0.27172226
9420,22,1,0.936091
9421,20,1,0.37668276
9422,11,0,0.34347817
9423,1,0,0.35067734
9424,21,0,0.1429461
9425,13,1,0.5139723
9426,15,0,0.5119383
9427,5,1,0.46974224
9428,24,1,0.2722223
9429,13,0,0.19545722
9430,25,0,0.4718587
9431,8,0,0.508733
9432,17,1,0.8591471
9433,22,0,0.3022271
9434,15,0,0.28702885
9435,26,0,0.549186
9436,18,1,0.4645013
9437,13,1,0.81626993
9438,8,0,0.1584088
9439,12,1,0.88359874
9440,17,0,0.15027243
9441,20,0,0.7645209
9442,1,1,0.6656164
9443,14,0,0.42026365
9444,25,1,0.7675646
9445,16,0,0.673655
9446,3,0,0.2914333
9447,13,0,0.46980694
9448,26,1,0.43948185
9449,15,0,0.5032129
9450,3,0,0.7146032
9451,12,0,0.19306193
9452,27,0,0.2252671
9453,12,0,0.30079713
9454,18,0,0.33495748
9455,11,0,0.6980323
9456,19,1,0.83088076
9457,6,1,0.84820443
9458,12,0,0.7249563
9459,8,1,0.5722095
9460,16,1,0.54719037
9461,0,0,0.48093197
9462,24,1,0.3787066
9463,22,1,0.72018373
9464,26,0,0.22086918
9465,7,1,0.89719355
9466,25,0,0.70759964
9467,24,0,0.42602932
9468,21,0,0.4161719
9469,18,1,0.7227445
9470,14,0,0.50582826
9471,16,1,0.47339535
9472,2,0,0.82006955
9473,18,0,0.3510484
9474,16,1,0.5950869
9475,3,0,0.74009573
9476,16,1,0.92146254
9477,11,1,0.67302555
9478,9,0,0.522562
9479,10,1,0.6691302
9480,18,1,0.6067712
9481,28,0,0.22498314
9482,22,0,0.22529411
9483,2,0,0.37993515
9484,27,1,0.8454113
9485,15,1,0.6997849
9486,1,0,0.39413744
9487,19,1,0.17473593
9488,14,1,0.2520819
9489,1,1,0.5067022
9490,26,0,0.39701688
9491,28,1,0.2279399
9492,22,0,0.20813082
9493,25,0,0.6824952
9494,16,0,0.32286268
9495,16,1,0.79788023
9496,25,0,0.36391854
9497,11,0,0.80156106
9498,20,1,0.61867034
9499,25,1,0.5032402
9500,11,1,0.5468468
9501,8,0,0.30233896
9502,26,1,0.37755683
9503,17,0,0.19966932
9504,12,1,0.5397612
9505,13,0,0.8515731
9506,27,1,0.7417234
9507,28,1,0.49178714
9508,6,1,0.6292835
9509,11,1,0.75266635
9510,7,1,0.8138038
9511,1,1,0.6218678
9512,2,0,0.38054147
9513,16,1,0.42918536
9514,25,1,0.681236
9515,8,1,0.69952434
9516,25,0,0.39201036
9517,20,0,0.2245414
9518,15,0,0.83106136
9519,19,1,0.43534487
9520,11,0,0.6290841
9521,16,1,0.43697286
9522,10,0,0.28122196
9523,0,0,0.57487875
9524,13,0,0.2300534
9525,6,0,0.29561415
9526,2,0,0.49064377
9527,13,0,0.3670009
9528,6,1,0.57439893
9529,12,1,0.37908897
9530,28,1,0.5712849
9531,26,1,0.3003354
9532,16,1,0.76828575
9533,1,1,0.51724887
9534,2,1,0.82065564
9535,15,0,0.30023253
9536,15,0,0.23999138
9537,11,1,0.5450703
9538,12,0,0.5956308
9539,2,1,0.3032358
9540,12,1,0.34118205
9541,10,0,0.48044774
9542,0,0,0.5230067
9543,7,0,0.3977534
9544,15,1,0.62067604
9545,14,1,0.82059824
9546,20,0,0.24920097
9547,16,1,0.6488255
9548,17,1,0.8785295
9549,23,1,0.50685894
9550,15,0,0.33864614
9551,13,0,0.5289252
9552,9,0,0.49192488
9553,25,1,0.44318685
9554,3,1,0.8804569
9555,26,1,0.3360871
9556,17,0,0.17517754
9557,17,0,0.1914135
9558,8,0,0.20968828
9559,28,1,0.68631524
9560,12,1,0.9065883
9561,20,0,0.2928562
9562,19,1,0.78870654
9563,7,0,0.70058566
9564,8,1,0.6681761
9565,1,0,0.16383334
9566,11,0,0.27879158
9567,0,0,0.28705
9568,11,1,0.491792
9569,25,0,0.3814007
9570,16,1,0.66302603
9571,1,1,0.8324184
9572,20,1,0.66240066
9573,25,1,0.841686
9574,10,1,0.5070589
9575,20,1,0.7930771
9576,16,1,0.675784
9577,11,1,0.44150496
9578,10,1,0.69583786
9579,13,0,0.6983871
9580,11,0,0.5904801
9581,2,1,0.23421982
9582,15,1,0.71054214
9583,10,1,0.43035197
9584,1,1,0.8227275
9585,16,1,0.94353807
9586,17,0,0.90070134
9587,13,1,0.30737108
9588,26,0,0.31594002
9589,10,0,0.629216
9590,15,1,0.75607353
9591,26,0,0.31940672
9592,0,0,0.5288537
9593,25,1,0.631127
9594,5,1,0.65144753
9595,15,1,0.47473133
9596,2,1,0.5239305
9597,6,1,0.7140127
9598,22,0,0.3213536
9599,0,0,0.29441348
9600,2,0,0.55261695
9601,10,0,0.36835113
9602,13,1,0.26206502
9603,19,0,0.3435763
9604,20,0,0.39560804
9605,25,0,0.7847311
9606,8,1,0.5247431
9607,11,1,0.84445363
9608,13,0,0.53879637
9609,10,0,0.41462088
9610,13,1,0.7756918
9611,16,0,0.35852057
9612,22,1,0.76112616
9613,15,0,0.3205914
9614,27,1,0.7318993
9615,2,0,0.15181075
9616,11,1,0.7534116
9617,16,0,0.31828713
9618,4,0,0.43271393
9619,27,1,0.8346495
9620,1,0,0.58594143
9621,25,0,0.17307131
9622,12,0,0.4037896
9623,10,1,0.7656993
9624,14,1,0.67981714
9625,8,1,0.45949173
9626,10,1,0.8947184
9627,2,1,0.5050277
9628,27,0,0.2994608
9629,19,0,0.3239815
9630,7,1,0.934788
9631,13,0,0.24996153
9632,16,0,0.4558925
9633,19,1,0.86916584
9634,26,1,0.36839163
9635,19,1,0.5489642
9636,7,0,0.609078
9637,8,0,0.52317744
9638,19,0,0.16897726
9639,19,1,0.72780734
9640,11,0,0.5715886
9641,2,0,0.7468119
9642,0,0,0.46699548
9643,25,0,0.6617946
9644,7,1,0.53630686
9645,13,0,0.6249223
9646,9,0,0.24611005
9647,5,0,0.278265
9648,25,0,0.37566134
9649,1,0,0.75311387
9650,10,0,0.44764358
9651,27,0,0.6975615
9652,6,1,0.6807712
9653,2,0,0.69545907
9654,20,1,0.5465035
9655,2,1,0.64225626
9656,25,1,0.63708663
9657,12,0,0.31787124
9658,26,1,0.57816696
9659,24,1,0.5088948
9660,16,0,0.63481003
9661,27,0,0.50067884
9662,5,0,0.3085911
9663,1,1,0.894723
9664,20,1,0.6155292
9665,1,1,0.51575017
9666,24,0,0.22188157
9667,3,1,0.37596792
9668,2,0,0.3202638
9669,11,0,0.24849257
9670,19,0,0.49174795
9671,0,0,0.23097731
9672,14,1,0.26975352
9673,0,0,0.5097032
9674,1,0,0.1986811
9675,13,0,0.7642182
9676,3,1,0.6998404
9677,25,0,0.23571499
9678,0,1,0.5912416
9679,6,1,0.4438739
9680,10,0,0.121920384
9681,15,0,0.8720356
9682,12,1,0.81077194
9683,19,1,0.8925766
9684,15,0,0.33695543
9685,19,1,0.14070967
9686,25,1,0.629789
9687,9,1,0.663791
9688,16,1,0.6188855
9689,8,0,0.8740075
9690,21,1,0.9366074
9691,13,1,0.5917959
9692,11,0,0.2625498
9693,26,0,0.51114565
9694,7,1,0.15172975
9695,21,0,0.6018636
9696,12,1,0.4903302
9697,11,1,0.6759424
9698,5,0,0.3136273
9699,1,1,0.37640876
9700,6,1,0.6084667
9701,18,0,0.5043343
9702,24,1,0.7349216
9703,27,0,0.1540958
9704,22,1,0.71718264
9705,28,1,0.39808917
9706,6,0,0.40255582
9707,23,1,0.6689992
9708,2,0,0.2279846
9709,25,1,0.8222999
9710,16,1,0.31329682
9711,25,0,0.37914044
9712,27,1,0.37956974
9713,1,1,0.78103197
9714,4,1,0.53705543
9715,1,0,0.3426195
9716,8,1,0.353405
9717,22,1,0.45947763
9718,18,1,0.17593627
9719,14,0,0.20933534
9720,10,1,0.5744819
9721,18,1,0.27623945
9722,23,1,0.8280401
9723,20,1,0.8373624
9724,2,0,0.48760194
9725,8,1,0.55691373
9726,20,1,0.687253
9727,25,1,0.84859264
9728,14,1,0.33711082
9729,13,1,0.57512295
9730,20,1,0.9260682
9731,22,0,0.50228274
9732,25,0,0.77265126
9733,9,1,0.8420489
9734,27,0,0.5603757
9735,20,0,0.30380324
9736,26,1,0.7606754
9737,1,0,0.27733535
9738,14,0,0.44206885
9739,6,0,0.21552484
9740,9,1,0.5284099
9741,2,1,0.4708014
9742,1,0,0.44145623
9743,6,0,0.59322256
9744,16,1,0.8679761
9745,6,1,0.5165536
9746,26,0,0.65021324
9747,3,1,0.8759655
9748,18,1,0.3492071
9749,7,0,0.26299322
9750,10,0,0.4248271
9751,17,0,0.26524797
9752,2,1,0.67750794
9753,7,0,0.4677236
9754,26,0,0.5495998
9755,18,0,0.44541967
9756,1,1,0.7803284
9757,26,0,0.51321876
9758,28,0,0.22535865
9759,16,0,0.2872926
9760,13,1,0.5979616
9761,26,0,0.36893234
9762,10,1,0.6300508
9763,3,1,0.8386966
9764,1,0,0.5609226
9765,3,1,0.8289168
9766,0,1,0.69463766
9767,9,0,0.7153428
9768,24,1,0.7126564
9769,11,0,0.26653108
9770,8,1,0.57482094
9771,14,0,0.5277836
9772,20,1,0.3257356
9773,8,1,0.8538192
9774,1,0,0.32701287
9775,5,1,0.27353695
9776,27,1,0.41878262
9777,9,0,0.5620501
9778,6,1,0.72525114
9779,16,0,0.28141722
9780,15,0,0.5289856
9781,3,1,0.53367
9782,20,1,0.8358719
9783,16,0,0.39263016
9784,10,0,0.4777264
9785,13,1,0.2786523
9786,7,1,0.7228077
9787,23,0,0.28205627
9788,10,1,0.5566429
9789,10,1,0.31475142
9790,27,1,0.22966875
9791,10,1,0.47421917
9792,16,1,0.48447484
9793,28,0,0.40167862
9794,18,1,0.8577243
9795,15,0,0.5877711
9796,3,1,0.4974968
9797,8,0,0.5555508
9798,17,0,0.26351804
9799,16,1,0.26166502
9800,23,0,0.56821215
9801,28,1,0.85387623
9802,18,1,0.1471942
9803,11,0,0.64354855
9804,26,0,0.12769535
9805,23,1,0.7417293
9806,23,0,0.55701905
9807,0,0,0.48764762
9808,8,1,0.40335345
9809,10,0,0.2988091
9810,1,1,0.82866246
9811,27,1,0.43703863
9812,13,1,0.1998261
9813,7,0,0.20297627
9814,15,0,0.4637791
9815,14,1,0.26077384
9816,19,0,0.2375499
9817,17,1,0.7340295
9818,22,0,0.57721573
9819,13,1,0.8673909
9820,18,0,0.3591366
9821,7,0,0.32474878
9822,1,0,0.43701065
9823,10,1,0.73703307
9824,26,1,0.794931
9825,6,0,0.40362155
9826,24,0,0.44901434
9827,1,1,0.67992526
9828,0,0,0.5036081
9829,20,1,0.597996
9830,7,1,0.488705
9831,19,1,0.4768047
9832,13,1,0.6529621
9833,3,1,0.79261565
9834,13,1,0.44859198
9835,3,0,0.54525614
9836,25,0,0.18856935
9837,27,1,0.62440306
9838,20,1,0.7595629
9839,1,1,0.70098794
9840,27,1,0.62339765
9841,21,1,0.80762243
9842,9,0,0.2777517
9843,1,0,0.31386107
9844,17,1,0.94700485
9845,24,0,0.16804844
9846,11,1,0.8742805
9847,13,1,0.41158012
9848,3,1,0.4589192
9849,27,0,0.725183
9850,1,1,0.37181908
9851,16,1,0.5248508
9852,18,0,0.39552906
9853,0,1,0.6392562
9854,7,0,0.5451354
9855,2,1,0.5377251
9856,15,1,0.79241705
9857,21,1,0.54963344
9858,13,0,0.19806916
9859,21,1,0.77932817
9860,22,1,0.6295066
9861,13,0,0.442686
9862,6,1,0.30594984
9863,3,0,0.5415197
9864,11,1,0.5487823
9865,2,0,0.27477005
9866,10,1,0.49696583
9867,3,1,0.2472805
9868,12,0,0.25199535
9869,12,1,0.5581039
9870,3,1,0.8740113
9871,3,0,0.43929133
9872,26,0,0.56338525
9873,2,1,0.5464775
9874,11,0,0.21481623
9875,8,0,0.4129374
9876,22,0,0.19235928
9877,13,0,0.37880906
9878,23,0,0.30022702
9879,10,0,0.6666059
9880,28,0,0.3928818
9881,14,1,0.5923563
9882,1,1,0.2904402
9883,14,1,0.88056195
9884,25,1,0.31398413
9885,9,1,0.41276714
9886,1,0,0.4848396
9887,5,1,0.34818095
9888,27,0,0.28223833
9889,27,1,0.9212187
9890,6,0,0.19764075
9891,2,1,0.5918913
9892,16,1,0.81374747
9893,13,0,0.5528454
9894,12,0,0.2392869
9895,19,1,0.5436186
9896,15,0,0.25628272
9897,13,1,0.86747706
9898,23,1,0.7054931
9899,22,1,0.35252604
9900,8,0,0.66222686
9901,12,0,0.3035988
9902,14,1,0.67586416
9903,16,0,0.40272877
9904,10,0,0.2227112
9905,8,0,0.6410152
9906,21,1,0.5500826
9907,8,0,0.20365962
9908,1,0,0.27547455
9909,4,0,0.30963698
9910,17,1,0.8260685
9911,13,1,0.43916127
9912,3,1,0.84672034
9913,7,1,0.8118197
9914,2,0,0.20933785
9915,0,1,0.25604382
9916,10,1,0.42614335
9917,25,1,0.84111667
9918,20,0,0.28064227
9919,6,1,0.65777063
9920,2,0,0.6065187
9921,25,1,0.66302276
9922,13,1,0.5918001
9923,8,1,0.59261596
9924,4,1,0.8664938
9925,25,1,0.7051521
9926,24,0,0.49365515
9927,23,0,0.6869172
9928,18,1,0.75870293
9929,2,1,0.5233037
9930,18,1,0.7153697
9931,28,1,0.6361284
9932,28,0,0.22119595
9933,13,0,0.65861005
9934,11,0,0.28439832
9935,8,1,0.7575554
9936,13,0,0.56947464
9937,13,0,0.6771868
9938,2,0,0.45960942
9939,2,1,0.43152758
9940,2,1,0.480629
9941,28,0,0.28644878
9942,11,0,0.4522978
9943,12,1,0.58830386
9944,25,0,0.26559794
9945,4,0,0.7832385
9946,3,1,0.3129472
9947,19,1,0.8819306
9948,12,1,0.43394092
9949,28,0,0.11440492
9950,17,1,0.42630634
9951,11,0,0.27723816
9952,3,0,0.6134174
9953,18,1,0.45706674
9954,1,0,0.37839565
9955,28,0,0.7272886
9956,3,1,0.895676
9957,27,1,0.5441798
9958,26,1,0.6041333
9959,17,0,0.29529557
9960,15,0,0.33196372
9961,11,0,0.44900596
9962,25,0,0.25096494
9963,7,0,0.13481787
9964,25,0,0.49434108
9965,20,1,0.4979346
9966,8,0,0.32324496
9967,13,1,0.6263503
9968,7,1,0.81952125
9969,16,1,0.6076502
9970,13,1,0.3523216
9971,2,0,0.58115864
9972,16,0,0.645325
9973,19,1,0.7122836
9974,10,0,0.20861542
9975,3,1,0.4005608
9976,17,1,0.3531929
9977,25,0,0.39919063
9978,13,1,0.4556407
9979,22,0,0.39644226
9980,18,0,0.30860925
9981,11,1,0.72131413
9982,25,0,0.2719047
9983,16,0,0.5929251
9984,11,1,0.43333527
9985,3,1,0.8446461
9986,26,0,0.70953095
9987,1,1,0.73064923
9988,26,1,0.73988116
9989,0,0,0.5665926
9990,20,1,0.63046896
9991,3,0,0.4499518
9992,18,0,0.20157763
9993,10,0,0.37650463
9994,4,0,0.8631732
9995,16,1,0.4610541
9996,26,1,0.75863636
9997,26,1,0.51584363
9998,26,0,0.36002818
9999,13,1,0.8417468
10000,26,1,0.83610076
10001,9,0,0.4925689
10002,26,0,0.5137373
10003,16,0,0.24539573
10004,26,0,0.21540557
10005,1,0,0.3223503
10006,2,1,0.4110346
10007,3,0,0.60022134
10008,19,1,0.8032663
10009,20,1,0.7964309
10010,13,0,0.6772816
10011,6,0,0.3182207
10012,4,0,0.52583694
10013,17,0,0.3641724
10014,9,1,0.6510574
10015,1,0,0.18147835
10016,8,1,0.71249485
10017,1,0,0.7238266
10018,28,1,0.35639054
10019,2,0,0.47584108
10020,18,0,0.3218475
10021,22,0,0.3495297
10022,2,1,0.615271
10023,13,0,0.26307055
10024,12,0,0.303882
10025,10,0,0.48632407
10026,27,0,0.540433
10027,27,1,0.7943036
10028,26,0,0.30934107
10029,8,0,0.44488475
10030,27,1,0.83532304
10031,25,0,0.20157689
10032,25,0,0.21903619
10033,18,1,0.63394886
10034,8,0,0.23188585
10035,9,1,0.36181992
10036,16,1,0.4653246
10037,21,0,0.27839088
10038,26,1,0.64125335
10039,24,0,0.3515268
10040,24,1,0.17101951
10041,10,1,0.7307504
10042,24,1,0.72995526
10043,8,1,0.6807401
10044,20,0,0.2655646
10045,18,0,0.5596035
10046,24,0,0.33941793
10047,2,1,0.7486152
10048,12,0,0.69675833
10049,2,1,0.69626564
10050,27,0,0.48287585
10051,7,0,0.4511154
10052,13,0,0.38515112
10053,6,1,0.7384245
10054,4,0,0.21986404
10055,2,0,0.5200509
10056,23,0,0.67366487
10057,18,0,0.13829535
10058,17,0,0.3555327
10059,11,1,0.53086
10060,7,0,0.21845768
10061,2,1,0.6080427
10062,13,1,0.8672942
10063,19,1,0.5936913
10064,13,0,0.29182947
10065,9,0,0.31806117
10066,0,1,0.8090844
10067,2,1,0.5794886
10068,11,0,0.3206122
10069,3,0,0.6488823
10070,15,0,0.35788172
10071,1,1,0.2583818
10072,3,0,0.19225784
10073,3,1,0.8439903
10074,2,1,0.42139474
10075,6,0,0.39058602
10076,15,0,0.25769553
10077,7,1,0.81638604
10078,1,1,0.59707254
10079,12,1,0.22514395
10080,14,0,0.5624637
10081,6,1,0.7894651
10082,3,1,0.4383497
10083,16,1,0.47221687
10084,8,1,0.56580335
10085,7,1,0.49512607
10086,7,1,0.5470789
10087,27,0,0.44507
10088,26,1,0.65428036
10089,8,0,0.19410151
10090,28,0,0.72172767
10091,28,1,0.81693983
10092,8,0,0.62919456
10093,14,1,0.37931845
10094,16,0,0.16922642
10095,25,1,0.2681565
10096,16,1,0.96137035
10097,15,0,0.58929205
10098,15,1,0.27183703
10099,22,0,0.2869532
10100,25,1,0.6290946
10101,11,0,0.8165638
10102,12,0,0.5028209
10103,22,1,0.33112222
10104,27,1,0.8572704
10105,19,1,0.65020186
10106,5,1,0.33008122
10107,3,0,0.11518444
10108,8,1,0.4605182
10109,14,1,0.73742855
10110,12,1,0.3951663
10111,5,0,0.56534505
10112,26,0,0.7722135
10113,1,0,0.84339386
10114,20,0,0.71807045
10115,6,1,0.7548077
10116,24,1,0.68548995
10117,27,1,0.7382679
10118,8,0,0.23134254
10119,18,0,0.30830577
10120,5,1,0.6479711
10121,25,1,0.4157478
10122,6,1,0.85008585
10123,12,0,0.25486052
10124,14,1,0.57197475
10125,12,1,0.8715352
10126,12,0,0.41353512
10127,27,0,0.42285272
10128,13,0,0.42579347
10129,20,0,0.39130014
10130,13,0,0.5513023
10131,27,0,0.53784037
10132,23,1,0.54034245
10133,9,0,0.33501777
10134,11,0,0.26295298
10135,12,1,0.56519055
10136,3,0,0.2219381
10137,12,0,0.27646026
10138,24,1,0.6177027
10139,19,0,0.85869694
10140,15,0,0.339906
10141,16,0,0.31196588
10142,18,1,0.69601876
10143,16,1,0.8789374
10144,6,1,0.85471535
10145,27,1,0.73101974
10146,15,0,0.77178985
10147,26,1,0.81136394
10148,26,0,0.3447607
10149,27,1,0.26969898
10150,12,1,0.7153931
10151,6,0,0.30224392
10152,13,1,0.5878206
10153,16,0,0.33427697
10154,1,1,0.31583777
10155,6,1,0.73460853
10156,3,1,0.8272558
10157,2,0,0.39813083
10158,11,0,0.8590643
10159,28,0,0.24308239
10160,12,0,0.6437951
10161,15,0,0.3740445
10162,23,0,0.37184387
10163,17,1,0.78505397
10164,6,1,0.803827
10165,26,0,0.3363815
10166,5,1,0.58272374
10167,10,0,0.58097243
10168,2,1,0.7824473
10169,8,0,0.56082964
10170,3,1,0.39806697
10171,21,1,0.8493225
10172,20,1,0.35898438
10173,16,0,0.23455009
10174,24,0,0.43521866
10175,9,1,0.49062866
10176,9,0,0.3944458
10177,21,0,0.27216142
10178,4,0,0.47505793
10179,25,1,0.5627067
10180,16,0,0.392493
10181,20,0,0.6064012
10182,3,1,0.677442
10183,13,1,0.35101676
10184,22,0,0.3895961
10185,25,1,0.7669377
10186,1,1,0.8067441
10187,22,1,0.83730394
10188,15,1,0.65644336
10189,11,1,0.6155792
10190,19,0,0.43302694
10191,26,1,0.9231122
10192,13,1,0.6618067
10193,2,0,0.22380173
10194,15,0,0.4174968
10195,6,1,0.53949666
10196,7,1,0.47460902
10197,17,0,0.2094378
10198,10,1,0.56135416
10199,16,0,0.47864923
10200,10,0,0.82347137
10201,15,0,0.50786024
10202,20,1,0.9282995
10203,11,1,0.6417145
10204,2,0,0.19771387
10205,16,1,0.5795684
10206,3,0,0.43150398
10207,1,1,0.8193861
10208,8,0,0.35886535
10209,8,1,0.52124745
10210,16,0,0.500831
10211,25,0,0.16388418
10212,25,0,0.27643397
10213,1,1,0.397758
10214,22,0,0.44328067
10215,6,1,0.8266756
10216,1,0,0.8486893
10217,15,0,0.48621538
10218,15,1,0.7589124
10219,13,0,0.39287415
10220,20,0,0.31717044
10221,6,1,0.94538176
10222,9,0,0.17500241
10223,2,1,0.86284107
10224,7,1,0.60407907
10225,16,0,0.29563618
10226,11,0,0.5630503
10227,19,0,0.40941864
10228,12,0,0.50529224
10229,1,1,0.6766996
10230,13,0,0.27785698
10231,22,0,0.14015433
10232,2,0,0.3463383
10233,13,0,0.25817603
10234,24,1,0.29236785
10235,25,1,0.47955087
10236,15,0,0.20989275
10237,27,1,0.8605855
10238,15,1,0.728622
10239,2,1,0.35067642
10240,13,0,0.3275221
10241,16,1,0.44982445
10242,26,1,0.7619565
10243,4,1,0.73462546
10244,6,0,0.13297182
10245,6,0,0.22043519
10246,9,1,0.8455279
10247,7,1,0.87030345
10248,16,0,0.38999268
10249,27,0,0.8920754
10250,7,0,0.33769953
10251,16,1,0.8401608
10252,16,1,0.6246853
10253,8,1,0.5696849
10254,17,0,0.3545641
10255,1,1,0.74523103
10256,1,0,0.5456493
10257,21,1,0.6578197
10258,17,0,0.608467
10259,12,0,0.34489757
10260,12,1,0.26022458
10261,19,0,0.29779544
10262,17,0,0.26807144
10263,28,0,0.4254936
10264,28,0,0.46115404
10265,8,0,0.28725734
10266,15,0,0.45695022
10267,27,1,0.50669295
10268,26,0,0.22421987
10269,13,0,0.3102732
10270,25,1,0.8997955
10271,13,1,0.7501127
10272,6,0,0.3471701
10273,22,0,0.36108276
10274,15,1,0.3539871
10275,26,0,0.33785176
10276,22,0,0.4016164
10277,16,0,0.30505502
10278,24,0,0.4794003
10279,15,1,0.86980265
10280,12,0,0.45302004
10281,1,1,0.37508836
10282,11,1,0.49525654
10283,13,0,0.77031684
10284,8,1,0.19816574
10285,22,1,0.848775
10286,13,0,0.49204317
10287,28,0,0.40268824
10288,25,0,0.73871756
10289,25,1,0.25388163
10290,27,0,0.41017023
10291,16,0,0.6296608
10292,1,0,0.47251204
10293,1,0,0.21142644
10294,2,1,0.76262504
10295,10,0,0.8590887
10296,16,0,0.44223785
10297,23,0,0.3550448
10298,10,0,0.27301657
10299,24,1,0.83644366
10300,22,0,0.26967457
10301,17,0,0.51662236
10302,24,1,0.7170714
10303,14,0,0.18697439
10304,9,0,0.33820838
10305,9,0,0.46164793
10306,27,1,0.6166536
10307,16,0,0.2250408
10308,5,0,0.571384
10309,11,1,0.7727446
10310,3,1,0.6603522
10311,11,0,0.21512528
10312,14,0,0.72450066
10313,9,1,0.64766705
10314,15,1,0.68392915
10315,18,1,0.4222427
10316,14,0,0.72445
10317,4,0,0.5263694
10318,25,0,0.6795946
10319,6,0,0.5219236
10320,20,1,0.57297117
10321,13,0,0.23901966
10322,10,1,0.31773648
10323,7,1,0.5428799
10324,22,0,0.74047357
10325,15,0,0.21394867
10326,13,1,0.464017
10327,17,0,0.72075355
10328,10,1,0.8417921
10329,22,0,0.32275754
10330,17,0,0.4909614
10331,6,0,0.4917342
10332,15,1,0.88448465
10333,15,1,0.8028502
10334,11,0,0.24739064
10335,14,1,0.39874396
10336,17,0,0.6223691
10337,19,1,0.6662178
10338,19,0,0.38455015
10339,22,0,0.29432487
10340,13,1,0.46076164
10341,26,0,0.7827447
10342,11,1,0.68342483
10343,9,1,0.31578654
10344,0,0,0.20916505
10345,19,0,0.66666865
10346,25,1,0.4220957
10347,5,1,0.5851257
10348,4,1,0.3484327
10349,13,1,0.7758794
10350,15,0,0.37465125
10351,25,1,0.17242122
10352,12,1,0.5484189
10353,10,1,0.8992935
10354,0,1,0.518345
10355,12,0,0.38361418
10356,2,1,0.736511
10357,27,1,0.5216426
10358,10,1,0.7669093
10359,7,1,0.32298097
10360,5,1,0.8300504
10361,22,1,0.5203865
10362,10,0,0.4743693
10363,6,1,0.38285142
10364,10,0,0.3582436
10365,9,1,0.4072839
10366,0,1,0.5312892
10367,19,0,0.39608255
10368,13,1,0.9134687
10369,25,1,0.7180585
10370,28,0,0.45571578
10371,18,0,0.7611255
10372,23,0,0.4810605
10373,16,1,0.86507684
10374,7,0,0.30561247
10375,16,0,0.11367491
10376,14,0,0.73001325
10377,15,1,0.47189173
10378,11,0,0.32856986
10379,10,0,0.29132053
10380,11,1,0.48100767
10381,0,1,0.362396
10382,2,1,0.44576657
10383,25,0,0.47090006
10384,16,1,0.42627713
10385,25,0,0.24655542
10386,6,0,0.513464
10387,4,0,0.22825812
10388,9,0,0.30429146
10389,7,1,0.33883074
10390,16,0,0.32936147
10391,18,0,0.18556578
10392,1,0,0.5270874
10393,1,1,0.48328623
10394,1,1,0.36756432
10395,10,0,0.20610678
10396,19,0,0.2974987
10397,26,0,0.24834767
10398,18,0,0.51964885
10399,21,1,0.7793212
10400,0,1,0.38317472
10401,2,0,0.12136058
10402,5,0,0.29747352
10403,23,0,0.41761872
10404,11,1,0.82486695
10405,16,0,0.5926696
10406,0,0,0.096210174
10407,8,1,0.41149053
10408,27,0,0.30592528
10409,15,1,0.32746726
10410,7,1,0.52947867
10411,18,1,0.4421003
10412,22,1,0.6501092
10413,1,0,0.450883
10414,18,0,0.26747814
10415,8,0,0.47035372
10416,13,1,0.3736051
10417,10,1,0.5937158
10418,7,0,0.4545289
10419,7,1,0.45117927
10420,17,1,0.51715946
10421,12,1,0.4185786
10422,17,1,0.57285595
10423,13,0,0.50052536
10424,13,1,0.47159016
10425,25,0,0.25728297
10426,27,1,0.8395917
10427,8,1,0.5715112
10428,3,1,0.31795582
10429,1,1,0.5348256
10430,1,0,0.8687533
10431,22,0,0.26869416
10432,11,1,0.839865
10433,19,0,0.46981075
10434,14,0,0.28008047
10435,5,0,0.66065973
10436,25,1,0.85059613
10437,2,1,0.5925932
10438,25,1,0.46842733
10439,25,0,0.57897496
10440,16,0,0.5222981
10441,8,0,0.63634044
10442,20,0,0.36879218
10443,7,1,0.59847206
10444,11,0,0.3925705
10445,27,1,0.5039838
10446,15,0,0.27315652
10447,15,1,0.6416161
10448,11,1,0.49657273
10449,19,1,0.3400515
10450,8,0,0.22296025
10451,7,0,0.6380886
10452,23,1,0.7014983
10453,22,0,0.15843602
10454,14,1,0.7611627
10455,15,1,0.48797792
10456,26,0,0.3401857
10457,11,0,0.2732205
10458,19,0,0.4574425
10459,28,0,0.267949
10460,16,0,0.245461
10461,3,1,0.7017069
10462,15,1,0.7579573
10463,3,1,0.4929497
10464,11,0,0.556413
10465,11,0,0.19590625
10466,15,0,0.33124858
10467,15,0,0.53990704
10468,0,0,0.59076816
10469,1,1,0.57080925
10470,15,1,0.4774858
10471,20,0,0.50200653
10472,1,0,0.1774785
10473,14,0,0.41929966
10474,20,0,0.105002984
10475,15,0,0.19320865
10476,14,0,0.405711
10477,27,1,0.34091002
10478,28,0,0.39105606
10479,22,1,0.30297133
10480,4,0,0.6613216
10481,5,0,0.2865854
10482,15,1,0.60702705
10483,12,0,0.23259826
10484,11,1,0.6752097
10485,16,0,0.1505083
10486,21,0,0.3094184
10487,8,1,0.3129965
10488,8,1,0.42935187
10489,17,0,0.34246886
10490,3,0,0.4428915
10491,12,1,0.67549604
10492,18,0,0.52164114
10493,25,1,0.40542915
10494,8,0,0.3409359
10495,16,1,0.78281426
10496,28,1,0.6445605
10497,26,1,0.28831187
10498,15,1,0.40556997
10499,25,0,0.2391191
10500,12,0,0.33304825
10501,25,0,0.21827862
10502,8,1,0.72288555
10503,9,0,0.38805732
10504,0,0,0.25109434
10505,22,1,0.12470387
10506,27,0,0.13759142
10507,8,0,0.52691054
10508,16,0,0.36516124
10509,28,0,0.24642944
10510,2,1,0.92933714
10511,0,1,0.35047847
10512,3,0,0.52401596
10513,2,1,0.7655697
10514,11,0,0.15081829
10515,16,1,0.71876293
10516,25,0,0.41793844
10517,3,0,0.368433
10518,22,0,0.67080903
10519,3,0,0.328281
10520,20,0,0.43494222
10521,12,1,0.8234428
10522,14,0,0.3008115
10523,16,1,0.716982
10524,14,1,0.904314
10525,18,0,0.28175187
10526,13,1,0.59936404
10527,10,0,0.15129834
10528,2,1,0.2868487
10529,6,0,0.34103343
10530,25,1,0.44716683
10531,7,1,0.39354908
10532,4,1,0.36204392
10533,17,1,0.6010833
10534,21,0,0.23064615
10535,28,0,0.26001683
10536,1,1,0.55447954
10537,25,1,0.38056076
10538,5,0,0.69839257
10539,2,0,0.30633172
10540,10,0,0.5571957
10541,1,1,0.19686723
10542,11,0,0.5733871
10543,8,0,0.31144443
10544,9,0,0.40745074
10545,3,0,0.48227954
10546,26,0,0.59704995
10547,25,0,0.74680513
10548,21,0,0.3068287
10549,25,0,0.6386076
10550,27,1,0.40908775
10551,1,1,0.421399
10552,9,0,0.26562524
10553,8,0,0.2686689
10554,15,0,0.1651615
10555,18,1,0.78251886
10556,20,0,0.51064855
10557,12,0,0.72507656
10558,2,1,0.48647
10559,25,0,0.43844065
10560,27,0,0.17571512
10561,2,0,0.49604002
10562,17,0,0.7533182
10563,26,1,0.7745284
10564,14,1,0.8790711
10565,27,1,0.43493775
10566,16,0,0.6464117
10567,7,0,0.3796583
10568,6,1,0.77639693
10569,2,0,0.42523918
10570,20,1,0.9246545
10571,18,1,0.8283739
10572,8,0,0.58965415
10573,14,0,0.54865795
10574,10,1,0.7989018
10575,25,0,0.5469889
10576,15,1,0.7489248
10577,9,1,0.7295242
10578,15,0,0.475877
10579,24,1,0.6860975
10580,6,1,0.6051471
10581,27,1,0.38961974
10582,17,1,0.8774692
10583,9,1,0.5470801
10584,13,0,0.4707033
10585,13,1,0.83166945
10586,13,1,0.4717531
10587,0,0,0.1191718
10588,10,0,0.20431826
10589,5,0,0.19712862
10590,15,1,0.5998618
10591,22,1,0.3222124
10592,25,1,0.5746193
10593,26,0,0.3992547
10594,15,1,0.7598985
10595,28,0,0.5592456
10596,11,0,0.28910625
10597,24,1,0.3876432
10598,24,1,0.48023355
10599,11,1,0.5283346
10600,8,0,0.32616225
10601,13,0,0.28031862
10602,13,0,0.15629238
10603,22,1,0.8111255
10604,28,1,0.28838283
10605,17,0,0.30636182
10606,15,1,0.90825933
10607,3,0,0.29224008
10608,7,0,0.33624938
10609,17,0,0.718068
10610,26,0,0.17830943
10611,9,0,0.2601566
10612,23,1,0.39889124
10613,12,0,0.3239112
10614,0,1,0.7839074
10615,2,1,0.5593238
10616,1,0,0.49025035
10617,10,1,0.6605249
10618,11,0,0.2627086
10619,16,1,0.15869954
10620,16,1,0.6215124
10621,10,0,0.5319602
10622,16,0,0.65398765
10623,6,1,0.6477115
10624,14,1,0.7949256
10625,15,1,0.44149145
10626,28,0,0.18726578
10627,9,1,0.54710996
10628,26,0,0.46828923
10629,12,0,0.45423
10630,11,1,0.74893844
10631,3,0,0.28509396
10632,14,1,0.5556438
10633,19,0,0.35915402
10634,25,0,0.59541494
10635,12,0,0.29863656
10636,10,1,0.301566
10637,16,1,0.7040409
10638,18,1,0.45478013
10639,8,1,0.5146587
10640,25,0,0.2856585
10641,1,1,0.84299284
10642,16,0,0.4008896
10643,13,0,0.20002958
10644,10,1,0.51604706
10645,11,0,0.17833608
10646,14,1,0.56095713
10647,16,1,0.36658585
10648,13,0,0.4165334
10649,7,1,0.90773827
10650,26,0,0.37866724
10651,14,0,0.7160026
10652,13,0,0.3952219
10653,16,0,0.3410946
10654,0,1,0.6830869
10655,18,1,0.30667785
10656,20,1,0.5750618
10657,13,0,0.19599965
10658,15,1,0.34794018
10659,15,0,0.30696723
10660,13,0,0.28064787
10661,25,1,0.3118031
10662,27,1,0.587617
10663,24,0,0.23493242
10664,12,0,0.66166824
10665,19,1,0.58378017
10666,20,1,0.5922219
10667,1,1,0.71733946
10668,1,1,0.43513998
10669,13,0,0.25964165
10670,3,0,0.38050663
10671,18,0,0.5144243
10672,6,0,0.20351784
10673,1,1,0.43693143
10674,10,1,0.6335688
10675,1,1,0.8083804
10676,27,1,0.774304
10677,16,0,0.36497924
10678,17,0,0.28354412
10679,13,0,0.32109234
10680,4,1,0.21304289
10681,8,0,0.3254472
10682,13,0,0.6648155
10683,8,1,0.91380525
10684,9,0,0.15211149
10685,2,1,0.41130096
10686,28,1,0.5590179
10687,13,0,0.80668575
10688,27,1,0.20326988
10689,1,1,0.40255764
10690,1,1,0.33300418
10691,8,0,0.32616267
10692,7,0,0.2920032
10693,13,1,0.6629926
10694,2,1,0.39129862
10695,10,1,0.704089
10696,26,1,0.74110574
10697,21,0,0.16816954
10698,6,0,0.30677477
10699,20,1,0.5334176
10700,6,1,0.34271672
10701,16,1,0.40383556
10702,28,1,0.4741251
10703,18,0,0.46069416
10704,12,0,0.35948616
10705,14,0,0.19451948
10706,3,1,0.50676894
10707,26,0,0.5443552
10708,2,0,0.1778067
10709,27,0,0.3843003
10710,15,0,0.7266428
10711,16,0,0.64002615
10712,6,1,0.56380284
10713,10,0,0.3535617
10714,11,0,0.21659178
10715,16,0,0.19251567
10716,22,1,0.7774995
10717,21,0,0.26737303
10718,20,1,0.4882499
10719,28,1,0.54943216
10720,22,0,0.55669177
10721,24,0,0.45892122
10722,13,1,0.63572377
10723,5,1,0.8497345
10724,2,1,0.29283145
10725,22,0,0.20316952
10726,2,1,0.53152686
10727,3,0,0.55565655
10728,22,0,0.37049758
10729,10,1,0.17874601
10730,16,1,0.65309745
10731,25,0,0.64480495
10732,11,1,0.7024858
10733,13,0,0.51452327
10734,22,1,0.8312402
10735,8,1,0.4405281
10736,28,1,0.2594517
10737,28,0,0.41819513
10738,8,0,0.43069974
10739,23,0,0.5413551
10740,1,1,0.782027
10741,12,1,0.91274416
10742,10,1,0.26703215
10743,2,1,0.7758496
10744,2,0,0.70721716
10745,28,0,0.41933388
10746,25,0,0.39918855
10747,0,0,0.55878747
10748,14,1,0.802124
10749,1,0,0.13679957
10750,8,0,0.5247133
10751,17,1,0.59912294
10752,20,1,0.89033103
10753,12,0,0.8267103
10754,17,1,0.8592165
10755,22,1,0.8121604
10756,14,0,0.2823581
10757,3,1,0.537944
10758,13,0,0.16145812
10759,10,1,0.18397333
10760,20,1,0.8882882
10761,26,1,0.6901482
10762,28,0,0.45257998
10763,1,0,0.4117787
10764,10,1,0.39401507
10765,12,0,0.8156844
10766,7,0,0.24151294
10767,11,1,0.76643026
10768,26,0,0.5617632
10769,9,1,0.77725554
10770,8,0,0.21242441
10771,10,0,0.20565782
10772,13,1,0.79964775
10773,19,1,0.4091835
10774,16,1,0.9262414
10775,19,1,0.6402106
10776,15,0,0.31912652
10777,13,0,0.23757571
10778,2,0,0.25926992
10779,4,1,0.25537765
10780,6,0,0.2458712
10781,20,1,0.847547
10782,26,0,0.6003363
10783,20,0,0.08675537
10784,25,0,0.46064955
10785,18,1,0.59956235
10786,5,1,0.5804853
10787,27,0,0.33908388
10788,25,0,0.5958981
10789,3,0,0.16620895
10790,9,0,0.7433336
10791,26,0,0.41439745
10792,8,0,0.3551167
10793,25,1,0.3874854
10794,2,1,0.23663573
10795,1,1,0.31575042
10796,16,0,0.60604125
10797,12,0,0.4156863
10798,13,1,0.68411344
10799,0,0,0.33329484
10800,2,1,0.5122954
10801,11,0,0.21249351
10802,16,0,0.13230605
10803,28,0,0.15175103
10804,12,0,0.20965004
10805,0,1,0.41296926
10806,5,0,0.5436265
10807,20,0,0.46491158
10808,17,1,0.51020736
10809,20,1,0.68891203
10810,12,1,0.7996757
10811,1,1,0.80442196
10812,23,1,0.9353689
10813,28,1,0.52584845
10814,16,1,0.74909127
10815,2,0,0.3022619
10816,10,0,0.29746294
10817,3,1,0.18023749
10818,25,1,0.24291615
10819,18,0,0.91711605
10820,19,0,0.47352055
10821,12,1,0.7746665
10822,22,0,0.4835661
10823,11,0,0.78948647
10824,24,1,0.63411087
10825,16,0,0.14792672
10826,24,1,0.6976461
10827,19,0,0.32874364
10828,25,0,0.2484212
10829,0,0,0.91422933
10830,8,1,0.54693377
10831,4,1,0.25810477
10832,27,1,0.36130652
10833,22,0,0.18683012
10834,8,0,0.36633915
10835,14,0,0.3894142
10836,7,0,0.21356492
10837,8,1,0.5239651
10838,1,0,0.4576035
10839,27,1,0.5880319
10840,7,1,0.66352856
10841,13,1,0.80030316
10842,23,0,0.33845994
10843,10,1,0.85163766
10844,27,1,0.7315391
10845,11,1,0.70038486
10846,2,1,0.26090094
10847,0,1,0.7206282
10848,5,0,0.3803648
10849,16,1,0.39011252
10850,10,0,0.52987224
10851,28,1,0.27452493
10852,21,1,0.85456264
10853,19,0,0.32230267
10854,7,1,0.7091432
10855,16,1,0.91961527
10856,24,0,0.36295265
10857,16,0,0.48347765
10858,8,1,0.742685
10859,13,0,0.54903626
10860,18,1,0.6345683
10861,25,1,0.53122354
10862,16,1,0.8237236
10863,2,1,0.39687496
10864,17,0,0.2306517
10865,3,0,0.55720055
10866,25,0,0.71946555
10867,15,1,0.5896144
10868,22,1,0.34593374
10869,24,0,0.3258176
10870,13,0,0.37762222
10871,26,0,0.21540608
10872,5,0,0.6771638
10873,11,0,0.41693753
10874,1,1,0.25113985
10875,10,1,0.4911171
10876,15,1,0.6088829
10877,28,1,0.55986065
10878,0,0,0.57392585
10879,12,1,0.38935304
10880,10,1,0.8408418
10881,4,0,0.5809872
10882,13,1,0.5349151
10883,13,1,0.6055946
10884,23,0,0.8976001
10885,19,1,0.6461973
10886,6,1,0.68612504
10887,11,0,0.16704543
10888,8,1,0.57195395
10889,22,1,0.5911293
10890,17,0,0.3421254
10891,11,0,0.33711278
10892,10,1,0.31516618
10893,28,1,0.51727754
10894,22,0,0.18422337
10895,27,0,0.3957699
10896,2,1,0.7309926
10897,15,1,0.48951745
10898,16,0,0.36941788
10899,7,0,0.47088557
10900,14,0,0.5071311
10901,13,1,0.44299144
10902,3,0,0.21236311
10903,8,1,0.4204843
10904,16,0,0.62907755
10905,4,1,0.4476285
10906,11,0,0.4208713
10907,20,1,0.6506244
10908,16,1,0.56017834
10909,3,1,0.8089256
10910,6,0,0.33746415
10911,7,1,0.23639165
10912,9,1,0.35860756
10913,25,1,0.36562526
10914,11,0,0.7192459
10915,28,1,0.6411256
10916,16,1,0.1810644
10917,18,1,0.80594766
10918,15,0,0.40835643
10919,26,0,0.4694643
10920,20,0,0.21416493
10921,15,0,0.4593313
10922,6,0,0.6469781
10923,4,1,0.29503214
10924,4,1,0.9023725
10925,17,1,0.7691495
10926,6,0,0.5572386
10927,10,1,0.6304474
10928,25,0,0.52800673
10929,22,0,0.17776264
10930,21,1,0.53305
10931,1,1,0.9464891
10932,26,1,0.5425536
10933,2,0,0.6979607
10934,0,1,0.5550368
10935,16,1,0.9403468
10936,20,0,0.38499284
10937,10,1,0.5990447
10938,19,0,0.14931181
10939,8,0,0.26761073
10940,18,1,0.7855295
10941,7,1,0.6027808
10942,27,1,0.80281883
10943,22,1,0.63992816
10944,2,0,0.23593988
10945,17,0,0.5008076
10946,20,0,0.7591433
10947,25,0,0.53644454
10948,12,1,0.7759868
10949,21,1,0.4216606
10950,26,1,0.242349
10951,20,1,0.18921757
10952,26,0,0.33156157
10953,4,0,0.7075925
10954,15,1,0.26805684
10955,3,0,0.084397845
10956,3,0,0.15412736
10957,25,1,0.63154763
10958,18,1,0.49463126
10959,20,0,0.44180536
10960,16,0,0.16001229
10961,17,0,0.4404053
10962,27,1,0.48412442
10963,2,0,0.28606397
10964,12,0,0.38207048
10965,20,0,0.1480713
10966,7,1,0.7141508
10967,6,1,0.59371495
10968,21,0,0.28190085
10969,6,0,0.16071104
10970,14,1,0.45202598
10971,25,1,0.4736247
10972,26,1,0.38207027
10973,26,0,0.30075532
10974,8,1,0.37414074
10975,12,1,0.45795333
10976,15,0,0.2793933
10977,26,1,0.89556676
10978,13,1,0.86319315
10979,22,0,0.15066561
10980,15,0,0.19465019
10981,2,0,0.08381978
10982,1,0,0.20993662
10983,1,0,0.33850622
10984,26,0,0.2798317
10985,13,1,0.8566857
10986,2,1,0.52245027
10987,10,0,0.3228796
10988,19,1,0.61620355
10989,9,1,0.33378226
10990,12,1,0.28334808
10991,10,0,0.12236497
10992,13,1,0.12931898
10993,26,0,0.5821789
10994,8,1,0.5307737
10995,26,0,0.85118353
10996,27,0,0.2594381
10997,14,1,0.5792181
10998,15,1,0.35307857
10999,18,0,0.34884724
11000,22,0,0.37618014
11001,8,1,0.5303917
11002,5,1,0.49609762
11003,13,1,0.2780475
11004,19,0,0.28636727
11005,11,0,0.42008728
11006,9,1,0.6354783
11007,7,0,0.73840654
11008,16,1,0.89110076
11009,26,0,0.48156738
11010,12,1,0.7621073
11011,6,0,0.5098781
11012,28,1,0.64881736
11013,26,1,0.49698454
11014,20,0,0.77789915
11015,11,0,0.3698784
11016,11,1,0.27154723
11017,8,0,0.24661085
11018,26,0,0.2893807
11019,21,1,0.47841308
11020,16,0,0.5653308
11021,27,1,0.7999527
11022,16,0,0.80701494
11023,16,0,0.30141345
11024,13,1,0.705967
11025,1,0,0.23610802
11026,12,0,0.23443632
11027,11,1,0.74637735
11028,16,0,0.19733164
11029,8,0,0.83991945
11030,10,1,0.29715836
11031,15,1,0.75054747
11032,23,0,0.34445298
11033,3,1,0.3048806
11034,15,0,0.5390722
11035,22,0,0.20973743
11036,23,1,0.23432703
11037,28,1,0.43446362
11038,13,1,0.47022927
11039,1,0,0.30941406
11040,14,0,0.34810382
11041,1,1,0.6025463
11042,4,1,0.47601625
11043,15,0,0.58985925
11044,18,0,0.76105964
11045,2,1,0.51875466
11046,19,0,0.4373152
11047,16,1,0.26447105
11048,26,1,0.73053765
11049,9,0,0.2741965
11050,13,1,0.4808155
11051,21,0,0.47913176
11052,1,1,0.87772876
11053,25,1,0.7953219
11054,27,0,0.56787735
11055,19,1,0.5609059
11056,16,0,0.33007416
11057,6,1,0.33327734
11058,18,0,0.3830542
11059,20,0,0.47497717
11060,16,1,0.67419815
11061,21,0,0.16078278
11062,19,0,0.28536505
11063,17,1,0.3908796
11064,6,1,0.6780593
11065,8,0,0.26729736
11066,8,1,0.5603347
11067,28,0,0.2858915
11068,1,0,0.3215949
11069,19,1,0.8489792
11070,28,1,0.5695822
11071,16,0,0.21952973
11072,8,1,0.6562016
11073,8,1,0.48690367
11074,3,0,0.22951229
11075,22,0,0.30213186
11076,23,1,0.53102976
11077,17,0,0.2769064
11078,10,1,0.40702292
11079,25,1,0.38195866
11080,28,0,0.4654343
11081,21,1,0.6321419
11082,21,1,0.6837444
11083,27,0,0.40889773
11084,4,0,0.73857725
11085,21,0,0.38277107
11086,3,0,0.8792713
11087,7,1,0.54881537
11088,28,1,0.603641
11089,12,1,0.9539931
11090,6,1,0.69788796
11091,13,0,0.18570337
11092,7,0,0.52730167
11093,26,0,0.20538245
11094,8,1,0.6058321
11095,1,1,0.64385396
11096,1,0,0.40034786
11097,0,1,0.5067079
11098,20,1,0.81787604
11099,0,1,0.7787669
11100,19,0,0.16229203
11101,15,0,0.32703066
11102,11,1,0.5740097
11103,26,0,0.2846596
11104,9,1,0.9511533
11105,8,1,0.27670532
11106,27,1,0.7127582
11107,15,1,0.57891643
11108,28,0,0.35681742
11109,4,1,0.14017808
11110,13,1,0.6291591
11111,15,1,0.68991333
11112,22,0,0.2990556
11113,12,1,0.8911162
11114,10,1,0.71608716
11115,26,1,0.7732397
11116,13,0,0.22419593
11117,9,1,0.28442192
11118,3,0,0.51645964
11119,12,0,0.5504017
11120,15,1,0.71851885
11121,20,0,0.17969716
11122,26,1,0.3582152
11123,18,1,0.91733456
11124,14,0,0.841638
11125,16,0,0.23061608
11126,7,1,0.5526353
11127,22,1,0.40280697
11128,4,0,0.59141135
11129,27,0,0.7346016
11130,10,1,0.25445235
11131,2,1,0.40848902
11132,23,0,0.22084878
11133,25,1,0.7246787
11134,7,1,0.25593492
11135,11,0,0.30589357
11136,9,1,0.35061055
11137,1,1,0.42322248
11138,6,1,0.5385773
11139,11,0,0.70977175
11140,11,0,0.2717329
11141,10,1,0.73684174
11142,9,0,0.30525562
11143,11,0,0.13023253
11144,15,0,0.5810995
11145,8,0,0.5916609
11146,12,0,0.2713876
11147,8,1,0.7369171
11148,24,0,0.35703436
11149,16,0,0.119508006
11150,4,1,0.5103572
11151,7,0,0.2348769
11152,10,0,0.17187405
11153,11,1,0.7420307
11154,24,1,0.8766313
11155,25,0,0.27169102
11156,22,1,0.32606494
11157,8,1,0.81846887
11158,10,0,0.41664892
11159,13,0,0.111785315
11160,26,0,0.4713671
11161,11,1,0.8623869
11162,25,1,0.61901945
11163,16,0,0.28254518
11164,2,0,0.8855484
11165,14,1,0.88993496
11166,21,0,0.14801048
11167,16,1,0.7876923
11168,2,1,0.328055
11169,8,0,0.48258922
11170,25,0,0.24852549
11171,2,1,0.85441023
11172,18,1,0.67078656
11173,2,1,0.38297465
11174,26,1,0.8863853
11175,24,0,0.3284991
11176,16,1,0.9164215
11177,17,0,0.19410524
11178,6,0,0.23656671
11179,10,1,0.5187711
11180,4,1,0.53445446
11181,7,1,0.23253255
11182,15,0,0.31779093
11183,1,0,0.42083102
11184,26,0,0.25990504
11185,22,1,0.5035387
11186,13,0,0.5084963
11187,2,0,0.20557821
11188,23,1,0.82501507
11189,20,0,0.27086517
11190,11,0,0.19352683
11191,0,0,0.31451288
11192,28,1,0.6570222
11193,6,1,0.67313224
11194,28,1,0.4358626
11195,12,1,0.37887707
11196,18,0,0.3175869
11197,7,0,0.33156613
11198,9,0,0.53521365
11199,12,0,0.85405314
11200,25,1,0.68778485
11201,3,1,0.7317361
11202,7,1,0.7739388
11203,22,1,0.47504032
11204,24,1,0.55914843
11205,22,0,0.17076519
11206,6,1,0.57979393
11207,12,0,0.2380959
11208,3,0,0.26961654
11209,26,1,0.82860816
11210,11,1,0.6740507
11211,3,0,0.34056178
11212,15,0,0.3253701
11213,15,0,0.2121724
11214,22,0,0.2834398
11215,16,0,0.26076844
11216,2,1,0.67035407
11217,19,0,0.14424217
11218,15,1,0.40447482
11219,11,0,0.48785624
11220,16,0,0.24041174
11221,10,0,0.1724505
11222,25,1,0.6601394
11223,10,0,0.12080118
11224,12,0,0.21092604
11225,16,0,0.7361569
11226,0,0,0.16874728
11227,19,1,0.3575553
11228,22,0,0.26338905
11229,15,0,0.38539878
11230,23,1,0.66965216
11231,9,1,0.8416349
11232,4,1,0.3923312
11233,26,1,0.4655507
11234,15,0,0.48752105
11235,8,1,0.7544939
11236,24,0,0.8178679
11237,5,1,0.65212077
11238,8,0,0.31033918
11239,2,1,0.23428139
11240,13,1,0.12443598
11241,16,1,0.49781212
11242,14,0,0.3035407
11243,16,0,0.6431364
11244,15,0,0.48659366
11245,16,1,0.5004042
11246,18,0,0.5270639
11247,13,1,0.41963443
11248,22,1,0.5776038
11249,0,0,0.1420837
11250,1,0,0.3058025
11251,4,0,0.31005538
11252,22,0,0.30412686
11253,15,1,0.659564
11254,2,1,0.84601873
11255,0,1,0.85268
11256,13,0,0.19397053
11257,3,0,0.89868665
11258,26,0,0.20864534
11259,26,0,0.804191
11260,9,1,0.2944091
11261,1,0,0.18405727
11262,26,0,0.10622673
11263,2,0,0.16491088
11264,5,1,0.7404039
11265,19,1,0.76217425
11266,2,1,0.49871543
11267,22,0,0.34631613
11268,2,1,0.5784775
11269,24,0,0.3327763
11270,20,1,0.34059012
11271,27,0,0.20530084
11272,27,1,0.69067085
11273,13,1,0.8351121
11274,14,0,0.20998658
11275,15,1,0.83284026
11276,17,0,0.35490987
11277,26,1,0.5757085
11278,16,0,0.21842146
11279,27,0,0.48357162
11280,11,0,0.42796364
11281,12,0,0.25288835
11282,21,0,0.24274138
11283,8,0,0.4897566
11284,6,1,0.845031
11285,25,0,0.10221119
11286,6,0,0.27503538
11287,26,1,0.35201454
11288,25,0,0.4534656
11289,8,0,0.43501362
11290,20,0,0.21961828
11291,16,1,0.7885376
11292,1,1,0.49784297
11293,7,0,0.5536706
11294,22,1,0.3461903
11295,5,0,0.49066597
11296,15,0,0.28945372
11297,13,0,0.500232
11298,25,0,0.25699344
11299,7,1,0.79064506
11300,10,0,0.32853487
11301,4,0,0.5344819
11302,12,1,0.6107348
11303,11,0,0.430453
11304,9,0,0.5867016
11305,17,1,0.34230995
11306,23,1,0.53309697
11307,18,0,0.30166417
11308,16,0,0.41220364
11309,13,1,0.19108807
11310,24,0,0.2679503
11311,28,0,0.27487755
11312,15,1,0.53628844
11313,11,1,0.7885768
11314,7,0,0.353914
11315,19,0,0.4316538
11316,19,0,0.18677631
11317,12,0,0.44276482
11318,17,0,0.30187085
11319,8,0,0.4284763
11320,1,1,0.38648733
11321,11,0,0.27517265
11322,16,0,0.21590391
11323,1,0,0.32440522
11324,28,0,0.18706527
11325,1,0,0.4281285
11326,20,1,0.5275547
11327,22,1,0.31433493
11328,12,1,0.6917593
11329,20,1,0.8977697
11330,3,0,0.52971184
11331,15,1,0.82491255
11332,18,1,0.8405081
11333,4,0,0.6956907
11334,16,1,0.62146646
11335,18,1,0.7035608
11336,4,1,0.26746112
11337,15,1,0.85046494
11338,10,0,0.5352989
11339,1,0,0.28450194
11340,9,0,0.4335208
11341,16,0,0.6143018
11342,18,1,0.8043136
11343,21,1,0.90391725
11344,3,0,0.5412238
11345,6,1,0.86869943
11346,6,0,0.07055605
11347,25,1,0.23445247
11348,26,1,0.8554472
11349,9,1,0.28666094
11350,4,1,0.4909475
11351,21,1,0.7944223
11352,14,1,0.49352697
11353,17,1,0.89600277
11354,18,0,0.17656593
11355,15,1,0.5667997
11356,8,0,0.45505205
11357,10,0,0.58377856
11358,7,0,0.58961946
11359,4,1,0.5283454
11360,8,1,0.8272779
11361,3,1,0.18329531
11362,8,0,0.30557922
11363,17,0,0.6625548
11364,11,0,0.4861775
11365,4,1,0.8825193
11366,22,1,0.8412067
11367,5,1,0.3727921
11368,15,0,0.6738837
11369,7,1,0.6356572
11370,8,1,0.5546428
11371,18,0,0.3387643
11372,27,1,0.8341485
11373,5,1,0.44530556
11374,26,0,0.5587542
11375,17,0,0.2131219
11376,25,1,0.2977067
11377,2,1,0.34084642
11378,7,0,0.8418727
11379,8,1,0.8453998
11380,27,1,0.46758252
11381,15,1,0.23638181
11382,1,1,0.5460418
11383,13,1,0.60352844
11384,17,0,0.35318822
11385,0,1,0.38979176
11386,11,0,0.32069486
11387,16,1,0.6113406
11388,28,0,0.19167572
11389,12,0,0.49745545
11390,11,1,0.36845815
11391,26,0,0.48812887
11392,19,1,0.25518745
11393,9,1,0.3757607
11394,15,1,0.78587544
11395,25,1,0.54765767
11396,12,0,0.4107222
11397,14,0,0.7218527
11398,6,1,0.5710722
11399,2,0,0.3131624
11400,27,0,0.18993697
11401,6,1,0.74863315
11402,3,0,0.33643693
11403,16,1,0.9172513
11404,8,0,0.2906089
11405,13,1,0.8876441
11406,25,0,0.40215233
11407,11,0,0.5368225
11408,27,1,0.87426704
11409,20,1,0.5404237
11410,18,1,0.8037679
11411,27,0,0.15140314
11412,26,1,0.67892027
11413,23,1,0.31905884
11414,28,1,0.7781057
11415,25,1,0.49491796
11416,14,0,0.32128343
11417,27,1,0.6554107
11418,21,0,0.39521763
11419,25,1,0.7257927
11420,10,1,0.38228998
11421,28,0,0.42197686
11422,17,1,0.4654074
11423,8,1,0.43967447
11424,14,1,0.82649
11425,5,1,0.21319549
11426,6,0,0.7600185
11427,25,0,0.34441775
11428,13,0,0.76543254
11429,6,0,0.4458384
11430,7,0,0.24631086
11431,10,1,0.77981305
11432,5,1,0.58686364
11433,5,1,0.66769457
11434,17,1,0.62070394
11435,24,1,0.8750257
11436,10,0,0.57551914
11437,8,1,0.9234498
11438,1,1,0.31431884
11439,19,0,0.33375847
11440,8,1,0.6526108
11441,8,0,0.6928839
11442,28,0,0.220212
11443,20,0,0.21899454
11444,7,0,0.06884369
11445,14,1,0.51032895
11446,17,0,0.2727987
11447,10,0,0.14939639
11448,17,1,0.9640155
11449,24,1,0.66633624
11450,28,0,0.19329137
11451,8,1,0.54953724
11452,25,1,0.5250982
11453,17,0,0.25245714
11454,7,0,0.62280315
11455,8,0,0.5521442
11456,1,1,0.43476823
11457,25,1,0.432333
11458,10,0,0.46322602
11459,8,0,0.34410137
11460,20,0,0.5547701
11461,17,1,0.79779375
11462,7,1,0.6203263
11463,21,1,0.49464318
11464,2,1,0.7807385
11465,15,0,0.19196041
11466,14,0,0.29972976
11467,12,0,0.36316302
11468,21,0,0.23816615
11469,1,1,0.8382385
11470,22,0,0.28106624
11471,28,1,0.39961407
11472,18,0,0.26233083
11473,1,1,0.92548704
11474,6,1,0.6754563
11475,4,1,0.7291384
11476,4,0,0.38237694
11477,15,1,0.53796434
11478,12,1,0.7269609
11479,11,0,0.274054
11480,12,1,0.56857115
11481,12,1,0.2694564
11482,25,1,0.37129688
11483,1,1,0.7394463
11484,27,1,0.86648935
11485,26,1,0.5552177
11486,16,0,0.37082386
11487,8,0,0.42611808
11488,18,0,0.52756315
11489,12,1,0.5693706
11490,3,1,0.62909365
11491,1,0,0.18531023
11492,3,1,0.08796425
11493,7,0,0.23592792
11494,1,1,0.8489034
11495,17,1,0.73018163
11496,15,1,0.45292053
11497,0,1,0.30108315
11498,15,1,0.3257106
11499,7,1,0.6205443
11500,24,0,0.27847612
11501,14,1,0.6547788
11502,16,1,0.6528571
11503,28,0,0.20917001
11504,26,0,0.3081257
11505,26,1,0.1550984
11506,24,0,0.4081187
11507,28,0,0.4667275
11508,12,0,0.41293803
11509,15,1,0.538228
11510,4,0,0.39839885
11511,22,0,0.26817465
11512,15,1,0.48240426
11513,23,0,0.4149662
11514,8,0,0.565876
11515,20,1,0.6284623
11516,1,0,0.95026684
11517,13,1,0.38321263
11518,13,1,0.49819604
11519,8,0,0.5299995
11520,12,1,0.8746815
11521,10,1,0.6374136
11522,22,1,0.90401876
11523,1,1,0.69025826
11524,1,1,0.8174076
11525,8,0,0.13653414
11526,20,0,0.33684525
11527,27,1,0.6419565
11528,8,0,0.133176
11529,3,0,0.30838633
11530,28,1,0.42231718
11531,13,1,0.8670575
11532,20,1,0.9257785
11533,26,0,0.2756196
11534,10,1,0.6829112
11535,0,1,0.7986183
11536,16,0,0.28729036
11537,12,1,0.34536272
11538,2,1,0.62499297
11539,27,1,0.59916717
11540,5,1,0.7966633
11541,14,1,0.5258935
11542,2,1,0.23160249
11543,15,1,0.55151904
11544,21,0,0.18838717
11545,14,1,0.3533134
11546,8,1,0.8412977
11547,17,1,0.40872547
11548,1,0,0.26165253
11549,14,0,0.68651617
11550,8,0,0.24283846
11551,23,1,0.6046522
11552,8,0,0.24679884
11553,25,0,0.61624706
11554,16,0,0.23659708
11555,20,0,0.37569436
11556,7,0,0.2983655
11557,19,0,0.5827854
11558,17,1,0.6292917
11559,11,0,0.5020002
11560,6,0,0.3538207
11561,13,1,0.90742946
11562,21,1,0.90090096
11563,16,0,0.2427053
11564,14,0,0.2963986
11565,13,1,0.6752551
11566,10,0,0.23441546
11567,24,0,0.6061341
11568,27,0,0.2761731
11569,20,1,0.41938603
11570,13,1,0.64617157
11571,16,0,0.5502636
11572,0,1,0.7287957
11573,12,0,0.43617493
11574,1,1,0.4083605
11575,17,1,0.86577165
11576,19,1,0.59361935
11577,18,1,0.89610153
11578,27,0,0.49329913
11579,21,0,0.25935903
11580,16,0,0.90154445
11581,26,1,0.2277638
11582,27,1,0.65994126
11583,2,0,0.83088607
11584,27,0,0.18699282
11585,13,0,0.44808567
11586,16,1,0.70353734
11587,24,1,0.27586406
11588,10,1,0.1813762
11589,2,1,0.6072267
11590,28,1,0.23700617
11591,17,1,0.8514674
11592,6,1,0.8676985
11593,25,1,0.43151996
11594,2,0,0.3690928
11595,14,1,0.8913601
11596,3,1,0.6272453
11597,6,1,0.85628235
11598,8,1,0.88765824
11599,13,0,0.85030645
11600,15,0,0.37150937
11601,2,0,0.28642225
11602,21,0,0.48170206
11603,20,1,0.9165279
11604,13,0,0.4950619
11605,25,1,0.3752044
11606,2,1,0.7064328
11607,17,0,0.63200307
11608,8,0,0.19170892
11609,26,1,0.3651976
11610,17,1,0.8515275
11611,16,1,0.67169684
11612,4,1,0.2601334
11613,26,0,0.13816272
11614,2,0,0.2164336
11615,7,1,0.72287464
11616,17,0,0.2533757
11617,2,0,0.6340915
11618,3,1,0.70480216
11619,19,0,0.29250544
11620,21,1,0.7268609
11621,10,0,0.55152154
11622,19,1,0.2896818
11623,4,0,0.5002252
11624,4,0,0.30618843
11625,2,1,0.52321756
11626,13,1,0.8679
11627,13,0,0.21019745
11628,17,1,0.88975054
11629,25,0,0.44757828
11630,11,0,0.7851357
11631,16,0,0.21737967
11632,27,1,0.38794065
11633,16,0,0.54382694
11634,20,1,0.620945
11635,5,0,0.647296
11636,5,0,0.44185758
11637,27,1,0.3760498
11638,12,1,0.4694974
11639,28,1,0.5246852
11640,8,0,0.35791317
11641,8,0,0.5662435
11642,21,0,0.11486891
11643,26,0,0.47662243
11644,12,1,0.5890421
11645,27,0,0.5556135
11646,8,0,0.2431612
11647,21,0,0.6778009
11648,8,1,0.9323823
11649,14,0,0.19017327
11650,21,0,0.8175513
11651,11,1,0.46615052
11652,22,0,0.29256344
11653,26,0,0.437065
11654,2,0,0.08478621
11655,1,1,0.2519517
11656,9,0,0.52923703
11657,11,1,0.8817832
11658,4,1,0.6939395
11659,2,0,0.37019548
11660,1,0,0.5396961
11661,11,0,0.5143929
11662,2,1,0.51574427
11663,4,0,0.23569523
11664,15,1,0.7147373
11665,7,1,0.90485096
11666,10,1,0.6538482
11667,4,1,0.3104267
11668,10,1,0.1955408
11669,3,1,0.39925972
11670,23,0,0.55851364
11671,15,1,0.9067373
11672,15,0,0.07632159
11673,15,1,0.9355434
11674,23,0,0.19132513
11675,25,0,0.8535879
11676,27,0,0.14190142
11677,1,0,0.4270574
11678,1,0,0.38297004
11679,10,1,0.20504233
11680,11,1,0.40737987
11681,28,1,0.49348724
11682,27,0,0.2280637
11683,26,0,0.39905822
11684,22,1,0.6755654
11685,14,1,0.5420698
11686,3,1,0.26335979
11687,1,1,0.35299236
11688,21,1,0.6237584
11689,3,1,0.4551128
11690,18,0,0.37942052
11691,23,0,0.36222163
11692,26,0,0.84470177
11693,23,0,0.43335328
11694,11,0,0.24021353
11695,13,0,0.41183767
11696,20,1,0.58023113
11697,19,1,0.7992139
11698,26,1,0.58629394
11699,10,0,0.32858124
11700,24,1,0.46590587
11701,10,1,0.90193695
11702,10,1,0.2594205
11703,26,1,0.41966435
11704,1,1,0.7154891
11705,8,0,0.2483269
11706,16,1,0.77644694
11707,11,1,0.6659673
11708,19,1,0.9159448
11709,15,0,0.39707354
11710,6,1,0.38527146
11711,2,1,0.41028702
11712,7,0,0.52230376
11713,2,0,0.50481623
11714,5,1,0.49179354
11715,12,1,0.25865737
11716,20,0,0.48538062
11717,28,1,0.52104634
11718,12,1,0.62637705
11719,12,0,0.42943487
11720,28,0,0.568218
11721,3,0,0.29915142
11722,10,1,0.19530681
11723,14,1,0.42302084
11724,10,0,0.32673618
11725,13,1,0.56641036
11726,24,1,0.7275186
11727,12,1,0.8840656
11728,13,0,0.7880065
11729,16,0,0.1794255
11730,23,0,0.085143805
11731,26,1,0.6633206
11732,9,1,0.59878564
11733,0,0,0.32397234
11734,2,1,0.37556425
11735,2,0,0.17850219
11736,15,1,0.7952528
11737,7,0,0.2917255
11738,7,0,0.6887771
11739,8,0,0.33677134
11740,8,0,0.65693307
11741,7,0,0.109863035
11742,10,1,0.6624915
11743,8,0,0.7506426
11744,10,0,0.36929953
11745,9,1,0.6335254
11746,4,0,0.26727104
11747,3,1,0.6550817
11748,9,1,0.44949254
11749,10,0,0.2639003
11750,15,0,0.46455607
11751,20,0,0.2091698
11752,21,1,0.8757067
11753,21,1,0.25341263
11754,10,1,0.19702546
11755,17,0,0.16418692
11756,15,0,0.6454663
11757,18,1,0.5986954
11758,1,0,0.6102922
11759,4,0,0.16716784
11760,17,1,0.7769671
11761,15,1,0.9160589
11762,3,0,0.36497673
11763,15,1,0.66970843
11764,16,1,0.5811271
11765,25,1,0.31908643
11766,15,1,0.6160321
11767,13,0,0.29879642
11768,1,1,0.89094555
11769,0,1,0.57188225
11770,8,0,0.30444905
11771,27,1,0.92855567
11772,15,0,0.34367776
11773,2,1,0.61365193
11774,12,1,0.34123465
11775,22,1,0.8331604
11776,22,1,0.6715963
11777,2,0,0.1674957
11778,15,0,0.18105958
11779,16,1,0.78346634
11780,21,1,0.91886085
11781,28,0,0.8079528
11782,20,0,0.76416653
11783,15,1,0.5062024
11784,24,0,0.7963054
11785,20,1,0.5254736
11786,10,1,0.42815435
11787,6,1,0.8933643
11788,6,1,0.84059006
11789,8,0,0.5426524
11790,1,0,0.1914066
11791,13,0,0.80068505
11792,25,0,0.13676077
11793,2,0,0.11153834
11794,9,0,0.9373313
11795,2,0,0.17177342
11796,27,1,0.5833532
11797,9,1,0.89076173
11798,15,1,0.20494957
11799,14,1,0.7134316
11800,11,1,0.89114255
11801,28,1,0.49944985
11802,15,1,0.7041388
11803,17,1,0.65928656
11804,14,0,0.81082445
11805,20,0,0.41963232
11806,26,0,0.3240717
11807,28,1,0.6697313
11808,8,0,0.50226945
11809,15,1,0.5154022
11810,25,1,0.63468885
11811,25,0,0.27749267
11812,22,0,0.1837972
11813,26,1,0.3692013
11814,17,1,0.3919533
11815,13,1,0.5873756
11816,16,1,0.92623097
11817,19,0,0.23213005
11818,1,1,0.5521183
11819,15,0,0.22205949
11820,25,0,0.4896356
11821,14,1,0.6737509
11822,9,1,0.16461782
11823,19,0,0.28273293
11824,15,1,0.8806091
11825,13,0,0.51460654
11826,28,1,0.7528687
11827,12,1,0.5140474
11828,8,0,0.3063025
11829,10,0,0.91688174
11830,24,0,0.4570542
11831,15,0,0.41101825
11832,28,0,0.2757325
11833,13,1,0.66518176
11834,7,1,0.90221244
11835,19,0,0.1586931
11836,8,0,0.2799078
11837,16,0,0.123446725
11838,11,1,0.29047468
11839,25,0,0.5007342
11840,2,1,0.6024868
11841,25,1,0.2514358
11842,13,0,0.22056395
11843,0,1,0.27601844
11844,2,0,0.2881059
11845,0,1,0.45046908
11846,13,1,0.18126293
11847,25,0,0.53340393
11848,11,0,0.28045502
11849,18,1,0.50825804
11850,15,0,0.42447013
11851,25,0,0.5625198
11852,9,1,0.620365
11853,10,1,0.35505947
11854,8,0,0.31119013
11855,24,1,0.35343117
11856,28,0,0.34079176
11857,5,1,0.3759922
11858,7,1,0.8698814
11859,27,0,0.2840413
11860,12,0,0.16371936
11861,12,1,0.9308258
11862,13,0,0.56994253
11863,16,1,0.85607225
11864,2,1,0.89689916
11865,10,0,0.58954877
11866,14,0,0.27924237
11867,17,1,0.56140435
11868,0,1,0.63837767
11869,16,1,0.66317844
11870,2,0,0.48870367
11871,6,0,0.42772466
11872,1,0,0.18236212
11873,16,1,0.8081828
11874,13,0,0.40873775
11875,28,0,0.20550685
11876,18,1,0.77845895
11877,12,0,0.8549244
11878,10,1,0.84263784
11879,25,0,0.23736338
11880,7,1,0.86482316
11881,20,0,0.6602557
11882,26,1,0.68120134
11883,23,1,0.80617136
11884,12,0,0.36926195
11885,7,0,0.508378
11886,13,1,0.7639976
11887,10,1,0.16726252
11888,18,0,0.12804991
11889,7,0,0.81176406
11890,17,0,0.32550257
11891,5,1,0.6326
11892,12,0,0.2913414
11893,16,1,0.6652179
11894,13,1,0.8070855
11895,15,0,0.8829764
11896,1,1,0.48679206
11897,13,1,0.46616068
11898,4,1,0.5695739
11899,13,0,0.3612538
11900,1,1,0.18728611
11901,1,1,0.8790634
11902,8,1,0.7118792
11903,24,1,0.59466386
11904,15,1,0.2166422
11905,12,1,0.7801548
11906,1,1,0.7874559
11907,11,0,0.31613824
11908,2,1,0.5854702
11909,7,1,0.7499714
11910,8,1,0.18282682
11911,13,0,0.34126234
11912,11,0,0.54039764
11913,27,1,0.2765771
11914,1,1,0.5748002
11915,24,0,0.5926091
11916,20,0,0.4593487
11917,9,1,0.583987
11918,7,1,0.5343192
11919,1,0,0.35942852
11920,0,1,0.34629977
11921,23,0,0.45248565
11922,6,1,0.86179566
11923,0,0,0.5162392
11924,14,0,0.3835894
11925,17,0,0.24287508
11926,13,0,0.10797489
11927,21,0,0.80747896
11928,6,1,0.48075664
11929,8,1,0.83189213
11930,25,1,0.40299422
11931,19,1,0.5727981
11932,10,1,0.4209382
11933,3,0,0.71371037
11934,8,1,0.5519046
11935,11,0,0.27647194
11936,15,0,0.39615744
11937,8,0,0.4041363
11938,10,0,0.47107798
11939,2,1,0.5947614
11940,14,0,0.39029634
11941,18,1,0.5887003
11942,19,1,0.53285235
11943,11,1,0.707267
11944,10,0,0.3268055
11945,2,0,0.13549475
11946,26,0,0.21871278
11947,15,0,0.80211854
11948,3,1,0.33398372
11949,21,0,0.5552977
11950,2,0,0.4070962
11951,1,0,0.27691767
11952,8,0,0.4973775
11953,22,0,0.6360806
11954,15,0,0.6940237
11955,20,1,0.29420412
11956,24,0,0.36616132
11957,25,1,0.38171387
11958,28,1,0.40693927
11959,15,0,0.21722771
11960,28,1,0.9329471
11961,5,1,0.9582414
11962,16,0,0.28919867
11963,13,0,0.5908208
11964,3,0,0.49855497
11965,13,0,0.39668736
11966,14,1,0.67205817
11967,9,0,0.34049034
11968,13,0,0.3659649
11969,15,0,0.37049308
11970,16,1,0.5004308
11971,26,1,0.70461315
11972,16,0,0.5308414
11973,16,0,0.18459168
11974,14,1,0.45314276
11975,4,0,0.65503216
11976,11,1,0.5123652
11977,2,0,0.34569138
11978,3,1,0.8370661
11979,14,1,0.6735323
11980,2,0,0.12644064
11981,15,1,0.91148067
11982,0,0,0.5208338
11983,13,1,0.33830598
11984,13,1,0.69223654
11985,8,0,0.4573977
11986,28,1,0.8143179
11987,26,1,0.6526919
11988,24,0,0.15288691
11989,25,1,0.5262709
11990,0,0,0.53495234
11991,16,0,0.48992753
11992,8,1,0.5697103
11993,13,0,0.09196472
11994,13,1,0.6301066
11995,3,1,0.8891359
11996,1,0,0.2672881
11997,11,1,0.43936262
11998,13,1,0.65481925
11999,6,0,0.54258984
12000,7,0,0.15777862
12001,25,1,0.64784306
12002,27,1,0.7452558
12003,13,0,0.41069764
12004,20,0,0.15610664
12005,15,0,0.37987998
12006,4,0,0.4102285
12007,15,1,0.2251054
12008,3,0,0.51897025
12009,4,1,0.5821483
12010,6,1,0.7243017
12011,18,1,0.41010085
12012,19,0,0.4049223
12013,18,0,0.29925516
12014,16,1,0.71490186
12015,8,1,0.42428437
12016,16,1,0.48397952
12017,15,1,0.680608
12018,1,0,0.29807857
12019,26,0,0.29577464
12020,10,0,0.60800076
12021,27,0,0.40626505
12022,15,0,0.54111916
12023,12,1,0.5447113
12024,15,0,0.3246261
12025,22,1,0.19984332
12026,28,1,0.5961027
12027,17,0,0.38343862
12028,18,1,0.8293181
12029,15,1,0.69245964
12030,18,0,0.26713344
12031,21,0,0.19956101
12032,15,0,0.2725357
12033,20,1,0.5690896
12034,28,1,0.50133884
12035,11,1,0.74882936
12036,10,0,0.26809612
12037,21,0,0.20731708
12038,6,0,0.36377594
12039,12,0,0.72209114
12040,2,0,0.1933717
12041,14,0,0.76137155
12042,14,1,0.86318827
12043,18,1,0.38664272
12044,13,1,0.4740294
12045,1,1,0.23510939
12046,17,0,0.46209276
12047,12,0,0.48145357
12048,26,0,0.73660433
12049,27,1,0.7773358
12050,22,1,0.6427778
12051,25,0,0.2885633
12052,2,1,0.8022711
12053,3,1,0.9384827
12054,13,0,0.31108624
12055,26,1,0.8348842
12056,25,0,0.5278229
12057,16,0,0.49131107
12058,27,0,0.53096557
12059,13,0,0.41072163
12060,28,0,0.1685455
12061,10,0,0.45950297
12062,20,0,0.3006353
12063,1,1,0.50583875
12064,12,1,0.64682335
12065,12,0,0.10572473
12066,18,0,0.6896883
12067,22,0,0.1699856
12068,21,0,0.19255874
12069,15,0,0.33675656
12070,22,1,0.65769184
12071,14,1,0.48699382
12072,13,1,0.41077638
12073,21,1,0.24675436
12074,9,0,0.48353323
12075,14,1,0.5082594
12076,7,1,0.7039056
12077,20,1,0.5038825
12078,20,1,0.7496836
12079,1,1,0.47397342
12080,23,0,0.5889008
12081,22,0,0.16626506
12082,28,0,0.86517316
12083,3,1,0.8410283
12084,24,0,0.32706532
12085,9,0,0.5277137
12086,20,1,0.40165797
12087,13,0,0.16201039
12088,14,0,0.35169747
12089,26,1,0.7253438
12090,24,1,0.43455258
12091,9,1,0.5652442
12092,23,1,0.74020785
12093,21,1,0.7833426
12094,25,0,0.40025336
12095,17,0,0.79119045
12096,18,0,0.48494002
12097,13,1,0.5444113
12098,26,1,0.51433897
12099,16,1,0.7275313
12100,13,1,0.28772104
12101,6,1,0.45438847
12102,16,1,0.5432653
12103,15,0,0.42136344
12104,20,0,0.10588186
12105,6,0,0.4715961
12106,1,0,0.39139128
12107,25,1,0.3002311
12108,10,0,0.43407765
12109,11,0,0.22137983
12110,8,1,0.7592662
12111,27,1,0.63183075
12112,20,1,0.7387388
12113,20,0,0.19020969
12114,11,0,0.56872153
12115,7,1,0.45704886
12116,16,0,0.5923103
12117,9,0,0.1781315
12118,16,0,0.41678944
12119,24,1,0.47235578
12120,4,1,0.5841986
12121,7,1,0.6347663
12122,23,1,0.5206388
12123,3,0,0.3734998
12124,8,1,0.23271929
12125,15,0,0.2728891
12126,11,0,0.30571637
12127,0,1,0.6088161
12128,22,1,0.5561245
12129,21,1,0.14287814
12130,15,1,0.8192164
12131,5,0,0.53215545
12132,24,0,0.3506648
12133,1,1,0.55163765
12134,21,0,0.70828
12135,26,1,0.7736022
12136,11,1,0.8591092
12137,27,0,0.55636287
12138,15,0,0.38696665
12139,27,1,0.5186074
12140,7,1,0.51472896
12141,11,0,0.62259984
12142,12,0,0.78813946
12143,8,1,0.46957994
12144,17,1,0.6196876
12145,13,0,0.26411262
12146,8,1,0.30988833
12147,19,0,0.48047888
12148,0,1,0.6269952
12149,8,1,0.67350775
12150,10,0,0.5615821
12151,16,1,0.46424705
12152,13,1,0.26250005
12153,15,1,0.36136582
12154,15,0,0.17615314
12155,8,1,0.5212354
12156,13,0,0.15932852
12157,28,0,0.26860136
12158,8,1,0.21174015
12159,8,0,0.73645884
12160,22,1,0.5634029
12161,20,0,0.21678132
12162,12,0,0.16225846
12163,2,1,0.40276048
12164,11,1,0.6268101
12165,20,1,0.54876983
12166,18,1,0.30596438
12167,28,0,0.53383714
12168,4,1,0.8062104
12169,27,1,0.44084257
12170,13,1,0.6301973
12171,12,0,0.3307978
12172,12,0,0.7498819
12173,24,1,0.74149114
12174,16,0,0.62447226
12175,7,0,0.38004833
12176,10,0,0.19136076
12177,25,1,0.36642203
12178,11,0,0.61669177
12179,2,1,0.90943724
12180,9,1,0.17990218
12181,5,0,0.43108973
12182,24,1,0.92152923
12183,2,1,0.5345465
12184,15,0,0.4637271
12185,16,1,0.43283615
12186,26,0,0.3272978
12187,4,1,0.5228768
12188,1,0,0.2721061
12189,16,0,0.5041064
12190,23,1,0.6781666
12191,22,0,0.36218485
12192,12,1,0.5443414
12193,2,0,0.16769725
12194,1,1,0.76355183
12195,13,1,0.37556535
12196,26,0,0.2202687
12197,18,1,0.4863542
12198,25,0,0.4082461
12199,8,0,0.64625925
12200,23,1,0.710849
12201,27,0,0.56070083
12202,8,0,0.5445955
12203,10,1,0.679495
12204,12,1,0.23004371
12205,17,0,0.62505996
12206,16,0,0.6987791
12207,16,0,0.2577724
12208,15,0,0.3414195
12209,10,1,0.5187884
12210,3,1,0.33782178
12211,12,1,0.29463783
12212,6,1,0.8738266
12213,3,0,0.16131255
12214,14,1,0.51894736
12215,15,0,0.5305345
12216,0,1,0.8301433
12217,19,0,0.52110153
12218,13,0,0.32321674
12219,4,0,0.2335184
12220,23,1,0.2604765
12221,6,1,0.373417
12222,26,0,0.40169725
12223,23,0,0.3809938
12224,13,1,0.44078642
12225,7,0,0.5642726
12226,25,1,0.7821109
12227,11,0,0.38452074
12228,28,1,0.8747128
12229,26,0,0.7764312
12230,27,0,0.717723
12231,16,0,0.86899006
12232,7,1,0.41443357
12233,4,1,0.6018391
12234,22,0,0.41428408
12235,20,1,0.24089509
12236,27,0,0.5088315
12237,10,1,0.7257836
12238,25,1,0.7682627
12239,15,1,0.3561923
12240,2,1,0.7375543
12241,2,1,0.40911642
12242,20,0,0.5160001
12243,24,1,0.4283368
12244,26,1,0.7497499
12245,10,0,0.8841607
12246,2,0,0.35496908
12247,18,0,0.4903319
12248,5,1,0.8859875
12249,18,0,0.72931427
12250,28,1,0.7517279
12251,10,1,0.57704127
12252,22,1,0.7633917
12253,17,1,0.841944
12254,13,1,0.7170303
12255,26,0,0.42000997
12256,16,0,0.6076372
12257,28,1,0.38257664
12258,21,0,0.4786869
12259,24,1,0.83448446
12260,21,1,0.5907421
12261,21,0,0.37921977
12262,10,1,0.5279462
12263,0,1,0.7533964
12264,6,1,0.84454805
12265,22,1,0.8909441
12266,21,0,0.32733142
12267,17,1,0.7741425
12268,20,1,0.56906307
12269,9,0,0.44110116
12270,4,0,0.3391125
12271,28,0,0.2326077
12272,5,1,0.62523335
12273,15,1,0.5255304
12274,15,0,0.3266899
12275,10,0,0.5331553
12276,16,0,0.3644942
12277,8,0,0.18734677
12278,18,0,0.27778843
12279,21,0,0.33012214
12280,12,0,0.31926477
12281,19,1,0.71103215
12282,13,1,0.9029495
12283,27,0,0.19856705
12284,1,1,0.4193151
12285,4,1,0.36657378
12286,21,0,0.37502262
12287,2,1,0.23515673
12288,28,0,0.54210943
12289,12,0,0.13947122
12290,4,0,0.28072926
12291,16,1,0.5112327
12292,5,0,0.39586622
12293,21,1,0.6939698
12294,26,0,0.27424335
12295,18,0,0.51453704
12296,25,1,0.71535534
12297,28,1,0.6099387
12298,8,1,0.57906556
12299,28,1,0.9445295
12300,26,1,0.4722172
12301,12,1,0.7298856
12302,20,1,0.48654607
12303,5,1,0.6771936
12304,26,0,0.6296372
12305,0,0,0.74466676
12306,10,1,0.6545062
12307,7,0,0.3207756
12308,23,0,0.21004325
12309,6,0,0.29933497
12310,10,0,0.55998045
12311,26,1,0.8209119
12312,11,0,0.32454643
12313,18,0,0.27917373
12314,19,0,0.4464273
12315,6,0,0.1015943
12316,8,0,0.2201881
12317,12,0,0.54076177
12318,2,0,0.4825533
12319,25,0,0.18552798
12320,11,1,0.4778798
12321,8,0,0.49755415
12322,6,1,0.4637911
12323,26,1,0.5302253
12324,1,0,0.45317185
12325,16,1,0.8504343
12326,28,1,0.2933616
12327,6,0,0.89740497
12328,14,1,0.8600062
12329,7,0,0.42359993
12330,10,1,0.70305055
12331,2,1,0.5959353
12332,19,1,0.4426743
12333,11,1,0.7500368
12334,19,1,0.6536211
12335,12,1,0.4759139
12336,19,0,0.52754086
12337,27,0,0.37002698
12338,24,1,0.52480674
12339,15,0,0.3087977
12340,28,1,0.54934084
12341,10,1,0.4418951
12342,19,1,0.2845011
12343,11,0,0.086288504
12344,22,1,0.38602376
12345,22,0,0.39083904
12346,13,1,0.51001185
12347,20,1,0.3252528
12348,1,0,0.3008237
12349,27,1,0.48101085
12350,26,0,0.44052055
12351,11,0,0.15851402
12352,11,0,0.59339297
12353,10,1,0.71533036
12354,19,0,0.8804104
12355,1,1,0.5859097
12356,10,0,0.3774877
12357,2,0,0.46243358
12358,26,1,0.82859695
12359,18,1,0.66526335
12360,16,0,0.49899897
12361,10,0,0.4135433
12362,18,1,0.3789401
12363,13,0,0.39736784
12364,27,1,0.8364141
12365,17,0,0.29969788
12366,6,0,0.08211543
12367,16,1,0.42957085
12368,2,1,0.8801242
12369,24,1,0.39929932
12370,8,0,0.5535203
12371,4,0,0.26242015
12372,25,0,0.28947505
12373,7,0,0.33081007
12374,8,1,0.4260535
12375,15,0,0.38132718
12376,3,0,0.21528633
12377,17,1,0.7729135
12378,17,0,0.34788978
12379,8,0,0.32355362
12380,20,0,0.721043
12381,27,1,0.748007
12382,8,1,0.58507764
12383,18,0,0.60908943
12384,2,1,0.35739347
12385,15,1,0.8930042
12386,16,0,0.5676897
12387,13,1,0.44262603
12388,15,0,0.91063535
12389,11,0,0.63393104
12390,12,0,0.19431536
12391,1,1,0.5400976
12392,13,1,0.531131
12393,3,0,0.16064844
12394,17,1,0.48858127
12395,6,1,0.6556249
12396,17,1,0.893243
12397,10,0,0.22448741
12398,23,1,0.8962753
12399,20,0,0.14402315
12400,22,0,0.18277869
12401,24,0,0.31384027
12402,28,1,0.383166
12403,6,1,0.8808815
12404,11,0,0.59329265
12405,26,1,0.7649797
12406,0,1,0.7091234
12407,10,0,0.84793264
12408,18,1,0.2235073
12409,8,1,0.7557435
12410,2,1,0.8991479
12411,15,0,0.113980904
12412,2,1,0.7251336
12413,17,1,0.5238207
12414,21,1,0.5222915
12415,25,0,0.7241792
12416,25,1,0.9181192
12417,2,0,0.80310035
12418,2,0,0.45936564
12419,4,0,0.4280764
12420,7,1,0.27170983
12421,18,0,0.85599226
12422,5,1,0.90130764
12423,22,1,0.8303787
12424,19,1,0.3384135
12425,14,0,0.56922704
12426,1,0,0.4582233
12427,7,1,0.54813075
12428,2,0,0.34712386
12429,2,1,0.63573223
12430,2,0,0.37796736
12431,13,0,0.61451745
12432,6,0,0.37413034
12433,17,0,0.8510317
12434,12,1,0.55968976
12435,6,1,0.51283306
12436,11,1,0.46712956
12437,27,1,0.47438583
12438,26,1,0.8258346
12439,8,0,0.82895815
12440,3,0,0.35719034
12441,17,1,0.40239674
12442,7,1,0.46694255
12443,2,1,0.6384685
12444,23,1,0.6924989
12445,4,1,0.5398065
12446,15,1,0.8630165
12447,13,1,0.7181395
12448,10,0,0.50755805
12449,28,1,0.72294116
12450,18,0,0.5184229
12451,1,1,0.47499493
12452,7,1,0.7053483
12453,3,0,0.17647916
12454,12,1,0.5306966
12455,6,1,0.37677932
12456,2,0,0.35121438
12457,28,1,0.537059
12458,2,0,0.36505884
12459,15,0,0.35681295
12460,4,1,0.5951021
12461,16,0,0.23823042
12462,27,1,0.5355116
12463,26,0,0.5889679
12464,25,0,0.5063039
12465,14,0,0.15102394
12466,13,1,0.2618061
12467,4,1,0.25776443
12468,12,0,0.31946066
12469,13,1,0.9457378
12470,1,0,0.24162872
12471,26,1,0.70393944
12472,23,1,0.2708235
12473,3,1,0.65281737
12474,9,1,0.95076776
12475,2,1,0.6874748
12476,2,1,0.5879438
12477,23,0,0.45004353
12478,18,1,0.6894222
12479,11,1,0.5935967
12480,13,1,0.3849152
12481,24,1,0.60217196
12482,23,1,0.5102249
12483,22,1,0.46018434
12484,8,0,0.17148921
12485,3,0,0.20622416
12486,11,1,0.58119893
12487,26,0,0.2224518
12488,26,0,0.2196155
12489,4,1,0.46200022
12490,4,0,0.17786379
12491,16,0,0.65053576
12492,9,0,0.2588248
12493,28,1,0.42574754
12494,18,1,0.64206237
12495,11,1,0.7889585
12496,16,1,0.9379698
12497,2,1,0.591749
12498,22,0,0.5799011
12499,25,0,0.36940718
12500,24,0,0.38206032
12501,6,0,0.23408149
12502,10,1,0.8893289
12503,25,1,0.4836366
12504,6,1,0.6400926
12505,10,1,0.26837286
12506,4,1,0.15479478
12507,11,1,0.9352571
12508,23,0,0.19615309
12509,12,1,0.5433081
12510,2,1,0.29071927
12511,27,0,0.20492147
12512,21,1,0.2250343
12513,8,1,0.10471756
12514,14,1,0.90111214
12515,26,0,0.57981986
12516,6,1,0.8728847
12517,6,1,0.30150703
12518,12,1,0.6809227
12519,0,1,0.42321205
12520,8,0,0.49033707
12521,22,0,0.56747395
12522,13,0,0.40057334
12523,13,0,0.3062973
12524,12,0,0.18634935
12525,8,1,0.15628795
12526,14,0,0.6414243
12527,14,0,0.2316825
12528,18,1,0.3559727
12529,21,0,0.16231509
12530,1,1,0.95363104
12531,26,1,0.802901
12532,6,1,0.42198586
12533,1,1,0.86271906
12534,26,1,0.39214665
12535,12,1,0.43841168
12536,8,1,0.6026213
12537,12,0,0.19087847
12538,19,0,0.8819278
12539,10,0,0.4480679
12540,11,0,0.6247642
12541,6,0,0.8220919
12542,21,1,0.46190736
12543,23,0,0.303722
12544,10,1,0.52745515
12545,2,1,0.40447837
12546,11,1,0.8989249
12547,25,0,0.41425797
12548,2,1,0.5772303
12549,20,0,0.11850155
12550,2,0,0.52906215
12551,27,0,0.39679477
12552,3,1,0.6772592
12553,10,1,0.87268966
12554,10,1,0.8725397
12555,3,1,0.6164848
12556,17,1,0.5564118
12557,21,1,0.5850518
12558,28,0,0.27001345
12559,1,0,0.80896
12560,24,1,0.20198575
12561,8,0,0.6111905
12562,13,0,0.28504896
12563,27,0,0.5405857
12564,1,0,0.18797696
12565,25,1,0.70239264
12566,3,1,0.68406934
12567,23,0,0.23361921
12568,16,1,0.6481355
12569,25,0,0.5281743
12570,12,0,0.3604439
12571,15,0,0.23168865
12572,13,0,0.9068079
12573,21,1,0.5278713
12574,24,0,0.20707029
12575,13,1,0.45331967
12576,15,1,0.71946704
12577,25,0,0.14562166
12578,15,1,0.6007783
12579,22,0,0.21023601
12580,26,0,0.65172625
12581,24,1,0.4519618
12582,8,0,0.32217646
12583,13,1,0.7915817
12584,26,0,0.6593305
12585,18,0,0.8664821
12586,24,1,0.71052825
12587,25,0,0.61596507
12588,7,1,0.89951646
12589,10,0,0.1638546
12590,21,1,0.85573757
12591,19,0,0.78802055
12592,7,1,0.5266261
12593,4,1,0.38311476
12594,8,0,0.28273895
12595,13,1,0.76878583
12596,18,0,0.54557705
12597,7,1,0.14895478
12598,1,0,0.22078091
12599,15,1,0.4705777
12600,26,1,0.9057507
12601,22,1,0.5617896
12602,24,0,0.68378156
12603,15,0,0.27012944
12604,3,1,0.85217196
12605,26,0,0.20230158
12606,7,1,0.79095995
12607,8,1,0.8940924
12608,10,0,0.3526971
12609,8,0,0.3262781
12610,5,0,0.6928241
12611,3,0,0.24669579
12612,16,0,0.62434626
12613,13,0,0.46416217
12614,11,1,0.45824894
12615,3,0,0.26197606
12616,10,1,0.58510745
12617,17,1,0.36234042
12618,26,0,0.50034094
12619,6,0,0.35498688
12620,2,1,0.7046854
12621,10,0,0.7110876
12622,13,0,0.52401483
12623,14,1,0.24558932
12624,22,1,0.19057238
12625,16,0,0.1708915
12626,3,1,0.66268367
12627,22,0,0.21491538
12628,23,0,0.54163474
12629,14,1,0.49056298
12630,25,0,0.38833487
12631,19,1,0.80080074
12632,14,1,0.37586474
12633,2,0,0.43044668
12634,20,0,0.4218745
12635,25,1,0.47433484
12636,13,1,0.63829243
12637,15,0,0.82481647
12638,3,0,0.7202136
12639,2,0,0.56687486
12640,4,0,0.33247012
12641,9,1,0.64084446
12642,26,0,0.6756603
12643,6,1,0.5003783
12644,1,0,0.90710306
12645,11,1,0.35516396
12646,23,0,0.21194953
12647,12,0,0.4796328
12648,12,1,0.54859406
12649,19,1,0.3973282
12650,16,1,0.71951
12651,22,0,0.14305553
12652,0,1,0.9215246
12653,5,0,0.43314117
12654,4,0,0.61621153
12655,25,0,0.5106783
12656,26,1,0.58735657
12657,21,1,0.5798133
12658,12,0,0.33274645
12659,11,0,0.37410283
12660,4,0,0.7375039
12661,23,1,0.7607309
12662,23,0,0.56074375
12663,10,1,0.3207659
12664,13,0,0.6612517
12665,26,0,0.14165537
12666,12,0,0.585698
12667,24,1,0.5294465
12668,22,1,0.56950474
12669,28,0,0.34066588
12670,1,0,0.46698257
12671,10,0,0.25590125
12672,8,1,0.47547853
12673,8,1,0.39053804
12674,20,1,0.77025765
12675,8,0,0.59689
12676,16,0,0.7233094
12677,28,0,0.5117846
12678,25,1,0.470612
12679,26,0,0.11556003
12680,15,1,0.68011326
12681,19,0,0.91119295
12682,7,1,0.75462204
12683,23,1,0.26009992
12684,20,0,0.30373284
12685,4,1,0.9404945
12686,4,1,0.49224177
12687,2,0,0.20912005
12688,15,1,0.4726736
12689,22,1,0.9237445
12690,8,1,0.85483015
12691,11,0,0.45136598
12692,23,1,0.352837
12693,17,0,0.7337979
12694,17,0,0.49092534
12695,16,0,0.5423336
12696,13,0,0.18794622
12697,8,1,0.27932993
12698,2,1,0.56297976
12699,26,1,0.74231434
12700,18,1,0.63735616
12701,20,0,0.60084134
12702,15,1,0.4893862
12703,16,0,0.5107971
12704,8,0,0.6444652
12705,21,0,0.6834271
12706,23,1,0.669912
12707,25,1,0.66325927
12708,28,1,0.40156463
12709,6,1,0.36257845
12710,1,0,0.72032905
12711,25,0,0.3897547
12712,26,0,0.57564914
12713,21,0,0.25287828
12714,1,0,0.2706457
12715,12,1,0.83607376
12716,26,0,0.38249144
12717,19,1,0.6093259
12718,2,0,0.5093914
12719,15,0,0.5711901
12720,4,0,0.27963603
12721,25,1,0.21440786
12722,22,0,0.7787384
12723,26,1,0.8792261
12724,16,1,0.48121572
12725,17,0,0.44974107
12726,25,1,0.76237917
12727,17,1,0.85814524
12728,19,0,0.3725215
12729,17,0,0.5513013
12730,28,0,0.6308947
12731,10,0,0.37650216
12732,10,1,0.54990864
12733,13,1,0.8604095
12734,7,1,0.5207967
12735,13,0,0.40119344
12736,16,1,0.7185914
12737,18,0,0.3540051
12738,15,0,0.47595567
12739,27,0,0.68063205
12740,26,1,0.7968926
12741,24,0,0.46355715
12742,13,1,0.38007766
12743,17,0,0.7573648
12744,19,0,0.7838515
12745,20,0,0.44828612
12746,21,1,0.8174234
12747,28,0,0.2677801
12748,13,0,0.66436386
12749,13,0,0.4844266
12750,10,0,0.40407938
12751,14,1,0.3064802
12752,22,1,0.6457624
12753,5,1,0.71373844
12754,13,1,0.7793327
12755,1,1,0.60768336
12756,10,0,0.5825968
12757,17,0,0.2944968
12758,15,1,0.23346436
12759,10,0,0.68395376
12760,0,0,0.8241413
12761,11,0,0.53787094
12762,17,1,0.4677743
12763,10,1,0.40124363
12764,2,1,0.41520974
12765,20,0,0.187305
12766,26,1,0.2776159
12767,17,0,0.25222296
12768,16,1,0.576536
12769,8,1,0.6019215
12770,16,0,0.45696056
12771,18,0,0.41347364
12772,1,0,0.8590569
12773,28,1,0.80344725
12774,20,0,0.32409233
12775,9,0,0.49713522
12776,13,1,0.89918274
12777,6,0,0.671953
12778,11,1,0.82508355
12779,16,0,0.8223756
12780,25,1,0.3658262
12781,15,1,0.4865984
12782,22,0,0.7082659
12783,13,1,0.93889016
12784,0,0,0.6999351
12785,1,1,0.84784865
12786,19,0,0.31810454
12787,25,1,0.54071605
12788,4,1,0.7248384
12789,28,1,0.7100807
12790,4,0,0.6011016
12791,27,1,0.7757672
12792,2,1,0.5565663
12793,27,1,0.5734896
12794,15,1,0.71394825
12795,21,0,0.5447609
12796,13,1,0.38697526
12797,22,0,0.3678681
12798,28,0,0.54176193
12799,13,1,0.7674899
12800,23,1,0.47639072
12801,28,0,0.33432665
12802,2,0,0.34842068
12803,14,1,0.52061087
12804,26,0,0.16393386
12805,10,1,0.49947295
12806,1,1,0.6546889
12807,26,1,0.5504412
12808,2,0,0.1577283
12809,18,0,0.5363406
12810,16,1,0.6493494
12811,9,0,0.52533877
12812,11,1,0.6896421
12813,20,0,0.45558098
12814,24,1,0.3481655
12815,28,0,0.55125755
12816,15,0,0.3784276
12817,10,1,0.46841803
12818,5,0,0.21493216
12819,12,1,0.7068005
12820,12,0,0.71473306
12821,5,1,0.9210518
12822,8,1,0.5573265
12823,6,1,0.464522
12824,15,1,0.5601733
12825,24,0,0.42277676
12826,5,1,0.5543144
12827,20,0,0.3129937
12828,1,1,0.74590456
12829,20,0,0.6617465
12830,22,0,0.49108833
12831,16,1,0.52858496
12832,20,1,0.63697994
12833,8,0,0.44933432
12834,13,0,0.15185617
12835,22,1,0.12021942
12836,16,0,0.12418301
12837,17,1,0.35684323
12838,26,0,0.572078
12839,19,0,0.18199101
12840,25,1,0.5529594
12841,17,0,0.5952474
12842,17,1,0.9302359
12843,16,0,0.28779504
12844,10,1,0.7505595
12845,17,0,0.5509381
12846,13,0,0.60703
12847,11,0,0.2504269
12848,15,0,0.20256354
12849,23,0,0.7811975
12850,8,0,0.3338125
12851,15,1,0.8656466
12852,2,0,0.37322918
12853,15,1,0.65826404
12854,25,0,0.51317126
12855,3,0,0.66734314
12856,10,1,0.58235866
12857,26,0,0.64828956
12858,1,0,0.30942357
12859,19,0,0.6336523
12860,22,0,0.3825016
12861,10,1,0.30104882
12862,2,1,0.5192576
12863,3,0,0.42485124
12864,27,0,0.28989565
12865,22,1,0.53081036
12866,26,0,0.68074614
12867,3,0,0.56536657
12868,0,1,0.5505631
12869,6,1,0.66170096
12870,2,1,0.51026434
12871,0,1,0.4849942
12872,2,1,0.3770525
12873,21,0,0.38546392
12874,24,0,0.7041265
12875,25,0,0.25241044
12876,27,1,0.6118167
12877,2,0,0.5278494
12878,21,0,0.46732795
12879,8,0,0.20392281
12880,26,0,0.37621522
12881,20,1,0.7020506
12882,21,0,0.64971256
12883,11,1,0.4689172
12884,17,1,0.35383153
12885,0,1,0.4398731
12886,10,0,0.25362727
12887,25,0,0.7838358
12888,10,1,0.4205424
12889,11,1,0.56492245
12890,2,0,0.2758153
12891,15,1,0.54430324
12892,4,0,0.4999205
12893,15,1,0.7390365
12894,11,0,0.5786148
12895,8,0,0.7181947
12896,0,0,0.2547398
12897,2,0,0.31706205
12898,9,0,0.3186676
12899,16,1,0.20630153
12900,26,0,0.18735106
12901,19,1,0.5373294
12902,27,1,0.5459644
12903,11,0,0.60014504
12904,18,0,0.54662937
12905,0,1,0.6407456
12906,0,0,0.3320353
12907,11,1,0.336393
12908,2,1,0.70087314
12909,11,0,0.55837685
12910,2,0,0.2599554
12911,8,1,0.49625146
12912,27,1,0.77584535
12913,24,1,0.84692246
12914,2,1,0.5202121
12915,18,0,0.27135265
12916,1,0,0.17237742
12917,10,0,0.2885979
12918,25,0,0.27578875
12919,8,1,0.7425303
12920,1,0,0.32748774
12921,3,0,0.26762313
12922,15,0,0.13510892
12923,10,1,0.8498913
12924,14,0,0.60613084
12925,12,1,0.705777
12926,7,1,0.36420077
12927,2,1,0.38577652
12928,13,1,0.40822384
12929,19,1,0.88518435
12930,12,1,0.6458031
12931,16,0,0.427271
12932,23,1,0.7536458
12933,5,1,0.5954956
12934,16,0,0.2782028
12935,8,1,0.44159076
12936,2,1,0.2549854
12937,25,1,0.6194752
12938,27,1,0.6934668
12939,18,0,0.5503754
12940,17,0,0.39636317
12941,14,1,0.36014315
12942,5,1,0.11186481
12943,18,0,0.6582153
12944,6,1,0.7133602
12945,5,1,0.72318965
12946,13,0,0.3697783
12947,15,0,0.18805262
12948,20,0,0.15648755
12949,6,1,0.38058293
12950,1,0,0.46230686
12951,9,1,0.46414697
12952,25,0,0.21664709
12953,8,0,0.36445087
12954,13,0,0.6714605
12955,17,1,0.5345094
12956,19,0,0.7335599
12957,7,0,0.2676665
12958,5,1,0.24306881
12959,8,1,0.55436116
12960,4,0,0.44724858
12961,15,0,0.35911098
12962,8,0,0.46544918
12963,14,0,0.10972062
12964,8,0,0.48191667
12965,16,0,0.34660736
12966,27,1,0.619836
12967,26,0,0.4049634
12968,17,1,0.5740468
12969,27,0,0.5755817
12970,11,1,0.6999551
12971,24,1,0.63359064
12972,26,0,0.26141426
12973,18,0,0.69812447
12974,2,0,0.3698772
12975,22,1,0.25572008
12976,14,1,0.74487376
12977,3,0,0.33769226
12978,15,0,0.37010065
12979,26,1,0.39519423
12980,26,1,0.8148093
12981,13,0,0.6105209
12982,26,0,0.5847268
12983,11,0,0.14541514
12984,16,0,0.2509098
12985,12,0,0.47285667
12986,12,1,0.39444268
12987,8,0,0.6506802
12988,14,1,0.6533435
12989,13,1,0.273282
12990,16,1,0.911776
12991,2,1,0.44395548
12992,22,0,0.2230282
12993,4,1,0.5359974
12994,10,0,0.56020373
12995,16,1,0.69818395
12996,28,0,0.3556968
12997,16,1,0.82679474
12998,20,0,0.37209055
12999,6,0,0.41730884
13000,0,0,0.11730526
13001,2,0,0.24891037
13002,13,0,0.2265241
13003,26,0,0.29189166
13004,17,1,0.5562155
13005,12,1,0.5085257
13006,12,1,0.6180193
13007,11,0,0.38659477
13008,12,0,0.861769
13009,18,1,0.19016138
13010,13,1,0.48145357
13011,5,0,0.5197151
13012,0,0,0.36723825
13013,1,0,0.19371739
13014,26,0,0.42373854
13015,14,1,0.42202705
13016,16,1,0.18092708
13017,11,0,0.324312
13018,13,0,0.47170526
13019,1,1,0.8054495
13020,10,0,0.44735214
13021,7,0,0.19815648
13022,11,0,0.49638402
13023,12,0,0.28147417
13024,11,0,0.7325718
13025,16,0,0.4442521
13026,8,1,0.7108255
13027,17,0,0.4534067
13028,7,0,0.47386685
13029,28,0,0.44480887
13030,2,1,0.69071424
13031,10,1,0.16308095
13032,20,1,0.70637125
13033,14,1,0.6996744
13034,11,1,0.3888207
13035,16,0,0.32294917
13036,18,1,0.5128543
13037,6,0,0.49645063
13038,18,0,0.41406482
13039,13,0,0.12526518
13040,6,1,0.67496306
13041,15,0,0.44581497
13042,25,1,0.57781196
13043,25,1,0.75455004
13044,26,0,0.52788836
13045,22,1,0.34955522
13046,4,0,0.52190226
13047,18,1,0.698891
13048,2,0,0.09273888
13049,8,1,0.25571707
13050,17,1,0.24057145
13051,24,1,0.65844524
13052,19,0,0.2526369
13053,0,0,0.5275581
13054,16,0,0.5269052
13055,23,0,0.8177524
13056,5,1,0.4118083
13057,28,1,0.43225804
13058,16,1,0.65411144
13059,6,0,0.44561794
13060,3,0,0.22583649
13061,14,1,0.7432565
13062,14,0,0.22369578
13063,1,1,0.84244686
13064,27,1,0.6636872
13065,14,1,0.8062365
13066,9,1,0.80369675
13067,28,0,0.14029297
13068,8,0,0.5478554
13069,11,0,0.45753926
13070,12,1,0.58987397
13071,26,0,0.37559864
13072,8,0,0.12823743
13073,4,1,0.8833396
13074,1,0,0.43274546
13075,16,0,0.72299516
13076,17,1,0.5856246
13077,26,1,0.49161255
13078,20,0,0.49969643
13079,14,0,0.13512681
13080,7,1,0.7602086
13081,23,0,0.2371831
13082,8,1,0.5578566
13083,5,0,0.23964204
13084,17,1,0.53209907
13085,13,0,0.50824285
13086,13,0,0.7832894
13087,16,1,0.73533934
13088,17,1,0.6665978
13089,26,0,0.60304135
13090,18,0,0.34156933
13091,13,0,0.15021488
13092,8,0,0.48623872
13093,3,1,0.6515421
13094,22,0,0.23370914
13095,20,0,0.6180381
13096,13,0,0.28904754
13097,8,1,0.61896455
13098,16,0,0.6502946
13099,16,1,0.50533324
13100,2,0,0.44341826
13101,15,0,0.5876656
13102,0,0,0.34628043
13103,10,1,0.42100713
13104,19,1,0.4976083
13105,28,1,0.4862828
13106,27,1,0.23706251
13107,23,0,0.23909108
13108,12,1,0.8201905
13109,8,1,0.33325383
13110,15,1,0.68072355
13111,1,1,0.593676
13112,1,0,0.16863953
13113,5,0,0.34726855
13114,4,0,0.6564086
13115,16,0,0.4141184
13116,16,0,0.8589371
13117,24,0,0.14287865
13118,11,0,0.38971683
13119,12,1,0.6413383
13120,16,1,0.6874723
13121,3,1,0.47688416
13122,18,0,0.54209864
13123,17,0,0.19810836
13124,9,1,0.90114427
13125,14,1,0.5659947
13126,1,0,0.21735127
13127,25,0,0.10297996
13128,11,0,0.42522705
13129,1,1,0.3181187
13130,23,0,0.3506692
13131,6,1,0.567684
13132,20,1,0.21715923
13133,13,0,0.25310087
13134,0,0,0.31020588
13135,17,1,0.39288026
13136,17,1,0.56426454
13137,4,0,0.5630334
13138,18,1,0.78605956
13139,10,1,0.5473311
13140,18,1,0.6307816
13141,19,1,0.6335469
13142,3,0,0.19787402
13143,15,0,0.65560687
13144,24,0,0.2750971
13145,0,1,0.70276713
13146,21,1,0.44130883
13147,16,0,0.53991306
13148,2,0,0.51526296
13149,19,0,0.26170295
13150,22,0,0.33947653
13151,8,0,0.61914796
13152,12,1,0.2736853
13153,20,1,0.6631382
13154,25,0,0.3358682
13155,15,1,0.41510147
13156,4,1,0.37508747
13157,18,0,0.525057
13158,9,1,0.6906646
13159,1,1,0.5263994
13160,6,1,0.7927483
13161,8,0,0.15126352
13162,12,1,0.6337165
13163,27,1,0.56169945
13164,1,0,0.37927422
13165,2,1,0.29232326
13166,8,1,0.5934621
13167,8,1,0.63382596
13168,12,0,0.53140515
13169,22,1,0.59443456
13170,25,1,0.5694187
13171,5,1,0.810965
13172,25,0,0.58538216
13173,22,0,0.26469195
13174,11,1,0.14147927
13175,2,0,0.8694734
13176,18,1,0.2812744
13177,14,1,0.52245706
13178,13,0,0.54350257
13179,27,1,0.5839304
13180,21,1,0.63837534
13181,7,0,0.14747848
13182,11,1,0.23016694
13183,11,1,0.6842952
13184,0,1,0.51141983
13185,25,1,0.6318958
13186,8,0,0.5660317
13187,25,0,0.43277216
13188,16,0,0.61887115
13189,6,1,0.7780696
13190,17,0,0.5253297
13191,13,1,0.77764803
13192,5,0,0.24493453
13193,3,1,0.8208953
13194,4,1,0.8246675
13195,21,0,0.18234341
13196,21,0,0.2332478
13197,18,0,0.23182595
13198,6,0,0.21606676
13199,6,1,0.6060676
13200,1,1,0.5612625
13201,13,1,0.7530301
13202,20,1,0.63845134
13203,20,1,0.5250064
13204,16,1,0.66590554
13205,14,0,0.2043172
13206,11,1,0.51250845
13207,9,0,0.09027219
13208,13,1,0.7650058
13209,11,1,0.75696087
13210,2,0,0.7264248
13211,5,0,0.20830065
13212,27,1,0.5089622
13213,28,1,0.6285005
13214,12,0,0.41220778
13215,2,0,0.27797943
13216,10,1,0.86017376
13217,16,1,0.6784965
13218,6,1,0.63604903
13219,15,1,0.7204133
13220,18,0,0.4308785
13221,8,0,0.8137442
13222,27,1,0.5692882
13223,25,1,0.49806738
13224,13,1,0.6547536
13225,3,1,0.4581907
13226,12,0,0.5802227
13227,27,1,0.8218582
13228,16,1,0.8574989
13229,13,0,0.7287728
13230,8,0,0.46524575
13231,12,0,0.5082744
13232,18,0,0.4794915
13233,14,1,0.6384964
13234,1,0,0.6323631
13235,17,1,0.38968194
13236,25,1,0.3343257
13237,10,0,0.31667706
13238,10,0,0.30852073
13239,13,1,0.6743318
13240,25,1,0.29257324
13241,23,0,0.43644595
13242,8,1,0.5003618
13243,17,0,0.10075649
13244,8,0,0.10723526
13245,13,0,0.36533293
13246,10,1,0.7699949
13247,16,0,0.44831982
13248,13,1,0.67284274
13249,12,0,0.6419202
13250,10,1,0.62590605
13251,19,0,0.43486643
13252,15,1,0.12979512
13253,1,1,0.642882
13254,22,1,0.55697167
13255,23,0,0.35949618
13256,15,0,0.30158886
13257,1,0,0.5050543
13258,10,1,0.36759067
13259,16,0,0.49240896
13260,10,1,0.6664129
13261,19,1,0.43270898
13262,21,1,0.53041977
13263,1,0,0.21581824
13264,12,0,0.40410495
13265,17,0,0.12482832
13266,16,1,0.33358353
13267,1,0,0.062606774
13268,2,0,0.3302754
13269,15,0,0.39463624
13270,12,0,0.6401147
13271,20,1,0.6457825
13272,6,0,0.43648764
13273,28,1,0.13942702
13274,8,0,0.13358869
13275,2,0,0.34987748
13276,22,1,0.6796939
13277,9,0,0.575675
13278,20,0,0.6047712
13279,26,1,0.75745636
13280,16,0,0.37716228
13281,24,1,0.2159598
13282,16,1,0.49847355
13283,16,0,0.46338144
13284,25,0,0.14394228
13285,8,0,0.76241755
13286,26,0,0.49078918
13287,27,1,0.34527564
13288,15,0,0.16613732
13289,25,0,0.35948598
13290,19,0,0.51755136
13291,12,0,0.50523084
13292,12,1,0.81725717
13293,14,1,0.41603944
13294,15,1,0.6204849
13295,27,1,0.43761283
13296,11,1,0.5942307
13297,15,0,0.18470831
13298,27,0,0.5014044
13299,6,1,0.7614906
13300,17,0,0.31673917
13301,20,1,0.7778174
13302,2,1,0.75947285
13303,20,1,0.48260126
13304,11,0,0.2125786
13305,22,1,0.6499913
13306,6,1,0.5046129
13307,0,0,0.17165926
13308,1,1,0.54809326
13309,7,1,0.5752182
13310,0,1,0.82084876
13311,6,1,0.5858944
13312,3,1,0.4918327
13313,26,0,0.6171864
13314,27,1,0.52648795
13315,20,0,0.41554976
13316,25,0,0.47224241
13317,14,1,0.6235285
13318,10,0,0.60248953
13319,27,0,0.58688444
13320,16,1,0.4937618
13321,26,0,0.24202129
13322,11,0,0.4819992
13323,27,1,0.6104121
13324,12,1,0.7402162
13325,17,1,0.6653839
13326,22,0,0.4273369
13327,22,1,0.11598838
13328,19,1,0.88817304
13329,16,0,0.47535098
13330,21,0,0.56002545
13331,24,0,0.7370268
13332,2,0,0.5324511
13333,17,1,0.7423456
13334,14,1,0.5275125
13335,7,1,0.6565029
13336,16,0,0.8076293
13337,7,0,0.7095279
13338,27,0,0.17022215
13339,2,0,0.2961168
13340,26,1,0.49433804
13341,25,1,0.34016755
13342,13,1,0.5633117
13343,27,0,0.67125595
13344,4,0,0.24804597
13345,13,1,0.8129649
13346,22,1,0.814723
13347,2,0,0.39994064
13348,13,0,0.5770624
13349,24,0,0.6954191
13350,8,0,0.43465757
13351,13,1,0.5533405
13352,11,1,0.49837297
13353,5,0,0.30195168
13354,13,0,0.20110194
13355,27,0,0.27553278
13356,11,1,0.48579428
13357,22,1,0.43281505
13358,22,0,0.3609234
13359,28,1,0.6853206
13360,4,1,0.73523283
13361,15,0,0.42358348
13362,2,1,0.5423225
13363,25,0,0.16047338
13364,25,0,0.3403014
13365,12,0,0.0734246
13366,11,0,0.3697376
13367,6,0,0.47071466
13368,6,0,0.5904085
13369,16,1,0.5999145
13370,6,0,0.43355456
13371,3,0,0.47316286
13372,1,1,0.44360492
13373,1,0,0.47814444
13374,15,1,0.34354565
13375,9,0,0.51214796
13376,24,1,0.68401194
13377,13,0,0.31457612
13378,15,0,0.28394416
13379,2,0,0.11094889
13380,28,0,0.39073002
13381,18,0,0.5457669
13382,25,1,0.6707869
13383,16,1,0.6696134
13384,26,0,0.1604845
13385,9,0,0.61081046
13386,20,0,0.50563073
13387,27,1,0.65280974
13388,16,1,0.75704354
13389,20,0,0.16969593
13390,16,0,0.19195448
13391,16,0,0.49947116
13392,12,0,0.21762206
13393,17,1,0.75878376
13394,19,1,0.7797261
13395,12,1,0.5688176
13396,11,1,0.47429237
13397,22,0,0.62504727
13398,16,0,0.20266682
13399,20,1,0.89532465
13400,15,0,0.4788664
13401,24,1,0.81360805
13402,28,1,0.47802606
13403,24,0,0.29646525
13404,8,1,0.36201635
13405,2,0,0.21946806
13406,22,0,0.56501234
13407,13,1,0.07717582
13408,0,0,0.3049752
13409,22,0,0.3813926
13410,11,1,0.65713733
13411,20,1,0.6699972
13412,18,1,0.3117107
13413,16,0,0.61645395
13414,27,0,0.62879336
13415,12,0,0.2907675
13416,15,1,0.9091188
13417,23,1,0.68396014
13418,8,1,0.8154284
13419,26,0,0.59517133
13420,15,0,0.21476048
13421,25,0,0.4282099
13422,26,0,0.319579
13423,26,1,0.6679279
13424,13,1,0.144946
13425,8,1,0.8350587
13426,12,1,0.5122933
13427,2,1,0.65916175
13428,20,0,0.30606252
13429,10,1,0.87985677
13430,26,0,0.108360685
13431,18,0,0.6641114
13432,10,1,0.51682067
13433,3,0,0.39096144
13434,7,0,0.40143573
13435,10,1,0.407178
13436,0,0,0.5187997
13437,3,1,0.7334017
13438,6,1,0.77185136
13439,17,0,0.42521754
13440,1,0,0.57589376
13441,3,1,0.65007484
13442,25,1,0.5606162
13443,28,1,0.7576891
13444,3,0,0.6018067
13445,2,0,0.31678027
13446,26,0,0.7626338
13447,22,1,0.4050884
13448,22,1,0.8305643
13449,15,1,0.5857181
13450,13,0,0.46245968
13451,26,0,0.24199231
13452,16,1,0.58533263
13453,12,0,0.52005076
13454,18,0,0.2164554
13455,2,0,0.558534
13456,16,0,0.641735
13457,2,1,0.5116702
13458,6,1,0.73167306
13459,25,0,0.2039928
13460,25,0,0.46417007
13461,2,0,0.78792727
13462,0,0,0.6729228
13463,4,0,0.62011015
13464,14,0,0.72808754
13465,13,1,0.596314
13466,20,0,0.20570272
13467,17,1,0.37815276
13468,13,0,0.18175581
13469,16,1,0.7997949
13470,2,0,0.5012228
13471,10,0,0.19473743
13472,10,0,0.4462884
13473,20,1,0.28508872
13474,13,1,0.662753
13475,20,1,0.18716462
13476,13,0,0.43284488
13477,26,1,0.58690876
13478,19,1,0.6028774
13479,9,1,0.39824462
13480,17,1,0.1707099
13481,20,1,0.60139924
13482,15,0,0.19701679
13483,8,1,0.54182523
13484,10,1,0.6257304
13485,2,1,0.7396898
13486,13,1,0.25089753
13487,13,1,0.4694618
13488,4,1,0.53340036
13489,4,0,0.48360285
13490,22,0,0.40552607
13491,24,0,0.5055002
13492,5,1,0.41024414
13493,7,0,0.28921288
13494,5,0,0.59675354
13495,1,1,0.6235959
13496,15,0,0.2776057
13497,8,1,0.6872938
13498,25,0,0.16899882
13499,1,1,0.86140394
13500,26,1,0.5585574
13501,8,0,0.32781586
13502,13,0,0.25537053
13503,10,0,0.4208557
13504,26,1,0.78349644
13505,16,0,0.76925987
13506,26,0,0.387896
13507,17,1,0.6098929
13508,16,0,0.33091572
13509,25,0,0.22256291
13510,23,1,0.66389644
13511,3,0,0.2603727
13512,15,0,0.49269995
13513,15,1,0.3918736
13514,10,1,0.85486263
13515,15,0,0.498632
13516,28,1,0.19329801
13517,11,0,0.6146016
13518,10,0,0.6269467
13519,20,1,0.40440166
13520,8,1,0.77852786
13521,23,0,0.49192303
13522,7,1,0.63295424
13523,16,1,0.6152915
13524,11,1,0.5884895
13525,27,0,0.71821207
13526,15,0,0.14951707
13527,10,0,0.76056296
13528,14,0,0.18810233
13529,7,0,0.2217594
13530,13,0,0.31304494
13531,15,1,0.40531725
13532,11,1,0.4644283
13533,8,0,0.27959135
13534,25,0,0.4892112
13535,13,1,0.8517106
13536,1,0,0.39064196
13537,22,0,0.253613
13538,26,0,0.18541561
13539,6,1,0.82717544
13540,15,1,0.22343074
13541,10,0,0.55547744
13542,15,1,0.53638977
13543,2,0,0.42354774
13544,20,1,0.7656083
13545,5,1,0.27504152
13546,10,0,0.65054053
13547,20,1,0.62907237
13548,1,1,0.5379634
13549,2,1,0.4739664
13550,1,1,0.6947465
13551,0,1,0.42317018
13552,2,1,0.6624736
13553,15,1,0.4982876
13554,27,0,0.20313418
13555,25,1,0.6670028
13556,11,1,0.5589504
13557,27,1,0.5487755
13558,9,1,0.5494027
13559,5,0,0.4974705
13560,12,1,0.753347
13561,25,1,0.79271257
13562,14,1,0.4102159
13563,13,0,0.36266693
13564,21,1,0.29890507
13565,1,0,0.34126487
13566,26,1,0.22981374
13567,14,0,0.5639432
13568,19,1,0.59412
13569,14,0,0.65829074
13570,25,0,0.6202164
13571,17,1,0.5512371
13572,1,0,0.40417585
13573,10,1,0.6692088
13574,10,1,0.87211055
13575,13,0,0.34629017
13576,25,0,0.42772296
13577,16,0,0.5314183
13578,4,0,0.4817442
13579,23,0,0.1724251
13580,12,1,0.5458684
13581,10,1,0.72950256
13582,16,0,0.48464623
13583,21,0,0.66530496
13584,23,0,0.75229996
13585,15,1,0.50242484
13586,0,0,0.19480652
13587,12,1,0.8120392
13588,10,1,0.55844057
13589,17,0,0.4303252
13590,2,1,0.17776199
13591,18,1,0.6057167
13592,8,1,0.5878138
13593,10,0,0.17713337
13594,21,0,0.5592267
13595,9,0,0.42507845
13596,0,0,0.19703849
13597,9,1,0.30620366
13598,28,1,0.5750886
13599,16,0,0.58732206
13600,4,1,0.57397145
13601,3,0,0.6359281
13602,11,1,0.62803656
13603,13,1,0.44593087
13604,22,0,0.32346007
13605,13,1,0.5420019
13606,13,0,0.646423
13607,16,1,0.4873026
13608,25,0,0.2124397
13609,8,0,0.3269134
13610,16,1,0.22906034
13611,26,1,0.48601544
13612,25,1,0.5909978
13613,15,0,0.22162685
13614,6,1,0.67811847
13615,10,1,0.5602618
13616,11,0,0.2848216
13617,27,1,0.67882687
13618,1,0,0.6704134
13619,12,1,0.88829917
13620,9,1,0.7343453
13621,23,0,0.32144973
13622,1,1,0.4818703
13623,9,0,0.50447446
13624,25,0,0.46798602
13625,7,0,0.16874345
13626,16,0,0.19278124
13627,18,1,0.3132598
13628,25,0,0.30710834
13629,27,0,0.4225068
13630,13,1,0.8067912
13631,20,0,0.38012385
13632,23,1,0.7635831
13633,24,0,0.5512348
13634,22,1,0.47602728
13635,16,1,0.55380607
13636,12,0,0.7801604
13637,9,0,0.2633915
13638,6,1,0.6400446
13639,21,0,0.18576795
13640,3,0,0.36728612
13641,10,0,0.22465637
13642,26,1,0.5909388
13643,28,0,0.22913589
13644,3,1,0.5606668
13645,25,0,0.2011504
13646,10,0,0.50388694
13647,27,1,0.69577545
13648,25,0,0.26309556
13649,13,0,0.3468938
13650,14,1,0.72353286
13651,28,0,0.4377656
13652,1,1,0.52265686
13653,25,1,0.87179756
13654,27,1,0.76084995
13655,23,0,0.2005551
13656,20,0,0.5029553
13657,6,1,0.3925033
13658,2,1,0.51034427
13659,25,0,0.29191434
13660,10,0,0.5256925
13661,1,0,0.42442048
13662,3,0,0.52551025
13663,4,1,0.6037303
13664,27,1,0.42686015
13665,27,1,0.59975725
13666,10,0,0.29313958
13667,23,1,0.7424964
13668,16,1,0.7627547
13669,13,0,0.23150434
13670,11,1,0.7676583
13671,15,1,0.6064942
13672,12,1,0.8242503
13673,2,0,0.24156785
13674,15,0,0.3294753
13675,9,0,0.66046184
13676,28,0,0.3077517
13677,10,0,0.5146896
13678,8,0,0.2676523
13679,27,1,0.32919794
13680,11,0,0.3847717
13681,23,1,0.48216233
13682,16,0,0.61221224
13683,26,1,0.6076057
13684,0,1,0.54092735
13685,6,1,0.60168207
13686,3,0,0.17939432
13687,21,1,0.594535
13688,17,0,0.42933023
13689,23,0,0.32999167
13690,2,0,0.47414252
13691,16,1,0.7268957
13692,26,0,0.27049598
13693,25,1,0.119471334
13694,11,1,0.6186186
13695,20,0,0.370648
13696,2,1,0.28737378
13697,19,0,0.63465834
13698,12,1,0.58649576
13699,13,0,0.26946434
13700,1,0,0.4137634
13701,22,1,0.41362965
13702,13,0,0.35039324
13703,20,0,0.34851325
13704,7,1,0.7854358
13705,1,0,0.6382072
13706,19,0,0.23189236
13707,0,1,0.5621429
13708,14,1,0.5056913
13709,1,0,0.43763396
13710,7,1,0.8370142
13711,1,0,0.41885304
13712,18,1,0.6194225
13713,11,0,0.44670585
13714,22,1,0.5671238
13715,10,0,0.5483547
13716,28,0,0.220034
13717,12,1,0.28666586
13718,2,0,0.69151145
13719,23,0,0.6648711
13720,19,1,0.4509435
13721,27,1,0.6302878
13722,19,0,0.40312678
13723,16,1,0.664977
13724,13,1,0.54316145
13725,25,1,0.755736
13726,11,1,0.6420799
13727,6,0,0.2913275
13728,12,1,0.6025209
13729,16,0,0.27804232
13730,2,1,0.5804072
13731,9,1,0.59811044
13732,7,1,0.83643967
13733,20,1,0.23424077
13734,23,1,0.42347953
13735,8,0,0.35366344
13736,24,0,0.15069702
13737,15,0,0.13314131
13738,23,0,0.3969049
13739,12,0,0.4953575
13740,6,1,0.6429666
13741,2,1,0.6680323
13742,25,1,0.64908165
13743,3,1,0.63053465
13744,27,0,0.40729326
13745,19,1,0.54638183
13746,19,0,0.6420834
13747,20,1,0.82224256
13748,4,1,0.18924795
13749,12,0,0.33866033
13750,2,0,0.70813125
13751,10,0,0.35236663
13752,2,0,0.40533003
13753,13,0,0.50846505
13754,13,0,0.36767754
13755,3,0,0.32680452
13756,15,0,0.27860078
13757,24,1,0.50106263
13758,27,0,0.38450843
13759,0,0,0.27235934
13760,11,0,0.45540974
13761,13,0,0.4270588
13762,2,0,0.18933545
13763,8,0,0.42017385
13764,18,0,0.661818
13765,7,0,0.23417373
13766,4,0,0.19516052
13767,22,0,0.2249866
13768,16,1,0.60973966
13769,15,0,0.69046134
13770,8,1,0.5030842
13771,1,1,0.87269545
13772,10,1,0.72095263
13773,2,0,0.18753548
13774,18,1,0.6600852
13775,7,1,0.5619025
13776,16,0,0.38667494
13777,21,0,0.50315166
13778,10,0,0.23293655
13779,20,1,0.76774967
13780,13,0,0.76769847
13781,8,1,0.45019367
13782,26,0,0.34666777
13783,10,1,0.80676496
13784,25,0,0.79341644
13785,24,0,0.483477
13786,12,1,0.3502308
13787,24,0,0.43231457
13788,26,0,0.5707978
13789,15,0,0.37009105
13790,13,1,0.30195457
13791,21,0,0.5850648
13792,8,1,0.62640053
13793,28,0,0.6010589
13794,2,0,0.36244535
13795,12,0,0.22918487
13796,0,0,0.30153152
13797,16,1,0.8734096
13798,6,1,0.7683263
13799,25,0,0.47491038
13800,25,0,0.6783463
13801,25,1,0.7250193
13802,28,0,0.43363732
13803,5,1,0.5976967
13804,16,0,0.35865024
13805,26,0,0.69980866
13806,6,1,0.27964884
13807,27,1,0.6949752
13808,26,0,0.41726217
13809,14,1,0.8017172
13810,22,0,0.7628889
13811,14,1,0.6015375
13812,17,0,0.7055684
13813,13,1,0.38942695
13814,8,1,0.76104164
13815,20,1,0.7855821
13816,26,1,0.70473236
13817,17,1,0.61721003
13818,7,1,0.81538314
13819,3,1,0.7126578
13820,16,0,0.30481154
13821,14,1,0.6948687
13822,13,1,0.61580116
13823,17,0,0.70902836
13824,2,1,0.52833545
13825,22,0,0.13464396
13826,4,0,0.55257
13827,24,0,0.109362684
13828,5,1,0.5662079
13829,10,0,0.83682966
13830,24,1,0.4678945
13831,1,0,0.25867066
13832,20,1,0.7560843
13833,13,0,0.3018321
13834,7,0,0.1633034
13835,6,1,0.77695715
13836,24,0,0.25021318
13837,25,0,0.38983527
13838,14,0,0.32396376
13839,13,1,0.75095445
13840,8,1,0.4920362
13841,14,1,0.570277
13842,12,1,0.6082498
13843,6,1,0.8860584
13844,13,1,0.88630927
13845,17,0,0.18283562
13846,2,0,0.22370762
13847,8,0,0.6525818
13848,16,0,0.580905
13849,13,1,0.33371827
13850,12,0,0.27770513
13851,14,0,0.5030768
13852,7,0,0.18570064
13853,12,0,0.4482548
13854,20,0,0.7642509
13855,1,1,0.8189979
13856,23,1,0.13229261
13857,13,1,0.17284934
13858,16,0,0.2378076
13859,27,1,0.33119524
13860,25,0,0.28514305
13861,8,1,0.67391974
13862,15,1,0.754799
13863,27,1,0.6860679
13864,3,1,0.5785706
13865,11,0,0.13306935
13866,11,0,0.52982634
13867,2,1,0.30906686
13868,15,1,0.7504209
13869,26,1,0.77792
13870,17,1,0.69123745
13871,20,1,0.84383243
13872,27,0,0.52610195
13873,2,0,0.41856313
13874,7,0,0.20375241
13875,14,1,0.40003315
13876,11,0,0.37693092
13877,17,1,0.48307616
13878,5,1,0.54354966
13879,18,0,0.21224718
13880,10,1,0.3802714
13881,19,1,0.6107935
13882,9,1,0.84245473
13883,10,0,0.15158589
13884,4,1,0.84021294
13885,2,1,0.19860052
13886,20,1,0.42303038
13887,9,1,0.4404239
13888,2,1,0.58730924
13889,11,0,0.25506842
13890,28,0,0.6318311
13891,20,1,0.3668051
13892,16,0,0.48638183
13893,14,0,0.3459104
13894,3,1,0.685875
13895,16,1,0.5041777
13896,2,1,0.5526622
13897,21,1,0.70534885
13898,12,1,0.5828828
13899,14,0,0.30125144
13900,21,1,0.1678793
13901,17,1,0.65478086
13902,0,0,0.57671005
13903,16,0,0.154422
13904,20,0,0.508554
13905,0,1,0.41181964
13906,12,0,0.5255159
13907,9,1,0.68414277
13908,15,1,0.2105795
13909,13,1,0.78127235
13910,19,0,0.5183162
13911,6,1,0.64807945
13912,26,1,0.44990218
13913,25,1,0.26769906
13914,17,1,0.7343258
13915,27,0,0.47126862
13916,28,0,0.5834457
13917,20,0,0.19803989
13918,1,1,0.2890026
13919,14,1,0.23924562
13920,3,1,0.580538
13921,23,0,0.45563298
13922,1,0,0.18338114
13923,20,1,0.20640403
13924,8,0,0.7153987
13925,23,1,0.68202615
13926,6,0,0.4356256
13927,13,0,0.2927145
13928,2,1,0.5818869
13929,2,0,0.24761249
13930,12,0,0.6714183
13931,1,1,0.6406517
13932,2,1,0.61874753
13933,22,1,0.34599024
13934,26,1,0.79253685
13935,11,1,0.7839896
13936,26,0,0.29841888
13937,27,1,0.70078254
13938,19,1,0.29440585
13939,15,1,0.16911592
13940,14,1,0.57338893
13941,9,1,0.4114845
13942,10,0,0.66544163
13943,25,0,0.4352042
13944,19,1,0.7285358
13945,4,1,0.6483362
13946,26,1,0.520551
13947,10,0,0.22720297
13948,8,0,0.29921058
13949,22,0,0.4030444
13950,20,0,0.5716362
13951,19,0,0.18235646
13952,2,0,0.24364118
13953,2,0,0.6081444
13954,11,1,0.6704464
13955,15,0,0.3563413
13956,2,1,0.6870979
13957,16,0,0.45781347
13958,2,0,0.67441916
13959,28,1,0.40921986
13960,5,0,0.24673223
13961,25,0,0.5668522
13962,25,0,0.20532554
13963,2,1,0.81410104
13964,20,0,0.3630399
13965,26,0,0.4592505
13966,6,1,0.5178509
13967,8,1,0.13558003
13968,1,0,0.34087965
13969,15,1,0.42464435
13970,15,1,0.5141748
13971,1,0,0.27201954
13972,26,0,0.6011997
13973,21,0,0.25844234
13974,13,1,0.53145915
13975,13,1,0.73787475
13976,16,0,0.5117453
13977,0,1,0.80500966
13978,20,0,0.40639985
13979,28,1,0.50913376
13980,1,1,0.78239423
13981,11,0,0.4189854
13982,0,1,0.7883444
13983,21,1,0.6828574
13984,9,0,0.63846785
13985,9,1,0.67089576
13986,25,1,0.7841363
13987,8,1,0.23269416
13988,28,1,0.8050906
13989,15,0,0.19890152
13990,25,1,0.4688412
13991,23,0,0.4007116
13992,1,0,0.15332657
13993,13,0,0.6756821
13994,25,0,0.7368519
13995,16,1,0.8255043
13996,15,1,0.561845
13997,17,0,0.2796949
13998,7,0,0.28430414
13999,1,1,0.45467657
14000,26,1,0.7904683
14001,25,0,0.4451896
14002,21,0,0.2621575
14003,5,1,0.6549704
14004,10,0,0.3318059
14005,15,0,0.29352564
14006,6,0,0.39605805
14007,3,1,0.6929258
14008,16,0,0.36753002
14009,6,0,0.6693734
14010,28,0,0.2582969
14011,26,1,0.20358326
14012,17,1,0.105871595
14013,21,0,0.43946853
14014,2,0,0.13422352
14015,1,0,0.50799406
14016,8,1,0.75126743
14017,19,0,0.30110124
14018,9,0,0.37004945
14019,7,0,0.2750703
14020,20,0,0.54795504
14021,14,1,0.4314546
14022,8,1,0.3041687
14023,26,0,0.14854234
14024,10,1,0.47579804
14025,26,1,0.62409246
14026,20,0,0.17478833
14027,23,1,0.8109602
14028,0,0,0.36781836
14029,20,1,0.80292463
14030,25,1,0.33999246
14031,10,0,0.4305903
14032,14,0,0.74429613
14033,13,0,0.4033121
14034,7,0,0.08585688
14035,27,0,0.28655002
14036,17,0,0.21247225
14037,6,1,0.42226222
14038,1,0,0.17439455
14039,8,0,0.26709643
14040,22,1,0.5135795
14041,18,0,0.2557008
14042,27,1,0.7416842
14043,27,0,0.1414146
14044,12,1,0.5923434
14045,12,1,0.71842146
14046,26,0,0.64373493
14047,8,1,0.62834257
14048,13,0,0.51941246
14049,15,0,0.46136767
14050,27,0,0.3748311
14051,17,0,0.29079264
14052,15,1,0.5401345
14053,10,0,0.2765757
14054,11,0,0.18024142
14055,2,0,0.67808723
14056,10,1,0.67710453
14057,16,1,0.65088844
14058,25,0,0.26961938
14059,27,1,0.6173434
14060,11,1,0.7388581
14061,28,0,0.20990978
14062,28,0,0.30164367
14063,7,1,0.8751997
14064,27,1,0.3765757
14065,7,0,0.5951932
14066,15,1,0.36093956
14067,14,1,0.41853762
14068,7,0,0.13743417
14069,1,1,0.7491584
14070,11,1,0.33898273
14071,16,0,0.51593405
14072,9,1,0.68925786
14073,1,1,0.54950505
14074,23,0,0.40346456
14075,15,1,0.90969825
14076,16,1,0.79663396
14077,22,1,0.35797626
14078,15,0,0.32434624
14079,1,0,0.35155788
14080,7,1,0.34786618
14081,3,1,0.7514372
14082,26,0,0.31402463
14083,15,0,0.32517534
14084,25,1,0.6149419
14085,18,0,0.841125
14086,19,1,0.56918573
14087,28,0,0.3789939
14088,6,1,0.8418005
14089,26,0,0.37084424
14090,6,1,0.6029922
14091,12,1,0.50802404
14092,0,1,0.46866298
14093,15,0,0.175616
14094,6,1,0.22550642
14095,28,1,0.51594555
14096,8,1,0.6125822
14097,12,0,0.4832153
14098,1,0,0.1876775
14099,6,0,0.44476163
14100,3,1,0.6272847
14101,8,1,0.5951025
14102,26,1,0.8257771
14103,26,0,0.17583391
14104,7,0,0.25033924
14105,12,1,0.57094264
14106,4,0,0.6083339
14107,14,1,0.32619244
14108,16,0,0.5321474
14109,4,1,0.57088554
14110,0,0,0.1571419
14111,12,1,0.66619056
14112,8,1,0.80908656
14113,13,0,0.20800072
14114,19,1,0.7233231
14115,1,1,0.739828
14116,21,0,0.51174647
14117,27,0,0.36155152
14118,14,0,0.5658023
14119,12,1,0.5447568
14120,28,0,0.41981065
14121,20,0,0.7143221
14122,21,0,0.45366102
14123,8,1,0.30521315
14124,12,1,0.45954752
14125,14,1,0.39741105
14126,21,0,0.76007354
14127,13,0,0.4954058
14128,18,1,0.5650665
14129,14,1,0.63093466
14130,3,1,0.6597112
14131,23,1,0.6590141
14132,16,1,0.40704185
14133,10,0,0.38983896
14134,10,0,0.23451103
14135,19,1,0.5001927
14136,13,1,0.7763709
14137,5,0,0.28890193
14138,1,1,0.63175756
14139,26,1,0.36287296
14140,13,0,0.21903954
14141,13,0,0.17098068
14142,25,0,0.23099095
14143,3,0,0.12726344
14144,0,1,0.578916
14145,23,0,0.23507407
14146,9,1,0.4254968
14147,6,1,0.76536536
14148,13,0,0.2568548
14149,10,1,0.7544112
14150,14,1,0.29306468
14151,13,0,0.26591203
14152,2,0,0.7828222
14153,13,0,0.22215381
14154,26,1,0.60351306
14155,13,0,0.48751333
14156,15,0,0.16547878
14157,3,0,0.4652109
14158,2,1,0.49770707
14159,2,0,0.5962996
14160,4,1,0.59394723
14161,15,0,0.43272737
14162,9,0,0.17540029
14163,16,0,0.5571167
14164,13,0,0.29496658
14165,10,0,0.48245245
14166,26,0,0.17470226
14167,16,1,0.2678776
14168,3,0,0.67243654
14169,16,1,0.56020725
14170,16,0,0.24772917
14171,25,0,0.37872338
14172,6,1,0.45020786
14173,20,1,0.68021095
14174,25,1,0.86162025
14175,2,1,0.76315296
14176,8,0,0.5146153
14177,1,1,0.54440224
14178,0,0,0.5076807
14179,3,0,0.6238759
14180,27,0,0.12707165
14181,28,1,0.5062476
14182,11,1,0.5344434
14183,21,1,0.26946217
14184,0,1,0.55773073
14185,13,1,0.64675725
14186,22,1,0.65465766
14187,11,1,0.6001588
14188,26,0,0.14325272
14189,3,1,0.7587987
14190,16,1,0.4610842
14191,8,0,0.2703595
14192,27,1,0.540583
14193,27,1,0.23551787
14194,23,1,0.58093655
14195,25,1,0.6231044
14196,13,0,0.73551464
14197,3,1,0.28947985
14198,14,1,0.81852245
14199,9,1,0.82583284
14200,16,0,0.06450992
14201,15,1,0.09444749
14202,19,0,0.48341814
14203,10,1,0.64991164
14204,10,1,0.18043172
14205,12,0,0.23135565
14206,8,0,0.41937593
14207,26,0,0.34405687
14208,8,0,0.16328572
14209,10,0,0.39983743
14210,10,1,0.55461514
14211,21,0,0.5718126
14212,0,0,0.45353916
14213,20,1,0.8176425
14214,17,1,0.38577393
14215,1,0,0.5519531
14216,17,1,0.53577113
14217,8,0,0.7225043
14218,14,0,0.35882297
14219,5,1,0.37910068
14220,8,0,0.3959239
14221,26,1,0.4216346
14222,0,0,0.33433393
14223,28,0,0.2461668
14224,10,1,0.18378742
14225,16,0,0.78830355
14226,13,1,0.60348135
14227,2,1,0.6500333
14228,12,0,0.15818642
14229,18,0,0.42031574
14230,12,0,0.5826034
14231,15,1,0.44806576
14232,20,1,0.42015377
14233,16,1,0.49226204
14234,17,0,0.652917
14235,13,0,0.43905625
14236,27,1,0.7352956
14237,26,1,0.610881
14238,18,0,0.42396015
14239,8,0,0.4132501
14240,1,0,0.5191541
14241,6,0,0.749493
14242,17,1,0.6531801
14243,16,1,0.6455516
14244,15,1,0.5987536
14245,16,1,0.74507165
14246,25,0,0.3012636
14247,11,0,0.2076806
14248,15,1,0.85797966
14249,25,0,0.7687504
14250,21,1,0.59075683
14251,16,1,0.73065645
14252,18,1,0.5009468
14253,11,1,0.12876531
14254,7,1,0.44746974
14255,28,0,0.4405556
14256,19,1,0.51671237
14257,2,0,0.2735703
14258,8,1,0.6285512
14259,11,0,0.5649946
14260,10,0,0.4414098
14261,13,1,0.4446569
14262,10,0,0.31817567
14263,26,0,0.23731178
14264,4,1,0.18940917
14265,10,0,0.2773505
14266,16,0,0.7478575
14267,12,1,0.6080279
14268,6,1,0.7965943
14269,23,1,0.45827988
14270,8,0,0.18175085
14271,1,1,0.2659625
14272,20,1,0.2914635
14273,23,0,0.29047084
14274,3,1,0.85071164
14275,26,0,0.21105824
14276,4,0,0.53290224
14277,18,1,0.8439048
14278,9,0,0.20421293
14279,26,0,0.5316025
14280,5,1,0.35811245
14281,9,0,0.1425917
14282,2,0,0.20334154
14283,5,0,0.64174324
14284,22,0,0.2155798
14285,10,0,0.38915005
14286,13,0,0.2578491
14287,6,1,0.44829217
14288,23,1,0.72196233
14289,5,0,0.3710128
14290,4,1,0.6299481
14291,6,0,0.73964435
14292,6,1,0.39935058
14293,6,1,0.78857464
14294,25,0,0.332619
14295,16,0,0.38222417
14296,3,1,0.32122073
14297,16,0,0.4753321
14298,7,1,0.5734521
14299,22,1,0.81296676
14300,26,0,0.6513648
14301,9,0,0.3493156
14302,10,1,0.688268
14303,8,1,0.6750041
14304,16,0,0.15981202
14305,10,1,0.75411177
14306,11,1,0.19312035
14307,1,0,0.22540253
14308,15,0,0.3024899
14309,14,0,0.35045567
14310,0,1,0.74589366
14311,2,0,0.26940596
14312,6,1,0.6361678
14313,10,1,0.6110367
14314,0,1,0.4031799
14315,9,1,0.29866832
14316,19,1,0.16407616
14317,10,0,0.5862297
14318,24,1,0.8194903
14319,16,0,0.40497905
14320,13,1,0.5905795
14321,17,0,0.4668388
14322,2,1,0.53033876
14323,18,0,0.8006305
14324,26,1,0.7110655
14325,15,0,0.17554604
14326,26,0,0.32889828
14327,0,0,0.46133524
14328,11,0,0.6433988
14329,17,1,0.48327845
14330,26,0,0.5040574
14331,2,1,0.70354927
14332,24,0,0.32339248
14333,23,1,0.7388312
14334,15,0,0.5739637
14335,17,0,0.46398142
14336,27,0,0.41167495
14337,21,0,0.232382
14338,2,1,0.19470844
14339,11,0,0.20951809
14340,8,1,0.71577
14341,16,1,0.36603618
14342,12,1,0.82306516
14343,0,1,0.7818039
14344,28,0,0.23938301
14345,9,1,0.7235265
14346,2,1,0.79668736
14347,24,0,0.48621494
14348,26,0,0.35396692
14349,26,0,0.1925724
14350,3,0,0.45934343
14351,4,0,0.47123495
14352,1,0,0.4720803
14353,22,0,0.27439427
14354,27,0,0.59373355
14355,18,0,0.44614837
14356,20,1,0.19528727
14357,19,1,0.52595705
14358,12,0,0.50660396
14359,10,1,0.79412127
14360,16,1,0.69349474
14361,0,0,0.43015036
14362,13,0,0.28837937
14363,16,0,0.54015607
14364,8,1,0.5724375
14365,10,1,0.6362677
14366,16,1,0.47757426
14367,17,0,0.32291552
14368,8,0,0.3810346
14369,10,0,0.47425848
14370,15,1,0.5215277
14371,22,0,0.6421195
14372,6,0,0.6712156
14373,6,0,0.2279109
14374,2,1,0.6063844
14375,17,1,0.86890364
14376,27,1,0.52748966
14377,25,0,0.41881976
14378,22,0,0.66585344
14379,8,0,0.6689802
14380,3,0,0.5731562
14381,13,0,0.50023836
14382,14,1,0.444941
14383,2,0,0.2074737
14384,18,0,0.35025853
14385,18,1,0.34804747
14386,25,1,0.7603616
14387,14,0,0.39297903
14388,11,0,0.69070685
14389,13,1,0.35253718
14390,14,1,0.23892307
14391,13,0,0.6048836
14392,10,1,0.17972898
14393,18,1,0.847551
14394,15,0,0.5185479
14395,14,1,0.7702796
14396,25,0,0.5503966
14397,10,1,0.6368503
14398,11,0,0.2337305
14399,15,1,0.3884602
14400,18,0,0.8533282
14401,2,0,0.26874864
14402,15,0,0.1908156
14403,24,0,0.67523867
14404,14,1,0.48583034
14405,2,1,0.57516825
14406,16,0,0.2038263
14407,6,0,0.27999017
14408,25,0,0.55957144
14409,15,1,0.671316
14410,10,1,0.8643637
14411,16,1,0.7969621
14412,4,1,0.68003994
14413,13,1,0.45070404
14414,19,0,0.41828755
14415,25,1,0.7468808
14416,23,0,0.42365244
14417,2,0,0.31161737
14418,16,0,0.70344704
14419,22,0,0.24070758
14420,13,1,0.8615713
14421,16,0,0.1301865
14422,12,0,0.19221881
14423,20,0,0.22178228
14424,1,0,0.28327036
14425,24,0,0.63242674
14426,7,1,0.72758144
14427,8,1,0.63084924
14428,23,0,0.59747386
14429,28,1,0.68028146
14430,5,0,0.38863602
14431,21,1,0.49893367
14432,25,1,0.75568706
14433,27,0,0.57831305
14434,3,0,0.51247126
14435,22,0,0.56230205
14436,20,1,0.7733106
14437,16,1,0.7788168
14438,13,1,0.48709518
14439,13,0,0.43426389
14440,25,0,0.6664266
14441,4,1,0.49794143
14442,25,1,0.24115685
14443,13,1,0.24922784
14444,1,1,0.53812456
14445,16,1,0.696087
14446,17,1,0.33857825
14447,27,1,0.30595922
14448,26,1,0.16941819
14449,6,1,0.5117966
14450,18,0,0.404952
14451,2,0,0.39182281
14452,8,1,0.26913828
14453,12,1,0.35811403
14454,27,0,0.90439683
14455,13,0,0.20455845
14456,4,0,0.50959533
14457,2,1,0.7625303
14458,13,0,0.41259375
14459,4,1,0.26533824
14460,19,0,0.5372056
14461,27,0,0.31741485
14462,20,1,0.5999844
14463,20,1,0.7710523
14464,12,0,0.54178107
14465,13,0,0.6599904
14466,15,1,0.1971805
14467,28,0,0.37819365
14468,2,0,0.3696911
14469,17,1,0.80550563
14470,3,0,0.31629238
14471,8,0,0.7150857
14472,6,0,0.31696132
14473,8,0,0.4711058
14474,10,1,0.4294815
14475,14,0,0.15001912
14476,15,1,0.17443633
14477,16,0,0.476108
14478,16,1,0.74812204
14479,27,1,0.44635677
14480,27,1,0.66014725
14481,1,0,0.25273672
14482,9,1,0.403477
14483,9,0,0.4206858
14484,28,0,0.2196872
14485,6,1,0.48885027
14486,13,1,0.6488283
14487,2,0,0.293808
14488,18,1,0.31683943
14489,11,1,0.8482982
14490,4,1,0.48350474
14491,6,1,0.37334353
14492,28,0,0.3168694
14493,11,0,0.61288905
14494,14,1,0.35812268
14495,11,0,0.3870423
14496,17,0,0.1378757
14497,4,0,0.5069507
14498,16,0,0.6323156
14499,11,1,0.3263941
14500,16,1,0.6803828
14501,14,1,0.6525861
14502,10,1,0.76360255
14503,16,0,0.57150525
14504,2,1,0.5361221
14505,2,0,0.29613808
14506,16,0,0.7278476
14507,22,0,0.4220798
14508,13,1,0.52525747
14509,15,1,0.489487
14510,11,0,0.39540443
14511,3,0,0.39646587
14512,16,1,0.65525967
14513,13,0,0.2179307
14514,19,0,0.46885493
14515,22,1,0.76133084
14516,9,1,0.47556978
14517,11,1,0.71922034
14518,18,1,0.8155642
14519,6,0,0.18924166
14520,19,1,0.35503626
14521,18,1,0.24348569
14522,11,0,0.44045195
14523,2,0,0.47417355
14524,2,0,0.5010983
14525,27,0,0.3370959
14526,12,1,0.78613466
14527,15,0,0.40398064
14528,1,1,0.45236522
14529,13,1,0.3684382
14530,9,1,0.58077496
14531,3,0,0.30173
14532,25,0,0.39392406
14533,12,0,0.5279071
14534,13,0,0.22856545
14535,2,0,0.6254114
14536,17,1,0.71336573
14537,7,0,0.3431816
14538,9,1,0.5153231
14539,22,0,0.29984862
14540,6,1,0.5392057
14541,8,0,0.2907963
14542,25,0,0.4110951
14543,9,1,0.81747216
14544,11,1,0.5113038
14545,20,1,0.3151623
14546,16,1,0.2853028
14547,1,1,0.6676841
14548,10,0,0.8039094
14549,2,1,0.46058542
14550,12,1,0.70692986
14551,4,0,0.55081916
14552,8,0,0.2080303
14553,25,1,0.5913794
14554,6,0,0.3645594
14555,13,0,0.37979466
14556,13,0,0.49149463
14557,4,0,0.69836605
14558,1,1,0.17274567
14559,14,0,0.42696026
14560,9,1,0.4411548
14561,12,0,0.30866763
14562,10,1,0.77016234
14563,7,1,0.733165
14564,13,1,0.59261566
14565,9,0,0.36645073
14566,20,1,0.6632308
14567,3,1,0.53201216
14568,3,1,0.40236965
14569,12,1,0.5556668
14570,1,1,0.2152175
14571,22,1,0.47082046
14572,16,1,0.2976606
14573,22,0,0.9059876
14574,13,1,0.5166134
14575,4,0,0.2899526
14576,20,0,0.15033022
14577,10,1,0.34800902
14578,20,1,0.5261266
14579,4,0,0.36584935
14580,20,0,0.59344244
14581,3,0,0.4591306
14582,1,0,0.8510034
14583,13,0,0.4674713
14584,2,0,0.66391706
14585,20,1,0.7982547
14586,14,0,0.37832043
14587,26,0,0.46246508
14588,12,1,0.44056234
14589,16,0,0.6993605
14590,10,0,0.6169076
14591,6,1,0.838377
14592,10,1,0.7868191
14593,14,1,0.7213361
14594,11,0,0.3265674
14595,7,0,0.13608314
14596,17,1,0.57314366
14597,20,1,0.14492397
14598,5,0,0.16986035
14599,8,0,0.3096056
14600,13,0,0.15879638
14601,10,0,0.28633144
14602,16,0,0.19732071
14603,13,0,0.62533414
14604,2,0,0.22421467
14605,28,0,0.29600415
14606,19,1,0.23001625
14607,3,1,0.68294835
14608,12,1,0.76598036
14609,20,1,0.5253232
14610,9,1,0.6414263
14611,9,1,0.726682
14612,21,1,0.56211627
14613,10,1,0.4599112
14614,23,0,0.316713
14615,10,0,0.56274235
14616,8,0,0.38135833
14617,20,0,0.8620215
14618,12,1,0.7219744
14619,15,1,0.36936602
14620,12,0,0.2759658
14621,1,1,0.77955216
14622,2,0,0.18523042
14623,19,1,0.43934447
14624,22,0,0.3754177
14625,22,0,0.2676464
14626,26,0,0.38480565
14627,13,1,0.7882244
14628,1,0,0.2780166
14629,16,0,0.68138134
14630,8,0,0.116035506
14631,4,0,0.16638939
14632,15,0,0.6690491
14633,18,0,0.49737847
14634,25,1,0.6812815
14635,13,0,0.6282386
14636,25,1,0.6954393
14637,12,0,0.49120337
14638,24,0,0.6860042
14639,6,0,0.4885003
14640,5,1,0.6435688
14641,12,0,0.29534718
14642,22,1,0.5862625
14643,15,0,0.3045808
14644,2,1,0.8716562
14645,1,1,0.40135968
14646,2,0,0.19582216
14647,2,1,0.4187884
14648,0,1,0.85713035
14649,20,0,0.34240648
14650,3,0,0.118696995
14651,10,1,0.75488347
14652,12,0,0.424043
14653,13,1,0.36936295
14654,28,1,0.845584
14655,2,0,0.6509955
14656,27,1,0.5398039
14657,9,1,0.34996608
14658,1,0,0.26994145
14659,7,0,0.37412384
14660,22,1,0.813728
14661,1,1,0.5234022
14662,16,0,0.5136099
14663,5,1,0.71216166
14664,2,1,0.34167618
14665,6,0,0.6815448
14666,9,0,0.15638497
14667,15,1,0.286267
14668,17,0,0.26989374
14669,8,1,0.87024146
14670,12,1,0.44115117
14671,13,0,0.32053795
14672,26,0,0.54850256
14673,11,1,0.67884964
14674,15,1,0.25565663
14675,1,1,0.29410225
14676,13,1,0.49544996
14677,17,0,0.17546977
14678,7,1,0.57829005
14679,7,1,0.41360763
14680,17,0,0.16880584
14681,8,0,0.6178864
14682,16,0,0.44605076
14683,18,1,0.67929703
14684,7,0,0.7693547
14685,11,0,0.38402113
14686,20,1,0.74442685
14687,19,1,0.7752394
14688,23,0,0.5463207
14689,7,0,0.29218784
14690,25,1,0.58842456
14691,11,1,0.30190197
14692,12,1,0.19441116
14693,14,0,0.22834545
14694,16,0,0.69715244
14695,1,0,0.38735723
14696,18,1,0.40877193
14697,16,1,0.648915
14698,13,1,0.2739922
14699,4,0,0.14998285
14700,16,1,0.66520184
14701,16,0,0.31619298
14702,24,1,0.6266092
14703,28,0,0.26041937
14704,19,1,0.53174627
14705,19,1,0.7990942
14706,9,0,0.14795615
14707,26,1,0.45537516
14708,2,0,0.37666884
14709,4,0,0.6204183
14710,27,0,0.34477141
14711,12,0,0.4024751
14712,9,0,0.39493608
14713,10,0,0.7558068
14714,11,0,0.7576967
14715,8,0,0.5511083
14716,7,1,0.45802522
14717,20,1,0.8123241
14718,13,1,0.58207697
14719,19,1,0.47592542
14720,16,1,0.6228906
14721,14,0,0.62797505
14722,6,0,0.33876628
14723,22,1,0.71852803
14724,24,0,0.7757986
14725,17,0,0.17808938
14726,10,0,0.64002323
14727,19,0,0.15815689
14728,19,1,0.8408077
14729,12,0,0.43481845
14730,23,1,0.8913113
14731,13,0,0.22974476
14732,2,1,0.5709979
14733,26,0,0.3766875
14734,28,1,0.6068283
14735,21,1,0.8614172
14736,8,0,0.2793915
14737,11,1,0.6272227
14738,23,1,0.7105588
14739,4,0,0.5502517
14740,8,1,0.4344057
14741,7,0,0.37854302
14742,25,1,0.68212545
14743,19,0,0.25168148
14744,10,0,0.13506123
14745,10,0,0.38871765
14746,1,0,0.63168466
14747,2,1,0.74932677
14748,10,1,0.7908812
14749,17,0,0.2518658
14750,12,1,0.48110256
14751,28,0,0.6038345
14752,17,0,0.48919967
14753,27,0,0.6605125
14754,11,0,0.6380828
14755,1,1,0.8633813
14756,11,0,0.674466
14757,1,1,0.65159017
14758,2,1,0.6600392
14759,11,1,0.6195565
14760,8,1,0.72427684
14761,14,1,0.24114513
14762,9,0,0.5842147
14763,28,1,0.6041488
14764,22,1,0.51498294
14765,21,1,0.76844937
14766,27,0,0.55462945
14767,3,0,0.4743794
14768,23,1,0.38651913
14769,25,1,0.7893018
14770,3,0,0.28200004
14771,2,1,0.368468
14772,3,1,0.18038243
14773,26,0,0.58567524
14774,14,0,0.14357238
14775,17,0,0.41828874
14776,7,0,0.11553054
14777,14,0,0.36611637
14778,17,0,0.43886015
14779,17,0,0.3151891
14780,23,1,0.4798181
14781,25,0,0.5061203
14782,22,1,0.60923135
14783,3,0,0.4275787
14784,26,1,0.65418106
14785,7,1,0.3780779
14786,25,0,0.1818381
14787,16,0,0.72215575
14788,8,1,0.35488048
14789,24,0,0.19495049
14790,11,1,0.74179393
14791,8,1,0.8694269
14792,17,0,0.21761714
14793,6,1,0.8355105
14794,6,0,0.31191364
14795,12,0,0.3899712
14796,18,0,0.23373325
14797,16,1,0.6863002
14798,24,0,0.2628893
14799,16,0,0.61810726
14800,6,1,0.30021557
14801,5,0,0.42076927
14802,2,1,0.62717664
14803,15,1,0.5194666
14804,7,1,0.7117966
14805,20,1,0.6474905
14806,25,1,0.560792
14807,21,1,0.7611668
14808,4,0,0.5745422
14809,3,0,0.4436188
14810,15,1,0.73133963
14811,5,0,0.6464031
14812,25,1,0.6086732
14813,5,0,0.35692388
14814,15,1,0.5584506
14815,26,0,0.13476485
14816,5,0,0.26817116
14817,9,0,0.18839525
14818,28,1,0.6387959
14819,19,0,0.17825362
14820,1,0,0.90065753
14821,3,1,0.5877203
14822,11,0,0.21425067
14823,24,1,0.7447967
14824,6,0,0.12912585
14825,26,0,0.54566246
14826,13,1,0.836527
14827,16,0,0.5062753
14828,15,0,0.55956405
14829,6,0,0.24431266
14830,8,0,0.46650735
14831,11,1,0.8805937
14832,8,1,0.76279646
14833,6,1,0.28285676
14834,4,1,0.6143104
14835,14,1,0.4214509
14836,4,0,0.2943939
14837,27,0,0.38877106
14838,27,1,0.86780137
14839,19,0,0.44973305
14840,4,1,0.38335088
14841,12,0,0.23377989
14842,19,0,0.44564265
14843,16,0,0.5238408
14844,13,1,0.2399296
14845,20,0,0.29468396
14846,17,1,0.8625128
14847,21,1,0.414283
14848,11,1,0.7516739
14849,27,1,0.7801313
14850,2,0,0.2473054
14851,5,0,0.35560408
14852,17,1,0.7475686
14853,16,0,0.10475564
14854,21,0,0.22772752
14855,2,0,0.55244935
14856,1,0,0.45032707
14857,18,1,0.7566082
14858,11,1,0.7352742
14859,22,1,0.7591616
14860,13,0,0.47681803
14861,27,0,0.3213723
14862,8,1,0.3452204
14863,26,1,0.5762434
14864,8,1,0.59641355
14865,10,0,0.4113857
14866,22,0,0.178106
14867,23,0,0.7038077
14868,17,0,0.53409725
14869,8,1,0.40061784
14870,18,1,0.43510976
14871,16,0,0.3216959
14872,22,0,0.32396507
14873,12,1,0.6035609
14874,25,0,0.664368
14875,12,1,0.5185546
14876,11,1,0.79970485
14877,3,0,0.50662154
14878,26,1,0.23900056
14879,23,0,0.47199944
14880,10,1,0.16548778
14881,15,1,0.5429867
14882,13,1,0.4509662
14883,5,0,0.30978274
14884,9,0,0.7392998
14885,7,0,0.7699685
14886,25,0,0.52975553
14887,16,1,0.8860807
14888,13,1,0.20744966
14889,18,0,0.3289099
14890,2,0,0.30329576
14891,7,0,0.5080539
14892,1,0,0.19939154
14893,7,1,0.5496986
14894,9,1,0.7042312
14895,9,0,0.2975083
14896,0,1,0.49255133
14897,22,0,0.22195244
14898,10,0,0.25655833
14899,15,1,0.6225004
14900,7,1,0.82477593
14901,16,1,0.5239598
14902,26,1,0.5018019
14903,24,0,0.522261
14904,1,0,0.3156497
14905,17,1,0.5035363
14906,18,1,0.64269036
14907,10,0,0.6819244
14908,6,0,0.8455589
14909,7,0,0.37387353
14910,1,1,0.6073433
14911,22,1,0.60378313
14912,8,1,0.7860118
14913,23,1,0.9134305
14914,28,0,0.783199
14915,8,1,0.6160154
14916,15,0,0.67775214
14917,22,0,0.29268458
14918,20,0,0.5573645
14919,27,1,0.63882947
14920,2,0,0.2479922
14921,9,0,0.50242203
14922,13,0,0.13412873
14923,5,0,0.2987316
14924,18,1,0.5469775
14925,22,1,0.56493753
14926,24,1,0.719941
14927,10,1,0.6924088
14928,28,1,0.2887288
14929,14,1,0.6223879
14930,8,0,0.31216767
14931,1,0,0.44014883
14932,12,1,0.46171042
14933,4,0,0.38361135
14934,1,0,0.68976825
14935,16,0,0.37556627
14936,21,0,0.23561747
14937,15,1,0.7646021
14938,22,1,0.80949646
14939,20,1,0.62259614
14940,16,1,0.7219181
14941,8,0,0.15280704
14942,0,0,0.10506607
14943,26,0,0.43225998
14944,15,1,0.66666645
14945,9,1,0.6704438
14946,13,0,0.5495068
14947,21,1,0.46584496
14948,27,0,0.38512763
14949,4,0,0.3814297
14950,8,1,0.28415972
14951,17,0,0.105430946
14952,22,1,0.7736387
14953,12,0,0.14083384
14954,13,0,0.527752
14955,27,0,0.6455088
14956,11,0,0.11279299
14957,2,0,0.38876313
14958,13,1,0.6862137
14959,11,1,0.4599533
14960,10,1,0.0720895
14961,18,0,0.34106696
14962,16,1,0.68567616
14963,13,1,0.67883736
14964,7,1,0.48567823
14965,10,0,0.70941484
14966,28,0,0.38147748
14967,10,0,0.25960582
14968,18,1,0.5281785
14969,8,0,0.3641938
14970,12,0,0.5619673
14971,18,1,0.8608056
14972,15,0,0.5573064
14973,13,0,0.21106988
14974,25,0,0.3094425
14975,12,1,0.887261
14976,17,1,0.19476609
14977,1,1,0.43505818
14978,14,0,0.5724556
14979,2,1,0.54429495
14980,20,0,0.69631916
14981,4,1,0.6658253
14982,16,0,0.27759972
14983,8,0,0.3184604
14984,1,1,0.50413454
14985,6,1,0.70870113
14986,4,1,0.24522734
14987,20,0,0.3116128
14988,15,0,0.30879167
14989,5,1,0.6649221
14990,28,0,0.55709165
14991,15,1,0.7503277
14992,16,1,0.71244645
14993,19,0,0.28603834
14994,21,0,0.42323732
14995,17,1,0.4132609
14996,10,0,0.63906205
14997,21,0,0.16686808
14998,16,0,0.4174053
14999,1,0,0.15321769
15000,12,1,0.83548385
15001,15,0,0.36779612
15002,15,1,0.71707326
15003,1,1,0.4241286
15004,21,0,0.6209202
15005,26,0,0.36549234
15006,15,1,0.821585
15007,4,0,0.25336292
15008,0,1,0.7506574
15009,6,1,0.17832178
15010,10,0,0.37652153
15011,2,0,0.24813296
15012,16,0,0.16931729
15013,25,0,0.28308016
15014,2,1,0.71726316
15015,21,0,0.43520123
15016,11,0,0.6278589
15017,15,0,0.3613918
15018,23,0,0.24605207
15019,22,0,0.52638423
15020,16,1,0.53198254
15021,24,1,0.44036278
15022,26,0,0.5113102
15023,1,0,0.25028795
15024,8,0,0.5247473
15025,27,1,0.4755478
15026,1,0,0.20041831
15027,20,0,0.12271918
15028,19,0,0.24465856
15029,5,1,0.7990021
15030,5,1,0.42523536
15031,13,0,0.2056306
15032,12,0,0.17047217
15033,15,1,0.31852278
15034,20,1,0.6131696
15035,26,1,0.3412528
15036,20,0,0.36466274
15037,15,0,0.34645998
15038,22,1,0.47573712
15039,11,1,0.445375
15040,28,1,0.5126271
15041,12,0,0.21591507
15042,13,1,0.32343176
15043,15,1,0.59072614
15044,16,0,0.10056985
15045,22,1,0.57437766
15046,10,0,0.3033586
15047,13,0,0.5268926
15048,8,0,0.5386162
15049,11,1,0.5917603
15050,12,1,0.24553365
15051,2,1,0.31811753
15052,16,0,0.70236194
15053,13,1,0.46156353
15054,2,0,0.2418325
15055,16,0,0.396349
15056,15,0,0.33173367
15057,16,0,0.15844527
15058,2,1,0.8855429
15059,1,1,0.2949255
15060,9,1,0.7286746
15061,12,0,0.4973989
15062,2,0,0.5543165
15063,12,1,0.7696757
15064,23,1,0.7675742
15065,28,1,0.5215923
15066,4,0,0.62265015
15067,1,0,0.41023272
15068,10,0,0.1778104
15069,20,0,0.29052314
15070,21,1,0.18530276
15071,15,1,0.25048226
15072,13,0,0.3233172
15073,12,0,0.284846
15074,3,1,0.8197012
15075,22,0,0.5968427
15076,17,0,0.3026702
15077,21,1,0.83951926
15078,8,1,0.6129941
15079,12,1,0.45861205
15080,6,1,0.73766506
15081,9,1,0.41865316
15082,1,1,0.30755195
15083,0,1,0.25933206
15084,17,1,0.107526176
15085,23,0,0.692068
15086,15,0,0.3709272
15087,1,1,0.48882622
15088,20,0,0.2612819
15089,8,1,0.82391757
15090,26,0,0.6699199
15091,8,1,0.81549406
15092,9,0,0.5001768
15093,10,0,0.55407864
15094,26,0,0.5687174
15095,1,1,0.7816673
15096,8,0,0.1410868
15097,9,0,0.66599333
15098,14,0,0.43941757
15099,19,1,0.9029935
15100,28,1,0.65977573
15101,19,0,0.18635848
15102,14,1,0.37712106
15103,4,1,0.86818004
15104,8,0,0.33395368
15105,28,0,0.5047117
15106,13,1,0.38071316
15107,15,1,0.40686882
15108,7,1,0.30582553
15109,16,0,0.34987405
15110,1,1,0.7005812
15111,8,1,0.43858507
15112,18,1,0.6131604
15113,26,0,0.123312876
15114,8,0,0.47530884
15115,20,0,0.11904481
15116,6,0,0.32215533
15117,1,1,0.5610051
15118,1,0,0.26555705
15119,2,0,0.7332833
15120,1,0,0.46157232
15121,7,1,0.4851996
15122,12,0,0.36703762
15123,9,0,0.52054393
15124,4,1,0.6569219
15125,25,0,0.21134982
15126,26,1,0.6236698
15127,6,1,0.20085876
15128,21,1,0.60565233
15129,25,0,0.22968926
15130,15,1,0.8630738
15131,11,1,0.46249604
15132,13,1,0.5401351
15133,15,0,0.5725725
15134,8,1,0.57505834
15135,13,1,0.8050015
15136,16,0,0.4188318
15137,25,0,0.4861241
15138,20,0,0.16400346
15139,2,0,0.8729443
15140,23,1,0.642771
15141,24,1,0.54734546
15142,10,1,0.6989002
15143,12,1,0.17228347
15144,14,1,0.5203876
15145,16,0,0.2622598
15146,28,0,0.1487889
15147,15,1,0.79993236
15148,9,0,0.41508767
15149,24,0,0.20609409
15150,8,1,0.6859494
15151,8,1,0.46467403
15152,1,1,0.520724
15153,24,0,0.5108972
15154,4,0,0.2876702
15155,20,0,0.5179281
15156,13,0,0.3656608
15157,0,0,0.36848986
15158,24,0,0.37909958
15159,21,0,0.19268398
15160,3,1,0.3788623
15161,13,0,0.2773032
15162,16,1,0.4713433
15163,9,1,0.53350616
15164,25,1,0.6632201
15165,9,1,0.8320394
15166,28,1,0.85178936
15167,8,1,0.58613163
15168,16,0,0.4610252
15169,15,1,0.5746116
15170,8,1,0.7566394
15171,20,0,0.20934562
15172,28,1,0.5895873
15173,19,1,0.38699296
15174,5,1,0.5446065
15175,20,0,0.5362098
15176,10,1,0.40578404
15177,26,0,0.33456108
15178,2,1,0.14433636
15179,26,0,0.48559898
15180,1,0,0.46493858
15181,16,1,0.37830803
15182,16,0,0.1804272
15183,15,0,0.16142002
15184,23,0,0.58130705
15185,26,1,0.5415055
15186,7,1,0.8136879
15187,8,0,0.2799301
15188,2,1,0.54858375
15189,8,1,0.71396387
15190,16,0,0.22855967
15191,14,0,0.35392582
15192,7,1,0.8078592
15193,15,1,0.5488927
15194,28,0,0.54755706
15195,20,0,0.11052583
15196,28,0,0.28164557
15197,9,0,0.6118031
15198,1,1,0.50936157
15199,21,0,0.562108
15200,6,1,0.70973194
15201,7,0,0.5898731
15202,25,0,0.26351577
15203,2,0,0.29513744
15204,28,1,0.8247079
15205,12,1,0.47940865
15206,14,0,0.20609899
15207,14,0,0.18129694
15208,6,1,0.8496056
15209,27,1,0.3303227
15210,4,0,0.37165543
15211,1,1,0.52657706
15212,27,0,0.3492755
15213,20,1,0.654627
15214,10,1,0.80651194
15215,15,1,0.5464825
15216,11,1,0.7433142
15217,2,1,0.74162054
15218,6,0,0.5840407
15219,16,0,0.45173943
15220,7,0,0.25461
15221,25,1,0.787582
15222,4,0,0.113846675
15223,25,1,0.8888774
15224,13,1,0.8569283
15225,10,1,0.81568694
15226,16,1,0.43928596
15227,16,1,0.7496763
15228,6,0,0.18467596
15229,19,0,0.13195994
15230,16,0,0.75270617
15231,2,1,0.22688586
15232,20,0,0.29075253
15233,11,1,0.33809233
15234,17,0,0.4372186
15235,3,0,0.29094625
15236,16,0,0.3888308
15237,17,0,0.23673376
15238,22,1,0.491726
15239,18,0,0.23012969
15240,8,0,0.5445542
15241,26,1,0.14095691
15242,2,0,0.14891031
15243,4,0,0.3243306
15244,5,1,0.4529448
15245,16,0,0.17594407
15246,28,0,0.28533092
15247,10,1,0.864647
15248,13,0,0.6051965
15249,12,0,0.3151238
15250,8,0,0.30533704
15251,10,1,0.75777966
15252,8,0,0.28656736
15253,10,1,0.66984373
15254,22,0,0.14065422
15255,14,1,0.84233254
15256,26,1,0.7406157
15257,2,0,0.23539516
15258,2,0,0.28013107
15259,8,0,0.41347706
15260,2,0,0.43453875
15261,7,1,0.19587141
15262,17,1,0.26545626
15263,25,0,0.32573593
15264,8,0,0.18869048
15265,27,1,0.76890266
15266,14,0,0.50466293
15267,6,1,0.3581426
15268,22,1,0.7832995
15269,7,1,0.7810555
15270,22,1,0.3743008
15271,6,0,0.87931794
15272,8,0,0.23450506
15273,17,1,0.41063792
15274,28,1,0.7537428
15275,8,1,0.6718472
15276,13,0,0.15385889
15277,9,1,0.33353418
15278,0,0,0.27292383
15279,23,0,0.2433213
15280,13,0,0.18921767
15281,12,0,0.2579755
15282,26,0,0.33883503
15283,14,1,0.85213405
15284,7,0,0.4653095
15285,23,0,0.27824515
15286,10,1,0.38245177
15287,11,1,0.4037271
15288,2,0,0.72637093
15289,8,0,0.73922455
15290,25,1,0.559222
15291,16,0,0.18670774
15292,13,1,0.4491985
15293,10,0,0.59617186
15294,7,0,0.37002698
15295,18,0,0.44650826
15296,20,0,0.66586006
15297,21,1,0.70255995
15298,13,0,0.76454544
15299,12,0,0.20663156
15300,27,0,0.4101246
15301,21,1,0.82742846
15302,20,0,0.42861468
15303,25,0,0.62292653
15304,18,0,0.21809116
15305,14,1,0.5335681
15306,11,1,0.4607496
15307,21,0,0.20637669
15308,20,0,0.26535106
15309,26,0,0.39040527
15310,16,0,0.15823974
15311,12,0,0.18331501
15312,6,1,0.65551394
15313,23,0,0.4513246
15314,10,1,0.76070476
15315,0,0,0.4942121
15316,10,0,0.31559178
15317,10,0,0.37572482
15318,11,1,0.7864282
15319,26,1,0.8172159
15320,9,1,0.7264668
15321,20,1,0.73610246
15322,11,1,0.42491752
15323,14,1,0.12984262
15324,6,0,0.48788843
15325,25,0,0.42139634
15326,6,1,0.7826962
15327,15,0,0.39779904
15328,25,1,0.55285513
15329,13,0,0.8186161
15330,25,1,0.49993074
15331,23,1,0.48877177
15332,26,0,0.68734616
15333,14,0,0.6112556
15334,24,1,0.47519284
15335,15,0,0.30044523
15336,2,1,0.48646075
15337,25,1,0.28595614
15338,22,0,0.19238645
15339,26,1,0.87811613
15340,1,1,0.46434444
15341,23,0,0.32968086
15342,8,1,0.82871306
15343,13,0,0.26439205
15344,17,1,0.66015476
15345,19,1,0.5409341
15346,15,1,0.9230761
15347,22,1,0.1667036
15348,6,0,0.18245038
15349,5,0,0.29171818
15350,4,0,0.27499446
15351,2,1,0.3051256
15352,19,1,0.7860229
15353,2,0,0.46001878
15354,10,1,0.6127848
15355,2,1,0.35965598
15356,11,1,0.50169855
15357,11,0,0.094811276
15358,9,0,0.094131604
15359,9,1,0.6459292
15360,23,0,0.15784153
15361,4,0,0.1361463
15362,16,0,0.47879297
15363,2,0,0.54258156
15364,9,0,0.3092331
15365,18,0,0.2935451
15366,11,1,0.8205767
15367,11,0,0.38765216
15368,6,1,0.8062471
15369,0,1,0.6636667
15370,16,1,0.7852149
15371,17,1,0.62543035
15372,24,0,0.5205134
15373,10,0,0.21192606
15374,22,1,0.2561328
15375,17,1,0.6953882
15376,8,0,0.2642198
15377,16,0,0.3834866
15378,21,0,0.53609604
15379,23,1,0.43596905
15380,25,1,0.22617373
15381,20,1,0.78344786
15382,26,1,0.67082995
15383,0,0,0.5971804
15384,17,0,0.6240764
15385,16,1,0.30148804
15386,22,1,0.78630793
15387,10,0,0.22336376
15388,11,1,0.79766786
15389,13,1,0.5864922
15390,25,1,0.86783946
15391,13,0,0.26281345
15392,13,0,0.37263298
15393,1,1,0.25057298
15394,2,1,0.62001246
15395,12,0,0.18363431
15396,2,0,0.57710665
15397,1,1,0.8587824
15398,25,1,0.8651612
15399,17,0,0.2347968
15400,16,0,0.25796315
15401,17,1,0.5488363
15402,16,1,0.6257619
15403,8,0,0.19853239
15404,2,0,0.25138062
15405,14,1,0.15628023
15406,13,1,0.52751267
15407,14,1,0.14689285
15408,16,0,0.71749073
15409,1,1,0.9061046
15410,13,1,0.4490031
15411,4,1,0.477236
15412,3,0,0.5393285
15413,10,1,0.9323542
15414,26,0,0.45374456
15415,3,0,0.16853815
15416,14,0,0.3721282
15417,8,1,0.30182478
15418,9,0,0.35788536
15419,23,1,0.6979095
15420,16,0,0.5075932
15421,25,1,0.8124574
15422,6,0,0.33134484
15423,20,0,0.24673218
15424,23,0,0.1757379
15425,27,1,0.5716707
15426,2,1,0.17685886
15427,20,1,0.262149
15428,0,0,0.22398308
15429,21,1,0.48640805
15430,25,1,0.90104574
15431,18,0,0.16437654
15432,11,1,0.6180201
15433,18,0,0.7485543
15434,16,0,0.22412433
15435,1,0,0.24014388
15436,16,0,0.250537
15437,23,0,0.64307684
15438,17,0,0.32202038
15439,8,0,0.79093117
15440,15,0,0.21208645
15441,13,0,0.25576687
15442,10,1,0.6551381
15443,15,1,0.8428038
15444,27,0,0.19601357
15445,12,1,0.4575443
15446,26,0,0.6641508
15447,12,1,0.64353186
15448,11,1,0.54814154
15449,27,0,0.17981729
15450,27,0,0.13661018
15451,12,0,0.65924233
15452,27,1,0.3125936
15453,8,1,0.72970253
15454,4,1,0.4876542
15455,9,0,0.39706206
15456,27,0,0.090715796
15457,28,0,0.48138306
15458,18,0,0.49495757
15459,26,1,0.52618295
15460,17,1,0.49828643
15461,28,1,0.48993018
15462,9,0,0.39705116
15463,10,0,0.1699575
15464,7,0,0.29268005
15465,2,1,0.8764238
15466,2,0,0.51426095
15467,6,0,0.19430351
15468,13,0,0.20796365
15469,8,1,0.6161404
15470,26,1,0.1843888
15471,7,1,0.3922721
15472,18,0,0.3342175
15473,24,0,0.21027717
15474,17,1,0.82175565
15475,9,0,0.45242524
15476,24,0,0.62599295
15477,22,1,0.48880634
15478,1,0,0.28347576
15479,16,0,0.36775017
15480,20,1,0.9228214
15481,20,0,0.84140885
15482,21,1,0.58459944
15483,8,1,0.83445996
15484,22,0,0.3713911
15485,3,0,0.17778163
15486,12,1,0.3259532
15487,25,1,0.62782675
15488,8,0,0.5372405
15489,21,0,0.4612086
15490,9,1,0.8247222
15491,12,1,0.7399889
15492,25,1,0.745797
15493,26,0,0.20647186
15494,15,0,0.49724144
15495,13,1,0.5664389
15496,7,0,0.2661945
15497,7,0,0.31395715
15498,12,1,0.5541698
15499,23,0,0.3951504
15500,12,1,0.29490095
15501,22,1,0.4115572
15502,1,1,0.690422
15503,27,1,0.3774176
15504,23,1,0.87603754
15505,16,0,0.2903141
15506,18,0,0.19728194
15507,27,1,0.4491608
15508,22,1,0.6507676
15509,13,1,0.3764388
15510,16,0,0.5279718
15511,19,0,0.25946462
15512,6,1,0.824896
15513,1,1,0.9414994
15514,9,0,0.5268399
15515,15,0,0.31099766
15516,28,0,0.19912879
15517,14,1,0.5610944
15518,16,0,0.27538836
15519,16,1,0.42402667
15520,10,1,0.24074496
15521,12,1,0.7083107
15522,4,1,0.33265167
15523,11,1,0.7925716
15524,23,0,0.39378476
15525,2,0,0.49829412
15526,2,0,0.48680082
15527,5,0,0.22135337
15528,15,0,0.23288117
15529,10,0,0.5163019
15530,23,0,0.6465335
15531,16,0,0.21928844
15532,4,0,0.06305834
15533,13,1,0.80724
15534,28,1,0.65059996
15535,7,0,0.4860931
15536,17,1,0.45193258
15537,5,1,0.31543502
15538,26,0,0.12142961
15539,16,1,0.2051152
15540,16,0,0.25696784
15541,20,1,0.90059245
15542,7,1,0.5582508
15543,1,1,0.4373213
15544,11,0,0.33282802
15545,25,1,0.48017305
15546,2,1,0.4714731
15547,6,0,0.28910604
15548,14,0,0.30886772
15549,2,1,0.7046116
15550,27,0,0.24225171
15551,9,1,0.3891374
15552,12,0,0.18771005
15553,14,1,0.60867804
15554,12,1,0.5969337
15555,4,1,0.47536153
15556,25,0,0.45212266
15557,8,1,0.46710178
15558,9,1,0.89327526
15559,2,0,0.1266441
15560,3,0,0.40515596
15561,16,0,0.28163868
15562,14,0,0.59328175
15563,27,0,0.19744945
15564,9,1,0.36784735
15565,13,0,0.22287603
15566,15,0,0.83708537
15567,13,1,0.80331504
15568,13,1,0.31176636
15569,4,1,0.4244661
15570,17,1,0.24040264
15571,18,0,0.3231404
15572,24,1,0.7340607
15573,8,0,0.33553696
15574,27,0,0.24553318
15575,3,1,0.90560555
15576,21,1,0.81372017
15577,26,0,0.45395228
15578,21,1,0.83483756
15579,17,1,0.81213224
15580,16,1,0.71704006
15581,2,0,0.31581923
15582,13,0,0.12556112
15583,8,0,0.3219059
15584,0,0,0.17440286
15585,17,0,0.8564144
15586,8,0,0.5213746
15587,16,0,0.11926679
15588,18,1,0.85492265
15589,2,1,0.78914917
15590,20,1,0.28084308
15591,24,1,0.65634227
15592,13,1,0.5478215
15593,17,0,0.3942619
15594,12,1,0.49034533
15595,17,0,0.32394847
15596,0,1,0.30703107
15597,25,0,0.4610847
15598,8,1,0.58869797
15599,17,0,0.35357898
15600,17,0,0.51310444
15601,28,0,0.8679163
15602,25,1,0.6285468
15603,26,0,0.38238484
15604,26,1,0.16729273
15605,16,1,0.6631044
15606,2,1,0.7551447
15607,13,1,0.56104255
15608,10,1,0.4164199
15609,20,1,0.78647804
15610,25,1,0.38158733
15611,14,0,0.19610639
15612,13,1,0.6374846
15613,21,1,0.68380827
15614,15,0,0.34309083
15615,12,0,0.23702718
15616,4,1,0.90018445
15617,2,0,0.3859924
15618,24,0,0.2949163
15619,28,0,0.37748238
15620,19,0,0.8183285
15621,5,0,0.5619131
15622,13,0,0.6194864
15623,8,0,0.23901412
15624,4,1,0.6939076
15625,8,0,0.44494393
15626,11,1,0.23029822
15627,2,1,0.2829272
15628,1,1,0.50299835
15629,8,0,0.16526012
15630,8,0,0.46965376
15631,7,0,0.33527395
15632,0,1,0.21587537
15633,21,0,0.27179334
15634,17,0,0.20958064
15635,27,1,0.53061503
15636,16,0,0.59271693
15637,16,1,0.41693062
15638,4,0,0.3727231
15639,16,1,0.34734085
15640,8,1,0.83017904
15641,0,0,0.33663252
15642,4,0,0.2109865
15643,2,0,0.39581272
15644,8,0,0.15106232
15645,14,1,0.37952143
15646,17,0,0.21868286
15647,6,1,0.48623174
15648,7,1,0.36822602
15649,17,1,0.420227
15650,26,0,0.21654744
15651,16,0,0.58203894
15652,24,1,0.14161903
15653,14,1,0.44184214
15654,23,0,0.14203079
15655,14,0,0.3378953
15656,11,0,0.25758526
15657,13,0,0.36162972
15658,2,1,0.78887165
15659,13,0,0.42714915
15660,21,0,0.1635432
15661,26,0,0.08601735
15662,10,1,0.40351412
15663,24,0,0.435612
15664,27,1,0.7679038
15665,28,1,0.30101007
15666,12,0,0.16993992
15667,1,1,0.37139004
15668,22,1,0.46906456
15669,23,1,0.7107195
15670,27,1,0.08261335
15671,10,1,0.26596418
15672,22,0,0.6131956
15673,20,0,0.5714993
15674,14,0,0.18224725
15675,15,0,0.8511038
15676,1,1,0.83932674
15677,28,0,0.28627855
15678,18,1,0.46930847
15679,1,0,0.5807438
15680,18,0,0.18550941
15681,13,0,0.45679176
15682,26,1,0.79698384
15683,2,0,0.36515075
15684,17,0,0.19762826
15685,1,1,0.38051745
15686,8,0,0.26328263
15687,7,0,0.82802665
15688,10,1,0.69555914
15689,18,1,0.5333163
15690,3,1,0.6393389
15691,8,1,0.73907036
15692,23,0,0.19779609
15693,20,0,0.54869413
15694,10,0,0.2673514
15695,6,1,0.9063362
15696,5,0,0.64345944
15697,1,1,0.8551464
15698,25,1,0.3563185
15699,13,0,0.5954227
15700,13,0,0.38400498
15701,26,1,0.20548713
15702,10,0,0.58476627
15703,2,1,0.37384972
15704,26,1,0.3410025
15705,26,1,0.58300704
15706,3,1,0.82699335
15707,25,1,0.636396
15708,15,0,0.3740912
15709,6,1,0.5393054
15710,10,0,0.61277056
15711,8,1,0.8468281
15712,4,0,0.15771352
15713,2,0,0.45578966
15714,9,1,0.47653735
15715,18,0,0.7510648
15716,8,0,0.25018513
15717,4,0,0.790602
15718,1,1,0.7917149
15719,12,0,0.30351657
15720,20,0,0.25652733
15721,6,1,0.8509131
15722,28,1,0.58897877
15723,16,0,0.3348194
15724,17,1,0.50289464
15725,10,1,0.51058036
15726,16,1,0.73623794
15727,16,1,0.66723365
15728,16,0,0.23604843
15729,7,1,0.6616833
15730,10,1,0.41141355
15731,17,0,0.2087839
15732,8,1,0.4783054
15733,13,0,0.2493354
15734,13,1,0.9393365
15735,21,0,0.401728
15736,14,1,0.791593
15737,0,1,0.4465829
15738,15,0,0.604605
15739,21,1,0.24950579
15740,17,1,0.70531875
15741,8,1,0.6010638
15742,10,0,0.15917158
15743,8,0,0.38437423
15744,28,0,0.26315358
15745,25,0,0.5098069
15746,6,1,0.73883903
15747,16,1,0.91276956
15748,15,0,0.3844814
15749,18,1,0.77318037
15750,26,0,0.39505652
15751,6,0,0.21622433
15752,25,1,0.6685951
15753,0,1,0.927172
15754,1,1,0.287045
15755,24,0,0.35803166
15756,4,0,0.67324585
15757,20,1,0.73811984
15758,26,1,0.60125387
15759,10,1,0.69307625
15760,12,0,0.27875236
15761,15,1,0.886963
15762,1,1,0.15376303
15763,18,0,0.16352
15764,14,1,0.6883091
15765,18,1,0.15368709
15766,16,0,0.19927754
15767,2,1,0.39497676
15768,17,0,0.54145813
15769,0,0,0.3395772
15770,11,0,0.42921785
15771,20,1,0.115079746
15772,25,0,0.2152876
15773,20,1,0.80561197
15774,2,0,0.24808866
15775,15,0,0.48730507
15776,6,1,0.5341772
15777,16,0,0.6987957
15778,13,1,0.6762133
15779,8,1,0.8349937
15780,15,0,0.5281194
15781,19,1,0.4398941
15782,13,0,0.563308
15783,13,0,0.12237062
15784,8,1,0.8289509
15785,17,1,0.8976144
15786,19,1,0.48688048
15787,23,0,0.37876606
15788,20,1,0.6956601
15789,14,0,0.2385223
15790,10,0,0.3651784
15791,1,1,0.5196726
15792,8,1,0.7362228
15793,17,1,0.7097052
15794,23,1,0.7670572
15795,26,1,0.5766795
15796,20,0,0.5353892
15797,13,0,0.30728486
15798,13,1,0.18000516
15799,17,0,0.10880945
15800,2,0,0.2784971
15801,13,1,0.33424222
15802,8,0,0.34384957
15803,17,1,0.5641263
15804,22,1,0.7997399
15805,22,1,0.38143814
15806,18,1,0.15010361
15807,22,1,0.50991786
15808,17,0,0.5408338
15809,10,1,0.72024417
15810,13,1,0.44075984
15811,11,1,0.14736448
15812,10,0,0.24789898
15813,17,0,0.26691645
15814,19,0,0.27104148
15815,13,0,0.22950761
15816,1,0,0.3200758
15817,22,0,0.8171183
15818,14,1,0.7009108
15819,26,0,0.15184928
15820,12,0,0.75850743
15821,0,1,0.34432614
15822,14,0,0.6277636
15823,18,1,0.7358311
15824,9,0,0.21225421
15825,14,0,0.2187204
15826,20,1,0.4261031
15827,15,0,0.40558
15828,9,0,0.9487245
15829,13,1,0.58733076
15830,25,0,0.5739605
15831,26,1,0.50069636
15832,1,1,0.50740933
15833,14,0,0.5489569
15834,2,0,0.31224605
15835,8,1,0.4507376
15836,27,0,0.67765456
15837,17,1,0.71087176
15838,11,0,0.4878189
15839,22,0,0.6012365
15840,25,0,0.7055153
15841,16,0,0.4076
15842,16,0,0.18776797
15843,15,1,0.67218906
15844,8,1,0.43652576
15845,8,0,0.35444504
15846,28,0,0.3171372
15847,25,1,0.3746194
15848,15,1,0.73116004
15849,12,1,0.8832582
15850,22,1,0.888124
15851,14,0,0.40802664
15852,8,1,0.8542242
15853,22,0,0.18972419
15854,23,1,0.7755521
15855,11,0,0.5790173
15856,7,1,0.5539115
15857,4,0,0.15209237
15858,13,0,0.36909804
15859,28,1,0.7987263
15860,25,1,0.86226374
15861,16,0,0.15338527
15862,28,1,0.559497
15863,10,1,0.69716096
15864,16,1,0.88262105
15865,25,0,0.26911756
15866,13,0,0.38544276
15867,26,1,0.88871807
15868,22,1,0.64284515
15869,16,1,0.18028748
15870,3,1,0.7102646
15871,13,1,0.7781998
15872,13,0,0.46363294
15873,26,1,0.748693
15874,0,1,0.83184683
15875,13,0,0.29935765
15876,24,0,0.5656069
15877,16,0,0.14624539
15878,18,0,0.32314023
15879,18,1,0.8611467
15880,11,1,0.7687465
15881,5,1,0.45960993
15882,26,0,0.24783047
15883,16,0,0.9185979
15884,13,0,0.85604227
15885,21,1,0.74108857
15886,26,0,0.52674466
15887,18,0,0.47719395
15888,13,0,0.57584864
15889,25,1,0.5588307
15890,16,0,0.33389837
15891,15,0,0.83505976
15892,1,1,0.6609055
15893,26,1,0.5432341
15894,17,1,0.6116215
15895,11,0,0.23817724
15896,1,1,0.8479001
15897,21,1,0.6064293
15898,23,1,0.5363736
15899,2,1,0.8504284
15900,27,0,0.7731022
15901,25,1,0.8402351
15902,15,0,0.31246138
15903,3,0,0.35129154
15904,0,0,0.6044879
15905,8,1,0.32551607
15906,23,1,0.7546416
15907,15,1,0.55506444
15908,14,1,0.51828295
15909,23,0,0.28567225
15910,23,1,0.82096314
15911,11,1,0.2842883
15912,11,1,0.43793458
15913,26,0,0.22262387
15914,8,1,0.883967
15915,18,1,0.68072003
15916,9,1,0.2825196
15917,17,0,0.35218132
15918,8,0,0.08130549
15919,10,1,0.54561377
15920,16,0,0.39063123
15921,27,0,0.6820326
15922,15,0,0.5122549
15923,12,0,0.19526353
15924,20,0,0.82011336
15925,14,1,0.48837778
15926,12,1,0.47835475
15927,6,0,0.5118607
15928,17,1,0.5058807
15929,18,1,0.37095726
15930,16,1,0.5038096
15931,19,0,0.3975214
15932,1,1,0.8274527
15933,13,1,0.7964831
15934,28,1,0.6322753
15935,22,1,0.84384114
15936,23,0,0.08789761
15937,10,0,0.1929412
15938,3,1,0.72718406
15939,28,1,0.2104578
15940,24,0,0.28992057
15941,13,1,0.70684874
15942,10,1,0.61655366
15943,27,0,0.28964683
15944,6,1,0.5796814
15945,11,1,0.3342403
15946,13,0,0.07568342
15947,1,1,0.5429069
15948,8,1,0.504384
15949,8,1,0.6116504
15950,2,0,0.48743233
15951,13,1,0.16921145
15952,12,0,0.24805175
15953,17,1,0.82073027
15954,8,0,0.43173116
15955,16,1,0.597416
15956,1,1,0.5373031
15957,7,0,0.2550571
15958,23,1,0.6549374
15959,13,0,0.44414723
15960,17,0,0.19377965
15961,16,1,0.25393882
15962,10,0,0.7621683
15963,21,1,0.9098899
15964,8,0,0.56582755
15965,27,0,0.55550563
15966,13,1,0.3971372
15967,9,0,0.45786557
15968,18,0,0.4239629
15969,10,1,0.5354067
15970,13,1,0.41018668
15971,25,1,0.795658
15972,6,0,0.41027302
15973,6,1,0.58996564
15974,16,0,0.4199524
15975,12,0,0.614176
15976,13,0,0.54918027
15977,18,1,0.6790569
15978,22,1,0.8372682
15979,13,1,0.2632247
15980,25,1,0.46071678
15981,11,1,0.3744603
15982,1,1,0.62990516
15983,2,0,0.5926744
15984,7,0,0.35571688
15985,6,0,0.5075752
15986,8,0,0.27896428
15987,12,1,0.81595635
15988,2,0,0.20151167
15989,9,0,0.40841153
15990,20,1,0.2868696
15991,2,1,0.78402644
15992,8,1,0.20169201
15993,24,0,0.49962026
15994,17,1,0.45453122
15995,13,1,0.76732457
15996,14,0,0.22079165
15997,6,1,0.346551
15998,6,1,0.58871317
15999,15,0,0.75993764
16000,26,1,0.35650653
16001,22,1,0.58911824
16002,20,0,0.7253366
16003,13,1,0.45140195
16004,16,1,0.68249756
16005,8,1,0.47599804
16006,2,1,0.6296626
16007,23,1,0.897407
16008,6,0,0.111027546
16009,18,0,0.112156525
16010,12,0,0.34011325
16011,15,0,0.2632472
16012,5,0,0.6979946
16013,2,1,0.5749819
16014,1,0,0.67061853
16015,13,1,0.15692227
16016,27,0,0.098546706
16017,15,1,0.7439324
16018,26,1,0.8197024
16019,13,0,0.22518341
16020,20,1,0.6416144
16021,13,0,0.20255655
16022,16,0,0.5112843
16023,13,1,0.80855167
16024,17,1,0.86360335
16025,4,0,0.793229
16026,10,0,0.45394197
16027,25,1,0.7875949
16028,23,0,0.24289007
16029,6,0,0.6405656
16030,1,1,0.9433036
16031,13,0,0.182048
16032,8,1,0.85931623
16033,3,0,0.2573144
16034,6,1,0.57556564
16035,18,1,0.73743147
16036,15,1,0.77478486
16037,13,1,0.6714867
16038,13,1,0.2145078
16039,6,1,0.24539284
16040,9,1,0.7242128
16041,26,0,0.29315168
16042,15,1,0.6974117
16043,12,1,0.51877815
16044,26,1,0.3012886
16045,22,1,0.49693614
16046,4,1,0.6482261
16047,13,1,0.8085061
16048,15,1,0.71320313
16049,8,1,0.4661268
16050,17,0,0.32458365
16051,8,0,0.4249636
16052,14,0,0.5383141
16053,13,0,0.43252403
16054,11,0,0.47845337
16055,13,0,0.42745999
16056,11,0,0.2608181
16057,22,0,0.42298722
16058,1,1,0.33721438
16059,3,0,0.42413884
16060,23,1,0.62406045
16061,15,0,0.38383037
16062,11,1,0.81869894
16063,27,1,0.47526705
16064,10,0,0.37070978
16065,22,0,0.12855883
16066,15,0,0.25779587
16067,4,0,0.1914389
16068,1,1,0.4481794
16069,15,1,0.6064257
16070,11,0,0.4238148
16071,28,0,0.43691903
16072,4,1,0.22538766
16073,25,1,0.59058577
16074,0,0,0.38410953
16075,1,1,0.8570637
16076,12,0,0.6954287
16077,26,0,0.2572093
16078,23,1,0.7540279
16079,15,1,0.7334566
16080,18,0,0.78237337
16081,25,0,0.35078126
16082,18,0,0.31125075
16083,6,1,0.43875492
16084,7,0,0.53597224
16085,16,0,0.23724882
16086,7,1,0.41768944
16087,15,0,0.510283
16088,1,0,0.46920887
16089,25,1,0.5823958
16090,17,1,0.88592637
16091,24,0,0.5051767
16092,10,1,0.66339266
16093,7,0,0.34840345
16094,7,0,0.8595944
16095,20,1,0.56878257
16096,13,0,0.5179497
16097,27,1,0.4037655
16098,15,1,0.93394166
16099,11,1,0.42479867
16100,28,1,0.28354773
16101,28,1,0.8532011
16102,28,1,0.69035023
16103,26,1,0.54052866
16104,0,1,0.22536987
16105,28,0,0.28178743
16106,8,0,0.28575188
16107,18,0,0.52742547
16108,28,1,0.95658547
16109,14,1,0.5672335
16110,15,1,0.5876333
16111,12,1,0.39802465
16112,23,0,0.31844378
16113,17,1,0.5850586
16114,14,1,0.87033635
16115,8,0,0.34184358
16116,17,1,0.87370646
16117,8,0,0.7456557
16118,8,1,0.6798299
16119,0,0,0.21067709
16120,15,0,0.24156259
16121,11,1,0.6066289
16122,11,0,0.581893
16123,20,1,0.8393817
16124,5,1,0.7973509
16125,1,1,0.5170083
16126,28,0,0.5627057
16127,2,1,0.7343463
16128,15,0,0.34096655
16129,8,0,0.28233835
16130,22,1,0.8000926
16131,28,1,0.3524672
16132,1,0,0.41570526
16133,23,1,0.46459848
16134,13,0,0.30719966
16135,26,0,0.498305
16136,27,1,0.53724885
16137,8,1,0.56220216
16138,2,0,0.6029641
16139,4,0,0.15963703
16140,26,1,0.29215136
16141,25,0,0.39507294
16142,14,1,0.5788252
16143,12,1,0.27196217
16144,23,0,0.42568654
16145,6,0,0.455027
16146,15,0,0.2742516
16147,0,1,0.5440781
16148,13,0,0.52038693
16149,6,1,0.81395805
16150,9,0,0.38038513
16151,1,0,0.5792648
16152,15,1,0.67345005
16153,1,0,0.8044147
16154,11,0,0.33225143
16155,19,1,0.68524194
16156,13,1,0.72982794
16157,15,1,0.7091687
16158,27,1,0.5298184
16159,6,0,0.64857787
16160,25,1,0.5917977
16161,16,0,0.46011737
16162,10,0,0.5960204
16163,16,1,0.60902995
16164,3,0,0.63987744
16165,28,0,0.40427977
16166,10,1,0.8528989
16167,16,1,0.88494873
16168,23,1,0.22235009
16169,2,0,0.20290066
16170,11,1,0.65493345
16171,24,0,0.1871082
16172,19,0,0.5960705
16173,10,0,0.5555657
16174,13,1,0.3962155
16175,13,1,0.94273216
16176,24,1,0.762332
16177,12,1,0.8818338
16178,22,0,0.61973536
16179,13,1,0.44340485
16180,2,1,0.55713886
16181,18,0,0.5472501
16182,27,0,0.32761317
16183,16,0,0.33506948
16184,2,0,0.634469
16185,3,0,0.6121476
16186,2,0,0.34908393
16187,9,1,0.91281676
16188,12,0,0.66802424
16189,13,1,0.5952583
16190,20,0,0.521902
16191,18,1,0.8838034
16192,2,1,0.5324241
16193,28,0,0.2869812
16194,25,0,0.34075248
16195,1,1,0.6950282
16196,18,0,0.3796548
16197,6,0,0.22106622
16198,15,0,0.2068336
16199,9,1,0.6342752
16200,13,0,0.22519468
16201,16,0,0.83337885
16202,26,0,0.38245258
16203,12,0,0.2661231
16204,11,0,0.2971809
16205,16,0,0.42745197
16206,10,1,0.67340755
16207,27,0,0.8495234
16208,12,1,0.734498
16209,0,1,0.59787154
16210,19,0,0.16021337
16211,2,0,0.1902228
16212,4,1,0.4061833
16213,10,1,0.84581465
16214,25,0,0.58675915
16215,26,0,0.22444333
16216,8,1,0.43411577
16217,28,0,0.67420477
16218,20,0,0.2636729
16219,10,1,0.37407902
16220,11,0,0.14155014
16221,13,0,0.8841528
16222,13,1,0.37689412
16223,13,1,0.43945956
16224,15,1,0.49088356
16225,21,0,0.7064416
16226,2,1,0.7251532
16227,26,0,0.35263664
16228,13,1,0.4064626
16229,28,0,0.74632275
16230,27,1,0.84555686
16231,17,0,0.30602366
16232,1,1,0.84284323
16233,1,0,0.31535733
16234,8,0,0.28050718
16235,25,1,0.6539379
16236,10,1,0.38964897
16237,12,1,0.71139926
16238,11,1,0.69759774
16239,11,1,0.46292073
16240,3,0,0.38068536
16241,11,0,0.7281044
16242,21,1,0.7240002
16243,23,1,0.4738442
16244,13,0,0.25889683
16245,4,1,0.74097294
16246,14,0,0.32002023
16247,26,1,0.91128945
16248,2,0,0.16451
16249,24,1,0.4111506
16250,18,1,0.90688676
16251,22,1,0.5785312
16252,7,1,0.6624121
16253,3,1,0.4247849
16254,2,1,0.67256236
16255,23,0,0.83458364
16256,12,1,0.7544406
16257,5,1,0.6664093
16258,9,1,0.19494827
16259,28,0,0.35917118
16260,3,0,0.5054247
16261,14,1,0.47775275
16262,21,1,0.48079503
16263,2,1,0.72748893
16264,2,1,0.41705605
16265,1,1,0.5320186
16266,17,1,0.6722789
16267,16,0,0.4474038
16268,6,0,0.45031828
16269,2,1,0.71684873
16270,5,0,0.43587247
16271,19,0,0.66565394
16272,12,0,0.7492864
16273,10,1,0.25004894
16274,7,0,0.31657827
16275,8,0,0.5131666
16276,0,1,0.18708852
16277,2,0,0.15459411
16278,18,1,0.8019339
16279,19,1,0.7521668
16280,25,0,0.18345666
16281,25,0,0.32776052
16282,17,1,0.6955813
16283,15,0,0.4072536
16284,10,0,0.37694162
16285,8,1,0.19870423
16286,2,1,0.9261327
16287,12,1,0.94649243
16288,16,1,0.36755836
16289,1,0,0.5762055
16290,16,0,0.9141464
16291,14,0,0.30122915
16292,15,1,0.937466
16293,10,0,0.5835955
16294,10,1,0.8415239
16295,15,1,0.83638126
16296,18,1,0.7845329
16297,8,0,0.3553764
16298,16,0,0.4242808
16299,15,0,0.22398339
16300,7,1,0.63998646
16301,0,0,0.26010248
16302,11,0,0.6535405
16303,2,0,0.5060839
16304,24,1,0.26401553
16305,3,1,0.48199666
16306,10,0,0.18068649
16307,13,1,0.925989
16308,16,1,0.7269837
16309,14,0,0.3551991
16310,16,0,0.826615
16311,15,1,0.44792205
16312,1,0,0.15608288
16313,12,0,0.18884996
16314,10,1,0.7725843
16315,20,0,0.37314823
16316,2,1,0.67642814
16317,10,0,0.1270171
16318,13,1,0.83151805
16319,11,1,0.5935591
16320,10,0,0.4329985
16321,17,0,0.15687118
16322,15,1,0.36484778
16323,12,0,0.116757475
16324,15,1,0.7202797
16325,0,0,0.42872655
16326,26,0,0.52368575
16327,26,1,0.43347114
16328,8,1,0.86268264
16329,1,1,0.7611716
16330,3,1,0.94594413
16331,8,0,0.657454
16332,10,0,0.32087702
16333,8,1,0.3081334
16334,22,1,0.6447525
16335,18,0,0.44197696
16336,20,1,0.81287634
16337,3,1,0.7274585
16338,17,1,0.8764422
16339,20,1,0.35244647
16340,22,0,0.2438814
16341,13,1,0.38109332
16342,13,0,0.4572665
16343,11,0,0.32746205
16344,2,1,0.69858956
16345,25,0,0.32112277
16346,9,1,0.27763423
16347,13,1,0.67465025
16348,8,1,0.47505578
16349,17,0,0.5173998
16350,0,0,0.1497705
16351,15,1,0.7547061
16352,18,0,0.5494443
16353,20,0,0.7481091
16354,25,1,0.81724286
16355,1,1,0.6640239
16356,25,0,0.7607716
16357,16,0,0.62160903
16358,19,1,0.4400174
16359,9,0,0.4495837
16360,13,1,0.5763252
16361,6,1,0.81853783
16362,20,0,0.30867293
16363,27,1,0.49398655
16364,20,0,0.33123684
16365,22,0,0.23061226
16366,18,0,0.59729016
16367,13,1,0.5238438
16368,10,1,0.10349196
16369,25,1,0.5662559
16370,15,1,0.33331746
16371,2,0,0.55877227
16372,26,1,0.5177434
16373,2,1,0.20861812
16374,13,0,0.21255918
16375,2,1,0.728428
16376,15,1,0.18568437
16377,4,0,0.27468178
16378,1,1,0.42637962
16379,1,0,0.6049507
16380,5,1,0.7468119
16381,1,1,0.38964036
16382,16,0,0.20826517
16383,1,1,0.916788
16384,10,0,0.432251
16385,8,1,0.782307
16386,15,0,0.50307935
16387,26,1,0.4211749
16388,24,1,0.20749554
16389,13,1,0.1878457
16390,15,0,0.51408494
16391,27,1,0.49307442
16392,22,0,0.44679385
16393,23,1,0.5784342
16394,15,1,0.5668042
16395,23,0,0.5120371
16396,14,1,0.7142448
16397,3,1,0.3162481
16398,18,0,0.3984339
16399,6,0,0.35563046
16400,20,1,0.3331802
16401,6,1,0.8974985
16402,15,1,0.24250425
16403,6,0,0.34591308
16404,19,1,0.5212313
16405,20,0,0.2867604
16406,0,1,0.89919364
16407,13,0,0.7103363
16408,15,0,0.34488326
16409,5,0,0.35429212
16410,25,1,0.7868816
16411,14,1,0.5766822
16412,18,1,0.366305
16413,26,0,0.5527655
16414,21,1,0.5482848
16415,18,0,0.34567627
16416,8,0,0.6286216
16417,16,0,0.42463034
16418,22,0,0.3144826
16419,8,1,0.4692053
16420,26,0,0.80543417
16421,8,0,0.597166
16422,18,1,0.49648604
16423,9,1,0.7555712
16424,16,0,0.27134332
16425,15,1,0.4027166
16426,25,0,0.14554015
16427,0,1,0.5223108
16428,12,0,0.25787175
16429,26,0,0.6252346
16430,16,0,0.5148935
16431,15,1,0.39714476
16432,11,1,0.19108343
16433,18,1,0.6966584
16434,13,0,0.586075
16435,12,1,0.7433614
16436,11,1,0.5051408
16437,26,1,0.8697516
16438,20,1,0.6106959
16439,7,1,0.6885829
16440,27,0,0.28043985
16441,13,0,0.18345173
16442,1,1,0.44198963
16443,14,0,0.8720157
16444,14,1,0.25759512
16445,15,1,0.84096086
16446,23,1,0.47532845
16447,14,1,0.6559174
16448,19,0,0.44532418
16449,15,0,0.65426236
16450,16,1,0.8125814
16451,9,1,0.37111107
16452,2,1,0.5347582
16453,2,0,0.2986751
16454,16,0,0.4583297
16455,10,1,0.29202396
16456,13,0,0.26241952
16457,13,1,0.7803942
16458,1,0,0.37931064
16459,4,0,0.33617413
16460,14,0,0.569483
16461,20,0,0.29831162
16462,8,0,0.18897802
16463,27,0,0.25327107
16464,3,1,0.4130942
16465,2,0,0.59975904
16466,25,0,0.47404855
16467,18,1,0.56942093
16468,13,1,0.2427243
16469,15,1,0.93525743
16470,8,1,0.4907961
16471,15,0,0.35729575
16472,28,0,0.28422242
16473,11,1,0.6557854
16474,22,0,0.1834027
16475,17,0,0.75925213
16476,2,0,0.27597162
16477,23,1,0.4192742
16478,27,0,0.77506065
16479,2,1,0.68694454
16480,13,0,0.64032644
16481,8,1,0.74511874
16482,13,0,0.29960158
16483,1,0,0.45556322
16484,8,1,0.5891333
16485,10,1,0.6426888
16486,6,0,0.16421594
16487,2,1,0.50888586
16488,18,0,0.7782147
16489,19,1,0.61128485
16490,3,0,0.5659046
16491,6,0,0.2631296
16492,20,0,0.20001657
16493,11,0,0.5264715
16494,18,0,0.33378103
16495,26,0,0.73940647
16496,15,0,0.6738533
16497,12,1,0.83942246
16498,25,0,0.23341458
16499,16,0,0.23880081
16500,6,0,0.66848266
16501,22,1,0.7866895
16502,11,1,0.65343094
16503,19,0,0.37780485
16504,3,0,0.7358871
16505,27,1,0.5753994
16506,16,1,0.4459274
16507,15,1,0.47576302
16508,6,0,0.2534741
16509,2,0,0.4723243
16510,2,1,0.60764754
16511,2,0,0.39091882
16512,1,1,0.24875437
16513,13,0,0.74869126
16514,20,1,0.54846644
16515,11,1,0.5729586
16516,15,0,0.4449665
16517,12,0,0.54056513
16518,16,1,0.85233015
16519,16,1,0.6814498
16520,3,1,0.5391579
16521,26,0,0.49487427
16522,27,1,0.19849439
16523,26,0,0.2505244
16524,7,1,0.45172542
16525,22,1,0.64779085
16526,11,1,0.21858482
16527,14,0,0.45358038
16528,2,0,0.30749273
16529,13,1,0.75528425
16530,12,1,0.32733828
16531,18,1,0.7052437
16532,2,0,0.57432544
16533,15,1,0.2772818
16534,18,0,0.31289122
16535,8,0,0.17685123
16536,24,0,0.4234072
16537,19,1,0.8270386
16538,22,1,0.54096115
16539,0,0,0.3993684
16540,25,1,0.704219
16541,13,1,0.23313452
16542,11,0,0.58610904
16543,9,1,0.37297586
16544,7,0,0.41899845
16545,22,0,0.22916423
16546,13,1,0.6011221
