,tissue_ids,target,prediction
0,15,1,0.8681429
1,0,0,0.42263255
2,28,1,0.54801655
3,0,1,0.7994471
4,10,0,0.26106086
5,22,0,0.32474446
6,11,1,0.27450958
7,3,1,0.7619812
8,20,0,0.48915693
9,12,0,0.23560748
10,22,0,0.5791515
11,21,0,0.45132422
12,20,0,0.284112
13,15,1,0.56513643
14,7,0,0.55792207
15,15,0,0.4217548
16,2,1,0.40071413
17,16,0,0.29032382
18,23,0,0.68302524
19,13,1,0.86917007
20,16,1,0.79836214
21,26,1,0.44079134
22,15,0,0.25290912
23,3,1,0.86690205
24,8,0,0.40578374
25,16,1,0.35770229
26,13,0,0.6494703
27,17,0,0.28711915
28,9,1,0.26039648
29,2,0,0.31966722
30,25,0,0.36460495
31,0,0,0.5003254
32,10,0,0.29868007
33,2,0,0.6333922
34,15,0,0.7759537
35,7,1,0.38650593
36,3,1,0.88987577
37,22,0,0.6164116
38,14,0,0.29072103
39,13,1,0.47791886
40,13,1,0.23936091
41,19,0,0.34197783
42,22,0,0.53623325
43,5,1,0.58069384
44,23,0,0.7272435
45,8,1,0.7888424
46,5,1,0.4919573
47,2,0,0.7620559
48,25,1,0.5792994
49,8,0,0.40383598
50,13,0,0.34063882
51,27,0,0.25732082
52,17,0,0.4565039
53,12,0,0.31832808
54,26,1,0.7570588
55,10,0,0.4326644
56,20,0,0.4223547
57,16,0,0.382494
58,5,0,0.61186856
59,3,0,0.76148313
60,12,0,0.52799433
61,13,0,0.3264404
62,16,1,0.936063
63,15,0,0.36384678
64,11,0,0.21593672
65,20,0,0.36740342
66,0,0,0.5792962
67,15,1,0.85079294
68,3,0,0.58657765
69,20,0,0.76076144
70,14,0,0.30717352
71,13,1,0.8147793
72,25,1,0.50452286
73,9,0,0.6541088
74,3,1,0.2278555
75,25,1,0.82118624
76,22,0,0.21609533
77,4,1,0.4617729
78,5,0,0.45087788
79,14,1,0.8066911
80,1,1,0.3107054
81,13,1,0.33220658
82,8,0,0.22637014
83,10,0,0.541664
84,1,0,0.294367
85,10,0,0.51496434
86,11,0,0.3989487
87,22,1,0.2445739
88,26,1,0.5521887
89,12,0,0.25262445
90,26,0,0.23386931
91,10,1,0.259136
92,16,0,0.27128887
93,26,1,0.66421616
94,20,1,0.8522662
95,11,1,0.908769
96,24,1,0.31122252
97,19,1,0.46463233
98,11,0,0.31427
99,15,0,0.72640973
100,15,0,0.5008144
101,14,0,0.2486644
102,18,0,0.41311187
103,17,0,0.5035617
104,1,1,0.68025976
105,8,0,0.32393977
106,17,0,0.3755968
107,15,0,0.24846771
108,11,0,0.45713076
109,1,1,0.750975
110,18,0,0.5664537
111,16,0,0.6129743
112,13,0,0.5965648
113,28,0,0.53109187
114,7,1,0.8418138
115,13,1,0.7817335
116,25,1,0.69550025
117,24,0,0.34188583
118,28,0,0.5373302
119,16,1,0.35458353
120,2,0,0.47860065
121,22,0,0.39289138
122,2,1,0.45725718
123,10,1,0.87524456
124,1,0,0.66335297
125,2,1,0.67582756
126,2,0,0.30282256
127,16,0,0.593644
128,16,1,0.64326334
129,8,0,0.28886822
130,4,1,0.51171476
131,22,0,0.3800819
132,26,1,0.86665136
133,2,0,0.443932
134,16,1,0.589234
135,16,0,0.2597904
136,16,1,0.25531012
137,12,0,0.20527823
138,18,0,0.3259207
139,1,1,0.23208375
140,7,0,0.31371245
141,18,0,0.45732898
142,17,0,0.6263349
143,8,0,0.25113112
144,13,1,0.842722
145,2,0,0.42750904
146,0,1,0.8810671
147,27,1,0.8686551
148,17,0,0.2516302
149,8,1,0.86560977
150,28,1,0.6949995
151,10,0,0.48373258
152,8,0,0.5588427
153,2,1,0.67547464
154,13,0,0.4528373
155,3,1,0.59998137
156,3,0,0.56327695
157,7,1,0.44391957
158,27,0,0.27645215
159,12,1,0.5147026
160,15,1,0.48068672
161,16,0,0.24574256
162,6,1,0.70858824
163,16,0,0.29634252
164,6,0,0.7039205
165,16,1,0.49122685
166,10,0,0.51144564
167,10,0,0.42713916
168,24,0,0.5735594
169,19,1,0.87510175
170,14,0,0.23487586
171,22,1,0.54220617
172,5,1,0.24015713
173,4,1,0.5268919
174,1,0,0.42018202
175,15,1,0.45502818
176,20,0,0.22206457
177,8,1,0.8997347
178,20,1,0.5599845
179,7,0,0.2544363
180,28,0,0.30880937
181,10,0,0.5401821
182,14,1,0.6677294
183,8,0,0.4904983
184,20,1,0.6615963
185,28,1,0.48933116
186,19,0,0.6054525
187,26,1,0.8812205
188,27,1,0.6625351
189,20,1,0.7921372
190,16,0,0.24026309
191,20,0,0.38002947
192,10,0,0.25250545
193,21,0,0.253845
194,27,0,0.8024716
195,17,1,0.51795214
196,13,0,0.36170876
197,15,1,0.6586728
198,22,0,0.4448552
199,0,0,0.2491295
200,14,1,0.20447895
201,26,0,0.46467724
202,17,1,0.46622637
203,26,0,0.28280887
204,1,1,0.43026552
205,13,1,0.6548326
206,4,1,0.55381805
207,27,0,0.37418276
208,12,0,0.4738557
209,8,0,0.64599377
210,13,0,0.6847837
211,1,1,0.80232644
212,25,1,0.86740446
213,0,0,0.70303327
214,7,0,0.27122307
215,21,0,0.40305212
216,11,1,0.46250486
217,13,0,0.5990962
218,25,1,0.4061955
219,21,1,0.8735396
220,11,0,0.59587467
221,15,0,0.7601092
222,11,0,0.53472584
223,13,1,0.38250747
224,7,1,0.57967424
225,20,0,0.21540387
226,9,0,0.20434844
227,15,0,0.25783193
228,28,0,0.46014944
229,2,1,0.8372782
230,28,0,0.5204588
231,11,1,0.40628994
232,13,1,0.36860955
233,10,0,0.24403283
234,20,0,0.8252072
235,1,0,0.25461742
236,2,0,0.6183909
237,13,1,0.46700275
238,9,0,0.41589627
239,10,1,0.634524
240,14,1,0.88161665
241,14,1,0.7738884
242,27,1,0.64745766
243,24,1,0.39524868
244,17,1,0.4974509
245,16,1,0.88104755
246,8,1,0.5327745
247,10,0,0.5511996
248,25,0,0.6652
249,2,0,0.31179166
250,14,0,0.20793292
251,5,0,0.25908378
252,16,1,0.44432768
253,8,0,0.4974089
254,21,0,0.47339508
255,26,1,0.9155154
256,3,0,0.687599
257,0,0,0.5884198
258,23,0,0.4793279
259,17,0,0.21895894
260,5,1,0.25609234
261,12,1,0.2627171
262,9,1,0.85411924
263,15,0,0.57298493
264,11,0,0.43546355
265,10,1,0.19321156
266,11,0,0.3534959
267,6,0,0.27408093
268,16,1,0.2875602
269,22,1,0.6068709
270,24,0,0.5219798
271,8,1,0.21462429
272,28,1,0.82851726
273,8,0,0.4986307
274,11,0,0.8270549
275,2,1,0.86695796
276,6,0,0.3207654
277,13,0,0.23344877
278,13,0,0.42832044
279,1,0,0.49835363
280,10,1,0.59331596
281,1,1,0.74930847
282,2,0,0.53437495
283,11,1,0.5038372
284,2,0,0.48188445
285,8,0,0.43553212
286,8,0,0.55377567
287,19,1,0.88724166
288,7,0,0.45859036
289,2,1,0.6139348
290,11,0,0.46697915
291,5,0,0.2294478
292,26,0,0.590224
293,8,0,0.42123675
294,22,1,0.20867197
295,26,0,0.5039911
296,0,1,0.8997671
297,5,1,0.30901483
298,10,0,0.51568264
299,6,0,0.3710661
300,24,0,0.7026444
301,2,1,0.58622533
302,23,1,0.40105087
303,19,1,0.7691136
304,4,0,0.20758604
305,28,0,0.42674202
306,21,0,0.2982103
307,14,0,0.26996598
308,17,1,0.27308106
309,0,0,0.7192015
310,18,1,0.29020914
311,24,1,0.66203004
312,10,0,0.4751503
313,8,0,0.205247
314,25,1,0.6580781
315,18,0,0.8075452
316,27,1,0.66920704
317,8,1,0.91696763
318,1,0,0.30804968
319,14,0,0.21601284
320,2,0,0.3108392
321,11,1,0.517242
322,21,1,0.38106716
323,27,1,0.6311403
324,16,1,0.88350064
325,23,1,0.71933657
326,7,0,0.43154907
327,15,0,0.3038886
328,2,0,0.2514993
329,12,0,0.26344934
330,25,1,0.421984
331,5,1,0.7681383
332,13,0,0.2927968
333,7,1,0.5862431
334,11,0,0.27634197
335,2,0,0.24127406
336,16,0,0.3808076
337,26,1,0.7363394
338,23,1,0.675827
339,10,0,0.24791269
340,2,0,0.5590729
341,8,1,0.46141917
342,27,1,0.43384597
343,15,1,0.9354354
344,11,1,0.78766817
345,11,1,0.7492882
346,7,1,0.70973283
347,10,1,0.74227786
348,18,1,0.9115254
349,15,0,0.39583254
350,6,1,0.4173156
351,6,0,0.57574356
352,16,1,0.87159973
353,25,0,0.24713336
354,21,0,0.2050777
355,5,0,0.51137555
356,1,1,0.9196105
357,19,0,0.2338629
358,16,1,0.29207292
359,15,0,0.5163307
360,10,1,0.51484025
361,16,0,0.43799615
362,27,1,0.74325895
363,22,0,0.34047064
364,2,1,0.7612957
365,4,1,0.3512916
366,16,1,0.5918723
367,6,0,0.6058319
368,14,0,0.26869732
369,11,1,0.7239733
370,22,1,0.54920673
371,1,0,0.5093968
372,14,0,0.66170776
373,8,0,0.1955645
374,13,1,0.8887641
375,2,0,0.2836284
376,20,0,0.4580758
377,17,0,0.5059469
378,14,1,0.53544265
379,10,1,0.616398
380,2,0,0.4730022
381,27,0,0.26488858
382,3,0,0.26836437
383,3,0,0.6990687
384,28,1,0.553932
385,0,1,0.66328365
386,12,0,0.7416764
387,10,1,0.2733597
388,22,1,0.26380923
389,26,1,0.92687654
390,27,1,0.6069113
391,16,1,0.24090458
392,9,1,0.5286192
393,1,0,0.4983744
394,15,0,0.6734081
395,18,1,0.71251804
396,20,1,0.5295587
397,10,0,0.59490263
398,25,1,0.21325558
399,0,0,0.22909863
400,27,0,0.21863785
401,20,0,0.3398553
402,20,1,0.585774
403,26,0,0.24914415
404,8,0,0.55273056
405,18,0,0.44465894
406,16,1,0.8439495
407,8,1,0.61914533
408,13,1,0.67187005
409,11,1,0.46388566
410,16,0,0.62190974
411,15,1,0.5564038
412,9,0,0.5218364
413,6,0,0.24604684
414,25,1,0.47001076
415,16,0,0.6009762
416,12,0,0.39491126
417,14,1,0.9048564
418,17,0,0.19446728
419,8,0,0.3861737
420,23,1,0.5465742
421,11,0,0.50442404
422,10,1,0.25691172
423,3,0,0.36505783
424,14,1,0.42493126
425,10,0,0.5702676
426,16,0,0.22548203
427,22,1,0.62855107
428,4,1,0.9129796
429,16,1,0.6222578
430,20,0,0.79293764
431,26,1,0.33203292
432,10,0,0.79857165
433,28,1,0.30558378
434,19,0,0.5551474
435,11,0,0.31674287
436,25,1,0.46089542
437,21,1,0.5668083
438,3,0,0.5884971
439,12,0,0.52624434
440,2,0,0.39478448
441,2,1,0.51756936
442,25,1,0.38014114
443,1,0,0.35857806
444,16,0,0.6494466
445,2,0,0.59606826
446,15,1,0.5237911
447,15,0,0.5562453
448,1,1,0.40901548
449,2,1,0.50338405
450,2,1,0.26358607
451,21,1,0.80141354
452,17,1,0.45502588
453,13,0,0.20754449
454,16,1,0.7263515
455,6,0,0.4014342
456,22,0,0.46744552
457,10,0,0.47105327
458,25,0,0.28827485
459,7,1,0.783554
460,16,0,0.50233585
461,15,0,0.5012323
462,10,1,0.6702029
463,11,0,0.2919731
464,28,1,0.8871412
465,19,1,0.57314295
466,24,1,0.86181366
467,10,1,0.26217324
468,13,1,0.72713083
469,5,1,0.6740955
470,17,0,0.57032996
471,2,1,0.8768093
472,23,1,0.54988104
473,18,1,0.6644731
474,10,0,0.3829667
475,21,0,0.46627727
476,12,0,0.48091975
477,3,0,0.26814285
478,28,0,0.44985253
479,13,1,0.294129
480,16,0,0.43939805
481,27,1,0.6697706
482,12,0,0.2800054
483,21,0,0.23163643
484,25,1,0.727824
485,16,1,0.37861845
486,24,1,0.37761164
487,8,1,0.3864561
488,3,0,0.22838387
489,13,0,0.38045153
490,18,1,0.618251
491,16,0,0.30537224
492,3,0,0.23383187
493,6,1,0.854763
494,2,0,0.58512133
495,7,1,0.30650383
496,25,0,0.42883492
497,25,1,0.5716124
498,10,1,0.90572023
499,27,0,0.38308904
500,4,1,0.6696193
501,1,1,0.65705293
502,3,1,0.40294757
503,9,1,0.8036696
504,13,0,0.40364444
505,20,1,0.76311743
506,15,1,0.39433634
507,3,0,0.5046879
508,7,1,0.5228831
509,2,0,0.25117046
510,22,1,0.8771451
511,10,0,0.53725857
512,26,0,0.4524747
513,13,1,0.6553979
514,14,0,0.3402236
515,0,1,0.31539375
516,27,0,0.40098554
517,8,0,0.59015805
518,3,1,0.69156826
519,24,0,0.3957844
520,16,1,0.7401531
521,15,0,0.55740476
522,8,1,0.4448981
523,17,0,0.58456504
524,2,0,0.564994
525,21,0,0.39671752
526,21,1,0.42906067
527,2,1,0.3342588
528,25,1,0.49900776
529,12,0,0.28038725
530,19,0,0.37333372
531,20,1,0.85582656
532,15,0,0.2036719
533,15,1,0.7002384
534,8,1,0.6508705
535,8,0,0.7690099
536,20,1,0.7581878
537,6,0,0.24400929
538,14,0,0.24381232
539,24,1,0.53365266
540,17,0,0.4410285
541,24,0,0.24688914
542,13,1,0.258822
543,10,0,0.34449774
544,14,0,0.5161067
545,3,0,0.48571113
546,26,1,0.911101
547,15,0,0.38571143
548,17,1,0.6122099
549,11,1,0.7075678
550,8,0,0.21825577
551,22,1,0.36042535
552,19,0,0.39706063
553,17,0,0.28832042
554,18,0,0.5163343
555,17,1,0.8065914
556,16,1,0.83910716
557,27,0,0.419426
558,15,1,0.31667155
559,27,1,0.8515094
560,2,0,0.5706098
561,27,0,0.56829214
562,11,1,0.58821946
563,2,1,0.5787879
564,13,1,0.27896053
565,11,0,0.4719454
566,13,0,0.42441353
567,25,0,0.79100925
568,15,0,0.48513955
569,26,1,0.87547666
570,13,1,0.512641
571,6,1,0.83316964
572,27,0,0.46335083
573,1,0,0.7464618
574,8,0,0.5184071
575,25,1,0.60391074
576,13,1,0.8511096
577,3,1,0.5221105
578,12,0,0.47872084
579,27,0,0.5755
580,26,0,0.42257315
581,15,1,0.9045074
582,14,1,0.89932436
583,16,1,0.7513784
584,8,0,0.44921803
585,23,1,0.90763384
586,19,0,0.58588994
587,9,1,0.6860965
588,26,1,0.54268235
589,15,0,0.22298737
590,25,0,0.44398472
591,15,1,0.5584179
592,16,0,0.34128356
593,21,1,0.7313861
594,15,0,0.5401832
595,2,0,0.45013946
596,22,1,0.68889046
597,2,0,0.2028379
598,15,1,0.5079375
599,15,0,0.28039047
600,1,0,0.308048
601,20,0,0.22821534
602,7,0,0.29074812
603,16,0,0.28345466
604,2,1,0.24335581
605,13,1,0.47492868
606,10,0,0.5024063
607,11,1,0.5747864
608,2,0,0.33501056
609,0,1,0.30900037
610,25,1,0.4607016
611,15,0,0.2773398
612,24,1,0.8726503
613,7,0,0.21967486
614,16,1,0.2614141
615,26,0,0.4023253
616,24,0,0.42740014
617,16,1,0.23739426
618,12,0,0.24643347
619,1,0,0.5098488
620,10,0,0.40166554
621,8,0,0.5565018
622,10,0,0.5240419
623,28,0,0.7061049
624,28,0,0.42680043
625,4,1,0.6942721
626,8,1,0.35423592
627,11,0,0.690864
628,3,0,0.2330994
629,22,0,0.4944905
630,23,0,0.5413326
631,16,0,0.55907744
632,15,1,0.86458915
633,0,1,0.29076353
634,7,1,0.57837635
635,9,0,0.39903796
636,8,1,0.46676686
637,16,1,0.74083906
638,13,0,0.7631258
639,10,0,0.5856804
640,13,0,0.42455462
641,18,1,0.29431158
642,27,0,0.23064715
643,8,1,0.77468437
644,21,0,0.4139046
645,4,1,0.67917436
646,3,1,0.44315758
647,21,0,0.49536452
648,15,0,0.740268
649,25,1,0.3680723
650,9,1,0.5154779
651,10,0,0.5205149
652,16,0,0.41722187
653,25,1,0.90373135
654,11,1,0.81533766
655,2,0,0.23251419
656,15,1,0.45219234
657,1,1,0.42144778
658,26,1,0.2343392
659,0,0,0.536082
660,24,1,0.78969306
661,26,1,0.8003748
662,16,1,0.57941437
663,7,1,0.7590846
664,27,1,0.8193165
665,16,1,0.48132598
666,1,0,0.19569795
667,23,1,0.67241836
668,0,1,0.46145716
669,20,1,0.36458844
670,16,1,0.21960051
671,25,1,0.52377844
672,16,1,0.49555364
673,28,0,0.31631267
674,13,0,0.3229423
675,13,1,0.5709354
676,14,0,0.59805137
677,7,0,0.57203484
678,18,1,0.5642501
679,11,1,0.5513772
680,28,0,0.33154947
681,6,0,0.41777027
682,11,0,0.7801242
683,27,1,0.8518017
684,10,0,0.43294352
685,17,1,0.7600877
686,9,0,0.54801965
687,13,1,0.562251
688,8,0,0.53953695
689,15,0,0.5475403
690,8,0,0.594665
691,9,1,0.5374967
692,0,1,0.2071953
693,25,1,0.5724335
694,9,1,0.5180852
695,16,0,0.55418557
696,25,0,0.42771724
697,14,1,0.7338703
698,14,1,0.56338596
699,4,0,0.50174654
700,23,0,0.28273913
701,28,0,0.41412258
702,26,0,0.18794255
703,13,1,0.90714175
704,8,0,0.33011976
705,3,0,0.33899805
706,28,1,0.6789873
707,13,1,0.38857567
708,15,0,0.26188788
709,12,1,0.6921169
710,27,1,0.3695258
711,16,1,0.80648214
712,2,1,0.7440407
713,2,1,0.65537065
714,13,0,0.25707608
715,1,1,0.64258015
716,26,1,0.6335788
717,14,1,0.6862229
718,13,1,0.78948635
719,1,1,0.30406323
720,2,0,0.23805706
721,23,0,0.4382903
722,11,0,0.47062054
723,23,1,0.5394691
724,4,1,0.220873
725,12,1,0.7995128
726,1,1,0.696578
727,2,0,0.5842892
728,15,1,0.54668224
729,25,1,0.91030616
730,17,0,0.29704764
731,12,0,0.21903807
732,1,0,0.30771822
733,13,1,0.8836185
734,8,0,0.20145378
735,10,0,0.53860044
736,22,1,0.42895466
737,20,0,0.36733302
738,12,1,0.69267344
739,10,1,0.5348207
740,8,0,0.33618057
741,24,0,0.3622845
742,16,1,0.49331406
743,12,1,0.86066383
744,13,1,0.52787364
745,2,1,0.32445735
746,4,1,0.4926128
747,13,1,0.70438397
748,6,0,0.7043282
749,10,1,0.4113856
750,1,0,0.60197276
751,27,0,0.23252574
752,28,0,0.4900142
753,26,1,0.39154756
754,11,1,0.78842753
755,25,0,0.26479703
756,3,0,0.26142344
757,23,1,0.45685783
758,28,0,0.5930233
759,18,0,0.47314185
760,13,0,0.20652336
761,2,0,0.27030614
762,12,0,0.46433464
763,3,0,0.5551066
764,16,0,0.7218151
765,17,1,0.6124387
766,1,0,0.4714888
767,10,1,0.3951548
768,9,1,0.5461801
769,7,1,0.5240117
770,16,1,0.74314725
771,13,0,0.27593437
772,3,0,0.83249325
773,4,0,0.23067872
774,18,1,0.49191928
775,13,1,0.4654749
776,8,1,0.79718757
777,8,1,0.65680486
778,10,1,0.26310596
779,24,1,0.6542322
780,18,0,0.4015457
781,14,0,0.3111907
782,22,0,0.27463365
783,8,0,0.35829136
784,13,0,0.52484906
785,28,1,0.8987669
786,0,1,0.5189191
787,27,0,0.32750958
788,19,1,0.87969494
789,8,0,0.6011267
790,1,0,0.53421474
791,0,0,0.542434
792,28,0,0.18978034
793,25,0,0.65468264
794,2,0,0.34844306
795,17,0,0.2354935
796,12,1,0.4077534
797,1,1,0.7159882
798,12,0,0.23236935
799,10,0,0.43537498
800,1,1,0.53282684
801,20,0,0.29745752
802,14,1,0.8891556
803,8,0,0.4745186
804,22,0,0.52463996
805,24,1,0.52542174
806,27,1,0.73371786
807,16,1,0.5960626
808,25,1,0.357811
809,27,1,0.4849068
810,16,1,0.45376018
811,20,1,0.43003568
812,22,0,0.23673925
813,13,1,0.9269845
814,12,1,0.8641089
815,24,0,0.6883635
816,6,0,0.3863504
817,19,0,0.3865728
818,6,0,0.24775589
819,15,0,0.4635302
820,8,1,0.52865636
821,8,1,0.6093014
822,1,1,0.37874725
823,21,1,0.57635677
824,25,0,0.6082591
825,16,0,0.22566856
826,21,0,0.9186697
827,21,1,0.5587458
828,21,0,0.2241629
829,7,0,0.52015305
830,16,1,0.43733087
831,16,1,0.33318472
832,1,0,0.28565678
833,15,1,0.78213006
834,23,1,0.8118375
835,6,0,0.49703884
836,13,1,0.8089901
837,8,0,0.26104587
838,17,1,0.32564124
839,8,0,0.8260616
840,13,0,0.37997618
841,2,0,0.33886385
842,3,0,0.301244
843,2,1,0.7114238
844,6,1,0.85860765
845,0,0,0.5463724
846,27,0,0.77453035
847,15,1,0.42242745
848,24,1,0.73502034
849,18,0,0.47350174
850,8,1,0.77169466
851,19,1,0.88028103
852,12,1,0.27439228
853,2,1,0.8335124
854,23,1,0.36487958
855,16,0,0.2506022
856,24,0,0.536926
857,12,0,0.4011528
858,28,0,0.5244585
859,11,1,0.5371318
860,14,1,0.5104287
861,13,0,0.48754722
862,23,0,0.21432357
863,5,0,0.30324143
864,26,1,0.32543784
865,23,1,0.8181966
866,6,0,0.43228713
867,11,1,0.44649625
868,8,1,0.51249236
869,20,0,0.48116943
870,11,1,0.775206
871,10,0,0.4489653
872,24,0,0.25689667
873,3,1,0.61429614
874,5,1,0.4812927
875,7,0,0.49550825
876,11,1,0.21879502
877,12,1,0.42591012
878,17,0,0.22461963
879,11,0,0.47624967
880,4,1,0.8430991
881,16,1,0.81831574
882,23,1,0.6099798
883,8,0,0.42447913
884,22,0,0.48925957
885,26,1,0.43494895
886,7,0,0.238674
887,13,1,0.7563033
888,23,1,0.39522448
889,8,0,0.29290584
890,1,1,0.603509
891,19,0,0.21636707
892,10,1,0.50743866
893,16,1,0.89692235
894,10,1,0.55071104
895,15,0,0.6518276
896,13,1,0.6608792
897,19,0,0.42741403
898,15,1,0.326958
899,10,1,0.49440703
900,10,0,0.5028469
901,1,1,0.47084874
902,3,0,0.26505876
903,25,1,0.8254047
904,25,0,0.28281686
905,3,1,0.46378925
906,1,0,0.23136617
907,22,1,0.5234587
908,8,0,0.57107854
909,2,1,0.23756698
910,14,1,0.6165998
911,26,0,0.7826116
912,12,0,0.5027787
913,23,1,0.50086015
914,13,0,0.22264944
915,17,1,0.22586717
916,10,1,0.47485647
917,16,1,0.7629046
918,10,0,0.51034945
919,7,1,0.86057097
920,1,0,0.5318144
921,16,1,0.3388056
922,22,1,0.42574063
923,0,1,0.5595475
924,8,1,0.5917608
925,11,0,0.34384483
926,10,1,0.7516351
927,6,0,0.19509172
928,25,1,0.73462564
929,12,1,0.84832525
930,22,1,0.2385107
931,0,1,0.9024543
932,11,1,0.5847106
933,16,0,0.28550768
934,10,0,0.41627768
935,15,0,0.3473707
936,0,0,0.43801767
937,5,0,0.7270471
938,3,0,0.435891
939,13,0,0.81378615
940,15,1,0.88918567
941,5,1,0.63316846
942,17,0,0.34789193
943,2,0,0.46011713
944,8,1,0.8319186
945,8,0,0.5260341
946,10,0,0.2475488
947,11,0,0.50961864
948,8,0,0.6351759
949,7,0,0.3200082
950,2,1,0.22482434
951,7,0,0.41222975
952,7,1,0.47076285
953,3,0,0.22902615
954,10,1,0.57175606
955,20,1,0.29346216
956,28,1,0.6832033
957,5,0,0.541976
958,28,1,0.2511574
959,11,0,0.25069472
960,28,0,0.2557129
961,22,1,0.66990405
962,12,1,0.22940925
963,20,0,0.21886708
964,1,1,0.52960104
965,1,0,0.90679616
966,9,1,0.61258525
967,8,1,0.89414805
968,19,1,0.4894031
969,11,1,0.6727032
970,12,0,0.43783277
971,10,1,0.89611197
972,26,0,0.24654429
973,14,1,0.42537504
974,1,0,0.67388994
975,8,1,0.39243525
976,28,0,0.59163135
977,26,0,0.47129658
978,3,1,0.45118305
979,10,0,0.55570287
980,16,0,0.51627696
981,11,1,0.38052437
982,15,1,0.54782087
983,10,1,0.4313027
984,17,0,0.21168903
985,13,1,0.84452206
986,10,0,0.33861455
987,12,0,0.22140367
988,8,1,0.46203366
989,13,1,0.41590443
990,8,1,0.6551227
991,25,1,0.8588779
992,3,1,0.21877341
993,21,0,0.30819207
994,18,0,0.36710486
995,4,1,0.6913678
996,3,0,0.4406764
997,26,0,0.24540941
998,16,0,0.45643753
999,6,0,0.38233614
1000,22,0,0.2751208
1001,21,0,0.6478968
1002,10,1,0.6941222
1003,7,0,0.48553997
1004,1,0,0.2835714
1005,11,0,0.18362392
1006,15,1,0.5709564
1007,16,1,0.8104997
1008,19,1,0.81956315
1009,11,1,0.25224632
1010,6,0,0.21291934
1011,28,0,0.2533996
1012,6,1,0.5467642
1013,7,0,0.5109552
1014,25,0,0.5514932
1015,16,0,0.24978745
1016,8,0,0.45136026
1017,2,0,0.4400833
1018,8,0,0.3863704
1019,6,0,0.2267944
1020,22,0,0.5364615
1021,8,0,0.21662962
1022,22,1,0.7577477
1023,16,0,0.24908361
1024,4,1,0.5441663
1025,28,0,0.49016353
1026,20,0,0.2958497
1027,25,1,0.64226216
1028,25,1,0.90077424
1029,12,1,0.89662576
1030,28,0,0.27441588
1031,4,0,0.4168579
1032,27,0,0.38122383
1033,14,1,0.7245739
1034,13,1,0.4222108
1035,21,0,0.22815575
1036,15,1,0.6903171
1037,14,0,0.39963424
1038,26,0,0.24860609
1039,14,1,0.67912984
1040,16,1,0.5171662
1041,18,0,0.2867615
1042,22,1,0.7943723
1043,27,0,0.2369152
1044,12,1,0.5802756
1045,16,0,0.3016398
1046,19,0,0.38101253
1047,2,1,0.55810994
1048,16,0,0.4834729
1049,11,0,0.26172394
1050,20,1,0.5966205
1051,23,0,0.45762706
1052,8,0,0.24795245
1053,16,0,0.2573806
1054,15,1,0.45492056
1055,12,0,0.23815213
1056,1,0,0.23075695
1057,5,0,0.39042306
1058,24,1,0.83429945
1059,6,0,0.5412889
1060,2,0,0.3849542
1061,4,0,0.21879865
1062,27,1,0.45393282
1063,8,0,0.6161153
1064,2,1,0.55972326
1065,15,1,0.38212296
1066,3,1,0.51558185
1067,20,1,0.5033615
1068,27,1,0.27939275
1069,12,0,0.7789937
1070,12,1,0.51853895
1071,11,1,0.24039504
1072,3,0,0.48906344
1073,13,1,0.51207304
1074,20,0,0.5016501
1075,10,1,0.4337549
1076,16,1,0.6236629
1077,21,1,0.48943874
1078,15,1,0.2975014
1079,21,1,0.7441165
1080,17,0,0.22923176
1081,18,1,0.3445627
1082,10,1,0.7491717
1083,8,1,0.81878084
1084,18,1,0.38700393
1085,16,0,0.24363102
1086,10,0,0.7455398
1087,23,1,0.42336318
1088,27,0,0.263853
1089,6,1,0.68696725
1090,26,0,0.23175621
1091,19,0,0.22247376
1092,13,1,0.74922377
1093,8,1,0.44686863
1094,22,1,0.40996185
1095,28,1,0.53094184
1096,22,1,0.89096117
1097,17,0,0.5155024
1098,11,0,0.35335785
1099,23,0,0.42456776
1100,12,0,0.45874223
1101,10,0,0.65333474
1102,13,1,0.8573834
1103,13,1,0.5219544
1104,1,0,0.23079658
1105,13,0,0.40165937
1106,1,0,0.7792567
1107,14,1,0.87967104
1108,20,1,0.4888594
1109,25,0,0.44975138
1110,1,1,0.39621282
1111,23,0,0.32741272
1112,26,1,0.8469525
1113,8,1,0.6855746
1114,25,0,0.2160463
1115,28,0,0.4877142
1116,16,0,0.4573623
1117,20,1,0.9039385
1118,27,1,0.79392093
1119,25,1,0.26344368
1120,15,1,0.33317524
1121,9,1,0.6241229
1122,25,0,0.61092895
1123,0,0,0.23861289
1124,20,0,0.45698357
1125,3,1,0.22682895
1126,12,1,0.4433013
1127,8,1,0.62308425
1128,13,1,0.8713163
1129,8,0,0.20308831
1130,2,0,0.79987746
1131,15,1,0.2595087
1132,23,1,0.37336394
1133,26,1,0.24687131
1134,23,0,0.28849283
1135,24,0,0.75241536
1136,10,0,0.39798933
1137,9,1,0.52052724
1138,5,1,0.9039045
1139,27,1,0.8028309
1140,16,0,0.54927915
1141,18,1,0.43216446
1142,8,0,0.37327042
1143,1,1,0.49556997
1144,2,0,0.26116976
1145,8,0,0.48885563
1146,20,1,0.46882406
1147,23,0,0.28526184
1148,20,1,0.6686373
1149,13,1,0.7262069
1150,25,1,0.5763555
1151,20,0,0.4670375
1152,28,0,0.57373744
1153,10,1,0.65733355
1154,11,0,0.39151597
1155,14,1,0.71673125
1156,25,0,0.5222125
1157,16,1,0.784215
1158,13,1,0.9147896
1159,20,1,0.89650655
1160,19,1,0.2558149
1161,27,0,0.2361646
1162,10,0,0.48248512
1163,26,1,0.84089744
1164,24,1,0.76595044
1165,10,1,0.5162619
1166,16,0,0.48124662
1167,12,1,0.32505003
1168,3,1,0.45487794
1169,2,1,0.43698087
1170,27,0,0.4427737
1171,24,1,0.7995265
1172,1,0,0.2727909
1173,1,1,0.6898475
1174,10,0,0.22664739
1175,28,1,0.66288596
1176,11,0,0.29722923
1177,1,1,0.8413892
1178,28,1,0.54285234
1179,22,0,0.42144042
1180,2,0,0.24874616
1181,13,1,0.48544574
1182,26,0,0.6291461
1183,26,1,0.41255543
1184,12,0,0.43667367
1185,5,1,0.7829847
1186,20,1,0.44899702
1187,10,1,0.45200938
1188,28,1,0.26372942
1189,11,1,0.6485267
1190,10,1,0.61950624
1191,8,1,0.22609736
1192,3,1,0.88799226
1193,24,1,0.5817261
1194,13,0,0.35386986
1195,12,1,0.4985451
1196,15,1,0.26622382
1197,2,1,0.8209091
1198,6,1,0.32254896
1199,10,1,0.39949617
1200,10,1,0.50397676
1201,0,0,0.26797706
1202,20,1,0.27150938
1203,11,1,0.54102916
1204,5,0,0.4468189
1205,8,0,0.35396826
1206,26,1,0.32754043
1207,25,1,0.5837186
1208,12,1,0.36567652
1209,5,0,0.6383294
1210,0,1,0.8994912
1211,26,0,0.44092423
1212,13,0,0.54730654
1213,28,0,0.3171324
1214,4,1,0.5200616
1215,15,1,0.30676016
1216,9,1,0.24473819
1217,8,0,0.3637373
1218,17,1,0.7667554
1219,21,0,0.20568855
1220,10,1,0.5257667
1221,13,0,0.28067556
1222,3,0,0.51472396
1223,13,1,0.27425507
1224,25,1,0.5384948
1225,26,1,0.34997907
1226,20,1,0.88083947
1227,16,1,0.469093
1228,18,0,0.27918833
1229,0,1,0.5957561
1230,9,0,0.28096634
1231,28,1,0.389079
1232,16,1,0.3535354
1233,19,1,0.87110853
1234,27,0,0.19051625
1235,16,1,0.2911543
1236,22,1,0.4962419
1237,11,1,0.48032504
1238,25,0,0.27821147
1239,9,0,0.20998494
1240,19,1,0.6286155
1241,5,0,0.89204097
1242,24,1,0.5720318
1243,25,0,0.2519901
1244,28,0,0.4876316
1245,16,0,0.3380812
1246,6,0,0.4368394
1247,25,0,0.38826436
1248,19,1,0.5416183
1249,13,1,0.5290748
1250,2,0,0.6148311
1251,2,0,0.28747195
1252,23,1,0.48206264
1253,14,1,0.28193626
1254,2,1,0.7641601
1255,1,1,0.51224303
1256,2,0,0.43191624
1257,17,0,0.47734767
1258,6,0,0.41965583
1259,6,1,0.47711125
1260,2,1,0.9091364
1261,10,1,0.56759685
1262,2,1,0.2206605
1263,15,1,0.44235763
1264,10,1,0.89005667
1265,12,0,0.24153124
1266,26,1,0.53071254
1267,22,0,0.5663108
1268,19,1,0.55973476
1269,8,0,0.42784443
1270,22,1,0.55929136
1271,13,0,0.55863595
1272,25,1,0.23627272
1273,18,0,0.43668213
1274,16,1,0.6422352
1275,19,0,0.50666666
1276,12,0,0.36045864
1277,8,0,0.33699492
1278,1,1,0.42106506
1279,11,1,0.6807226
1280,3,1,0.23753786
1281,27,1,0.5223728
1282,3,1,0.7245004
1283,25,0,0.67846423
1284,6,0,0.5788704
1285,21,1,0.38349116
1286,26,0,0.58039415
1287,7,1,0.5386021
1288,24,1,0.5708971
1289,22,0,0.32367343
1290,1,1,0.50590944
1291,3,1,0.8559398
1292,1,0,0.19836083
1293,11,1,0.5393769
1294,6,1,0.37140328
1295,12,0,0.36440942
1296,13,0,0.3189775
1297,22,1,0.76327145
1298,23,0,0.4581364
1299,18,0,0.55337745
1300,10,0,0.22170585
1301,12,1,0.4962423
1302,10,1,0.39044744
1303,23,0,0.31232277
1304,16,1,0.5321957
1305,17,0,0.25204575
1306,5,0,0.8953374
1307,18,0,0.5511894
1308,8,0,0.21713267
1309,18,1,0.20723166
1310,27,1,0.5981768
1311,11,0,0.41224942
1312,21,0,0.5124191
1313,9,1,0.92980844
1314,7,0,0.2861875
1315,10,1,0.56290376
1316,8,1,0.8339175
1317,7,1,0.8772847
1318,16,1,0.24034484
1319,25,0,0.3859564
1320,11,0,0.5324433
1321,27,1,0.6869434
1322,16,1,0.5640137
1323,4,0,0.31416696
1324,23,0,0.24987075
1325,2,0,0.3238007
1326,16,0,0.22464454
1327,2,0,0.3427579
1328,25,0,0.25035477
1329,28,0,0.22442664
1330,3,1,0.45643952
1331,28,1,0.81816584
1332,7,0,0.81489754
1333,25,1,0.24111494
1334,17,1,0.7523132
1335,5,0,0.40517083
1336,4,1,0.7947611
1337,2,1,0.21036804
1338,2,0,0.29116026
1339,2,0,0.44196907
1340,11,0,0.37447184
1341,25,1,0.6131112
1342,25,0,0.22573298
1343,6,0,0.40968314
1344,9,0,0.4736919
1345,2,1,0.44688976
1346,17,1,0.81841475
1347,8,0,0.23633578
1348,10,1,0.7336367
1349,12,0,0.339123
1350,24,1,0.20620826
1351,18,1,0.2640349
1352,8,1,0.9188288
1353,12,1,0.71665275
1354,1,1,0.25320184
1355,13,0,0.32374847
1356,18,1,0.84936875
1357,8,1,0.34565896
1358,13,0,0.7311335
1359,5,1,0.5899526
1360,26,1,0.42920288
1361,16,0,0.41866237
1362,11,0,0.24707857
1363,11,0,0.63905835
1364,4,0,0.25000826
1365,15,1,0.27387688
1366,25,0,0.45697984
1367,13,0,0.41116
1368,23,1,0.34569812
1369,19,0,0.5140417
1370,21,1,0.50593495
1371,27,1,0.23954989
1372,26,0,0.19677138
1373,4,0,0.35988376
1374,28,1,0.62241685
1375,8,1,0.2746922
1376,3,0,0.62224644
1377,16,0,0.31330281
1378,9,0,0.22320056
1379,27,0,0.21761316
1380,2,0,0.56679195
1381,22,0,0.39223987
1382,15,0,0.38456815
1383,10,1,0.2456126
1384,18,0,0.5461805
1385,6,0,0.6236675
1386,3,1,0.62873644
1387,13,1,0.81406295
1388,12,1,0.5531179
1389,5,0,0.33491918
1390,17,0,0.61780596
1391,18,0,0.21606301
1392,7,1,0.5093956
1393,25,1,0.6536218
1394,28,1,0.90793574
1395,3,0,0.58241796
1396,15,1,0.8556019
1397,12,0,0.47373942
1398,13,0,0.49492124
1399,22,0,0.36871397
1400,2,1,0.22290422
1401,16,0,0.56969285
1402,27,1,0.5475467
1403,10,0,0.40731704
1404,17,0,0.3777049
1405,8,1,0.60967016
1406,12,1,0.4189507
1407,16,0,0.23737112
1408,11,1,0.2573049
1409,5,1,0.6599266
1410,28,1,0.5805776
1411,2,1,0.38602817
1412,24,1,0.44648737
1413,16,1,0.25307602
1414,2,1,0.829637
1415,25,0,0.23086803
1416,1,1,0.563949
1417,13,0,0.19100423
1418,11,0,0.4028045
1419,16,0,0.18881486
1420,25,1,0.45546952
1421,0,1,0.92562866
1422,13,0,0.4071321
1423,17,0,0.51412183
1424,17,0,0.4489732
1425,17,0,0.20350271
1426,12,0,0.48582307
1427,15,1,0.41455826
1428,0,1,0.88580585
1429,10,1,0.8488448
1430,22,1,0.6366115
1431,2,1,0.5299467
1432,22,0,0.5291812
1433,3,0,0.6390041
1434,15,1,0.7826703
1435,1,1,0.23367393
1436,27,1,0.87677747
1437,1,1,0.5871857
1438,13,1,0.4997685
1439,12,0,0.42514947
1440,25,0,0.48755187
1441,15,0,0.5331478
1442,2,1,0.36311838
1443,4,0,0.55688465
1444,27,1,0.53472817
1445,2,1,0.42465705
1446,28,1,0.37267888
1447,28,1,0.6838898
1448,10,1,0.40550897
1449,8,1,0.4330543
1450,25,0,0.36176643
1451,16,1,0.40839857
1452,4,1,0.9082307
1453,17,0,0.7976214
1454,18,1,0.5634608
1455,10,0,0.65219593
1456,19,1,0.34897536
1457,13,1,0.86942023
1458,23,1,0.31783074
1459,3,1,0.82006043
1460,13,1,0.3818384
1461,5,0,0.55949754
1462,17,0,0.19322151
1463,22,1,0.51660454
1464,25,1,0.39749113
1465,13,0,0.24055432
1466,0,1,0.56855774
1467,2,0,0.347224
1468,28,0,0.86687696
1469,28,1,0.8311471
1470,10,1,0.5382302
1471,27,1,0.55120194
1472,19,0,0.20903008
1473,17,1,0.444877
1474,11,1,0.891474
1475,20,1,0.43199408
1476,25,1,0.27276435
1477,26,0,0.25195846
1478,3,0,0.48196906
1479,10,1,0.44170743
1480,6,1,0.5830691
1481,3,0,0.6148663
1482,18,1,0.47370774
1483,10,1,0.5123859
1484,18,0,0.32774195
1485,16,0,0.44743976
1486,1,0,0.29101095
1487,16,0,0.52561253
1488,12,0,0.4364373
1489,26,1,0.5676103
1490,22,1,0.49933285
1491,3,0,0.46101254
1492,25,0,0.22804847
1493,25,1,0.26335984
1494,22,1,0.7586022
1495,17,0,0.5061137
1496,21,1,0.79410625
1497,27,0,0.36566845
1498,6,0,0.2465717
1499,11,1,0.48407403
1500,22,0,0.27969134
1501,5,1,0.38582602
1502,26,1,0.83704275
1503,15,0,0.47137597
1504,9,0,0.22072932
1505,26,1,0.87525964
1506,9,1,0.21881561
1507,28,0,0.29437575
1508,10,1,0.78380305
1509,27,0,0.3096173
1510,24,0,0.24070606
1511,6,1,0.28221896
1512,25,0,0.33954543
1513,7,0,0.27837119
1514,14,0,0.38758996
1515,17,1,0.8631153
1516,25,1,0.8609021
1517,22,1,0.56038886
1518,22,1,0.5493419
1519,0,0,0.24371642
1520,25,1,0.5588825
1521,8,0,0.27419606
1522,17,0,0.5036443
1523,7,1,0.60503304
1524,27,1,0.5725603
1525,12,0,0.2792647
1526,27,0,0.5073232
1527,6,1,0.590236
1528,27,0,0.5350381
1529,11,0,0.41863424
1530,1,1,0.58814585
1531,20,0,0.39059278
1532,15,1,0.764683
1533,15,0,0.33456337
1534,21,1,0.28227943
1535,1,0,0.516776
1536,9,0,0.48695362
1537,20,0,0.9034735
1538,18,0,0.5229627
1539,28,0,0.48164174
1540,10,1,0.8769239
1541,24,1,0.63559216
1542,13,1,0.8425036
1543,22,1,0.533738
1544,13,1,0.44339332
1545,22,0,0.29557577
1546,12,1,0.62973535
1547,17,1,0.37214905
1548,9,0,0.39660478
1549,11,1,0.49115747
1550,19,1,0.8760156
1551,22,0,0.39290038
1552,2,1,0.47565883
1553,18,0,0.40132353
1554,2,1,0.29786223
1555,2,1,0.5516881
1556,18,0,0.35096937
1557,4,1,0.31393176
1558,16,0,0.6284563
1559,12,0,0.3003594
1560,25,1,0.42401803
1561,16,0,0.38694555
1562,1,0,0.34608924
1563,26,1,0.84873694
1564,13,1,0.37885812
1565,0,1,0.93234605
1566,7,0,0.23548138
1567,25,0,0.20968497
1568,10,1,0.5219416
1569,16,1,0.4398939
1570,7,0,0.25732362
1571,8,0,0.21286963
1572,16,1,0.70394707
1573,0,0,0.4126526
1574,17,0,0.25930792
1575,8,1,0.6796246
1576,9,0,0.39419284
1577,1,1,0.6232787
1578,20,0,0.4501359
1579,15,0,0.22125605
1580,13,1,0.57984185
1581,17,0,0.40390244
1582,28,1,0.3379502
1583,2,0,0.24010809
1584,12,0,0.5603168
1585,17,0,0.35178384
1586,20,0,0.53574216
1587,26,0,0.6259863
1588,7,1,0.6611502
1589,3,1,0.7874941
1590,18,1,0.48681703
1591,18,1,0.37332645
1592,11,1,0.6787707
1593,20,1,0.4888164
1594,10,0,0.442909
1595,10,0,0.2265684
1596,21,1,0.2583486
1597,8,0,0.25944886
1598,0,0,0.30949783
1599,27,0,0.42422727
1600,25,1,0.48392403
1601,11,0,0.33389053
1602,12,1,0.548119
1603,14,0,0.4512433
1604,12,0,0.20606832
1605,0,1,0.571662
1606,2,1,0.50189924
1607,1,1,0.38763517
1608,26,0,0.26087028
1609,19,0,0.20552757
1610,11,0,0.5350088
1611,12,1,0.8277408
1612,23,1,0.6613121
1613,26,0,0.45783404
1614,17,1,0.41753092
1615,23,1,0.52106196
1616,8,0,0.20969692
1617,22,1,0.9449003
1618,1,1,0.6132069
1619,28,0,0.5234215
1620,16,1,0.61812603
1621,15,0,0.51881456
1622,16,0,0.21823639
1623,6,0,0.44003263
1624,8,1,0.71212506
1625,15,1,0.5553014
1626,11,1,0.8510831
1627,11,1,0.63044995
1628,8,1,0.33694386
1629,16,1,0.8998874
1630,4,0,0.2601453
1631,5,0,0.5670449
1632,13,1,0.6980831
1633,13,1,0.56326175
1634,19,1,0.3770235
1635,27,1,0.21774432
1636,22,0,0.5450534
1637,20,0,0.7777549
1638,16,0,0.411025
1639,25,1,0.7874842
1640,2,1,0.37298656
1641,19,1,0.66338
1642,25,1,0.2522047
1643,10,1,0.530435
1644,24,1,0.32079896
1645,20,1,0.6507748
1646,13,1,0.7904236
1647,3,0,0.8944785
1648,27,1,0.8333789
1649,14,1,0.55174744
1650,1,0,0.29750708
1651,3,0,0.59410423
1652,0,1,0.71531236
1653,1,0,0.28016773
1654,15,0,0.27345818
1655,24,0,0.23063862
1656,6,1,0.8649517
1657,17,1,0.45922267
1658,2,1,0.6567965
1659,5,0,0.49637628
1660,3,0,0.24758811
1661,2,1,0.43550932
1662,2,0,0.27407932
1663,8,1,0.66845787
1664,16,1,0.6501101
1665,20,0,0.23244111
1666,18,1,0.49444088
1667,8,1,0.66854876
1668,2,1,0.8418158
1669,11,0,0.6738741
1670,1,0,0.50646925
1671,11,0,0.26983643
1672,27,0,0.23135845
1673,26,0,0.43029678
1674,21,1,0.87080634
1675,17,0,0.31534302
1676,26,0,0.25870678
1677,19,1,0.74782085
1678,20,0,0.28629076
1679,13,0,0.23194283
1680,11,1,0.6446032
1681,1,0,0.8173782
1682,2,0,0.3413546
1683,22,0,0.4451693
1684,28,0,0.4542864
1685,14,0,0.33783898
1686,7,1,0.45616272
1687,1,0,0.46376997
1688,19,0,0.45942038
1689,15,0,0.5459162
1690,22,0,0.36403978
1691,11,0,0.5431861
1692,2,0,0.61296314
1693,16,0,0.23821874
1694,2,0,0.5752022
1695,13,0,0.38172373
1696,15,1,0.34044415
1697,21,1,0.7170738
1698,25,0,0.47943285
1699,15,0,0.25136927
1700,27,0,0.3664121
1701,28,1,0.22255427
1702,22,0,0.28278035
1703,23,1,0.24696702
1704,20,0,0.27885297
1705,23,0,0.714017
1706,6,1,0.5331387
1707,21,1,0.8203901
1708,16,0,0.37830943
1709,16,0,0.3152322
1710,5,1,0.6680251
1711,15,1,0.19376647
1712,23,0,0.47651422
1713,2,0,0.50429916
1714,25,1,0.7746421
1715,4,1,0.8082096
1716,18,1,0.57383585
1717,5,1,0.5480089
1718,13,0,0.28198624
1719,10,0,0.19528995
1720,16,1,0.43929404
1721,20,0,0.47397593
1722,12,1,0.6117104
1723,16,1,0.9254278
1724,28,0,0.55485386
1725,16,1,0.8574123
1726,11,0,0.21495838
1727,6,1,0.90690583
1728,23,0,0.35831454
1729,17,1,0.41382733
1730,5,0,0.39275226
1731,24,1,0.36995605
1732,12,0,0.513188
1733,8,0,0.24472807
1734,18,0,0.29453447
1735,8,1,0.41840538
1736,2,1,0.54965496
1737,25,1,0.582476
1738,20,0,0.5192595
1739,14,0,0.36962774
1740,11,0,0.2310896
1741,18,1,0.8629141
1742,8,0,0.35776424
1743,28,1,0.53118175
1744,1,0,0.44609505
1745,7,1,0.66558105
1746,2,1,0.81741405
1747,26,0,0.33719718
1748,11,0,0.22817472
1749,16,0,0.62275094
1750,6,1,0.6452886
1751,5,0,0.26168957
1752,10,1,0.7656314
1753,16,1,0.3509005
1754,2,0,0.41435954
1755,15,0,0.48922065
1756,13,0,0.5115687
1757,23,0,0.49611956
1758,21,1,0.6716507
1759,7,1,0.44616136
1760,18,1,0.48799172
1761,20,0,0.5331403
1762,24,1,0.80345374
1763,2,1,0.22247055
1764,20,0,0.27443248
1765,15,0,0.74358827
1766,0,0,0.7967427
1767,18,0,0.22384597
1768,26,0,0.33405602
1769,14,0,0.43143418
1770,21,1,0.4148477
1771,1,1,0.8706597
1772,22,1,0.5749479
1773,12,0,0.21545944
1774,15,1,0.35857427
1775,25,1,0.5519792
1776,6,1,0.6110435
1777,13,0,0.56240237
1778,0,1,0.72849685
1779,27,1,0.57255584
1780,10,1,0.47402826
1781,27,0,0.69239825
1782,0,1,0.61660564
1783,8,1,0.32330847
1784,23,1,0.25330877
1785,12,1,0.21913283
1786,16,0,0.20919847
1787,8,1,0.6548824
1788,4,1,0.34052923
1789,23,1,0.480466
1790,20,1,0.9250595
1791,14,1,0.22361554
1792,13,1,0.25924146
1793,16,0,0.26637387
1794,22,1,0.5333853
1795,15,1,0.5170926
1796,1,1,0.2761419
1797,16,1,0.417639
1798,2,0,0.8465858
1799,25,0,0.5089384
1800,27,1,0.76994854
1801,14,0,0.22430544
1802,16,1,0.79265183
1803,18,1,0.68567824
1804,15,1,0.37562886
1805,25,1,0.40844756
1806,24,0,0.32075587
1807,22,0,0.35694358
1808,6,1,0.36849117
1809,13,0,0.36529526
1810,13,0,0.3327391
1811,13,1,0.88232493
1812,18,0,0.47998855
1813,16,1,0.9013709
1814,6,0,0.41193143
1815,13,1,0.79072076
1816,16,0,0.30608252
1817,10,0,0.22200707
1818,15,1,0.3925705
1819,17,0,0.3466901
1820,8,0,0.37426326
1821,16,0,0.6368154
1822,21,0,0.24581881
1823,7,1,0.26768306
1824,8,1,0.84099054
1825,12,0,0.43163335
1826,25,0,0.28667665
1827,22,0,0.25250253
1828,1,1,0.79326886
1829,16,1,0.856924
1830,13,1,0.8099812
1831,1,0,0.38440928
1832,13,1,0.76447165
1833,1,1,0.8484943
1834,22,1,0.64590466
1835,15,0,0.396598
1836,26,0,0.4946708
1837,13,0,0.2894009
1838,2,0,0.43412378
1839,15,1,0.526676
1840,7,1,0.51812917
1841,26,1,0.92173195
1842,10,1,0.4175055
1843,2,0,0.3463389
1844,11,0,0.4784145
1845,0,0,0.39167374
1846,21,0,0.6075785
1847,10,1,0.48785868
1848,10,1,0.5962431
1849,1,1,0.39575452
1850,2,1,0.6405418
1851,13,1,0.856361
1852,17,0,0.5741811
1853,16,0,0.28153762
1854,16,1,0.72643125
1855,0,1,0.8245816
1856,28,1,0.42319378
1857,1,0,0.5388522
1858,11,1,0.54941064
1859,15,1,0.28240508
1860,6,1,0.44105598
1861,1,0,0.76050484
1862,16,0,0.26902533
1863,20,0,0.57855105
1864,7,1,0.5414253
1865,8,0,0.49735096
1866,13,0,0.5022896
1867,15,1,0.8170432
1868,12,1,0.93221337
1869,28,0,0.51035875
1870,17,1,0.23736985
1871,13,1,0.20130447
1872,23,0,0.41582724
1873,9,1,0.90231705
1874,8,0,0.2164232
1875,17,1,0.39616045
1876,13,0,0.23958717
1877,10,1,0.6062368
1878,9,0,0.3323906
1879,26,0,0.21884568
1880,16,0,0.3973883
1881,23,0,0.45114675
1882,20,1,0.799845
1883,10,1,0.56190634
1884,0,1,0.7028189
1885,10,0,0.7336601
1886,6,0,0.4276352
1887,11,0,0.5117452
1888,7,0,0.42444003
1889,15,0,0.3852004
1890,25,0,0.26842457
1891,5,0,0.569893
1892,0,1,0.5467298
1893,8,0,0.23998554
1894,25,1,0.439158
1895,24,0,0.45921877
1896,12,0,0.35351706
1897,22,1,0.53096527
1898,15,0,0.33319616
1899,12,1,0.86060876
1900,4,0,0.5919371
1901,13,1,0.5827996
1902,3,1,0.8273309
1903,25,1,0.8558029
1904,8,1,0.28615153
1905,11,1,0.4073834
1906,1,1,0.57565576
1907,26,1,0.2785696
1908,12,1,0.73909485
1909,8,0,0.29913148
1910,19,1,0.41853824
1911,13,1,0.5656303
1912,23,0,0.57438713
1913,10,1,0.62071186
1914,0,0,0.31257093
1915,10,1,0.2856199
1916,27,1,0.37209913
1917,8,1,0.9199681
1918,0,1,0.7361379
1919,14,0,0.26895896
1920,3,0,0.2472964
1921,27,1,0.9161469
1922,5,0,0.22296956
1923,4,1,0.6533524
1924,16,1,0.77457595
1925,25,0,0.68036866
1926,2,1,0.85961264
1927,1,0,0.64254034
1928,11,1,0.5417648
1929,26,1,0.8285563
1930,8,0,0.40550005
1931,6,0,0.2583912
1932,11,1,0.6269423
1933,17,0,0.41208717
1934,13,1,0.21582748
1935,25,0,0.40051594
1936,21,0,0.82758313
1937,13,1,0.3505589
1938,11,0,0.5341103
1939,2,1,0.26937243
1940,10,0,0.25169432
1941,27,1,0.79480416
1942,24,0,0.38113672
1943,12,1,0.54801893
1944,12,0,0.24277833
1945,22,0,0.6099083
1946,25,1,0.41741952
1947,15,0,0.24436247
1948,16,1,0.5051233
1949,26,1,0.5667997
1950,3,1,0.5855962
1951,16,0,0.51747644
1952,8,1,0.7450538
1953,0,0,0.28224263
1954,16,0,0.29385757
1955,25,0,0.40200466
1956,11,0,0.56573576
1957,22,1,0.7602651
1958,28,1,0.6562102
1959,7,1,0.6647933
1960,20,1,0.5113434
1961,11,0,0.41365585
1962,6,1,0.5415829
1963,16,1,0.43116117
1964,23,0,0.5155975
1965,22,0,0.5535473
1966,22,0,0.5053673
1967,20,0,0.20588528
1968,8,0,0.5500746
1969,24,1,0.42201537
1970,3,0,0.46595654
1971,8,0,0.26485765
1972,1,0,0.5302081
1973,25,1,0.8227904
1974,15,0,0.52821755
1975,28,1,0.38067558
1976,2,0,0.530137
1977,17,0,0.5695348
1978,13,0,0.25219974
1979,20,1,0.7623937
1980,25,0,0.41607484
1981,20,0,0.53058493
1982,14,1,0.7306599
1983,2,1,0.88502645
1984,25,1,0.55345035
1985,1,0,0.4339696
1986,1,0,0.35999766
1987,22,0,0.2946955
1988,9,0,0.53959656
1989,22,1,0.7708689
1990,2,1,0.55047315
1991,11,1,0.5345013
1992,6,1,0.28513485
1993,20,0,0.8301432
1994,13,1,0.60055566
1995,8,0,0.6656902
1996,27,0,0.60967284
1997,25,0,0.20636892
1998,0,0,0.34666353
1999,28,1,0.6316376
2000,3,0,0.2167524
2001,0,1,0.50591135
2002,15,1,0.32024583
2003,0,1,0.47738776
2004,13,1,0.5133927
2005,23,0,0.20794554
2006,27,0,0.48339206
2007,7,0,0.39074633
2008,9,0,0.3961446
2009,12,1,0.54053825
2010,18,0,0.5183186
2011,23,0,0.6021056
2012,27,0,0.3378231
2013,1,0,0.32971382
2014,8,0,0.38874125
2015,4,0,0.34264433
2016,2,1,0.6217225
2017,19,0,0.59920996
2018,26,0,0.7476269
2019,15,1,0.68419117
2020,2,1,0.83176476
2021,17,1,0.62874484
2022,25,1,0.46364635
2023,16,0,0.34944767
2024,3,1,0.8276158
2025,28,1,0.67513186
2026,1,1,0.93047005
2027,16,0,0.61955535
2028,12,1,0.61907715
2029,28,1,0.47409466
2030,21,0,0.3696692
2031,3,0,0.2530957
2032,0,0,0.27137482
2033,19,1,0.30562848
2034,2,1,0.53729993
2035,13,0,0.53266525
2036,9,0,0.34611097
2037,8,1,0.47166187
2038,18,1,0.8043136
2039,0,1,0.65786755
2040,23,1,0.4498512
2041,8,0,0.37898538
2042,1,1,0.86789095
2043,0,0,0.3007685
2044,10,0,0.23703347
2045,20,1,0.5031182
2046,6,0,0.85629827
2047,3,0,0.42389408
2048,2,1,0.7428853
2049,20,1,0.4043709
2050,11,0,0.49015346
2051,28,1,0.63030016
2052,1,0,0.21456225
2053,22,1,0.37651202
2054,25,1,0.60773593
2055,15,0,0.4143895
2056,7,0,0.5303024
2057,10,0,0.3041495
2058,3,1,0.4113893
2059,19,1,0.6026663
2060,1,1,0.41625962
2061,3,0,0.2549229
2062,8,0,0.22257234
2063,4,0,0.48041093
2064,16,1,0.43991652
2065,11,1,0.5795705
2066,13,0,0.46582425
2067,13,1,0.20187373
2068,1,0,0.76713574
2069,8,1,0.45969108
2070,21,1,0.36536363
2071,22,0,0.22419235
2072,14,1,0.35682493
2073,24,1,0.7370215
2074,2,0,0.22342424
2075,25,0,0.34548643
2076,26,1,0.46175358
2077,13,1,0.9313608
2078,23,1,0.6324297
2079,28,0,0.49325868
2080,13,0,0.4994527
2081,16,1,0.8615682
2082,26,0,0.57785976
2083,25,0,0.74604774
2084,14,0,0.36448932
2085,0,0,0.56853724
2086,25,1,0.3972387
2087,10,0,0.7625444
2088,13,1,0.3821668
2089,8,0,0.22977774
2090,2,1,0.7609539
2091,28,1,0.8287065
2092,10,0,0.5287593
2093,25,0,0.25323302
2094,8,1,0.23563924
2095,16,1,0.9034919
2096,11,0,0.40290585
2097,16,0,0.31269655
2098,28,0,0.73864836
2099,8,0,0.535042
2100,23,0,0.666147
2101,13,0,0.57701963
2102,26,0,0.7914211
2103,1,1,0.4751177
2104,2,1,0.39258042
2105,27,1,0.47821254
2106,4,0,0.2592409
2107,27,0,0.5880353
2108,2,0,0.34970844
2109,12,0,0.27993342
2110,25,0,0.2272755
2111,28,0,0.6636458
2112,25,1,0.57651174
2113,15,1,0.49499518
2114,13,0,0.3220148
2115,11,0,0.3077036
2116,11,0,0.52399844
2117,15,0,0.2503831
2118,23,1,0.4051727
2119,11,0,0.28685778
2120,9,1,0.24410571
2121,16,1,0.9425485
2122,1,1,0.6688981
2123,13,1,0.43797943
2124,25,1,0.46552476
2125,22,0,0.33822334
2126,4,0,0.6685661
2127,20,1,0.72080487
2128,11,1,0.50766915
2129,1,1,0.24878697
2130,25,0,0.37910858
2131,27,0,0.57379645
2132,19,0,0.430697
2133,14,1,0.9037485
2134,23,1,0.5780094
2135,5,1,0.59389853
2136,4,0,0.4778163
2137,15,0,0.2466058
2138,27,1,0.24965928
2139,1,0,0.23105396
2140,14,1,0.8024596
2141,23,0,0.4447887
2142,8,0,0.7579222
2143,28,0,0.26461276
2144,13,1,0.40674642
2145,25,0,0.5527069
2146,18,0,0.2995644
2147,12,1,0.37590328
2148,16,1,0.76967585
2149,18,1,0.28686503
2150,27,0,0.3152422
2151,26,1,0.84602076
2152,20,1,0.7733807
2153,2,1,0.3228145
2154,8,1,0.65208936
2155,10,0,0.40505585
2156,16,1,0.8275919
2157,22,0,0.23789129
2158,20,0,0.42183954
2159,1,0,0.37899292
2160,6,0,0.57103264
2161,26,0,0.27841797
2162,28,0,0.63547415
2163,20,0,0.27564242
2164,27,0,0.49452838
2165,18,1,0.5433963
2166,10,1,0.29263884
2167,22,1,0.56975025
2168,20,1,0.5060728
2169,7,1,0.5193913
2170,13,1,0.61637425
2171,15,1,0.870968
2172,13,0,0.29105675
2173,5,1,0.35355574
2174,3,1,0.88725245
2175,17,1,0.8923938
2176,22,0,0.68653387
2177,7,0,0.39904502
2178,25,1,0.8268918
2179,6,1,0.8560335
2180,0,1,0.79857683
2181,13,1,0.50701934
2182,6,1,0.8780824
2183,13,0,0.32852772
2184,16,1,0.31740022
2185,2,1,0.7361902
2186,27,0,0.43944106
2187,13,0,0.41547364
2188,21,1,0.5889627
2189,28,1,0.52499485
2190,9,0,0.23079993
2191,15,0,0.23468634
2192,10,0,0.47185525
2193,24,0,0.39126232
2194,3,0,0.23982507
2195,2,0,0.3292377
2196,23,1,0.58504486
2197,2,0,0.29309228
2198,15,0,0.5183496
2199,13,1,0.6602004
2200,18,1,0.4428084
2201,22,0,0.21780609
2202,20,0,0.4161718
2203,11,0,0.25691688
2204,16,1,0.29496637
2205,10,1,0.68736666
2206,2,0,0.2616876
2207,18,0,0.4116837
2208,10,1,0.8544031
2209,18,0,0.4477511
2210,2,1,0.90134144
2211,14,1,0.8854736
2212,2,1,0.75879484
2213,16,0,0.3683135
2214,2,1,0.39237687
2215,3,1,0.56340677
2216,25,0,0.551468
2217,6,0,0.54835206
2218,13,1,0.79112065
2219,6,1,0.4070084
2220,27,1,0.6768258
2221,8,0,0.5942288
2222,1,0,0.25954884
2223,23,0,0.20545186
2224,22,1,0.68262225
2225,10,0,0.39624602
2226,5,0,0.21369885
2227,27,1,0.5350553
2228,16,1,0.43232235
2229,12,1,0.9403075
2230,5,0,0.5433014
2231,28,0,0.46793258
2232,5,1,0.3876713
2233,14,0,0.31304732
2234,14,1,0.50973696
2235,1,0,0.28290725
2236,25,1,0.82124543
2237,7,1,0.34964603
2238,2,0,0.68195605
2239,8,1,0.69435585
2240,15,0,0.4908031
2241,8,0,0.21898319
2242,2,0,0.42646334
2243,25,0,0.39315838
2244,6,0,0.4620336
2245,10,0,0.2876322
2246,1,1,0.53120327
2247,19,1,0.20357834
2248,12,0,0.30187804
2249,20,0,0.22060157
2250,0,1,0.6323065
2251,12,0,0.5363661
2252,14,1,0.4318519
2253,13,0,0.33042097
2254,2,0,0.4273457
2255,15,1,0.55198133
2256,11,0,0.24733186
2257,22,1,0.7812785
2258,6,1,0.4331791
2259,19,1,0.3962048
2260,17,1,0.51404536
2261,11,1,0.5470798
2262,22,0,0.32286575
2263,9,1,0.38694862
2264,3,1,0.8340296
2265,1,1,0.2816654
2266,8,0,0.28593287
2267,10,1,0.9263657
2268,25,1,0.597461
2269,10,1,0.8934981
2270,23,1,0.22160076
2271,24,0,0.85771227
2272,5,1,0.36734596
2273,27,0,0.21223894
2274,13,1,0.44495213
2275,18,0,0.62797314
2276,8,0,0.4336661
2277,8,0,0.22148415
2278,7,1,0.5699458
2279,24,0,0.5410068
2280,14,1,0.45017666
2281,2,1,0.24536468
2282,6,1,0.6005314
2283,20,0,0.2995109
2284,11,1,0.54596853
2285,27,0,0.35927972
2286,10,0,0.39779377
2287,13,1,0.760409
2288,13,1,0.39262018
2289,16,1,0.7924858
2290,8,0,0.34917745
2291,2,0,0.6746117
2292,6,1,0.89077866
2293,17,1,0.37988636
2294,12,0,0.24753132
2295,16,1,0.4635472
2296,15,1,0.7816375
2297,23,1,0.8592917
2298,25,0,0.23421058
2299,13,1,0.57273793
2300,1,0,0.2527577
2301,24,1,0.85404915
2302,15,0,0.25853524
2303,23,1,0.81099224
2304,22,1,0.8293315
2305,19,0,0.7026632
2306,11,1,0.56955177
2307,27,1,0.53996533
2308,15,1,0.4328218
2309,14,0,0.76608616
2310,2,1,0.34812889
2311,27,1,0.8383471
2312,3,0,0.49280712
2313,15,0,0.52260566
2314,2,1,0.87514573
2315,6,1,0.57659316
2316,2,1,0.45073083
2317,25,0,0.84679115
2318,24,0,0.289013
2319,8,0,0.24156201
2320,14,1,0.5918281
2321,11,0,0.5498003
2322,2,0,0.28043005
2323,11,1,0.40583053
2324,14,1,0.57688206
2325,25,0,0.49266976
2326,12,1,0.20607758
2327,17,1,0.39031622
2328,2,0,0.4109445
2329,12,1,0.47211227
2330,0,0,0.2053683
2331,9,1,0.7866126
2332,8,0,0.36006337
2333,10,1,0.42847928
2334,13,1,0.24505939
2335,21,0,0.5664618
2336,16,1,0.6052495
2337,24,0,0.32163373
2338,8,0,0.72339183
2339,16,0,0.4840185
2340,20,0,0.5330718
2341,5,0,0.60875046
2342,22,1,0.8685274
2343,7,0,0.479343
2344,22,1,0.48889974
2345,27,0,0.2160646
2346,20,1,0.28758836
2347,4,0,0.70988584
2348,2,1,0.23010054
2349,0,1,0.5357503
2350,18,1,0.3357819
2351,11,1,0.47956523
2352,15,1,0.6139365
2353,15,0,0.34777418
2354,13,0,0.90175736
2355,15,0,0.35434952
2356,13,1,0.43698478
2357,26,1,0.5371257
2358,12,0,0.21464784
2359,3,0,0.354322
2360,13,1,0.45652378
2361,9,0,0.5156036
2362,12,1,0.9069807
2363,0,1,0.6287787
2364,20,0,0.70354456
2365,13,0,0.32971925
2366,10,0,0.9071415
2367,20,1,0.5088935
2368,25,0,0.19658847
2369,16,0,0.23802245
2370,3,1,0.5780915
2371,20,0,0.5197708
2372,27,1,0.44779053
2373,28,1,0.8981839
2374,10,0,0.41600287
2375,28,0,0.2442698
2376,28,0,0.21368517
2377,18,0,0.42250693
2378,16,1,0.76260805
2379,0,0,0.25524476
2380,2,1,0.5385137
2381,1,1,0.738792
2382,24,1,0.3915079
2383,4,0,0.19953375
2384,16,1,0.8851763
2385,20,0,0.41526183
2386,2,0,0.31825832
2387,13,0,0.3767763
2388,10,0,0.44370657
2389,13,1,0.5279031
2390,9,0,0.48838645
2391,8,1,0.24585547
2392,6,1,0.34411088
2393,12,0,0.20729995
2394,23,0,0.59690976
2395,18,1,0.36347944
2396,17,1,0.9079441
2397,16,1,0.850583
2398,10,0,0.19399305
2399,16,1,0.8499519
2400,25,0,0.29539394
2401,18,0,0.44515908
2402,0,1,0.6608038
2403,1,1,0.5911803
2404,27,0,0.8583225
2405,26,0,0.54182255
2406,19,1,0.47224814
2407,16,0,0.43940943
2408,20,1,0.5431727
2409,12,1,0.53195345
2410,11,1,0.43662348
2411,18,1,0.53589064
2412,9,1,0.5727347
2413,15,1,0.22639328
2414,25,1,0.32980913
2415,2,1,0.8109046
2416,25,0,0.74138707
2417,14,1,0.46116927
2418,1,0,0.401618
2419,7,0,0.40146065
2420,4,0,0.2840422
2421,0,0,0.8854086
2422,21,1,0.67398065
2423,10,1,0.7703863
2424,15,0,0.3242523
2425,19,0,0.24128245
2426,28,1,0.5403597
2427,25,0,0.23358026
2428,2,1,0.47083884
2429,16,0,0.41299498
2430,9,1,0.54640436
2431,25,0,0.4427793
2432,15,0,0.24030094
2433,5,0,0.42133102
2434,14,0,0.6266244
2435,2,0,0.5604638
2436,20,0,0.29187107
2437,25,0,0.3731094
2438,0,0,0.3594394
2439,10,1,0.83450574
2440,0,1,0.367174
2441,25,0,0.50746304
2442,25,1,0.5278791
2443,22,0,0.5513577
2444,15,0,0.22882646
2445,28,0,0.5579172
2446,15,1,0.45981786
2447,23,0,0.2880785
2448,17,1,0.7576656
2449,12,0,0.22102162
2450,2,0,0.5019887
2451,7,0,0.72933716
2452,1,0,0.5824621
2453,1,0,0.4045374
2454,16,0,0.33612576
2455,19,1,0.37579915
2456,26,0,0.2734511
2457,23,0,0.3137625
2458,11,1,0.88735116
2459,25,0,0.41988504
2460,13,1,0.23577869
2461,8,1,0.84424573
2462,0,0,0.29825062
2463,12,1,0.38120535
2464,1,1,0.55748343
2465,24,1,0.54694855
2466,10,1,0.9165075
2467,2,0,0.8047183
2468,6,0,0.7560521
2469,8,0,0.47979254
2470,4,1,0.8815654
2471,10,1,0.5030181
2472,14,0,0.21574098
2473,15,0,0.3507525
2474,11,1,0.6391038
2475,12,0,0.5794575
2476,10,0,0.28310642
2477,0,1,0.20797916
2478,14,0,0.3814934
2479,28,0,0.42426154
2480,14,0,0.46008548
2481,15,0,0.45628613
2482,3,0,0.67014056
2483,25,1,0.81626034
2484,13,0,0.2334927
2485,15,1,0.40327147
2486,12,0,0.5045659
2487,8,1,0.7087511
2488,6,1,0.6095362
2489,23,1,0.7681027
2490,21,1,0.7922256
2491,25,1,0.64628434
2492,3,1,0.55974114
2493,2,1,0.92702097
2494,22,0,0.46179146
2495,22,0,0.30395028
2496,12,1,0.83603317
2497,5,0,0.24736525
2498,25,0,0.2087931
2499,12,1,0.71048886
2500,23,0,0.5143854
2501,16,0,0.7003644
2502,27,1,0.26210105
2503,20,0,0.5106399
2504,22,1,0.48314616
2505,2,1,0.52144
2506,19,1,0.50468993
2507,12,1,0.3516584
2508,0,0,0.6532723
2509,8,0,0.50274396
2510,6,0,0.2186013
2511,25,0,0.4085392
2512,6,0,0.26795232
2513,23,1,0.91280437
2514,1,0,0.27102575
2515,17,1,0.38219318
2516,1,1,0.81942934
2517,26,1,0.8147649
2518,15,1,0.54584
2519,10,1,0.5151577
2520,18,0,0.40415928
2521,16,0,0.2496326
2522,23,1,0.8181122
2523,21,0,0.24390276
2524,25,1,0.73372656
2525,7,1,0.40557036
2526,4,1,0.5836701
2527,22,0,0.26193425
2528,15,0,0.2621769
2529,2,1,0.5126743
2530,6,0,0.79126614
2531,19,1,0.46420524
2532,17,0,0.6313015
2533,5,1,0.87954503
2534,19,0,0.6137964
2535,8,0,0.30662823
2536,25,1,0.7043553
2537,13,0,0.2980668
2538,15,0,0.62347454
2539,11,1,0.21467052
2540,0,0,0.25967586
2541,6,0,0.34815297
2542,10,1,0.8249283
2543,8,1,0.33145797
2544,27,1,0.74617535
2545,10,1,0.71284646
2546,4,1,0.87205833
2547,16,0,0.38409063
2548,3,1,0.52786636
2549,9,0,0.21953633
2550,9,0,0.29441264
2551,27,0,0.4310925
2552,22,0,0.49735698
2553,6,0,0.5658963
2554,27,1,0.70064497
2555,14,1,0.8776627
2556,26,1,0.82216847
2557,18,0,0.21136418
2558,9,0,0.48350662
2559,7,0,0.2886715
2560,17,1,0.6625459
2561,17,1,0.20938383
2562,23,1,0.31200984
2563,4,0,0.39043832
2564,14,0,0.4973679
2565,7,1,0.7033762
2566,18,0,0.42546633
2567,2,1,0.24171191
2568,9,1,0.47081184
2569,2,0,0.51535606
2570,2,0,0.60314924
2571,16,0,0.26284704
2572,18,1,0.56415737
2573,28,1,0.34949255
2574,12,1,0.5604686
2575,19,1,0.50721484
2576,26,1,0.77560544
2577,12,0,0.5873292
2578,24,1,0.59035975
2579,10,1,0.31783947
2580,11,1,0.3818831
2581,25,0,0.38180253
2582,9,0,0.28924692
2583,4,1,0.8346498
2584,1,0,0.25650474
2585,1,0,0.5385668
2586,27,0,0.5225319
2587,28,1,0.8029788
2588,17,1,0.46094516
2589,2,1,0.8778
2590,22,1,0.35627007
2591,3,1,0.31633946
2592,10,0,0.5532721
2593,17,1,0.85370517
2594,2,0,0.7574163
2595,10,1,0.76122093
2596,17,0,0.5375211
2597,10,1,0.3134343
2598,28,0,0.4551753
2599,20,1,0.305973
2600,3,0,0.26328582
2601,22,1,0.78695565
2602,6,1,0.58331007
2603,16,1,0.34065473
2604,3,1,0.24326262
2605,15,1,0.5618066
2606,20,1,0.5624117
2607,26,1,0.90965426
2608,17,0,0.23793533
2609,1,1,0.5837675
2610,25,0,0.5384844
2611,1,0,0.6357542
2612,26,0,0.2713816
2613,13,1,0.7697287
2614,24,1,0.8785698
2615,28,1,0.38568047
2616,14,1,0.5462463
2617,6,0,0.25339854
2618,28,1,0.44114098
2619,2,1,0.5013354
2620,8,0,0.2991104
2621,22,0,0.6036911
2622,16,1,0.82517505
2623,15,1,0.5270618
2624,4,1,0.7142199
2625,14,1,0.6886596
2626,2,0,0.31473985
2627,3,1,0.27418318
2628,3,1,0.6203119
2629,7,1,0.8677272
2630,17,0,0.44464034
2631,4,0,0.4980152
2632,0,0,0.44366845
2633,1,0,0.28253627
2634,13,1,0.53840786
2635,8,1,0.907568
2636,0,0,0.28582275
2637,2,0,0.22424999
2638,17,0,0.46925527
2639,9,1,0.51482975
2640,27,0,0.3331363
2641,15,1,0.7582952
2642,12,0,0.41792327
2643,1,0,0.7212053
2644,13,0,0.23217435
2645,23,1,0.8334817
2646,19,0,0.49309164
2647,6,1,0.53730965
2648,13,0,0.557898
2649,21,1,0.86161447
2650,17,0,0.23762755
2651,14,0,0.37089127
2652,20,1,0.87076247
2653,6,1,0.62822324
2654,26,0,0.27717638
2655,6,0,0.24609943
2656,18,1,0.5470476
2657,8,1,0.9026966
2658,2,0,0.27321187
2659,0,1,0.86693734
2660,13,0,0.27201286
2661,27,1,0.52984434
2662,6,0,0.21658571
2663,19,0,0.64071494
2664,13,0,0.23776029
2665,21,1,0.43926373
2666,15,1,0.44981593
2667,3,0,0.21592945
2668,21,1,0.78190076
2669,27,0,0.4606409
2670,9,0,0.74062204
2671,26,0,0.32573014
2672,2,0,0.7150577
2673,27,0,0.2071187
2674,2,1,0.4173441
2675,7,1,0.5887081
2676,22,0,0.2999069
2677,16,1,0.6642043
2678,12,1,0.8311636
2679,20,1,0.6577902
2680,11,1,0.8589528
2681,28,0,0.37160483
2682,0,1,0.4927917
2683,14,0,0.44743928
2684,6,0,0.31652203
2685,11,1,0.6330638
2686,27,0,0.44486088
2687,11,0,0.43054685
2688,2,1,0.775711
2689,5,0,0.5730139
2690,0,1,0.6571546
2691,14,0,0.5575799
2692,21,0,0.5500889
2693,14,1,0.87624353
2694,13,0,0.41158873
2695,12,0,0.34846044
2696,28,0,0.4550491
2697,28,0,0.50615364
2698,22,0,0.28240678
2699,11,0,0.2503348
2700,13,1,0.8806504
2701,15,0,0.20275393
2702,6,0,0.43077168
2703,2,1,0.24028465
2704,0,1,0.8925464
2705,1,1,0.55096936
2706,24,1,0.26422742
2707,16,0,0.70245206
2708,11,0,0.5720284
2709,15,0,0.41034818
2710,19,1,0.41520298
2711,10,1,0.90677243
2712,0,1,0.29738438
2713,26,0,0.30235583
2714,4,1,0.53641087
2715,11,0,0.31322345
2716,1,0,0.44013104
2717,12,1,0.48548153
2718,23,0,0.47757322
2719,21,0,0.5322294
2720,0,1,0.70506966
2721,6,1,0.5246004
2722,28,1,0.60497016
2723,13,0,0.36020422
2724,23,1,0.3913576
2725,11,1,0.57170135
2726,25,1,0.90800554
2727,22,1,0.8633641
2728,0,1,0.4143527
2729,1,1,0.7525355
2730,22,0,0.2766498
2731,26,0,0.6409561
2732,1,0,0.40972987
2733,5,1,0.79732144
2734,1,1,0.5228552
2735,17,1,0.90952796
2736,27,0,0.26282752
2737,20,1,0.21099815
2738,14,0,0.52762103
2739,15,0,0.4544559
2740,8,1,0.24605814
2741,6,1,0.5251378
2742,25,0,0.57294494
2743,28,0,0.25801015
2744,5,0,0.34610808
2745,17,1,0.36276293
2746,26,1,0.5843574
2747,13,1,0.90392184
2748,1,1,0.2707793
2749,27,0,0.2790909
2750,23,1,0.3748443
2751,13,1,0.88003325
2752,14,1,0.22664332
2753,0,0,0.7001668
2754,1,1,0.91986305
2755,4,0,0.43216524
2756,2,1,0.5589905
2757,11,1,0.49448088
2758,7,1,0.71364486
2759,22,0,0.20353112
2760,5,1,0.7509573
2761,17,0,0.25848854
2762,18,0,0.5754609
2763,5,0,0.39449063
2764,17,1,0.39426026
2765,24,1,0.32950258
2766,2,0,0.5179991
2767,4,0,0.63728637
2768,26,0,0.5526066
2769,3,0,0.76737
2770,26,0,0.2873269
2771,0,1,0.55002856
2772,19,1,0.44491392
2773,8,0,0.54294163
2774,4,1,0.9027825
2775,24,0,0.24258249
2776,13,0,0.72516197
2777,25,1,0.61953664
2778,26,1,0.7249986
2779,16,0,0.28790143
2780,2,0,0.30242613
2781,6,1,0.5980919
2782,1,1,0.7944063
2783,13,1,0.22256872
2784,23,1,0.64573205
2785,25,1,0.43596888
2786,3,1,0.4483799
2787,26,0,0.24236767
2788,1,0,0.26839373
2789,22,0,0.64173985
2790,8,1,0.8982496
2791,4,1,0.2695635
2792,27,1,0.58828133
2793,19,0,0.24790823
2794,17,1,0.5121961
2795,17,0,0.56080765
2796,16,1,0.29113024
2797,11,0,0.2396134
2798,1,0,0.33237797
2799,2,1,0.83969176
2800,22,1,0.67950845
2801,13,1,0.47862878
2802,23,1,0.696289
2803,2,1,0.7781036
2804,16,1,0.55970114
2805,17,1,0.41182417
2806,20,0,0.19120081
2807,17,0,0.56919676
2808,10,0,0.44009265
2809,23,1,0.7473921
2810,0,0,0.2864706
2811,2,1,0.46500793
2812,10,0,0.7336714
2813,22,0,0.299627
2814,16,0,0.26169622
2815,17,0,0.5013029
2816,7,1,0.42853415
2817,22,1,0.5473336
2818,13,0,0.88017017
2819,8,1,0.6285298
2820,26,1,0.30044937
2821,11,0,0.74869835
2822,9,0,0.25800315
2823,24,0,0.49676368
2824,25,0,0.53809744
2825,8,0,0.54511786
2826,26,0,0.37631363
2827,27,0,0.2050438
2828,26,1,0.7047114
2829,8,0,0.2447701
2830,10,0,0.39415374
2831,7,0,0.4844962
2832,7,1,0.68604994
2833,23,1,0.6008008
2834,22,1,0.30639437
2835,12,0,0.29281572
2836,17,0,0.24511673
2837,11,1,0.53630924
2838,3,0,0.24727193
2839,27,0,0.3078005
2840,12,0,0.47169358
2841,27,0,0.6274491
2842,5,1,0.84978384
2843,8,1,0.88472104
2844,26,0,0.6199827
2845,11,1,0.26893044
2846,10,1,0.54044724
2847,8,0,0.26312166
2848,2,1,0.23662727
2849,11,1,0.4896001
2850,14,0,0.6100983
2851,16,0,0.26197344
2852,26,0,0.41645974
2853,25,1,0.6205043
2854,22,0,0.5172496
2855,25,0,0.60128474
2856,28,1,0.7440158
2857,12,0,0.5972474
2858,11,0,0.46248278
2859,24,1,0.6737654
2860,18,1,0.83135617
2861,23,1,0.30538186
2862,21,1,0.28629485
2863,1,1,0.5193065
2864,10,1,0.68327415
2865,9,0,0.25739738
2866,2,1,0.8318943
2867,2,0,0.30091694
2868,26,1,0.7935477
2869,6,0,0.52036136
2870,1,1,0.8138294
2871,22,1,0.24254435
2872,20,0,0.8667948
2873,6,0,0.3017852
2874,10,1,0.70535547
2875,13,1,0.38094607
2876,0,1,0.9043324
2877,3,0,0.4773552
2878,12,0,0.28994492
2879,16,1,0.5121714
2880,28,1,0.8022386
2881,13,1,0.54008377
2882,16,1,0.5000982
2883,13,0,0.53521
2884,2,1,0.4472369
2885,18,0,0.31132627
2886,20,1,0.74975693
2887,25,0,0.30931556
2888,10,1,0.9212041
2889,16,1,0.24284273
2890,4,1,0.50538933
2891,21,1,0.9136767
2892,15,1,0.42846975
2893,10,0,0.2881445
2894,14,1,0.54017186
2895,9,1,0.34489077
2896,9,0,0.2943485
2897,1,1,0.4963288
2898,27,1,0.8620953
2899,13,0,0.37292624
2900,18,0,0.27935115
2901,8,1,0.53096664
2902,2,0,0.23354839
2903,13,1,0.69152504
2904,4,0,0.58329
2905,18,1,0.4265484
2906,20,1,0.82450694
2907,1,0,0.5609123
2908,13,1,0.5404982
2909,18,0,0.40270948
2910,10,1,0.4329792
2911,7,1,0.86281985
2912,20,0,0.73544407
2913,3,1,0.42129984
2914,28,1,0.39729556
2915,3,1,0.60121495
2916,17,0,0.4372925
2917,16,1,0.9229301
2918,9,0,0.64887303
2919,15,0,0.24474587
2920,27,1,0.86484987
2921,20,0,0.4562581
2922,3,1,0.9316924
2923,10,0,0.20143299
2924,18,0,0.32747698
2925,8,0,0.6986581
2926,25,1,0.54783106
2927,21,1,0.557564
2928,0,0,0.2469721
2929,12,1,0.47550467
2930,0,0,0.50883293
2931,3,1,0.5062977
2932,23,0,0.3219726
2933,4,0,0.29163733
2934,14,0,0.38234863
2935,15,1,0.49120936
2936,13,1,0.46022886
2937,11,0,0.46098462
2938,25,1,0.42787817
2939,4,0,0.79619205
2940,13,1,0.49961138
2941,23,0,0.81684136
2942,26,0,0.43361056
2943,22,0,0.24048497
2944,7,1,0.5078432
2945,2,0,0.24946246
2946,26,0,0.4802462
2947,11,0,0.4620513
2948,22,0,0.23368484
2949,22,0,0.5057971
2950,14,1,0.34651667
2951,13,1,0.74113166
2952,13,1,0.376288
2953,4,1,0.40956527
2954,1,0,0.45478198
2955,9,0,0.573631
2956,20,0,0.6266676
2957,6,1,0.56711763
2958,6,0,0.36850154
2959,20,0,0.33715698
2960,5,1,0.5804735
2961,12,0,0.53489006
2962,23,1,0.28302556
2963,6,0,0.39369842
2964,1,1,0.337406
2965,15,0,0.42385662
2966,13,0,0.2993471
2967,2,1,0.85094535
2968,10,1,0.2196461
2969,22,0,0.58256793
2970,28,0,0.5941367
2971,12,0,0.46287084
2972,0,1,0.91321266
2973,2,1,0.34984252
2974,8,1,0.8025755
2975,25,0,0.43694353
2976,1,0,0.28070065
2977,9,1,0.4498682
2978,14,1,0.30404562
2979,13,1,0.9113696
2980,11,0,0.5237594
2981,2,0,0.27254355
2982,6,1,0.9160459
2983,27,0,0.32627484
2984,3,1,0.7514139
2985,28,0,0.5097952
2986,17,0,0.57424605
2987,23,0,0.25650004
2988,11,1,0.7150034
2989,11,1,0.8295154
2990,14,1,0.8431639
2991,18,0,0.5253928
2992,16,1,0.60399336
2993,20,1,0.572727
2994,11,1,0.43617445
2995,19,1,0.54901284
2996,22,0,0.5210764
2997,10,1,0.48875314
2998,19,1,0.48954144
2999,9,0,0.4954907
3000,10,1,0.93050325
3001,1,0,0.2805103
3002,5,1,0.43088233
3003,15,0,0.26998794
3004,0,0,0.56031543
3005,9,0,0.39977437
3006,12,1,0.4426994
3007,22,1,0.79207206
3008,25,1,0.2785245
3009,18,1,0.7890419
3010,16,1,0.88990223
3011,2,0,0.23656932
3012,3,0,0.20905238
3013,15,0,0.27725446
3014,11,1,0.892985
3015,1,1,0.68220305
3016,2,0,0.43707243
3017,25,0,0.4352158
3018,17,1,0.45464757
3019,1,0,0.3881717
3020,24,1,0.8199444
3021,16,0,0.4904538
3022,6,1,0.32157528
3023,3,0,0.46316525
3024,11,1,0.5232065
3025,11,0,0.27323085
3026,1,1,0.54942137
3027,14,1,0.5621874
3028,2,0,0.6224019
3029,11,1,0.9162439
3030,17,1,0.21950053
3031,4,1,0.80220914
3032,16,1,0.51384896
3033,27,1,0.6255403
3034,22,1,0.6318821
3035,28,1,0.5571585
3036,23,0,0.42814127
3037,9,0,0.43177423
3038,12,0,0.4637226
3039,18,0,0.25561026
3040,23,0,0.33624205
3041,18,1,0.9253378
3042,11,1,0.31650844
3043,25,0,0.5199356
3044,25,0,0.6289397
3045,10,0,0.43326932
3046,15,1,0.57928425
3047,26,1,0.55705315
3048,7,1,0.4214054
3049,1,0,0.55875707
3050,19,1,0.9314502
3051,5,1,0.20322083
3052,27,0,0.7478564
3053,10,1,0.7223477
3054,25,1,0.45657855
3055,10,0,0.49087754
3056,19,0,0.39617553
3057,19,0,0.27197683
3058,12,1,0.52268505
3059,8,1,0.85859025
3060,24,0,0.4276111
3061,10,0,0.4700059
3062,13,1,0.21723069
3063,17,0,0.55950826
3064,10,0,0.23818514
3065,8,1,0.7817241
3066,23,1,0.47670573
3067,15,0,0.44197565
3068,10,0,0.67479527
3069,12,1,0.41469097
3070,16,0,0.27200758
3071,9,0,0.32319766
3072,16,1,0.2525242
3073,13,1,0.36655763
3074,13,1,0.30813256
3075,16,1,0.8686928
3076,11,0,0.4245344
3077,8,1,0.347282
3078,12,0,0.36341503
3079,7,1,0.90159816
3080,6,0,0.5918072
3081,25,1,0.50459975
3082,8,0,0.56133723
3083,21,1,0.47321102
3084,11,0,0.6196083
3085,28,0,0.23279206
3086,6,1,0.4943237
3087,0,1,0.5734638
3088,5,0,0.2653326
3089,16,0,0.7099864
3090,3,1,0.6961487
3091,17,1,0.7575952
3092,12,0,0.5239478
3093,8,1,0.39465913
3094,2,0,0.25682405
3095,18,0,0.3574226
3096,26,1,0.4919864
3097,12,0,0.21477139
3098,27,0,0.38140664
3099,25,1,0.55398464
3100,13,0,0.25028983
3101,8,0,0.18910976
3102,4,1,0.93115246
3103,28,1,0.85204154
3104,18,1,0.6063419
3105,2,0,0.5777472
3106,1,1,0.29123148
3107,28,1,0.22254203
3108,23,0,0.23989242
3109,18,0,0.5689757
3110,12,1,0.6182423
3111,16,0,0.24291424
3112,11,1,0.59061533
3113,1,0,0.6877953
3114,28,0,0.3780989
3115,13,1,0.66853106
3116,22,1,0.8533461
3117,5,1,0.34096026
3118,12,0,0.38140973
3119,18,0,0.22844526
3120,12,1,0.7467728
3121,26,1,0.8578006
3122,6,0,0.5133223
3123,16,1,0.53176796
3124,16,1,0.94603
3125,16,0,0.5451728
3126,22,0,0.553632
3127,12,1,0.48196286
3128,16,1,0.28680035
3129,3,1,0.5844479
3130,12,1,0.52437
3131,11,0,0.33805645
3132,17,1,0.2392834
3133,11,1,0.70671886
3134,0,0,0.51376027
3135,25,1,0.4395619
3136,2,0,0.51101893
3137,20,0,0.3693863
3138,25,0,0.2600309
3139,1,0,0.35807174
3140,27,1,0.29736215
3141,8,1,0.601379
3142,8,0,0.21921813
3143,2,1,0.92737937
3144,22,0,0.6561658
3145,4,0,0.3504336
3146,1,1,0.8359035
3147,25,1,0.73434937
3148,28,0,0.24423504
3149,26,1,0.65248173
3150,2,1,0.3678351
3151,10,1,0.4618422
3152,7,1,0.31479692
3153,13,1,0.80622274
3154,6,1,0.47290087
3155,15,1,0.2727173
3156,3,0,0.42228797
3157,25,0,0.28654882
3158,16,1,0.36102885
3159,25,1,0.8925977
3160,11,1,0.77812964
3161,18,1,0.33123857
3162,2,0,0.22009021
3163,8,1,0.6086666
3164,0,1,0.38035777
3165,13,1,0.23431526
3166,27,1,0.9364089
3167,16,0,0.7716509
3168,20,0,0.66176885
3169,26,1,0.90489
3170,7,1,0.7444033
3171,16,0,0.6859265
3172,10,0,0.5882754
3173,8,0,0.2210456
3174,24,0,0.23788534
3175,11,1,0.77173924
3176,23,1,0.66155064
3177,20,0,0.23869823
3178,19,0,0.8353054
3179,27,0,0.2522719
3180,10,0,0.26936996
3181,20,0,0.39114243
3182,1,1,0.37311363
3183,15,1,0.5802105
3184,16,1,0.8160931
3185,13,0,0.7156471
3186,26,0,0.5133953
3187,20,0,0.65555507
3188,11,1,0.43551075
3189,25,0,0.29060522
3190,11,0,0.35620227
3191,2,1,0.71933514
3192,18,0,0.4117374
3193,16,1,0.7198968
3194,2,0,0.22365771
3195,15,0,0.33536097
3196,18,0,0.43005285
3197,26,0,0.41288328
3198,9,1,0.5974063
3199,1,1,0.39920843
3200,13,0,0.2204395
3201,21,1,0.5793014
3202,19,0,0.51987773
3203,3,0,0.2898684
3204,25,0,0.831985
3205,9,0,0.26934364
3206,12,1,0.8171179
3207,12,0,0.49601677
3208,4,1,0.5787762
3209,25,1,0.52174383
3210,13,1,0.56986755
3211,25,1,0.7911339
3212,8,1,0.59446764
3213,4,1,0.30058172
3214,4,0,0.2645324
3215,18,1,0.8239068
3216,24,0,0.6082164
3217,26,0,0.33705372
3218,10,1,0.6531428
3219,18,0,0.28903183
3220,12,1,0.3959928
3221,19,0,0.28658608
3222,5,0,0.26301748
3223,25,1,0.63118094
3224,5,1,0.67431325
3225,1,0,0.8895652
3226,4,0,0.2708693
3227,6,1,0.8961511
3228,15,1,0.48924085
3229,25,1,0.25932494
3230,5,0,0.44617397
3231,11,1,0.8616076
3232,21,0,0.24240434
3233,13,0,0.537717
3234,25,1,0.8791547
3235,18,0,0.5309519
3236,13,0,0.50126016
3237,20,1,0.22777408
3238,22,0,0.395031
3239,6,0,0.4618885
3240,20,0,0.32685405
3241,12,0,0.40489584
3242,11,0,0.23304993
3243,25,1,0.62785983
3244,28,1,0.22101136
3245,2,0,0.39393377
3246,11,1,0.2896439
3247,25,0,0.27848053
3248,13,1,0.8303143
3249,17,1,0.53273726
3250,3,1,0.49138418
3251,27,0,0.37947646
3252,26,1,0.29958048
3253,2,1,0.32641497
3254,1,0,0.6277851
3255,6,1,0.8732
3256,15,1,0.47663283
3257,17,0,0.32085475
3258,5,0,0.28537458
3259,28,1,0.5683616
3260,23,1,0.6834611
3261,2,1,0.5519105
3262,25,0,0.23765595
3263,4,1,0.43983892
3264,2,1,0.8864504
3265,12,1,0.5810107
3266,10,0,0.5285292
3267,10,1,0.50854796
3268,6,0,0.27211052
3269,15,1,0.28656256
3270,15,1,0.35712063
3271,21,1,0.6535354
3272,6,1,0.7052416
3273,26,0,0.4204024
3274,26,0,0.7750374
3275,1,0,0.5175034
3276,13,0,0.31026524
3277,4,0,0.3251902
3278,25,0,0.274081
3279,28,1,0.52373457
3280,24,0,0.52230257
3281,0,1,0.51662254
3282,1,1,0.565656
3283,20,1,0.61266834
3284,12,1,0.79704285
3285,8,0,0.48792353
3286,22,1,0.8432077
3287,16,1,0.58865845
3288,1,1,0.5825059
3289,12,1,0.5775653
3290,28,0,0.33004338
3291,28,1,0.84089327
3292,3,1,0.64195216
3293,28,1,0.7603193
3294,13,0,0.4635513
3295,14,0,0.40448332
3296,13,1,0.9095865
3297,14,0,0.27993533
3298,4,0,0.2785297
3299,8,1,0.4562499
3300,7,0,0.518266
3301,10,0,0.50376934
3302,13,1,0.2588701
3303,1,1,0.893223
3304,14,1,0.24468702
3305,11,0,0.22940092
3306,15,1,0.57334185
3307,17,1,0.3875986
3308,1,1,0.37137043
3309,16,0,0.85791034
3310,1,1,0.44628516
3311,6,0,0.5498132
3312,4,0,0.66632575
3313,2,1,0.84018123
3314,10,1,0.74072516
3315,10,1,0.26931188
3316,2,0,0.30987847
3317,7,0,0.5337793
3318,16,0,0.27306792
3319,11,0,0.2647739
3320,12,0,0.24852899
3321,4,0,0.6036065
3322,19,1,0.78368735
3323,15,0,0.51320153
3324,6,0,0.4010551
3325,17,0,0.6683235
3326,10,1,0.6723244
3327,6,1,0.62811965
3328,26,0,0.34000608
3329,15,1,0.62493354
3330,15,0,0.24482584
3331,11,1,0.3176921
3332,8,0,0.37235242
3333,20,0,0.22465207
3334,13,0,0.3035188
3335,10,1,0.37828898
3336,28,0,0.37049058
3337,25,0,0.3022742
3338,16,1,0.7078298
3339,16,0,0.20421706
3340,1,1,0.88252234
3341,13,1,0.55153173
3342,10,0,0.3400702
3343,2,1,0.60722685
3344,15,1,0.82574874
3345,18,0,0.43875667
3346,2,0,0.5677786
3347,13,0,0.40607736
3348,12,0,0.38641268
3349,16,0,0.71421677
3350,24,1,0.25944015
3351,20,1,0.51552165
3352,13,0,0.4194192
3353,14,0,0.23645681
3354,25,0,0.3242157
3355,5,1,0.66122323
3356,16,0,0.24712865
3357,16,1,0.8830997
3358,10,0,0.22211345
3359,8,1,0.8384006
3360,15,0,0.56314594
3361,25,1,0.5433194
3362,8,0,0.50036484
3363,18,0,0.30641603
3364,10,0,0.41813073
3365,2,0,0.4324559
3366,17,0,0.74182695
3367,13,1,0.725226
3368,10,1,0.5393048
3369,15,0,0.518396
3370,10,1,0.7276313
3371,27,1,0.43453434
3372,2,0,0.2411487
3373,11,0,0.80196697
3374,15,0,0.3083746
3375,6,0,0.4127747
3376,18,0,0.35392892
3377,13,0,0.42816794
3378,12,1,0.45596337
3379,25,1,0.4538601
3380,7,0,0.24000894
3381,19,1,0.49610385
3382,2,0,0.65392333
3383,20,1,0.5583785
3384,17,0,0.2657067
3385,17,0,0.47335392
3386,24,0,0.2542783
3387,11,1,0.719376
3388,14,1,0.4808096
3389,13,1,0.8644166
3390,23,1,0.8313584
3391,21,1,0.7288208
3392,21,1,0.5278291
3393,27,0,0.77409875
3394,20,0,0.33538172
3395,12,0,0.257381
3396,23,0,0.50558233
3397,15,1,0.6062044
3398,12,0,0.57187724
3399,10,1,0.7638747
3400,5,0,0.23239227
3401,17,1,0.7274386
3402,11,1,0.33098704
3403,11,1,0.5972757
3404,13,1,0.3459481
3405,8,0,0.7157854
3406,1,1,0.8986854
3407,13,1,0.7766332
3408,15,0,0.3805605
3409,12,1,0.33671921
3410,9,0,0.4172164
3411,10,1,0.8570856
3412,8,0,0.45947433
3413,1,0,0.34497863
3414,0,0,0.75563264
3415,20,0,0.22871336
3416,17,1,0.66598463
3417,18,1,0.31319216
3418,23,1,0.4907753
3419,3,1,0.37164363
3420,2,1,0.54188997
3421,8,1,0.9223821
3422,15,0,0.48783314
3423,8,0,0.54074764
3424,13,1,0.4378205
3425,27,0,0.3282037
3426,12,1,0.53195566
3427,19,1,0.69777393
3428,0,0,0.27122024
3429,14,0,0.22506905
3430,1,1,0.51937735
3431,13,1,0.37722945
3432,0,1,0.40454695
3433,8,1,0.47389346
3434,11,1,0.3257731
3435,9,1,0.7837343
3436,14,0,0.76995265
3437,5,1,0.87817776
3438,26,0,0.37927222
3439,9,1,0.5441198
3440,22,1,0.68489707
3441,25,1,0.29212013
3442,9,0,0.25519085
3443,10,0,0.45859808
3444,19,1,0.57516617
3445,28,1,0.80843955
3446,26,0,0.484202
3447,11,0,0.34199518
3448,11,1,0.849014
3449,15,0,0.39766505
3450,11,1,0.21654423
3451,15,1,0.6850318
3452,15,1,0.534941
3453,27,0,0.54589516
3454,7,1,0.5824481
3455,22,1,0.78223467
3456,12,1,0.53249747
3457,11,0,0.65325695
3458,27,0,0.38478318
3459,15,1,0.90716
3460,7,0,0.29564196
3461,16,1,0.5339666
3462,9,1,0.70948106
3463,12,0,0.39461616
3464,21,1,0.88545066
3465,13,1,0.5044148
3466,7,0,0.21942838
3467,12,0,0.64691275
3468,23,1,0.2365253
3469,13,0,0.2549542
3470,2,1,0.37224725
3471,2,0,0.27081463
3472,10,1,0.5161947
3473,13,1,0.72119415
3474,8,0,0.5068692
3475,20,0,0.71855897
3476,6,0,0.57160443
3477,16,1,0.25349033
3478,2,0,0.40438396
3479,0,1,0.5230059
3480,22,1,0.73784095
3481,11,0,0.52878314
3482,20,1,0.7341086
3483,12,0,0.38562286
3484,13,0,0.50554657
3485,27,0,0.34184688
3486,19,0,0.4544828
3487,14,0,0.2739925
3488,8,0,0.30492064
3489,16,0,0.24909732
3490,18,0,0.35350707
3491,19,1,0.53671837
3492,12,0,0.31366035
3493,1,0,0.54108906
3494,4,1,0.8721027
3495,12,1,0.63624763
3496,26,0,0.25286177
3497,22,1,0.7132924
3498,22,0,0.41795677
3499,4,0,0.6749044
3500,12,0,0.25086385
3501,8,1,0.50468415
3502,27,0,0.23899604
3503,14,0,0.32319188
3504,18,1,0.23962031
3505,18,0,0.3692461
3506,11,0,0.36327198
3507,7,1,0.8373242
3508,18,0,0.5643293
3509,28,0,0.2827915
3510,16,0,0.50991905
3511,26,0,0.75254864
3512,27,1,0.60252845
3513,13,0,0.29681215
3514,20,0,0.26951194
3515,27,1,0.43482527
3516,16,0,0.5328682
3517,0,1,0.5543383
3518,8,0,0.2774162
3519,10,1,0.5524466
3520,0,1,0.48140067
3521,3,1,0.5889791
3522,4,0,0.59932184
3523,16,0,0.92265797
3524,27,1,0.65156907
3525,3,1,0.40346003
3526,2,1,0.43737027
3527,3,0,0.28846505
3528,24,0,0.23458171
3529,25,1,0.26769415
3530,1,1,0.5628366
3531,9,0,0.77157104
3532,9,1,0.40464655
3533,5,0,0.45989308
3534,9,1,0.67208225
3535,14,0,0.53472775
3536,2,0,0.38558462
3537,8,1,0.5642759
3538,5,1,0.38297737
3539,2,0,0.32822394
3540,27,0,0.23198584
3541,25,1,0.42970377
3542,27,1,0.7531463
3543,7,1,0.33590785
3544,26,0,0.3736169
3545,16,0,0.29545623
3546,20,0,0.50582284
3547,4,1,0.4491069
3548,2,0,0.2020963
3549,26,0,0.46925884
3550,9,1,0.8427804
3551,8,0,0.49845892
3552,25,0,0.5666113
3553,25,1,0.7149255
3554,22,1,0.9066384
3555,1,1,0.23837806
3556,18,1,0.4742228
3557,8,0,0.5376463
3558,26,1,0.8289955
3559,15,0,0.26765883
3560,13,0,0.6972679
3561,21,0,0.37457523
3562,14,0,0.22427893
3563,16,0,0.5918656
3564,23,1,0.4939789
3565,26,1,0.559738
3566,27,1,0.49183536
3567,9,0,0.22047009
3568,20,1,0.85767704
3569,11,1,0.5573143
3570,5,1,0.54355985
3571,15,1,0.23001023
3572,13,1,0.7264821
3573,12,0,0.24102558
3574,28,1,0.41912106
3575,22,1,0.74952656
3576,26,1,0.8178155
3577,20,0,0.4697899
3578,20,0,0.46995172
3579,3,0,0.24093525
3580,9,0,0.5686383
3581,3,0,0.28413653
3582,16,1,0.7599878
3583,26,1,0.5965392
3584,22,0,0.40290686
3585,22,0,0.30385023
3586,25,0,0.404631
3587,26,0,0.39507502
3588,27,1,0.92816144
3589,16,0,0.43534306
3590,15,1,0.85401237
3591,10,1,0.24198586
3592,8,0,0.5512773
3593,28,1,0.46339557
3594,26,1,0.9472253
3595,28,1,0.43473467
3596,11,0,0.25522694
3597,2,1,0.74044734
3598,10,0,0.5677648
3599,7,1,0.681916
3600,13,1,0.8297943
3601,26,1,0.29915473
3602,11,1,0.25388524
3603,13,1,0.43399015
3604,1,1,0.60650045
3605,23,0,0.49715137
3606,21,0,0.4396777
3607,25,0,0.4600772
3608,18,0,0.23545547
3609,16,1,0.5100024
3610,2,1,0.46091282
3611,28,1,0.61450994
3612,26,0,0.6110724
3613,15,0,0.30155808
3614,28,0,0.305599
3615,26,0,0.2506195
3616,14,1,0.48000404
3617,5,1,0.4047284
3618,26,0,0.88131535
3619,18,1,0.8779539
3620,8,0,0.2644538
3621,13,0,0.4111878
3622,15,0,0.6640978
3623,13,0,0.32968733
3624,24,1,0.56581116
3625,25,1,0.28865212
3626,10,1,0.6206001
3627,0,1,0.5362572
3628,1,0,0.51119155
3629,16,1,0.5563464
3630,12,0,0.20934004
3631,16,0,0.25272375
3632,13,0,0.43395984
3633,1,0,0.4162448
3634,2,1,0.4378847
3635,25,0,0.22297996
3636,18,1,0.37287882
3637,15,1,0.8586374
3638,3,1,0.46913803
3639,17,0,0.39823142
3640,2,0,0.47448832
3641,4,0,0.34588787
3642,28,0,0.27921185
3643,13,1,0.4739258
3644,3,0,0.5763827
3645,2,1,0.60079175
3646,20,1,0.4571999
3647,18,1,0.8778979
3648,11,1,0.5270697
3649,3,0,0.85445833
3650,14,0,0.9214082
3651,6,1,0.4545692
3652,18,0,0.45931366
3653,8,0,0.564284
3654,16,0,0.43895906
3655,10,1,0.26557136
3656,13,0,0.24038683
3657,3,0,0.23137276
3658,19,0,0.81961316
3659,8,0,0.3392858
3660,8,1,0.71690714
3661,4,0,0.43729827
3662,12,0,0.8480297
3663,26,0,0.8588143
3664,2,0,0.32277718
3665,7,0,0.3023347
3666,12,0,0.2834935
3667,21,1,0.84748423
3668,22,0,0.64840037
3669,8,0,0.29608455
3670,16,1,0.57551914
3671,13,1,0.6093113
3672,7,1,0.6946972
3673,15,0,0.36240107
3674,25,0,0.37453812
3675,0,0,0.24039303
3676,7,1,0.48442155
3677,15,1,0.5490748
3678,16,0,0.46878177
3679,12,1,0.47737798
3680,26,0,0.48986563
3681,12,0,0.24443407
3682,3,0,0.5497146
3683,28,1,0.75417954
3684,6,0,0.24831611
3685,15,0,0.4113923
3686,6,1,0.29167783
3687,16,0,0.29546484
3688,7,0,0.3768123
3689,8,1,0.74087673
3690,11,1,0.8925335
3691,28,0,0.60437155
3692,0,1,0.40957972
3693,2,1,0.49968904
3694,15,0,0.24869259
3695,13,0,0.46178007
3696,13,1,0.41941854
3697,3,0,0.23855054
3698,13,1,0.2512831
3699,7,1,0.62982655
3700,15,1,0.6268858
3701,2,1,0.40171802
3702,2,1,0.28128725
3703,13,0,0.4902119
3704,2,1,0.28834054
3705,26,1,0.8347013
3706,2,1,0.55432236
3707,27,0,0.4629589
3708,3,0,0.22784783
3709,15,1,0.32718623
3710,8,1,0.55995333
3711,4,1,0.80444825
3712,15,0,0.5873444
3713,8,0,0.57369787
3714,6,1,0.3567159
3715,6,0,0.2602382
3716,2,0,0.4659612
3717,2,0,0.8706635
3718,1,0,0.41142803
3719,11,0,0.24765559
3720,13,1,0.5549501
3721,4,0,0.8153252
3722,0,0,0.6366083
3723,7,0,0.19906096
3724,2,0,0.42327154
3725,13,1,0.5323617
3726,19,0,0.41767174
3727,0,1,0.35170913
3728,10,0,0.23045029
3729,25,0,0.22075698
3730,16,1,0.89730275
3731,23,0,0.7987451
3732,13,0,0.27492312
3733,8,0,0.5374995
3734,16,1,0.80087084
3735,14,0,0.24810372
3736,23,1,0.86458665
3737,24,1,0.5066257
3738,13,0,0.4708154
3739,11,0,0.28450876
3740,17,0,0.5588372
3741,13,0,0.2748967
3742,12,0,0.36696818
3743,2,1,0.9318101
3744,11,1,0.6085315
3745,18,1,0.7708913
3746,16,1,0.2404682
3747,10,1,0.6672516
3748,12,0,0.38667646
3749,22,1,0.70420545
3750,13,0,0.32060465
3751,3,0,0.35613653
3752,13,1,0.27251267
3753,23,0,0.31492245
3754,15,0,0.36144537
3755,26,1,0.8556176
3756,16,0,0.55710495
3757,17,1,0.45192984
3758,12,0,0.5998801
3759,27,0,0.54937494
3760,10,1,0.24354507
3761,28,0,0.60092336
3762,7,1,0.44941175
3763,13,1,0.28086278
3764,13,1,0.8892093
3765,2,0,0.3439899
3766,12,0,0.4313907
3767,1,1,0.8953049
3768,19,0,0.46362767
3769,7,0,0.77036935
3770,2,0,0.21447869
3771,9,1,0.3676908
3772,17,0,0.32735634
3773,19,1,0.21897857
3774,0,0,0.22813322
3775,5,1,0.6164205
3776,23,0,0.7012368
3777,28,0,0.55639374
3778,2,1,0.4686788
3779,21,0,0.2364737
3780,24,1,0.45590806
3781,15,0,0.60095674
3782,27,0,0.3083693
3783,26,0,0.5593849
3784,0,0,0.24278864
3785,13,0,0.31874725
3786,7,1,0.5078539
3787,24,1,0.48614395
3788,18,0,0.30143043
3789,18,1,0.40959415
3790,25,1,0.90518695
3791,6,0,0.61218953
3792,11,0,0.2782679
3793,10,1,0.47219816
3794,13,0,0.29800403
3795,1,0,0.21939054
3796,11,0,0.5742333
3797,8,0,0.4182426
3798,24,0,0.46489757
3799,17,0,0.39725277
3800,9,1,0.4484372
3801,0,0,0.53383243
3802,6,0,0.57888454
3803,2,0,0.29312015
3804,10,0,0.2944903
3805,28,1,0.80593294
3806,15,1,0.88419497
3807,8,1,0.5952128
3808,6,0,0.31107256
3809,2,0,0.25627595
3810,1,0,0.41039714
3811,9,1,0.88760084
3812,26,0,0.19392602
3813,19,1,0.27458778
3814,16,0,0.23460068
3815,26,1,0.49581817
3816,26,1,0.62176836
3817,10,1,0.33429018
3818,15,0,0.24937177
3819,17,1,0.91113675
3820,26,1,0.56791943
3821,7,0,0.27453476
3822,3,1,0.52031475
3823,22,1,0.82635516
3824,3,1,0.44840786
3825,15,0,0.37915093
3826,17,1,0.52463067
3827,21,0,0.5259854
3828,16,0,0.3126585
3829,9,1,0.35190776
3830,23,1,0.3806654
3831,20,1,0.74326193
3832,4,1,0.9172013
3833,20,0,0.3466331
3834,1,1,0.6644323
3835,14,0,0.5124653
3836,1,1,0.26258826
3837,27,1,0.32608485
3838,26,1,0.9152337
3839,16,1,0.4236449
3840,13,1,0.9208314
3841,26,1,0.7619232
3842,1,1,0.8557573
3843,20,0,0.5713491
3844,8,1,0.42164525
3845,25,1,0.42951128
3846,10,1,0.542719
3847,9,0,0.2314136
3848,13,0,0.36913332
3849,7,0,0.4536566
3850,25,0,0.27796808
3851,18,1,0.90190536
3852,12,0,0.9310387
3853,10,0,0.38129565
3854,1,1,0.6854805
3855,5,0,0.5818525
3856,24,0,0.44719565
3857,23,1,0.64942276
3858,17,0,0.5303762
3859,18,0,0.5169487
3860,10,0,0.21944518
3861,10,0,0.56441873
3862,22,1,0.8723948
3863,15,1,0.8437142
3864,28,0,0.3809838
3865,26,0,0.34012687
3866,25,1,0.7394088
3867,27,1,0.6479285
3868,6,1,0.8749265
3869,15,1,0.5900094
3870,14,1,0.8828685
3871,21,0,0.24910747
3872,26,1,0.4732127
3873,9,0,0.7553645
3874,1,1,0.59108084
3875,2,0,0.41748998
3876,22,0,0.31460005
3877,8,1,0.5007196
3878,20,1,0.5108296
3879,10,0,0.55696166
3880,2,1,0.6349832
3881,4,1,0.79308295
3882,1,0,0.27299267
3883,21,0,0.3384414
3884,3,0,0.5400757
3885,3,1,0.41610646
3886,25,0,0.4445739
3887,17,0,0.864424
3888,6,0,0.5746928
3889,26,0,0.49738637
3890,19,0,0.5306455
3891,15,1,0.7561368
3892,28,0,0.42921004
3893,19,0,0.6342687
3894,16,0,0.38480264
3895,16,1,0.29586136
3896,11,1,0.7286062
3897,16,0,0.29308647
3898,8,0,0.26093432
3899,16,1,0.6469134
3900,2,1,0.27306142
3901,11,0,0.28710756
3902,6,1,0.5002364
3903,9,0,0.42664394
3904,11,1,0.3627138
3905,3,0,0.37871963
3906,11,1,0.2709795
3907,1,1,0.5321372
3908,13,0,0.40748918
3909,18,1,0.4351526
3910,13,0,0.37504885
3911,7,0,0.8201459
3912,28,1,0.785362
3913,28,0,0.78208894
3914,8,0,0.601753
3915,15,0,0.5177644
3916,3,1,0.7568863
3917,2,0,0.40180397
3918,23,1,0.4530789
3919,22,0,0.4988582
3920,28,0,0.2514409
3921,18,1,0.4542087
3922,25,1,0.532133
3923,24,0,0.30976397
3924,3,0,0.8217887
3925,11,1,0.7622682
3926,12,1,0.43915763
3927,1,0,0.46017468
3928,26,0,0.3054708
3929,19,0,0.9113058
3930,16,1,0.63743734
3931,5,0,0.4061132
3932,2,0,0.21284883
3933,28,0,0.29229355
3934,26,1,0.66342443
3935,18,0,0.36439192
3936,1,0,0.38330233
3937,22,0,0.2654916
3938,1,0,0.20165703
3939,15,0,0.33619988
3940,15,1,0.8704938
3941,25,0,0.6975043
3942,5,1,0.5673626
3943,22,1,0.24016318
3944,16,1,0.5779726
3945,2,1,0.50679034
3946,2,1,0.34414667
3947,8,0,0.42823237
3948,10,0,0.6563315
3949,13,1,0.2673842
3950,12,1,0.8681682
3951,13,1,0.76123464
3952,12,0,0.33283442
3953,28,1,0.31054184
3954,27,1,0.22603112
3955,16,0,0.25874814
3956,18,1,0.472281
3957,0,1,0.4778594
3958,5,1,0.4297013
3959,8,1,0.8528536
3960,15,1,0.8890289
3961,12,0,0.42389786
3962,15,1,0.70874345
3963,27,1,0.47621557
3964,3,0,0.53094184
3965,11,0,0.3760608
3966,16,1,0.5188134
3967,16,1,0.89359623
3968,1,0,0.3218992
3969,8,1,0.546758
3970,28,0,0.25254697
3971,6,0,0.2168144
3972,8,1,0.25530818
3973,18,0,0.7791059
3974,11,0,0.6271911
3975,25,0,0.49493665
3976,7,0,0.24329793
3977,2,0,0.24599585
3978,10,1,0.4381882
3979,16,0,0.47049695
3980,15,1,0.5712655
3981,21,0,0.53803545
3982,26,0,0.364203
3983,8,0,0.70824176
3984,17,1,0.7970516
3985,24,0,0.20628826
3986,15,0,0.43827957
3987,23,0,0.5659185
3988,22,1,0.88131
3989,11,0,0.48048583
3990,26,0,0.7455078
3991,20,0,0.23923694
3992,1,1,0.58157855
3993,10,0,0.5587962
3994,25,0,0.24686116
3995,16,0,0.24465787
3996,22,1,0.67718804
3997,3,0,0.29757938
3998,18,0,0.8550681
3999,12,1,0.55068207
4000,27,0,0.8067427
4001,19,0,0.2735051
4002,17,0,0.3836827
4003,22,1,0.3763812
4004,2,0,0.24564354
4005,26,0,0.51276845
4006,9,0,0.45561883
4007,3,0,0.61009586
4008,13,1,0.42538795
4009,1,1,0.42901766
4010,16,0,0.32504976
4011,17,1,0.55596507
4012,1,0,0.4309704
4013,25,1,0.31300983
4014,21,1,0.43761525
4015,5,1,0.5270106
4016,13,1,0.48447528
4017,26,1,0.87076116
4018,25,1,0.4568972
4019,16,1,0.5539977
4020,2,1,0.52106863
4021,18,1,0.8657174
4022,3,1,0.8410235
4023,11,1,0.31359276
4024,16,1,0.88349384
4025,19,0,0.31222773
4026,17,0,0.56531715
4027,10,1,0.6373001
4028,13,0,0.2613551
4029,15,0,0.4686239
4030,13,0,0.5406337
4031,12,1,0.35777268
4032,2,0,0.59167725
4033,4,1,0.5870152
4034,21,1,0.54790986
4035,15,0,0.25340632
4036,16,1,0.43585277
4037,22,0,0.3798179
4038,7,0,0.41451073
4039,27,1,0.8389873
4040,13,0,0.36645317
4041,11,1,0.89474994
4042,5,1,0.3617592
4043,20,1,0.49184892
4044,3,1,0.34827185
4045,12,0,0.47011232
4046,26,0,0.91034174
4047,17,1,0.79475445
4048,12,0,0.5055796
4049,26,0,0.26033622
4050,22,0,0.414235
4051,18,1,0.7241677
4052,27,1,0.4910963
4053,24,0,0.73012716
4054,13,0,0.52727294
4055,6,1,0.3012929
4056,28,0,0.80612844
4057,5,1,0.45487657
4058,26,0,0.2686726
4059,3,1,0.90184563
4060,14,1,0.6266344
4061,15,0,0.24645284
4062,22,0,0.5278195
4063,28,1,0.7120499
4064,8,0,0.5691613
4065,1,0,0.29381418
4066,3,1,0.9199066
4067,4,0,0.27208412
4068,27,1,0.6364836
4069,24,0,0.606014
4070,9,1,0.80455524
4071,2,0,0.36893404
4072,7,0,0.27432263
4073,19,1,0.64000887
4074,6,0,0.19624647
4075,13,0,0.64798874
4076,13,1,0.57120883
4077,21,1,0.8403734
4078,3,1,0.8963114
4079,21,1,0.5925841
4080,20,1,0.9084846
4081,10,1,0.26934686
4082,16,0,0.7050835
4083,23,1,0.5098189
4084,1,0,0.4217565
4085,16,0,0.20764041
4086,16,0,0.24234737
4087,19,0,0.51419026
4088,27,1,0.5637383
4089,1,1,0.36940506
4090,16,1,0.46920192
4091,16,1,0.51870996
4092,25,0,0.413078
4093,9,1,0.40503037
4094,20,0,0.32020116
4095,10,0,0.36270294
4096,16,0,0.6735013
4097,3,0,0.5477656
4098,1,1,0.87571764
4099,26,0,0.4160388
4100,15,1,0.4398138
4101,18,0,0.5255171
4102,4,0,0.37368035
4103,20,0,0.4040426
4104,11,0,0.6910148
4105,13,1,0.38966984
4106,16,0,0.4144564
4107,4,0,0.23972838
4108,17,0,0.49320754
4109,0,1,0.36181024
4110,11,0,0.5156599
4111,18,1,0.6807521
4112,3,1,0.90730274
4113,8,1,0.84410024
4114,15,1,0.6586289
4115,12,0,0.2816998
4116,1,1,0.494956
4117,16,0,0.31840634
4118,8,0,0.4465248
4119,15,0,0.38928154
4120,20,0,0.20271318
4121,27,1,0.54850197
4122,8,1,0.8973161
4123,1,0,0.5275462
4124,28,0,0.45620063
4125,15,1,0.8166576
4126,3,1,0.56638473
4127,17,1,0.31241468
4128,11,1,0.3751488
4129,8,1,0.8501797
4130,16,0,0.49663806
4131,8,1,0.7776052
4132,17,0,0.25763693
4133,20,0,0.4090722
4134,13,1,0.55504316
4135,1,1,0.31723112
4136,4,0,0.25711396
4137,10,1,0.4758251
4138,16,0,0.2786901
4139,0,1,0.24085623
4140,11,1,0.57415587
4141,26,1,0.63311356
4142,16,1,0.3802729
4143,7,1,0.6125671
4144,8,0,0.63778514
4145,20,1,0.91261727
4146,11,1,0.5278047
4147,1,0,0.28019887
4148,10,1,0.6281473
4149,13,1,0.48886052
4150,13,0,0.31662753
4151,12,1,0.83468074
4152,6,0,0.3011629
4153,12,0,0.29030558
4154,20,1,0.4081064
4155,9,0,0.3184489
4156,13,1,0.3151701
4157,28,0,0.4039158
4158,26,1,0.2801712
4159,1,0,0.22958204
4160,20,0,0.6115606
4161,13,1,0.2861168
4162,0,1,0.60743946
4163,19,1,0.40594268
4164,7,0,0.31819665
4165,26,1,0.5800685
4166,13,0,0.3399553
4167,5,0,0.23797888
4168,9,1,0.5104205
4169,25,1,0.69249684
4170,12,0,0.26046243
4171,16,0,0.31169227
4172,25,1,0.8100901
4173,10,1,0.47658634
4174,20,1,0.6338162
4175,14,0,0.2845362
4176,3,0,0.4847064
4177,1,1,0.84224635
4178,8,1,0.842686
4179,23,0,0.61544794
4180,7,1,0.85541725
4181,10,1,0.5819385
4182,1,1,0.5641524
4183,13,0,0.23506536
4184,15,1,0.4661413
4185,12,1,0.4306938
4186,27,1,0.8464026
4187,21,0,0.53079844
4188,15,0,0.39803958
4189,17,0,0.34240797
4190,12,1,0.79988736
4191,16,0,0.24398516
4192,8,1,0.8958411
4193,13,1,0.8099842
4194,28,1,0.8967301
4195,13,1,0.3907175
4196,25,1,0.6668083
4197,8,0,0.44868425
4198,10,0,0.4354965
4199,8,1,0.5255591
4200,25,1,0.50681233
4201,28,1,0.49832934
4202,10,1,0.53087795
4203,28,1,0.49076024
4204,10,0,0.44010597
4205,15,0,0.28736073
4206,18,1,0.36751062
4207,13,1,0.4181732
4208,7,1,0.3704762
4209,16,1,0.88505137
4210,11,0,0.5037773
4211,27,0,0.3622237
4212,13,1,0.84874386
4213,15,0,0.50720835
4214,6,0,0.6489265
4215,2,1,0.5405548
4216,25,1,0.52908456
4217,12,0,0.65103406
4218,3,0,0.6175927
4219,0,1,0.8047616
4220,25,0,0.27713048
4221,10,1,0.7619326
4222,10,0,0.56593716
4223,26,1,0.7270768
4224,5,0,0.29527134
4225,1,0,0.26336756
4226,2,0,0.91140974
4227,12,1,0.43134645
4228,22,0,0.5278767
4229,28,0,0.38095832
4230,21,0,0.52459586
4231,8,1,0.55678433
4232,15,0,0.3533836
4233,6,0,0.29065302
4234,11,1,0.85011834
4235,1,1,0.5760921
4236,15,0,0.80784696
4237,13,1,0.6383796
4238,22,0,0.31378734
4239,17,1,0.51572955
4240,17,0,0.30378196
4241,8,1,0.90301865
4242,9,1,0.8643889
4243,25,1,0.40711713
4244,10,1,0.5016246
4245,10,1,0.4857053
4246,7,1,0.80289567
4247,1,1,0.4167055
4248,20,1,0.37704015
4249,4,0,0.48824003
4250,3,1,0.4860407
4251,15,1,0.6047655
4252,27,1,0.22019693
4253,10,0,0.59279567
4254,18,0,0.34568655
4255,6,0,0.23112603
4256,1,0,0.3591828
4257,4,0,0.88040507
4258,15,1,0.49482706
4259,16,1,0.8409396
4260,7,1,0.37983936
4261,13,0,0.54335034
4262,16,0,0.2799765
4263,8,0,0.27554956
4264,25,0,0.28822473
4265,18,1,0.46478012
4266,22,0,0.81936467
4267,19,1,0.52462554
4268,15,0,0.32233906
4269,26,0,0.5681327
4270,16,0,0.7086015
4271,26,1,0.92191696
4272,27,0,0.21988997
4273,15,0,0.38954097
4274,15,1,0.54862624
4275,16,0,0.29883716
4276,27,1,0.7893875
4277,13,0,0.23808593
4278,26,1,0.5200717
4279,8,0,0.5165396
4280,14,0,0.24181777
4281,1,0,0.2192411
4282,19,0,0.49815953
4283,1,0,0.5311728
4284,27,1,0.621946
4285,24,0,0.5456654
4286,20,1,0.24883547
4287,8,0,0.56163657
4288,17,0,0.7206419
4289,12,0,0.20634998
4290,20,0,0.5210374
4291,8,0,0.4247031
4292,16,0,0.33291197
4293,11,1,0.29704678
4294,8,1,0.5196125
4295,23,0,0.6623764
4296,16,1,0.8268363
4297,0,0,0.26077962
4298,16,0,0.31722167
4299,24,1,0.56610775
4300,20,0,0.39777464
4301,15,0,0.45470497
4302,3,1,0.21779817
4303,25,0,0.4204824
4304,12,1,0.65679747
4305,6,0,0.45616868
4306,13,0,0.2999657
4307,11,0,0.413165
4308,8,0,0.51627773
4309,12,0,0.41654748
4310,1,0,0.3746967
4311,15,0,0.29378667
4312,8,0,0.4045065
4313,9,0,0.46666303
4314,13,0,0.26248413
4315,26,1,0.5306181
4316,26,1,0.60967904
4317,10,1,0.254566
4318,15,1,0.3587636
4319,4,1,0.49645382
4320,5,0,0.2714349
4321,11,0,0.35479504
4322,6,0,0.6653348
4323,6,0,0.3676605
4324,16,0,0.22446503
4325,8,1,0.59117144
4326,14,1,0.4256232
4327,22,1,0.4977662
4328,11,1,0.5457604
4329,27,1,0.93830216
4330,21,1,0.9103102
4331,28,1,0.47798625
4332,16,0,0.5890448
4333,23,1,0.69401354
4334,18,0,0.4725471
4335,11,1,0.30153435
4336,3,1,0.54396737
4337,25,1,0.31853947
4338,28,1,0.9069879
4339,15,0,0.69572335
4340,10,1,0.522513
4341,12,0,0.210303
4342,15,0,0.44596657
4343,15,1,0.60871685
4344,1,1,0.737906
4345,5,1,0.90696025
4346,8,0,0.5103986
4347,1,0,0.66608703
4348,3,0,0.48296738
4349,1,1,0.6344036
4350,26,0,0.68495715
4351,0,1,0.68946695
4352,25,1,0.4928904
4353,9,1,0.87563866
4354,22,1,0.54888886
4355,6,0,0.42520502
4356,0,1,0.3861692
4357,24,1,0.51541877
4358,15,1,0.42504466
4359,27,1,0.51530194
4360,6,1,0.85213816
4361,7,1,0.9354611
4362,15,1,0.35535723
4363,11,0,0.21936229
4364,10,0,0.4390523
4365,20,0,0.23260765
4366,17,0,0.27047792
4367,2,0,0.55836475
4368,2,0,0.25236142
4369,18,1,0.5587204
4370,16,0,0.46473727
4371,23,1,0.49097106
4372,10,0,0.8290277
4373,19,1,0.3995613
4374,26,1,0.55561614
4375,8,1,0.5009434
4376,27,1,0.8104111
4377,16,0,0.27346796
4378,12,0,0.2746569
4379,5,1,0.40985227
4380,6,1,0.50440806
4381,22,0,0.25129804
4382,18,0,0.40542498
4383,14,1,0.60825133
4384,2,0,0.3660485
4385,20,0,0.5762237
4386,12,1,0.8734666
4387,20,0,0.5534042
4388,11,1,0.46113002
4389,1,1,0.41191223
4390,25,0,0.32437837
4391,7,0,0.2392887
4392,16,1,0.31694964
4393,19,1,0.4147798
4394,27,1,0.54755306
4395,17,1,0.8768014
4396,18,1,0.76736027
4397,19,0,0.5096688
4398,15,0,0.3019451
4399,26,1,0.85297245
4400,17,1,0.61727935
4401,19,0,0.4693421
4402,3,0,0.7022505
4403,13,1,0.7807392
4404,1,1,0.52191514
4405,9,1,0.9381201
4406,28,0,0.6667099
4407,26,0,0.76365906
4408,20,1,0.5377216
4409,13,1,0.50543106
4410,4,1,0.7577823
4411,18,0,0.43741176
4412,14,0,0.39055264
4413,9,0,0.59104896
4414,14,1,0.4561934
4415,23,0,0.3499439
4416,24,1,0.5063232
4417,21,1,0.47888416
4418,14,1,0.4285016
4419,7,0,0.2877674
4420,18,0,0.4178937
4421,21,1,0.52377456
4422,22,0,0.30908525
4423,5,1,0.8498362
4424,26,0,0.76913923
4425,19,1,0.4489251
4426,16,0,0.56845874
4427,3,1,0.67446905
4428,25,0,0.2852635
4429,3,1,0.7998749
4430,18,0,0.5419916
4431,24,0,0.25878426
4432,13,0,0.71909827
4433,13,1,0.4617757
4434,9,0,0.5248392
4435,2,1,0.3269745
4436,18,1,0.7022168
4437,25,1,0.5920262
4438,12,1,0.5462734
4439,22,1,0.6070286
4440,16,1,0.4980663
4441,5,0,0.6796226
4442,12,0,0.33416697
4443,16,1,0.91854024
4444,18,0,0.40307808
4445,20,0,0.28641292
4446,27,0,0.23453811
4447,8,0,0.5235971
4448,6,1,0.8866452
4449,10,1,0.73541373
4450,11,0,0.47963566
4451,8,0,0.24957699
4452,16,1,0.652536
4453,27,0,0.5801041
4454,23,0,0.27513126
4455,21,0,0.21876809
4456,26,0,0.370958
4457,10,1,0.5612602
4458,25,1,0.7559775
4459,1,0,0.3415113
4460,15,0,0.8362895
4461,16,1,0.81133646
4462,2,1,0.2519235
4463,4,1,0.6813911
4464,28,0,0.43229613
4465,1,0,0.31959686
4466,7,0,0.29381695
4467,15,0,0.36737227
4468,15,0,0.8674911
4469,8,0,0.30831662
4470,8,1,0.4841536
4471,8,1,0.41201863
4472,20,1,0.90822
4473,24,1,0.5179583
4474,8,0,0.5548094
4475,10,1,0.45440495
4476,10,1,0.7661027
4477,16,1,0.77004546
4478,22,0,0.41999832
4479,6,1,0.8853241
4480,16,1,0.61611617
4481,27,1,0.9266562
4482,10,0,0.2712947
4483,5,0,0.4419879
4484,12,0,0.42527738
4485,8,0,0.30070087
4486,5,1,0.2708464
4487,17,0,0.2786367
4488,2,0,0.27195382
4489,25,1,0.58196837
4490,20,0,0.27137312
4491,0,1,0.43338442
4492,26,0,0.3029372
4493,22,0,0.23053774
4494,25,1,0.78774816
4495,2,0,0.2616497
4496,21,0,0.2230522
4497,8,0,0.56012726
4498,25,1,0.6785767
4499,19,0,0.5270343
4500,9,1,0.5496349
4501,21,1,0.83003956
4502,5,1,0.45658818
4503,3,0,0.4910833
4504,1,1,0.7986004
4505,17,1,0.1812506
4506,13,0,0.5259587
4507,13,0,0.23365481
4508,2,0,0.28197712
4509,13,0,0.7710879
4510,17,1,0.47224075
4511,3,1,0.5153022
4512,2,1,0.4531364
4513,2,0,0.22532389
4514,2,0,0.2552753
4515,1,1,0.62431043
4516,2,0,0.25421286
4517,9,1,0.24005152
4518,10,0,0.41995496
4519,14,1,0.5954426
4520,14,0,0.48139146
4521,2,1,0.8381613
4522,7,0,0.28337362
4523,1,1,0.31531858
4524,7,0,0.22669093
4525,10,0,0.9156873
4526,19,0,0.25277168
4527,0,1,0.8404842
4528,26,1,0.8185156
4529,25,1,0.57491785
4530,22,1,0.77275515
4531,23,1,0.5959161
4532,8,0,0.5317651
4533,15,0,0.41208985
4534,11,1,0.5423214
4535,15,0,0.377893
4536,11,1,0.47393957
4537,1,0,0.6723768
4538,17,0,0.57721055
4539,14,1,0.5698478
4540,3,0,0.34931266
4541,13,1,0.5483787
4542,4,1,0.27086198
4543,25,0,0.45512503
4544,3,0,0.20303927
4545,12,0,0.59505016
4546,14,1,0.56829613
4547,8,0,0.29428583
4548,1,1,0.27879128
4549,19,1,0.49031654
4550,24,1,0.9407318
4551,19,1,0.8009332
4552,16,0,0.33267537
4553,0,1,0.27848318
4554,26,1,0.43546048
4555,12,1,0.35041395
4556,14,1,0.6697093
4557,14,1,0.6310011
4558,1,1,0.4636509
4559,18,1,0.9177127
4560,4,0,0.6029669
4561,2,1,0.8631378
4562,7,0,0.24500579
4563,13,1,0.33367902
4564,13,0,0.42041764
4565,27,1,0.80257463
4566,1,1,0.418006
4567,3,0,0.6284063
4568,13,1,0.7261742
4569,22,0,0.3113255
4570,2,1,0.66174376
4571,21,0,0.65479493
4572,12,1,0.85128295
4573,9,1,0.46468177
4574,15,1,0.88685715
4575,0,0,0.5142625
4576,19,1,0.5348241
4577,26,1,0.47134796
4578,1,1,0.5929941
4579,17,0,0.185744
4580,17,1,0.6535928
4581,8,0,0.2888324
4582,4,0,0.5164198
4583,19,1,0.30618715
4584,4,0,0.27588812
4585,21,0,0.5438738
4586,16,0,0.40820065
4587,5,1,0.35477751
4588,16,0,0.5266534
4589,26,1,0.33296964
4590,17,0,0.27435175
4591,8,0,0.4132729
4592,2,1,0.6645443
4593,3,1,0.6957044
4594,2,1,0.24715453
4595,21,1,0.48231158
4596,2,1,0.2234992
4597,20,0,0.201561
4598,18,1,0.4180749
4599,9,0,0.31889716
4600,1,1,0.60324377
4601,15,1,0.52487004
4602,16,0,0.5762016
4603,20,0,0.28769746
4604,7,0,0.23884594
4605,9,1,0.63265646
4606,15,1,0.55565757
4607,14,0,0.54544586
4608,3,0,0.517109
4609,2,0,0.42763954
4610,13,1,0.30400738
4611,22,1,0.7944651
4612,2,0,0.4145717
4613,16,1,0.49386656
4614,25,1,0.8679549
4615,2,1,0.59774065
4616,10,0,0.3385942
4617,17,1,0.8981209
4618,21,0,0.4612969
4619,13,0,0.36555594
4620,10,1,0.8063333
4621,6,0,0.56396383
4622,25,0,0.46091396
4623,1,1,0.44327918
4624,11,0,0.2674302
4625,2,0,0.37560484
4626,6,1,0.5366871
4627,13,1,0.464036
4628,26,1,0.5021077
4629,12,1,0.8411148
4630,17,0,0.6061044
4631,15,0,0.4609575
4632,5,1,0.7372423
4633,22,1,0.57636946
4634,3,1,0.25231007
4635,25,1,0.90524095
4636,25,0,0.46772507
4637,27,1,0.60341066
4638,27,1,0.46930125
4639,1,1,0.46770057
4640,8,0,0.23878047
4641,25,0,0.4257978
4642,22,0,0.33903962
4643,20,0,0.58602625
4644,25,0,0.5639317
4645,18,1,0.6289511
4646,1,1,0.18037094
4647,2,0,0.6025635
4648,27,1,0.24823438
4649,14,1,0.4646639
4650,24,1,0.57800674
4651,10,0,0.4489867
4652,7,1,0.7489214
4653,10,1,0.93229294
4654,12,0,0.8650816
4655,22,0,0.31456676
4656,17,1,0.51703346
4657,1,0,0.2276092
4658,21,0,0.29553446
4659,17,1,0.53313804
4660,13,1,0.8657827
4661,0,0,0.29532784
4662,9,1,0.5802711
4663,7,1,0.50041217
4664,10,0,0.45038772
4665,19,0,0.49676427
4666,10,0,0.42831126
4667,6,0,0.793388
4668,2,0,0.43957213
4669,16,0,0.40162024
4670,4,1,0.26582247
4671,9,0,0.31411567
4672,18,1,0.24795124
4673,10,1,0.47507316
4674,27,1,0.83315235
4675,23,0,0.25371596
4676,0,0,0.3532354
4677,10,1,0.27863052
4678,15,0,0.24040325
4679,27,1,0.8632049
4680,13,1,0.23760644
4681,23,0,0.38351148
4682,22,0,0.21475463
4683,13,0,0.47992954
4684,1,0,0.2284888
4685,16,1,0.71299154
4686,20,0,0.55022043
4687,17,0,0.5253193
4688,18,1,0.9202682
4689,22,1,0.6938706
4690,0,1,0.49668944
4691,16,0,0.8584238
4692,12,1,0.25819245
4693,17,1,0.42764887
4694,15,0,0.28489366
4695,16,1,0.7575815
4696,26,0,0.31980604
4697,14,1,0.3646607
4698,26,1,0.902162
4699,15,0,0.39292318
4700,17,1,0.47713345
4701,20,0,0.32004032
4702,27,0,0.2454514
4703,27,1,0.6052574
4704,6,0,0.55760974
4705,7,0,0.2666154
4706,6,1,0.91371566
4707,2,1,0.5307162
4708,3,1,0.7669866
4709,14,0,0.47509113
4710,24,0,0.27677298
4711,15,1,0.7109568
4712,6,0,0.627102
4713,2,1,0.33564496
4714,26,1,0.38063413
4715,11,0,0.42516467
4716,15,0,0.22277857
4717,18,0,0.540673
4718,1,0,0.38286823
4719,7,0,0.25603837
4720,13,1,0.49453866
4721,18,1,0.7490638
4722,2,0,0.22350582
4723,8,0,0.64683485
4724,1,1,0.5682616
4725,24,0,0.8114955
4726,5,1,0.5425661
4727,8,0,0.61244553
4728,20,1,0.52833104
4729,23,0,0.2879687
4730,2,1,0.8736761
4731,12,0,0.54950905
4732,19,1,0.62730765
4733,22,1,0.5733317
4734,0,1,0.378726
4735,8,0,0.31665254
4736,15,1,0.5051981
4737,27,0,0.55331254
4738,4,0,0.3312205
4739,11,1,0.53841674
4740,2,0,0.24694352
4741,16,0,0.24063927
4742,4,0,0.1863302
4743,26,1,0.4083487
4744,8,1,0.9237368
4745,23,0,0.4741573
4746,2,1,0.56422853
4747,12,1,0.30067325
4748,11,0,0.53072494
4749,23,0,0.2307565
4750,14,1,0.56255245
4751,27,1,0.4825847
4752,18,0,0.66862375
4753,3,1,0.3176581
4754,4,1,0.8612556
4755,1,1,0.77475804
4756,16,1,0.57833433
4757,21,1,0.4504739
4758,9,1,0.7530012
4759,14,1,0.40159428
4760,16,1,0.50784886
4761,16,1,0.49281394
4762,11,0,0.60795915
4763,28,1,0.59461695
4764,20,0,0.27148286
4765,11,0,0.7378483
4766,10,0,0.36690438
4767,25,0,0.5428733
4768,0,0,0.28983113
4769,20,1,0.6301098
4770,15,1,0.8153557
4771,13,1,0.4465564
4772,16,1,0.5544622
4773,2,1,0.21677746
4774,6,1,0.4533463
4775,13,1,0.6230808
4776,18,0,0.1985064
4777,18,1,0.4561483
4778,17,1,0.46425825
4779,16,0,0.39087173
4780,23,0,0.21395843
4781,11,0,0.5988753
4782,1,0,0.48296997
4783,22,1,0.47120246
4784,26,1,0.67234594
4785,14,0,0.34661674
4786,25,1,0.8634815
4787,13,1,0.3766568
4788,6,1,0.58124965
4789,17,0,0.32685614
4790,11,1,0.6195573
4791,15,1,0.7100373
4792,15,0,0.42440417
4793,10,1,0.5297596
4794,22,0,0.21476977
4795,2,1,0.85496306
4796,1,0,0.5613598
4797,28,0,0.25449115
4798,23,1,0.41521218
4799,20,1,0.55287045
4800,2,0,0.48073855
4801,12,1,0.3995418
4802,15,1,0.5158926
4803,14,0,0.22768044
4804,8,0,0.21729538
4805,2,0,0.58110654
4806,2,1,0.40967953
4807,2,1,0.9218129
4808,8,1,0.8982184
4809,13,1,0.50206554
4810,13,0,0.44154385
4811,16,1,0.56078976
4812,14,1,0.47137195
4813,17,0,0.74484074
4814,4,0,0.45906255
4815,19,0,0.2386574
4816,25,0,0.3885365
4817,18,0,0.21962073
4818,18,1,0.52331567
4819,13,0,0.30076933
4820,14,0,0.70803744
4821,2,1,0.53885895
4822,8,0,0.81317896
4823,25,1,0.26210943
4824,19,1,0.5195238
4825,25,0,0.24659252
4826,25,1,0.42936504
4827,10,1,0.48410162
4828,21,1,0.3531475
4829,12,0,0.47069332
4830,18,1,0.55273473
4831,15,0,0.46139726
4832,27,1,0.7226454
4833,20,0,0.26327005
4834,3,0,0.34962732
4835,1,1,0.49409533
4836,13,0,0.3095397
4837,11,1,0.4430311
4838,2,0,0.3366802
4839,1,0,0.6308217
4840,2,0,0.3809492
4841,8,1,0.79309803
4842,16,1,0.53273875
4843,24,1,0.7412466
4844,19,1,0.53745884
4845,12,1,0.24180783
4846,7,0,0.20486742
4847,27,1,0.73023814
4848,8,1,0.71696866
4849,8,1,0.88464975
4850,8,1,0.5084028
4851,2,1,0.49997544
4852,8,0,0.37615666
4853,22,0,0.23872496
4854,16,1,0.34241906
4855,1,1,0.53363466
4856,25,1,0.818165
4857,20,0,0.49524966
4858,23,0,0.63622206
4859,20,0,0.20688279
4860,4,0,0.53772813
4861,0,0,0.5236554
4862,10,0,0.27834368
4863,7,1,0.36966088
4864,27,1,0.5738658
4865,15,0,0.36766857
4866,19,1,0.50031006
4867,27,0,0.31974036
4868,19,0,0.37624776
4869,26,1,0.90194035
4870,7,1,0.6271477
4871,6,0,0.5450074
4872,23,0,0.5153223
4873,3,0,0.6009972
4874,13,0,0.56683147
4875,2,1,0.18449955
4876,22,1,0.78268707
4877,24,1,0.6555863
4878,2,0,0.5107215
4879,2,0,0.43470737
4880,13,0,0.4285482
4881,13,0,0.24368481
4882,28,1,0.86364377
4883,16,1,0.8662608
4884,19,1,0.5380759
4885,8,0,0.3475876
4886,18,1,0.6202621
4887,15,0,0.26605466
4888,19,1,0.74184674
4889,23,1,0.4780314
4890,1,0,0.42698732
4891,8,0,0.19101398
4892,25,1,0.50876915
4893,17,0,0.4560901
4894,26,0,0.2815296
4895,1,0,0.3674599
4896,28,0,0.79575944
4897,6,1,0.33086473
4898,15,1,0.295872
4899,12,1,0.925527
4900,12,1,0.5007519
4901,10,0,0.39837188
4902,8,0,0.24227156
4903,2,0,0.3699578
4904,17,0,0.27974185
4905,5,1,0.8565829
4906,13,0,0.24413422
4907,6,1,0.48556435
4908,25,0,0.27315575
4909,6,1,0.7064387
4910,5,1,0.6014616
4911,16,1,0.42736667
4912,21,0,0.51781476
4913,23,1,0.48566142
4914,13,0,0.5050604
4915,17,1,0.29652607
4916,13,0,0.23140563
4917,10,1,0.9081325
4918,22,1,0.49733382
4919,12,1,0.65385485
4920,28,1,0.24291761
4921,18,0,0.45654178
4922,17,1,0.21491335
4923,3,1,0.4877776
4924,6,1,0.45506972
4925,13,1,0.47391123
4926,18,1,0.25919104
4927,12,0,0.2874883
4928,13,0,0.39405692
4929,27,1,0.5770217
4930,11,0,0.46916676
4931,22,0,0.2441944
4932,9,1,0.6406583
4933,13,0,0.8689584
4934,18,1,0.7985755
4935,27,0,0.36234322
4936,28,1,0.6881905
4937,4,0,0.26352113
4938,24,1,0.73210126
4939,6,0,0.5616763
4940,18,1,0.83522725
4941,26,0,0.24969287
4942,0,0,0.23235905
4943,20,1,0.41292143
4944,11,1,0.21861675
4945,8,0,0.23820986
4946,4,0,0.4629732
4947,25,1,0.5854255
4948,7,0,0.47762156
4949,18,0,0.7641447
4950,8,1,0.8629794
4951,6,1,0.46140018
4952,4,0,0.49762583
4953,13,0,0.2701542
4954,8,1,0.8009494
4955,6,0,0.656462
4956,14,0,0.51236594
4957,10,1,0.7250007
4958,10,1,0.5630569
4959,13,1,0.4586387
4960,0,1,0.9001727
4961,27,0,0.2554111
4962,16,0,0.29587173
4963,3,1,0.6129723
4964,23,1,0.4862119
4965,27,0,0.26526406
4966,2,1,0.5473946
4967,25,1,0.37776014
4968,25,0,0.27195624
4969,25,0,0.24548091
4970,4,0,0.52637583
4971,25,1,0.62750465
4972,4,1,0.65005094
4973,6,1,0.44122303
4974,23,1,0.677846
4975,15,1,0.65130764
4976,9,0,0.23550694
4977,28,1,0.4352348
4978,27,1,0.8646707
4979,16,0,0.30075
4980,5,0,0.22062455
4981,10,0,0.24059662
4982,22,0,0.5417911
4983,11,0,0.2868971
4984,9,1,0.6541061
4985,21,0,0.502743
4986,16,0,0.25366744
4987,15,0,0.22212943
4988,2,1,0.3481772
4989,25,0,0.36556506
4990,8,0,0.29021856
4991,6,1,0.88606715
4992,26,0,0.37787536
4993,11,1,0.49492514
4994,27,1,0.6433178
4995,28,0,0.40491322
4996,16,0,0.38343546
4997,5,0,0.31032375
4998,27,0,0.40382588
4999,15,1,0.28565547
5000,20,0,0.2273248
5001,15,1,0.5512252
5002,21,0,0.5984432
5003,11,0,0.50270903
5004,24,1,0.77345204
5005,4,0,0.22670619
5006,5,0,0.5470717
5007,17,1,0.3781274
5008,27,0,0.38642034
5009,0,1,0.69523877
5010,0,0,0.2667367
5011,2,1,0.7727583
5012,3,1,0.5212538
5013,28,1,0.27554634
5014,4,0,0.5040832
5015,2,0,0.5788295
5016,13,0,0.4240801
5017,21,0,0.6438192
5018,20,0,0.2751963
5019,14,1,0.91035765
5020,1,1,0.524068
5021,16,1,0.44073033
5022,24,0,0.23869659
5023,6,1,0.53487927
5024,15,0,0.35331643
5025,16,1,0.56566477
5026,12,1,0.41953987
5027,27,1,0.8978919
5028,27,0,0.2936499
5029,24,1,0.40631047
5030,26,0,0.24607538
5031,16,0,0.63801634
5032,15,1,0.76089174
5033,18,1,0.5013243
5034,16,1,0.60790443
5035,13,0,0.6551752
5036,10,1,0.9101754
5037,22,0,0.6377221
5038,8,1,0.8442127
5039,28,0,0.5132858
5040,4,0,0.4641704
5041,2,0,0.63678247
5042,10,1,0.5494767
5043,12,0,0.27013865
5044,18,0,0.30317086
5045,0,1,0.54412234
5046,13,1,0.60007995
5047,19,0,0.22856231
5048,10,0,0.25138247
5049,7,1,0.24529459
5050,2,1,0.22534262
5051,13,0,0.6747067
5052,9,1,0.37874952
5053,1,1,0.5640048
5054,24,0,0.3715209
5055,0,0,0.50330585
5056,21,1,0.23878275
5057,7,0,0.61883855
5058,2,1,0.46946093
5059,17,0,0.25334173
5060,19,0,0.3352056
5061,14,0,0.26054296
5062,15,0,0.35134336
5063,18,0,0.26659492
5064,10,0,0.25956622
5065,27,0,0.52820307
5066,16,1,0.61804414
5067,15,0,0.6800116
5068,25,0,0.22995658
5069,15,1,0.80098367
5070,16,1,0.84971565
5071,26,1,0.5113099
5072,13,1,0.5094608
5073,22,0,0.2477294
5074,7,1,0.53770024
5075,23,1,0.47789904
5076,24,1,0.36889613
5077,3,1,0.48275962
5078,11,0,0.30150497
5079,1,0,0.6180837
5080,14,0,0.57253355
5081,11,0,0.2872188
5082,12,1,0.21884483
5083,15,1,0.86509514
5084,10,1,0.5303142
5085,25,0,0.63844705
5086,15,0,0.42876562
5087,2,1,0.4434586
5088,3,1,0.48887625
5089,28,1,0.6947791
5090,12,1,0.90858024
5091,12,1,0.8613472
5092,2,0,0.6887901
5093,24,0,0.40287104
5094,12,1,0.69226366
5095,19,0,0.58545494
5096,12,0,0.20600756
5097,13,1,0.6549853
5098,16,0,0.5579305
5099,1,0,0.2239034
5100,21,0,0.6707247
5101,16,1,0.27049753
5102,26,0,0.41733587
5103,24,0,0.5208201
5104,1,0,0.28285846
5105,3,1,0.55437577
5106,13,0,0.21365495
5107,27,1,0.8884946
5108,0,0,0.3204651
5109,24,1,0.66428506
5110,4,1,0.7296698
5111,25,0,0.6372241
5112,15,0,0.3840138
5113,22,1,0.73819727
5114,1,1,0.24074131
5115,18,0,0.29571953
5116,20,1,0.441374
5117,17,1,0.65981925
5118,9,0,0.8064307
5119,6,1,0.75623363
5120,16,1,0.6962904
5121,7,0,0.22061418
5122,15,1,0.5516781
5123,28,1,0.84192085
5124,15,0,0.48242754
5125,14,1,0.87480915
5126,10,1,0.46258858
5127,18,0,0.31834248
5128,11,1,0.34647116
5129,2,0,0.213837
5130,12,0,0.5509125
5131,19,0,0.28503153
5132,4,1,0.3003906
5133,3,0,0.2547016
5134,24,1,0.40241316
5135,17,0,0.43386975
5136,18,1,0.91062015
5137,8,1,0.66132444
5138,7,0,0.25094488
5139,12,0,0.852769
5140,21,1,0.4580219
5141,17,0,0.6184312
5142,25,0,0.3210802
5143,9,0,0.4344935
5144,14,0,0.44765198
5145,2,1,0.2880391
5146,26,1,0.5965491
5147,5,0,0.42808464
5148,28,1,0.48693848
5149,8,1,0.6038737
5150,25,0,0.6260272
5151,27,0,0.34052277
5152,21,0,0.29366377
5153,2,0,0.5711234
5154,12,0,0.5213696
5155,14,1,0.32322204
5156,1,1,0.79973876
5157,13,0,0.589289
5158,26,0,0.26270917
5159,22,0,0.4097836
5160,15,1,0.7407661
5161,9,0,0.49846
5162,25,0,0.40485716
5163,10,1,0.5564602
5164,16,1,0.7761035
5165,22,0,0.40595764
5166,26,1,0.2951095
5167,22,1,0.64256835
5168,16,1,0.51406556
5169,3,0,0.803948
5170,17,1,0.6595923
5171,13,1,0.71476233
5172,8,0,0.40236133
5173,15,0,0.5553693
5174,12,0,0.28122008
5175,13,0,0.49695674
5176,18,1,0.21662381
5177,14,0,0.860291
5178,26,0,0.3508899
5179,16,1,0.9096336
5180,0,1,0.8611046
5181,20,0,0.6579746
5182,21,1,0.5638185
5183,18,1,0.47952077
5184,16,0,0.73146135
5185,13,1,0.6540879
5186,28,0,0.3449473
5187,1,1,0.86062425
5188,16,0,0.23315878
5189,15,1,0.35847962
5190,28,1,0.3947511
5191,20,0,0.31385395
5192,16,0,0.31957543
5193,3,1,0.49061662
5194,22,1,0.5378456
5195,16,1,0.84327364
5196,20,1,0.6842152
5197,25,0,0.5074645
5198,11,0,0.3045592
5199,15,0,0.33960536
5200,23,1,0.81448156
5201,6,1,0.4697133
5202,27,0,0.31115183
5203,7,0,0.24631448
5204,0,0,0.5113046
5205,22,0,0.52357376
5206,2,0,0.27076805
5207,16,1,0.28291005
5208,2,0,0.25878996
5209,11,1,0.920638
5210,8,1,0.7592733
5211,15,1,0.8229606
5212,12,0,0.2681616
5213,8,0,0.26248088
5214,3,1,0.5347234
5215,8,1,0.32868302
5216,20,0,0.5766795
5217,2,0,0.5214214
5218,0,1,0.53176004
5219,19,1,0.24634196
5220,2,1,0.46850866
5221,8,1,0.63545024
5222,25,0,0.19796649
5223,17,0,0.50344664
5224,16,1,0.24675053
5225,26,0,0.39189565
5226,16,0,0.7481785
5227,27,1,0.24915387
5228,13,1,0.42493337
5229,10,1,0.874361
5230,21,1,0.5814855
5231,27,0,0.2984129
5232,16,1,0.69418234
5233,10,1,0.38372228
5234,19,0,0.37797037
5235,2,1,0.41712394
5236,3,0,0.29601654
5237,10,0,0.38526186
5238,11,1,0.72053474
5239,23,1,0.517466
5240,13,0,0.23126584
5241,10,0,0.25897783
5242,14,0,0.67086893
5243,4,0,0.7037352
5244,27,1,0.65926844
5245,10,0,0.3148049
5246,11,1,0.29538596
5247,2,0,0.42425403
5248,3,1,0.562336
5249,21,1,0.76468635
5250,16,1,0.7766956
5251,1,0,0.28660583
5252,14,1,0.81219333
5253,12,0,0.22636034
5254,22,0,0.6140969
5255,27,0,0.22402957
5256,20,1,0.6180537
5257,9,1,0.8618852
5258,0,1,0.31095842
5259,6,1,0.7277775
5260,11,1,0.3582639
5261,20,0,0.38000387
5262,25,0,0.3516986
5263,19,1,0.35086876
5264,25,1,0.36718604
5265,23,1,0.8201191
5266,12,1,0.8541813
5267,12,0,0.40163943
5268,1,0,0.4198477
5269,18,0,0.43531966
5270,8,1,0.52268726
5271,10,1,0.8774153
5272,20,0,0.25272536
5273,22,0,0.43945128
5274,27,0,0.57316786
5275,28,1,0.69542766
5276,26,1,0.5429873
5277,14,1,0.40189925
5278,3,0,0.67184824
5279,16,0,0.5231523
5280,6,1,0.64808863
5281,27,0,0.6169867
5282,23,0,0.54888123
5283,23,0,0.23536098
5284,5,1,0.41659257
5285,13,1,0.83267707
5286,15,0,0.21545506
5287,13,0,0.4470629
5288,2,1,0.3504627
5289,13,0,0.21859533
5290,15,1,0.6782157
5291,6,0,0.17870922
5292,12,1,0.59509736
5293,10,1,0.6737705
5294,28,0,0.48691526
5295,3,1,0.6814005
5296,12,0,0.37621602
5297,3,1,0.48813513
5298,8,1,0.48705763
5299,13,0,0.2685708
5300,7,1,0.7491573
5301,7,0,0.52361554
5302,12,0,0.25267544
5303,12,0,0.23583458
5304,13,1,0.4605789
5305,0,1,0.5015028
5306,27,0,0.4593763
5307,7,0,0.3777668
5308,4,0,0.30177277
5309,9,1,0.8775158
5310,13,0,0.24584241
5311,27,0,0.8093134
5312,7,0,0.569533
5313,14,0,0.2563082
5314,25,1,0.35249126
5315,11,0,0.25731844
5316,10,1,0.2717333
5317,15,1,0.5002697
5318,12,0,0.32513702
5319,11,1,0.85761476
5320,28,0,0.61852324
5321,13,1,0.55759835
5322,2,1,0.6537841
5323,18,0,0.41824314
5324,5,1,0.7557993
5325,27,0,0.39341262
5326,21,1,0.25643268
5327,8,1,0.5798066
5328,10,0,0.5059383
5329,23,0,0.48379976
5330,1,0,0.18418624
5331,21,0,0.2367906
5332,17,0,0.2167326
5333,26,1,0.61928153
5334,8,0,0.40708086
5335,8,0,0.2994383
5336,2,1,0.3512027
5337,13,0,0.70481336
5338,16,1,0.7922876
5339,13,1,0.7466997
5340,23,1,0.87618375
5341,2,0,0.33131826
5342,3,1,0.5710007
5343,22,1,0.55353034
5344,10,1,0.7702193
5345,12,0,0.55626005
5346,8,0,0.8051887
5347,6,0,0.3678912
5348,8,0,0.4720365
5349,15,0,0.44884834
5350,25,1,0.5605573
5351,28,0,0.36183965
5352,16,0,0.28829324
5353,16,0,0.7496862
5354,14,0,0.41155657
5355,10,1,0.69932336
5356,5,1,0.45932257
5357,15,1,0.5419275
5358,21,0,0.24916689
5359,11,1,0.7383588
5360,20,1,0.3507786
5361,22,1,0.43242526
5362,25,0,0.4612831
5363,7,1,0.5488966
5364,19,0,0.3017137
5365,1,1,0.2750874
5366,10,0,0.54599917
5367,20,1,0.7300131
5368,4,1,0.87349486
5369,6,1,0.24196799
5370,25,1,0.8148634
5371,0,0,0.33046713
5372,16,1,0.7505489
5373,25,1,0.7543932
5374,20,0,0.26427022
5375,8,0,0.79763794
5376,28,1,0.55460113
5377,17,1,0.9084427
5378,28,0,0.3063554
5379,13,1,0.81230533
5380,1,0,0.43470645
5381,28,0,0.2477678
5382,27,0,0.28003514
5383,24,1,0.48846155
5384,8,1,0.1845326
5385,12,1,0.7197047
5386,10,0,0.31692398
5387,15,0,0.22448151
5388,13,1,0.8491344
5389,13,1,0.49516132
5390,8,0,0.31400618
5391,6,1,0.47491586
5392,13,1,0.659439
5393,12,0,0.3835829
5394,17,0,0.3377161
5395,14,1,0.63414806
5396,26,0,0.71523297
5397,7,1,0.3578931
5398,16,1,0.73739064
5399,4,1,0.4668462
5400,8,0,0.30504435
5401,10,1,0.35741478
5402,3,1,0.5043281
5403,21,1,0.4244665
5404,5,1,0.9378623
5405,2,1,0.3484543
5406,27,0,0.44801316
5407,4,0,0.81630164
5408,16,1,0.42499048
5409,26,0,0.34697723
5410,26,1,0.46818137
5411,0,1,0.6678172
5412,26,1,0.5518765
5413,20,0,0.5468266
5414,13,0,0.33015782
5415,2,1,0.8253819
5416,2,1,0.45851725
5417,23,0,0.22512215
5418,24,0,0.25760007
5419,6,0,0.20566337
5420,6,1,0.49486962
5421,12,0,0.6978642
5422,4,0,0.33496314
5423,5,1,0.54766744
5424,26,0,0.4048575
5425,25,0,0.21290793
5426,6,0,0.48051345
5427,10,0,0.2845283
5428,26,1,0.31066552
5429,14,1,0.91106874
5430,2,0,0.22218844
5431,20,0,0.5307433
5432,11,1,0.4006222
5433,0,1,0.23258637
5434,16,1,0.7523059
5435,8,0,0.529412
5436,4,1,0.25340536
5437,25,1,0.559186
5438,4,1,0.5122249
5439,20,1,0.50079983
5440,16,1,0.66334295
5441,19,1,0.8079925
5442,14,0,0.2928298
5443,5,0,0.6865219
5444,8,0,0.39058658
5445,2,1,0.6274605
5446,20,0,0.63680536
5447,18,1,0.34142002
5448,6,1,0.7086881
5449,15,1,0.5920823
5450,12,0,0.44395337
5451,6,1,0.3204684
5452,1,1,0.24572499
5453,11,0,0.3323531
5454,27,0,0.21595283
5455,10,1,0.60858154
5456,18,1,0.6860462
5457,15,1,0.69626844
5458,7,1,0.22428814
5459,13,0,0.24416108
5460,4,0,0.4069537
5461,14,1,0.6365747
5462,19,0,0.6074011
5463,1,0,0.31927562
5464,22,0,0.45346376
5465,25,0,0.28167546
5466,8,1,0.6433797
5467,14,0,0.90989
5468,3,1,0.81030476
5469,6,1,0.76680267
5470,13,1,0.39549145
5471,17,0,0.2622624
5472,18,1,0.6611439
5473,16,1,0.5660138
5474,9,1,0.83306986
5475,14,0,0.3013092
5476,12,1,0.60123295
5477,24,1,0.4539833
5478,1,0,0.32934085
5479,4,1,0.51041853
5480,13,0,0.51398486
5481,19,1,0.39780915
5482,12,0,0.21682484
5483,22,1,0.85166293
5484,15,1,0.36399037
5485,2,0,0.56074053
5486,6,1,0.4614994
5487,25,1,0.5090145
5488,16,1,0.5321092
5489,6,0,0.2163638
5490,14,0,0.6323609
5491,2,0,0.68256974
5492,8,1,0.32975063
5493,17,0,0.27456123
5494,16,1,0.4960216
5495,19,0,0.45592698
5496,17,1,0.81346005
5497,1,0,0.5794779
5498,4,0,0.48582298
5499,28,0,0.29506147
5500,12,1,0.8830939
5501,13,1,0.6981356
5502,13,0,0.25985566
5503,20,1,0.756522
5504,7,1,0.52233464
5505,28,1,0.54506433
5506,9,1,0.91674346
5507,1,0,0.4385453
5508,1,0,0.51555544
5509,0,1,0.23978858
5510,11,0,0.32745785
5511,26,0,0.24717353
5512,16,1,0.832799
5513,16,1,0.57091826
5514,8,0,0.68403214
5515,17,0,0.26889056
5516,17,1,0.31749254
5517,2,0,0.5873686
5518,27,0,0.46158832
5519,15,0,0.1947371
5520,8,1,0.5738818
5521,16,1,0.61805385
5522,6,1,0.5893064
5523,10,0,0.53469604
5524,14,1,0.7136128
5525,4,0,0.35760543
5526,26,1,0.57672095
5527,26,1,0.4119057
5528,22,0,0.49167702
5529,22,1,0.2545897
5530,26,1,0.7431024
5531,10,1,0.23978394
5532,28,0,0.5522428
5533,15,0,0.39229393
5534,17,0,0.20331864
5535,20,0,0.43333983
5536,15,0,0.6268168
5537,1,1,0.8836856
5538,18,0,0.23567918
5539,16,0,0.39152384
5540,26,0,0.24668902
5541,2,1,0.22608131
5542,26,0,0.42559773
5543,10,0,0.4381371
5544,25,0,0.22026448
5545,18,0,0.27546734
5546,25,0,0.4965883
5547,20,0,0.2367977
5548,9,0,0.53248614
5549,8,1,0.93503714
5550,13,1,0.54381144
5551,15,1,0.67872435
5552,18,0,0.3052938
5553,14,1,0.29151294
5554,11,1,0.8592557
5555,17,1,0.5403027
5556,13,0,0.5029414
5557,3,0,0.507657
5558,16,1,0.3926981
5559,15,0,0.34162128
5560,13,0,0.59749395
5561,25,0,0.28239566
5562,10,1,0.8255594
5563,4,1,0.36144668
5564,0,0,0.42237273
5565,3,1,0.5508753
5566,12,1,0.8638888
5567,10,0,0.26328555
5568,22,0,0.50030214
5569,5,0,0.54195213
5570,9,0,0.5063999
5571,21,0,0.40174162
5572,1,1,0.9348023
5573,8,0,0.86460143
5574,4,1,0.2201636
5575,11,0,0.33053014
5576,26,1,0.46865523
5577,25,0,0.25395176
5578,16,1,0.7457595
5579,1,0,0.41009632
5580,11,0,0.520905
5581,22,0,0.5231823
5582,28,1,0.51842284
5583,2,0,0.56061345
5584,13,1,0.51660633
5585,16,0,0.27752763
5586,10,1,0.46069017
5587,19,0,0.27793422
5588,21,1,0.6885144
5589,4,0,0.25665182
5590,16,1,0.59475356
5591,2,1,0.8752472
5592,19,1,0.26433134
5593,9,0,0.6628227
5594,16,1,0.26761693
5595,16,0,0.4429787
5596,16,0,0.5385186
5597,24,1,0.6723461
5598,2,0,0.59498215
5599,25,0,0.20667623
5600,7,1,0.4524323
5601,2,1,0.34624553
5602,19,1,0.31598872
5603,23,0,0.40514666
5604,26,1,0.78202087
5605,22,0,0.2426107
5606,17,0,0.25532264
5607,13,1,0.49857628
5608,23,1,0.8149477
5609,26,0,0.42952496
5610,24,1,0.2702557
5611,0,0,0.4491146
5612,10,1,0.6120742
5613,26,1,0.5409413
5614,17,1,0.2720216
5615,10,0,0.2515664
5616,15,1,0.93283546
5617,15,1,0.31532425
5618,22,1,0.6387363
5619,22,0,0.5627783
5620,11,1,0.810408
5621,16,1,0.92649
5622,7,1,0.4104598
5623,15,1,0.20119862
5624,6,1,0.54875314
5625,18,1,0.67402655
5626,2,1,0.7397899
5627,19,0,0.28468162
5628,2,1,0.2187839
5629,1,0,0.2761337
5630,15,1,0.6176221
5631,28,0,0.5500406
5632,10,0,0.3989784
5633,2,0,0.27446708
5634,2,0,0.26361945
5635,17,1,0.2638742
5636,14,0,0.7103858
5637,3,0,0.47464693
5638,11,0,0.3677312
5639,1,0,0.23653293
5640,12,1,0.7648124
5641,20,1,0.58252937
5642,17,0,0.44536015
5643,27,1,0.3043445
5644,1,0,0.2961449
5645,12,0,0.40399787
5646,2,0,0.5765403
5647,13,0,0.65344316
5648,2,1,0.9050965
5649,24,1,0.66959834
5650,17,0,0.3679279
5651,16,0,0.5729617
5652,5,0,0.53610593
5653,7,0,0.25164747
5654,0,1,0.6669684
5655,17,1,0.30807728
5656,21,0,0.5411087
5657,18,1,0.69962484
5658,0,1,0.498937
5659,3,1,0.2494818
5660,5,1,0.5927338
5661,15,1,0.540554
5662,21,1,0.7313296
5663,14,0,0.5419187
5664,11,1,0.9085334
5665,11,0,0.18572803
5666,13,0,0.542947
5667,7,1,0.5468115
5668,20,0,0.3371235
5669,22,1,0.7689295
5670,23,1,0.63996863
5671,2,1,0.45661673
5672,2,1,0.7809639
5673,16,0,0.4198412
5674,7,0,0.43466762
5675,25,0,0.21413186
5676,7,0,0.899231
5677,18,1,0.49949196
5678,18,0,0.23373857
5679,11,1,0.5799057
5680,2,0,0.23674461
5681,18,0,0.48353294
5682,15,0,0.27306515
5683,20,1,0.35668388
5684,7,1,0.5468595
5685,13,1,0.71916205
5686,7,1,0.77779937
5687,1,0,0.33363044
5688,26,1,0.41222575
5689,20,1,0.23743068
5690,17,1,0.84501165
5691,0,1,0.5892832
5692,13,1,0.7351916
5693,19,1,0.5481803
5694,4,0,0.59852785
5695,15,0,0.5869723
5696,8,0,0.5276951
5697,17,0,0.5277331
5698,16,1,0.46423832
5699,28,1,0.93772316
5700,15,1,0.43361503
5701,11,1,0.59279203
5702,8,0,0.39404684
5703,27,1,0.67054594
5704,15,0,0.22204642
5705,3,1,0.32643887
5706,26,1,0.27565554
5707,20,1,0.19334899
5708,15,0,0.2170138
5709,8,0,0.4474824
5710,16,1,0.8912557
5711,25,1,0.2391329
5712,10,0,0.39896426
5713,18,1,0.41215333
5714,17,0,0.55403924
5715,3,0,0.3397392
5716,8,1,0.49747095
5717,15,1,0.44350898
5718,26,0,0.7782876
5719,2,1,0.5664657
5720,6,1,0.8503079
5721,18,0,0.5404384
5722,15,0,0.7562447
5723,15,1,0.4395348
5724,12,0,0.3970268
5725,2,0,0.26317573
5726,27,0,0.52371806
5727,13,0,0.3192548
5728,17,0,0.51890886
5729,20,1,0.79169613
5730,13,1,0.52544385
5731,1,1,0.9375169
5732,17,0,0.26683614
5733,1,0,0.27055106
5734,19,1,0.50291306
5735,22,1,0.8504317
5736,3,1,0.4337777
5737,20,0,0.29547495
5738,27,0,0.525022
5739,22,1,0.8870356
5740,16,1,0.24425927
5741,15,0,0.21821661
5742,1,1,0.5089557
5743,7,1,0.6436526
5744,1,0,0.2767003
5745,13,1,0.26475096
5746,4,1,0.53503835
5747,5,0,0.21067783
5748,8,1,0.73820317
5749,16,0,0.5271242
5750,0,1,0.3602384
5751,16,0,0.21387228
5752,20,1,0.3534952
5753,3,1,0.92626655
5754,13,1,0.30308837
5755,21,0,0.3080416
5756,3,1,0.38954172
5757,14,0,0.21180074
5758,25,1,0.8201849
5759,8,0,0.5318304
5760,2,1,0.50318295
5761,27,1,0.27517304
5762,26,1,0.5757651
5763,25,1,0.6088375
5764,9,1,0.80024993
5765,12,0,0.6012303
5766,15,1,0.5826418
5767,14,0,0.76724494
5768,27,0,0.2923707
5769,16,1,0.29708323
5770,20,1,0.8158786
5771,22,1,0.2605635
5772,6,0,0.4227914
5773,9,0,0.3266622
5774,11,1,0.5286925
5775,15,0,0.4741234
5776,1,1,0.26765972
5777,24,0,0.29608718
5778,27,0,0.33817255
5779,3,0,0.7840916
5780,3,1,0.35067245
5781,18,1,0.556752
5782,3,1,0.43083602
5783,5,1,0.458296
5784,2,1,0.65135247
5785,2,0,0.6402362
5786,24,1,0.5522423
5787,18,1,0.50064987
5788,12,1,0.9343223
5789,3,1,0.24992566
5790,16,0,0.21192385
5791,8,0,0.48108357
5792,25,1,0.814993
5793,1,1,0.7683088
5794,24,0,0.5500929
5795,13,1,0.26610065
5796,3,0,0.20886812
5797,28,1,0.54994816
5798,10,0,0.31754574
5799,2,1,0.46863723
5800,27,1,0.21870297
5801,13,1,0.35705715
5802,14,1,0.5306378
5803,8,0,0.23705204
5804,2,0,0.45774564
5805,16,0,0.5331704
5806,5,1,0.5987352
5807,8,0,0.33702892
5808,22,0,0.29844388
5809,20,1,0.5893912
5810,7,0,0.24929005
5811,7,0,0.28177994
5812,15,0,0.2506902
5813,8,1,0.32486594
5814,15,0,0.56487536
5815,8,0,0.24464263
5816,2,1,0.41094318
5817,4,1,0.6116326
5818,27,0,0.30805132
5819,23,0,0.57596
5820,13,1,0.9226296
5821,6,0,0.23982233
5822,16,1,0.74594367
5823,20,0,0.26349485
5824,18,1,0.5384137
5825,8,0,0.3266069
5826,1,1,0.32726946
5827,2,1,0.76370376
5828,9,0,0.579064
5829,11,1,0.6390074
5830,18,1,0.48054808
5831,8,1,0.7989339
5832,11,0,0.60783476
5833,17,0,0.48953035
5834,15,0,0.7109142
5835,17,1,0.3300567
5836,26,1,0.43667623
5837,26,1,0.35395166
5838,25,1,0.65608305
5839,16,1,0.25892264
5840,11,1,0.45877424
5841,26,1,0.6824073
5842,20,1,0.920936
5843,17,0,0.2425604
5844,17,0,0.5409297
5845,19,1,0.75966847
5846,8,1,0.56375015
5847,7,0,0.59338075
5848,19,0,0.2934865
5849,7,0,0.5707569
5850,5,1,0.50192106
5851,14,1,0.63351053
5852,9,0,0.27434057
5853,8,1,0.3381267
5854,16,0,0.54011446
5855,6,1,0.47572482
5856,8,0,0.43524215
5857,16,1,0.7393024
5858,2,0,0.40288782
5859,6,0,0.35056278
5860,26,1,0.8209735
5861,15,0,0.43969166
5862,27,0,0.21193935
5863,15,1,0.8491303
5864,12,1,0.6042466
5865,28,1,0.5606276
5866,18,1,0.37216514
5867,15,0,0.28762624
5868,15,1,0.56416833
5869,8,0,0.38390943
5870,4,1,0.6461457
5871,2,0,0.44244003
5872,3,1,0.7881013
5873,16,1,0.727805
5874,17,0,0.41301963
5875,11,0,0.5211116
5876,15,1,0.43758455
5877,9,1,0.24312495
5878,1,0,0.21354203
5879,27,1,0.5765673
5880,9,1,0.557961
5881,0,0,0.31132728
5882,19,0,0.35153553
5883,16,1,0.72743464
5884,10,0,0.25900918
5885,20,1,0.83785737
5886,17,0,0.59308046
5887,17,1,0.5268251
5888,22,0,0.21307492
5889,12,0,0.22764018
5890,24,0,0.4623937
5891,28,1,0.72107273
5892,0,1,0.26302293
5893,1,1,0.8480034
5894,15,0,0.19109221
5895,23,0,0.5587985
5896,14,1,0.68653804
5897,26,1,0.91455734
5898,25,0,0.26655188
5899,6,0,0.21515873
5900,18,0,0.5274765
5901,7,0,0.6191512
5902,16,1,0.5674041
5903,18,1,0.6276506
5904,20,0,0.19900945
5905,16,1,0.34535718
5906,16,0,0.55444694
5907,25,0,0.29453227
5908,15,1,0.4199265
5909,23,1,0.900146
5910,1,0,0.3305382
5911,25,1,0.71848553
5912,8,1,0.6133686
5913,27,1,0.3286344
5914,12,1,0.81196463
5915,16,1,0.91612554
5916,17,0,0.21534815
5917,13,0,0.23297743
5918,13,1,0.68115544
5919,21,1,0.70645005
5920,11,1,0.20782886
5921,25,1,0.8649595
5922,8,1,0.35776532
5923,22,0,0.25623825
5924,26,0,0.32908076
5925,11,0,0.265151
5926,12,0,0.54404205
5927,13,1,0.7081978
5928,15,1,0.927702
5929,22,0,0.3914626
5930,22,0,0.868022
5931,8,0,0.32776842
5932,12,1,0.47144467
5933,12,1,0.53185326
5934,7,1,0.64515984
5935,1,1,0.5050007
5936,10,0,0.25815374
5937,11,0,0.7178197
5938,1,1,0.7034525
5939,1,1,0.56282777
5940,1,0,0.20835455
5941,13,0,0.21235178
5942,24,0,0.29722703
5943,1,0,0.27497226
5944,22,0,0.42108628
5945,20,0,0.40053412
5946,23,1,0.28153303
5947,9,1,0.20532237
5948,2,1,0.5533937
5949,26,1,0.6687665
5950,15,0,0.5667035
5951,27,1,0.6342632
5952,10,0,0.24296644
5953,1,0,0.26336274
5954,13,0,0.5171693
5955,16,0,0.2303099
5956,2,1,0.2250763
5957,27,1,0.28004026
5958,7,0,0.3251986
5959,15,0,0.32419497
5960,11,0,0.26873392
5961,0,1,0.63321555
5962,13,1,0.5047721
5963,11,0,0.5558816
5964,25,0,0.53597707
5965,4,1,0.8946836
5966,8,0,0.24120116
5967,11,1,0.8862295
5968,15,0,0.2958076
5969,12,1,0.19969536
5970,26,1,0.5104249
5971,15,0,0.5180885
5972,11,1,0.91063565
5973,27,0,0.4622255
5974,25,0,0.23886831
5975,26,0,0.3121472
5976,16,0,0.25273177
5977,13,1,0.6164361
5978,3,0,0.58716947
5979,9,0,0.22536214
5980,10,0,0.75484896
5981,10,0,0.567074
5982,12,1,0.8772447
5983,2,0,0.5390725
5984,2,1,0.56692296
5985,4,1,0.538608
5986,11,0,0.26023695
5987,13,1,0.5195497
5988,4,0,0.53775775
5989,25,0,0.20029286
5990,26,0,0.38100213
5991,4,1,0.45029286
5992,13,1,0.6001577
5993,8,0,0.5221395
5994,2,0,0.25177717
5995,8,1,0.76182586
5996,25,0,0.46663085
5997,16,0,0.23642951
5998,14,1,0.5251237
5999,10,0,0.38389802
6000,8,0,0.23054995
6001,16,1,0.5326072
6002,20,0,0.30288732
6003,15,0,0.21536106
6004,8,1,0.5960685
6005,26,1,0.5178468
6006,15,1,0.46009842
6007,5,0,0.29306486
6008,26,1,0.90011257
6009,6,1,0.8428015
6010,20,1,0.55496055
6011,16,1,0.5321915
6012,17,1,0.49412966
6013,12,1,0.2831012
6014,2,0,0.52735794
6015,2,1,0.57436913
6016,26,1,0.59761465
6017,13,1,0.5634457
6018,7,0,0.5963012
6019,12,0,0.5092741
6020,3,0,0.6556004
6021,22,0,0.25304273
6022,2,1,0.4950331
6023,18,0,0.2656633
6024,24,0,0.33726633
6025,13,1,0.5154931
6026,2,0,0.22310391
6027,20,1,0.59796107
6028,22,1,0.48534232
6029,18,0,0.45783028
6030,16,1,0.48195833
6031,10,1,0.3722207
6032,15,1,0.23831308
6033,1,1,0.85132515
6034,13,1,0.5549254
6035,25,0,0.44137904
6036,26,1,0.567581
6037,12,0,0.62321746
6038,2,0,0.3621505
6039,11,1,0.645404
6040,0,0,0.26606098
6041,8,1,0.85171324
6042,21,0,0.21965054
6043,6,1,0.6673637
6044,13,1,0.576494
6045,28,0,0.58914053
6046,0,0,0.6427889
6047,0,0,0.33956698
6048,26,0,0.54038835
6049,17,1,0.49503398
6050,12,0,0.3713673
6051,13,1,0.40565532
6052,13,0,0.6552023
6053,13,1,0.5603479
6054,1,0,0.49186915
6055,15,0,0.9221021
6056,9,1,0.6319044
6057,2,0,0.45740956
6058,10,0,0.29385123
6059,10,0,0.30809507
6060,6,0,0.23594613
6061,8,0,0.47156513
6062,2,0,0.4668351
6063,6,0,0.51417375
6064,18,1,0.22945417
6065,2,1,0.6059788
6066,20,1,0.5233862
6067,7,0,0.23704736
6068,2,1,0.55325365
6069,25,1,0.70547026
6070,13,0,0.22741483
6071,27,0,0.8973034
6072,7,1,0.9135795
6073,25,1,0.5694061
6074,16,1,0.90864444
6075,13,1,0.277914
6076,15,0,0.45489946
6077,10,1,0.41809958
6078,12,0,0.55024856
6079,20,1,0.6300255
6080,18,0,0.55845654
6081,8,0,0.51718587
6082,11,1,0.54773754
6083,21,1,0.9185376
6084,13,0,0.39947093
6085,7,0,0.32991555
6086,13,1,0.5686268
6087,22,1,0.6610395
6088,26,1,0.48832062
6089,24,1,0.74289364
6090,16,1,0.8989069
6091,23,1,0.5070595
6092,25,0,0.5104016
6093,26,1,0.67953736
6094,8,0,0.6230978
6095,12,0,0.6874948
6096,2,1,0.3336243
6097,7,1,0.3824974
6098,14,0,0.31824988
6099,16,1,0.8247474
6100,20,1,0.53887135
6101,13,0,0.554243
6102,9,1,0.52823967
6103,10,0,0.48705587
6104,2,0,0.30361512
6105,23,0,0.5465249
6106,11,1,0.5140087
6107,23,0,0.5127021
6108,12,0,0.7552912
6109,26,1,0.8503121
6110,4,0,0.5836279
6111,14,0,0.22890599
6112,27,1,0.5192994
6113,10,0,0.39246234
6114,17,0,0.48373225
6115,10,1,0.5881187
6116,5,0,0.5588247
6117,6,0,0.46965417
6118,4,1,0.72923595
6119,10,1,0.81719184
6120,13,0,0.44724062
6121,3,0,0.5060577
6122,18,0,0.24947248
6123,19,1,0.5332033
6124,8,1,0.6908909
6125,11,0,0.57442474
6126,26,1,0.75097233
6127,13,1,0.89409494
6128,19,1,0.6521799
6129,21,0,0.3317982
6130,16,1,0.2945554
6131,20,0,0.35169005
6132,2,0,0.3890665
6133,23,0,0.5482733
6134,1,1,0.37167194
6135,20,0,0.2764474
6136,19,0,0.5355426
6137,0,1,0.4786507
6138,18,1,0.26650602
6139,7,1,0.47234195
6140,19,1,0.4429651
6141,19,0,0.4455564
6142,25,1,0.49577335
6143,20,0,0.23425406
6144,23,1,0.8731868
6145,11,0,0.25456953
6146,13,0,0.18761632
6147,27,0,0.21628344
6148,0,0,0.30086163
6149,7,1,0.20195803
6150,27,1,0.70232856
6151,6,0,0.29758215
6152,17,1,0.51687324
6153,2,1,0.24555585
6154,2,1,0.9283969
6155,1,0,0.55675745
6156,18,1,0.5238652
6157,11,1,0.8879635
6158,26,1,0.35744628
6159,0,0,0.92874205
6160,8,1,0.58682483
6161,13,0,0.2953897
6162,13,1,0.26728785
6163,26,1,0.5215155
6164,6,1,0.2708484
6165,22,0,0.80575955
6166,27,0,0.27879947
6167,25,1,0.5818516
6168,10,0,0.3282161
6169,24,1,0.49341983
6170,2,1,0.407827
6171,26,1,0.48571423
6172,22,0,0.4657644
6173,11,1,0.7121931
6174,26,0,0.5912596
6175,27,1,0.41806662
6176,6,0,0.4623303
6177,26,0,0.68774873
6178,0,0,0.53839076
6179,13,0,0.6503753
6180,25,0,0.41494557
6181,1,1,0.6139755
6182,23,1,0.84358335
6183,11,0,0.4948145
6184,23,0,0.57218224
6185,19,0,0.3289067
6186,3,0,0.3698114
6187,20,1,0.369821
6188,12,1,0.44203073
6189,16,1,0.7301408
6190,8,0,0.6116423
6191,25,0,0.27803507
6192,22,1,0.22248884
6193,23,0,0.3100994
6194,12,0,0.2178585
6195,22,0,0.45485714
6196,2,1,0.69718975
6197,11,0,0.21777017
6198,8,1,0.569352
6199,27,0,0.70755655
6200,5,1,0.8199757
6201,17,0,0.49108627
6202,25,0,0.55040795
6203,23,0,0.31404227
6204,13,1,0.8431748
6205,16,0,0.48330846
6206,9,0,0.3650506
6207,17,1,0.41700998
6208,9,0,0.554216
6209,16,1,0.4299264
6210,6,0,0.47706828
6211,17,1,0.20114383
6212,0,1,0.64313596
6213,7,1,0.55352837
6214,16,1,0.5015263
6215,13,1,0.19976872
6216,17,1,0.5336461
6217,12,0,0.38008538
6218,16,1,0.3690588
6219,19,1,0.5899236
6220,12,0,0.48073113
6221,3,0,0.8204499
6222,17,0,0.6355221
6223,27,0,0.2634221
6224,14,0,0.5285837
6225,12,0,0.52446824
6226,5,0,0.25048825
6227,3,0,0.35176855
6228,5,1,0.8913951
6229,13,1,0.8710159
6230,22,0,0.36024025
6231,8,0,0.40690127
6232,11,1,0.71265846
6233,18,0,0.54723734
6234,10,0,0.1957195
6235,6,0,0.28735918
6236,13,1,0.7290239
6237,24,1,0.3418296
6238,22,1,0.4187739
6239,2,1,0.9244503
6240,10,1,0.6606613
6241,15,1,0.5731202
6242,19,1,0.8437983
6243,10,0,0.34375274
6244,12,1,0.8820482
6245,25,0,0.45623437
6246,26,1,0.8343202
6247,27,1,0.49239925
6248,23,0,0.19819574
6249,10,0,0.5761032
6250,27,0,0.287849
6251,11,1,0.48848373
6252,18,1,0.64077514
6253,8,0,0.22910695
6254,24,0,0.39921463
6255,2,1,0.52081114
6256,19,1,0.61202383
6257,16,0,0.40319696
6258,16,0,0.3203322
6259,5,1,0.5050106
6260,25,0,0.32327795
6261,9,0,0.25859421
6262,25,0,0.3664547
6263,15,0,0.26663128
6264,8,1,0.5757061
6265,16,1,0.42889526
6266,25,0,0.27506554
6267,11,0,0.3152937
6268,9,0,0.28281438
6269,11,0,0.39613616
6270,18,0,0.49118394
6271,15,0,0.24261731
6272,18,0,0.55074227
6273,8,1,0.5361546
6274,12,1,0.86812425
6275,25,1,0.5548352
6276,18,1,0.43983907
6277,0,0,0.26341704
6278,25,0,0.5160237
6279,3,1,0.626099
6280,13,0,0.5278462
6281,20,1,0.52736014
6282,10,0,0.30527928
6283,12,1,0.5685859
6284,3,1,0.43352348
6285,13,1,0.4309659
6286,16,1,0.3130828
6287,19,1,0.90753603
6288,13,1,0.5385956
6289,12,0,0.22150517
6290,18,0,0.30161795
6291,8,0,0.29737014
6292,2,1,0.9254504
6293,1,0,0.2853244
6294,18,1,0.53105044
6295,26,0,0.29839402
6296,24,1,0.7519606
6297,2,0,0.2568776
6298,14,0,0.4059629
6299,13,1,0.6513802
6300,10,1,0.22968769
6301,3,0,0.25130773
6302,8,0,0.32524595
6303,25,0,0.25765386
6304,3,1,0.46676162
6305,28,0,0.24032457
6306,26,0,0.69101447
6307,8,0,0.8020192
6308,15,1,0.8613566
6309,14,0,0.27306673
6310,16,0,0.44874513
6311,20,0,0.5500735
6312,11,0,0.51232076
6313,13,0,0.55035424
6314,26,1,0.3128172
6315,2,1,0.3839674
6316,8,1,0.6204412
6317,28,1,0.61280006
6318,7,1,0.52793527
6319,17,1,0.5709155
6320,23,1,0.41436177
6321,14,0,0.2581846
6322,27,1,0.92989737
6323,6,1,0.83374023
6324,4,0,0.5813968
6325,9,1,0.40018442
6326,2,1,0.37181252
6327,1,0,0.5234648
6328,28,1,0.4166817
6329,22,1,0.6418262
6330,4,1,0.2804852
6331,7,1,0.8572862
6332,22,0,0.34225348
6333,13,1,0.88778764
6334,22,1,0.734204
6335,9,0,0.58286196
6336,10,1,0.2396294
6337,2,1,0.568664
6338,20,0,0.25380436
6339,15,1,0.83723027
6340,14,0,0.44222614
6341,13,0,0.52232736
6342,13,1,0.23488387
6343,20,0,0.4140522
6344,15,1,0.8092762
6345,2,1,0.26349163
6346,10,1,0.6563926
6347,18,1,0.8593454
6348,22,1,0.61223286
6349,21,0,0.48359087
6350,17,0,0.2471664
6351,17,1,0.40110803
6352,16,1,0.64673537
6353,21,1,0.58655316
6354,21,1,0.55425906
6355,27,1,0.8991361
6356,11,0,0.24052148
6357,9,1,0.56317383
6358,13,0,0.23080754
6359,15,1,0.6974623
6360,2,0,0.70754474
6361,8,1,0.51397705
6362,16,0,0.2674225
6363,16,1,0.7615679
6364,14,0,0.26244855
6365,25,0,0.6299361
6366,14,1,0.22025743
6367,27,1,0.22479217
6368,9,0,0.69145626
6369,28,0,0.6895958
6370,2,1,0.5750282
6371,16,0,0.20669341
6372,10,0,0.20117454
6373,12,0,0.47029728
6374,19,1,0.8684733
6375,23,1,0.40907365
6376,20,0,0.24889022
6377,27,0,0.5099941
6378,3,1,0.46980453
6379,25,1,0.4892872
6380,15,0,0.25088742
6381,16,0,0.24371342
6382,25,0,0.23673023
6383,3,0,0.60972935
6384,28,1,0.55615366
6385,9,0,0.44295588
6386,18,1,0.4429424
6387,25,0,0.2633284
6388,13,1,0.7819844
6389,16,1,0.7674665
6390,0,1,0.5836075
6391,16,0,0.52604717
6392,10,0,0.5551509
6393,28,0,0.5175582
6394,16,1,0.5245625
6395,7,0,0.34260756
6396,10,0,0.38151446
6397,10,1,0.8475614
6398,17,0,0.34913138
6399,3,0,0.29765797
6400,28,0,0.22220923
6401,26,0,0.5814081
6402,12,1,0.4232451
6403,18,0,0.26994967
6404,7,0,0.45035067
6405,10,0,0.2324163
6406,4,1,0.65788543
6407,6,1,0.41863808
6408,1,1,0.42235288
6409,16,1,0.5644462
6410,2,1,0.5329318
6411,22,1,0.7989585
6412,24,0,0.6705018
6413,27,1,0.21133773
6414,8,0,0.29278198
6415,24,0,0.866384
6416,5,1,0.64590305
6417,22,1,0.8681229
6418,6,0,0.46031013
6419,4,0,0.27162004
6420,19,1,0.89143676
6421,7,1,0.45355815
6422,13,1,0.626715
6423,1,1,0.481767
6424,5,0,0.5343189
6425,16,1,0.56719416
6426,18,1,0.8230191
6427,17,1,0.8671181
6428,10,1,0.7850369
6429,16,1,0.31836867
6430,4,1,0.60459167
6431,4,0,0.770797
6432,9,1,0.72723097
6433,12,1,0.34592986
6434,6,0,0.22450215
6435,21,0,0.3555336
6436,20,1,0.7980157
6437,10,0,0.32755035
6438,1,0,0.38495922
6439,5,1,0.9392804
6440,13,0,0.5873031
6441,16,1,0.8441249
6442,27,0,0.74440193
6443,2,1,0.5819903
6444,5,0,0.32230425
6445,4,1,0.42095494
6446,6,0,0.50170106
6447,22,1,0.351673
6448,8,1,0.6046938
6449,16,0,0.28826344
6450,25,0,0.21024938
6451,10,0,0.55103236
6452,20,0,0.5231325
6453,13,0,0.2682769
6454,28,1,0.2605531
6455,26,0,0.32200187
6456,17,1,0.7085696
6457,12,0,0.43134713
6458,13,1,0.57395893
6459,9,1,0.8509111
6460,21,1,0.497608
6461,2,0,0.6038912
6462,15,1,0.7314647
6463,23,1,0.2260316
6464,1,1,0.7965557
6465,6,0,0.35694632
6466,18,0,0.52659017
6467,2,0,0.37362686
6468,17,1,0.6886987
6469,13,1,0.6357756
6470,20,1,0.6654482
6471,10,0,0.46709022
6472,20,1,0.26451588
6473,23,0,0.29941943
6474,25,0,0.35913518
6475,6,0,0.53076226
6476,13,0,0.30714324
6477,18,0,0.25844398
6478,0,0,0.2901532
6479,13,1,0.64849305
6480,1,1,0.9393317
6481,10,1,0.25992242
6482,11,1,0.48860016
6483,13,0,0.45249805
6484,9,1,0.27589393
6485,6,1,0.4654592
6486,8,0,0.35709083
6487,9,0,0.88104147
6488,1,0,0.19071022
6489,26,0,0.32030106
6490,28,1,0.4400885
6491,2,1,0.27844322
6492,27,1,0.48222375
6493,18,1,0.77238405
6494,25,0,0.21204798
6495,7,0,0.5190749
6496,24,0,0.24811862
6497,2,1,0.5057992
6498,26,1,0.7224901
6499,3,1,0.43376783
6500,25,1,0.5244193
6501,7,0,0.36099294
6502,0,1,0.38490736
6503,14,0,0.26449117
6504,7,0,0.19351093
6505,1,0,0.6716375
6506,2,1,0.6018217
6507,23,1,0.86505204
6508,17,1,0.4398636
6509,1,0,0.31698832
6510,13,1,0.69561523
6511,10,0,0.5382085
6512,16,1,0.6923563
6513,14,0,0.25268707
6514,11,1,0.501114
6515,25,1,0.5164411
6516,6,0,0.61289287
6517,15,1,0.9116636
6518,19,1,0.19756207
6519,24,1,0.8507907
6520,16,1,0.54873955
6521,28,1,0.45708227
6522,3,0,0.59932333
6523,4,1,0.2884474
6524,13,0,0.3993676
6525,16,0,0.6125349
6526,20,1,0.5488032
6527,26,1,0.5378491
6528,11,0,0.48465666
6529,13,1,0.8751239
6530,12,0,0.30253273
6531,9,0,0.40967423
6532,7,0,0.5732952
6533,15,1,0.4150587
6534,16,0,0.22871003
6535,22,0,0.70308805
6536,8,0,0.24812521
6537,1,1,0.5077414
6538,13,1,0.36257067
6539,1,0,0.2654314
6540,8,1,0.5728891
6541,17,1,0.5810348
6542,18,0,0.782706
6543,19,0,0.38159376
6544,21,0,0.45111033
6545,13,0,0.29396912
6546,14,1,0.5484204
6547,15,1,0.8699222
6548,26,0,0.5146037
6549,21,0,0.36477283
6550,22,1,0.3536889
6551,16,1,0.6383214
6552,27,1,0.83195287
6553,15,1,0.7639212
6554,10,0,0.29153907
6555,13,1,0.60997653
6556,26,1,0.6808333
6557,25,0,0.31017143
6558,12,0,0.35606802
6559,2,0,0.2281484
6560,11,0,0.4843268
6561,13,1,0.4579784
6562,27,1,0.53196
6563,11,0,0.49703795
6564,2,0,0.30927414
6565,5,0,0.2266757
6566,1,1,0.7256275
6567,25,1,0.2240364
6568,11,0,0.56271434
6569,17,0,0.31613
6570,17,0,0.55421025
6571,2,1,0.59096456
6572,13,1,0.7241181
6573,22,1,0.9052428
6574,13,1,0.53775734
6575,6,1,0.47002682
6576,2,1,0.5188829
6577,2,1,0.93671113
6578,10,1,0.68608
6579,28,0,0.19726525
6580,14,1,0.64611167
6581,13,0,0.44200268
6582,8,0,0.28301236
6583,9,0,0.5490716
6584,26,1,0.80982774
6585,22,1,0.30102524
6586,18,1,0.3001482
6587,13,1,0.4176003
6588,8,1,0.9152829
6589,25,1,0.63270885
6590,16,1,0.8971503
6591,19,0,0.32136
6592,12,1,0.8119839
6593,2,1,0.6991172
6594,15,1,0.5468364
6595,15,1,0.5803078
6596,16,1,0.29678696
6597,19,0,0.2485209
6598,28,0,0.4238059
6599,27,1,0.24495089
6600,20,0,0.24551532
6601,20,1,0.4606201
6602,12,1,0.41868973
6603,3,1,0.22481184
6604,16,1,0.6417431
6605,25,1,0.53018963
6606,13,0,0.43263894
6607,18,1,0.9036835
6608,14,1,0.7095374
6609,15,1,0.5389542
6610,15,1,0.2429269
6611,21,0,0.30675274
6612,13,1,0.88213724
6613,2,0,0.44962338
6614,7,0,0.32656118
6615,23,0,0.22518574
6616,5,0,0.63619673
6617,23,0,0.7419474
6618,10,0,0.80998486
6619,18,0,0.208507
6620,2,1,0.41645864
6621,25,0,0.38339776
6622,27,0,0.22922672
6623,16,1,0.77278996
6624,15,1,0.7034616
6625,6,1,0.9092448
6626,8,1,0.9177568
6627,1,0,0.5853365
6628,8,0,0.51773864
6629,10,0,0.6646016
6630,26,1,0.7361941
6631,11,0,0.39865303
6632,14,1,0.52685964
6633,4,0,0.24270113
6634,3,1,0.5402349
6635,2,1,0.7854992
6636,24,0,0.34669983
6637,14,0,0.49000108
6638,6,1,0.8942669
6639,5,0,0.25965625
6640,25,0,0.22684342
6641,10,1,0.40878844
6642,22,1,0.38107434
6643,11,0,0.516289
6644,12,0,0.37781608
6645,27,1,0.43828067
6646,6,1,0.85877055
6647,9,1,0.61889434
6648,9,0,0.26368186
6649,13,0,0.5615041
6650,17,1,0.49217153
6651,19,0,0.23309778
6652,1,1,0.796094
6653,14,1,0.36650017
6654,25,0,0.23139441
6655,13,1,0.32150424
6656,7,0,0.37631232
6657,12,0,0.31028748
6658,21,1,0.49013525
6659,7,1,0.6537143
6660,22,0,0.42606643
6661,3,0,0.5619606
6662,10,0,0.29071108
6663,26,1,0.6753665
6664,27,0,0.5244243
6665,11,0,0.24279691
6666,10,1,0.59326154
6667,6,0,0.34556887
6668,7,1,0.55954087
6669,3,0,0.49471703
6670,27,0,0.5777132
6671,12,1,0.6456408
6672,12,0,0.2531997
6673,13,1,0.28796476
6674,0,0,0.21451892
6675,1,0,0.56451505
6676,22,0,0.20857306
6677,16,0,0.40806973
6678,16,0,0.2030935
6679,13,1,0.5750363
6680,28,1,0.84956306
6681,2,0,0.25295788
6682,6,1,0.2575695
6683,26,1,0.47049996
6684,26,1,0.7968487
6685,11,0,0.5173365
6686,7,0,0.74739426
6687,8,0,0.4321982
6688,17,1,0.55830973
6689,17,0,0.3708416
6690,15,0,0.61840945
6691,20,1,0.8527001
6692,10,0,0.83894235
6693,19,0,0.24443847
6694,7,1,0.5353064
6695,6,1,0.9325293
6696,0,1,0.8968627
6697,25,1,0.7375782
6698,13,1,0.3316585
6699,3,1,0.9138317
6700,12,0,0.5307895
6701,8,0,0.2204826
6702,16,1,0.7771377
6703,8,0,0.550263
6704,0,1,0.82589424
6705,16,1,0.81103563
6706,13,0,0.53733057
6707,12,0,0.60005236
6708,0,0,0.40015146
6709,22,0,0.46436846
6710,2,0,0.6319904
6711,11,0,0.24869978
6712,13,0,0.28557244
6713,11,1,0.56065685
6714,26,1,0.5296568
6715,18,1,0.54113656
6716,1,0,0.43916377
6717,26,0,0.32033843
6718,11,0,0.66234434
6719,17,0,0.41546005
6720,10,0,0.42455426
6721,1,0,0.4544988
6722,3,0,0.2565278
6723,7,0,0.48669395
6724,19,1,0.3840278
6725,17,0,0.54315907
6726,19,0,0.37065968
6727,18,0,0.5216241
6728,10,1,0.7086001
6729,9,1,0.36622468
6730,26,0,0.27274185
6731,4,1,0.5242343
6732,16,1,0.6428252
6733,25,0,0.2829498
6734,16,0,0.40312922
6735,10,0,0.2850064
6736,13,0,0.5192042
6737,28,1,0.8882889
6738,15,0,0.48265624
6739,22,0,0.21438515
6740,10,1,0.6740526
6741,24,1,0.5689409
6742,9,0,0.5561639
6743,3,1,0.87314755
6744,10,0,0.43795067
6745,16,1,0.51786345
6746,7,0,0.31753215
6747,26,0,0.3230258
6748,12,1,0.7589278
6749,16,0,0.40539175
6750,12,0,0.50629187
6751,20,0,0.8998612
6752,18,1,0.6941175
6753,7,1,0.47734538
6754,2,0,0.42207164
6755,19,1,0.61335146
6756,2,0,0.45513985
6757,3,1,0.39161757
6758,18,0,0.59843457
6759,27,1,0.4401151
6760,15,0,0.6237484
6761,3,1,0.6058688
6762,2,1,0.659461
6763,6,0,0.5508133
6764,4,1,0.44971043
6765,13,1,0.45628932
6766,12,0,0.26322988
6767,26,0,0.55354995
6768,16,0,0.680736
6769,22,1,0.8923935
6770,8,0,0.42667982
6771,23,1,0.71038985
6772,26,0,0.23649839
6773,25,1,0.8734528
6774,26,0,0.50764894
6775,10,1,0.85414034
6776,3,1,0.8974999
6777,13,0,0.21776892
6778,13,0,0.2820782
6779,7,1,0.50461644
6780,15,1,0.7564072
6781,2,0,0.33223853
6782,20,1,0.26029643
6783,8,1,0.4132919
6784,24,1,0.47031596
6785,15,0,0.32191873
6786,22,0,0.22060655
6787,12,1,0.41243207
6788,2,0,0.19876896
6789,12,1,0.2759332
6790,8,1,0.71686304
6791,18,0,0.4626125
6792,15,0,0.77414936
6793,3,1,0.48098227
6794,11,1,0.51480395
6795,13,1,0.467535
6796,20,1,0.4934753
6797,2,0,0.22545478
6798,26,0,0.37852058
6799,2,0,0.44699782
6800,27,0,0.27625647
6801,9,1,0.7398871
6802,2,1,0.38694412
6803,13,1,0.5678106
6804,8,0,0.66863316
6805,26,1,0.7891363
6806,18,1,0.7262483
6807,8,1,0.5062803
6808,25,1,0.6575318
6809,15,1,0.4325606
6810,13,1,0.7610404
6811,6,1,0.9205759
6812,24,1,0.26565447
6813,1,1,0.8285567
6814,25,0,0.26027688
6815,4,1,0.7976605
6816,12,1,0.52207935
6817,1,1,0.6659423
6818,16,1,0.574892
6819,25,1,0.65370274
6820,10,0,0.2753802
6821,10,0,0.2889062
6822,1,0,0.24679136
6823,9,1,0.5441713
6824,4,0,0.24520585
6825,25,1,0.5941166
6826,16,0,0.6570424
6827,13,0,0.38606757
6828,14,0,0.5106089
6829,12,0,0.26565504
6830,8,1,0.4492195
6831,16,0,0.23648296
6832,0,1,0.8257802
6833,0,0,0.4818498
6834,6,1,0.43328762
6835,21,0,0.22278187
6836,23,0,0.46630487
6837,8,0,0.36288947
6838,25,1,0.439343
6839,26,1,0.69031984
6840,8,1,0.8251653
6841,18,0,0.34177402
6842,9,0,0.61365485
6843,6,0,0.6002652
6844,19,0,0.18718575
6845,11,0,0.35384136
6846,9,1,0.8407058
6847,12,0,0.2891307
6848,1,0,0.72680295
6849,20,0,0.47467023
6850,23,0,0.6481845
6851,15,1,0.31020465
6852,11,0,0.20649585
6853,7,0,0.49539822
6854,13,1,0.8710559
6855,22,1,0.5933076
6856,13,1,0.6062701
6857,20,0,0.56127965
6858,27,0,0.58410746
6859,0,0,0.39897913
6860,1,0,0.21375173
6861,16,1,0.29753292
6862,20,1,0.6591191
6863,15,0,0.43591586
6864,27,0,0.8522444
6865,1,1,0.60051894
6866,1,0,0.2612841
6867,8,1,0.7600942
6868,17,0,0.32602853
6869,24,1,0.8931636
6870,13,0,0.46553195
6871,14,1,0.7224962
6872,18,1,0.5833076
6873,8,0,0.30663827
6874,22,1,0.6164501
6875,2,0,0.46966976
6876,1,0,0.5664944
6877,18,0,0.5039402
6878,11,0,0.50308603
6879,1,0,0.40178606
6880,22,1,0.53719705
6881,9,1,0.8511207
6882,28,1,0.7536872
6883,26,0,0.23247872
6884,4,0,0.35561356
6885,2,0,0.5010918
6886,21,1,0.55180264
6887,16,1,0.41253704
6888,2,1,0.47442317
6889,14,0,0.26014137
6890,6,0,0.2718721
6891,2,0,0.48242098
6892,25,0,0.4797251
6893,23,1,0.79509556
6894,28,0,0.24054652
6895,16,1,0.52693695
6896,19,0,0.46537557
6897,13,0,0.60095346
6898,22,0,0.53542566
6899,1,0,0.7167262
6900,16,0,0.50530666
6901,8,0,0.5937224
6902,3,0,0.2783758
6903,19,1,0.48468092
6904,4,1,0.8344739
6905,2,0,0.57840353
6906,16,0,0.3138223
6907,16,1,0.3625243
6908,6,0,0.26152477
6909,26,1,0.8701889
6910,16,1,0.5423625
6911,11,0,0.59069854
6912,11,0,0.4419267
6913,7,0,0.44037837
6914,6,1,0.26160282
6915,2,0,0.403022
6916,21,0,0.4436677
6917,15,0,0.48683074
6918,13,0,0.546463
6919,6,0,0.5252535
6920,20,0,0.3868409
6921,15,0,0.5655733
6922,19,0,0.6475734
6923,14,1,0.7500467
6924,25,0,0.37451696
6925,23,0,0.27999875
6926,18,0,0.4396227
6927,3,1,0.41568708
6928,15,1,0.31561175
6929,0,1,0.5580201
6930,15,1,0.7436245
6931,12,0,0.8525888
6932,15,0,0.2842075
6933,28,1,0.81679493
6934,21,1,0.6329706
6935,4,1,0.23449115
6936,20,0,0.3346849
6937,1,0,0.21489507
6938,13,0,0.51479465
6939,5,1,0.48058736
6940,10,0,0.21925694
6941,19,1,0.24937479
6942,3,0,0.4475069
6943,12,0,0.6583507
6944,28,1,0.61201626
6945,14,0,0.22185676
6946,2,1,0.78445846
6947,7,0,0.20730348
6948,2,1,0.74100536
6949,22,1,0.4004866
6950,22,0,0.28559214
6951,25,1,0.8305828
6952,16,1,0.5169305
6953,23,0,0.5524441
6954,16,1,0.8643082
6955,15,1,0.3681982
6956,22,0,0.4054742
6957,8,0,0.30848354
6958,5,0,0.31966466
6959,22,1,0.7944574
6960,15,0,0.62007815
6961,1,1,0.3286619
6962,7,0,0.7352711
6963,26,0,0.50692815
6964,11,0,0.3955578
6965,16,0,0.34132472
6966,14,0,0.48166487
6967,20,0,0.53787905
6968,23,1,0.89591616
6969,20,0,0.46679932
6970,16,0,0.64388144
6971,1,0,0.32075825
6972,15,1,0.30937842
6973,10,1,0.858019
6974,12,0,0.21021576
6975,17,0,0.56405973
6976,6,0,0.2477944
6977,0,0,0.5742005
6978,10,0,0.22226758
6979,2,0,0.31039885
6980,27,0,0.2067431
6981,15,0,0.28456
6982,13,0,0.4526558
6983,27,1,0.946125
6984,2,0,0.55366427
6985,16,0,0.42316934
6986,2,1,0.46599814
6987,15,1,0.4848279
6988,13,0,0.25698826
6989,6,1,0.5418453
6990,24,1,0.4877591
6991,22,1,0.74507314
6992,16,0,0.4459235
6993,10,1,0.5149496
6994,20,1,0.33372787
6995,16,1,0.27963424
6996,3,1,0.8614913
6997,5,1,0.3422235
6998,24,1,0.93349946
6999,26,0,0.46393064
7000,7,1,0.6694128
7001,23,0,0.3281528
7002,2,1,0.8888176
7003,13,1,0.90849304
7004,20,1,0.49212483
7005,5,1,0.86800724
7006,7,0,0.6948154
7007,10,1,0.651251
7008,1,0,0.39307365
7009,3,0,0.3320486
7010,8,1,0.8403107
7011,8,1,0.568308
7012,18,1,0.6549248
7013,2,1,0.45062432
7014,14,1,0.78467065
7015,21,0,0.2528805
7016,20,0,0.3878525
7017,6,0,0.3380829
7018,28,0,0.52929085
7019,14,0,0.2725934
7020,13,0,0.70414776
7021,2,0,0.20249705
7022,5,1,0.45104688
7023,26,0,0.590691
7024,10,1,0.53107834
7025,28,1,0.5194511
7026,24,1,0.72830105
7027,13,0,0.18204956
7028,21,0,0.33685005
7029,20,0,0.38621184
7030,13,1,0.28545368
7031,14,0,0.5267701
7032,25,1,0.3431104
7033,7,1,0.6346531
7034,22,0,0.23603682
7035,0,1,0.52189213
7036,21,0,0.2632819
7037,8,1,0.63127714
7038,5,0,0.3315345
7039,22,1,0.5725341
7040,12,1,0.22702484
7041,13,0,0.63593084
7042,13,1,0.66381085
7043,19,0,0.23848227
7044,28,0,0.23707841
7045,13,1,0.58475584
7046,14,0,0.9429797
7047,28,0,0.6303621
7048,28,0,0.29017535
7049,26,1,0.7667159
7050,14,1,0.89299715
7051,12,1,0.29555884
7052,20,0,0.59512854
7053,25,0,0.7079306
7054,21,0,0.24592823
7055,8,0,0.4382252
7056,27,1,0.85693467
7057,24,1,0.71953726
7058,11,0,0.3872568
7059,16,0,0.2164426
7060,8,1,0.5762594
7061,23,1,0.37229726
7062,10,1,0.54282075
7063,16,0,0.32266238
7064,18,0,0.55473346
7065,15,0,0.50578356
7066,0,0,0.48397842
7067,26,0,0.2916929
7068,12,0,0.23832358
7069,3,0,0.3735908
7070,16,1,0.49228737
7071,10,1,0.48460093
7072,4,1,0.5760694
7073,10,0,0.6769491
7074,24,1,0.9243641
7075,20,1,0.6729423
7076,6,1,0.6682702
7077,1,0,0.39705634
7078,2,0,0.26792017
7079,15,1,0.25888383
7080,17,0,0.41943052
7081,14,0,0.44360992
7082,14,0,0.5251335
7083,11,1,0.4966003
7084,20,1,0.84470797
7085,19,1,0.69753593
7086,5,1,0.4802121
7087,18,0,0.52357715
7088,2,0,0.5304243
7089,13,1,0.7336457
7090,8,1,0.46678108
7091,15,0,0.5455316
7092,20,1,0.47325984
7093,22,1,0.3203063
7094,10,1,0.7440423
7095,27,0,0.6841872
7096,11,0,0.20250411
7097,1,0,0.45637506
7098,18,0,0.418666
7099,15,0,0.29552513
7100,20,0,0.615222
7101,6,1,0.46938205
7102,15,0,0.19122711
7103,21,1,0.40053195
7104,15,1,0.5784449
7105,21,1,0.3262074
7106,28,0,0.93243724
7107,11,1,0.7994564
7108,26,0,0.3749101
7109,25,0,0.21448371
7110,22,0,0.6695207
7111,5,1,0.5023446
7112,18,0,0.2129769
7113,14,1,0.26094422
7114,6,0,0.21109925
7115,17,1,0.86882746
7116,18,0,0.2693262
7117,7,1,0.93717456
7118,6,1,0.21538553
7119,2,1,0.72894263
7120,3,1,0.58392817
7121,15,0,0.5074139
7122,23,0,0.49717075
7123,12,0,0.41534945
7124,22,0,0.2319708
7125,24,1,0.6924323
7126,7,0,0.54496896
7127,12,1,0.43055463
7128,26,1,0.54387116
7129,12,0,0.34174857
7130,17,1,0.42684788
7131,18,1,0.6129234
7132,21,1,0.531296
7133,3,1,0.38645902
7134,20,0,0.2882352
7135,18,1,0.7445783
7136,26,0,0.5819552
7137,15,0,0.7199849
7138,27,0,0.47379324
7139,13,1,0.59357667
7140,4,1,0.4549909
7141,14,1,0.51848733
7142,26,0,0.24205457
7143,3,1,0.36925545
7144,16,1,0.80610496
7145,15,0,0.33675823
7146,21,0,0.27537987
7147,18,0,0.4715977
7148,0,0,0.30961436
7149,27,0,0.2953965
7150,6,0,0.24957946
7151,13,0,0.5256995
7152,10,0,0.2913699
7153,8,1,0.5433128
7154,8,0,0.571251
7155,20,1,0.6073603
7156,19,1,0.77107656
7157,13,1,0.84331805
7158,13,0,0.585804
7159,2,1,0.65787536
7160,2,0,0.23768023
7161,25,0,0.59229994
7162,22,0,0.20482533
7163,17,0,0.33064425
7164,20,1,0.89141524
7165,3,0,0.22726397
7166,26,1,0.631611
7167,8,0,0.37251127
7168,25,1,0.8832124
7169,16,1,0.8810657
7170,27,0,0.5033756
7171,11,1,0.53429985
7172,18,0,0.3246268
7173,8,0,0.20409663
7174,12,0,0.64320105
7175,14,0,0.29402623
7176,8,1,0.20485213
7177,27,1,0.39570433
7178,28,0,0.4065411
7179,26,0,0.31204394
7180,15,1,0.49521947
7181,2,1,0.7880411
7182,1,0,0.4102395
7183,10,1,0.4970098
7184,16,1,0.88401675
7185,20,0,0.364615
7186,11,0,0.5545439
7187,1,1,0.7464087
7188,16,1,0.64685935
7189,26,0,0.56652504
7190,13,0,0.5936625
7191,17,0,0.3069145
7192,22,0,0.22783734
7193,18,0,0.35940132
7194,14,0,0.5997397
7195,10,0,0.8104864
7196,13,1,0.87784743
7197,27,1,0.54716766
7198,21,0,0.22561589
7199,10,0,0.32170495
7200,26,0,0.6691602
7201,17,0,0.25779197
7202,2,0,0.44346294
7203,5,0,0.512014
7204,1,0,0.24266167
7205,20,1,0.31294256
7206,1,1,0.59910226
7207,21,1,0.7353127
7208,21,1,0.4769818
7209,6,0,0.41044897
7210,11,0,0.58757365
7211,21,1,0.75269824
7212,12,1,0.49663523
7213,19,0,0.577949
7214,15,0,0.20072591
7215,6,1,0.29095164
7216,11,0,0.38095263
7217,16,0,0.43394786
7218,16,0,0.33076212
7219,19,0,0.21357498
7220,19,1,0.49656796
7221,12,1,0.8660645
7222,24,0,0.46418196
7223,2,0,0.28118852
7224,2,1,0.6175626
7225,28,1,0.90650326
7226,15,1,0.401895
7227,2,1,0.33903027
7228,26,0,0.62853533
7229,20,0,0.3338269
7230,8,0,0.23373331
7231,1,1,0.5986724
7232,12,0,0.5204322
7233,16,1,0.22960056
7234,28,0,0.25695762
7235,3,1,0.44824407
7236,2,1,0.8125331
7237,10,0,0.5092571
7238,17,0,0.51762205
7239,6,0,0.6094198
7240,20,1,0.30243576
7241,6,0,0.59153503
7242,8,0,0.9111277
7243,0,0,0.18502957
7244,20,0,0.76658076
7245,13,1,0.43736658
7246,14,0,0.19671527
7247,15,1,0.74931324
7248,1,1,0.62607956
7249,16,0,0.2644565
7250,8,1,0.70827836
7251,13,0,0.27651522
7252,12,0,0.2793167
7253,25,0,0.56348795
7254,25,1,0.6644273
7255,4,1,0.4101457
7256,13,1,0.6704936
7257,12,0,0.25651306
7258,6,1,0.8531522
7259,22,0,0.2691919
7260,12,0,0.6472451
7261,8,0,0.48794505
7262,7,1,0.39002588
7263,16,0,0.5825669
7264,23,1,0.62291175
7265,22,1,0.7238596
7266,28,1,0.68686193
7267,0,0,0.5095683
7268,26,0,0.41629
7269,15,1,0.45784888
7270,14,1,0.19021249
7271,20,1,0.8446431
7272,9,0,0.2133855
7273,18,1,0.6178322
7274,13,1,0.28384525
7275,13,0,0.1966135
7276,16,0,0.27366942
7277,18,1,0.93023705
7278,7,1,0.28686836
7279,26,1,0.65345365
7280,5,1,0.554276
7281,2,0,0.5121826
7282,23,1,0.28837886
7283,19,0,0.5918345
7284,8,0,0.45710498
7285,21,1,0.8915786
7286,12,1,0.69695914
7287,12,1,0.5831951
7288,8,0,0.81128585
7289,14,0,0.32150272
7290,5,1,0.2734696
7291,9,0,0.7652483
7292,18,0,0.8490902
7293,11,0,0.7215496
7294,20,1,0.6733029
7295,22,1,0.38694322
7296,13,1,0.6400407
7297,1,1,0.3456839
7298,2,1,0.29697937
7299,11,0,0.28010833
7300,20,0,0.2438723
7301,26,0,0.2527059
7302,16,0,0.3722949
7303,25,0,0.3352334
7304,8,0,0.36798018
7305,17,0,0.25027117
7306,6,0,0.36718565
7307,18,1,0.8971698
7308,16,0,0.38686383
7309,4,0,0.24508624
7310,10,1,0.7433281
7311,13,0,0.24514067
7312,12,1,0.27101976
7313,3,0,0.33522168
7314,11,0,0.24175906
7315,26,0,0.21123616
7316,0,1,0.5841597
7317,22,1,0.42749596
7318,9,1,0.61213744
7319,15,1,0.39921692
7320,1,1,0.85578924
7321,12,1,0.43960726
7322,11,0,0.25216055
7323,3,1,0.46540052
7324,13,1,0.5638487
7325,27,0,0.3913958
7326,2,0,0.24496394
7327,5,1,0.9414754
7328,26,0,0.21211548
7329,13,1,0.7832663
7330,10,0,0.31224352
7331,26,1,0.49579608
7332,14,1,0.53411686
7333,28,0,0.56155384
7334,11,0,0.43508428
7335,18,0,0.58016557
7336,17,1,0.68213516
7337,11,1,0.2946442
7338,1,1,0.63616425
7339,28,0,0.7105639
7340,16,0,0.29560876
7341,27,1,0.59731066
7342,11,1,0.7749452
7343,14,1,0.43281743
7344,20,1,0.8279548
7345,17,0,0.19751105
7346,19,0,0.24738589
7347,15,1,0.3819375
7348,28,0,0.50063515
7349,27,1,0.90847194
7350,8,0,0.4210102
7351,1,0,0.49212527
7352,19,0,0.6541875
7353,22,0,0.29316235
7354,16,0,0.3952963
7355,27,0,0.40386558
7356,13,1,0.53887796
7357,9,1,0.88261765
7358,11,1,0.79491156
7359,8,0,0.2782113
7360,12,0,0.36737156
7361,8,1,0.8683855
7362,19,0,0.5718823
7363,28,0,0.22122002
7364,17,1,0.6382476
7365,8,0,0.19186264
7366,19,0,0.4741983
7367,13,1,0.25216436
7368,2,0,0.4938076
7369,19,0,0.5883129
7370,10,1,0.8439961
7371,8,1,0.8082604
7372,11,1,0.4659845
7373,1,1,0.80590576
7374,12,1,0.8621659
7375,26,1,0.7444457
7376,2,0,0.6521808
7377,14,1,0.67414117
7378,6,1,0.3829076
7379,27,1,0.87320375
7380,2,0,0.76475406
7381,12,0,0.53128874
7382,13,0,0.37402263
7383,18,0,0.452728
7384,5,0,0.21949153
7385,12,1,0.5667296
7386,8,1,0.60609484
7387,21,0,0.20501411
7388,8,0,0.58347577
7389,15,1,0.9426237
7390,27,1,0.7608943
7391,21,0,0.5362199
7392,13,0,0.24039118
7393,7,0,0.29303727
7394,27,0,0.36809984
7395,12,1,0.8185804
7396,8,1,0.5883449
7397,13,1,0.46196398
7398,9,1,0.340594
7399,19,1,0.6054124
7400,27,0,0.22198291
7401,13,1,0.5924417
7402,15,1,0.7936903
7403,26,1,0.50817144
7404,2,1,0.8610688
7405,11,1,0.5732185
7406,27,1,0.48257083
7407,26,1,0.5796439
7408,15,0,0.23160219
7409,1,0,0.18172024
7410,12,0,0.22619016
7411,26,0,0.22118212
7412,22,1,0.6058359
7413,4,0,0.28600687
7414,2,1,0.5222052
7415,12,1,0.39182237
7416,15,1,0.415858
7417,16,0,0.38187772
7418,17,1,0.27540582
7419,13,1,0.38001487
7420,10,1,0.67810774
7421,20,0,0.26355654
7422,15,0,0.35750192
7423,12,1,0.4463073
7424,26,0,0.47536483
7425,2,0,0.4705383
7426,25,1,0.8722892
7427,27,0,0.2273904
7428,26,0,0.8597335
7429,8,1,0.6496753
7430,22,0,0.25058356
7431,12,1,0.5892767
7432,13,0,0.5443261
7433,25,1,0.75851065
7434,0,0,0.33955455
7435,18,1,0.59975594
7436,28,0,0.5224738
7437,10,0,0.6341028
7438,17,1,0.5933948
7439,26,1,0.85428524
7440,22,0,0.2973228
7441,11,0,0.22314717
7442,11,1,0.59924436
7443,13,1,0.5575133
7444,25,1,0.27154446
7445,10,0,0.3161801
7446,21,0,0.43981126
7447,1,1,0.7040394
7448,15,0,0.20868486
7449,3,1,0.64327776
7450,11,1,0.37334675
7451,8,1,0.4915034
7452,28,0,0.44442976
7453,10,1,0.62510735
7454,18,0,0.25386688
7455,13,1,0.5040568
7456,4,0,0.5233092
7457,14,0,0.20258707
7458,3,1,0.7122749
7459,3,0,0.54281414
7460,21,0,0.68754345
7461,10,0,0.1997765
7462,3,0,0.55111814
7463,5,1,0.7624391
7464,12,1,0.20559365
7465,24,0,0.5561618
7466,27,0,0.5271075
7467,10,1,0.5932795
7468,2,1,0.5716773
7469,1,1,0.56662434
7470,8,0,0.24421522
7471,7,0,0.51139474
7472,15,1,0.5334561
7473,18,0,0.22995748
7474,13,0,0.20637217
7475,0,1,0.422462
7476,12,1,0.18299246
7477,9,1,0.44646496
7478,18,1,0.2434838
7479,14,0,0.3928812
7480,3,0,0.5091956
7481,26,1,0.4633206
7482,16,0,0.23582424
7483,23,0,0.2802488
7484,12,1,0.7320338
7485,20,1,0.8278917
7486,13,1,0.88466877
7487,12,0,0.483225
7488,21,0,0.19100502
7489,15,1,0.5460674
7490,27,1,0.8176178
7491,9,0,0.5741169
7492,17,1,0.28910828
7493,12,0,0.5227395
7494,9,0,0.74015224
7495,18,1,0.70768696
7496,28,0,0.5810022
7497,10,0,0.3478824
7498,6,1,0.53021014
7499,14,0,0.2985848
7500,9,0,0.27467275
7501,15,1,0.57887214
7502,6,1,0.3267032
7503,13,1,0.8595064
7504,2,1,0.47357702
7505,28,1,0.3230129
7506,4,0,0.27610067
7507,22,0,0.75519896
7508,2,1,0.525514
7509,27,1,0.24517742
7510,18,0,0.26401985
7511,26,1,0.53753537
7512,11,0,0.20056836
7513,23,1,0.58956176
7514,3,0,0.3854627
7515,4,1,0.6136224
7516,28,1,0.7242093
7517,13,0,0.7740217
7518,24,0,0.30432665
7519,27,1,0.4755298
7520,6,0,0.4391181
7521,10,0,0.47089106
7522,22,0,0.5857216
7523,8,0,0.64631075
7524,1,0,0.2609259
7525,9,1,0.8674126
7526,1,0,0.47172254
7527,26,1,0.92223316
7528,15,0,0.24305455
7529,26,1,0.24980542
7530,18,0,0.36417928
7531,5,0,0.42685068
7532,16,1,0.33852983
7533,17,1,0.25642264
7534,16,1,0.3690429
7535,16,0,0.5571742
7536,22,0,0.31915724
7537,17,1,0.846159
7538,18,1,0.7858618
7539,25,0,0.55862886
7540,16,1,0.49232966
7541,19,1,0.59839445
7542,12,0,0.27641588
7543,2,1,0.37014303
7544,25,1,0.893739
7545,27,1,0.36843342
7546,23,1,0.6081412
7547,5,0,0.4511461
7548,25,1,0.5712615
7549,20,0,0.51865536
7550,18,0,0.3150056
7551,24,1,0.7066074
7552,18,0,0.5949092
7553,17,1,0.5836642
7554,13,1,0.5756647
7555,10,1,0.26559466
7556,0,0,0.6437753
7557,12,0,0.4290963
7558,27,1,0.29601824
7559,15,0,0.4270712
7560,10,1,0.64847666
7561,15,1,0.82983446
7562,1,1,0.6523699
7563,25,0,0.23080577
7564,2,0,0.3696908
7565,4,0,0.21018212
7566,20,1,0.9203629
7567,1,0,0.46438938
7568,13,0,0.63770837
7569,13,1,0.43559843
7570,28,1,0.6904173
7571,14,1,0.82971996
7572,5,1,0.23401335
7573,3,0,0.21962014
7574,16,0,0.53590214
7575,21,0,0.45688108
7576,12,0,0.5587497
7577,6,0,0.46411112
7578,26,0,0.80336505
7579,26,0,0.60326445
7580,12,0,0.27448058
7581,16,1,0.61125505
7582,11,1,0.5656218
7583,10,0,0.48112583
7584,20,0,0.5696923
7585,19,0,0.88113743
7586,13,1,0.47084942
7587,15,0,0.48172793
7588,13,1,0.4251175
7589,13,1,0.44940707
7590,7,1,0.8825892
7591,2,1,0.556141
7592,16,1,0.7599065
7593,26,1,0.69002247
7594,24,1,0.7289393
7595,20,1,0.5710551
7596,3,1,0.64266676
7597,16,1,0.36928457
7598,10,1,0.657083
7599,6,0,0.46903247
7600,27,1,0.208035
7601,6,1,0.82381976
7602,18,1,0.31538925
7603,7,0,0.23488992
7604,20,1,0.9337461
7605,20,0,0.4143091
7606,8,0,0.6192731
7607,1,1,0.8466041
7608,12,1,0.7780676
7609,1,0,0.7574085
7610,7,1,0.78118086
7611,15,0,0.33235437
7612,2,1,0.74347186
7613,15,0,0.33467668
7614,12,0,0.6815153
7615,26,1,0.70935607
7616,7,0,0.6565255
7617,25,0,0.4271291
7618,10,0,0.28007397
7619,20,0,0.7289308
7620,11,1,0.29969433
7621,10,1,0.2561395
7622,1,0,0.49575236
7623,10,1,0.2586634
7624,20,0,0.7767417
7625,9,0,0.5745927
7626,24,1,0.29913643
7627,16,1,0.49626574
7628,25,0,0.4104312
7629,18,1,0.5878906
7630,12,0,0.77897215
7631,8,0,0.5219366
7632,7,0,0.6046208
7633,22,0,0.3143398
7634,24,0,0.39282757
7635,26,1,0.3911919
7636,3,1,0.78442276
7637,12,1,0.42954463
7638,25,0,0.64623195
7639,2,0,0.7156522
7640,8,1,0.20689285
7641,16,0,0.24424909
7642,22,1,0.5559463
7643,20,1,0.57349366
7644,21,0,0.21461016
7645,17,0,0.305823
7646,28,0,0.78863513
7647,11,1,0.8753779
7648,1,0,0.46286133
7649,17,1,0.47229558
7650,1,1,0.5207678
7651,6,1,0.92391473
7652,18,0,0.592246
7653,28,0,0.52850145
7654,13,0,0.5157231
7655,20,0,0.38148683
7656,24,0,0.40333658
7657,20,0,0.21291426
7658,25,0,0.1943655
7659,7,0,0.24490781
7660,8,1,0.8836952
7661,12,1,0.8337428
7662,11,1,0.77799165
7663,13,0,0.35413384
7664,20,0,0.40857795
7665,6,1,0.66184735
7666,12,1,0.73900574
7667,26,1,0.7494791
7668,1,0,0.36479133
7669,6,0,0.23198378
7670,10,1,0.46579802
7671,23,1,0.6771387
7672,12,0,0.3016915
7673,20,1,0.519132
7674,3,0,0.40282845
7675,2,1,0.60891044
7676,16,1,0.53873736
7677,20,1,0.6212735
7678,19,1,0.57317835
7679,11,1,0.8319228
7680,0,0,0.27539292
7681,24,0,0.8956943
7682,14,0,0.63787067
7683,15,1,0.4246434
7684,1,0,0.18815593
7685,1,0,0.6084844
7686,10,1,0.55284077
7687,16,1,0.77699226
7688,27,0,0.4483784
7689,9,0,0.8279981
7690,2,0,0.3230828
7691,6,0,0.3618534
7692,10,1,0.5613655
7693,19,0,0.56153286
7694,22,1,0.34047246
7695,3,1,0.58792686
7696,8,1,0.23459965
7697,27,0,0.36093462
7698,27,1,0.6372872
7699,23,0,0.590676
7700,8,1,0.24967141
7701,1,1,0.3858327
7702,1,1,0.7097696
7703,11,0,0.27748817
7704,23,1,0.53107375
7705,8,0,0.57253474
7706,2,1,0.5362577
7707,5,0,0.57312554
7708,6,1,0.66420525
7709,17,1,0.17551726
7710,12,1,0.7227
7711,4,1,0.21407789
7712,26,0,0.33477616
7713,8,0,0.56246376
7714,2,1,0.27929506
7715,2,1,0.6063073
7716,22,0,0.22879416
7717,11,1,0.8295402
7718,18,1,0.7284095
7719,2,0,0.40735653
7720,12,1,0.40638986
7721,3,0,0.48040393
7722,3,1,0.6068029
7723,23,1,0.87914896
7724,3,1,0.6814507
7725,13,1,0.8288917
7726,8,1,0.25128892
7727,1,1,0.41484663
7728,1,0,0.20694122
7729,10,1,0.8296229
7730,26,0,0.7358246
7731,17,1,0.7715098
7732,16,0,0.18499677
7733,18,1,0.20796047
7734,26,0,0.27857077
7735,18,0,0.58427435
7736,8,1,0.58579606
7737,16,1,0.5263953
7738,13,1,0.27657187
7739,14,0,0.5952979
7740,2,0,0.283146
7741,13,1,0.45430484
7742,27,1,0.76259005
7743,20,1,0.90063787
7744,13,1,0.65679765
7745,26,1,0.6059155
7746,25,1,0.50843316
7747,25,0,0.2126676
7748,3,1,0.57204735
7749,22,1,0.67440957
7750,15,1,0.51268375
7751,23,1,0.5253747
7752,1,1,0.23836048
7753,18,0,0.3999324
7754,6,0,0.31172067
7755,26,0,0.18925038
7756,10,1,0.44554645
7757,25,1,0.6536341
7758,19,0,0.23860961
7759,13,0,0.23988196
7760,6,1,0.28170958
7761,3,1,0.9461737
7762,4,0,0.2971028
7763,28,1,0.8351904
7764,11,0,0.21986869
7765,26,0,0.49402082
7766,3,1,0.75272053
7767,6,1,0.8206546
7768,20,1,0.6293706
7769,2,1,0.4846189
7770,14,0,0.36557728
7771,25,0,0.27248937
7772,25,0,0.2547967
7773,12,0,0.4272451
7774,8,0,0.36458158
7775,16,1,0.65179753
7776,2,0,0.6434959
7777,9,1,0.6479477
7778,16,1,0.81331867
7779,24,0,0.20029451
7780,17,0,0.27030316
7781,1,0,0.3683969
7782,2,0,0.45605215
7783,13,0,0.5085491
7784,20,1,0.54103565
7785,2,0,0.55459243
7786,10,1,0.66653633
7787,15,0,0.40000236
7788,1,0,0.20841299
7789,17,0,0.71299314
7790,25,0,0.20151629
7791,15,0,0.28677922
7792,2,1,0.5545387
7793,26,1,0.88207376
7794,7,1,0.4746797
7795,20,1,0.83240193
7796,10,0,0.6633106
7797,9,1,0.7235928
7798,15,1,0.53581786
7799,25,1,0.53412104
7800,27,0,0.23736311
7801,23,1,0.68298745
7802,2,1,0.35404047
7803,11,0,0.4855552
7804,0,0,0.472833
7805,25,1,0.56199557
7806,25,1,0.8317538
7807,20,1,0.62557733
7808,15,1,0.8334989
7809,19,0,0.21876822
7810,28,0,0.4790823
7811,16,1,0.67451406
7812,15,0,0.2098779
7813,17,0,0.33040807
7814,27,0,0.45273182
7815,28,0,0.5496784
7816,4,1,0.62715095
7817,2,1,0.378694
7818,19,1,0.26915067
7819,8,1,0.90704167
7820,8,1,0.61122125
7821,27,0,0.58116895
7822,25,1,0.54622954
7823,11,0,0.20521328
7824,22,0,0.2985771
7825,11,1,0.21076652
7826,0,1,0.93848807
7827,27,1,0.5727386
7828,18,0,0.47130597
7829,20,0,0.54821944
7830,12,0,0.35573348
7831,15,0,0.5416078
7832,7,0,0.24745947
7833,13,1,0.7324943
7834,16,0,0.5806118
7835,1,1,0.7921408
7836,1,0,0.29625514
7837,3,1,0.5558879
7838,22,0,0.27215493
7839,21,0,0.7058249
7840,6,1,0.2758321
7841,14,0,0.809132
7842,10,1,0.5006703
7843,20,0,0.2842956
7844,5,1,0.7414684
7845,19,1,0.5263726
7846,28,1,0.49807093
7847,1,1,0.6254764
7848,25,0,0.2983718
7849,22,0,0.38436225
7850,18,0,0.36247975
7851,2,1,0.7555133
7852,0,0,0.4241558
7853,22,1,0.2607584
7854,6,1,0.47946817
7855,18,0,0.4517591
7856,1,0,0.39897546
7857,14,0,0.28034627
7858,4,1,0.89266473
7859,9,0,0.29293665
7860,21,1,0.48429358
7861,7,1,0.6561041
7862,9,1,0.8695564
7863,3,1,0.83784056
7864,17,0,0.22436431
7865,10,1,0.73458433
7866,4,0,0.19852172
7867,26,1,0.90697104
7868,26,1,0.49487686
7869,25,0,0.27897367
7870,26,0,0.30475384
7871,28,0,0.22683814
7872,26,1,0.94452477
7873,23,1,0.26031157
7874,14,1,0.32843274
7875,8,1,0.8363302
7876,10,1,0.3760996
7877,11,1,0.44630766
7878,15,1,0.2380593
7879,16,0,0.21408682
7880,2,1,0.55989724
7881,26,0,0.28608152
7882,20,1,0.54814076
7883,13,1,0.8897007
7884,13,0,0.2982808
7885,12,1,0.47725293
7886,22,0,0.23350689
7887,7,1,0.4331771
7888,12,0,0.35279492
7889,10,1,0.18345514
7890,11,0,0.27648878
7891,10,1,0.57263434
7892,10,0,0.6503681
7893,28,1,0.6272459
7894,24,1,0.9047799
7895,14,1,0.6809573
7896,26,0,0.47237217
7897,2,0,0.44918278
7898,16,1,0.43088338
7899,11,0,0.1915508
7900,12,1,0.47600234
7901,7,0,0.21189584
7902,16,0,0.7013303
7903,8,0,0.49140093
7904,3,0,0.29818645
7905,22,0,0.66548544
7906,20,1,0.7860023
7907,14,0,0.59274966
7908,2,1,0.48362052
7909,11,1,0.5462665
7910,24,0,0.2675491
7911,11,0,0.5060304
7912,26,1,0.49771336
7913,3,0,0.35034114
7914,26,0,0.31238344
7915,25,0,0.58162737
7916,3,0,0.4199973
7917,13,0,0.21964212
7918,24,1,0.46858406
7919,11,1,0.5226808
7920,17,0,0.45695707
7921,15,0,0.4105758
7922,15,0,0.5414098
7923,24,1,0.5458734
7924,21,1,0.9157446
7925,14,0,0.34519187
7926,25,0,0.30501133
7927,22,0,0.3878491
7928,15,0,0.43643212
7929,6,1,0.9362076
7930,18,1,0.5111856
7931,12,1,0.54955
7932,13,0,0.56224495
7933,22,0,0.8911738
7934,13,1,0.8616236
7935,11,0,0.25298956
7936,16,1,0.71741396
7937,15,1,0.61699635
7938,28,1,0.3709252
7939,17,1,0.35139182
7940,7,1,0.47192666
7941,10,1,0.5696088
7942,13,0,0.24789482
7943,18,0,0.40057027
7944,28,0,0.22048199
7945,24,1,0.5939204
7946,22,1,0.6344231
7947,22,1,0.8724873
7948,10,1,0.55975956
7949,13,0,0.28606543
7950,17,0,0.25418383
7951,3,0,0.22599855
7952,1,0,0.20143688
7953,25,1,0.4506406
7954,10,0,0.2154365
7955,22,0,0.36075434
7956,4,0,0.43169814
7957,8,1,0.8299165
7958,21,0,0.31283072
7959,15,0,0.30633903
7960,8,1,0.8610406
7961,28,0,0.2399573
7962,14,0,0.588221
7963,26,0,0.19302234
7964,2,1,0.65360874
7965,3,0,0.47525316
7966,17,1,0.22309397
7967,7,1,0.6203834
7968,6,0,0.39398608
7969,9,1,0.5506134
7970,15,1,0.78849596
7971,6,0,0.2631849
7972,9,0,0.20537838
7973,18,1,0.5873368
7974,16,1,0.6628675
7975,22,0,0.35544926
7976,25,1,0.8310721
7977,28,0,0.63315564
7978,9,0,0.44995186
7979,7,1,0.9490968
7980,18,1,0.21500933
7981,2,1,0.6517983
7982,3,1,0.678441
7983,4,1,0.4509315
7984,26,0,0.5740955
7985,13,0,0.46149758
7986,25,1,0.8944378
7987,15,1,0.59629047
7988,2,1,0.49985495
7989,6,1,0.7844944
7990,22,1,0.5866157
7991,16,0,0.27859837
7992,13,0,0.5500624
7993,11,0,0.48233095
7994,3,0,0.65733016
7995,25,1,0.5338879
7996,26,1,0.77750736
7997,10,1,0.3458354
7998,25,0,0.23128079
7999,7,0,0.32149747
8000,11,0,0.3653372
8001,0,0,0.3782211
8002,2,0,0.5007542
8003,0,1,0.5040738
8004,2,1,0.57007486
8005,20,1,0.49209878
8006,4,0,0.6324688
8007,9,0,0.57605827
8008,28,1,0.2693596
8009,25,1,0.8683068
8010,1,1,0.22238454
8011,3,1,0.86025316
8012,15,0,0.5987139
8013,9,1,0.35242668
8014,8,1,0.5735217
8015,10,1,0.5541108
8016,24,1,0.34221688
8017,24,1,0.91378313
8018,14,1,0.73101515
8019,8,1,0.8797978
8020,2,0,0.5273449
8021,8,1,0.5087515
8022,12,0,0.8702652
8023,20,0,0.4109164
8024,6,1,0.5000264
8025,20,1,0.5291581
8026,7,1,0.4538192
8027,16,0,0.62144715
8028,13,1,0.4572179
8029,1,1,0.9012883
8030,15,0,0.2504374
8031,25,1,0.72898537
8032,16,1,0.5170997
8033,18,0,0.4322523
8034,20,0,0.2928002
8035,1,0,0.21369188
8036,2,1,0.52204096
8037,27,1,0.8302268
8038,22,1,0.53437316
8039,11,1,0.66268724
8040,22,1,0.4945316
8041,19,1,0.8271068
8042,8,0,0.53722024
8043,8,0,0.21342263
8044,17,1,0.53008175
8045,15,1,0.66032016
8046,3,1,0.23774296
8047,25,0,0.1882459
8048,6,1,0.8763044
8049,28,1,0.27246493
8050,8,1,0.55048925
8051,2,0,0.34098512
8052,15,1,0.88182265
8053,13,1,0.8976301
8054,11,0,0.21735558
8055,26,0,0.20596637
8056,12,1,0.31909558
8057,7,1,0.59477824
8058,8,0,0.46821943
8059,17,0,0.8210928
8060,2,0,0.511347
8061,18,0,0.5184833
8062,26,0,0.19516209
8063,12,0,0.45563072
8064,26,1,0.49013594
8065,4,1,0.4951566
8066,8,1,0.9318844
8067,16,1,0.23662284
8068,16,0,0.20926553
8069,8,0,0.31442824
8070,26,1,0.732174
8071,7,0,0.38847017
8072,4,1,0.8443884
8073,0,0,0.50433236
8074,7,1,0.65069723
8075,12,1,0.20581561
8076,24,0,0.23031756
8077,26,0,0.5677537
8078,16,0,0.18264975
8079,25,0,0.28166994
8080,1,1,0.5255414
8081,20,0,0.69264233
8082,18,1,0.17759906
8083,6,1,0.3924324
8084,13,1,0.6199723
8085,13,0,0.5458125
8086,16,1,0.5998075
8087,26,0,0.23085539
8088,1,0,0.5947464
8089,6,0,0.28278947
8090,12,0,0.19863291
8091,25,1,0.4902262
8092,7,1,0.5274305
8093,12,1,0.7382956
8094,6,1,0.83040476
8095,16,1,0.5823589
8096,22,1,0.55054957
8097,18,0,0.21778437
8098,28,1,0.59692794
8099,6,1,0.29637334
8100,24,1,0.78156215
8101,3,0,0.5446653
8102,16,0,0.4639021
8103,2,1,0.78414756
8104,17,0,0.22155292
8105,1,0,0.30613303
8106,12,1,0.86063284
8107,23,1,0.89154977
8108,2,1,0.90988815
8109,19,1,0.4459774
8110,12,1,0.36400428
8111,9,0,0.49080113
8112,28,1,0.5580804
8113,0,1,0.36687535
8114,16,0,0.2683432
8115,18,1,0.21346289
8116,2,1,0.3851895
8117,10,1,0.38566008
8118,16,0,0.20540209
8119,2,1,0.39913434
8120,16,0,0.32333335
8121,24,0,0.34673625
8122,22,0,0.23130487
8123,16,0,0.19628204
8124,5,0,0.5430788
8125,13,0,0.5509152
8126,11,1,0.4157341
8127,13,1,0.51326424
8128,10,1,0.524452
8129,24,0,0.36529765
8130,25,0,0.7687149
8131,27,1,0.6137319
8132,25,0,0.2169947
8133,8,1,0.34682897
8134,18,1,0.58251166
8135,3,1,0.49148282
8136,3,1,0.92615527
8137,20,0,0.2052896
8138,12,0,0.23147863
8139,13,0,0.4896346
8140,2,0,0.34253168
8141,24,1,0.9085787
8142,1,0,0.39108637
8143,13,1,0.47061887
8144,6,1,0.708943
8145,26,0,0.51411295
8146,12,1,0.22497258
8147,17,0,0.22093247
8148,16,0,0.33798856
8149,22,0,0.38922107
8150,20,0,0.56543356
8151,1,0,0.65899855
8152,22,0,0.55103415
8153,15,0,0.25151995
8154,3,0,0.2909502
8155,28,1,0.90890384
8156,2,0,0.5496828
8157,26,1,0.8428783
8158,27,1,0.82959676
8159,20,1,0.58640444
8160,3,1,0.43096617
8161,16,1,0.8534669
8162,5,1,0.560467
8163,26,1,0.42309985
8164,11,0,0.53464574
8165,25,0,0.6022731
8166,9,1,0.78833467
8167,7,0,0.25723642
8168,21,0,0.25155026
8169,27,0,0.6124404
8170,27,1,0.67730194
8171,24,1,0.73393095
8172,25,1,0.62278366
8173,16,0,0.52491444
8174,14,0,0.55226207
8175,4,1,0.47442392
8176,3,0,0.2022301
8177,4,0,0.62847227
8178,21,0,0.18060517
8179,26,1,0.36326298
8180,12,0,0.25554937
8181,4,0,0.46415287
8182,4,1,0.24634893
8183,27,0,0.435552
8184,26,1,0.84129333
8185,8,1,0.5262232
8186,7,1,0.3065789
8187,6,1,0.25961867
8188,1,1,0.37819418
8189,2,1,0.9149333
8190,15,0,0.21020202
8191,7,1,0.88954157
8192,26,1,0.8243105
8193,16,1,0.4699912
8194,13,1,0.38128144
8195,28,1,0.5610669
8196,25,0,0.24863335
8197,15,1,0.5427234
8198,22,0,0.24224664
8199,20,1,0.80240625
8200,3,0,0.31534794
8201,16,0,0.2730576
8202,1,1,0.4573204
8203,2,0,0.65167135
8204,24,0,0.3087863
8205,26,0,0.60816216
8206,25,1,0.81576335
8207,22,0,0.22162889
8208,12,0,0.21512432
8209,2,0,0.7487872
8210,4,0,0.522475
8211,28,0,0.7288067
8212,12,1,0.36008674
8213,11,1,0.8738945
8214,19,1,0.90315896
8215,4,1,0.23679322
8216,11,0,0.24837002
8217,7,1,0.6427006
8218,2,1,0.50735575
8219,18,1,0.4699454
8220,10,1,0.51424545
8221,23,0,0.2837386
8222,8,1,0.6728495
8223,10,1,0.5568051
8224,3,1,0.37154174
8225,8,0,0.26853594
8226,16,1,0.55241203
8227,2,1,0.5265547
8228,13,0,0.4428817
8229,21,0,0.5253226
8230,13,0,0.23234338
8231,1,1,0.7628759
8232,14,0,0.4794938
8233,5,0,0.24206719
8234,16,1,0.4624861
8235,12,1,0.87334484
8236,7,0,0.45740253
8237,16,0,0.23027796
8238,2,1,0.47952527
8239,1,1,0.7389277
8240,19,1,0.89276534
8241,12,0,0.22018647
8242,25,0,0.3065875
8243,8,0,0.55879813
8244,15,0,0.33331868
8245,15,1,0.52989554
8246,28,1,0.8152479
8247,12,0,0.63191634
8248,5,0,0.28867266
8249,10,1,0.92200875
8250,15,0,0.45727584
8251,4,0,0.30671373
8252,18,0,0.6952022
8253,13,0,0.26299024
8254,7,0,0.6290739
8255,21,0,0.89522946
8256,10,1,0.45000437
8257,8,1,0.8831015
8258,11,0,0.70234144
8259,6,0,0.5726812
8260,13,1,0.54312736
8261,26,0,0.18346232
8262,15,0,0.2597691
8263,8,0,0.67805886
8264,11,0,0.20377357
8265,4,0,0.23579818
8266,2,1,0.82737845
8267,6,1,0.5644205
8268,5,1,0.5173465
8269,17,0,0.27352998
8270,18,1,0.8213329
8271,27,1,0.24457547
8272,10,1,0.7822217
8273,4,0,0.18759952
8274,9,0,0.19114713
8275,11,1,0.5445759
8276,20,1,0.59212196
8277,18,1,0.56858224
8278,12,0,0.41194746
8279,3,0,0.77545446
8280,26,1,0.91762525
8281,8,1,0.73681515
8282,22,0,0.33970797
8283,28,0,0.86759853
8284,10,0,0.45900849
8285,2,0,0.4828278
8286,0,1,0.6602004
8287,16,0,0.27666116
8288,1,1,0.7997573
8289,19,0,0.291377
8290,3,1,0.84938323
8291,16,0,0.5217536
8292,0,1,0.19581486
8293,10,1,0.6529126
8294,14,1,0.22433582
8295,6,0,0.47990188
8296,17,0,0.41065952
8297,14,0,0.3157075
8298,21,1,0.5735693
8299,11,0,0.32481912
8300,15,1,0.55453485
8301,16,0,0.54921603
8302,3,0,0.36995953
8303,16,0,0.42992258
8304,1,1,0.18074647
8305,15,0,0.48300695
8306,22,1,0.8988536
8307,16,1,0.5336976
8308,13,0,0.4403454
8309,17,0,0.38398838
8310,6,1,0.720849
8311,26,0,0.57916486
8312,9,1,0.8899078
8313,11,0,0.2520334
8314,26,0,0.27189514
8315,20,0,0.7722732
8316,10,0,0.6018603
8317,8,1,0.53499854
8318,3,1,0.47130725
8319,28,0,0.37719035
8320,27,0,0.84124196
8321,6,1,0.4906157
8322,21,1,0.49477783
8323,24,1,0.47892517
8324,22,1,0.58469546
8325,15,1,0.45518738
8326,11,0,0.46234366
8327,11,1,0.5384734
8328,25,0,0.63731456
8329,25,1,0.8846589
8330,26,0,0.20307064
8331,2,0,0.23897648
8332,15,1,0.81738365
8333,8,0,0.53761494
8334,4,0,0.552627
8335,26,1,0.5346254
8336,13,1,0.747754
8337,22,1,0.5113028
8338,0,1,0.66333735
8339,10,1,0.34617013
8340,16,1,0.85444766
8341,11,0,0.46706432
8342,20,0,0.21932946
8343,14,1,0.2558465
8344,12,1,0.59530413
8345,6,1,0.23714843
8346,6,0,0.48111624
8347,2,1,0.44379726
8348,23,1,0.8933654
8349,17,0,0.8171283
8350,17,1,0.866708
8351,20,0,0.43977603
8352,19,1,0.7777053
8353,18,0,0.24628364
8354,20,1,0.54919213
8355,2,1,0.7444477
8356,8,1,0.47308528
8357,12,0,0.46544334
8358,9,0,0.4837279
8359,10,1,0.81293356
8360,15,1,0.29883918
8361,24,0,0.5964532
8362,16,0,0.22474079
8363,10,0,0.5278814
8364,10,1,0.73362
8365,6,1,0.26441535
8366,11,0,0.39909118
8367,3,0,0.2604547
8368,26,1,0.36268663
8369,1,0,0.2825668
8370,16,1,0.55273205
8371,8,1,0.40433198
8372,16,1,0.87046194
8373,13,1,0.34421396
8374,22,1,0.52463675
8375,11,0,0.282312
8376,26,0,0.41838494
8377,14,1,0.8453952
8378,13,0,0.53424436
8379,6,0,0.7576077
8380,11,0,0.35079852
8381,12,0,0.518481
8382,22,1,0.91566133
8383,4,1,0.3232274
8384,26,0,0.27223426
8385,13,0,0.17686322
8386,14,1,0.70078504
8387,13,1,0.7239907
8388,26,0,0.47890046
8389,17,0,0.5137781
8390,3,0,0.30151272
8391,12,1,0.4070879
8392,14,0,0.58298516
8393,10,0,0.53154147
8394,23,0,0.21720737
8395,0,1,0.5788093
8396,23,1,0.56736106
8397,3,0,0.5720052
8398,10,0,0.45980117
8399,1,0,0.2603034
8400,13,0,0.59697783
8401,8,1,0.8712079
8402,13,1,0.837905
8403,13,1,0.71912116
8404,16,0,0.21970098
8405,10,1,0.46442032
8406,19,0,0.46023983
8407,8,0,0.47764316
8408,9,1,0.27045715
8409,24,0,0.4060849
8410,5,1,0.9389097
8411,4,1,0.8026997
8412,22,1,0.93369675
8413,8,1,0.41109464
8414,10,0,0.40699723
8415,26,1,0.58734846
8416,24,1,0.33858895
8417,18,1,0.29297832
8418,20,1,0.8959459
8419,13,0,0.797347
8420,26,0,0.32896778
8421,17,0,0.5149686
8422,9,1,0.79725903
8423,4,0,0.4279598
8424,22,0,0.60389435
8425,2,0,0.21013917
8426,28,0,0.391753
8427,16,0,0.25446397
8428,13,1,0.8035103
8429,26,0,0.22065914
8430,19,0,0.54420984
8431,18,1,0.707791
8432,8,1,0.441433
8433,1,1,0.8017116
8434,1,1,0.81973916
8435,26,1,0.5520704
8436,23,1,0.24449803
8437,7,0,0.2945454
8438,14,0,0.3120634
8439,24,1,0.52655315
8440,8,0,0.20497246
8441,11,0,0.26251656
8442,6,1,0.6981552
8443,13,1,0.85758775
8444,19,1,0.51442057
8445,27,0,0.17470692
8446,20,0,0.5358099
8447,6,0,0.19450946
8448,7,1,0.33630085
8449,25,0,0.22854537
8450,26,0,0.56802094
8451,2,0,0.24667916
8452,6,1,0.81697845
8453,11,0,0.26850015
8454,5,0,0.26693732
8455,20,1,0.6159287
8456,12,0,0.39898756
8457,15,0,0.4531416
8458,8,0,0.34640536
8459,2,1,0.3838409
8460,22,0,0.6014084
8461,4,1,0.6164848
8462,2,0,0.38480678
8463,14,1,0.47398713
8464,16,1,0.92124206
8465,0,0,0.209956
8466,25,1,0.8297966
8467,22,1,0.887397
8468,13,0,0.34943894
8469,19,0,0.46083134
8470,15,0,0.35343134
8471,26,0,0.26034507
8472,6,1,0.70525646
8473,13,0,0.3049155
8474,6,1,0.529793
8475,16,0,0.63904643
8476,16,0,0.8292619
8477,4,0,0.5653927
8478,6,1,0.41552645
8479,1,1,0.6020968
8480,4,1,0.52185
8481,4,1,0.260876
8482,15,0,0.24185538
8483,6,0,0.5821601
8484,11,1,0.70517004
8485,6,0,0.27527612
8486,10,0,0.58774984
8487,1,1,0.2716367
8488,27,0,0.4780757
8489,4,0,0.55262464
8490,23,0,0.33998644
8491,26,0,0.26042777
8492,24,0,0.5793184
8493,14,1,0.75623924
8494,26,0,0.23871127
8495,10,1,0.55408144
8496,25,1,0.8970688
8497,12,0,0.3317654
8498,27,1,0.5908138
8499,12,0,0.6275168
8500,9,0,0.45472804
8501,27,1,0.38016555
8502,14,0,0.2017274
8503,10,1,0.8566779
8504,28,0,0.5392902
8505,11,1,0.38718998
8506,14,0,0.42996007
8507,22,0,0.40581608
8508,2,0,0.54479903
8509,25,0,0.6466384
8510,6,1,0.49998844
8511,10,0,0.88071114
8512,16,0,0.5901852
8513,12,1,0.7946324
8514,25,0,0.2120889
8515,21,0,0.28675756
8516,23,0,0.6117998
8517,1,0,0.639282
8518,12,1,0.71853197
8519,15,1,0.62003404
8520,27,1,0.6218056
8521,21,0,0.19027644
8522,19,0,0.3357605
8523,12,1,0.59965
8524,15,1,0.8218797
8525,15,1,0.2173342
8526,18,1,0.8991301
8527,1,0,0.49988434
8528,15,0,0.47700143
8529,25,1,0.71651244
8530,13,1,0.85027283
8531,27,1,0.30982226
8532,27,0,0.30436143
8533,13,0,0.1944071
8534,27,0,0.475741
8535,1,0,0.20427229
8536,24,0,0.4110344
8537,26,1,0.26052228
8538,7,0,0.20846292
8539,15,1,0.4474584
8540,26,0,0.7357151
8541,15,0,0.55277175
8542,15,1,0.5371437
8543,19,1,0.48382264
8544,0,0,0.25136212
8545,11,1,0.26210913
8546,11,0,0.7895553
8547,5,1,0.65204114
8548,19,0,0.333663
8549,20,0,0.5655544
8550,14,0,0.22609799
8551,13,0,0.494088
8552,28,1,0.8524751
8553,7,1,0.5271432
8554,9,0,0.25188935
8555,17,0,0.33685023
8556,22,0,0.46986765
8557,13,0,0.6047169
8558,13,1,0.36473858
8559,27,0,0.8819191
8560,13,0,0.2163828
8561,1,1,0.58714175
8562,17,0,0.8917548
8563,26,1,0.40655696
8564,24,0,0.43126288
8565,10,1,0.28153986
8566,22,0,0.57103723
8567,23,0,0.7266847
8568,20,0,0.33430797
8569,25,0,0.5224476
8570,16,0,0.18014555
8571,16,0,0.18625902
8572,14,1,0.861913
8573,11,0,0.27482098
8574,26,0,0.25257754
8575,16,1,0.5019256
8576,21,1,0.5382002
8577,16,1,0.30974615
8578,6,1,0.6080128
8579,26,0,0.67734444
8580,16,1,0.63514876
8581,20,0,0.23882972
8582,15,0,0.20287192
8583,20,1,0.862321
8584,25,0,0.9277535
8585,18,1,0.7073066
8586,10,1,0.38652888
8587,15,0,0.42090738
8588,25,0,0.7547193
8589,20,1,0.6638996
8590,13,0,0.40641594
8591,13,0,0.5665333
8592,27,0,0.29024386
8593,7,1,0.443153
8594,27,0,0.2409698
8595,7,1,0.39759412
8596,3,0,0.27309483
8597,2,1,0.8325256
8598,25,0,0.7752852
8599,25,1,0.43019712
8600,26,0,0.31589034
8601,22,1,0.35569116
8602,22,0,0.2929758
8603,23,0,0.7000798
8604,21,1,0.7981442
8605,17,0,0.23431955
8606,16,1,0.40626246
8607,10,1,0.72320867
8608,28,1,0.5479304
8609,19,0,0.5396814
8610,27,0,0.25598052
8611,16,0,0.22382201
8612,14,0,0.5418144
8613,28,1,0.8220729
8614,2,0,0.18651131
8615,8,0,0.409832
8616,4,1,0.6252797
8617,13,1,0.25565726
8618,13,0,0.5655104
8619,24,1,0.57879335
8620,15,0,0.7011777
8621,26,0,0.9050033
8622,1,1,0.61759084
8623,25,0,0.5278293
8624,14,0,0.27120474
8625,5,1,0.21307674
8626,24,1,0.5900136
8627,15,1,0.19809514
8628,18,1,0.6922152
8629,3,1,0.8650428
8630,8,0,0.41568595
8631,8,1,0.8739633
8632,8,0,0.2655535
8633,28,0,0.4792743
8634,16,0,0.20455682
8635,10,0,0.2854187
8636,26,1,0.61452323
8637,1,1,0.6842546
8638,23,0,0.58389896
8639,26,1,0.5345629
8640,28,1,0.6526534
8641,28,1,0.19776177
8642,3,1,0.42205992
8643,26,0,0.25385323
8644,2,1,0.57873046
8645,11,0,0.51064205
8646,13,1,0.79186606
8647,8,1,0.6572685
8648,10,1,0.56513435
8649,18,0,0.29897526
8650,11,0,0.7377531
8651,12,0,0.863768
8652,27,0,0.8282209
8653,3,1,0.75139594
8654,4,1,0.7028928
8655,15,1,0.5559506
8656,18,0,0.71790725
8657,2,1,0.6213862
8658,16,0,0.27291936
8659,16,1,0.7250772
8660,25,1,0.84173083
8661,27,1,0.21388528
8662,18,1,0.5208292
8663,23,1,0.9000098
8664,22,1,0.38820004
8665,28,1,0.8403016
8666,25,0,0.56940615
8667,12,1,0.22550957
8668,9,1,0.24438326
8669,25,1,0.9273246
8670,7,1,0.3129426
8671,13,0,0.26360056
8672,27,0,0.3007198
8673,26,0,0.20592931
8674,5,1,0.45319507
8675,2,0,0.2859489
8676,11,0,0.47090027
8677,6,0,0.16940469
8678,1,0,0.80536056
8679,13,0,0.5531933
8680,16,0,0.25935242
8681,24,1,0.6025667
8682,0,1,0.5439993
8683,20,1,0.7211983
8684,15,1,0.5789044
8685,3,0,0.60809433
8686,6,1,0.6141043
8687,1,1,0.45754954
8688,21,1,0.8765401
8689,10,0,0.34611827
8690,15,0,0.56055003
8691,10,0,0.24316171
8692,28,0,0.6650195
8693,20,0,0.29054666
8694,2,0,0.35639793
8695,10,0,0.7737159
8696,17,0,0.21886265
8697,9,0,0.21615234
8698,16,0,0.913505
8699,3,0,0.5927606
8700,15,1,0.2636916
8701,16,0,0.4815483
8702,13,0,0.54964536
8703,11,0,0.17867775
8704,20,1,0.54989904
8705,25,1,0.8325216
8706,25,1,0.787975
8707,2,0,0.3646055
8708,11,1,0.6618791
8709,16,1,0.9505676
8710,16,0,0.29688084
8711,4,0,0.21469462
8712,7,0,0.22333544
8713,12,1,0.91923827
8714,13,1,0.517096
8715,14,1,0.45864305
8716,22,0,0.272547
8717,7,1,0.7424158
8718,8,1,0.8563942
8719,1,0,0.54217637
8720,13,1,0.518339
8721,26,1,0.59473413
8722,2,1,0.8374965
8723,8,0,0.31531408
8724,11,0,0.18341254
8725,9,1,0.6276528
8726,18,1,0.48124292
8727,1,0,0.34939274
8728,28,1,0.76481384
8729,10,1,0.7753458
8730,25,0,0.5802382
8731,10,0,0.39198422
8732,23,1,0.6920217
8733,21,1,0.49408066
8734,2,0,0.397015
8735,11,0,0.26887482
8736,25,0,0.19050321
8737,16,0,0.59549683
8738,16,0,0.5626672
8739,14,0,0.48989102
8740,14,1,0.62262905
8741,16,1,0.49595854
8742,14,1,0.6734797
8743,15,1,0.35798883
8744,10,1,0.29407668
8745,8,1,0.779537
8746,20,0,0.60776514
8747,27,1,0.51200175
8748,15,0,0.2611037
8749,13,1,0.5692889
8750,11,1,0.69111335
8751,13,0,0.17978689
8752,17,1,0.8067671
8753,18,0,0.33190766
8754,24,0,0.25553277
8755,3,0,0.52009153
8756,2,0,0.2618453
8757,25,1,0.35358566
8758,8,0,0.25167194
8759,17,1,0.8155531
8760,1,1,0.7919309
8761,7,0,0.37738973
8762,16,1,0.5505644
8763,6,1,0.5360348
8764,19,0,0.3307005
8765,20,1,0.5402811
8766,5,1,0.3049137
8767,2,1,0.48727494
8768,22,0,0.22250898
8769,27,0,0.5590068
8770,24,1,0.31516445
8771,1,1,0.5148867
8772,1,1,0.94621354
8773,22,1,0.43471143
8774,0,0,0.46164197
8775,16,0,0.33900663
8776,2,0,0.4733018
8777,25,0,0.246424
8778,16,0,0.39719123
8779,14,1,0.57632804
8780,13,1,0.4650698
8781,9,0,0.5093423
8782,9,0,0.21950912
8783,4,0,0.17737406
8784,8,1,0.6308209
8785,13,0,0.52607954
8786,28,0,0.24289666
8787,1,0,0.17315535
8788,27,1,0.78221077
8789,16,1,0.6101255
8790,3,0,0.51999533
8791,25,0,0.82073754
8792,7,1,0.5227145
8793,3,0,0.37435532
8794,10,1,0.23644611
8795,9,0,0.21740684
8796,2,1,0.25320035
8797,12,0,0.6338121
8798,21,1,0.47288188
8799,15,1,0.72397035
8800,16,1,0.469449
8801,12,0,0.1880609
8802,21,0,0.4013314
8803,14,0,0.2871993
8804,25,1,0.91671354
8805,3,0,0.22125968
8806,13,1,0.9425556
8807,10,1,0.45008332
8808,14,0,0.779985
8809,23,1,0.54797953
8810,10,0,0.55066663
8811,25,0,0.58336073
8812,4,0,0.35126185
8813,17,0,0.28301936
8814,18,0,0.7772708
8815,10,1,0.4921008
8816,25,0,0.5237608
8817,11,0,0.34196278
8818,12,1,0.2739162
8819,10,0,0.3209952
8820,22,1,0.6592363
8821,0,0,0.8207728
8822,25,1,0.24645354
8823,27,0,0.24453942
8824,16,0,0.4540383
8825,15,0,0.5196384
8826,18,0,0.5427628
8827,13,0,0.46433124
8828,0,1,0.56476146
8829,1,0,0.3687775
8830,6,1,0.57824934
8831,26,1,0.690213
8832,26,0,0.3772107
8833,16,1,0.86847943
8834,7,0,0.36507878
8835,10,1,0.4757649
8836,6,0,0.30211475
8837,27,0,0.6056629
8838,15,0,0.61954564
8839,25,0,0.34729496
8840,7,1,0.22684592
8841,11,1,0.84611106
8842,4,1,0.5061606
8843,4,0,0.2163413
8844,28,1,0.44472018
8845,8,1,0.31299123
8846,8,1,0.8743739
8847,22,0,0.7117003
8848,26,1,0.20919785
8849,7,0,0.2866151
8850,1,1,0.8327826
8851,7,0,0.6163023
8852,26,1,0.26750013
8853,13,0,0.64844984
8854,27,0,0.19020726
8855,23,1,0.5304461
8856,16,0,0.50731605
8857,14,0,0.27826896
8858,15,1,0.91222584
8859,15,0,0.28341764
8860,9,0,0.2502142
8861,26,0,0.7508576
8862,23,1,0.28009602
8863,5,1,0.47159043
8864,10,0,0.44101408
8865,10,1,0.7062576
8866,4,1,0.6460718
8867,10,0,0.48734283
8868,25,1,0.79729724
8869,9,1,0.4265293
8870,20,1,0.8923193
8871,26,1,0.6230897
8872,23,1,0.488631
8873,26,0,0.70050114
8874,15,1,0.30580592
8875,13,0,0.6455629
8876,5,1,0.64791477
8877,27,1,0.90377223
8878,13,1,0.27379605
8879,16,0,0.3940761
8880,10,0,0.19784649
8881,11,0,0.6100047
8882,13,1,0.49812534
8883,17,1,0.8142448
8884,27,1,0.6086286
8885,18,1,0.33806264
8886,17,0,0.59519273
8887,22,1,0.45154044
8888,27,0,0.6190307
8889,8,0,0.20098047
8890,10,1,0.4726619
8891,10,0,0.6378827
8892,13,1,0.4305568
8893,10,1,0.58973235
8894,18,0,0.31562886
8895,2,0,0.45047194
8896,26,1,0.55098766
8897,27,0,0.27900577
8898,2,0,0.42922646
8899,1,1,0.3998993
8900,15,1,0.42323086
8901,28,1,0.91166294
8902,6,0,0.23819125
8903,5,0,0.39089084
8904,16,1,0.2485447
8905,17,0,0.4734257
8906,8,0,0.50880116
8907,9,0,0.44516835
8908,22,1,0.5411141
8909,14,0,0.30400217
8910,13,0,0.55309075
8911,2,1,0.8193541
8912,11,0,0.2507146
8913,9,1,0.421204
8914,14,1,0.8260664
8915,26,0,0.41216213
8916,20,1,0.6946121
8917,20,1,0.8565607
8918,8,1,0.86461043
8919,8,1,0.83774704
8920,11,1,0.46576932
8921,27,1,0.6957944
8922,19,0,0.21430641
8923,8,1,0.8073448
8924,6,0,0.40437979
8925,15,0,0.5080705
8926,17,1,0.5531723
8927,25,0,0.58430105
8928,7,1,0.6295463
8929,24,0,0.26445517
8930,2,0,0.58423096
8931,14,1,0.6501171
8932,20,1,0.47136137
8933,16,0,0.20527783
8934,15,1,0.39439076
8935,14,0,0.5461195
8936,17,0,0.7058555
8937,8,0,0.6094183
8938,28,1,0.6604524
8939,27,1,0.8565013
8940,26,0,0.8372897
8941,12,1,0.48704246
8942,22,1,0.45624042
8943,26,1,0.18854532
8944,16,0,0.20822707
8945,4,0,0.5106823
8946,1,1,0.78505486
8947,27,1,0.5870237
8948,11,1,0.8453311
8949,25,1,0.8684916
8950,12,1,0.23091812
8951,17,1,0.6532612
8952,12,0,0.3321009
8953,27,1,0.90290105
8954,16,1,0.18005048
8955,0,1,0.35091603
8956,12,0,0.23861772
8957,14,0,0.21798512
8958,15,1,0.6526071
8959,26,1,0.27245632
8960,1,0,0.20899116
8961,2,1,0.91215193
8962,10,0,0.23488191
8963,23,1,0.5708368
8964,26,0,0.19245267
8965,11,1,0.677145
8966,13,0,0.5892346
8967,26,0,0.89410245
8968,1,0,0.606881
8969,25,1,0.86550653
8970,21,0,0.19732471
8971,2,0,0.45277023
8972,22,0,0.5830241
8973,21,0,0.5173606
8974,18,1,0.21482375
8975,2,0,0.21317694
8976,24,1,0.86097187
8977,2,0,0.23829924
8978,6,0,0.21907651
8979,26,0,0.51615494
8980,3,0,0.3019405
8981,12,1,0.4268387
8982,5,0,0.5341727
8983,3,0,0.22481798
8984,1,1,0.5099409
8985,8,1,0.6045583
8986,8,1,0.5347939
8987,11,1,0.42970183
8988,22,0,0.25926322
8989,12,1,0.4735581
8990,13,0,0.19519237
8991,0,0,0.28154352
8992,16,0,0.29082078
8993,24,0,0.45161915
8994,3,0,0.7159902
8995,23,0,0.4690589
8996,8,1,0.50957566
8997,16,0,0.20582531
8998,24,1,0.53489196
8999,25,1,0.45647
9000,18,1,0.61011225
9001,26,1,0.50107384
9002,8,0,0.4493164
9003,16,0,0.6415003
9004,10,1,0.52461857
9005,20,1,0.59432214
9006,10,1,0.4101274
9007,6,0,0.17204897
9008,28,1,0.49024376
9009,6,1,0.8510682
9010,25,1,0.19142781
9011,22,1,0.87381035
9012,0,1,0.59722286
9013,20,1,0.4367442
9014,13,1,0.21729106
9015,2,1,0.74319917
9016,21,0,0.2259273
9017,19,0,0.55979246
9018,10,1,0.8181268
9019,21,0,0.46557498
9020,2,0,0.3627345
9021,25,0,0.20562708
9022,26,0,0.47773564
9023,4,1,0.7336041
9024,21,1,0.87564945
9025,20,1,0.41054523
9026,22,1,0.7379354
9027,17,0,0.52124274
9028,11,0,0.25133556
9029,23,1,0.4826372
9030,20,0,0.28035203
9031,9,0,0.22886093
9032,26,1,0.35339037
9033,16,1,0.528836
9034,15,1,0.6000314
9035,10,1,0.9038884
9036,20,0,0.53925645
9037,10,0,0.60022926
9038,5,1,0.880449
9039,25,1,0.621612
9040,0,1,0.7786547
9041,18,1,0.665371
9042,23,1,0.5942053
9043,24,0,0.25986928
9044,14,0,0.1813249
9045,25,0,0.5000794
9046,3,0,0.8016004
9047,2,1,0.58501506
9048,22,1,0.4718996
9049,17,1,0.92225677
9050,27,0,0.56295735
9051,1,0,0.47787672
9052,3,1,0.79512775
9053,9,1,0.31453153
9054,18,0,0.4275407
9055,15,0,0.46449378
9056,23,0,0.26916695
9057,7,1,0.5497898
9058,12,0,0.2182893
9059,4,0,0.5537288
9060,1,1,0.7738298
9061,1,0,0.23220731
9062,13,1,0.6191796
9063,2,0,0.6682579
9064,3,0,0.82351476
9065,25,1,0.33463502
9066,25,1,0.2454564
9067,20,0,0.5725097
9068,14,0,0.19572335
9069,18,0,0.42625895
9070,21,0,0.20918721
9071,10,1,0.7103712
9072,1,1,0.87625825
9073,27,0,0.19404429
9074,14,1,0.5751764
9075,25,1,0.2549498
9076,9,0,0.5981179
9077,23,1,0.5041361
9078,19,0,0.7295974
9079,8,0,0.2534785
9080,20,1,0.5401914
9081,16,0,0.73751825
9082,21,1,0.6705154
9083,0,1,0.8668677
9084,1,0,0.27649105
9085,17,1,0.48463959
9086,13,1,0.83033717
9087,6,0,0.4564454
9088,27,0,0.28624362
9089,18,1,0.7944169
9090,4,1,0.87185866
9091,6,0,0.2865671
9092,6,1,0.5107283
9093,1,0,0.3246722
9094,13,1,0.74914736
9095,6,0,0.25628778
9096,1,0,0.24437894
9097,21,0,0.29702088
9098,9,1,0.45383933
9099,16,1,0.6632992
9100,13,0,0.9145321
9101,16,1,0.49686325
9102,7,0,0.337187
9103,19,0,0.2949988
9104,27,0,0.31649646
9105,25,0,0.58182174
9106,22,1,0.71346766
9107,2,1,0.7224576
9108,10,1,0.3031508
9109,20,0,0.19326286
9110,12,1,0.53344107
9111,12,0,0.5527998
9112,13,1,0.6646648
9113,26,1,0.59003335
9114,27,1,0.24173203
9115,23,0,0.23401968
9116,20,1,0.24497265
9117,6,0,0.3844979
9118,11,1,0.73375773
9119,8,0,0.22727871
9120,16,1,0.8990138
9121,6,1,0.84322405
9122,25,0,0.50122017
9123,7,1,0.7888252
9124,2,0,0.43842041
9125,2,1,0.62310004
9126,23,1,0.8063315
9127,12,0,0.78968865
9128,26,0,0.8251255
9129,18,0,0.3136616
9130,1,1,0.91442823
9131,15,1,0.5076475
9132,22,1,0.27954474
9133,6,0,0.56341845
9134,11,0,0.49869105
9135,27,0,0.29746678
9136,5,1,0.34555545
9137,17,0,0.2932287
9138,2,1,0.2814786
9139,7,0,0.29960674
9140,19,0,0.49409246
9141,13,1,0.50620365
9142,16,1,0.5498259
9143,21,1,0.33653453
9144,13,1,0.28504324
9145,1,0,0.53031224
9146,16,0,0.39103383
9147,8,0,0.73504686
9148,10,1,0.509377
9149,4,1,0.38467023
9150,1,1,0.54452896
9151,10,1,0.76345617
9152,5,1,0.67440593
9153,19,0,0.31105304
9154,24,1,0.64906114
9155,18,1,0.46297884
9156,20,0,0.20672138
9157,15,0,0.18740487
9158,2,0,0.5956947
9159,2,1,0.9164558
9160,2,0,0.2445702
9161,9,0,0.43305814
9162,4,1,0.7250798
9163,25,0,0.2294832
9164,12,1,0.53611803
9165,16,0,0.45688367
9166,25,1,0.427008
9167,4,0,0.4436188
9168,3,0,0.528207
9169,10,1,0.39341685
9170,22,1,0.7495663
9171,4,0,0.67054874
9172,16,0,0.43886152
9173,28,1,0.6374215
9174,16,0,0.2266938
9175,16,0,0.23398867
9176,4,0,0.46237785
9177,14,0,0.26861048
9178,6,0,0.51850766
9179,19,1,0.70691246
9180,15,1,0.568262
9181,15,1,0.9064273
9182,26,0,0.47148377
9183,19,0,0.36615652
9184,18,0,0.20663802
9185,12,0,0.33061466
9186,13,1,0.5835909
9187,22,0,0.71034604
9188,18,0,0.45010266
9189,26,1,0.58414483
9190,3,1,0.235431
9191,3,1,0.2923703
9192,8,1,0.5493929
9193,1,0,0.43996313
9194,16,1,0.48847452
9195,11,1,0.9292722
9196,20,0,0.20895319
9197,16,0,0.93651885
9198,9,0,0.56635845
9199,23,1,0.20779102
9200,16,1,0.6282802
9201,20,1,0.60360676
9202,2,1,0.498456
9203,15,0,0.19750069
9204,6,0,0.45654553
9205,28,0,0.4517924
9206,13,1,0.61487734
9207,13,1,0.34266004
9208,13,0,0.26155064
9209,20,0,0.3732762
9210,9,0,0.23958744
9211,18,1,0.90258336
9212,19,1,0.40608403
9213,15,0,0.56236863
9214,6,1,0.6585948
9215,10,0,0.44764072
9216,1,0,0.4377248
9217,25,0,0.5253536
9218,3,0,0.21906741
9219,12,1,0.9011373
9220,8,0,0.5589871
9221,2,0,0.50030255
9222,8,1,0.6120579
9223,18,0,0.51308113
9224,15,0,0.2216786
9225,6,1,0.6638928
9226,1,1,0.5753784
9227,25,0,0.81252426
9228,16,0,0.9306272
9229,16,1,0.61680734
9230,14,0,0.20086305
9231,25,1,0.5101178
9232,27,0,0.5136536
9233,18,1,0.52177256
9234,11,0,0.23055518
9235,25,0,0.45770308
9236,8,1,0.22269247
9237,22,0,0.21401371
9238,19,0,0.2822483
9239,27,0,0.56178445
9240,13,0,0.495743
9241,11,1,0.3075706
9242,6,0,0.459292
9243,25,0,0.22832914
9244,16,0,0.42706925
9245,6,0,0.42275947
9246,19,1,0.9170754
9247,8,1,0.8785608
9248,26,0,0.22661012
9249,6,1,0.5356312
9250,18,0,0.17981124
9251,15,0,0.5674469
9252,9,0,0.7460148
9253,28,1,0.62635326
9254,4,1,0.74354595
9255,2,1,0.81671506
9256,0,0,0.22944786
9257,5,0,0.21486971
9258,15,0,0.39707997
9259,21,0,0.7726414
9260,7,1,0.3459947
9261,25,1,0.72385
9262,2,1,0.8453942
9263,12,0,0.810139
9264,15,1,0.4394425
9265,19,1,0.5642527
9266,2,0,0.72164106
9267,1,1,0.35922477
9268,27,1,0.54447323
9269,28,0,0.26239735
9270,16,1,0.5641889
9271,26,1,0.20010355
9272,16,0,0.54084337
9273,21,0,0.23477517
9274,17,1,0.7659479
9275,16,1,0.7968675
9276,28,0,0.38235065
9277,27,0,0.44675845
9278,16,0,0.5566559
9279,2,0,0.24661928
9280,16,1,0.50468946
9281,25,0,0.3223345
9282,8,1,0.491871
9283,9,0,0.62234616
9284,2,1,0.24868451
9285,24,0,0.5167538
9286,6,0,0.54086185
9287,9,1,0.5797226
9288,2,1,0.6801916
9289,22,0,0.34180823
9290,28,1,0.7358639
9291,9,0,0.5520054
9292,12,0,0.21089809
9293,3,1,0.86220896
9294,26,0,0.5231907
9295,13,1,0.51369923
9296,17,1,0.3730531
9297,27,0,0.336859
9298,2,0,0.40539223
9299,2,0,0.37698492
9300,15,0,0.29583302
9301,20,1,0.8673015
9302,19,0,0.26795042
9303,7,0,0.27895004
9304,8,0,0.21859574
9305,20,0,0.565755
9306,8,1,0.6551189
9307,8,1,0.62152135
9308,11,1,0.8934675
9309,0,0,0.3933084
9310,8,0,0.4553201
9311,22,0,0.33204898
9312,13,1,0.903155
9313,27,1,0.26274624
9314,6,1,0.65353227
9315,14,1,0.7612428
9316,26,0,0.4246839
9317,13,0,0.82763445
9318,1,0,0.47366634
9319,25,0,0.50397575
9320,4,1,0.42490298
9321,6,1,0.5253345
9322,24,0,0.5715953
9323,8,1,0.5874708
9324,28,0,0.6801065
9325,24,1,0.68096006
9326,13,1,0.85974926
9327,11,1,0.22640726
9328,7,0,0.2494634
9329,10,0,0.20619865
9330,6,0,0.30229297
9331,13,0,0.5225681
9332,16,0,0.81271434
9333,16,0,0.42550215
9334,4,0,0.44905403
9335,17,0,0.5524631
9336,20,0,0.7936059
9337,16,1,0.30136982
9338,17,0,0.58401144
9339,16,0,0.26170027
9340,1,0,0.8649153
9341,11,0,0.3883051
9342,6,1,0.7646286
9343,16,0,0.2669886
9344,3,1,0.57106096
9345,25,1,0.88084877
9346,7,1,0.8498737
9347,2,1,0.39637554
9348,27,1,0.57299924
9349,1,0,0.3220333
9350,14,1,0.60024554
9351,3,1,0.38725594
9352,15,1,0.2112722
9353,8,0,0.2702776
9354,27,0,0.29643074
9355,0,0,0.1963178
9356,5,1,0.58248425
9357,27,1,0.38143414
9358,26,0,0.40742427
9359,22,0,0.20397367
9360,2,0,0.52040434
9361,9,0,0.20853782
9362,8,0,0.2551996
9363,27,1,0.9037086
9364,13,0,0.3385408
9365,11,1,0.9294767
9366,16,1,0.6786811
9367,15,0,0.5162029
9368,11,1,0.4980785
9369,21,1,0.54205775
9370,10,1,0.5236627
9371,2,1,0.41388077
9372,1,1,0.54560876
9373,15,0,0.5992577
9374,9,0,0.6625428
9375,9,1,0.62008256
9376,28,1,0.2727846
9377,18,1,0.5787473
9378,12,1,0.6288683
9379,19,0,0.57201743
9380,12,0,0.4391692
9381,3,0,0.4867809
9382,17,0,0.5711609
9383,1,0,0.30007008
9384,19,1,0.7579798
9385,2,1,0.9379703
9386,15,0,0.5047777
9387,26,0,0.3161924
9388,11,1,0.89688647
9389,22,1,0.41070747
9390,17,0,0.68258464
9391,25,0,0.23489933
9392,2,0,0.37537023
9393,11,1,0.82715774
9394,25,1,0.22949521
9395,11,0,0.27416572
9396,8,0,0.28896618
9397,7,1,0.64236134
9398,28,1,0.5871765
9399,18,1,0.8578477
9400,16,1,0.39489558
9401,28,1,0.7281187
9402,22,1,0.58787787
9403,13,1,0.8738511
9404,10,0,0.24647404
9405,17,1,0.36579165
9406,17,1,0.78071475
9407,15,1,0.56600523
9408,13,1,0.82278055
9409,25,0,0.5588973
9410,25,0,0.22473817
9411,26,1,0.33124343
9412,0,1,0.7764043
9413,4,0,0.7533146
9414,1,1,0.59462535
9415,13,0,0.6751528
9416,16,0,0.55509573
9417,2,1,0.44829664
9418,8,0,0.2097276
9419,15,1,0.7049746
9420,3,0,0.27817163
9421,2,1,0.45878878
9422,28,1,0.28049758
9423,3,1,0.86611915
9424,17,0,0.18966426
9425,14,1,0.45975608
9426,4,0,0.22050923
9427,17,1,0.5803224
9428,8,0,0.36995748
9429,26,0,0.4233358
9430,16,1,0.53669095
9431,25,1,0.5141227
9432,7,1,0.7830092
9433,17,0,0.22593236
9434,20,0,0.3529292
9435,15,1,0.4636072
9436,25,1,0.19897844
9437,15,1,0.42907462
9438,22,0,0.46236256
9439,13,1,0.40059763
9440,12,1,0.23209447
9441,14,1,0.860258
9442,27,1,0.58475
9443,8,0,0.2954196
9444,16,1,0.3008165
9445,10,0,0.55845946
9446,3,1,0.35440215
9447,6,1,0.57178545
9448,24,1,0.7725831
9449,1,0,0.30321598
9450,25,0,0.5897264
9451,9,0,0.24124695
9452,10,1,0.623459
9453,18,1,0.8740603
9454,8,1,0.67853415
9455,8,1,0.87359166
9456,12,0,0.29571518
9457,15,1,0.5895726
9458,14,1,0.5844537
9459,13,1,0.6298752
9460,16,1,0.57825375
9461,21,0,0.21324977
9462,26,0,0.26328215
9463,16,0,0.25921065
9464,2,1,0.2494838
9465,15,0,0.20634566
9466,6,0,0.27624735
9467,6,0,0.5353808
9468,26,1,0.8907628
9469,18,1,0.53725827
9470,17,1,0.5672132
9471,16,0,0.3055725
9472,1,1,0.8507493
9473,2,0,0.4964188
9474,10,0,0.3179379
9475,27,1,0.5445296
9476,8,1,0.74581337
9477,27,1,0.5459432
9478,2,0,0.2611298
9479,13,0,0.39056048
9480,25,1,0.31145102
9481,14,0,0.29206416
9482,16,1,0.5555156
9483,20,0,0.5243275
9484,4,1,0.2136426
9485,10,0,0.20563842
9486,10,0,0.23119242
9487,15,1,0.9157571
9488,20,1,0.5608642
9489,18,1,0.43305323
9490,27,0,0.52417505
9491,18,0,0.44491056
9492,2,1,0.59797317
9493,18,1,0.902613
9494,3,0,0.2655766
9495,5,1,0.6178373
9496,2,1,0.90070385
9497,12,0,0.48350275
9498,2,1,0.6387906
9499,28,0,0.625522
9500,7,0,0.6773756
9501,16,1,0.2676198
9502,19,0,0.3193472
9503,20,0,0.19998497
9504,15,1,0.853996
9505,13,1,0.91075796
9506,13,1,0.83404297
9507,15,0,0.3734982
9508,10,0,0.51921374
9509,10,1,0.20745842
9510,13,1,0.29096797
9511,16,1,0.8438678
9512,27,0,0.36645603
9513,16,0,0.26045543
9514,11,1,0.5860062
9515,22,0,0.51326936
9516,20,1,0.87744796
9517,14,0,0.54450667
9518,8,0,0.45501542
9519,25,0,0.5366443
9520,25,0,0.43768904
9521,14,1,0.37991065
9522,2,1,0.21548142
9523,28,1,0.79077667
9524,1,1,0.8419459
9525,15,1,0.7194599
9526,21,0,0.3686663
9527,7,0,0.5799424
9528,24,1,0.6658139
9529,23,1,0.83509845
9530,13,0,0.3257664
9531,2,0,0.2502053
9532,14,1,0.7195591
9533,15,0,0.23931351
9534,9,0,0.264666
9535,16,1,0.38134897
9536,15,1,0.65101993
9537,20,0,0.22897433
9538,10,0,0.56581527
9539,1,0,0.2826884
9540,13,0,0.20633973
9541,20,1,0.8234033
9542,26,1,0.55114645
9543,6,1,0.6897991
9544,9,1,0.8010895
9545,17,0,0.5607937
9546,4,0,0.48722583
9547,8,0,0.26349893
9548,6,1,0.5081374
9549,28,0,0.6383478
9550,2,1,0.6288339
9551,19,0,0.19885063
9552,1,0,0.5325922
9553,10,0,0.59945375
9554,25,0,0.27224156
9555,11,0,0.2862765
9556,21,0,0.20778003
9557,10,0,0.40722644
9558,26,1,0.88906145
9559,11,1,0.6456283
9560,27,0,0.2683476
9561,2,0,0.2958032
9562,16,1,0.18886082
9563,13,0,0.6830499
9564,10,0,0.48916337
9565,20,1,0.9003703
9566,21,1,0.32939625
9567,27,0,0.59809977
9568,15,1,0.87630194
9569,22,1,0.8934729
9570,15,0,0.48362097
9571,17,0,0.64588296
9572,15,1,0.6769446
9573,25,1,0.86177003
9574,12,0,0.50893843
9575,13,0,0.5642239
9576,24,1,0.25608715
9577,14,0,0.6319159
9578,9,1,0.5292672
9579,12,0,0.26841953
9580,13,1,0.9095507
9581,16,1,0.4306699
9582,6,0,0.25487044
9583,8,1,0.6161131
9584,16,0,0.19865812
9585,11,0,0.379998
9586,25,0,0.46298507
9587,28,1,0.6078884
9588,17,0,0.5641061
9589,18,1,0.19967034
9590,20,0,0.2001045
9591,16,0,0.21477388
9592,16,1,0.59537864
9593,15,0,0.22164983
9594,27,1,0.6015227
9595,15,1,0.37209588
9596,8,0,0.44319332
9597,0,1,0.43737757
9598,15,1,0.5957999
9599,22,1,0.5306968
9600,26,0,0.60091555
9601,18,0,0.42759988
9602,28,1,0.5682083
9603,16,0,0.30521727
9604,19,0,0.3895303
9605,25,1,0.59528387
9606,7,1,0.82261056
9607,2,1,0.36181793
9608,15,0,0.45669964
9609,1,1,0.22722365
9610,4,1,0.6853929
9611,16,0,0.25194025
9612,11,0,0.29906517
9613,13,0,0.35676098
9614,23,1,0.6491148
9615,20,1,0.7994192
9616,24,0,0.28783175
9617,23,0,0.46059114
9618,18,1,0.7476658
9619,15,1,0.7765656
9620,13,0,0.30861816
9621,27,1,0.8801715
9622,17,1,0.40620467
9623,13,1,0.5214784
9624,15,1,0.70310414
9625,27,1,0.25690866
9626,5,1,0.9023851
9627,0,1,0.45489955
9628,14,1,0.32307097
9629,26,0,0.36102346
9630,2,0,0.20142871
9631,7,1,0.66604114
9632,3,0,0.24518813
9633,25,1,0.8087351
9634,10,0,0.3008664
9635,6,0,0.23796155
9636,8,1,0.7308534
9637,17,1,0.5908547
9638,13,0,0.5918354
9639,4,0,0.53433335
9640,13,0,0.24373953
9641,27,1,0.39061984
9642,6,1,0.73658204
9643,20,1,0.7885334
9644,16,0,0.53182364
9645,3,0,0.24265875
9646,4,1,0.5715855
9647,4,0,0.57402694
9648,22,1,0.6607994
9649,20,1,0.7027695
9650,16,0,0.41792712
9651,13,1,0.44928676
9652,13,0,0.8454899
9653,13,1,0.56129986
9654,9,1,0.58035225
9655,20,0,0.22325741
9656,10,0,0.49873435
9657,28,1,0.7461954
9658,16,0,0.55545694
9659,11,0,0.48999807
9660,10,1,0.7569369
9661,7,0,0.62883025
9662,3,1,0.6292885
9663,15,1,0.30358523
9664,0,1,0.9320071
9665,12,1,0.30977264
9666,15,0,0.38062844
9667,13,0,0.5643988
9668,18,1,0.5201061
9669,2,0,0.61199117
9670,3,1,0.6470268
9671,2,1,0.7096354
9672,26,0,0.38497403
9673,11,0,0.48997986
9674,26,0,0.7510117
9675,16,1,0.35477668
9676,10,1,0.6693289
9677,6,1,0.6699569
9678,25,0,0.56130224
9679,4,1,0.7384414
9680,16,1,0.41681993
9681,23,1,0.57136846
9682,10,1,0.5898871
9683,15,1,0.68239367
9684,16,1,0.7269758
9685,5,0,0.5917606
9686,10,0,0.5604959
9687,8,1,0.21189034
9688,27,0,0.32763097
9689,28,1,0.6263804
9690,12,1,0.8138884
9691,21,1,0.80045164
9692,27,1,0.9288213
9693,21,1,0.6673021
9694,10,0,0.3910983
9695,27,1,0.31862655
9696,10,1,0.57049596
9697,4,1,0.9269772
9698,10,0,0.20308018
9699,5,0,0.21826515
9700,17,1,0.59274864
9701,24,0,0.6158028
9702,26,0,0.51598006
9703,4,0,0.6222476
9704,9,1,0.62938386
9705,26,0,0.24009612
9706,20,0,0.4928963
9707,1,1,0.6914337
9708,22,1,0.7710162
9709,11,0,0.2162076
9710,24,1,0.59930813
9711,14,1,0.3533563
9712,23,0,0.20678289
9713,13,1,0.59193915
9714,7,1,0.553971
9715,15,0,0.2116123
9716,2,0,0.22746788
9717,1,0,0.32238358
9718,6,1,0.8782882
9719,7,0,0.4599759
9720,3,1,0.5397951
9721,16,1,0.60292226
9722,21,0,0.23519036
9723,4,1,0.900759
9724,11,0,0.49401763
9725,3,1,0.68844163
9726,10,0,0.22913092
9727,28,0,0.429892
9728,26,1,0.28231725
9729,22,1,0.17011285
9730,18,0,0.2585386
9731,2,0,0.3824218
9732,7,1,0.4104394
9733,25,1,0.8381184
9734,1,1,0.773648
9735,9,1,0.3392521
9736,9,0,0.4602263
9737,6,1,0.48866186
9738,7,0,0.41954476
9739,20,0,0.5110976
9740,23,1,0.42708293
9741,12,0,0.5618987
9742,14,1,0.63128763
9743,12,1,0.8443386
9744,12,1,0.53506535
9745,8,1,0.39335766
9746,4,1,0.57213736
9747,15,1,0.42879966
9748,9,0,0.3073148
9749,11,0,0.6929576
9750,13,0,0.5450266
9751,3,0,0.31504536
9752,18,0,0.7139087
9753,5,1,0.5506119
9754,26,0,0.5315989
9755,16,1,0.50938547
9756,8,1,0.84091
9757,11,1,0.5490851
9758,17,0,0.20971823
9759,16,1,0.4187604
9760,10,1,0.56932133
9761,8,0,0.31318575
9762,11,1,0.9355772
9763,8,0,0.17987163
9764,1,1,0.57536477
9765,13,1,0.37974218
9766,18,0,0.19553965
9767,10,1,0.75475776
9768,25,0,0.40435687
9769,23,1,0.19444017
9770,8,1,0.8535814
9771,22,0,0.2339038
9772,22,1,0.22783087
9773,3,1,0.87826633
9774,13,1,0.9000495
9775,12,1,0.7750228
9776,24,0,0.47340107
9777,27,0,0.43183738
9778,25,1,0.5115179
9779,28,0,0.3391314
9780,4,0,0.1822573
9781,16,0,0.17760515
9782,5,1,0.64681745
9783,6,0,0.6822063
9784,8,1,0.5779277
9785,2,0,0.6020219
9786,23,1,0.46210557
9787,8,0,0.6384479
9788,17,1,0.58567715
9789,14,0,0.6356951
9790,16,1,0.8338092
9791,9,1,0.8898973
9792,6,0,0.32261026
9793,15,1,0.8421401
9794,0,0,0.31576118
9795,2,0,0.42838678
9796,27,1,0.36460242
9797,10,0,0.20774071
9798,28,0,0.5685909
9799,0,1,0.20650144
9800,13,0,0.17147057
9801,2,0,0.57693654
9802,13,0,0.29624787
9803,20,1,0.6264879
9804,16,1,0.85436994
9805,7,0,0.513967
9806,16,0,0.25042155
9807,15,1,0.83678055
9808,27,1,0.9376869
9809,3,1,0.67680043
9810,20,0,0.74015486
9811,5,0,0.27960634
9812,2,0,0.2467638
9813,11,1,0.91739684
9814,17,1,0.8770876
9815,6,1,0.46413442
9816,17,0,0.2447027
9817,16,1,0.86458987
9818,28,1,0.28612065
9819,15,0,0.26913318
9820,26,1,0.21200018
9821,1,0,0.43409112
9822,28,1,0.3713038
9823,7,1,0.4294483
9824,1,1,0.54921526
9825,20,1,0.6277209
9826,15,0,0.22070442
9827,7,1,0.27373794
9828,16,1,0.576625
9829,2,1,0.2965422
9830,16,0,0.301196
9831,10,1,0.60721576
9832,10,0,0.51753175
9833,19,1,0.9293558
9834,25,1,0.52541095
9835,7,1,0.53364956
9836,13,0,0.34120387
9837,20,0,0.50011647
9838,3,1,0.5539195
9839,25,0,0.8098915
9840,3,0,0.49764672
9841,13,1,0.721786
9842,10,0,0.2812283
9843,20,0,0.5614559
9844,11,1,0.5748437
9845,19,1,0.63247496
9846,28,0,0.22990163
9847,18,0,0.5225321
9848,10,1,0.35546127
9849,17,1,0.40649247
9850,17,0,0.6830658
9851,2,1,0.40948194
9852,10,0,0.2533203
9853,8,1,0.8097978
9854,26,0,0.23361771
9855,27,0,0.41545725
9856,16,1,0.46132427
9857,26,1,0.91627926
9858,16,0,0.5178967
9859,21,1,0.4440083
9860,11,1,0.35281795
9861,21,0,0.25023335
9862,12,1,0.32550612
9863,28,0,0.2280437
9864,13,1,0.886365
9865,0,0,0.28062785
9866,12,0,0.55001813
9867,7,1,0.43756762
9868,4,1,0.5899116
9869,2,0,0.24119703
9870,21,0,0.1965325
9871,13,1,0.45462343
9872,17,0,0.34280184
9873,9,0,0.67445815
9874,10,1,0.5437843
9875,22,1,0.82147557
9876,28,0,0.24543606
9877,1,1,0.49223956
9878,17,0,0.5042256
9879,7,0,0.24410436
9880,28,0,0.18628061
9881,25,1,0.5628119
9882,19,1,0.2921169
9883,16,0,0.5269232
9884,16,0,0.41888204
9885,4,0,0.24298595
9886,17,1,0.67858917
9887,8,0,0.3559816
9888,22,1,0.8398906
9889,2,1,0.7505398
9890,10,0,0.25193614
9891,10,0,0.5679786
9892,0,1,0.8973587
9893,16,1,0.52105355
9894,25,1,0.2918602
9895,13,0,0.59761864
9896,10,0,0.23165049
9897,1,1,0.22486417
9898,16,0,0.20338328
9899,8,0,0.5509665
9900,5,0,0.5193423
9901,6,1,0.4322017
9902,19,1,0.6414126
9903,7,0,0.4470652
9904,18,0,0.5896387
9905,26,1,0.39657983
9906,0,0,0.18687327
9907,26,1,0.5792874
9908,13,0,0.19238962
9909,0,1,0.816614
9910,9,0,0.369864
9911,25,0,0.28442684
9912,25,0,0.5149443
9913,7,1,0.46822104
9914,17,1,0.5634389
9915,13,0,0.37452582
9916,8,0,0.19582705
9917,7,0,0.2220474
9918,24,1,0.54157233
9919,18,1,0.88105553
9920,21,1,0.842298
9921,12,1,0.39066452
9922,21,0,0.23189649
9923,11,0,0.36432424
9924,1,1,0.71446973
9925,11,1,0.29800746
9926,12,1,0.23379576
9927,6,0,0.60981953
9928,20,1,0.5724143
9929,0,1,0.5181765
9930,15,1,0.45006672
9931,2,1,0.3638575
9932,1,0,0.61277974
9933,16,0,0.38158333
9934,28,0,0.23714846
9935,26,0,0.39442712
9936,11,0,0.2451253
9937,27,1,0.75045574
9938,16,0,0.5798281
9939,0,1,0.91282225
9940,14,0,0.57240456
9941,15,1,0.2798296
9942,17,1,0.6035034
9943,27,1,0.7671993
9944,23,0,0.2055246
9945,13,1,0.8899369
9946,25,1,0.6360343
9947,11,0,0.26524413
9948,13,1,0.27208993
9949,3,0,0.35506785
9950,8,0,0.17803316
9951,27,1,0.41891128
9952,19,0,0.18561359
9953,26,0,0.22599195
9954,20,1,0.28714135
9955,22,0,0.56503266
9956,2,0,0.22846647
9957,13,0,0.1953647
9958,6,1,0.50450814
9959,16,1,0.2468915
9960,22,1,0.7313189
9961,11,0,0.5256442
9962,15,1,0.40528184
9963,8,0,0.37898898
9964,22,0,0.41144577
9965,19,0,0.82064116
9966,1,1,0.5313174
9967,10,1,0.20214784
9968,8,0,0.21556291
9969,2,0,0.54528755
9970,9,0,0.31972805
9971,17,0,0.53320575
9972,8,0,0.5288623
9973,27,0,0.26572073
9974,24,0,0.5916273
9975,13,0,0.29563695
9976,13,1,0.62718946
9977,23,0,0.873169
9978,7,0,0.3496836
9979,19,0,0.23480259
9980,4,0,0.5434098
9981,0,1,0.55613106
9982,1,0,0.43898332
9983,11,0,0.2751559
9984,26,1,0.5254078
9985,22,0,0.4120103
9986,4,1,0.8378111
9987,8,1,0.7612258
9988,10,1,0.9053781
9989,3,1,0.6577432
9990,20,1,0.5388262
9991,5,0,0.7965432
9992,15,0,0.53679824
9993,13,0,0.33470035
9994,6,0,0.19228639
9995,7,1,0.2325265
9996,0,1,0.32753852
9997,22,1,0.5160655
9998,26,1,0.384742
9999,18,0,0.4142358
10000,16,0,0.23392916
10001,11,0,0.2607358
10002,6,0,0.8421101
10003,24,0,0.5528641
10004,13,0,0.5718534
10005,18,1,0.7700769
10006,28,1,0.65223235
10007,16,0,0.20377971
10008,1,1,0.8640307
10009,8,1,0.59897834
10010,0,0,0.57613343
10011,8,1,0.34498554
10012,22,0,0.24325408
10013,27,1,0.48860812
10014,21,0,0.56294644
10015,18,0,0.30230197
10016,8,0,0.5921087
10017,12,1,0.72405636
10018,17,0,0.49949774
10019,16,0,0.37132508
10020,27,1,0.7230189
10021,14,1,0.5358035
10022,6,0,0.5291194
10023,1,0,0.69685864
10024,7,1,0.589064
10025,7,1,0.8547482
10026,19,1,0.73386765
10027,12,1,0.19056514
10028,1,0,0.80334747
10029,15,0,0.23770583
10030,23,1,0.38465145
10031,28,1,0.6797702
10032,23,1,0.6322095
10033,21,0,0.3360428
10034,1,1,0.58005446
10035,3,0,0.5539609
10036,20,1,0.60151947
10037,3,0,0.22457121
10038,8,0,0.2837721
10039,13,0,0.27665046
10040,14,1,0.44546783
10041,6,1,0.6025834
10042,15,0,0.19424866
10043,15,1,0.35162672
10044,1,1,0.47043517
10045,15,0,0.42993227
10046,21,1,0.34680203
10047,20,0,0.21577054
10048,13,1,0.8237679
10049,21,0,0.47089267
10050,18,0,0.31578934
10051,18,0,0.42785984
10052,17,1,0.53226936
10053,16,0,0.3721962
10054,21,1,0.72719735
10055,13,1,0.567653
10056,1,0,0.23495096
10057,19,1,0.40902784
10058,21,0,0.45970315
10059,19,0,0.63526076
10060,16,0,0.4139493
10061,21,0,0.21404411
10062,10,0,0.3826953
10063,8,1,0.22480588
10064,1,0,0.5009507
10065,8,1,0.6709223
10066,12,1,0.6181967
10067,15,0,0.5557725
10068,4,1,0.54666495
10069,4,0,0.56283486
10070,8,0,0.2595923
10071,16,1,0.49111497
10072,8,0,0.4365592
10073,2,0,0.86175025
10074,20,1,0.36416435
10075,20,1,0.6047294
10076,9,0,0.16925843
10077,1,0,0.6467616
10078,2,1,0.5201735
10079,20,1,0.43024635
10080,25,1,0.49996912
10081,21,0,0.27816448
10082,26,1,0.27600825
10083,0,1,0.6007461
10084,12,0,0.50497663
10085,2,1,0.47092006
10086,13,0,0.20694144
10087,27,1,0.5454037
10088,13,0,0.1812057
10089,20,0,0.4221193
10090,6,0,0.21236591
10091,1,1,0.918392
10092,3,0,0.4260982
10093,6,1,0.29791328
10094,4,0,0.24630517
10095,27,1,0.80077446
10096,25,1,0.2392061
10097,15,1,0.7425985
10098,15,1,0.81987506
10099,7,1,0.8077741
10100,1,0,0.5192125
10101,1,0,0.5471902
10102,13,1,0.22561479
10103,11,0,0.4066902
10104,12,0,0.5449767
10105,8,1,0.24841033
10106,25,0,0.49464953
10107,18,0,0.38931537
10108,16,1,0.93560696
10109,15,1,0.8427855
10110,20,1,0.538079
10111,16,1,0.53156763
10112,18,0,0.2685306
10113,6,1,0.25864187
10114,7,1,0.90801054
10115,21,1,0.52621084
10116,26,1,0.5276245
10117,15,1,0.75066006
10118,20,1,0.53261125
10119,16,0,0.4336313
10120,25,0,0.46374857
10121,12,0,0.68379974
10122,7,1,0.4931158
10123,1,0,0.71936345
10124,16,0,0.19456719
10125,5,0,0.8709488
10126,13,0,0.23700787
10127,6,0,0.6515821
10128,11,0,0.18758455
10129,11,1,0.57006323
10130,13,0,0.24378815
10131,1,0,0.19199885
10132,25,0,0.55693054
10133,19,1,0.6896
10134,1,1,0.8370688
10135,14,1,0.81868136
10136,27,1,0.29428786
10137,13,1,0.70083135
10138,22,1,0.8439469
10139,14,1,0.46767813
10140,22,0,0.21246605
10141,26,1,0.54085875
10142,25,1,0.40676582
10143,27,0,0.42760888
10144,28,1,0.6579158
10145,25,1,0.83618784
10146,26,1,0.33479875
10147,23,1,0.7154888
10148,6,0,0.3123492
10149,11,0,0.51769143
10150,21,1,0.4400845
10151,22,0,0.2169369
10152,2,1,0.867595
10153,7,1,0.62235
10154,8,1,0.8763115
10155,23,1,0.3091374
10156,25,0,0.4114288
10157,10,0,0.5457548
10158,12,1,0.6433397
10159,20,0,0.3212373
10160,5,1,0.3054071
10161,11,0,0.23094234
10162,13,1,0.63941497
10163,16,1,0.5645682
10164,26,0,0.3990798
10165,17,1,0.39664647
10166,4,0,0.5082674
10167,15,1,0.8429513
10168,16,0,0.22834371
10169,4,0,0.630965
10170,25,1,0.27425405
10171,16,0,0.63107127
10172,3,0,0.4035325
10173,13,1,0.65300965
10174,16,0,0.20436047
10175,8,1,0.7211006
10176,8,1,0.7479825
10177,13,0,0.2773957
10178,17,1,0.87984973
10179,13,0,0.23425438
10180,28,0,0.5542218
10181,21,1,0.54016364
10182,4,0,0.6577769
10183,10,0,0.20918292
10184,8,0,0.18747228
10185,26,1,0.58317417
10186,21,0,0.56009436
10187,2,1,0.864612
10188,24,1,0.5741755
10189,5,0,0.27135792
10190,26,0,0.40346783
10191,11,1,0.62438
10192,9,0,0.29457527
10193,15,0,0.21937571
10194,5,0,0.4950461
10195,8,1,0.7932704
10196,6,0,0.20930889
10197,16,1,0.3844573
10198,1,0,0.6508584
10199,8,1,0.91723925
10200,6,1,0.6587368
10201,16,0,0.73572874
10202,8,1,0.49364075
10203,2,0,0.20096456
10204,24,0,0.3754786
10205,3,0,0.7944609
10206,16,0,0.43301496
10207,8,0,0.43432784
10208,8,1,0.20522214
10209,27,1,0.5033692
10210,18,0,0.5208739
10211,6,1,0.8574957
10212,15,0,0.19312043
10213,8,0,0.28773168
10214,3,1,0.49336013
10215,6,0,0.84368086
10216,8,1,0.3001936
10217,28,1,0.44217855
10218,3,1,0.76073486
10219,6,1,0.24394962
10220,6,1,0.5554113
10221,11,0,0.23849954
10222,23,0,0.22194923
10223,21,0,0.59145004
10224,26,0,0.6105626
10225,28,1,0.7799978
10226,23,1,0.51671785
10227,5,1,0.7869261
10228,15,1,0.51828045
10229,13,0,0.17829908
10230,8,1,0.85704714
10231,13,0,0.19955072
10232,19,0,0.22478925
10233,8,0,0.42234612
10234,11,1,0.56542057
10235,18,1,0.7619628
10236,22,1,0.4261631
10237,25,1,0.90901554
10238,11,1,0.8357425
10239,13,1,0.8715348
10240,8,0,0.27323866
10241,16,1,0.3921594
10242,1,1,0.7286691
10243,1,1,0.61707956
10244,3,0,0.23010138
10245,25,1,0.3569547
10246,20,0,0.28843418
10247,0,0,0.36650062
10248,28,0,0.17834708
10249,1,0,0.2208602
10250,18,1,0.44267854
10251,13,0,0.2520995
10252,0,0,0.23402303
10253,19,1,0.8940736
10254,3,0,0.35514787
10255,25,1,0.50195616
10256,15,0,0.26644966
10257,27,1,0.83820456
10258,7,0,0.49652216
10259,20,1,0.5032537
10260,28,0,0.46652964
10261,25,1,0.40150893
10262,5,0,0.44666117
10263,11,0,0.3578625
10264,15,0,0.3939795
10265,28,0,0.48606348
10266,5,1,0.7201116
10267,26,1,0.5171459
10268,10,0,0.90989375
10269,28,0,0.41298836
10270,27,0,0.327145
10271,8,1,0.8164747
10272,2,1,0.55539805
10273,28,0,0.6418458
10274,23,1,0.87180954
10275,21,1,0.1820848
10276,11,1,0.580891
10277,6,1,0.44640315
10278,11,0,0.686268
10279,15,1,0.19433922
10280,20,1,0.65973073
10281,3,1,0.5939182
10282,27,1,0.5033278
10283,3,0,0.5306408
10284,12,0,0.44107446
10285,15,0,0.73295563
10286,15,1,0.5609194
10287,13,0,0.67864734
10288,22,0,0.51166713
10289,24,0,0.30641606
10290,16,0,0.50861037
10291,14,0,0.60576296
10292,2,1,0.6444924
10293,24,1,0.6297064
10294,10,0,0.20018508
10295,2,0,0.36329153
10296,11,1,0.9128433
10297,6,0,0.21442899
10298,14,0,0.2043261
10299,8,0,0.3526117
10300,16,1,0.8909769
10301,14,1,0.4979793
10302,0,0,0.72189415
10303,27,1,0.668643
10304,20,0,0.4107115
10305,14,1,0.6971466
10306,8,1,0.5942314
10307,16,0,0.19092655
10308,10,0,0.2660645
10309,19,0,0.4166785
10310,14,1,0.8230487
10311,3,0,0.5474214
10312,11,0,0.3056597
10313,2,1,0.574427
10314,26,1,0.548523
10315,25,1,0.24046484
10316,14,0,0.41613376
10317,24,0,0.23755075
10318,16,0,0.3409321
10319,19,0,0.47590196
10320,23,1,0.8291462
10321,1,0,0.3949671
10322,22,0,0.24655634
10323,2,0,0.38096842
10324,2,1,0.71108645
10325,17,0,0.37623647
10326,12,1,0.5267643
10327,15,0,0.48880002
10328,1,1,0.51476914
10329,16,1,0.8212554
10330,5,1,0.68263257
10331,18,0,0.57389396
10332,18,0,0.24287283
10333,12,0,0.48822626
10334,28,1,0.84456277
10335,28,0,0.45982805
10336,11,1,0.7032014
10337,1,0,0.3458304
10338,22,1,0.91365564
10339,8,0,0.48522946
10340,14,0,0.57898253
10341,3,1,0.84167486
10342,2,0,0.8323999
10343,25,0,0.194954
10344,23,0,0.18857902
10345,21,1,0.2976247
10346,9,1,0.53977185
10347,9,1,0.69736934
10348,25,1,0.48943502
10349,19,1,0.53046083
10350,16,0,0.4618509
10351,7,1,0.24721983
10352,9,0,0.6712782
10353,1,0,0.4154892
10354,11,1,0.6773026
10355,13,1,0.5110682
10356,16,1,0.5805354
10357,16,0,0.49484193
10358,10,1,0.68657345
10359,5,0,0.3116208
10360,28,1,0.23663448
10361,16,1,0.6186258
10362,23,0,0.23927434
10363,11,1,0.80475163
10364,18,0,0.5150929
10365,5,1,0.9045468
10366,25,0,0.32133982
10367,11,1,0.61927634
10368,28,0,0.44585717
10369,13,1,0.2834116
10370,3,1,0.49889857
10371,15,1,0.87103933
10372,1,1,0.55189323
10373,1,0,0.33570275
10374,14,1,0.6429368
10375,27,0,0.49705616
10376,22,0,0.4490098
10377,1,0,0.59565383
10378,22,1,0.6198899
10379,20,1,0.54855376
10380,15,0,0.88285536
10381,8,0,0.22002287
10382,13,1,0.23080435
10383,17,1,0.54238683
10384,16,1,0.17496504
10385,23,0,0.4877678
10386,18,1,0.84569997
10387,16,1,0.82116497
10388,0,1,0.695757
10389,18,1,0.5492865
10390,14,1,0.7436153
10391,22,1,0.53732455
10392,16,0,0.35401303
10393,3,1,0.9323481
10394,11,0,0.8025091
10395,13,1,0.5423787
10396,26,0,0.21635287
10397,18,0,0.55178076
10398,21,1,0.69705904
10399,15,1,0.5021791
10400,6,1,0.39802924
10401,18,1,0.46619305
10402,6,0,0.23970704
10403,15,1,0.6887416
10404,1,0,0.40878522
10405,10,1,0.2463386
10406,13,0,0.5075059
10407,14,1,0.5221716
10408,12,1,0.43351513
10409,19,0,0.22038464
10410,24,0,0.5282898
10411,25,1,0.62513095
10412,11,1,0.19631642
10413,16,0,0.70153105
10414,5,1,0.87302524
10415,10,0,0.25575244
10416,13,1,0.3955673
10417,23,0,0.21817072
10418,18,1,0.33777684
10419,9,0,0.22947899
10420,27,1,0.24635735
10421,12,0,0.26902297
10422,14,1,0.2155291
10423,14,1,0.56888103
10424,1,0,0.6281326
10425,13,0,0.22098182
10426,0,1,0.74406767
10427,28,1,0.26742962
10428,3,1,0.48513237
10429,1,1,0.480047
10430,8,1,0.93668383
10431,16,1,0.43135902
10432,0,1,0.39599174
10433,14,0,0.53475994
10434,2,1,0.5357142
10435,8,1,0.24962898
10436,25,1,0.58072126
10437,16,1,0.71389145
10438,11,1,0.44561177
10439,1,0,0.19294323
10440,1,1,0.8918887
10441,12,0,0.28734985
10442,6,0,0.41708115
10443,9,1,0.5484889
10444,1,0,0.5478994
10445,1,1,0.3500477
10446,13,1,0.8370116
10447,3,0,0.23591793
10448,11,0,0.24914421
10449,16,0,0.51547533
10450,12,0,0.44638282
10451,18,0,0.2532244
10452,11,0,0.5096531
10453,27,1,0.32406574
10454,25,1,0.5448107
10455,10,0,0.67804086
10456,27,1,0.8231858
10457,6,1,0.4595452
10458,2,0,0.59143174
10459,25,1,0.4673576
10460,8,1,0.5835358
10461,2,1,0.37795505
10462,24,0,0.41900203
10463,18,0,0.8372824
10464,9,1,0.5189627
10465,28,0,0.25576997
10466,6,0,0.17190748
10467,7,1,0.63842344
10468,21,1,0.9080044
10469,6,0,0.29856175
10470,20,1,0.23976412
10471,20,1,0.3503898
10472,10,0,0.20580079
10473,6,0,0.66907686
10474,5,1,0.4130475
10475,15,0,0.30592963
10476,12,1,0.54438597
10477,22,1,0.44657037
10478,25,0,0.26368192
10479,28,1,0.5911691
10480,8,1,0.5000335
10481,18,1,0.8311062
10482,21,1,0.42721763
10483,13,1,0.88564396
10484,21,1,0.4883686
10485,28,0,0.27812564
10486,25,0,0.65607214
10487,8,1,0.86411154
10488,2,0,0.58037543
10489,22,1,0.20529045
10490,15,1,0.2529894
10491,15,0,0.2172675
10492,8,0,0.42115203
10493,21,1,0.6152613
10494,13,1,0.75670886
10495,18,0,0.5729997
10496,27,1,0.19386643
10497,28,0,0.5723358
10498,13,1,0.8987478
10499,8,0,0.47284687
10500,13,0,0.6005272
10501,9,1,0.44905928
10502,0,1,0.35167083
10503,21,0,0.22820304
10504,11,0,0.6071106
10505,16,0,0.4084016
10506,16,0,0.38886273
10507,25,0,0.3477889
10508,26,1,0.5483183
10509,23,0,0.3524453
10510,11,1,0.52200776
10511,17,0,0.2752411
10512,11,1,0.21038097
10513,12,0,0.61883116
10514,15,1,0.37512875
10515,1,1,0.33530235
10516,8,1,0.73791766
10517,15,1,0.4781781
10518,8,0,0.5166824
10519,3,0,0.25522095
10520,13,0,0.45570293
10521,11,1,0.55462223
10522,25,1,0.5539576
10523,0,1,0.93354535
10524,27,1,0.51857895
10525,7,0,0.41973713
10526,18,1,0.26738954
10527,25,0,0.4146293
10528,27,1,0.6559365
10529,13,1,0.8048245
10530,1,0,0.18912613
10531,18,0,0.35399714
10532,23,0,0.33420298
10533,17,0,0.8628558
10534,13,0,0.39096567
10535,16,1,0.6521981
10536,15,0,0.23812245
10537,19,1,0.28757733
10538,28,1,0.3202051
10539,10,1,0.298444
10540,10,0,0.47931588
10541,18,0,0.67177045
10542,24,1,0.5045407
10543,10,1,0.74414235
10544,22,0,0.8214472
10545,2,0,0.2211841
10546,4,1,0.2521877
10547,8,0,0.18753184
10548,19,1,0.38516214
10549,26,1,0.6559804
10550,9,1,0.23844701
10551,17,1,0.84979737
10552,2,1,0.3888401
10553,24,1,0.49351105
10554,17,0,0.2364332
10555,12,0,0.26727837
10556,1,1,0.8632239
10557,16,0,0.8475657
10558,14,1,0.8247984
10559,16,1,0.83830863
10560,7,1,0.47187188
10561,10,1,0.55403286
10562,6,1,0.25552902
10563,2,1,0.5728503
10564,10,0,0.6820188
10565,9,1,0.60090154
10566,25,1,0.6580128
10567,9,0,0.23720884
10568,26,1,0.7094422
10569,16,1,0.30780235
10570,12,1,0.78632915
10571,22,0,0.28141895
10572,6,0,0.6291486
10573,3,1,0.7415779
10574,9,0,0.34244132
10575,11,0,0.2428266
10576,14,1,0.60533834
10577,4,1,0.28029498
10578,16,1,0.9214367
10579,20,1,0.68829733
10580,12,1,0.29855338
10581,10,1,0.6801287
10582,15,1,0.86161155
10583,7,0,0.2901079
10584,25,1,0.4019101
10585,7,1,0.60130954
10586,13,1,0.67558813
10587,26,1,0.7769803
10588,1,1,0.54040277
10589,0,1,0.8438022
10590,6,1,0.8068638
10591,8,1,0.5246928
10592,21,1,0.46486357
10593,9,0,0.28106627
10594,16,0,0.32116014
10595,10,1,0.5751175
10596,21,1,0.4559385
10597,2,1,0.9177288
10598,8,1,0.18674569
10599,16,0,0.24945581
10600,22,0,0.24239717
10601,24,1,0.7290207
10602,21,0,0.1876928
10603,13,1,0.8863894
10604,2,0,0.32766357
10605,16,0,0.2772896
10606,18,1,0.5139807
10607,10,1,0.9018373
10608,13,1,0.84953064
10609,6,0,0.21433051
10610,15,1,0.41785637
10611,0,1,0.66980237
10612,9,1,0.55923295
10613,16,0,0.23876616
10614,26,0,0.33694786
10615,2,1,0.87254715
10616,28,1,0.4872945
10617,28,1,0.21287179
10618,23,0,0.33574554
10619,16,1,0.61568433
10620,2,0,0.40205133
10621,27,1,0.37656137
10622,22,0,0.3887524
10623,25,1,0.57525176
10624,19,0,0.45084548
10625,27,1,0.56201094
10626,17,1,0.73386043
10627,9,0,0.8712372
10628,20,0,0.7485244
10629,25,1,0.41921365
10630,25,0,0.35248226
10631,16,1,0.83644557
10632,16,0,0.6584652
10633,4,1,0.8431075
10634,27,1,0.53671247
10635,9,1,0.82140183
10636,20,1,0.9153935
10637,20,1,0.35907316
10638,16,1,0.2336947
10639,14,0,0.47661954
10640,10,1,0.889421
10641,14,0,0.47914237
10642,10,1,0.547181
10643,4,0,0.32582194
10644,6,1,0.5622078
10645,22,0,0.5584659
10646,13,1,0.34072402
10647,2,1,0.5898982
10648,10,1,0.26364228
10649,16,0,0.27163208
10650,15,0,0.37974307
10651,21,0,0.26888406
10652,4,0,0.86808056
10653,18,1,0.53756213
10654,11,0,0.2731363
10655,4,1,0.84023535
10656,16,0,0.5972204
10657,2,1,0.6878209
10658,17,1,0.44363564
10659,13,0,0.7357613
10660,1,1,0.49817687
10661,25,1,0.5576218
10662,2,1,0.29687706
10663,8,0,0.22612523
10664,11,0,0.7449275
10665,5,0,0.2712314
10666,3,1,0.6397476
10667,28,1,0.3426125
10668,17,0,0.4591275
10669,28,0,0.735777
10670,11,1,0.42130014
10671,8,1,0.46020907
10672,1,1,0.90741813
10673,15,1,0.18957673
10674,7,0,0.34139642
10675,8,1,0.29991964
10676,10,0,0.5120579
10677,28,0,0.2857862
10678,2,0,0.5617236
10679,17,1,0.28765506
10680,17,1,0.22481506
10681,4,1,0.45316774
10682,8,0,0.80868745
10683,17,1,0.5556134
10684,16,1,0.5308664
10685,15,1,0.58991754
10686,13,1,0.53729695
10687,26,0,0.3099281
10688,16,0,0.37319624
10689,25,0,0.44562513
10690,21,1,0.89461815
10691,19,0,0.41498813
10692,12,0,0.23449808
10693,10,1,0.86561203
10694,16,1,0.73122984
10695,15,1,0.5800198
10696,13,0,0.5509338
10697,15,1,0.33585945
10698,25,0,0.21615197
10699,10,0,0.51809466
10700,8,0,0.21671201
10701,26,0,0.2755097
10702,8,0,0.68022394
10703,20,1,0.5185401
10704,13,0,0.70855916
10705,18,1,0.5615034
10706,4,0,0.2882292
10707,20,0,0.5590432
10708,16,0,0.57141495
10709,14,1,0.7698502
10710,3,0,0.42812204
10711,21,0,0.38873792
10712,15,0,0.6058578
10713,10,0,0.19109996
10714,13,1,0.4834514
10715,13,1,0.6957783
10716,3,1,0.57557225
10717,5,1,0.2296893
10718,12,0,0.4488671
10719,27,0,0.67070574
10720,12,0,0.58196825
10721,19,1,0.90777206
10722,19,1,0.47449
10723,10,0,0.8502448
10724,10,1,0.2217535
10725,15,1,0.91676694
10726,1,1,0.5157813
10727,6,1,0.80347025
10728,6,0,0.23420943
10729,26,0,0.4029329
10730,10,1,0.23993501
10731,23,1,0.33474544
10732,24,1,0.5788914
10733,27,0,0.4647643
10734,20,1,0.7552677
10735,25,0,0.44426227
10736,9,1,0.63757956
10737,15,0,0.91126126
10738,17,0,0.4553718
10739,15,1,0.23765998
10740,13,1,0.47816345
10741,0,0,0.22275719
10742,11,0,0.50684863
10743,0,1,0.7075466
10744,12,0,0.5051643
10745,17,0,0.19994254
10746,10,0,0.6657356
10747,11,1,0.44722098
10748,26,0,0.50946945
10749,16,0,0.35829294
10750,16,0,0.4082553
10751,2,1,0.67341727
10752,13,1,0.32877347
10753,28,0,0.55080956
10754,10,0,0.17279464
10755,17,0,0.5242013
10756,16,1,0.8862728
10757,23,0,0.8280205
10758,23,0,0.6426147
10759,26,0,0.4664136
10760,28,1,0.61827797
10761,24,1,0.5990797
10762,11,0,0.52064776
10763,16,0,0.63308203
10764,19,0,0.22362913
10765,6,1,0.5608058
10766,22,0,0.21774729
10767,16,0,0.3183899
10768,28,0,0.23550224
10769,23,0,0.56666857
10770,9,0,0.34215206
10771,8,0,0.4183331
10772,28,0,0.21647194
10773,26,0,0.4229626
10774,6,1,0.36380866
10775,12,1,0.32783285
10776,16,0,0.2251645
10777,8,0,0.443137
10778,27,0,0.5945989
10779,26,1,0.7319676
10780,4,1,0.5305866
10781,26,1,0.60591584
10782,17,0,0.3032121
10783,15,0,0.27758646
10784,0,0,0.23757613
10785,11,1,0.3387242
10786,23,0,0.26571122
10787,0,0,0.55629426
10788,26,1,0.38519856
10789,9,0,0.65772223
10790,10,1,0.8676811
10791,5,0,0.616448
10792,6,1,0.45820978
10793,10,1,0.44485578
10794,24,1,0.6477578
10795,8,0,0.6447524
10796,13,0,0.32667804
10797,28,1,0.8784017
10798,15,1,0.45575666
10799,4,0,0.4358146
10800,26,1,0.76368546
10801,18,1,0.44331858
10802,24,0,0.43608147
10803,1,0,0.48600608
10804,3,0,0.24770994
10805,8,0,0.3890531
10806,2,0,0.46441996
10807,12,1,0.87138844
10808,25,1,0.87270826
10809,25,1,0.56712556
10810,14,1,0.27986947
10811,21,1,0.74149936
10812,2,1,0.90749
10813,11,1,0.3778384
10814,13,1,0.2973386
10815,2,0,0.24669334
10816,20,0,0.46361268
10817,8,0,0.42001623
10818,3,1,0.5800189
10819,24,1,0.5789113
10820,26,0,0.49843985
10821,15,0,0.23360151
10822,11,0,0.2121525
10823,5,0,0.34460956
10824,18,0,0.5125239
10825,26,0,0.7942963
10826,20,0,0.6849533
10827,17,1,0.51075405
10828,13,0,0.72302324
10829,12,0,0.8990252
10830,19,0,0.4394871
10831,18,1,0.32973593
10832,6,1,0.2692629
10833,12,0,0.6391635
10834,16,1,0.313941
10835,27,1,0.5084431
10836,14,1,0.48235074
10837,11,1,0.67423743
10838,9,0,0.22873753
10839,18,0,0.56004184
10840,8,0,0.25998494
10841,27,0,0.44873565
10842,13,0,0.3857098
10843,10,0,0.54986787
10844,24,0,0.47454405
10845,15,0,0.36784902
10846,13,1,0.903798
10847,21,0,0.51278335
10848,14,0,0.55428386
10849,11,1,0.5400684
10850,28,1,0.5535287
10851,7,1,0.8422503
10852,3,0,0.33681175
10853,13,0,0.69489187
10854,1,0,0.39799216
10855,25,0,0.58399385
10856,24,0,0.32519928
10857,8,0,0.34524345
10858,19,0,0.62085646
10859,7,1,0.570821
10860,10,1,0.74245405
10861,26,0,0.8450367
10862,11,0,0.3097077
10863,10,1,0.34495988
10864,11,1,0.5554026
10865,24,0,0.46433833
10866,15,1,0.8924111
10867,23,1,0.8884642
10868,25,0,0.2573597
10869,25,1,0.4979634
10870,21,1,0.59588015
10871,16,0,0.19009049
10872,10,1,0.7500633
10873,25,0,0.48258093
10874,27,0,0.29857352
10875,24,0,0.3613377
10876,15,1,0.62100947
10877,12,1,0.24525926
10878,7,1,0.40337873
10879,8,0,0.66888607
10880,27,0,0.4271216
10881,2,0,0.17420237
10882,6,1,0.8128532
10883,19,0,0.23524278
10884,19,1,0.49803394
10885,20,0,0.28130075
10886,27,0,0.46273008
10887,24,1,0.18556178
10888,15,1,0.25923985
10889,7,1,0.51574785
10890,15,0,0.20802605
10891,15,0,0.79907405
10892,25,1,0.6549076
10893,17,0,0.41740847
10894,25,1,0.82689375
10895,16,1,0.84305257
10896,20,0,0.5424231
10897,14,0,0.28581497
10898,12,1,0.54462016
10899,1,1,0.50363815
10900,14,1,0.8418053
10901,15,0,0.363289
10902,8,1,0.85505736
10903,17,0,0.5435068
10904,10,0,0.22839569
10905,11,1,0.31452236
10906,8,0,0.57490516
10907,7,1,0.5351207
10908,13,0,0.515061
10909,25,1,0.74657613
10910,7,1,0.5667975
10911,2,0,0.5577172
10912,4,1,0.5759116
10913,15,0,0.61059684
10914,6,0,0.77298874
10915,27,1,0.19068167
10916,8,1,0.3419941
10917,13,0,0.7707441
10918,13,1,0.6628144
10919,4,0,0.25860646
10920,26,0,0.5635765
10921,4,1,0.91044086
10922,2,0,0.538556
10923,23,0,0.57057196
10924,4,1,0.73360914
10925,20,1,0.8931762
10926,13,1,0.76526
10927,6,0,0.3153925
10928,15,1,0.88857156
10929,25,1,0.39370117
10930,27,0,0.4164076
10931,25,0,0.58442503
10932,16,0,0.32027185
10933,12,1,0.6892836
10934,10,1,0.709831
10935,25,0,0.26191917
10936,12,0,0.59063315
10937,16,0,0.33757985
10938,2,1,0.3017238
10939,2,0,0.23979002
10940,13,0,0.6136062
10941,25,1,0.65859854
10942,4,0,0.30688655
10943,7,1,0.6400677
10944,11,1,0.5794231
10945,8,1,0.52752686
10946,13,0,0.3570796
10947,14,1,0.83951664
10948,22,0,0.3919815
10949,19,1,0.79070383
10950,25,1,0.36166304
10951,12,1,0.8453303
10952,8,0,0.26711032
10953,2,1,0.8821961
10954,7,1,0.22304194
10955,13,0,0.6936232
10956,17,1,0.22501546
10957,24,0,0.3667833
10958,26,0,0.60645
10959,25,0,0.7635157
10960,16,0,0.25289848
10961,16,0,0.4814585
10962,10,0,0.33242446
10963,13,0,0.2644644
10964,9,0,0.28995642
10965,6,1,0.44900596
10966,2,1,0.887515
10967,11,1,0.8736684
10968,5,1,0.56266856
10969,23,0,0.54488677
10970,25,0,0.48010594
10971,12,1,0.5459166
10972,25,0,0.26500872
10973,9,0,0.44370562
10974,8,1,0.48463315
10975,1,1,0.5417439
10976,24,1,0.83401793
10977,24,0,0.39661196
10978,15,1,0.48126948
10979,3,1,0.5753764
10980,20,1,0.53090566
10981,10,1,0.18604179
10982,9,0,0.3563231
10983,0,1,0.37596408
10984,17,1,0.82569844
10985,21,0,0.27448863
10986,13,0,0.43567893
10987,25,0,0.4334892
10988,0,0,0.64399165
10989,9,0,0.7613963
10990,19,1,0.50839007
10991,23,0,0.37536514
10992,28,0,0.3133149
10993,19,0,0.6015059
10994,12,0,0.2352143
10995,15,0,0.3584821
10996,18,1,0.8521323
10997,16,1,0.7969892
10998,20,0,0.2959382
10999,16,0,0.5231095
11000,1,1,0.6549077
11001,16,1,0.6437453
11002,10,0,0.48884958
11003,22,1,0.22438192
11004,28,0,0.513852
11005,9,1,0.6246793
11006,1,1,0.5366539
11007,7,1,0.4553264
11008,20,1,0.29944193
11009,8,1,0.61470115
11010,2,0,0.544198
11011,18,0,0.6973324
11012,17,0,0.23000914
11013,11,0,0.66850513
11014,21,0,0.5431631
11015,9,0,0.42330313
11016,23,1,0.42465875
11017,1,1,0.78924054
11018,26,1,0.8009927
11019,8,1,0.702527
11020,15,0,0.30198124
11021,6,1,0.59946996
11022,15,1,0.6446913
11023,14,0,0.2438474
11024,11,1,0.30926403
11025,9,0,0.4023084
11026,13,0,0.3713896
11027,20,1,0.817918
11028,28,1,0.8855798
11029,25,0,0.42272982
11030,24,0,0.41128886
11031,2,0,0.50698197
11032,5,0,0.49409577
11033,8,0,0.26018104
11034,21,0,0.43748185
11035,16,1,0.622283
11036,9,1,0.38425046
11037,1,1,0.8742265
11038,1,1,0.91855824
11039,12,1,0.6385797
11040,6,0,0.70608747
11041,2,1,0.47427693
11042,1,0,0.47244763
11043,15,1,0.24690671
11044,21,0,0.47021592
11045,20,1,0.39138266
11046,26,0,0.42569855
11047,17,1,0.5867095
11048,26,1,0.8804084
11049,10,1,0.87237674
11050,2,1,0.55260944
11051,7,1,0.8652653
11052,8,0,0.5777732
11053,17,1,0.61250293
11054,28,0,0.55276334
11055,11,0,0.50985634
11056,13,1,0.43379742
11057,23,1,0.39032474
11058,20,0,0.22426763
11059,16,1,0.8526615
11060,20,0,0.86584926
11061,21,1,0.9064524
11062,28,1,0.5166474
11063,20,0,0.6118755
11064,22,0,0.22777644
11065,26,0,0.35171798
11066,8,1,0.46560284
11067,20,0,0.28958878
11068,1,1,0.22351153
11069,15,0,0.27300036
11070,10,1,0.74939936
11071,16,1,0.51973516
11072,1,0,0.34470567
11073,25,1,0.3138863
11074,11,1,0.5657616
11075,25,0,0.44394955
11076,8,1,0.32735884
11077,9,1,0.22324644
11078,13,1,0.36795858
11079,26,1,0.75899607
11080,14,0,0.38762227
11081,22,1,0.68701077
11082,2,1,0.28336537
11083,8,0,0.33177158
11084,22,0,0.43424767
11085,27,0,0.5592779
11086,17,1,0.8817271
11087,19,1,0.23179457
11088,11,0,0.26541215
11089,1,0,0.24384332
11090,20,1,0.80262274
11091,1,1,0.6739929
11092,23,0,0.7072701
11093,13,0,0.5404452
11094,13,1,0.45393834
11095,19,0,0.41742435
11096,10,0,0.20909524
11097,6,1,0.30814633
11098,3,1,0.5277077
11099,16,0,0.37888938
11100,13,0,0.5240979
11101,13,0,0.5258382
11102,26,0,0.7373952
11103,8,0,0.23972915
11104,2,0,0.39127743
11105,28,0,0.24248101
11106,26,0,0.4024649
11107,2,0,0.6962898
11108,11,1,0.6107863
11109,2,1,0.5844134
11110,20,1,0.74287623
11111,13,0,0.2466051
11112,26,0,0.5394692
11113,2,0,0.40490174
11114,10,1,0.66579205
11115,16,1,0.44659376
11116,25,1,0.27686113
11117,12,1,0.9121618
11118,2,0,0.82280993
11119,15,1,0.2687157
11120,19,0,0.27815974
11121,7,1,0.41708848
11122,15,0,0.5708758
11123,8,1,0.24355033
11124,15,0,0.6529767
11125,17,1,0.88936955
11126,13,0,0.5731962
11127,28,0,0.53037834
11128,12,0,0.55947
11129,13,1,0.5589367
11130,7,1,0.48409235
11131,27,0,0.24728851
11132,27,0,0.42082435
11133,15,1,0.5429567
11134,13,1,0.3803714
11135,20,1,0.7237853
11136,8,1,0.4289726
11137,0,0,0.20597072
11138,3,0,0.62276345
11139,25,1,0.5660754
11140,18,0,0.3628852
11141,8,0,0.47815567
11142,16,1,0.58560497
11143,8,1,0.6400498
11144,17,0,0.48617223
11145,18,1,0.81002694
11146,15,0,0.28220972
11147,25,1,0.8903675
11148,28,0,0.2339917
11149,13,1,0.47953224
11150,20,1,0.8516488
11151,17,0,0.24187188
11152,13,0,0.3821447
11153,11,0,0.4641697
11154,26,0,0.49192008
11155,20,1,0.5913969
11156,28,0,0.46715975
11157,7,0,0.5035182
11158,26,0,0.4305891
11159,14,0,0.22971386
11160,27,0,0.9084724
11161,5,1,0.720886
11162,11,1,0.50910497
11163,4,0,0.4608464
11164,10,1,0.20643003
11165,26,0,0.2273127
11166,15,0,0.56373703
11167,27,1,0.20195153
11168,8,0,0.29733962
11169,4,0,0.5139235
11170,11,0,0.3765269
11171,22,0,0.38005674
11172,17,0,0.3218833
11173,25,0,0.20943278
11174,17,1,0.60650593
11175,21,0,0.23323862
11176,15,0,0.33057487
11177,9,0,0.29254773
11178,27,0,0.34121403
11179,16,1,0.8228814
11180,13,1,0.5251715
11181,8,0,0.2101051
11182,17,0,0.4616997
11183,6,0,0.45493245
11184,13,0,0.29985917
11185,26,0,0.30204195
11186,26,1,0.5062357
11187,17,1,0.6385457
11188,20,1,0.2587874
11189,6,0,0.61654174
11190,1,0,0.8353302
11191,25,1,0.7461521
11192,25,0,0.38860312
11193,17,1,0.922087
11194,19,1,0.21198158
11195,26,0,0.43502897
11196,8,0,0.47980317
11197,12,0,0.46406403
11198,15,1,0.43736792
11199,23,1,0.6222703
11200,13,0,0.26510292
11201,16,1,0.77218354
11202,9,1,0.6943453
11203,11,1,0.34633484
11204,11,1,0.48939797
11205,6,0,0.23482488
11206,10,0,0.38003913
11207,5,1,0.43942744
11208,17,1,0.4416566
11209,4,0,0.5329578
11210,26,0,0.29699406
11211,2,0,0.5721193
11212,25,0,0.23508438
11213,23,0,0.17361149
11214,0,0,0.38275832
11215,22,1,0.2596096
11216,21,1,0.25447142
11217,20,0,0.8114051
11218,20,1,0.82730246
11219,25,1,0.69128364
11220,1,0,0.5701332
11221,27,1,0.53022504
11222,4,0,0.8646736
11223,20,1,0.6095074
11224,23,1,0.47512347
11225,28,1,0.63017476
11226,8,0,0.24304701
11227,15,0,0.70826155
11228,16,0,0.6114321
11229,26,0,0.5494417
11230,25,1,0.23246002
11231,16,0,0.6142676
11232,28,0,0.8376428
11233,17,1,0.6480126
11234,19,1,0.32727772
11235,2,1,0.5621739
11236,15,1,0.8255132
11237,12,0,0.32958204
11238,25,1,0.37743306
11239,2,1,0.88434815
11240,23,1,0.4643485
11241,4,0,0.35288402
11242,10,0,0.78075665
11243,11,1,0.29961157
11244,14,0,0.3249158
11245,7,1,0.7564451
11246,20,1,0.69608873
11247,25,0,0.54913545
11248,28,1,0.4748837
11249,12,1,0.75969
11250,8,0,0.7989587
11251,17,0,0.33490503
11252,9,0,0.41497925
11253,2,0,0.26320815
11254,16,0,0.28419587
11255,16,1,0.47583643
11256,12,0,0.68656814
11257,0,0,0.35060433
11258,1,0,0.38954592
11259,26,1,0.93052673
11260,13,0,0.31642193
11261,25,0,0.2950878
11262,28,0,0.35758036
11263,15,0,0.675978
11264,1,1,0.5760761
11265,15,1,0.3913102
11266,18,1,0.5656224
11267,27,0,0.26361144
11268,10,1,0.85462147
11269,11,1,0.4633034
11270,26,1,0.84106076
11271,12,1,0.8425984
11272,8,1,0.24089706
11273,16,0,0.41454712
11274,2,1,0.5202632
11275,17,0,0.47507358
11276,0,0,0.707368
11277,4,0,0.74798656
11278,26,1,0.5669161
11279,23,0,0.2332131
11280,24,0,0.22338721
11281,14,0,0.2238518
11282,11,1,0.5428246
11283,26,1,0.76135236
11284,19,1,0.4789501
11285,13,0,0.79733783
11286,16,1,0.3891413
11287,26,0,0.9314724
11288,22,1,0.5014613
11289,22,1,0.44201064
11290,2,1,0.6147167
11291,12,0,0.25392285
11292,2,1,0.5697182
11293,1,0,0.2852836
11294,8,0,0.31035376
11295,15,0,0.23604362
11296,0,0,0.51851517
11297,8,1,0.56886965
11298,3,1,0.47536132
11299,26,0,0.2629357
11300,7,1,0.82902485
11301,18,0,0.22993134
11302,22,1,0.4915431
11303,3,1,0.61107165
11304,24,1,0.38474524
11305,0,0,0.5538587
11306,1,0,0.24802974
11307,1,1,0.2908532
11308,26,1,0.7524576
11309,26,1,0.78125167
11310,14,1,0.7945442
11311,7,0,0.5228805
11312,2,0,0.40980834
11313,23,1,0.53421384
11314,7,1,0.8571684
11315,17,0,0.21639778
11316,20,0,0.35362807
11317,18,0,0.2549511
11318,26,1,0.7148721
11319,9,0,0.191605
11320,26,0,0.27991912
11321,3,0,0.23607472
11322,13,0,0.2747614
11323,15,1,0.45942217
11324,20,0,0.69162714
11325,11,1,0.30283627
11326,16,0,0.3254437
11327,10,1,0.6999335
11328,13,0,0.35462937
11329,17,0,0.5512509
11330,27,0,0.38501662
11331,3,1,0.42303014
11332,25,0,0.25868565
11333,12,1,0.8218196
11334,8,0,0.47746596
11335,25,0,0.5283191
11336,20,1,0.4136628
11337,16,0,0.51359063
11338,14,0,0.75343835
11339,27,0,0.34070966
11340,3,1,0.49258348
11341,18,0,0.28504172
11342,11,0,0.42690882
11343,18,0,0.47255337
11344,14,0,0.42325583
11345,4,0,0.32595372
11346,14,1,0.71678644
11347,27,1,0.6941518
11348,10,0,0.52202
11349,26,0,0.25638583
11350,11,1,0.40330985
11351,8,0,0.2527167
11352,6,0,0.37411577
11353,26,0,0.4063378
11354,6,1,0.52331114
11355,20,1,0.9046168
11356,21,1,0.25165492
11357,14,0,0.567258
11358,13,1,0.19423296
11359,3,1,0.9355235
11360,13,1,0.5239469
11361,3,0,0.8316265
11362,25,0,0.75954396
11363,25,1,0.39395452
11364,2,1,0.59662086
11365,10,0,0.60742736
11366,4,1,0.8584731
11367,13,1,0.7595995
11368,11,1,0.6534624
11369,2,0,0.4245024
11370,10,1,0.7882227
11371,20,0,0.4664292
11372,25,1,0.46294552
11373,27,1,0.60983264
11374,21,0,0.29070425
11375,26,1,0.26331627
11376,22,1,0.26464498
11377,4,1,0.45234072
11378,17,0,0.47064584
11379,8,0,0.50463176
11380,16,1,0.5143333
11381,23,0,0.4856469
11382,8,0,0.50773114
11383,16,0,0.39536658
11384,3,1,0.5221831
11385,13,1,0.5505808
11386,2,1,0.7170107
11387,21,1,0.44564503
11388,26,1,0.37199634
11389,9,0,0.4093702
11390,28,1,0.28601387
11391,1,0,0.74927014
11392,15,1,0.5706408
11393,13,0,0.5951141
11394,13,1,0.6084125
11395,17,0,0.24375032
11396,8,1,0.863009
11397,11,0,0.261577
11398,14,0,0.44667107
11399,20,0,0.2969832
11400,11,1,0.8739433
11401,22,0,0.8165748
11402,15,1,0.8782043
11403,12,1,0.81523407
11404,2,0,0.47571164
11405,23,1,0.22770266
11406,2,1,0.47015452
11407,10,0,0.20368573
11408,16,1,0.84410983
11409,15,0,0.26831552
11410,4,0,0.44737038
11411,22,1,0.26062775
11412,16,1,0.5525146
11413,16,0,0.37853464
11414,27,1,0.5118682
11415,3,1,0.8591534
11416,5,0,0.5131446
11417,25,1,0.38922694
11418,28,1,0.22479244
11419,11,1,0.2622949
11420,16,0,0.25073615
11421,15,0,0.49176067
11422,10,1,0.50122225
11423,28,0,0.40968177
11424,11,1,0.8667179
11425,22,0,0.2725392
11426,21,1,0.41516274
11427,16,1,0.5327046
11428,11,0,0.67050403
11429,7,0,0.5548839
11430,25,1,0.75764775
11431,27,1,0.7818525
11432,13,0,0.22113779
11433,13,0,0.5540464
11434,2,0,0.2985521
11435,5,1,0.6437773
11436,6,0,0.22014503
11437,3,0,0.28563872
11438,16,1,0.75780314
11439,15,1,0.4181716
11440,7,0,0.2579595
11441,13,0,0.70662415
11442,16,0,0.6251477
11443,11,0,0.634051
11444,14,0,0.4666297
11445,15,1,0.5319038
11446,27,0,0.2834325
11447,22,1,0.7448422
11448,3,0,0.1921317
11449,4,0,0.77953225
11450,1,1,0.62815535
11451,15,0,0.56775874
11452,10,0,0.6260885
11453,28,0,0.40608364
11454,6,1,0.5538484
11455,16,0,0.53373593
11456,1,1,0.7039159
11457,6,0,0.33518842
11458,11,1,0.8199361
11459,28,1,0.87463486
11460,4,1,0.71129966
11461,8,0,0.4258387
11462,2,1,0.3659787
11463,13,1,0.43172312
11464,21,1,0.7100746
11465,18,0,0.26967087
11466,12,0,0.552418
11467,2,1,0.90299773
11468,13,0,0.17594185
11469,18,1,0.3889206
11470,19,0,0.46917528
11471,12,1,0.5340167
11472,16,0,0.5588339
11473,26,0,0.4082863
11474,10,1,0.41174865
11475,16,1,0.5217138
11476,21,1,0.25013345
11477,11,0,0.2413061
11478,2,0,0.22741061
11479,13,0,0.31942976
11480,22,1,0.537943
11481,17,1,0.38960013
11482,14,1,0.44264624
11483,27,0,0.22620276
11484,25,0,0.22043666
11485,2,1,0.26841688
11486,1,1,0.43732786
11487,14,0,0.2453311
11488,16,1,0.74884015
11489,6,1,0.8914173
11490,11,0,0.48221642
11491,20,0,0.28590128
11492,23,0,0.40097857
11493,23,1,0.6020445
11494,19,0,0.35078612
11495,21,1,0.4194478
11496,14,1,0.39485085
11497,20,1,0.27180597
11498,25,0,0.62398535
11499,24,0,0.38604584
11500,2,1,0.53610563
11501,28,0,0.863928
11502,20,1,0.906801
11503,10,1,0.5698315
11504,20,1,0.6551579
11505,27,0,0.839016
11506,10,1,0.2673329
11507,25,1,0.23228823
11508,20,1,0.25023565
11509,11,0,0.22997428
11510,1,1,0.8953384
11511,28,0,0.41602916
11512,10,1,0.6745549
11513,1,0,0.30049765
11514,27,1,0.60977244
11515,13,0,0.25206643
11516,3,0,0.24734563
11517,27,0,0.48373047
11518,11,0,0.3338689
11519,8,1,0.4510818
11520,23,0,0.4343465
11521,25,0,0.4352087
11522,25,1,0.547095
11523,16,1,0.8637544
11524,15,1,0.5836412
11525,7,1,0.5316658
11526,11,1,0.8577657
11527,25,1,0.27871656
11528,23,1,0.5309182
11529,15,0,0.28108314
11530,4,0,0.35631824
11531,9,1,0.84765965
11532,2,0,0.33309445
11533,23,0,0.37919843
11534,26,0,0.27876905
11535,20,1,0.6730584
11536,25,1,0.55251676
11537,12,1,0.3391913
11538,2,1,0.5780944
11539,1,1,0.69015425
11540,0,1,0.8749683
11541,16,0,0.44797003
11542,25,0,0.48390147
11543,2,0,0.24679127
11544,4,0,0.4444614
11545,18,0,0.41831276
11546,17,0,0.49828973
11547,20,1,0.5633795
11548,1,0,0.21343972
11549,4,1,0.759996
11550,25,1,0.27868715
11551,17,0,0.24536063
11552,13,1,0.23449291
11553,19,1,0.57028896
11554,19,1,0.3663074
11555,23,1,0.41978714
11556,16,1,0.64470345
11557,10,0,0.34131712
11558,3,0,0.49108985
11559,27,0,0.44409132
11560,8,0,0.2980182
11561,12,0,0.508356
11562,19,0,0.282946
11563,16,0,0.2786645
11564,4,1,0.6304593
11565,11,0,0.55844325
11566,27,0,0.3923714
11567,27,0,0.17932521
11568,20,0,0.54428303
11569,5,1,0.7930672
11570,16,1,0.41353676
11571,26,1,0.56061685
11572,16,1,0.32218143
11573,1,0,0.603213
11574,11,1,0.41334626
11575,2,0,0.5397831
11576,17,0,0.4634549
11577,17,0,0.18030187
11578,10,1,0.85461676
11579,13,1,0.9218821
11580,15,1,0.27973628
11581,2,0,0.6123643
11582,25,1,0.581833
11583,11,0,0.22591424
11584,15,1,0.56378704
11585,27,0,0.5307145
11586,2,0,0.7737548
11587,11,1,0.5175834
11588,13,1,0.8115617
11589,8,0,0.90469337
11590,10,1,0.5684194
11591,3,1,0.59989536
11592,0,0,0.4774827
11593,0,0,0.32658374
11594,8,1,0.24650863
11595,7,1,0.829055
11596,4,1,0.2324213
11597,26,0,0.46342203
11598,17,1,0.41474256
11599,14,0,0.55031127
11600,8,0,0.5147599
11601,25,0,0.38895667
11602,14,0,0.5498286
11603,24,1,0.5271629
11604,13,0,0.50455016
11605,10,0,0.34094128
11606,16,1,0.83487284
11607,21,0,0.3162045
11608,8,1,0.2701017
11609,6,0,0.48802516
11610,3,1,0.5978866
11611,25,0,0.24952503
11612,15,0,0.28759277
11613,20,0,0.4361641
11614,13,1,0.54809886
11615,2,0,0.6797587
11616,8,0,0.23767202
11617,2,0,0.23610644
11618,14,1,0.34961239
11619,7,1,0.3199235
11620,1,0,0.38470846
11621,11,1,0.55523443
11622,17,0,0.33052114
11623,1,1,0.5420014
11624,8,0,0.729262
11625,11,1,0.5162157
11626,11,0,0.30297005
11627,15,0,0.23718515
11628,24,1,0.23626618
11629,12,0,0.39606166
11630,8,1,0.7637807
11631,12,1,0.9269544
11632,16,1,0.39804927
11633,15,1,0.574521
11634,12,0,0.5034316
11635,6,0,0.21120976
11636,15,1,0.6777491
11637,22,0,0.31985837
11638,20,1,0.5642475
11639,23,1,0.4558814
11640,16,1,0.8558264
11641,8,0,0.35480556
11642,7,0,0.21965061
11643,10,0,0.27344677
11644,14,0,0.50678515
11645,27,0,0.6912251
11646,10,0,0.31287614
11647,24,0,0.5981158
11648,16,0,0.44625735
11649,12,0,0.34343708
11650,2,1,0.51513654
11651,12,0,0.47024277
11652,16,0,0.57236576
11653,6,0,0.28752574
11654,2,0,0.2456255
11655,1,1,0.17511699
11656,9,1,0.48669302
11657,16,1,0.7516948
11658,6,1,0.7279996
11659,10,0,0.2697007
11660,14,0,0.2880303
11661,11,0,0.24436681
11662,22,0,0.57965285
11663,27,0,0.473279
11664,20,1,0.555553
11665,8,1,0.5228345
11666,16,1,0.28348708
11667,1,1,0.39420092
11668,1,1,0.8675209
11669,22,1,0.82335293
11670,8,1,0.5786651
11671,9,1,0.44547188
11672,4,1,0.4955825
11673,15,0,0.2634766
11674,25,1,0.2752578
11675,3,0,0.35704646
11676,2,0,0.31428903
11677,16,1,0.55059886
11678,27,1,0.88953596
11679,20,0,0.4803705
11680,23,0,0.27598533
11681,10,0,0.40539098
11682,12,0,0.5247855
11683,17,1,0.8648761
11684,18,0,0.22068873
11685,3,0,0.23691466
11686,15,0,0.45052007
11687,14,0,0.28973985
11688,19,1,0.44029358
11689,6,0,0.5085775
11690,5,1,0.8564058
11691,17,0,0.5373299
11692,20,1,0.23631562
11693,17,1,0.7465617
11694,7,1,0.5792734
11695,8,0,0.47079328
11696,6,1,0.67309487
11697,14,0,0.28038672
11698,7,1,0.42202747
11699,25,0,0.20811947
11700,8,1,0.6433687
11701,27,0,0.41149032
11702,26,0,0.44089395
11703,21,1,0.81201226
11704,16,1,0.8815413
11705,21,1,0.4070948
11706,8,1,0.8748306
11707,13,1,0.4487132
11708,2,1,0.5751429
11709,12,1,0.43587682
11710,18,1,0.43185794
11711,13,0,0.46006852
11712,13,0,0.63126683
11713,20,0,0.5303657
11714,24,1,0.6324599
11715,26,0,0.53602433
11716,27,1,0.5097309
11717,3,0,0.2796068
11718,13,0,0.41702732
11719,23,1,0.496779
11720,13,1,0.54756576
11721,16,0,0.21406102
11722,14,0,0.36772364
11723,7,1,0.7235762
11724,16,0,0.47330323
11725,16,1,0.59218353
11726,1,0,0.5329626
11727,28,1,0.63469434
11728,12,0,0.49082467
11729,16,1,0.91303176
11730,10,1,0.5445486
11731,25,0,0.2868552
11732,16,0,0.5405142
11733,26,0,0.47321573
11734,20,1,0.26577818
11735,5,1,0.25654685
11736,26,1,0.51898384
11737,18,1,0.6495274
11738,22,0,0.28181547
11739,1,1,0.9119816
11740,1,0,0.32750487
11741,2,1,0.5774515
11742,24,1,0.59393656
11743,14,0,0.25730297
11744,17,0,0.344297
11745,18,1,0.36418766
11746,1,0,0.63019073
11747,15,0,0.66992384
11748,15,1,0.38628516
11749,0,1,0.29043084
11750,1,1,0.44367874
11751,24,1,0.60597205
11752,16,0,0.2955374
11753,23,1,0.34142864
11754,3,0,0.18490446
11755,12,1,0.640404
11756,3,1,0.8134078
11757,15,0,0.20810895
11758,13,0,0.7612506
11759,13,0,0.2901706
11760,13,0,0.29532376
11761,8,0,0.29690263
11762,16,1,0.5199505
11763,8,0,0.22002505
11764,22,1,0.29090366
11765,15,1,0.91246825
11766,17,1,0.54396653
11767,16,0,0.30650407
11768,15,1,0.60848
11769,14,1,0.43179068
11770,13,0,0.46261597
11771,4,1,0.49928138
11772,9,0,0.2561583
11773,5,0,0.7249367
11774,5,0,0.8923817
11775,13,1,0.5558204
11776,1,1,0.3992173
11777,16,0,0.24174128
11778,2,1,0.607532
11779,6,0,0.47664717
11780,24,1,0.394177
11781,1,1,0.6834888
11782,16,1,0.42564368
11783,11,1,0.7091929
11784,24,0,0.3333451
11785,28,0,0.26259714
11786,26,0,0.5707502
11787,26,1,0.67371154
11788,24,0,0.21251367
11789,3,0,0.41114807
11790,20,0,0.49014682
11791,16,1,0.42560524
11792,7,1,0.84810334
11793,2,1,0.2839956
11794,9,1,0.59831804
11795,7,1,0.90951
11796,10,1,0.7775599
11797,19,0,0.45971715
11798,2,1,0.88961756
11799,11,0,0.21713771
11800,19,0,0.6074194
11801,2,0,0.3813152
11802,21,1,0.5423762
11803,1,1,0.8549811
11804,11,1,0.5267691
11805,26,1,0.80278295
11806,4,1,0.79416037
11807,21,0,0.7867686
11808,17,1,0.31886598
11809,10,0,0.50259763
11810,24,0,0.4577342
11811,8,1,0.73161256
11812,7,1,0.6256176
11813,25,1,0.3263298
11814,23,1,0.8930463
11815,18,1,0.44706053
11816,25,1,0.5073747
11817,15,1,0.3901817
11818,17,0,0.28027982
11819,16,0,0.45340613
11820,11,1,0.41821828
11821,11,0,0.4338502
11822,12,1,0.42808935
11823,13,1,0.44129544
11824,5,0,0.21262804
11825,13,1,0.85697013
11826,15,1,0.26719373
11827,21,1,0.27610248
11828,2,1,0.5638958
11829,25,0,0.52769554
11830,4,0,0.32160643
11831,14,0,0.52083474
11832,28,1,0.33635047
11833,17,1,0.315623
11834,5,0,0.43337655
11835,10,0,0.24551752
11836,19,1,0.81948185
11837,13,1,0.6322725
11838,27,0,0.19533823
11839,28,1,0.21396655
11840,10,1,0.5350196
11841,13,0,0.2640561
11842,2,0,0.43171254
11843,2,0,0.26560524
11844,8,1,0.78149146
11845,13,1,0.61069036
11846,11,1,0.6336068
11847,12,0,0.52656627
11848,2,1,0.868239
11849,18,1,0.6988351
11850,11,1,0.66478866
11851,7,0,0.48284048
11852,1,0,0.40213674
11853,17,0,0.25983602
11854,6,0,0.23121707
11855,6,1,0.24392176
11856,26,1,0.82373977
11857,17,1,0.66517055
11858,16,0,0.5411212
11859,7,1,0.36429495
11860,25,0,0.41876206
11861,21,1,0.5497864
11862,19,1,0.2632358
11863,12,0,0.36186776
11864,6,0,0.26785743
11865,20,0,0.22515333
11866,10,0,0.3926537
11867,27,1,0.25155085
11868,1,0,0.24478261
11869,15,1,0.53234
11870,11,1,0.7560909
11871,3,0,0.4157041
11872,22,0,0.5600075
11873,8,0,0.44039303
11874,20,0,0.22547016
11875,23,1,0.3428215
11876,1,0,0.5210187
11877,19,0,0.34498063
11878,11,1,0.49875286
11879,20,1,0.83488107
11880,5,1,0.62637913
11881,11,0,0.78414696
11882,11,0,0.42268294
11883,5,0,0.2799935
11884,19,0,0.27878758
11885,27,1,0.45559964
11886,11,0,0.6309289
11887,15,1,0.62579215
11888,8,1,0.53187555
11889,25,1,0.8266416
11890,9,1,0.85431033
11891,2,0,0.51974636
11892,2,1,0.5825584
11893,8,1,0.7949099
11894,5,1,0.81406075
11895,22,1,0.5228385
11896,18,1,0.4810535
11897,14,0,0.57580996
11898,18,1,0.8489399
11899,16,0,0.821068
11900,16,1,0.40100133
11901,26,0,0.2534296
11902,25,0,0.7461053
11903,20,0,0.4584045
11904,25,1,0.51753324
11905,13,0,0.19621871
11906,26,1,0.88374496
11907,15,0,0.55069226
11908,27,1,0.5820131
11909,15,1,0.72848314
11910,27,0,0.30793098
11911,2,1,0.5580162
11912,12,0,0.2827353
11913,11,1,0.5925011
11914,8,0,0.50243044
11915,10,0,0.5107597
11916,6,0,0.45298126
11917,12,1,0.23312993
11918,11,0,0.5303797
11919,13,0,0.24234977
11920,2,1,0.64304745
11921,24,1,0.5696658
11922,4,0,0.25627443
11923,15,1,0.85462624
11924,1,0,0.2718301
11925,8,0,0.33615592
11926,14,0,0.3251726
11927,25,0,0.23634079
11928,0,0,0.21045296
11929,21,1,0.2532508
11930,16,0,0.53817403
11931,16,0,0.67362285
11932,15,1,0.510656
11933,7,0,0.3093342
11934,16,1,0.5195282
11935,21,1,0.36114544
11936,8,1,0.54373443
11937,28,0,0.35838956
11938,3,0,0.39061782
11939,26,0,0.44355276
11940,12,1,0.6354147
11941,2,1,0.5980414
11942,4,0,0.57803637
11943,8,1,0.8310302
11944,13,0,0.20993094
11945,16,1,0.4685549
11946,13,0,0.4656094
11947,3,0,0.18444334
11948,9,1,0.24183954
11949,25,0,0.18640313
11950,19,0,0.25882417
11951,14,1,0.79478955
11952,23,1,0.63372964
11953,9,1,0.72521627
11954,14,0,0.24771401
11955,24,1,0.8174942
11956,16,1,0.5455628
11957,11,0,0.8455478
11958,28,0,0.88237226
11959,10,1,0.4884567
11960,11,1,0.79154015
11961,13,1,0.22762693
11962,23,0,0.22868629
11963,20,1,0.22843768
11964,1,1,0.41412348
11965,10,0,0.23243193
11966,26,1,0.41879743
11967,16,0,0.48549977
11968,8,0,0.38499472
11969,16,0,0.5214135
11970,12,0,0.49223512
11971,28,1,0.4806144
11972,19,1,0.7774003
11973,13,1,0.48272213
11974,13,0,0.24690743
11975,13,0,0.2714814
11976,2,1,0.2625832
11977,2,0,0.45496178
11978,16,1,0.6986286
11979,20,1,0.8555594
11980,2,0,0.3452496
11981,16,1,0.3857914
11982,20,0,0.38852358
11983,16,0,0.41110665
11984,13,1,0.8750418
11985,10,1,0.609838
11986,13,0,0.42789406
11987,15,1,0.7757511
11988,8,1,0.32624927
11989,13,1,0.6669891
11990,2,0,0.4013576
11991,10,1,0.46895045
11992,9,1,0.7968973
11993,10,1,0.51413876
11994,27,0,0.7220064
11995,15,0,0.27859586
11996,10,1,0.30965027
11997,1,1,0.6115708
11998,28,1,0.49756256
11999,1,1,0.6139843
12000,13,1,0.35321864
12001,11,0,0.2563299
12002,19,1,0.6063343
12003,14,0,0.3296426
12004,16,1,0.70844114
12005,2,1,0.740514
12006,11,0,0.55942076
12007,15,1,0.8118622
12008,21,0,0.34124857
12009,1,0,0.42870325
12010,6,1,0.26389387
12011,19,0,0.52775365
12012,7,1,0.5176596
12013,25,1,0.6328985
12014,22,0,0.6830321
12015,9,0,0.5136571
12016,11,1,0.6550667
12017,6,1,0.91269904
12018,16,0,0.44159892
12019,10,0,0.56486607
12020,11,1,0.6927757
12021,18,1,0.87166286
12022,26,1,0.5411358
12023,0,0,0.4267303
12024,16,0,0.48434424
12025,5,1,0.47905514
12026,15,0,0.20158237
12027,13,1,0.8706064
12028,15,0,0.32262164
12029,10,0,0.3849346
12030,8,1,0.24574898
12031,17,0,0.43528754
12032,1,1,0.88979214
12033,18,1,0.4219783
12034,15,0,0.27632645
12035,13,1,0.6807936
12036,15,0,0.44142854
12037,16,1,0.6141983
12038,20,0,0.59019774
12039,13,0,0.6544136
12040,21,1,0.25241685
12041,27,0,0.37444007
12042,11,1,0.54191965
12043,11,1,0.40440264
12044,12,1,0.49291575
12045,1,1,0.5322533
12046,24,0,0.32528338
12047,13,0,0.50164306
12048,21,1,0.67857665
12049,4,0,0.26939476
12050,10,0,0.32742724
12051,8,1,0.77234304
12052,26,1,0.27588007
12053,3,0,0.56293815
12054,11,1,0.52546996
12055,2,1,0.32534528
12056,2,0,0.28198132
12057,25,0,0.5065294
12058,22,0,0.21739691
12059,11,0,0.27082798
12060,13,1,0.4973087
12061,26,1,0.4255529
12062,13,0,0.27692834
12063,2,1,0.64645815
12064,8,0,0.2517761
12065,26,0,0.5702318
12066,2,0,0.24390292
12067,18,1,0.30229744
12068,0,1,0.38450024
12069,17,1,0.7516743
12070,0,0,0.5514831
12071,10,1,0.64529353
12072,15,0,0.39612865
12073,17,1,0.35860258
12074,11,1,0.20882419
12075,7,0,0.58221555
12076,20,0,0.38269246
12077,17,0,0.6039005
12078,5,0,0.30223054
12079,13,0,0.7457287
12080,11,0,0.28102207
12081,24,1,0.55861765
12082,26,1,0.5300624
12083,24,1,0.6842062
12084,27,1,0.25373068
12085,7,1,0.5323227
12086,27,1,0.7302032
12087,13,0,0.17690301
12088,26,0,0.40587673
12089,10,0,0.20786615
12090,23,0,0.7499764
12091,2,0,0.5005377
12092,10,1,0.915968
12093,7,1,0.6418394
12094,5,0,0.2904775
12095,16,1,0.42759573
12096,22,0,0.33107978
12097,11,1,0.71928775
12098,12,0,0.28663814
12099,6,1,0.68101877
12100,20,0,0.23826957
12101,15,1,0.8126815
12102,14,1,0.43719384
12103,27,1,0.25278673
12104,3,0,0.30476677
12105,13,0,0.19765203
12106,28,1,0.69633853
12107,8,0,0.28121725
12108,13,1,0.53290534
12109,25,0,0.1932756
12110,13,1,0.30875862
12111,2,0,0.54282975
12112,6,0,0.36775145
12113,11,1,0.40543464
12114,26,0,0.41288334
12115,18,0,0.48712212
12116,4,0,0.2704382
12117,26,1,0.8039314
12118,6,0,0.21733643
12119,26,0,0.5452422
12120,27,0,0.4215412
12121,3,0,0.43577385
12122,15,0,0.40082353
12123,16,1,0.61410815
12124,14,1,0.41018182
12125,5,0,0.30554524
12126,1,0,0.4541821
12127,18,1,0.86374617
12128,16,1,0.47481054
12129,26,0,0.2770689
12130,1,1,0.6986751
12131,5,1,0.76382047
12132,25,1,0.689321
12133,15,0,0.24659808
12134,13,1,0.66683865
12135,15,0,0.56853515
12136,14,1,0.8764141
12137,10,0,0.5942131
12138,13,1,0.20044282
12139,6,0,0.35618383
12140,12,1,0.94039476
12141,26,0,0.2730064
12142,22,1,0.49429855
12143,1,1,0.35725445
12144,16,0,0.4529492
12145,20,0,0.36231074
12146,13,0,0.3995184
12147,10,1,0.396824
12148,0,1,0.4905605
12149,5,1,0.7575717
12150,12,0,0.5613092
12151,25,0,0.23632023
12152,25,1,0.6717263
12153,22,1,0.2804907
12154,18,1,0.707821
12155,7,1,0.30500284
12156,2,0,0.5830627
12157,13,0,0.35751045
12158,25,0,0.3556801
12159,26,0,0.44771582
12160,8,1,0.53402776
12161,6,1,0.23599477
12162,2,1,0.71409386
12163,10,0,0.70364004
12164,10,1,0.34154707
12165,12,1,0.59187394
12166,25,0,0.26866916
12167,18,0,0.40649793
12168,16,0,0.47858784
12169,26,0,0.5874361
12170,8,1,0.52655345
12171,15,1,0.57959944
12172,16,0,0.5118188
12173,5,1,0.6149783
12174,16,1,0.43603677
12175,9,0,0.47015706
12176,1,0,0.55469185
12177,7,0,0.24602465
12178,4,0,0.5105705
12179,8,1,0.85703415
12180,7,0,0.27181482
12181,17,1,0.6471056
12182,6,1,0.47302413
12183,26,0,0.54550105
12184,4,0,0.39391384
12185,6,0,0.27665517
12186,26,0,0.27795893
12187,1,1,0.23897664
12188,7,1,0.22411025
12189,2,1,0.8628333
12190,17,1,0.3936579
12191,8,1,0.75543994
12192,9,0,0.29285786
12193,28,0,0.20963688
12194,6,0,0.31670928
12195,17,1,0.49187618
12196,20,0,0.40113595
12197,20,0,0.43570235
12198,0,0,0.3388937
12199,13,1,0.53177047
12200,23,0,0.46180284
12201,19,0,0.528681
12202,22,0,0.42581442
12203,15,0,0.6996358
12204,20,0,0.3883197
12205,18,0,0.40734836
12206,22,0,0.24272728
12207,13,0,0.78958344
12208,17,1,0.5464914
12209,26,1,0.40214792
12210,20,0,0.38035393
12211,11,1,0.5632213
12212,21,0,0.48285806
12213,12,0,0.308556
12214,21,1,0.9165061
12215,1,0,0.3081344
12216,12,0,0.93290895
12217,26,1,0.6232163
12218,16,1,0.40153107
12219,15,1,0.19247733
12220,1,0,0.40096024
12221,14,1,0.5654229
12222,6,0,0.2700283
12223,11,1,0.5346134
12224,17,0,0.2566621
12225,0,0,0.2690175
12226,18,1,0.87619996
12227,24,0,0.5324746
12228,16,0,0.43807158
12229,2,1,0.32253176
12230,20,1,0.5556885
12231,15,1,0.4896066
12232,4,0,0.29738477
12233,27,0,0.58807313
12234,15,1,0.8714411
12235,11,1,0.62620705
12236,9,1,0.5366234
12237,16,0,0.34120694
12238,7,0,0.7733851
12239,25,1,0.8181514
12240,2,0,0.5089933
12241,3,1,0.60785395
12242,14,1,0.51137567
12243,27,1,0.92235625
12244,15,0,0.32341728
12245,15,1,0.30558175
12246,23,0,0.39218462
12247,2,0,0.20544443
12248,12,0,0.4689524
12249,10,1,0.5595494
12250,8,1,0.56523395
12251,11,1,0.79445904
12252,9,0,0.57913274
12253,22,0,0.22981836
12254,27,1,0.5299668
12255,13,0,0.537122
12256,9,1,0.4271898
12257,25,0,0.71368045
12258,13,1,0.72819495
12259,15,0,0.51307976
12260,23,1,0.37911925
12261,2,1,0.7232933
12262,19,1,0.5336601
12263,10,1,0.38157868
12264,6,0,0.54325175
12265,25,0,0.79044837
12266,28,0,0.2652088
12267,16,0,0.37275973
12268,15,0,0.3790632
12269,20,1,0.44679156
12270,5,0,0.40588167
12271,7,1,0.8178493
12272,16,1,0.56660694
12273,1,1,0.8791802
12274,27,0,0.55977416
12275,7,1,0.5235
12276,4,1,0.47931063
12277,1,0,0.2549873
12278,22,1,0.37313503
12279,11,0,0.2610179
12280,3,1,0.7461662
12281,12,1,0.71332806
12282,13,0,0.2588541
12283,6,1,0.64250743
12284,9,0,0.3138717
12285,27,0,0.22855522
12286,10,1,0.4169858
12287,26,0,0.36251634
12288,11,0,0.86004573
12289,3,1,0.8640325
12290,1,0,0.21863511
12291,5,0,0.7802612
12292,17,1,0.37663427
12293,28,1,0.54417133
12294,13,0,0.48705393
12295,8,0,0.84938157
12296,17,1,0.6407223
12297,24,1,0.9158826
12298,16,1,0.5123469
12299,3,0,0.29455593
12300,6,1,0.60133415
12301,20,1,0.7808675
12302,4,1,0.31353903
12303,6,0,0.24735785
12304,27,0,0.5300558
12305,12,0,0.27671507
12306,20,0,0.29036826
12307,1,1,0.45262522
12308,2,1,0.6046969
12309,19,0,0.28453448
12310,5,0,0.25245276
12311,28,0,0.2482069
12312,26,0,0.648898
12313,25,0,0.29053944
12314,1,1,0.61486274
12315,21,1,0.79460764
12316,0,0,0.36317787
12317,22,1,0.23791622
12318,14,0,0.4495865
12319,3,0,0.21891792
12320,10,0,0.24022596
12321,13,1,0.65753627
12322,1,1,0.8309235
12323,1,1,0.81850266
12324,27,0,0.2685392
12325,9,1,0.49275082
12326,11,1,0.7841481
12327,9,1,0.52268964
12328,19,0,0.5212855
12329,20,1,0.573181
12330,13,0,0.47871837
12331,1,1,0.58775073
12332,27,0,0.38919824
12333,16,1,0.46411914
12334,15,0,0.43942723
12335,27,0,0.22654904
12336,23,1,0.900924
12337,14,1,0.25629416
12338,6,0,0.30022132
12339,13,0,0.4303109
12340,16,0,0.68169004
12341,10,0,0.5351277
12342,18,0,0.27873752
12343,25,0,0.5423485
12344,13,1,0.46204957
12345,23,1,0.39024326
12346,12,1,0.2551458
12347,12,0,0.6016141
12348,10,0,0.24260305
12349,10,1,0.5345477
12350,27,0,0.201597
12351,18,0,0.4511226
12352,8,0,0.45688596
12353,17,1,0.48934305
12354,2,0,0.6237645
12355,13,0,0.6428968
12356,20,0,0.73622465
12357,28,1,0.6519095
12358,2,1,0.39323625
12359,17,0,0.2129282
12360,6,1,0.35025397
12361,15,1,0.65093285
12362,17,1,0.54505485
12363,7,0,0.55762875
12364,15,0,0.23706914
12365,8,1,0.46244505
12366,27,0,0.29087958
12367,6,1,0.381691
12368,8,0,0.70296216
12369,15,1,0.37389117
12370,27,0,0.45147568
12371,10,1,0.733262
12372,7,0,0.27104834
12373,25,0,0.4450229
12374,8,0,0.5802004
12375,14,0,0.23490673
12376,9,1,0.6723403
12377,8,0,0.5985816
12378,25,1,0.45110875
12379,19,1,0.6296237
12380,16,0,0.83269304
12381,26,1,0.25792968
12382,4,0,0.37152815
12383,11,0,0.23871724
12384,15,0,0.49510503
12385,14,1,0.72157574
12386,5,1,0.58712316
12387,28,0,0.53068775
12388,8,0,0.4309596
12389,26,1,0.80588454
12390,8,0,0.26164857
12391,1,0,0.3671952
12392,15,0,0.29718474
12393,10,0,0.37869534
12394,1,0,0.28051272
12395,26,0,0.2636195
12396,25,1,0.63354546
12397,11,1,0.50099736
12398,22,1,0.4894191
12399,10,0,0.45489392
12400,24,1,0.57597923
12401,28,1,0.51348174
12402,13,1,0.47574672
12403,6,0,0.31789145
12404,13,0,0.33273342
12405,25,1,0.4109444
12406,19,0,0.32104513
12407,13,1,0.46087682
12408,21,1,0.9249921
12409,4,1,0.9102477
12410,23,1,0.52257687
12411,26,1,0.5604814
12412,25,1,0.48109305
12413,19,0,0.5625019
12414,16,0,0.18676378
12415,0,0,0.33445257
12416,7,0,0.32615948
12417,26,0,0.41621515
12418,3,0,0.37582582
12419,27,1,0.513987
12420,10,1,0.88412404
12421,23,1,0.64754504
12422,21,1,0.4721652
12423,16,1,0.76941043
12424,17,0,0.6378425
12425,11,1,0.56387424
12426,18,1,0.5775932
12427,5,0,0.45909694
12428,15,1,0.51738197
12429,24,0,0.29753694
12430,28,1,0.56340957
12431,19,0,0.3236264
12432,8,1,0.3779822
12433,15,0,0.7824779
12434,1,1,0.27337545
12435,13,0,0.19384706
12436,16,0,0.8230474
12437,16,0,0.3788815
12438,10,0,0.4859133
12439,12,1,0.35880983
12440,4,0,0.3708131
12441,25,1,0.51320773
12442,19,1,0.7948815
12443,2,1,0.91572124
12444,10,0,0.32806078
12445,0,0,0.4410162
12446,27,1,0.88241744
12447,17,0,0.8184609
12448,6,0,0.6296266
12449,10,1,0.600273
12450,22,0,0.2355448
12451,18,1,0.43684864
12452,0,0,0.29673043
12453,15,0,0.66861063
12454,23,0,0.22079319
12455,5,1,0.5104537
12456,16,1,0.37569654
12457,8,0,0.42410642
12458,14,0,0.49953184
12459,25,1,0.24660128
12460,13,0,0.41127047
12461,25,1,0.8574395
12462,1,0,0.23360755
12463,9,0,0.42025355
12464,12,1,0.28351465
12465,17,0,0.5019667
12466,4,1,0.6635057
12467,0,0,0.24088266
12468,13,0,0.47677574
12469,1,0,0.535573
12470,2,0,0.52040404
12471,6,1,0.5217054
12472,28,1,0.44584644
12473,21,1,0.9039845
12474,12,1,0.8317877
12475,9,0,0.48905444
12476,8,0,0.2965538
12477,20,0,0.42149493
12478,23,1,0.44084147
12479,26,1,0.45680737
12480,1,0,0.4185858
12481,27,0,0.32525828
12482,20,1,0.5160895
12483,20,1,0.6064884
12484,25,1,0.5757827
12485,12,1,0.8826398
12486,16,0,0.67735565
12487,7,1,0.4571023
12488,2,0,0.37676775
12489,7,0,0.55855477
12490,16,1,0.5053952
12491,13,1,0.3801719
12492,16,0,0.20835014
12493,16,1,0.23479117
12494,27,1,0.8599389
12495,13,0,0.49024364
12496,8,1,0.33180398
12497,8,0,0.51485395
12498,19,0,0.2965962
12499,10,0,0.46115893
12500,6,1,0.5027499
12501,1,1,0.39181176
12502,20,1,0.5802227
12503,6,1,0.683684
12504,24,1,0.4455564
12505,26,0,0.54397565
12506,21,0,0.5120871
12507,2,0,0.418231
12508,15,0,0.23867288
12509,8,1,0.70347446
12510,20,1,0.41482747
12511,25,1,0.42018506
12512,17,1,0.54705095
12513,23,1,0.64720345
12514,23,1,0.8676605
12515,22,0,0.56635827
12516,4,0,0.35194254
12517,4,1,0.42279714
12518,15,0,0.59913135
12519,17,1,0.8477178
12520,26,0,0.25816327
12521,6,0,0.38965565
12522,25,1,0.45965943
12523,3,1,0.6203344
12524,6,0,0.5571339
12525,13,0,0.24266542
12526,23,1,0.39484861
12527,11,1,0.64766276
12528,0,0,0.29865026
12529,2,0,0.20237564
12530,27,0,0.25857887
12531,15,0,0.6459304
12532,6,1,0.7554362
12533,20,1,0.23801188
12534,1,0,0.20551188
12535,22,0,0.36866817
12536,8,0,0.5485026
12537,2,1,0.65381527
12538,4,0,0.45488104
12539,18,1,0.5781084
12540,3,0,0.42094833
12541,15,0,0.32368866
12542,19,0,0.6238869
12543,24,1,0.79783624
12544,8,1,0.5398041
12545,23,0,0.25253773
12546,1,0,0.48721078
12547,16,1,0.5719483
12548,18,0,0.51835173
12549,21,1,0.6279139
12550,27,1,0.613664
12551,8,1,0.47057462
12552,27,1,0.5068639
12553,16,0,0.25340554
12554,0,0,0.49821433
12555,7,1,0.4691479
12556,10,1,0.48899433
12557,13,0,0.27543855
12558,28,1,0.6024349
12559,11,1,0.38407162
12560,23,0,0.34659705
12561,1,0,0.5993734
12562,26,0,0.26175368
12563,6,0,0.8653367
12564,15,1,0.8215838
12565,13,1,0.23457982
12566,5,0,0.33907446
12567,8,1,0.44564578
12568,4,0,0.33703476
12569,4,0,0.40613225
12570,7,0,0.49347782
12571,10,1,0.22038667
12572,11,0,0.3009707
12573,9,0,0.2312757
12574,24,0,0.3589028
12575,22,1,0.18534923
12576,26,1,0.4904405
12577,10,0,0.24006669
12578,4,1,0.83050466
12579,28,0,0.390055
12580,9,0,0.7884885
12581,1,1,0.3499507
12582,28,0,0.44333398
12583,18,1,0.77346796
12584,12,1,0.48677087
12585,18,0,0.26421788
12586,26,0,0.22410017
12587,16,0,0.3943396
12588,17,0,0.41582894
12589,10,0,0.7658499
12590,0,0,0.48844835
12591,2,1,0.6082701
12592,15,1,0.46466914
12593,16,1,0.45022613
12594,10,1,0.67600954
12595,17,0,0.27061775
12596,16,1,0.8258004
12597,21,0,0.2236354
12598,2,1,0.46234652
12599,2,1,0.83462244
12600,21,0,0.33041096
12601,2,1,0.7753833
12602,13,1,0.83095294
12603,19,0,0.57205886
12604,16,1,0.22441982
12605,20,1,0.4019238
12606,11,1,0.6716348
12607,3,1,0.7130158
12608,10,1,0.246764
12609,1,0,0.5042519
12610,15,1,0.35075912
12611,18,0,0.58498275
12612,3,1,0.5950189
12613,10,0,0.2750723
12614,22,1,0.5771539
12615,20,0,0.37778044
12616,23,0,0.20738769
12617,10,0,0.4932464
12618,18,0,0.30388045
12619,28,0,0.2443011
12620,2,1,0.5368235
12621,27,0,0.20676175
12622,10,0,0.3106383
12623,4,1,0.5514387
12624,14,0,0.23336539
12625,11,0,0.34393033
12626,10,0,0.27930656
12627,12,0,0.66093254
12628,26,0,0.22647773
12629,11,1,0.9282518
12630,14,0,0.5104856
12631,15,0,0.78487283
12632,12,1,0.34233665
12633,7,0,0.70951957
12634,15,1,0.55012494
12635,2,1,0.76492333
12636,0,0,0.5084961
12637,18,0,0.43396968
12638,16,0,0.2066092
12639,26,0,0.84573525
12640,6,0,0.55178124
12641,3,1,0.5977503
12642,2,1,0.7000967
12643,1,0,0.4643928
12644,27,0,0.47630253
12645,15,0,0.48526096
12646,13,0,0.51755357
12647,17,1,0.321753
12648,15,0,0.437755
12649,23,0,0.6599539
12650,2,1,0.280055
12651,11,1,0.6190575
12652,26,1,0.5651983
12653,28,0,0.32933164
12654,11,0,0.39770177
12655,0,1,0.68144375
12656,15,0,0.41288713
12657,2,0,0.20181029
12658,21,0,0.24256697
12659,13,0,0.24830921
12660,10,1,0.91868013
12661,11,1,0.4125234
12662,9,1,0.39684823
12663,4,1,0.47549593
12664,11,1,0.41662854
12665,16,1,0.6954827
12666,22,1,0.46617994
12667,12,0,0.38594472
12668,10,1,0.3988631
12669,25,1,0.8593171
12670,19,0,0.24040844
12671,27,0,0.32765672
12672,8,0,0.48998278
12673,4,0,0.43914223
12674,9,0,0.24491698
12675,26,1,0.82939297
12676,25,1,0.27619794
12677,0,0,0.4035807
12678,26,0,0.8857327
12679,12,1,0.7625126
12680,16,1,0.33601728
12681,13,1,0.30086172
12682,21,0,0.17804633
12683,15,1,0.548378
12684,21,1,0.2295931
12685,11,0,0.37884426
12686,6,1,0.46781865
12687,1,0,0.46966866
12688,11,0,0.49116495
12689,25,1,0.2669579
12690,9,0,0.35238984
12691,15,0,0.21847348
12692,0,0,0.25481582
12693,7,1,0.45449796
12694,8,0,0.23730494
12695,13,1,0.4561524
12696,22,1,0.8299757
12697,8,1,0.43023834
12698,5,0,0.25063428
12699,1,1,0.79742205
12700,17,0,0.3098037
12701,2,1,0.7428167
12702,1,1,0.3940363
12703,7,0,0.68073475
12704,10,1,0.92543364
12705,18,0,0.5058588
12706,1,1,0.85339713
12707,10,0,0.5407568
12708,20,1,0.52093923
12709,12,0,0.5022047
12710,0,1,0.6666276
12711,13,0,0.36352906
12712,8,1,0.53121597
12713,28,1,0.3960728
12714,8,1,0.84363824
12715,13,1,0.9180594
12716,2,1,0.5261497
12717,25,1,0.5300933
12718,25,0,0.4065348
12719,3,0,0.35182127
12720,8,1,0.5402255
12721,25,1,0.39252722
12722,13,1,0.67093605
12723,9,0,0.80805624
12724,16,0,0.5368811
12725,22,0,0.44954255
12726,9,1,0.44966802
12727,4,1,0.6670589
12728,10,0,0.37326854
12729,1,1,0.5917058
12730,22,0,0.57479686
12731,12,0,0.28911024
12732,1,1,0.6754478
12733,25,1,0.8234698
12734,13,0,0.27558678
12735,2,1,0.9268547
12736,0,0,0.26522282
12737,16,0,0.40898636
12738,13,0,0.753248
12739,13,1,0.46981063
12740,16,1,0.25158522
12741,15,1,0.8383006
12742,16,0,0.52781236
12743,10,0,0.3997845
12744,13,0,0.67132926
12745,14,1,0.6315088
12746,17,0,0.2943722
12747,2,0,0.53621334
12748,2,1,0.30885997
12749,22,1,0.30763635
12750,25,1,0.42030677
12751,4,0,0.36334813
12752,18,1,0.2446993
12753,1,0,0.29470098
12754,27,0,0.78232884
12755,20,1,0.47924793
12756,28,1,0.6158637
12757,8,1,0.69645196
12758,13,0,0.5451482
12759,25,0,0.38107246
12760,8,1,0.519785
12761,3,1,0.85579544
12762,11,0,0.41341138
12763,3,0,0.23786834
12764,22,0,0.2239862
12765,11,0,0.3759853
12766,22,0,0.25085378
12767,28,0,0.4841781
12768,21,0,0.24951793
12769,10,0,0.224055
12770,12,1,0.8057853
12771,23,1,0.82965034
12772,2,0,0.44639963
12773,28,1,0.8851768
12774,0,1,0.46742338
12775,16,1,0.6353798
12776,22,0,0.76929784
12777,8,1,0.5377931
12778,19,0,0.55247396
12779,10,0,0.26103917
12780,27,1,0.7178935
12781,4,0,0.5611604
12782,1,1,0.47520998
12783,19,1,0.3987456
12784,1,0,0.5668635
12785,10,0,0.49330094
12786,20,0,0.5629396
12787,10,1,0.44073334
12788,1,0,0.492416
12789,1,1,0.5806042
12790,21,0,0.50299156
12791,1,0,0.53997004
12792,13,1,0.69782925
12793,1,1,0.6002447
12794,14,0,0.33080724
12795,10,1,0.86504334
12796,10,0,0.21875654
12797,16,1,0.8835868
12798,7,0,0.388891
12799,18,1,0.8759148
12800,11,1,0.73170614
12801,8,0,0.6005437
12802,25,1,0.8306681
12803,16,0,0.24720468
12804,16,0,0.5769622
12805,11,1,0.54145503
12806,25,0,0.5804659
12807,18,1,0.23260435
12808,23,0,0.54434824
12809,1,0,0.1802788
12810,27,0,0.5215221
12811,26,1,0.28643683
12812,28,0,0.6393979
12813,25,0,0.27639818
12814,16,1,0.44157967
12815,18,0,0.30709884
12816,25,0,0.25366592
12817,13,0,0.39371195
12818,8,1,0.38504612
12819,19,1,0.37433025
12820,28,1,0.56838423
12821,6,1,0.45854592
12822,15,1,0.77621657
12823,20,0,0.45072332
12824,18,1,0.23616077
12825,15,1,0.7688815
12826,4,1,0.7045594
12827,16,1,0.9039685
12828,1,0,0.24406679
12829,7,1,0.89438236
12830,1,1,0.62584776
12831,16,1,0.8900912
12832,26,1,0.5266722
12833,19,0,0.2686418
12834,27,1,0.65205973
12835,22,0,0.5218957
12836,14,0,0.48897502
12837,1,1,0.5255255
12838,23,1,0.5657163
12839,23,1,0.4598416
12840,19,0,0.21738434
12841,10,1,0.8703858
12842,12,0,0.4474479
12843,5,1,0.21134101
12844,26,0,0.70818377
12845,23,1,0.282784
12846,24,0,0.5193539
12847,21,1,0.8395473
12848,18,1,0.47382653
12849,3,0,0.5016027
12850,2,0,0.60626286
12851,15,1,0.22262703
12852,3,0,0.23543353
12853,1,1,0.4739116
12854,15,1,0.44606015
12855,2,0,0.21581127
12856,1,0,0.49487114
12857,5,1,0.7903142
12858,14,0,0.3261688
12859,4,0,0.290869
12860,18,1,0.8696096
12861,4,0,0.4594687
12862,1,0,0.463856
12863,11,1,0.47291207
12864,15,0,0.4529168
12865,23,1,0.67187077
12866,20,0,0.57521826
12867,11,0,0.42023253
12868,23,1,0.6359067
12869,3,0,0.6328052
12870,4,1,0.6738852
12871,20,1,0.6741877
12872,17,1,0.45714873
12873,15,1,0.5825727
12874,20,1,0.71603495
12875,25,0,0.63716805
12876,14,0,0.27793685
12877,26,0,0.334543
12878,27,0,0.4868398
12879,23,1,0.60604465
12880,11,1,0.69552624
12881,8,0,0.32534635
12882,7,0,0.30252656
12883,12,0,0.2727362
12884,15,0,0.2813307
12885,13,1,0.54291314
12886,11,1,0.6632555
12887,1,0,0.29958746
12888,14,1,0.50469863
12889,2,0,0.4607241
12890,13,1,0.79603446
12891,16,0,0.5259184
12892,6,1,0.2306597
12893,7,0,0.42125747
12894,27,1,0.5254864
12895,25,0,0.48204342
12896,3,0,0.82685935
12897,27,1,0.4204543
12898,7,1,0.46564338
12899,16,1,0.43655774
12900,13,1,0.70337725
12901,1,0,0.23601772
12902,28,0,0.48940623
12903,13,1,0.7583098
12904,4,0,0.33177638
12905,11,1,0.6195696
12906,11,1,0.35450667
12907,7,1,0.3451092
12908,20,1,0.91829276
12909,0,0,0.30549535
12910,7,0,0.64299524
12911,1,0,0.5368077
12912,16,0,0.36579496
12913,23,0,0.41453686
12914,7,0,0.3285368
12915,1,0,0.23176664
12916,11,0,0.5970715
12917,23,0,0.64805734
12918,13,0,0.32451892
12919,26,0,0.62806284
12920,8,1,0.53500366
12921,0,1,0.7247927
12922,23,0,0.54127157
12923,8,1,0.50067323
12924,16,1,0.7429165
12925,28,0,0.256442
12926,17,1,0.5348283
12927,10,0,0.2875392
12928,9,0,0.4365081
12929,0,1,0.25824365
12930,3,1,0.7435533
12931,20,1,0.5554978
12932,24,0,0.5637392
12933,22,1,0.23708747
12934,15,0,0.23248176
12935,22,1,0.7822875
12936,26,1,0.672114
12937,1,0,0.22155923
12938,22,0,0.51914454
12939,12,1,0.87987274
12940,7,0,0.26966822
12941,28,1,0.53460807
12942,20,0,0.24154025
12943,13,0,0.44852272
12944,8,1,0.80826575
12945,15,0,0.678611
12946,19,1,0.2051708
12947,8,0,0.23493184
12948,9,1,0.898976
12949,2,0,0.58373773
12950,15,0,0.72295904
12951,4,1,0.82007086
12952,16,0,0.24488379
12953,11,0,0.59713745
12954,13,0,0.34358156
12955,25,1,0.5291987
12956,18,1,0.5273187
12957,15,0,0.6867342
12958,13,0,0.5582989
12959,25,1,0.6522646
12960,18,1,0.7095562
12961,23,0,0.27121723
12962,13,0,0.48093233
12963,7,1,0.25407666
12964,21,0,0.52466315
12965,25,0,0.4306618
12966,3,0,0.27385363
12967,6,0,0.21373014
12968,23,0,0.36823303
12969,20,0,0.37197113
12970,19,0,0.40493485
12971,7,0,0.22942607
12972,13,1,0.57596856
12973,26,1,0.75317156
12974,8,1,0.6125014
12975,3,0,0.223302
12976,8,0,0.20212539
12977,10,1,0.5612555
12978,18,1,0.7358151
12979,1,1,0.61107695
12980,8,1,0.68178415
12981,14,0,0.46591097
12982,15,1,0.8548513
12983,18,1,0.37384394
12984,16,1,0.8222183
12985,3,0,0.24024762
12986,28,0,0.23145731
12987,25,1,0.42643636
12988,9,1,0.47066945
12989,12,1,0.2752202
12990,13,0,0.20081444
12991,15,0,0.32363358
12992,2,1,0.24960865
12993,28,1,0.89110816
12994,11,0,0.35343716
12995,18,0,0.7410422
12996,26,1,0.30695498
12997,15,0,0.40832645
12998,1,0,0.25071254
12999,18,1,0.7579609
13000,21,1,0.4365496
13001,0,1,0.34484476
13002,22,1,0.495308
13003,8,1,0.500279
13004,26,1,0.5427158
13005,13,0,0.42446652
13006,17,1,0.82958454
13007,24,0,0.555578
13008,18,0,0.18671128
13009,27,1,0.6582347
13010,15,1,0.6399395
13011,7,0,0.23425631
13012,13,1,0.21172656
13013,3,0,0.26656
13014,2,0,0.93286985
13015,7,1,0.45206955
13016,0,0,0.34598094
13017,25,1,0.20064518
13018,25,1,0.7656222
13019,16,0,0.5428139
13020,3,0,0.8366794
13021,17,1,0.6652676
13022,24,1,0.90706706
13023,13,0,0.21710542
13024,16,1,0.7453793
13025,7,1,0.44555128
13026,10,1,0.89340365
13027,26,1,0.55320257
13028,2,1,0.26385424
13029,8,1,0.6244987
13030,28,0,0.38879222
13031,26,0,0.3945234
13032,22,0,0.32032162
13033,17,1,0.24160881
13034,28,1,0.69309086
13035,18,0,0.29586452
13036,20,1,0.55784
13037,4,1,0.8680589
13038,18,0,0.19629343
13039,22,0,0.2570062
13040,18,0,0.42029837
13041,7,0,0.33000186
13042,25,0,0.25771987
13043,14,1,0.41979092
13044,8,0,0.22985427
13045,20,0,0.56995344
13046,25,1,0.6392205
13047,1,0,0.42344347
13048,16,0,0.26050985
13049,26,0,0.48697233
13050,0,1,0.23902562
13051,15,0,0.43992597
13052,1,1,0.5811701
13053,25,1,0.695508
13054,12,0,0.26984823
13055,2,0,0.31541052
13056,6,0,0.5209517
13057,16,0,0.3836958
13058,23,0,0.23278292
13059,5,1,0.5511487
13060,23,1,0.85042554
13061,15,1,0.3673026
13062,14,0,0.42119852
13063,18,0,0.37761843
13064,19,1,0.64302874
13065,1,0,0.4092742
13066,10,0,0.4633007
13067,12,1,0.78863984
13068,1,1,0.5352352
13069,13,1,0.53887445
13070,20,1,0.5362641
13071,16,0,0.29181564
13072,27,0,0.25752997
13073,21,0,0.2241944
13074,17,0,0.4123977
13075,7,1,0.27002224
13076,11,1,0.30667418
13077,14,1,0.37010875
13078,10,1,0.5700821
13079,11,0,0.45147565
13080,8,0,0.4218808
13081,16,0,0.70326793
13082,0,0,0.2513222
13083,25,1,0.7850913
13084,18,1,0.5937225
13085,6,0,0.7367554
13086,13,1,0.233531
13087,9,1,0.90057534
13088,0,1,0.55658567
13089,16,1,0.6803754
13090,3,1,0.8019888
13091,10,1,0.5793986
13092,14,1,0.38418508
13093,8,0,0.54420584
13094,8,1,0.5396567
13095,15,0,0.2004087
13096,28,1,0.86968756
13097,14,1,0.31325567
13098,16,0,0.47320297
13099,8,0,0.7306181
13100,3,0,0.3910939
13101,27,0,0.64875317
13102,23,0,0.24760711
13103,12,1,0.3550361
13104,24,0,0.36182597
13105,14,1,0.81077474
13106,15,0,0.32803702
13107,13,1,0.36503145
13108,14,1,0.65737015
13109,12,0,0.630997
13110,0,0,0.74958426
13111,16,0,0.5218799
13112,16,1,0.85858154
13113,8,0,0.54226464
13114,5,1,0.26033458
13115,16,1,0.4394806
13116,20,1,0.4748694
13117,2,1,0.58013916
13118,16,1,0.21721984
13119,8,1,0.21798548
13120,16,1,0.8258087
13121,10,1,0.62985575
13122,9,0,0.517619
13123,20,0,0.2520645
13124,11,0,0.48317978
13125,12,1,0.64006114
13126,14,0,0.43290576
13127,7,0,0.2557819
13128,1,0,0.33194998
13129,13,0,0.57931507
13130,19,1,0.5994335
13131,22,1,0.41573972
13132,16,0,0.25310764
13133,12,1,0.2060582
13134,18,0,0.8635476
13135,21,0,0.36842373
13136,8,0,0.57844
13137,15,1,0.65947336
13138,10,1,0.6204009
13139,11,1,0.4078051
13140,17,1,0.42331028
13141,19,1,0.88263255
13142,25,1,0.8380227
13143,10,1,0.3618098
13144,3,1,0.36455148
13145,15,1,0.5150797
13146,24,0,0.58252877
13147,13,0,0.22882956
13148,2,1,0.21601573
13149,10,1,0.5300809
13150,22,1,0.21134707
13151,1,1,0.8194511
13152,28,1,0.22265564
13153,12,0,0.45825085
13154,15,0,0.6870737
13155,3,1,0.38758284
13156,28,0,0.4379137
13157,23,0,0.19216959
13158,24,1,0.43181857
13159,23,1,0.6336378
13160,5,0,0.6408175
13161,10,1,0.8980909
13162,14,1,0.77067304
13163,9,0,0.48956192
13164,4,0,0.3274553
13165,15,1,0.65170974
13166,11,0,0.22336636
13167,4,1,0.5259072
13168,4,0,0.5235277
13169,2,1,0.8950248
13170,5,0,0.22334772
13171,21,0,0.22093247
13172,26,1,0.52400815
13173,2,1,0.50578195
13174,19,0,0.23883203
13175,8,1,0.8405764
13176,8,0,0.68130565
13177,13,1,0.8445968
13178,14,0,0.32956132
13179,24,0,0.33897245
13180,11,0,0.43485186
13181,27,0,0.26376542
13182,8,0,0.2820269
13183,3,1,0.55880576
13184,20,0,0.18988346
13185,14,0,0.22993039
13186,10,0,0.538884
13187,1,0,0.40846938
13188,10,1,0.8800926
13189,1,1,0.48708925
13190,22,1,0.7072265
13191,15,0,0.5350242
13192,6,1,0.7739853
13193,25,0,0.2775854
13194,20,0,0.44364536
13195,2,0,0.40611795
13196,17,1,0.5197067
13197,9,1,0.5816866
13198,13,0,0.81432265
13199,8,0,0.5749621
13200,6,1,0.8258574
13201,25,0,0.3417741
13202,21,0,0.6143006
13203,1,0,0.43202284
13204,8,0,0.4131425
13205,21,0,0.33576593
13206,12,1,0.54344517
13207,22,1,0.6406363
13208,22,0,0.57670563
13209,25,0,0.197748
13210,15,0,0.36146826
13211,27,1,0.3989337
13212,14,1,0.6077683
13213,12,1,0.85909384
13214,26,1,0.88894606
13215,11,0,0.26378906
13216,15,1,0.5348497
13217,1,0,0.22503872
13218,4,0,0.73815244
13219,8,0,0.1793015
13220,7,0,0.23837595
13221,22,1,0.5369669
13222,15,1,0.7231081
13223,20,0,0.26781923
13224,28,0,0.47024435
13225,13,0,0.38906202
13226,7,0,0.5187487
13227,28,1,0.5689033
13228,26,1,0.90258074
13229,5,0,0.3716881
13230,4,1,0.88009834
13231,8,1,0.5576279
13232,14,0,0.24729899
13233,27,0,0.2377567
13234,10,0,0.3705969
13235,26,0,0.48978063
13236,16,0,0.41623458
13237,20,0,0.31032807
13238,8,1,0.55431366
13239,16,0,0.39892918
13240,11,0,0.4982434
13241,12,0,0.31115383
13242,13,0,0.45226228
13243,7,1,0.53918254
13244,6,1,0.28806746
13245,10,0,0.2634176
13246,3,0,0.25770804
13247,2,1,0.6021487
13248,15,0,0.23639348
13249,18,1,0.70294285
13250,12,0,0.5750983
13251,15,1,0.76136386
13252,19,0,0.20395695
13253,13,0,0.26248312
13254,1,0,0.51695526
13255,6,1,0.23948325
13256,17,0,0.3038633
13257,16,1,0.77382725
13258,19,0,0.45356616
13259,4,0,0.19513048
13260,16,0,0.29583225
13261,16,0,0.38038275
13262,12,1,0.52515745
13263,2,0,0.2670326
13264,26,0,0.3878135
13265,2,0,0.4516898
13266,4,1,0.78349805
13267,22,1,0.5697333
13268,9,0,0.21562576
13269,15,1,0.8634649
13270,17,0,0.4402271
13271,4,1,0.4216804
13272,1,1,0.76519066
13273,25,1,0.54848355
13274,26,0,0.43788177
13275,20,1,0.7798476
13276,26,0,0.35218316
13277,20,1,0.6323494
13278,12,1,0.77999014
13279,8,0,0.4815101
13280,6,0,0.580663
13281,2,1,0.52217114
13282,11,1,0.59218645
13283,25,1,0.2641797
13284,15,0,0.68274444
13285,8,1,0.19912314
13286,10,1,0.5670223
13287,27,1,0.44257224
13288,16,0,0.19375966
13289,4,1,0.19457401
13290,15,0,0.3511507
13291,3,0,0.56815517
13292,9,0,0.24489042
13293,11,0,0.21766602
13294,8,1,0.25536555
13295,8,1,0.68392134
13296,17,0,0.49734354
13297,27,1,0.91010123
13298,10,0,0.6889062
13299,8,0,0.5726888
13300,16,1,0.91501933
13301,28,1,0.80616313
13302,11,1,0.69182295
13303,5,0,0.21271093
13304,16,0,0.5272757
13305,17,1,0.53079987
13306,23,0,0.38576946
13307,9,0,0.56465423
13308,2,0,0.39024448
13309,9,1,0.797975
13310,1,0,0.23109558
13311,6,1,0.69002986
13312,25,0,0.25411665
13313,25,0,0.5713487
13314,19,1,0.4970661
13315,24,0,0.3032118
13316,12,1,0.6601706
13317,11,0,0.31745166
13318,12,1,0.74556327
13319,20,0,0.5325336
13320,20,1,0.5758082
13321,9,0,0.34292236
13322,17,0,0.24999529
13323,9,0,0.31749323
13324,1,0,0.30638403
13325,14,1,0.84092176
13326,24,0,0.24589443
13327,2,1,0.28196082
13328,13,0,0.26532266
13329,19,1,0.9337258
13330,12,0,0.5030649
13331,8,0,0.28735638
13332,15,1,0.30992913
13333,10,1,0.5537779
13334,17,0,0.3967501
13335,15,1,0.4563687
13336,21,0,0.35085413
13337,5,1,0.5539496
13338,21,0,0.48752734
13339,2,1,0.52334756
13340,10,1,0.673942
13341,27,1,0.36870626
13342,7,1,0.42671227
13343,16,0,0.36596438
13344,8,1,0.8078604
13345,10,1,0.57848525
13346,16,1,0.26173028
13347,25,1,0.5797403
13348,10,0,0.48770592
13349,6,1,0.6007282
13350,21,1,0.3339462
13351,8,0,0.25525224
13352,2,0,0.5292
13353,2,0,0.25980937
13354,7,0,0.4280164
13355,9,0,0.23800457
13356,1,0,0.59999055
13357,18,0,0.2765005
13358,17,0,0.23896448
13359,13,1,0.8228588
13360,1,0,0.49565542
13361,4,0,0.71382904
13362,10,0,0.19428146
13363,12,1,0.4844859
13364,1,1,0.42998552
13365,7,1,0.7445132
13366,23,1,0.37913764
13367,12,1,0.6305379
13368,15,0,0.50947714
13369,19,1,0.5009221
13370,2,1,0.65309954
13371,15,1,0.57009023
13372,4,0,0.5139768
13373,10,0,0.42961195
13374,8,1,0.31181988
13375,10,1,0.42012292
13376,13,0,0.6141573
13377,1,1,0.5642174
13378,8,1,0.21189325
13379,16,1,0.62535775
13380,3,0,0.35492957
13381,0,1,0.292685
13382,13,1,0.40048414
13383,24,0,0.5623859
13384,13,1,0.5652128
13385,0,1,0.66359025
13386,6,0,0.2474779
13387,13,0,0.73831606
13388,26,1,0.48279324
13389,3,1,0.75026315
13390,14,1,0.7164165
13391,20,0,0.27090916
13392,8,1,0.49679723
13393,19,0,0.26666632
13394,2,0,0.4466729
13395,0,1,0.44088164
13396,20,1,0.2803139
13397,15,1,0.82519263
13398,13,1,0.61668134
13399,2,1,0.42723027
13400,27,0,0.41043296
13401,22,1,0.73879755
13402,15,0,0.5622877
13403,9,0,0.6677713
13404,21,0,0.48261824
13405,19,0,0.603306
13406,26,0,0.8706937
13407,21,1,0.22368667
13408,8,1,0.51368916
13409,1,0,0.5377172
13410,16,0,0.27247098
13411,25,0,0.20735705
13412,26,1,0.504345
13413,28,1,0.52503467
13414,17,1,0.63374376
13415,12,0,0.35202646
13416,14,1,0.28120634
13417,11,1,0.8545897
13418,12,1,0.26804045
13419,0,0,0.41069093
13420,14,1,0.21344166
13421,13,0,0.42989385
13422,16,1,0.51584935
13423,8,1,0.58134055
13424,14,1,0.2193067
13425,10,1,0.84268624
13426,11,0,0.24161327
13427,13,0,0.71355516
13428,0,0,0.7943371
13429,26,0,0.20602833
13430,6,1,0.5188709
13431,3,1,0.86915064
13432,9,1,0.7943768
13433,24,1,0.41751385
13434,16,1,0.26619714
13435,12,0,0.44061074
13436,1,0,0.48740113
13437,13,1,0.89763534
13438,5,0,0.5600939
13439,16,0,0.24494924
13440,25,0,0.5951896
13441,26,1,0.47412607
13442,15,0,0.57060945
13443,8,0,0.47108147
13444,17,0,0.22288345
13445,21,1,0.510396
13446,20,1,0.2384992
13447,18,1,0.92512417
13448,0,1,0.23622955
13449,2,0,0.36580718
13450,2,1,0.22177337
13451,10,1,0.8412554
13452,10,0,0.5703221
13453,28,0,0.2997651
13454,7,1,0.77397406
13455,25,1,0.66472965
13456,26,0,0.5904977
13457,27,1,0.889493
13458,1,0,0.27791828
13459,26,0,0.22926955
13460,3,0,0.19992429
13461,25,1,0.81810457
13462,24,0,0.41318992
13463,27,0,0.3918758
13464,14,1,0.83792156
13465,0,1,0.60822475
13466,19,0,0.23146872
13467,12,1,0.54637545
13468,26,1,0.8628576
13469,7,0,0.21591687
13470,1,1,0.45863488
13471,8,1,0.6810107
13472,28,0,0.21812715
13473,16,0,0.49612355
13474,4,0,0.47029898
13475,22,1,0.19344547
13476,8,0,0.43964714
13477,25,1,0.8049647
13478,28,0,0.19823468
13479,22,1,0.7158801
13480,10,0,0.40902233
13481,6,1,0.57471687
13482,9,1,0.50745
13483,17,1,0.29045695
13484,27,0,0.31737274
13485,10,1,0.8401925
13486,24,1,0.88158506
13487,17,1,0.4613464
13488,23,1,0.25382113
13489,27,1,0.56693476
13490,14,1,0.8609162
13491,15,1,0.34849668
13492,1,0,0.4830765
13493,22,1,0.5249687
13494,6,1,0.32108876
13495,8,0,0.2273408
13496,14,0,0.4827258
13497,6,0,0.37168938
13498,10,0,0.6955915
13499,11,0,0.20218034
13500,26,0,0.42729136
13501,8,1,0.4492656
13502,21,0,0.2767611
13503,16,1,0.2503322
13504,16,0,0.56657577
13505,27,1,0.8296348
13506,7,0,0.6713097
13507,7,1,0.18760455
13508,12,1,0.55241996
13509,18,0,0.28077182
13510,28,0,0.41521013
13511,26,1,0.46358144
13512,18,1,0.93235433
13513,14,1,0.25901178
13514,24,0,0.59126014
13515,21,1,0.2655359
13516,10,1,0.5239063
13517,20,0,0.30047268
13518,25,0,0.5519819
13519,21,1,0.5203635
13520,16,0,0.4467713
13521,1,0,0.2406849
13522,14,1,0.5853606
13523,1,0,0.30548623
13524,15,1,0.36931524
13525,25,0,0.47202504
13526,11,1,0.27310744
13527,25,0,0.512289
13528,13,1,0.84248805
13529,8,0,0.5467422
13530,2,1,0.39128107
13531,14,0,0.63601077
13532,15,0,0.25611225
13533,28,1,0.47292835
13534,4,0,0.24237442
13535,3,0,0.35728055
13536,16,1,0.4197328
13537,1,0,0.5718756
13538,1,0,0.2679943
13539,13,0,0.7022024
13540,1,1,0.33185133
13541,8,0,0.7266121
13542,1,0,0.4413169
13543,10,0,0.1930719
13544,2,0,0.35786533
13545,14,1,0.46177405
13546,18,0,0.21269655
13547,22,0,0.23455332
13548,10,0,0.25585547
13549,19,0,0.29450133
13550,13,0,0.60267925
13551,25,1,0.5304161
13552,2,1,0.21363884
13553,14,0,0.3089813
13554,15,1,0.8406839
13555,2,1,0.34198573
13556,10,1,0.9368954
13557,8,1,0.60914415
13558,19,0,0.24618205
13559,13,1,0.40515125
13560,24,0,0.44866365
13561,9,1,0.8903682
13562,4,1,0.27459317
13563,20,0,0.6171265
13564,12,0,0.74671644
13565,11,0,0.51717335
13566,21,1,0.5863508
13567,20,1,0.26579842
13568,1,1,0.30067956
13569,27,1,0.43210226
13570,13,0,0.32393476
13571,13,0,0.5267139
13572,14,1,0.4792501
13573,28,0,0.35907432
13574,22,0,0.3650989
13575,16,0,0.48596618
13576,26,1,0.8227457
13577,14,1,0.49698183
13578,25,1,0.787304
13579,6,0,0.3000343
13580,15,1,0.52735174
13581,12,1,0.7695178
13582,27,0,0.54012966
13583,10,1,0.33289096
13584,13,0,0.41762158
13585,22,0,0.3999711
13586,16,0,0.28961894
13587,13,1,0.6967317
13588,8,0,0.5053969
13589,20,0,0.24589452
13590,15,0,0.28906047
13591,6,1,0.888408
13592,0,1,0.8610255
13593,12,0,0.49499348
13594,2,1,0.51701224
13595,20,0,0.24712603
13596,15,0,0.22607575
13597,15,1,0.56040466
13598,2,1,0.62456673
13599,12,0,0.42045143
13600,3,0,0.45339513
13601,11,1,0.8031903
13602,26,0,0.74587506
13603,10,0,0.2590909
13604,17,0,0.23266515
13605,13,0,0.2702055
13606,25,0,0.5973501
13607,10,1,0.7151145
13608,25,0,0.43454337
13609,11,1,0.9004308
13610,3,0,0.4250105
13611,9,1,0.80681026
13612,3,0,0.35741016
13613,26,0,0.54140854
13614,16,1,0.48130947
13615,13,0,0.55999327
13616,9,0,0.57749224
13617,15,1,0.82109123
13618,18,1,0.61065066
13619,2,1,0.3844985
13620,14,0,0.3914398
13621,11,0,0.32166016
13622,18,0,0.42611408
13623,3,0,0.4400779
13624,16,0,0.36647758
13625,24,1,0.3140001
13626,19,1,0.85988
13627,21,0,0.5247108
13628,25,1,0.28458515
13629,16,1,0.56598604
13630,23,1,0.28218463
13631,19,1,0.30375192
13632,2,1,0.90665257
13633,21,0,0.5388263
13634,5,1,0.59862304
13635,1,1,0.46712342
13636,11,0,0.39819136
13637,8,1,0.5152634
13638,4,0,0.67871696
13639,22,0,0.24073231
13640,21,1,0.52523607
13641,20,0,0.5283417
13642,12,0,0.39557746
13643,12,1,0.76176023
13644,10,1,0.24116755
13645,13,0,0.78686666
13646,13,1,0.29581586
13647,17,0,0.6137408
13648,9,0,0.5958223
13649,13,0,0.36240414
13650,12,0,0.5639879
13651,5,0,0.23501873
13652,15,0,0.40373504
13653,0,1,0.27185395
13654,25,0,0.36248583
13655,25,0,0.4895707
13656,11,0,0.3804329
13657,16,1,0.647529
13658,16,0,0.28059593
13659,1,1,0.55079854
13660,0,0,0.5062152
13661,1,1,0.24156156
13662,6,1,0.28336373
13663,19,1,0.5410517
13664,14,1,0.55415106
13665,13,0,0.43604937
13666,12,1,0.50286216
13667,20,0,0.21550925
13668,13,0,0.24185273
13669,26,1,0.33434767
13670,13,0,0.47660032
13671,24,1,0.7680204
13672,20,1,0.6670149
13673,12,0,0.9093624
13674,0,0,0.32385978
13675,28,1,0.90318984
13676,9,1,0.65785754
13677,1,1,0.3272558
13678,19,0,0.32193533
13679,3,0,0.25232285
13680,1,1,0.61762375
13681,16,1,0.3987545
13682,20,1,0.23747481
13683,9,1,0.7766389
13684,14,0,0.2714156
13685,25,0,0.24106063
13686,10,1,0.4341366
13687,13,1,0.59086835
13688,2,0,0.21719298
13689,1,1,0.67176324
13690,12,1,0.6578254
13691,3,1,0.6507767
13692,1,0,0.4377507
13693,26,0,0.41865626
13694,27,1,0.5162957
13695,2,1,0.49288088
13696,15,1,0.7860906
13697,17,0,0.87724024
13698,2,1,0.38195565
13699,6,1,0.5573552
13700,16,1,0.24440673
13701,10,1,0.41637492
13702,12,1,0.45064616
13703,12,0,0.26316243
13704,10,0,0.26517972
13705,12,1,0.2553713
13706,2,1,0.3818094
13707,18,0,0.9079636
13708,16,1,0.5349797
13709,25,0,0.35924906
13710,2,1,0.46813434
13711,12,1,0.5994365
13712,2,1,0.53090346
13713,0,0,0.5467759
13714,13,0,0.32708073
13715,14,1,0.6249335
13716,13,1,0.55549717
13717,6,1,0.3678402
13718,22,0,0.25322005
13719,16,1,0.83912724
13720,6,1,0.45558876
13721,19,1,0.499506
13722,10,0,0.64880556
13723,23,0,0.20880234
13724,25,1,0.5008069
13725,26,0,0.35098907
13726,7,1,0.5635342
13727,2,0,0.5125507
13728,7,1,0.7876388
13729,14,0,0.26715225
13730,25,0,0.2496485
13731,5,1,0.8691449
13732,8,1,0.20327055
13733,26,1,0.62707883
13734,21,1,0.35585183
13735,11,1,0.5679611
13736,22,0,0.4465719
13737,2,0,0.6117501
13738,12,1,0.88376534
13739,9,0,0.44880602
13740,2,0,0.23084672
13741,10,1,0.44006506
13742,25,1,0.6262838
13743,13,1,0.5329289
13744,1,0,0.26858586
13745,15,1,0.36809003
13746,19,1,0.53658295
13747,7,0,0.49657354
13748,25,1,0.8820679
13749,12,1,0.3648139
13750,9,1,0.4370417
13751,0,0,0.49109668
13752,4,0,0.33878413
13753,17,1,0.9191818
13754,8,1,0.6381271
13755,10,0,0.55356604
13756,17,0,0.23257902
13757,24,0,0.28631818
13758,26,0,0.43950137
13759,1,0,0.5340267
13760,22,0,0.39475608
13761,9,1,0.7416992
13762,11,1,0.56828314
13763,28,1,0.38083968
13764,15,1,0.536044
13765,19,1,0.8741493
13766,3,1,0.5022261
13767,16,0,0.57883364
13768,20,0,0.30649692
13769,12,0,0.22102426
13770,15,0,0.22808166
13771,9,0,0.37491888
13772,8,1,0.35895154
13773,21,1,0.21289206
13774,17,0,0.473131
13775,27,0,0.33082858
13776,2,1,0.49597222
13777,16,0,0.27029502
13778,3,0,0.45262071
13779,28,1,0.8618817
13780,28,1,0.88480294
13781,11,1,0.37928686
13782,18,0,0.7466812
13783,11,0,0.7560174
13784,15,1,0.570674
13785,28,1,0.5378054
13786,23,0,0.37627348
13787,23,0,0.21837454
13788,0,1,0.46012923
13789,7,0,0.2282849
13790,27,0,0.43209258
13791,13,1,0.30246264
13792,15,1,0.66796094
13793,17,1,0.5986278
13794,22,1,0.52348864
13795,25,0,0.1977299
13796,16,0,0.5246302
13797,14,1,0.759155
13798,4,0,0.5178138
13799,8,0,0.3600983
13800,13,0,0.29721126
13801,2,0,0.28703132
13802,20,1,0.8411494
13803,15,1,0.5461425
13804,13,1,0.38673675
13805,8,1,0.52161384
13806,6,0,0.4506005
13807,18,0,0.51598257
13808,1,0,0.61994743
13809,8,0,0.4330771
13810,1,1,0.62179327
13811,17,0,0.8675203
13812,14,0,0.42670998
13813,26,0,0.40722576
13814,16,0,0.2510711
13815,26,0,0.6613522
13816,18,0,0.21669604
13817,13,1,0.45332873
13818,3,1,0.28590316
13819,19,0,0.22519457
13820,14,0,0.34694535
13821,23,0,0.30995557
13822,15,0,0.22503094
13823,21,1,0.44360837
13824,15,1,0.5837816
13825,23,0,0.4002668
13826,15,1,0.43669805
13827,1,0,0.6668937
13828,13,0,0.3698003
13829,4,1,0.69105923
13830,7,1,0.5541907
13831,25,1,0.54915124
13832,15,0,0.2779845
13833,15,1,0.6999468
13834,1,1,0.68244106
13835,6,0,0.2139445
13836,13,0,0.40994117
13837,27,1,0.36650324
13838,10,1,0.49435842
13839,13,1,0.64364064
13840,27,0,0.4940028
13841,1,1,0.52663654
13842,25,0,0.5562631
13843,26,0,0.3427116
13844,21,1,0.46874532
13845,4,0,0.5590073
13846,11,0,0.39279997
13847,21,1,0.608996
13848,20,0,0.21606585
13849,1,1,0.41969597
13850,0,1,0.5347467
13851,26,0,0.3414037
13852,8,1,0.40530685
13853,17,1,0.4150287
13854,14,0,0.21226351
13855,0,0,0.75175375
13856,10,1,0.80316633
13857,4,1,0.3026919
13858,11,1,0.8952469
13859,2,0,0.36072427
13860,15,1,0.8469912
13861,10,1,0.7404616
13862,25,0,0.68525344
13863,0,1,0.8487987
13864,16,1,0.29514328
13865,13,1,0.8785434
13866,24,1,0.4259205
13867,15,0,0.47382623
13868,8,1,0.7210386
13869,9,0,0.33521223
13870,16,0,0.25314033
13871,27,0,0.315122
13872,7,1,0.86821586
13873,16,1,0.8525665
13874,20,1,0.60015315
13875,2,1,0.48307782
13876,16,0,0.27386257
13877,11,1,0.31372136
13878,8,1,0.5524554
13879,16,1,0.56604165
13880,11,0,0.26198906
13881,19,1,0.5545716
13882,21,0,0.27191114
13883,15,0,0.5230499
13884,19,1,0.3719768
13885,9,1,0.91671044
13886,24,0,0.24905859
13887,22,1,0.78924805
13888,8,1,0.6549763
13889,25,1,0.82896584
13890,28,0,0.35289618
13891,13,0,0.41006017
13892,25,1,0.60880804
13893,2,1,0.55325735
13894,22,1,0.75149757
13895,18,0,0.28727695
13896,27,0,0.78201985
13897,28,1,0.36735
13898,8,0,0.45566845
13899,18,0,0.56301665
13900,5,1,0.47944263
13901,6,0,0.49455142
13902,17,1,0.5229411
13903,22,1,0.44226098
13904,13,0,0.25509265
13905,16,0,0.32927367
13906,1,1,0.28761476
13907,2,1,0.5431366
13908,3,0,0.40334687
13909,13,1,0.526968
13910,1,1,0.9170964
13911,26,0,0.5489361
13912,0,0,0.35032248
13913,13,0,0.4564688
13914,15,0,0.23394252
13915,1,1,0.42062944
13916,25,1,0.5024654
13917,12,1,0.8536421
13918,2,1,0.8293223
13919,25,1,0.4056757
13920,20,0,0.25888595
13921,2,1,0.3998627
13922,27,0,0.19679858
13923,22,0,0.60846347
13924,13,1,0.4625474
13925,21,0,0.40517738
13926,5,0,0.39842942
13927,13,0,0.33068073
13928,9,1,0.24496557
13929,12,0,0.38343057
13930,26,1,0.81372833
13931,13,0,0.24948439
13932,3,1,0.87736243
13933,16,0,0.23849057
13934,13,1,0.76895064
13935,9,1,0.31036052
13936,20,0,0.24693014
13937,16,1,0.5655947
13938,16,1,0.42365307
13939,16,1,0.23530336
13940,22,1,0.73787946
13941,14,1,0.74416536
13942,28,1,0.485675
13943,15,1,0.84475255
13944,8,0,0.28826278
13945,8,1,0.4981264
13946,10,1,0.8085744
13947,12,0,0.65459657
13948,16,1,0.68709666
13949,15,1,0.5717806
13950,11,1,0.35830206
13951,13,1,0.5568741
13952,13,0,0.5740695
13953,13,1,0.3570064
13954,10,1,0.764984
13955,25,1,0.39050743
13956,6,1,0.8755396
13957,12,1,0.8359237
13958,5,1,0.85164183
13959,2,1,0.8537573
13960,16,0,0.24847296
13961,10,1,0.5166158
13962,28,1,0.5528503
13963,13,1,0.5776886
13964,1,0,0.657858
13965,1,0,0.5176897
13966,16,0,0.34423697
13967,8,1,0.46895564
13968,26,1,0.6410383
13969,17,0,0.49412587
13970,4,0,0.3845183
13971,13,1,0.3686274
13972,1,0,0.21569777
13973,15,1,0.26326057
13974,10,1,0.7638216
13975,10,0,0.68296915
13976,14,0,0.1845894
13977,0,0,0.44950268
13978,10,1,0.51134336
13979,6,0,0.5951219
13980,16,1,0.2937309
13981,17,1,0.7912869
13982,13,1,0.4933246
13983,9,1,0.40029705
13984,7,1,0.37547767
13985,13,1,0.82038754
13986,11,1,0.92771685
13987,15,0,0.25333408
13988,11,0,0.33486608
13989,8,1,0.65154684
13990,10,1,0.47054738
13991,4,1,0.24970762
13992,18,1,0.63165766
13993,22,0,0.33154738
13994,8,0,0.52924424
13995,21,1,0.5881497
13996,22,0,0.6699085
13997,26,1,0.33868575
13998,6,0,0.34811547
13999,1,1,0.57470125
14000,20,1,0.57374775
14001,3,1,0.53143716
14002,6,1,0.59423923
14003,19,0,0.24019319
14004,26,0,0.21820062
14005,17,0,0.33056882
14006,16,1,0.30075887
14007,1,0,0.694459
14008,12,0,0.35824692
14009,8,1,0.5995275
14010,26,0,0.31520444
14011,14,0,0.4594115
14012,9,1,0.717947
14013,3,1,0.5742042
14014,11,1,0.8716205
14015,16,0,0.22517756
14016,27,1,0.41938686
14017,27,1,0.5833443
14018,12,0,0.30879614
14019,12,0,0.21224709
14020,12,1,0.8551678
14021,14,1,0.8995077
14022,3,1,0.564741
14023,25,0,0.40876228
14024,18,0,0.26220495
14025,14,1,0.64049363
14026,13,0,0.48257062
14027,13,0,0.3280873
14028,6,1,0.5945798
14029,1,0,0.31016937
14030,25,1,0.63430655
14031,10,0,0.53258705
14032,16,0,0.40325287
14033,4,0,0.5039049
14034,27,0,0.7282491
14035,3,0,0.76180446
14036,17,0,0.5205896
14037,24,1,0.55926174
14038,3,1,0.25889292
14039,13,1,0.63251704
14040,16,0,0.40539896
14041,28,1,0.70147836
14042,6,1,0.45785955
14043,21,1,0.3098418
14044,19,0,0.23874067
14045,15,1,0.27470702
14046,25,0,0.49323145
14047,10,1,0.5947174
14048,8,0,0.49152884
14049,16,0,0.48007187
14050,4,0,0.5093219
14051,0,1,0.39185238
14052,10,0,0.20792101
14053,11,0,0.5291289
14054,10,0,0.34997308
14055,10,1,0.78927433
14056,27,1,0.7124132
14057,0,1,0.31095588
14058,13,1,0.9111386
14059,27,1,0.5510781
14060,25,1,0.46537882
14061,13,1,0.91831064
14062,17,1,0.8691509
14063,23,1,0.37776423
14064,25,1,0.24762045
14065,24,0,0.47313094
14066,7,1,0.37439904
14067,0,1,0.5165869
14068,10,0,0.7213255
14069,22,1,0.31022036
14070,25,1,0.7912335
14071,6,1,0.5319823
14072,10,0,0.4653999
14073,3,0,0.37620807
14074,10,0,0.46827123
14075,6,0,0.3475095
14076,4,1,0.38789657
14077,23,1,0.6096749
14078,2,0,0.5182523
14079,13,1,0.6543756
14080,26,1,0.24650076
14081,26,0,0.3015491
14082,19,1,0.76011974
14083,16,0,0.28668126
14084,15,0,0.39641201
14085,12,0,0.34795174
14086,26,1,0.6019596
14087,26,0,0.18699099
14088,13,0,0.41977164
14089,2,1,0.5116105
14090,2,1,0.5267635
14091,26,0,0.29942772
14092,16,0,0.55534345
14093,7,0,0.2501876
14094,8,1,0.79339546
14095,25,0,0.23594172
14096,18,0,0.341882
14097,13,1,0.90806067
14098,16,0,0.5726635
14099,16,1,0.45760167
14100,11,1,0.5838177
14101,0,1,0.5163071
14102,20,1,0.89149845
14103,10,0,0.26107606
14104,18,0,0.2833049
14105,19,0,0.80467135
14106,3,1,0.6162293
14107,26,0,0.82150376
14108,13,1,0.5582703
14109,14,1,0.67710537
14110,13,1,0.2943758
14111,15,0,0.278903
14112,4,0,0.8280672
14113,11,0,0.41970488
14114,1,1,0.7042297
14115,28,0,0.52699214
14116,21,0,0.42096162
14117,8,0,0.23518926
14118,11,1,0.7318616
14119,12,1,0.30806077
14120,15,1,0.5000151
14121,10,0,0.31473422
14122,21,1,0.642312
14123,16,0,0.41785774
14124,15,1,0.2435651
14125,15,0,0.8397216
14126,6,0,0.2592146
14127,17,1,0.4920695
14128,9,1,0.7550764
14129,5,0,0.42626175
14130,8,0,0.554935
14131,4,1,0.64144075
14132,7,0,0.25077945
14133,15,0,0.46390927
14134,13,0,0.5833863
14135,25,0,0.34954572
14136,13,0,0.2389684
14137,3,1,0.86509943
14138,25,1,0.8955953
14139,2,0,0.36299422
14140,15,1,0.49203083
14141,13,0,0.53335875
14142,1,1,0.5267043
14143,7,0,0.40634865
14144,11,1,0.2788494
14145,16,1,0.31655905
14146,7,0,0.26546174
14147,26,0,0.22492509
14148,12,0,0.23598827
14149,24,0,0.5590342
14150,28,0,0.286695
14151,25,0,0.47237834
14152,21,0,0.26087588
14153,0,0,0.7236661
14154,6,1,0.8058435
14155,26,1,0.51481164
14156,13,1,0.59924173
14157,1,1,0.8453291
14158,1,1,0.447587
14159,25,1,0.55963385
14160,2,0,0.28074816
14161,26,0,0.5467292
14162,26,1,0.5451427
14163,16,0,0.32824558
14164,22,0,0.28145206
14165,1,0,0.25858152
14166,8,1,0.55035084
14167,20,0,0.56545573
14168,11,0,0.4661613
14169,13,1,0.6790136
14170,25,1,0.7662905
14171,13,1,0.70078886
14172,25,1,0.65104365
14173,12,0,0.40736648
14174,1,1,0.4514028
14175,21,0,0.424707
14176,3,0,0.25081262
14177,19,0,0.3460021
14178,27,1,0.6032369
14179,16,1,0.72783273
14180,4,1,0.52615726
14181,10,1,0.45746705
14182,6,1,0.45861962
14183,27,1,0.4466074
14184,16,0,0.39227083
14185,22,1,0.58196694
14186,11,1,0.4510097
14187,10,1,0.6554189
14188,9,0,0.25136727
14189,23,0,0.58961165
14190,17,1,0.84364444
14191,20,0,0.2925805
14192,8,0,0.84833664
14193,2,0,0.48163223
14194,15,1,0.21667542
14195,9,1,0.9106334
14196,7,1,0.5402437
14197,20,0,0.5132876
14198,9,0,0.56005925
14199,18,1,0.5579749
14200,8,0,0.19771916
14201,25,1,0.84481955
14202,16,0,0.23723385
14203,1,1,0.9244728
14204,9,0,0.28767893
14205,25,0,0.25718692
14206,13,1,0.8607993
14207,24,1,0.6705431
14208,3,1,0.8044469
14209,15,0,0.5692058
14210,11,0,0.35134578
14211,16,1,0.709142
14212,5,0,0.7781403
14213,22,0,0.25578994
14214,22,1,0.60014397
14215,2,0,0.23199236
14216,3,1,0.63375854
14217,24,1,0.7077548
14218,7,0,0.47203556
14219,12,1,0.74079746
14220,11,1,0.22882305
14221,6,0,0.5865873
14222,0,0,0.21501696
14223,9,1,0.31897518
14224,13,0,0.40049776
14225,27,0,0.61200607
14226,26,1,0.2665744
14227,13,0,0.40667433
14228,26,0,0.2593899
14229,17,0,0.53396297
14230,21,0,0.38726044
14231,22,0,0.26451415
14232,2,1,0.69416237
14233,12,0,0.21356535
14234,26,0,0.26126993
14235,3,1,0.593064
14236,23,1,0.91294265
14237,13,0,0.29458937
14238,8,1,0.72894216
14239,27,1,0.870342
14240,10,1,0.5739649
14241,15,0,0.41433558
14242,15,1,0.91645664
14243,4,1,0.5434704
14244,2,1,0.20430547
14245,12,1,0.40202922
14246,10,1,0.6222172
14247,2,0,0.25755328
14248,24,1,0.55549467
14249,2,1,0.86471283
14250,26,1,0.71054214
14251,2,0,0.24488516
14252,16,0,0.2208563
14253,22,1,0.82236063
14254,24,0,0.4704758
14255,11,0,0.47681737
14256,3,0,0.4581375
14257,23,0,0.21597496
14258,17,1,0.6464633
14259,23,0,0.2555897
14260,21,1,0.4374696
14261,28,0,0.41455835
14262,12,0,0.67011404
14263,19,0,0.5623986
14264,12,0,0.4961658
14265,17,0,0.6102809
14266,23,0,0.31607828
14267,13,0,0.24084774
14268,24,0,0.46925312
14269,8,1,0.809602
14270,27,0,0.6844814
14271,11,1,0.36269483
14272,26,1,0.5920636
14273,2,1,0.7694982
14274,13,0,0.66178095
14275,12,1,0.5511437
14276,12,0,0.59113693
14277,16,0,0.22811024
14278,17,0,0.2487059
14279,27,1,0.5768376
14280,20,1,0.38802359
14281,22,1,0.85239184
14282,8,1,0.6816309
14283,20,0,0.4977319
14284,16,1,0.3120681
14285,2,0,0.37124228
14286,2,0,0.29215625
14287,3,1,0.5259425
14288,6,0,0.48243624
14289,13,1,0.72425556
14290,11,0,0.6661324
14291,13,0,0.4205575
14292,5,0,0.43550596
14293,2,1,0.28627214
14294,19,0,0.3700945
14295,16,0,0.48931414
14296,1,1,0.7994411
14297,5,1,0.702592
14298,12,0,0.20823097
14299,16,0,0.23324786
14300,23,0,0.49515903
14301,21,1,0.23992321
14302,27,0,0.41628033
14303,17,0,0.595673
14304,8,1,0.52630496
14305,0,1,0.7790508
14306,14,0,0.56711334
14307,8,1,0.5309405
14308,18,0,0.51583254
14309,1,0,0.8297614
14310,16,1,0.8410686
14311,12,1,0.56242096
14312,12,1,0.42511815
14313,7,1,0.7855249
14314,15,0,0.2528953
14315,22,1,0.60019726
14316,10,1,0.41858318
14317,15,1,0.55750936
14318,16,0,0.41000032
14319,19,0,0.21474901
14320,16,0,0.3333004
14321,1,1,0.6857004
14322,26,0,0.6796616
14323,15,1,0.68547916
14324,12,1,0.81048137
14325,17,0,0.22654434
14326,1,1,0.8077322
14327,21,0,0.23275499
14328,27,1,0.9282921
14329,14,1,0.57347393
14330,2,0,0.25670692
14331,21,1,0.41858318
14332,22,0,0.37522027
14333,14,1,0.63023686
14334,24,0,0.2313025
14335,27,0,0.43880606
14336,27,1,0.54684985
14337,10,0,0.37397236
14338,10,0,0.34260538
14339,2,0,0.20334038
14340,27,1,0.31587905
14341,18,1,0.5010928
14342,10,0,0.23164453
14343,3,0,0.4300206
14344,13,0,0.55903524
14345,12,1,0.854792
14346,3,1,0.3099315
14347,10,1,0.547336
14348,7,0,0.23783843
14349,28,1,0.31790712
14350,13,1,0.5815146
14351,14,1,0.8782689
14352,12,0,0.86259717
14353,15,1,0.370775
14354,8,0,0.54874086
14355,4,0,0.26431215
14356,10,1,0.56021476
14357,26,0,0.31312612
14358,4,0,0.2613348
14359,13,1,0.50959
14360,0,1,0.8204098
14361,8,1,0.51856244
14362,16,0,0.22209942
14363,18,0,0.23901576
14364,27,0,0.52474153
14365,11,0,0.5293533
14366,12,0,0.22320756
14367,12,0,0.5364184
14368,8,0,0.22539924
14369,11,0,0.2225952
14370,19,0,0.6070485
14371,2,0,0.7144366
14372,25,0,0.55520844
14373,17,0,0.3662504
14374,12,0,0.58382833
14375,8,0,0.6296927
14376,5,1,0.40306616
14377,22,0,0.43321443
14378,25,0,0.3036719
14379,27,0,0.5086285
14380,17,0,0.9036145
14381,28,0,0.5744451
14382,25,0,0.24130444
14383,24,1,0.42137524
14384,21,0,0.46303526
14385,15,0,0.5086742
14386,16,0,0.22070204
14387,9,1,0.37830767
14388,12,0,0.8671577
14389,6,0,0.538829
14390,19,1,0.44895667
14391,24,0,0.44647604
14392,15,0,0.24223791
14393,25,0,0.3806402
14394,25,0,0.22364569
14395,14,1,0.5724909
14396,25,1,0.56329507
14397,10,0,0.42867386
14398,7,0,0.39355272
14399,11,0,0.2559765
14400,19,1,0.7768492
14401,8,0,0.45454413
14402,25,0,0.22376329
14403,6,0,0.27271223
14404,1,0,0.3006055
14405,2,1,0.31430018
14406,13,1,0.66818595
14407,2,1,0.25883448
14408,2,1,0.4610833
14409,15,0,0.27770978
14410,20,0,0.40604103
14411,3,0,0.655993
14412,18,0,0.4173748
14413,21,1,0.7940024
14414,16,1,0.89204675
14415,10,0,0.25755343
14416,15,0,0.53912455
14417,6,1,0.481544
14418,23,1,0.8636122
14419,10,1,0.2216594
14420,22,0,0.40892646
14421,8,1,0.7944031
14422,28,1,0.7242895
14423,18,0,0.31789097
14424,8,1,0.25102004
14425,22,1,0.5323317
14426,12,1,0.82263917
14427,13,0,0.24333505
14428,13,1,0.640547
14429,20,1,0.72938126
14430,2,0,0.27768883
14431,20,0,0.82669187
14432,16,0,0.5086058
14433,28,1,0.4194218
14434,16,1,0.3270138
14435,25,1,0.29041788
14436,16,1,0.64682686
14437,1,1,0.64153945
14438,14,1,0.37106577
14439,11,1,0.4554529
14440,25,1,0.24695645
14441,24,0,0.41301346
14442,5,1,0.60591584
14443,25,1,0.5752446
14444,14,0,0.52495056
14445,1,0,0.53686976
14446,11,0,0.5738387
14447,17,0,0.37030852
14448,15,0,0.57702756
14449,12,0,0.22995965
14450,14,1,0.70562845
14451,27,0,0.5681385
14452,16,0,0.5862902
14453,5,1,0.44163752
14454,15,1,0.56898224
14455,22,0,0.6201139
14456,26,0,0.24071369
14457,15,0,0.24053061
14458,23,0,0.42199376
14459,11,0,0.58122945
14460,27,0,0.3431987
14461,7,0,0.45565572
14462,12,0,0.47844312
14463,26,0,0.6710581
14464,15,1,0.5738359
14465,13,0,0.2169866
14466,12,0,0.57962483
14467,2,0,0.20502152
14468,21,1,0.57527345
14469,28,0,0.37632656
14470,15,0,0.46155983
14471,18,0,0.2958421
14472,5,1,0.78767544
14473,7,0,0.7218334
14474,26,1,0.8432559
14475,22,1,0.9026971
14476,28,1,0.48634896
14477,2,0,0.27230427
14478,25,1,0.56788474
14479,17,1,0.8534948
14480,9,1,0.82007736
14481,28,1,0.53772175
14482,16,1,0.3553832
14483,7,0,0.20839398
14484,22,1,0.5609914
14485,2,1,0.22561605
14486,8,1,0.35139993
14487,26,0,0.43160042
14488,26,1,0.56874794
14489,10,0,0.44602534
14490,12,0,0.62754035
14491,12,1,0.59206414
14492,23,1,0.42441055
14493,24,0,0.68473077
14494,9,0,0.25388572
14495,4,0,0.4778305
14496,26,1,0.5358952
14497,2,1,0.40424642
14498,17,0,0.29680496
14499,16,0,0.48876134
14500,13,1,0.7100898
14501,13,0,0.18490572
14502,10,1,0.44388407
14503,1,0,0.38330713
14504,27,1,0.56507444
14505,7,1,0.22239517
14506,3,1,0.47397068
14507,21,0,0.7873723
14508,25,1,0.6763766
14509,25,0,0.44689104
14510,27,0,0.34854928
14511,15,0,0.59291434
14512,6,1,0.7290359
14513,16,1,0.5217162
14514,11,1,0.5671713
14515,10,0,0.5307814
14516,15,0,0.4252271
14517,2,0,0.24287997
14518,16,1,0.51615185
14519,16,1,0.8201398
14520,28,0,0.58321285
14521,7,0,0.46326694
14522,27,1,0.63176304
14523,12,0,0.27864984
14524,20,0,0.44642138
14525,8,0,0.20884247
14526,1,0,0.5152844
14527,2,0,0.8778755
14528,11,0,0.2164527
14529,10,1,0.71868443
14530,26,1,0.31147462
14531,22,0,0.2274278
14532,11,0,0.2833667
14533,0,1,0.93475884
14534,16,0,0.26686525
14535,2,0,0.57895285
14536,27,1,0.71382666
14537,27,1,0.52158153
14538,1,0,0.54162014
14539,6,1,0.86974657
14540,16,1,0.8819191
14541,5,0,0.23928769
14542,28,0,0.2871261
14543,0,1,0.68370414
14544,18,0,0.63686824
14545,18,0,0.36583796
14546,13,0,0.33344394
14547,8,1,0.5443722
14548,27,0,0.18441968
14549,12,1,0.5527541
14550,7,0,0.35682908
14551,11,1,0.46677846
14552,20,0,0.41127884
14553,25,1,0.44982392
14554,26,0,0.6797656
14555,22,0,0.76286495
14556,13,1,0.79416126
14557,10,1,0.55463326
14558,17,0,0.20964488
14559,13,1,0.5503474
14560,13,1,0.88277626
14561,15,0,0.31624106
14562,12,0,0.22521351
14563,16,1,0.47708878
14564,25,1,0.5626549
14565,23,0,0.51975775
14566,20,1,0.24652436
14567,15,1,0.26398805
14568,25,0,0.3946328
14569,21,0,0.70356077
14570,7,1,0.9064442
14571,13,0,0.5063395
14572,8,1,0.54282284
14573,19,0,0.26665178
14574,7,1,0.5115619
14575,25,1,0.5799009
14576,13,1,0.44537795
14577,2,1,0.7285985
14578,13,0,0.2676835
14579,23,0,0.5185927
14580,9,0,0.46045163
14581,25,0,0.66084176
14582,27,0,0.33779392
14583,24,1,0.36117148
14584,1,0,0.29370505
14585,7,0,0.57877904
14586,8,1,0.5039487
14587,19,0,0.48563948
14588,1,1,0.5500512
14589,25,0,0.56962895
14590,10,1,0.29989287
14591,8,1,0.21607246
14592,10,0,0.3244882
14593,0,1,0.83125573
14594,4,1,0.53156096
14595,27,0,0.28872398
14596,14,0,0.21129039
14597,13,1,0.68818027
14598,19,1,0.41063878
14599,15,0,0.6267299
14600,11,0,0.57505006
14601,28,1,0.5424491
14602,24,0,0.41386256
14603,27,1,0.6235171
14604,25,1,0.40400535
14605,11,0,0.63995624
14606,11,1,0.26007903
14607,28,0,0.2587332
14608,2,1,0.27207002
14609,25,1,0.3150737
14610,1,1,0.46355182
14611,16,0,0.28432974
14612,6,0,0.4981851
14613,24,1,0.67363846
14614,28,0,0.63291234
14615,2,0,0.43265828
14616,10,0,0.2624038
14617,12,1,0.5585662
14618,26,1,0.65575814
14619,10,0,0.305518
14620,17,1,0.6251868
14621,14,0,0.23275961
14622,26,0,0.20672932
14623,22,1,0.7057525
14624,12,0,0.65669113
14625,20,1,0.23163946
14626,11,0,0.47600004
14627,1,1,0.72764826
14628,20,0,0.29785407
14629,3,1,0.40600312
14630,20,0,0.3707782
14631,21,0,0.5633897
14632,13,0,0.2822696
14633,4,0,0.5237124
14634,6,1,0.8257146
14635,16,0,0.22793937
14636,2,0,0.74477917
14637,2,1,0.87266517
14638,11,1,0.8143856
14639,11,1,0.5427793
14640,27,0,0.2323145
14641,24,0,0.2738016
14642,8,1,0.5008667
14643,4,0,0.6285413
14644,10,1,0.6586934
14645,18,0,0.5340708
14646,13,0,0.63870186
14647,23,0,0.24713884
14648,17,0,0.547895
14649,16,1,0.37056595
14650,13,0,0.71943706
14651,13,1,0.67008483
14652,3,1,0.5790105
14653,1,0,0.5523655
14654,7,0,0.90065336
14655,2,1,0.65301716
14656,19,0,0.2333792
14657,13,1,0.63123876
14658,8,1,0.8432896
14659,20,1,0.62256336
14660,25,0,0.22693661
14661,20,0,0.3624237
14662,26,1,0.5521007
14663,28,0,0.81610346
14664,11,1,0.7159629
14665,22,1,0.30646124
14666,16,1,0.5412614
14667,15,1,0.29329318
14668,25,1,0.5884795
14669,0,1,0.6281954
14670,6,1,0.20952633
14671,26,1,0.49492472
14672,22,0,0.27654296
14673,15,0,0.43027064
14674,25,1,0.6097683
14675,7,1,0.4664652
14676,3,1,0.7609606
14677,25,0,0.43543735
14678,8,1,0.5190139
14679,26,0,0.5665996
14680,12,1,0.26481584
14681,17,1,0.8237596
14682,9,1,0.8730079
14683,21,0,0.49152365
14684,11,1,0.32287213
14685,23,0,0.2898931
14686,1,1,0.6081715
14687,28,1,0.46521014
14688,10,1,0.3611149
14689,3,1,0.69910324
14690,12,1,0.86593753
14691,16,1,0.5446581
14692,7,1,0.5274507
14693,10,0,0.5246528
14694,23,0,0.22578324
14695,7,0,0.40622076
14696,11,0,0.19618705
14697,26,0,0.23230763
14698,9,1,0.26699072
14699,12,0,0.26493242
14700,9,0,0.3877717
14701,8,1,0.4333189
14702,18,1,0.53272676
14703,20,0,0.375487
14704,16,1,0.6691137
14705,25,1,0.74421424
14706,19,1,0.5012913
14707,27,0,0.45402238
14708,23,1,0.51044935
14709,24,1,0.5102119
14710,10,0,0.22863285
14711,18,1,0.8233066
14712,6,1,0.7368082
14713,25,1,0.18978946
14714,27,1,0.33653563
14715,25,0,0.36705664
14716,3,1,0.5180473
14717,20,1,0.25031203
14718,13,1,0.8253301
14719,26,0,0.23692113
14720,27,1,0.6123545
14721,28,0,0.4512393
14722,6,1,0.47245806
14723,16,1,0.41976035
14724,13,0,0.32593036
14725,7,1,0.85368216
14726,7,1,0.6293374
14727,20,1,0.32504317
14728,15,1,0.769078
14729,28,1,0.5610084
14730,0,0,0.24394554
14731,10,0,0.3235777
14732,9,1,0.5519007
14733,16,1,0.4499591
14734,3,0,0.4905995
14735,20,0,0.25104907
14736,11,1,0.45764604
14737,0,0,0.23820654
14738,2,1,0.69764316
14739,13,0,0.24362485
14740,8,0,0.24962178
14741,8,0,0.47670805
14742,3,0,0.65188617
14743,8,0,0.23584896
14744,13,0,0.5622173
14745,5,0,0.91610116
14746,1,0,0.328357
14747,2,1,0.548003
14748,16,0,0.32968825
14749,21,0,0.59316915
14750,26,1,0.79181534
14751,10,1,0.7762201
14752,12,0,0.6953769
14753,22,1,0.5922122
14754,2,0,0.54509443
14755,12,0,0.50937873
14756,24,0,0.27045336
14757,22,1,0.4392032
14758,13,1,0.4923112
14759,21,0,0.26378906
14760,2,0,0.7460088
14761,12,1,0.5342863
14762,15,0,0.4854227
14763,15,0,0.52303123
14764,22,1,0.45615065
14765,5,0,0.40774253
14766,22,1,0.8251681
14767,17,0,0.37919164
14768,16,0,0.3729368
14769,12,0,0.34321272
14770,18,0,0.33312193
14771,2,0,0.33695298
14772,1,1,0.7095918
14773,17,1,0.8540477
14774,3,1,0.39454937
14775,17,0,0.2555543
14776,13,1,0.56360006
14777,15,1,0.55946183
14778,10,1,0.6293319
14779,5,1,0.77580625
14780,10,1,0.6686026
14781,8,1,0.5754693
14782,13,0,0.37849796
14783,20,1,0.53453916
14784,1,0,0.31365636
14785,16,1,0.6102779
14786,0,1,0.64696634
14787,1,1,0.34026474
14788,22,1,0.93363345
14789,5,1,0.6051722
14790,6,0,0.6822995
14791,26,1,0.6394922
14792,26,0,0.5119608
14793,16,1,0.45756263
14794,1,1,0.50355464
14795,16,1,0.77105117
14796,12,0,0.28701732
14797,13,1,0.88082755
14798,9,1,0.5935457
14799,26,1,0.800504
14800,12,0,0.62058353
14801,12,1,0.57911736
14802,1,0,0.30934027
14803,17,0,0.43455535
14804,17,1,0.25507635
14805,1,1,0.53766567
14806,13,0,0.3701876
14807,27,0,0.38665345
14808,16,0,0.25421113
14809,22,1,0.63579035
14810,13,1,0.46089596
14811,2,0,0.2496031
14812,13,0,0.25573635
14813,26,1,0.26116577
14814,16,1,0.4250431
14815,13,1,0.7743674
14816,5,1,0.3680466
14817,1,0,0.3832851
14818,10,0,0.5497966
14819,2,0,0.47599542
14820,9,0,0.2711438
14821,18,0,0.46641716
14822,6,1,0.5681089
14823,1,0,0.32812715
14824,7,0,0.22027913
14825,3,0,0.5041987
14826,6,0,0.5479278
14827,2,1,0.5811527
14828,8,1,0.88306594
14829,11,1,0.3245326
14830,21,0,0.27111584
14831,16,1,0.47135198
14832,7,0,0.516255
14833,11,0,0.45242074
14834,10,0,0.22915348
14835,7,1,0.7779079
14836,22,0,0.4623286
14837,28,1,0.35498235
14838,22,1,0.5571756
14839,3,1,0.87630713
14840,15,1,0.5632332
14841,26,0,0.4425107
14842,2,1,0.58200675
14843,23,1,0.41715872
14844,6,1,0.7134826
14845,2,0,0.29416645
14846,23,1,0.68891084
14847,12,0,0.39071152
14848,0,0,0.2996454
14849,7,0,0.26973653
14850,28,1,0.9135637
14851,16,1,0.7746993
14852,5,1,0.5592981
14853,22,0,0.64829993
14854,17,0,0.48370826
14855,12,1,0.25039253
14856,9,0,0.4218783
14857,15,1,0.42432678
14858,27,1,0.5980941
14859,12,0,0.2251692
14860,0,1,0.26127687
14861,21,0,0.4550328
14862,2,1,0.5660765
14863,16,0,0.32294288
14864,24,0,0.35408053
14865,10,1,0.6015742
14866,21,1,0.5645839
14867,20,0,0.5165957
14868,4,0,0.4351682
14869,22,0,0.29375204
14870,21,1,0.42381242
14871,18,0,0.257527
14872,8,0,0.46779487
14873,9,0,0.5397129
14874,16,0,0.21446948
14875,28,1,0.36006758
14876,14,1,0.8649376
14877,28,0,0.28268674
14878,19,0,0.20238513
14879,12,1,0.4105313
14880,20,0,0.26319844
14881,14,1,0.8804776
14882,5,0,0.59349585
14883,15,1,0.8456976
14884,25,1,0.85942703
14885,26,1,0.2239549
14886,5,1,0.7231923
14887,28,0,0.2952481
14888,16,0,0.22848384
14889,24,1,0.45098472
14890,10,0,0.5703119
14891,21,1,0.5599217
14892,1,1,0.57636607
14893,10,1,0.33552426
14894,19,0,0.71129364
14895,4,1,0.44528696
14896,15,0,0.3288739
14897,12,0,0.261848
14898,18,1,0.8446491
14899,15,0,0.2925307
14900,1,1,0.43224856
14901,7,0,0.5042351
14902,17,1,0.8202176
14903,28,1,0.56428486
14904,22,1,0.4608633
14905,24,1,0.89468855
14906,7,1,0.70890933
14907,17,0,0.21977274
14908,13,1,0.61342835
14909,22,0,0.52513033
14910,16,0,0.6195033
14911,21,1,0.66123223
14912,28,0,0.22457881
14913,6,1,0.71532315
14914,4,0,0.5895572
14915,10,0,0.26971942
14916,16,0,0.2169685
14917,19,0,0.63794947
14918,26,0,0.7219289
14919,28,0,0.3935133
14920,13,0,0.30708086
14921,28,0,0.22426602
14922,4,1,0.23747842
14923,14,0,0.56993556
14924,13,1,0.5153175
14925,16,1,0.48434457
14926,9,0,0.26951364
14927,9,1,0.6420786
14928,24,0,0.45035246
14929,0,1,0.51933235
14930,25,1,0.6942012
14931,28,0,0.3155167
14932,10,1,0.837821
14933,11,0,0.21329297
14934,6,1,0.773008
14935,22,0,0.53436637
14936,26,1,0.2850946
14937,8,1,0.61775315
14938,1,1,0.40176535
14939,9,1,0.450025
14940,11,1,0.86925656
14941,13,1,0.6344637
14942,8,0,0.61648464
14943,3,1,0.89696884
14944,21,1,0.37549782
14945,17,0,0.24152784
14946,23,0,0.26919582
14947,25,1,0.5692872
14948,25,1,0.60049826
14949,21,1,0.92496955
14950,27,0,0.30011222
14951,17,0,0.37167302
14952,4,0,0.3859857
14953,7,1,0.9116281
14954,14,1,0.57395774
14955,3,1,0.35647014
14956,13,0,0.46060285
14957,16,1,0.87990427
14958,24,1,0.54688764
14959,22,1,0.6007839
14960,11,0,0.54198784
14961,20,0,0.42353204
14962,15,0,0.5456197
14963,13,0,0.19757064
14964,2,0,0.36691073
14965,9,1,0.5032623
14966,15,0,0.4565231
14967,28,0,0.4540333
14968,2,1,0.7246935
14969,0,1,0.48865747
14970,11,1,0.60806626
14971,25,1,0.32042253
14972,14,1,0.36086857
14973,8,0,0.23409855
14974,20,1,0.5362661
14975,1,0,0.47953472
14976,3,0,0.28323388
14977,8,1,0.86310774
14978,15,1,0.39305624
14979,8,0,0.5886759
14980,13,1,0.4032834
14981,27,1,0.8386771
14982,13,0,0.38257357
14983,28,1,0.53206295
14984,19,1,0.58454615
14985,23,0,0.3646402
14986,13,1,0.87786496
14987,24,0,0.7180042
14988,8,1,0.86176264
14989,14,0,0.46794236
14990,11,1,0.5635212
14991,6,0,0.47996515
14992,25,0,0.38375747
14993,19,1,0.7775894
14994,21,0,0.4869161
14995,15,1,0.564709
14996,3,1,0.5443497
14997,24,0,0.78490907
14998,18,1,0.807184
14999,17,0,0.25369078
15000,10,0,0.46612793
15001,16,0,0.67388713
15002,13,0,0.33890185
15003,12,0,0.19738403
15004,15,0,0.46224242
15005,2,1,0.7413911
15006,15,1,0.55195475
15007,5,0,0.26612666
15008,23,1,0.6533512
15009,3,0,0.8693158
15010,10,1,0.47582456
15011,2,0,0.31424353
15012,16,1,0.27871922
15013,26,0,0.55733734
15014,23,0,0.3620969
15015,27,0,0.29694393
15016,27,1,0.8410231
15017,6,1,0.2346788
15018,16,0,0.28320113
15019,9,0,0.43030286
15020,12,1,0.72938013
15021,8,1,0.7634367
15022,10,0,0.543883
15023,15,1,0.29737544
15024,9,1,0.7941325
15025,8,1,0.8028586
15026,15,0,0.3625483
15027,12,0,0.2832465
15028,22,1,0.55885166
15029,22,1,0.537547
15030,9,1,0.2639057
15031,17,1,0.57417405
15032,21,1,0.63412213
15033,17,1,0.6467308
15034,12,0,0.2176329
15035,8,1,0.5565271
15036,17,0,0.21610534
15037,25,1,0.2841009
15038,13,0,0.66853154
15039,17,0,0.5681881
15040,2,0,0.2846009
15041,15,1,0.44389153
15042,18,1,0.6295489
15043,11,0,0.31129453
15044,11,1,0.52283406
15045,16,1,0.21279326
15046,7,1,0.56604177
15047,11,0,0.44161528
15048,26,0,0.3044624
15049,10,0,0.28298154
15050,6,1,0.7907511
15051,21,0,0.60306835
15052,9,0,0.5068621
15053,12,0,0.48308107
15054,25,0,0.24049814
15055,19,0,0.21660508
15056,1,0,0.5543502
15057,28,0,0.43392164
15058,27,1,0.79126596
15059,11,0,0.32481843
15060,7,1,0.6594391
15061,27,0,0.51736474
15062,7,1,0.9129626
15063,28,0,0.26394528
15064,15,0,0.53456384
15065,6,1,0.8791342
15066,8,1,0.56813544
15067,4,1,0.3090759
15068,26,0,0.49694616
15069,13,0,0.4645394
15070,2,1,0.46156076
15071,15,1,0.24797514
15072,25,1,0.48033616
15073,13,1,0.5878745
15074,3,0,0.47497648
15075,11,0,0.51876366
15076,16,1,0.504168
15077,13,1,0.27539065
15078,27,1,0.39400604
15079,13,0,0.24022558
15080,15,1,0.90783983
15081,25,1,0.5279527
15082,15,0,0.5800235
15083,11,0,0.91375
15084,8,0,0.29113853
15085,12,0,0.20727016
15086,2,1,0.5727697
15087,8,1,0.45626515
15088,26,0,0.53385514
15089,2,1,0.4962764
15090,25,0,0.45324287
15091,27,0,0.3090621
15092,27,1,0.6639306
15093,2,0,0.32901648
15094,16,1,0.872967
15095,18,0,0.26044977
15096,20,1,0.37906793
15097,2,1,0.2639727
15098,16,0,0.2499326
15099,10,0,0.38797972
15100,3,0,0.21822384
15101,7,0,0.24074538
15102,13,1,0.82657397
15103,20,1,0.20090087
15104,1,0,0.5727954
15105,9,1,0.89492816
15106,12,1,0.89161515
15107,21,1,0.42657486
15108,16,0,0.37604576
15109,25,0,0.5074422
15110,13,0,0.41192713
15111,28,0,0.35943925
15112,10,0,0.80766124
15113,2,0,0.5307114
15114,10,0,0.81317836
15115,12,1,0.25605842
15116,6,0,0.42979106
15117,27,0,0.44059762
15118,13,0,0.24809635
15119,12,0,0.38993046
15120,11,0,0.24512422
15121,12,1,0.38954592
15122,26,0,0.25568447
15123,4,1,0.70186406
15124,25,0,0.500569
15125,26,1,0.46710575
15126,20,0,0.50532067
15127,22,1,0.47084084
15128,13,0,0.26627764
15129,5,0,0.52167076
15130,15,0,0.3951154
15131,25,1,0.77304435
15132,1,1,0.7078121
15133,23,0,0.24262598
15134,17,0,0.45325333
15135,16,0,0.54598284
15136,13,1,0.55156124
15137,16,1,0.8313456
15138,1,0,0.23634584
15139,10,0,0.4862968
15140,12,1,0.24017836
15141,27,1,0.54918504
15142,4,1,0.3681494
15143,12,0,0.18725824
15144,15,0,0.47925887
15145,1,1,0.36859298
15146,18,1,0.26019529
15147,8,1,0.32534742
15148,22,1,0.21185587
15149,15,1,0.4895147
15150,13,1,0.8283431
15151,27,0,0.52833486
15152,10,1,0.39792177
15153,6,1,0.504188
15154,13,0,0.27696002
15155,0,0,0.43499163
15156,8,1,0.65293837
15157,28,1,0.25050366
15158,2,0,0.5365005
15159,22,1,0.44572487
15160,27,0,0.2373051
15161,24,1,0.82493174
15162,19,0,0.552072
15163,21,0,0.48113722
15164,0,0,0.8961202
15165,17,1,0.634118
15166,11,1,0.60260147
15167,25,0,0.31224233
15168,0,1,0.48176545
15169,0,1,0.83709556
15170,27,1,0.48802897
15171,11,0,0.23236102
15172,25,1,0.55942416
15173,3,0,0.56268007
15174,18,0,0.50133824
15175,10,1,0.6113288
15176,15,0,0.22344257
15177,14,1,0.9163089
15178,16,0,0.24768016
15179,26,0,0.38657126
15180,8,0,0.255666
15181,16,0,0.27714378
15182,14,0,0.24958192
15183,20,1,0.40901732
15184,25,1,0.5249065
15185,10,0,0.5692857
15186,7,0,0.30562785
15187,27,1,0.4279751
15188,19,1,0.5077576
15189,14,1,0.45678797
15190,18,1,0.46426955
15191,11,1,0.75463223
15192,25,1,0.83311373
15193,11,1,0.5752258
15194,3,0,0.77912503
15195,23,0,0.5082221
15196,25,0,0.2752768
15197,6,1,0.927859
15198,13,0,0.56423193
15199,7,1,0.46059957
15200,23,1,0.89265877
15201,12,1,0.49165455
15202,5,1,0.22630525
15203,23,1,0.22747847
15204,16,1,0.5776137
15205,28,1,0.38661698
15206,9,1,0.8925781
15207,13,0,0.48160037
15208,16,1,0.9035994
15209,13,1,0.58819926
15210,26,0,0.29056504
15211,8,0,0.33842832
15212,25,0,0.33072805
15213,3,0,0.25601357
15214,10,0,0.47269377
15215,11,1,0.5845082
15216,2,1,0.9059633
15217,11,1,0.5174828
15218,17,1,0.5655514
15219,12,0,0.3167645
15220,23,0,0.6002529
15221,10,0,0.43545434
15222,0,1,0.7379445
15223,27,0,0.27464116
15224,7,0,0.43171436
15225,17,0,0.30128357
15226,25,0,0.31038654
15227,24,0,0.18871602
15228,22,0,0.4164641
15229,10,1,0.5672925
15230,11,1,0.32033175
15231,14,1,0.46305698
15232,6,0,0.43625048
15233,28,0,0.5758076
15234,15,1,0.2900429
15235,13,0,0.5756847
15236,8,1,0.59746593
15237,26,1,0.69580495
15238,13,1,0.528236
15239,22,0,0.22632466
15240,2,0,0.29129598
15241,21,1,0.8666051
15242,26,1,0.42066556
15243,28,0,0.62405145
15244,28,0,0.30285585
15245,3,0,0.541546
15246,3,0,0.5535709
15247,16,1,0.45392507
15248,8,1,0.4615362
15249,12,0,0.2522713
15250,10,1,0.39971378
15251,1,1,0.57440877
15252,13,0,0.7417011
15253,2,1,0.43206552
15254,1,0,0.8469122
15255,11,0,0.19762103
15256,0,1,0.7211944
15257,6,1,0.6958485
15258,2,1,0.54331505
15259,8,0,0.33028468
15260,2,0,0.22870947
15261,7,0,0.21546052
15262,13,0,0.34118354
15263,16,0,0.32537997
15264,2,0,0.26273933
15265,9,1,0.5105936
15266,17,0,0.52620983
15267,26,1,0.46815714
15268,18,1,0.8219537
15269,13,1,0.7792747
15270,6,1,0.6587466
15271,16,0,0.4624865
15272,1,1,0.7405145
15273,3,1,0.90843314
15274,21,0,0.5163771
15275,27,1,0.505033
15276,13,0,0.22745037
15277,1,0,0.31277147
15278,26,1,0.45187095
15279,12,1,0.59253705
15280,12,1,0.8711117
15281,4,1,0.86475635
15282,2,1,0.3883559
15283,11,1,0.40910333
15284,8,0,0.57362396
15285,2,1,0.26680455
15286,26,0,0.3194583
15287,25,1,0.54577696
15288,23,0,0.4291173
15289,10,1,0.4046823
15290,22,1,0.708115
15291,16,1,0.50420535
15292,16,1,0.6281143
15293,11,0,0.3690272
15294,8,1,0.5890978
15295,21,0,0.29149103
15296,20,0,0.19690032
15297,3,0,0.45091316
15298,7,0,0.40722647
15299,20,0,0.35899794
15300,5,1,0.8103202
15301,20,0,0.2625983
15302,17,1,0.9231309
15303,10,1,0.7062405
15304,15,0,0.47101545
15305,22,0,0.9261464
15306,24,0,0.6041832
15307,15,1,0.6811193
15308,10,0,0.5551098
15309,2,1,0.829639
15310,25,0,0.4911975
15311,3,1,0.55346715
15312,2,0,0.31258985
15313,7,0,0.45807144
15314,19,1,0.5068212
15315,13,0,0.520208
15316,7,1,0.4797294
15317,10,0,0.27284822
15318,9,1,0.4210982
15319,10,0,0.4641021
15320,2,0,0.6591021
15321,25,0,0.22384177
15322,19,0,0.18488966
15323,15,1,0.78332174
15324,15,1,0.6030011
15325,14,1,0.8586633
15326,5,0,0.51926523
15327,13,0,0.8131024
15328,14,1,0.5337361
15329,8,0,0.18372034
15330,7,0,0.18509668
15331,5,1,0.42709336
15332,28,0,0.40174612
15333,9,1,0.22425874
15334,24,0,0.6371525
15335,8,0,0.5025224
15336,27,0,0.31154135
15337,19,0,0.4079788
15338,10,0,0.4956044
15339,13,0,0.703622
15340,11,0,0.37731686
15341,19,0,0.69655246
15342,8,1,0.9063665
15343,21,1,0.45302922
15344,18,0,0.4374803
15345,6,1,0.6708071
15346,11,1,0.69620377
15347,10,1,0.7784653
15348,17,0,0.24738008
15349,27,0,0.43336257
15350,25,1,0.5325822
15351,26,1,0.33018035
15352,2,1,0.4690397
15353,1,1,0.5119817
15354,22,0,0.31968915
15355,10,0,0.40333033
15356,10,0,0.41985404
15357,23,0,0.7781427
15358,8,0,0.25953433
15359,25,0,0.35178426
15360,6,1,0.8105106
15361,28,1,0.30674583
15362,25,0,0.20121062
15363,13,1,0.66753215
15364,24,0,0.4413922
15365,15,0,0.33997917
15366,20,1,0.5323377
15367,2,1,0.56069857
15368,16,1,0.85192394
15369,8,0,0.3599717
15370,8,0,0.6144936
15371,26,1,0.43563306
15372,18,0,0.23406734
15373,18,1,0.6994158
15374,16,0,0.2718879
15375,15,1,0.6874287
15376,16,1,0.3939498
15377,27,1,0.5617601
15378,14,1,0.5105906
15379,12,1,0.8736022
15380,2,0,0.52348405
15381,16,0,0.2310187
15382,12,0,0.5734824
15383,26,1,0.546812
15384,2,1,0.8143799
15385,26,0,0.6918285
15386,20,0,0.42506173
15387,11,1,0.6309696
15388,25,0,0.5846596
15389,2,1,0.5937104
15390,18,1,0.46084645
15391,16,0,0.22787377
15392,11,0,0.32646126
15393,5,0,0.5956835
15394,1,1,0.8652639
15395,9,1,0.5809982
15396,3,0,0.1823239
15397,16,0,0.22542442
15398,28,1,0.79855704
15399,8,1,0.54894626
15400,11,1,0.77482724
15401,2,0,0.41801217
15402,2,1,0.5590022
15403,9,0,0.38711646
15404,8,1,0.35928306
15405,22,0,0.2797342
15406,18,0,0.5558528
15407,4,1,0.78948724
15408,17,0,0.24956861
15409,9,0,0.23551327
15410,11,1,0.81624955
15411,13,0,0.2994096
15412,15,0,0.31173575
15413,1,0,0.41762835
15414,7,0,0.76701033
15415,16,0,0.20317574
15416,2,0,0.43220732
15417,27,1,0.91278803
15418,25,1,0.83231735
15419,27,0,0.53381306
15420,4,1,0.34066203
15421,21,0,0.3206858
15422,21,1,0.5846845
15423,7,1,0.26748678
15424,4,1,0.90632147
15425,5,0,0.26741958
15426,19,1,0.5874722
15427,28,0,0.6936351
15428,1,0,0.2175541
15429,8,1,0.71702284
15430,3,1,0.85493475
15431,27,1,0.5292415
15432,10,1,0.74971515
15433,4,1,0.49845636
15434,0,0,0.43015486
15435,16,0,0.26712507
15436,26,1,0.8269106
15437,27,1,0.65365475
15438,1,0,0.4162419
15439,23,0,0.17900962
15440,6,1,0.6491926
15441,12,0,0.4888707
15442,10,1,0.8979912
15443,2,0,0.2883312
15444,1,0,0.56839204
15445,15,0,0.5873742
15446,17,0,0.20023133
15447,27,0,0.5031285
15448,20,0,0.20592701
15449,14,1,0.2868095
15450,15,1,0.76525295
15451,3,0,0.29979104
15452,16,1,0.7820228
15453,25,1,0.33060265
15454,28,1,0.47910866
15455,11,1,0.44777256
15456,8,0,0.5275078
15457,12,1,0.9044142
15458,3,1,0.5382748
15459,9,1,0.22972171
15460,6,1,0.7046794
15461,27,1,0.54266256
15462,6,1,0.6284286
15463,2,1,0.45758113
15464,12,0,0.48925683
15465,20,1,0.40360218
15466,25,0,0.28727567
15467,2,0,0.887217
15468,11,0,0.52289397
15469,1,1,0.5830733
15470,25,0,0.50951415
15471,13,1,0.25560614
15472,11,1,0.33448654
15473,3,0,0.2979123
15474,22,0,0.5945423
15475,22,1,0.48518646
15476,16,1,0.4622846
15477,6,1,0.56434983
15478,3,0,0.48094258
15479,28,0,0.62090594
15480,27,1,0.40528315
15481,1,1,0.55072075
15482,18,1,0.68885756
15483,18,0,0.7125245
15484,3,1,0.4203055
15485,9,1,0.6164933
15486,13,0,0.6897444
15487,26,0,0.54910076
15488,17,0,0.8199828
15489,15,0,0.38836274
15490,24,1,0.59237957
15491,2,0,0.77687955
15492,2,0,0.4944316
15493,15,1,0.8764043
15494,6,0,0.4029277
15495,1,1,0.8513392
15496,1,1,0.671969
15497,2,0,0.822612
15498,13,1,0.7279075
15499,22,0,0.5694216
15500,22,1,0.730449
15501,13,0,0.4081978
15502,1,1,0.5803514
15503,27,0,0.45774752
15504,15,0,0.56314373
15505,3,1,0.73855233
15506,11,1,0.39929688
15507,5,1,0.8616248
15508,11,1,0.6191621
15509,12,0,0.32289577
15510,18,0,0.37279183
15511,18,1,0.30343896
15512,15,0,0.28067526
15513,11,1,0.60488003
15514,9,0,0.49689847
15515,26,1,0.5171793
15516,16,1,0.46969247
15517,27,0,0.29299685
15518,11,1,0.8263071
15519,11,0,0.512602
15520,15,1,0.294769
15521,18,1,0.7478355
15522,21,0,0.27185005
15523,11,0,0.2119917
15524,16,1,0.56444764
15525,20,1,0.4308338
15526,13,0,0.4017037
15527,8,1,0.3620594
15528,3,0,0.31974688
15529,10,1,0.5413061
15530,22,0,0.20050058
15531,7,1,0.5435647
15532,22,1,0.45234042
15533,25,0,0.82105577
15534,13,0,0.54804444
15535,8,1,0.23507702
15536,3,1,0.73141086
15537,2,1,0.8078492
15538,11,1,0.5568796
15539,13,0,0.32195255
15540,16,0,0.47983664
15541,18,1,0.5801198
15542,2,1,0.8348005
15543,9,1,0.8664521
15544,10,0,0.23527253
15545,2,0,0.82872105
15546,1,0,0.59902436
15547,16,0,0.4119769
15548,6,1,0.3614633
15549,11,1,0.45228687
15550,22,0,0.3190638
15551,3,0,0.25945038
15552,6,1,0.29471764
15553,8,1,0.85962343
15554,6,0,0.46615934
15555,7,1,0.31750306
15556,24,1,0.5514201
15557,8,0,0.20275597
15558,27,0,0.30414298
15559,2,0,0.24692258
15560,13,0,0.44634587
15561,28,1,0.8469739
15562,15,1,0.58398116
15563,11,1,0.5192208
15564,28,1,0.19776322
15565,14,0,0.5679673
15566,12,0,0.46581107
15567,1,0,0.35315785
15568,13,0,0.23576108
15569,18,1,0.7764148
15570,16,1,0.58783764
15571,11,0,0.45462048
15572,6,0,0.68549895
15573,7,1,0.22930971
15574,7,1,0.77990276
15575,16,0,0.34669995
15576,1,1,0.5472937
15577,14,0,0.48929256
15578,0,1,0.5763929
15579,0,1,0.67701024
15580,8,1,0.81451994
15581,18,0,0.35691252
15582,10,0,0.49847284
15583,5,1,0.55768174
15584,2,1,0.5451952
15585,1,0,0.3302148
15586,14,1,0.85147184
15587,16,1,0.37401715
15588,16,1,0.6141794
15589,0,0,0.7403936
15590,28,1,0.8622035
15591,15,1,0.92886883
15592,20,0,0.49830762
15593,21,1,0.44988722
15594,4,0,0.32255113
15595,27,1,0.40748173
15596,16,1,0.8236316
15597,3,1,0.9336186
15598,15,1,0.19102295
15599,14,1,0.54900986
15600,28,0,0.5493722
15601,6,0,0.41708308
15602,19,0,0.29973236
15603,0,0,0.48684195
15604,6,1,0.5027273
15605,25,1,0.5062641
15606,7,1,0.8538404
15607,8,1,0.24144062
15608,16,1,0.40069935
15609,9,0,0.22594404
15610,24,0,0.23795642
15611,11,1,0.46428996
15612,4,1,0.5868006
15613,15,1,0.53222436
15614,19,0,0.4264939
15615,0,1,0.8228341
15616,18,0,0.45004168
15617,18,1,0.5565865
15618,17,0,0.43841833
15619,27,0,0.3012312
15620,6,1,0.8918791
15621,7,1,0.5156432
15622,25,1,0.3245132
15623,2,0,0.24239714
15624,15,0,0.3349892
15625,28,0,0.5077524
15626,2,1,0.5447522
15627,1,0,0.7505698
15628,17,0,0.27082372
15629,13,0,0.26039746
15630,26,1,0.8186476
15631,16,1,0.7902538
15632,1,1,0.42980632
15633,15,1,0.69342375
15634,20,0,0.3140077
15635,12,0,0.56789494
15636,9,0,0.5197468
15637,26,0,0.5283332
15638,2,1,0.7116842
15639,19,1,0.56013036
15640,13,1,0.7512201
15641,27,1,0.49905977
15642,18,1,0.32701737
15643,15,0,0.31854957
15644,6,0,0.5745906
15645,16,0,0.28434786
15646,11,1,0.72609794
15647,22,0,0.24084936
15648,22,0,0.56904
15649,18,1,0.37636918
15650,3,1,0.6819498
15651,20,1,0.32978582
15652,17,1,0.6411355
15653,11,0,0.30742905
15654,1,0,0.4865988
15655,7,0,0.47717145
15656,2,0,0.25493786
15657,10,1,0.86994624
15658,6,1,0.24931008
15659,15,1,0.25723106
15660,18,1,0.29214483
15661,17,1,0.6560152
15662,15,0,0.24005279
15663,22,1,0.9377056
15664,21,1,0.38985384
15665,12,1,0.8430166
15666,17,0,0.29667625
15667,8,0,0.48448646
15668,1,1,0.6398965
15669,20,1,0.2689577
15670,17,0,0.40273008
15671,12,0,0.28401157
15672,24,0,0.4526809
15673,15,0,0.41748664
15674,4,0,0.27205926
15675,16,0,0.28910923
15676,16,0,0.8929753
15677,25,0,0.6630993
15678,6,1,0.43682355
15679,1,0,0.5027561
15680,11,1,0.80595624
15681,15,0,0.21124473
15682,22,0,0.22174205
15683,11,1,0.521492
15684,28,1,0.87819904
15685,18,1,0.42440993
15686,1,0,0.33714026
15687,8,1,0.60804254
15688,11,1,0.502969
15689,22,0,0.2157593
15690,4,0,0.27740017
15691,25,1,0.8371387
15692,4,0,0.2356216
15693,17,0,0.5884458
15694,2,1,0.6668516
15695,21,1,0.91350186
15696,9,0,0.4532673
15697,12,1,0.7328486
15698,8,1,0.70086336
15699,25,1,0.83949447
15700,7,0,0.40303177
15701,15,0,0.41781014
15702,15,0,0.24311863
15703,0,1,0.5494288
15704,2,0,0.2254551
15705,8,0,0.4847075
15706,10,0,0.24746208
15707,3,1,0.36420548
15708,10,1,0.9006318
15709,5,0,0.6367857
15710,12,1,0.49676535
15711,0,0,0.28714955
15712,28,1,0.30848458
15713,19,1,0.3492653
15714,10,0,0.623797
15715,8,1,0.26699758
15716,18,0,0.18236044
15717,10,0,0.50814193
15718,13,1,0.74306005
15719,17,1,0.25070807
15720,6,1,0.74739933
15721,20,1,0.92956764
15722,16,1,0.3621416
15723,3,0,0.2588221
15724,2,1,0.590153
15725,27,0,0.2141325
15726,11,0,0.24948727
15727,7,0,0.27073106
15728,10,0,0.8078649
15729,9,1,0.3674822
15730,17,1,0.22267362
15731,0,1,0.89618325
15732,28,1,0.66985106
15733,13,0,0.7055262
15734,26,0,0.27026662
15735,3,0,0.60623163
15736,2,0,0.36664188
15737,26,0,0.38879117
15738,20,0,0.4279537
15739,10,1,0.89324
15740,26,0,0.6733761
15741,26,1,0.6959228
15742,16,0,0.2547168
15743,20,1,0.2697825
15744,4,1,0.53533846
15745,13,1,0.6046116
15746,13,0,0.54155886
15747,15,1,0.6353831
15748,11,1,0.48909572
15749,1,0,0.55659074
15750,26,0,0.745065
15751,6,0,0.424062
15752,22,1,0.26457548
15753,2,0,0.43248737
15754,15,0,0.577119
15755,3,0,0.8542343
15756,18,0,0.2575272
15757,15,0,0.23923175
15758,2,1,0.26391405
15759,1,1,0.4410789
15760,27,1,0.3558803
15761,7,0,0.40431118
15762,28,1,0.3538993
15763,25,0,0.26269314
15764,18,0,0.2968288
15765,24,0,0.59737605
15766,7,0,0.25218797
15767,7,1,0.45290008
15768,5,1,0.32258046
15769,14,0,0.87621313
15770,8,0,0.4955304
15771,6,0,0.21869582
15772,3,1,0.4150563
15773,13,0,0.48089913
15774,10,1,0.8585656
15775,2,0,0.84440076
15776,21,0,0.51678187
15777,15,0,0.8568519
15778,1,1,0.8121251
15779,18,1,0.3914105
15780,17,0,0.30097085
15781,19,1,0.5172076
15782,22,1,0.46046168
15783,27,1,0.5947393
15784,19,1,0.48157173
15785,1,0,0.36395696
15786,26,1,0.8280064
15787,25,1,0.56207925
15788,22,1,0.8723483
15789,1,0,0.50429505
15790,15,1,0.70883065
15791,14,0,0.586957
15792,8,0,0.5522596
15793,9,0,0.3332996
15794,28,0,0.43793818
15795,14,1,0.48906618
15796,17,1,0.22400154
15797,22,0,0.42585596
15798,11,0,0.51039237
15799,17,1,0.5321006
15800,11,0,0.9291282
15801,10,1,0.7053064
15802,13,1,0.85752445
15803,10,0,0.6045358
15804,24,1,0.51846397
15805,13,0,0.43750104
15806,25,0,0.19141792
15807,12,0,0.42748487
15808,16,1,0.40116715
15809,22,1,0.5751327
15810,5,0,0.29865095
15811,2,0,0.250069
15812,25,1,0.5244973
15813,1,0,0.6449704
15814,17,0,0.34454837
15815,2,0,0.5534855
15816,26,0,0.26128888
15817,28,0,0.2546323
15818,6,1,0.5032169
15819,16,0,0.45599538
15820,23,0,0.24685632
15821,28,1,0.29126036
15822,7,0,0.572968
15823,13,1,0.8248992
15824,15,0,0.18545029
15825,18,1,0.51833564
15826,17,0,0.46495116
15827,7,0,0.46701825
15828,14,1,0.8339109
15829,15,1,0.2648915
15830,13,0,0.39701623
15831,10,1,0.28048292
15832,3,1,0.5433166
15833,16,1,0.6212011
15834,2,0,0.4250561
15835,26,0,0.32012647
15836,7,1,0.4211986
15837,26,0,0.36646914
15838,28,0,0.4143052
15839,27,0,0.6703172
15840,20,1,0.32141423
15841,20,1,0.38838544
15842,25,1,0.50367063
15843,6,1,0.41108355
15844,11,1,0.6472966
15845,25,0,0.38616875
15846,13,0,0.4496562
15847,17,0,0.5598434
15848,12,0,0.34458566
15849,27,0,0.41789627
15850,24,1,0.48043096
15851,10,0,0.47284335
15852,8,0,0.55735
15853,18,1,0.55360174
15854,4,1,0.50652254
15855,8,1,0.9011503
15856,24,0,0.8039554
15857,15,1,0.6032999
15858,17,0,0.8731848
15859,9,0,0.32473442
15860,16,0,0.55078226
15861,26,1,0.1964703
15862,17,0,0.21533382
15863,22,1,0.6244462
15864,1,1,0.620328
15865,27,0,0.89419454
15866,11,0,0.4239138
15867,22,1,0.23927729
15868,11,0,0.48722476
15869,17,1,0.49667257
15870,28,0,0.48094633
15871,11,0,0.22106896
15872,11,0,0.2879748
15873,16,0,0.51907176
15874,5,0,0.6697077
15875,9,0,0.66087574
15876,1,0,0.47100338
15877,2,0,0.8470099
15878,13,0,0.5102966
15879,28,0,0.32504758
15880,17,0,0.47259235
15881,13,0,0.2456343
15882,14,0,0.2844368
15883,16,1,0.6755575
15884,13,1,0.8335676
15885,20,1,0.76868755
15886,8,1,0.3369791
15887,4,1,0.84572643
15888,23,1,0.33312243
15889,13,1,0.54304874
15890,10,1,0.42922637
15891,11,0,0.67192185
15892,12,0,0.2803571
15893,2,0,0.44971687
15894,18,0,0.5521403
15895,0,1,0.4395529
15896,22,0,0.3153753
15897,16,1,0.36684263
15898,23,1,0.24892981
15899,11,0,0.4345385
15900,13,0,0.29447338
15901,2,0,0.38715503
15902,14,1,0.48824188
15903,11,0,0.24012507
15904,6,1,0.49976343
15905,8,1,0.9128254
15906,17,0,0.46670562
15907,8,1,0.71148866
15908,2,0,0.580059
15909,2,0,0.304241
15910,15,1,0.61914086
15911,9,0,0.38395017
15912,2,0,0.44748545
15913,1,0,0.29245952
15914,4,1,0.44327328
15915,11,1,0.5916857
15916,15,0,0.24966872
15917,3,0,0.22282286
15918,11,0,0.5757254
15919,2,1,0.72142804
15920,4,0,0.254269
15921,20,1,0.7247949
15922,28,0,0.5296492
15923,26,1,0.6421279
15924,24,0,0.3280985
15925,8,0,0.5589147
15926,2,1,0.6642342
15927,12,1,0.8793388
15928,28,0,0.32834283
15929,15,1,0.65286803
15930,25,1,0.923837
15931,5,0,0.6262929
15932,6,1,0.71869993
15933,2,1,0.29503444
15934,9,1,0.6308285
15935,14,0,0.413784
15936,26,1,0.5219114
15937,19,0,0.41095424
15938,14,1,0.331164
15939,2,0,0.5476313
15940,3,0,0.45165485
15941,10,1,0.9146821
15942,14,1,0.6689492
15943,0,1,0.83015543
15944,4,0,0.5630684
15945,1,1,0.2503478
15946,16,0,0.18207246
15947,11,0,0.28479818
15948,8,1,0.88672066
15949,12,1,0.57653606
15950,23,0,0.69281894
15951,22,0,0.230338
15952,23,1,0.88583297
15953,22,0,0.18761371
15954,15,1,0.477821
15955,17,1,0.7091404
15956,20,1,0.49169096
15957,27,1,0.53471273
15958,26,0,0.5224881
15959,2,1,0.48258495
15960,16,1,0.271654
15961,12,0,0.31201777
15962,13,0,0.41409054
15963,12,0,0.4077257
15964,7,1,0.5570494
15965,4,0,0.26533654
15966,9,1,0.49651363
15967,3,1,0.3550683
15968,7,0,0.6057194
15969,21,1,0.5348265
15970,1,1,0.40742037
15971,15,1,0.31950873
15972,10,1,0.8858857
15973,14,1,0.88992214
15974,14,1,0.5289994
15975,20,0,0.21003245
15976,14,1,0.5081231
15977,2,0,0.43568724
15978,19,1,0.7090545
15979,1,0,0.34834462
15980,12,0,0.44772318
15981,28,1,0.25780082
15982,22,0,0.7233255
15983,2,0,0.24930783
15984,16,1,0.83900636
15985,0,0,0.5462062
15986,3,1,0.23037864
15987,12,1,0.85694754
15988,15,0,0.2507151
15989,12,0,0.5373935
15990,23,1,0.5373366
15991,0,1,0.40411377
15992,13,1,0.85132325
15993,6,0,0.563953
15994,28,0,0.33103728
15995,1,1,0.6679097
15996,23,1,0.3200589
15997,12,1,0.6035493
15998,16,1,0.63636655
15999,5,1,0.530482
16000,27,0,0.598978
16001,3,0,0.45162898
16002,2,1,0.83628505
16003,11,0,0.5094329
16004,15,1,0.6681301
16005,25,0,0.54225135
16006,22,1,0.7596739
16007,26,1,0.86027014
16008,3,0,0.4083208
16009,24,0,0.70584416
16010,12,0,0.2602107
16011,6,1,0.32734165
16012,21,1,0.8487866
16013,18,0,0.3893612
16014,15,1,0.4887077
16015,10,1,0.8047913
16016,24,1,0.69370776
16017,3,1,0.64582753
16018,25,0,0.22628303
16019,16,1,0.5044547
16020,13,1,0.50426006
16021,20,0,0.38810742
16022,10,1,0.5520086
16023,23,0,0.35515308
16024,5,0,0.5064459
16025,20,1,0.6773562
16026,13,1,0.5189021
16027,5,1,0.41435435
16028,8,1,0.6690621
16029,13,1,0.5613569
16030,15,1,0.53249186
16031,9,0,0.49947625
16032,1,1,0.7774717
16033,15,0,0.38750118
16034,7,0,0.36492783
16035,1,1,0.9238537
16036,11,1,0.44542903
16037,25,0,0.2743849
16038,12,1,0.36863786
16039,5,0,0.5526827
16040,12,0,0.28291637
16041,23,0,0.39381033
16042,16,0,0.44780388
16043,22,0,0.4931434
16044,20,0,0.4338422
16045,19,0,0.3856349
16046,20,0,0.47778288
16047,2,1,0.872378
16048,8,1,0.56572855
16049,14,0,0.25500837
16050,28,1,0.4879202
16051,27,0,0.22821435
16052,14,0,0.28173804
16053,10,0,0.6956479
16054,23,0,0.3249737
16055,21,0,0.62747836
16056,3,0,0.665471
16057,10,0,0.34342763
16058,7,0,0.21015601
16059,16,1,0.32698616
16060,26,1,0.5757122
16061,8,0,0.20788646
16062,14,0,0.19288336
16063,11,1,0.23862736
16064,8,0,0.63591075
16065,13,1,0.5681425
16066,1,1,0.5122514
16067,27,0,0.54634506
16068,8,1,0.7106447
16069,15,0,0.6613769
16070,4,0,0.50329345
16071,8,0,0.46107903
16072,0,1,0.9108345
16073,24,0,0.81729054
16074,16,0,0.80960184
16075,9,1,0.2258486
16076,22,1,0.50092393
16077,27,1,0.6590572
16078,4,0,0.35101575
16079,1,0,0.48471412
16080,20,0,0.22242486
16081,8,0,0.20487268
16082,1,1,0.23185419
16083,28,1,0.4490384
16084,10,1,0.59046215
16085,20,1,0.22239143
16086,17,1,0.8842098
16087,22,1,0.77260524
16088,8,0,0.4484632
16089,16,0,0.21548341
16090,7,1,0.63814443
16091,13,0,0.43403175
16092,2,0,0.5495319
16093,9,1,0.49755475
16094,6,1,0.87850106
16095,25,0,0.21684536
16096,16,0,0.2702514
16097,1,0,0.70877767
16098,16,0,0.22948606
16099,1,1,0.61829996
16100,26,0,0.894895
16101,12,0,0.73904437
16102,9,1,0.5357764
16103,14,1,0.8260617
16104,8,1,0.46161744
16105,25,0,0.45876542
16106,21,1,0.6722549
16107,17,0,0.26428485
16108,21,0,0.5428894
16109,2,0,0.28078255
16110,2,1,0.87926185
16111,2,1,0.5478941
16112,13,1,0.70204574
16113,10,1,0.61825114
16114,26,0,0.21411774
16115,28,0,0.3638758
16116,18,1,0.41410267
16117,13,0,0.87953985
16118,28,0,0.87875026
16119,13,0,0.52840465
16120,6,0,0.19828287
16121,16,1,0.6890829
16122,26,0,0.300818
16123,18,0,0.46222657
16124,14,0,0.28482893
16125,28,0,0.4292319
16126,20,0,0.7677158
16127,23,0,0.45115334
16128,1,0,0.26810718
16129,2,0,0.4452862
16130,19,1,0.873756
16131,17,0,0.30260572
16132,13,1,0.67755497
16133,16,1,0.4757193
16134,11,1,0.94010144
16135,8,1,0.80274695
16136,26,0,0.2294357
16137,25,0,0.659689
16138,2,1,0.8542965
16139,6,1,0.40337187
16140,16,0,0.39977083
16141,7,1,0.26230383
16142,7,1,0.49034107
16143,16,0,0.2497918
16144,17,0,0.20793334
16145,23,0,0.31862286
16146,10,0,0.30705318
16147,2,0,0.20313847
16148,26,1,0.5577171
16149,12,1,0.26783022
16150,16,0,0.5618688
16151,16,0,0.4647667
16152,6,0,0.60734844
16153,19,0,0.41613907
16154,24,0,0.4458131
16155,28,1,0.9316094
16156,6,0,0.30262676
16157,1,0,0.78836435
16158,11,1,0.509129
16159,20,0,0.17773893
16160,0,1,0.4330468
16161,13,1,0.7125823
16162,27,1,0.551724
16163,6,0,0.4337706
16164,8,0,0.63256234
16165,10,0,0.23689449
16166,2,1,0.49600938
16167,27,0,0.24119839
16168,20,0,0.6272788
16169,24,1,0.5453178
16170,14,1,0.611729
16171,16,0,0.8307951
16172,12,1,0.5425143
16173,16,0,0.2531091
16174,12,1,0.430893
16175,8,0,0.5103368
16176,10,0,0.26258764
16177,7,0,0.23778129
16178,17,0,0.5613352
16179,15,1,0.471412
16180,5,0,0.4758401
16181,11,0,0.21322037
16182,25,0,0.6009896
16183,23,1,0.73222256
16184,12,0,0.2442708
16185,7,1,0.7673269
16186,13,0,0.7969242
16187,10,1,0.65511954
16188,0,0,0.4977781
16189,10,0,0.4483813
16190,12,1,0.5652093
16191,18,1,0.39271012
16192,17,1,0.838833
16193,12,0,0.48731527
16194,6,1,0.8432779
16195,8,1,0.4584006
16196,20,1,0.905842
16197,27,0,0.56312835
16198,14,0,0.18214875
16199,11,1,0.8708566
16200,19,1,0.36717185
16201,15,0,0.28746408
16202,2,1,0.5734943
16203,5,1,0.46430048
16204,10,0,0.71758467
16205,12,1,0.5962605
16206,13,0,0.5533278
16207,6,1,0.49883655
16208,15,1,0.5168524
16209,15,1,0.5158562
16210,21,0,0.5115145
16211,7,1,0.52795935
16212,27,1,0.3836724
16213,12,0,0.22704591
16214,1,0,0.5610155
16215,1,1,0.3780037
16216,13,1,0.8420841
16217,15,1,0.3920291
16218,17,0,0.6334216
16219,19,0,0.6708189
16220,1,1,0.8901617
16221,8,0,0.19886519
16222,11,1,0.21467273
16223,2,1,0.44810298
16224,14,0,0.47380236
16225,16,1,0.5681667
16226,1,0,0.3911285
16227,15,1,0.7654764
16228,19,0,0.21698752
16229,11,0,0.32396394
16230,18,1,0.713203
16231,15,1,0.7763501
16232,4,0,0.4479331
16233,28,1,0.23448548
16234,13,0,0.58213633
16235,22,0,0.28798357
16236,26,1,0.23404618
16237,13,0,0.34049314
16238,26,1,0.74367934
16239,21,1,0.58484775
16240,2,0,0.5641324
16241,17,0,0.5986656
16242,10,1,0.55400664
16243,21,1,0.65405494
16244,25,1,0.87508833
16245,23,1,0.71509933
16246,25,0,0.22275439
16247,26,0,0.26814675
16248,18,0,0.20717286
16249,20,0,0.52207065
16250,8,1,0.7047079
16251,23,1,0.5191589
16252,17,1,0.7152419
16253,8,1,0.67938614
16254,28,0,0.43320888
16255,3,0,0.27347445
16256,3,0,0.41074508
16257,13,1,0.8174175
16258,10,1,0.5976142
16259,25,0,0.42527246
16260,8,0,0.5789271
16261,0,0,0.43239158
16262,8,0,0.3258954
16263,15,0,0.50161326
16264,18,1,0.5504426
16265,14,1,0.31233507
16266,26,1,0.3527639
16267,10,0,0.64843863
16268,15,0,0.22384448
16269,22,0,0.48331353
16270,5,0,0.3839112
16271,2,1,0.83951056
16272,26,1,0.6258854
16273,5,1,0.3013645
16274,4,1,0.70175713
16275,1,1,0.35435998
16276,25,1,0.82449096
16277,6,0,0.2246713
16278,27,1,0.2581076
16279,1,0,0.41860482
16280,2,1,0.38654068
16281,11,0,0.323279
16282,24,1,0.24010022
16283,9,0,0.6267047
16284,10,1,0.664127
16285,20,1,0.5161083
16286,24,0,0.29385993
16287,25,0,0.5267975
16288,12,1,0.49282458
16289,16,0,0.39535353
16290,18,1,0.9013624
16291,1,0,0.34116212
16292,1,0,0.29989567
16293,18,1,0.6122336
16294,20,1,0.585549
16295,2,0,0.43427587
16296,0,1,0.44115016
16297,2,1,0.6863691
16298,23,1,0.8772559
16299,11,0,0.26665294
16300,10,1,0.4720012
16301,6,1,0.23003589
16302,3,1,0.59851927
16303,1,0,0.63270956
16304,25,0,0.6184174
16305,0,0,0.2867381
16306,14,1,0.31875855
16307,6,0,0.25360152
16308,14,1,0.793493
16309,8,1,0.8321184
16310,11,0,0.87731797
16311,5,1,0.39232954
16312,11,0,0.21630788
16313,2,1,0.6194799
16314,10,1,0.5380428
16315,20,0,0.21939339
16316,13,1,0.8942531
16317,19,1,0.8553094
16318,23,0,0.47118202
16319,14,0,0.3656201
16320,16,0,0.8199808
16321,4,1,0.46270552
16322,10,1,0.49583519
16323,11,1,0.89027715
16324,9,1,0.5127349
16325,7,0,0.24047542
16326,18,1,0.91394955
16327,1,0,0.49024844
16328,1,1,0.21737696
16329,2,1,0.8491002
16330,16,1,0.846583
16331,8,1,0.34071812
16332,12,0,0.27254772
16333,2,0,0.45077533
16334,10,1,0.42844293
16335,17,1,0.23424977
16336,28,1,0.694388
16337,15,1,0.39128435
16338,6,1,0.6076943
16339,2,0,0.33579013
16340,13,0,0.4522147
16341,11,1,0.60131764
16342,12,1,0.17414075
16343,7,0,0.4086851
16344,10,0,0.27802047
16345,16,1,0.8383475
16346,1,1,0.26292828
16347,10,0,0.518156
16348,28,0,0.19906726
16349,20,0,0.22682801
16350,28,1,0.6159376
16351,11,0,0.36785305
16352,26,1,0.43700445
16353,27,0,0.32912275
16354,12,1,0.4256475
16355,2,1,0.70617115
16356,2,1,0.59064174
16357,15,0,0.48799002
16358,18,0,0.4416922
16359,20,0,0.5392308
16360,25,1,0.8752048
16361,6,1,0.93272233
16362,22,0,0.5924619
16363,23,1,0.2272559
16364,13,0,0.41757315
16365,18,1,0.5582977
16366,1,1,0.5410253
16367,3,1,0.8323047
16368,3,1,0.7984354
16369,2,0,0.23855554
16370,8,1,0.660379
16371,27,0,0.3491311
16372,25,1,0.58273786
16373,22,1,0.22236711
16374,6,1,0.26335043
16375,10,1,0.24135534
16376,14,1,0.5605068
16377,25,0,0.5671206
16378,22,0,0.39841565
16379,2,0,0.22266977
16380,14,1,0.9015768
16381,7,0,0.5804601
16382,9,0,0.3673385
16383,9,0,0.57073843
16384,11,0,0.394034
16385,13,0,0.21377504
16386,11,0,0.4769104
16387,25,0,0.35194832
16388,13,1,0.5315092
16389,4,0,0.24695288
16390,4,1,0.19191815
16391,1,0,0.4099909
16392,16,0,0.25225288
16393,21,1,0.5635208
16394,19,0,0.38870925
16395,15,1,0.65089357
16396,27,1,0.50902635
16397,15,0,0.6490695
16398,16,0,0.8728158
16399,25,0,0.20645007
16400,9,1,0.5738419
16401,10,0,0.24650067
16402,8,1,0.5903174
16403,1,0,0.75249106
16404,13,1,0.81408334
16405,16,0,0.21870309
16406,11,1,0.8913182
16407,5,0,0.48968658
16408,18,0,0.39674634
16409,1,0,0.39381066
16410,15,0,0.29800883
16411,5,0,0.5602325
16412,19,0,0.5121449
16413,24,0,0.19754729
16414,5,0,0.7890257
16415,3,1,0.53189886
16416,0,1,0.887022
16417,8,1,0.69746566
16418,28,1,0.44600725
16419,15,1,0.5650294
16420,19,1,0.5002754
16421,13,1,0.51762766
16422,22,0,0.68785375
16423,8,1,0.9132954
16424,2,1,0.2192573
16425,2,0,0.5706457
16426,21,1,0.4584058
16427,10,0,0.6010042
16428,16,1,0.62201244
16429,26,1,0.48556066
16430,3,0,0.6696539
16431,18,0,0.30554098
16432,3,1,0.8816425
16433,21,0,0.83692193
16434,9,1,0.70881927
16435,20,1,0.44311428
16436,18,0,0.25096282
16437,16,0,0.3070366
16438,8,1,0.76932096
16439,19,0,0.38521665
16440,6,0,0.3777627
16441,15,0,0.51745135
16442,18,1,0.8023785
16443,28,0,0.2110616
16444,13,1,0.431627
16445,1,0,0.5454624
16446,11,0,0.38410577
16447,16,0,0.21985768
16448,26,0,0.5277792
16449,13,0,0.19921336
16450,8,1,0.45012063
16451,8,1,0.7691571
16452,7,0,0.50387913
16453,10,1,0.54170555
16454,10,1,0.29844838
16455,17,0,0.31068355
16456,21,1,0.8269836
16457,7,0,0.6442558
16458,24,0,0.60219747
16459,19,1,0.42821804
16460,22,1,0.8834559
16461,10,1,0.8644557
16462,13,0,0.91753465
16463,11,0,0.29683268
16464,15,1,0.26705918
16465,5,1,0.46645057
16466,8,0,0.23016372
16467,16,0,0.23141631
16468,2,1,0.58499944
16469,20,0,0.44801444
16470,20,1,0.7846372
16471,15,0,0.24456932
16472,19,0,0.21461679
16473,13,1,0.92193455
16474,23,1,0.5400119
16475,12,0,0.42032775
16476,9,1,0.69312793
16477,17,0,0.43034154
16478,13,1,0.41522565
16479,1,1,0.49577165
16480,26,0,0.19921696
16481,13,1,0.66257197
16482,6,0,0.2837331
16483,8,0,0.8091878
16484,14,0,0.51146173
16485,3,1,0.44669315
16486,15,1,0.5429666
16487,3,1,0.7884748
16488,9,0,0.49408752
16489,13,0,0.19687882
16490,27,0,0.3912997
16491,21,1,0.35309952
16492,2,0,0.44825998
16493,18,0,0.5537356
16494,11,0,0.35270324
16495,7,1,0.20041418
16496,24,1,0.5385456
16497,11,1,0.4593299
16498,8,1,0.460742
16499,5,1,0.63953024
16500,12,0,0.51750207
16501,6,1,0.45669767
16502,20,1,0.92755574
16503,26,0,0.30064523
16504,20,0,0.29271904
16505,2,0,0.5534728
16506,0,0,0.93667036
16507,10,0,0.39866823
16508,16,0,0.46057352
16509,12,1,0.5309614
16510,9,0,0.63633865
16511,26,1,0.59339905
16512,8,1,0.5435011
16513,0,1,0.89933825
16514,18,0,0.41648075
16515,6,1,0.59667087
16516,13,0,0.28772613
16517,26,1,0.68860734
16518,13,0,0.3169861
16519,11,0,0.45727602
16520,1,0,0.40790266
16521,3,1,0.46054623
16522,6,0,0.3803884
16523,4,1,0.5170962
16524,28,0,0.26625696
16525,7,0,0.45566773
16526,13,0,0.5080899
16527,2,0,0.45184427
16528,24,0,0.46918172
16529,15,1,0.5883749
16530,5,1,0.48471814
16531,7,0,0.4925741
16532,13,1,0.28003585
16533,20,0,0.41516268
16534,15,1,0.6767843
16535,18,1,0.32774758
16536,15,0,0.20436956
16537,14,1,0.39174017
16538,1,1,0.8776706
16539,13,1,0.6156559
16540,26,0,0.4453332
16541,16,0,0.33405235
16542,26,1,0.4277524
16543,11,0,0.6039791
16544,25,0,0.40470025
16545,26,1,0.9057666
16546,8,1,0.4600421
