,tissue_ids,target,prediction
0,11,0,0.5311281
1,11,0,0.55101955
2,15,1,0.48830685
3,15,1,0.33504775
4,11,0,0.353662
5,4,0,0.48310155
6,1,0,0.6589285
7,22,1,0.7205445
8,22,1,0.6309744
9,20,0,0.78688926
10,8,0,0.2868805
11,2,1,0.57699287
12,26,0,0.59999347
13,13,1,0.61543936
14,13,1,0.58856267
15,2,1,0.7355799
16,6,1,0.77190363
17,2,1,0.5529187
18,20,1,0.5210979
19,26,1,0.68412066
20,11,1,0.53809804
21,23,1,0.5263443
22,12,0,0.5111479
23,8,0,0.3904044
24,2,1,0.5062884
25,9,1,0.3277198
26,28,1,0.42074287
27,19,0,0.6361247
28,16,0,0.69396263
29,21,1,0.7512081
30,21,0,0.33873892
31,8,0,0.30917
32,17,1,0.54136986
33,14,0,0.49117324
34,26,0,0.47891074
35,6,1,0.58749396
36,25,0,0.7494599
37,2,1,0.33641312
38,2,1,0.713375
39,2,1,0.62263227
40,14,0,0.27722374
41,27,1,0.6935557
42,16,1,0.5149878
43,20,0,0.40159723
44,6,1,0.73944867
45,2,0,0.44624418
46,14,1,0.48917982
47,25,1,0.5977797
48,8,1,0.5253712
49,6,0,0.4985443
50,12,0,0.6324412
51,13,1,0.66089565
52,25,1,0.42234355
53,1,0,0.6041026
54,28,0,0.63105357
55,16,0,0.44819742
56,2,1,0.62362677
57,22,0,0.29284453
58,11,0,0.3425502
59,18,1,0.31152076
60,21,0,0.2631505
61,8,1,0.4336509
62,15,0,0.33146617
63,2,1,0.36721435
64,1,1,0.6596963
65,0,1,0.37651432
66,12,1,0.69613767
67,17,0,0.6829643
68,11,1,0.6629325
69,27,1,0.7428423
70,12,0,0.57332456
71,4,0,0.79664665
72,28,0,0.34003374
73,12,0,0.3127253
74,8,0,0.33168292
75,25,0,0.29274136
76,24,1,0.7173021
77,14,0,0.3115451
78,20,0,0.350566
79,13,1,0.5382364
80,27,1,0.55012316
81,13,0,0.4008728
82,26,1,0.41311333
83,12,1,0.64488596
84,11,0,0.24676986
85,4,0,0.42476106
86,9,1,0.62008727
87,12,1,0.6821086
88,20,0,0.50006163
89,28,1,0.810925
90,27,1,0.4356737
91,18,1,0.6578401
92,13,1,0.32132763
93,8,1,0.53298855
94,20,1,0.5377697
95,7,0,0.4599825
96,3,1,0.6703212
97,16,0,0.68131435
98,10,0,0.7486717
99,1,1,0.7147238
100,14,1,0.7159657
101,20,1,0.52349067
102,13,0,0.4573506
103,22,0,0.3791197
104,14,0,0.61095667
105,7,0,0.37724438
106,2,0,0.37393117
107,8,1,0.5050026
108,9,1,0.6970498
109,17,0,0.505998
110,22,1,0.5384747
111,10,1,0.76945287
112,7,1,0.6938511
113,19,0,0.5090049
114,18,0,0.5290073
115,13,1,0.63857144
116,2,1,0.5732797
117,2,1,0.5994822
118,6,1,0.6113964
119,4,0,0.37306154
120,15,0,0.4106216
121,13,1,0.43139142
122,28,0,0.56088257
123,25,1,0.6937637
124,5,1,0.5123962
125,8,0,0.73749465
126,18,1,0.47201195
127,20,0,0.7035039
128,16,1,0.43181875
129,24,1,0.5846808
130,16,0,0.290908
131,25,1,0.24628636
132,13,1,0.73296124
133,2,1,0.53427106
134,15,0,0.70997626
135,28,1,0.72202784
136,8,1,0.3611834
137,2,0,0.42133522
138,27,1,0.73994017
139,12,1,0.59968704
140,6,0,0.5413782
141,20,0,0.5453452
142,6,0,0.4074108
143,23,0,0.5688106
144,16,1,0.51198655
145,28,0,0.3236939
146,16,1,0.6821911
147,1,0,0.42055222
148,13,1,0.7849616
149,26,0,0.27965784
150,16,1,0.7267756
151,23,1,0.40282384
152,16,0,0.61535805
153,22,0,0.51611114
154,22,1,0.66078335
155,7,1,0.38569447
156,11,0,0.58256406
157,26,1,0.5750604
158,2,0,0.54637045
159,15,1,0.533985
160,2,1,0.5768404
161,22,0,0.35648668
162,28,0,0.2566292
163,4,0,0.27880856
164,22,0,0.59409815
165,16,0,0.45665514
166,25,1,0.34655604
167,0,0,0.3868434
168,25,1,0.5953068
169,4,1,0.49182013
170,6,0,0.2911954
171,23,1,0.6848666
172,6,0,0.38771966
173,2,0,0.5153381
174,1,1,0.73336226
175,11,0,0.56502676
176,2,1,0.5098004
177,20,0,0.33233514
178,25,1,0.35722777
179,1,1,0.54187316
180,13,0,0.37149438
181,12,1,0.6026628
182,16,1,0.4857209
183,18,0,0.6259893
184,13,0,0.41135105
185,1,0,0.6122043
186,20,1,0.7397111
187,1,0,0.5233148
188,25,0,0.6595418
189,11,0,0.49491698
190,4,0,0.29567316
191,14,0,0.3592583
192,0,1,0.46582663
193,1,0,0.6365335
194,15,1,0.6910872
195,17,0,0.39604926
196,6,0,0.3083389
197,7,0,0.48767352
198,3,1,0.7227657
199,12,1,0.49932513
200,15,0,0.35927102
201,3,0,0.35586095
202,24,1,0.46375582
203,9,0,0.39053956
204,20,1,0.52874005
205,12,0,0.42493948
206,8,0,0.43701547
207,15,1,0.7132302
208,0,1,0.36020938
209,4,0,0.47258484
210,13,1,0.7687055
211,0,1,0.6074374
212,14,1,0.6966235
213,17,0,0.5149187
214,23,0,0.40528765
215,5,1,0.26841477
216,2,1,0.625655
217,16,1,0.70127517
218,8,1,0.69143724
219,26,0,0.7081199
220,16,1,0.6887043
221,19,0,0.57474166
222,3,1,0.59026426
223,12,0,0.50361156
224,10,0,0.30394608
225,9,1,0.58204263
226,0,0,0.5819814
227,23,0,0.33892938
228,26,0,0.42638603
229,10,1,0.5609259
230,15,1,0.5968296
231,20,1,0.7412893
232,4,0,0.43938184
233,19,1,0.45534208
234,14,0,0.78929496
235,16,1,0.6775333
236,20,0,0.4125667
237,18,1,0.7260007
238,3,0,0.38005832
239,13,1,0.6650352
240,1,1,0.4309325
241,16,0,0.7043611
242,6,1,0.61082226
243,23,1,0.58188784
244,5,1,0.7004078
245,12,1,0.64006966
246,3,0,0.41297725
247,7,0,0.54149747
248,13,0,0.43296131
249,16,0,0.41175738
250,19,0,0.27727655
251,25,0,0.29846
252,2,0,0.4348914
253,12,1,0.662663
254,12,1,0.699109
255,14,0,0.28407022
256,13,0,0.37201464
257,1,1,0.77256376
258,6,1,0.7087707
259,13,0,0.5343284
260,17,0,0.27965105
261,23,0,0.39391094
262,3,1,0.72307783
263,16,0,0.48627198
264,13,0,0.51139575
265,2,0,0.46858916
266,20,0,0.39937392
267,28,0,0.25477538
268,25,1,0.77810895
269,15,0,0.4521216
270,0,0,0.610045
271,6,1,0.66269606
272,19,0,0.25716987
273,20,0,0.436743
274,5,1,0.47658366
275,16,1,0.29336095
276,15,0,0.47738412
277,20,1,0.4785108
278,28,1,0.7419127
279,23,0,0.33803546
280,16,1,0.40746462
281,1,0,0.45446277
282,20,0,0.36533067
283,5,1,0.5839866
284,13,0,0.58125323
285,24,1,0.74934983
286,5,0,0.28880957
287,10,0,0.56009436
288,13,0,0.3793689
289,11,0,0.37742803
290,3,0,0.3827134
291,1,1,0.5913771
292,4,0,0.24233356
293,1,1,0.44480935
294,1,1,0.70616245
295,0,0,0.28448096
296,27,1,0.7231293
297,10,1,0.5943215
298,17,1,0.3310808
299,15,1,0.6404218
300,11,1,0.58831567
301,25,1,0.44918197
302,17,0,0.5032764
303,4,1,0.59792495
304,15,1,0.6063857
305,8,1,0.5319228
306,4,0,0.30605066
307,6,0,0.27135277
308,12,1,0.67765254
309,4,1,0.6369146
310,26,0,0.44991797
311,1,0,0.47766536
312,12,1,0.48843038
313,18,1,0.72349167
314,28,1,0.42754635
315,15,0,0.5246443
316,12,0,0.4834664
317,4,1,0.5675191
318,27,1,0.49946222
319,10,0,0.5017988
320,4,1,0.6099911
321,14,1,0.72069854
322,16,0,0.48310632
323,8,1,0.69008845
324,8,1,0.6388402
325,27,1,0.60511494
326,13,1,0.74925274
327,12,1,0.7696242
328,12,1,0.6376839
329,11,0,0.2704876
330,26,0,0.28333816
331,27,0,0.39897394
332,16,1,0.469489
333,4,1,0.68221265
334,2,1,0.62552315
335,26,0,0.3520832
336,10,0,0.40787283
337,27,0,0.41348022
338,16,0,0.2527769
339,11,1,0.37459537
340,21,0,0.35731077
341,12,0,0.586877
342,16,0,0.3017916
343,15,1,0.71872526
344,3,1,0.43824303
345,13,0,0.3125299
346,8,0,0.5214812
347,1,0,0.33379927
348,4,1,0.3604178
349,15,1,0.7022021
350,26,1,0.72060704
351,15,0,0.6644883
352,14,1,0.40308955
353,7,1,0.47259608
354,27,1,0.39296544
355,9,1,0.34279233
356,22,0,0.4469883
357,2,0,0.37982646
358,3,1,0.6991179
359,27,0,0.492825
360,12,0,0.48580992
361,3,0,0.30474588
362,24,1,0.688222
363,17,1,0.4257129
364,28,1,0.31349328
365,26,1,0.7419574
366,2,0,0.63432455
367,23,0,0.6073017
368,10,1,0.54717815
369,16,0,0.47999108
370,22,1,0.6902325
371,14,0,0.5815789
372,5,0,0.3689913
373,15,1,0.31101787
374,12,0,0.5810518
375,11,1,0.49400243
376,2,1,0.43536448
377,2,1,0.62276685
378,8,0,0.45756108
379,13,0,0.28611663
380,0,0,0.31195304
381,3,1,0.41725
382,10,1,0.50850147
383,15,0,0.3177352
384,18,1,0.5948437
385,27,1,0.37109786
386,23,0,0.69015807
387,18,0,0.43109515
388,8,1,0.6723018
389,25,0,0.35348424
390,7,1,0.5612203
391,1,0,0.6221701
392,3,1,0.42861807
393,17,0,0.3355331
394,13,0,0.33249846
395,4,1,0.6945021
396,26,1,0.49279982
397,3,1,0.5274565
398,21,1,0.43399632
399,16,1,0.5412187
400,2,0,0.46419156
401,12,0,0.36182973
402,13,1,0.35480303
403,16,0,0.31579065
404,12,0,0.47795144
405,11,0,0.5105562
406,19,0,0.33882284
407,15,1,0.63910156
408,11,1,0.6844217
409,22,0,0.5585971
410,12,1,0.74252355
411,7,0,0.51644975
412,27,0,0.60096526
413,25,1,0.60303026
414,10,0,0.6675612
415,14,0,0.29654077
416,16,0,0.5599264
417,20,0,0.3029984
418,13,0,0.39808515
419,16,1,0.7069096
420,1,0,0.40577415
421,18,1,0.67194104
422,2,0,0.77893776
423,25,0,0.49301344
424,1,1,0.54827046
425,8,1,0.50351405
426,23,0,0.7246663
427,13,0,0.36712873
428,5,1,0.6490222
429,16,0,0.32901528
430,18,1,0.7335013
431,6,1,0.5498539
432,16,1,0.45721138
433,13,1,0.67462575
434,26,0,0.7096102
435,15,0,0.36010474
436,9,0,0.2982465
437,10,0,0.4676482
438,26,1,0.5168634
439,7,1,0.39734685
440,7,1,0.565066
441,15,1,0.33872655
442,28,0,0.43246722
443,22,0,0.2718119
444,18,0,0.40665153
445,15,1,0.39513853
446,18,1,0.6089797
447,17,1,0.3855128
448,24,1,0.8014955
449,15,1,0.6679015
450,15,1,0.6625411
451,27,0,0.6117477
452,19,1,0.5673597
453,12,1,0.68377906
454,6,1,0.7693859
455,19,0,0.60022116
456,13,0,0.5650108
457,10,1,0.5182902
458,20,1,0.44923502
459,15,0,0.7023145
460,15,1,0.58227026
461,26,0,0.44671732
462,23,0,0.4872153
463,10,1,0.63672584
464,9,1,0.49042138
465,19,0,0.26931614
466,20,0,0.6321647
467,7,1,0.60274553
468,20,0,0.6186836
469,5,1,0.6649677
470,16,0,0.28122142
471,11,1,0.45013502
472,1,1,0.62638557
473,3,0,0.48087838
474,11,1,0.558917
475,8,1,0.65902007
476,26,0,0.5193681
477,3,1,0.49410498
478,6,1,0.6722634
479,21,1,0.40364367
480,26,1,0.4628654
481,23,0,0.75619984
482,6,0,0.50327945
483,15,0,0.5584546
484,26,1,0.40276358
485,1,0,0.65685415
486,20,0,0.5282309
487,20,1,0.57220304
488,6,1,0.5164768
489,12,0,0.3729247
490,14,1,0.5244095
491,14,1,0.6521355
492,17,1,0.7512816
493,23,1,0.65521705
494,22,0,0.28713292
495,22,1,0.42240915
496,27,0,0.4087285
497,3,1,0.46037924
498,9,0,0.38535807
499,2,1,0.67807347
500,2,1,0.5422792
501,8,0,0.6855734
502,27,1,0.44945237
503,13,0,0.25338438
504,25,0,0.4340214
505,15,0,0.72473127
506,20,1,0.79403055
507,11,0,0.54797095
508,4,0,0.3434538
509,17,1,0.40542835
510,14,1,0.6873279
511,2,1,0.78151697
512,2,1,0.75012654
513,11,1,0.65204585
514,3,1,0.7093837
515,26,1,0.73282987
516,26,0,0.6191628
517,1,0,0.6713952
518,26,0,0.28751042
519,4,0,0.5609672
520,10,0,0.49829584
521,27,1,0.6616241
522,10,0,0.33214024
523,13,0,0.4866961
524,3,0,0.2650798
525,2,0,0.6499864
526,15,0,0.67004037
527,28,0,0.5430397
528,7,0,0.4961711
529,21,1,0.38456032
530,13,0,0.25618747
531,19,1,0.780187
532,3,1,0.60292065
533,17,1,0.34560207
534,16,1,0.7122461
535,23,1,0.4091888
536,25,0,0.32745603
537,10,1,0.64701176
538,20,0,0.5229101
539,6,1,0.58425736
540,8,0,0.36367118
541,22,0,0.5667806
542,0,0,0.61139953
543,3,1,0.5296311
544,8,0,0.24534947
545,2,0,0.49526006
546,8,1,0.53774005
547,17,0,0.2744509
548,2,0,0.6569718
549,20,0,0.3571308
550,6,0,0.5199694
551,25,1,0.6931042
552,20,0,0.41044345
553,12,1,0.76564896
554,10,1,0.4104178
555,2,1,0.4050039
556,5,0,0.5903047
557,20,1,0.6647298
558,22,0,0.5344876
559,21,1,0.7420133
560,6,1,0.6729968
561,1,0,0.3233282
562,1,0,0.3232971
563,12,0,0.5339734
564,28,0,0.32026035
565,24,0,0.37197074
566,15,1,0.54152304
567,3,1,0.48842856
568,12,0,0.5004816
569,2,1,0.42312104
570,15,0,0.501962
571,16,0,0.4194439
572,2,0,0.41743672
573,15,1,0.48065376
574,3,0,0.41340128
575,26,1,0.35438395
576,22,0,0.49386254
577,1,0,0.39194128
578,26,1,0.34383988
579,21,1,0.48932374
580,20,0,0.3016583
581,7,1,0.44609815
582,20,1,0.73209435
583,18,0,0.37362143
584,2,1,0.5505951
585,0,0,0.297829
586,17,1,0.5776206
587,13,0,0.46969488
588,24,0,0.35929844
589,11,0,0.53546435
590,26,1,0.3839194
591,4,1,0.7502297
592,19,0,0.3744491
593,14,1,0.8229588
594,17,1,0.68280673
595,8,0,0.2644789
596,7,0,0.6079225
597,22,1,0.3820574
598,17,0,0.3714095
599,17,1,0.65851355
600,7,0,0.58802307
601,27,0,0.4579665
602,14,1,0.45388734
603,28,1,0.49883056
604,16,0,0.3122554
605,21,1,0.58355266
606,1,0,0.48314568
607,28,0,0.3217036
608,26,1,0.3561673
609,16,0,0.35255316
610,4,0,0.35238948
611,16,1,0.62854606
612,20,1,0.5385105
613,8,1,0.35986435
614,13,1,0.29336116
615,2,0,0.44548872
616,4,1,0.36424547
617,8,0,0.34744444
618,12,1,0.6199824
619,2,1,0.6450214
620,0,0,0.44560403
621,2,0,0.6709977
622,10,1,0.3508813
623,5,0,0.33812237
624,0,0,0.40990606
625,8,0,0.47751564
626,4,1,0.40155587
627,16,1,0.39375484
628,1,1,0.5289606
629,21,1,0.69520575
630,20,1,0.5441686
631,24,1,0.51790065
632,22,0,0.43671134
633,1,0,0.3297467
634,7,1,0.7483206
635,24,0,0.40429953
636,26,0,0.38471603
637,21,0,0.3077563
638,16,0,0.34020534
639,11,1,0.6431971
640,28,0,0.33533344
641,6,0,0.4024533
642,21,1,0.53583413
643,21,0,0.2835665
644,15,1,0.34261018
645,16,1,0.572512
646,4,0,0.62972295
647,3,1,0.747459
648,18,0,0.54468375
649,13,0,0.6035027
650,16,0,0.4052498
651,16,1,0.6196643
652,1,0,0.39130583
653,25,0,0.2810548
654,22,0,0.3934843
655,2,1,0.4150675
656,16,1,0.49620515
657,10,1,0.72132856
658,13,0,0.45295614
659,6,0,0.49905735
660,2,1,0.3837441
661,10,1,0.46645737
662,15,1,0.42720833
663,25,1,0.8180156
664,25,1,0.72487557
665,2,1,0.71737206
666,2,0,0.27960664
667,26,0,0.33667645
668,0,1,0.65306073
669,3,1,0.6906305
670,23,1,0.61204875
671,28,0,0.64326155
672,1,1,0.68460435
673,13,0,0.47958845
674,13,0,0.31102896
675,17,1,0.6355841
676,10,1,0.79430383
677,13,0,0.42223522
678,20,1,0.7488118
679,18,1,0.46072206
680,8,1,0.7094535
681,26,0,0.27814287
682,16,1,0.46855015
683,12,0,0.44848323
684,6,1,0.28903595
685,12,0,0.5587617
686,8,0,0.4507698
687,26,1,0.46910033
688,11,1,0.7559353
689,8,1,0.68020356
690,15,0,0.52026486
691,28,0,0.2654651
692,16,0,0.42948174
693,20,1,0.36726275
694,10,0,0.68568206
695,11,0,0.29021874
696,8,1,0.41812184
697,3,0,0.39483404
698,5,1,0.6123377
699,1,1,0.4096718
700,15,1,0.467568
701,26,0,0.4375422
702,12,0,0.29071543
703,10,0,0.37637076
704,13,0,0.30234772
705,18,1,0.7203884
706,10,1,0.66598976
707,9,0,0.2935207
708,26,0,0.2881817
709,16,0,0.3119094
710,1,1,0.49368382
711,6,1,0.6070399
712,14,0,0.5335516
713,11,0,0.30683595
714,13,1,0.5530308
715,25,0,0.45730394
716,1,1,0.7859646
717,18,0,0.66100913
718,2,0,0.7458189
719,17,0,0.520644
720,28,1,0.57853
721,13,1,0.5064335
722,25,0,0.38572258
723,5,0,0.4779969
724,15,1,0.76532793
725,8,1,0.7600929
726,19,1,0.5861271
727,8,0,0.49336052
728,1,1,0.75263655
729,0,1,0.50290257
730,18,0,0.41073176
731,22,1,0.5147607
732,2,0,0.40731123
733,14,1,0.65470946
734,14,1,0.50641847
735,13,0,0.4526342
736,26,1,0.46513504
737,0,1,0.5183666
738,3,1,0.7031097
739,16,0,0.47476336
740,13,0,0.30768985
741,26,1,0.42600164
742,8,0,0.28479117
743,28,1,0.4114838
744,4,0,0.28887352
745,22,1,0.63808656
746,6,1,0.5901863
747,3,1,0.5551955
748,11,1,0.33254528
749,14,1,0.78624624
750,13,0,0.5270896
751,13,1,0.49987867
752,4,0,0.5314263
753,22,1,0.7895801
754,1,1,0.6042888
755,14,1,0.33290482
756,28,1,0.6851502
757,20,1,0.34038436
758,6,0,0.7572337
759,12,0,0.55107147
760,15,0,0.4715954
761,21,0,0.3870782
762,11,0,0.35614592
763,2,1,0.45446235
764,17,1,0.6481169
765,24,1,0.6780794
766,9,1,0.6980973
767,28,1,0.5499865
768,19,1,0.32287964
769,0,0,0.6381748
770,8,1,0.7133562
771,9,0,0.5521494
772,10,1,0.654997
773,15,1,0.72326994
774,2,0,0.32662544
775,2,0,0.30335975
776,25,0,0.41562733
777,3,0,0.5333377
778,14,0,0.30258226
779,0,0,0.38280898
780,15,0,0.4062977
781,16,1,0.4472062
782,13,1,0.42038205
783,0,0,0.2878957
784,26,0,0.2992838
785,18,0,0.45229968
786,10,0,0.46439818
787,27,0,0.37928224
788,11,0,0.32747385
789,3,1,0.41224757
790,2,1,0.615773
791,23,0,0.2829823
792,17,1,0.56196004
793,5,0,0.3989433
794,25,0,0.2931617
795,10,0,0.4003084
796,14,1,0.31371194
797,4,1,0.5720968
798,27,1,0.49100527
799,10,0,0.3242628
800,4,0,0.28574896
801,17,0,0.5141137
802,13,0,0.48727173
803,22,1,0.5730724
804,3,1,0.70441586
805,9,1,0.31506637
806,2,1,0.44885895
807,9,0,0.61601573
808,22,0,0.62432045
809,24,0,0.25928214
810,12,1,0.5542972
811,20,1,0.55569977
812,1,0,0.2928652
813,24,0,0.33590174
814,11,1,0.52675533
815,23,0,0.36820945
816,1,0,0.6072693
817,19,1,0.6636521
818,3,1,0.5863859
819,23,1,0.7464828
820,10,1,0.6064845
821,0,1,0.31427485
822,13,0,0.2781397
823,0,0,0.51444155
824,11,0,0.39739266
825,26,0,0.42427742
826,7,0,0.5597914
827,16,1,0.5568341
828,19,0,0.33647797
829,27,1,0.750543
830,27,0,0.32406813
831,1,0,0.48549715
832,16,1,0.4398559
833,26,0,0.36236727
834,13,0,0.3494353
835,25,0,0.52364033
836,27,1,0.28954172
837,16,1,0.42623785
838,21,1,0.7590725
839,10,1,0.70655715
840,25,0,0.71148515
841,1,0,0.7568716
842,13,0,0.38272992
843,9,1,0.36864
844,11,0,0.58263886
845,25,1,0.43002126
846,2,1,0.49427408
847,25,1,0.65190923
848,7,0,0.72145164
849,28,1,0.27252498
850,22,1,0.27466097
851,15,1,0.7101157
852,16,1,0.6925817
853,11,0,0.2847996
854,17,0,0.32321668
855,27,0,0.45740607
856,8,1,0.6129561
857,6,0,0.29278764
858,0,1,0.77900785
859,26,0,0.28176168
860,22,0,0.6684651
861,26,0,0.4684567
862,8,1,0.3965217
863,9,1,0.4161102
864,22,0,0.51749325
865,2,1,0.6756819
866,27,0,0.49618465
867,8,1,0.5931535
868,7,1,0.5798867
869,19,1,0.70695317
870,15,0,0.6034354
871,10,1,0.7674894
872,8,1,0.57007986
873,25,0,0.5470106
874,1,1,0.49372825
875,8,0,0.40628347
876,7,0,0.42239186
877,16,1,0.5278061
878,16,1,0.7280236
879,11,0,0.6134305
880,22,0,0.64107984
881,16,0,0.31245825
882,11,1,0.6726015
883,26,0,0.59419996
884,16,1,0.33451614
885,12,0,0.35287675
886,18,1,0.4087865
887,17,0,0.36324945
888,0,1,0.44212383
889,8,1,0.44232315
890,17,0,0.38187894
891,6,0,0.5346021
892,26,0,0.48986816
893,23,0,0.36375248
894,28,0,0.6345087
895,6,0,0.40332645
896,1,0,0.52702385
897,18,0,0.7157163
898,10,1,0.62992764
899,10,0,0.7314993
900,12,1,0.30095705
901,23,0,0.50390315
902,10,1,0.41755217
903,8,0,0.46464005
904,1,0,0.47443646
905,20,0,0.5670192
906,15,0,0.36695907
907,26,0,0.5296116
908,7,1,0.47591937
909,27,0,0.2796611
910,1,0,0.63050365
911,22,0,0.34072068
912,7,1,0.3767417
913,8,0,0.37429914
914,25,1,0.6651107
915,10,1,0.6097793
916,12,0,0.33049598
917,25,1,0.34365883
918,11,1,0.69420725
919,8,0,0.7314421
920,20,1,0.31833345
921,21,1,0.6378469
922,8,1,0.68152213
923,10,0,0.7136491
924,8,1,0.5438572
925,28,1,0.6120364
926,0,1,0.38005432
927,15,0,0.5563083
928,11,1,0.3132709
929,15,1,0.40883926
930,17,1,0.6316138
931,21,0,0.6881244
932,9,1,0.47864205
933,2,1,0.68170416
934,21,0,0.6033453
935,28,1,0.62819946
936,11,1,0.719436
937,14,1,0.5947505
938,23,1,0.7342432
939,1,0,0.6921796
940,20,0,0.5333741
941,16,1,0.69676733
942,19,0,0.25780407
943,13,0,0.4951712
944,19,1,0.2931084
945,6,1,0.7125642
946,4,1,0.51878756
947,6,0,0.4751267
948,23,0,0.6717141
949,22,0,0.47489038
950,3,0,0.45398736
951,14,1,0.5703558
952,10,0,0.28276345
953,1,0,0.49415505
954,5,0,0.31548688
955,10,0,0.4278388
956,22,0,0.32219085
957,15,1,0.7086862
958,16,0,0.330826
959,15,1,0.2855251
960,16,0,0.39968073
961,12,0,0.68234473
962,17,1,0.63266337
963,2,0,0.31629917
964,18,1,0.5735042
965,10,0,0.42502844
966,15,0,0.40388712
967,5,0,0.5382993
968,15,0,0.33954152
969,15,1,0.4487507
970,21,1,0.62641567
971,24,0,0.46612588
972,17,1,0.5604073
973,8,1,0.26643044
974,11,0,0.42583323
975,7,1,0.7373664
976,2,0,0.31389296
977,13,1,0.28140986
978,5,0,0.37515566
979,13,0,0.35000297
980,20,0,0.46395403
981,8,0,0.44724712
982,13,1,0.49531937
983,2,1,0.71196204
984,10,0,0.4599582
985,15,0,0.34754372
986,13,0,0.4356568
987,24,1,0.70549893
988,25,1,0.6072808
989,8,1,0.5553737
990,25,1,0.418502
991,14,0,0.3388134
992,2,0,0.33953303
993,13,1,0.5624133
994,13,0,0.44796768
995,15,0,0.53352326
996,10,0,0.46863836
997,6,0,0.4686217
998,14,0,0.5521691
999,8,1,0.62796456
1000,10,1,0.48310688
1001,20,0,0.3848602
1002,6,1,0.5929739
1003,16,1,0.47652256
1004,2,0,0.65098614
1005,1,1,0.47242582
1006,1,0,0.47199094
1007,6,0,0.28322563
1008,10,0,0.54552567
1009,23,0,0.47379476
1010,13,1,0.65411174
1011,13,0,0.61212987
1012,11,1,0.6174821
1013,25,1,0.5781651
1014,28,0,0.36435184
1015,10,1,0.6874919
1016,19,1,0.6436583
1017,20,0,0.43761927
1018,2,0,0.59786123
1019,13,0,0.4498272
1020,1,1,0.5038253
1021,16,1,0.66572297
1022,15,0,0.40088782
1023,14,1,0.62759066
1024,3,1,0.36194825
1025,23,0,0.38084698
1026,10,1,0.47836322
1027,9,0,0.26900238
1028,18,0,0.28123912
1029,22,0,0.3749455
1030,4,0,0.5296254
1031,0,0,0.5863451
1032,26,0,0.27773675
1033,18,1,0.681444
1034,2,1,0.47032592
1035,12,0,0.49198553
1036,22,1,0.6801643
1037,17,1,0.38892588
1038,1,0,0.2595582
1039,11,0,0.606196
1040,8,1,0.70979196
1041,11,1,0.70744675
1042,22,0,0.6032597
1043,20,0,0.35509595
1044,26,1,0.6035613
1045,14,0,0.56679386
1046,1,1,0.74368834
1047,28,1,0.51425415
1048,4,0,0.43959036
1049,26,0,0.61422336
1050,20,0,0.3522749
1051,17,1,0.7191718
1052,8,1,0.42005485
1053,19,0,0.25123525
1054,16,0,0.5491439
1055,26,0,0.6855353
1056,14,0,0.28690028
1057,16,1,0.76872313
1058,26,1,0.75537
1059,6,0,0.49886468
1060,1,1,0.6184026
1061,22,1,0.68002963
1062,13,1,0.54696965
1063,11,1,0.73907334
1064,10,0,0.335016
1065,5,1,0.7255074
1066,11,0,0.57606703
1067,9,1,0.45502573
1068,10,1,0.3135344
1069,27,0,0.51956326
1070,7,1,0.6949492
1071,15,1,0.757671
1072,4,1,0.5754064
1073,18,0,0.27104762
1074,15,0,0.28123698
1075,10,1,0.31983897
1076,17,1,0.661228
1077,5,1,0.7168258
1078,24,1,0.4120623
1079,16,1,0.77872807
1080,8,1,0.5580624
1081,8,0,0.4794101
1082,2,1,0.53539723
1083,8,0,0.6343657
1084,8,1,0.54185987
1085,16,1,0.4205253
1086,25,1,0.6285236
1087,4,1,0.80111027
1088,17,0,0.5090304
1089,28,1,0.3651327
1090,1,0,0.30988157
1091,12,1,0.51015997
1092,10,1,0.6756003
1093,15,0,0.29920927
1094,12,1,0.62314385
1095,2,0,0.44632477
1096,6,1,0.58478177
1097,26,1,0.68783617
1098,6,0,0.41884387
1099,10,0,0.34720784
1100,16,0,0.42631522
1101,14,1,0.49685147
1102,13,1,0.75186086
1103,10,0,0.40940362
1104,1,0,0.5735202
1105,11,0,0.40357682
1106,21,0,0.31046328
1107,16,1,0.49522054
1108,4,1,0.54259026
1109,20,1,0.5881779
1110,2,0,0.43358818
1111,6,0,0.34457105
1112,1,1,0.7170519
1113,2,1,0.7106679
1114,20,1,0.49221328
1115,16,1,0.37601367
1116,15,1,0.43072408
1117,12,1,0.63846755
1118,25,0,0.33584708
1119,3,0,0.30031466
1120,18,1,0.7452244
1121,23,0,0.52104944
1122,27,1,0.5880792
1123,0,1,0.6132672
1124,25,0,0.5556681
1125,11,1,0.7189924
1126,11,0,0.27342212
1127,15,1,0.56892514
1128,2,1,0.74327767
1129,15,1,0.68355167
1130,1,1,0.5498382
1131,18,1,0.645857
1132,25,1,0.30966124
1133,0,1,0.6203409
1134,25,1,0.26918426
1135,11,1,0.4686768
1136,16,1,0.6618838
1137,15,0,0.29005352
1138,13,0,0.317454
1139,15,0,0.367488
1140,17,0,0.37071654
1141,3,1,0.48709217
1142,16,1,0.7853379
1143,15,1,0.2825494
1144,7,1,0.60888183
1145,15,1,0.7240842
1146,12,1,0.5240782
1147,14,1,0.46838507
1148,1,1,0.30161992
1149,6,1,0.77854294
1150,1,0,0.37094992
1151,17,0,0.6072813
1152,10,0,0.37979388
1153,5,0,0.39419487
1154,27,1,0.64104944
1155,20,1,0.47174096
1156,23,0,0.51118326
1157,16,1,0.6738859
1158,2,0,0.37947848
1159,12,0,0.602931
1160,5,1,0.48997426
1161,16,1,0.6147399
1162,21,1,0.7769629
1163,10,0,0.42097896
1164,2,1,0.46059933
1165,8,1,0.35395443
1166,25,0,0.360999
1167,13,0,0.35080472
1168,13,0,0.44821686
1169,7,0,0.37275365
1170,28,1,0.42831808
1171,5,1,0.33138663
1172,14,0,0.32435417
1173,13,0,0.33220056
1174,21,1,0.6312692
1175,28,0,0.36399594
1176,2,1,0.49764267
1177,12,0,0.37710547
1178,25,0,0.3896707
1179,14,0,0.2968565
1180,17,1,0.66329324
1181,17,0,0.7440082
1182,13,0,0.5396143
1183,18,0,0.6748806
1184,11,0,0.46924376
1185,6,1,0.68911725
1186,6,0,0.5819067
1187,0,0,0.46037188
1188,27,0,0.40165153
1189,26,0,0.36202374
1190,16,0,0.49951756
1191,2,0,0.5914243
1192,26,1,0.34737653
1193,21,1,0.46651345
1194,4,1,0.6999696
1195,16,0,0.47001275
1196,16,1,0.54461163
1197,28,1,0.6477305
1198,16,1,0.5601301
1199,1,1,0.6642306
1200,7,0,0.52932334
1201,8,0,0.37781695
1202,7,1,0.4406544
1203,3,1,0.5126959
1204,4,0,0.5412271
1205,17,1,0.38331333
1206,25,0,0.6689502
1207,12,0,0.37609056
1208,7,1,0.79138887
1209,8,1,0.5362145
1210,4,0,0.5064772
1211,13,1,0.7743008
1212,15,1,0.50086206
1213,1,1,0.6396756
1214,2,0,0.37906978
1215,3,1,0.28679806
1216,8,0,0.36072326
1217,8,0,0.36486682
1218,15,0,0.30262172
1219,4,1,0.4690117
1220,22,1,0.6562707
1221,14,1,0.7022268
1222,0,0,0.52110845
1223,14,1,0.5440782
1224,21,0,0.34587696
1225,15,0,0.3312609
1226,15,1,0.38269272
1227,12,1,0.7828997
1228,20,0,0.47880363
1229,11,0,0.7143845
1230,7,1,0.68047196
1231,7,0,0.5881316
1232,1,1,0.32316947
1233,11,0,0.5113208
1234,20,1,0.6140891
1235,28,0,0.61561936
1236,20,0,0.3157932
1237,16,0,0.29247305
1238,11,1,0.4089461
1239,12,0,0.38500327
1240,21,0,0.5773077
1241,13,1,0.36016676
1242,2,0,0.4014335
1243,24,1,0.46963978
1244,7,1,0.48299
1245,4,0,0.72573054
1246,15,1,0.4967581
1247,5,1,0.625438
1248,13,0,0.6874039
1249,13,1,0.69695306
1250,16,0,0.3041549
1251,26,1,0.47892058
1252,10,1,0.53139126
1253,11,1,0.506587
1254,13,0,0.58646756
1255,16,1,0.6160418
1256,16,0,0.43098396
1257,28,0,0.29087958
1258,20,0,0.48243025
1259,2,0,0.2760163
1260,16,1,0.6399117
1261,13,0,0.2793079
1262,7,0,0.3222991
1263,16,1,0.6710633
1264,5,1,0.6028144
1265,2,1,0.37262636
1266,8,0,0.48389363
1267,2,0,0.30825076
1268,13,1,0.444051
1269,16,1,0.42840725
1270,2,0,0.30965936
1271,27,1,0.68965155
1272,0,1,0.5159975
1273,10,1,0.4925364
1274,6,0,0.48236227
1275,26,0,0.34508726
1276,1,1,0.5220718
1277,5,1,0.27968052
1278,27,1,0.48089856
1279,12,1,0.5018276
1280,13,0,0.601501
1281,23,1,0.39462772
1282,20,0,0.3193586
1283,1,0,0.6222564
1284,19,0,0.35024428
1285,22,0,0.391606
1286,15,0,0.25430414
1287,13,1,0.62744427
1288,22,0,0.31084076
1289,8,0,0.5065627
1290,11,1,0.60464364
1291,11,1,0.6703032
1292,8,0,0.49226725
1293,5,1,0.71167207
1294,26,1,0.45895657
1295,15,0,0.44879165
1296,25,0,0.39064047
1297,8,0,0.72050774
1298,16,0,0.5872666
1299,0,1,0.6065809
1300,17,0,0.6381538
1301,13,0,0.49103063
1302,14,0,0.2585774
1303,5,1,0.44129813
1304,23,1,0.5147882
1305,1,1,0.6845685
1306,16,1,0.66358453
1307,6,0,0.5870898
1308,2,0,0.37131232
1309,16,1,0.78532517
1310,25,1,0.7842258
1311,4,1,0.63069606
1312,1,0,0.36812496
1313,12,1,0.7440681
1314,16,0,0.43115386
1315,1,0,0.46206596
1316,11,1,0.7560492
1317,1,0,0.30945677
1318,7,1,0.5309484
1319,8,1,0.5698156
1320,16,0,0.45843035
1321,9,1,0.69222295
1322,25,1,0.4724118
1323,23,0,0.33535695
1324,16,0,0.5902249
1325,8,0,0.40793884
1326,28,1,0.5013385
1327,6,1,0.39596316
1328,15,0,0.71560436
1329,12,1,0.55323404
1330,8,1,0.5873565
1331,2,0,0.3414114
1332,11,1,0.3846673
1333,13,0,0.42330354
1334,16,1,0.27423057
1335,15,1,0.44985828
1336,18,0,0.28104213
1337,13,0,0.4227383
1338,1,1,0.64749056
1339,21,0,0.3757135
1340,8,1,0.3309698
1341,15,1,0.44310984
1342,10,1,0.70644003
1343,10,0,0.3610002
1344,9,0,0.50655884
1345,1,0,0.2998837
1346,25,0,0.4493654
1347,22,1,0.5803615
1348,11,0,0.68475807
1349,24,0,0.573944
1350,18,0,0.6201376
1351,13,0,0.4636744
1352,3,0,0.44887727
1353,15,0,0.42455047
1354,10,1,0.48422158
1355,23,1,0.6928871
1356,21,1,0.57392436
1357,10,0,0.3581811
1358,15,1,0.6150184
1359,9,1,0.32364452
1360,21,0,0.5115528
1361,25,1,0.6755988
1362,8,0,0.26871195
1363,10,1,0.5878636
1364,2,0,0.27624893
1365,23,0,0.281028
1366,25,1,0.5448563
1367,9,1,0.33881572
1368,27,0,0.43542373
1369,11,0,0.26714125
1370,5,1,0.74402165
1371,2,0,0.28788683
1372,8,1,0.4500444
1373,26,0,0.41014537
1374,21,1,0.7258421
1375,10,1,0.7439724
1376,2,1,0.49986437
1377,1,1,0.48949215
1378,3,0,0.348815
1379,8,1,0.5565418
1380,2,1,0.5923583
1381,13,1,0.60204315
1382,27,0,0.3788847
1383,20,0,0.622964
1384,28,0,0.39317504
1385,1,0,0.24741706
1386,1,1,0.58749664
1387,14,1,0.61852217
1388,6,1,0.5439197
1389,14,1,0.42251718
1390,8,0,0.28961286
1391,22,1,0.7102514
1392,11,1,0.55557066
1393,3,0,0.63085884
1394,12,1,0.30386308
1395,8,0,0.33067784
1396,15,0,0.30840194
1397,10,1,0.77066123
1398,16,1,0.70363665
1399,13,0,0.52843976
1400,28,1,0.71012026
1401,2,0,0.2885974
1402,26,0,0.69538146
1403,15,0,0.47389463
1404,19,1,0.33399546
1405,16,0,0.6581564
1406,12,1,0.5445757
1407,28,1,0.55594903
1408,18,1,0.7410124
1409,25,0,0.28825578
1410,0,1,0.77712655
1411,26,1,0.3677393
1412,28,1,0.6939842
1413,15,0,0.66620046
1414,27,0,0.32078388
1415,8,1,0.5188848
1416,27,0,0.49612674
1417,12,0,0.4847631
1418,19,0,0.42853522
1419,5,1,0.7449733
1420,21,0,0.55468804
1421,26,0,0.5546855
1422,7,0,0.51604646
1423,20,1,0.3471342
1424,13,0,0.580179
1425,25,0,0.4089618
1426,4,1,0.6209183
1427,3,0,0.6205455
1428,10,0,0.28333327
1429,28,1,0.5352562
1430,2,1,0.53021467
1431,20,1,0.49505225
1432,25,1,0.7081228
1433,11,0,0.6378795
1434,15,0,0.48576096
1435,18,1,0.45561942
1436,28,0,0.54165053
1437,25,1,0.49870992
1438,1,1,0.6872426
1439,9,0,0.34388876
1440,26,1,0.2861456
1441,13,0,0.40871233
1442,8,1,0.60922503
1443,7,1,0.48619407
1444,20,0,0.31307048
1445,0,0,0.40048644
1446,7,1,0.7542588
1447,3,0,0.46923667
1448,16,0,0.33717602
1449,13,0,0.2837157
1450,3,1,0.6382887
1451,1,0,0.70192987
1452,2,1,0.69257176
1453,1,1,0.5064465
1454,25,0,0.6201036
1455,26,1,0.6963848
1456,14,1,0.603733
1457,15,0,0.43393427
1458,11,0,0.5767042
1459,18,0,0.426769
1460,25,1,0.614466
1461,27,0,0.30805942
1462,20,0,0.36327738
1463,1,0,0.59285456
1464,2,1,0.372443
1465,28,1,0.67883056
1466,16,1,0.5807977
1467,28,1,0.63455224
1468,15,0,0.35920835
1469,11,0,0.25200891
1470,26,0,0.3929538
1471,25,1,0.667983
1472,26,0,0.44312495
1473,8,0,0.33687404
1474,13,0,0.48468107
1475,6,0,0.5811622
1476,8,0,0.46861726
1477,0,1,0.6630611
1478,25,1,0.7233891
1479,1,1,0.5234055
1480,4,0,0.40899992
1481,21,1,0.56704634
1482,27,0,0.31672367
1483,25,1,0.5181682
1484,20,1,0.6791655
1485,5,1,0.34443125
1486,12,0,0.66628337
1487,3,1,0.7727115
1488,7,1,0.34450337
1489,2,0,0.43396476
1490,16,1,0.7713035
1491,20,0,0.61805093
1492,26,0,0.59894663
1493,8,0,0.40306786
1494,2,1,0.5709187
1495,0,1,0.31101015
1496,23,1,0.53508157
1497,16,0,0.41670242
1498,5,1,0.5411436
1499,13,0,0.2909269
1500,13,1,0.70313865
1501,4,0,0.2878897
1502,7,1,0.67343605
1503,5,1,0.72313756
1504,3,0,0.5584737
1505,12,1,0.38647336
1506,4,0,0.46369755
1507,1,0,0.44932267
1508,3,0,0.28155878
1509,16,1,0.2719809
1510,2,0,0.6611058
1511,17,0,0.25865045
1512,2,1,0.59127903
1513,10,0,0.33628812
1514,21,1,0.57774854
1515,15,1,0.62703055
1516,15,1,0.7264137
1517,16,0,0.33324575
1518,13,1,0.46452233
1519,25,1,0.6469537
1520,5,1,0.642644
1521,21,0,0.6280873
1522,10,0,0.7555498
1523,25,1,0.5358016
1524,11,1,0.69229525
1525,22,0,0.32311985
1526,4,0,0.27602133
1527,13,0,0.29766184
1528,6,1,0.75244087
1529,17,0,0.41533503
1530,15,0,0.2787826
1531,19,0,0.63498837
1532,15,0,0.5221224
1533,27,0,0.63945025
1534,26,0,0.34951562
1535,11,1,0.48944983
1536,9,0,0.58093494
1537,16,1,0.58997494
1538,28,1,0.47884598
1539,16,0,0.6476856
1540,27,1,0.7332415
1541,23,1,0.45943326
1542,21,0,0.4497861
1543,24,0,0.53482395
1544,20,0,0.417551
1545,18,0,0.30987495
1546,6,0,0.30238768
1547,2,0,0.545721
1548,13,0,0.41429955
1549,7,0,0.2983715
1550,6,0,0.36407787
1551,16,0,0.33954173
1552,13,0,0.46605232
1553,15,1,0.599571
1554,20,0,0.41321194
1555,18,0,0.600526
1556,24,1,0.5573925
1557,12,0,0.2571697
1558,15,0,0.39237607
1559,3,1,0.45522135
1560,22,1,0.7040492
1561,22,0,0.50747204
1562,1,1,0.5647128
1563,3,1,0.5616816
1564,15,1,0.6181303
1565,27,1,0.7741449
1566,24,1,0.4725429
1567,6,0,0.65346646
1568,7,1,0.6954436
1569,8,1,0.722778
1570,21,0,0.47384548
1571,5,0,0.43455285
1572,26,1,0.7531076
1573,10,1,0.5500878
1574,22,0,0.4395728
1575,12,1,0.515766
1576,18,0,0.36199006
1577,26,0,0.4622927
1578,24,0,0.500583
1579,10,1,0.69066256
1580,14,0,0.31988287
1581,12,1,0.5362295
1582,25,0,0.2976559
1583,24,0,0.60063946
1584,25,1,0.37643975
1585,1,1,0.5077343
1586,22,1,0.54593194
1587,3,0,0.699677
1588,1,1,0.47081596
1589,1,0,0.4664956
1590,6,1,0.415394
1591,3,1,0.8071001
1592,18,0,0.3522286
1593,27,1,0.60423595
1594,14,0,0.41298568
1595,24,1,0.52216005
1596,8,1,0.7430492
1597,7,1,0.70248
1598,12,0,0.27505305
1599,9,1,0.609672
1600,15,0,0.58034366
1601,5,1,0.58209306
1602,12,1,0.63076115
1603,20,0,0.55549407
1604,8,0,0.46922976
1605,25,0,0.58816725
1606,12,0,0.44059685
1607,27,0,0.3181687
1608,21,1,0.65350723
1609,3,1,0.70204264
1610,2,0,0.7269567
1611,8,0,0.3685319
1612,1,0,0.3621559
1613,24,0,0.39927843
1614,16,0,0.35999116
1615,13,1,0.47923237
1616,1,1,0.48376077
1617,20,0,0.34241852
1618,12,0,0.3835721
1619,12,1,0.63971204
1620,22,0,0.27769887
1621,15,1,0.2771445
1622,25,1,0.49634466
1623,13,1,0.4054848
1624,25,0,0.5605782
1625,17,1,0.4084121
1626,23,0,0.39358953
1627,20,1,0.39325237
1628,8,0,0.2817531
1629,14,1,0.48135388
1630,2,0,0.6966963
1631,20,0,0.585494
1632,27,1,0.62646866
1633,15,1,0.47822845
1634,21,0,0.4697657
1635,1,1,0.6000202
1636,16,0,0.35095334
1637,13,1,0.39142686
1638,22,0,0.49318457
1639,11,0,0.6736878
1640,12,1,0.46151555
1641,26,1,0.6024272
1642,23,1,0.34346923
1643,8,0,0.48626995
1644,9,0,0.37275878
1645,7,1,0.61290824
1646,9,0,0.38328907
1647,23,1,0.66938686
1648,16,0,0.7644188
1649,23,1,0.66975045
1650,24,1,0.7496382
1651,24,0,0.3736603
1652,7,1,0.6883202
1653,12,1,0.27639797
1654,15,0,0.26293415
1655,4,1,0.5648999
1656,8,0,0.57014716
1657,22,0,0.65884453
1658,25,1,0.47511256
1659,19,1,0.7233631
1660,22,1,0.50527483
1661,27,0,0.41683128
1662,15,1,0.35594603
1663,0,0,0.5695041
1664,16,0,0.39426953
1665,12,0,0.3835426
1666,6,1,0.7706138
1667,26,0,0.2741827
1668,0,1,0.49802276
1669,16,1,0.71728444
1670,20,0,0.33197215
1671,8,1,0.6354154
1672,2,1,0.73507833
1673,21,1,0.46448034
1674,16,0,0.51979935
1675,27,0,0.36178154
1676,19,1,0.6326387
1677,2,1,0.517031
1678,2,0,0.6951675
1679,2,1,0.28737867
1680,26,1,0.6548577
1681,13,1,0.59548664
1682,24,1,0.7197376
1683,7,1,0.6846606
1684,13,0,0.58713686
1685,27,0,0.39752042
1686,15,1,0.7314196
1687,14,1,0.5787479
1688,15,1,0.6854562
1689,11,1,0.5988078
1690,27,1,0.6711311
1691,12,0,0.3017742
1692,13,1,0.56223756
1693,11,0,0.55565774
1694,10,1,0.34929985
1695,9,0,0.39682624
1696,16,1,0.61427003
1697,2,1,0.474146
1698,24,1,0.6962807
1699,13,1,0.46803996
1700,15,1,0.7666674
1701,16,0,0.29928705
1702,9,0,0.3144391
1703,12,1,0.6876994
1704,16,0,0.35712722
1705,16,1,0.6563589
1706,8,0,0.50843894
1707,11,1,0.26063314
1708,10,1,0.60234094
1709,15,1,0.63077974
1710,14,1,0.4064113
1711,3,1,0.82810104
1712,6,0,0.4410161
1713,13,0,0.3224548
1714,16,1,0.7281043
1715,8,0,0.44024676
1716,23,0,0.4143847
1717,16,1,0.6607606
1718,25,1,0.2856277
1719,2,0,0.5010996
1720,3,0,0.38970864
1721,10,1,0.7837814
1722,2,1,0.342613
1723,7,1,0.7425025
1724,8,1,0.4244279
1725,11,0,0.49801
1726,6,1,0.63410884
1727,10,1,0.6086982
1728,26,1,0.6386033
1729,13,1,0.41917792
1730,20,1,0.46577388
1731,10,0,0.39476883
1732,20,1,0.7792544
1733,20,0,0.3993174
1734,13,1,0.5203264
1735,1,0,0.67966634
1736,1,0,0.46696532
1737,1,1,0.5095279
1738,15,0,0.41880855
1739,25,1,0.72515684
1740,25,0,0.355019
1741,3,0,0.30825716
1742,20,1,0.6941191
1743,6,0,0.25683194
1744,1,1,0.3591258
1745,19,0,0.38646373
1746,28,0,0.4137077
1747,6,0,0.69321114
1748,2,0,0.41726246
1749,21,1,0.6845682
1750,8,1,0.52484083
1751,0,1,0.51571006
1752,25,1,0.40784928
1753,16,1,0.33618742
1754,22,0,0.68244773
1755,18,1,0.43987343
1756,3,1,0.5986703
1757,7,0,0.41043153
1758,13,0,0.31522766
1759,19,0,0.55847245
1760,16,0,0.45990267
1761,6,1,0.47239658
1762,16,1,0.4435519
1763,28,1,0.6414008
1764,13,0,0.557539
1765,21,1,0.29036596
1766,15,1,0.6436951
1767,15,0,0.37953457
1768,3,0,0.4613863
1769,13,1,0.68039936
1770,8,0,0.30600512
1771,15,1,0.6987586
1772,22,1,0.31916285
1773,2,1,0.67360526
1774,13,1,0.6349648
1775,26,0,0.52624714
1776,9,1,0.75105685
1777,23,0,0.5197591
1778,16,1,0.6260715
1779,13,1,0.81714165
1780,11,0,0.29232302
1781,27,0,0.6602399
1782,3,1,0.70925593
1783,1,1,0.34560344
1784,14,0,0.6435772
1785,5,1,0.6014605
1786,26,1,0.59753877
1787,28,1,0.6421632
1788,12,0,0.2832827
1789,25,0,0.43022925
1790,11,1,0.6799878
1791,11,1,0.49280632
1792,10,0,0.31732717
1793,26,1,0.6612237
1794,12,0,0.6374386
1795,7,1,0.28072685
1796,12,1,0.5323323
1797,6,1,0.65808195
1798,18,1,0.6288186
1799,2,0,0.58550423
1800,25,0,0.58254766
1801,27,0,0.6752994
1802,23,1,0.48009315
1803,14,0,0.5005453
1804,26,0,0.2533437
1805,26,0,0.33268288
1806,13,0,0.49148282
1807,28,1,0.69668067
1808,9,1,0.45145726
1809,27,0,0.44999814
1810,4,0,0.49130526
1811,20,0,0.41906902
1812,10,0,0.56863636
1813,3,0,0.60440123
1814,22,1,0.3990664
1815,10,0,0.3220814
1816,18,1,0.3207483
1817,5,1,0.5484633
1818,19,1,0.5319163
1819,7,0,0.38928285
1820,13,1,0.45366102
1821,1,1,0.3971769
1822,25,0,0.36447668
1823,23,1,0.48799643
1824,1,0,0.34828377
1825,13,1,0.5026629
1826,11,0,0.42685747
1827,23,1,0.383107
1828,13,0,0.39479336
1829,15,0,0.35975337
1830,3,0,0.34839883
1831,13,0,0.3740444
1832,13,0,0.36352462
1833,0,0,0.6100921
1834,26,1,0.52619624
1835,6,0,0.54879713
1836,19,1,0.60236174
1837,13,0,0.55212224
1838,9,0,0.37296268
1839,7,0,0.41715103
1840,13,0,0.48479378
1841,6,0,0.290008
1842,3,0,0.36313012
1843,11,0,0.4939556
1844,18,0,0.43347526
1845,13,1,0.8278664
1846,9,1,0.6874849
1847,12,1,0.44272372
1848,8,0,0.47671077
1849,9,0,0.30925417
1850,13,0,0.3857029
1851,16,0,0.5961879
1852,15,1,0.47655407
1853,3,1,0.6325328
1854,3,0,0.3508658
1855,11,1,0.570121
1856,21,0,0.37756258
1857,1,0,0.49221116
1858,3,0,0.47332376
1859,25,0,0.7225074
1860,10,0,0.3030372
1861,21,1,0.55119294
1862,8,0,0.40996104
1863,9,1,0.6989189
1864,8,1,0.5447098
1865,8,0,0.3746812
1866,6,0,0.25745282
1867,20,1,0.4536714
1868,27,1,0.42544505
1869,25,1,0.70801413
1870,13,1,0.6181697
1871,2,1,0.417293
1872,25,1,0.7277324
1873,9,0,0.48594657
1874,4,1,0.6489369
1875,10,1,0.7874201
1876,8,1,0.6097589
1877,3,0,0.45401913
1878,10,1,0.76984394
1879,22,1,0.4186303
1880,10,1,0.61763006
1881,2,1,0.3534542
1882,27,0,0.38743815
1883,10,1,0.6833722
1884,15,1,0.70230764
1885,9,0,0.406675
1886,8,0,0.27417147
1887,22,1,0.713677
1888,15,1,0.5937981
1889,25,0,0.62374926
1890,18,0,0.36068717
1891,16,0,0.56807625
1892,9,0,0.677032
1893,4,1,0.28528827
1894,4,1,0.78147477
1895,19,1,0.62236017
1896,27,1,0.4355797
1897,16,1,0.6957883
1898,8,0,0.67179775
1899,2,1,0.28311184
1900,12,1,0.40963417
1901,27,0,0.735476
1902,3,0,0.35405436
1903,25,0,0.5640162
1904,24,0,0.55091125
1905,15,1,0.6368154
1906,13,1,0.62596416
1907,8,0,0.7545041
1908,11,1,0.58700216
1909,12,0,0.27767244
1910,22,0,0.6199512
1911,16,1,0.66221404
1912,27,0,0.4434416
1913,10,1,0.38185573
1914,24,1,0.45238155
1915,20,0,0.6561163
1916,9,1,0.6405115
1917,27,1,0.62265706
1918,11,0,0.59535205
1919,17,0,0.31614983
1920,1,1,0.66208565
1921,13,0,0.60819304
1922,26,1,0.7624405
1923,27,0,0.25696334
1924,27,0,0.3362663
1925,2,0,0.51410747
1926,4,0,0.24671906
1927,8,1,0.6279033
1928,15,0,0.2837859
1929,13,0,0.38274163
1930,16,1,0.40965217
1931,12,0,0.39571676
1932,23,1,0.5116105
1933,5,0,0.33587804
1934,17,0,0.5285648
1935,11,1,0.5341832
1936,20,1,0.45402423
1937,13,1,0.30103257
1938,10,0,0.735894
1939,0,0,0.27520332
1940,2,0,0.4638761
1941,19,0,0.37302464
1942,6,0,0.35178283
1943,10,1,0.35899282
1944,19,0,0.5207833
1945,14,1,0.58837247
1946,21,0,0.32021657
1947,6,1,0.32518184
1948,12,1,0.42371926
1949,10,1,0.4391326
1950,28,0,0.4007425
1951,21,1,0.3334379
1952,24,0,0.44902647
1953,9,1,0.49521175
1954,2,0,0.2928094
1955,26,1,0.489855
1956,0,1,0.46520045
1957,2,1,0.6188028
1958,13,0,0.34274715
1959,15,0,0.40206292
1960,26,0,0.3127777
1961,25,0,0.32928097
1962,4,0,0.6038265
1963,11,1,0.7634567
1964,14,0,0.26570764
1965,2,0,0.7033093
1966,11,1,0.5283148
1967,1,0,0.384522
1968,20,0,0.5312202
1969,2,0,0.29010743
1970,25,1,0.41424742
1971,26,1,0.5863913
1972,12,1,0.56596094
1973,20,1,0.38002163
1974,1,0,0.42314407
1975,17,1,0.5595235
1976,9,1,0.37285537
1977,22,0,0.3480466
1978,16,1,0.7681533
1979,12,1,0.61501944
1980,14,0,0.4280018
1981,8,0,0.42010063
1982,2,0,0.27324823
1983,3,1,0.81243676
1984,16,0,0.5551443
1985,4,1,0.73186994
1986,7,0,0.5041831
1987,13,0,0.3632042
1988,2,1,0.40255103
1989,12,0,0.36690682
1990,17,1,0.7526987
1991,17,0,0.6398471
1992,23,1,0.59433997
1993,25,0,0.24614096
1994,10,0,0.39041302
1995,26,0,0.25805837
1996,6,0,0.2855511
1997,11,1,0.4872118
1998,27,0,0.42144105
1999,22,0,0.6864092
2000,26,1,0.34623688
2001,11,1,0.67963946
2002,9,0,0.4792558
2003,20,0,0.40502816
2004,6,0,0.47266462
2005,21,1,0.62933826
2006,27,1,0.56599754
2007,11,1,0.74135876
2008,24,1,0.6062516
2009,14,1,0.64895713
2010,27,1,0.82351136
2011,25,0,0.4403268
2012,7,1,0.6626013
2013,10,0,0.3996636
2014,26,1,0.6416514
2015,14,0,0.51599807
2016,3,1,0.68586254
2017,27,1,0.53976095
2018,3,0,0.24324863
2019,13,1,0.76015985
2020,4,0,0.275733
2021,25,0,0.32294837
2022,2,0,0.55610645
2023,18,0,0.31874773
2024,8,1,0.6679165
2025,10,0,0.34558225
2026,15,1,0.6184611
2027,20,0,0.59006107
2028,0,1,0.753806
2029,4,0,0.61522835
2030,5,1,0.38036495
2031,15,0,0.66611147
2032,6,1,0.608905
2033,9,1,0.7042559
2034,4,1,0.5710177
2035,14,0,0.33002207
2036,1,1,0.4563103
2037,6,0,0.54199696
2038,27,1,0.68528163
2039,13,1,0.69260824
2040,15,1,0.38670653
2041,11,0,0.42857885
2042,16,1,0.7471568
2043,9,0,0.36610523
2044,8,0,0.48390704
2045,15,0,0.35612872
2046,26,0,0.33520424
2047,15,0,0.6914432
2048,10,1,0.49918535
2049,16,0,0.40038246
2050,15,0,0.39026886
2051,1,1,0.69508773
2052,2,1,0.7205546
2053,0,1,0.6405853
2054,13,0,0.44631013
2055,12,0,0.6479881
2056,11,1,0.6981116
2057,25,0,0.4079217
2058,16,0,0.426905
2059,17,0,0.63556385
2060,26,1,0.56986946
2061,27,1,0.5089095
2062,3,0,0.38269442
2063,10,0,0.25263897
2064,20,1,0.731064
2065,10,1,0.6403594
2066,8,0,0.3866904
2067,8,1,0.36295143
2068,24,1,0.6874389
2069,21,1,0.694153
2070,2,0,0.36907974
2071,13,1,0.6565502
2072,26,1,0.63694924
2073,26,0,0.29050055
2074,23,1,0.5065416
2075,16,0,0.46686345
2076,20,0,0.65606976
2077,25,0,0.3299726
2078,18,0,0.39732018
2079,1,1,0.5227282
2080,15,0,0.2956305
2081,12,1,0.44138926
2082,3,1,0.71229726
2083,1,0,0.2947571
2084,26,0,0.4709441
2085,24,0,0.4780336
2086,21,1,0.507245
2087,2,1,0.7404203
2088,20,1,0.37663522
2089,8,1,0.68421066
2090,11,1,0.8328543
2091,16,1,0.6330379
2092,7,0,0.50025153
2093,12,0,0.43370727
2094,2,1,0.5701111
2095,0,0,0.7340877
2096,9,1,0.48436326
2097,23,1,0.74768215
2098,27,1,0.7256193
2099,16,1,0.38653055
2100,7,1,0.42588416
2101,26,0,0.3731254
2102,8,0,0.47218263
2103,24,1,0.3182501
2104,28,1,0.65185004
2105,25,1,0.6202175
2106,12,1,0.73470074
2107,8,1,0.36434487
2108,15,0,0.37165514
2109,27,1,0.5552112
2110,24,0,0.39247644
2111,2,0,0.5882681
2112,18,1,0.5942983
2113,12,0,0.3073056
2114,17,1,0.67415434
2115,13,0,0.5912782
2116,24,1,0.46913362
2117,22,0,0.3021383
2118,7,1,0.5469022
2119,23,0,0.28444386
2120,2,1,0.66055214
2121,9,1,0.54190993
2122,16,0,0.3436096
2123,12,0,0.29413196
2124,4,1,0.5165896
2125,22,1,0.6097726
2126,7,0,0.5105679
2127,11,1,0.6095343
2128,28,0,0.4536214
2129,28,1,0.54686654
2130,22,1,0.8025171
2131,2,1,0.7094717
2132,1,0,0.548405
2133,20,1,0.4824011
2134,2,1,0.68243396
2135,1,0,0.69726473
2136,12,0,0.3830782
2137,9,0,0.43612406
2138,19,0,0.39251226
2139,2,1,0.49136275
2140,8,1,0.32954884
2141,19,0,0.33996043
2142,24,1,0.7018837
2143,5,0,0.45730832
2144,25,0,0.41609132
2145,6,0,0.41809234
2146,28,0,0.4887817
2147,22,0,0.51503587
2148,2,1,0.59677786
2149,20,0,0.29991978
2150,4,1,0.6486827
2151,26,0,0.35029107
2152,13,0,0.45040545
2153,25,1,0.3045873
2154,26,0,0.3720835
2155,16,0,0.5171312
2156,6,0,0.44993868
2157,1,0,0.37025297
2158,10,0,0.5024481
2159,25,1,0.5571023
2160,12,1,0.44457898
2161,11,0,0.35172307
2162,1,1,0.5629367
2163,16,1,0.2654546
2164,12,1,0.3802675
2165,12,1,0.6871648
2166,13,0,0.40592855
2167,27,1,0.6086216
2168,22,1,0.33096743
2169,18,1,0.62338454
2170,2,0,0.5461421
2171,25,0,0.4993845
2172,20,1,0.30002803
2173,1,1,0.36428443
2174,1,0,0.7157608
2175,3,1,0.5978122
2176,16,0,0.37073803
2177,10,1,0.6957863
2178,6,1,0.6437909
2179,20,1,0.6821632
2180,11,0,0.52880096
2181,20,1,0.7375168
2182,10,0,0.4952857
2183,25,0,0.52767617
2184,9,1,0.57043004
2185,4,0,0.7135227
2186,24,0,0.57562524
2187,15,0,0.6692977
2188,23,0,0.27817968
2189,23,1,0.7007274
2190,8,0,0.3346783
2191,0,1,0.55056655
2192,26,0,0.44829044
2193,15,1,0.61186
2194,8,0,0.3011099
2195,2,0,0.478455
2196,26,1,0.6294395
2197,17,1,0.53200275
2198,1,0,0.52510893
2199,7,1,0.42924756
2200,11,1,0.5537072
2201,27,1,0.73105294
2202,15,0,0.5721532
2203,26,1,0.56064653
2204,11,1,0.66327864
2205,7,1,0.5571593
2206,15,0,0.6054324
2207,26,0,0.385794
2208,25,0,0.2774428
2209,10,0,0.35167482
2210,25,1,0.57799643
2211,23,0,0.3325723
2212,8,0,0.34648225
2213,23,1,0.69945854
2214,2,0,0.44363505
2215,16,0,0.4408705
2216,3,1,0.45312265
2217,20,0,0.42377383
2218,1,1,0.6328025
2219,25,1,0.7823595
2220,21,0,0.36968818
2221,7,0,0.74705565
2222,9,0,0.3051954
2223,9,1,0.6400691
2224,11,1,0.53568316
2225,12,0,0.45880625
2226,17,0,0.30849138
2227,16,1,0.31790286
2228,8,0,0.2995164
2229,21,1,0.4929631
2230,6,1,0.72540945
2231,14,1,0.36952198
2232,20,0,0.46578613
2233,11,1,0.71287024
2234,13,1,0.5385236
2235,17,0,0.27431735
2236,5,1,0.68519515
2237,17,0,0.277111
2238,12,1,0.49226227
2239,16,1,0.37198073
2240,0,0,0.71747035
2241,18,0,0.5715699
2242,19,0,0.6557725
2243,16,1,0.25833988
2244,8,0,0.48516232
2245,23,1,0.53363717
2246,27,1,0.65982133
2247,13,0,0.3338032
2248,14,0,0.5525599
2249,10,0,0.30088207
2250,13,1,0.7377529
2251,2,1,0.56507385
2252,10,1,0.38839644
2253,20,0,0.35863346
2254,9,1,0.41777954
2255,21,0,0.6156835
2256,0,1,0.64143926
2257,6,0,0.56421995
2258,23,1,0.46858826
2259,1,0,0.44123566
2260,20,1,0.78187674
2261,11,1,0.43268287
2262,13,1,0.77018297
2263,15,0,0.5276829
2264,6,1,0.44495007
2265,1,0,0.70442754
2266,8,1,0.64883304
2267,7,1,0.502299
2268,21,0,0.40334687
2269,3,0,0.3681309
2270,1,1,0.46028936
2271,13,1,0.5935822
2272,5,0,0.28220484
2273,26,1,0.64369
2274,7,1,0.5277798
2275,15,0,0.32518983
2276,27,1,0.5509627
2277,8,0,0.32144293
2278,12,0,0.30041364
2279,2,1,0.75426704
2280,15,1,0.57678145
2281,16,0,0.44314972
2282,2,1,0.4022162
2283,12,0,0.6255726
2284,8,1,0.46147364
2285,1,0,0.4036469
2286,8,1,0.44030374
2287,23,0,0.58155787
2288,3,0,0.28884262
2289,2,1,0.5403521
2290,15,0,0.31244436
2291,12,1,0.3208136
2292,1,1,0.40757802
2293,25,0,0.42240235
2294,2,0,0.345265
2295,12,0,0.3468564
2296,10,1,0.36486524
2297,26,1,0.46526897
2298,11,0,0.6645799
2299,15,1,0.7280867
2300,2,1,0.41543302
2301,17,0,0.55969715
2302,13,1,0.6608472
2303,2,1,0.4614755
2304,1,1,0.5240148
2305,26,0,0.3907831
2306,16,0,0.7111287
2307,26,1,0.66726154
2308,19,1,0.5396009
2309,7,0,0.3247986
2310,11,1,0.4094467
2311,10,1,0.57859707
2312,23,0,0.49376768
2313,11,1,0.67722696
2314,25,0,0.7667954
2315,22,1,0.6010312
2316,10,1,0.57895505
2317,27,0,0.276768
2318,23,1,0.6572529
2319,0,0,0.31341827
2320,0,0,0.5465216
2321,10,0,0.4491258
2322,15,1,0.33653146
2323,15,1,0.61567974
2324,12,0,0.44363874
2325,6,0,0.64979666
2326,22,0,0.5565118
2327,10,0,0.60938114
2328,2,0,0.29415354
2329,16,0,0.6558696
2330,25,0,0.44461188
2331,13,1,0.4878777
2332,15,0,0.434259
2333,19,0,0.38458288
2334,0,1,0.37959427
2335,13,0,0.3450581
2336,2,1,0.33843875
2337,0,1,0.7177313
2338,6,1,0.6077695
2339,6,1,0.46561566
2340,2,0,0.23207128
2341,18,1,0.3937218
2342,11,1,0.6533007
2343,2,0,0.4556719
2344,15,1,0.3644033
2345,15,0,0.5491078
2346,13,0,0.33295062
2347,10,1,0.7613955
2348,0,0,0.5043131
2349,20,0,0.63239783
2350,5,0,0.51652896
2351,7,1,0.7105315
2352,20,1,0.56857216
2353,13,0,0.48732653
2354,4,1,0.7240972
2355,26,1,0.50964075
2356,11,1,0.6884118
2357,20,0,0.50549424
2358,25,0,0.66634
2359,25,1,0.72195387
2360,27,1,0.73742783
2361,11,0,0.40366673
2362,25,1,0.483049
2363,18,0,0.40271884
2364,25,1,0.5847896
2365,28,1,0.53370374
2366,10,0,0.32694092
2367,8,0,0.6902116
2368,2,0,0.41050258
2369,1,0,0.46636748
2370,3,1,0.6617275
2371,10,1,0.30083427
2372,27,1,0.8015244
2373,10,1,0.71855026
2374,9,0,0.41536424
2375,2,1,0.42709383
2376,27,0,0.36102152
2377,11,1,0.56040925
2378,10,0,0.5378789
2379,4,0,0.32740387
2380,0,0,0.3909922
2381,3,0,0.6093791
2382,19,0,0.25999057
2383,16,1,0.7825637
2384,16,0,0.5994987
2385,23,1,0.7941301
2386,3,1,0.55602115
2387,20,1,0.7643786
2388,12,1,0.4386579
2389,12,1,0.73142076
2390,16,0,0.30715856
2391,15,0,0.29946
2392,8,0,0.25831777
2393,25,1,0.6425154
2394,12,1,0.5574631
2395,6,1,0.5402674
2396,17,1,0.66924983
2397,13,1,0.48906493
2398,10,0,0.5571517
2399,15,0,0.6360554
2400,16,1,0.26274753
2401,28,1,0.7122538
2402,22,0,0.4137226
2403,7,0,0.4722355
2404,17,1,0.6090243
2405,12,1,0.56302375
2406,25,1,0.4139426
2407,13,1,0.4355323
2408,13,0,0.45453638
2409,27,1,0.68351394
2410,4,1,0.33483228
2411,2,0,0.40797377
2412,22,0,0.27591252
2413,8,1,0.69033486
2414,10,1,0.6960813
2415,16,0,0.47846505
2416,2,0,0.30393407
2417,9,0,0.6574304
2418,0,0,0.3404056
2419,14,0,0.2614373
2420,8,0,0.2524675
2421,28,0,0.31543526
2422,23,0,0.24234065
2423,17,1,0.696104
2424,8,0,0.72181606
2425,26,0,0.43986222
2426,16,0,0.47418138
2427,27,0,0.51465285
2428,25,1,0.6376046
2429,4,0,0.34313416
2430,1,0,0.2792573
2431,5,0,0.44352272
2432,20,1,0.46802947
2433,10,1,0.4901183
2434,25,1,0.70150477
2435,4,0,0.3692624
2436,9,1,0.5867728
2437,2,0,0.5252412
2438,15,0,0.3251528
2439,15,0,0.34353316
2440,15,1,0.6502438
2441,13,1,0.36422357
2442,15,1,0.6671307
2443,15,1,0.40718663
2444,12,0,0.59935516
2445,17,1,0.5401664
2446,17,0,0.38692835
2447,27,0,0.32263422
2448,9,1,0.44255
2449,26,0,0.61676604
2450,10,0,0.35973674
2451,19,1,0.5790266
2452,8,0,0.66860074
2453,28,1,0.46557567
2454,13,0,0.58444345
2455,28,1,0.6680422
2456,26,1,0.5866498
2457,9,0,0.32154137
2458,25,1,0.79680437
2459,13,0,0.37115413
2460,21,0,0.4269534
2461,16,0,0.27653995
2462,3,1,0.5192013
2463,14,1,0.276372
2464,9,0,0.48727462
2465,10,1,0.42496523
2466,15,1,0.65467155
2467,8,1,0.367002
2468,28,1,0.30704325
2469,17,1,0.69777656
2470,8,1,0.5477956
2471,19,1,0.48932666
2472,15,1,0.62246734
2473,8,1,0.75227034
2474,25,1,0.38237128
2475,26,0,0.2631755
2476,20,0,0.33480567
2477,16,0,0.67077166
2478,7,1,0.30884415
2479,11,0,0.3689513
2480,25,0,0.66396564
2481,3,0,0.32145023
2482,11,1,0.57996446
2483,22,1,0.57330084
2484,1,0,0.5599156
2485,14,1,0.5375764
2486,24,1,0.67249936
2487,18,1,0.72661
2488,17,0,0.35708585
2489,13,0,0.3908248
2490,15,0,0.37997466
2491,19,1,0.7510393
2492,26,0,0.33450645
2493,7,1,0.59844065
2494,6,0,0.48134542
2495,14,0,0.26379225
2496,23,1,0.45685634
2497,26,1,0.52872455
2498,28,0,0.6852035
2499,20,0,0.2997478
2500,6,1,0.66778266
2501,4,1,0.6046753
2502,13,1,0.41603357
2503,15,0,0.48447236
2504,6,0,0.54525584
2505,12,0,0.47681803
2506,13,0,0.2990589
2507,25,0,0.38204306
2508,25,1,0.7482122
2509,23,0,0.34946334
2510,1,1,0.47779083
2511,3,1,0.4933307
2512,20,0,0.4132303
2513,28,0,0.46757925
2514,16,1,0.53510535
2515,2,1,0.53700626
2516,22,1,0.5736357
2517,1,0,0.772962
2518,17,0,0.35535872
2519,12,1,0.7560689
2520,11,1,0.6582234
2521,12,1,0.58415365
2522,12,0,0.48500815
2523,21,1,0.7215247
2524,16,0,0.34971255
2525,12,1,0.50009614
2526,26,1,0.7800939
2527,17,0,0.57064015
2528,6,0,0.39312032
2529,26,0,0.47278792
2530,13,0,0.59993637
2531,11,1,0.473744
2532,25,1,0.68293756
2533,26,1,0.5553617
2534,3,0,0.33516273
2535,1,1,0.47236025
2536,23,1,0.670242
2537,20,1,0.61129785
2538,11,1,0.6597697
2539,15,1,0.61433804
2540,9,0,0.2746082
2541,1,0,0.5672015
2542,8,1,0.61015457
2543,12,0,0.6849931
2544,22,1,0.3298481
2545,3,1,0.59394675
2546,3,0,0.27138165
2547,2,1,0.54576844
2548,3,1,0.2999026
2549,27,0,0.41145787
2550,8,0,0.590392
2551,7,0,0.46869478
2552,25,1,0.61360264
2553,4,1,0.6754595
2554,12,1,0.6893597
2555,10,0,0.30847004
2556,8,0,0.4028362
2557,13,1,0.7277995
2558,19,0,0.35612112
2559,15,0,0.67354786
2560,22,1,0.74654377
2561,21,1,0.66701263
2562,4,1,0.7427111
2563,22,0,0.3882521
2564,23,0,0.5540376
2565,7,0,0.46966803
2566,3,0,0.4141211
2567,22,0,0.52567303
2568,8,0,0.28023797
2569,24,0,0.2911027
2570,11,0,0.4935013
2571,14,1,0.44674483
2572,0,1,0.6381266
2573,13,1,0.44309515
2574,17,0,0.5226844
2575,26,1,0.38045755
2576,0,1,0.6208376
2577,0,0,0.2510471
2578,9,1,0.53797954
2579,15,0,0.47263578
2580,19,1,0.76318145
2581,4,1,0.6382993
2582,22,1,0.61914974
2583,6,1,0.48394212
2584,28,0,0.4028111
2585,26,1,0.53365517
2586,6,1,0.6495436
2587,3,0,0.5594647
2588,2,1,0.2671832
2589,11,1,0.42503706
2590,8,1,0.77656573
2591,22,1,0.44753286
2592,8,0,0.5954022
2593,12,1,0.45805502
2594,25,0,0.3174814
2595,13,1,0.40517926
2596,14,0,0.38242838
2597,8,0,0.4701267
2598,2,0,0.39176986
2599,11,1,0.5334762
2600,24,1,0.6583958
2601,28,0,0.4332261
2602,10,1,0.4366721
2603,6,0,0.6423154
2604,16,1,0.5838812
2605,12,1,0.5070631
2606,27,1,0.46702388
2607,11,0,0.22994897
2608,11,1,0.5945938
2609,23,0,0.335927
2610,16,0,0.26956463
2611,8,0,0.4330432
2612,13,0,0.31284472
2613,6,1,0.48608094
2614,6,0,0.36584315
2615,6,0,0.39578605
2616,2,0,0.36018157
2617,18,0,0.5883488
2618,13,1,0.30826074
2619,25,1,0.75556177
2620,12,1,0.5431364
2621,13,1,0.58829606
2622,22,1,0.26839328
2623,25,1,0.63780695
2624,26,0,0.29370844
2625,16,1,0.5284491
2626,15,0,0.49373564
2627,28,1,0.5503165
2628,2,0,0.34814632
2629,20,0,0.30428526
2630,6,0,0.5502842
2631,17,1,0.47137836
2632,17,1,0.42533693
2633,5,1,0.56496084
2634,8,0,0.27653995
2635,13,0,0.6404763
2636,2,0,0.34925926
2637,27,0,0.5222011
2638,0,1,0.42847806
2639,2,0,0.51037407
2640,1,0,0.56972617
2641,6,1,0.5954695
2642,26,0,0.39764315
2643,26,0,0.41950524
2644,9,1,0.7549339
2645,8,0,0.6729111
2646,24,0,0.41730553
2647,12,1,0.55874425
2648,15,1,0.6085646
2649,13,1,0.6413669
2650,27,0,0.6822128
2651,20,1,0.7622295
2652,2,0,0.48499808
2653,5,1,0.30917335
2654,24,1,0.6322526
2655,13,1,0.6365144
2656,12,1,0.55535996
2657,27,1,0.6814302
2658,21,1,0.64065534
2659,15,0,0.47680447
2660,7,1,0.38160276
2661,11,0,0.67876047
2662,23,0,0.3982858
2663,15,1,0.27183416
2664,13,1,0.62308383
2665,19,0,0.38635448
2666,8,0,0.4293038
2667,19,1,0.53762925
2668,5,0,0.55203885
2669,27,1,0.5413652
2670,24,0,0.30909556
2671,21,1,0.6743615
2672,22,0,0.5932389
2673,3,0,0.37484124
2674,23,0,0.3457358
2675,13,1,0.66208416
2676,13,1,0.61681515
2677,12,0,0.6918262
2678,15,0,0.3067637
2679,16,0,0.5864125
2680,14,0,0.36962962
2681,19,1,0.7442232
2682,3,0,0.45930547
2683,10,1,0.6061009
2684,24,1,0.6475843
2685,16,1,0.3597913
2686,18,0,0.35962027
2687,22,1,0.6481848
2688,25,1,0.7625518
2689,26,1,0.3036132
2690,12,1,0.48364165
2691,1,1,0.4610662
2692,9,1,0.4158384
2693,11,1,0.4308687
2694,15,1,0.6773633
2695,7,1,0.534579
2696,8,0,0.42996928
2697,24,1,0.40094975
2698,20,0,0.28986913
2699,26,1,0.6726257
2700,16,1,0.45890012
2701,11,0,0.64019495
2702,24,1,0.40045568
2703,20,0,0.5015712
2704,21,1,0.4298518
2705,27,0,0.27425653
2706,0,0,0.46213007
2707,8,1,0.6862672
2708,15,1,0.616903
2709,16,1,0.4906335
2710,21,1,0.56850773
2711,13,0,0.6719963
2712,10,0,0.5365913
2713,26,0,0.5021328
2714,15,0,0.40833116
2715,2,0,0.4469439
2716,25,0,0.32675418
2717,8,0,0.3144069
2718,13,1,0.63938624
2719,25,0,0.5701567
2720,14,0,0.5531388
2721,2,0,0.48775402
2722,10,1,0.63693535
2723,22,1,0.47737992
2724,6,0,0.3470064
2725,13,0,0.45838255
2726,27,1,0.7012946
2727,0,1,0.82310724
2728,13,0,0.44177717
2729,2,0,0.44167817
2730,11,1,0.50380814
2731,28,1,0.5714618
2732,18,0,0.542826
2733,22,0,0.33335388
2734,26,0,0.46979386
2735,1,0,0.34814435
2736,11,0,0.37584332
2737,12,0,0.3731385
2738,26,1,0.67748827
2739,21,0,0.25919986
2740,0,0,0.38521272
2741,11,1,0.54927355
2742,26,0,0.28510672
2743,28,0,0.57034177
2744,15,0,0.6942738
2745,16,1,0.5000302
2746,3,1,0.49393925
2747,16,0,0.4058091
2748,12,1,0.42362958
2749,4,1,0.50417715
2750,13,1,0.6768727
2751,7,0,0.43456325
2752,18,0,0.42989588
2753,22,0,0.43507373
2754,21,0,0.398661
2755,5,1,0.51964295
2756,22,0,0.4418535
2757,26,0,0.6370402
2758,16,0,0.548779
2759,28,1,0.50762147
2760,16,1,0.7028904
2761,1,0,0.35191995
2762,28,1,0.73628676
2763,16,1,0.43295604
2764,4,1,0.3826621
2765,16,0,0.73413163
2766,10,0,0.65518916
2767,16,0,0.3436616
2768,17,0,0.33002874
2769,8,1,0.7133789
2770,7,1,0.43597594
2771,2,1,0.70686483
2772,10,0,0.58390343
2773,1,0,0.4834869
2774,15,1,0.75045335
2775,3,1,0.7670618
2776,1,1,0.4761983
2777,8,1,0.50857395
2778,20,0,0.40349928
2779,20,0,0.40747386
2780,9,0,0.28155214
2781,15,1,0.55839926
2782,16,1,0.656484
2783,24,0,0.6256555
2784,14,1,0.46960118
2785,19,0,0.47459945
2786,17,0,0.35863796
2787,13,1,0.51769626
2788,0,1,0.44283357
2789,8,1,0.5630289
2790,12,1,0.587775
2791,26,1,0.7193242
2792,19,1,0.58073014
2793,12,1,0.7689215
2794,24,0,0.26431972
2795,1,1,0.37247288
2796,27,1,0.46508
2797,4,0,0.37191102
2798,26,0,0.41694027
2799,8,0,0.34406474
2800,19,0,0.6257552
2801,0,0,0.569775
2802,28,1,0.80815107
2803,28,0,0.32443076
2804,15,0,0.42593694
2805,20,1,0.44505444
2806,4,0,0.69484824
2807,16,0,0.4202055
2808,11,1,0.5971659
2809,16,0,0.5064517
2810,24,0,0.6918661
2811,24,0,0.30500397
2812,13,1,0.6027286
2813,20,0,0.46137756
2814,10,0,0.2932728
2815,10,0,0.3545402
2816,18,1,0.5504812
2817,22,1,0.41224107
2818,3,0,0.49858442
2819,7,1,0.6886865
2820,5,1,0.3175231
2821,20,0,0.36356485
2822,5,1,0.42124927
2823,22,1,0.34768543
2824,3,1,0.4593976
2825,25,0,0.5624495
2826,11,1,0.56627953
2827,7,1,0.4982902
2828,18,1,0.5584263
2829,24,0,0.5097832
2830,2,1,0.76635593
2831,22,0,0.43404657
2832,3,1,0.6568699
2833,7,1,0.35962233
2834,17,0,0.5837016
2835,1,0,0.60818785
2836,4,0,0.68078434
2837,3,1,0.3821221
2838,11,0,0.44739076
2839,11,0,0.39758545
2840,16,1,0.5455604
2841,24,0,0.5878009
2842,26,1,0.69693035
2843,10,0,0.5092075
2844,1,1,0.70108485
2845,28,1,0.71578836
2846,25,1,0.48539764
2847,4,1,0.5030824
2848,21,0,0.2816186
2849,16,0,0.25494373
2850,21,1,0.79461604
2851,6,1,0.6271176
2852,2,0,0.30245864
2853,3,0,0.3740548
2854,26,1,0.7222229
2855,22,0,0.63157374
2856,26,1,0.69090337
2857,16,1,0.32032198
2858,19,0,0.44878936
2859,28,0,0.5576942
2860,11,1,0.50418234
2861,26,1,0.44760832
2862,2,1,0.64327157
2863,2,1,0.68681234
2864,11,1,0.70421916
2865,6,0,0.34562063
2866,26,1,0.42359546
2867,20,1,0.4017364
2868,13,1,0.82286745
2869,22,1,0.447678
2870,7,1,0.7191674
2871,2,0,0.6997928
2872,13,0,0.31755736
2873,1,1,0.7205079
2874,16,0,0.46007165
2875,7,0,0.44837382
2876,2,1,0.6240445
2877,13,1,0.6580373
2878,8,1,0.41271284
2879,25,1,0.5872694
2880,18,0,0.32154146
2881,22,1,0.6549176
2882,8,1,0.42786482
2883,15,1,0.5797633
2884,18,0,0.2979786
2885,8,0,0.29484153
2886,22,0,0.30821228
2887,27,1,0.72644466
2888,26,1,0.47369853
2889,6,0,0.6184695
2890,18,0,0.4525754
2891,20,0,0.56252885
2892,22,0,0.53328663
2893,14,1,0.541516
2894,26,1,0.7488961
2895,0,0,0.32442045
2896,4,1,0.7235327
2897,11,0,0.40288016
2898,18,0,0.32495221
2899,22,1,0.7826024
2900,20,0,0.36671504
2901,28,0,0.27351615
2902,25,0,0.3576027
2903,6,1,0.73536557
2904,12,1,0.65542006
2905,8,1,0.7058315
2906,25,0,0.62606895
2907,18,0,0.27592108
2908,12,0,0.67196196
2909,13,0,0.3164724
2910,11,1,0.6676066
2911,0,0,0.6270363
2912,23,0,0.5368109
2913,13,1,0.6392607
2914,4,0,0.49480972
2915,13,1,0.47421393
2916,16,1,0.55913115
2917,7,1,0.6964211
2918,27,1,0.47003567
2919,16,0,0.4302266
2920,24,0,0.43719295
2921,7,1,0.6571867
2922,13,0,0.287289
2923,27,1,0.3484047
2924,18,1,0.4580859
2925,2,1,0.50915384
2926,2,1,0.28140897
2927,6,1,0.6368097
2928,13,0,0.36342528
2929,12,1,0.6259549
2930,6,0,0.3743382
2931,28,0,0.52829033
2932,6,0,0.3247689
2933,7,0,0.4253625
2934,2,0,0.4347272
2935,23,1,0.59074473
2936,14,1,0.6402348
2937,27,1,0.6973102
2938,14,1,0.42662352
2939,10,0,0.7501071
2940,12,1,0.771046
2941,2,0,0.4822791
2942,13,0,0.40959775
2943,1,0,0.29837856
2944,26,1,0.6333828
2945,13,1,0.74390703
2946,12,0,0.24148199
2947,19,0,0.33897737
2948,4,1,0.5572651
2949,10,0,0.49496323
2950,2,1,0.57666427
2951,10,0,0.6898846
2952,18,0,0.2734307
2953,13,1,0.50998354
2954,17,0,0.4178109
2955,9,1,0.5410268
2956,25,1,0.52493906
2957,2,0,0.29261667
2958,2,1,0.5575136
2959,5,0,0.29789189
2960,19,1,0.2982142
2961,12,1,0.59728557
2962,17,1,0.646984
2963,27,0,0.33958164
2964,10,1,0.5201793
2965,11,0,0.51612747
2966,22,0,0.45010844
2967,19,1,0.7103856
2968,18,1,0.6860978
2969,7,1,0.5134317
2970,16,1,0.69668597
2971,18,1,0.41137114
2972,26,1,0.48241255
2973,4,0,0.49129525
2974,10,0,0.5949943
2975,15,0,0.4619178
2976,25,1,0.49836558
2977,23,1,0.52973783
2978,20,1,0.71367157
2979,13,1,0.62302905
2980,24,0,0.5124536
2981,1,0,0.34472814
2982,16,1,0.3970441
2983,16,1,0.5443039
2984,21,1,0.6896504
2985,27,0,0.46648943
2986,1,1,0.62876546
2987,18,0,0.33022436
2988,2,0,0.46446532
2989,26,1,0.47898096
2990,14,1,0.67049
2991,16,1,0.6308653
2992,6,0,0.31976092
2993,8,0,0.38430753
2994,12,1,0.71590513
2995,25,0,0.3228773
2996,4,0,0.51942647
2997,10,0,0.37057105
2998,14,1,0.7348143
2999,2,1,0.73228455
3000,10,1,0.69598
3001,18,0,0.38302726
3002,12,1,0.72593975
3003,18,1,0.65268654
3004,28,0,0.7136917
3005,0,1,0.3064162
3006,1,1,0.59838086
3007,8,0,0.60941684
3008,17,1,0.33082962
3009,3,0,0.3074548
3010,28,0,0.36330065
3011,3,0,0.4575105
3012,15,0,0.39504787
3013,22,0,0.37638998
3014,21,1,0.6923875
3015,5,1,0.72900504
3016,20,0,0.32858568
3017,10,1,0.6273156
3018,25,0,0.29613206
3019,13,1,0.406945
3020,3,0,0.3260633
3021,13,1,0.57664675
3022,8,0,0.49105614
3023,15,1,0.54336977
3024,3,1,0.39503512
3025,16,1,0.5170887
3026,1,0,0.30862486
3027,16,1,0.6535908
3028,26,0,0.39855292
3029,18,1,0.4265568
3030,18,1,0.727058
3031,16,1,0.62518543
3032,21,0,0.6093997
3033,11,0,0.5430167
3034,12,1,0.64716864
3035,8,1,0.27731535
3036,2,0,0.41755375
3037,11,0,0.46446636
3038,26,0,0.34919947
3039,25,1,0.4338686
3040,12,1,0.4707862
3041,5,1,0.48503906
3042,28,1,0.48655775
3043,2,0,0.3573242
3044,25,1,0.6727639
3045,25,1,0.69407785
3046,7,1,0.747276
3047,15,0,0.5538135
3048,25,0,0.6056887
3049,13,1,0.6618591
3050,16,0,0.3484654
3051,17,0,0.36913413
3052,4,1,0.4782928
3053,23,1,0.5303907
3054,13,1,0.59059966
3055,6,1,0.6257602
3056,2,0,0.46556905
3057,20,0,0.3457251
3058,27,0,0.2961098
3059,15,0,0.29952326
3060,3,1,0.69548696
3061,4,0,0.42310616
3062,14,0,0.417396
3063,9,1,0.80885774
3064,10,0,0.3614488
3065,1,0,0.39418522
3066,25,1,0.70329696
3067,3,0,0.4215716
3068,11,0,0.27627286
3069,26,0,0.66977596
3070,13,1,0.6951999
3071,25,1,0.6015153
3072,17,1,0.8113835
3073,3,0,0.2863136
3074,13,1,0.58912265
3075,12,0,0.4313355
3076,3,0,0.49502942
3077,25,0,0.33503914
3078,16,1,0.67096406
3079,1,1,0.7300001
3080,13,1,0.5486687
3081,4,0,0.6409899
3082,18,0,0.7019599
3083,25,1,0.6048438
3084,10,0,0.39538878
3085,10,1,0.49039164
3086,9,1,0.80366695
3087,12,0,0.54174536
3088,24,1,0.5216172
3089,0,0,0.56543034
3090,27,0,0.40278244
3091,2,0,0.34838974
3092,28,1,0.59298074
3093,8,1,0.33192712
3094,16,1,0.5060659
3095,21,0,0.2899892
3096,14,0,0.3765441
3097,6,1,0.62282526
3098,9,1,0.3335222
3099,11,0,0.46346325
3100,26,1,0.45946857
3101,8,0,0.40527904
3102,16,1,0.40284678
3103,1,0,0.34897268
3104,8,0,0.44800794
3105,20,1,0.57005167
3106,0,1,0.580942
3107,15,1,0.740511
3108,17,1,0.64330494
3109,18,0,0.37562326
3110,20,0,0.33641157
3111,1,0,0.36030537
3112,20,1,0.67902553
3113,16,0,0.2719948
3114,8,0,0.3876789
3115,11,0,0.5910849
3116,8,0,0.45120594
3117,20,1,0.6176266
3118,1,1,0.7581557
3119,18,1,0.7210137
3120,16,1,0.48307115
3121,28,1,0.7101568
3122,5,1,0.29078996
3123,19,1,0.6891546
3124,6,0,0.47723696
3125,15,1,0.6813895
3126,15,0,0.49188173
3127,16,0,0.43362865
3128,26,0,0.3997339
3129,26,0,0.33877903
3130,1,0,0.4395127
3131,13,0,0.41440934
3132,23,1,0.5697548
3133,23,1,0.67015916
3134,0,0,0.35527107
3135,18,1,0.6554062
3136,7,0,0.44516143
3137,11,1,0.27338555
3138,27,1,0.5234956
3139,27,1,0.6248502
3140,28,0,0.43131378
3141,9,0,0.5379457
3142,11,1,0.36425874
3143,25,0,0.37261504
3144,8,1,0.4273485
3145,4,1,0.5783499
3146,28,1,0.6210099
3147,25,0,0.35881862
3148,24,1,0.58383685
3149,23,0,0.47494105
3150,25,1,0.4922553
3151,9,1,0.3505298
3152,3,0,0.36627984
3153,18,0,0.74163485
3154,19,0,0.37652642
3155,11,0,0.34805295
3156,8,0,0.33157718
3157,8,0,0.49168336
3158,10,1,0.34421864
3159,12,1,0.40039846
3160,2,1,0.54645944
3161,1,0,0.63231415
3162,3,1,0.42159283
3163,16,1,0.5378823
3164,20,0,0.644046
3165,13,1,0.49636874
3166,10,0,0.7623085
3167,27,1,0.74678147
3168,12,1,0.57258457
3169,6,0,0.31835464
3170,1,1,0.7517569
3171,3,0,0.31269446
3172,28,0,0.4733299
3173,13,0,0.4068078
3174,10,0,0.3474588
3175,2,0,0.350134
3176,16,0,0.46854016
3177,20,0,0.4765384
3178,23,1,0.6595413
3179,16,1,0.7199817
3180,0,0,0.3754822
3181,24,0,0.35925803
3182,25,1,0.45225742
3183,14,1,0.41884133
3184,13,0,0.28656912
3185,17,1,0.70491725
3186,26,1,0.53014785
3187,13,1,0.59207904
3188,3,1,0.45367596
3189,25,0,0.44878343
3190,11,0,0.30549216
3191,6,1,0.5468792
3192,26,0,0.48709264
3193,9,1,0.71936554
3194,27,1,0.38308364
3195,10,1,0.60567963
3196,1,1,0.81187457
3197,25,1,0.5965146
3198,24,1,0.38643947
3199,1,0,0.29731748
3200,11,0,0.41829515
3201,25,0,0.47902733
3202,2,0,0.48926312
3203,5,0,0.4011498
3204,20,0,0.37443888
3205,27,0,0.25381082
3206,10,1,0.6602632
3207,12,0,0.73182017
3208,8,1,0.5339989
3209,26,0,0.37005982
3210,28,1,0.5003619
3211,10,0,0.28569925
3212,7,0,0.64182895
3213,26,1,0.5830267
3214,11,1,0.70731413
3215,14,0,0.48620537
3216,11,0,0.50493586
3217,4,0,0.54179144
3218,6,1,0.5902499
3219,13,1,0.65022886
3220,28,0,0.4797077
3221,18,0,0.3142636
3222,20,0,0.54862803
3223,19,1,0.7067892
3224,11,0,0.31637406
3225,21,1,0.7074055
3226,19,1,0.5183755
3227,27,1,0.47704595
3228,6,1,0.6520669
3229,8,1,0.53037286
3230,2,0,0.4795009
3231,25,1,0.5049043
3232,22,1,0.81130254
3233,10,0,0.60594666
3234,28,1,0.5965365
3235,25,0,0.68927056
3236,13,1,0.66432905
3237,16,0,0.32647797
3238,22,1,0.35656202
3239,18,1,0.3816969
3240,14,0,0.3751974
3241,2,1,0.7162476
3242,6,1,0.67775416
3243,12,1,0.5153868
3244,12,0,0.65907216
3245,22,0,0.6240561
3246,27,1,0.60670406
3247,6,0,0.36799332
3248,15,1,0.75191015
3249,12,1,0.40365228
3250,26,1,0.5473335
3251,15,0,0.4470934
3252,23,0,0.47130823
3253,2,1,0.43087056
3254,4,0,0.66990346
3255,11,0,0.39140257
3256,20,0,0.53204834
3257,1,0,0.30837163
3258,15,0,0.4043397
3259,10,0,0.25798455
3260,14,1,0.33121452
3261,12,0,0.48289326
3262,28,1,0.64323974
3263,20,1,0.72174263
3264,6,0,0.3855119
3265,20,0,0.42667952
3266,17,1,0.5855676
3267,19,0,0.34285358
3268,28,1,0.7253306
3269,22,1,0.40096438
3270,10,0,0.4517565
3271,10,0,0.262038
3272,14,0,0.6523829
3273,11,0,0.58818156
3274,25,0,0.46981484
3275,8,0,0.37677005
3276,19,0,0.66390383
3277,24,1,0.4560443
3278,9,1,0.6340888
3279,28,0,0.53375626
3280,8,0,0.38476062
3281,25,1,0.4531371
3282,13,0,0.70765626
3283,17,0,0.5303453
3284,15,1,0.45804065
3285,23,0,0.44627506
3286,10,0,0.54894286
3287,27,0,0.45044416
3288,16,0,0.6043901
3289,16,0,0.45953754
3290,8,1,0.6585919
3291,26,1,0.6941507
3292,11,1,0.704326
3293,10,0,0.32915208
3294,13,1,0.64583397
3295,2,0,0.32225475
3296,5,1,0.6162512
3297,8,0,0.4056991
3298,18,0,0.58205503
3299,12,1,0.49623132
3300,7,1,0.5978055
3301,22,1,0.5304677
3302,27,1,0.6914009
3303,1,1,0.56241184
3304,12,0,0.38311416
3305,9,1,0.26454872
3306,11,1,0.5372674
3307,1,1,0.6046308
3308,0,0,0.65920585
3309,13,1,0.42421076
3310,5,0,0.34471586
3311,25,1,0.6397764
3312,11,0,0.39455298
3313,13,1,0.5020774
3314,15,1,0.6489569
3315,13,1,0.6480329
3316,9,1,0.56775826
3317,12,1,0.80957866
3318,1,0,0.69072515
3319,20,1,0.6178456
3320,26,0,0.36864617
3321,1,0,0.3465909
3322,7,0,0.4560071
3323,16,0,0.32213688
3324,10,0,0.42790148
3325,13,1,0.5309541
3326,2,1,0.481519
3327,6,0,0.3876505
3328,13,1,0.54144365
3329,13,1,0.5130667
3330,19,0,0.3277507
3331,15,1,0.7071866
3332,2,1,0.39235815
3333,25,0,0.3805672
3334,15,1,0.5261061
3335,6,1,0.50837034
3336,20,0,0.4478779
3337,8,0,0.31844467
3338,10,1,0.55300057
3339,10,0,0.33425036
3340,22,0,0.42580327
3341,1,1,0.46684608
3342,10,0,0.253427
3343,8,1,0.8036865
3344,18,1,0.832368
3345,25,1,0.6132054
3346,1,0,0.32339525
3347,3,0,0.41545486
3348,20,0,0.6238641
3349,14,0,0.39125597
3350,11,1,0.6941247
3351,6,0,0.5865274
3352,26,1,0.6597938
3353,24,1,0.70105666
3354,13,0,0.46795133
3355,25,1,0.53854626
3356,4,1,0.5708651
3357,16,0,0.6802413
3358,14,0,0.43749392
3359,27,0,0.2860193
3360,12,1,0.7215889
3361,6,1,0.6266691
3362,19,1,0.81549674
3363,6,1,0.30624282
3364,0,1,0.28796312
3365,12,0,0.55985534
3366,26,1,0.629877
3367,5,0,0.527124
3368,2,0,0.5838716
3369,26,0,0.4692266
3370,16,1,0.77138937
3371,2,0,0.25499627
3372,11,1,0.40057364
3373,23,1,0.7894749
3374,14,1,0.6761277
3375,13,0,0.2926541
3376,10,0,0.5443574
3377,13,1,0.6934873
3378,1,0,0.46872687
3379,13,0,0.59530365
3380,7,1,0.5525104
3381,26,1,0.66773176
3382,15,1,0.6603378
3383,13,0,0.60929304
3384,16,1,0.68671983
3385,14,1,0.39152244
3386,19,0,0.6141388
3387,2,1,0.45432207
3388,10,1,0.7143819
3389,5,0,0.6091725
3390,22,0,0.34152105
3391,14,1,0.72955525
3392,26,1,0.6108485
3393,16,0,0.3464099
3394,3,0,0.75701463
3395,23,0,0.40207067
3396,4,0,0.37204424
3397,18,0,0.42401537
3398,16,1,0.7624945
3399,16,0,0.32984197
3400,22,1,0.73383
3401,5,1,0.35865077
3402,16,0,0.74706286
3403,7,0,0.36704427
3404,10,0,0.36164787
3405,8,1,0.42970666
3406,13,0,0.5511783
3407,3,1,0.6801133
3408,1,0,0.37975538
3409,22,0,0.72509277
3410,10,0,0.3490992
3411,8,1,0.61589503
3412,3,1,0.4370906
3413,12,1,0.31471384
3414,8,1,0.78139746
3415,20,1,0.41016316
3416,15,0,0.6030045
3417,15,0,0.61156046
3418,19,1,0.67544085
3419,25,1,0.3710654
3420,18,1,0.6557063
3421,7,0,0.33368045
3422,0,0,0.59283984
3423,11,1,0.77819717
3424,2,0,0.3728515
3425,23,1,0.3491413
3426,13,1,0.5388908
3427,11,1,0.6438498
3428,26,1,0.661828
3429,26,0,0.4391752
3430,3,0,0.4320393
3431,18,1,0.57793415
3432,20,1,0.41580904
3433,11,1,0.45042738
3434,9,1,0.6001292
3435,1,0,0.49460036
3436,26,0,0.68445307
3437,19,0,0.38993683
3438,27,0,0.53487384
3439,17,1,0.42046857
3440,14,0,0.32662866
3441,6,1,0.48344165
3442,6,1,0.5374565
3443,16,0,0.25177827
3444,3,1,0.41410518
3445,19,1,0.45315754
3446,9,1,0.7115532
3447,13,0,0.36539057
3448,10,0,0.3096917
3449,12,1,0.58814764
3450,25,0,0.3887062
3451,23,0,0.3856159
3452,10,0,0.64627534
3453,13,0,0.56821
3454,3,1,0.44301257
3455,2,0,0.37616935
3456,25,1,0.5555576
3457,6,0,0.6361264
3458,19,0,0.72542244
3459,8,0,0.34825358
3460,7,1,0.69332826
3461,25,1,0.6029782
3462,22,1,0.41987976
3463,13,1,0.5055806
3464,17,1,0.6953929
3465,11,0,0.42288324
3466,25,1,0.45613396
3467,6,1,0.5097067
3468,11,0,0.4352007
3469,1,1,0.8106055
3470,26,1,0.45637167
3471,12,0,0.33608836
3472,7,1,0.5185836
3473,16,0,0.786617
3474,20,0,0.3116548
3475,17,0,0.26527134
3476,16,1,0.54454374
3477,10,0,0.318041
3478,2,1,0.74761695
3479,26,1,0.3016995
3480,6,0,0.4204499
3481,7,1,0.6087712
3482,13,0,0.5388516
3483,10,1,0.43656102
3484,14,0,0.32897958
3485,26,1,0.48009744
3486,14,1,0.8050837
3487,25,0,0.5487322
3488,23,0,0.38333496
3489,9,1,0.5932549
3490,5,0,0.49973956
3491,13,1,0.4682189
3492,9,1,0.6710889
3493,24,1,0.47247785
3494,12,0,0.5700038
3495,3,0,0.46328476
3496,4,1,0.34985816
3497,13,0,0.6726216
3498,6,1,0.7165313
3499,13,0,0.43930045
3500,11,0,0.37778306
3501,8,1,0.6636789
3502,21,0,0.4541251
3503,26,1,0.52869874
3504,20,0,0.3805137
3505,11,1,0.49130002
3506,4,0,0.45383236
3507,4,0,0.41864303
3508,15,0,0.35989502
3509,19,0,0.50345325
3510,28,1,0.8171716
3511,22,0,0.41713813
3512,28,1,0.46679133
3513,24,1,0.6511804
3514,17,0,0.3700486
3515,13,1,0.4932449
3516,26,1,0.3027178
3517,2,0,0.26431972
3518,12,1,0.6760321
3519,20,0,0.40785694
3520,0,1,0.57335997
3521,27,0,0.39841712
3522,15,0,0.3322672
3523,13,1,0.7118323
3524,25,1,0.698054
3525,20,0,0.4714571
3526,26,1,0.7523132
3527,22,1,0.62490666
3528,14,1,0.7036919
3529,13,1,0.54047424
3530,12,0,0.29611003
3531,23,1,0.5511115
3532,1,0,0.36496103
3533,25,0,0.2561983
3534,15,1,0.6543063
3535,11,0,0.27246287
3536,2,1,0.6413031
3537,13,0,0.30924597
3538,15,0,0.31397313
3539,0,1,0.3300615
3540,15,0,0.7307572
3541,10,0,0.41571367
3542,14,1,0.34663934
3543,11,0,0.26808468
3544,7,0,0.27823907
3545,1,1,0.75654507
3546,20,1,0.5482875
3547,16,0,0.29024705
3548,10,1,0.36879748
3549,6,1,0.36879689
3550,15,0,0.46119726
3551,1,1,0.47439682
3552,15,1,0.6929338
3553,20,1,0.69901025
3554,15,1,0.61791074
3555,25,1,0.41646475
3556,2,1,0.7234395
3557,2,0,0.40426958
3558,2,1,0.5060909
3559,25,1,0.35106868
3560,28,1,0.33405688
3561,16,0,0.43185318
3562,8,1,0.32585928
3563,25,0,0.4162999
3564,8,0,0.3506014
3565,3,1,0.69618976
3566,27,1,0.53907007
3567,12,1,0.63556033
3568,10,0,0.34535375
3569,6,0,0.3091199
3570,28,1,0.47134167
3571,16,0,0.3876717
3572,19,1,0.61026347
3573,21,0,0.52023464
3574,6,0,0.68085575
3575,5,0,0.3362218
3576,2,0,0.54917943
3577,24,0,0.73168
3578,16,0,0.37654063
3579,0,1,0.31726164
3580,3,1,0.677516
3581,14,0,0.26053393
3582,10,0,0.43158692
3583,10,1,0.35738742
3584,11,0,0.6219585
3585,24,1,0.29665363
3586,19,0,0.50519514
3587,11,0,0.3958494
3588,25,0,0.29443067
3589,16,1,0.4826729
3590,3,0,0.4409792
3591,0,0,0.53647965
3592,25,0,0.5850042
3593,14,0,0.5545643
3594,7,1,0.6910143
3595,15,0,0.35843128
3596,15,1,0.6868389
3597,20,0,0.28635296
3598,4,0,0.5345702
3599,9,1,0.5879967
3600,19,0,0.476894
3601,8,1,0.6536813
3602,2,0,0.25803453
3603,16,0,0.43834713
3604,8,0,0.605502
3605,21,1,0.5981963
3606,10,0,0.54341584
3607,26,0,0.44110933
3608,2,0,0.31207818
3609,7,0,0.43271136
3610,6,0,0.38506377
3611,0,0,0.5179881
3612,25,0,0.69630766
3613,19,1,0.58603257
3614,17,1,0.49866247
3615,6,0,0.2823516
3616,10,1,0.45363522
3617,26,1,0.60994595
3618,5,0,0.35720524
3619,13,0,0.6780477
3620,19,1,0.54418874
3621,9,1,0.3006884
3622,9,0,0.30992556
3623,2,0,0.36486548
3624,11,1,0.5779765
3625,15,1,0.6477448
3626,10,0,0.3936332
3627,21,0,0.4513333
3628,16,0,0.556754
3629,11,0,0.55587023
3630,7,1,0.71574056
3631,14,1,0.48882395
3632,9,1,0.40271333
3633,26,1,0.6971149
3634,12,1,0.724535
3635,5,0,0.43915755
3636,10,0,0.2877961
3637,14,0,0.42082638
3638,2,1,0.6608652
3639,6,1,0.6832157
3640,20,0,0.47920018
3641,21,0,0.5364253
3642,11,1,0.6287346
3643,1,0,0.41542438
3644,18,1,0.6561048
3645,8,0,0.44948128
3646,20,0,0.3144111
3647,27,1,0.37205225
3648,7,1,0.39151755
3649,8,0,0.6479642
3650,14,1,0.6563341
3651,25,1,0.44939345
3652,24,0,0.700877
3653,19,1,0.39918438
3654,6,0,0.6457223
3655,10,1,0.4097905
3656,27,1,0.72000635
3657,25,1,0.2827044
3658,12,1,0.4583169
3659,4,1,0.6970303
3660,2,0,0.33513653
3661,19,0,0.27984813
3662,4,0,0.49011177
3663,2,0,0.45767272
3664,15,0,0.4744881
3665,16,1,0.4142336
3666,26,0,0.39649734
3667,3,1,0.5736983
3668,13,0,0.3348512
3669,1,0,0.52005875
3670,18,1,0.4398308
3671,1,0,0.66867864
3672,27,0,0.7175281
3673,20,0,0.22634147
3674,11,0,0.66333497
3675,18,0,0.38940418
3676,24,0,0.41274992
3677,0,0,0.5431533
3678,13,0,0.59589267
3679,2,0,0.3975362
3680,19,1,0.66706187
3681,13,0,0.58542943
3682,20,1,0.77949727
3683,7,1,0.42684075
3684,25,1,0.69283795
3685,18,1,0.27513653
3686,0,1,0.69846773
3687,13,0,0.5112374
3688,18,0,0.67669874
3689,16,1,0.37786952
3690,14,1,0.541455
3691,10,0,0.46054146
3692,27,0,0.37264487
3693,20,0,0.35132694
3694,25,1,0.45885104
3695,15,0,0.5063486
3696,11,0,0.4373804
3697,8,0,0.32739505
3698,26,1,0.56546843
3699,15,1,0.6934719
3700,13,0,0.27654856
3701,16,0,0.31969512
3702,3,1,0.44464836
3703,20,1,0.71572137
3704,11,0,0.2854091
3705,11,0,0.36176267
3706,15,1,0.39642155
3707,26,0,0.358413
3708,16,1,0.5403239
3709,13,0,0.61639935
3710,13,1,0.38378704
3711,8,1,0.45756835
3712,11,0,0.30651698
3713,18,0,0.5847887
3714,13,1,0.51078504
3715,2,1,0.3251101
3716,7,1,0.8140607
3717,27,0,0.33520964
3718,17,1,0.39119342
3719,23,1,0.63816684
3720,12,0,0.47947654
3721,12,1,0.7431055
3722,26,1,0.7098137
3723,11,0,0.41370153
3724,25,1,0.44005185
3725,25,0,0.6108882
3726,6,0,0.5395579
3727,28,1,0.48567203
3728,1,1,0.44352695
3729,3,1,0.49423167
3730,1,1,0.4196111
3731,2,0,0.46270213
3732,13,1,0.4219634
3733,23,0,0.5856059
3734,1,1,0.6253741
3735,16,0,0.63077134
3736,24,1,0.7123655
3737,0,0,0.4318184
3738,16,1,0.47954804
3739,16,0,0.5628226
3740,11,0,0.28712592
3741,3,0,0.37427536
3742,9,1,0.5444768
3743,20,0,0.3242513
3744,22,0,0.28427324
3745,20,1,0.64843744
3746,28,1,0.51764005
3747,4,1,0.68136966
3748,18,1,0.43955213
3749,6,1,0.31299022
3750,2,0,0.2959396
3751,10,1,0.57845235
3752,20,0,0.6046299
3753,20,0,0.35193783
3754,8,1,0.6761259
3755,17,0,0.52024
3756,1,1,0.6364043
3757,8,0,0.27834937
3758,3,0,0.29055607
3759,11,1,0.46411923
3760,2,0,0.48810202
3761,3,1,0.34393364
3762,20,0,0.2843154
3763,4,0,0.36450043
3764,2,1,0.7365638
3765,15,0,0.47983664
3766,22,1,0.47590175
3767,11,0,0.35023537
3768,15,1,0.42392665
3769,15,1,0.48565573
3770,18,1,0.36868575
3771,1,1,0.3151402
3772,1,1,0.3047778
3773,16,1,0.5713514
3774,1,0,0.40354353
3775,28,1,0.77252954
3776,1,0,0.32648298
3777,28,0,0.3018324
3778,2,1,0.54057163
3779,2,0,0.75444156
3780,26,0,0.27165812
3781,21,0,0.27170464
3782,11,0,0.34568813
3783,26,0,0.30156213
3784,3,1,0.29048625
3785,15,0,0.50705844
3786,10,1,0.7243477
3787,21,1,0.4333451
3788,13,1,0.69603586
3789,2,0,0.27557814
3790,16,0,0.52921784
3791,24,1,0.3554867
3792,26,1,0.33860493
3793,24,1,0.49782193
3794,12,0,0.24390684
3795,28,1,0.31417206
3796,8,0,0.4223563
3797,1,1,0.30841073
3798,11,0,0.637824
3799,22,1,0.5586733
3800,0,0,0.51746446
3801,15,1,0.44106856
3802,25,1,0.65286833
3803,25,1,0.7223559
3804,7,0,0.42839035
3805,3,1,0.52703005
3806,16,1,0.7564033
3807,3,1,0.7328426
3808,9,0,0.3748011
3809,9,1,0.67536855
3810,24,1,0.6371713
3811,8,1,0.56072086
3812,28,1,0.6655751
3813,27,1,0.46880105
3814,25,1,0.5354829
3815,3,0,0.47312903
3816,20,1,0.5824439
3817,13,1,0.8135109
3818,10,1,0.6970029
3819,10,0,0.8217507
3820,0,0,0.36927918
3821,0,1,0.7033372
3822,20,1,0.61408037
3823,6,0,0.37306124
3824,4,1,0.45707908
3825,0,0,0.5598611
3826,15,0,0.25895634
3827,16,0,0.44247383
3828,8,0,0.32515448
3829,28,0,0.3518041
3830,6,0,0.5583371
3831,9,1,0.5280079
3832,25,0,0.61193603
3833,18,0,0.34783113
3834,21,1,0.5558362
3835,15,0,0.49211568
3836,22,1,0.49792102
3837,16,1,0.6916328
3838,3,0,0.5649632
3839,8,1,0.32876453
3840,26,0,0.36834973
3841,2,1,0.6637928
3842,4,1,0.29104158
3843,1,0,0.59652406
3844,11,0,0.4435492
3845,24,0,0.33405647
3846,13,0,0.31257796
3847,27,1,0.66981715
3848,1,0,0.38967252
3849,13,1,0.4149078
3850,3,0,0.29106125
3851,26,0,0.3057257
3852,10,1,0.7127799
3853,13,0,0.4264941
3854,17,1,0.60121906
3855,20,0,0.3657817
3856,20,0,0.4630128
3857,16,0,0.49276474
3858,10,1,0.5650012
3859,8,0,0.5974194
3860,3,0,0.43794286
3861,6,1,0.33078432
3862,26,1,0.60389984
3863,16,1,0.59958804
3864,27,1,0.32878017
3865,20,0,0.5513297
3866,15,1,0.588923
3867,17,0,0.28631067
3868,2,0,0.2987768
3869,16,0,0.30243078
3870,18,0,0.43402612
3871,1,0,0.30428532
3872,8,0,0.6634595
3873,20,1,0.6149187
3874,15,1,0.6671704
3875,19,1,0.62813175
3876,1,1,0.49741313
3877,1,1,0.5511079
3878,19,1,0.6670197
3879,16,1,0.3701372
3880,17,0,0.44178
3881,8,0,0.5418133
3882,20,1,0.60459805
3883,22,1,0.6449853
3884,13,1,0.6717989
3885,24,0,0.3980671
3886,6,1,0.2917143
3887,24,1,0.5273027
3888,16,1,0.5421366
3889,23,1,0.63890404
3890,11,1,0.67436
3891,16,0,0.33711824
3892,15,0,0.4795154
3893,7,0,0.32067937
3894,6,1,0.49079308
3895,8,0,0.24056609
3896,18,0,0.37116307
3897,21,1,0.3750612
3898,13,1,0.40454718
3899,13,1,0.35318217
3900,14,0,0.6442813
3901,22,1,0.4214019
3902,15,0,0.418391
3903,19,1,0.70926523
3904,9,0,0.518485
3905,22,1,0.39912924
3906,7,1,0.63417983
3907,27,0,0.7029542
3908,0,1,0.4139158
3909,1,1,0.6873061
3910,5,1,0.6433159
3911,6,0,0.6747001
3912,12,1,0.6025041
3913,21,1,0.6545355
3914,6,0,0.37705413
3915,10,0,0.51613235
3916,3,0,0.6885879
3917,17,1,0.56224126
3918,13,0,0.4653215
3919,12,1,0.44410685
3920,1,1,0.653508
3921,2,1,0.35740668
3922,1,1,0.5494053
3923,19,1,0.7222939
3924,28,0,0.26329497
3925,17,1,0.4176528
3926,20,0,0.34263647
3927,25,1,0.72495735
3928,2,0,0.38853973
3929,2,0,0.71677786
3930,7,1,0.5585628
3931,27,1,0.36380032
3932,4,0,0.24983135
3933,0,1,0.38135535
3934,11,0,0.6530905
3935,2,0,0.3735135
3936,2,1,0.63182336
3937,20,1,0.7001451
3938,26,1,0.66943103
3939,15,0,0.52098054
3940,23,1,0.7268194
3941,10,0,0.40137473
3942,11,0,0.45468011
3943,10,0,0.6704394
3944,16,1,0.66570866
3945,27,1,0.65665925
3946,16,0,0.5840601
3947,5,0,0.40372175
3948,1,1,0.69942176
3949,18,0,0.3950629
3950,13,1,0.49496257
3951,2,1,0.46261296
3952,4,0,0.50693464
3953,14,0,0.4827958
3954,23,0,0.32502374
3955,25,0,0.39173928
3956,18,1,0.6519206
3957,16,0,0.56756544
3958,2,1,0.55081207
3959,15,0,0.4171558
3960,16,1,0.63522834
3961,14,1,0.54410607
3962,13,0,0.3020491
3963,20,1,0.67286325
3964,13,0,0.4688606
3965,10,1,0.5607748
3966,15,0,0.6360152
3967,28,0,0.5977939
3968,0,1,0.49047294
3969,5,0,0.64172286
3970,13,1,0.63313025
3971,13,0,0.5090982
3972,2,0,0.53856385
3973,6,0,0.65315837
3974,9,1,0.7060427
3975,23,0,0.41559264
3976,4,1,0.6237114
3977,12,0,0.3513512
3978,10,1,0.50653005
3979,16,0,0.7141264
3980,24,1,0.6425214
3981,16,1,0.7361142
3982,8,0,0.4587933
3983,21,1,0.6783603
3984,8,0,0.43147215
3985,23,0,0.2813603
3986,3,0,0.38305476
3987,28,0,0.3669023
3988,22,1,0.46625525
3989,10,1,0.6932089
3990,16,1,0.753192
3991,15,0,0.3086368
3992,10,0,0.4108757
3993,15,1,0.6368881
3994,27,1,0.30699188
3995,9,1,0.4957601
3996,9,1,0.63579744
3997,22,0,0.5391423
3998,16,1,0.58723766
3999,16,1,0.62449884
4000,11,0,0.35310963
4001,4,0,0.30034614
4002,1,1,0.5581491
4003,0,1,0.43508294
4004,4,0,0.3098904
4005,1,1,0.7274868
4006,22,0,0.42508066
4007,12,1,0.6719833
4008,2,1,0.69322014
4009,9,0,0.5926342
4010,21,1,0.62569726
4011,16,0,0.29529354
4012,11,1,0.6347396
4013,13,0,0.4450649
4014,12,0,0.27010855
4015,3,0,0.3942282
4016,22,0,0.753301
4017,2,0,0.36249754
4018,26,0,0.35301256
4019,8,0,0.62713015
4020,13,1,0.34324077
4021,18,1,0.3906207
4022,19,0,0.38694385
4023,6,1,0.5030053
4024,13,1,0.5995131
4025,19,0,0.6260651
4026,18,1,0.7187429
4027,17,1,0.5395739
4028,14,0,0.57003295
4029,20,1,0.3402565
4030,11,0,0.33385816
4031,15,0,0.6065788
4032,21,1,0.71241796
4033,2,0,0.40782282
4034,15,0,0.6367578
4035,24,0,0.35742795
4036,5,0,0.64859015
4037,21,1,0.35166132
4038,22,1,0.67322314
4039,10,0,0.5079426
4040,2,0,0.4076169
4041,28,0,0.3402637
4042,27,0,0.39180794
4043,1,0,0.34809962
4044,18,0,0.5399037
4045,17,1,0.75933254
4046,18,1,0.4670812
4047,14,0,0.69653237
4048,26,1,0.5420651
4049,21,0,0.29813698
4050,5,1,0.5826894
4051,28,0,0.46478748
4052,2,1,0.7542096
4053,11,1,0.509391
4054,10,0,0.29366827
4055,2,1,0.69685084
4056,15,0,0.5529872
4057,11,0,0.29402483
4058,12,0,0.41689703
4059,14,1,0.5516053
4060,1,1,0.4826507
4061,27,1,0.5179876
4062,23,1,0.40044948
4063,24,0,0.4563586
4064,16,1,0.6792565
4065,1,1,0.49807099
4066,23,0,0.70528895
4067,23,1,0.46648055
4068,16,1,0.43740505
4069,20,1,0.37540266
4070,0,0,0.407115
4071,25,0,0.47897965
4072,20,0,0.52086514
4073,16,0,0.2686651
4074,15,1,0.5271086
4075,24,0,0.6032604
4076,28,1,0.63817793
4077,13,1,0.57271576
4078,12,1,0.63292325
4079,14,1,0.5544263
4080,4,1,0.2561162
4081,8,0,0.40996537
4082,22,0,0.38812128
4083,4,1,0.42950213
4084,6,0,0.42531034
4085,7,0,0.5147475
4086,4,1,0.8073125
4087,16,0,0.45023605
4088,13,0,0.734843
4089,27,0,0.47822142
4090,11,0,0.38135555
4091,1,0,0.7029797
4092,20,0,0.44651446
4093,11,1,0.586837
4094,13,1,0.3146767
4095,10,0,0.35612112
4096,17,0,0.4039163
4097,11,0,0.24888384
4098,16,0,0.48643175
4099,14,0,0.568917
4100,16,1,0.6177684
4101,3,0,0.6558089
4102,1,1,0.409534
4103,27,1,0.643552
4104,2,1,0.5416558
4105,26,0,0.37611547
4106,12,1,0.5094997
4107,11,0,0.43711966
4108,18,1,0.4343774
4109,11,0,0.5108626
4110,14,0,0.40832493
4111,28,0,0.49902037
4112,2,1,0.67011344
4113,1,1,0.6148798
4114,3,1,0.7881307
4115,25,0,0.32122165
4116,16,0,0.4550807
4117,10,1,0.3538119
4118,7,1,0.5188489
4119,1,0,0.33697915
4120,12,1,0.5700478
4121,25,1,0.60292196
4122,15,0,0.35352707
4123,1,0,0.5872339
4124,19,0,0.680499
4125,14,1,0.50687456
4126,26,1,0.6993897
4127,17,0,0.54255086
4128,4,1,0.7425702
4129,6,0,0.6145301
4130,12,0,0.43181166
4131,16,1,0.5858151
4132,4,0,0.44731414
4133,14,0,0.7262316
4134,24,0,0.6282509
4135,16,0,0.33755386
4136,13,1,0.7616188
4137,18,1,0.66207844
4138,1,0,0.27218372
4139,28,1,0.60263234
4140,16,0,0.6815443
4141,10,1,0.7362636
4142,12,1,0.7777563
4143,5,1,0.6392046
4144,3,1,0.5980772
4145,25,0,0.30114093
4146,1,0,0.38291332
4147,16,1,0.402787
4148,7,1,0.5903885
4149,24,0,0.43189925
4150,16,0,0.6780069
4151,9,1,0.3780456
4152,27,1,0.7394435
4153,18,1,0.44393772
4154,7,0,0.6364992
4155,6,0,0.68161815
4156,11,0,0.38216454
4157,17,0,0.6190132
4158,24,0,0.4302728
4159,13,1,0.68182397
4160,19,1,0.35026434
4161,0,0,0.44095176
4162,1,0,0.24227944
4163,1,1,0.24698737
4164,26,1,0.40090436
4165,2,1,0.7377093
4166,2,1,0.48974785
4167,1,0,0.5645011
4168,10,1,0.49959788
4169,1,1,0.29738432
4170,2,1,0.63104624
4171,13,0,0.5453567
4172,26,1,0.682234
4173,16,0,0.55898684
4174,18,1,0.77771586
4175,0,1,0.39950615
4176,0,1,0.74696344
4177,14,1,0.42870462
4178,1,0,0.30814746
4179,12,1,0.58747756
4180,25,1,0.41047928
4181,23,1,0.39820307
4182,16,1,0.62068623
4183,1,1,0.4892643
4184,3,0,0.36412317
4185,11,0,0.41926244
4186,8,1,0.80252004
4187,2,1,0.45000926
4188,8,1,0.65842557
4189,27,1,0.6805924
4190,10,0,0.59576356
4191,17,0,0.45144182
4192,27,1,0.39961585
4193,1,1,0.3608231
4194,2,1,0.36214814
4195,25,0,0.6987651
4196,10,1,0.2804758
4197,11,1,0.6636215
4198,18,1,0.31650782
4199,7,0,0.71454865
4200,15,1,0.6380199
4201,15,1,0.6636929
4202,18,0,0.3234717
4203,11,0,0.31794515
4204,4,1,0.75776494
4205,2,0,0.28525555
4206,15,1,0.5318532
4207,13,1,0.55787075
4208,2,1,0.7463882
4209,0,1,0.30325636
4210,20,1,0.60288656
4211,9,0,0.59785604
4212,16,1,0.55832475
4213,8,1,0.40379855
4214,4,0,0.3912859
4215,23,1,0.7410124
4216,11,0,0.5632868
4217,13,1,0.48502284
4218,8,0,0.41178796
4219,14,0,0.5790677
4220,17,0,0.38636255
4221,2,1,0.74368566
4222,11,1,0.72405297
4223,19,1,0.6139724
4224,3,0,0.35816273
4225,17,0,0.3922437
4226,2,1,0.48731312
4227,14,0,0.42151496
4228,16,1,0.56493527
4229,10,0,0.53549784
4230,15,0,0.25177854
4231,26,1,0.6921783
4232,23,0,0.3635461
4233,1,1,0.6199615
4234,15,1,0.3318495
4235,19,1,0.7298037
4236,22,1,0.5450597
4237,19,0,0.5136517
4238,9,0,0.50264156
4239,22,1,0.3503719
4240,15,0,0.42153537
4241,15,1,0.61229336
4242,1,1,0.674953
4243,14,0,0.32739705
4244,14,0,0.32623106
4245,14,0,0.39957166
4246,7,1,0.35696232
4247,23,1,0.71901596
4248,4,1,0.47389334
4249,21,0,0.2880601
4250,14,0,0.38466892
4251,13,1,0.7184185
4252,26,0,0.5192972
4253,8,0,0.6502622
4254,19,0,0.32020888
4255,22,0,0.7021446
4256,1,1,0.34216008
4257,19,0,0.60405535
4258,15,1,0.7810962
4259,11,0,0.3609909
4260,7,1,0.6113782
4261,16,0,0.2782718
4262,16,1,0.48300552
4263,14,0,0.72897065
4264,5,0,0.66558933
4265,20,0,0.4948846
4266,2,0,0.2877587
4267,1,0,0.6178849
4268,26,0,0.54451823
4269,17,0,0.7244803
4270,25,0,0.49496245
4271,16,0,0.37054217
4272,22,1,0.6294676
4273,7,1,0.57350945
4274,12,0,0.58414555
4275,19,1,0.5395815
4276,1,0,0.31728333
4277,5,0,0.45162162
4278,20,0,0.48583692
4279,1,1,0.7502411
4280,18,0,0.55688524
4281,25,0,0.29374734
4282,8,1,0.70443827
4283,20,1,0.40619946
4284,14,1,0.68300027
4285,8,1,0.8019663
4286,7,0,0.6851146
4287,15,0,0.6175183
4288,10,0,0.5928344
4289,28,0,0.34894338
4290,3,1,0.57194215
4291,23,0,0.41594696
4292,15,0,0.37657294
4293,8,1,0.45307106
4294,16,0,0.39664376
4295,8,0,0.28397444
4296,23,1,0.7271409
4297,8,0,0.48093078
4298,2,1,0.584269
4299,5,0,0.39814055
4300,6,0,0.48065585
4301,2,1,0.52442384
4302,11,1,0.7411776
4303,19,0,0.26759705
4304,13,1,0.37667486
4305,12,0,0.32053486
4306,8,0,0.27543727
4307,11,0,0.62623227
4308,21,1,0.302618
4309,26,1,0.7132632
4310,2,0,0.32659942
4311,26,1,0.79160506
4312,20,1,0.49123347
4313,3,1,0.7231219
4314,23,1,0.5526165
4315,12,0,0.44904107
4316,11,1,0.7775224
4317,3,0,0.34678945
4318,2,0,0.25113136
4319,28,1,0.38239184
4320,15,0,0.4011319
4321,1,0,0.54774797
4322,22,0,0.6369485
4323,26,1,0.5416673
4324,26,0,0.3759144
4325,15,1,0.53265965
4326,15,1,0.54269
4327,1,1,0.50520706
4328,25,0,0.3556098
4329,15,0,0.45650434
4330,11,1,0.5646186
4331,26,1,0.49659082
4332,11,0,0.25048903
4333,1,0,0.61680263
4334,25,0,0.29508302
4335,16,1,0.72493017
4336,7,1,0.3633112
4337,27,1,0.6721507
4338,12,0,0.49934748
4339,11,1,0.40602657
4340,2,1,0.49163163
4341,16,0,0.6557195
4342,21,1,0.75523907
4343,26,0,0.774204
4344,21,0,0.3550243
4345,27,1,0.6842118
4346,12,0,0.39127955
4347,20,0,0.3556593
4348,4,1,0.7824049
4349,20,0,0.38172126
4350,18,0,0.4984341
4351,6,1,0.36843747
4352,23,0,0.61513144
4353,21,0,0.36847574
4354,10,1,0.4783522
4355,13,1,0.68928945
4356,13,0,0.47255993
4357,19,0,0.42159384
4358,20,1,0.4548735
4359,18,0,0.39297986
4360,12,0,0.42615396
4361,18,0,0.30284727
4362,11,1,0.7381103
4363,1,0,0.41884568
4364,16,0,0.38112438
4365,8,0,0.23930746
4366,8,1,0.65794426
4367,23,0,0.7048723
4368,14,0,0.35306272
4369,2,0,0.4490395
4370,1,1,0.4109781
4371,2,0,0.5316452
4372,20,1,0.7698301
4373,28,0,0.4735243
4374,22,1,0.58348197
4375,26,0,0.36819047
4376,7,0,0.5623847
4377,28,1,0.4123823
4378,15,1,0.7210434
4379,20,1,0.36450288
4380,27,1,0.61898327
4381,4,0,0.35370782
4382,28,1,0.43399376
4383,13,1,0.5672619
4384,13,1,0.7114187
4385,22,1,0.44248044
4386,14,1,0.6935877
4387,12,0,0.39958265
4388,9,0,0.2723502
4389,16,0,0.39578465
4390,1,1,0.67524546
4391,27,1,0.4787228
4392,7,0,0.2954503
4393,1,0,0.71081513
4394,8,1,0.2974806
4395,1,1,0.6560451
4396,12,0,0.48585245
4397,4,0,0.51457906
4398,25,0,0.2973998
4399,11,0,0.34047693
4400,14,1,0.38295627
4401,18,0,0.31028003
4402,8,0,0.4034718
4403,13,0,0.28820026
4404,22,0,0.36918557
4405,18,0,0.7213247
4406,22,0,0.5362702
4407,16,1,0.3851536
4408,22,0,0.33475885
4409,25,1,0.60636485
4410,3,0,0.6093177
4411,2,0,0.46532193
4412,23,1,0.39956886
4413,11,1,0.51655704
4414,4,0,0.5344333
4415,4,1,0.29701978
4416,25,0,0.3770284
4417,25,0,0.35695973
4418,15,0,0.61593705
4419,15,0,0.74184275
4420,11,0,0.34846008
4421,6,0,0.25142008
4422,23,0,0.6623442
4423,3,0,0.55625296
4424,8,0,0.37454283
4425,9,0,0.5029174
4426,23,1,0.26726153
4427,10,1,0.39915508
4428,17,0,0.41473937
4429,2,1,0.42634168
4430,2,0,0.24970497
4431,8,1,0.6563738
4432,8,0,0.69067824
4433,10,1,0.6424467
4434,28,1,0.53443974
4435,10,1,0.48307583
4436,19,0,0.30093646
4437,1,0,0.5319264
4438,4,0,0.42286175
4439,25,1,0.61178577
4440,2,0,0.30347848
4441,16,0,0.3884545
4442,8,0,0.58568317
4443,3,1,0.6642252
4444,5,0,0.34992898
4445,27,0,0.30017075
4446,7,1,0.46552378
4447,26,1,0.4053865
4448,15,1,0.2816535
4449,2,0,0.27250922
4450,26,1,0.762727
4451,3,1,0.71209747
4452,2,0,0.44008246
4453,1,1,0.4807753
4454,16,1,0.7375244
4455,28,0,0.5841699
4456,28,1,0.3977854
4457,19,0,0.5015381
4458,9,0,0.50670314
4459,22,0,0.5131146
4460,13,0,0.6974715
4461,3,1,0.6332662
4462,14,1,0.5605179
4463,28,1,0.57900715
4464,1,1,0.46301153
4465,20,1,0.62324655
4466,2,0,0.4883833
4467,4,1,0.6090369
4468,12,0,0.36800626
4469,11,0,0.34165496
4470,13,0,0.67814356
4471,4,1,0.31989813
4472,25,0,0.45284063
4473,19,0,0.3393101
4474,9,1,0.6981521
4475,0,1,0.53864485
4476,12,0,0.3121928
4477,20,0,0.5931522
4478,8,0,0.4696576
4479,18,0,0.47184724
4480,15,1,0.6072592
4481,15,1,0.6676473
4482,10,1,0.51015717
4483,15,1,0.4120595
4484,28,0,0.48573935
4485,22,0,0.46450266
4486,19,0,0.46576968
4487,1,0,0.46087068
4488,5,1,0.6398514
4489,27,1,0.70584655
4490,13,1,0.57350385
4491,14,0,0.34229058
4492,16,1,0.7644795
4493,3,0,0.7382485
4494,1,1,0.66305214
4495,0,0,0.6064897
4496,4,1,0.5700176
4497,14,1,0.75073266
4498,11,1,0.57546127
4499,23,1,0.4357761
4500,1,0,0.3552196
4501,17,0,0.6124328
4502,3,0,0.46349958
4503,2,1,0.55211276
4504,11,0,0.3856091
4505,25,1,0.45297238
4506,10,0,0.36801386
4507,6,0,0.63102007
4508,17,1,0.67108816
4509,20,0,0.2939026
4510,23,0,0.27193445
4511,18,1,0.63377357
4512,25,1,0.6726378
4513,9,1,0.50260085
4514,11,0,0.37470463
4515,10,0,0.36977646
4516,2,0,0.36295077
4517,16,1,0.39361766
4518,8,0,0.63094497
4519,21,0,0.5642307
4520,1,0,0.31117514
4521,26,0,0.581516
4522,6,1,0.4811827
4523,2,0,0.79749674
4524,28,1,0.43581825
4525,19,1,0.6265218
4526,11,1,0.7518962
4527,23,1,0.76433563
4528,13,1,0.7297407
4529,11,0,0.3789965
4530,12,1,0.7070518
4531,1,1,0.73492336
4532,26,0,0.42690197
4533,12,1,0.60896504
4534,21,0,0.4393823
4535,15,1,0.51166487
4536,28,0,0.35053048
4537,13,1,0.67415816
4538,27,1,0.5353647
4539,18,1,0.6860884
4540,27,0,0.37659383
4541,23,0,0.42283887
4542,12,1,0.6285464
4543,11,0,0.28642544
4544,3,0,0.35212076
4545,27,1,0.283774
4546,24,0,0.25638035
4547,7,1,0.2794173
4548,8,1,0.5533968
4549,26,1,0.4263341
4550,12,0,0.39097255
4551,9,0,0.39482164
4552,18,0,0.63651854
4553,4,0,0.37475252
4554,8,0,0.39340353
4555,7,1,0.48376808
4556,18,1,0.45605966
4557,12,1,0.7255215
4558,8,0,0.4906429
4559,13,0,0.30286038
4560,5,1,0.4308716
4561,1,0,0.26337883
4562,27,0,0.3050976
4563,26,1,0.58306974
4564,12,0,0.42073426
4565,13,1,0.55215186
4566,21,0,0.47178182
4567,16,0,0.52399427
4568,20,1,0.5389156
4569,2,1,0.6763847
4570,0,0,0.6845362
4571,18,1,0.486738
4572,13,1,0.63433284
4573,0,0,0.65214604
4574,21,1,0.38812682
4575,1,0,0.7075011
4576,10,0,0.35286346
4577,21,1,0.65121764
4578,13,1,0.5333967
4579,11,1,0.63092613
4580,26,1,0.65485847
4581,27,1,0.63226306
4582,10,1,0.28699848
4583,9,0,0.6407544
4584,2,1,0.35719728
4585,4,0,0.46766344
4586,11,0,0.41343126
4587,2,0,0.28937882
4588,1,0,0.4412197
4589,6,0,0.6329617
4590,27,0,0.25889027
4591,23,0,0.5492737
4592,24,0,0.47193494
4593,9,0,0.29729715
4594,2,0,0.31922185
4595,25,0,0.25914854
4596,1,1,0.45746714
4597,25,0,0.58505005
4598,2,1,0.68614507
4599,13,0,0.68034065
4600,18,0,0.28630102
4601,13,0,0.7180142
4602,22,1,0.6184859
4603,2,0,0.45682162
4604,4,0,0.32086563
4605,1,0,0.3260467
4606,26,0,0.35608646
4607,1,0,0.5504868
4608,18,1,0.63467896
4609,0,1,0.5473124
4610,7,1,0.7195939
4611,8,0,0.36958557
4612,9,0,0.32318223
4613,7,0,0.4865424
4614,3,1,0.41096964
4615,1,1,0.61202025
4616,6,1,0.6313397
4617,16,0,0.588829
4618,6,0,0.5942534
4619,7,0,0.39080447
4620,27,0,0.57016754
4621,20,1,0.6827216
4622,10,0,0.3122684
4623,24,0,0.2808563
4624,9,1,0.8068031
4625,13,1,0.3220905
4626,6,0,0.69162697
4627,20,1,0.39352134
4628,11,0,0.36623192
4629,16,0,0.3881274
4630,12,0,0.32295272
4631,16,0,0.2949916
4632,25,1,0.529056
4633,3,1,0.63883513
4634,22,0,0.26072344
4635,6,1,0.7829065
4636,16,1,0.52372146
4637,27,1,0.75363195
4638,1,1,0.7865761
4639,12,1,0.61604124
4640,8,1,0.38681152
4641,27,1,0.31021
4642,28,1,0.6283563
4643,1,0,0.62153417
4644,16,1,0.611104
4645,7,1,0.69045585
4646,16,0,0.31601706
4647,25,0,0.6734126
4648,16,0,0.37137583
4649,16,1,0.66706353
4650,2,0,0.43704998
4651,20,0,0.3804733
4652,23,0,0.45730495
4653,1,0,0.30693433
4654,13,0,0.5940724
4655,27,0,0.76790696
4656,8,0,0.34211993
4657,9,1,0.5406147
4658,17,1,0.47407487
4659,13,0,0.32010916
4660,15,0,0.26898718
4661,16,1,0.3650364
4662,25,1,0.37536216
4663,1,1,0.35217863
4664,13,0,0.36733222
4665,16,1,0.5630689
4666,5,1,0.5434423
4667,15,0,0.6570697
4668,20,1,0.49120682
4669,10,1,0.5391489
4670,16,1,0.72411
4671,15,1,0.44029373
4672,14,0,0.40726727
4673,2,0,0.3973912
4674,16,1,0.69149745
4675,1,1,0.5220728
4676,14,0,0.53519344
4677,17,0,0.42972374
4678,7,1,0.588319
4679,7,0,0.43271247
4680,2,0,0.30874172
4681,24,1,0.68834347
4682,13,1,0.646068
4683,25,0,0.5405984
4684,11,0,0.4585984
4685,22,0,0.37473944
4686,7,0,0.27506965
4687,8,0,0.38788265
4688,1,1,0.39094377
4689,12,0,0.30624253
4690,27,0,0.29307836
4691,28,0,0.5419056
4692,10,1,0.41269344
4693,28,1,0.6102807
4694,28,1,0.47965667
4695,8,0,0.33629885
4696,18,1,0.45426965
4697,18,0,0.31033966
4698,13,1,0.79237705
4699,9,1,0.6702268
4700,24,1,0.5458463
4701,1,1,0.61325234
4702,19,0,0.36465278
4703,7,0,0.25667167
4704,10,0,0.37822202
4705,16,1,0.5430373
4706,2,0,0.27794355
4707,16,0,0.31385702
4708,22,1,0.34298468
4709,18,1,0.5725015
4710,2,1,0.65666264
4711,10,0,0.30807048
4712,13,1,0.30492178
4713,27,1,0.70055395
4714,1,1,0.797125
4715,1,0,0.6808566
4716,17,0,0.3047709
4717,27,0,0.5316034
4718,17,0,0.48274097
4719,12,0,0.58647025
4720,13,1,0.5360898
4721,17,0,0.27415305
4722,16,1,0.28227374
4723,4,1,0.60935694
4724,16,0,0.4404083
4725,19,0,0.3660031
4726,5,1,0.40996456
4727,2,0,0.62277997
4728,2,1,0.48741534
4729,11,1,0.47814116
4730,16,1,0.8163204
4731,16,0,0.41524136
4732,26,1,0.5760666
4733,22,0,0.3453068
4734,15,0,0.31323302
4735,2,1,0.5142271
4736,20,0,0.33330745
4737,18,1,0.7106256
4738,13,0,0.40469834
4739,10,0,0.65194494
4740,3,1,0.59675777
4741,15,1,0.75420266
4742,1,0,0.36852467
4743,10,0,0.3497245
4744,20,1,0.65902823
4745,8,0,0.60337704
4746,3,0,0.39867324
4747,25,0,0.51506174
4748,16,0,0.40302232
4749,25,1,0.46617186
4750,2,0,0.46649042
4751,3,1,0.6837387
4752,20,0,0.36268795
4753,20,1,0.3119457
4754,22,0,0.28562388
4755,12,1,0.41185716
4756,27,0,0.38422653
4757,4,1,0.68681157
4758,2,1,0.46157172
4759,13,1,0.4571144
4760,22,0,0.31440905
4761,12,0,0.4720253
4762,13,0,0.6375856
4763,28,1,0.6415478
4764,15,1,0.678298
4765,2,1,0.31100652
4766,20,0,0.47571608
4767,16,0,0.6339802
4768,16,0,0.29494107
4769,10,0,0.5643914
4770,25,1,0.72101945
4771,6,0,0.548702
4772,9,1,0.72144365
4773,16,0,0.55904
4774,11,0,0.44386843
4775,0,0,0.48858434
4776,28,1,0.5289886
4777,22,1,0.5064448
4778,21,1,0.2594622
4779,10,0,0.38700068
4780,3,1,0.5851849
4781,8,0,0.7088502
4782,16,1,0.42604646
4783,21,1,0.32390353
4784,3,0,0.51464045
4785,12,1,0.39985302
4786,1,0,0.6323719
4787,23,0,0.3236279
4788,4,1,0.6017229
4789,24,0,0.67100066
4790,2,1,0.66729677
4791,28,1,0.49353927
4792,7,1,0.62610954
4793,15,0,0.35039887
4794,20,0,0.36722896
4795,11,0,0.56519926
4796,0,1,0.6637569
4797,6,1,0.34207043
4798,23,0,0.5103794
4799,18,1,0.61409205
4800,16,0,0.43810746
4801,16,0,0.3818861
4802,5,1,0.6483335
4803,1,0,0.37254736
4804,7,1,0.6036478
4805,0,0,0.65763944
4806,1,0,0.64452046
4807,13,1,0.36019936
4808,27,0,0.769943
4809,16,0,0.59694606
4810,2,1,0.65415543
4811,16,1,0.5845923
4812,20,1,0.65888715
4813,8,0,0.70998037
4814,22,1,0.424029
4815,3,1,0.7078518
4816,26,1,0.48524338
4817,13,1,0.45206273
4818,10,0,0.3685712
4819,14,0,0.41099632
4820,13,0,0.27926242
4821,13,1,0.7363091
4822,26,1,0.6458892
4823,25,0,0.612216
4824,15,0,0.4943226
4825,28,1,0.813031
4826,28,0,0.27094018
4827,11,1,0.5981739
4828,16,1,0.3077209
4829,13,0,0.26655084
4830,8,0,0.33167824
4831,12,0,0.73247606
4832,3,1,0.4348161
4833,7,0,0.33378333
4834,5,1,0.5762805
4835,2,0,0.3507797
4836,7,1,0.5853271
4837,8,1,0.689903
4838,9,0,0.29958656
4839,4,0,0.5213084
4840,15,0,0.35117665
4841,16,0,0.3182576
4842,14,1,0.7130292
4843,15,0,0.2954673
4844,11,1,0.5154158
4845,21,0,0.38523465
4846,16,0,0.5109578
4847,9,1,0.6593972
4848,27,0,0.52584666
4849,13,0,0.38221827
4850,25,1,0.6208088
4851,8,1,0.5000277
4852,6,1,0.7087202
4853,7,1,0.67074907
4854,21,0,0.49381715
4855,12,0,0.52264965
4856,12,1,0.4325887
4857,1,0,0.3854281
4858,25,0,0.2815791
4859,10,0,0.5486378
4860,11,0,0.608409
4861,20,1,0.4649662
4862,25,1,0.63261867
4863,23,0,0.33758262
4864,2,0,0.46915185
4865,0,1,0.52988666
4866,21,1,0.7885272
4867,8,0,0.45761782
4868,22,1,0.30133942
4869,15,1,0.4492837
4870,15,1,0.56566644
4871,2,0,0.35276905
4872,24,1,0.6173081
4873,20,1,0.70039225
4874,19,0,0.760561
4875,18,0,0.2508031
4876,17,1,0.4153561
4877,16,1,0.54999584
4878,17,1,0.6791962
4879,13,0,0.4648851
4880,7,1,0.5674264
4881,15,0,0.43440467
4882,15,0,0.6470784
4883,17,1,0.70588446
4884,3,1,0.6039479
4885,8,0,0.35716078
4886,20,0,0.48409632
4887,9,1,0.44317725
4888,27,0,0.3451622
4889,5,0,0.4900861
4890,26,1,0.4318248
4891,22,0,0.3464457
4892,1,0,0.59809965
4893,23,0,0.39549622
4894,11,0,0.54624456
4895,2,0,0.7279902
4896,19,1,0.770079
4897,9,1,0.5593865
4898,25,0,0.3841006
4899,27,0,0.5872131
4900,14,0,0.46403894
4901,13,0,0.6138574
4902,15,0,0.35759574
4903,8,1,0.53279793
4904,4,1,0.5207882
4905,4,0,0.29055575
4906,19,1,0.53902704
4907,16,0,0.6310057
4908,28,0,0.58773
4909,9,1,0.69597137
4910,28,1,0.3167723
4911,14,1,0.74665326
4912,18,0,0.50175714
4913,20,1,0.72631973
4914,23,0,0.48833916
4915,17,0,0.48148125
4916,9,1,0.6897905
4917,14,0,0.5494889
4918,22,1,0.3741579
4919,15,1,0.5595612
4920,25,1,0.43212298
4921,7,0,0.66832507
4922,17,0,0.37050584
4923,16,1,0.73797596
4924,26,0,0.42991856
4925,18,1,0.40817794
4926,25,1,0.37851477
4927,16,0,0.51147157
4928,21,1,0.78865457
4929,18,0,0.3306016
4930,15,0,0.35490215
4931,2,1,0.43028158
4932,2,1,0.6120924
4933,18,0,0.3308229
4934,21,1,0.6913561
4935,11,0,0.5698089
4936,27,0,0.3499644
4937,24,1,0.5736888
4938,2,0,0.53210694
4939,15,1,0.6875659
4940,7,1,0.4807969
4941,15,0,0.38177675
4942,12,1,0.686029
4943,3,1,0.5467103
4944,1,1,0.66004854
4945,21,0,0.41197878
4946,16,0,0.3704173
4947,14,1,0.4917514
4948,16,1,0.3872897
4949,13,0,0.37094873
4950,16,1,0.5407422
4951,6,0,0.5229259
4952,15,1,0.48332188
4953,26,1,0.5554406
4954,28,0,0.35214582
4955,8,1,0.5917397
4956,6,1,0.531498
4957,2,1,0.68158215
4958,8,1,0.5377517
4959,13,1,0.64895916
4960,26,0,0.51507527
4961,1,1,0.7603038
4962,1,1,0.81937474
4963,5,0,0.56061715
4964,25,1,0.6089989
4965,2,0,0.37906882
4966,16,1,0.6701083
4967,3,0,0.588623
4968,26,0,0.29570794
4969,17,0,0.3304111
4970,24,0,0.48308325
4971,26,0,0.29947522
4972,25,1,0.46185648
4973,0,1,0.5021739
4974,15,1,0.3817245
4975,12,1,0.56175214
4976,13,1,0.5036616
4977,15,1,0.48281103
4978,26,0,0.42465088
4979,26,1,0.71045345
4980,8,0,0.3786307
4981,10,0,0.48111337
4982,25,1,0.8069009
4983,11,1,0.61105275
4984,8,0,0.50033885
4985,26,1,0.6180784
4986,16,0,0.41445225
4987,12,0,0.39607856
4988,17,1,0.6703133
4989,10,1,0.6586239
4990,1,0,0.6161312
4991,8,0,0.4730723
4992,2,0,0.5690032
4993,20,1,0.6308448
4994,15,0,0.27911663
4995,11,0,0.41879663
4996,2,0,0.3614054
4997,21,1,0.7058555
4998,2,1,0.33689886
4999,1,1,0.60082173
5000,11,0,0.5292388
5001,18,0,0.35461488
5002,14,1,0.72640836
5003,28,1,0.69871604
5004,22,0,0.43744314
5005,17,1,0.40430906
5006,8,0,0.32966706
5007,26,0,0.5317836
5008,19,0,0.3735176
5009,3,1,0.65389967
5010,4,0,0.31063882
5011,10,1,0.75151384
5012,13,0,0.2808328
5013,21,1,0.76282585
5014,6,0,0.5553385
5015,19,1,0.6767264
5016,13,1,0.75411016
5017,26,1,0.40026936
5018,25,0,0.42174715
5019,27,0,0.5397478
5020,16,0,0.5774821
5021,22,0,0.35298988
5022,15,0,0.37709188
5023,23,0,0.3588019
5024,2,1,0.5740063
5025,9,1,0.74276435
5026,0,1,0.50394964
5027,16,0,0.45632455
5028,8,0,0.28310415
5029,14,0,0.67711747
5030,20,1,0.6098316
5031,13,1,0.6779522
5032,18,1,0.5420629
5033,21,0,0.47130188
5034,26,1,0.78391963
5035,20,1,0.6123141
5036,3,0,0.5803374
5037,2,1,0.46105105
5038,9,0,0.6774698
5039,27,1,0.3393932
5040,6,1,0.5585257
5041,15,1,0.6841786
5042,22,1,0.7629188
5043,16,1,0.4330737
5044,2,1,0.7129799
5045,11,0,0.48581964
5046,23,1,0.6425715
5047,11,0,0.2997389
5048,16,1,0.7095687
5049,14,1,0.6106934
5050,28,1,0.38705805
5051,24,0,0.29161492
5052,11,0,0.39749858
5053,24,0,0.3068055
5054,20,0,0.5353554
5055,16,1,0.6931989
5056,5,0,0.5619381
5057,25,0,0.5627425
5058,8,1,0.58045024
5059,17,0,0.264449
5060,16,0,0.36938164
5061,2,1,0.4606304
5062,14,1,0.6482894
5063,4,1,0.5848488
5064,6,0,0.29606855
5065,11,0,0.51572835
5066,15,1,0.57490855
5067,5,0,0.68829876
5068,13,1,0.48301998
5069,2,1,0.5233665
5070,23,1,0.6794477
5071,9,0,0.2695226
5072,16,0,0.69276
5073,4,1,0.68489414
5074,16,0,0.48757342
5075,25,0,0.6412038
5076,15,1,0.5970607
5077,17,0,0.28745133
5078,4,0,0.36725155
5079,10,0,0.6730174
5080,6,0,0.5812473
5081,25,0,0.58444744
5082,10,1,0.76271296
5083,11,1,0.42396736
5084,0,1,0.5496822
5085,0,0,0.39840287
5086,8,0,0.39875606
5087,25,1,0.72094727
5088,20,0,0.47954535
5089,21,0,0.43819088
5090,1,0,0.34494323
5091,15,0,0.32914686
5092,16,0,0.49800527
5093,4,0,0.5359799
5094,24,1,0.7055717
5095,7,0,0.55983293
5096,3,1,0.52852607
5097,16,1,0.51219314
5098,12,1,0.36749396
5099,17,1,0.6026768
5100,23,0,0.46943563
5101,14,1,0.37576413
5102,13,0,0.4092424
5103,6,1,0.53096056
5104,23,0,0.29064497
5105,7,0,0.3825185
5106,1,1,0.4508641
5107,21,1,0.63441586
5108,17,1,0.5622167
5109,8,1,0.37718466
5110,10,0,0.30592817
5111,14,1,0.6219949
5112,7,1,0.47814018
5113,21,1,0.41051662
5114,8,0,0.43528605
5115,2,0,0.37426218
5116,19,0,0.29017556
5117,14,0,0.50661427
5118,21,1,0.50792664
5119,8,0,0.2875103
5120,27,0,0.49413222
5121,15,0,0.6055838
5122,4,1,0.50882465
5123,20,1,0.44594553
5124,2,1,0.69350153
5125,0,0,0.3943752
5126,17,0,0.29147312
5127,25,1,0.75293565
5128,16,1,0.67511356
5129,6,1,0.6089509
5130,1,1,0.7294337
5131,18,0,0.34562036
5132,1,0,0.27848953
5133,16,1,0.63093287
5134,19,1,0.4832212
5135,25,1,0.3975602
5136,10,0,0.69923246
5137,11,0,0.4581199
5138,6,0,0.6032201
5139,0,0,0.34115025
5140,25,0,0.38912728
5141,6,1,0.4027936
5142,17,0,0.36407813
5143,18,1,0.45386103
5144,11,0,0.31095088
5145,16,0,0.3474293
5146,13,0,0.5316717
5147,10,1,0.5872618
5148,26,1,0.7739109
5149,8,1,0.4482313
5150,18,1,0.73147553
5151,27,1,0.7119113
5152,26,1,0.28525072
5153,3,1,0.4771488
5154,21,1,0.6866818
5155,22,0,0.6869878
5156,22,0,0.6654329
5157,3,0,0.3136981
5158,13,1,0.30289444
5159,5,1,0.6663948
5160,2,1,0.52820766
5161,26,0,0.67398965
5162,27,0,0.24889648
5163,3,1,0.79209495
5164,11,1,0.60718757
5165,19,1,0.48708075
5166,3,1,0.5599314
5167,16,1,0.68278366
5168,26,0,0.48793036
5169,0,1,0.6065909
5170,16,0,0.5420323
5171,11,1,0.68960947
5172,10,0,0.5973909
5173,21,0,0.40332058
5174,13,0,0.32111153
5175,15,0,0.56091195
5176,7,1,0.6137064
5177,25,0,0.2986938
5178,2,1,0.32608753
5179,16,0,0.4206946
5180,25,0,0.35123798
5181,16,1,0.6449819
5182,15,0,0.67327815
5183,2,0,0.401906
5184,15,1,0.30036038
5185,5,0,0.31860295
5186,14,1,0.62928975
5187,12,0,0.45404094
5188,10,1,0.6070157
5189,18,0,0.40748656
5190,1,0,0.34783527
5191,15,1,0.46587878
5192,25,0,0.34012592
5193,20,1,0.2797005
5194,19,1,0.70114267
5195,9,0,0.40539446
5196,9,1,0.5347288
5197,6,1,0.56173646
5198,25,0,0.3535248
5199,4,0,0.5043469
5200,26,1,0.7689956
5201,2,1,0.37079763
5202,25,1,0.40294504
5203,10,0,0.348433
5204,8,0,0.5308893
5205,27,1,0.6926664
5206,22,1,0.70191544
5207,25,1,0.61600333
5208,16,1,0.5573599
5209,26,0,0.5575985
5210,15,1,0.5240677
5211,28,1,0.3658678
5212,8,1,0.70971555
5213,20,1,0.6517995
5214,24,1,0.4840823
5215,19,0,0.374333
5216,11,0,0.32917535
5217,14,0,0.44786668
5218,2,0,0.48358914
5219,13,1,0.5908742
5220,16,0,0.48821378
5221,16,0,0.45579776
5222,25,0,0.5709049
5223,17,1,0.6790053
5224,16,1,0.6774087
5225,18,1,0.5822927
5226,1,0,0.33988148
5227,13,0,0.30229834
5228,23,0,0.41537157
5229,25,0,0.5117097
5230,11,0,0.5692122
5231,13,1,0.7353717
5232,25,1,0.5861606
5233,8,1,0.5358235
5234,2,1,0.39719722
5235,14,0,0.2982093
5236,8,1,0.42766118
5237,26,1,0.45195234
5238,13,1,0.57792765
5239,23,1,0.6118969
5240,15,1,0.49379912
5241,6,0,0.28493637
5242,25,0,0.6657162
5243,19,0,0.2795618
5244,28,0,0.33522952
5245,15,1,0.34051648
5246,25,0,0.67649806
5247,10,1,0.3242845
5248,5,0,0.56560856
5249,24,1,0.70700014
5250,10,1,0.6911317
5251,13,1,0.59752935
5252,20,1,0.34273025
5253,25,1,0.6944563
5254,27,1,0.540249
5255,8,0,0.41298667
5256,27,0,0.6322108
5257,23,1,0.66416395
5258,11,1,0.60841143
5259,3,0,0.38023108
5260,15,1,0.61372775
5261,3,0,0.27388775
5262,13,0,0.29151943
5263,27,1,0.61775506
5264,21,1,0.6799716
5265,13,1,0.58292675
5266,17,0,0.2484999
5267,25,1,0.3918923
5268,2,1,0.4984235
5269,2,1,0.55958384
5270,20,0,0.35311812
5271,4,0,0.2933329
5272,2,0,0.27198327
5273,2,0,0.32349038
5274,11,1,0.47593388
5275,3,0,0.25726402
5276,9,1,0.2954267
5277,16,1,0.5961093
5278,1,0,0.43411604
5279,3,0,0.40053186
5280,14,0,0.6438713
5281,8,0,0.57168823
5282,11,1,0.53700364
5283,26,1,0.7421411
5284,13,1,0.6302294
5285,19,1,0.6775497
5286,10,0,0.37412378
5287,8,1,0.44435036
5288,11,1,0.41795394
5289,25,1,0.40013716
5290,8,0,0.3763011
5291,18,1,0.4036486
5292,8,1,0.6797119
5293,2,1,0.5661861
5294,17,1,0.71334296
5295,26,0,0.7347209
5296,11,0,0.5828835
5297,2,1,0.59832066
5298,0,0,0.30584905
5299,15,1,0.774497
5300,18,0,0.42711845
5301,11,1,0.6024837
5302,4,1,0.71487683
5303,27,0,0.412892
5304,24,0,0.5481411
5305,27,0,0.36088324
5306,4,1,0.637924
5307,6,1,0.34234667
5308,4,0,0.697683
5309,6,0,0.66764027
5310,15,0,0.50541747
5311,11,1,0.7382714
5312,24,1,0.65251815
5313,17,1,0.35163385
5314,20,1,0.7093973
5315,18,0,0.3134061
5316,13,1,0.45708537
5317,1,1,0.6930305
5318,25,1,0.35723707
5319,15,1,0.27714166
5320,13,1,0.69406855
5321,15,1,0.5164325
5322,13,1,0.45281217
5323,24,0,0.52936256
5324,12,1,0.43422318
5325,6,0,0.45660537
5326,25,0,0.65709984
5327,4,0,0.324099
5328,5,0,0.27550274
5329,22,0,0.4985943
5330,6,0,0.5508164
5331,1,1,0.68804604
5332,16,0,0.34323284
5333,25,0,0.3758758
5334,19,1,0.49694908
5335,26,1,0.7617136
5336,13,1,0.63751245
5337,14,1,0.718509
5338,25,1,0.47690895
5339,7,0,0.53091663
5340,8,0,0.2836002
5341,16,0,0.35574368
5342,27,0,0.48017526
5343,4,1,0.38210112
5344,10,1,0.36233288
5345,0,1,0.54016465
5346,14,0,0.6094737
5347,13,1,0.6871774
5348,15,0,0.29549092
5349,16,1,0.48953938
5350,25,1,0.6617803
5351,12,0,0.41964358
5352,4,1,0.72506267
5353,28,1,0.6849057
5354,5,1,0.76636916
5355,26,0,0.6597248
5356,13,0,0.5055546
5357,13,0,0.28454918
5358,15,0,0.53828937
5359,6,1,0.6324476
5360,27,0,0.37633973
5361,16,0,0.2617366
5362,1,0,0.29318827
5363,18,1,0.6278836
5364,23,0,0.73445505
5365,11,0,0.49647027
5366,10,0,0.549614
5367,13,0,0.33555028
5368,10,1,0.6404421
5369,15,0,0.74452406
5370,13,0,0.3283304
5371,27,0,0.56007916
5372,23,0,0.6487866
5373,6,0,0.2957642
5374,10,1,0.38626492
5375,13,0,0.4982857
5376,8,1,0.8106297
5377,1,0,0.35841405
5378,17,0,0.5266673
5379,25,0,0.40206984
5380,7,0,0.28196225
5381,3,0,0.29854497
5382,13,1,0.60493106
5383,25,0,0.67084455
5384,7,0,0.44027108
5385,19,0,0.44855243
5386,24,0,0.5852656
5387,6,1,0.3352369
5388,4,0,0.32382366
5389,26,0,0.48416093
5390,10,0,0.42029056
5391,28,0,0.37038565
5392,4,1,0.6336336
5393,16,1,0.30239883
5394,16,1,0.54043394
5395,6,1,0.45906973
5396,9,1,0.5219747
5397,9,0,0.402854
5398,26,0,0.2974386
5399,5,0,0.569478
5400,8,0,0.29173172
5401,17,0,0.34890825
5402,14,1,0.60843253
5403,15,1,0.5067215
5404,22,1,0.45187017
5405,10,0,0.4810979
5406,3,1,0.5107397
5407,13,0,0.31342962
5408,0,0,0.28731567
5409,14,1,0.64620703
5410,11,1,0.3339856
5411,24,0,0.45409727
5412,27,1,0.6416514
5413,16,0,0.2957055
5414,6,0,0.42185435
5415,5,1,0.68612194
5416,1,1,0.6576595
5417,21,0,0.60831076
5418,10,0,0.46865448
5419,4,1,0.5923037
5420,16,0,0.35913083
5421,4,0,0.5271756
5422,26,0,0.39829245
5423,2,1,0.29049912
5424,10,1,0.53452027
5425,12,0,0.47663477
5426,27,0,0.6911004
5427,3,1,0.40431002
5428,24,0,0.3538959
5429,18,0,0.52749246
5430,19,0,0.44419885
5431,12,0,0.4072436
5432,6,1,0.45321077
5433,8,1,0.5532474
5434,12,0,0.54132766
5435,10,0,0.42059815
5436,28,1,0.57216555
5437,18,1,0.46585643
5438,10,1,0.5230858
5439,9,0,0.7066219
5440,21,1,0.6164265
5441,8,1,0.6760247
5442,3,1,0.6466512
5443,3,0,0.3947482
5444,24,1,0.68423814
5445,12,1,0.65996116
5446,3,1,0.7119518
5447,11,0,0.5609174
5448,20,1,0.28759405
5449,21,0,0.41994685
5450,16,1,0.74620444
5451,23,1,0.63079625
5452,14,1,0.35251808
5453,1,1,0.42018965
5454,1,0,0.31013513
5455,12,0,0.61391854
5456,6,1,0.6553777
5457,13,1,0.4858843
5458,11,0,0.5269444
5459,15,0,0.44680223
5460,13,1,0.77210385
5461,2,0,0.31277993
5462,1,1,0.5312115
5463,22,0,0.6047115
5464,2,1,0.5469281
5465,14,0,0.29179344
5466,27,1,0.61129653
5467,13,0,0.7442297
5468,20,1,0.6343725
5469,8,0,0.6290522
5470,19,1,0.44895944
5471,10,0,0.4219827
5472,16,0,0.3645807
5473,14,0,0.2968249
5474,25,0,0.3141961
5475,7,0,0.512818
5476,25,0,0.40157196
5477,8,1,0.54569924
5478,26,0,0.5145803
5479,3,0,0.33930144
5480,3,1,0.5487994
5481,15,1,0.69242555
5482,10,0,0.36715278
5483,28,0,0.35863742
5484,17,1,0.44067767
5485,23,0,0.4080094
5486,25,1,0.53445816
5487,16,0,0.69629747
5488,24,0,0.41557
5489,5,1,0.32668972
5490,12,1,0.62347317
5491,11,0,0.2878644
5492,11,0,0.32321155
5493,8,1,0.4887115
5494,22,1,0.48405817
5495,7,0,0.23114125
5496,15,1,0.4825428
5497,20,0,0.5529799
5498,16,1,0.48520863
5499,23,1,0.71785414
5500,2,0,0.40352234
5501,16,1,0.5240542
5502,13,1,0.49280608
5503,18,1,0.7194138
5504,17,0,0.26865092
5505,18,1,0.739269
5506,5,1,0.43962336
5507,1,1,0.70339066
5508,13,0,0.506635
5509,16,1,0.43348414
5510,11,1,0.7352179
5511,27,0,0.39492953
5512,20,0,0.26898512
5513,13,1,0.7944614
5514,22,1,0.41600534
5515,7,0,0.6568389
5516,15,1,0.6745091
5517,25,1,0.61144185
5518,25,0,0.34538186
5519,6,0,0.270321
5520,6,1,0.70923334
5521,6,1,0.5063031
5522,17,1,0.5794918
5523,21,0,0.6742491
5524,9,1,0.44264016
5525,18,1,0.49115458
5526,28,0,0.27959108
5527,12,0,0.25332153
5528,10,1,0.75635767
5529,13,0,0.5911326
5530,23,0,0.51236206
5531,28,0,0.3415088
5532,18,1,0.6128079
5533,28,0,0.67558163
5534,18,0,0.5198877
5535,2,1,0.48459843
5536,1,0,0.34293556
5537,8,0,0.5307559
5538,8,0,0.4175785
5539,7,1,0.71251357
5540,21,0,0.49168682
5541,27,1,0.54627454
5542,11,1,0.34692007
5543,10,0,0.40234816
5544,0,1,0.7503882
5545,0,0,0.48334634
5546,27,0,0.32361332
5547,10,1,0.3476724
5548,11,0,0.6761144
5549,6,0,0.41768664
5550,22,0,0.536681
5551,24,0,0.41837138
5552,5,0,0.4633843
5553,11,1,0.6178993
5554,13,0,0.2772785
5555,25,0,0.50872856
5556,17,1,0.36706492
5557,22,0,0.46834868
5558,2,1,0.64647937
5559,10,0,0.24269432
5560,26,0,0.26310426
5561,6,1,0.7344306
5562,27,0,0.57044065
5563,4,0,0.33494264
5564,6,0,0.4540486
5565,20,1,0.31636512
5566,1,1,0.6444996
5567,13,0,0.4817384
5568,27,0,0.57909524
5569,18,0,0.30166247
5570,22,1,0.48945203
5571,1,0,0.3825319
5572,8,1,0.6640821
5573,11,0,0.5899437
5574,22,1,0.7101793
5575,27,1,0.7199562
5576,1,1,0.6673448
5577,26,1,0.4286364
5578,4,1,0.7005961
5579,11,1,0.59988827
5580,2,0,0.3206651
5581,16,1,0.45647448
5582,14,1,0.75131804
5583,20,1,0.45757085
5584,2,0,0.45621184
5585,16,0,0.49245527
5586,15,1,0.506138
5587,16,1,0.66349065
5588,26,0,0.49423057
5589,15,1,0.63142675
5590,27,1,0.4675601
5591,0,1,0.56025183
5592,12,1,0.35184884
5593,6,0,0.39864975
5594,16,0,0.3276345
5595,25,0,0.37687632
5596,27,0,0.4089569
5597,21,0,0.31871146
5598,25,0,0.57603
5599,4,0,0.26855212
5600,22,0,0.418105
5601,14,0,0.48731437
5602,8,0,0.33178726
5603,24,1,0.57774055
5604,16,1,0.29611722
5605,4,0,0.3459338
5606,4,0,0.37534392
5607,1,1,0.35114974
5608,22,0,0.38209617
5609,0,1,0.48804584
5610,27,0,0.4988171
5611,25,1,0.6304197
5612,11,1,0.67003226
5613,17,0,0.43231574
5614,18,0,0.7380545
5615,12,0,0.41990167
5616,9,0,0.341375
5617,1,1,0.49093613
5618,21,0,0.34866259
5619,13,0,0.5459163
5620,20,0,0.3925697
5621,27,0,0.6584624
5622,26,1,0.55974734
5623,3,0,0.3041445
5624,2,1,0.78306925
5625,22,0,0.50520414
5626,9,1,0.33682016
5627,24,0,0.31140935
5628,28,0,0.5107175
5629,24,1,0.6563854
5630,17,0,0.4392756
5631,8,1,0.6848199
5632,18,0,0.4543909
5633,13,1,0.68209016
5634,6,1,0.43735385
5635,18,0,0.64341843
5636,26,1,0.5987503
5637,16,1,0.7228495
5638,5,1,0.435792
5639,20,1,0.5873669
5640,20,0,0.36854625
5641,7,1,0.70844585
5642,27,1,0.7924479
5643,28,0,0.30887637
5644,11,0,0.39218232
5645,15,0,0.35837263
5646,0,0,0.52563536
5647,14,0,0.28821737
5648,12,1,0.57728213
5649,10,1,0.6888523
5650,12,0,0.28189382
5651,14,1,0.3179104
5652,5,0,0.47924376
5653,27,0,0.41351098
5654,15,1,0.5328196
5655,11,1,0.4721601
5656,8,0,0.42007083
5657,6,1,0.35752204
5658,22,1,0.60943276
5659,18,0,0.541565
5660,13,0,0.40005356
5661,16,0,0.6584087
5662,19,0,0.53250545
5663,3,1,0.72520274
5664,23,0,0.34355384
5665,26,1,0.76731217
5666,10,1,0.42290303
5667,12,0,0.32757676
5668,23,1,0.73907965
5669,11,0,0.3828271
5670,1,0,0.29938918
5671,15,0,0.3114405
5672,20,0,0.5320432
5673,24,1,0.69019663
5674,22,1,0.41089046
5675,23,0,0.33445683
5676,19,0,0.4340294
5677,18,1,0.58212066
5678,16,0,0.5175909
5679,5,0,0.607513
5680,2,0,0.4327121
5681,17,0,0.64190024
5682,17,1,0.57582974
5683,0,0,0.5496165
5684,17,1,0.7882228
5685,11,0,0.31861317
5686,11,1,0.59977114
5687,23,1,0.6006594
5688,16,0,0.28554696
5689,12,0,0.5481027
5690,26,1,0.5972255
5691,12,1,0.44515833
5692,14,1,0.62033224
5693,24,0,0.35131577
5694,22,1,0.6933637
5695,21,0,0.5327022
5696,9,0,0.61835283
5697,8,0,0.3042774
5698,23,0,0.47487703
5699,1,0,0.30678624
5700,13,0,0.27763528
5701,17,0,0.3898473
5702,17,0,0.40603617
5703,4,1,0.7324752
5704,6,0,0.5311366
5705,2,1,0.6796625
5706,1,0,0.40506563
5707,10,0,0.31520036
5708,8,0,0.3657019
5709,12,1,0.62146443
5710,13,0,0.43908194
5711,10,0,0.31922367
5712,1,1,0.695751
5713,7,1,0.67276156
5714,5,1,0.4049762
5715,2,0,0.3266601
5716,11,0,0.72193253
5717,11,0,0.49004683
5718,17,0,0.62287754
5719,8,0,0.3312254
5720,11,1,0.6212636
5721,7,0,0.40174273
5722,27,0,0.397375
5723,2,1,0.6363835
5724,25,0,0.29215226
5725,24,0,0.33068022
5726,3,1,0.4334179
5727,17,1,0.40209168
5728,25,0,0.5370426
5729,22,0,0.5360483
5730,14,0,0.49338728
5731,3,1,0.56492347
5732,13,1,0.48802665
5733,10,1,0.35842687
5734,5,0,0.5633973
5735,13,0,0.61909926
5736,7,1,0.40250784
5737,26,1,0.397135
5738,13,0,0.39048544
5739,2,0,0.35152078
5740,4,1,0.2507211
5741,17,1,0.7294971
5742,15,1,0.49119872
5743,27,1,0.5851349
5744,1,1,0.6493063
5745,4,1,0.76860505
5746,7,0,0.5090535
5747,2,1,0.52723944
5748,23,0,0.41245002
5749,11,1,0.6701758
5750,7,0,0.34650162
5751,21,0,0.2388199
5752,19,1,0.6807761
5753,22,0,0.5289918
5754,6,1,0.52486426
5755,20,1,0.5529773
5756,22,1,0.6878255
5757,14,0,0.45324418
5758,17,1,0.71414185
5759,10,0,0.36031204
5760,23,1,0.5306906
5761,13,1,0.7884058
5762,28,0,0.5476745
5763,9,1,0.78200394
5764,19,0,0.51296294
5765,16,0,0.29789463
5766,8,0,0.5523061
5767,6,1,0.40525398
5768,13,0,0.34763572
5769,18,1,0.5617082
5770,18,0,0.3709798
5771,27,1,0.4197701
5772,6,0,0.388534
5773,12,0,0.23710714
5774,22,1,0.6885866
5775,25,1,0.7500107
5776,4,1,0.40710577
5777,13,0,0.5198849
5778,10,1,0.3917481
5779,11,1,0.2533185
5780,21,1,0.43124998
5781,19,1,0.7542787
5782,2,1,0.5571533
5783,9,0,0.35143748
5784,1,1,0.440401
5785,13,1,0.43466064
5786,28,0,0.46380293
5787,20,0,0.3319875
5788,27,1,0.6859008
5789,2,1,0.64423674
5790,12,0,0.39664042
5791,26,1,0.3966881
5792,14,1,0.6669909
5793,18,1,0.5523888
5794,28,0,0.42047676
5795,8,0,0.4829756
5796,12,0,0.6217588
5797,26,0,0.48443058
5798,22,1,0.64790255
5799,13,1,0.7888974
5800,19,0,0.5586807
5801,15,0,0.47932494
5802,22,0,0.29166064
5803,17,0,0.6680434
5804,13,1,0.7998225
5805,21,0,0.40681744
5806,25,0,0.43390664
5807,13,0,0.43882194
5808,17,1,0.31856495
5809,17,0,0.47608396
5810,15,1,0.63483816
5811,2,1,0.31384504
5812,15,0,0.537321
5813,19,0,0.43629485
5814,23,1,0.7273503
5815,17,0,0.4321649
5816,2,1,0.7378935
5817,1,1,0.51026845
5818,28,1,0.6319678
5819,12,1,0.6040611
5820,8,0,0.38770354
5821,11,0,0.34282953
5822,22,1,0.45645332
5823,11,0,0.35899895
5824,10,1,0.63879114
5825,20,0,0.56277674
5826,4,1,0.3498713
5827,8,1,0.38886175
5828,13,0,0.7806193
5829,0,0,0.41694698
5830,9,1,0.3023538
5831,18,1,0.47082654
5832,21,0,0.6757691
5833,14,1,0.5337243
5834,20,0,0.75805116
5835,2,1,0.38951987
5836,27,0,0.467182
5837,8,0,0.3411127
5838,9,0,0.2948122
5839,25,0,0.27851614
5840,0,0,0.5087183
5841,6,1,0.66946507
5842,13,1,0.4611467
5843,1,1,0.31317642
5844,27,1,0.73732346
5845,11,0,0.28208
5846,1,1,0.5843828
5847,1,1,0.67105335
5848,7,1,0.69810605
5849,5,0,0.2884064
5850,8,0,0.5719853
5851,16,1,0.6975957
5852,22,1,0.60986316
5853,13,0,0.525329
5854,11,1,0.5315998
5855,15,0,0.3313038
5856,28,0,0.4429742
5857,14,0,0.59370357
5858,13,1,0.57732594
5859,24,0,0.47421846
5860,19,0,0.49303293
5861,26,0,0.5023572
5862,25,0,0.4881032
5863,23,1,0.5273919
5864,16,1,0.4164228
5865,25,0,0.6249858
5866,4,1,0.6291637
5867,22,0,0.35311943
5868,0,0,0.42887455
5869,6,0,0.36490092
5870,10,1,0.58132184
5871,16,0,0.40490532
5872,28,0,0.4173366
5873,2,1,0.6284623
5874,14,0,0.2949328
5875,12,1,0.58139354
5876,26,0,0.3102638
5877,11,0,0.49271357
5878,20,0,0.3166279
5879,10,1,0.5337482
5880,6,0,0.46369717
5881,2,0,0.42966995
5882,13,0,0.2890949
5883,3,1,0.51663667
5884,16,1,0.6950461
5885,22,0,0.48299107
5886,25,1,0.7758014
5887,28,0,0.5234808
5888,18,0,0.2949549
5889,12,0,0.28158003
5890,20,0,0.6740878
5891,4,0,0.39165887
5892,11,1,0.8304353
5893,0,0,0.5062607
5894,28,1,0.5473102
5895,15,1,0.67268616
5896,18,1,0.65839505
5897,14,1,0.5894342
5898,4,1,0.6558627
5899,1,1,0.38849056
5900,6,0,0.42520407
5901,17,0,0.5209848
5902,0,1,0.61430645
5903,10,1,0.35748407
5904,26,0,0.5688939
5905,17,1,0.4933702
5906,18,0,0.38081434
5907,13,1,0.75184155
5908,23,0,0.5031042
5909,8,1,0.7358072
5910,10,0,0.4214063
5911,14,0,0.597508
5912,10,0,0.41708824
5913,28,1,0.4109262
5914,11,0,0.49229878
5915,5,1,0.3923573
5916,11,0,0.36047977
5917,15,0,0.43829015
5918,10,0,0.627076
5919,1,1,0.648905
5920,11,0,0.30470902
5921,10,1,0.7014719
5922,27,1,0.5310376
5923,6,1,0.47248295
5924,3,1,0.47654244
5925,15,0,0.43404707
5926,20,1,0.61047524
5927,25,0,0.248301
5928,15,0,0.43146136
5929,3,0,0.28930908
5930,7,1,0.54620117
5931,16,1,0.33908525
5932,12,0,0.3669119
5933,17,1,0.593792
5934,10,1,0.57238305
5935,15,0,0.5110869
5936,11,0,0.3065397
5937,12,1,0.2961233
5938,11,0,0.30042946
5939,13,0,0.5816
5940,18,1,0.6825676
5941,1,1,0.32596794
5942,13,1,0.53231776
5943,13,0,0.5112486
5944,25,0,0.39725092
5945,23,0,0.28034225
5946,4,1,0.5719453
5947,14,0,0.2757552
5948,28,0,0.31466067
5949,6,1,0.36042675
5950,23,0,0.572457
5951,17,0,0.3155403
5952,16,0,0.30589184
5953,22,1,0.6755454
5954,24,1,0.7709661
5955,0,1,0.6967028
5956,1,0,0.38527974
5957,20,0,0.29339993
5958,24,1,0.47448692
5959,16,0,0.3137271
5960,15,0,0.4632551
5961,26,1,0.777938
5962,25,1,0.4256855
5963,10,0,0.45553324
5964,10,0,0.6962033
5965,11,1,0.63962984
5966,19,1,0.70735425
5967,13,1,0.54505557
5968,0,1,0.36217254
5969,9,1,0.55560434
5970,1,0,0.56856143
5971,12,0,0.3192878
5972,19,1,0.35747853
5973,3,0,0.45248243
5974,9,1,0.584553
5975,20,1,0.6145532
5976,26,1,0.6431629
5977,16,0,0.5694401
5978,20,0,0.27125415
5979,15,0,0.43688646
5980,9,1,0.6321647
5981,23,1,0.3236747
5982,11,1,0.41312903
5983,12,1,0.6108728
5984,26,0,0.45417616
5985,28,0,0.33074716
5986,17,1,0.6163891
5987,26,0,0.37200767
5988,1,1,0.5136446
5989,1,1,0.6037491
5990,15,1,0.63014084
5991,5,0,0.34565622
5992,22,1,0.37525254
5993,22,1,0.4947741
5994,8,0,0.5873836
5995,21,0,0.31959766
5996,2,1,0.26790336
5997,9,1,0.5136712
5998,16,0,0.4244003
5999,11,1,0.7828618
6000,1,1,0.38594407
6001,15,1,0.43917254
6002,9,0,0.69408065
6003,22,1,0.50088006
6004,13,0,0.34059384
6005,16,0,0.32802293
6006,28,0,0.32785764
6007,0,1,0.7257199
6008,27,0,0.6148028
6009,2,0,0.393935
6010,23,0,0.27699503
6011,2,1,0.66518825
6012,20,1,0.4769454
6013,10,1,0.6455232
6014,9,0,0.6071694
6015,4,0,0.49354625
6016,1,1,0.519421
6017,5,1,0.6005058
6018,11,0,0.41993347
6019,20,0,0.60605043
6020,4,0,0.53615373
6021,27,0,0.31110996
6022,27,1,0.7642342
6023,2,1,0.6781727
6024,22,1,0.3266549
6025,8,0,0.28923377
6026,10,0,0.42673913
6027,18,1,0.7941347
6028,0,0,0.3846257
6029,17,0,0.3560827
6030,13,1,0.60521466
6031,7,0,0.34113163
6032,7,0,0.3367106
6033,16,0,0.45182103
6034,0,0,0.35503608
6035,20,0,0.31113112
6036,11,1,0.8050559
6037,25,0,0.5528832
6038,20,0,0.39697492
6039,12,0,0.56236994
6040,15,0,0.5423331
6041,27,1,0.39722437
6042,15,0,0.4429426
6043,13,0,0.26895797
6044,15,0,0.5141935
6045,25,0,0.3827291
6046,25,0,0.36206546
6047,18,1,0.4793402
6048,19,0,0.4303375
6049,25,0,0.57945335
6050,18,0,0.62088025
6051,26,0,0.2875015
6052,10,0,0.57145286
6053,21,0,0.4157885
6054,8,0,0.29028848
6055,26,0,0.290577
6056,24,0,0.6536175
6057,9,0,0.5142066
6058,12,1,0.64324915
6059,8,0,0.46531534
6060,26,0,0.30622596
6061,12,1,0.6332288
6062,26,1,0.52290016
6063,15,1,0.542677
6064,24,0,0.8212298
6065,12,1,0.66134244
6066,1,0,0.3134631
6067,22,1,0.5405798
6068,13,1,0.42517346
6069,1,0,0.30494085
6070,15,0,0.41328517
6071,13,1,0.65191823
6072,12,0,0.4266991
6073,27,1,0.63825047
6074,23,1,0.36736414
6075,8,1,0.28544015
6076,16,1,0.6563724
6077,10,1,0.7728331
6078,5,0,0.56139153
6079,19,0,0.48422772
6080,1,1,0.28354734
6081,24,0,0.6210912
6082,2,1,0.58028096
6083,1,1,0.48662403
6084,23,0,0.34591097
6085,9,1,0.68461746
6086,2,1,0.6982895
6087,17,0,0.68223894
6088,13,0,0.39062607
6089,16,0,0.61543137
6090,13,1,0.7198781
6091,12,1,0.52550083
6092,2,1,0.60238224
6093,3,1,0.6778852
6094,9,0,0.43735862
6095,23,0,0.43339723
6096,5,0,0.34633148
6097,7,0,0.48216975
6098,2,0,0.41320053
6099,27,1,0.42443466
6100,13,1,0.3533685
6101,26,1,0.4782443
6102,16,1,0.7894036
6103,21,1,0.29174054
6104,6,0,0.59323645
6105,27,0,0.3729997
6106,4,1,0.31170598
6107,20,1,0.5934357
6108,26,1,0.5397606
6109,4,0,0.29552138
6110,25,1,0.69017774
6111,10,1,0.36484766
6112,20,0,0.6169128
6113,5,0,0.55932647
6114,27,1,0.47122425
6115,7,1,0.45223734
6116,12,0,0.66251254
6117,11,0,0.40939897
6118,8,1,0.37970683
6119,8,0,0.3599426
6120,15,1,0.74443287
6121,4,0,0.56325257
6122,27,1,0.62987113
6123,0,0,0.34466532
6124,16,0,0.57720715
6125,18,0,0.37667683
6126,18,0,0.35782143
6127,22,0,0.70482874
6128,19,0,0.35821712
6129,4,0,0.37242872
6130,1,1,0.5292214
6131,17,1,0.55872977
6132,14,1,0.665195
6133,11,0,0.6365845
6134,28,1,0.2895844
6135,22,0,0.41658083
6136,7,1,0.7184484
6137,12,1,0.52596456
6138,9,1,0.54449147
6139,15,0,0.46887
6140,15,1,0.498198
6141,26,1,0.33658051
6142,22,0,0.6672451
6143,28,1,0.61670476
6144,2,1,0.43339857
6145,26,1,0.73159444
6146,15,1,0.539554
6147,3,0,0.4304853
6148,11,1,0.64019257
6149,18,1,0.71597177
6150,17,1,0.6765224
6151,11,0,0.5691696
6152,15,1,0.544067
6153,25,1,0.36709028
6154,1,0,0.43821988
6155,20,0,0.41547707
6156,16,1,0.420197
6157,17,0,0.58126605
6158,13,0,0.46651638
6159,18,0,0.26993257
6160,4,0,0.46444938
6161,17,0,0.42235222
6162,6,0,0.7527034
6163,0,1,0.46718064
6164,13,0,0.27691233
6165,21,1,0.5907925
6166,15,1,0.562538
6167,7,1,0.43528533
6168,2,0,0.31289363
6169,26,0,0.4502775
6170,15,1,0.7010848
6171,7,1,0.6958434
6172,13,0,0.4690912
6173,23,1,0.6620359
6174,26,1,0.5113589
6175,3,1,0.49909037
6176,26,1,0.5982687
6177,9,1,0.61868536
6178,14,0,0.69712794
6179,25,0,0.3449439
6180,25,1,0.42198527
6181,16,0,0.3057322
6182,18,0,0.60925454
6183,2,0,0.68205917
6184,26,0,0.5919048
6185,28,1,0.66579884
6186,1,0,0.8296492
6187,14,1,0.50482076
6188,0,1,0.7661315
6189,22,0,0.6260614
6190,17,0,0.37938514
6191,13,1,0.6526646
6192,16,1,0.5383964
6193,18,1,0.42727953
6194,1,1,0.3005146
6195,1,1,0.6423808
6196,20,1,0.5669029
6197,7,0,0.5118889
6198,16,0,0.27554
6199,22,0,0.39413193
6200,13,1,0.6618361
6201,11,0,0.39743093
6202,11,0,0.56993526
6203,27,1,0.34343445
6204,10,1,0.53805953
6205,25,0,0.4035549
6206,16,0,0.36442348
6207,28,1,0.5123121
6208,16,1,0.68949246
6209,8,0,0.66090065
6210,25,0,0.6895372
6211,14,1,0.7402539
6212,16,1,0.44894677
6213,25,0,0.3386189
6214,12,1,0.6694011
6215,21,0,0.5919051
6216,27,1,0.5298665
6217,13,1,0.6598398
6218,2,1,0.47892025
6219,16,0,0.31026882
6220,10,1,0.77245915
6221,11,1,0.47584873
6222,22,1,0.53216636
6223,25,1,0.68869084
6224,13,1,0.40163434
6225,8,0,0.36844984
6226,28,0,0.46705592
6227,25,1,0.7361081
6228,11,1,0.43068516
6229,22,0,0.34701574
6230,11,0,0.36694005
6231,13,0,0.37798792
6232,20,1,0.57264084
6233,26,1,0.35791552
6234,26,1,0.5155523
6235,23,0,0.41950172
6236,15,1,0.51542753
6237,19,1,0.7586875
6238,5,1,0.45225522
6239,13,0,0.5573971
6240,24,0,0.4890597
6241,14,1,0.6762501
6242,25,0,0.21060315
6243,11,0,0.44064063
6244,10,1,0.5209113
6245,2,0,0.30191287
6246,0,0,0.30496618
6247,25,1,0.37559614
6248,26,0,0.273146
6249,15,1,0.47448865
6250,6,1,0.6992877
6251,2,1,0.7710326
6252,19,1,0.5327147
6253,7,1,0.75021476
6254,26,1,0.6531331
6255,25,0,0.30721933
6256,12,1,0.6751872
6257,2,0,0.3617285
6258,7,1,0.5051872
6259,22,0,0.51854575
6260,12,1,0.48531693
6261,23,0,0.56725633
6262,10,0,0.64539784
6263,18,1,0.30937514
6264,18,1,0.49579352
6265,16,1,0.49657112
6266,20,0,0.40307608
6267,18,0,0.46606362
6268,1,1,0.378299
6269,22,0,0.5494587
6270,12,0,0.55706227
6271,6,1,0.49545616
6272,22,0,0.45112365
6273,0,0,0.4130609
6274,16,1,0.36064735
6275,11,1,0.3027641
6276,6,0,0.3675244
6277,8,1,0.6982134
6278,24,1,0.5794988
6279,22,1,0.36903068
6280,12,1,0.6295008
6281,13,1,0.5713654
6282,8,1,0.59313023
6283,22,0,0.32045075
6284,1,0,0.4149734
6285,13,0,0.35989648
6286,22,0,0.3669513
6287,8,1,0.39826697
6288,15,1,0.6273704
6289,12,1,0.4538523
6290,19,0,0.38846904
6291,6,1,0.5249298
6292,2,1,0.47918823
6293,5,1,0.3753002
6294,27,0,0.53484154
6295,18,0,0.51845825
6296,26,1,0.36154446
6297,11,1,0.8208991
6298,15,1,0.41405463
6299,5,0,0.445912
6300,27,1,0.6157589
6301,7,0,0.52622986
6302,10,1,0.54217094
6303,12,0,0.29639843
6304,9,1,0.54055256
6305,25,0,0.522414
6306,21,0,0.34160167
6307,16,1,0.3241551
6308,8,1,0.3257269
6309,25,1,0.76011795
6310,26,0,0.42738554
6311,3,1,0.6629337
6312,12,1,0.6089982
6313,12,1,0.34898186
6314,27,1,0.38964173
6315,6,0,0.29668257
6316,11,0,0.44317126
6317,10,0,0.32389602
6318,0,1,0.6588358
6319,9,0,0.31861866
6320,13,0,0.3781976
6321,27,1,0.68953496
6322,10,1,0.6340959
6323,17,0,0.3471248
6324,9,0,0.3359141
6325,2,0,0.3690974
6326,16,0,0.31582898
6327,9,0,0.4952933
6328,16,0,0.32417816
6329,7,1,0.6646607
6330,12,0,0.59894574
6331,17,0,0.6484929
6332,22,1,0.44655696
6333,0,1,0.28764695
6334,2,1,0.53172225
6335,25,1,0.3609109
6336,11,0,0.6160981
6337,3,0,0.3804753
6338,10,0,0.3213853
6339,10,1,0.5103169
6340,7,1,0.785836
6341,13,0,0.59684515
6342,24,0,0.5423074
6343,18,1,0.5440538
6344,8,1,0.76290536
6345,16,1,0.42533895
6346,8,0,0.58251256
6347,13,1,0.67554444
6348,18,0,0.45044807
6349,6,1,0.70392966
6350,6,1,0.47827637
6351,22,1,0.70975953
6352,1,0,0.4641138
6353,13,1,0.70883304
6354,12,0,0.49375716
6355,2,0,0.2993223
6356,14,1,0.6465954
6357,25,1,0.57425576
6358,25,0,0.5604644
6359,17,0,0.60935885
6360,18,0,0.6843348
6361,6,0,0.23801567
6362,10,0,0.736918
6363,12,1,0.43907863
6364,1,0,0.2578161
6365,25,1,0.39075676
6366,13,0,0.54208934
6367,21,0,0.74135786
6368,7,0,0.6470991
6369,11,0,0.343629
6370,9,1,0.7889009
6371,10,1,0.51118314
6372,25,1,0.6418264
6373,22,0,0.40108594
6374,15,1,0.72700214
6375,23,0,0.35368964
6376,28,1,0.6014809
6377,11,0,0.35382167
6378,17,1,0.7729483
6379,1,0,0.42779225
6380,15,1,0.63849056
6381,5,1,0.6435777
6382,23,0,0.73175424
6383,12,1,0.701912
6384,14,0,0.3079101
6385,20,1,0.5822464
6386,7,1,0.59838784
6387,13,0,0.39747834
6388,21,1,0.44690257
6389,8,1,0.5673964
6390,25,0,0.46963373
6391,25,1,0.47227892
6392,16,0,0.4423325
6393,10,1,0.76857924
6394,7,0,0.2763041
6395,1,0,0.31383386
6396,19,0,0.47155955
6397,8,0,0.6627241
6398,5,1,0.7137942
6399,26,0,0.43479097
6400,13,1,0.5957814
6401,15,0,0.33953652
6402,11,1,0.35614902
6403,13,0,0.44351655
6404,14,0,0.37451437
6405,4,0,0.35243946
6406,27,1,0.71496147
6407,23,1,0.6283936
6408,1,1,0.49167255
6409,22,0,0.6586461
6410,12,0,0.25672588
6411,13,0,0.31224015
6412,7,0,0.4664718
6413,13,1,0.5636134
6414,24,0,0.3248858
6415,11,1,0.74108076
6416,2,1,0.60362047
6417,13,1,0.6162521
6418,25,1,0.39413297
6419,3,1,0.70196617
6420,21,0,0.4459621
6421,26,1,0.42547485
6422,1,1,0.43720397
6423,20,0,0.41599548
6424,11,1,0.69760627
6425,13,1,0.306194
6426,17,1,0.3987827
6427,11,1,0.3905326
6428,19,0,0.37517357
6429,16,1,0.68834114
6430,1,1,0.3539551
6431,2,1,0.80786526
6432,11,1,0.7086452
6433,12,1,0.42511168
6434,14,0,0.37870774
6435,26,0,0.5211196
6436,17,0,0.5385421
6437,11,1,0.59353507
6438,3,0,0.65569174
6439,23,1,0.4956871
6440,2,0,0.5764714
6441,28,1,0.41154844
6442,6,0,0.33640268
6443,21,1,0.5767541
6444,28,0,0.72831583
6445,1,0,0.25262886
6446,18,1,0.7863643
6447,21,0,0.33129907
6448,23,0,0.4501754
6449,13,0,0.4476733
6450,8,0,0.46336547
6451,25,0,0.59030837
6452,4,0,0.353953
6453,0,0,0.7601752
6454,27,0,0.2504975
6455,15,0,0.43460074
6456,16,1,0.5941528
6457,22,0,0.36114407
6458,21,1,0.7186147
6459,6,1,0.47891933
6460,1,0,0.36981714
6461,25,0,0.58516514
6462,8,0,0.26677373
6463,4,0,0.2948483
6464,5,0,0.758034
6465,22,0,0.67321044
6466,12,1,0.53357524
6467,25,1,0.5607777
6468,3,1,0.5574371
6469,3,0,0.40594777
6470,3,0,0.7833951
6471,15,0,0.4299815
6472,6,1,0.48273513
6473,24,0,0.6392764
6474,14,1,0.37893403
6475,10,0,0.34350923
6476,11,0,0.37862146
6477,22,0,0.62017334
6478,4,1,0.5574058
6479,19,1,0.44962797
6480,22,1,0.66715926
6481,0,1,0.73893505
6482,2,0,0.4143408
6483,8,0,0.2565365
6484,13,1,0.5422812
6485,16,0,0.41746855
6486,11,0,0.60170376
6487,1,1,0.532412
6488,18,1,0.37234262
6489,6,1,0.6054559
6490,0,1,0.5110894
6491,11,0,0.4886572
6492,25,1,0.5495396
6493,2,0,0.36225203
6494,3,0,0.29955545
6495,24,1,0.7187936
6496,13,0,0.25441226
6497,17,0,0.3721493
6498,10,0,0.8022833
6499,27,0,0.26697874
6500,19,0,0.32532594
6501,25,0,0.37623265
6502,17,0,0.30864474
6503,5,1,0.61804307
6504,25,1,0.47295415
6505,23,0,0.6203109
6506,27,1,0.5068273
6507,27,1,0.6449083
6508,12,0,0.3293369
6509,20,1,0.62943006
6510,16,0,0.31025738
6511,11,0,0.4229526
6512,10,1,0.7585959
6513,8,1,0.62774754
6514,22,1,0.6552398
6515,2,1,0.55417824
6516,2,1,0.54718304
6517,23,0,0.27576926
6518,18,1,0.7108077
6519,20,1,0.5707642
6520,27,1,0.7134826
6521,14,0,0.6948903
6522,21,0,0.30990148
6523,8,1,0.5754295
6524,13,1,0.5783239
6525,24,0,0.47970155
6526,21,0,0.6898728
6527,24,0,0.40913707
6528,8,1,0.496009
6529,4,0,0.28420517
6530,8,0,0.40131226
6531,12,1,0.6183542
6532,10,0,0.604536
6533,11,1,0.72662383
6534,25,0,0.27906775
6535,25,1,0.5440038
6536,16,0,0.32881087
6537,24,0,0.5221638
6538,18,1,0.3346676
6539,15,0,0.6991414
6540,16,0,0.5724826
6541,18,0,0.37805957
6542,20,1,0.5625444
6543,15,1,0.57150435
6544,1,1,0.6098887
6545,2,0,0.39473006
6546,13,1,0.3549987
6547,15,0,0.2694953
6548,16,0,0.36635125
6549,18,0,0.43210053
6550,2,1,0.5044789
6551,24,0,0.5571373
6552,14,1,0.5612156
6553,7,0,0.4924012
6554,1,1,0.44184175
6555,13,0,0.57475483
6556,0,0,0.5877349
6557,27,0,0.34197712
6558,11,0,0.6867195
6559,18,1,0.57067025
6560,24,1,0.76446176
6561,25,0,0.364344
6562,9,0,0.5785088
6563,0,1,0.62521946
6564,11,1,0.6890052
6565,18,1,0.60645497
6566,2,1,0.5514794
6567,10,1,0.69299567
6568,7,0,0.30257818
6569,1,1,0.37406766
6570,17,0,0.3437788
6571,26,0,0.43116915
6572,17,1,0.59017575
6573,28,1,0.58045685
6574,22,0,0.43901715
6575,10,0,0.48555297
6576,16,1,0.61685437
6577,4,0,0.5922657
6578,17,1,0.70397425
6579,26,0,0.48928264
6580,7,1,0.62782705
6581,20,1,0.7292689
6582,16,1,0.6228596
6583,19,1,0.64731634
6584,20,0,0.35834885
6585,1,1,0.650747
6586,3,0,0.3381015
6587,12,1,0.6727712
6588,7,0,0.35049042
6589,26,1,0.7197745
6590,18,0,0.28190342
6591,0,0,0.44195467
6592,8,1,0.32223588
6593,26,1,0.7221806
6594,26,0,0.30251658
6595,8,1,0.74523586
6596,4,1,0.30602452
6597,3,1,0.75445306
6598,28,1,0.58722484
6599,3,1,0.56770194
6600,8,1,0.41629618
6601,18,0,0.40878484
6602,19,1,0.63387996
6603,25,0,0.59170157
6604,13,0,0.3227524
6605,7,0,0.6639875
6606,10,1,0.41699216
6607,8,1,0.354838
6608,11,1,0.46192318
6609,18,0,0.28829882
6610,27,1,0.71604824
6611,13,1,0.7225473
6612,13,0,0.5242586
6613,17,0,0.6428783
6614,27,1,0.77989846
6615,10,1,0.5793539
6616,25,0,0.31309873
6617,6,0,0.32324547
6618,4,1,0.7164786
6619,3,0,0.53626585
6620,13,0,0.48282838
6621,13,0,0.42178583
6622,16,1,0.5644571
6623,15,1,0.7753355
6624,11,0,0.3969476
6625,15,0,0.6416052
6626,25,1,0.74022883
6627,13,0,0.42139935
6628,15,0,0.3267966
6629,19,0,0.4855855
6630,12,0,0.49615794
6631,12,1,0.6125408
6632,12,1,0.58846766
6633,20,0,0.28162938
6634,7,0,0.4720473
6635,4,0,0.3323518
6636,8,1,0.6090067
6637,10,0,0.5924756
6638,8,1,0.4915938
6639,3,1,0.4383454
6640,22,1,0.7040032
6641,21,0,0.6297693
6642,16,1,0.32715154
6643,14,1,0.56037474
6644,28,0,0.68418443
6645,1,1,0.5366575
6646,0,0,0.45214802
6647,6,0,0.3489076
6648,6,1,0.6186889
6649,16,0,0.25938043
6650,22,1,0.795878
6651,20,1,0.6546738
6652,28,1,0.48168755
6653,11,0,0.74171776
6654,19,1,0.6746705
6655,6,0,0.2879151
6656,4,0,0.33784196
6657,26,1,0.6066117
6658,26,0,0.3155238
6659,10,1,0.73678124
6660,16,1,0.45001602
6661,11,0,0.47184953
6662,14,0,0.42689353
6663,14,1,0.59323615
6664,15,1,0.7148773
6665,26,1,0.3774691
6666,2,1,0.4096468
6667,16,0,0.48770648
6668,26,0,0.3348021
6669,14,0,0.3522174
6670,2,0,0.27449694
6671,8,0,0.3650437
6672,0,1,0.63151306
6673,10,1,0.30215552
6674,8,0,0.45898503
6675,25,0,0.49803117
6676,1,0,0.28520545
6677,16,0,0.35760134
6678,25,0,0.29733384
6679,10,0,0.35222337
6680,17,1,0.543416
6681,26,0,0.31615868
6682,1,1,0.4341073
6683,1,0,0.41498733
6684,6,1,0.61523765
6685,15,1,0.68183404
6686,11,0,0.37624365
6687,26,0,0.32388926
6688,25,0,0.55726075
6689,16,0,0.36963987
6690,10,0,0.29220435
6691,13,0,0.43157393
6692,11,1,0.5421172
6693,9,1,0.47822773
6694,25,1,0.33651477
6695,4,0,0.31938183
6696,10,1,0.5178777
6697,20,0,0.5071469
6698,20,0,0.4876238
6699,24,0,0.48878458
6700,8,1,0.4556338
6701,26,1,0.7400264
6702,10,1,0.3729036
6703,2,1,0.71625406
6704,12,0,0.61639106
6705,4,1,0.60106355
6706,14,0,0.51445764
6707,22,1,0.49786824
6708,10,1,0.62294984
6709,12,0,0.41426584
6710,11,0,0.5736614
6711,20,1,0.5917148
6712,10,0,0.330625
6713,21,0,0.38376555
6714,16,0,0.6663614
6715,25,0,0.41174373
6716,2,1,0.58350736
6717,17,1,0.81268907
6718,8,0,0.48589006
6719,19,0,0.46342367
6720,8,0,0.52104604
6721,2,1,0.44970083
6722,13,1,0.31172493
6723,18,0,0.2915368
6724,16,1,0.6760462
6725,15,1,0.6441733
6726,28,0,0.34690425
6727,26,1,0.5332536
6728,17,1,0.50697726
6729,1,0,0.6857104
6730,19,1,0.7041294
6731,2,1,0.43992049
6732,17,0,0.71707875
6733,7,1,0.77866614
6734,7,0,0.38355055
6735,11,0,0.35090297
6736,1,1,0.5012548
6737,8,0,0.6762471
6738,1,0,0.45297232
6739,11,0,0.50392026
6740,27,0,0.48299062
6741,8,0,0.5278829
6742,7,1,0.53312504
6743,3,1,0.6572661
6744,21,1,0.6600989
6745,2,0,0.26040927
6746,6,1,0.3841955
6747,25,0,0.5309835
6748,21,1,0.47334272
6749,2,1,0.3512047
6750,16,0,0.41933605
6751,27,1,0.6096393
6752,18,1,0.5586078
6753,25,0,0.6220516
6754,12,1,0.6266351
6755,13,0,0.26651147
6756,10,0,0.41035235
6757,18,1,0.2695412
6758,24,0,0.538238
6759,13,1,0.5537735
6760,26,0,0.4138346
6761,8,0,0.6229538
6762,26,0,0.34545127
6763,11,1,0.63415927
6764,26,1,0.51708317
6765,7,0,0.40941888
6766,19,1,0.4826549
6767,25,1,0.65572226
6768,13,1,0.6177552
6769,10,0,0.33302584
6770,11,1,0.58651733
6771,1,1,0.694445
6772,1,1,0.479563
6773,11,0,0.37227428
6774,17,0,0.5950436
6775,13,0,0.50818646
6776,24,1,0.42960078
6777,2,0,0.42841613
6778,17,0,0.29022574
6779,16,0,0.6237012
6780,8,1,0.2893938
6781,10,0,0.37492326
6782,26,1,0.6994644
6783,15,1,0.62601227
6784,21,0,0.67042005
6785,14,0,0.63160825
6786,22,1,0.6895011
6787,26,0,0.5032324
6788,19,0,0.6045192
6789,8,0,0.43854445
6790,28,0,0.304562
6791,15,1,0.28923196
6792,0,0,0.3838019
6793,23,1,0.46303323
6794,25,1,0.6612667
6795,6,1,0.7167269
6796,10,1,0.7364847
6797,13,1,0.7397847
6798,2,0,0.5052781
6799,13,1,0.4569096
6800,15,0,0.32987803
6801,7,0,0.70874184
6802,17,1,0.7132331
6803,6,1,0.6938548
6804,7,0,0.7096366
6805,17,0,0.50132203
6806,21,1,0.6572823
6807,28,0,0.26475137
6808,20,1,0.6765063
6809,8,1,0.7509499
6810,10,1,0.6039096
6811,3,0,0.6263225
6812,14,1,0.59338444
6813,9,1,0.62818265
6814,26,1,0.7384892
6815,13,0,0.4843889
6816,25,0,0.4512347
6817,16,0,0.41223443
6818,10,1,0.689635
6819,13,0,0.31434438
6820,12,0,0.44685972
6821,22,1,0.29767427
6822,26,0,0.30420244
6823,20,0,0.34613934
6824,2,0,0.30706915
6825,1,1,0.45135963
6826,25,1,0.55859363
6827,3,1,0.62166786
6828,15,0,0.54259634
6829,25,1,0.63984954
6830,22,0,0.34929934
6831,8,1,0.6260614
6832,15,0,0.33274797
6833,16,1,0.47649562
6834,19,0,0.6896518
6835,22,0,0.4177066
6836,15,0,0.32379124
6837,8,1,0.5932217
6838,26,1,0.7576063
6839,15,1,0.6042456
6840,8,1,0.64974934
6841,22,1,0.49952444
6842,7,1,0.7100479
6843,12,1,0.6952801
6844,28,0,0.6145766
6845,10,1,0.39016452
6846,25,1,0.67815495
6847,4,1,0.442312
6848,4,0,0.4308543
6849,10,1,0.3216989
6850,14,0,0.2838477
6851,13,1,0.67455024
6852,28,0,0.43500915
6853,15,0,0.40776822
6854,10,0,0.51162714
6855,12,0,0.57180303
6856,16,0,0.44201708
6857,13,0,0.45671913
6858,25,1,0.55191135
6859,8,1,0.6990324
6860,26,0,0.46610805
6861,15,1,0.63997746
6862,22,1,0.33856338
6863,15,0,0.47937828
6864,2,0,0.49512833
6865,2,1,0.50417125
6866,2,1,0.6482548
6867,0,1,0.5624971
6868,7,0,0.40091717
6869,16,0,0.50871783
6870,26,1,0.53239864
6871,11,0,0.45085877
6872,8,0,0.46368435
6873,8,1,0.6148386
6874,11,1,0.7123246
6875,0,0,0.6145731
6876,13,0,0.51084393
6877,17,0,0.60139704
6878,1,0,0.29188845
6879,1,1,0.4550184
6880,8,1,0.60295373
6881,8,1,0.6800735
6882,15,1,0.63650125
6883,21,1,0.6590374
6884,20,0,0.53801674
6885,27,1,0.3852692
6886,17,1,0.2977513
6887,19,1,0.6481387
6888,12,1,0.6750953
6889,3,1,0.32652175
6890,18,1,0.47208625
6891,18,0,0.56487846
6892,26,1,0.30863982
6893,25,0,0.4729222
6894,1,1,0.4315751
6895,6,0,0.29625803
6896,16,1,0.7718254
6897,7,0,0.31866938
6898,23,0,0.33960652
6899,21,0,0.42705217
6900,8,1,0.5609167
6901,28,0,0.4629464
6902,12,1,0.32698846
6903,25,1,0.3120036
6904,15,0,0.6674489
6905,13,0,0.4330779
6906,17,0,0.44385415
6907,15,1,0.7945531
6908,15,1,0.47332433
6909,17,1,0.70580584
6910,15,0,0.359112
6911,25,0,0.25919655
6912,11,1,0.5820059
6913,18,0,0.34351328
6914,25,1,0.4902645
6915,2,1,0.6905111
6916,17,1,0.68837434
6917,11,0,0.42177555
6918,16,0,0.7056562
6919,25,1,0.3365352
6920,7,1,0.7159644
6921,25,0,0.29953086
6922,12,1,0.38299102
6923,8,0,0.48751023
6924,6,0,0.5056352
6925,7,1,0.7042388
6926,10,0,0.36959752
6927,24,1,0.3337759
6928,11,1,0.38066626
6929,15,1,0.58206505
6930,22,1,0.5897393
6931,18,1,0.5912819
6932,2,0,0.334963
6933,17,1,0.58509386
6934,10,0,0.30983102
6935,16,0,0.41395372
6936,15,1,0.46649852
6937,15,1,0.693063
6938,27,0,0.41823992
6939,20,0,0.40877113
6940,1,1,0.54298776
6941,2,1,0.738038
6942,11,0,0.32981175
6943,2,1,0.7120167
6944,4,0,0.27554092
6945,16,0,0.37139347
6946,27,0,0.291045
6947,9,0,0.3989144
6948,1,0,0.6371586
6949,10,1,0.42767555
6950,15,1,0.52603596
6951,1,0,0.29506722
6952,22,1,0.83181745
6953,7,1,0.8108283
6954,12,0,0.3270921
6955,8,1,0.62580234
6956,26,0,0.34508064
6957,15,1,0.6365719
6958,18,1,0.49175498
6959,27,1,0.7437181
6960,4,0,0.34716657
6961,16,1,0.56109357
6962,15,0,0.3724847
6963,14,0,0.4088866
6964,22,1,0.5550059
6965,5,1,0.29068518
6966,16,1,0.76050246
6967,1,1,0.72427124
6968,9,1,0.5317512
6969,16,0,0.46185195
6970,0,1,0.8200136
6971,27,1,0.6806542
6972,13,1,0.7500978
6973,11,0,0.5802216
6974,6,1,0.5738257
6975,4,0,0.35948306
6976,22,0,0.2766807
6977,1,1,0.53667635
6978,9,1,0.564628
6979,16,1,0.65274954
6980,6,1,0.48961598
6981,2,1,0.41281584
6982,17,1,0.47733614
6983,6,0,0.3752207
6984,16,0,0.42923522
6985,28,0,0.32755432
6986,13,0,0.387879
6987,21,0,0.3009035
6988,1,1,0.57240385
6989,18,1,0.61377364
6990,9,1,0.46057844
6991,17,1,0.69921327
6992,8,1,0.61024135
6993,28,1,0.6819429
6994,2,0,0.4130924
6995,0,0,0.48685217
6996,25,1,0.54415965
6997,21,0,0.43552434
6998,10,0,0.46548462
6999,9,1,0.718344
7000,12,1,0.687787
7001,2,1,0.51615447
7002,8,0,0.31903115
7003,16,1,0.65318006
7004,10,1,0.48571074
7005,9,1,0.32158455
7006,12,0,0.39123634
7007,15,1,0.6654722
7008,1,1,0.32470486
7009,18,1,0.6415506
7010,15,0,0.59540874
7011,3,1,0.3567821
7012,12,1,0.30717415
7013,4,0,0.29260057
7014,26,1,0.42217758
7015,25,1,0.55330014
7016,10,0,0.35791025
7017,10,0,0.3968256
7018,13,0,0.43924665
7019,13,1,0.44605848
7020,14,1,0.3246214
7021,3,0,0.6053774
7022,20,1,0.67764574
7023,25,0,0.49097136
7024,7,0,0.44937244
7025,4,1,0.4871336
7026,26,1,0.70292896
7027,9,0,0.5528503
7028,3,1,0.3717648
7029,25,1,0.46701893
7030,28,1,0.48721078
7031,15,0,0.33750167
7032,20,0,0.29506925
7033,13,1,0.3576992
7034,18,1,0.5367394
7035,9,1,0.789391
7036,18,0,0.5155987
7037,15,1,0.45738763
7038,21,0,0.39729577
7039,19,1,0.6623494
7040,19,1,0.5295776
7041,16,1,0.5030337
7042,1,0,0.46863973
7043,21,0,0.42484152
7044,3,0,0.26796427
7045,7,1,0.73963547
7046,27,0,0.47623095
7047,0,1,0.328642
7048,16,0,0.4851578
7049,19,0,0.38889787
7050,3,0,0.35072967
7051,12,1,0.70653975
7052,1,0,0.30575162
7053,28,0,0.3202679
7054,15,0,0.5464265
7055,14,1,0.3477537
7056,6,0,0.3035065
7057,16,0,0.5725797
7058,13,1,0.57865137
7059,9,1,0.59772146
7060,2,1,0.6467813
7061,20,1,0.76292837
7062,21,0,0.45357418
7063,25,0,0.46135166
7064,10,1,0.5582553
7065,2,1,0.58918446
7066,22,1,0.6197984
7067,14,0,0.6638863
7068,8,0,0.49461365
7069,15,1,0.65420604
7070,12,1,0.3322951
7071,18,0,0.2729747
7072,11,0,0.33514392
7073,27,1,0.71040726
7074,1,1,0.6833458
7075,27,0,0.45588273
7076,2,1,0.5792417
7077,16,0,0.405441
7078,27,1,0.7537636
7079,6,0,0.32595542
7080,15,0,0.43387282
7081,3,0,0.3694681
7082,8,0,0.4452397
7083,2,0,0.43550617
7084,15,0,0.5149309
7085,20,1,0.4001553
7086,13,0,0.5165203
7087,22,0,0.28949597
7088,10,0,0.36219022
7089,10,0,0.3247421
7090,22,0,0.3503925
7091,3,1,0.6602759
7092,3,0,0.27642977
7093,12,1,0.53068143
7094,2,0,0.5076248
7095,25,1,0.4468661
7096,2,0,0.5466407
7097,17,1,0.54222363
7098,16,1,0.76535183
7099,17,1,0.4884381
7100,13,1,0.31396738
7101,13,0,0.3596255
7102,26,1,0.6711328
7103,24,0,0.3594996
7104,9,0,0.3329086
7105,1,1,0.6327511
7106,13,1,0.81420165
7107,23,1,0.5600316
7108,26,0,0.7179146
7109,16,1,0.6419437
7110,22,1,0.6342837
7111,13,0,0.29637083
7112,13,1,0.6248357
7113,5,1,0.3905054
7114,6,1,0.8301623
7115,9,1,0.43241853
7116,12,1,0.6341376
7117,16,0,0.2552584
7118,16,0,0.3065631
7119,16,1,0.6748435
7120,6,0,0.28040302
7121,22,0,0.4830891
7122,27,1,0.64680797
7123,15,1,0.47821924
7124,27,0,0.3081028
7125,16,0,0.36105636
7126,10,0,0.4604603
7127,2,1,0.56457096
7128,3,1,0.63829273
7129,16,0,0.4724688
7130,16,1,0.7793222
7131,6,1,0.75164986
7132,4,1,0.59782284
7133,2,0,0.45324305
7134,25,0,0.24850781
7135,25,0,0.39303857
7136,13,1,0.6834631
7137,9,1,0.44877264
7138,1,1,0.5727987
7139,28,1,0.57640344
7140,26,0,0.42410076
7141,20,0,0.32572237
7142,3,1,0.61219984
7143,12,1,0.59470886
7144,4,0,0.50954854
7145,15,1,0.49541783
7146,15,1,0.7792326
7147,10,0,0.7516255
7148,20,1,0.46130967
7149,20,1,0.43573055
7150,16,1,0.61811554
7151,24,1,0.7087615
7152,25,0,0.48940825
7153,10,1,0.67927796
7154,17,0,0.336024
7155,28,1,0.45333517
7156,8,0,0.30211785
7157,20,1,0.6562519
7158,4,1,0.40246558
7159,3,1,0.48379698
7160,23,0,0.55437416
7161,28,0,0.27959108
7162,14,0,0.4029697
7163,13,0,0.38945413
7164,19,0,0.25811073
7165,22,0,0.3562096
7166,18,1,0.67407745
7167,20,0,0.49937326
7168,12,0,0.5335871
7169,14,0,0.59087193
7170,27,1,0.77220917
7171,26,0,0.46601534
7172,8,1,0.7237385
7173,21,0,0.2955101
7174,27,0,0.35243976
7175,2,1,0.70410335
7176,14,1,0.36050728
7177,3,0,0.42032385
7178,17,0,0.32861552
7179,26,0,0.46106595
7180,27,1,0.4992424
7181,9,0,0.47146615
7182,8,1,0.51927674
7183,14,1,0.44049263
7184,8,1,0.34592673
7185,19,1,0.71355075
7186,11,1,0.70677
7187,16,0,0.29764947
7188,12,1,0.27876806
7189,11,0,0.3268391
7190,25,1,0.63418967
7191,25,0,0.41436553
7192,7,1,0.6402453
7193,26,1,0.28402475
7194,27,1,0.62158036
7195,2,0,0.5747349
7196,25,0,0.2552096
7197,4,0,0.30876482
7198,8,0,0.53684884
7199,10,0,0.6359992
7200,13,1,0.42394915
7201,11,0,0.5881458
7202,15,0,0.64002883
7203,25,1,0.5867731
7204,7,0,0.37442148
7205,5,1,0.5576236
7206,17,0,0.46939933
7207,2,1,0.46739337
7208,6,1,0.71641064
7209,19,0,0.62151426
7210,13,0,0.32707107
7211,9,1,0.74078035
7212,27,0,0.6005924
7213,15,1,0.39251688
7214,18,1,0.60219604
7215,6,0,0.29935703
7216,11,1,0.75872743
7217,10,1,0.6217576
7218,3,1,0.41024554
7219,15,1,0.58501154
7220,2,1,0.5324211
7221,16,1,0.4713245
7222,16,1,0.7299354
7223,11,1,0.6965651
7224,3,1,0.58690447
7225,5,0,0.4240879
7226,22,1,0.4952031
7227,20,0,0.480334
7228,10,1,0.7462038
7229,15,1,0.38652423
7230,3,1,0.7348357
7231,16,1,0.71148413
7232,3,1,0.45817447
7233,25,1,0.7468572
7234,17,0,0.41953343
7235,3,0,0.2849413
7236,10,1,0.54159474
7237,25,1,0.5088904
7238,18,0,0.34889376
7239,10,0,0.3971383
7240,13,0,0.26514122
7241,18,1,0.563983
7242,1,1,0.4642819
7243,28,1,0.56747603
7244,23,0,0.6337688
7245,10,0,0.6518604
7246,2,1,0.54957855
7247,25,1,0.31396487
7248,22,0,0.5718111
7249,17,0,0.5060093
7250,26,0,0.38320938
7251,24,0,0.34383732
7252,20,1,0.70920724
7253,10,0,0.43545577
7254,28,1,0.41584927
7255,15,1,0.6332709
7256,2,0,0.28196606
7257,28,0,0.42250666
7258,15,0,0.32491103
7259,18,0,0.37553206
7260,26,1,0.40356234
7261,3,1,0.5809097
7262,20,1,0.56555146
7263,13,0,0.42453673
7264,10,0,0.41934562
7265,4,0,0.32477972
7266,21,1,0.4614344
7267,22,0,0.41596508
7268,22,1,0.28066894
7269,15,0,0.44275144
7270,19,0,0.50455385
7271,15,0,0.77324784
7272,16,0,0.2876926
7273,19,1,0.31894723
7274,1,1,0.5743028
7275,11,0,0.41599932
7276,13,1,0.72947073
7277,12,0,0.65429455
7278,2,1,0.60869336
7279,22,1,0.54497623
7280,13,1,0.5614314
7281,12,0,0.66840047
7282,12,1,0.62623554
7283,8,0,0.60601705
7284,4,0,0.3057513
7285,8,0,0.63198537
7286,10,1,0.5322942
7287,19,0,0.38724443
7288,17,0,0.2807769
7289,22,0,0.38479492
7290,13,0,0.28741607
7291,2,0,0.6773553
7292,0,0,0.3028642
7293,23,1,0.6398687
7294,9,0,0.39770824
7295,1,0,0.39469805
7296,26,1,0.5774233
7297,26,0,0.5491866
7298,25,0,0.45300847
7299,18,1,0.6391724
7300,8,1,0.5644179
7301,16,0,0.2786468
7302,17,1,0.69383496
7303,11,1,0.6815079
7304,8,0,0.4693151
7305,16,1,0.4375143
7306,25,1,0.51002866
7307,2,0,0.4245039
7308,13,0,0.49594617
7309,10,1,0.35201603
7310,18,0,0.30935594
7311,10,1,0.29548898
7312,0,0,0.37008303
7313,18,0,0.47482908
7314,11,1,0.5935195
7315,10,1,0.7125407
7316,8,1,0.28040093
7317,6,1,0.6872831
7318,23,0,0.44135094
7319,0,0,0.68303007
7320,15,1,0.43218067
7321,23,1,0.5620946
7322,26,0,0.48551086
7323,16,0,0.39329472
7324,13,1,0.5187277
7325,28,1,0.8040288
7326,20,0,0.4058284
7327,28,0,0.36576024
7328,21,1,0.50821865
7329,12,1,0.41038692
7330,20,0,0.3670473
7331,18,0,0.60882705
7332,13,0,0.35010248
7333,12,0,0.52664196
7334,18,0,0.2774037
7335,11,0,0.4463832
7336,7,1,0.6136288
7337,10,0,0.7121842
7338,2,0,0.44435516
7339,10,0,0.45495713
7340,11,0,0.70328987
7341,26,1,0.42250556
7342,5,0,0.395484
7343,25,1,0.46057636
7344,7,0,0.3498992
7345,14,1,0.6241863
7346,17,1,0.47942233
7347,0,0,0.35042557
7348,17,1,0.29683614
7349,4,0,0.26705465
7350,28,1,0.5968088
7351,17,1,0.5274022
7352,17,1,0.60525256
7353,26,1,0.62712705
7354,27,0,0.44862905
7355,9,0,0.26499254
7356,8,0,0.51198226
7357,6,0,0.37194616
7358,27,1,0.7662387
7359,7,0,0.2675327
7360,11,0,0.5726561
7361,16,1,0.6787823
7362,16,1,0.7502014
7363,6,1,0.54782915
7364,25,1,0.6850806
7365,27,1,0.62012327
7366,13,1,0.54044944
7367,7,0,0.47185448
7368,27,1,0.4915194
7369,9,1,0.3032146
7370,9,1,0.654702
7371,5,0,0.4437366
7372,15,0,0.48278
7373,2,1,0.72467387
7374,10,1,0.6368465
7375,15,1,0.3858014
7376,1,1,0.5602115
7377,8,1,0.5645409
7378,11,0,0.47659105
7379,12,0,0.390412
7380,20,1,0.46368036
7381,15,0,0.46130803
7382,12,1,0.5703212
7383,18,0,0.4495409
7384,0,0,0.27224678
7385,26,0,0.36839157
7386,14,1,0.33709165
7387,0,1,0.64474875
7388,2,0,0.37253326
7389,10,1,0.7255778
7390,27,0,0.6823884
7391,13,1,0.41519213
7392,13,1,0.37279356
7393,15,1,0.32406574
7394,15,0,0.27253646
7395,13,1,0.67297274
7396,2,1,0.8281363
7397,20,1,0.6845393
7398,4,1,0.5232987
7399,6,1,0.5907121
7400,8,1,0.77579725
7401,17,0,0.4500334
7402,28,1,0.32618323
7403,9,0,0.42559308
7404,1,0,0.70729274
7405,2,1,0.6169796
7406,0,1,0.6769471
7407,10,1,0.4724
7408,27,0,0.48786905
7409,11,0,0.6848359
7410,22,0,0.30588508
7411,14,1,0.63193595
7412,17,1,0.61805105
7413,1,1,0.7320819
7414,9,0,0.36632872
7415,13,0,0.27743992
7416,18,1,0.62437004
7417,15,1,0.43604857
7418,17,1,0.7020049
7419,27,1,0.7563
7420,27,1,0.41902417
7421,16,1,0.766913
7422,18,0,0.30706468
7423,11,0,0.3196531
7424,20,1,0.40292567
7425,12,1,0.70559734
7426,16,0,0.5100269
7427,12,0,0.39539325
7428,2,0,0.37131608
7429,2,0,0.43150353
7430,27,0,0.3056382
7431,13,1,0.51775664
7432,10,0,0.4574932
7433,11,1,0.43188342
7434,24,0,0.6650468
7435,17,1,0.38450179
7436,26,1,0.51564956
7437,4,0,0.39881423
7438,16,1,0.5920661
7439,19,0,0.5580374
7440,24,0,0.3964369
7441,15,1,0.5896279
7442,14,0,0.37534437
7443,0,0,0.38939628
7444,25,0,0.56498265
7445,1,0,0.3136608
7446,12,0,0.4862702
7447,15,0,0.38110033
7448,15,1,0.77007043
7449,11,0,0.7030638
7450,8,0,0.47460642
7451,10,0,0.6058846
7452,3,1,0.3953428
7453,7,0,0.69206023
7454,25,1,0.57896197
7455,20,0,0.55829686
7456,4,0,0.62429154
7457,14,0,0.30991855
7458,4,1,0.72960216
7459,10,0,0.45453644
7460,18,1,0.29115215
7461,26,0,0.31592435
7462,19,1,0.7902086
7463,5,1,0.50372744
7464,19,1,0.6532642
7465,3,1,0.5624157
7466,7,1,0.70148593
7467,8,1,0.57412803
7468,8,1,0.45022166
7469,14,1,0.5629391
7470,28,1,0.53391063
7471,3,0,0.653903
7472,6,1,0.49194235
7473,16,0,0.6992315
7474,13,0,0.38698253
7475,4,0,0.4641662
7476,15,0,0.3495332
7477,13,0,0.30099753
7478,25,0,0.35951275
7479,27,0,0.36190373
7480,7,0,0.48856384
7481,10,1,0.48904732
7482,23,0,0.38532463
7483,12,0,0.4237239
7484,15,0,0.68529934
7485,0,0,0.412678
7486,11,1,0.38225764
7487,10,1,0.5224791
7488,13,1,0.3058654
7489,19,0,0.31381658
7490,16,1,0.6427813
7491,5,1,0.7470885
7492,25,0,0.66256946
7493,16,1,0.4793613
7494,15,1,0.4461158
7495,0,0,0.3365826
7496,20,1,0.72954404
7497,2,0,0.36153594
7498,26,0,0.27163994
7499,3,1,0.6050653
7500,4,1,0.36687267
7501,9,1,0.7791128
7502,2,0,0.5681755
7503,25,0,0.39893278
7504,21,1,0.54073143
7505,27,0,0.37308672
7506,15,1,0.6384213
7507,4,1,0.67181057
7508,10,1,0.81123346
7509,16,0,0.35723534
7510,11,1,0.557906
7511,13,0,0.559145
7512,16,1,0.56027615
7513,25,1,0.760918
7514,6,0,0.4391866
7515,11,0,0.51777744
7516,7,1,0.6773285
7517,10,1,0.65411353
7518,1,0,0.50570834
7519,18,0,0.33764735
7520,8,0,0.54491043
7521,1,0,0.3799454
7522,1,1,0.5918288
7523,3,0,0.36874637
7524,5,1,0.6211748
7525,6,0,0.49034926
7526,15,1,0.7448865
7527,0,0,0.49680522
7528,13,0,0.60561514
7529,23,0,0.5081754
7530,10,1,0.51771486
7531,13,1,0.63149893
7532,17,1,0.58925986
7533,3,0,0.7630494
7534,13,0,0.28356028
7535,21,1,0.54020107
7536,7,1,0.66695875
7537,14,0,0.49284104
7538,28,1,0.7085474
7539,3,0,0.65187514
7540,9,1,0.67504525
7541,16,0,0.39182243
7542,14,1,0.5029128
7543,10,1,0.3832527
7544,10,1,0.62950313
7545,14,0,0.62680227
7546,23,0,0.6868724
7547,2,1,0.3103435
7548,2,1,0.5044647
7549,21,0,0.32322347
7550,28,0,0.48967278
7551,4,0,0.32627282
7552,25,1,0.68891263
7553,14,1,0.6859596
7554,26,1,0.70315915
7555,28,0,0.4147945
7556,17,1,0.56458575
7557,8,0,0.36348957
7558,9,0,0.51985216
7559,7,1,0.4832416
7560,28,1,0.72493213
7561,27,0,0.40025106
7562,15,0,0.47226113
7563,17,1,0.46672183
7564,25,0,0.56610817
7565,8,1,0.69849813
7566,27,1,0.6947271
7567,14,1,0.6612937
7568,24,0,0.3315072
7569,13,0,0.31550446
7570,16,1,0.4727027
7571,0,1,0.6390572
7572,2,1,0.62219006
7573,13,0,0.35235414
7574,25,0,0.61206377
7575,25,0,0.5817924
7576,10,1,0.37645876
7577,13,0,0.46349582
7578,16,0,0.2867943
7579,23,1,0.6065731
7580,10,0,0.34240043
7581,26,0,0.3047709
7582,3,1,0.6535323
7583,3,0,0.4007581
7584,28,1,0.4543702
7585,10,1,0.78750694
7586,27,0,0.46085292
7587,27,0,0.42286444
7588,7,1,0.4986492
7589,22,1,0.38272175
7590,8,1,0.34106922
7591,26,1,0.73514485
7592,24,1,0.70449775
7593,17,1,0.74284667
7594,27,0,0.5457189
7595,17,0,0.54762584
7596,26,0,0.520443
7597,18,1,0.76105535
7598,3,0,0.3978386
7599,15,1,0.35879454
7600,25,1,0.75002444
7601,2,0,0.48483172
7602,27,0,0.34866142
7603,25,0,0.5930221
7604,16,1,0.6357384
7605,20,0,0.46092814
7606,6,1,0.38921726
7607,18,0,0.71257186
7608,6,1,0.62089914
7609,7,1,0.62403846
7610,22,0,0.6978374
7611,9,1,0.6513045
7612,10,1,0.46338928
7613,1,0,0.57207596
7614,18,0,0.3847652
7615,13,1,0.6866003
7616,4,1,0.5501083
7617,3,1,0.2826746
7618,3,0,0.3332154
7619,26,0,0.49455312
7620,4,1,0.67704886
7621,1,1,0.4854777
7622,28,0,0.5204497
7623,12,1,0.6750974
7624,0,0,0.39211014
7625,12,0,0.4103299
7626,26,1,0.30895892
7627,3,1,0.55935866
7628,25,1,0.64644444
7629,2,0,0.29227665
7630,8,1,0.52718204
7631,16,0,0.7397633
7632,4,0,0.38500148
7633,26,1,0.60327107
7634,28,0,0.3059884
7635,18,0,0.4130148
7636,0,1,0.769517
7637,16,1,0.69674027
7638,20,0,0.71295786
7639,1,0,0.38696048
7640,16,1,0.66029835
7641,16,0,0.5880932
7642,28,0,0.36661598
7643,21,1,0.4340781
7644,13,0,0.22647166
7645,6,1,0.3932911
7646,23,1,0.39983153
7647,0,0,0.3653438
7648,28,0,0.49788976
7649,28,1,0.68302476
7650,1,0,0.30554515
7651,15,0,0.4361658
7652,7,0,0.5238669
7653,22,1,0.5986442
7654,4,1,0.5411716
7655,0,1,0.48478287
7656,2,1,0.39175922
7657,14,1,0.74084973
7658,10,0,0.5688755
7659,7,0,0.49139765
7660,27,0,0.37239903
7661,10,0,0.4053185
7662,13,1,0.65808713
7663,2,1,0.63091344
7664,17,0,0.26520917
7665,11,1,0.7010858
7666,16,1,0.5217784
7667,1,0,0.33430633
7668,22,0,0.4285312
7669,4,0,0.37838775
7670,18,0,0.3259454
7671,24,1,0.7047359
7672,3,0,0.4395413
7673,8,1,0.6101751
7674,1,0,0.30682567
7675,6,1,0.7012452
7676,3,0,0.4327284
7677,2,0,0.3263767
7678,26,0,0.37541205
7679,2,0,0.37162578
7680,20,1,0.67269075
7681,26,0,0.3899876
7682,11,0,0.3018057
7683,13,0,0.40223807
7684,0,1,0.39517817
7685,6,0,0.26441413
7686,26,0,0.65134454
7687,5,1,0.3426541
7688,10,1,0.68396133
7689,21,1,0.56555134
7690,8,1,0.5172491
7691,15,1,0.2845585
7692,12,0,0.5160216
7693,13,0,0.3274032
7694,15,0,0.40164542
7695,16,1,0.68050265
7696,13,0,0.3065245
7697,4,1,0.46921852
7698,16,1,0.5254959
7699,10,1,0.2792521
7700,18,0,0.39436156
7701,8,0,0.46655414
7702,9,0,0.29109937
7703,16,1,0.70245016
7704,18,1,0.36024725
7705,9,0,0.66256076
7706,8,0,0.56317675
7707,14,0,0.4855248
7708,3,0,0.2987252
7709,25,1,0.5060398
7710,13,0,0.28578165
7711,4,0,0.68538076
7712,15,0,0.5223154
7713,13,1,0.7303683
7714,2,0,0.5275351
7715,26,0,0.30694997
7716,7,0,0.32329702
7717,3,1,0.5489431
7718,7,0,0.49579257
7719,20,0,0.53987974
7720,22,1,0.58373815
7721,16,1,0.45713797
7722,28,0,0.27442586
7723,26,1,0.31663212
7724,6,1,0.69556636
7725,16,0,0.5351147
7726,5,1,0.713521
7727,13,1,0.7298647
7728,13,1,0.7020928
7729,3,1,0.48594543
7730,8,0,0.47159657
7731,15,1,0.36403465
7732,27,0,0.6750708
7733,2,1,0.6225603
7734,7,0,0.31685767
7735,26,1,0.6446366
7736,25,0,0.2875465
7737,3,1,0.42380697
7738,2,0,0.5389319
7739,9,1,0.46304277
7740,1,1,0.7405124
7741,8,0,0.522651
7742,4,1,0.8062387
7743,19,0,0.29925528
7744,17,1,0.61486834
7745,19,0,0.5941532
7746,21,0,0.45886338
7747,26,0,0.36036003
7748,13,1,0.5795667
7749,0,1,0.6522546
7750,9,0,0.4203182
7751,23,0,0.29125705
7752,4,0,0.6262707
7753,22,1,0.6858829
7754,22,1,0.5503151
7755,6,1,0.5981343
7756,19,0,0.5840285
7757,25,0,0.65701777
7758,8,0,0.6311278
7759,16,1,0.47109777
7760,27,1,0.53907144
7761,6,0,0.30847842
7762,14,0,0.3080655
7763,10,1,0.7425126
7764,27,1,0.5458318
7765,4,1,0.5684672
7766,12,0,0.43452573
7767,26,0,0.24526043
7768,22,0,0.3012952
7769,16,0,0.38973615
7770,19,0,0.28791833
7771,13,1,0.3373079
7772,1,0,0.59754926
7773,27,0,0.36162227
7774,8,0,0.44463074
7775,7,0,0.39850423
7776,20,1,0.5035732
7777,2,1,0.4955462
7778,22,0,0.38577402
7779,1,1,0.6487939
7780,1,0,0.45742354
7781,18,0,0.26984528
7782,18,1,0.7108546
7783,26,1,0.54940087
7784,21,1,0.63254833
7785,12,0,0.4663121
7786,16,1,0.64893115
7787,15,1,0.6649394
7788,11,0,0.41486782
7789,26,1,0.7569156
7790,23,1,0.66255695
7791,12,1,0.579683
7792,25,0,0.36646685
7793,16,1,0.67243725
7794,25,1,0.76764625
7795,25,1,0.6694881
7796,12,1,0.3573453
7797,23,1,0.5678856
7798,10,0,0.4722006
7799,2,1,0.5553026
7800,11,1,0.7115444
7801,13,1,0.6225724
7802,11,0,0.32096168
7803,5,1,0.6427728
7804,21,1,0.5894361
7805,12,1,0.5979553
7806,18,0,0.6245386
7807,26,0,0.3666033
7808,16,1,0.7464898
7809,22,1,0.7119165
7810,2,1,0.555256
7811,1,1,0.5975065
7812,27,0,0.36126938
7813,0,0,0.3012978
7814,13,0,0.33177638
7815,1,0,0.29010394
7816,15,0,0.31716996
7817,2,1,0.5821711
7818,20,1,0.7337312
7819,1,0,0.3746812
7820,6,0,0.29564792
7821,13,1,0.6634916
7822,25,0,0.47789764
7823,13,0,0.3856417
7824,7,0,0.4583814
7825,17,0,0.46641728
7826,7,0,0.68723494
7827,1,1,0.41223443
7828,13,1,0.6785865
7829,26,1,0.42466524
7830,27,0,0.56667715
7831,22,0,0.48186883
7832,11,1,0.36091888
7833,15,0,0.5109163
7834,9,1,0.34175247
7835,26,1,0.41960698
7836,10,0,0.3603554
7837,9,1,0.621633
7838,1,0,0.25592467
7839,15,1,0.67124355
7840,10,0,0.6280393
7841,6,0,0.29767677
7842,19,0,0.41193378
7843,7,0,0.41606155
7844,20,1,0.38681287
7845,10,1,0.49096027
7846,28,0,0.29366246
7847,10,0,0.5166691
7848,18,1,0.59273076
7849,25,0,0.51153105
7850,13,0,0.33573088
7851,25,0,0.32853863
7852,2,0,0.2570454
7853,14,0,0.3552766
7854,9,0,0.39657274
7855,13,0,0.5904135
7856,27,1,0.555371
7857,4,1,0.57119286
7858,2,0,0.6592104
7859,12,1,0.463098
7860,16,1,0.53456813
7861,16,1,0.7504837
7862,1,0,0.6783041
7863,14,1,0.59199613
7864,16,0,0.5061191
7865,22,0,0.44304347
7866,25,0,0.31069455
7867,16,0,0.3748165
7868,11,0,0.30383477
7869,9,1,0.68065304
7870,8,0,0.57689553
7871,3,1,0.6349981
7872,27,1,0.6580447
7873,25,0,0.45395926
7874,15,1,0.6752847
7875,6,1,0.73526627
7876,14,1,0.63682103
7877,19,1,0.6302294
7878,6,0,0.36799943
7879,20,0,0.5205835
7880,6,1,0.37521085
7881,1,1,0.7114274
7882,2,0,0.49654114
7883,2,1,0.67588043
7884,15,0,0.27079806
7885,28,1,0.69522357
7886,12,1,0.6605696
7887,0,1,0.62753654
7888,5,1,0.55096835
7889,27,1,0.4392416
7890,2,1,0.7457803
7891,1,0,0.488786
7892,5,1,0.73169
7893,20,1,0.69297075
7894,18,1,0.7320969
7895,27,0,0.4576716
7896,25,0,0.4268076
7897,2,0,0.6639217
7898,27,0,0.33688116
7899,13,1,0.7470976
7900,15,1,0.32524362
7901,9,0,0.32723767
7902,3,0,0.2651033
7903,23,1,0.45571893
7904,20,1,0.5122279
7905,27,0,0.7594
7906,8,0,0.64630115
7907,1,0,0.63026446
7908,14,1,0.6349042
7909,28,1,0.75554013
7910,2,0,0.6643088
7911,13,1,0.48000118
7912,4,1,0.5863067
7913,22,0,0.48443016
7914,1,1,0.6467883
7915,25,0,0.6327214
7916,1,1,0.39814138
7917,22,0,0.27600652
7918,25,0,0.37904972
7919,18,0,0.3660785
7920,28,1,0.5285968
7921,8,0,0.5311836
7922,10,1,0.53956497
7923,0,0,0.4916635
7924,3,0,0.2871047
7925,13,0,0.40509084
7926,15,0,0.63186455
7927,15,1,0.7693956
7928,27,0,0.606352
7929,15,1,0.6452154
7930,8,0,0.5692868
7931,2,1,0.6767605
7932,7,0,0.34992754
7933,9,1,0.5717776
7934,15,1,0.6619778
7935,10,0,0.31593835
7936,16,0,0.5327924
7937,21,0,0.37074703
7938,9,0,0.3595527
7939,8,0,0.5393887
7940,17,1,0.5678635
7941,8,1,0.3149801
7942,25,1,0.5470356
7943,7,0,0.56116843
7944,18,1,0.7140744
7945,28,1,0.5223045
7946,13,0,0.5664523
7947,15,1,0.47589982
7948,10,1,0.66017014
7949,2,1,0.6178383
7950,28,0,0.5744047
7951,11,1,0.7214923
7952,16,0,0.38066962
7953,17,0,0.48319402
7954,17,1,0.61675274
7955,2,1,0.6123127
7956,17,1,0.5148699
7957,9,1,0.3456782
7958,16,0,0.33636138
7959,12,0,0.32058585
7960,15,1,0.68145597
7961,27,0,0.5283534
7962,15,1,0.47950932
7963,17,1,0.5171218
7964,1,0,0.36422655
7965,17,0,0.5802198
7966,8,1,0.52082497
7967,25,1,0.7659031
7968,10,0,0.36714396
7969,15,0,0.3745278
7970,2,1,0.4558993
7971,10,0,0.5905808
7972,20,1,0.68088
7973,7,0,0.5398066
7974,2,0,0.27160966
7975,8,0,0.5986007
7976,22,1,0.47571242
7977,27,0,0.45842808
7978,17,1,0.6740785
7979,8,0,0.5892996
7980,0,1,0.5067363
7981,23,0,0.36408168
7982,8,0,0.61291593
7983,23,0,0.5553972
7984,2,1,0.71299726
7985,27,1,0.59806985
7986,17,0,0.72140473
7987,21,0,0.43184787
7988,7,1,0.5609913
7989,21,0,0.36442345
7990,3,0,0.49047306
7991,2,1,0.7007749
7992,1,0,0.35599965
7993,19,0,0.43455213
7994,17,0,0.4319307
7995,8,0,0.43324146
7996,9,1,0.32130235
7997,1,0,0.58126205
7998,11,1,0.6433568
7999,7,1,0.36049005
8000,0,1,0.32573462
8001,9,1,0.5267968
8002,10,1,0.60293657
8003,10,1,0.45449284
8004,13,0,0.6372723
8005,2,1,0.6261372
8006,12,1,0.79081905
8007,25,1,0.6031065
8008,17,0,0.46581215
8009,21,0,0.40855348
8010,27,1,0.25397006
8011,27,0,0.3263984
8012,8,1,0.70147526
8013,8,0,0.6207412
8014,10,1,0.65404993
8015,28,1,0.38380647
8016,1,1,0.503639
8017,16,1,0.42192584
8018,25,0,0.3761937
8019,5,0,0.44243783
8020,16,0,0.36179388
8021,11,0,0.3275461
8022,26,1,0.34538764
8023,11,1,0.69096684
8024,13,0,0.71997005
8025,10,1,0.66827303
8026,2,1,0.6220526
8027,10,1,0.70525825
8028,16,0,0.43696538
8029,14,1,0.58894056
8030,23,0,0.39534488
8031,17,0,0.2752703
8032,6,0,0.4605401
8033,16,0,0.5532055
8034,7,0,0.34563962
8035,16,1,0.50406986
8036,28,1,0.5147687
8037,27,0,0.34708992
8038,8,1,0.7139902
8039,1,0,0.47045964
8040,26,0,0.5847861
8041,25,0,0.37877312
8042,2,0,0.36411572
8043,4,1,0.26108924
8044,10,1,0.6243513
8045,15,0,0.29908064
8046,14,0,0.37955764
8047,15,0,0.3916632
8048,13,1,0.6797928
8049,26,1,0.38260084
8050,10,1,0.602214
8051,16,1,0.65661436
8052,7,1,0.28408372
8053,13,0,0.45417497
8054,15,0,0.6929045
8055,7,1,0.53956926
8056,1,0,0.418788
8057,20,0,0.46074003
8058,11,1,0.34744072
8059,12,0,0.51127964
8060,10,1,0.5250432
8061,22,1,0.66127926
8062,17,0,0.31084445
8063,3,0,0.35912904
8064,14,0,0.6754974
8065,1,0,0.32457682
8066,4,0,0.46022254
8067,15,1,0.6643563
8068,3,1,0.63449454
8069,15,1,0.7372853
8070,1,1,0.33230245
8071,11,0,0.35588145
8072,12,1,0.32552302
8073,21,0,0.37588793
8074,20,1,0.72087026
8075,7,0,0.33843082
8076,3,0,0.3731903
8077,15,0,0.33374688
8078,10,1,0.6117232
8079,14,0,0.48686782
8080,20,0,0.6025765
8081,21,0,0.33366778
8082,2,0,0.40086323
8083,15,0,0.38165537
8084,16,1,0.43218336
8085,28,1,0.53019756
8086,10,1,0.7625295
8087,13,1,0.45659307
8088,26,1,0.5262283
8089,26,1,0.6226948
8090,5,0,0.47102824
8091,1,0,0.28521177
8092,8,0,0.5861558
8093,11,0,0.42783174
8094,2,1,0.55110765
8095,6,1,0.7190881
8096,27,1,0.56285346
8097,25,1,0.5572607
8098,13,1,0.5586997
8099,27,0,0.40701482
8100,8,0,0.65950614
8101,5,1,0.46125472
8102,8,1,0.5207351
8103,12,0,0.2963112
8104,15,1,0.61697954
8105,14,0,0.49069202
8106,7,0,0.5709272
8107,13,1,0.44023776
8108,1,0,0.41871497
8109,17,1,0.54562443
8110,13,0,0.27979636
8111,11,1,0.6710935
8112,12,0,0.3618582
8113,13,0,0.53439516
8114,14,0,0.48311004
8115,25,0,0.5862104
8116,2,0,0.5053685
8117,18,0,0.6255925
8118,21,1,0.6338558
8119,14,1,0.7081177
8120,16,0,0.44545296
8121,15,0,0.359802
8122,10,1,0.76742905
8123,20,1,0.71898603
8124,17,1,0.5280068
8125,6,0,0.5035983
8126,27,0,0.46337774
8127,2,1,0.45688033
8128,8,0,0.5153003
8129,16,0,0.41715056
8130,22,1,0.66654867
8131,10,1,0.3381063
8132,16,0,0.6622619
8133,7,0,0.41699508
8134,9,0,0.38563767
8135,0,1,0.6230193
8136,7,0,0.23317926
8137,9,0,0.5301179
8138,12,1,0.42843717
8139,12,1,0.51978356
8140,6,0,0.37529418
8141,27,1,0.67475957
8142,12,1,0.7211956
8143,10,0,0.48355964
8144,8,1,0.42500898
8145,15,1,0.49739262
8146,3,1,0.5651363
8147,15,1,0.50368196
8148,19,1,0.7623773
8149,16,0,0.29329416
8150,25,1,0.6881875
8151,25,1,0.5745686
8152,13,0,0.41554132
8153,11,1,0.6656987
8154,11,1,0.49314103
8155,13,1,0.31360453
8156,1,1,0.38863033
8157,13,1,0.6365718
8158,16,1,0.7678961
8159,21,0,0.6713069
8160,26,1,0.51927406
8161,12,0,0.3790358
8162,27,0,0.2763981
8163,8,0,0.6224445
8164,16,0,0.6053492
8165,16,1,0.6770595
8166,23,1,0.3051558
8167,17,0,0.28975025
8168,4,1,0.7497941
8169,18,0,0.32455403
8170,23,1,0.581661
8171,9,1,0.63239914
8172,0,0,0.40822738
8173,10,1,0.6614516
8174,20,0,0.30346188
8175,15,1,0.58379936
8176,21,0,0.3722767
8177,11,1,0.67326146
8178,18,1,0.63570225
8179,25,1,0.65554875
8180,15,1,0.65241814
8181,2,1,0.4303585
8182,9,1,0.6630581
8183,26,0,0.5586313
8184,3,1,0.50745416
8185,28,0,0.43863168
8186,17,0,0.5755354
8187,26,1,0.61469585
8188,27,0,0.42181084
8189,6,0,0.43810058
8190,9,0,0.28513205
8191,28,0,0.6453794
8192,16,0,0.30767366
8193,15,0,0.6053005
8194,8,1,0.57944155
8195,13,1,0.47592834
8196,13,0,0.36696702
8197,8,0,0.27478832
8198,25,1,0.4913439
8199,21,1,0.49523944
8200,20,0,0.33019498
8201,17,0,0.37984776
8202,28,0,0.65647954
8203,20,0,0.4765809
8204,10,0,0.40204024
8205,4,0,0.56663764
8206,6,0,0.49249116
8207,24,0,0.37428263
8208,8,1,0.7012574
8209,19,0,0.4476047
8210,11,0,0.36726075
8211,16,1,0.37662378
8212,16,1,0.2936888
8213,24,1,0.35853663
8214,6,0,0.38819972
8215,14,1,0.58208543
8216,3,0,0.5336152
8217,3,0,0.38223407
8218,10,1,0.35447887
8219,18,1,0.6331465
8220,10,0,0.3532178
8221,1,0,0.49549842
8222,19,1,0.5029568
8223,18,0,0.43724436
8224,17,0,0.34421927
8225,12,0,0.47216403
8226,22,1,0.46329755
8227,13,1,0.47152144
8228,25,0,0.37183058
8229,28,0,0.66605574
8230,25,0,0.34154862
8231,9,1,0.35458353
8232,13,0,0.409484
8233,5,0,0.25850636
8234,13,1,0.6169766
8235,24,1,0.40849283
8236,5,1,0.3539934
8237,3,1,0.38239297
8238,15,1,0.72250175
8239,4,1,0.6046853
8240,7,1,0.57079685
8241,22,0,0.27081805
8242,19,1,0.46583956
8243,2,1,0.77950925
8244,11,1,0.38437685
8245,15,1,0.68073475
8246,12,1,0.4851733
8247,7,1,0.5879634
8248,28,1,0.31432542
8249,27,1,0.6518737
8250,25,1,0.6995934
8251,28,1,0.6967051
8252,20,0,0.45047632
8253,25,0,0.70426077
8254,11,1,0.5254094
8255,7,1,0.5387838
8256,27,1,0.6250784
8257,3,0,0.31178725
8258,7,1,0.6655968
8259,15,1,0.42167747
8260,21,1,0.4507458
8261,11,1,0.52570873
8262,2,0,0.42616868
8263,4,0,0.62991875
8264,15,0,0.37816277
8265,1,1,0.51839054
8266,13,1,0.6786025
8267,2,1,0.34329316
8268,15,0,0.31483164
8269,6,0,0.4854926
8270,3,1,0.78665096
8271,24,1,0.84174865
8272,22,1,0.39941174
8273,6,0,0.3030515
8274,0,0,0.3367985
8275,8,0,0.32227826
8276,22,1,0.54687816
8277,13,0,0.27792722
8278,19,1,0.82563883
8279,24,0,0.34211397
8280,12,1,0.37006578
8281,20,1,0.66849464
8282,10,1,0.79880714
8283,4,0,0.5741874
8284,8,1,0.702392
8285,28,0,0.5633633
8286,19,1,0.5658936
8287,1,1,0.7656823
8288,1,1,0.7649409
8289,13,0,0.45481515
8290,26,1,0.7677326
8291,5,0,0.48006117
8292,20,0,0.4662572
8293,20,1,0.4765083
8294,2,0,0.5107435
8295,23,0,0.5808697
8296,22,1,0.7599324
8297,3,1,0.47815207
8298,6,1,0.41804686
8299,19,0,0.33373985
8300,10,0,0.25487202
8301,25,0,0.26262048
8302,10,1,0.5775045
8303,15,1,0.58928525
8304,9,1,0.3195484
8305,1,0,0.75851953
8306,10,0,0.5518719
8307,27,0,0.3600916
8308,16,1,0.69967043
8309,3,0,0.56151116
8310,14,0,0.4043436
8311,17,0,0.40198004
8312,17,0,0.48882708
8313,15,0,0.3178572
8314,28,0,0.65385646
8315,6,0,0.42102057
8316,3,1,0.5141547
8317,27,1,0.7177783
8318,3,1,0.53584397
8319,12,1,0.7858107
8320,13,0,0.29022318
8321,4,0,0.26997128
8322,24,1,0.5131651
8323,13,1,0.60230654
8324,25,0,0.31963062
8325,27,0,0.37907875
8326,1,1,0.69118154
8327,13,0,0.4574783
8328,25,1,0.6643979
8329,28,1,0.4508857
8330,8,1,0.7580463
8331,8,0,0.49342453
8332,13,1,0.7252274
8333,6,1,0.71746856
8334,20,0,0.3099911
8335,10,1,0.7183972
8336,25,1,0.31620213
8337,25,1,0.708629
8338,23,1,0.4414263
8339,16,1,0.45620766
8340,15,0,0.38689947
8341,19,1,0.60692924
8342,20,0,0.3193116
8343,2,1,0.46598253
8344,12,0,0.34155104
8345,20,0,0.3238122
8346,9,1,0.35575092
8347,1,0,0.60102576
8348,3,0,0.4414809
8349,10,0,0.39434385
8350,15,1,0.5335671
8351,10,0,0.48335603
8352,16,0,0.35805282
8353,7,1,0.7153475
8354,21,1,0.7165625
8355,3,1,0.65586644
8356,10,1,0.60644335
8357,10,0,0.61377364
8358,1,0,0.7507816
8359,7,0,0.47022852
8360,22,1,0.5214328
8361,16,0,0.42297012
8362,3,0,0.38698202
8363,7,1,0.59497565
8364,0,0,0.33477867
8365,10,1,0.3735391
8366,16,0,0.2799893
8367,0,0,0.4428616
8368,7,0,0.66834843
8369,1,1,0.80806744
8370,3,0,0.30576128
8371,25,1,0.7061475
8372,12,1,0.35852173
8373,2,0,0.38003233
8374,13,1,0.58438325
8375,11,1,0.44209138
8376,28,0,0.3137625
8377,8,0,0.4230016
8378,0,1,0.404808
8379,7,0,0.3356247
8380,2,0,0.3494059
8381,26,0,0.40452644
8382,13,1,0.70611703
8383,21,0,0.32988605
8384,25,0,0.54728466
8385,3,1,0.53714037
8386,16,0,0.5508871
8387,27,0,0.5406433
8388,26,1,0.58164555
8389,8,1,0.4539608
8390,2,0,0.44791144
8391,19,0,0.64008075
8392,6,0,0.27152565
8393,24,0,0.4839813
8394,18,0,0.2985969
8395,1,1,0.52635264
8396,4,0,0.44184455
8397,10,1,0.38366136
8398,23,1,0.6804901
8399,26,1,0.41571897
8400,26,1,0.44357842
8401,16,0,0.26730803
8402,10,0,0.32454973
8403,19,1,0.5443837
8404,8,0,0.3284767
8405,27,1,0.75034666
8406,2,1,0.7825203
8407,13,0,0.3035062
8408,25,0,0.39568666
8409,16,0,0.30687916
8410,14,0,0.58272636
8411,11,1,0.50844204
8412,6,1,0.54822445
8413,13,1,0.6128703
8414,14,1,0.52069366
8415,24,0,0.58693546
8416,11,1,0.4899011
8417,12,1,0.60775095
8418,27,1,0.61568815
8419,26,0,0.62891465
8420,14,1,0.5008005
8421,26,1,0.5730918
8422,10,0,0.45583075
8423,16,1,0.5311833
8424,24,1,0.5120557
8425,11,1,0.45627317
8426,2,0,0.4374222
8427,15,0,0.48588702
8428,8,1,0.6699633
8429,0,1,0.5030658
8430,15,0,0.54274786
8431,16,0,0.39077038
8432,27,1,0.61983603
8433,12,0,0.354125
8434,25,0,0.27283233
8435,24,0,0.6606728
8436,18,0,0.5870041
8437,12,0,0.6385423
8438,8,1,0.708184
8439,13,0,0.5780485
8440,23,0,0.5033058
8441,8,0,0.48971498
8442,25,0,0.60682607
8443,0,1,0.6380745
8444,2,1,0.45376328
8445,12,0,0.6657217
8446,1,1,0.5259679
8447,21,0,0.35329986
8448,10,0,0.34165886
8449,14,0,0.33866826
8450,16,1,0.56747895
8451,7,0,0.32249808
8452,20,1,0.6906223
8453,12,0,0.49791682
8454,6,1,0.45308757
8455,2,0,0.39774707
8456,18,0,0.3851787
8457,25,0,0.4841631
8458,10,1,0.47836262
8459,12,1,0.50304
8460,26,1,0.5702089
8461,25,0,0.4930733
8462,0,1,0.73325187
8463,10,0,0.3633685
8464,15,1,0.74594074
8465,6,1,0.6491065
8466,20,0,0.3432001
8467,26,1,0.5877253
8468,28,0,0.4283319
8469,19,0,0.603221
8470,9,0,0.522725
8471,15,1,0.5392001
8472,12,1,0.6342168
8473,27,0,0.33720487
8474,2,1,0.53235424
8475,0,1,0.63357663
8476,1,0,0.60779667
8477,8,0,0.48110464
8478,27,1,0.31206524
8479,11,0,0.25562745
8480,20,0,0.37076038
8481,20,0,0.71429366
8482,13,0,0.6847682
8483,6,1,0.7285548
8484,26,1,0.6149211
8485,0,1,0.4573167
8486,6,1,0.604545
8487,26,0,0.3055028
8488,20,0,0.37988004
8489,25,1,0.5494359
8490,18,1,0.54579496
8491,27,1,0.71050906
8492,0,0,0.22817948
8493,5,1,0.56579643
8494,16,1,0.60483485
8495,19,1,0.5755581
8496,13,0,0.43000394
8497,28,0,0.39774486
8498,6,0,0.5639853
8499,15,0,0.2815991
8500,17,0,0.43895411
8501,15,0,0.68008476
8502,16,0,0.4461194
8503,18,0,0.28473854
8504,11,1,0.5044463
8505,27,0,0.4316803
8506,7,1,0.63564265
8507,3,0,0.52225715
8508,17,0,0.3950068
8509,14,0,0.5769709
8510,18,1,0.61027294
8511,13,1,0.64225566
8512,11,1,0.5787988
8513,9,1,0.37665027
8514,8,0,0.65461004
8515,14,0,0.37624264
8516,27,0,0.40406102
8517,26,0,0.63579357
8518,16,1,0.58867186
8519,1,1,0.6486478
8520,26,0,0.5056979
8521,13,1,0.4365073
8522,26,0,0.42720544
8523,20,0,0.6936021
8524,28,0,0.31828284
8525,24,1,0.64934003
8526,16,1,0.3813223
8527,26,0,0.4690545
8528,3,0,0.38371053
8529,8,1,0.6435527
8530,17,0,0.6397426
8531,1,1,0.66250765
8532,26,1,0.5028718
8533,2,0,0.44810003
8534,8,0,0.3940806
8535,13,1,0.6987893
8536,18,1,0.58683604
8537,9,1,0.47273692
8538,11,0,0.50777715
8539,20,1,0.6460645
8540,11,0,0.30371562
8541,16,0,0.5573026
8542,13,1,0.6118742
8543,13,0,0.4426522
8544,20,1,0.65759915
8545,25,1,0.7331672
8546,11,1,0.77328086
8547,15,1,0.61498934
8548,8,0,0.3382146
8549,28,0,0.43885398
8550,27,0,0.4802359
8551,27,1,0.49533084
8552,18,0,0.32097012
8553,14,0,0.61808586
8554,13,0,0.3563114
8555,8,0,0.31125277
8556,16,0,0.6083596
8557,17,1,0.46036872
8558,8,1,0.6290447
8559,2,1,0.5748065
8560,13,0,0.40520298
8561,7,1,0.5164903
8562,1,0,0.45747462
8563,16,1,0.71841776
8564,9,1,0.6960037
8565,8,1,0.44396305
8566,13,1,0.64944667
8567,10,1,0.6298378
8568,10,0,0.70655715
8569,11,1,0.47110015
8570,9,1,0.61788064
8571,16,0,0.25854686
8572,12,0,0.32130155
8573,22,1,0.7180036
8574,18,1,0.50938666
8575,1,1,0.43594623
8576,21,1,0.44660047
8577,25,1,0.43681297
8578,11,0,0.28831428
8579,8,0,0.4331064
8580,16,0,0.63677096
8581,3,0,0.29633895
8582,25,1,0.60607934
8583,6,1,0.4381642
8584,6,1,0.7220359
8585,16,0,0.2654158
8586,7,1,0.50407124
8587,21,0,0.3138927
8588,23,1,0.6591927
8589,20,1,0.777219
8590,13,0,0.4277496
8591,8,1,0.54160184
8592,7,0,0.70423424
8593,25,1,0.30513433
8594,1,1,0.37492916
8595,9,1,0.74595505
8596,3,1,0.55313
8597,20,0,0.4075161
8598,20,1,0.65034455
8599,8,1,0.72712594
8600,3,0,0.62056565
8601,28,0,0.5488456
8602,8,1,0.50811666
8603,18,1,0.6776069
8604,26,1,0.51318794
8605,12,1,0.5226033
8606,27,0,0.32095414
8607,0,1,0.43027982
8608,6,0,0.38839754
8609,7,0,0.40660614
8610,25,1,0.70985746
8611,27,0,0.34413475
8612,15,1,0.29921648
8613,0,0,0.55263937
8614,21,1,0.7643674
8615,12,1,0.58918923
8616,13,0,0.31633976
8617,8,1,0.73808354
8618,24,1,0.7457215
8619,14,0,0.30258787
8620,24,1,0.6623109
8621,28,0,0.3227942
8622,16,1,0.7172035
8623,12,0,0.3653199
8624,10,0,0.31935543
8625,20,1,0.543887
8626,7,1,0.45185277
8627,11,0,0.43362233
8628,6,0,0.33485302
8629,8,0,0.32879114
8630,9,0,0.36397722
8631,18,0,0.5281208
8632,17,1,0.52503407
8633,13,0,0.3291941
8634,6,1,0.64702976
8635,8,1,0.67500114
8636,3,0,0.38848004
8637,13,0,0.34990078
8638,13,1,0.6883146
8639,24,1,0.48344734
8640,16,0,0.3129689
8641,13,0,0.46634665
8642,1,0,0.5635
8643,26,0,0.48274267
8644,26,0,0.2993398
8645,21,1,0.672466
8646,1,1,0.64507425
8647,2,0,0.33369085
8648,3,1,0.7403536
8649,1,1,0.5485828
8650,24,0,0.65795237
8651,21,0,0.59630585
8652,26,1,0.29804507
8653,1,1,0.7706449
8654,25,1,0.30756474
8655,16,1,0.50794345
8656,12,0,0.3818528
8657,2,1,0.6412035
8658,17,1,0.53768015
8659,12,1,0.50615734
8660,4,0,0.38254046
8661,20,0,0.57385653
8662,2,0,0.2737097
8663,13,0,0.58081234
8664,28,1,0.3204337
8665,28,0,0.7423802
8666,23,1,0.5673542
8667,22,0,0.39827868
8668,25,0,0.59623045
8669,25,0,0.3509159
8670,16,1,0.7356902
8671,25,1,0.6314753
8672,4,1,0.396058
8673,9,0,0.385388
8674,2,0,0.33298808
8675,16,0,0.3883901
8676,6,0,0.30811328
8677,2,0,0.6448705
8678,13,1,0.73183984
8679,28,0,0.42653355
8680,1,1,0.52801085
8681,19,0,0.4128009
8682,11,1,0.36609223
8683,5,0,0.5027373
8684,3,1,0.49636474
8685,22,1,0.6534086
8686,12,1,0.6139565
8687,15,0,0.41736996
8688,28,1,0.80383945
8689,18,0,0.31653118
8690,23,0,0.45928645
8691,14,1,0.5964642
8692,16,0,0.37812868
8693,22,0,0.72179204
8694,16,0,0.2963331
8695,10,1,0.57424724
8696,2,0,0.6862181
8697,28,0,0.38617465
8698,17,0,0.4058259
8699,12,0,0.42445904
8700,28,1,0.70772487
8701,14,1,0.46459684
8702,13,1,0.5765411
8703,21,0,0.5872476
8704,10,0,0.25651368
8705,7,0,0.38442096
8706,15,0,0.35642332
8707,18,0,0.5140187
8708,16,0,0.4557485
8709,4,1,0.3083236
8710,27,0,0.58419925
8711,25,1,0.3467495
8712,10,1,0.7898623
8713,13,1,0.70850486
8714,20,0,0.658325
8715,8,0,0.4715556
8716,28,0,0.29907066
8717,20,1,0.54787827
8718,2,0,0.62607217
8719,16,0,0.593129
8720,27,1,0.64553404
8721,5,1,0.7010819
8722,28,0,0.45549104
8723,18,0,0.5620561
8724,2,1,0.5732556
8725,11,0,0.39045322
8726,13,0,0.4138331
8727,10,0,0.3512068
8728,0,1,0.49662852
8729,19,1,0.67824847
8730,2,0,0.34827387
8731,4,1,0.7434708
8732,22,0,0.6375467
8733,14,1,0.4519672
8734,3,1,0.42261437
8735,21,1,0.47461224
8736,15,1,0.7460766
8737,18,1,0.56780386
8738,1,1,0.50030565
8739,9,0,0.3130546
8740,14,1,0.61429954
8741,10,1,0.6724317
8742,25,0,0.3351757
8743,21,0,0.51450396
8744,25,1,0.736018
8745,3,1,0.58057576
8746,15,0,0.33717272
8747,12,0,0.27641132
8748,7,0,0.5085423
8749,16,1,0.61235774
8750,9,1,0.66080296
8751,21,0,0.2815741
8752,25,0,0.4640425
8753,17,0,0.32868522
8754,22,1,0.77652913
8755,9,0,0.39611977
8756,27,0,0.54022133
8757,18,1,0.5349541
8758,26,0,0.43035364
8759,10,1,0.29182437
8760,10,1,0.416471
8761,6,1,0.58903027
8762,22,0,0.26460573
8763,16,1,0.66209245
8764,24,1,0.7372832
8765,5,1,0.6011664
8766,12,1,0.69365126
8767,11,1,0.34600976
8768,18,1,0.67572004
8769,15,1,0.7329259
8770,10,1,0.6579156
8771,3,1,0.42519683
8772,8,1,0.75758916
8773,9,1,0.68757737
8774,3,0,0.63190955
8775,22,0,0.36639148
8776,2,1,0.7684544
8777,8,1,0.7153606
8778,3,0,0.6757173
8779,3,0,0.554304
8780,22,0,0.270171
8781,16,1,0.4212257
8782,12,1,0.7703544
8783,17,1,0.480731
8784,13,1,0.7575545
8785,2,0,0.26980942
8786,27,1,0.6271438
8787,25,0,0.3052785
8788,26,1,0.6790854
8789,13,1,0.49958503
8790,8,0,0.31394586
8791,15,0,0.31186724
8792,28,1,0.6701248
8793,3,0,0.66811
8794,11,1,0.6384314
8795,23,0,0.3605495
8796,6,1,0.6548891
8797,18,0,0.38435557
8798,1,0,0.45102546
8799,17,1,0.62138546
8800,9,0,0.48492697
8801,11,0,0.39021802
8802,25,0,0.5267088
8803,6,1,0.5424083
8804,0,1,0.68973124
8805,13,0,0.44022718
8806,0,1,0.5696521
8807,6,0,0.5900619
8808,11,0,0.51727307
8809,13,1,0.37651074
8810,1,1,0.61226183
8811,6,1,0.57450294
8812,8,0,0.37070364
8813,10,1,0.553846
8814,23,1,0.43493667
8815,14,1,0.7014222
8816,16,1,0.485525
8817,17,0,0.6602851
8818,11,1,0.3154129
8819,16,0,0.4689732
8820,26,1,0.73535305
8821,9,0,0.26919097
8822,8,1,0.527288
8823,8,1,0.71425194
8824,13,0,0.33498287
8825,23,0,0.81012344
8826,14,0,0.29540408
8827,13,0,0.36471105
8828,8,0,0.40482232
8829,24,0,0.37082574
8830,26,1,0.59264994
8831,2,1,0.71063966
8832,6,1,0.6439205
8833,12,0,0.33372515
8834,4,0,0.50674224
8835,1,0,0.52808946
8836,13,1,0.4008902
8837,10,0,0.6020737
8838,16,0,0.3976423
8839,13,1,0.49897772
8840,27,1,0.73329693
8841,26,0,0.4426581
8842,11,0,0.3037382
8843,15,0,0.7569634
8844,18,1,0.60122156
8845,11,0,0.4509657
8846,6,0,0.4571045
8847,24,0,0.52528906
8848,13,0,0.37284875
8849,14,1,0.63300186
8850,2,1,0.6926513
8851,14,0,0.6822135
8852,10,1,0.50509244
8853,16,1,0.7006669
8854,16,0,0.5140439
8855,7,1,0.7051189
8856,28,0,0.5318202
8857,23,0,0.3798232
8858,16,1,0.65995234
8859,11,1,0.58044434
8860,2,1,0.53734076
8861,9,0,0.35057318
8862,6,1,0.61714333
8863,2,0,0.2818633
8864,12,1,0.4542889
8865,0,0,0.54236287
8866,23,0,0.53462756
8867,16,0,0.74972534
8868,17,1,0.5704619
8869,28,0,0.46763986
8870,11,1,0.58997434
8871,20,1,0.71273595
8872,15,0,0.29221895
8873,7,0,0.3499916
8874,22,1,0.76332915
8875,11,0,0.270692
8876,15,0,0.4427835
8877,13,0,0.2786138
8878,4,0,0.71633685
8879,22,0,0.3315928
8880,4,1,0.40652668
8881,15,0,0.38185307
8882,19,0,0.28087974
8883,15,1,0.6998075
8884,15,0,0.33975005
8885,13,1,0.6900755
8886,20,1,0.7202919
8887,15,1,0.5715687
8888,8,1,0.6823924
8889,5,0,0.38377362
8890,26,0,0.66230357
8891,16,1,0.41644466
8892,19,1,0.7026758
8893,16,0,0.28515875
8894,18,0,0.35529315
8895,25,1,0.6868525
8896,16,0,0.39053187
8897,8,1,0.4912675
8898,16,1,0.46723717
8899,17,1,0.54366654
8900,13,1,0.54492617
8901,15,1,0.6371677
8902,28,0,0.28366622
8903,13,1,0.37625545
8904,10,1,0.5977312
8905,12,1,0.6405767
8906,12,1,0.56523585
8907,2,1,0.64459276
8908,7,1,0.45619965
8909,13,1,0.526645
8910,23,1,0.39713913
8911,26,0,0.6453486
8912,0,0,0.45185897
8913,27,0,0.6669874
8914,20,0,0.5070986
8915,2,1,0.3159632
8916,20,0,0.47751254
8917,28,1,0.6381898
8918,9,1,0.57786566
8919,11,1,0.35879824
8920,16,0,0.56233317
8921,2,1,0.70939565
8922,22,0,0.26584902
8923,19,1,0.78041977
8924,4,1,0.40217954
8925,5,1,0.5854781
8926,0,0,0.55406183
8927,18,1,0.58729166
8928,8,0,0.31721964
8929,18,1,0.4292299
8930,7,0,0.46020058
8931,9,0,0.6804065
8932,10,0,0.5425228
8933,15,1,0.6939287
8934,0,0,0.43590808
8935,22,0,0.5241786
8936,3,0,0.38604364
8937,28,1,0.8221148
8938,26,0,0.64190763
8939,8,1,0.44475615
8940,10,0,0.5219564
8941,26,0,0.575926
8942,2,1,0.67764914
8943,16,1,0.663423
8944,14,0,0.40259618
8945,24,0,0.5460117
8946,21,0,0.4259147
8947,2,0,0.40446457
8948,26,0,0.3779919
8949,23,1,0.63007885
8950,15,1,0.36176386
8951,8,0,0.4230841
8952,14,1,0.43275326
8953,16,1,0.64638555
8954,0,1,0.72021914
8955,5,0,0.28071994
8956,13,1,0.58441734
8957,20,1,0.6371525
8958,16,1,0.7659367
8959,5,0,0.40377444
8960,21,0,0.635871
8961,13,1,0.5072394
8962,2,1,0.48801625
8963,8,1,0.71296173
8964,9,1,0.64734155
8965,26,1,0.7771316
8966,1,0,0.3800241
8967,18,1,0.69279224
8968,16,1,0.67179054
8969,16,1,0.6914786
8970,1,0,0.32304174
8971,16,1,0.5444507
8972,5,0,0.4145376
8973,14,1,0.5663708
8974,5,0,0.37643552
8975,8,0,0.3824385
8976,0,1,0.4386871
8977,21,1,0.8000355
8978,16,0,0.47844213
8979,2,1,0.5394953
8980,24,1,0.7450489
8981,13,1,0.708318
8982,25,1,0.4225923
8983,28,0,0.3397962
8984,8,1,0.5296853
8985,26,0,0.36874738
8986,15,1,0.62241936
8987,13,0,0.6783139
8988,25,0,0.6142802
8989,16,0,0.49231035
8990,18,1,0.4789621
8991,13,0,0.25556177
8992,15,0,0.42901793
8993,18,1,0.42535758
8994,25,1,0.777977
8995,16,0,0.3406887
8996,0,0,0.58289313
8997,18,1,0.745936
8998,8,1,0.65286165
8999,15,0,0.3308971
9000,15,0,0.28368005
9001,15,1,0.7706827
9002,15,0,0.32040036
9003,13,0,0.2889982
9004,26,0,0.5170022
9005,21,0,0.5056197
9006,22,1,0.67028403
9007,12,0,0.49267977
9008,13,1,0.503251
9009,3,1,0.4875252
9010,27,0,0.35938063
9011,28,1,0.42633858
9012,2,0,0.4916352
9013,28,1,0.56983167
9014,8,1,0.70928985
9015,25,1,0.55902296
9016,24,1,0.75361764
9017,8,1,0.43916962
9018,10,0,0.35813996
9019,25,1,0.3104797
9020,16,0,0.34366775
9021,16,1,0.42773977
9022,22,0,0.38324404
9023,18,0,0.28551033
9024,22,1,0.43530294
9025,20,1,0.51024055
9026,16,1,0.30743188
9027,0,1,0.5524909
9028,3,1,0.6426376
9029,14,0,0.50765395
9030,16,1,0.72961116
9031,8,1,0.6038896
9032,0,1,0.42745724
9033,8,1,0.42208403
9034,1,1,0.65413696
9035,26,0,0.30927753
9036,18,1,0.39663416
9037,8,1,0.7471643
9038,4,1,0.54912966
9039,7,0,0.37382516
9040,8,1,0.67304814
9041,27,1,0.73387414
9042,1,1,0.60542697
9043,19,0,0.33619502
9044,28,1,0.62649083
9045,2,0,0.46091637
9046,3,0,0.5727307
9047,25,0,0.47137848
9048,5,0,0.6663249
9049,22,1,0.576316
9050,14,0,0.6909224
9051,16,0,0.27414203
9052,26,1,0.60657936
9053,14,1,0.7558217
9054,3,1,0.6411386
9055,18,0,0.369897
9056,2,1,0.6350856
9057,4,0,0.35724518
9058,6,0,0.30997515
9059,20,1,0.5804164
9060,20,0,0.3778156
9061,16,1,0.50791323
9062,1,0,0.7507169
9063,16,1,0.52484536
9064,2,0,0.4897817
9065,22,1,0.5065974
9066,16,0,0.46846166
9067,13,1,0.6840052
9068,10,0,0.46130103
9069,2,1,0.60334057
9070,13,1,0.69825655
9071,13,0,0.52673537
9072,0,1,0.6405219
9073,3,0,0.41194478
9074,6,1,0.7975133
9075,14,1,0.74328065
9076,1,1,0.6919506
9077,16,0,0.28565875
9078,18,1,0.5128815
9079,10,0,0.36827984
9080,26,1,0.6179825
9081,7,1,0.7218511
9082,8,0,0.4353672
9083,13,1,0.46587527
9084,10,1,0.3834605
9085,11,0,0.41199973
9086,8,0,0.29566228
9087,3,0,0.28844905
9088,3,0,0.34513953
9089,13,1,0.74149716
9090,22,1,0.698854
9091,12,0,0.60106015
9092,13,1,0.48480052
9093,2,1,0.31897727
9094,7,0,0.4014229
9095,1,1,0.5852345
9096,16,0,0.37290558
9097,25,1,0.7807529
9098,23,0,0.632999
9099,1,0,0.35984036
9100,24,0,0.28887248
9101,8,0,0.5101305
9102,21,1,0.28378928
9103,8,0,0.2767829
9104,10,0,0.63889855
9105,20,1,0.3925838
9106,6,1,0.4031648
9107,4,1,0.6522433
9108,10,0,0.51054883
9109,11,1,0.57422346
9110,17,1,0.5712728
9111,25,0,0.6669744
9112,12,1,0.6511303
9113,2,1,0.6998221
9114,11,1,0.78131783
9115,26,0,0.4720366
9116,23,0,0.474117
9117,25,0,0.6628967
9118,24,0,0.4276127
9119,12,0,0.57243013
9120,14,0,0.3386567
9121,12,1,0.5805465
9122,16,0,0.24686149
9123,8,0,0.28202388
9124,8,1,0.5768507
9125,12,0,0.61768323
9126,7,0,0.3728748
9127,25,0,0.31118312
9128,25,1,0.6541528
9129,2,1,0.50587094
9130,27,1,0.68553674
9131,15,0,0.42621973
9132,20,0,0.5859744
9133,28,0,0.4418789
9134,24,1,0.5322668
9135,26,1,0.31303853
9136,25,0,0.2970449
9137,16,0,0.42080328
9138,6,1,0.54852426
9139,1,0,0.41948587
9140,15,0,0.26147532
9141,25,0,0.36765403
9142,16,0,0.45044667
9143,24,0,0.4558472
9144,6,0,0.48020363
9145,13,0,0.26743
9146,11,0,0.704129
9147,8,1,0.7736593
9148,16,1,0.76441264
9149,13,0,0.33454236
9150,7,0,0.26185578
9151,11,1,0.57360774
9152,28,1,0.7127709
9153,2,1,0.30892724
9154,10,0,0.32920086
9155,7,0,0.3408602
9156,9,0,0.26910624
9157,26,1,0.45675206
9158,26,0,0.4453455
9159,10,1,0.76181537
9160,27,1,0.46010143
9161,28,1,0.7266836
9162,5,1,0.72796965
9163,13,1,0.74035865
9164,6,0,0.5579402
9165,26,0,0.2819606
9166,25,0,0.75141144
9167,28,0,0.43114123
9168,25,0,0.6644763
9169,22,0,0.41815385
9170,28,0,0.5399786
9171,22,0,0.31549427
9172,13,1,0.6625016
9173,3,1,0.41734073
9174,28,0,0.49234334
9175,27,1,0.67173356
9176,26,1,0.5098424
9177,12,1,0.5533374
9178,0,0,0.48470584
9179,14,1,0.50790393
9180,28,1,0.6761228
9181,6,1,0.4958781
9182,13,1,0.4595067
9183,2,1,0.5573101
9184,1,0,0.37691727
9185,10,1,0.722773
9186,16,0,0.4240663
9187,8,0,0.39883173
9188,13,1,0.7548032
9189,8,1,0.71077126
9190,1,1,0.31182864
9191,10,0,0.25402373
9192,3,1,0.54021734
9193,11,1,0.6282027
9194,26,0,0.3782827
9195,20,1,0.65782404
9196,13,0,0.38461915
9197,23,0,0.54555815
9198,1,1,0.36165214
9199,10,0,0.45064145
9200,15,0,0.46282354
9201,2,0,0.28015018
9202,15,0,0.6908107
9203,10,0,0.25523418
9204,11,0,0.384245
9205,23,0,0.4316252
9206,21,1,0.6654434
9207,17,1,0.73357624
9208,10,0,0.4269487
9209,12,0,0.270404
9210,16,0,0.39490423
9211,4,0,0.59201175
9212,15,1,0.6867827
9213,27,0,0.47300112
9214,9,1,0.4131307
9215,25,0,0.5510879
9216,12,0,0.5187583
9217,12,1,0.52133495
9218,23,0,0.35718754
9219,11,0,0.37122932
9220,14,0,0.29586008
9221,12,0,0.35823974
9222,16,0,0.33949715
9223,10,1,0.38678262
9224,13,1,0.80847263
9225,25,1,0.748632
9226,13,0,0.35556024
9227,9,1,0.6056847
9228,27,0,0.44067493
9229,16,1,0.7400524
9230,2,1,0.6136714
9231,15,0,0.68732584
9232,28,1,0.7631415
9233,15,1,0.6342144
9234,5,1,0.5428792
9235,8,0,0.25433007
9236,20,1,0.41728106
9237,19,0,0.48205838
9238,22,1,0.7308261
9239,20,0,0.49990037
9240,2,1,0.2937434
9241,22,1,0.527595
9242,18,1,0.3407836
9243,18,1,0.7414638
9244,8,0,0.31254393
9245,7,1,0.7062564
9246,16,0,0.3119626
9247,2,1,0.63787043
9248,1,0,0.417627
9249,9,1,0.5051391
9250,8,0,0.7084145
9251,1,0,0.29237443
9252,24,0,0.5641424
9253,12,0,0.3380862
9254,14,1,0.51504904
9255,22,1,0.6035198
9256,15,0,0.2717721
9257,8,0,0.31520572
9258,26,1,0.6756808
9259,13,0,0.36431468
9260,27,1,0.503328
9261,20,0,0.40434134
9262,24,1,0.677533
9263,11,1,0.76035357
9264,10,1,0.5847412
9265,17,0,0.45077446
9266,18,1,0.35216343
9267,16,1,0.6435526
9268,10,1,0.7723991
9269,18,0,0.43538436
9270,6,0,0.42651525
9271,15,1,0.64767945
9272,8,0,0.3328576
9273,19,0,0.34517026
9274,4,0,0.37210667
9275,13,1,0.38846573
9276,16,1,0.8188978
9277,13,1,0.63672435
9278,7,1,0.67886096
9279,1,1,0.5454576
9280,18,1,0.69930357
9281,10,0,0.51320064
9282,22,0,0.63407296
9283,7,0,0.3454341
9284,25,1,0.66056234
9285,10,1,0.6182495
9286,3,0,0.30942965
9287,5,1,0.6101866
9288,24,0,0.4817016
9289,6,0,0.4786785
9290,0,1,0.55363894
9291,26,1,0.49041325
9292,18,1,0.59278786
9293,11,0,0.5437466
9294,6,0,0.4226479
9295,21,1,0.7037097
9296,25,1,0.43304563
9297,15,0,0.6735711
9298,15,0,0.7377972
9299,27,0,0.2684037
9300,20,0,0.51173586
9301,10,1,0.6911989
9302,10,0,0.6087268
9303,22,0,0.30349964
9304,13,1,0.4361297
9305,14,1,0.69076973
9306,15,1,0.4880972
9307,28,0,0.4386959
9308,12,0,0.37332442
9309,2,1,0.5072623
9310,14,0,0.64704525
9311,16,1,0.76495665
9312,28,1,0.39205262
9313,28,0,0.43067348
9314,13,1,0.39026085
9315,6,1,0.6823586
9316,28,1,0.6911777
9317,11,0,0.5260513
9318,7,1,0.6873136
9319,17,0,0.57338715
9320,26,0,0.37661758
9321,28,1,0.61971724
9322,15,1,0.64829713
9323,2,1,0.65997934
9324,18,1,0.60851216
9325,25,1,0.7508119
9326,25,1,0.5244781
9327,28,1,0.68518305
9328,15,0,0.45081893
9329,25,0,0.304065
9330,25,1,0.6936149
9331,9,1,0.6560509
9332,10,1,0.6738269
9333,8,1,0.64063615
9334,13,1,0.4898138
9335,16,1,0.3824059
9336,21,0,0.42905188
9337,16,0,0.4066395
9338,28,0,0.26956576
9339,9,0,0.3655485
9340,23,0,0.28621674
9341,3,1,0.43816072
9342,21,1,0.6871571
9343,15,0,0.544908
9344,15,0,0.28772703
9345,27,0,0.32394686
9346,27,0,0.368467
9347,14,1,0.6542079
9348,15,0,0.30783662
9349,19,1,0.7302318
9350,18,1,0.682129
9351,15,1,0.38975555
9352,14,0,0.40643394
9353,7,0,0.394242
9354,6,1,0.66240424
9355,22,1,0.708804
9356,28,1,0.4860557
9357,3,1,0.4877075
9358,27,0,0.6182179
9359,27,1,0.6348779
9360,9,0,0.39564672
9361,26,0,0.32711315
9362,26,0,0.35891047
9363,9,0,0.39259303
9364,27,1,0.27349085
9365,2,1,0.38771006
9366,3,0,0.40316287
9367,27,0,0.55260986
9368,8,0,0.4426309
9369,8,1,0.67536217
9370,8,1,0.4857533
9371,17,0,0.41685495
9372,0,1,0.4238774
9373,27,1,0.7542705
9374,28,0,0.45621666
9375,26,1,0.5116551
9376,11,0,0.326045
9377,9,1,0.54904544
9378,3,0,0.5289747
9379,16,0,0.34518492
9380,18,0,0.6840372
9381,2,0,0.32332534
9382,17,0,0.4083096
9383,25,0,0.51286453
9384,15,0,0.60217446
9385,7,0,0.35691267
9386,27,1,0.7445273
9387,2,1,0.32370624
9388,23,1,0.6682366
9389,1,0,0.27132183
9390,17,1,0.5677262
9391,22,0,0.4172396
9392,11,1,0.7405348
9393,15,0,0.458229
9394,11,1,0.42495248
9395,22,0,0.5422248
9396,26,1,0.69572157
9397,3,1,0.42727134
9398,11,0,0.3082978
9399,5,0,0.6009444
9400,13,0,0.27816093
9401,15,1,0.735336
9402,17,0,0.41634467
9403,16,1,0.42557636
9404,16,0,0.37057728
9405,26,0,0.42518017
9406,11,0,0.6545213
9407,5,0,0.6135903
9408,18,1,0.43810388
9409,16,0,0.7212005
9410,0,0,0.34525242
9411,13,0,0.34232125
9412,9,1,0.59659374
9413,15,0,0.36936492
9414,13,0,0.6198416
9415,8,0,0.39602956
9416,25,0,0.36659318
9417,21,1,0.2839413
9418,10,0,0.42928463
9419,3,0,0.22208023
9420,4,0,0.32365656
9421,18,0,0.37110695
9422,17,0,0.32586294
9423,6,0,0.45485616
9424,4,1,0.613091
9425,4,0,0.49383613
9426,24,1,0.43112493
9427,12,1,0.519282
9428,25,0,0.32716194
9429,2,0,0.32698753
9430,12,1,0.6412488
9431,22,0,0.30622825
9432,16,0,0.43288517
9433,20,0,0.40070418
9434,17,0,0.43366665
9435,12,1,0.6807355
9436,18,1,0.48226178
9437,13,1,0.6643908
9438,15,0,0.39700314
9439,24,1,0.5702744
9440,10,1,0.7053892
9441,26,0,0.41107735
9442,14,0,0.2723255
9443,21,1,0.55760753
9444,13,0,0.53415227
9445,13,1,0.58730173
9446,4,1,0.58617765
9447,26,1,0.64097226
9448,26,1,0.4622323
9449,25,1,0.6232082
9450,13,0,0.48339558
9451,8,1,0.33705702
9452,12,1,0.6018463
9453,1,0,0.35253778
9454,15,0,0.31123337
9455,25,1,0.62616205
9456,28,0,0.3421566
9457,1,1,0.4312741
9458,26,1,0.66110003
9459,2,0,0.5749809
9460,2,1,0.54925
9461,17,0,0.36114362
9462,25,0,0.36358014
9463,15,1,0.650552
9464,26,1,0.34353235
9465,16,0,0.48710892
9466,11,1,0.64639753
9467,14,0,0.3937755
9468,16,1,0.7084861
9469,2,0,0.34167758
9470,14,0,0.28573886
9471,15,1,0.46345726
9472,12,1,0.28073394
9473,3,1,0.6617102
9474,15,0,0.35763356
9475,16,1,0.65966916
9476,15,1,0.6452654
9477,11,0,0.50052005
9478,1,1,0.77019846
9479,24,0,0.5233073
9480,15,0,0.4790292
9481,7,0,0.29386836
9482,13,1,0.8230211
9483,1,0,0.31752533
9484,9,1,0.43191633
9485,5,0,0.4241933
9486,13,0,0.5640573
9487,7,0,0.27061862
9488,28,1,0.5646215
9489,7,1,0.57087654
9490,8,0,0.39977297
9491,13,0,0.68299264
9492,8,1,0.7434391
9493,25,0,0.27938825
9494,2,1,0.5477366
9495,1,0,0.33838087
9496,6,0,0.35185626
9497,26,1,0.52287036
9498,15,0,0.32820034
9499,25,1,0.44514292
9500,13,1,0.588082
9501,17,0,0.39864975
9502,13,1,0.6565446
9503,26,0,0.29198846
9504,0,0,0.57588583
9505,26,0,0.29846
9506,3,0,0.39353412
9507,20,1,0.34987625
9508,14,1,0.8275714
9509,13,1,0.5248345
9510,16,0,0.5462058
9511,22,1,0.6017159
9512,13,0,0.41192827
9513,15,1,0.57267714
9514,10,0,0.49402618
9515,7,1,0.56094885
9516,12,0,0.6984588
9517,10,1,0.56818914
9518,21,0,0.47970307
9519,26,1,0.46024895
9520,21,0,0.28078148
9521,22,1,0.6808321
9522,13,0,0.3851841
9523,25,0,0.35251614
9524,17,1,0.6025225
9525,2,1,0.80616754
9526,20,1,0.4579042
9527,0,0,0.45296806
9528,26,0,0.25550228
9529,28,1,0.44559664
9530,17,1,0.6791044
9531,2,0,0.568559
9532,26,0,0.4663142
9533,25,0,0.50684726
9534,6,0,0.48602822
9535,18,0,0.50780326
9536,23,0,0.4367929
9537,19,0,0.34803614
9538,22,0,0.2569409
9539,21,1,0.62508976
9540,6,0,0.67193604
9541,14,1,0.39131862
9542,16,1,0.3816795
9543,17,1,0.7380343
9544,10,0,0.5947574
9545,7,0,0.37468317
9546,13,0,0.72682095
9547,7,1,0.6326375
9548,1,1,0.42424533
9549,10,1,0.57596654
9550,12,0,0.6595016
9551,27,1,0.7826097
9552,15,1,0.7999606
9553,17,1,0.50586563
9554,1,0,0.5222219
9555,9,1,0.31734425
9556,2,1,0.7263119
9557,10,1,0.3934487
9558,26,0,0.37474743
9559,9,0,0.40923452
9560,2,0,0.6962842
9561,18,1,0.27783123
9562,2,1,0.4269209
9563,12,1,0.7330301
9564,27,1,0.5989686
9565,4,0,0.36984923
9566,15,0,0.35645476
9567,20,0,0.359461
9568,11,1,0.42085993
9569,26,1,0.67779547
9570,12,1,0.72240037
9571,0,1,0.7152724
9572,10,1,0.7408989
9573,15,1,0.7234376
9574,13,0,0.4698961
9575,27,0,0.5387439
9576,2,0,0.4656932
9577,12,0,0.25919867
9578,15,0,0.48819613
9579,3,1,0.7021816
9580,0,1,0.5745457
9581,16,0,0.38236946
9582,11,1,0.6212741
9583,19,0,0.5159142
9584,28,0,0.2992713
9585,11,0,0.55648357
9586,15,0,0.5364912
9587,10,0,0.3988013
9588,4,0,0.35257354
9589,11,1,0.66368204
9590,12,1,0.51718366
9591,2,1,0.5134967
9592,10,0,0.55512476
9593,28,0,0.31303403
9594,10,1,0.4428542
9595,20,0,0.35008645
9596,3,0,0.30632356
9597,2,1,0.5468089
9598,28,0,0.3712284
9599,12,1,0.5426689
9600,7,0,0.33090678
9601,2,0,0.302982
9602,26,1,0.6711014
9603,13,0,0.6897326
9604,23,0,0.33044055
9605,11,1,0.742231
9606,17,1,0.5788715
9607,16,0,0.29128832
9608,28,1,0.6114303
9609,26,1,0.33449736
9610,23,1,0.52371305
9611,8,1,0.3778922
9612,19,1,0.7480459
9613,15,1,0.62782335
9614,14,0,0.3498424
9615,17,1,0.6915046
9616,5,1,0.74816805
9617,11,1,0.57425946
9618,8,0,0.40958336
9619,2,0,0.69825053
9620,13,1,0.6419833
9621,21,0,0.31476057
9622,21,1,0.5293567
9623,16,0,0.34890783
9624,17,1,0.33562228
9625,0,1,0.67246425
9626,22,1,0.7731602
9627,15,0,0.3161764
9628,23,0,0.58814365
9629,27,1,0.4519212
9630,10,0,0.3544204
9631,20,0,0.2737071
9632,13,1,0.270635
9633,18,0,0.66036296
9634,22,0,0.2973878
9635,10,1,0.57399
9636,3,1,0.6829207
9637,10,0,0.34124413
9638,8,0,0.36181667
9639,17,0,0.31908983
9640,26,1,0.53368115
9641,17,0,0.76338977
9642,13,1,0.7727118
9643,4,1,0.5151959
9644,28,1,0.76218057
9645,8,0,0.29716513
9646,18,1,0.5985031
9647,17,0,0.4690547
9648,2,1,0.5660887
9649,28,0,0.5175779
9650,14,0,0.26239833
9651,3,0,0.58479077
9652,15,0,0.69617474
9653,8,1,0.62318045
9654,27,1,0.66050094
9655,25,1,0.4695347
9656,2,0,0.535725
9657,13,1,0.63116753
9658,23,1,0.60728604
9659,1,1,0.37274665
9660,8,1,0.6720399
9661,10,0,0.35210675
9662,16,1,0.6243667
9663,28,1,0.45933244
9664,18,1,0.54309523
9665,14,0,0.39006236
9666,17,1,0.6789265
9667,1,0,0.62578756
9668,18,1,0.71859926
9669,28,0,0.5622469
9670,10,0,0.47857428
9671,12,1,0.5953122
9672,3,0,0.30465037
9673,6,0,0.3453724
9674,6,1,0.46018398
9675,26,1,0.5267647
9676,17,1,0.30690145
9677,1,0,0.35986164
9678,8,0,0.33487538
9679,15,0,0.43585634
9680,10,0,0.58976746
9681,10,1,0.4048692
9682,17,1,0.60841024
9683,26,1,0.7149784
9684,11,0,0.29252514
9685,24,1,0.6163073
9686,26,1,0.5342097
9687,4,1,0.4774781
9688,28,0,0.62439334
9689,8,1,0.35039568
9690,13,1,0.5386057
9691,16,1,0.43092215
9692,1,0,0.6689226
9693,25,0,0.41705152
9694,27,1,0.4072844
9695,15,1,0.3859147
9696,8,0,0.65173066
9697,18,0,0.30851397
9698,14,0,0.3089652
9699,27,0,0.5201283
9700,15,0,0.37962124
9701,23,0,0.4609106
9702,9,0,0.50032985
9703,26,1,0.39066043
9704,11,0,0.2686846
9705,13,0,0.36550975
9706,18,1,0.59299743
9707,13,1,0.5675455
9708,1,1,0.57624245
9709,2,0,0.34957078
9710,26,1,0.48338762
9711,0,0,0.43690184
9712,16,1,0.62890464
9713,2,0,0.5872109
9714,12,1,0.35045674
9715,6,1,0.6566334
9716,13,1,0.6615831
9717,16,0,0.5600219
9718,1,1,0.7427103
9719,20,0,0.640471
9720,6,0,0.38180733
9721,14,1,0.26750958
9722,18,1,0.4653618
9723,8,1,0.64741623
9724,22,1,0.6775249
9725,9,0,0.4603291
9726,27,0,0.4088969
9727,10,0,0.31244743
9728,16,0,0.38120657
9729,18,1,0.535437
9730,16,0,0.246126
9731,3,1,0.2929648
9732,13,0,0.31130522
9733,1,1,0.32193825
9734,22,1,0.6850081
9735,1,1,0.69249827
9736,8,1,0.7918383
9737,21,1,0.5640285
9738,7,0,0.53332454
9739,12,0,0.30981424
9740,2,1,0.68997735
9741,12,0,0.42710605
9742,11,0,0.48854405
9743,12,1,0.47546053
9744,9,0,0.34418297
9745,11,1,0.5155811
9746,25,1,0.68637097
9747,16,1,0.25710782
9748,24,1,0.5617093
9749,16,1,0.36676648
9750,20,0,0.59256905
9751,15,1,0.6575549
9752,24,0,0.3269483
9753,13,0,0.4376622
9754,27,0,0.27807832
9755,11,0,0.27613965
9756,23,0,0.2876375
9757,4,1,0.6168235
9758,10,1,0.63633597
9759,11,0,0.64969164
9760,16,1,0.2897309
9761,2,1,0.46641812
9762,13,1,0.4207899
9763,23,1,0.3451589
9764,3,1,0.6531286
9765,22,0,0.4507794
9766,22,0,0.33750346
9767,5,1,0.51756185
9768,2,1,0.51724285
9769,3,0,0.29302597
9770,27,0,0.36478052
9771,7,1,0.78761685
9772,6,0,0.46036965
9773,28,0,0.2953702
9774,11,1,0.62478507
9775,3,1,0.41424426
9776,27,0,0.34992707
9777,10,0,0.42666587
9778,16,1,0.6616989
9779,25,1,0.32385868
9780,8,0,0.6278842
9781,15,0,0.48126262
9782,2,0,0.6805121
9783,3,0,0.4076503
9784,1,0,0.33281308
9785,14,0,0.6372219
9786,19,0,0.715133
9787,13,0,0.36043987
9788,2,1,0.6896682
9789,10,1,0.4876132
9790,3,1,0.44203654
9791,2,1,0.6232416
9792,27,1,0.77010447
9793,13,1,0.63117844
9794,17,1,0.5761013
9795,15,0,0.45712122
9796,15,1,0.62606233
9797,2,0,0.3865156
9798,21,0,0.5609494
9799,15,0,0.36244136
9800,5,0,0.3787682
9801,7,0,0.27404773
9802,8,1,0.71885216
9803,13,0,0.5128604
9804,2,1,0.637402
9805,9,1,0.54063934
9806,2,1,0.431189
9807,2,1,0.30826265
9808,12,1,0.7203576
9809,17,1,0.7226975
9810,27,1,0.7691054
9811,6,0,0.37076
9812,16,0,0.4554344
9813,12,1,0.5315802
9814,13,1,0.5880843
9815,8,1,0.67945385
9816,8,0,0.3926767
9817,22,0,0.28216842
9818,15,1,0.41093847
9819,14,1,0.57738805
9820,15,0,0.66753685
9821,20,0,0.4593547
9822,25,1,0.44334188
9823,26,0,0.43426228
9824,21,1,0.38742048
9825,14,0,0.35079792
9826,14,1,0.554029
9827,13,1,0.6335492
9828,26,0,0.57594794
9829,10,1,0.69081616
9830,3,0,0.61854213
9831,7,0,0.33734015
9832,16,1,0.57525754
9833,20,1,0.5817962
9834,2,1,0.59379524
9835,28,0,0.3196702
9836,24,1,0.52588564
9837,17,1,0.7139682
9838,2,0,0.28337565
9839,1,0,0.5466005
9840,28,1,0.581563
9841,14,1,0.7114572
9842,6,0,0.34146082
9843,2,0,0.59243464
9844,15,0,0.5019577
9845,13,0,0.4203102
9846,13,1,0.6747482
9847,19,1,0.7129679
9848,6,0,0.44312108
9849,4,0,0.4584961
9850,8,1,0.60493714
9851,28,0,0.4084187
9852,19,0,0.31685477
9853,25,1,0.57214016
9854,22,1,0.7242147
9855,25,0,0.4195122
9856,8,0,0.42426968
9857,25,0,0.36915827
9858,27,0,0.38924015
9859,28,0,0.50977814
9860,15,1,0.8320521
9861,22,0,0.71598953
9862,6,0,0.4543953
9863,13,0,0.4719513
9864,6,1,0.73300993
9865,1,0,0.3871412
9866,12,0,0.6362596
9867,18,0,0.6324542
9868,7,1,0.4785879
9869,0,0,0.35936165
9870,8,0,0.39615065
9871,2,0,0.6460427
9872,26,1,0.69446456
9873,2,0,0.73372155
9874,7,0,0.58377206
9875,10,1,0.6083904
9876,7,0,0.3836462
9877,19,1,0.50344646
9878,22,0,0.45680833
9879,20,0,0.47206923
9880,19,0,0.31382123
9881,8,0,0.28593683
9882,26,1,0.67329097
9883,19,0,0.22438212
9884,0,1,0.51630974
9885,28,0,0.4809001
9886,7,1,0.46186417
9887,14,0,0.24535951
9888,23,0,0.6649217
9889,27,0,0.3513934
9890,19,0,0.41817212
9891,12,1,0.72467065
9892,27,0,0.35383153
9893,19,0,0.3400602
9894,23,1,0.6796693
9895,5,1,0.64887166
9896,23,1,0.47282213
9897,9,1,0.54088324
9898,13,1,0.4061634
9899,26,0,0.43149048
9900,8,0,0.47837752
9901,12,1,0.68561655
9902,13,0,0.6243486
9903,9,0,0.3623784
9904,0,1,0.5728334
9905,3,1,0.57228565
9906,20,0,0.59858584
9907,10,0,0.6800465
9908,22,0,0.29783222
9909,28,0,0.30974987
9910,11,0,0.31441796
9911,28,0,0.38650683
9912,20,0,0.418417
9913,6,0,0.41494992
9914,10,1,0.7147976
9915,12,1,0.76435184
9916,3,0,0.4409374
9917,13,0,0.38411343
9918,18,0,0.3630878
9919,7,0,0.49179664
9920,19,0,0.7062686
9921,2,0,0.3742752
9922,10,0,0.37228626
9923,5,0,0.4126369
9924,23,1,0.7234929
9925,3,0,0.4262524
9926,27,1,0.6415676
9927,8,1,0.62672436
9928,12,1,0.6283526
9929,17,0,0.72379684
9930,26,0,0.4764798
9931,8,1,0.5245098
9932,13,0,0.3644935
9933,8,0,0.57214814
9934,8,1,0.5600046
9935,17,1,0.75937957
9936,1,0,0.32968205
9937,23,1,0.55765474
9938,28,1,0.68004006
9939,2,0,0.7009885
9940,1,0,0.57517606
9941,8,1,0.55027896
9942,0,1,0.6193334
9943,26,0,0.29832533
9944,17,0,0.658738
9945,25,0,0.27859616
9946,25,0,0.40252268
9947,27,0,0.38920382
9948,20,1,0.6965944
9949,28,0,0.5624202
9950,19,0,0.2988974
9951,2,1,0.42153734
9952,27,1,0.48956156
9953,2,0,0.44508648
9954,25,1,0.5236302
9955,17,1,0.6340097
9956,13,1,0.653973
9957,10,1,0.47605726
9958,25,1,0.718005
9959,1,0,0.63510203
9960,11,0,0.48522192
9961,28,0,0.47771895
9962,7,0,0.49076587
9963,19,0,0.513575
9964,14,1,0.46803975
9965,9,1,0.5578185
9966,15,1,0.43681806
9967,16,0,0.3478126
9968,15,0,0.3506341
9969,20,1,0.53153557
9970,7,1,0.68732864
9971,12,1,0.51999557
9972,15,1,0.5423952
9973,27,1,0.7202266
9974,5,1,0.6410794
9975,3,0,0.4381947
9976,7,0,0.43823713
9977,1,1,0.48138547
9978,9,0,0.33140063
9979,14,0,0.41924822
9980,18,1,0.39343604
9981,22,1,0.7476526
9982,2,1,0.6753514
9983,16,0,0.34950748
9984,24,0,0.45698208
9985,6,1,0.49947396
9986,10,0,0.51522785
9987,6,0,0.69023395
9988,20,0,0.29949227
9989,16,0,0.63744986
9990,22,0,0.3585325
9991,23,1,0.68866503
9992,18,1,0.8114337
9993,2,0,0.5272603
9994,27,1,0.5152799
9995,22,0,0.54786325
9996,27,0,0.67322564
9997,3,1,0.6617567
9998,28,1,0.51935
9999,16,1,0.62812394
10000,4,0,0.5689885
10001,12,1,0.6045659
10002,28,0,0.46971634
10003,9,0,0.25537786
10004,13,0,0.50699157
10005,10,0,0.3377334
10006,24,0,0.58293134
10007,0,0,0.46704727
10008,11,0,0.30156675
10009,13,0,0.3574824
10010,28,1,0.41283894
10011,23,0,0.39100388
10012,11,0,0.6759171
10013,2,0,0.49856272
10014,25,0,0.47452137
10015,3,0,0.63793975
10016,9,1,0.6461205
10017,10,1,0.7006407
10018,10,0,0.28592023
10019,8,0,0.3925693
10020,13,0,0.58249944
10021,28,1,0.38477588
10022,9,1,0.47693133
10023,11,0,0.33840257
10024,20,1,0.706474
10025,28,1,0.76360714
10026,7,0,0.41402236
10027,23,0,0.24997675
10028,8,0,0.43594286
10029,8,1,0.73230046
10030,16,1,0.30797803
10031,11,1,0.4834237
10032,21,1,0.55592954
10033,8,1,0.7247349
10034,13,1,0.5115553
10035,4,0,0.23739855
10036,10,1,0.66761595
10037,1,1,0.6666339
10038,15,0,0.31760547
10039,25,1,0.6876856
10040,16,0,0.40867323
10041,15,1,0.7084063
10042,4,1,0.56252056
10043,26,0,0.37870458
10044,12,0,0.3202799
10045,3,0,0.4571072
10046,19,1,0.72580177
10047,7,1,0.39030203
10048,18,1,0.6259021
10049,27,1,0.6161637
10050,21,0,0.29115608
10051,3,1,0.45584354
10052,0,0,0.4080679
10053,16,0,0.28343084
10054,0,1,0.62188935
10055,28,1,0.65373605
10056,11,0,0.3216353
10057,19,0,0.45939794
10058,4,0,0.29189146
10059,2,0,0.2961409
10060,2,0,0.69266284
10061,11,0,0.7219563
10062,10,0,0.3793535
10063,20,0,0.38863274
10064,22,0,0.60276324
10065,8,0,0.6441357
10066,26,0,0.44408268
10067,6,0,0.36821184
10068,11,1,0.69888
10069,16,0,0.4900813
10070,15,0,0.35297072
10071,10,1,0.6824827
10072,6,1,0.3984876
10073,27,1,0.62059486
10074,8,1,0.74160606
10075,24,1,0.7699779
10076,27,1,0.47825256
10077,22,0,0.42874488
10078,13,0,0.44680193
10079,25,1,0.31706733
10080,11,1,0.6727693
10081,22,1,0.6748068
10082,22,1,0.642587
10083,18,0,0.32930925
10084,2,1,0.6846733
10085,10,1,0.33846688
10086,22,0,0.31495315
10087,10,1,0.73444504
10088,19,0,0.60911673
10089,16,1,0.6020071
10090,14,1,0.602733
10091,11,0,0.37981954
10092,15,1,0.6201167
10093,6,1,0.33425024
10094,27,0,0.31442937
10095,0,1,0.51703465
10096,15,1,0.7413765
10097,22,1,0.43179715
10098,12,1,0.59594214
10099,25,0,0.36082202
10100,8,0,0.28585234
10101,20,0,0.35102192
10102,13,0,0.38528696
10103,22,1,0.5140955
10104,2,0,0.2517126
10105,22,1,0.48381785
10106,15,0,0.303673
10107,8,1,0.49815398
10108,20,1,0.58237207
10109,12,1,0.59055334
10110,11,1,0.7385728
10111,8,0,0.36994147
10112,1,0,0.40024585
10113,16,0,0.6465592
10114,25,1,0.34557655
10115,10,1,0.28754935
10116,24,0,0.389895
10117,16,0,0.3664504
10118,2,0,0.36888885
10119,11,1,0.5043216
10120,1,0,0.34211418
10121,18,0,0.55224085
10122,1,1,0.61866677
10123,6,0,0.40628985
10124,11,1,0.67463243
10125,18,0,0.48240864
10126,8,0,0.24686745
10127,2,0,0.61410755
10128,2,1,0.42732632
10129,13,1,0.55718136
10130,11,1,0.40029404
10131,16,0,0.39311776
10132,6,1,0.4105487
10133,25,1,0.6107599
10134,8,1,0.39902696
10135,6,0,0.4056204
10136,19,0,0.5266443
10137,27,1,0.3226465
10138,14,1,0.5994663
10139,17,0,0.27422258
10140,24,0,0.5915549
10141,15,0,0.53625154
10142,16,1,0.4791716
10143,10,0,0.6396769
10144,21,1,0.5743628
10145,20,0,0.45152575
10146,2,1,0.56729823
10147,16,1,0.6821216
10148,1,1,0.41723484
10149,10,1,0.69473433
10150,21,1,0.7486748
10151,16,0,0.30552107
10152,14,1,0.74682254
10153,2,0,0.5071223
10154,4,1,0.70653665
10155,13,1,0.76075375
10156,13,1,0.58820224
10157,0,1,0.6288839
10158,20,1,0.6810414
10159,1,0,0.3422879
10160,23,0,0.39732465
10161,0,1,0.42653498
10162,20,1,0.5295875
10163,8,1,0.61700994
10164,2,0,0.29557973
10165,23,0,0.338031
10166,11,0,0.2650885
10167,26,1,0.6688493
10168,25,1,0.5883524
10169,19,0,0.2983029
10170,20,0,0.5290086
10171,27,1,0.77087563
10172,27,1,0.6202385
10173,5,0,0.46647635
10174,20,0,0.35400784
10175,16,1,0.71870214
10176,7,1,0.64451104
10177,3,0,0.4559141
10178,11,0,0.41372994
10179,26,0,0.29686648
10180,19,1,0.37907964
10181,28,0,0.30007175
10182,11,1,0.38982302
10183,18,0,0.48947477
10184,18,0,0.36468592
10185,26,1,0.40387857
10186,25,0,0.4772942
10187,11,0,0.32169867
10188,25,1,0.60395545
10189,16,1,0.5812988
10190,4,1,0.662885
10191,2,0,0.2882456
10192,18,1,0.52800745
10193,8,1,0.55967504
10194,20,0,0.33663568
10195,7,0,0.41283524
10196,20,1,0.6911795
10197,2,0,0.35019454
10198,16,1,0.70343983
10199,6,1,0.27427316
10200,2,1,0.7182212
10201,8,0,0.6568851
10202,22,0,0.36871102
10203,22,0,0.46069068
10204,26,1,0.4228942
10205,18,0,0.46767423
10206,6,1,0.38750434
10207,15,0,0.704084
10208,12,1,0.5996385
10209,6,1,0.8061164
10210,8,1,0.41937676
10211,24,1,0.5348126
10212,3,0,0.30192882
10213,15,1,0.7190379
10214,16,1,0.42648992
10215,24,1,0.32271188
10216,11,0,0.5343767
10217,10,0,0.31238836
10218,3,0,0.4206393
10219,18,1,0.63482136
10220,26,0,0.49151334
10221,25,1,0.5873126
10222,21,1,0.66929054
10223,0,0,0.41955358
10224,17,0,0.48128888
10225,10,1,0.4345978
10226,11,1,0.5334631
10227,25,0,0.42892325
10228,15,0,0.32347247
10229,1,0,0.3302256
10230,26,0,0.46039283
10231,13,1,0.7241927
10232,25,0,0.2740914
10233,28,0,0.33286458
10234,16,0,0.48174298
10235,26,1,0.7193296
10236,10,0,0.4886704
10237,27,1,0.6024992
10238,8,0,0.40390953
10239,27,0,0.38442653
10240,13,1,0.40728927
10241,12,0,0.6577959
10242,26,1,0.49631917
10243,26,1,0.5112426
10244,25,1,0.6651788
10245,16,0,0.7207535
10246,14,1,0.66056806
10247,18,1,0.76321757
10248,23,1,0.6303465
10249,25,1,0.65971285
10250,8,1,0.5812622
10251,22,0,0.6420906
10252,26,1,0.61549664
10253,24,0,0.36855882
10254,5,0,0.36909926
10255,4,1,0.6863279
10256,14,1,0.7286656
10257,17,1,0.60398793
10258,10,0,0.592309
10259,2,0,0.65438485
10260,22,0,0.6927167
10261,1,0,0.60430825
10262,26,0,0.40463257
10263,19,0,0.5629038
10264,2,1,0.43710682
10265,8,1,0.74593955
10266,2,1,0.52236915
10267,10,1,0.48929587
10268,11,0,0.40519136
10269,19,0,0.3774885
10270,16,0,0.3259173
10271,7,1,0.73355734
10272,6,0,0.5778891
10273,12,0,0.42316484
10274,18,1,0.43764555
10275,15,0,0.4343565
10276,12,0,0.46986127
10277,5,1,0.34503567
10278,21,1,0.72770125
10279,3,0,0.43587214
10280,12,0,0.272589
10281,10,0,0.30782452
10282,2,1,0.49253264
10283,18,1,0.47389206
10284,26,1,0.6683937
10285,27,0,0.6906391
10286,25,1,0.39515793
10287,18,0,0.6869004
10288,5,0,0.5433402
10289,0,0,0.27685335
10290,1,1,0.709787
10291,9,0,0.37257132
10292,12,1,0.52601767
10293,13,1,0.61625624
10294,14,0,0.6539822
10295,13,1,0.44442287
10296,4,0,0.46248743
10297,11,1,0.2976879
10298,14,1,0.31310406
10299,16,1,0.52125925
10300,18,0,0.3838159
10301,15,1,0.534499
10302,7,0,0.34581086
10303,10,0,0.5238053
10304,27,1,0.6993264
10305,18,1,0.40790612
10306,0,0,0.5957586
10307,26,1,0.4176957
10308,25,0,0.25931102
10309,1,0,0.32091597
10310,15,1,0.7039159
10311,16,1,0.58656794
10312,13,0,0.5392008
10313,12,1,0.73324376
10314,16,1,0.7076726
10315,16,1,0.5574347
10316,15,1,0.7002399
10317,13,1,0.610915
10318,13,1,0.30130497
10319,18,0,0.63722944
10320,25,0,0.5939711
10321,1,1,0.6291698
10322,26,0,0.4482316
10323,3,0,0.5526585
10324,20,0,0.55657375
10325,27,0,0.32256526
10326,19,0,0.545907
10327,20,1,0.58464444
10328,13,1,0.56232876
10329,3,0,0.37745216
10330,13,0,0.33966154
10331,28,0,0.2970737
10332,28,0,0.53383213
10333,27,1,0.7091299
10334,28,1,0.48241132
10335,14,0,0.26930258
10336,16,0,0.43944842
10337,10,0,0.48779643
10338,22,0,0.41127494
10339,14,0,0.36354527
10340,2,0,0.26384327
10341,17,1,0.4757464
10342,2,1,0.48915768
10343,25,1,0.35311335
10344,10,0,0.3007471
10345,7,1,0.5250484
10346,15,1,0.5681873
10347,10,1,0.56612986
10348,13,0,0.27784827
10349,19,0,0.51611793
10350,13,1,0.57840836
10351,25,0,0.3822117
10352,2,0,0.35405257
10353,2,1,0.7974006
10354,8,1,0.6826223
10355,26,0,0.35337156
10356,2,1,0.52857965
10357,15,0,0.3796049
10358,9,0,0.57835203
10359,11,0,0.32068524
10360,19,1,0.67017394
10361,12,0,0.54820293
10362,2,0,0.7106825
10363,22,1,0.7339082
10364,20,0,0.47401273
10365,8,0,0.53069353
10366,1,1,0.7456348
10367,15,1,0.7331878
10368,16,1,0.57786083
10369,1,1,0.46680748
10370,16,0,0.5766179
10371,11,0,0.691971
10372,8,0,0.53006333
10373,13,0,0.27696368
10374,21,0,0.41864523
10375,12,0,0.31001946
10376,13,0,0.25863537
10377,18,0,0.32676217
10378,15,0,0.41327536
10379,2,1,0.6503803
10380,17,0,0.40292367
10381,13,1,0.6666844
10382,19,0,0.40009233
10383,0,1,0.5778068
10384,22,0,0.4529638
10385,1,1,0.35382298
10386,24,0,0.62746674
10387,3,1,0.7580825
10388,3,0,0.3560484
10389,2,0,0.6147163
10390,24,1,0.35126474
10391,27,0,0.6993565
10392,12,1,0.7473382
10393,16,0,0.44778103
10394,25,1,0.49533936
10395,2,0,0.45629215
10396,5,0,0.28300223
10397,2,0,0.69333124
10398,20,0,0.47085717
10399,20,0,0.6087577
10400,13,1,0.55798423
10401,19,1,0.71800655
10402,27,1,0.779682
10403,26,1,0.740318
10404,5,1,0.6650882
10405,13,1,0.26704636
10406,21,1,0.5793256
10407,1,1,0.6465043
10408,3,1,0.6149505
10409,10,1,0.6836028
10410,12,0,0.32445082
10411,15,0,0.3660328
10412,2,0,0.5078751
10413,4,0,0.2607368
10414,17,1,0.5979906
10415,14,1,0.6231788
10416,4,0,0.5115796
10417,16,1,0.6159186
10418,3,1,0.60698533
10419,17,1,0.59290874
10420,7,0,0.35427457
10421,16,0,0.32787424
10422,16,1,0.6809907
10423,17,0,0.32178497
10424,22,1,0.7195176
10425,18,0,0.35750473
10426,15,1,0.6703667
10427,25,1,0.2925422
10428,2,0,0.4720466
10429,5,0,0.29960588
10430,19,0,0.60323006
10431,24,1,0.5133494
10432,19,0,0.3366266
10433,14,1,0.6765791
10434,25,0,0.7182042
10435,25,0,0.27504635
10436,6,0,0.39523044
10437,5,0,0.5410926
10438,17,1,0.3330593
10439,26,1,0.65870035
10440,17,1,0.49287963
10441,27,0,0.27662104
10442,11,0,0.34836093
10443,0,0,0.48872557
10444,28,0,0.33602703
10445,2,0,0.3443878
10446,13,0,0.36979085
10447,2,0,0.28338885
10448,16,1,0.6604142
10449,11,0,0.34792802
10450,20,1,0.6167785
10451,8,0,0.61936915
10452,13,1,0.5983278
10453,18,0,0.3625827
10454,14,0,0.67910784
10455,16,0,0.5180992
10456,6,1,0.7235592
10457,0,1,0.49888563
10458,25,0,0.3884742
10459,11,0,0.48682475
10460,8,1,0.43401212
10461,0,0,0.40783048
10462,13,0,0.37904072
10463,20,1,0.54727983
10464,22,0,0.37169218
10465,16,0,0.6600715
10466,18,0,0.305349
10467,21,1,0.7755516
10468,14,1,0.40713936
10469,0,0,0.46418148
10470,22,0,0.30517706
10471,16,0,0.316342
10472,8,0,0.35830396
10473,13,0,0.29496598
10474,24,0,0.48566702
10475,12,1,0.4926882
10476,13,0,0.55014735
10477,9,0,0.2855184
10478,16,1,0.70487684
10479,15,0,0.43883604
10480,7,0,0.5279608
10481,25,0,0.66256046
10482,20,0,0.5937691
10483,4,1,0.7364482
10484,11,0,0.4396182
10485,18,0,0.48165563
10486,7,0,0.586273
10487,20,1,0.6592215
10488,24,1,0.6702853
10489,14,1,0.6481669
10490,16,0,0.5082621
10491,2,1,0.45410672
10492,10,0,0.36340377
10493,16,0,0.46311575
10494,16,1,0.8227924
10495,15,0,0.3667927
10496,13,1,0.6495589
10497,9,1,0.5919531
10498,13,1,0.66817784
10499,28,0,0.31277636
10500,28,0,0.538942
10501,16,0,0.31663352
10502,7,0,0.3259924
10503,14,1,0.71159875
10504,16,1,0.5130193
10505,18,0,0.5620693
10506,13,0,0.3345396
10507,15,0,0.4111571
10508,16,1,0.403088
10509,28,1,0.7348881
10510,10,1,0.42010602
10511,7,1,0.712511
10512,17,0,0.39620683
10513,11,1,0.72313106
10514,27,1,0.4672261
10515,1,0,0.43222263
10516,28,1,0.375237
10517,16,1,0.27629045
10518,0,1,0.48348963
10519,1,0,0.31092507
10520,18,0,0.3842089
10521,26,1,0.66041046
10522,25,1,0.7494606
10523,24,0,0.3217429
10524,25,0,0.32192567
10525,25,0,0.3430364
10526,11,1,0.6303856
10527,20,1,0.62500226
10528,15,1,0.32999495
10529,11,0,0.63357216
10530,12,0,0.27796575
10531,4,1,0.75574094
10532,13,0,0.34102234
10533,11,0,0.36206588
10534,21,1,0.32575864
10535,17,0,0.54875594
10536,14,0,0.30267543
10537,16,1,0.65314215
10538,13,1,0.45702603
10539,19,0,0.3519514
10540,21,0,0.5045148
10541,3,1,0.36403522
10542,16,1,0.50840986
10543,13,1,0.4623039
10544,25,1,0.40942827
10545,16,0,0.5285427
10546,10,0,0.68298566
10547,18,1,0.68272835
10548,18,1,0.69610035
10549,12,1,0.6872398
10550,4,0,0.68615776
10551,9,1,0.400016
10552,27,0,0.27280024
10553,6,1,0.5523985
10554,22,1,0.48744938
10555,0,0,0.60640854
10556,18,1,0.62074393
10557,8,0,0.48902386
10558,17,0,0.4194372
10559,6,1,0.38452595
10560,10,0,0.7767191
10561,12,1,0.6512788
10562,21,1,0.47589776
10563,16,1,0.4443791
10564,25,1,0.5240338
10565,8,0,0.63770133
10566,15,0,0.30444524
10567,9,1,0.47326142
10568,22,0,0.42329484
10569,2,1,0.3093546
10570,10,1,0.41853908
10571,23,0,0.597785
10572,16,0,0.43572086
10573,0,0,0.29201898
10574,0,0,0.32281318
10575,9,0,0.53163785
10576,26,1,0.5123275
10577,16,0,0.29836687
10578,22,0,0.4917867
10579,12,0,0.4434659
10580,12,1,0.5810453
10581,4,1,0.6282143
10582,5,0,0.73096436
10583,2,1,0.6020737
10584,4,0,0.45750138
10585,21,0,0.300846
10586,20,1,0.72424936
10587,1,1,0.55314904
10588,28,0,0.71097696
10589,25,1,0.7030647
10590,25,0,0.30204844
10591,0,0,0.7765536
10592,22,1,0.4965114
10593,16,0,0.33095613
10594,16,1,0.6323858
10595,10,1,0.62937903
10596,26,1,0.5615151
10597,6,0,0.42425713
10598,5,0,0.30636752
10599,13,0,0.3740821
10600,17,1,0.63834757
10601,26,1,0.7144513
10602,23,1,0.29107752
10603,15,0,0.38077885
10604,17,1,0.6508718
10605,1,0,0.35209924
10606,7,0,0.646133
10607,18,1,0.6269347
10608,16,1,0.5790422
10609,2,0,0.36161378
10610,26,0,0.39570764
10611,23,1,0.54059917
10612,2,0,0.44874418
10613,1,0,0.52661145
10614,16,1,0.7232607
10615,9,0,0.21333706
10616,1,0,0.3099155
10617,2,0,0.43420535
10618,14,1,0.5115135
10619,6,1,0.5309328
10620,0,1,0.27015072
10621,11,1,0.62139034
10622,12,0,0.61594856
10623,6,0,0.5735206
10624,26,1,0.45356262
10625,22,0,0.30604833
10626,1,1,0.31823203
10627,15,0,0.41703606
10628,3,1,0.6234967
10629,13,1,0.46487078
10630,26,0,0.44307968
10631,26,1,0.62029576
10632,28,1,0.7011014
10633,13,0,0.6951281
10634,4,0,0.37693438
10635,17,1,0.49234363
10636,21,0,0.2513364
10637,16,0,0.50975883
10638,16,0,0.47412422
10639,12,0,0.41972774
10640,3,1,0.6248625
10641,22,0,0.2861858
10642,20,1,0.78733575
10643,28,1,0.3374047
10644,27,0,0.5288902
10645,25,1,0.55856156
10646,2,0,0.4589548
10647,27,1,0.28549892
10648,6,1,0.6829746
10649,13,1,0.3945629
10650,4,1,0.35040382
10651,7,1,0.6746258
10652,12,0,0.42857474
10653,24,1,0.3381737
10654,25,1,0.80622965
10655,25,0,0.340522
10656,18,1,0.6355295
10657,27,1,0.73654854
10658,13,0,0.32483417
10659,22,1,0.5036938
10660,17,0,0.32836547
10661,27,1,0.43690208
10662,11,1,0.7255365
10663,10,1,0.59856653
10664,2,1,0.7744113
10665,4,1,0.30345333
10666,19,0,0.27044636
10667,25,0,0.4063108
10668,14,1,0.5938669
10669,22,1,0.7413137
10670,11,0,0.43590313
10671,0,0,0.37042534
10672,18,1,0.430849
10673,20,1,0.58366954
10674,11,0,0.58026236
10675,8,0,0.53099597
10676,1,1,0.43397605
10677,13,1,0.53738266
10678,13,1,0.51464695
10679,0,1,0.50912213
10680,3,1,0.62318987
10681,0,1,0.5705021
10682,2,0,0.53437805
10683,3,1,0.699599
10684,20,0,0.35699537
10685,1,1,0.45128626
10686,16,0,0.353112
10687,27,0,0.5045019
10688,11,0,0.4535377
10689,1,1,0.588079
10690,14,1,0.4293787
10691,0,0,0.4688655
10692,26,0,0.31841397
10693,14,1,0.5525239
10694,11,1,0.6666056
10695,2,0,0.7602686
10696,20,0,0.45642284
10697,2,1,0.36266744
10698,15,0,0.49320823
10699,2,0,0.3117146
10700,22,0,0.314626
10701,21,0,0.50956285
10702,23,0,0.33116177
10703,8,0,0.3706114
10704,8,1,0.55989164
10705,25,1,0.31738922
10706,2,0,0.40425047
10707,8,1,0.30837217
10708,1,1,0.51531595
10709,7,0,0.31567737
10710,10,1,0.641025
10711,22,1,0.6182374
10712,25,0,0.312783
10713,25,0,0.34788448
10714,3,0,0.34094346
10715,13,0,0.6414832
10716,11,1,0.51924306
10717,11,1,0.42731103
10718,14,0,0.26870245
10719,24,1,0.6934195
10720,26,0,0.27819067
10721,18,0,0.63243175
10722,2,1,0.6650483
10723,8,1,0.5044243
10724,23,0,0.6834086
10725,26,1,0.63229257
10726,15,1,0.7933397
10727,25,0,0.31871638
10728,16,0,0.5092164
10729,18,1,0.45027393
10730,25,1,0.3902906
10731,15,1,0.6104839
10732,27,0,0.50329465
10733,16,1,0.6097913
10734,23,1,0.71172726
10735,20,0,0.33197674
10736,6,0,0.45685947
10737,18,0,0.3985352
10738,23,1,0.6994936
10739,3,0,0.5671899
10740,13,1,0.39565167
10741,26,1,0.6113562
10742,13,0,0.28740978
10743,27,0,0.7405773
10744,24,0,0.7599004
10745,10,1,0.6476958
10746,28,0,0.34494936
10747,18,0,0.5047393
10748,24,0,0.5951111
10749,22,1,0.42174825
10750,9,1,0.45142302
10751,1,1,0.68655825
10752,4,1,0.3784527
10753,3,0,0.34651414
10754,25,1,0.46826497
10755,26,0,0.31953767
10756,21,1,0.81329656
10757,3,1,0.6594945
10758,15,0,0.4406711
10759,8,0,0.5788183
10760,22,1,0.4470724
10761,18,1,0.30897835
10762,28,1,0.7693438
10763,20,1,0.7053154
10764,2,1,0.41290402
10765,15,1,0.7333362
10766,15,1,0.7303911
10767,20,1,0.7455964
10768,19,0,0.5279345
10769,16,1,0.67309713
10770,8,0,0.3549448
10771,22,1,0.5028636
10772,28,1,0.7393504
10773,22,1,0.6368578
10774,3,1,0.27992186
10775,7,0,0.28343716
10776,16,1,0.46371377
10777,8,0,0.6352042
10778,10,1,0.5286767
10779,8,1,0.4832977
10780,19,0,0.25679308
10781,22,0,0.3197751
10782,11,1,0.50002253
10783,4,1,0.6349278
10784,10,1,0.5503897
10785,3,0,0.4639994
10786,19,1,0.6568142
10787,11,1,0.53356254
10788,23,0,0.5596252
10789,15,1,0.5931086
10790,17,0,0.45092368
10791,7,0,0.2586838
10792,19,0,0.36468485
10793,21,1,0.50552875
10794,16,1,0.7564691
10795,27,1,0.49285853
10796,11,1,0.67358935
10797,15,1,0.63400465
10798,18,0,0.36100706
10799,3,0,0.45292997
10800,16,0,0.4599289
10801,9,0,0.26670644
10802,12,1,0.45186213
10803,8,0,0.4235881
10804,7,0,0.4854141
10805,22,0,0.51010203
10806,28,0,0.3334706
10807,18,1,0.4806952
10808,27,1,0.73692524
10809,16,1,0.61260533
10810,12,1,0.6665097
10811,28,1,0.7383176
10812,21,1,0.5951114
10813,23,1,0.5171145
10814,12,0,0.36525017
10815,1,1,0.35697892
10816,12,0,0.40745664
10817,20,0,0.28343725
10818,19,0,0.606362
10819,23,1,0.56586814
10820,6,0,0.3462762
10821,16,0,0.36617878
10822,7,1,0.64677906
10823,10,1,0.3729419
10824,22,0,0.27608216
10825,13,1,0.75445104
10826,11,1,0.31554878
10827,2,1,0.571147
10828,23,0,0.46820813
10829,18,1,0.58984464
10830,23,0,0.53214777
10831,12,0,0.62728214
10832,0,1,0.47805756
10833,2,1,0.71142507
10834,20,0,0.26313123
10835,20,0,0.57877976
10836,20,1,0.695686
10837,20,0,0.6261398
10838,15,1,0.6291401
10839,0,0,0.3630195
10840,6,1,0.30041543
10841,2,1,0.5762613
10842,15,0,0.31981203
10843,9,0,0.33765718
10844,10,1,0.7752719
10845,17,0,0.57115406
10846,17,1,0.3745672
10847,15,1,0.6045852
10848,10,1,0.667053
10849,24,1,0.7475981
10850,26,1,0.7037934
10851,6,1,0.7120931
10852,14,1,0.46273
10853,1,1,0.61153156
10854,2,0,0.55633485
10855,11,0,0.61728364
10856,0,1,0.5930466
10857,6,1,0.63197845
10858,10,1,0.5474413
10859,23,0,0.26604223
10860,10,0,0.7148848
10861,8,1,0.6979377
10862,16,0,0.25881138
10863,26,1,0.72601515
10864,1,1,0.76398784
10865,25,0,0.36164308
10866,10,1,0.5340226
10867,8,1,0.32382932
10868,1,1,0.45187625
10869,1,1,0.4382614
10870,12,1,0.51693606
10871,11,1,0.61103195
10872,8,0,0.31673506
10873,25,0,0.67083716
10874,8,0,0.6412963
10875,2,1,0.69732076
10876,12,1,0.38735142
10877,22,0,0.32124227
10878,27,1,0.6155393
10879,13,1,0.6429172
10880,13,1,0.38113162
10881,20,0,0.34502462
10882,11,1,0.5478817
10883,3,0,0.58965087
10884,20,0,0.33050478
10885,20,0,0.3499326
10886,12,0,0.5909189
10887,27,0,0.34570524
10888,26,1,0.32231393
10889,20,0,0.28820613
10890,13,0,0.3470794
10891,8,0,0.5482266
10892,21,1,0.3417434
10893,10,1,0.44512543
10894,15,1,0.55236715
10895,16,0,0.32451102
10896,16,1,0.75963664
10897,22,1,0.70233285
10898,0,0,0.3515945
10899,13,0,0.49039954
10900,17,0,0.3300902
10901,15,0,0.31148016
10902,15,1,0.36290196
10903,4,0,0.66034484
10904,28,1,0.6584872
10905,15,1,0.62550664
10906,16,0,0.3436828
10907,3,0,0.32793924
10908,7,1,0.5599282
10909,26,0,0.6384679
10910,8,0,0.35786933
10911,15,0,0.64134455
10912,11,1,0.62062323
10913,21,1,0.48868406
10914,8,0,0.29738104
10915,8,0,0.32862654
10916,6,0,0.31974164
10917,1,1,0.42559826
10918,13,1,0.65872747
10919,12,1,0.5390872
10920,6,0,0.47962508
10921,24,0,0.28178117
10922,21,0,0.37323517
10923,21,0,0.40873814
10924,17,1,0.6393025
10925,27,1,0.6367881
10926,12,1,0.45747283
10927,8,0,0.42261147
10928,2,1,0.7565003
10929,15,0,0.2741287
10930,16,1,0.63286984
10931,10,0,0.40617245
10932,16,1,0.425815
10933,3,1,0.38929102
10934,20,0,0.4146601
10935,8,1,0.2734679
10936,23,1,0.5470901
10937,0,1,0.6958372
10938,5,1,0.6862898
10939,6,0,0.31329527
10940,17,0,0.319934
10941,8,1,0.55348176
10942,15,1,0.3729637
10943,1,1,0.61077297
10944,4,0,0.46394524
10945,27,1,0.4900411
10946,28,1,0.74762803
10947,17,0,0.38420185
10948,17,1,0.67102176
10949,22,1,0.402182
10950,9,0,0.70461
10951,27,1,0.64411557
10952,10,1,0.64398915
10953,8,1,0.55390346
10954,1,0,0.44954643
10955,17,0,0.44584185
10956,16,1,0.6079466
10957,26,0,0.3314815
10958,16,0,0.27197504
10959,6,0,0.24949124
10960,7,0,0.268825
10961,13,1,0.47757283
10962,15,1,0.74136215
10963,2,0,0.5925343
10964,16,1,0.4799858
10965,12,1,0.39423677
10966,25,1,0.601374
10967,26,0,0.3639301
10968,12,1,0.31273615
10969,13,0,0.23557577
10970,17,1,0.47127107
10971,3,0,0.50549084
10972,3,0,0.32290286
10973,2,1,0.5626475
10974,12,0,0.5735537
10975,15,0,0.4019979
10976,1,1,0.65984976
10977,26,1,0.7258724
10978,6,0,0.31456244
10979,20,0,0.45936215
10980,6,0,0.41417477
10981,8,0,0.5745119
10982,12,1,0.74875075
10983,10,0,0.44681582
10984,6,0,0.3514991
10985,17,0,0.28294855
10986,12,1,0.5951612
10987,7,0,0.39761013
10988,27,0,0.4643463
10989,25,0,0.6780025
10990,20,1,0.49226817
10991,10,0,0.66077423
10992,10,0,0.6831339
10993,21,0,0.2715524
10994,8,1,0.6017899
10995,0,1,0.66531706
10996,22,1,0.6893628
10997,13,1,0.5073768
10998,22,1,0.58503515
10999,11,1,0.67616516
11000,6,0,0.50534594
11001,13,1,0.56918025
11002,20,1,0.4858206
11003,26,0,0.24810192
11004,4,1,0.64274776
11005,11,1,0.65991247
11006,17,1,0.46750018
11007,13,1,0.81350666
11008,2,0,0.3021048
11009,0,1,0.7078519
11010,18,1,0.5713825
11011,4,1,0.46565598
11012,6,0,0.7906279
11013,0,0,0.81204826
11014,17,1,0.5277574
11015,15,0,0.38755178
11016,11,0,0.5389139
11017,17,0,0.31417155
11018,26,1,0.29448596
11019,11,0,0.62571174
11020,28,0,0.23284273
11021,13,0,0.2783328
11022,20,1,0.40573478
11023,1,0,0.4584116
11024,23,1,0.5422853
11025,27,0,0.42429966
11026,11,1,0.5618684
11027,3,1,0.79649645
11028,9,1,0.6312037
11029,10,1,0.7753433
11030,18,0,0.30192953
11031,18,1,0.778082
11032,16,1,0.31858844
11033,15,0,0.66754764
11034,2,0,0.45868543
11035,12,0,0.24921729
11036,26,1,0.6864965
11037,22,0,0.30002308
11038,2,0,0.42258653
11039,1,1,0.6095284
11040,2,0,0.26943174
11041,17,1,0.33910537
11042,1,0,0.3900319
11043,8,0,0.33355245
11044,12,0,0.29647475
11045,15,0,0.42276993
11046,16,0,0.35693902
11047,8,1,0.48559394
11048,28,1,0.7360126
11049,18,0,0.6907241
11050,13,1,0.64792156
11051,1,0,0.819729
11052,8,1,0.704338
11053,23,1,0.3653258
11054,25,0,0.5127843
11055,17,0,0.4646583
11056,0,1,0.49790478
11057,2,0,0.46597114
11058,10,0,0.32783106
11059,5,0,0.4678528
11060,20,0,0.4185816
11061,3,0,0.5535598
11062,16,0,0.32634532
11063,9,1,0.7106566
11064,10,0,0.36201692
11065,11,1,0.31492862
11066,8,0,0.7039804
11067,28,1,0.6572768
11068,16,0,0.31524858
11069,10,0,0.43400228
11070,5,0,0.5084155
11071,1,0,0.53326046
11072,27,1,0.54377174
11073,17,1,0.6806929
11074,21,0,0.70847845
11075,8,1,0.4870528
11076,21,1,0.68605274
11077,23,0,0.6232125
11078,26,0,0.38140664
11079,25,0,0.6959407
11080,22,1,0.6021989
11081,13,1,0.6988851
11082,18,0,0.45991698
11083,1,1,0.58271223
11084,20,1,0.5221749
11085,8,1,0.48416343
11086,16,0,0.479087
11087,22,1,0.33738622
11088,1,0,0.43991348
11089,11,0,0.2301636
11090,14,1,0.42701152
11091,23,1,0.7401557
11092,4,0,0.6091032
11093,6,1,0.31841248
11094,20,1,0.792922
11095,11,1,0.637802
11096,18,1,0.42498296
11097,11,1,0.7913717
11098,23,0,0.27395263
11099,4,1,0.6243397
11100,19,1,0.4819972
11101,21,1,0.27151936
11102,8,0,0.6560902
11103,11,0,0.51815647
11104,1,0,0.31877065
11105,19,0,0.3307896
11106,27,1,0.6453777
11107,9,0,0.36219272
11108,8,0,0.30257195
11109,26,0,0.54417634
11110,3,1,0.50969744
11111,2,1,0.634776
11112,27,0,0.42658722
11113,20,0,0.43143544
11114,5,0,0.47225595
11115,1,0,0.32030913
11116,5,1,0.77981186
11117,13,1,0.30639246
11118,6,1,0.6419358
11119,8,0,0.8106407
11120,11,0,0.47825435
11121,15,0,0.68298715
11122,3,0,0.5136106
11123,22,1,0.45090437
11124,6,0,0.29347908
11125,15,1,0.32001954
11126,27,1,0.5068679
11127,22,0,0.57688767
11128,14,0,0.39212617
11129,11,0,0.3736543
11130,15,1,0.5239137
11131,15,0,0.6024689
11132,1,1,0.49957025
11133,26,0,0.5252409
11134,13,1,0.70600444
11135,24,0,0.49275425
11136,9,0,0.51110274
11137,20,0,0.32030314
11138,10,1,0.6359427
11139,15,1,0.58237654
11140,4,1,0.7239984
11141,4,1,0.46100986
11142,16,1,0.42051786
11143,7,1,0.42208692
11144,23,1,0.6001312
11145,22,0,0.3821591
11146,17,0,0.417041
11147,11,0,0.5322323
11148,3,1,0.7728634
11149,27,1,0.7343941
11150,27,1,0.52920556
11151,15,1,0.47120267
11152,4,1,0.27911508
11153,13,1,0.5198961
11154,28,1,0.5820847
11155,14,1,0.49475127
11156,5,0,0.3363937
11157,15,1,0.45964745
11158,12,1,0.61087394
11159,19,1,0.7247746
11160,17,0,0.4148156
11161,27,1,0.6547485
11162,19,1,0.4319624
11163,25,0,0.23278354
11164,22,1,0.45968422
11165,15,0,0.30773917
11166,6,1,0.38681448
11167,13,1,0.55053556
11168,6,1,0.4949037
11169,10,1,0.50193596
11170,7,1,0.547938
11171,17,1,0.57219285
11172,6,0,0.33983484
11173,27,1,0.42051217
11174,8,1,0.32406533
11175,16,1,0.31649017
11176,25,1,0.53176004
11177,6,0,0.34419468
11178,13,1,0.70442486
11179,6,0,0.51049125
11180,3,1,0.801309
11181,13,0,0.315221
11182,8,1,0.67289186
11183,5,1,0.7160297
11184,14,0,0.32100004
11185,1,1,0.5340228
11186,2,1,0.6692652
11187,25,1,0.7462872
11188,13,1,0.5235078
11189,1,1,0.7550329
11190,13,1,0.7007908
11191,7,1,0.48000863
11192,16,1,0.5154763
11193,16,0,0.37813672
11194,17,1,0.48785648
11195,16,0,0.46385142
11196,4,0,0.57915294
11197,3,1,0.6823334
11198,1,1,0.651725
11199,20,0,0.27288505
11200,27,1,0.76042944
11201,18,0,0.3484425
11202,13,1,0.37237528
11203,2,0,0.34363374
11204,17,1,0.6006515
11205,22,1,0.573702
11206,21,1,0.3838031
11207,12,1,0.7336994
11208,13,0,0.24063678
11209,1,1,0.25952515
11210,28,0,0.39883488
11211,16,1,0.39503464
11212,13,1,0.66681886
11213,15,0,0.5406636
11214,26,1,0.41737756
11215,23,1,0.63872665
11216,19,0,0.33456534
11217,6,0,0.37881207
11218,28,0,0.4341144
11219,15,0,0.46128795
11220,9,0,0.45576835
11221,8,0,0.3514325
11222,25,1,0.33491638
11223,12,0,0.4072056
11224,3,0,0.28470853
11225,16,1,0.6492343
11226,24,1,0.63276505
11227,7,1,0.4437265
11228,22,1,0.77164084
11229,1,0,0.6217833
11230,1,1,0.64594865
11231,12,0,0.35045725
11232,14,0,0.32178304
11233,2,0,0.37071383
11234,23,1,0.74014515
11235,21,1,0.641537
11236,23,0,0.3802293
11237,26,1,0.7223679
11238,18,0,0.6288228
11239,4,0,0.73313063
11240,8,1,0.6037738
11241,12,0,0.48618507
11242,1,0,0.34370196
11243,8,1,0.48333603
11244,2,0,0.7227744
11245,8,1,0.6985301
11246,5,0,0.3288236
11247,16,1,0.52681
11248,25,1,0.4105705
11249,8,0,0.58762836
11250,10,1,0.7215288
11251,14,0,0.6205737
11252,17,1,0.7541852
11253,15,1,0.5738403
11254,21,1,0.6849676
11255,22,1,0.43619758
11256,22,0,0.4039966
11257,4,0,0.53805625
11258,24,0,0.25642452
11259,10,0,0.45708457
11260,8,0,0.3946846
11261,25,1,0.79578996
11262,19,0,0.29397362
11263,16,0,0.52163005
11264,27,0,0.44039598
11265,24,0,0.5734233
11266,28,1,0.6619148
11267,13,1,0.54587996
11268,13,1,0.55777186
11269,18,0,0.45712283
11270,27,1,0.42473492
11271,25,1,0.59618634
11272,25,1,0.64964014
11273,19,1,0.75647014
11274,1,0,0.44389948
11275,1,0,0.63283825
11276,8,0,0.4575568
11277,16,1,0.54177994
11278,10,1,0.40186256
11279,13,1,0.62548274
11280,2,1,0.40875328
11281,18,0,0.5741021
11282,25,0,0.43688467
11283,2,0,0.6413188
11284,20,0,0.6068292
11285,23,0,0.3524092
11286,24,1,0.4356805
11287,25,1,0.5531953
11288,15,0,0.44166422
11289,22,0,0.57298344
11290,14,0,0.5744646
11291,27,0,0.7511382
11292,13,1,0.4478339
11293,8,0,0.3066369
11294,16,1,0.7266729
11295,6,1,0.6557882
11296,17,0,0.65591675
11297,5,1,0.45144507
11298,13,1,0.43950728
11299,10,0,0.32375553
11300,12,0,0.3534227
11301,12,0,0.5712699
11302,15,0,0.26088595
11303,13,1,0.61493534
11304,3,1,0.45379218
11305,26,0,0.38401592
11306,13,1,0.5716775
11307,14,0,0.65425205
11308,16,1,0.5575916
11309,8,1,0.62348056
11310,5,1,0.76598424
11311,10,1,0.52970266
11312,5,0,0.34737447
11313,10,1,0.78180325
11314,3,1,0.4986965
11315,17,1,0.58461076
11316,13,0,0.32834765
11317,25,0,0.64006144
11318,15,0,0.38254973
11319,28,1,0.60542
11320,27,1,0.61843336
11321,9,1,0.33976588
11322,4,0,0.715535
11323,9,1,0.7396512
11324,13,0,0.24400473
11325,17,1,0.5521329
11326,11,0,0.46530014
11327,12,1,0.69519496
11328,1,0,0.33643845
11329,11,1,0.73979956
11330,22,1,0.307711
11331,28,0,0.4385132
11332,11,0,0.31611383
11333,10,1,0.6053833
11334,27,0,0.3627256
11335,14,0,0.36250278
11336,15,1,0.56027144
11337,6,1,0.73370296
11338,8,0,0.33370814
11339,1,1,0.56680655
11340,14,1,0.7264653
11341,8,1,0.7146346
11342,28,1,0.8132959
11343,24,1,0.39689147
11344,16,1,0.40917316
11345,26,0,0.33197328
11346,8,1,0.63684636
11347,2,1,0.5261064
11348,2,0,0.26870131
11349,23,1,0.35912603
11350,1,0,0.5062165
11351,27,0,0.31392658
11352,16,1,0.6577464
11353,10,1,0.49386016
11354,11,0,0.2856453
11355,8,0,0.47275072
11356,5,0,0.5246491
11357,22,1,0.68041646
11358,13,1,0.38151553
11359,19,0,0.2938876
11360,27,0,0.3884166
11361,5,1,0.6831732
11362,28,1,0.3279227
11363,18,0,0.40838176
11364,2,1,0.54468817
11365,10,0,0.3670269
11366,8,1,0.45282948
11367,2,0,0.6247433
11368,21,1,0.55180144
11369,21,0,0.48941657
11370,28,1,0.40928417
11371,8,1,0.7200128
11372,10,1,0.63181466
11373,14,0,0.3769434
11374,12,0,0.5434649
11375,13,0,0.43759328
11376,21,1,0.5473845
11377,25,1,0.32623607
11378,3,0,0.2892528
11379,20,1,0.43150356
11380,11,0,0.31189513
11381,15,1,0.6497251
11382,17,0,0.46280894
11383,8,1,0.72318095
11384,19,0,0.3608101
11385,18,1,0.6085279
11386,10,1,0.73644656
11387,10,1,0.5003566
11388,16,0,0.25673229
11389,20,0,0.36012748
11390,20,0,0.2961457
11391,23,1,0.52854043
11392,1,0,0.31995508
11393,28,0,0.29723626
11394,16,1,0.5628261
11395,13,1,0.30287603
11396,1,0,0.6412583
11397,25,0,0.6462119
11398,16,1,0.27890125
11399,16,0,0.56084126
11400,1,1,0.59276867
11401,2,1,0.3928598
11402,2,0,0.46064758
11403,5,1,0.4895129
11404,20,1,0.6969174
11405,20,1,0.5007731
11406,17,1,0.36016196
11407,16,0,0.742246
11408,13,1,0.505252
11409,17,1,0.7173011
11410,1,0,0.37562513
11411,13,1,0.52359796
11412,2,0,0.27711746
11413,21,0,0.5417184
11414,21,1,0.61238056
11415,15,0,0.30677974
11416,13,0,0.28712997
11417,7,0,0.6195034
11418,23,0,0.50782233
11419,16,1,0.4618308
11420,26,1,0.6509109
11421,16,0,0.30466667
11422,10,1,0.62880015
11423,8,0,0.45385185
11424,20,0,0.29196402
11425,12,1,0.6601965
11426,5,0,0.49626786
11427,15,0,0.28268877
11428,17,0,0.5717626
11429,22,0,0.40490896
11430,1,0,0.3076596
11431,22,0,0.35064077
11432,12,1,0.63479584
11433,13,0,0.32349896
11434,8,0,0.39314362
11435,16,1,0.31844854
11436,19,1,0.6875983
11437,14,1,0.48524725
11438,12,1,0.57999337
11439,16,1,0.72688943
11440,20,0,0.39321965
11441,2,1,0.50304854
11442,1,1,0.82828265
11443,0,1,0.4739725
11444,18,0,0.363643
11445,23,0,0.3977284
11446,27,0,0.43773904
11447,8,1,0.5771457
11448,5,0,0.57829785
11449,5,0,0.620027
11450,10,1,0.4899621
11451,15,0,0.3583743
11452,15,1,0.78727096
11453,1,0,0.3055191
11454,3,0,0.43222734
11455,21,1,0.34507453
11456,25,1,0.73429346
11457,19,0,0.4282774
11458,28,1,0.31349438
11459,16,0,0.41564405
11460,6,0,0.39959723
11461,2,1,0.7212111
11462,25,0,0.5086049
11463,20,0,0.47670487
11464,8,0,0.67067164
11465,14,1,0.68148917
11466,3,1,0.546077
11467,2,1,0.51792306
11468,18,0,0.44509813
11469,0,0,0.6742312
11470,10,1,0.46520555
11471,27,1,0.52196336
11472,11,1,0.7300192
11473,2,1,0.7157897
11474,2,0,0.3181511
11475,10,1,0.6427051
11476,2,0,0.66195804
11477,28,1,0.6843931
11478,17,0,0.32020348
11479,14,1,0.64917135
11480,27,1,0.4704753
11481,16,1,0.60855263
11482,7,1,0.36751854
11483,14,1,0.64657646
11484,13,1,0.27688086
11485,8,0,0.44470102
11486,1,0,0.5042725
11487,28,0,0.5590844
11488,12,0,0.37372768
11489,19,0,0.67765933
11490,1,0,0.30994928
11491,3,0,0.41539565
11492,23,1,0.6270225
11493,23,1,0.71837455
11494,15,1,0.67390764
11495,16,0,0.5811165
11496,13,1,0.7249296
11497,13,0,0.7387428
11498,3,0,0.5248997
11499,26,0,0.69619864
11500,12,0,0.77964884
11501,2,1,0.71563494
11502,1,1,0.33856857
11503,16,1,0.4980164
11504,27,1,0.4022022
11505,13,0,0.3391415
11506,28,1,0.40783253
11507,25,1,0.6317201
11508,12,1,0.28047115
11509,19,0,0.32682672
11510,17,1,0.43863153
11511,7,0,0.2760272
11512,28,1,0.30592707
11513,16,0,0.42955214
11514,14,1,0.36609963
11515,27,1,0.49672675
11516,11,1,0.64700735
11517,18,1,0.4273261
11518,19,1,0.6096304
11519,25,0,0.2881848
11520,15,1,0.2886821
11521,15,1,0.5697347
11522,16,1,0.44573945
11523,8,0,0.45841867
11524,15,1,0.57521576
11525,16,0,0.6448148
11526,20,0,0.4575812
11527,8,1,0.6029126
11528,10,0,0.41913748
11529,21,1,0.2982277
11530,10,1,0.7235827
11531,7,1,0.5557179
11532,15,1,0.3834354
11533,15,0,0.28850323
11534,2,1,0.5854454
11535,25,0,0.39410874
11536,1,0,0.47423092
11537,24,1,0.3252197
11538,20,1,0.51927644
11539,11,0,0.56043047
11540,22,0,0.61371875
11541,16,0,0.70627004
11542,17,1,0.325943
11543,8,0,0.3333734
11544,9,1,0.76859176
11545,11,0,0.29294655
11546,7,0,0.60750544
11547,25,1,0.3608461
11548,28,0,0.30837697
11549,16,1,0.32266018
11550,21,1,0.7106733
11551,12,0,0.39313665
11552,18,1,0.664307
11553,8,0,0.32801074
11554,25,1,0.6998088
11555,10,1,0.66053927
11556,10,0,0.39533073
11557,6,1,0.42751792
11558,22,0,0.6388941
11559,27,0,0.34693468
11560,14,1,0.6786364
11561,4,0,0.45537582
11562,17,0,0.789858
11563,11,1,0.5081333
11564,10,0,0.33465025
11565,12,0,0.41789943
11566,10,0,0.39158836
11567,19,1,0.47001353
11568,17,0,0.38150492
11569,2,0,0.26653913
11570,2,1,0.64589906
11571,22,1,0.5486437
11572,8,0,0.2866615
11573,2,0,0.46555328
11574,27,0,0.2881555
11575,12,0,0.41225487
11576,24,1,0.40300414
11577,10,0,0.5016077
11578,0,0,0.33556142
11579,8,1,0.7485579
11580,18,1,0.64401025
11581,16,1,0.5987987
11582,18,1,0.44901934
11583,3,1,0.58380795
11584,14,1,0.41931316
11585,10,1,0.59346926
11586,13,1,0.46446007
11587,2,0,0.6619414
11588,1,0,0.5573949
11589,2,1,0.5985511
11590,23,1,0.50313413
11591,14,1,0.6999788
11592,22,0,0.6986244
11593,2,0,0.304498
11594,8,0,0.39591244
11595,2,0,0.48117706
11596,27,1,0.2769207
11597,2,0,0.50273985
11598,17,1,0.77788264
11599,2,1,0.49181724
11600,6,0,0.25774652
11601,15,1,0.7584052
11602,7,1,0.42696497
11603,1,1,0.726508
11604,1,1,0.7011847
11605,25,0,0.3146662
11606,9,0,0.5155214
11607,22,0,0.7636764
11608,4,0,0.3370996
11609,2,0,0.32630053
11610,15,1,0.6863391
11611,1,1,0.63858986
11612,27,0,0.29118055
11613,8,0,0.58757055
11614,4,0,0.37967488
11615,13,0,0.293065
11616,26,0,0.2931137
11617,11,1,0.33099583
11618,28,0,0.5709455
11619,2,1,0.37917897
11620,18,0,0.3517188
11621,3,1,0.63897115
11622,8,0,0.5066134
11623,22,1,0.5444623
11624,7,1,0.6625944
11625,13,1,0.54023975
11626,26,1,0.63891524
11627,20,1,0.6305298
11628,6,0,0.6386806
11629,7,0,0.29375827
11630,6,0,0.36372685
11631,8,1,0.39032894
11632,6,1,0.30656806
11633,6,0,0.5448259
11634,0,0,0.7097915
11635,8,1,0.610452
11636,16,0,0.5131543
11637,6,1,0.7027734
11638,1,1,0.74621874
11639,6,1,0.60198355
11640,1,0,0.5216345
11641,18,0,0.36886707
11642,12,1,0.57919866
11643,25,1,0.79245234
11644,2,1,0.47531775
11645,10,1,0.4835015
11646,22,0,0.59560984
11647,17,0,0.24077357
11648,11,0,0.6696816
11649,13,1,0.8169282
11650,2,0,0.5589194
11651,16,0,0.5562807
11652,20,1,0.662378
11653,23,0,0.4553212
11654,6,1,0.3285748
11655,16,0,0.35020146
11656,25,0,0.74207467
11657,3,1,0.5461948
11658,24,1,0.5218494
11659,2,1,0.5139981
11660,16,0,0.3119488
11661,13,0,0.55410856
11662,23,0,0.24780326
11663,25,1,0.59611917
11664,14,0,0.6874487
11665,26,0,0.53064364
11666,6,0,0.6701305
11667,5,0,0.37963468
11668,24,0,0.4722139
11669,25,1,0.4409234
11670,24,1,0.655023
11671,11,0,0.40207568
11672,1,0,0.60601485
11673,26,0,0.52949953
11674,7,0,0.46948302
11675,17,0,0.30161726
11676,25,1,0.49355042
11677,12,0,0.40279853
11678,16,1,0.69968104
11679,6,0,0.681544
11680,3,1,0.45685813
11681,2,0,0.5627814
11682,16,1,0.3472868
11683,18,0,0.34935078
11684,6,1,0.7348084
11685,5,0,0.39020735
11686,16,1,0.46884555
11687,7,1,0.71561587
11688,8,1,0.33703554
11689,18,1,0.52167594
11690,6,1,0.7377248
11691,26,0,0.3841082
11692,2,0,0.37496984
11693,19,1,0.72939897
11694,8,1,0.6136747
11695,2,0,0.48923185
11696,21,0,0.2978224
11697,3,1,0.68797207
11698,19,1,0.663725
11699,27,1,0.32985124
11700,22,0,0.24140318
11701,16,0,0.27146438
11702,24,1,0.58391166
11703,28,0,0.5844885
11704,26,0,0.3091531
11705,20,1,0.3137068
11706,10,0,0.398571
11707,27,1,0.3909518
11708,13,0,0.48210913
11709,12,1,0.50487137
11710,25,0,0.2860582
11711,5,0,0.43913308
11712,13,0,0.5735082
11713,9,1,0.67696786
11714,27,1,0.6073064
11715,17,0,0.524489
11716,1,1,0.6117723
11717,0,0,0.51918507
11718,25,0,0.329477
11719,2,0,0.6747051
11720,23,0,0.49042237
11721,20,1,0.5809081
11722,2,0,0.44663304
11723,28,1,0.74128056
11724,16,1,0.70796883
11725,11,0,0.70122695
11726,2,1,0.39586955
11727,18,1,0.75908476
11728,15,1,0.5662035
11729,22,0,0.42577747
11730,3,1,0.38104948
11731,2,0,0.52377117
11732,26,1,0.6705865
11733,17,0,0.48194414
11734,22,0,0.7637599
11735,12,1,0.6255765
11736,0,1,0.7660673
11737,6,1,0.74357915
11738,21,1,0.4079824
11739,13,1,0.42495024
11740,18,0,0.4456991
11741,12,0,0.3820682
11742,2,0,0.32393464
11743,16,1,0.6262959
11744,24,1,0.64945894
11745,3,0,0.4807828
11746,10,1,0.62778765
11747,19,1,0.42796877
11748,26,0,0.68087566
11749,10,0,0.43010968
11750,18,1,0.6910927
11751,20,0,0.47139475
11752,13,1,0.36800367
11753,2,1,0.6566435
11754,15,0,0.63127583
11755,12,0,0.2821365
11756,12,0,0.667575
11757,9,0,0.3666608
11758,4,1,0.74213374
11759,1,1,0.5823802
11760,12,1,0.55682635
11761,6,1,0.6501012
11762,16,1,0.4871844
11763,17,0,0.6131311
11764,6,0,0.41219637
11765,13,0,0.55205584
11766,20,0,0.7872017
11767,2,0,0.33771527
11768,4,0,0.49290308
11769,15,0,0.42845267
11770,4,1,0.7481475
11771,0,1,0.704057
11772,26,0,0.45223758
11773,23,1,0.57228565
11774,22,0,0.40177074
11775,24,0,0.5296159
11776,6,1,0.4906731
11777,12,1,0.30977312
11778,17,0,0.44568124
11779,13,1,0.26027414
11780,9,1,0.57946134
11781,28,1,0.69851446
11782,15,0,0.42672518
11783,25,1,0.6652877
11784,8,0,0.42848834
11785,11,0,0.3078684
11786,14,0,0.7227039
11787,17,1,0.7728351
11788,25,1,0.48050246
11789,15,1,0.5617526
11790,13,0,0.3065965
11791,15,1,0.50600994
11792,11,1,0.60505897
11793,21,1,0.58128697
11794,13,1,0.61762214
11795,28,1,0.72325575
11796,0,0,0.29568392
11797,4,1,0.50367326
11798,11,1,0.7796809
11799,2,0,0.76905406
11800,13,1,0.7727232
11801,28,1,0.45284405
11802,24,1,0.8046234
11803,16,1,0.52400565
11804,11,1,0.3963839
11805,16,0,0.31771773
11806,16,1,0.70415854
11807,13,1,0.48417735
11808,11,0,0.45060137
11809,16,1,0.7422468
11810,8,1,0.46825078
11811,22,1,0.48846394
11812,1,0,0.39476442
11813,5,0,0.5005213
11814,16,0,0.49514243
11815,16,1,0.3937252
11816,2,0,0.56608593
11817,5,1,0.46992645
11818,20,0,0.26959983
11819,27,1,0.6938348
11820,11,1,0.5385338
11821,28,1,0.2821339
11822,22,0,0.3065394
11823,21,1,0.40481713
11824,1,0,0.4829044
11825,28,0,0.5650943
11826,1,0,0.38560927
11827,18,1,0.6165449
11828,0,0,0.4395396
11829,16,0,0.7222118
11830,15,1,0.5033042
11831,7,0,0.53160924
11832,10,0,0.61622316
11833,2,1,0.76776063
11834,8,0,0.4551339
11835,12,1,0.3639435
11836,25,1,0.7641993
11837,27,0,0.36084175
11838,9,1,0.7050054
11839,13,1,0.48859093
11840,25,0,0.30195206
11841,13,0,0.4001328
11842,21,0,0.28784513
11843,14,0,0.26624507
11844,11,1,0.7515101
11845,5,1,0.6580183
11846,20,0,0.51856244
11847,14,1,0.56441706
11848,28,0,0.6487739
11849,19,1,0.3149214
11850,14,0,0.41236973
11851,11,0,0.6797576
11852,2,1,0.49766102
11853,27,1,0.78732204
11854,16,1,0.4728367
11855,13,1,0.5406483
11856,27,0,0.58939457
11857,22,1,0.5832902
11858,13,1,0.3876536
11859,21,1,0.44057834
11860,15,1,0.7414817
11861,15,0,0.4508329
11862,2,1,0.4676389
11863,27,0,0.28017923
11864,13,0,0.55287963
11865,1,0,0.6873338
11866,1,1,0.53411925
11867,0,0,0.52439255
11868,21,0,0.27152854
11869,16,0,0.73966587
11870,11,0,0.40606514
11871,19,0,0.46678868
11872,13,0,0.31406173
11873,11,1,0.74968463
11874,15,0,0.28044638
11875,13,0,0.40136728
11876,16,0,0.45404562
11877,15,0,0.40044415
11878,3,1,0.46673745
11879,10,1,0.62797856
11880,20,0,0.34821004
11881,16,1,0.34125227
11882,2,0,0.47856265
11883,24,0,0.44965443
11884,16,1,0.5077816
11885,2,0,0.4822532
11886,12,0,0.3706334
11887,28,0,0.4115108
11888,22,1,0.7175743
11889,10,0,0.68826604
11890,28,1,0.670211
11891,19,1,0.56762505
11892,14,1,0.7084044
11893,13,1,0.41434845
11894,15,0,0.63256437
11895,12,1,0.4159023
11896,14,0,0.36668953
11897,21,0,0.2818313
11898,15,1,0.7862202
11899,0,1,0.72910064
11900,26,1,0.4425734
11901,22,1,0.51871413
11902,5,1,0.47513828
11903,23,0,0.36388952
11904,2,0,0.4868953
11905,0,1,0.3808008
11906,14,1,0.5302205
11907,3,1,0.52513397
11908,11,0,0.28584585
11909,0,0,0.280808
11910,15,1,0.50320774
11911,25,1,0.6461425
11912,8,0,0.3794291
11913,9,0,0.3308921
11914,2,0,0.6277451
11915,15,0,0.40218344
11916,11,0,0.2700577
11917,17,1,0.70645815
11918,7,1,0.6016319
11919,13,1,0.4338021
11920,10,0,0.2627216
11921,1,1,0.68056625
11922,28,1,0.6962998
11923,13,0,0.32179374
11924,16,0,0.31230986
11925,26,1,0.6114778
11926,10,0,0.3323944
11927,13,0,0.5652599
11928,8,1,0.3693073
11929,17,1,0.32333684
11930,0,1,0.618195
11931,21,0,0.6106232
11932,26,1,0.4885104
11933,1,0,0.2928126
11934,13,1,0.63948923
11935,21,1,0.74081635
11936,19,0,0.44958264
11937,15,1,0.3843201
11938,11,1,0.40499702
11939,10,1,0.41667178
11940,13,0,0.6196739
11941,5,0,0.4563193
11942,25,0,0.34086803
11943,3,1,0.6484516
11944,16,0,0.2960081
11945,7,0,0.24813381
11946,25,0,0.5102737
11947,10,0,0.26113582
11948,12,0,0.53515416
11949,12,1,0.3651401
11950,11,1,0.45100382
11951,2,1,0.45859465
11952,12,0,0.29535508
11953,8,1,0.76080465
11954,4,1,0.5688208
11955,17,1,0.55110157
11956,10,1,0.70247036
11957,12,0,0.45130658
11958,19,1,0.28623965
11959,17,1,0.76274586
11960,2,0,0.309046
11961,9,1,0.39781612
11962,27,0,0.57717806
11963,13,0,0.37789914
11964,8,0,0.5687995
11965,1,0,0.4557901
11966,28,0,0.43795428
11967,6,0,0.5601513
11968,2,1,0.5022009
11969,17,1,0.6843049
11970,25,0,0.5956588
11971,19,1,0.57942945
11972,16,0,0.5939065
11973,20,1,0.69920945
11974,17,0,0.60072106
11975,11,1,0.6885476
11976,16,0,0.39270908
11977,11,0,0.46125782
11978,15,1,0.49847
11979,2,1,0.7010839
11980,9,0,0.45734772
11981,2,0,0.39710248
11982,28,1,0.45099393
11983,24,0,0.32321548
11984,15,1,0.55026156
11985,24,0,0.5256501
11986,10,0,0.3940804
11987,12,1,0.55295557
11988,11,1,0.6596329
11989,1,0,0.5048319
11990,23,0,0.45850062
11991,12,1,0.6131463
11992,23,1,0.7889229
11993,1,1,0.66221154
11994,16,0,0.5273308
11995,1,0,0.3017542
11996,27,1,0.7210575
11997,11,1,0.41218802
11998,6,0,0.40486568
11999,15,0,0.47102898
12000,17,0,0.39148906
12001,11,0,0.570151
12002,6,0,0.3620903
12003,16,0,0.55295694
12004,25,1,0.55919003
12005,12,0,0.3523783
12006,8,0,0.5962356
12007,27,0,0.32668388
12008,8,0,0.26820874
12009,13,0,0.46485695
12010,7,1,0.62666065
12011,17,0,0.553639
12012,14,0,0.39332718
12013,12,0,0.59926856
12014,17,1,0.6716461
12015,7,1,0.6612897
12016,8,0,0.34453502
12017,11,0,0.46852735
12018,21,1,0.3857939
12019,10,0,0.31044507
12020,19,0,0.27936268
12021,8,0,0.4156293
12022,11,1,0.6400691
12023,14,1,0.5873682
12024,8,0,0.6843533
12025,16,0,0.44382036
12026,15,0,0.4329885
12027,20,0,0.25812832
12028,22,1,0.43838915
12029,19,0,0.48033127
12030,6,0,0.45572725
12031,16,0,0.36467332
12032,2,1,0.58552873
12033,12,1,0.47759503
12034,6,1,0.59519345
12035,13,1,0.4753082
12036,12,1,0.5620983
12037,9,1,0.6735083
12038,1,1,0.49853197
12039,16,1,0.61366993
12040,26,0,0.4618191
12041,1,0,0.43576977
12042,8,0,0.4103534
12043,20,1,0.55273795
12044,14,0,0.49974155
12045,15,1,0.44087073
12046,16,0,0.6282457
12047,7,0,0.4344638
12048,23,1,0.44600374
12049,26,0,0.4691424
12050,24,0,0.34158158
12051,1,0,0.5064911
12052,2,0,0.45358548
12053,11,0,0.57134104
12054,10,0,0.37069896
12055,25,1,0.30027875
12056,18,0,0.5128765
12057,11,1,0.5800022
12058,12,1,0.7301872
12059,12,1,0.3605296
12060,2,1,0.32599527
12061,28,0,0.5858915
12062,8,1,0.6745529
12063,11,1,0.582607
12064,2,0,0.2749997
12065,15,1,0.29022926
12066,13,1,0.39434442
12067,10,0,0.731315
12068,26,0,0.50443363
12069,0,0,0.48483542
12070,2,1,0.692738
12071,20,0,0.6553315
12072,10,0,0.27430215
12073,0,1,0.6878319
12074,14,1,0.5723792
12075,23,1,0.7023011
12076,25,1,0.42586783
12077,12,1,0.67994684
12078,8,1,0.38105863
12079,6,1,0.7358954
12080,28,0,0.61552787
12081,22,1,0.48941705
12082,14,0,0.3621198
12083,0,1,0.75689566
12084,28,1,0.67276496
12085,1,1,0.69174993
12086,26,1,0.620748
12087,2,0,0.32973582
12088,4,0,0.41405988
12089,28,1,0.6225916
12090,8,1,0.47084472
12091,6,1,0.40501556
12092,23,1,0.34263462
12093,21,0,0.38644138
12094,21,1,0.3031943
12095,16,0,0.30064616
12096,27,0,0.3245713
12097,18,1,0.48658338
12098,10,0,0.3463519
12099,18,0,0.33787376
12100,24,0,0.61561453
12101,13,0,0.30444276
12102,17,1,0.5855654
12103,28,0,0.71751964
12104,15,0,0.4689485
12105,24,0,0.26073417
12106,8,1,0.6427592
12107,25,1,0.41942024
12108,16,0,0.5459885
12109,7,0,0.25283977
12110,24,1,0.5400295
12111,13,0,0.35544527
12112,23,1,0.50396216
12113,23,0,0.67217445
12114,13,1,0.69495934
12115,9,1,0.5686822
12116,12,0,0.45968825
12117,6,1,0.64822525
12118,18,0,0.36915165
12119,6,0,0.52390265
12120,11,0,0.59973145
12121,8,0,0.3521324
12122,21,0,0.26736787
12123,13,1,0.5897174
12124,2,1,0.6523532
12125,16,0,0.51507795
12126,10,1,0.7050064
12127,20,0,0.3665938
12128,16,1,0.65405947
12129,25,0,0.47993526
12130,24,1,0.5541452
12131,4,0,0.36179098
12132,11,1,0.4610077
12133,8,0,0.5520488
12134,5,0,0.4368217
12135,9,0,0.34324938
12136,16,1,0.3722367
12137,12,0,0.3222533
12138,20,0,0.2794093
12139,8,1,0.6175375
12140,22,1,0.7685813
12141,19,1,0.5823812
12142,21,1,0.5448567
12143,15,0,0.22872365
12144,1,0,0.6355583
12145,15,0,0.33842543
12146,25,0,0.7172254
12147,6,1,0.6651329
12148,11,1,0.61216575
12149,25,1,0.52954626
12150,11,1,0.7383154
12151,28,1,0.42724553
12152,1,1,0.7154209
12153,13,0,0.26274508
12154,13,1,0.4458293
12155,23,1,0.64923847
12156,9,1,0.76204365
12157,3,1,0.3998047
12158,26,0,0.5460296
12159,20,1,0.7568723
12160,5,1,0.74600285
12161,8,1,0.33786073
12162,6,0,0.38673496
12163,13,0,0.30524707
12164,6,0,0.43615213
12165,14,1,0.48379475
12166,12,0,0.29359263
12167,24,1,0.46011654
12168,23,1,0.54265004
12169,0,1,0.66261446
12170,8,1,0.60564196
12171,26,0,0.68080664
12172,5,0,0.25863713
12173,3,1,0.52136326
12174,27,1,0.62317264
12175,21,0,0.46639135
12176,2,1,0.72439367
12177,10,0,0.36875102
12178,3,1,0.31945935
12179,28,0,0.34366667
12180,7,0,0.40823767
12181,1,0,0.58352256
12182,2,1,0.6950511
12183,17,0,0.6707852
12184,8,1,0.49984592
12185,11,0,0.70979923
12186,20,1,0.41812122
12187,16,1,0.736785
12188,4,1,0.67644465
12189,20,1,0.6851226
12190,18,0,0.28427795
12191,16,0,0.38252455
12192,13,1,0.6843436
12193,2,0,0.35601646
12194,16,1,0.6519356
12195,25,1,0.4034555
12196,2,1,0.53223133
12197,10,0,0.32357034
12198,1,1,0.74788105
12199,16,1,0.6868075
12200,27,0,0.7310686
12201,15,0,0.3408243
12202,17,0,0.44950604
12203,5,1,0.33660525
12204,8,0,0.45364797
12205,10,1,0.7110711
12206,2,1,0.648228
12207,7,0,0.3206752
12208,23,1,0.74854106
12209,16,1,0.58843565
12210,7,0,0.5138124
12211,11,1,0.66789746
12212,18,0,0.66240454
12213,12,1,0.6698904
12214,8,0,0.44508037
12215,7,0,0.28828624
12216,18,1,0.76266396
12217,0,1,0.79637635
12218,26,0,0.41972876
12219,8,1,0.34157968
12220,14,0,0.5129941
12221,13,1,0.6356273
12222,2,0,0.46949363
12223,25,1,0.4818001
12224,13,0,0.46068615
12225,9,1,0.6337687
12226,26,1,0.5658002
12227,0,0,0.28715312
12228,18,1,0.49586958
12229,11,1,0.5901246
12230,8,0,0.3656699
12231,10,1,0.31574562
12232,17,0,0.51108783
12233,1,1,0.61988944
12234,9,1,0.5315338
12235,23,0,0.3994682
12236,12,1,0.42858008
12237,12,0,0.40421483
12238,27,0,0.54954314
12239,15,1,0.7109106
12240,10,1,0.7225806
12241,4,1,0.39961153
12242,13,0,0.27673262
12243,16,0,0.33585963
12244,21,0,0.39435098
12245,27,0,0.49147943
12246,26,0,0.40374017
12247,1,1,0.62718093
12248,18,1,0.61227626
12249,13,1,0.70127124
12250,13,0,0.67045176
12251,16,1,0.7086522
12252,24,0,0.293374
12253,15,1,0.68452376
12254,15,1,0.46691075
12255,1,0,0.29640907
12256,19,1,0.46727112
12257,13,0,0.42937884
12258,7,0,0.39096057
12259,6,1,0.5227305
12260,27,1,0.70251316
12261,22,1,0.67698586
12262,6,1,0.61317796
12263,28,0,0.7961215
12264,10,0,0.3240926
12265,10,0,0.37427604
12266,13,0,0.7107362
12267,23,1,0.7523797
12268,24,1,0.45240143
12269,24,0,0.3972123
12270,19,0,0.39284635
12271,7,1,0.59638983
12272,13,0,0.346436
12273,23,0,0.56206447
12274,25,0,0.6190057
12275,13,0,0.271628
12276,25,0,0.3672929
12277,25,0,0.2556703
12278,9,1,0.4559085
12279,14,1,0.6894628
12280,4,0,0.346643
12281,22,0,0.47306874
12282,5,0,0.48982674
12283,15,1,0.48045015
12284,24,1,0.64539796
12285,1,1,0.6817396
12286,0,1,0.69533104
12287,9,1,0.74663556
12288,26,1,0.3971464
12289,17,0,0.27519304
12290,10,1,0.62425226
12291,17,1,0.6380585
12292,13,1,0.5817775
12293,16,0,0.47941422
12294,1,1,0.4647742
12295,11,1,0.46697438
12296,26,1,0.6215228
12297,26,1,0.6660383
12298,1,0,0.36448503
12299,2,0,0.4423688
12300,16,0,0.4914831
12301,24,0,0.41875386
12302,12,0,0.25393054
12303,13,0,0.38075638
12304,27,1,0.6825238
12305,16,0,0.25809327
12306,15,0,0.42563877
12307,10,0,0.29221964
12308,0,0,0.2342978
12309,12,1,0.6058568
12310,10,1,0.71616644
12311,17,1,0.6511031
12312,1,1,0.64435506
12313,13,0,0.28561094
12314,8,1,0.34400395
12315,17,0,0.48333615
12316,6,1,0.70473343
12317,16,0,0.29466838
12318,15,1,0.82552123
12319,8,0,0.6453544
12320,9,1,0.655337
12321,19,1,0.66305256
12322,3,0,0.5232186
12323,27,0,0.675106
12324,10,1,0.7821655
12325,19,1,0.5807247
12326,27,0,0.4606924
12327,19,1,0.6557774
12328,13,1,0.64398044
12329,16,0,0.2725431
12330,7,0,0.5312135
12331,25,0,0.44791955
12332,27,1,0.7511272
12333,20,0,0.45764264
12334,20,0,0.34867766
12335,16,0,0.38859883
12336,10,0,0.3440815
12337,25,0,0.5245011
12338,18,1,0.29064372
12339,10,1,0.80494946
12340,1,0,0.50441957
12341,26,0,0.2767837
12342,2,1,0.79828256
12343,27,0,0.23612753
12344,13,0,0.5508777
12345,27,0,0.4060338
12346,8,0,0.38310745
12347,28,0,0.38068968
12348,6,1,0.5988883
12349,27,1,0.47828847
12350,4,1,0.62318784
12351,25,0,0.4000441
12352,26,0,0.4270587
12353,1,1,0.6297226
12354,16,0,0.35378823
12355,8,1,0.66560596
12356,14,0,0.3396033
12357,19,1,0.47384372
12358,11,0,0.48302943
12359,8,0,0.75281614
12360,27,1,0.30006585
12361,11,0,0.46987048
12362,9,1,0.65802366
12363,7,0,0.29974362
12364,13,0,0.49875385
12365,16,0,0.5392882
12366,22,1,0.5998046
12367,15,1,0.49881935
12368,13,1,0.6953057
12369,21,0,0.44903865
12370,3,1,0.6569064
12371,26,0,0.34061816
12372,17,0,0.45040628
12373,22,1,0.7454998
12374,0,0,0.31088653
12375,3,0,0.43795776
12376,2,0,0.52603555
12377,2,0,0.41663602
12378,17,1,0.506606
12379,1,0,0.390819
12380,21,0,0.46550238
12381,12,0,0.49417368
12382,10,0,0.5324322
12383,11,0,0.30460992
12384,24,1,0.5113044
12385,2,1,0.60104996
12386,8,0,0.25723162
12387,20,1,0.4688856
12388,10,0,0.34415424
12389,25,1,0.7448363
12390,9,0,0.487919
12391,5,0,0.3135908
12392,14,1,0.72533673
12393,2,0,0.65478206
12394,13,0,0.5628431
12395,14,0,0.27254677
12396,27,1,0.7157231
12397,22,1,0.6550007
12398,14,0,0.6214029
12399,27,1,0.5464832
12400,1,1,0.7321664
12401,2,1,0.6064521
12402,13,1,0.67440623
12403,28,0,0.38854316
12404,18,0,0.2993531
12405,3,0,0.4708845
12406,24,1,0.6059863
12407,15,1,0.6566904
12408,12,0,0.36136398
12409,27,1,0.593358
12410,13,1,0.5945316
12411,12,0,0.55664015
12412,27,0,0.41153064
12413,8,1,0.5796788
12414,20,0,0.35039458
12415,7,0,0.7518546
12416,6,0,0.59469306
12417,14,1,0.4359936
12418,26,0,0.3102268
12419,16,0,0.37003636
12420,22,1,0.5597277
12421,12,1,0.39789855
12422,24,1,0.53734833
12423,12,0,0.36287642
12424,2,0,0.40094087
12425,26,1,0.3329111
12426,12,1,0.57299346
12427,13,0,0.38786477
12428,13,0,0.4188188
12429,11,0,0.2978655
12430,17,0,0.65074956
12431,20,0,0.52704424
12432,9,0,0.5580094
12433,16,1,0.4866202
12434,0,1,0.5313385
12435,16,0,0.40507326
12436,10,0,0.45837826
12437,12,0,0.7023186
12438,22,1,0.42585233
12439,25,0,0.44738504
12440,8,0,0.41473675
12441,23,0,0.64873177
12442,23,1,0.28469652
12443,19,0,0.46321726
12444,16,0,0.61196417
12445,3,0,0.46014574
12446,20,1,0.662344
12447,15,0,0.35375586
12448,25,0,0.58700436
12449,19,0,0.39353716
12450,13,1,0.63161117
12451,4,1,0.69272864
12452,2,0,0.3669843
12453,28,0,0.34028396
12454,23,0,0.5718687
12455,2,1,0.2896541
12456,11,0,0.45377263
12457,2,0,0.3470327
12458,13,1,0.708046
12459,24,0,0.27383268
12460,26,0,0.26840535
12461,15,0,0.6499669
12462,7,1,0.49601257
12463,20,0,0.57245773
12464,20,1,0.72027314
12465,13,1,0.6657453
12466,2,0,0.48890293
12467,21,0,0.43370497
12468,14,1,0.6638689
12469,8,0,0.29970807
12470,17,1,0.29564705
12471,0,0,0.35579303
12472,17,0,0.7137681
12473,13,1,0.2924025
12474,14,1,0.6065821
12475,3,0,0.6492462
12476,12,0,0.46533617
12477,16,1,0.48128727
12478,22,1,0.705705
12479,1,1,0.48521098
12480,8,1,0.29634714
12481,14,0,0.47392306
12482,25,1,0.62924254
12483,24,0,0.37304953
12484,16,1,0.49856752
12485,26,1,0.7068666
12486,6,1,0.7107155
12487,25,1,0.52648944
12488,23,0,0.32548034
12489,25,0,0.5086952
12490,22,0,0.46916047
12491,13,1,0.56900567
12492,19,1,0.39972976
12493,16,1,0.5438572
12494,2,1,0.7110143
12495,14,0,0.3249612
12496,15,1,0.69933546
12497,25,1,0.64789635
12498,9,1,0.527448
12499,3,0,0.3744618
12500,27,0,0.4330907
12501,13,0,0.2911844
12502,3,0,0.29429027
12503,13,1,0.3627423
12504,1,0,0.33878773
12505,10,0,0.43809715
12506,24,0,0.42135456
12507,10,1,0.49614608
12508,9,0,0.27420932
12509,22,1,0.71515256
12510,6,0,0.41307065
12511,13,1,0.44630748
12512,15,1,0.46921232
12513,16,0,0.5231223
12514,11,1,0.74360895
12515,11,0,0.49334276
12516,13,0,0.30136827
12517,14,0,0.46452346
12518,14,0,0.5865307
12519,11,1,0.76385945
12520,27,1,0.73993075
12521,16,0,0.33531228
12522,24,1,0.6014606
12523,12,1,0.56751394
12524,21,0,0.3114312
12525,13,1,0.32552403
12526,21,0,0.38231927
12527,15,0,0.46910423
12528,4,0,0.58039266
12529,13,1,0.5334231
12530,18,1,0.5816642
12531,15,1,0.55638736
12532,6,1,0.6153472
12533,5,0,0.5071744
12534,21,0,0.33916315
12535,13,0,0.4443572
12536,3,0,0.28893724
12537,20,0,0.50148576
12538,13,1,0.5441085
12539,1,0,0.40817282
12540,6,0,0.5023162
12541,13,0,0.3927894
12542,9,0,0.38453504
12543,25,1,0.7838725
12544,26,0,0.32648858
12545,9,1,0.30303818
12546,24,1,0.5843866
12547,20,1,0.55268884
12548,19,1,0.53789955
12549,3,1,0.60189706
12550,7,0,0.576708
12551,13,1,0.5759924
12552,1,1,0.62076545
12553,17,1,0.47456422
12554,20,0,0.37838635
12555,5,1,0.6934869
12556,16,1,0.75095814
12557,9,1,0.5851787
12558,16,1,0.4906959
12559,13,0,0.4518245
12560,5,1,0.631719
12561,13,1,0.5538213
12562,16,1,0.38948947
12563,18,1,0.46695077
12564,15,0,0.2994401
12565,10,0,0.30074844
12566,16,0,0.31395644
12567,19,1,0.6484619
12568,10,1,0.42301926
12569,13,0,0.63650465
12570,18,1,0.7461332
12571,10,1,0.65861
12572,21,0,0.5310204
12573,10,1,0.67995495
12574,5,1,0.52674484
12575,11,0,0.4055498
12576,22,1,0.40705362
12577,11,0,0.33336288
12578,16,0,0.51608634
12579,25,0,0.33768165
12580,9,1,0.384836
12581,11,1,0.27685362
12582,8,1,0.49090064
12583,4,0,0.6031233
12584,5,1,0.58146375
12585,18,0,0.37225518
12586,23,1,0.5126683
12587,22,1,0.59180415
12588,7,0,0.45896685
12589,10,1,0.5491408
12590,16,1,0.6848364
12591,25,0,0.6331419
12592,10,0,0.61299837
12593,7,1,0.77729803
12594,28,1,0.4625573
12595,16,1,0.6416846
12596,10,0,0.2658779
12597,26,1,0.5104713
12598,13,1,0.7046716
12599,6,0,0.29420707
12600,1,0,0.4371882
12601,6,1,0.51809704
12602,9,0,0.56615376
12603,20,0,0.36572844
12604,25,0,0.582014
12605,10,0,0.5305867
12606,2,0,0.38310647
12607,25,1,0.78229016
12608,12,0,0.27557647
12609,8,0,0.35776326
12610,17,1,0.43055773
12611,16,0,0.61703175
12612,21,0,0.34869137
12613,25,0,0.30881143
12614,21,0,0.29880342
12615,2,0,0.49793777
12616,28,1,0.3280017
12617,27,0,0.29917392
12618,15,0,0.39502585
12619,5,0,0.50091547
12620,2,1,0.71716535
12621,13,1,0.5025776
12622,14,0,0.37341607
12623,1,1,0.66040754
12624,15,1,0.8228615
12625,12,1,0.5718439
12626,7,0,0.3710037
12627,28,1,0.5004707
12628,17,1,0.62837243
12629,2,0,0.29479167
12630,1,0,0.3733963
12631,8,0,0.7174445
12632,10,1,0.6948747
12633,20,1,0.6607751
12634,1,0,0.2987221
12635,0,0,0.61254585
12636,8,1,0.5526837
12637,2,1,0.4269316
12638,10,0,0.4584006
12639,1,1,0.6487699
12640,27,1,0.42026514
12641,12,0,0.38256297
12642,9,1,0.603435
12643,20,1,0.7268311
12644,21,1,0.32348037
12645,3,1,0.4267681
12646,8,1,0.6228335
12647,28,1,0.7089155
12648,19,0,0.6571602
12649,13,0,0.59552866
12650,21,0,0.36255413
12651,22,1,0.38555428
12652,10,0,0.42741433
12653,22,1,0.38194558
12654,14,1,0.7255411
12655,16,0,0.682543
12656,28,0,0.3200727
12657,4,1,0.57547635
12658,17,1,0.5571841
12659,13,1,0.57942444
12660,14,1,0.4474874
12661,11,1,0.57875997
12662,21,1,0.56853336
12663,2,1,0.46015096
12664,10,0,0.3267107
12665,1,0,0.71289235
12666,13,1,0.28574324
12667,20,1,0.44655967
12668,16,0,0.49914566
12669,23,0,0.51498514
12670,12,0,0.4504794
12671,22,0,0.69415367
12672,2,1,0.6017363
12673,8,1,0.72877014
12674,16,1,0.4591856
12675,14,0,0.43506742
12676,28,0,0.36799312
12677,4,0,0.25231388
12678,26,0,0.35543323
12679,7,1,0.4517122
12680,27,1,0.668416
12681,10,1,0.6249299
12682,8,0,0.72028965
12683,20,0,0.39344516
12684,13,0,0.49266744
12685,25,1,0.5208529
12686,13,1,0.5747418
12687,17,0,0.33669046
12688,22,0,0.79101723
12689,14,0,0.4180968
12690,18,0,0.6143626
12691,26,1,0.39016148
12692,10,1,0.27040306
12693,22,0,0.58804697
12694,25,1,0.67190963
12695,13,1,0.65289074
12696,1,0,0.691801
12697,26,1,0.55227524
12698,8,0,0.45791626
12699,17,0,0.683628
12700,15,0,0.2469632
12701,11,0,0.31919983
12702,14,1,0.551881
12703,26,0,0.34051144
12704,13,0,0.33025643
12705,6,1,0.3258521
12706,7,0,0.39510533
12707,27,0,0.35524073
12708,10,1,0.67682225
12709,0,1,0.4646721
12710,5,1,0.71583104
12711,8,1,0.6825482
12712,25,1,0.45557737
12713,1,1,0.6270808
12714,21,0,0.29453108
12715,11,1,0.33875772
12716,7,1,0.32961285
12717,10,1,0.6882926
12718,25,1,0.53281283
12719,14,0,0.35680664
12720,7,0,0.31562936
12721,22,1,0.62658393
12722,14,1,0.5214541
12723,9,1,0.5000631
12724,16,1,0.73501223
12725,11,0,0.3881281
12726,20,1,0.75440425
12727,1,1,0.36205146
12728,16,1,0.3054466
12729,28,1,0.48208252
12730,5,0,0.4169301
12731,2,0,0.53453463
12732,20,1,0.56781054
12733,3,0,0.5546316
12734,26,1,0.28124067
12735,16,0,0.32818002
12736,15,0,0.2670289
12737,22,1,0.35878608
12738,24,1,0.64635473
12739,15,0,0.29443535
12740,15,1,0.37661588
12741,25,1,0.5426286
12742,9,0,0.4357683
12743,8,0,0.60468113
12744,20,1,0.45444858
12745,0,1,0.26753026
12746,20,1,0.34911087
12747,26,0,0.46602088
12748,3,1,0.36429906
12749,7,0,0.48429748
12750,6,0,0.285058
12751,8,0,0.6275323
12752,10,0,0.39465708
12753,19,1,0.41685912
12754,10,0,0.2413049
12755,26,1,0.6582978
12756,12,0,0.3826794
12757,22,0,0.60886174
12758,2,0,0.29991415
12759,9,1,0.40720344
12760,1,0,0.537014
12761,23,0,0.5140529
12762,18,1,0.49736726
12763,18,0,0.54085404
12764,16,1,0.37999883
12765,20,1,0.39126518
12766,2,1,0.4954915
12767,18,0,0.38883764
12768,25,1,0.55344397
12769,10,0,0.75004613
12770,5,0,0.6759234
12771,16,0,0.4400891
12772,12,0,0.3071382
12773,2,0,0.27359685
12774,15,0,0.47651255
12775,20,1,0.65925187
12776,10,1,0.7182809
12777,8,1,0.5325976
12778,28,0,0.514749
12779,1,1,0.5562672
12780,22,0,0.3595711
12781,14,0,0.45055002
12782,12,0,0.4894443
12783,7,1,0.60738987
12784,4,1,0.60967404
12785,14,1,0.69402814
12786,13,0,0.28240418
12787,13,0,0.3818215
12788,8,1,0.535294
12789,12,1,0.40327504
12790,9,0,0.34625712
12791,10,0,0.27846482
12792,18,1,0.30429402
12793,17,1,0.63569325
12794,8,0,0.29537442
12795,17,1,0.4640096
12796,27,1,0.44680017
12797,15,0,0.35349688
12798,18,1,0.61701703
12799,7,1,0.63863176
12800,13,0,0.40579456
12801,18,0,0.3273919
12802,2,0,0.51981944
12803,21,1,0.54610646
12804,14,0,0.45263156
12805,27,0,0.36506087
12806,8,0,0.63322616
12807,3,0,0.620131
12808,9,1,0.6271024
12809,27,0,0.4923872
12810,27,0,0.28746226
12811,22,0,0.33510476
12812,24,1,0.4159915
12813,27,0,0.69516134
12814,27,0,0.5282786
12815,21,0,0.40832263
12816,27,1,0.4093403
12817,8,1,0.5224229
12818,10,0,0.25780287
12819,7,0,0.39058915
12820,10,0,0.40219375
12821,25,1,0.5524463
12822,21,1,0.38244778
12823,28,1,0.616127
12824,1,0,0.49897772
12825,13,1,0.69373184
12826,10,0,0.30590224
12827,11,0,0.40448958
12828,27,1,0.5004602
12829,15,0,0.62257624
12830,25,0,0.43414366
12831,3,0,0.3837143
12832,25,1,0.2812904
12833,26,0,0.29396403
12834,28,0,0.36911756
12835,18,0,0.4734298
12836,19,0,0.3309351
12837,8,0,0.31043807
12838,16,1,0.65796846
12839,4,1,0.38280514
12840,20,0,0.68450624
12841,10,0,0.26636177
12842,21,1,0.72525823
12843,12,1,0.68788564
12844,9,1,0.34930193
12845,20,0,0.26303828
12846,15,0,0.74107
12847,21,1,0.628845
12848,17,1,0.25641158
12849,12,1,0.44838428
12850,13,0,0.31564522
12851,20,1,0.65022147
12852,26,0,0.36238518
12853,2,1,0.54048735
12854,23,1,0.40136456
12855,8,1,0.60561466
12856,14,1,0.64512557
12857,4,1,0.5266205
12858,7,1,0.44511202
12859,12,1,0.5815245
12860,8,1,0.58099157
12861,12,0,0.38931602
12862,20,1,0.43178228
12863,27,0,0.3094505
12864,19,0,0.42336977
12865,21,1,0.7526772
12866,19,0,0.2563882
12867,1,1,0.42513004
12868,28,0,0.45283803
12869,26,1,0.41672143
12870,6,0,0.4468465
12871,16,1,0.60349834
12872,1,0,0.290467
12873,6,1,0.3624468
12874,16,0,0.32624865
12875,10,0,0.4169639
12876,21,0,0.41182983
12877,14,1,0.74902225
12878,10,1,0.49530533
12879,16,1,0.5085687
12880,4,0,0.3117042
12881,9,1,0.54345506
12882,7,1,0.71984905
12883,28,0,0.4827485
12884,2,1,0.32136524
12885,2,1,0.7035947
12886,28,1,0.6640872
12887,7,0,0.31230286
12888,20,0,0.5857448
12889,27,1,0.6715529
12890,16,1,0.6807366
12891,21,0,0.39072782
12892,15,1,0.45192575
12893,28,1,0.63668627
12894,10,0,0.33047643
12895,19,0,0.43532676
12896,6,0,0.26800883
12897,22,1,0.7186954
12898,10,1,0.6975497
12899,23,1,0.68200326
12900,16,0,0.4511219
12901,20,0,0.4758415
12902,3,0,0.38685018
12903,16,1,0.3834923
12904,5,0,0.4598204
12905,16,1,0.33092824
12906,15,0,0.53730756
12907,16,1,0.6287069
12908,18,1,0.68269145
12909,15,1,0.5877125
12910,8,0,0.2702414
12911,11,0,0.39269957
12912,2,1,0.47372678
12913,25,1,0.67307234
12914,15,0,0.28357306
12915,3,0,0.4347836
12916,18,1,0.614498
12917,1,0,0.27461198
12918,22,1,0.7326691
12919,20,0,0.27736142
12920,16,1,0.7848882
12921,13,0,0.34076604
12922,10,0,0.39920488
12923,15,1,0.6637621
12924,18,0,0.35180783
12925,21,0,0.27635247
12926,5,0,0.35138202
12927,20,0,0.3137635
12928,22,1,0.6549174
12929,26,1,0.36228338
12930,25,0,0.3903211
12931,17,0,0.29609773
12932,19,0,0.39524445
12933,11,1,0.64780426
12934,21,0,0.26148325
12935,12,0,0.3005503
12936,14,1,0.7267067
12937,28,0,0.5999469
12938,12,1,0.54771036
12939,22,1,0.3415454
12940,16,0,0.540528
12941,28,0,0.28113684
12942,15,1,0.53743345
12943,6,1,0.5242446
12944,26,1,0.45859036
12945,26,1,0.8167693
12946,15,1,0.47336268
12947,5,1,0.5241708
12948,3,1,0.6235307
12949,13,0,0.59144896
12950,15,1,0.44364688
12951,1,1,0.62152094
12952,10,0,0.59626985
12953,20,0,0.54366654
12954,8,1,0.53767115
12955,14,0,0.7221814
12956,6,1,0.55064374
12957,25,1,0.62858754
12958,12,0,0.39495102
12959,17,0,0.45390308
12960,7,1,0.6465699
12961,2,0,0.39460903
12962,13,1,0.3609756
12963,2,0,0.38946787
12964,10,1,0.3944956
12965,11,0,0.47391093
12966,16,1,0.7205812
12967,24,0,0.29449335
12968,17,1,0.6186202
12969,26,1,0.73224455
12970,16,0,0.37085068
12971,3,1,0.31581578
12972,25,0,0.4388414
12973,10,1,0.52363205
12974,3,0,0.4052817
12975,25,1,0.6246104
12976,6,1,0.54071575
12977,19,0,0.48447
12978,5,1,0.500852
12979,9,1,0.2820146
12980,22,1,0.61961645
12981,12,1,0.6842873
12982,16,0,0.64761853
12983,17,1,0.746894
12984,14,1,0.48288107
12985,1,1,0.51547563
12986,13,0,0.47136983
12987,10,0,0.4069139
12988,13,1,0.44134152
12989,9,1,0.46304923
12990,2,1,0.4319786
12991,0,0,0.69385254
12992,14,0,0.49342993
12993,8,1,0.5655019
12994,7,1,0.6844589
12995,13,1,0.33435604
12996,24,0,0.29770705
12997,27,1,0.2902317
12998,27,1,0.41615385
12999,25,1,0.42591307
13000,1,1,0.46300673
13001,20,1,0.31515023
13002,2,1,0.55840194
13003,6,1,0.73373264
13004,27,0,0.31946346
13005,13,0,0.46745446
13006,7,0,0.2826854
13007,8,1,0.77762914
13008,9,1,0.36187303
13009,17,1,0.43720505
13010,12,0,0.59007674
13011,6,1,0.6694241
13012,27,0,0.35755494
13013,7,1,0.5876873
13014,12,1,0.6748068
13015,6,1,0.272915
13016,25,0,0.31115636
13017,16,1,0.51973116
13018,19,1,0.59411156
13019,4,1,0.6641753
13020,13,0,0.47321647
13021,1,0,0.27451602
13022,8,0,0.23304926
13023,25,1,0.8145584
13024,21,1,0.40366673
13025,25,0,0.37938234
13026,28,0,0.37140214
13027,12,0,0.50019455
13028,13,0,0.29191136
13029,12,1,0.7507579
13030,10,1,0.47104707
13031,2,0,0.59294873
13032,28,0,0.4626161
13033,1,1,0.52973646
13034,5,1,0.46211994
13035,17,1,0.7214559
13036,13,0,0.29737672
13037,2,1,0.5489554
13038,27,0,0.5702497
13039,20,1,0.30173734
13040,11,0,0.5147014
13041,17,0,0.40197513
13042,28,0,0.346701
13043,18,0,0.4152907
13044,3,1,0.49251506
13045,28,1,0.5156157
13046,22,1,0.58831507
13047,22,0,0.6383869
13048,16,1,0.635586
13049,28,0,0.29185942
13050,15,1,0.32732075
13051,11,0,0.53401095
13052,18,1,0.3886201
13053,27,0,0.4020848
13054,7,1,0.4741894
13055,14,0,0.6385101
13056,19,0,0.25311136
13057,10,0,0.33251616
13058,17,0,0.33980665
13059,22,1,0.46925554
13060,25,0,0.35010818
13061,12,1,0.7031768
13062,2,1,0.46092418
13063,17,1,0.3923951
13064,2,1,0.75722647
13065,16,1,0.5391914
13066,10,1,0.43179423
13067,10,0,0.42787862
13068,13,0,0.5657062
13069,27,1,0.61470705
13070,16,1,0.7100698
13071,1,1,0.5200679
13072,15,0,0.64763355
13073,9,1,0.42415115
13074,1,1,0.73061866
13075,8,1,0.7026922
13076,12,1,0.38538378
13077,8,0,0.30366075
13078,19,1,0.62312275
13079,15,0,0.35231966
13080,22,0,0.3717523
13081,25,0,0.64846915
13082,2,1,0.57519925
13083,8,1,0.75499797
13084,19,1,0.40721714
13085,13,0,0.538544
13086,11,1,0.36109704
13087,27,1,0.7408803
13088,2,0,0.3264991
13089,13,0,0.32418874
13090,24,1,0.37806016
13091,7,1,0.5600624
13092,20,1,0.67818177
13093,25,0,0.4542091
13094,2,0,0.3329689
13095,10,1,0.7403003
13096,16,0,0.25817442
13097,1,0,0.38284042
13098,8,0,0.51851904
13099,22,1,0.6479318
13100,1,0,0.2678564
13101,18,0,0.34693506
13102,8,0,0.59545463
13103,16,0,0.5957571
13104,7,1,0.5492223
13105,25,0,0.3489142
13106,17,1,0.5599469
13107,20,0,0.5309218
13108,26,0,0.43281752
13109,10,1,0.33273393
13110,14,1,0.8246396
13111,16,0,0.47082806
13112,25,1,0.7978332
13113,23,1,0.72409856
13114,6,1,0.5784521
13115,13,0,0.32802865
13116,1,1,0.5910065
13117,16,0,0.58405584
13118,0,0,0.5331724
13119,27,0,0.3337534
13120,27,0,0.5550452
13121,25,1,0.3575613
13122,23,0,0.3509991
13123,8,1,0.6506074
13124,17,0,0.3482144
13125,7,1,0.30218866
13126,24,1,0.42960492
13127,2,0,0.39430445
13128,13,1,0.6832219
13129,19,1,0.6366688
13130,22,0,0.45178342
13131,19,0,0.5136017
13132,16,1,0.48595253
13133,15,0,0.4059391
13134,9,0,0.3188619
13135,11,1,0.5147226
13136,12,0,0.47637367
13137,16,1,0.50862765
13138,12,0,0.5630469
13139,13,1,0.5937062
13140,26,0,0.33360022
13141,11,1,0.624364
13142,11,1,0.424665
13143,17,0,0.66740876
13144,15,1,0.6144173
13145,8,0,0.39058805
13146,4,0,0.3128165
13147,16,1,0.5168524
13148,18,0,0.3370012
13149,6,1,0.43386945
13150,8,1,0.30067313
13151,26,1,0.60805166
13152,2,1,0.3534119
13153,27,0,0.53444266
13154,13,0,0.4205575
13155,27,1,0.78862745
13156,4,1,0.6660624
13157,25,0,0.44485524
13158,6,0,0.3121941
13159,27,0,0.4261249
13160,14,0,0.66424155
13161,1,0,0.31827953
13162,16,0,0.29519814
13163,9,0,0.28511778
13164,5,1,0.74723995
13165,16,0,0.57623583
13166,21,1,0.6924849
13167,9,1,0.32351777
13168,3,1,0.7679434
13169,8,1,0.5406113
13170,16,1,0.54218185
13171,0,0,0.39643824
13172,16,0,0.54025537
13173,20,0,0.24626559
13174,27,0,0.28362432
13175,0,0,0.31748152
13176,10,1,0.65717995
13177,9,1,0.42030886
13178,25,1,0.6773562
13179,1,1,0.6248618
13180,8,1,0.51003903
13181,15,1,0.49220508
13182,6,1,0.3537019
13183,8,0,0.4021206
13184,15,0,0.63989043
13185,3,1,0.39122117
13186,21,0,0.5585452
13187,11,1,0.7338037
13188,10,0,0.30454078
13189,22,1,0.61823875
13190,25,0,0.67057073
13191,8,0,0.605867
13192,13,0,0.27951562
13193,17,0,0.7959461
13194,7,1,0.62586856
13195,8,1,0.5216018
13196,8,1,0.49668863
13197,1,1,0.699389
13198,17,0,0.30427325
13199,7,0,0.68644315
13200,1,0,0.25653115
13201,9,1,0.6736391
13202,9,1,0.41679034
13203,5,0,0.41248247
13204,16,1,0.5043199
13205,11,0,0.29619575
13206,19,1,0.54452974
13207,3,0,0.6286876
13208,16,0,0.35457644
13209,15,1,0.6956237
13210,12,0,0.41023454
13211,17,1,0.49572477
13212,16,1,0.6860155
13213,7,1,0.4884369
13214,23,0,0.30814728
13215,8,1,0.47539365
13216,25,0,0.3607944
13217,10,0,0.6145857
13218,28,1,0.73980886
13219,10,0,0.55917543
13220,11,1,0.7265247
13221,26,1,0.51884574
13222,16,0,0.70733154
13223,16,0,0.47727942
13224,12,1,0.39977652
13225,18,0,0.53682935
13226,10,1,0.40360183
13227,8,1,0.6976846
13228,20,1,0.6287396
13229,25,1,0.5620616
13230,8,0,0.4618752
13231,1,1,0.76635814
13232,3,1,0.6423526
13233,2,1,0.782157
13234,8,0,0.6534926
13235,12,1,0.41426343
13236,16,0,0.39541683
13237,19,0,0.56755453
13238,16,1,0.67455125
13239,16,1,0.69769037
13240,15,1,0.6237114
13241,1,0,0.35768917
13242,20,0,0.2501812
13243,25,0,0.50911987
13244,10,0,0.48213527
13245,13,0,0.6694548
13246,19,0,0.56985444
13247,10,0,0.443472
13248,16,1,0.458787
13249,20,0,0.6585999
13250,12,0,0.32600707
13251,7,0,0.33360842
13252,26,0,0.43547866
13253,15,1,0.6189003
13254,3,0,0.4063707
13255,13,0,0.39871
13256,16,0,0.26884985
13257,10,1,0.46142715
13258,9,1,0.7149209
13259,25,1,0.7247866
13260,2,0,0.52104616
13261,12,1,0.56660634
13262,11,1,0.647746
13263,8,0,0.2832489
13264,2,1,0.76308995
13265,16,1,0.50088
13266,1,1,0.746699
13267,6,1,0.49649638
13268,10,0,0.27496627
13269,12,0,0.7284445
13270,16,0,0.29509488
13271,19,1,0.3934983
13272,1,0,0.46014953
13273,5,1,0.59921545
13274,13,0,0.3502807
13275,14,1,0.39686862
13276,2,0,0.5981967
13277,22,1,0.3281132
13278,21,0,0.24979524
13279,6,1,0.5858908
13280,10,0,0.7102744
13281,10,1,0.6829566
13282,15,1,0.56011486
13283,22,1,0.3695594
13284,20,1,0.26531276
13285,14,0,0.36088598
13286,28,0,0.668596
13287,26,0,0.33432096
13288,16,0,0.4302262
13289,24,0,0.40988797
13290,25,0,0.45501092
13291,26,0,0.7046275
13292,27,0,0.5114809
13293,16,0,0.45377538
13294,1,1,0.73697597
13295,13,1,0.65806514
13296,16,0,0.28697318
13297,18,0,0.50673914
13298,25,0,0.614442
13299,20,0,0.46030357
13300,12,0,0.76683784
13301,9,1,0.37904102
13302,6,1,0.47954392
13303,10,0,0.36107746
13304,24,0,0.32997218
13305,10,0,0.5279656
13306,16,0,0.2994811
13307,26,1,0.7562633
13308,22,0,0.2860054
13309,17,0,0.4390292
13310,18,0,0.5822457
13311,26,1,0.5315635
13312,12,0,0.278161
13313,23,1,0.6678077
13314,22,0,0.3811723
13315,8,0,0.4208905
13316,16,0,0.504351
13317,24,0,0.49843302
13318,17,0,0.36983785
13319,15,1,0.31942874
13320,1,1,0.578275
13321,0,0,0.2895026
13322,11,0,0.39519417
13323,15,0,0.310264
13324,28,0,0.372285
13325,6,1,0.7155084
13326,12,0,0.8029981
13327,21,0,0.33548027
13328,7,1,0.7918867
13329,3,1,0.726122
13330,3,1,0.32710117
13331,7,0,0.33962575
13332,11,0,0.4962831
13333,10,0,0.4943935
13334,16,1,0.6602133
13335,23,1,0.72448075
13336,28,1,0.33913997
13337,27,0,0.6064279
13338,13,0,0.26045036
13339,10,1,0.4320741
13340,7,1,0.6081457
13341,13,1,0.5899342
13342,10,0,0.28713372
13343,22,0,0.32271302
13344,7,1,0.59022903
13345,22,1,0.6021717
13346,15,1,0.68751454
13347,27,1,0.45229828
13348,17,0,0.32550806
13349,6,1,0.55220085
13350,20,0,0.47692463
13351,4,0,0.6657089
13352,27,0,0.40817901
13353,13,0,0.4020114
13354,2,1,0.6746254
13355,10,0,0.40633
13356,13,1,0.5297566
13357,14,1,0.617953
13358,0,0,0.50694686
13359,18,0,0.60375804
13360,26,0,0.331908
13361,0,1,0.54810613
13362,5,1,0.565594
13363,10,1,0.79436886
13364,28,0,0.47968146
13365,9,0,0.3151211
13366,13,1,0.5844904
13367,1,0,0.36763066
13368,2,1,0.6969392
13369,22,1,0.6941095
13370,16,1,0.3518091
13371,12,1,0.7624334
13372,19,1,0.6909527
13373,6,0,0.46799278
13374,8,0,0.41773906
13375,1,1,0.5145938
13376,27,0,0.3159278
13377,15,1,0.6905159
13378,2,1,0.6786744
13379,11,0,0.4182612
13380,6,0,0.5512062
13381,25,0,0.37171552
13382,26,0,0.42718148
13383,19,1,0.42053634
13384,7,0,0.61377704
13385,21,0,0.4124552
13386,18,0,0.44487655
13387,12,1,0.64512163
13388,0,1,0.6646352
13389,4,1,0.57758206
13390,15,0,0.3126335
13391,18,0,0.50917554
13392,0,0,0.28751224
13393,21,0,0.2753536
13394,16,0,0.52148455
13395,27,0,0.3446338
13396,5,1,0.5246107
13397,10,1,0.49723682
13398,12,0,0.3287187
13399,13,1,0.5718778
13400,15,0,0.73867613
13401,16,1,0.5036832
13402,16,0,0.5866531
13403,27,1,0.4631804
13404,23,1,0.51276666
13405,3,0,0.2769912
13406,22,0,0.2825628
13407,13,1,0.6578624
13408,25,1,0.47596753
13409,6,1,0.2903003
13410,25,1,0.67332935
13411,15,1,0.67806095
13412,4,0,0.34016225
13413,25,1,0.5281321
13414,16,0,0.54177076
13415,13,0,0.33289093
13416,1,1,0.70554525
13417,2,1,0.78174
13418,22,0,0.40638658
13419,27,1,0.6355634
13420,0,1,0.4718945
13421,9,0,0.5632785
13422,6,0,0.676782
13423,18,1,0.5387713
13424,24,1,0.6697392
13425,1,1,0.646449
13426,15,1,0.775949
13427,13,1,0.8134548
13428,17,1,0.5582082
13429,26,1,0.57920235
13430,8,1,0.698541
13431,6,1,0.35986066
13432,7,1,0.52560467
13433,23,1,0.3989546
13434,16,0,0.6627379
13435,11,0,0.38298383
13436,13,0,0.32228038
13437,11,1,0.6466534
13438,24,0,0.46415743
13439,10,1,0.7235955
13440,22,1,0.56710654
13441,16,1,0.7108914
13442,25,1,0.62724686
13443,10,0,0.39873445
13444,1,1,0.6716802
13445,6,0,0.30157074
13446,6,0,0.5421959
13447,25,0,0.36754227
13448,15,1,0.69237775
13449,2,0,0.5889233
13450,7,0,0.45220533
13451,23,1,0.7219327
13452,7,0,0.35166615
13453,8,0,0.6128547
13454,2,0,0.36838564
13455,3,0,0.41835582
13456,2,0,0.3286461
13457,24,1,0.73979473
13458,3,1,0.46779832
13459,20,1,0.58802104
13460,22,1,0.5322557
13461,1,0,0.30847174
13462,22,1,0.4614994
13463,9,1,0.76936245
13464,10,1,0.48534614
13465,13,1,0.53866994
13466,14,1,0.69959587
13467,2,1,0.44037628
13468,27,0,0.73810685
13469,22,0,0.54452205
13470,23,0,0.30179036
13471,7,1,0.6908849
13472,5,0,0.40543777
13473,3,1,0.5901865
13474,21,0,0.32588804
13475,6,1,0.5676844
13476,17,1,0.6417128
13477,18,0,0.4717258
13478,22,1,0.4173959
13479,27,1,0.6663166
13480,27,1,0.56210196
13481,16,1,0.733237
13482,18,0,0.45230013
13483,24,0,0.42605618
13484,25,0,0.3249424
13485,18,0,0.4274379
13486,5,0,0.55975544
13487,1,1,0.31347874
13488,13,1,0.6367959
13489,3,1,0.4684089
13490,13,1,0.5526513
13491,6,1,0.46253395
13492,14,1,0.4227016
13493,15,0,0.31061396
13494,26,0,0.4341026
13495,16,0,0.4644925
13496,11,1,0.6099984
13497,10,0,0.49291378
13498,0,0,0.25685206
13499,1,1,0.5257784
13500,26,1,0.3945887
13501,15,1,0.7470906
13502,14,1,0.61112213
13503,8,0,0.3492169
13504,2,1,0.52219975
13505,11,1,0.77946305
13506,13,1,0.70129436
13507,10,1,0.68850136
13508,10,0,0.3389794
13509,27,0,0.5136941
13510,2,0,0.4877658
13511,15,1,0.8021621
13512,11,1,0.63172394
13513,10,0,0.3771084
13514,3,0,0.5568337
13515,26,0,0.35711953
13516,5,0,0.51888365
13517,24,0,0.3536333
13518,15,1,0.4797923
13519,13,1,0.37865138
13520,17,0,0.44402212
13521,11,0,0.37000686
13522,19,1,0.41688424
13523,3,1,0.55056655
13524,1,1,0.68735164
13525,22,1,0.23950574
13526,6,0,0.53018945
13527,5,0,0.47776884
13528,13,0,0.4936178
13529,2,0,0.31937963
13530,25,1,0.67611563
13531,22,0,0.3117281
13532,20,1,0.39926565
13533,14,1,0.49576765
13534,22,1,0.36060053
13535,11,1,0.6739869
13536,24,1,0.7268635
13537,9,0,0.5018801
13538,13,1,0.44622457
13539,25,0,0.3005711
13540,9,0,0.6728769
13541,8,0,0.29858005
13542,17,0,0.7175884
13543,2,0,0.37157777
13544,15,0,0.46559095
13545,26,0,0.4992381
13546,20,0,0.37263203
13547,13,0,0.44586152
13548,11,0,0.49596435
13549,0,1,0.6726436
13550,5,0,0.39752752
13551,9,0,0.35359648
13552,10,1,0.5768418
13553,4,0,0.49729836
13554,26,0,0.28576082
13555,2,1,0.63789654
13556,5,1,0.6406616
13557,12,1,0.5320438
13558,28,1,0.5262247
13559,14,1,0.4074962
13560,28,1,0.5879547
13561,23,1,0.5581406
13562,17,1,0.60126984
13563,5,1,0.7089604
13564,25,1,0.7348484
13565,25,1,0.53578043
13566,6,0,0.6037453
13567,2,0,0.36692378
13568,10,1,0.63368374
13569,16,1,0.5633179
13570,12,0,0.5108489
13571,5,1,0.43804678
13572,15,0,0.31617805
13573,20,0,0.46510753
13574,12,0,0.31855392
13575,8,1,0.4456399
13576,19,0,0.48888618
13577,13,0,0.5291636
13578,28,0,0.33904105
13579,25,1,0.45397785
13580,26,1,0.37345204
13581,1,1,0.7897983
13582,15,0,0.47948614
13583,9,1,0.4558156
13584,8,0,0.46343085
13585,15,0,0.5422715
13586,7,1,0.37710604
13587,16,1,0.7418471
13588,10,0,0.6038083
13589,21,0,0.5996618
13590,11,1,0.6826958
13591,23,0,0.42624494
13592,27,0,0.5115873
13593,2,1,0.6085475
13594,8,1,0.5087541
13595,5,1,0.4499016
13596,26,1,0.7107415
13597,10,1,0.69900846
13598,12,0,0.3106817
13599,17,1,0.4615871
13600,13,1,0.62016714
13601,1,0,0.6483748
13602,2,1,0.6369981
13603,25,1,0.70094204
13604,2,0,0.2858672
13605,13,0,0.527117
13606,18,1,0.6114169
13607,27,1,0.6006498
13608,23,1,0.53550273
13609,8,0,0.56706077
13610,25,0,0.42666146
13611,16,1,0.41718167
13612,18,0,0.54486954
13613,20,0,0.52461535
13614,14,1,0.5121376
13615,17,1,0.38688716
13616,2,1,0.565951
13617,15,1,0.4411369
13618,11,0,0.43538988
13619,26,1,0.73935896
13620,12,0,0.43813673
13621,8,1,0.63413835
13622,25,1,0.45137647
13623,11,1,0.7595201
13624,2,0,0.7030849
13625,10,0,0.26757687
13626,21,0,0.39513314
13627,1,1,0.61121786
13628,25,1,0.41375828
13629,16,0,0.4977924
13630,13,1,0.48416585
13631,25,1,0.72619987
13632,10,0,0.31266552
13633,20,1,0.6629647
13634,23,0,0.44469112
13635,21,0,0.3595392
13636,17,0,0.5901507
13637,24,1,0.6536276
13638,19,1,0.7098343
13639,12,0,0.29318413
13640,28,1,0.5730405
13641,16,0,0.39308116
13642,10,0,0.33409536
13643,9,1,0.44327533
13644,0,1,0.55868727
13645,8,0,0.29357466
13646,13,0,0.47031057
13647,17,1,0.26388705
13648,3,0,0.51581705
13649,25,1,0.40089992
13650,20,1,0.69131905
13651,18,1,0.46676877
13652,11,1,0.7065041
13653,25,1,0.6508281
13654,21,1,0.67028654
13655,5,1,0.51187885
13656,13,0,0.49442148
13657,1,1,0.59643734
13658,26,0,0.6060831
13659,13,1,0.69367117
13660,11,1,0.6535186
13661,2,1,0.44194856
13662,5,1,0.64097786
13663,26,0,0.45956746
13664,11,1,0.7384175
13665,20,1,0.3818894
13666,16,0,0.38480517
13667,17,0,0.4350295
13668,11,0,0.64184743
13669,6,0,0.46533474
13670,5,0,0.3688372
13671,18,1,0.26097283
13672,7,1,0.47563073
13673,19,1,0.5537378
13674,8,0,0.5368304
13675,19,1,0.65629125
13676,26,0,0.34322587
13677,14,0,0.46026987
13678,23,0,0.3354476
13679,7,0,0.3555969
13680,26,1,0.5315302
13681,21,0,0.4090339
13682,4,1,0.5631521
13683,15,0,0.5930663
13684,24,0,0.5624089
13685,18,1,0.3827241
13686,1,0,0.4569759
13687,16,0,0.41013646
13688,19,0,0.53995836
13689,26,0,0.480858
13690,10,0,0.31682825
13691,16,0,0.36011901
13692,15,0,0.6190513
13693,16,1,0.51099986
13694,16,0,0.35195655
13695,20,1,0.519335
13696,16,1,0.64901936
13697,24,0,0.44463593
13698,18,0,0.3877269
13699,15,1,0.45430475
13700,16,0,0.35030022
13701,23,1,0.67067116
13702,19,1,0.66599214
13703,8,0,0.3258784
13704,24,0,0.44721812
13705,6,0,0.23384595
13706,17,1,0.66261965
13707,14,0,0.6308866
13708,25,0,0.56737554
13709,26,0,0.2628756
13710,18,1,0.60835683
13711,18,1,0.8266174
13712,26,1,0.3931953
13713,12,0,0.7351171
13714,13,0,0.27271286
13715,2,0,0.69712406
13716,11,1,0.2809678
13717,10,1,0.3528576
13718,23,0,0.4114941
13719,1,1,0.59848535
13720,0,0,0.5284467
13721,20,0,0.56000286
13722,25,0,0.40720457
13723,16,0,0.6311841
13724,10,1,0.7100615
13725,8,0,0.5147047
13726,13,1,0.78908634
13727,22,1,0.5408282
13728,25,1,0.74170697
13729,28,1,0.6256236
13730,2,1,0.6735896
13731,8,1,0.6696689
13732,5,0,0.53234386
13733,5,0,0.26980838
13734,26,1,0.42386222
13735,1,0,0.37534964
13736,10,1,0.68195796
13737,2,0,0.29696822
13738,1,1,0.4303544
13739,17,1,0.51098824
13740,1,1,0.73135376
13741,11,1,0.58698434
13742,1,1,0.40400773
13743,5,1,0.28475007
13744,10,1,0.6031116
13745,12,1,0.6918275
13746,9,1,0.46767604
13747,9,0,0.31140468
13748,4,1,0.45305604
13749,12,0,0.34545955
13750,28,0,0.38942423
13751,9,0,0.43333903
13752,13,1,0.66275865
13753,18,0,0.2980418
13754,12,0,0.41034576
13755,4,1,0.4841568
13756,10,1,0.7964852
13757,17,0,0.31327102
13758,15,0,0.6626571
13759,16,1,0.49452502
13760,25,0,0.37993667
13761,9,0,0.46844375
13762,20,1,0.7141232
13763,1,0,0.541706
13764,26,1,0.6092017
13765,18,0,0.57838726
13766,17,0,0.39669368
13767,2,0,0.2894768
13768,28,0,0.25075436
13769,22,0,0.39029214
13770,9,0,0.40758085
13771,28,1,0.410406
13772,2,1,0.44636172
13773,9,0,0.31638965
13774,1,1,0.60798115
13775,26,0,0.4997611
13776,25,1,0.56820554
13777,11,1,0.5859422
13778,10,0,0.4651143
13779,13,0,0.31011856
13780,25,1,0.64193267
13781,20,0,0.30835533
13782,19,1,0.65466297
13783,10,0,0.3798738
13784,15,1,0.556554
13785,16,0,0.36477894
13786,11,1,0.6870987
13787,23,1,0.54960823
13788,0,0,0.34967238
13789,26,0,0.4016452
13790,15,0,0.6856164
13791,24,0,0.33998683
13792,13,1,0.7081879
13793,1,0,0.34819567
13794,12,1,0.62379205
13795,13,0,0.52420574
13796,18,0,0.34137723
13797,16,1,0.47353894
13798,20,0,0.6098143
13799,28,0,0.591413
13800,2,0,0.40162098
13801,14,1,0.58575433
13802,15,0,0.27985173
13803,23,0,0.5113217
13804,18,0,0.53755563
13805,8,0,0.40724006
13806,8,0,0.46453005
13807,13,1,0.5717544
13808,5,0,0.47335026
13809,11,0,0.2866155
13810,1,0,0.5968662
13811,23,0,0.3669947
13812,4,0,0.6621332
13813,14,1,0.39985937
13814,10,0,0.4572817
13815,7,1,0.5587226
13816,2,0,0.33007783
13817,13,1,0.30358577
13818,20,1,0.43708923
13819,23,0,0.64706427
13820,6,0,0.63203645
13821,25,1,0.6860041
13822,1,0,0.46736827
13823,0,0,0.2625671
13824,17,0,0.46193275
13825,21,1,0.40272126
13826,23,1,0.5716563
13827,6,0,0.444349
13828,13,0,0.4663524
13829,9,0,0.4835659
13830,22,0,0.28602475
13831,16,0,0.5251819
13832,8,0,0.4236373
13833,7,1,0.5854218
13834,5,0,0.711286
13835,15,0,0.57250965
13836,7,0,0.37614146
13837,7,1,0.40682754
13838,1,1,0.2769801
13839,20,1,0.44496188
13840,2,1,0.43112555
13841,0,1,0.6965351
13842,14,0,0.61330974
13843,14,0,0.56078285
13844,15,1,0.73062956
13845,23,1,0.6456167
13846,10,1,0.36165214
13847,27,1,0.46865073
13848,2,0,0.42012504
13849,6,0,0.60564613
13850,15,1,0.6911659
13851,17,0,0.29110664
13852,5,0,0.27947977
13853,2,0,0.31877103
13854,13,1,0.6559683
13855,26,1,0.6318491
13856,22,1,0.59906286
13857,15,0,0.70986605
13858,1,0,0.36385638
13859,7,0,0.58457476
13860,15,1,0.42621496
13861,26,1,0.6557477
13862,17,1,0.50577253
13863,23,1,0.59930956
13864,15,1,0.6376458
13865,16,0,0.3602533
13866,2,1,0.54666066
13867,1,0,0.65630305
13868,16,0,0.37271655
13869,24,1,0.5999974
13870,27,0,0.38172138
13871,28,0,0.48287785
13872,17,1,0.71995753
13873,25,1,0.6365434
13874,22,1,0.7930193
13875,16,1,0.38314947
13876,25,1,0.6718529
13877,25,0,0.42878872
13878,26,1,0.68533987
13879,7,1,0.68901116
13880,13,1,0.68594706
13881,22,1,0.4172763
13882,11,0,0.4152969
13883,28,0,0.4443007
13884,27,0,0.37727797
13885,9,1,0.53601176
13886,13,1,0.58924276
13887,19,0,0.37998238
13888,11,1,0.7762414
13889,20,0,0.41376048
13890,11,0,0.28377208
13891,22,1,0.5093544
13892,18,1,0.5347265
13893,5,0,0.48744315
13894,3,0,0.3033561
13895,16,0,0.31101578
13896,25,1,0.3638126
13897,16,1,0.45960796
13898,8,1,0.6198945
13899,11,0,0.37026772
13900,21,1,0.52107877
13901,14,0,0.32596612
13902,20,0,0.3706429
13903,1,0,0.32630512
13904,3,1,0.58284545
13905,8,1,0.4390952
13906,17,0,0.7044186
13907,27,1,0.7149888
13908,8,0,0.31745952
13909,25,1,0.63818634
13910,25,1,0.7292505
13911,4,0,0.55829513
13912,25,0,0.45292222
13913,6,1,0.70864767
13914,7,1,0.31757784
13915,28,1,0.5591778
13916,14,1,0.45815995
13917,13,0,0.67383057
13918,20,1,0.5871199
13919,11,0,0.70999247
13920,27,0,0.25870085
13921,16,1,0.80270195
13922,13,1,0.65295476
13923,20,0,0.26339853
13924,17,1,0.6529695
13925,8,1,0.62222713
13926,11,0,0.60707337
13927,2,0,0.3472318
13928,1,0,0.33333996
13929,26,1,0.49066952
13930,2,1,0.74665874
13931,11,0,0.3143185
13932,24,1,0.5741053
13933,22,1,0.6293533
13934,16,0,0.30787128
13935,23,1,0.76023376
13936,2,0,0.71795845
13937,19,0,0.44426358
13938,22,0,0.43356666
13939,8,0,0.6057829
13940,19,1,0.6807296
13941,18,1,0.6538031
13942,18,0,0.45206347
13943,1,0,0.49758297
13944,13,0,0.31967548
13945,24,1,0.4073015
13946,2,0,0.46436414
13947,17,0,0.59781414
13948,26,0,0.6608766
13949,2,0,0.40211993
13950,21,1,0.4701814
13951,1,1,0.48558113
13952,24,0,0.57892686
13953,8,0,0.61163414
13954,23,0,0.30348223
13955,15,1,0.70538557
13956,24,0,0.33729795
13957,1,1,0.69096094
13958,8,1,0.63193417
13959,4,0,0.47963384
13960,9,0,0.28567314
13961,3,0,0.29583848
13962,24,1,0.5242705
13963,19,0,0.29908887
13964,4,1,0.3796713
13965,25,0,0.75053465
13966,10,1,0.29120678
13967,11,0,0.61155635
13968,17,0,0.3387019
13969,10,1,0.5000137
13970,20,1,0.53697634
13971,24,1,0.37328932
13972,16,1,0.5936898
13973,17,0,0.29551604
13974,24,0,0.36255628
13975,8,0,0.55513054
13976,26,1,0.49761173
13977,17,0,0.48618627
13978,27,1,0.7868526
13979,2,0,0.47983554
13980,17,0,0.31828797
13981,11,1,0.4721039
13982,15,0,0.50932443
13983,16,1,0.7242995
13984,12,0,0.46508625
13985,2,0,0.67870724
13986,2,1,0.65737164
13987,0,0,0.63803154
13988,10,0,0.5347658
13989,13,0,0.4122081
13990,24,0,0.37783045
13991,10,1,0.4969956
13992,4,1,0.3806727
13993,2,0,0.5623248
13994,15,1,0.4375623
13995,5,0,0.40777212
13996,2,0,0.58927095
13997,13,1,0.6308565
13998,24,0,0.42760718
13999,13,1,0.72572666
14000,25,0,0.7012125
14001,24,0,0.31117228
14002,12,1,0.7480667
14003,26,0,0.344743
14004,15,1,0.43585283
14005,23,1,0.66405773
14006,12,1,0.44527993
14007,16,0,0.35319805
14008,13,1,0.53987956
14009,8,1,0.6902404
14010,27,0,0.49877277
14011,16,1,0.34431413
14012,24,0,0.2978164
14013,14,1,0.54337484
14014,14,0,0.4226027
14015,12,1,0.7268858
14016,17,1,0.7040869
14017,4,1,0.63010037
14018,6,0,0.70368016
14019,1,0,0.5047567
14020,3,0,0.35221046
14021,6,0,0.4124095
14022,22,0,0.37009117
14023,22,1,0.69953597
14024,26,0,0.33512518
14025,15,1,0.48787957
14026,27,0,0.3824982
14027,3,0,0.35520855
14028,27,1,0.7672903
14029,6,1,0.30853194
14030,4,0,0.6210169
14031,13,1,0.33599535
14032,11,0,0.4029593
14033,18,0,0.4231993
14034,26,1,0.7067752
14035,28,0,0.4271262
14036,8,1,0.5185262
14037,10,0,0.2842401
14038,8,0,0.3740757
14039,1,0,0.73223066
14040,0,1,0.5709223
14041,2,1,0.3782281
14042,10,0,0.3649474
14043,6,1,0.61544865
14044,2,0,0.41399738
14045,2,0,0.4261567
14046,4,1,0.6908462
14047,2,1,0.6771334
14048,19,1,0.427445
14049,28,0,0.6261434
14050,5,0,0.35195118
14051,11,1,0.68567026
14052,16,1,0.6534546
14053,18,1,0.5993092
14054,20,1,0.30589786
14055,10,0,0.51027596
14056,25,1,0.7053627
14057,12,0,0.55776656
14058,12,0,0.43213776
14059,14,0,0.5985806
14060,15,1,0.5826041
14061,23,0,0.57175124
14062,12,0,0.40506023
14063,2,1,0.5291538
14064,28,1,0.6374508
14065,9,0,0.36800063
14066,1,0,0.3589345
14067,10,1,0.7241077
14068,27,1,0.57398003
14069,2,0,0.6071171
14070,19,0,0.41061604
14071,18,1,0.7583395
14072,6,0,0.29454038
14073,17,0,0.5561836
14074,16,0,0.4870609
14075,17,0,0.31136563
14076,17,0,0.3350931
14077,23,0,0.38158607
14078,15,1,0.49276495
14079,26,1,0.53148735
14080,26,1,0.74902093
14081,1,1,0.51905024
14082,3,1,0.49258417
14083,10,0,0.3383408
14084,17,0,0.6171233
14085,18,1,0.47061548
14086,26,1,0.53657436
14087,27,1,0.65247625
14088,27,1,0.673254
14089,6,0,0.45967284
14090,0,1,0.49916324
14091,8,1,0.39901593
14092,22,1,0.65325207
14093,26,0,0.36265507
14094,16,0,0.37572926
14095,18,1,0.35724267
14096,25,0,0.47451806
14097,15,0,0.5059353
14098,5,0,0.49336198
14099,26,1,0.72430974
14100,3,1,0.3896089
14101,1,1,0.5824779
14102,22,0,0.53796566
14103,14,0,0.2855719
14104,17,0,0.6583797
14105,7,1,0.31499693
14106,19,0,0.75188404
14107,4,1,0.681394
14108,1,1,0.46115202
14109,23,0,0.28781888
14110,15,1,0.4459064
14111,15,1,0.566455
14112,15,0,0.31237572
14113,13,1,0.7440304
14114,12,0,0.5105716
14115,6,1,0.69625795
14116,9,1,0.4680683
14117,19,0,0.34487715
14118,15,1,0.49837878
14119,3,0,0.38976935
14120,16,1,0.43686226
14121,6,0,0.80259585
14122,8,0,0.28856906
14123,18,1,0.64799434
14124,8,0,0.6000827
14125,13,0,0.39493594
14126,4,1,0.7166246
14127,9,1,0.62709177
14128,8,1,0.49061066
14129,21,1,0.71879894
14130,4,0,0.4819708
14131,3,0,0.35648838
14132,22,0,0.42117482
14133,15,1,0.63852274
14134,3,1,0.67052823
14135,20,1,0.58068836
14136,2,0,0.31091827
14137,22,1,0.7420021
14138,14,0,0.7295971
14139,24,0,0.23567098
14140,0,0,0.77915984
14141,25,1,0.69808257
14142,13,0,0.3081728
14143,23,0,0.46043217
14144,17,1,0.6833398
14145,15,0,0.5038969
14146,24,0,0.2598411
14147,25,0,0.38124016
14148,8,0,0.37561586
14149,16,0,0.3496838
14150,2,0,0.39440364
14151,22,0,0.5160786
14152,8,1,0.48081487
14153,10,1,0.7228875
14154,13,0,0.3751933
14155,14,1,0.4078013
14156,15,1,0.7480614
14157,10,0,0.42810526
14158,2,1,0.36454248
14159,6,0,0.355336
14160,19,0,0.38057995
14161,6,1,0.482764
14162,27,1,0.36820376
14163,18,1,0.30428532
14164,12,1,0.50056446
14165,13,1,0.39895964
14166,16,0,0.48067272
14167,1,0,0.39743403
14168,8,1,0.6440445
14169,12,0,0.64723825
14170,11,1,0.4856034
14171,2,1,0.3419142
14172,15,1,0.4152546
14173,8,1,0.67203075
14174,1,0,0.6299183
14175,8,0,0.39924
14176,13,1,0.7790253
14177,17,0,0.5234034
14178,18,1,0.5667644
14179,10,0,0.4554537
14180,26,0,0.3955592
14181,17,1,0.5722223
14182,21,1,0.7044593
14183,10,0,0.3885703
14184,2,1,0.35163644
14185,16,1,0.73774487
14186,10,1,0.27891457
14187,13,1,0.41839153
14188,18,1,0.6019096
14189,12,1,0.6662905
14190,18,1,0.68217754
14191,3,1,0.6821765
14192,13,0,0.26388845
14193,20,1,0.38617086
14194,17,0,0.5392214
14195,21,1,0.6001891
14196,26,1,0.7605924
14197,23,1,0.64446056
14198,11,0,0.45785287
14199,27,1,0.6470234
14200,6,1,0.53048176
14201,16,1,0.6390077
14202,12,1,0.30968288
14203,18,0,0.3486077
14204,20,0,0.30938455
14205,6,1,0.69311666
14206,10,1,0.61282825
14207,10,1,0.5508918
14208,25,1,0.6842964
14209,11,1,0.64219856
14210,1,0,0.26756635
14211,22,1,0.6509673
14212,15,0,0.30516183
14213,1,0,0.4975426
14214,2,1,0.5534518
14215,14,0,0.25443372
14216,7,0,0.50849015
14217,13,1,0.3782963
14218,8,0,0.4739274
14219,10,0,0.3854609
14220,13,1,0.7090508
14221,1,0,0.4401439
14222,25,1,0.63506156
14223,2,0,0.6273835
14224,13,1,0.6675538
14225,7,0,0.5679126
14226,12,0,0.47317973
14227,16,0,0.30585626
14228,8,1,0.64227396
14229,8,1,0.4900115
14230,16,1,0.6094358
14231,2,1,0.4722817
14232,6,1,0.75129485
14233,5,1,0.3784408
14234,11,1,0.61475533
14235,16,1,0.72054464
14236,19,0,0.26606283
14237,10,1,0.6491473
14238,14,1,0.56139463
14239,22,0,0.33769998
14240,1,0,0.36373457
14241,10,0,0.60158724
14242,0,1,0.66617143
14243,16,1,0.5661067
14244,22,0,0.70613116
14245,3,1,0.50771046
14246,12,0,0.2536546
14247,18,1,0.68735886
14248,22,0,0.2986228
14249,8,0,0.6039832
14250,15,0,0.32044113
14251,28,0,0.35458615
14252,7,0,0.3474147
14253,6,1,0.5733354
14254,25,0,0.30330667
14255,8,0,0.36449134
14256,8,0,0.60593504
14257,5,0,0.33564442
14258,2,1,0.43902293
14259,21,0,0.527624
14260,13,1,0.59866357
14261,16,1,0.6564785
14262,2,0,0.6044731
14263,25,0,0.5993197
14264,25,0,0.2986916
14265,3,1,0.5407941
14266,0,1,0.60831857
14267,0,0,0.2966087
14268,8,0,0.6935417
14269,18,0,0.30629995
14270,15,0,0.29816663
14271,20,0,0.51753426
14272,28,0,0.32242507
14273,21,0,0.268579
14274,15,1,0.6004302
14275,17,0,0.37311724
14276,4,0,0.42669016
14277,23,0,0.26160207
14278,11,0,0.3476756
14279,1,0,0.6062715
14280,2,0,0.55437833
14281,11,0,0.2599953
14282,16,1,0.47776434
14283,11,1,0.7027971
14284,12,1,0.659774
14285,9,1,0.6531895
14286,8,1,0.7456284
14287,20,0,0.3610397
14288,23,1,0.52891445
14289,6,0,0.4877624
14290,27,0,0.26198563
14291,7,0,0.58395904
14292,20,1,0.5325483
14293,2,1,0.5971813
14294,28,0,0.6990891
14295,28,0,0.33712834
14296,13,1,0.497234
14297,16,1,0.52819955
14298,13,0,0.6129545
14299,10,1,0.6983804
14300,15,1,0.6324544
14301,27,1,0.5262597
14302,24,1,0.512957
14303,17,1,0.39676902
14304,13,1,0.7424932
14305,0,1,0.4753569
14306,27,0,0.4747387
14307,7,1,0.6795364
14308,7,1,0.6840395
14309,8,1,0.4910169
14310,1,0,0.6788804
14311,9,1,0.60700005
14312,4,0,0.3038256
14313,27,0,0.72208226
14314,8,0,0.32303497
14315,13,0,0.35718405
14316,3,0,0.2992205
14317,23,0,0.68159664
14318,3,0,0.37532848
14319,10,1,0.816518
14320,3,0,0.26036116
14321,11,1,0.5646706
14322,19,1,0.52154183
14323,17,1,0.60891145
14324,16,1,0.7131107
14325,27,0,0.40629622
14326,7,1,0.49430332
14327,26,0,0.33110347
14328,12,1,0.66962093
14329,10,1,0.37102282
14330,24,1,0.58940494
14331,1,1,0.5723183
14332,8,0,0.62785655
14333,13,1,0.333291
14334,6,0,0.3608386
14335,19,1,0.6478318
14336,2,1,0.28361002
14337,0,0,0.5590231
14338,17,0,0.5326439
14339,2,1,0.76997125
14340,20,0,0.4737756
14341,11,1,0.6484752
14342,10,0,0.33608177
14343,12,0,0.64060974
14344,0,0,0.36857507
14345,21,1,0.565783
14346,0,0,0.44567087
14347,10,1,0.40470472
14348,13,1,0.5524072
14349,24,0,0.41187274
14350,13,0,0.5354545
14351,2,1,0.49800694
14352,3,0,0.68046916
14353,16,0,0.5232087
14354,14,0,0.6359983
14355,26,1,0.60025644
14356,15,1,0.6719552
14357,28,0,0.3878722
14358,17,1,0.421055
14359,1,0,0.29675132
14360,26,1,0.6613494
14361,11,1,0.80855143
14362,18,0,0.26915202
14363,25,1,0.45411193
14364,27,1,0.7981299
14365,21,0,0.30950552
14366,8,1,0.76087064
14367,1,0,0.39580312
14368,5,1,0.73255503
14369,12,1,0.5498944
14370,1,1,0.27345335
14371,13,0,0.67303044
14372,10,0,0.5164703
14373,15,0,0.54735667
14374,27,1,0.77791923
14375,6,0,0.44595414
14376,10,0,0.49767506
14377,8,1,0.65339077
14378,27,0,0.2586174
14379,24,1,0.653018
14380,15,1,0.46902785
14381,4,0,0.44705394
14382,18,0,0.48453897
14383,18,0,0.5572769
14384,28,0,0.36110723
14385,2,0,0.35015678
14386,8,0,0.56000245
14387,16,0,0.5581168
14388,13,0,0.4064527
14389,12,1,0.46603227
14390,11,1,0.583096
14391,15,0,0.5858733
14392,14,1,0.64530486
14393,20,1,0.3902045
14394,14,0,0.64777607
14395,14,1,0.6461529
14396,19,0,0.51995826
14397,7,0,0.4979951
14398,8,0,0.42354617
14399,5,1,0.6679384
14400,6,1,0.32963428
14401,26,0,0.34445983
14402,26,1,0.4474285
14403,15,1,0.67012453
14404,3,0,0.5589517
14405,27,1,0.7215831
14406,18,1,0.3518078
14407,13,1,0.7453012
14408,19,0,0.37406218
14409,18,0,0.31510264
14410,4,0,0.27007276
14411,5,0,0.5078196
14412,23,0,0.57043296
14413,3,1,0.610118
14414,6,1,0.5570654
14415,23,0,0.30006912
14416,17,0,0.5098509
14417,18,0,0.33955175
14418,10,0,0.39962447
14419,13,1,0.6317657
14420,6,1,0.684385
14421,15,0,0.28911993
14422,10,0,0.31587082
14423,13,0,0.32701564
14424,15,1,0.7612634
14425,4,1,0.7478937
14426,16,1,0.31950802
14427,1,0,0.2566176
14428,24,0,0.30169573
14429,7,1,0.62047434
14430,3,0,0.39527833
14431,28,0,0.24753822
14432,26,1,0.6013282
14433,17,0,0.509178
14434,20,1,0.74163264
14435,9,1,0.5494946
14436,26,1,0.59435445
14437,10,1,0.4693854
14438,20,0,0.72822976
14439,13,1,0.6984197
14440,11,1,0.54461986
14441,15,0,0.47881243
14442,27,1,0.64880484
14443,8,1,0.6430198
14444,13,0,0.6132402
14445,13,1,0.7287887
14446,7,0,0.6236356
14447,15,0,0.4713619
14448,28,1,0.72949
14449,21,0,0.40726244
14450,1,1,0.6147891
14451,8,0,0.26717848
14452,20,0,0.2568848
14453,28,1,0.68061036
14454,15,1,0.3746208
14455,2,0,0.31586272
14456,25,1,0.31840804
14457,26,1,0.56392527
14458,28,1,0.63769203
14459,22,0,0.42407933
14460,13,0,0.59238356
14461,4,0,0.558214
14462,25,1,0.50778055
14463,13,1,0.5359797
14464,7,0,0.2901411
14465,12,0,0.6661436
14466,23,0,0.33355743
14467,14,1,0.29885814
14468,10,1,0.6423177
14469,20,0,0.37685046
14470,26,1,0.67464054
14471,9,1,0.34001634
14472,22,0,0.766388
14473,26,1,0.72137624
14474,9,0,0.38846996
14475,2,1,0.67789024
14476,13,1,0.49578917
14477,8,1,0.67460185
14478,20,0,0.29592657
14479,0,1,0.65000266
14480,10,0,0.35057193
14481,14,0,0.28747737
14482,23,1,0.5811316
14483,16,1,0.42242122
14484,12,0,0.22440574
14485,24,0,0.35684675
14486,6,1,0.5217398
14487,16,0,0.72579426
14488,11,0,0.2906319
14489,6,0,0.29734698
14490,27,0,0.44392955
14491,0,1,0.5297241
14492,1,1,0.373351
14493,12,0,0.41212565
14494,4,0,0.35910326
14495,16,1,0.5902201
14496,2,0,0.58688134
14497,27,1,0.65254277
14498,15,1,0.5954132
14499,1,1,0.7696494
14500,13,0,0.5752207
14501,25,1,0.6297673
14502,10,0,0.5939078
14503,13,0,0.3342572
14504,28,0,0.59238744
14505,5,1,0.51911896
14506,11,0,0.56254315
14507,16,1,0.71822107
14508,13,0,0.31097424
14509,28,1,0.29986116
14510,7,1,0.73038346
14511,0,0,0.52173376
14512,1,0,0.651392
14513,8,1,0.6260929
14514,7,0,0.5234403
14515,4,1,0.7063847
14516,0,0,0.35595158
14517,16,0,0.50018525
14518,21,0,0.34533373
14519,1,1,0.52498215
14520,9,1,0.48892018
14521,23,1,0.49312937
14522,5,1,0.30688184
14523,28,1,0.37679625
14524,1,0,0.49905914
14525,20,0,0.29744262
14526,25,0,0.45248908
14527,3,0,0.4838307
14528,26,0,0.3530026
14529,2,0,0.4807636
14530,0,0,0.5214416
14531,28,0,0.36502296
14532,8,1,0.36520308
14533,25,1,0.5163811
14534,4,1,0.59544593
14535,1,0,0.26419327
14536,27,1,0.65952706
14537,1,0,0.35922205
14538,3,1,0.5807297
14539,17,1,0.5634139
14540,10,1,0.58872414
14541,27,0,0.30657795
14542,16,1,0.7413742
14543,13,0,0.571314
14544,10,0,0.48353708
14545,27,1,0.43961897
14546,16,0,0.44864792
14547,20,0,0.3876862
14548,0,1,0.7895252
14549,16,0,0.57796687
14550,4,0,0.4392992
14551,2,1,0.6301991
14552,11,0,0.37130687
14553,13,1,0.5630263
14554,11,1,0.5402245
14555,17,0,0.5837393
14556,11,1,0.5838053
14557,16,1,0.3426879
14558,14,1,0.7562605
14559,0,1,0.64109236
14560,26,0,0.53364325
14561,23,1,0.64655775
14562,19,1,0.51803815
14563,16,0,0.38388467
14564,3,1,0.4979451
14565,26,1,0.6550503
14566,6,1,0.50823784
14567,21,0,0.5284066
14568,14,1,0.7313588
14569,26,0,0.40780932
14570,17,1,0.5559886
14571,16,1,0.51655287
14572,16,0,0.28330773
14573,20,0,0.36152852
14574,17,1,0.6827972
14575,8,0,0.43168566
14576,22,1,0.68533856
14577,18,1,0.5876544
14578,11,0,0.24572007
14579,4,0,0.3142619
14580,18,0,0.2766647
14581,1,1,0.38331687
14582,12,1,0.41504642
14583,8,0,0.4648454
14584,26,1,0.42928952
14585,27,1,0.51686007
14586,26,0,0.7389892
14587,26,1,0.57650596
14588,8,1,0.6612128
14589,27,1,0.60000384
14590,10,0,0.61072993
14591,9,1,0.49544948
14592,28,0,0.34981418
14593,22,1,0.5190313
14594,25,0,0.5901843
14595,11,1,0.33195353
14596,26,1,0.53221023
14597,9,0,0.5589266
14598,8,0,0.39309373
14599,4,1,0.52140296
14600,1,1,0.59801066
14601,18,1,0.5670483
14602,17,1,0.7121842
14603,9,1,0.514429
14604,27,0,0.56490356
14605,14,0,0.39379844
14606,28,0,0.5787757
14607,14,0,0.5046872
14608,0,1,0.5388744
14609,26,0,0.30027995
14610,28,0,0.38074204
14611,20,1,0.49678463
14612,2,0,0.33547083
14613,8,1,0.6924177
14614,19,0,0.5606874
14615,15,0,0.5687205
14616,15,1,0.62931854
14617,6,1,0.33122003
14618,0,1,0.72411776
14619,11,1,0.73455477
14620,23,1,0.7504431
14621,23,0,0.301226
14622,23,0,0.620192
14623,12,1,0.2979043
14624,8,1,0.44905668
14625,16,0,0.35986865
14626,13,0,0.39975935
14627,20,0,0.41656137
14628,16,0,0.63579917
14629,13,1,0.654977
14630,26,0,0.2727561
14631,16,0,0.31961343
14632,2,0,0.31684637
14633,8,0,0.58617127
14634,25,0,0.4997474
14635,13,1,0.488731
14636,16,1,0.7399152
14637,25,1,0.55173594
14638,8,0,0.41713503
14639,28,1,0.49794236
14640,14,0,0.47656524
14641,5,0,0.36995095
14642,10,1,0.7970763
14643,26,1,0.64718604
14644,6,1,0.6161852
14645,20,1,0.58086467
14646,20,0,0.50157946
14647,26,0,0.37278754
14648,18,0,0.6671902
14649,25,0,0.41679114
14650,15,1,0.39263025
14651,19,0,0.24099721
14652,10,0,0.34567943
14653,1,0,0.29321393
14654,4,0,0.38552934
14655,12,1,0.7891834
14656,22,1,0.6020687
14657,20,0,0.34342778
14658,28,0,0.4420835
14659,2,0,0.26112118
14660,7,1,0.6338133
14661,23,1,0.58027494
14662,1,1,0.61735606
14663,8,1,0.47306895
14664,13,0,0.23709096
14665,3,1,0.6043742
14666,16,1,0.63722324
14667,11,1,0.6948666
14668,8,0,0.60315615
14669,11,1,0.77329975
14670,25,1,0.4245002
14671,26,0,0.49959967
14672,16,1,0.6630696
14673,22,0,0.61411685
14674,21,0,0.3647328
14675,25,1,0.81700206
14676,12,1,0.66700774
14677,18,0,0.3682251
14678,13,0,0.3266355
14679,19,1,0.68355256
14680,8,0,0.56177807
14681,17,0,0.34137195
14682,16,1,0.5476088
14683,13,0,0.3837885
14684,16,1,0.7008589
14685,25,1,0.7799761
14686,15,1,0.5666391
14687,18,0,0.5445542
14688,12,0,0.26797026
14689,8,0,0.7223579
14690,2,1,0.6899844
14691,13,0,0.24374622
14692,27,1,0.57292664
14693,13,0,0.36018124
14694,4,1,0.50347537
14695,15,1,0.6711564
14696,8,1,0.3334468
14697,3,1,0.67605615
14698,25,0,0.23521188
14699,12,1,0.38469326
14700,10,1,0.6432054
14701,13,1,0.51566684
14702,16,0,0.56084895
14703,16,0,0.33361953
14704,2,1,0.6622608
14705,21,0,0.48053294
14706,19,1,0.6084461
14707,18,0,0.5019498
14708,27,1,0.48606652
14709,2,1,0.5492071
14710,7,1,0.60500306
14711,1,0,0.51639193
14712,19,1,0.54569536
14713,15,0,0.32737085
14714,1,1,0.6411256
14715,15,1,0.7514192
14716,6,1,0.7041946
14717,19,0,0.37287238
14718,20,0,0.39613894
14719,8,1,0.6884361
14720,1,1,0.4404756
14721,26,0,0.48864922
14722,16,1,0.7366106
14723,16,0,0.5286508
14724,19,0,0.44525027
14725,2,0,0.67290384
14726,13,0,0.5102836
14727,20,0,0.6798166
14728,25,0,0.2642119
14729,28,1,0.71062225
14730,22,0,0.37070274
14731,28,0,0.4310924
14732,3,0,0.49200866
14733,21,0,0.4236972
14734,13,1,0.6281139
14735,16,0,0.48197517
14736,19,1,0.6231447
14737,15,1,0.41774246
14738,1,0,0.30774572
14739,17,0,0.50065386
14740,1,1,0.68532854
14741,21,1,0.32840535
14742,1,0,0.4400668
14743,9,0,0.580709
14744,15,0,0.25649646
14745,26,0,0.29525152
14746,10,0,0.54947084
14747,3,1,0.6886349
14748,0,0,0.57106036
14749,26,1,0.6703719
14750,18,0,0.35941967
14751,8,1,0.49560043
14752,13,0,0.3066769
14753,14,1,0.79942256
14754,26,1,0.6315658
14755,8,0,0.45719367
14756,0,0,0.3189353
14757,21,0,0.5214409
14758,27,1,0.5344797
14759,13,1,0.6187026
14760,11,0,0.6120325
14761,21,1,0.6165308
14762,6,0,0.38895774
14763,19,1,0.41703224
14764,14,1,0.6764903
14765,1,0,0.5866204
14766,7,0,0.67421323
14767,16,1,0.6735825
14768,17,1,0.7103239
14769,17,1,0.5099999
14770,0,0,0.2998491
14771,13,1,0.6288925
14772,12,0,0.28114897
14773,16,0,0.32015496
14774,14,0,0.507308
14775,3,1,0.67364264
14776,3,0,0.30724227
14777,15,0,0.48457435
14778,9,1,0.68862283
14779,19,1,0.415723
14780,26,0,0.32468864
14781,8,0,0.45064104
14782,25,1,0.592302
14783,14,1,0.68179655
14784,18,0,0.45121673
14785,8,0,0.3892403
14786,11,0,0.42898905
14787,8,0,0.40086544
14788,1,1,0.4863142
14789,20,0,0.33375686
14790,24,0,0.6040356
14791,16,0,0.35125023
14792,1,1,0.7535326
14793,3,0,0.33009335
14794,9,0,0.54056245
14795,14,1,0.3785628
14796,22,1,0.6088709
14797,2,0,0.36645985
14798,27,0,0.30069155
14799,11,1,0.49248862
14800,15,0,0.43554753
14801,28,1,0.66440105
14802,28,0,0.6153635
14803,26,1,0.50186634
14804,20,1,0.44057548
14805,23,0,0.35462508
14806,17,0,0.4242476
14807,14,1,0.36728638
14808,19,0,0.30942658
14809,12,0,0.45367065
14810,11,1,0.6120451
14811,10,0,0.7977036
14812,13,1,0.569189
14813,2,1,0.6842328
14814,16,1,0.4497143
14815,28,0,0.69496435
14816,10,1,0.7023431
14817,3,0,0.47139728
14818,11,1,0.6033741
14819,24,0,0.47205803
14820,25,0,0.3851977
14821,13,1,0.46026886
14822,19,1,0.32092538
14823,11,0,0.487054
14824,6,0,0.35441718
14825,28,0,0.35420245
14826,16,0,0.34948426
14827,27,1,0.53619146
14828,28,1,0.72071487
14829,8,1,0.5411077
14830,16,1,0.6691198
14831,21,0,0.617896
14832,4,0,0.45679533
14833,12,0,0.24954394
14834,15,1,0.52147335
14835,1,0,0.63730377
14836,12,1,0.7540623
14837,19,1,0.5279604
14838,25,1,0.5528353
14839,23,0,0.39285356
14840,13,1,0.33874905
14841,2,1,0.54232293
14842,15,0,0.49750802
14843,3,1,0.59865713
14844,10,1,0.5931203
14845,15,1,0.5187299
14846,17,0,0.25789666
14847,19,0,0.5946378
14848,17,1,0.6584843
14849,2,1,0.6684723
14850,26,0,0.33509946
14851,18,0,0.4700006
14852,1,1,0.7413563
14853,3,0,0.6361713
14854,3,0,0.57558876
14855,10,0,0.43181947
14856,2,1,0.6634451
14857,6,0,0.6381756
14858,15,0,0.3628573
14859,27,0,0.2758245
14860,7,0,0.36924103
14861,3,1,0.65907186
14862,7,1,0.48069888
14863,11,1,0.6252517
14864,2,1,0.7059434
14865,3,0,0.5634263
14866,10,1,0.6301174
14867,19,1,0.4650422
14868,17,0,0.3646735
14869,1,1,0.75491524
14870,6,0,0.2942266
14871,11,1,0.38982397
14872,27,1,0.43208206
14873,23,1,0.75395966
14874,20,0,0.6204426
14875,10,0,0.45428059
14876,20,0,0.39915788
14877,2,1,0.5029998
14878,3,1,0.5742123
14879,12,1,0.4806335
14880,15,0,0.41070032
14881,15,0,0.6068333
14882,22,1,0.6009947
14883,28,1,0.40888986
14884,26,1,0.7182121
14885,5,1,0.69052756
14886,13,0,0.3884193
14887,19,0,0.50596875
14888,7,1,0.5221768
14889,13,0,0.32393995
14890,16,0,0.28920525
14891,10,1,0.30531234
14892,20,0,0.25404096
14893,2,0,0.6538971
14894,17,0,0.40256247
14895,2,0,0.34801742
14896,7,0,0.41042188
14897,10,1,0.4899897
14898,22,1,0.60886145
14899,8,1,0.59376216
14900,23,0,0.54884696
14901,5,0,0.32281974
14902,15,1,0.38225397
14903,25,1,0.6545045
14904,8,1,0.6660077
14905,2,1,0.6428493
14906,12,1,0.5925242
14907,16,0,0.46498352
14908,1,0,0.32372943
14909,28,0,0.3175451
14910,21,0,0.30597016
14911,8,0,0.38566157
14912,21,0,0.5001105
14913,22,1,0.61398876
14914,2,1,0.7199397
14915,6,1,0.5544649
14916,8,0,0.48526606
14917,17,1,0.6174391
14918,25,1,0.61027294
14919,17,0,0.50055295
14920,13,1,0.73059
14921,6,1,0.44915175
14922,6,1,0.5337279
14923,16,0,0.6186874
14924,5,0,0.43538022
14925,9,1,0.65460175
14926,28,1,0.63400126
14927,19,0,0.36506873
14928,28,0,0.5237126
14929,16,0,0.2634557
14930,20,1,0.6824063
14931,23,1,0.4328681
14932,12,0,0.28263134
14933,25,1,0.6716022
14934,11,0,0.5581141
14935,14,0,0.56202453
14936,15,0,0.52674514
14937,22,0,0.6797439
14938,22,0,0.45201933
14939,8,1,0.5135777
14940,16,0,0.32613853
14941,2,1,0.6407855
14942,23,1,0.63202846
14943,13,1,0.5133526
14944,1,0,0.27962542
14945,14,0,0.33154154
14946,1,0,0.54743993
14947,13,0,0.7166481
14948,15,0,0.7243208
14949,26,1,0.5691161
14950,20,1,0.53889704
14951,3,0,0.34397057
14952,1,1,0.47380245
14953,2,0,0.42255878
14954,12,1,0.5882464
14955,9,0,0.30949467
14956,15,1,0.718388
14957,15,1,0.5779814
14958,0,0,0.710407
14959,12,0,0.28884795
14960,3,1,0.48817694
14961,13,1,0.77436274
14962,14,1,0.6932014
14963,15,0,0.42559484
14964,12,0,0.38616854
14965,5,0,0.51093984
14966,2,0,0.49295348
14967,13,0,0.43470037
14968,16,0,0.31704575
14969,3,1,0.4962629
14970,27,0,0.40175772
14971,21,0,0.24103633
14972,6,0,0.56712216
14973,20,0,0.4017993
14974,15,0,0.4589831
14975,12,1,0.619526
14976,3,0,0.32388437
14977,16,1,0.6559192
14978,14,1,0.39357367
14979,11,0,0.3034824
14980,18,1,0.3210327
14981,28,0,0.58672285
14982,13,0,0.590959
14983,2,1,0.48670942
14984,17,0,0.68122727
14985,22,1,0.5714197
14986,11,0,0.5574576
14987,8,0,0.45416114
14988,2,0,0.5980256
14989,7,0,0.35102051
14990,26,1,0.3703636
14991,6,1,0.72869587
14992,2,1,0.6861231
14993,16,1,0.6338573
14994,22,1,0.48870558
14995,9,1,0.66233414
14996,2,0,0.2814448
14997,7,0,0.3095066
14998,12,0,0.49847776
14999,27,1,0.777612
15000,7,0,0.34974742
15001,11,1,0.70685977
15002,3,0,0.38966042
15003,13,0,0.24011503
15004,23,1,0.78582096
15005,25,0,0.48762596
15006,8,1,0.5454954
15007,3,1,0.60300547
15008,27,0,0.28924254
15009,11,1,0.64522916
15010,27,0,0.39033282
15011,27,0,0.28660893
15012,9,1,0.6988536
15013,26,1,0.7656082
15014,16,1,0.5417275
15015,14,1,0.51646066
15016,24,0,0.41096103
15017,7,0,0.29623693
15018,16,0,0.26351646
15019,20,0,0.49134555
15020,26,1,0.74560636
15021,11,1,0.56777096
15022,11,0,0.58866733
15023,28,1,0.46305275
15024,2,1,0.4354491
15025,28,1,0.6155911
15026,15,0,0.3877598
15027,8,0,0.73016167
15028,4,0,0.33459592
15029,9,1,0.72457576
15030,4,0,0.37479314
15031,11,1,0.28316864
15032,12,0,0.39890277
15033,13,0,0.691195
15034,15,0,0.47058818
15035,15,0,0.2723318
15036,1,0,0.47135925
15037,15,1,0.32326305
15038,8,1,0.6888239
15039,5,0,0.4681715
15040,5,0,0.6482227
15041,11,1,0.46248183
15042,15,1,0.5323152
15043,3,0,0.37843123
15044,10,1,0.37171432
15045,11,1,0.72241646
15046,24,1,0.6547055
15047,11,0,0.3153308
15048,20,1,0.5908412
15049,16,0,0.30189013
15050,28,0,0.403035
15051,15,0,0.49579152
15052,2,0,0.6523479
15053,2,1,0.5992598
15054,7,1,0.6442803
15055,28,0,0.31034327
15056,27,0,0.39772636
15057,22,1,0.5705397
15058,0,1,0.3825855
15059,1,1,0.5744929
15060,19,1,0.47631738
15061,2,1,0.70059013
15062,19,1,0.6351818
15063,7,1,0.5822384
15064,27,0,0.3449376
15065,13,0,0.30973035
15066,28,1,0.5152316
15067,27,1,0.5316597
15068,15,1,0.7272087
15069,15,1,0.64596283
15070,8,0,0.6601009
15071,8,0,0.3696794
15072,1,0,0.38900715
15073,24,0,0.31906164
15074,3,0,0.34992856
15075,26,0,0.71251434
15076,5,1,0.528582
15077,8,0,0.48627108
15078,22,0,0.36894053
15079,28,0,0.4414969
15080,24,1,0.46427932
15081,16,1,0.647236
15082,16,0,0.5615543
15083,17,0,0.5845641
15084,13,1,0.6960215
15085,19,1,0.73348165
15086,28,0,0.3004517
15087,24,0,0.6669193
15088,26,0,0.34678
15089,16,1,0.6991721
15090,6,1,0.6112806
15091,8,1,0.36873788
15092,23,1,0.55294645
15093,27,1,0.43035954
15094,10,0,0.5017132
15095,10,0,0.40147176
15096,14,1,0.5091312
15097,7,0,0.7939829
15098,3,1,0.6663378
15099,8,1,0.7888197
15100,13,1,0.6188924
15101,16,0,0.4732422
15102,1,1,0.46876374
15103,15,0,0.3746937
15104,26,0,0.26206815
15105,23,1,0.5070563
15106,13,1,0.7243857
15107,2,1,0.6981368
15108,14,1,0.5612884
15109,26,0,0.3706551
15110,11,1,0.5119653
15111,14,1,0.42607972
15112,12,0,0.31752634
15113,15,0,0.41815278
15114,23,0,0.29786187
15115,16,0,0.4777449
15116,8,0,0.44320562
15117,15,1,0.53823286
15118,1,0,0.6041601
15119,22,1,0.4845463
15120,4,0,0.4126232
15121,12,0,0.5361309
15122,15,1,0.66575724
15123,10,0,0.3484159
15124,21,0,0.3997502
15125,17,0,0.38400906
15126,22,0,0.41863966
15127,25,0,0.35567495
15128,11,0,0.7125969
15129,11,1,0.26634791
15130,13,0,0.38385805
15131,16,0,0.28785425
15132,11,1,0.64681226
15133,15,0,0.38955113
15134,20,1,0.67927355
15135,14,1,0.3590464
15136,1,0,0.5606601
15137,22,0,0.43860513
15138,15,0,0.46793735
15139,12,0,0.5854141
15140,5,0,0.2763985
15141,1,1,0.70619524
15142,12,0,0.5758408
15143,11,1,0.6711516
15144,12,1,0.65564656
15145,13,1,0.59785175
15146,12,0,0.4492682
15147,15,0,0.3040894
15148,13,1,0.6912995
15149,21,1,0.329688
15150,2,0,0.40996465
15151,19,0,0.31532213
15152,2,1,0.34961486
15153,9,0,0.3591368
15154,25,1,0.3680922
15155,25,0,0.2963074
15156,24,0,0.6142369
15157,19,1,0.3480355
15158,13,0,0.2547362
15159,26,0,0.35826728
15160,26,0,0.2948622
15161,6,1,0.54079396
15162,19,1,0.29549646
15163,15,0,0.33436063
15164,26,0,0.39138383
15165,7,1,0.3897451
15166,26,1,0.42225173
15167,2,0,0.27110425
15168,6,1,0.42663577
15169,15,1,0.38649648
15170,2,0,0.25685817
15171,13,1,0.36782497
15172,13,0,0.46511012
15173,13,0,0.3144805
15174,8,0,0.36493286
15175,10,1,0.39816058
15176,13,0,0.55782676
15177,16,0,0.34582004
15178,6,0,0.37443313
15179,16,1,0.60471374
15180,6,1,0.53509796
15181,4,0,0.5844835
15182,27,1,0.5104506
15183,6,1,0.49579257
15184,25,1,0.5066023
15185,3,1,0.6297206
15186,12,0,0.62551445
15187,27,0,0.7211624
15188,17,0,0.2862096
15189,19,1,0.7471088
15190,25,1,0.5936621
15191,2,0,0.5844007
15192,9,1,0.67642033
15193,25,1,0.4674139
15194,19,1,0.70095396
15195,10,1,0.67849034
15196,8,1,0.67039335
15197,16,0,0.425941
15198,13,0,0.52858794
15199,20,1,0.6951139
15200,11,0,0.42589524
15201,26,1,0.5418194
15202,26,0,0.5964125
15203,2,1,0.7607486
15204,11,0,0.46408072
15205,18,0,0.37914935
15206,17,0,0.40986773
15207,25,1,0.7061402
15208,13,0,0.5031126
15209,24,1,0.39212865
15210,1,1,0.32526937
15211,8,0,0.45010176
15212,25,0,0.5001532
15213,8,0,0.47404122
15214,14,0,0.54276145
15215,18,1,0.5952191
15216,17,1,0.48033187
15217,27,1,0.6577716
15218,17,1,0.61068153
15219,16,1,0.55413
15220,27,0,0.29467237
15221,26,1,0.66001284
15222,26,0,0.7154
15223,16,0,0.3562818
15224,16,1,0.5749853
15225,17,0,0.41601256
15226,18,1,0.78654206
15227,21,1,0.5363142
15228,1,0,0.2927291
15229,17,1,0.63720685
15230,4,0,0.3908285
15231,3,0,0.37109637
15232,16,1,0.6896431
15233,15,0,0.74739605
15234,10,1,0.32883623
15235,6,1,0.66270715
15236,12,1,0.4664404
15237,24,0,0.34474668
15238,25,0,0.34377027
15239,6,0,0.43157762
15240,10,1,0.24532449
15241,14,0,0.6385067
15242,18,0,0.5444608
15243,14,0,0.654339
15244,24,0,0.56950647
15245,2,0,0.5271444
15246,8,1,0.3952131
15247,16,1,0.38689893
15248,10,1,0.7685195
15249,17,0,0.5606938
15250,1,0,0.46620587
15251,9,1,0.5110334
15252,4,0,0.38860732
15253,1,1,0.6100399
15254,25,1,0.6096489
15255,8,0,0.39380303
15256,1,1,0.445535
15257,15,0,0.28487268
15258,7,1,0.5367534
15259,8,0,0.5977076
15260,15,1,0.65623116
15261,1,1,0.73070186
15262,12,0,0.57533723
15263,20,1,0.6411993
15264,22,1,0.684816
15265,3,1,0.5876916
15266,13,0,0.42810178
15267,15,0,0.38277313
15268,16,0,0.5184007
15269,24,1,0.620418
15270,10,0,0.6824897
15271,10,1,0.43205833
15272,3,0,0.31522745
15273,2,1,0.6864829
15274,4,1,0.48585922
15275,8,0,0.3256514
15276,18,1,0.7449348
15277,6,0,0.30903858
15278,7,1,0.59216696
15279,13,1,0.6122243
15280,0,1,0.7556661
15281,13,0,0.30078506
15282,7,1,0.4657651
15283,20,0,0.39878923
15284,28,1,0.732616
15285,27,0,0.7287779
15286,2,0,0.43565714
15287,2,1,0.6367584
15288,22,0,0.28332746
15289,4,0,0.309983
15290,16,0,0.7523179
15291,13,1,0.38966396
15292,8,0,0.4320073
15293,2,0,0.71540886
15294,22,1,0.69074786
15295,10,0,0.40135935
15296,15,0,0.543244
15297,26,0,0.4254206
15298,25,0,0.55598736
15299,8,0,0.27847594
15300,13,0,0.3317196
15301,0,1,0.6617096
15302,17,1,0.7296561
15303,14,1,0.506058
15304,25,1,0.7276914
15305,17,1,0.5487777
15306,10,1,0.65616626
15307,25,1,0.48199007
15308,24,0,0.25170147
15309,9,1,0.47255945
15310,1,0,0.558628
15311,24,1,0.68624955
15312,7,0,0.44272247
15313,25,1,0.3945164
15314,12,0,0.3629024
15315,9,0,0.29397428
15316,26,1,0.7526052
15317,5,0,0.47916833
15318,8,0,0.31138772
15319,13,1,0.60747826
15320,22,0,0.2770851
15321,9,1,0.5095865
15322,7,0,0.32551676
15323,15,1,0.5791098
15324,28,1,0.5278174
15325,5,1,0.6228095
15326,2,1,0.51507854
15327,1,1,0.51902574
15328,25,1,0.580402
15329,2,0,0.5785439
15330,17,1,0.52954036
15331,11,1,0.49295908
15332,12,0,0.32276753
15333,16,0,0.45737705
15334,26,1,0.7110081
15335,27,0,0.6684951
15336,5,1,0.24814026
15337,11,1,0.51871216
15338,11,1,0.7442063
15339,12,0,0.30032298
15340,15,0,0.6504826
15341,22,0,0.30515128
15342,16,1,0.5308852
15343,1,0,0.6886691
15344,10,0,0.423208
15345,22,0,0.32890093
15346,23,0,0.39575425
15347,22,0,0.3945019
15348,13,0,0.3717257
15349,16,1,0.5412632
15350,12,1,0.5254424
15351,27,0,0.69862777
15352,27,0,0.6941774
15353,10,1,0.57498646
15354,8,0,0.4973544
15355,25,0,0.3133747
15356,12,1,0.36171645
15357,7,0,0.4628403
15358,15,1,0.6719268
15359,12,0,0.76286745
15360,5,0,0.4282071
15361,11,1,0.62097067
15362,14,0,0.31115773
15363,6,1,0.4993463
15364,28,0,0.43558115
15365,10,0,0.7128283
15366,22,0,0.3816965
15367,12,0,0.45659456
15368,23,0,0.61317897
15369,13,1,0.6546598
15370,0,0,0.546475
15371,16,0,0.45283383
15372,10,1,0.59770656
15373,16,0,0.5179288
15374,14,1,0.4162794
15375,27,1,0.34791496
15376,12,0,0.32684943
15377,2,1,0.77918357
15378,20,1,0.5223835
15379,6,0,0.39369193
15380,7,0,0.29218605
15381,16,0,0.48636052
15382,16,0,0.35369432
15383,15,1,0.6545622
15384,22,0,0.55194664
15385,6,0,0.4376178
15386,18,0,0.61325425
15387,17,0,0.49460503
15388,8,0,0.43284425
15389,10,0,0.5058125
15390,3,1,0.3328921
15391,18,1,0.38360763
15392,1,1,0.50696033
15393,28,1,0.6786937
15394,20,0,0.38035887
15395,11,1,0.48131478
15396,26,0,0.24356951
15397,5,1,0.6797334
15398,13,1,0.7500066
15399,2,0,0.319319
15400,15,1,0.611871
15401,12,0,0.47341168
15402,1,1,0.32007995
15403,25,1,0.3442008
15404,10,0,0.6919323
15405,26,1,0.6597732
15406,13,1,0.6244827
15407,2,0,0.45257735
15408,27,1,0.78552747
15409,7,0,0.6426991
15410,22,1,0.7484643
15411,8,0,0.42026404
15412,12,0,0.23913687
15413,13,1,0.6624519
15414,1,0,0.47710896
15415,18,1,0.64879537
15416,20,0,0.49773142
15417,0,1,0.47221804
15418,22,1,0.5465346
15419,13,0,0.553393
15420,10,1,0.496285
15421,14,1,0.46784338
15422,27,1,0.6329792
15423,17,1,0.5851906
15424,18,1,0.5868703
15425,2,0,0.62892145
15426,28,1,0.6431386
15427,25,0,0.33337933
15428,24,0,0.35957855
15429,7,1,0.78622985
15430,28,1,0.64733744
15431,15,0,0.26104924
15432,26,0,0.507203
15433,26,0,0.5775379
15434,25,0,0.38595206
15435,25,0,0.43060425
15436,2,1,0.3448219
15437,8,1,0.7220809
15438,17,0,0.65652657
15439,1,1,0.63965124
15440,12,1,0.7043159
15441,18,0,0.43422046
15442,5,1,0.46729526
15443,28,0,0.35051957
15444,25,1,0.6622073
15445,20,1,0.70809925
15446,13,0,0.4808992
15447,6,1,0.54606247
15448,15,1,0.6269021
15449,14,1,0.7470435
15450,2,1,0.4076859
15451,21,0,0.5488298
15452,25,0,0.2791978
15453,8,1,0.77024066
15454,2,0,0.41722882
15455,25,0,0.33211628
15456,27,1,0.7475973
15457,23,1,0.43245792
15458,13,1,0.63801146
15459,19,1,0.760328
15460,10,1,0.6659548
15461,15,1,0.582423
15462,9,1,0.7684427
15463,8,1,0.35390913
15464,28,1,0.6968297
15465,6,0,0.32670504
15466,16,0,0.2942266
15467,2,0,0.3776892
15468,25,1,0.54900885
15469,15,1,0.60216033
15470,15,1,0.49877
15471,4,0,0.6188631
15472,2,1,0.5240618
15473,8,1,0.54100984
15474,22,1,0.67821693
15475,7,1,0.68103635
15476,24,0,0.35296744
15477,14,1,0.4798228
15478,2,1,0.29014808
15479,26,0,0.27740517
15480,19,1,0.45009932
15481,23,0,0.294307
15482,6,0,0.602959
15483,26,1,0.33004323
15484,10,1,0.40452385
15485,3,0,0.5474651
15486,7,0,0.56761736
15487,14,0,0.335608
15488,6,1,0.29722732
15489,21,0,0.38778365
15490,14,0,0.28439614
15491,4,1,0.551168
15492,22,1,0.5916445
15493,13,0,0.51239794
15494,2,1,0.34434903
15495,11,0,0.33486515
15496,10,1,0.56369025
15497,27,1,0.46081612
15498,15,1,0.3581947
15499,20,0,0.3338523
15500,3,0,0.4368589
15501,5,0,0.5101059
15502,0,1,0.6356873
15503,16,0,0.3973448
15504,24,1,0.7063561
15505,13,0,0.4668643
15506,13,0,0.51251084
15507,11,1,0.5616843
15508,1,0,0.3619723
15509,13,1,0.3025426
15510,27,0,0.36179355
15511,10,0,0.3711761
15512,1,1,0.632346
15513,13,0,0.3734136
15514,17,0,0.5808958
15515,15,1,0.6517031
15516,18,1,0.3320541
15517,2,0,0.4822295
15518,8,0,0.64334303
15519,12,0,0.5154149
15520,12,1,0.704711
15521,1,0,0.37616915
15522,20,0,0.4396693
15523,15,1,0.5867997
15524,0,0,0.40440926
15525,0,0,0.34185812
15526,26,1,0.65777844
15527,14,0,0.5656764
15528,21,0,0.30688718
15529,21,0,0.26087457
15530,26,1,0.6980842
15531,26,0,0.43916407
15532,12,0,0.4208827
15533,19,1,0.55057704
15534,3,1,0.65167606
15535,15,1,0.5472932
15536,7,0,0.58244306
15537,16,1,0.53871137
15538,28,0,0.36451957
15539,25,1,0.6824606
15540,3,0,0.35072312
15541,25,0,0.44506752
15542,10,1,0.57884485
15543,24,0,0.6411445
15544,10,0,0.52096707
15545,11,1,0.6751314
15546,2,0,0.41659564
15547,18,1,0.29417732
15548,15,0,0.6704335
15549,1,0,0.3111268
15550,25,1,0.70059294
15551,21,0,0.6854278
15552,8,1,0.71887887
15553,2,0,0.37791622
15554,6,0,0.39101538
15555,15,1,0.5768035
15556,3,1,0.6203977
15557,2,1,0.34463146
15558,16,0,0.62896496
15559,9,1,0.39712605
15560,27,1,0.50125206
15561,23,0,0.37050232
15562,26,1,0.6084995
15563,26,0,0.3943778
15564,5,1,0.67033017
15565,22,0,0.3466969
15566,6,1,0.36863238
15567,28,0,0.3686042
15568,16,0,0.35614163
15569,5,1,0.553761
15570,27,1,0.6013851
15571,15,0,0.42782328
15572,26,0,0.6376522
15573,28,1,0.67385465
15574,26,1,0.62016326
15575,1,0,0.4354924
15576,2,1,0.40309942
15577,12,1,0.632099
15578,13,0,0.45289305
15579,16,0,0.7204921
15580,22,1,0.7151342
15581,16,0,0.7582281
15582,14,0,0.38358444
15583,13,1,0.5459624
15584,10,0,0.4682213
15585,13,0,0.40005264
15586,10,1,0.53818417
15587,16,1,0.5014334
15588,12,1,0.61003035
15589,20,1,0.82678527
15590,9,0,0.384997
15591,18,0,0.43956047
15592,27,0,0.28825676
15593,12,1,0.501318
15594,3,1,0.6859162
15595,25,1,0.58668315
15596,11,1,0.60316145
15597,26,0,0.24471492
15598,27,0,0.3229065
15599,8,0,0.25790113
15600,10,1,0.6026323
15601,4,1,0.4188487
15602,5,0,0.33631364
15603,7,0,0.48639187
15604,19,1,0.5313258
15605,12,1,0.4900692
15606,8,1,0.67762953
15607,2,1,0.39791468
15608,6,1,0.7214441
15609,16,1,0.5501808
15610,11,1,0.6149252
15611,13,0,0.28611842
15612,19,0,0.3256595
15613,13,1,0.59685236
15614,11,0,0.527455
15615,10,1,0.54374903
15616,14,0,0.51570165
15617,12,0,0.26815438
15618,16,1,0.5241998
15619,25,1,0.40626955
15620,20,0,0.45023918
15621,22,0,0.3269784
15622,10,1,0.7286544
15623,8,0,0.32457408
15624,10,1,0.7575189
15625,1,0,0.4170565
15626,16,1,0.6681941
15627,10,0,0.30642834
15628,22,1,0.6140256
15629,2,1,0.36404395
15630,9,1,0.60433257
15631,15,1,0.61685055
15632,19,0,0.54631317
15633,0,0,0.6100686
15634,15,1,0.7596833
15635,6,0,0.29100376
15636,16,0,0.33428276
15637,16,1,0.33792213
15638,0,1,0.42121264
15639,23,1,0.74812716
15640,13,1,0.4804364
15641,2,0,0.44382358
15642,20,0,0.5689537
15643,25,1,0.7351652
15644,9,0,0.4523604
15645,16,1,0.48915523
15646,21,1,0.5909007
15647,7,1,0.7146049
15648,11,1,0.681495
15649,0,1,0.6716782
15650,21,0,0.29626948
15651,13,1,0.54869235
15652,23,0,0.46990007
15653,25,1,0.6843751
15654,18,1,0.6661687
15655,11,1,0.7074928
15656,2,1,0.5006863
15657,5,1,0.52815855
15658,17,1,0.33422154
15659,19,1,0.46719456
15660,0,1,0.27550748
15661,19,0,0.35045466
15662,12,0,0.40455124
15663,14,0,0.30806535
15664,16,0,0.30976334
15665,19,0,0.42246643
15666,15,1,0.6727186
15667,15,0,0.4482548
15668,13,0,0.34105873
15669,7,1,0.47964218
15670,17,0,0.42929214
15671,2,1,0.40068278
15672,16,1,0.5777832
15673,25,0,0.30971944
15674,27,1,0.4107233
15675,16,1,0.6846608
15676,1,1,0.68664587
15677,6,1,0.6277174
15678,18,1,0.6030491
15679,1,1,0.46470368
15680,27,1,0.5936484
15681,7,1,0.44106573
15682,5,0,0.5008742
15683,18,1,0.5922311
15684,22,1,0.5307477
15685,18,1,0.79685766
15686,16,0,0.5610579
15687,13,0,0.31716216
15688,20,1,0.64344597
15689,20,1,0.7257905
15690,10,0,0.3599785
15691,21,0,0.45334774
15692,24,0,0.2768817
15693,26,0,0.54880375
15694,4,0,0.6266034
15695,2,0,0.46908355
15696,25,1,0.33446094
15697,18,0,0.34766874
15698,26,0,0.26146987
15699,17,1,0.6758522
15700,6,1,0.72841084
15701,10,1,0.5958899
15702,16,1,0.50425667
15703,22,1,0.6507233
15704,26,1,0.70135593
15705,23,1,0.5284528
15706,25,0,0.4572031
15707,8,1,0.55651444
15708,6,0,0.5026703
15709,25,0,0.46866098
15710,11,1,0.30149987
15711,27,1,0.431948
15712,25,0,0.3459739
15713,10,1,0.6621361
15714,21,0,0.411244
15715,12,0,0.3237489
15716,2,1,0.5921883
15717,15,1,0.40838638
15718,12,0,0.4265582
15719,11,1,0.48752037
15720,12,0,0.2855652
15721,21,0,0.3357971
15722,28,0,0.326668
15723,6,1,0.68540883
15724,23,1,0.6358406
15725,17,0,0.3453342
15726,1,1,0.5266539
15727,11,0,0.3317745
15728,28,1,0.7876821
15729,12,1,0.79870504
15730,16,1,0.4891928
15731,25,1,0.721211
15732,22,0,0.40922466
15733,15,0,0.30209982
15734,27,0,0.4501761
15735,23,1,0.47849157
15736,10,1,0.49692962
15737,26,1,0.49676487
15738,23,1,0.6535633
15739,15,1,0.31955332
15740,11,0,0.3535029
15741,10,0,0.37294292
15742,3,1,0.57522833
15743,16,0,0.67440224
15744,8,0,0.2410319
15745,13,0,0.40042022
15746,16,0,0.38589332
15747,1,0,0.68245995
15748,10,1,0.6465354
15749,25,0,0.5594541
15750,2,1,0.67163646
15751,25,1,0.38759294
15752,11,0,0.30155796
15753,16,1,0.5060484
15754,9,0,0.2667562
15755,0,0,0.6825645
15756,26,1,0.69734037
15757,23,0,0.38114882
15758,2,1,0.48201105
15759,10,0,0.57664925
15760,16,1,0.6474567
15761,2,1,0.74568665
15762,4,0,0.34246585
15763,13,0,0.3240143
15764,13,0,0.43662274
15765,5,1,0.49876732
15766,20,0,0.31660944
15767,6,1,0.7082782
15768,8,1,0.50905406
15769,18,0,0.33536363
15770,23,1,0.4246796
15771,8,0,0.27561867
15772,15,1,0.6671329
15773,1,0,0.47507617
15774,27,1,0.73914915
15775,13,1,0.42942756
15776,11,1,0.6658126
15777,22,0,0.6084351
15778,23,1,0.6913949
15779,13,1,0.7215621
15780,28,1,0.29972714
15781,11,1,0.5736232
15782,22,0,0.39207023
15783,25,0,0.32758683
15784,3,1,0.6368726
15785,17,1,0.44641873
15786,10,0,0.23804514
15787,22,1,0.6861767
15788,10,1,0.50967824
15789,11,0,0.2738049
15790,20,0,0.5729817
15791,9,0,0.32032058
15792,6,0,0.39478308
15793,11,0,0.51273066
15794,7,1,0.5087835
15795,11,0,0.3074232
15796,2,0,0.3553647
15797,24,1,0.35809442
15798,18,1,0.66877484
15799,22,0,0.5620047
15800,8,0,0.5364265
15801,11,1,0.31181678
15802,19,1,0.59865516
15803,11,1,0.3503414
15804,4,1,0.69948876
15805,7,0,0.42536187
15806,20,1,0.43540272
15807,26,1,0.73602366
15808,2,0,0.6684769
15809,7,0,0.36456802
15810,0,0,0.27915102
15811,11,0,0.3411691
15812,8,1,0.61404216
15813,17,1,0.73185766
15814,7,1,0.49760717
15815,4,0,0.35339144
15816,4,0,0.6961088
15817,6,0,0.4774228
15818,3,0,0.3590541
15819,23,1,0.6051945
15820,22,0,0.36414984
15821,26,0,0.28842413
15822,1,1,0.5883487
15823,12,1,0.6695465
15824,2,0,0.37822136
15825,9,1,0.5972579
15826,25,1,0.69614834
15827,18,1,0.5110832
15828,25,1,0.40477753
15829,26,0,0.634923
15830,19,1,0.5700096
15831,13,1,0.6267814
15832,26,1,0.7120255
15833,4,1,0.6302804
15834,18,0,0.69579744
15835,21,1,0.34074637
15836,6,1,0.74664235
15837,13,0,0.72718745
15838,11,0,0.43086088
15839,8,1,0.48741648
15840,10,1,0.5665928
15841,8,0,0.45766917
15842,25,1,0.3377387
15843,28,0,0.52331144
15844,21,0,0.55850846
15845,11,1,0.5054465
15846,20,1,0.5779806
15847,7,1,0.36997828
15848,25,1,0.62291765
15849,18,0,0.2888052
15850,13,1,0.49345264
15851,8,1,0.43685225
15852,23,1,0.6905514
15853,16,0,0.29567662
15854,18,1,0.32205963
15855,25,1,0.61769336
15856,9,0,0.5183084
15857,12,0,0.30928183
15858,8,0,0.45704404
15859,12,1,0.68981874
15860,4,0,0.37249783
15861,26,1,0.4439242
15862,22,1,0.62355167
15863,13,0,0.5360133
15864,25,1,0.7769393
15865,1,0,0.45147002
15866,1,1,0.3092452
15867,10,0,0.45433515
15868,23,0,0.33850092
15869,16,0,0.26381963
15870,15,0,0.27987218
15871,22,0,0.429886
15872,5,0,0.40279838
15873,18,0,0.3030498
15874,18,1,0.40887514
15875,11,1,0.5628558
15876,15,0,0.678299
15877,16,1,0.49702147
15878,25,0,0.47005683
15879,7,0,0.58510596
15880,23,0,0.29324368
15881,12,1,0.72729576
15882,2,0,0.46904954
15883,2,1,0.51547986
15884,13,1,0.44380033
15885,17,1,0.66003066
15886,15,0,0.73810935
15887,22,1,0.5661365
15888,7,1,0.6486104
15889,10,0,0.42333382
15890,8,0,0.3484647
15891,10,0,0.4887719
15892,18,0,0.68350416
15893,6,1,0.7797097
15894,5,0,0.3441487
15895,15,1,0.6161573
15896,11,0,0.528826
15897,4,0,0.5037781
