,tissue_ids,target,prediction
0,20,0,0.72011447
1,4,1,0.9119628
2,25,0,0.39793605
3,16,0,0.48202002
4,16,1,0.36061096
5,23,1,0.5983368
6,13,0,0.43725073
7,1,1,0.6105039
8,9,0,0.35144663
9,3,0,0.15466376
10,23,0,0.24650678
11,15,1,0.27832448
12,20,1,0.5839947
13,18,1,0.77908534
14,16,0,0.64933634
15,15,0,0.6453231
16,28,0,0.4644857
17,10,0,0.37801772
18,18,0,0.35748264
19,16,0,0.5815019
20,5,0,0.3256521
21,5,0,0.3200552
22,1,1,0.39889574
23,7,0,0.45416012
24,12,0,0.4981734
25,2,0,0.4092138
26,6,1,0.4987231
27,5,1,0.26522034
28,19,0,0.49602017
29,13,1,0.56550246
30,7,1,0.34421083
31,12,0,0.28187507
32,26,0,0.24767572
33,28,0,0.3627545
34,10,0,0.6805285
35,3,0,0.23881558
36,1,1,0.5913373
37,13,0,0.5642514
38,13,1,0.5825978
39,13,0,0.82742906
40,13,1,0.47579065
41,19,0,0.508693
42,22,1,0.34634992
43,13,0,0.19067685
44,15,0,0.36242646
45,18,1,0.82529426
46,6,0,0.387941
47,1,1,0.4316913
48,2,1,0.40541017
49,13,1,0.3260234
50,25,1,0.672214
51,26,0,0.3401904
52,14,0,0.30375156
53,12,1,0.7910119
54,15,1,0.58053035
55,28,0,0.542799
56,1,0,0.38741764
57,23,1,0.39334044
58,12,0,0.6769526
59,19,1,0.34785113
60,12,0,0.19616362
61,3,1,0.88083994
62,10,1,0.63192505
63,8,1,0.417597
64,16,1,0.41069758
65,4,1,0.4633952
66,23,1,0.6878935
67,10,1,0.51256675
68,22,1,0.70174193
69,1,0,0.5213205
70,9,0,0.5626967
71,19,1,0.47683764
72,15,0,0.18195833
73,25,0,0.3433481
74,13,0,0.43836662
75,10,1,0.7970556
76,6,1,0.4649821
77,21,0,0.17563298
78,16,1,0.6021009
79,15,1,0.6893906
80,22,1,0.6164919
81,9,0,0.3595964
82,2,1,0.70749927
83,9,1,0.50943047
84,16,0,0.19608788
85,4,0,0.51772976
86,19,1,0.32385254
87,4,0,0.4939731
88,7,1,0.311221
89,13,1,0.6086981
90,11,1,0.5680317
91,27,0,0.46453643
92,16,0,0.5390808
93,6,1,0.46000546
94,17,0,0.64726484
95,3,1,0.7549359
96,0,0,0.35059828
97,1,0,0.5213224
98,3,1,0.73810565
99,7,1,0.81531775
100,2,0,0.32441613
101,1,1,0.6792145
102,12,0,0.55251735
103,18,0,0.42173654
104,4,0,0.48417595
105,16,0,0.46574998
106,25,0,0.5522481
107,17,0,0.23522605
108,2,0,0.21305133
109,13,1,0.46838215
110,27,0,0.52010524
111,18,0,0.7447033
112,26,1,0.5600485
113,2,1,0.17411353
114,26,1,0.5162025
115,4,0,0.48187852
116,16,1,0.66887355
117,16,1,0.49649155
118,9,1,0.50982034
119,6,0,0.6540782
120,3,1,0.7777654
121,18,1,0.49084523
122,3,0,0.33842334
123,14,0,0.14259832
124,6,0,0.6836577
125,0,0,0.81151706
126,27,0,0.5360542
127,8,1,0.4315951
128,25,0,0.45811966
129,17,1,0.2615253
130,20,1,0.4508017
131,10,0,0.8053219
132,3,1,0.4861819
133,10,1,0.42756912
134,15,0,0.27573055
135,14,1,0.8133206
136,2,0,0.30073178
137,1,0,0.70967716
138,11,0,0.1928963
139,19,1,0.6769926
140,22,0,0.34013098
141,7,0,0.6008485
142,27,1,0.35514036
143,0,1,0.4982908
144,10,1,0.33841485
145,16,0,0.6539707
146,12,0,0.4372004
147,4,1,0.5617439
148,12,1,0.5672727
149,13,0,0.8855208
150,11,1,0.47179788
151,21,0,0.34365
152,7,0,0.59004956
153,25,0,0.46331444
154,13,1,0.4814938
155,25,0,0.35595497
156,5,1,0.75038314
157,8,0,0.5749702
158,25,0,0.5275596
159,8,0,0.24638607
160,13,1,0.6780232
161,16,0,0.3978239
162,2,0,0.47156477
163,20,0,0.48888114
164,1,1,0.6958242
165,3,1,0.6397512
166,15,0,0.6370646
167,21,0,0.14301988
168,11,1,0.6455636
169,26,0,0.28417253
170,6,1,0.52745193
171,0,1,0.55187374
172,19,1,0.5682378
173,13,1,0.5694917
174,23,1,0.7234072
175,5,1,0.32274857
176,12,1,0.843978
177,19,1,0.71731836
178,3,1,0.54433644
179,1,0,0.35489747
180,19,1,0.7658362
181,25,0,0.36517286
182,27,0,0.41111526
183,19,0,0.37098992
184,6,1,0.21732375
185,28,1,0.47789285
186,20,1,0.42254335
187,13,0,0.38561994
188,1,1,0.22898053
189,5,0,0.40207312
190,20,0,0.38552377
191,10,1,0.50173044
192,27,1,0.842103
193,16,1,0.4073586
194,14,1,0.44095823
195,20,1,0.725849
196,13,1,0.7598999
197,13,1,0.5609486
198,17,1,0.38743094
199,20,0,0.40296894
200,16,0,0.6714247
201,18,0,0.59638304
202,7,1,0.426047
203,16,1,0.552527
204,16,1,0.65983653
205,23,0,0.11966576
206,16,1,0.59681225
207,19,0,0.45230734
208,26,1,0.7764451
209,9,1,0.5849755
210,13,0,0.3125078
211,2,1,0.7458528
212,19,1,0.6774661
213,6,0,0.79110897
214,1,0,0.45875904
215,22,0,0.4046795
216,4,1,0.4099771
217,28,0,0.1946563
218,1,1,0.4009128
219,28,0,0.3517749
220,24,0,0.6214544
221,13,0,0.57942265
222,9,1,0.36186293
223,24,0,0.73419833
224,16,0,0.44794315
225,19,0,0.41417772
226,12,0,0.35845524
227,16,0,0.6531047
228,15,0,0.5864217
229,15,1,0.43203083
230,15,0,0.6119894
231,25,1,0.5909789
232,8,0,0.3183639
233,9,1,0.86395454
234,12,0,0.23825863
235,5,1,0.8664016
236,18,0,0.4717184
237,26,0,0.53984916
238,19,0,0.88664436
239,4,1,0.6784235
240,28,1,0.6896815
241,7,1,0.8569909
242,2,1,0.24209937
243,26,0,0.26055852
244,1,0,0.41266087
245,4,1,0.6813795
246,22,0,0.53346264
247,1,0,0.24112451
248,8,1,0.55905837
249,24,1,0.6368575
250,10,1,0.6980039
251,0,0,0.60584414
252,28,0,0.36148444
253,13,0,0.7599806
254,13,1,0.64936954
255,15,0,0.61543304
256,21,0,0.5414276
257,25,0,0.3730208
258,21,0,0.6647636
259,3,0,0.3329289
260,16,1,0.3585999
261,16,0,0.608297
262,17,0,0.21652113
263,3,0,0.6680638
264,10,0,0.41215625
265,26,0,0.5723292
266,16,0,0.3621059
267,25,0,0.6099257
268,17,1,0.4831142
269,16,0,0.3587571
270,8,0,0.7678003
271,20,0,0.22373717
272,17,0,0.49537095
273,2,1,0.83784544
274,27,0,0.30308756
275,18,0,0.2579727
276,0,0,0.47939318
277,19,1,0.29258138
278,0,1,0.694804
279,18,0,0.27705824
280,14,0,0.26785874
281,21,0,0.8895138
282,21,1,0.3989546
283,0,1,0.32019016
284,16,0,0.28952587
285,28,1,0.82148707
286,8,1,0.67883176
287,25,0,0.33640805
288,18,1,0.4564578
289,0,0,0.4181336
290,12,0,0.34039387
291,24,1,0.8675612
292,11,1,0.7962512
293,6,0,0.8013977
294,24,0,0.60547036
295,18,1,0.36442912
296,10,0,0.39183554
297,16,0,0.11196503
298,27,1,0.5533877
299,20,0,0.3995662
300,18,1,0.6649061
301,15,1,0.33477578
302,18,1,0.41653588
303,5,0,0.3493917
304,2,1,0.86292964
305,27,1,0.7504817
306,27,1,0.30212128
307,14,1,0.60754865
308,10,1,0.4100748
309,11,1,0.6834549
310,23,0,0.25636986
311,22,1,0.29186597
312,6,1,0.56065404
313,8,1,0.35321617
314,11,0,0.52882105
315,11,0,0.52956533
316,6,1,0.740657
317,12,1,0.46644118
318,12,0,0.3914335
319,20,1,0.37483865
320,15,1,0.6991212
321,13,0,0.48058388
322,22,0,0.6474023
323,16,0,0.3362285
324,13,1,0.58255607
325,18,0,0.3345234
326,17,0,0.3591613
327,15,0,0.504478
328,2,0,0.29913262
329,6,1,0.23143056
330,22,1,0.882291
331,25,1,0.2632948
332,2,0,0.21130028
333,12,1,0.4618068
334,28,0,0.56062454
335,8,0,0.2117836
336,10,1,0.7751189
337,27,0,0.6495773
338,20,0,0.27868757
339,8,0,0.5904499
340,17,0,0.3032464
341,15,1,0.6693752
342,11,0,0.29814956
343,2,1,0.8063685
344,11,0,0.6931013
345,12,1,0.47357947
346,14,1,0.3385347
347,20,1,0.26122183
348,12,1,0.8627975
349,1,0,0.324918
350,4,1,0.3353666
351,2,1,0.758789
352,27,1,0.8486829
353,1,0,0.20466499
354,4,0,0.49895352
355,3,1,0.7893096
356,8,0,0.20899586
357,0,1,0.49796626
358,5,1,0.339881
359,6,0,0.5761926
360,27,1,0.8033024
361,16,1,0.61070174
362,10,0,0.32504544
363,10,1,0.29624277
364,9,0,0.4028728
365,12,1,0.59104556
366,28,1,0.40207595
367,16,0,0.28216895
368,20,1,0.84945995
369,28,1,0.9014374
370,15,1,0.43774924
371,9,1,0.47360557
372,11,0,0.23582414
373,17,1,0.44706845
374,12,1,0.7856491
375,22,1,0.29621524
376,18,0,0.30339497
377,5,1,0.7082702
378,2,1,0.6959785
379,3,1,0.84990704
380,15,0,0.19418861
381,14,0,0.36892995
382,27,0,0.2993068
383,20,1,0.72257435
384,8,1,0.60156304
385,8,0,0.120213985
386,19,1,0.63834226
387,9,0,0.36951393
388,23,0,0.61746746
389,1,1,0.4586131
390,2,0,0.26661444
391,15,0,0.28492284
392,21,0,0.23161812
393,11,1,0.50188243
394,17,0,0.43989322
395,2,1,0.5375513
396,7,1,0.32717443
397,9,1,0.74153495
398,25,1,0.50074416
399,25,1,0.66325283
400,27,1,0.52421904
401,26,0,0.28914282
402,18,0,0.2533811
403,21,0,0.24931906
404,10,0,0.74639773
405,4,1,0.6855803
406,22,1,0.53222704
407,13,0,0.58508825
408,5,1,0.34986973
409,1,1,0.68124515
410,19,1,0.7102798
411,16,1,0.6724571
412,18,0,0.35754794
413,15,0,0.326121
414,17,1,0.27260742
415,25,0,0.4272082
416,22,1,0.7971799
417,8,1,0.732004
418,10,0,0.31853098
419,11,0,0.46517724
420,18,0,0.60300183
421,16,0,0.46549422
422,28,0,0.5199858
423,2,1,0.7736453
424,8,1,0.6645047
425,1,0,0.22814223
426,2,0,0.3985408
427,2,0,0.2943311
428,16,0,0.31403404
429,24,0,0.8778228
430,2,0,0.63234866
431,10,1,0.5816918
432,1,1,0.79422367
433,4,0,0.5103414
434,12,1,0.67029536
435,7,1,0.46394905
436,15,1,0.36620015
437,23,0,0.4930016
438,13,0,0.3380887
439,2,1,0.2783395
440,15,0,0.5967366
441,1,0,0.6751473
442,20,0,0.1968612
443,2,1,0.7526408
444,18,0,0.728245
445,13,0,0.71946436
446,13,0,0.68835884
447,6,1,0.67339563
448,9,1,0.47107983
449,1,1,0.28593072
450,4,1,0.34301716
451,16,1,0.63324916
452,26,0,0.22289313
453,8,1,0.6894902
454,2,1,0.76674175
455,2,1,0.29355103
456,26,1,0.7675495
457,5,0,0.053167764
458,28,0,0.22381033
459,25,0,0.38317722
460,14,0,0.50696945
461,12,0,0.39314887
462,13,1,0.6234228
463,3,0,0.22325347
464,14,1,0.8792163
465,10,1,0.6652141
466,18,0,0.5787233
467,11,1,0.53803605
468,3,1,0.66374415
469,16,1,0.52931124
470,20,1,0.20481609
471,4,0,0.2470767
472,11,0,0.32694885
473,21,0,0.3656158
474,10,0,0.43391833
475,13,1,0.37127623
476,25,0,0.7631272
477,13,1,0.5937727
478,21,0,0.5479703
479,15,0,0.239911
480,20,1,0.8668965
481,12,1,0.57107264
482,23,1,0.58813655
483,11,1,0.831473
484,1,0,0.4941852
485,27,0,0.23727086
486,25,1,0.720917
487,13,1,0.31069875
488,27,0,0.3208561
489,13,1,0.74019516
490,3,1,0.55649567
491,2,0,0.34725025
492,13,1,0.83568877
493,6,1,0.7217991
494,0,0,0.4011985
495,8,1,0.84550786
496,6,1,0.35528708
497,20,1,0.34653318
498,0,0,0.8731202
499,26,0,0.52360255
500,26,1,0.69235367
501,11,0,0.43225774
502,23,1,0.5404548
503,11,0,0.31008813
504,14,1,0.521486
505,3,1,0.70164794
506,17,1,0.81460106
507,8,1,0.24401613
508,8,0,0.4553874
509,25,1,0.35978353
510,1,1,0.44438973
511,21,0,0.32308754
512,28,1,0.73548526
513,9,0,0.33364502
514,9,1,0.79830474
515,20,0,0.36565587
516,25,1,0.2804829
517,28,0,0.13057017
518,13,0,0.19800547
519,19,0,0.20178117
520,16,1,0.7023652
521,25,0,0.3672336
522,16,1,0.7059317
523,26,0,0.3343279
524,16,0,0.35887086
525,18,0,0.41395676
526,27,0,0.48506498
527,1,0,0.3306831
528,22,0,0.5349772
529,27,1,0.88384664
530,10,1,0.7158746
531,6,1,0.64366776
532,6,1,0.6038105
533,20,0,0.43878752
534,25,1,0.5296193
535,21,1,0.7061952
536,21,0,0.3067584
537,17,1,0.5020233
538,8,0,0.32406637
539,2,0,0.38925594
540,8,1,0.7979091
541,22,1,0.7810645
542,10,1,0.44658977
543,12,1,0.41842967
544,2,0,0.3251102
545,8,1,0.49664053
546,8,0,0.40250483
547,16,0,0.50798947
548,13,1,0.54784805
549,10,1,0.6594979
550,14,1,0.6116375
551,12,1,0.27915612
552,17,1,0.25417912
553,16,0,0.22334023
554,14,0,0.30781683
555,25,1,0.5723233
556,8,1,0.6128657
557,10,1,0.670582
558,9,1,0.42614985
559,9,0,0.43173012
560,27,0,0.51284504
561,28,0,0.455918
562,13,1,0.4149422
563,13,0,0.4983512
564,2,1,0.7693442
565,15,0,0.3188186
566,16,0,0.40622312
567,15,0,0.29445973
568,27,1,0.8169187
569,6,0,0.54782367
570,16,1,0.6052304
571,21,0,0.41777426
572,5,0,0.5806512
573,24,0,0.59153557
574,6,1,0.37703395
575,1,0,0.25343668
576,15,1,0.1912404
577,25,1,0.59606385
578,0,0,0.4162596
579,25,0,0.22715372
580,7,1,0.57379395
581,13,1,0.6453355
582,14,0,0.4654265
583,16,0,0.33592325
584,11,1,0.7410969
585,23,1,0.8964793
586,27,0,0.48589703
587,20,0,0.54972297
588,3,0,0.17202848
589,28,1,0.5816719
590,10,0,0.54658425
591,15,1,0.6510237
592,18,0,0.48946387
593,7,1,0.3227025
594,12,0,0.3234951
595,1,1,0.57199556
596,7,0,0.7070001
597,13,0,0.21700078
598,2,0,0.60218734
599,10,0,0.4769366
600,2,1,0.5255968
601,25,1,0.7500057
602,15,1,0.45307425
603,12,0,0.23460843
604,2,0,0.31023806
605,22,0,0.54373014
606,20,1,0.87353146
607,17,0,0.5800718
608,14,0,0.4075656
609,13,0,0.3201609
610,28,1,0.29476148
611,11,1,0.3866011
612,8,0,0.76690656
613,28,1,0.27207166
614,7,0,0.38830084
615,14,1,0.5877053
616,21,0,0.52271897
617,26,0,0.45176443
618,5,1,0.8547022
619,21,1,0.6838923
620,2,0,0.27075994
621,13,1,0.66421926
622,10,1,0.53318614
623,10,1,0.5161853
624,4,0,0.37808928
625,3,0,0.58388215
626,28,1,0.64112335
627,27,1,0.5363176
628,1,1,0.7408213
629,8,0,0.23240931
630,19,1,0.8150293
631,25,1,0.52787334
632,4,1,0.25837335
633,16,0,0.7526499
634,9,0,0.40957516
635,1,0,0.42162794
636,1,0,0.34253657
637,2,1,0.33116063
638,0,1,0.46515813
639,14,1,0.31881297
640,25,0,0.56507033
641,21,1,0.7875417
642,8,0,0.5919004
643,22,0,0.3909867
644,21,0,0.2670011
645,13,0,0.4635068
646,8,1,0.8400155
647,17,1,0.63006943
648,14,1,0.83760947
649,16,1,0.27707353
650,10,1,0.3385871
651,0,1,0.3568453
652,6,0,0.2552309
653,10,1,0.7174593
654,1,0,0.28142408
655,15,0,0.39404663
656,19,1,0.6018769
657,28,1,0.83647734
658,11,0,0.31076312
659,25,0,0.41288468
660,9,1,0.43596146
661,22,1,0.5601626
662,8,1,0.464728
663,15,1,0.47180834
664,23,1,0.63399345
665,8,1,0.744172
666,17,0,0.53212106
667,13,1,0.29151964
668,28,0,0.3333013
669,6,0,0.4050089
670,2,0,0.50841975
671,22,0,0.28151974
672,13,1,0.6019792
673,3,0,0.6071531
674,20,0,0.2711528
675,23,0,0.41798854
676,18,1,0.88875175
677,16,0,0.7728336
678,8,0,0.59064275
679,22,1,0.7442373
680,2,1,0.37708598
681,1,1,0.58793193
682,25,0,0.49204388
683,27,0,0.5207635
684,2,1,0.54158014
685,15,1,0.7401569
686,16,0,0.56209916
687,14,0,0.43898517
688,19,0,0.62817013
689,1,1,0.20100805
690,15,0,0.5930413
691,13,1,0.5260648
692,17,1,0.3253687
693,26,0,0.22225529
694,19,1,0.4915362
695,7,0,0.3378388
696,13,1,0.71090865
697,20,0,0.2298924
698,8,0,0.6467473
699,27,1,0.6645284
700,26,0,0.2332228
701,2,0,0.18887542
702,12,1,0.43269527
703,0,0,0.21168035
704,10,0,0.4380886
705,0,0,0.607404
706,26,0,0.3382283
707,25,0,0.6073401
708,0,0,0.25496274
709,28,1,0.69097245
710,24,1,0.7437708
711,3,0,0.48588797
712,13,1,0.8206014
713,2,1,0.4726624
714,0,0,0.4389709
715,21,1,0.5388093
716,21,0,0.21580051
717,6,1,0.5059224
718,19,0,0.26106814
719,7,0,0.27345514
720,20,0,0.35854134
721,2,1,0.7719945
722,8,1,0.2952591
723,27,1,0.55227685
724,15,1,0.7879156
725,0,0,0.5172584
726,3,0,0.58333784
727,8,0,0.25392777
728,13,1,0.54359525
729,20,0,0.45345876
730,22,1,0.625479
731,27,0,0.59895456
732,23,1,0.41612408
733,20,0,0.38748726
734,15,1,0.6189667
735,3,1,0.5690358
736,18,1,0.47572833
737,14,1,0.56307214
738,10,0,0.64678717
739,1,0,0.2654068
740,16,1,0.6776118
741,8,0,0.65697753
742,17,0,0.5433315
743,10,1,0.909077
744,2,1,0.52954006
745,25,1,0.39562023
746,1,1,0.56658435
747,21,0,0.32460898
748,1,1,0.8395768
749,13,0,0.097742684
750,25,1,0.28442702
751,23,1,0.7872618
752,19,0,0.24977073
753,1,1,0.7637125
754,21,1,0.47814095
755,13,1,0.5048629
756,16,1,0.68471265
757,26,0,0.58073133
758,3,0,0.39336622
759,2,1,0.30353054
760,19,1,0.44124103
761,17,0,0.23099904
762,10,0,0.551562
763,2,0,0.4451195
764,26,1,0.63196546
765,9,1,0.46617696
766,17,1,0.31204203
767,15,1,0.90114427
768,27,1,0.72385603
769,8,1,0.8922287
770,17,0,0.5871029
771,20,0,0.21448645
772,12,1,0.5145173
773,21,0,0.37699962
774,8,0,0.2765109
775,24,1,0.55377245
776,20,1,0.38224593
777,13,1,0.2494453
778,10,1,0.30814514
779,6,0,0.27030694
780,9,0,0.4656965
781,1,0,0.58978677
782,15,1,0.5065549
783,10,1,0.44262552
784,28,0,0.58954954
785,22,0,0.6487929
786,1,0,0.55603725
787,1,0,0.2445868
788,27,0,0.59612405
789,8,0,0.34113318
790,8,1,0.60558707
791,26,0,0.49506727
792,7,1,0.49774617
793,10,0,0.43554908
794,18,1,0.3834208
795,19,0,0.5512379
796,8,1,0.27235755
797,2,0,0.28514776
798,16,0,0.29852796
799,1,0,0.24793084
800,10,0,0.65483356
801,11,1,0.7810702
802,7,1,0.3128595
803,15,0,0.8841344
804,23,1,0.6937651
805,13,1,0.6276431
806,23,1,0.82127804
807,25,1,0.5163943
808,8,0,0.241224
809,1,0,0.49831307
810,2,1,0.76751363
811,12,1,0.64795405
812,24,1,0.62326634
813,2,1,0.841832
814,2,1,0.48626196
815,0,0,0.64445066
816,13,0,0.6318863
817,13,0,0.4421988
818,11,0,0.32023546
819,27,1,0.7713711
820,6,1,0.6219598
821,5,1,0.5995588
822,1,1,0.33902758
823,3,1,0.6865746
824,15,0,0.3982352
825,19,1,0.7212618
826,11,0,0.2920008
827,13,1,0.70348424
828,27,0,0.23924194
829,6,1,0.43940017
830,16,1,0.6022594
831,16,1,0.57299143
832,13,1,0.4803664
833,18,0,0.356415
834,0,1,0.84215796
835,23,1,0.87398624
836,14,1,0.3882341
837,17,0,0.64736974
838,15,0,0.42880327
839,20,1,0.77899516
840,8,0,0.43887568
841,2,0,0.31522068
842,11,0,0.6804057
843,20,0,0.3014182
844,14,0,0.6592476
845,15,1,0.8882209
846,16,0,0.41768822
847,0,0,0.5226458
848,3,0,0.39584908
849,14,0,0.5486365
850,17,1,0.81511045
851,3,1,0.3378332
852,19,1,0.4419318
853,2,0,0.25772947
854,11,0,0.8892928
855,18,0,0.5737646
856,5,1,0.7903876
857,20,0,0.37137046
858,13,0,0.3387948
859,25,0,0.345654
860,9,0,0.23268993
861,15,0,0.875376
862,21,0,0.7153048
863,0,0,0.32915434
864,18,0,0.4949419
865,2,1,0.5325489
866,24,1,0.6337123
867,2,0,0.57331204
868,27,1,0.7174796
869,13,0,0.44333437
870,10,0,0.20223598
871,10,1,0.6466587
872,6,0,0.48141193
873,15,0,0.43899766
874,10,1,0.5142883
875,26,1,0.5620188
876,16,0,0.22644642
877,22,1,0.61216587
878,18,1,0.7245957
879,18,1,0.56231856
880,9,1,0.5701309
881,13,0,0.6227725
882,1,1,0.11220275
883,12,1,0.30508256
884,17,1,0.55641437
885,11,0,0.19200034
886,2,1,0.5885242
887,2,1,0.75132877
888,10,0,0.27877134
889,12,0,0.5489275
890,7,0,0.5449019
891,25,1,0.6735172
892,8,0,0.22435005
893,10,0,0.2865363
894,7,1,0.49394065
895,21,0,0.5914874
896,3,0,0.406942
897,25,1,0.8640921
898,18,0,0.8203421
899,14,1,0.59768933
900,3,0,0.4659559
901,25,0,0.23765081
902,3,1,0.3263629
903,12,1,0.694063
904,21,0,0.32651502
905,28,0,0.4986124
906,25,0,0.22340944
907,16,1,0.5394832
908,22,0,0.27703825
909,25,1,0.9363633
910,23,0,0.8128693
911,20,1,0.7199655
912,15,0,0.36839113
913,2,0,0.6512412
914,26,0,0.3599883
915,20,1,0.59274864
916,14,0,0.30477938
917,28,0,0.7860049
918,10,0,0.38249257
919,1,0,0.58767986
920,23,0,0.31959108
921,11,1,0.64954746
922,21,1,0.6013142
923,22,1,0.6408611
924,25,0,0.4040429
925,11,0,0.29070264
926,10,1,0.75955486
927,10,1,0.7912342
928,19,1,0.51517254
929,17,1,0.6189236
930,1,1,0.8413608
931,1,1,0.8183228
932,3,0,0.32527667
933,10,1,0.35591108
934,24,1,0.5141427
935,16,1,0.4881765
936,13,0,0.35078627
937,15,0,0.6353372
938,8,1,0.32517576
939,2,0,0.5908375
940,13,1,0.4896851
941,13,0,0.15680172
942,27,1,0.65179646
943,28,1,0.7030907
944,11,0,0.44535738
945,4,1,0.6112499
946,10,1,0.5959511
947,1,0,0.6195437
948,26,1,0.7036121
949,21,1,0.46342686
950,21,1,0.5388056
951,17,0,0.3671239
952,26,1,0.7462623
953,19,1,0.5742901
954,16,0,0.5155338
955,25,0,0.24768054
956,26,0,0.33741215
957,10,0,0.6772604
958,20,0,0.8131155
959,1,1,0.8074491
960,12,0,0.49938118
961,20,1,0.78833246
962,11,1,0.8440365
963,4,0,0.28612325
964,15,1,0.43184423
965,10,0,0.43048304
966,1,0,0.27982113
967,1,1,0.5801049
968,17,1,0.79461557
969,8,0,0.1969908
970,25,0,0.42243838
971,23,0,0.32705295
972,2,1,0.88373214
973,11,0,0.47354853
974,2,0,0.20090461
975,1,0,0.5872113
976,25,1,0.6330717
977,24,1,0.8261718
978,26,0,0.57388264
979,20,0,0.21812294
980,6,0,0.430623
981,17,0,0.3984111
982,13,0,0.4369886
983,12,1,0.7223534
984,12,1,0.8324101
985,11,1,0.69207865
986,25,1,0.54423046
987,18,1,0.5063387
988,10,1,0.30073774
989,8,1,0.7142312
990,10,1,0.7333955
991,2,0,0.55719715
992,15,0,0.39631218
993,4,0,0.4434778
994,28,1,0.62569606
995,16,1,0.61036414
996,5,1,0.82979727
997,12,1,0.82249296
998,24,0,0.41220325
999,25,1,0.36352304
1000,26,0,0.26058838
1001,2,0,0.44760555
1002,13,1,0.48500663
1003,2,0,0.26107377
1004,25,0,0.42876488
1005,21,1,0.274601
1006,13,0,0.3898868
1007,10,0,0.32202402
1008,15,1,0.51864564
1009,2,1,0.31089067
1010,10,0,0.38088223
1011,16,0,0.22885768
1012,23,1,0.5313109
1013,5,1,0.67808175
1014,6,0,0.22944632
1015,10,0,0.3574548
1016,16,1,0.86305094
1017,16,1,0.79248345
1018,11,0,0.3284192
1019,8,1,0.67750835
1020,13,0,0.28456256
1021,4,1,0.6893684
1022,13,0,0.26628557
1023,28,0,0.30743432
1024,14,0,0.27944362
1025,1,1,0.88016933
1026,2,0,0.3810353
1027,16,1,0.6162015
1028,2,1,0.6241553
1029,6,0,0.4058059
1030,23,0,0.18138126
1031,17,0,0.52958584
1032,21,0,0.45203516
1033,13,0,0.7293328
1034,23,0,0.6532851
1035,8,1,0.69246364
1036,25,0,0.33147454
1037,15,1,0.53818524
1038,26,1,0.47833583
1039,13,1,0.55281955
1040,25,1,0.66978383
1041,20,1,0.5731741
1042,25,0,0.5638096
1043,12,1,0.71279407
1044,8,1,0.7365242
1045,12,0,0.3979588
1046,12,0,0.3550267
1047,15,1,0.36414003
1048,9,0,0.550608
1049,9,0,0.34445998
1050,21,0,0.21878621
1051,8,0,0.33255154
1052,14,1,0.35398123
1053,8,0,0.44377473
1054,16,0,0.5068606
1055,18,0,0.3890797
1056,10,1,0.6916622
1057,15,0,0.35822865
1058,16,1,0.7125146
1059,25,1,0.64426035
1060,8,0,0.5602017
1061,10,0,0.2589422
1062,18,1,0.41183728
1063,16,0,0.42295825
1064,1,0,0.62263584
1065,25,1,0.65319127
1066,10,1,0.3275809
1067,26,1,0.54157627
1068,6,0,0.27059898
1069,2,0,0.311446
1070,25,1,0.9170003
1071,18,0,0.26670173
1072,24,1,0.8339307
1073,1,0,0.22065468
1074,15,0,0.43663487
1075,18,0,0.77536654
1076,13,0,0.23888937
1077,14,0,0.4318265
1078,13,0,0.32285574
1079,25,0,0.68885165
1080,12,1,0.8657705
1081,26,1,0.49406925
1082,16,1,0.61301017
1083,16,0,0.45510587
1084,2,1,0.77398837
1085,11,1,0.29807585
1086,2,0,0.19810921
1087,21,1,0.59696364
1088,17,0,0.33502573
1089,3,1,0.44563508
1090,8,1,0.48624995
1091,0,1,0.93129766
1092,21,1,0.64532214
1093,8,0,0.35150778
1094,21,0,0.4004335
1095,27,1,0.6004798
1096,0,0,0.2437389
1097,25,0,0.42859346
1098,19,1,0.4834227
1099,16,1,0.44830847
1100,22,0,0.28751594
1101,12,1,0.4497215
1102,19,0,0.51317054
1103,1,1,0.42722824
1104,12,1,0.5522999
1105,0,1,0.38461807
1106,12,0,0.40037602
1107,8,0,0.34144208
1108,14,1,0.33099544
1109,27,1,0.67961687
1110,3,1,0.51635975
1111,23,0,0.55117834
1112,1,1,0.45918337
1113,18,0,0.48974928
1114,20,1,0.35150754
1115,3,1,0.8165497
1116,10,1,0.55223393
1117,12,1,0.8502391
1118,8,0,0.31507346
1119,25,0,0.76113087
1120,27,1,0.6293519
1121,6,1,0.44154444
1122,8,1,0.32168436
1123,5,1,0.5118783
1124,16,1,0.82046884
1125,8,0,0.33732852
1126,5,1,0.50495255
1127,2,1,0.6986096
1128,5,0,0.6894538
1129,13,0,0.43739346
1130,14,1,0.64779484
1131,11,1,0.43876484
1132,18,0,0.42949852
1133,19,0,0.2332325
1134,7,0,0.6633827
1135,13,0,0.2409176
1136,15,0,0.4319402
1137,3,1,0.85414505
1138,10,0,0.41446674
1139,27,1,0.5547359
1140,28,1,0.6810264
1141,1,1,0.5488693
1142,13,1,0.7036474
1143,27,1,0.79352933
1144,15,1,0.59861743
1145,16,1,0.5388834
1146,5,0,0.22291358
1147,16,0,0.0978752
1148,0,0,0.044498734
1149,10,0,0.48401123
1150,28,1,0.5947024
1151,10,0,0.5270502
1152,11,1,0.5318392
1153,11,0,0.48164788
1154,14,1,0.675951
1155,21,0,0.7053167
1156,8,1,0.43087557
1157,10,1,0.42231208
1158,0,1,0.5923946
1159,24,1,0.47059858
1160,10,0,0.37468144
1161,12,1,0.2619618
1162,18,0,0.27195197
1163,10,1,0.8375521
1164,25,1,0.2176716
1165,6,1,0.7367939
1166,4,0,0.48583388
1167,21,0,0.30815485
1168,27,0,0.3828256
1169,16,0,0.32254916
1170,27,0,0.63615346
1171,10,1,0.7697803
1172,28,1,0.4921247
1173,13,1,0.26497877
1174,2,1,0.5070254
1175,20,0,0.49683243
1176,10,0,0.5625481
1177,10,1,0.35731363
1178,16,0,0.1650068
1179,19,1,0.86462456
1180,28,1,0.37355188
1181,19,1,0.7032473
1182,28,0,0.69899625
1183,1,1,0.76923025
1184,13,1,0.61690056
1185,10,1,0.8555873
1186,14,1,0.89142776
1187,9,0,0.46192652
1188,4,0,0.34090126
1189,25,0,0.29939425
1190,25,1,0.7378084
1191,13,0,0.4005809
1192,14,1,0.5970936
1193,1,1,0.50680476
1194,17,1,0.45400476
1195,15,1,0.62266105
1196,16,0,0.58155704
1197,12,0,0.054764397
1198,1,0,0.45729586
1199,20,1,0.4300408
1200,19,0,0.37012932
1201,19,1,0.88716584
1202,27,0,0.3900713
1203,8,1,0.7062155
1204,13,1,0.8850689
1205,25,0,0.48274156
1206,22,1,0.5851497
1207,4,1,0.25607395
1208,22,0,0.35031283
1209,16,0,0.28400597
1210,14,0,0.3100737
1211,1,1,0.27547312
1212,6,0,0.53799534
1213,27,0,0.29403776
1214,26,1,0.66328573
1215,13,1,0.6753487
1216,25,0,0.42532128
1217,6,1,0.3532431
1218,5,0,0.24977088
1219,26,0,0.3793531
1220,1,1,0.31846067
1221,15,0,0.32735044
1222,28,0,0.26880908
1223,20,1,0.62541974
1224,1,1,0.5816979
1225,13,1,0.8593308
1226,27,0,0.60361
1227,20,1,0.6924957
1228,12,1,0.34291598
1229,10,0,0.268927
1230,11,1,0.5466365
1231,16,1,0.66391796
1232,8,0,0.34356946
1233,22,0,0.49597102
1234,6,1,0.4953004
1235,26,1,0.8166005
1236,13,0,0.390306
1237,20,1,0.5350005
1238,7,0,0.6097292
1239,20,1,0.40867767
1240,28,0,0.3826624
1241,21,0,0.8867469
1242,3,0,0.24878225
1243,10,1,0.6109589
1244,16,0,0.34396103
1245,13,0,0.37861595
1246,15,0,0.45744938
1247,1,0,0.36369666
1248,25,1,0.4924703
1249,26,1,0.20308678
1250,9,0,0.23502031
1251,8,0,0.67735606
1252,12,0,0.7742554
1253,17,0,0.5280491
1254,9,0,0.67269814
1255,23,1,0.6897894
1256,9,1,0.5465097
1257,24,0,0.29297894
1258,20,0,0.63684505
1259,18,0,0.60925454
1260,18,0,0.25900897
1261,17,1,0.60444915
1262,25,0,0.26144987
1263,24,0,0.12916704
1264,22,0,0.14809805
1265,26,0,0.24499156
1266,26,0,0.47946203
1267,8,1,0.80884975
1268,3,1,0.7652316
1269,1,0,0.5954495
1270,1,0,0.34862706
1271,16,0,0.25146925
1272,16,0,0.5849619
1273,15,1,0.3071357
1274,11,1,0.5126692
1275,15,1,0.856644
1276,15,0,0.31315285
1277,3,1,0.35556257
1278,25,1,0.103648886
1279,1,0,0.69426125
1280,18,0,0.22549498
1281,25,1,0.74567693
1282,18,0,0.39358768
1283,15,0,0.5113744
1284,15,0,0.5276107
1285,13,1,0.37199363
1286,13,0,0.5020566
1287,28,1,0.30581275
1288,14,0,0.5210262
1289,2,0,0.6684614
1290,18,0,0.33923623
1291,16,0,0.2223909
1292,2,1,0.29630494
1293,23,0,0.8506108
1294,28,0,0.44855317
1295,2,1,0.81921494
1296,20,1,0.43159544
1297,26,0,0.5957401
1298,3,1,0.7817905
1299,9,0,0.49678147
1300,13,0,0.5986527
1301,23,0,0.28829262
1302,8,0,0.483984
1303,15,1,0.6990175
1304,8,1,0.91261226
1305,8,1,0.840826
1306,0,0,0.34888083
1307,11,0,0.3742872
1308,13,1,0.72683525
1309,20,0,0.38302997
1310,4,1,0.61347824
1311,15,1,0.64670736
1312,26,1,0.2866343
1313,28,0,0.43010175
1314,11,0,0.3273881
1315,5,1,0.8036256
1316,11,0,0.4584152
1317,8,1,0.40890884
1318,8,1,0.57567626
1319,19,1,0.528361
1320,12,0,0.5502784
1321,14,1,0.26331624
1322,15,1,0.5157428
1323,17,0,0.2973314
1324,9,0,0.26602688
1325,15,0,0.58350587
1326,24,1,0.6191902
1327,1,1,0.5998292
1328,12,0,0.36027706
1329,4,1,0.5233903
1330,4,0,0.2749732
1331,22,0,0.31202683
1332,26,1,0.8172847
1333,19,0,0.2880854
1334,16,1,0.31556454
1335,6,0,0.8401497
1336,25,1,0.6112168
1337,25,1,0.61928636
1338,19,1,0.5880919
1339,10,1,0.32506582
1340,13,1,0.89768153
1341,27,1,0.5600002
1342,16,0,0.22413516
1343,28,1,0.2259005
1344,12,1,0.6830175
1345,17,0,0.3389707
1346,13,0,0.6605368
1347,8,1,0.8318024
1348,15,0,0.36704025
1349,18,0,0.3427053
1350,1,0,0.3782681
1351,8,0,0.38311833
1352,10,0,0.40648913
1353,8,1,0.5006695
1354,12,1,0.5638961
1355,16,0,0.5441381
1356,18,1,0.58289784
1357,1,1,0.5571021
1358,20,0,0.49755606
1359,13,0,0.58937734
1360,22,1,0.25105473
1361,3,1,0.44339043
1362,9,0,0.54020345
1363,9,0,0.24324208
1364,27,0,0.22797951
1365,10,1,0.31065312
1366,0,0,0.45351788
1367,1,0,0.6388782
1368,11,1,0.36832884
1369,12,1,0.7597725
1370,18,1,0.54529285
1371,13,0,0.33430386
1372,8,0,0.29392076
1373,9,0,0.2776905
1374,13,0,0.18623498
1375,24,1,0.56173193
1376,25,1,0.38871628
1377,15,0,0.3568317
1378,6,1,0.56761503
1379,2,1,0.37131837
1380,24,1,0.8350247
1381,18,0,0.37780383
1382,10,0,0.32675588
1383,8,1,0.59579897
1384,4,1,0.52459997
1385,14,1,0.34490716
1386,7,0,0.4651917
1387,13,0,0.21987565
1388,15,0,0.33004397
1389,0,1,0.579522
1390,27,0,0.42403316
1391,0,0,0.28607565
1392,13,0,0.35337275
1393,19,1,0.63551533
1394,11,1,0.41607514
1395,28,1,0.81606257
1396,20,0,0.54888815
1397,6,0,0.5002207
1398,26,0,0.38220516
1399,1,0,0.2791285
1400,16,1,0.45700458
1401,24,1,0.3053977
1402,20,1,0.59049416
1403,15,1,0.25534412
1404,6,0,0.37601152
1405,11,1,0.46076983
1406,11,0,0.53545403
1407,10,1,0.28002894
1408,18,1,0.63675106
1409,7,1,0.5704921
1410,16,1,0.90074146
1411,16,1,0.47663522
1412,1,1,0.50499064
1413,2,1,0.23302984
1414,4,1,0.7039699
1415,2,0,0.4318464
1416,18,0,0.73202646
1417,9,0,0.36645725
1418,10,0,0.30731988
1419,18,1,0.661839
1420,10,1,0.44085145
1421,22,0,0.31959853
1422,22,1,0.40252453
1423,18,0,0.40086967
1424,25,1,0.61620796
1425,22,0,0.26660174
1426,1,0,0.31843382
1427,16,0,0.38324937
1428,2,0,0.2764671
1429,4,0,0.28956255
1430,21,0,0.24682151
1431,13,1,0.31270272
1432,27,0,0.78853494
1433,10,0,0.45054296
1434,1,0,0.70477855
1435,6,1,0.7224408
1436,10,1,0.8115077
1437,5,0,0.56805265
1438,2,1,0.30578807
1439,8,0,0.28452727
1440,26,0,0.5579807
1441,16,0,0.67370677
1442,20,0,0.54728067
1443,3,0,0.31163642
1444,7,0,0.45493004
1445,18,1,0.7568459
1446,21,0,0.56878495
1447,18,0,0.50312877
1448,21,1,0.6426826
1449,21,0,0.4327392
1450,5,0,0.4673409
1451,20,0,0.2633469
1452,16,0,0.25947013
1453,22,0,0.5141655
1454,8,0,0.3096067
1455,22,1,0.89111584
1456,11,0,0.2854893
1457,5,1,0.5026022
1458,15,0,0.31208766
1459,11,0,0.41821864
1460,2,1,0.6322711
1461,20,1,0.31893307
1462,15,1,0.74744344
1463,9,1,0.8007212
1464,17,1,0.5289003
1465,10,1,0.2841831
1466,25,1,0.4773174
1467,17,0,0.3352815
1468,23,1,0.81444323
1469,4,1,0.4956317
1470,7,0,0.4982078
1471,18,0,0.41551375
1472,25,0,0.50812715
1473,18,0,0.4616749
1474,17,1,0.641863
1475,1,1,0.49961597
1476,10,0,0.32293507
1477,3,1,0.80702424
1478,8,0,0.37396806
1479,13,1,0.61228776
1480,13,1,0.79133636
1481,26,1,0.32272422
1482,25,0,0.5487013
1483,25,1,0.6354701
1484,20,0,0.31062254
1485,13,0,0.3150839
1486,21,0,0.23053189
1487,11,0,0.45449546
1488,13,1,0.37016398
1489,24,1,0.68359905
1490,2,1,0.58790904
1491,18,1,0.70243114
1492,13,0,0.5384312
1493,2,1,0.2789546
1494,14,0,0.64086545
1495,2,0,0.40658373
1496,10,1,0.7786753
1497,26,0,0.22458187
1498,25,1,0.452754
1499,15,1,0.51746106
1500,16,1,0.37620977
1501,19,0,0.61955756
1502,16,0,0.5590662
1503,25,0,0.24168344
1504,25,0,0.38012758
1505,1,0,0.2642246
1506,13,0,0.31106997
1507,28,1,0.24571322
1508,9,1,0.73786646
1509,1,0,0.259319
1510,22,1,0.3350677
1511,12,0,0.34121314
1512,13,0,0.42797083
1513,11,0,0.5717376
1514,4,1,0.67603695
1515,16,1,0.47925794
1516,11,0,0.7227784
1517,25,1,0.33227924
1518,22,0,0.16991013
1519,5,0,0.37209508
1520,24,0,0.37569392
1521,25,1,0.15796258
1522,18,1,0.5675212
1523,12,1,0.7612721
1524,11,0,0.2901387
1525,8,1,0.5470195
1526,21,1,0.47550425
1527,27,0,0.38129395
1528,22,1,0.37372783
1529,19,0,0.53897345
1530,17,1,0.66877806
1531,8,1,0.6141253
1532,10,0,0.45466405
1533,16,0,0.2114907
1534,6,1,0.30441177
1535,4,0,0.32591608
1536,12,0,0.81987953
1537,12,0,0.39074135
1538,21,0,0.3604347
1539,8,0,0.18312275
1540,2,0,0.32856512
1541,26,1,0.6746044
1542,16,0,0.5895502
1543,26,0,0.32377467
1544,1,0,0.43493307
1545,22,1,0.7065043
1546,21,1,0.8265429
1547,20,0,0.33311188
1548,25,0,0.22003934
1549,3,1,0.61959183
1550,28,0,0.34927067
1551,22,0,0.3703341
1552,22,1,0.880888
1553,26,0,0.6751149
1554,18,0,0.2423127
1555,22,0,0.29063246
1556,4,0,0.30810767
1557,20,1,0.5969988
1558,6,0,0.51943594
1559,25,1,0.8607474
1560,26,1,0.6713204
1561,13,1,0.22660914
1562,2,1,0.27980757
1563,13,1,0.4894198
1564,25,0,0.5313244
1565,11,0,0.23535079
1566,15,0,0.4402414
1567,16,1,0.4178894
1568,9,0,0.36317194
1569,27,0,0.75823605
1570,19,0,0.35876325
1571,2,0,0.1319267
1572,10,0,0.48840547
1573,26,0,0.6708481
1574,28,1,0.65794295
1575,5,1,0.6556627
1576,16,1,0.67942786
1577,15,0,0.27509603
1578,16,0,0.4165362
1579,2,0,0.5842608
1580,16,0,0.37370658
1581,20,1,0.75375885
1582,21,1,0.1895224
1583,13,0,0.28841802
1584,15,0,0.31379914
1585,17,1,0.5711531
1586,15,1,0.37986436
1587,13,1,0.70418775
1588,26,1,0.49897096
1589,12,1,0.73888975
1590,28,0,0.48799065
1591,2,1,0.6844921
1592,19,1,0.69256777
1593,18,0,0.4642989
1594,20,1,0.4024086
1595,1,0,0.6398724
1596,11,0,0.39653176
1597,11,1,0.47271866
1598,23,1,0.37962326
1599,1,0,0.58453816
1600,8,1,0.33152646
1601,13,0,0.8109515
1602,25,1,0.5711031
1603,15,1,0.56740177
1604,8,0,0.56638753
1605,10,0,0.4573962
1606,4,0,0.5069943
1607,13,1,0.5624569
1608,13,0,0.4859218
1609,18,0,0.15160285
1610,11,1,0.3266673
1611,20,0,0.26050082
1612,28,0,0.32281777
1613,16,1,0.5662861
1614,16,1,0.39111173
1615,12,0,0.3566929
1616,27,0,0.3340235
1617,21,1,0.7706906
1618,9,0,0.60057515
1619,0,0,0.5059276
1620,9,0,0.26374733
1621,27,1,0.48028886
1622,10,0,0.55807906
1623,15,1,0.7436046
1624,15,1,0.5848917
1625,23,0,0.7451535
1626,16,0,0.3616056
1627,18,0,0.17045957
1628,27,1,0.5547079
1629,20,1,0.72551256
1630,22,1,0.2919738
1631,9,1,0.5605512
1632,10,0,0.42974478
1633,10,0,0.65534854
1634,27,0,0.22374105
1635,22,0,0.31077042
1636,14,0,0.36506817
1637,20,0,0.28494465
1638,11,1,0.70387685
1639,1,0,0.74333555
1640,18,1,0.5353772
1641,4,0,0.34693503
1642,21,1,0.575433
1643,1,0,0.2572787
1644,21,1,0.57599384
1645,0,1,0.83287007
1646,13,1,0.44198182
1647,13,1,0.59227735
1648,25,0,0.24253574
1649,24,0,0.48265237
1650,27,0,0.29407015
1651,20,1,0.49151254
1652,6,0,0.30470482
1653,25,0,0.38745433
1654,20,0,0.33092093
1655,25,0,0.24439566
1656,18,0,0.41306242
1657,2,0,0.16904101
1658,15,0,0.7114574
1659,7,1,0.7986552
1660,25,0,0.16979745
1661,26,1,0.46012732
1662,20,1,0.80658776
1663,20,0,0.5834347
1664,11,0,0.5138012
1665,3,0,0.56960404
1666,17,0,0.2441837
1667,4,0,0.495655
1668,9,0,0.39068097
1669,16,0,0.054155454
1670,10,0,0.10780982
1671,16,1,0.58487254
1672,13,1,0.8754789
1673,16,1,0.56364477
1674,2,0,0.43229675
1675,13,0,0.4252689
1676,10,1,0.80720824
1677,10,0,0.42701757
1678,2,0,0.44334215
1679,10,1,0.5425955
1680,2,1,0.6087587
1681,2,1,0.5942966
1682,27,1,0.4974155
1683,13,1,0.69254714
1684,12,0,0.3869329
1685,23,1,0.580944
1686,27,0,0.6668862
1687,10,0,0.34755176
1688,2,1,0.53411865
1689,27,1,0.4941625
1690,25,1,0.34188306
1691,16,0,0.4321568
1692,1,1,0.6016176
1693,19,1,0.5104162
1694,14,0,0.29152292
1695,8,1,0.32845885
1696,26,0,0.29857776
1697,22,1,0.6217659
1698,25,0,0.21246845
1699,7,1,0.7986161
1700,16,1,0.6117404
1701,14,1,0.5355797
1702,11,1,0.6969196
1703,13,1,0.28808373
1704,18,1,0.44174492
1705,13,0,0.52865636
1706,13,1,0.3705334
1707,24,1,0.38219115
1708,13,1,0.24872498
1709,26,1,0.6717352
1710,13,0,0.15055333
1711,28,0,0.37806284
1712,19,1,0.6920718
1713,15,1,0.5726716
1714,11,1,0.34394544
1715,16,1,0.2548798
1716,12,0,0.7017604
1717,27,1,0.32838154
1718,16,0,0.55502486
1719,26,1,0.49322483
1720,24,1,0.5357697
1721,18,0,0.35505155
1722,8,0,0.34497645
1723,10,0,0.38398448
1724,16,0,0.34005716
1725,17,1,0.6071854
1726,26,1,0.42160016
1727,11,0,0.4128269
1728,2,1,0.4678148
1729,11,0,0.39513725
1730,12,0,0.20387742
1731,12,1,0.56172943
1732,3,1,0.7312345
1733,24,0,0.21739714
1734,0,1,0.6292137
1735,17,0,0.6246478
1736,15,1,0.3349659
1737,13,0,0.39661503
1738,12,1,0.41311893
1739,25,0,0.3144109
1740,13,1,0.2638271
1741,10,1,0.7154782
1742,14,0,0.47721514
1743,11,1,0.2246456
1744,14,0,0.13789271
1745,13,1,0.8190217
1746,26,0,0.61534613
1747,19,0,0.53261316
1748,22,0,0.6585349
1749,8,0,0.45988336
1750,21,0,0.5418513
1751,21,1,0.708302
1752,5,1,0.6611441
1753,13,0,0.48700747
1754,12,0,0.31956536
1755,1,1,0.71843094
1756,28,0,0.5151082
1757,7,1,0.2627172
1758,16,0,0.36456132
1759,25,1,0.51159775
1760,6,0,0.36941433
1761,18,1,0.43328097
1762,15,0,0.3005965
1763,20,0,0.54763174
1764,7,0,0.24342375
1765,4,0,0.7166916
1766,18,1,0.27474034
1767,16,0,0.20850375
1768,11,0,0.4985943
1769,16,1,0.8615878
1770,27,0,0.66179895
1771,8,0,0.51731235
1772,6,1,0.82362956
1773,2,1,0.32543984
1774,10,0,0.4208234
1775,18,0,0.39730376
1776,27,1,0.58651155
1777,8,0,0.539177
1778,27,0,0.53052074
1779,28,0,0.46990213
1780,7,0,0.7515261
1781,20,0,0.24277282
1782,20,0,0.27769363
1783,19,1,0.631703
1784,8,0,0.41985062
1785,18,0,0.51961106
1786,9,1,0.6062487
1787,16,1,0.5760099
1788,22,1,0.4243011
1789,27,0,0.6302495
1790,21,1,0.5579044
1791,25,0,0.3988322
1792,8,1,0.63006246
1793,18,0,0.8399262
1794,26,1,0.5544182
1795,6,0,0.22298087
1796,23,1,0.46261567
1797,25,0,0.5118819
1798,6,1,0.5986324
1799,11,0,0.2643899
1800,16,0,0.6349291
1801,20,1,0.3772946
1802,7,0,0.35822108
1803,9,0,0.6394444
1804,8,0,0.36429814
1805,10,1,0.20968062
1806,2,1,0.28583258
1807,2,0,0.3977519
1808,14,1,0.30676693
1809,25,0,0.3095992
1810,7,0,0.20943822
1811,10,0,0.6756889
1812,8,1,0.2534303
1813,26,1,0.78206176
1814,1,1,0.3150751
1815,20,1,0.85848606
1816,9,1,0.6778514
1817,18,0,0.3532907
1818,23,0,0.7586481
1819,10,0,0.5045094
1820,20,1,0.28054377
1821,4,1,0.44611275
1822,11,1,0.63108224
1823,25,1,0.41800576
1824,9,0,0.21443675
1825,17,0,0.56110567
1826,25,0,0.26850575
1827,26,1,0.5637796
1828,26,1,0.70038885
1829,1,0,0.5617857
1830,24,0,0.84272945
1831,13,1,0.53728414
1832,12,1,0.50733757
1833,26,0,0.27091727
1834,6,0,0.26998532
1835,23,0,0.35509607
1836,23,0,0.41226783
1837,3,0,0.26579076
1838,18,0,0.68238425
1839,2,1,0.50299114
1840,15,0,0.4097317
1841,27,1,0.5160011
1842,8,1,0.6600945
1843,26,0,0.48897645
1844,10,1,0.6689477
1845,28,0,0.54321456
1846,17,1,0.76379013
1847,1,0,0.2495984
1848,2,1,0.49081215
1849,16,0,0.19648905
1850,2,1,0.45191008
1851,18,1,0.38914627
1852,16,1,0.31010726
1853,4,1,0.37281734
1854,16,1,0.21070373
1855,22,1,0.50229824
1856,15,1,0.26779863
1857,14,0,0.20479384
1858,12,0,0.3607464
1859,18,1,0.69315106
1860,11,0,0.27169362
1861,15,1,0.83927304
1862,26,1,0.58702004
1863,3,1,0.40244767
1864,14,0,0.403749
1865,7,0,0.28125402
1866,15,1,0.53355056
1867,18,0,0.33279508
1868,17,0,0.28881544
1869,7,0,0.30266052
1870,11,1,0.8511002
1871,1,1,0.8132937
1872,27,0,0.21652636
1873,10,1,0.85976034
1874,20,1,0.1753609
1875,11,0,0.41218874
1876,1,0,0.24199858
1877,14,0,0.34039742
1878,8,0,0.7199364
1879,28,0,0.20544507
1880,16,1,0.6410429
1881,28,1,0.5882997
1882,12,0,0.35304692
1883,27,1,0.58214533
1884,7,0,0.6873308
1885,13,1,0.47496727
1886,19,1,0.68641376
1887,27,1,0.30335614
1888,1,0,0.4580641
1889,27,1,0.2917487
1890,25,0,0.47014773
1891,19,1,0.47694415
1892,12,1,0.548061
1893,1,1,0.6607596
1894,20,0,0.3589587
1895,10,1,0.6647874
1896,16,1,0.6495882
1897,6,1,0.6053338
1898,17,0,0.5743743
1899,10,0,0.49024776
1900,6,0,0.37991396
1901,3,1,0.69569916
1902,20,1,0.48650178
1903,6,1,0.5665974
1904,20,1,0.5166914
1905,17,1,0.44821158
1906,14,1,0.799161
1907,22,1,0.8731153
1908,10,1,0.5673369
1909,22,0,0.21264869
1910,21,0,0.3381295
1911,11,0,0.21503715
1912,2,0,0.3382279
1913,21,0,0.3194445
1914,19,1,0.7328674
1915,13,0,0.70957375
1916,15,0,0.4257436
1917,11,1,0.7191318
1918,6,1,0.76763576
1919,1,1,0.6869993
1920,13,1,0.29815543
1921,3,1,0.5640615
1922,2,0,0.33967426
1923,13,0,0.65707356
1924,13,1,0.45634714
1925,0,0,0.6143996
1926,15,1,0.49530908
1927,8,1,0.9158007
1928,13,1,0.55557793
1929,10,0,0.46914893
1930,11,1,0.467967
1931,1,1,0.29374027
1932,22,1,0.8843305
1933,17,0,0.36686316
1934,2,1,0.38454282
1935,18,0,0.37073734
1936,1,0,0.21320164
1937,26,0,0.41100377
1938,25,1,0.63981414
1939,13,1,0.63539416
1940,18,1,0.82695806
1941,2,0,0.58596206
1942,6,1,0.3756515
1943,12,1,0.6028388
1944,13,1,0.7197796
1945,16,1,0.59196675
1946,0,0,0.5343418
1947,27,1,0.37057108
1948,14,1,0.4311896
1949,17,0,0.48098668
1950,25,1,0.58391315
1951,17,1,0.6729536
1952,0,1,0.43151417
1953,19,1,0.4922034
1954,22,0,0.35290825
1955,12,1,0.81178135
1956,16,1,0.56950855
1957,4,1,0.3200791
1958,13,0,0.6930621
1959,22,0,0.70694506
1960,23,1,0.52684915
1961,22,0,0.29613996
1962,26,0,0.19055134
1963,2,0,0.47864294
1964,11,1,0.8515457
1965,8,0,0.49128506
1966,26,0,0.6704385
1967,24,1,0.5990563
1968,9,1,0.44557667
1969,26,1,0.68387204
1970,8,1,0.6039927
1971,9,1,0.37680164
1972,16,1,0.21714248
1973,21,1,0.6303103
1974,3,1,0.29502997
1975,1,0,0.46933046
1976,27,0,0.8118539
1977,10,0,0.41719604
1978,12,1,0.54607624
1979,7,0,0.59316295
1980,13,1,0.58792746
1981,12,0,0.47137854
1982,9,1,0.69563335
1983,12,0,0.51362705
1984,26,1,0.32529
1985,13,1,0.7663091
1986,23,1,0.8147144
1987,0,1,0.66836613
1988,14,1,0.63982385
1989,10,1,0.48863363
1990,11,0,0.7062947
1991,16,1,0.847996
1992,18,0,0.5197914
1993,20,0,0.5670376
1994,9,1,0.76342803
1995,19,1,0.70415294
1996,2,0,0.31829685
1997,5,0,0.32552117
1998,21,1,0.6203413
1999,15,0,0.7360399
2000,21,1,0.645636
2001,12,0,0.54798514
2002,22,0,0.5871556
2003,2,0,0.21230365
2004,26,0,0.47030616
2005,15,0,0.5138121
2006,12,1,0.63159746
2007,3,1,0.65408444
2008,25,0,0.2362038
2009,12,1,0.37652394
2010,16,0,0.6089631
2011,7,1,0.5909782
2012,10,1,0.53325313
2013,20,0,0.3591885
2014,15,1,0.6303567
2015,25,0,0.33320144
2016,17,0,0.52019906
2017,13,1,0.4935536
2018,10,1,0.37544075
2019,20,1,0.4309146
2020,1,0,0.546577
2021,11,0,0.23439799
2022,8,0,0.5851505
2023,11,1,0.3778154
2024,19,1,0.61386734
2025,18,1,0.8589144
2026,25,0,0.424756
2027,16,1,0.64341336
2028,21,0,0.33684394
2029,2,0,0.33549562
2030,11,0,0.26644602
2031,23,1,0.34647095
2032,13,1,0.7110886
2033,20,0,0.3176607
2034,2,0,0.6147272
2035,25,1,0.31371182
2036,3,1,0.41140422
2037,1,1,0.31543577
2038,27,0,0.35176215
2039,13,0,0.4350315
2040,25,0,0.5874977
2041,16,1,0.20933983
2042,16,0,0.33159137
2043,10,0,0.4981309
2044,2,0,0.21225496
2045,13,0,0.3733747
2046,28,1,0.4545111
2047,2,0,0.47785756
2048,0,1,0.78262806
2049,28,0,0.5810127
2050,20,0,0.53233725
2051,20,1,0.6476199
2052,2,1,0.60068786
2053,1,0,0.38176903
2054,23,0,0.17319214
2055,16,0,0.2603659
2056,1,0,0.37670702
2057,15,0,0.63826555
2058,20,1,0.5519869
2059,0,0,0.4532456
2060,2,1,0.19224848
2061,19,1,0.3603972
2062,15,0,0.46051323
2063,15,1,0.87411433
2064,3,1,0.75333923
2065,13,0,0.30435947
2066,15,1,0.38186833
2067,10,0,0.4248739
2068,12,1,0.4911041
2069,5,0,0.5369695
2070,1,1,0.28085288
2071,27,1,0.54865354
2072,12,1,0.70163876
2073,28,0,0.56670386
2074,27,0,0.22726989
2075,25,1,0.55769736
2076,15,1,0.38858816
2077,21,1,0.7190821
2078,16,1,0.6529376
2079,8,0,0.30399284
2080,6,0,0.47041458
2081,10,1,0.35518536
2082,27,0,0.7294797
2083,14,0,0.50815547
2084,13,1,0.33922273
2085,26,0,0.21130241
2086,1,1,0.87825215
2087,22,1,0.7881654
2088,14,1,0.8031443
2089,0,0,0.14418983
2090,3,1,0.86182225
2091,18,0,0.51421344
2092,12,0,0.4213577
2093,17,1,0.7190479
2094,13,0,0.36137015
2095,13,0,0.5735541
2096,2,0,0.38659248
2097,25,0,0.2941447
2098,22,0,0.31562528
2099,21,0,0.5399645
2100,18,1,0.78084093
2101,1,0,0.60305494
2102,0,0,0.29202953
2103,13,0,0.5580554
2104,15,1,0.5682734
2105,1,1,0.63196135
2106,12,0,0.66309464
2107,28,1,0.3707961
2108,20,0,0.32509816
2109,13,1,0.5365156
2110,10,1,0.7145288
2111,20,1,0.50188786
2112,28,1,0.7334712
2113,19,0,0.27912086
2114,18,1,0.6202569
2115,15,0,0.60391426
2116,10,0,0.2619306
2117,2,1,0.37680244
2118,28,0,0.35801485
2119,26,1,0.7972689
2120,25,0,0.333202
2121,9,1,0.80029994
2122,21,0,0.46943283
2123,10,1,0.64214396
2124,24,0,0.26483667
2125,8,1,0.82487345
2126,11,1,0.42385623
2127,18,1,0.6597513
2128,6,0,0.5327061
2129,22,0,0.40610406
2130,22,0,0.67395395
2131,2,1,0.51168126
2132,20,0,0.41398114
2133,14,1,0.52605313
2134,2,1,0.5928479
2135,25,1,0.42970437
2136,25,0,0.48535568
2137,18,1,0.8558735
2138,4,1,0.276495
2139,16,0,0.33648518
2140,25,1,0.64200824
2141,15,0,0.26771343
2142,14,1,0.36002022
2143,8,1,0.77399504
2144,15,1,0.47285613
2145,10,1,0.7328585
2146,16,1,0.8842214
2147,7,1,0.7041361
2148,25,0,0.47611514
2149,14,0,0.508809
2150,13,1,0.61393696
2151,16,0,0.3361221
2152,16,1,0.7881506
2153,13,0,0.53012633
2154,2,1,0.7684294
2155,23,1,0.6333985
2156,15,1,0.580589
2157,13,1,0.749145
2158,21,1,0.7311724
2159,4,0,0.24271463
2160,8,1,0.9100114
2161,1,1,0.5632068
2162,8,0,0.35078612
2163,8,1,0.2558315
2164,25,1,0.7295641
2165,25,1,0.75817245
2166,28,1,0.4071585
2167,2,0,0.35577193
2168,7,0,0.5778679
2169,2,1,0.3668259
2170,26,0,0.58194333
2171,15,0,0.4345616
2172,20,1,0.7696063
2173,12,1,0.59762645
2174,5,0,0.729223
2175,24,1,0.61679244
2176,19,0,0.24772604
2177,12,0,0.24751261
2178,7,0,0.36452588
2179,1,1,0.2728548
2180,25,0,0.28131083
2181,22,0,0.41823226
2182,14,0,0.5455562
2183,13,1,0.49490756
2184,15,0,0.6139691
2185,23,0,0.4500447
2186,27,0,0.8546793
2187,10,1,0.70510554
2188,10,0,0.25535077
2189,28,0,0.63502145
2190,1,0,0.21765901
2191,22,1,0.69787294
2192,15,1,0.8380621
2193,2,0,0.31814498
2194,11,1,0.39899954
2195,27,1,0.88013536
2196,26,1,0.47401118
2197,19,0,0.42747587
2198,26,0,0.45478484
2199,19,1,0.6339786
2200,7,0,0.65020156
2201,25,1,0.49343732
2202,23,0,0.52156395
2203,9,1,0.63913757
2204,7,1,0.4923739
2205,27,0,0.29536885
2206,1,0,0.4972634
2207,16,0,0.44485474
2208,15,1,0.4796335
2209,18,1,0.6880401
2210,1,1,0.54890347
2211,26,0,0.32083663
2212,11,0,0.30994964
2213,3,1,0.6726494
2214,3,1,0.8118932
2215,17,0,0.23913588
2216,17,0,0.57267565
2217,13,0,0.42981493
2218,1,1,0.5084126
2219,8,0,0.26276422
2220,14,1,0.45635927
2221,18,0,0.39046243
2222,2,1,0.23445451
2223,11,0,0.3739612
2224,3,1,0.60529083
2225,16,0,0.82933
2226,5,0,0.5021655
2227,1,0,0.6519781
2228,1,1,0.61887527
2229,18,1,0.60742056
2230,28,1,0.45469928
2231,13,0,0.36219028
2232,27,1,0.60144055
2233,18,1,0.64366955
2234,16,0,0.27224702
2235,20,1,0.79037553
2236,8,0,0.34042993
2237,13,1,0.33298296
2238,13,1,0.71119875
2239,15,1,0.5060181
2240,22,1,0.23626009
2241,7,1,0.2334614
2242,1,1,0.626492
2243,0,1,0.6006774
2244,13,1,0.53235245
2245,25,1,0.5392881
2246,13,1,0.65617806
2247,13,0,0.3475335
2248,16,1,0.5147775
2249,15,0,0.42489094
2250,12,1,0.47507197
2251,18,0,0.3810286
2252,26,1,0.8186226
2253,27,1,0.5583729
2254,20,0,0.54187787
2255,10,0,0.45524427
2256,6,1,0.38410017
2257,6,1,0.24197184
2258,22,1,0.565215
2259,3,0,0.19970037
2260,6,0,0.7801003
2261,13,1,0.8850263
2262,28,1,0.7921661
2263,14,1,0.43206978
2264,20,1,0.4906723
2265,11,0,0.74406755
2266,26,0,0.4404316
2267,15,0,0.42248002
2268,16,0,0.5067958
2269,10,0,0.3540413
2270,6,0,0.32603422
2271,16,0,0.46810588
2272,16,1,0.26176676
2273,21,0,0.4678057
2274,11,0,0.33966464
2275,11,1,0.49425212
2276,9,1,0.52014315
2277,20,1,0.51953655
2278,17,0,0.21326365
2279,11,1,0.29561797
2280,13,1,0.49563286
2281,13,0,0.7254785
2282,20,1,0.62684923
2283,22,1,0.674973
2284,26,0,0.22989704
2285,5,1,0.6488211
2286,21,0,0.18207255
2287,17,0,0.30730426
2288,27,0,0.40903065
2289,23,1,0.30249062
2290,8,1,0.8088339
2291,0,1,0.8177099
2292,25,0,0.5132096
2293,2,1,0.63807505
2294,27,1,0.34616426
2295,13,0,0.5973906
2296,16,1,0.61838084
2297,13,0,0.23494138
2298,26,0,0.34681967
2299,8,0,0.6569055
2300,10,0,0.31190005
2301,6,1,0.6411656
2302,15,1,0.8399972
2303,2,1,0.66653347
2304,28,0,0.70404905
2305,3,1,0.73254865
2306,1,1,0.8810384
2307,10,0,0.86796266
2308,22,1,0.8037641
2309,11,1,0.57326996
2310,13,1,0.83445024
2311,16,1,0.50753117
2312,18,1,0.38074094
2313,6,0,0.3599821
2314,17,0,0.3333858
2315,0,0,0.36736485
2316,18,1,0.88175046
2317,28,0,0.6722265
2318,0,1,0.28367704
2319,25,0,0.8300554
2320,0,0,0.32830775
2321,25,0,0.38234928
2322,1,1,0.81615084
2323,16,0,0.45641398
2324,14,1,0.4802784
2325,15,1,0.8337978
2326,16,1,0.40974092
2327,17,0,0.3777364
2328,22,0,0.6422573
2329,23,1,0.56788117
2330,8,1,0.51055217
2331,15,0,0.6070023
2332,18,1,0.64771235
2333,23,1,0.7978563
2334,15,1,0.72238374
2335,23,0,0.337282
2336,16,0,0.8107943
2337,21,0,0.8343868
2338,24,0,0.7162331
2339,11,1,0.57058716
2340,16,0,0.291625
2341,26,1,0.71628445
2342,6,1,0.5680457
2343,13,1,0.60824364
2344,22,1,0.6883538
2345,17,1,0.49087924
2346,27,0,0.55172735
2347,27,1,0.72102386
2348,19,1,0.8758703
2349,8,1,0.5170295
2350,0,0,0.48545706
2351,20,0,0.6707803
2352,15,0,0.26613754
2353,16,1,0.46364108
2354,4,0,0.21935345
2355,16,1,0.6562136
2356,11,1,0.24763805
2357,0,1,0.27409077
2358,26,0,0.2265911
2359,14,1,0.32188913
2360,22,0,0.47196528
2361,20,0,0.63380814
2362,19,1,0.36251685
2363,16,1,0.40461782
2364,27,0,0.35521907
2365,13,0,0.24857162
2366,14,1,0.86399937
2367,4,1,0.7384624
2368,11,0,0.26920187
2369,21,1,0.7915167
2370,5,0,0.7653942
2371,2,0,0.21480699
2372,13,0,0.3528802
2373,15,0,0.32933167
2374,5,1,0.6985369
2375,10,1,0.19463189
2376,10,0,0.2797869
2377,11,1,0.62234086
2378,26,1,0.7410236
2379,2,1,0.68777686
2380,25,1,0.8046228
2381,19,1,0.28912014
2382,7,1,0.61517733
2383,23,0,0.25731575
2384,13,0,0.475473
2385,27,0,0.4899193
2386,4,0,0.40532604
2387,13,0,0.69556016
2388,15,1,0.5740158
2389,24,1,0.34780926
2390,19,1,0.8297711
2391,17,1,0.4021245
2392,15,1,0.5942408
2393,24,1,0.7879823
2394,13,0,0.25148365
2395,25,0,0.5164101
2396,22,1,0.52014697
2397,12,0,0.636495
2398,10,0,0.57896465
2399,8,1,0.39170593
2400,17,1,0.4873993
2401,11,1,0.39063454
2402,20,1,0.3498228
2403,6,0,0.6999111
2404,12,1,0.23534618
2405,20,1,0.47887278
2406,10,0,0.7174412
2407,26,0,0.6535747
2408,1,1,0.5271774
2409,9,0,0.47913688
2410,25,0,0.6808801
2411,24,0,0.50243115
2412,11,1,0.7796685
2413,16,0,0.31396744
2414,8,0,0.36282742
2415,10,1,0.6834986
2416,11,1,0.39210117
2417,17,1,0.3432105
2418,20,1,0.61890656
2419,15,1,0.38976955
2420,10,1,0.66116315
2421,12,0,0.83907574
2422,17,0,0.35654548
2423,2,1,0.7669813
2424,27,1,0.70408475
2425,16,1,0.8826599
2426,15,1,0.9387025
2427,21,0,0.6951211
2428,19,0,0.3745645
2429,15,1,0.591416
2430,1,0,0.49652928
2431,21,0,0.5065482
2432,4,0,0.3495506
2433,10,1,0.5418383
2434,11,0,0.52886444
2435,18,0,0.46073648
2436,12,1,0.55367845
2437,21,0,0.6769237
2438,13,1,0.40949675
2439,13,0,0.2490561
2440,27,1,0.5511902
2441,0,1,0.62027144
2442,16,0,0.5565788
2443,16,1,0.34859076
2444,12,1,0.6379832
2445,16,1,0.62986803
2446,7,0,0.23955221
2447,13,0,0.4107374
2448,25,0,0.405853
2449,21,0,0.32601002
2450,20,1,0.4121591
2451,2,0,0.21529047
2452,14,0,0.46387896
2453,19,1,0.5299089
2454,8,0,0.3558815
2455,8,1,0.56429946
2456,2,0,0.5194413
2457,6,1,0.5526225
2458,22,1,0.47914752
2459,9,0,0.3649521
2460,27,0,0.7209417
2461,27,1,0.29550478
2462,11,1,0.24774335
2463,25,0,0.3411165
2464,8,0,0.2687625
2465,28,0,0.49692237
2466,16,1,0.85779524
2467,6,0,0.30754504
2468,16,0,0.52802455
2469,23,0,0.5406073
2470,2,0,0.36233926
2471,10,0,0.47984192
2472,11,0,0.23631597
2473,12,0,0.47661045
2474,1,1,0.3784072
2475,0,1,0.6634619
2476,14,0,0.39159876
2477,17,0,0.33607522
2478,15,1,0.73066086
2479,17,0,0.5524381
2480,25,1,0.5700811
2481,16,0,0.5846149
2482,25,0,0.1831905
2483,26,0,0.57298636
2484,1,0,0.25694245
2485,24,1,0.8543953
2486,0,1,0.30911523
2487,11,0,0.47846603
2488,28,0,0.3488159
2489,25,1,0.9209528
2490,22,0,0.27934843
2491,20,1,0.69856745
2492,28,1,0.8414387
2493,19,1,0.5250287
2494,8,0,0.74382937
2495,16,0,0.31771225
2496,7,0,0.70773137
2497,26,0,0.4213158
2498,22,0,0.602625
2499,0,1,0.7664045
2500,11,1,0.33716792
2501,8,1,0.7634781
2502,10,1,0.6790599
2503,14,1,0.55522346
2504,8,0,0.49687403
2505,13,1,0.8075406
2506,8,1,0.8798879
2507,27,0,0.41455954
2508,1,1,0.8736224
2509,15,1,0.27139616
2510,1,1,0.5137729
2511,28,0,0.6754883
2512,18,1,0.40128455
2513,5,1,0.567181
2514,27,0,0.4427035
2515,13,1,0.83860403
2516,15,0,0.5642755
2517,19,0,0.13256557
2518,8,1,0.5886161
2519,13,0,0.20965578
2520,11,1,0.8084711
2521,4,0,0.20873164
2522,8,0,0.6751729
2523,12,1,0.8193925
2524,1,0,0.67952245
2525,26,1,0.5613104
2526,13,1,0.45765662
2527,19,1,0.59014034
2528,12,0,0.23892206
2529,14,1,0.81917536
2530,28,1,0.40922913
2531,28,1,0.65324575
2532,9,1,0.6256703
2533,26,0,0.22478265
2534,7,0,0.46877235
2535,25,0,0.2838536
2536,3,1,0.48434246
2537,9,0,0.48196653
2538,14,0,0.2663536
2539,18,0,0.35361347
2540,10,1,0.77059996
2541,1,0,0.5452982
2542,2,1,0.6593326
2543,16,1,0.3950909
2544,11,1,0.8488742
2545,7,0,0.3375631
2546,21,1,0.55276763
2547,12,0,0.65830106
2548,27,0,0.5419873
2549,20,1,0.60662645
2550,12,0,0.70428544
2551,28,0,0.3054404
2552,10,0,0.40343043
2553,20,0,0.5479777
2554,3,0,0.51871574
2555,26,0,0.47662655
2556,0,0,0.47148615
2557,17,1,0.7095736
2558,1,1,0.25849777
2559,26,1,0.6853504
2560,5,1,0.30250522
2561,17,1,0.3267963
2562,7,1,0.33233696
2563,1,1,0.61049557
2564,13,1,0.47604662
2565,24,0,0.3309281
2566,26,0,0.3415378
2567,18,1,0.9141254
2568,15,1,0.8116601
2569,26,1,0.3944897
2570,2,1,0.6104353
2571,2,1,0.44408277
2572,13,0,0.3626415
2573,24,1,0.5614845
2574,1,1,0.4336832
2575,4,0,0.34161946
2576,2,0,0.56764495
2577,1,1,0.42212558
2578,27,1,0.48108268
2579,5,0,0.6843399
2580,22,1,0.49238074
2581,16,0,0.29074928
2582,13,0,0.7060505
2583,2,0,0.29368976
2584,3,1,0.34538078
2585,23,1,0.36794594
2586,1,1,0.79168373
2587,12,0,0.53725225
2588,0,0,0.25016478
2589,25,1,0.5091459
2590,22,1,0.5442089
2591,28,1,0.42919412
2592,25,0,0.3990318
2593,12,1,0.27683824
2594,15,1,0.6659718
2595,2,0,0.79447806
2596,2,1,0.7522722
2597,15,1,0.8099211
2598,20,0,0.5039352
2599,5,1,0.50622165
2600,12,1,0.87328154
2601,5,0,0.30296603
2602,18,0,0.43861747
2603,3,0,0.13920058
2604,10,0,0.34550568
2605,14,0,0.33116996
2606,11,1,0.30383217
2607,11,0,0.40999895
2608,7,1,0.8154331
2609,13,1,0.57773453
2610,12,1,0.48925868
2611,20,0,0.5028041
2612,2,0,0.6225059
2613,10,0,0.20309345
2614,16,0,0.49669838
2615,2,1,0.7725165
2616,8,1,0.55988985
2617,28,0,0.33435595
2618,26,1,0.3750292
2619,27,1,0.5916266
2620,20,0,0.3179352
2621,26,0,0.23199102
2622,5,0,0.34598663
2623,1,0,0.8268978
2624,2,0,0.43037128
2625,4,1,0.85612667
2626,14,1,0.37521473
2627,3,1,0.22522569
2628,15,0,0.83287245
2629,4,1,0.4866818
2630,9,0,0.24686626
2631,27,0,0.59475327
2632,23,1,0.68737876
2633,18,0,0.7330607
2634,20,1,0.42134583
2635,2,1,0.643318
2636,15,1,0.53201693
2637,9,0,0.5447653
2638,9,1,0.54800355
2639,16,1,0.6917242
2640,6,0,0.6855447
2641,27,0,0.4520911
2642,6,1,0.3273241
2643,17,1,0.25369942
2644,13,0,0.64385283
2645,1,1,0.5802753
2646,14,0,0.61878246
2647,16,1,0.76267993
2648,15,0,0.5004941
2649,19,1,0.48324186
2650,13,1,0.83658445
2651,8,1,0.49743637
2652,14,1,0.8075853
2653,1,0,0.55700046
2654,22,1,0.308637
2655,23,1,0.72444075
2656,10,1,0.36083058
2657,11,0,0.43816447
2658,14,0,0.47984248
2659,1,0,0.31943485
2660,20,0,0.8417663
2661,14,0,0.503922
2662,7,1,0.6097135
2663,28,0,0.5744561
2664,14,1,0.4732989
2665,8,0,0.35663638
2666,7,0,0.4826091
2667,2,0,0.67420363
2668,14,0,0.112687826
2669,14,1,0.61002254
2670,27,1,0.76272213
2671,2,1,0.5306721
2672,8,1,0.83013475
2673,3,0,0.41838768
2674,2,1,0.5354324
2675,23,1,0.86882806
2676,5,1,0.70124036
2677,4,0,0.4543393
2678,8,1,0.8507435
2679,10,0,0.29681665
2680,10,1,0.4541429
2681,8,1,0.877776
2682,8,0,0.88425994
2683,16,0,0.46797264
2684,28,1,0.6367444
2685,16,0,0.39409226
2686,24,0,0.43863282
2687,23,0,0.64834994
2688,20,0,0.5131321
2689,8,0,0.3179411
2690,3,1,0.30694434
2691,10,1,0.609148
2692,23,0,0.42969716
2693,16,1,0.6802529
2694,8,0,0.3617716
2695,14,1,0.6816276
2696,13,1,0.32932386
2697,25,0,0.26254845
2698,26,1,0.7968268
2699,5,0,0.55648214
2700,2,0,0.58391523
2701,19,1,0.41723794
2702,1,1,0.53363436
2703,1,1,0.5255476
2704,18,0,0.52047485
2705,2,0,0.38117287
2706,6,1,0.37068856
2707,17,0,0.07003561
2708,8,1,0.5427347
2709,19,0,0.3816808
2710,19,1,0.51584464
2711,18,1,0.22390483
2712,13,0,0.6741752
2713,16,1,0.6306374
2714,25,0,0.37452272
2715,10,0,0.060002413
2716,1,1,0.72172683
2717,21,1,0.59664017
2718,6,0,0.22480033
2719,8,1,0.31155768
2720,15,1,0.89075756
2721,25,0,0.5144376
2722,22,0,0.24833964
2723,13,0,0.78830165
2724,7,0,0.4261095
2725,20,1,0.8309525
2726,6,1,0.79470235
2727,25,0,0.18434206
2728,16,0,0.30998334
2729,10,0,0.36340132
2730,15,1,0.78779507
2731,24,0,0.764452
2732,25,1,0.5697712
2733,9,0,0.42518264
2734,12,0,0.7895561
2735,12,1,0.820204
2736,2,0,0.23521703
2737,28,1,0.7451576
2738,12,1,0.5518332
2739,21,0,0.75571275
2740,16,1,0.51992553
2741,2,0,0.5802295
2742,10,1,0.851807
2743,2,0,0.33327484
2744,13,1,0.32655668
2745,13,0,0.27702206
2746,16,0,0.6449998
2747,2,1,0.38661712
2748,11,0,0.55227757
2749,15,0,0.5953773
2750,19,1,0.37094083
2751,13,1,0.5328848
2752,7,0,0.22629423
2753,27,0,0.38853654
2754,23,1,0.56564647
2755,28,1,0.23905417
2756,20,1,0.2521965
2757,14,1,0.55231017
2758,3,1,0.6083728
2759,17,1,0.5120809
2760,16,1,0.33313087
2761,16,1,0.41025838
2762,22,1,0.6426395
2763,21,1,0.8604417
2764,11,0,0.41973144
2765,16,1,0.63752675
2766,22,1,0.6977357
2767,18,1,0.635043
2768,14,1,0.507429
2769,2,0,0.62455916
2770,18,1,0.5221122
2771,16,0,0.38180327
2772,25,0,0.17839569
2773,4,1,0.7013083
2774,13,0,0.19395201
2775,23,1,0.69361144
2776,25,1,0.6452108
2777,3,0,0.72762316
2778,28,1,0.61393976
2779,18,0,0.77794933
2780,13,0,0.29654244
2781,2,1,0.90391695
2782,11,0,0.49240434
2783,14,1,0.50863165
2784,17,0,0.21073541
2785,1,1,0.4766082
2786,26,0,0.7602397
2787,10,0,0.3877122
2788,4,1,0.6545034
2789,20,1,0.7048308
2790,14,1,0.47688943
2791,13,0,0.6367842
2792,14,1,0.33494085
2793,3,1,0.8209149
2794,1,1,0.50055045
2795,26,0,0.32066712
2796,7,0,0.6247565
2797,16,1,0.67263865
2798,25,1,0.6430547
2799,11,1,0.50963897
2800,13,0,0.49376935
2801,12,0,0.48509443
2802,22,0,0.28312376
2803,6,0,0.48695737
2804,2,1,0.32813376
2805,21,1,0.65844595
2806,26,1,0.27031738
2807,27,1,0.32715246
2808,12,1,0.4060202
2809,6,1,0.53441966
2810,17,0,0.30604118
2811,4,0,0.22849263
2812,28,1,0.5920988
2813,1,1,0.63726145
2814,25,0,0.56808865
2815,22,1,0.8569845
2816,19,0,0.41718155
2817,15,1,0.41780356
2818,0,1,0.614681
2819,26,0,0.3849899
2820,18,0,0.50601
2821,11,0,0.14291073
2822,20,0,0.56793207
2823,3,1,0.69005936
2824,15,0,0.30524626
2825,1,0,0.44916445
2826,6,0,0.31364676
2827,2,0,0.45911312
2828,11,1,0.744583
2829,20,0,0.43095753
2830,1,0,0.4233973
2831,2,1,0.5689504
2832,20,0,0.5864005
2833,16,1,0.34070727
2834,15,1,0.54841304
2835,11,1,0.4529197
2836,21,0,0.6047083
2837,9,1,0.4983501
2838,13,0,0.26937073
2839,3,1,0.3681549
2840,19,0,0.33471173
2841,7,0,0.50187945
2842,23,0,0.33914968
2843,14,1,0.89787084
2844,8,1,0.3703721
2845,7,1,0.7211827
2846,12,0,0.27956802
2847,8,0,0.38289377
2848,10,0,0.42899457
2849,8,1,0.7955041
2850,23,0,0.275747
2851,10,1,0.3599722
2852,13,0,0.5185269
2853,8,0,0.23542249
2854,13,1,0.5543897
2855,22,0,0.36168706
2856,21,0,0.37672317
2857,10,1,0.63721454
2858,18,0,0.29913104
2859,4,0,0.31346962
2860,16,0,0.41188037
2861,6,0,0.64197385
2862,8,0,0.82392067
2863,25,1,0.4695422
2864,10,1,0.44245467
2865,18,1,0.65316534
2866,14,1,0.6010426
2867,25,1,0.2886048
2868,25,1,0.45655468
2869,11,0,0.37745357
2870,19,1,0.5609825
2871,23,1,0.57501787
2872,4,1,0.46219566
2873,13,1,0.77878577
2874,3,0,0.27744055
2875,24,1,0.4197173
2876,9,0,0.46852258
2877,15,1,0.48342517
2878,3,1,0.7392662
2879,16,1,0.83975524
2880,26,0,0.31326848
2881,22,1,0.5588519
2882,27,0,0.65910506
2883,4,1,0.74035823
2884,0,0,0.5958556
2885,2,0,0.7289436
2886,15,0,0.41373044
2887,16,0,0.6266788
2888,9,0,0.3271442
2889,28,0,0.33044747
2890,5,0,0.49512115
2891,16,1,0.8581789
2892,8,1,0.28533477
2893,11,0,0.66852325
2894,18,1,0.6599023
2895,19,0,0.24826546
2896,4,0,0.35338816
2897,1,1,0.34079158
2898,18,0,0.43285716
2899,26,1,0.887373
2900,2,1,0.7775243
2901,7,1,0.30060434
2902,2,0,0.38555562
2903,13,1,0.88486177
2904,9,0,0.33534276
2905,8,1,0.4069967
2906,22,1,0.48420984
2907,23,1,0.37860265
2908,15,1,0.8770262
2909,10,0,0.47367644
2910,2,0,0.9410878
2911,9,1,0.62591636
2912,7,0,0.44786164
2913,6,1,0.5903909
2914,10,1,0.86573166
2915,16,1,0.7592523
2916,20,1,0.5162285
2917,13,1,0.7224072
2918,1,1,0.51423305
2919,23,1,0.11309357
2920,15,0,0.29255378
2921,24,0,0.54869103
2922,0,0,0.1893093
2923,6,0,0.5790651
2924,25,1,0.8672589
2925,3,1,0.26426774
2926,15,0,0.40604088
2927,22,0,0.21760176
2928,27,0,0.40750125
2929,28,0,0.505343
2930,1,1,0.34434623
2931,22,1,0.8481329
2932,28,1,0.46867806
2933,27,1,0.5883191
2934,24,1,0.4706005
2935,15,0,0.29276094
2936,8,1,0.6584476
2937,22,0,0.31677923
2938,20,0,0.67396367
2939,11,1,0.36522704
2940,24,0,0.32885286
2941,19,1,0.5962315
2942,20,1,0.5899999
2943,15,0,0.4014239
2944,22,0,0.5226693
2945,13,1,0.68410707
2946,13,1,0.23240435
2947,19,1,0.5937062
2948,20,1,0.7958159
2949,25,0,0.33129627
2950,10,0,0.24768785
2951,4,1,0.7308199
2952,16,1,0.7837491
2953,25,1,0.5672491
2954,13,1,0.7590053
2955,15,0,0.20234531
2956,16,1,0.3268937
2957,1,1,0.67089367
2958,22,0,0.60803854
2959,24,1,0.84785473
2960,20,1,0.634961
2961,5,1,0.8906539
2962,5,0,0.33258244
2963,3,1,0.83156276
2964,20,0,0.21362816
2965,0,1,0.2848945
2966,17,0,0.29458752
2967,1,1,0.85717833
2968,16,1,0.7153793
2969,18,1,0.47997162
2970,16,1,0.9036259
2971,6,0,0.3185565
2972,23,0,0.40250584
2973,16,1,0.58656317
2974,7,0,0.22263634
2975,8,0,0.37170827
2976,28,0,0.43346512
2977,5,0,0.52113205
2978,27,0,0.35301933
2979,16,1,0.7425424
2980,25,0,0.6688349
2981,12,1,0.83821815
2982,26,1,0.8876839
2983,7,1,0.40486643
2984,26,0,0.3257545
2985,8,0,0.8951117
2986,6,1,0.645277
2987,3,1,0.2102196
2988,8,1,0.7348809
2989,12,1,0.36844826
2990,14,1,0.641598
2991,4,0,0.24111536
2992,19,1,0.70303255
2993,0,1,0.8328432
2994,2,1,0.57308793
2995,13,1,0.7425133
2996,12,0,0.7426423
2997,12,0,0.4583576
2998,27,1,0.32970315
2999,27,1,0.7591175
3000,26,0,0.5651418
3001,15,1,0.6371044
3002,21,1,0.38102147
3003,16,1,0.38264525
3004,21,1,0.7856923
3005,7,1,0.6891146
3006,13,1,0.70052797
3007,20,1,0.43454167
3008,13,0,0.24934435
3009,4,1,0.6007669
3010,14,1,0.8290894
3011,4,1,0.29824242
3012,0,1,0.85907483
3013,13,0,0.57717353
3014,23,1,0.71760225
3015,5,0,0.4560542
3016,8,0,0.33386946
3017,27,1,0.48885232
3018,20,1,0.26685464
3019,8,0,0.5895649
3020,12,0,0.37783453
3021,18,0,0.5378494
3022,10,0,0.47266155
3023,26,0,0.80201656
3024,15,1,0.4790209
3025,28,0,0.75169474
3026,18,0,0.33256954
3027,23,1,0.21010748
3028,7,1,0.5496626
3029,13,0,0.6505278
3030,13,0,0.71298313
3031,2,1,0.83764887
3032,16,1,0.93661535
3033,13,1,0.21277952
3034,6,0,0.32715982
3035,22,0,0.46130985
3036,1,1,0.51754576
3037,20,1,0.660156
3038,16,1,0.50354564
3039,6,0,0.36921343
3040,6,1,0.37018257
3041,16,0,0.41559154
3042,15,1,0.50145507
3043,2,0,0.74446344
3044,10,1,0.69588315
3045,18,1,0.6661182
3046,26,0,0.17720337
3047,9,0,0.28621483
3048,20,1,0.4642193
3049,13,0,0.2955177
3050,25,1,0.53566414
3051,12,1,0.6783737
3052,10,0,0.30004233
3053,10,0,0.4531755
3054,15,0,0.53060234
3055,11,1,0.28741413
3056,7,1,0.3396887
3057,2,0,0.2956084
3058,10,0,0.82393706
3059,25,1,0.6247804
3060,2,0,0.3743189
3061,22,0,0.4751995
3062,13,0,0.45869467
3063,17,0,0.79835516
3064,18,0,0.22752917
3065,4,1,0.8332735
3066,11,0,0.5815974
3067,20,0,0.3646088
3068,4,1,0.57316023
3069,11,1,0.5151992
3070,11,1,0.54186565
3071,18,1,0.63109374
3072,17,0,0.46593168
3073,2,0,0.4181441
3074,20,0,0.21917203
3075,9,1,0.7120286
3076,10,1,0.42591453
3077,7,1,0.6458865
3078,2,0,0.38781953
3079,15,0,0.3278607
3080,1,1,0.40181068
3081,1,0,0.13807252
3082,18,1,0.23446043
3083,8,0,0.62159956
3084,13,0,0.30826047
3085,12,0,0.31124392
3086,20,0,0.45518303
3087,8,1,0.59459484
3088,8,1,0.5114436
3089,11,0,0.6169645
3090,27,1,0.5510163
3091,15,0,0.55231386
3092,3,0,0.5128201
3093,10,0,0.42191672
3094,14,0,0.26360506
3095,2,0,0.5674886
3096,5,1,0.51679444
3097,22,0,0.11267016
3098,12,1,0.4771599
3099,10,1,0.7983307
3100,26,0,0.43945253
3101,18,0,0.34278193
3102,22,1,0.42714325
3103,16,1,0.25710958
3104,0,1,0.72422874
3105,2,1,0.36007488
3106,13,0,0.3667466
3107,2,0,0.29716772
3108,16,1,0.3377926
3109,0,1,0.48821434
3110,28,0,0.29147106
3111,15,1,0.8321083
3112,19,1,0.3298088
3113,1,1,0.38220778
3114,27,0,0.31329802
3115,20,1,0.29631934
3116,1,0,0.75093836
3117,24,1,0.7730151
3118,17,1,0.91813356
3119,6,1,0.40775982
3120,17,1,0.5853223
3121,14,1,0.4068908
3122,17,0,0.6998325
3123,20,1,0.64389
3124,3,1,0.48094997
3125,13,0,0.3358569
3126,8,1,0.32985502
3127,11,0,0.6182138
3128,0,0,0.58779055
3129,1,0,0.21726237
3130,24,0,0.5527412
3131,15,0,0.7232723
3132,19,1,0.32654718
3133,20,0,0.30212486
3134,18,1,0.33859208
3135,14,0,0.1782628
3136,11,1,0.63155186
3137,26,1,0.48070753
3138,11,1,0.6815525
3139,2,1,0.7742666
3140,4,1,0.49258962
3141,3,1,0.5177938
3142,26,0,0.33677804
3143,10,1,0.42724
3144,6,1,0.73547035
3145,11,1,0.59265196
3146,11,0,0.30771127
3147,9,1,0.44217914
3148,13,0,0.43254712
3149,1,1,0.8878815
3150,20,1,0.69270885
3151,13,0,0.4057491
3152,8,1,0.81882817
3153,20,1,0.430105
3154,21,0,0.41545764
3155,22,1,0.35750845
3156,25,1,0.76829004
3157,11,1,0.7709695
3158,22,0,0.49121222
3159,7,1,0.1257459
3160,2,1,0.4153166
3161,28,1,0.50645435
3162,10,0,0.5662039
3163,12,0,0.53015643
3164,1,1,0.21706772
3165,13,1,0.6904166
3166,26,1,0.564272
3167,19,0,0.28416616
3168,13,1,0.4788337
3169,6,0,0.604056
3170,1,1,0.7134931
3171,20,0,0.22572793
3172,16,0,0.27156624
3173,15,1,0.3155321
3174,3,1,0.6559714
3175,16,0,0.2879766
3176,3,1,0.5904776
3177,7,1,0.23980784
3178,2,1,0.54669833
3179,5,0,0.1952287
3180,11,0,0.47175995
3181,9,1,0.6353957
3182,9,1,0.6101756
3183,1,0,0.20932034
3184,20,1,0.7096483
3185,0,0,0.3536553
3186,16,1,0.5985176
3187,25,0,0.7537234
3188,26,0,0.71153814
3189,16,1,0.74868
3190,2,1,0.8791012
3191,20,1,0.7872789
3192,2,1,0.45890975
3193,25,0,0.3326387
3194,16,1,0.3919663
3195,16,1,0.63968074
3196,15,1,0.5535819
3197,9,0,0.3074973
3198,25,0,0.3502358
3199,1,1,0.34871688
3200,18,0,0.57297295
3201,12,1,0.54275453
3202,26,1,0.36564243
3203,3,0,0.38892016
3204,3,1,0.44719943
3205,8,0,0.35044506
3206,16,1,0.7119431
3207,25,1,0.6369956
3208,11,0,0.58379143
3209,16,1,0.8390552
3210,28,0,0.5358888
3211,3,1,0.23743771
3212,16,0,0.35500315
3213,23,1,0.68627656
3214,7,1,0.24965934
3215,25,0,0.28422266
3216,11,0,0.34941038
3217,26,0,0.6667556
3218,16,1,0.81148666
3219,0,1,0.58119166
3220,21,0,0.3043822
3221,25,0,0.29366854
3222,18,0,0.29157302
3223,6,1,0.16033319
3224,15,1,0.57548994
3225,25,0,0.87094474
3226,26,1,0.29605925
3227,3,0,0.23015969
3228,2,0,0.45340338
3229,26,1,0.6865718
3230,2,1,0.88185716
3231,1,1,0.44738412
3232,1,1,0.31728256
3233,28,1,0.31224808
3234,7,1,0.8701043
3235,1,0,0.24910858
3236,26,0,0.8465154
3237,26,0,0.5408271
3238,21,0,0.3530894
3239,15,0,0.38811746
3240,14,0,0.43531108
3241,17,1,0.61566925
3242,22,0,0.19961533
3243,20,0,0.5758898
3244,15,0,0.4164693
3245,26,1,0.36916983
3246,17,1,0.87919766
3247,27,1,0.4992872
3248,1,0,0.6475957
3249,13,0,0.3587126
3250,2,1,0.76657635
3251,8,1,0.6559487
3252,6,1,0.3100813
3253,12,0,0.8508439
3254,22,1,0.8814485
3255,8,1,0.44954073
3256,13,0,0.285282
3257,10,0,0.3335211
3258,13,0,0.45830953
3259,27,1,0.7076383
3260,5,1,0.8057486
3261,9,1,0.44362894
3262,20,1,0.33477524
3263,18,0,0.29901156
3264,23,1,0.3287293
3265,6,1,0.24252258
3266,9,0,0.50923496
3267,27,0,0.4564004
3268,21,1,0.6966049
3269,26,1,0.573518
3270,9,0,0.25983867
3271,15,1,0.8916582
3272,8,1,0.88035095
3273,1,1,0.33905157
3274,10,1,0.45584628
3275,20,0,0.48642313
3276,1,0,0.6976672
3277,25,1,0.3982784
3278,13,1,0.4465099
3279,6,1,0.6829708
3280,22,0,0.5921438
3281,10,1,0.46159425
3282,13,0,0.22255355
3283,26,0,0.5270853
3284,16,0,0.3116629
3285,7,1,0.8020105
3286,12,0,0.3448642
3287,23,1,0.6840824
3288,6,1,0.45076293
3289,2,1,0.51042825
3290,7,1,0.68091327
3291,16,0,0.56787914
3292,27,1,0.42280993
3293,16,0,0.7116363
3294,1,1,0.5962032
3295,15,1,0.5742885
3296,25,1,0.58785194
3297,18,0,0.31851918
3298,13,0,0.5404409
3299,12,1,0.59932023
3300,23,0,0.7432016
3301,10,1,0.3157897
3302,27,1,0.37450868
3303,15,1,0.6943739
3304,19,0,0.34144244
3305,8,1,0.3991951
3306,0,0,0.56849974
3307,17,1,0.4381795
3308,26,1,0.545035
3309,22,0,0.41109473
3310,21,1,0.6853835
3311,28,0,0.21629968
3312,0,0,0.7236522
3313,28,1,0.5474048
3314,7,0,0.49065587
3315,6,1,0.5299421
3316,15,1,0.27423579
3317,6,0,0.44902444
3318,13,0,0.3913082
3319,24,1,0.30541947
3320,6,0,0.31844902
3321,8,1,0.54690063
3322,25,0,0.5543003
3323,15,1,0.32286257
3324,18,1,0.50356835
3325,26,1,0.2362974
3326,15,0,0.65926087
3327,25,0,0.48606265
3328,25,1,0.55785125
3329,6,1,0.48715067
3330,28,0,0.28105885
3331,4,1,0.8124102
3332,3,1,0.34006524
3333,26,1,0.47270107
3334,12,0,0.2177005
3335,16,1,0.8194837
3336,20,0,0.6894484
3337,2,1,0.74765116
3338,2,1,0.83362734
3339,8,1,0.44284004
3340,25,1,0.5307979
3341,0,0,0.6662845
3342,13,0,0.80856854
3343,22,0,0.12188537
3344,6,1,0.6167529
3345,13,0,0.7348408
3346,2,1,0.640317
3347,1,1,0.6996455
3348,25,0,0.23157988
3349,11,1,0.68028164
3350,16,0,0.33074594
3351,12,1,0.58792305
3352,12,1,0.30427715
3353,6,1,0.33412805
3354,3,1,0.5134818
3355,8,1,0.32653767
3356,12,0,0.4680749
3357,1,0,0.4185238
3358,11,0,0.23240952
3359,16,1,0.8335657
3360,13,1,0.58033574
3361,22,0,0.5647653
3362,16,1,0.9245547
3363,6,1,0.6759802
3364,10,1,0.8646746
3365,2,0,0.83137554
3366,13,0,0.30783772
3367,17,1,0.8387529
3368,4,1,0.33713543
3369,26,0,0.3913023
3370,23,0,0.54455304
3371,10,1,0.54245526
3372,0,0,0.23763049
3373,10,0,0.35924688
3374,27,0,0.2942517
3375,11,0,0.11590463
3376,16,0,0.2873679
3377,10,1,0.7734223
3378,28,0,0.3756526
3379,11,0,0.21613123
3380,27,1,0.47031912
3381,5,1,0.79074514
3382,20,1,0.59685445
3383,20,0,0.3666515
3384,3,1,0.71113145
3385,11,0,0.41151515
3386,15,0,0.5436561
3387,26,0,0.32104677
3388,2,1,0.8807127
3389,22,1,0.66002536
3390,0,1,0.64715695
3391,13,0,0.790238
3392,16,1,0.6368188
3393,8,1,0.8112981
3394,19,1,0.63946486
3395,7,0,0.2927604
3396,25,1,0.87085223
3397,18,0,0.8117271
3398,11,1,0.42511177
3399,26,0,0.47121686
3400,0,0,0.5318673
3401,1,1,0.29735827
3402,25,1,0.5650715
3403,12,1,0.56840396
3404,17,0,0.35084024
3405,17,1,0.6392076
3406,2,0,0.4402866
3407,13,0,0.20857227
3408,25,1,0.6720972
3409,14,0,0.35206035
3410,8,1,0.3182219
3411,1,1,0.7218837
3412,9,1,0.828263
3413,13,1,0.50071424
3414,13,1,0.6197376
3415,13,0,0.32676622
3416,11,0,0.47090587
3417,11,1,0.8689523
3418,26,1,0.8609618
3419,1,0,0.43231544
3420,9,1,0.58206606
3421,12,0,0.5966737
3422,13,1,0.32315725
3423,10,0,0.6870567
3424,20,0,0.3377051
3425,9,0,0.49010834
3426,15,1,0.28965324
3427,26,1,0.25673267
3428,23,0,0.6351988
3429,5,0,0.44687462
3430,3,0,0.49148402
3431,23,1,0.34384847
3432,10,0,0.3972333
3433,22,1,0.54982364
3434,2,0,0.59690636
3435,17,1,0.6592773
3436,25,1,0.7511492
3437,15,0,0.85059386
3438,3,1,0.675174
3439,12,1,0.68493676
3440,1,1,0.50483894
3441,12,1,0.46434358
3442,16,1,0.59096664
3443,20,0,0.34349066
3444,27,1,0.63972616
3445,1,0,0.5607542
3446,26,0,0.28714144
3447,8,1,0.7445792
3448,2,1,0.28960642
3449,28,1,0.4835666
3450,26,1,0.8173417
3451,2,1,0.84684974
3452,17,1,0.49057496
3453,23,0,0.64705837
3454,3,0,0.25287816
3455,26,0,0.3875828
3456,8,1,0.6494834
3457,23,1,0.6469054
3458,25,0,0.3862943
3459,15,0,0.58380383
3460,26,0,0.6852223
3461,8,1,0.6592275
3462,0,0,0.29604888
3463,10,0,0.5466764
3464,26,1,0.5237472
3465,13,1,0.8946471
3466,8,1,0.55568606
3467,13,1,0.7572789
3468,18,0,0.6325994
3469,13,1,0.8418948
3470,2,0,0.40593383
3471,6,1,0.77966386
3472,6,1,0.36923388
3473,11,0,0.38422087
3474,27,0,0.22336684
3475,2,1,0.22538908
3476,23,1,0.51933837
3477,22,0,0.4875364
3478,26,0,0.5461603
3479,0,1,0.63994503
3480,17,1,0.6412147
3481,22,0,0.4618006
3482,16,1,0.32662067
3483,2,0,0.5753948
3484,12,0,0.5179106
3485,23,1,0.515784
3486,1,0,0.37345403
3487,3,1,0.88718903
3488,14,0,0.27228582
3489,28,1,0.55341107
3490,3,1,0.5892236
3491,3,0,0.325203
3492,10,1,0.8247095
3493,2,1,0.5212422
3494,16,1,0.52468294
3495,11,1,0.23660685
3496,18,1,0.87831223
3497,8,0,0.37096977
3498,0,1,0.44489297
3499,26,0,0.12834236
3500,19,0,0.39605623
3501,15,1,0.2655112
3502,27,1,0.3401233
3503,26,1,0.67766684
3504,13,1,0.7372635
3505,27,1,0.19903459
3506,19,0,0.4683915
3507,2,0,0.69726723
3508,10,1,0.4619165
3509,2,0,0.31986836
3510,11,1,0.6096404
3511,17,0,0.41487482
3512,19,0,0.68482244
3513,4,0,0.26803648
3514,24,1,0.592246
3515,12,1,0.6168057
3516,1,1,0.56253344
3517,14,0,0.5721774
3518,10,0,0.6367823
3519,23,0,0.3925475
3520,3,0,0.7348039
3521,8,0,0.37516928
3522,2,1,0.3168662
3523,25,0,0.48217994
3524,9,0,0.44335043
3525,2,0,0.29221225
3526,2,0,0.6497105
3527,10,1,0.2407255
3528,8,0,0.29520398
3529,2,1,0.3149943
3530,1,0,0.2647554
3531,22,1,0.51000965
3532,11,0,0.55840254
3533,4,0,0.23406671
3534,0,1,0.59565955
3535,23,0,0.3397268
3536,10,1,0.79679936
3537,16,1,0.8392969
3538,2,1,0.75114536
3539,2,1,0.48988646
3540,4,0,0.28224882
3541,26,0,0.3460255
3542,23,1,0.7731939
3543,15,1,0.6691376
3544,2,0,0.34180158
3545,20,1,0.76564366
3546,10,0,0.47328782
3547,6,0,0.89048594
3548,0,0,0.84076095
3549,27,0,0.5081782
3550,5,1,0.7525891
3551,15,1,0.45050827
3552,11,1,0.6428659
3553,2,0,0.31752643
3554,12,0,0.4057035
3555,22,0,0.62482125
3556,2,0,0.122666866
3557,15,0,0.25626633
3558,16,0,0.3613134
3559,21,0,0.5115531
3560,24,1,0.4406339
3561,17,0,0.34896535
3562,12,1,0.28841895
3563,26,1,0.8626802
3564,13,0,0.6470658
3565,13,1,0.5205609
3566,13,1,0.52781504
3567,11,1,0.68450713
3568,3,1,0.6271917
3569,18,0,0.530526
3570,2,1,0.39633313
3571,2,0,0.5309439
3572,28,0,0.22801673
3573,13,0,0.34619397
3574,16,0,0.31552887
3575,25,1,0.70249057
3576,8,0,0.49786612
3577,14,1,0.47419047
3578,13,0,0.6806209
3579,1,1,0.6655982
3580,12,1,0.528342
3581,16,1,0.50077623
3582,23,1,0.575022
3583,18,0,0.54561096
3584,15,1,0.35750175
3585,5,0,0.53004456
3586,22,1,0.6005172
3587,26,0,0.57860976
3588,14,1,0.53780764
3589,8,1,0.45159304
3590,2,1,0.6068325
3591,16,0,0.50522316
3592,11,1,0.593994
3593,1,0,0.25958776
3594,23,1,0.6747224
3595,27,0,0.7134207
3596,13,1,0.8731907
3597,5,1,0.58449817
3598,5,1,0.30180493
3599,16,0,0.42572552
3600,11,0,0.47976947
3601,1,0,0.51472384
3602,12,0,0.3028495
3603,20,0,0.4645972
3604,4,0,0.5061773
3605,10,1,0.51303023
3606,20,0,0.25088292
3607,8,1,0.5791343
3608,16,0,0.47895136
3609,3,1,0.39777052
3610,8,1,0.61385256
3611,17,0,0.26229942
3612,16,1,0.4923767
3613,1,1,0.81516755
3614,13,1,0.5194173
3615,13,0,0.2831642
3616,0,1,0.2717607
3617,1,0,0.28725418
3618,2,0,0.32057515
3619,6,0,0.23613821
3620,8,1,0.8061178
3621,8,0,0.7879125
3622,2,0,0.60297865
3623,13,1,0.7154214
3624,3,0,0.54103816
3625,24,1,0.7826944
3626,4,0,0.5518021
3627,4,1,0.44118813
3628,3,0,0.73256475
3629,13,1,0.4288857
3630,19,0,0.19214933
3631,8,0,0.3175488
3632,10,0,0.33613688
3633,20,1,0.46095908
3634,13,1,0.55121154
3635,24,1,0.9212122
3636,17,1,0.46987468
3637,3,1,0.74197984
3638,6,1,0.49430925
3639,19,1,0.6927319
3640,22,0,0.64307916
3641,5,0,0.7456598
3642,9,0,0.2513263
3643,12,1,0.71564686
3644,9,0,0.24327701
3645,7,0,0.79592955
3646,10,0,0.5532021
3647,13,0,0.31388548
3648,15,1,0.5498917
3649,21,1,0.6080065
3650,1,0,0.19719952
3651,15,0,0.41868222
3652,10,0,0.3202741
3653,8,0,0.34239826
3654,9,1,0.31913796
3655,4,0,0.51782817
3656,22,1,0.6092838
3657,4,1,0.5447955
3658,13,1,0.54977816
3659,16,1,0.7668629
3660,12,1,0.38329977
3661,9,1,0.639086
3662,11,0,0.42482293
3663,9,1,0.59479856
3664,10,1,0.69375014
3665,0,0,0.32695326
3666,2,1,0.39310148
3667,21,1,0.82056725
3668,19,1,0.2604073
3669,25,0,0.19011703
3670,11,0,0.44731855
3671,3,1,0.25010258
3672,17,0,0.36233464
3673,20,0,0.44471654
3674,1,0,0.2888903
3675,3,0,0.06775129
3676,12,1,0.44411743
3677,16,1,0.54780155
3678,20,0,0.30276582
3679,3,0,0.5304294
3680,2,1,0.52779734
3681,10,1,0.5481337
3682,13,1,0.70353544
3683,19,0,0.32424757
3684,21,1,0.71383977
3685,10,0,0.21677424
3686,15,1,0.44512042
3687,25,1,0.8416856
3688,22,0,0.38617182
3689,15,0,0.233697
3690,6,1,0.7326559
3691,7,0,0.77211624
3692,21,1,0.28964546
3693,5,0,0.6175473
3694,20,0,0.3596039
3695,26,1,0.6869481
3696,24,0,0.33513507
3697,23,1,0.49131298
3698,16,0,0.6270716
3699,10,0,0.6176231
3700,15,0,0.46879628
3701,28,1,0.77369964
3702,12,1,0.50978583
3703,10,1,0.34585437
3704,18,0,0.52087003
3705,6,0,0.56292105
3706,28,1,0.62464106
3707,11,0,0.21416989
3708,22,1,0.84459597
3709,25,0,0.2640335
3710,22,1,0.6837938
3711,12,1,0.48520476
3712,17,1,0.8111931
3713,17,0,0.26837748
3714,22,0,0.6301367
3715,8,0,0.30049315
3716,20,1,0.31696612
3717,10,1,0.59669805
3718,7,0,0.5692001
3719,27,0,0.57537794
3720,2,0,0.7830237
3721,11,0,0.3370646
3722,8,0,0.6659463
3723,16,1,0.3876317
3724,26,1,0.5763811
3725,14,1,0.30525804
3726,2,0,0.24088034
3727,27,1,0.465315
3728,14,1,0.6595869
3729,23,0,0.57906324
3730,4,0,0.38165495
3731,2,1,0.65776867
3732,13,1,0.31009156
3733,15,1,0.58321077
3734,7,0,0.24027319
3735,8,1,0.5801936
3736,15,0,0.66842407
3737,23,1,0.57187873
3738,19,1,0.33038005
3739,6,0,0.20344219
3740,8,1,0.61129355
3741,8,0,0.5701958
3742,3,1,0.7341825
3743,27,0,0.35967267
3744,19,1,0.51079965
3745,5,0,0.34381074
3746,23,1,0.2874665
3747,13,0,0.3847237
3748,12,1,0.66144806
3749,18,1,0.6611808
3750,28,1,0.5206558
3751,17,1,0.6682345
3752,26,1,0.6679405
3753,11,1,0.68308216
3754,8,0,0.58995706
3755,16,0,0.24481136
3756,3,0,0.2878553
3757,6,0,0.30418864
3758,26,1,0.8824494
3759,13,1,0.42323807
3760,3,0,0.38855526
3761,1,0,0.46415564
3762,27,1,0.3732725
3763,0,1,0.83057517
3764,27,1,0.51823837
3765,25,1,0.5747024
3766,24,1,0.8406263
3767,9,1,0.41425347
3768,11,1,0.4820003
3769,13,1,0.5800737
3770,28,1,0.34741434
3771,19,1,0.56429106
3772,11,1,0.5979933
3773,19,1,0.66021913
3774,1,0,0.20881687
3775,2,1,0.6589783
3776,24,0,0.660474
3777,11,1,0.8200779
3778,24,1,0.258694
3779,11,0,0.5087983
3780,6,1,0.45674008
3781,27,1,0.55026144
3782,18,1,0.37305424
3783,4,1,0.8728807
3784,1,0,0.2814757
3785,16,1,0.29282263
3786,11,0,0.68272436
3787,8,0,0.6501451
3788,10,1,0.73801684
3789,16,1,0.8664637
3790,17,1,0.66044426
3791,25,0,0.32872558
3792,16,0,0.30045354
3793,7,0,0.4184311
3794,16,1,0.3535088
3795,20,1,0.68479943
3796,3,0,0.59936744
3797,5,0,0.33029172
3798,26,0,0.47592035
3799,10,0,0.3339807
3800,16,0,0.563646
3801,6,1,0.73630697
3802,13,1,0.53594595
3803,25,0,0.31723294
3804,13,1,0.55266243
3805,15,0,0.34443823
3806,10,1,0.5485816
3807,8,0,0.7638113
3808,14,1,0.8341505
3809,21,1,0.59840363
3810,0,0,0.821318
3811,27,1,0.8172798
3812,17,1,0.650247
3813,13,1,0.8591892
3814,26,1,0.5253544
3815,18,1,0.3849618
3816,25,0,0.58246434
3817,18,1,0.7606467
3818,12,0,0.43881828
3819,15,0,0.49325645
3820,22,1,0.46640813
3821,18,1,0.35437754
3822,7,1,0.57131475
3823,27,1,0.3406599
3824,13,1,0.63494706
3825,2,0,0.20298445
3826,6,1,0.69613636
3827,17,0,0.7775741
3828,1,0,0.203075
3829,28,0,0.37568983
3830,23,1,0.571148
3831,25,1,0.40985617
3832,20,1,0.69804084
3833,12,1,0.8609737
3834,19,0,0.22746532
3835,28,1,0.579212
3836,19,1,0.88422716
3837,12,1,0.6686913
3838,25,1,0.7000745
3839,19,0,0.24783084
3840,3,0,0.5307702
3841,18,1,0.6000695
3842,17,1,0.69308025
3843,26,1,0.6432147
3844,17,0,0.6173963
3845,17,0,0.6154247
3846,28,1,0.86889464
3847,3,0,0.51895225
3848,12,0,0.3268431
3849,13,1,0.82137257
3850,2,0,0.5500922
3851,2,1,0.4252439
3852,11,0,0.3904025
3853,19,1,0.7753246
3854,20,1,0.43155715
3855,2,1,0.23409905
3856,22,1,0.50747806
3857,12,0,0.33176136
3858,16,1,0.69117165
3859,2,0,0.15702523
3860,6,0,0.6235502
3861,11,1,0.6743067
3862,1,0,0.4190329
3863,28,1,0.34660426
3864,14,0,0.21617873
3865,10,1,0.4752902
3866,6,0,0.6619854
3867,1,1,0.6480175
3868,13,0,0.6440825
3869,9,1,0.30375484
3870,16,1,0.85304266
3871,10,1,0.67460465
3872,28,1,0.45657036
3873,3,1,0.8116421
3874,22,0,0.33179837
3875,6,0,0.69596976
3876,8,0,0.41461343
3877,14,1,0.5615104
3878,16,0,0.30132437
3879,10,1,0.4204312
3880,18,1,0.72109467
3881,20,1,0.43345088
3882,4,0,0.43393457
3883,6,1,0.9115185
3884,1,0,0.3305001
3885,13,0,0.15317407
3886,13,1,0.59353393
3887,2,0,0.24763471
3888,8,0,0.44877133
3889,10,1,0.6547829
3890,18,1,0.86391103
3891,21,0,0.45387104
3892,6,0,0.24348174
3893,16,0,0.43521962
3894,13,1,0.39858094
3895,19,0,0.64875454
3896,22,0,0.30940458
3897,10,1,0.29807281
3898,20,0,0.49052745
3899,15,0,0.3062031
3900,17,1,0.3256379
3901,12,1,0.28605598
3902,2,0,0.38640746
3903,5,1,0.6847235
3904,8,0,0.29178935
3905,2,0,0.32696214
3906,26,1,0.70679
3907,14,0,0.57555073
3908,17,0,0.29489505
3909,25,0,0.37431017
3910,13,1,0.88307506
3911,10,1,0.3427322
3912,1,0,0.5634073
3913,15,0,0.35630015
3914,15,1,0.84803134
3915,12,1,0.42521045
3916,15,0,0.42250413
3917,4,0,0.55144423
3918,9,0,0.34956178
3919,7,0,0.46781313
3920,11,1,0.7137832
3921,13,1,0.31481013
3922,15,0,0.6704359
3923,26,1,0.24337478
3924,13,1,0.8837767
3925,25,0,0.24798042
3926,8,1,0.83988523
3927,18,0,0.338286
3928,12,0,0.7132531
3929,17,1,0.47766536
3930,18,1,0.6444375
3931,1,0,0.32647946
3932,3,0,0.3313629
3933,6,1,0.5394581
3934,10,1,0.41944185
3935,16,1,0.32299358
3936,9,1,0.3696629
3937,15,1,0.8379967
3938,8,1,0.9006257
3939,17,0,0.2608202
3940,24,1,0.30335516
3941,9,0,0.6499064
3942,3,1,0.569777
3943,25,1,0.8767645
3944,25,1,0.19279853
3945,18,0,0.17860666
3946,2,1,0.6252521
3947,10,0,0.47541627
3948,20,1,0.73702955
3949,8,1,0.598006
3950,14,0,0.44349563
3951,28,0,0.6776561
3952,8,0,0.24745922
3953,18,0,0.3198813
3954,19,0,0.47020042
3955,16,1,0.6978323
3956,8,0,0.27258965
3957,2,0,0.20214519
3958,10,0,0.31431246
3959,28,1,0.40675446
3960,12,0,0.25938165
3961,14,1,0.85746074
3962,8,1,0.6269674
3963,14,0,0.622558
3964,13,1,0.3500915
3965,13,1,0.38742048
3966,10,0,0.25104696
3967,12,0,0.5227895
3968,1,1,0.52389926
3969,12,1,0.528252
3970,16,1,0.50901574
3971,27,0,0.5177473
3972,12,1,0.3345311
3973,2,0,0.32673496
3974,25,0,0.30366933
3975,25,0,0.42481887
3976,19,0,0.49409962
3977,22,0,0.47985703
3978,13,0,0.3675906
3979,27,1,0.80920655
3980,28,1,0.59295
3981,10,0,0.29685408
3982,4,1,0.68667704
3983,7,0,0.49617907
3984,18,0,0.3665952
3985,9,1,0.36294127
3986,17,1,0.6333548
3987,3,0,0.6432943
3988,16,0,0.49254113
3989,6,0,0.86166227
3990,25,1,0.5846335
3991,28,1,0.3367728
3992,26,1,0.6225968
3993,8,1,0.47283876
3994,7,0,0.44338825
3995,20,0,0.64235353
3996,20,0,0.5599107
3997,8,1,0.8258948
3998,1,0,0.59603083
3999,18,0,0.25228244
4000,8,1,0.51560104
4001,10,1,0.8385391
4002,6,0,0.54558665
4003,18,0,0.560844
4004,13,1,0.5927378
4005,2,0,0.5800031
4006,11,0,0.32171062
4007,13,0,0.68229795
4008,2,1,0.66711307
4009,19,1,0.8162443
4010,27,1,0.6643307
4011,9,0,0.3572481
4012,11,0,0.2650178
4013,3,1,0.48939407
4014,10,1,0.43507862
4015,11,1,0.3745453
4016,13,0,0.35939902
4017,5,0,0.84920317
4018,2,1,0.80859745
4019,16,0,0.5516657
4020,20,0,0.46994615
4021,26,1,0.7393638
4022,8,0,0.77714854
4023,17,0,0.2888481
4024,11,0,0.527411
4025,14,1,0.67517763
4026,19,0,0.35642138
4027,11,0,0.39154392
4028,8,1,0.51932013
4029,11,1,0.5580564
4030,3,1,0.82176435
4031,13,1,0.55158514
4032,15,0,0.41213706
4033,6,0,0.35777026
4034,20,1,0.6754064
4035,9,1,0.51789665
4036,3,0,0.24409182
4037,25,1,0.361459
4038,8,1,0.7855359
4039,17,0,0.2315123
4040,10,0,0.5464251
4041,12,1,0.9083635
4042,20,1,0.3105546
4043,8,1,0.86622065
4044,27,0,0.32868752
4045,7,1,0.64912677
4046,3,0,0.25922197
4047,16,1,0.7035044
4048,8,1,0.54387355
4049,8,1,0.34268993
4050,16,0,0.45030588
4051,15,0,0.6120159
4052,10,1,0.48987386
4053,7,1,0.58673435
4054,28,1,0.51037663
4055,12,0,0.4883329
4056,21,1,0.31299117
4057,8,0,0.32636943
4058,27,0,0.5018927
4059,1,0,0.4216298
4060,16,1,0.5379667
4061,2,1,0.71941924
4062,19,0,0.3367125
4063,23,0,0.6005988
4064,16,0,0.4054605
4065,13,0,0.3430553
4066,8,1,0.5169397
4067,25,1,0.38229865
4068,24,1,0.56190556
4069,12,0,0.48318246
4070,17,0,0.58420557
4071,27,1,0.27063975
4072,4,1,0.4399522
4073,18,0,0.20458826
4074,15,0,0.25576046
4075,8,0,0.4383981
4076,15,1,0.36877754
4077,10,1,0.6195951
4078,1,1,0.9416038
4079,10,0,0.2295459
4080,15,0,0.2823418
4081,6,0,0.4873291
4082,2,0,0.6440377
4083,1,0,0.5750194
4084,8,1,0.53630465
4085,4,0,0.29523483
4086,15,1,0.46217248
4087,2,0,0.5121525
4088,18,0,0.29398042
4089,15,0,0.6028652
4090,18,1,0.32101655
4091,1,1,0.7407568
4092,4,0,0.5582054
4093,0,1,0.6480204
4094,18,0,0.15816592
4095,1,0,0.42440918
4096,13,1,0.2845357
4097,10,1,0.72307074
4098,21,0,0.6239007
4099,0,1,0.52044
4100,10,0,0.38186225
4101,13,1,0.5285219
4102,13,0,0.61188346
4103,11,1,0.7044081
4104,10,0,0.48731646
4105,28,0,0.32691032
4106,13,0,0.32780904
4107,9,1,0.3623998
4108,27,0,0.53553647
4109,17,0,0.26178342
4110,13,0,0.38147482
4111,15,0,0.25208554
4112,13,0,0.6753259
4113,11,0,0.6638056
4114,1,0,0.3529376
4115,25,0,0.37849832
4116,1,1,0.34645042
4117,7,1,0.5834162
4118,15,1,0.50321186
4119,18,0,0.64334804
4120,20,1,0.4426977
4121,1,0,0.40460378
4122,15,0,0.5476364
4123,16,1,0.27857342
4124,17,1,0.55118114
4125,11,1,0.33077472
4126,25,0,0.41255262
4127,7,1,0.3048685
4128,5,0,0.47279042
4129,10,1,0.6176703
4130,21,1,0.5631585
4131,18,1,0.6582246
4132,25,1,0.37598842
4133,28,1,0.6145816
4134,15,1,0.6349496
4135,15,0,0.833535
4136,13,1,0.33173317
4137,10,1,0.8627826
4138,15,0,0.24117553
4139,27,0,0.43387523
4140,16,0,0.25583017
4141,17,1,0.69816995
4142,26,0,0.39512783
4143,15,0,0.29473662
4144,25,0,0.32661206
4145,18,1,0.8244226
4146,20,0,0.448273
4147,15,0,0.51054466
4148,25,0,0.3038746
4149,3,0,0.22329102
4150,17,1,0.74924815
4151,27,1,0.58287925
4152,13,1,0.5770913
4153,2,0,0.31816545
4154,10,1,0.73525196
4155,13,1,0.8700973
4156,8,0,0.24068688
4157,13,0,0.33089
4158,23,1,0.8417834
4159,20,0,0.22395608
4160,15,1,0.6683692
4161,10,0,0.24834332
4162,8,0,0.2733732
4163,25,1,0.75289947
4164,16,0,0.46828583
4165,22,1,0.4914687
4166,12,0,0.32439107
4167,15,0,0.25964224
4168,22,1,0.74986017
4169,27,0,0.5882442
4170,2,0,0.521979
4171,2,0,0.17043445
4172,25,0,0.28984016
4173,20,0,0.7817116
4174,17,1,0.54487264
4175,13,1,0.71127063
4176,17,0,0.6276484
4177,9,0,0.3448268
4178,18,0,0.62396294
4179,26,0,0.33981353
4180,3,0,0.2521836
4181,10,1,0.25061625
4182,25,0,0.2551049
4183,0,0,0.20032457
4184,17,0,0.23587963
4185,26,0,0.3131733
4186,19,1,0.33130127
4187,13,1,0.7839522
4188,20,1,0.6952629
4189,4,0,0.51609486
4190,13,0,0.32292885
4191,7,1,0.4073643
4192,13,0,0.6350185
4193,4,0,0.5474378
4194,9,1,0.3191053
4195,9,1,0.45667547
4196,15,1,0.59619486
4197,12,1,0.6881744
4198,15,0,0.22685976
4199,22,0,0.26192033
4200,9,0,0.22806157
4201,2,0,0.43233266
4202,20,1,0.7515489
4203,9,0,0.8525182
4204,8,0,0.2969512
4205,5,0,0.3126819
4206,11,0,0.70518273
4207,16,1,0.33910167
4208,28,1,0.4380287
4209,2,0,0.69434357
4210,6,0,0.63358223
4211,12,1,0.64455426
4212,26,1,0.7938056
4213,12,1,0.7446843
4214,2,0,0.22327909
4215,8,0,0.3943662
4216,1,1,0.63566947
4217,6,1,0.52650166
4218,16,0,0.22322376
4219,13,1,0.6675069
4220,25,0,0.32988158
4221,16,0,0.38089243
4222,1,0,0.629554
4223,12,0,0.44664258
4224,15,1,0.7941495
4225,15,1,0.32926577
4226,16,0,0.37188637
4227,16,0,0.18538992
4228,15,0,0.3059189
4229,26,0,0.66574866
4230,16,1,0.5852482
4231,27,1,0.8362023
4232,2,0,0.37601253
4233,0,0,0.58076936
4234,0,0,0.5736122
4235,19,1,0.45746008
4236,19,0,0.3567106
4237,16,1,0.38611835
4238,1,1,0.56902516
4239,9,1,0.7543451
4240,23,1,0.8311037
4241,14,0,0.29892588
4242,1,1,0.6037795
4243,2,0,0.6931028
4244,21,0,0.6507306
4245,26,1,0.6772042
4246,11,1,0.5715346
4247,3,1,0.47726482
4248,28,1,0.27713844
4249,16,0,0.37942696
4250,27,1,0.7244984
4251,8,1,0.68299085
4252,13,1,0.30387467
4253,25,1,0.82943606
4254,22,1,0.73785067
4255,28,0,0.5485945
4256,8,0,0.5198379
4257,15,1,0.6153682
4258,27,1,0.6490008
4259,19,1,0.7738036
4260,5,0,0.45799354
4261,5,1,0.4909563
4262,21,1,0.72546345
4263,16,1,0.87531894
4264,11,0,0.3286025
4265,27,0,0.27812454
4266,14,0,0.5392147
4267,20,1,0.24235505
4268,18,1,0.5751426
4269,25,0,0.5998887
4270,26,1,0.7337321
4271,15,1,0.63484126
4272,11,1,0.5194363
4273,9,0,0.5752477
4274,21,0,0.32721794
4275,18,1,0.30757862
4276,10,0,0.38782814
4277,10,0,0.24704097
4278,7,0,0.40224358
4279,4,0,0.6981577
4280,16,0,0.70316863
4281,25,1,0.536756
4282,7,1,0.8339828
4283,8,1,0.69405866
4284,8,1,0.6091097
4285,6,0,0.69742316
4286,15,0,0.39357364
4287,18,0,0.34090284
4288,6,1,0.63626593
4289,24,0,0.30969927
4290,6,1,0.31705287
4291,18,1,0.74789184
4292,27,0,0.40240216
4293,12,1,0.69735426
4294,26,0,0.80752075
4295,3,1,0.8696596
4296,26,0,0.5879806
4297,2,0,0.33645415
4298,2,1,0.1520911
4299,15,1,0.6259257
4300,1,1,0.515658
4301,1,0,0.37102902
4302,13,0,0.31797817
4303,17,0,0.42599282
4304,9,0,0.49366817
4305,15,1,0.63992244
4306,22,0,0.23321795
4307,15,0,0.67312026
4308,16,1,0.43207756
4309,9,1,0.79172623
4310,2,0,0.31033438
4311,17,0,0.27752337
4312,21,1,0.55599934
4313,10,1,0.527591
4314,8,0,0.60180026
4315,28,0,0.61348385
4316,17,1,0.6069949
4317,12,1,0.52432615
4318,8,0,0.2572652
4319,26,1,0.84800494
4320,22,1,0.6783757
4321,13,1,0.67238486
4322,13,1,0.90580535
4323,6,0,0.83069164
4324,19,0,0.31821847
4325,27,0,0.46138537
4326,19,1,0.5768289
4327,1,1,0.694648
4328,14,0,0.47778517
4329,26,1,0.64237267
4330,15,0,0.6034272
4331,11,1,0.35608578
4332,2,1,0.36769414
4333,15,1,0.47435406
4334,20,1,0.8816047
4335,15,0,0.24754667
4336,6,1,0.66850775
4337,16,0,0.6961794
4338,8,1,0.5415511
4339,4,1,0.53578657
4340,23,1,0.48672223
4341,22,1,0.57370406
4342,27,1,0.818981
4343,26,0,0.39349744
4344,7,0,0.28959152
4345,15,1,0.6867297
4346,18,0,0.49497876
4347,12,0,0.48448914
4348,15,1,0.7771977
4349,20,0,0.23910776
4350,19,0,0.2206645
4351,16,1,0.68382764
4352,28,0,0.2618681
4353,16,1,0.6983913
4354,25,1,0.30210295
4355,12,1,0.65690136
4356,16,1,0.26784694
4357,2,0,0.85160273
4358,2,1,0.32265478
4359,20,1,0.4434294
4360,6,0,0.49723905
4361,17,1,0.40185842
4362,11,1,0.5509662
4363,16,0,0.51037514
4364,8,1,0.47571155
4365,19,0,0.7922577
4366,6,0,0.76865786
4367,13,1,0.33282253
4368,16,1,0.33997008
4369,20,0,0.536504
4370,7,0,0.4100748
4371,21,1,0.4364373
4372,25,1,0.54489845
4373,26,1,0.759647
4374,16,0,0.51155925
4375,7,0,0.23922816
4376,8,0,0.24146038
4377,11,1,0.8079125
4378,13,1,0.5311246
4379,23,0,0.2662065
4380,7,0,0.44331414
4381,26,0,0.4427149
4382,8,1,0.5965039
4383,10,0,0.40477192
4384,3,0,0.82205075
4385,1,1,0.8911111
4386,22,0,0.505391
4387,12,0,0.4901411
4388,27,1,0.89210826
4389,0,0,0.72529924
4390,14,1,0.5726329
4391,11,1,0.6660239
4392,12,1,0.65034074
4393,20,0,0.5503404
4394,9,1,0.32950214
4395,6,1,0.72775894
4396,13,0,0.33338356
4397,11,1,0.75691575
4398,11,1,0.6898256
4399,26,1,0.5982504
4400,11,1,0.55490077
4401,0,0,0.33485076
4402,15,0,0.5028601
4403,9,0,0.27789646
4404,15,0,0.37452203
4405,22,1,0.4462529
4406,3,1,0.7413598
4407,9,1,0.78415585
4408,18,1,0.3222851
4409,17,0,0.30091184
4410,16,0,0.6946801
4411,25,1,0.73496705
4412,1,0,0.2533872
4413,1,1,0.4541555
4414,12,1,0.69918495
4415,23,1,0.51769364
4416,1,0,0.6184846
4417,19,0,0.3177494
4418,19,1,0.38191435
4419,11,0,0.34539977
4420,8,0,0.53561085
4421,26,1,0.38632062
4422,26,1,0.34209746
4423,1,0,0.30979222
4424,22,0,0.6077271
4425,12,1,0.7484209
4426,6,0,0.31244785
4427,3,0,0.35594675
4428,1,1,0.574925
4429,2,0,0.30214772
4430,3,0,0.77379763
4431,7,0,0.26000994
4432,5,0,0.34679785
4433,25,0,0.7085658
4434,27,0,0.47336146
4435,3,1,0.5581937
4436,23,1,0.5041342
4437,8,0,0.67433715
4438,27,0,0.82300323
4439,5,1,0.9321576
4440,26,0,0.30698568
4441,1,0,0.73468256
4442,15,0,0.5574454
4443,19,0,0.3891526
4444,6,1,0.32710233
4445,15,1,0.57850313
4446,11,0,0.3456005
4447,12,0,0.1948252
4448,28,0,0.33795908
4449,14,0,0.38045043
4450,7,0,0.24304345
4451,24,0,0.48860937
4452,19,0,0.15553601
4453,7,1,0.56750983
4454,21,0,0.55030197
4455,28,0,0.47567108
4456,17,0,0.6180073
4457,1,0,0.24304391
4458,15,1,0.26152337
4459,12,0,0.38530743
4460,8,0,0.27861533
4461,12,1,0.23747106
4462,27,1,0.66607374
4463,3,0,0.39835647
4464,24,0,0.70344746
4465,0,0,0.3352522
4466,18,1,0.45231313
4467,27,1,0.5892724
4468,1,1,0.5651194
4469,13,0,0.593139
4470,20,1,0.44387212
4471,20,0,0.74590766
4472,7,1,0.628249
4473,7,1,0.88024044
4474,9,1,0.20994416
4475,22,1,0.7658204
4476,3,1,0.2811601
4477,1,0,0.8025144
4478,13,1,0.5093314
4479,16,0,0.39123553
4480,12,0,0.38122752
4481,2,0,0.42897633
4482,16,0,0.6671721
4483,27,1,0.6296916
4484,25,0,0.5266371
4485,10,0,0.2918187
4486,25,1,0.62994576
4487,24,1,0.79825366
4488,15,0,0.4912341
4489,14,1,0.4164354
4490,6,0,0.28785124
4491,24,0,0.20093013
4492,3,1,0.8933237
4493,26,0,0.81773764
4494,25,0,0.7240083
4495,10,1,0.21740517
4496,0,1,0.28420082
4497,17,0,0.40202257
4498,17,1,0.5350515
4499,26,0,0.29948452
4500,6,0,0.66756445
4501,3,0,0.4185073
4502,28,1,0.12782478
4503,23,0,0.6723838
4504,4,1,0.15289943
4505,1,0,0.47142398
4506,16,0,0.72702545
4507,16,0,0.487934
4508,23,0,0.17865154
4509,0,1,0.61996436
4510,7,1,0.45418736
4511,27,0,0.5665968
4512,13,0,0.19585773
4513,11,1,0.80071026
4514,16,1,0.28392923
4515,2,1,0.72905743
4516,0,0,0.47558025
4517,13,0,0.5085937
4518,12,0,0.7041089
4519,0,0,0.093457416
4520,23,1,0.69547373
4521,9,0,0.37163666
4522,28,0,0.5196207
4523,13,1,0.6237008
4524,10,1,0.8294089
4525,12,0,0.28353465
4526,27,0,0.2845755
4527,9,0,0.5673808
4528,9,1,0.2889929
4529,19,0,0.29316163
4530,17,1,0.73431915
4531,2,1,0.6910812
4532,16,0,0.24105622
4533,10,1,0.76790965
4534,16,0,0.7069207
4535,4,0,0.37251604
4536,10,1,0.41780972
4537,6,0,0.3694478
4538,16,0,0.41260654
4539,21,0,0.50680554
4540,14,1,0.64969254
4541,15,1,0.45387968
4542,6,0,0.84046173
4543,12,0,0.3177802
4544,25,0,0.6045266
4545,9,0,0.25649014
4546,11,1,0.582029
4547,2,0,0.7671745
4548,22,1,0.39984283
4549,3,1,0.29230267
4550,13,0,0.32805794
4551,10,0,0.2861332
4552,1,1,0.33992156
4553,5,0,0.44146836
4554,25,0,0.48282203
4555,25,0,0.35295588
4556,0,0,0.4147568
4557,9,0,0.2942501
4558,3,1,0.663347
4559,16,0,0.5851476
4560,13,1,0.62539417
4561,7,0,0.41517034
4562,16,0,0.23367386
4563,1,1,0.24059068
4564,3,1,0.8626196
4565,18,0,0.5169359
4566,6,1,0.7463429
4567,25,0,0.43755192
4568,16,1,0.47280076
4569,2,0,0.62060696
4570,2,1,0.69309986
4571,10,0,0.7975728
4572,22,0,0.30351752
4573,18,0,0.5841026
4574,10,0,0.54405075
4575,4,1,0.84628093
4576,10,1,0.82561344
4577,6,0,0.48658085
4578,16,0,0.4835586
4579,14,1,0.6106227
4580,13,1,0.30255297
4581,4,1,0.83020574
4582,12,1,0.5992736
4583,3,1,0.8066232
4584,11,1,0.7801443
4585,25,0,0.22953199
4586,28,1,0.5994566
4587,15,0,0.6309627
4588,20,0,0.61966753
4589,15,0,0.21695927
4590,16,1,0.51893973
4591,25,1,0.49721017
4592,2,0,0.34007978
4593,16,1,0.6366063
4594,8,0,0.3608819
4595,19,1,0.63147
4596,8,1,0.7047674
4597,10,0,0.8121769
4598,8,1,0.37152976
4599,5,1,0.4987981
4600,11,0,0.51453465
4601,16,1,0.27286974
4602,17,1,0.21329477
4603,16,1,0.57760644
4604,13,1,0.6928697
4605,11,0,0.28968602
4606,7,0,0.2512059
4607,5,0,0.8341178
4608,16,0,0.6109669
4609,18,1,0.38296297
4610,20,1,0.78226167
4611,13,1,0.7320749
4612,28,1,0.7355651
4613,7,0,0.26602814
4614,7,1,0.6338078
4615,2,0,0.5545794
4616,13,0,0.21795754
4617,25,1,0.45818728
4618,26,1,0.42822787
4619,15,0,0.36551028
4620,23,0,0.26178685
4621,3,1,0.8579605
4622,10,0,0.75646174
4623,20,1,0.5122358
4624,8,0,0.5316273
4625,8,0,0.30148968
4626,4,0,0.5429616
4627,14,1,0.3580296
4628,28,0,0.1982724
4629,1,1,0.83433414
4630,4,0,0.67930037
4631,14,0,0.1512992
4632,26,0,0.711051
4633,8,1,0.47537085
4634,1,1,0.7077584
4635,25,0,0.8263587
4636,22,1,0.6057773
4637,16,0,0.16762982
4638,27,0,0.37793383
4639,1,1,0.6819837
4640,11,0,0.42020586
4641,13,0,0.24380839
4642,18,1,0.68683946
4643,17,1,0.26313806
4644,16,0,0.38251913
4645,14,0,0.3545156
4646,1,0,0.20114046
4647,6,1,0.3123613
4648,17,1,0.23155317
4649,6,0,0.38205394
4650,10,0,0.6484498
4651,28,0,0.220269
4652,9,1,0.32740742
4653,25,0,0.24864167
4654,2,1,0.59401035
4655,0,1,0.34426457
4656,28,0,0.23486173
4657,23,1,0.41589826
4658,25,0,0.38502192
4659,2,0,0.34566125
4660,5,0,0.66412455
4661,27,1,0.82348496
4662,3,1,0.6371867
4663,20,1,0.82815444
4664,22,1,0.6859827
4665,17,0,0.49633843
4666,6,1,0.6616455
4667,20,1,0.4522057
4668,20,1,0.7488979
4669,11,0,0.29543945
4670,8,1,0.6220425
4671,3,1,0.6643186
4672,16,1,0.6011461
4673,18,0,0.5470725
4674,26,0,0.6482919
4675,17,1,0.7698493
4676,24,1,0.7880795
4677,25,0,0.33641648
4678,26,1,0.69500744
4679,4,1,0.7888302
4680,15,0,0.3010142
4681,15,0,0.4344075
4682,27,0,0.3437993
4683,2,1,0.5815071
4684,16,0,0.21012789
4685,0,1,0.42841673
4686,20,1,0.4976289
4687,1,0,0.22326347
4688,16,0,0.42903262
4689,13,0,0.34811652
4690,26,0,0.6114233
4691,16,0,0.3775677
4692,1,1,0.8683219
4693,17,0,0.6041041
4694,4,1,0.38437542
4695,23,1,0.79567844
4696,7,0,0.39013287
4697,3,1,0.3576436
4698,20,1,0.54511094
4699,7,1,0.47099525
4700,0,0,0.79774266
4701,8,0,0.40431118
4702,10,1,0.56068796
4703,26,1,0.7011748
4704,2,1,0.5628363
4705,5,0,0.25247154
4706,6,0,0.29615584
4707,13,0,0.7321303
4708,27,1,0.5614596
4709,27,1,0.8105572
4710,16,0,0.45598894
4711,27,1,0.8483231
4712,11,0,0.2555136
4713,2,0,0.48992416
4714,11,1,0.4271262
4715,16,1,0.46573663
4716,6,1,0.7253868
4717,17,1,0.7875931
4718,15,1,0.8369272
4719,13,1,0.45623085
4720,4,0,0.17576294
4721,23,1,0.79728734
4722,26,0,0.39325666
4723,0,1,0.5442109
4724,13,0,0.3170288
4725,24,0,0.6651439
4726,14,1,0.6316197
4727,16,1,0.7308749
4728,12,0,0.48263493
4729,21,0,0.2583238
4730,22,1,0.59503984
4731,15,0,0.55020624
4732,23,0,0.25955242
4733,24,0,0.20581804
4734,0,1,0.44147924
4735,13,1,0.686278
4736,10,1,0.8022756
4737,4,1,0.5864355
4738,26,0,0.21676874
4739,20,0,0.46425095
4740,18,1,0.73489636
4741,10,0,0.5543988
4742,14,1,0.67743176
4743,13,0,0.48852748
4744,15,1,0.34707916
4745,8,1,0.64957595
4746,11,1,0.68255454
4747,14,1,0.38845074
4748,26,1,0.78047967
4749,0,1,0.43905225
4750,9,0,0.65452653
4751,16,0,0.6441955
4752,11,0,0.64262044
4753,27,0,0.5837673
4754,10,1,0.7349382
4755,27,0,0.5425479
4756,7,1,0.4737017
4757,1,0,0.48160017
4758,19,0,0.38907665
4759,2,1,0.61625105
4760,15,1,0.48408642
4761,28,1,0.67327935
4762,3,1,0.30753377
4763,26,0,0.52815664
4764,9,0,0.27517706
4765,13,0,0.46711266
4766,25,0,0.0734016
4767,8,1,0.68012506
4768,0,1,0.39538783
4769,22,0,0.39581728
4770,15,1,0.78678507
4771,26,1,0.7769713
4772,27,0,0.33948055
4773,25,1,0.6843335
4774,27,1,0.6749766
4775,26,1,0.707002
4776,0,1,0.33925846
4777,1,0,0.4725017
4778,10,1,0.7071432
4779,25,1,0.8461496
4780,6,1,0.7168033
4781,14,0,0.4856445
4782,0,0,0.8239852
4783,17,0,0.2967352
4784,12,1,0.53938603
4785,3,1,0.48420155
4786,12,0,0.57372826
4787,20,1,0.35960272
4788,11,1,0.5090912
4789,26,1,0.7273745
4790,10,0,0.6938589
4791,19,0,0.61316586
4792,0,1,0.36104906
4793,22,1,0.3873341
4794,12,1,0.5109254
4795,20,0,0.37800375
4796,3,0,0.78402233
4797,24,0,0.3644168
4798,11,0,0.36031646
4799,26,1,0.6774276
4800,6,1,0.68636763
4801,3,0,0.3445034
4802,10,0,0.4484288
4803,8,1,0.27569002
4804,10,1,0.6144799
4805,2,0,0.46400565
4806,5,0,0.5338724
4807,10,0,0.25480527
4808,15,1,0.63077295
4809,8,0,0.3666591
4810,10,1,0.87769043
4811,12,1,0.5411163
4812,10,1,0.23886281
4813,10,0,0.32291177
4814,18,1,0.36536324
4815,26,1,0.6797208
4816,26,1,0.60084385
4817,16,1,0.5683589
4818,1,0,0.4495444
4819,7,1,0.67433065
4820,10,0,0.3040821
4821,22,0,0.5309541
4822,21,1,0.36009306
4823,6,0,0.21070454
4824,4,1,0.6862459
4825,1,0,0.24184325
4826,20,1,0.7456332
4827,18,1,0.62188715
4828,1,0,0.35191637
4829,11,1,0.61388177
4830,16,0,0.6431588
4831,9,0,0.54308087
4832,1,1,0.624751
4833,27,1,0.6442139
4834,15,0,0.26194686
4835,4,0,0.17253958
4836,12,0,0.27882126
4837,4,1,0.5793373
4838,11,1,0.40461704
4839,13,1,0.8325164
4840,3,0,0.18549673
4841,16,0,0.4454138
4842,22,1,0.29638207
4843,8,1,0.35386717
4844,13,1,0.6102481
4845,27,1,0.35989714
4846,5,0,0.5285509
4847,16,1,0.816155
4848,25,1,0.7873815
4849,8,1,0.7403541
4850,8,0,0.2233301
4851,27,1,0.57772493
4852,17,1,0.7485617
4853,25,1,0.67458194
4854,14,0,0.8556231
4855,20,0,0.5641701
4856,11,1,0.41129926
4857,6,0,0.61013657
4858,28,0,0.5058402
4859,24,0,0.5861111
4860,14,0,0.5635328
4861,27,0,0.23712248
4862,19,0,0.21188803
4863,13,0,0.38188943
4864,0,0,0.22925043
4865,9,0,0.6735932
4866,22,0,0.37724274
4867,25,1,0.33266512
4868,27,1,0.5049088
4869,21,0,0.24568702
4870,28,0,0.5592474
4871,20,1,0.7711555
4872,9,1,0.83372504
4873,18,0,0.35334915
4874,28,0,0.3691592
4875,1,1,0.53508985
4876,25,1,0.435562
4877,12,1,0.30422783
4878,25,1,0.19790953
4879,27,0,0.33925122
4880,8,1,0.57075703
4881,23,1,0.6827218
4882,14,1,0.629381
4883,10,0,0.32796842
4884,16,1,0.54969144
4885,1,0,0.3774805
4886,10,0,0.44371918
4887,27,1,0.5405889
4888,19,1,0.4480913
4889,22,1,0.35474494
4890,11,0,0.63377416
4891,7,0,0.6556882
4892,12,1,0.7563883
4893,11,0,0.36289707
4894,14,1,0.35248777
4895,26,1,0.6659826
4896,22,1,0.36298475
4897,25,1,0.57834685
4898,7,1,0.3675179
4899,14,0,0.2435531
4900,20,1,0.56713945
4901,10,1,0.6610865
4902,9,0,0.41691715
4903,16,0,0.7135787
4904,8,1,0.86553484
4905,5,1,0.854265
4906,7,1,0.80619854
4907,10,0,0.6971119
4908,17,1,0.7494782
4909,6,1,0.61296934
4910,28,0,0.79557633
4911,6,0,0.50190157
4912,27,1,0.5561359
4913,17,1,0.562818
4914,20,1,0.22673115
4915,5,0,0.63684285
4916,5,0,0.70446545
4917,4,1,0.23300669
4918,24,1,0.51123434
4919,16,0,0.46332473
4920,16,0,0.28851205
4921,15,0,0.40564725
4922,26,1,0.73148113
4923,25,0,0.42644083
4924,1,1,0.58046603
4925,2,1,0.5121598
4926,7,1,0.5883579
4927,1,0,0.5741075
4928,20,1,0.25687405
4929,8,1,0.6129911
4930,15,0,0.27253512
4931,23,1,0.72345227
4932,12,0,0.38666147
4933,16,1,0.6488405
4934,3,1,0.29460546
4935,23,0,0.4987436
4936,11,0,0.42677534
4937,13,1,0.83902645
4938,2,0,0.3788048
4939,18,0,0.22435482
4940,25,0,0.2690048
4941,8,1,0.60257965
4942,1,0,0.3442556
4943,7,1,0.6369075
4944,11,0,0.23450685
4945,1,0,0.3917103
4946,16,1,0.87409514
4947,19,0,0.5108396
4948,24,1,0.67292017
4949,21,0,0.5887868
4950,8,0,0.2057119
4951,17,0,0.36876678
4952,13,0,0.62521005
4953,12,1,0.4860469
4954,16,1,0.6733895
4955,16,0,0.2498127
4956,16,0,0.6436942
4957,16,0,0.26062658
4958,21,0,0.0904151
4959,2,0,0.26367
4960,16,1,0.5311231
4961,15,1,0.3080704
4962,21,1,0.60808396
4963,6,1,0.63125217
4964,7,0,0.23238759
4965,15,1,0.44829053
4966,16,1,0.6203798
4967,2,1,0.32831806
4968,1,0,0.34317356
4969,8,1,0.8637494
4970,13,0,0.64816976
4971,14,0,0.6272359
4972,6,0,0.5737714
4973,1,0,0.73781383
4974,27,0,0.44067264
4975,16,0,0.31579283
4976,15,0,0.24859692
4977,17,0,0.812575
4978,3,1,0.45797464
4979,11,0,0.72606075
4980,27,0,0.507929
4981,27,1,0.3546833
4982,12,0,0.3283769
4983,18,1,0.37542742
4984,6,1,0.6669581
4985,14,0,0.29322657
4986,3,0,0.37709013
4987,8,1,0.617034
4988,14,0,0.31680664
4989,4,0,0.69727737
4990,13,1,0.80739766
4991,13,1,0.58113176
4992,2,1,0.3795071
4993,22,1,0.417282
4994,2,1,0.42881408
4995,13,0,0.48068532
4996,24,1,0.5875083
4997,10,1,0.4124602
4998,0,0,0.5565708
4999,10,1,0.6777772
5000,2,0,0.459835
5001,20,0,0.20792942
5002,15,1,0.73202866
5003,19,0,0.19784701
5004,2,1,0.2634364
5005,8,0,0.5253099
5006,3,1,0.6744905
5007,9,1,0.77401596
5008,16,0,0.5263369
5009,27,0,0.28340396
5010,0,0,0.40731686
5011,10,0,0.70634246
5012,13,0,0.332743
5013,15,1,0.72864676
5014,1,1,0.63251287
5015,1,0,0.6732176
5016,13,1,0.4354566
5017,8,0,0.49654952
5018,26,1,0.8687509
5019,2,0,0.55326307
5020,24,0,0.27823824
5021,6,1,0.8446611
5022,19,0,0.56912774
5023,3,1,0.76946425
5024,12,0,0.6854246
5025,15,0,0.2310145
5026,27,0,0.41486403
5027,13,0,0.39880452
5028,20,1,0.76673687
5029,13,0,0.23880658
5030,15,0,0.37661892
5031,4,0,0.4157939
5032,10,0,0.4360471
5033,20,0,0.55678767
5034,13,1,0.47216058
5035,1,1,0.5712745
5036,11,1,0.8541824
5037,9,0,0.5777485
5038,24,0,0.32462052
5039,10,1,0.7911015
5040,2,1,0.8385143
5041,16,0,0.31488383
5042,1,0,0.54702204
5043,14,0,0.74335283
5044,4,0,0.28110498
5045,13,1,0.70655
5046,3,0,0.24630626
5047,22,0,0.53410536
5048,26,1,0.8252299
5049,10,1,0.67306036
5050,16,0,0.8098852
5051,7,1,0.5649977
5052,16,1,0.6249272
5053,19,0,0.54614276
5054,1,0,0.3268933
5055,5,1,0.87264854
5056,20,1,0.46227002
5057,25,0,0.48152664
5058,26,0,0.28686246
5059,4,1,0.75444937
5060,2,1,0.6334864
5061,2,0,0.3242412
5062,8,0,0.4489856
5063,27,0,0.6886968
5064,18,1,0.85923135
5065,18,1,0.43727416
5066,8,0,0.34188744
5067,4,0,0.47716698
5068,17,1,0.49087086
5069,25,0,0.49702576
5070,3,0,0.19706573
5071,25,0,0.8374924
5072,5,0,0.23936826
5073,26,1,0.72552973
5074,8,1,0.4962626
5075,1,1,0.42132968
5076,10,0,0.33319926
5077,6,1,0.59853363
5078,0,1,0.5325767
5079,7,1,0.7834758
5080,13,0,0.52768725
5081,12,0,0.105080105
5082,10,0,0.45512593
5083,11,0,0.532422
5084,2,0,0.34279734
5085,12,0,0.2625848
5086,21,1,0.38048002
5087,13,1,0.3808807
5088,0,1,0.5868971
5089,26,1,0.6426502
5090,27,0,0.42160437
5091,2,0,0.3542498
5092,17,1,0.6304388
5093,26,0,0.42073965
5094,19,1,0.28089818
5095,18,0,0.5425482
5096,20,1,0.51652235
5097,6,1,0.62827885
5098,13,0,0.2725384
5099,8,1,0.759922
5100,27,1,0.54151946
5101,11,0,0.4498302
5102,8,0,0.36300403
5103,13,1,0.74200773
5104,24,1,0.52516747
5105,15,0,0.41786224
5106,6,1,0.77311724
5107,10,0,0.4124882
5108,16,1,0.8754962
5109,17,0,0.59480965
5110,24,1,0.61331147
5111,3,0,0.2999637
5112,15,0,0.45275566
5113,2,0,0.4061332
5114,15,0,0.40310457
5115,3,0,0.20197278
5116,8,1,0.50073934
5117,17,0,0.19107099
5118,1,1,0.85733956
5119,28,1,0.37716824
5120,14,1,0.49327356
5121,19,1,0.5804595
5122,3,0,0.53519285
5123,4,0,0.42177156
5124,15,1,0.8451049
5125,27,1,0.6949905
5126,19,1,0.6389199
5127,16,1,0.27635533
5128,3,0,0.26038116
5129,26,0,0.5546987
5130,16,1,0.32477117
5131,17,1,0.25941712
5132,16,0,0.5927455
5133,15,1,0.49905342
5134,0,1,0.7741957
5135,23,1,0.53094596
5136,2,0,0.2173651
5137,11,0,0.228799
5138,16,1,0.49416575
5139,9,0,0.5341827
5140,18,0,0.49874797
5141,18,1,0.4029925
5142,25,0,0.4665148
5143,4,0,0.4166452
5144,13,0,0.5110069
5145,13,0,0.40610823
5146,8,1,0.5312669
5147,22,1,0.9738886
5148,2,0,0.80607986
5149,19,0,0.21885134
5150,2,1,0.6457708
5151,6,1,0.55775535
5152,15,1,0.59809244
5153,6,1,0.3687513
5154,4,1,0.5601143
5155,20,0,0.65539664
5156,19,1,0.8833669
5157,1,1,0.5019252
5158,26,1,0.8751546
5159,25,0,0.28255492
5160,17,1,0.5278211
5161,2,1,0.86518276
5162,25,1,0.70127225
5163,0,0,0.43827018
5164,16,1,0.39909104
5165,2,1,0.5849496
5166,22,0,0.2931995
5167,24,1,0.7920967
5168,19,1,0.89627904
5169,15,0,0.24781023
5170,16,0,0.25357378
5171,13,1,0.7785114
5172,8,1,0.35261318
5173,1,1,0.58862746
5174,15,1,0.8195345
5175,16,1,0.80564666
5176,13,1,0.4406605
5177,12,1,0.9329074
5178,25,0,0.33459204
5179,25,1,0.5463869
5180,26,0,0.39236492
5181,12,0,0.5433577
5182,16,0,0.6747692
5183,11,1,0.70334315
5184,21,0,0.5503807
5185,17,0,0.36985004
5186,10,0,0.5390714
5187,14,1,0.55389446
5188,0,0,0.33503622
5189,13,0,0.16511828
5190,3,0,0.86434126
5191,26,0,0.42842764
5192,10,0,0.47788903
5193,2,0,0.41645056
5194,6,1,0.46688807
5195,16,1,0.6802561
5196,21,0,0.49919116
5197,5,0,0.48074347
5198,22,0,0.19347358
5199,28,1,0.2749192
5200,15,0,0.25068828
5201,16,1,0.84023434
5202,13,0,0.53793424
5203,14,1,0.59430164
5204,24,1,0.38810697
5205,15,1,0.46192896
5206,27,0,0.47602335
5207,16,0,0.35392871
5208,3,0,0.30730587
5209,25,1,0.8053354
5210,19,1,0.4478
5211,6,1,0.7010167
5212,25,1,0.33313462
5213,13,0,0.22600038
5214,8,1,0.48226422
5215,11,1,0.35124603
5216,8,0,0.4392645
5217,20,1,0.32882038
5218,12,1,0.56422406
5219,8,1,0.80579305
5220,22,1,0.257209
5221,23,1,0.57361144
5222,8,0,0.54856366
5223,22,1,0.6269392
5224,13,1,0.7774912
5225,16,0,0.5572301
5226,8,1,0.5705464
5227,6,1,0.75524276
5228,14,1,0.4743312
5229,23,1,0.7681089
5230,10,0,0.5941547
5231,4,1,0.29010472
5232,10,0,0.5648558
5233,14,1,0.69285136
5234,8,0,0.30568206
5235,12,1,0.7123823
5236,23,0,0.4899802
5237,2,0,0.3534174
5238,1,1,0.83071244
5239,20,1,0.6973341
5240,16,1,0.71742064
5241,24,1,0.83049375
5242,16,1,0.32694227
5243,4,1,0.35898304
5244,16,0,0.45639563
5245,6,0,0.53187317
5246,6,0,0.31289607
5247,2,0,0.483591
5248,25,1,0.50313735
5249,1,1,0.27329057
5250,20,0,0.3599541
5251,11,1,0.72127366
5252,5,1,0.52928215
5253,3,1,0.7684474
5254,3,1,0.68234956
5255,6,1,0.5980871
5256,11,0,0.4994074
5257,15,0,0.6073646
5258,17,1,0.8822879
5259,22,1,0.5063882
5260,2,1,0.43694928
5261,24,0,0.48936895
5262,26,0,0.87696683
5263,10,0,0.5645483
5264,14,0,0.26556253
5265,8,0,0.7759114
5266,13,1,0.23074844
5267,13,1,0.5183046
5268,11,1,0.496709
5269,14,0,0.35492697
5270,13,0,0.31009808
5271,4,0,0.39234564
5272,22,1,0.5308257
5273,9,1,0.50732327
5274,27,0,0.32149392
5275,26,1,0.1616942
5276,2,0,0.5141361
5277,13,0,0.26347673
5278,25,1,0.35252443
5279,26,1,0.465525
5280,7,1,0.58083177
5281,3,1,0.68530524
5282,23,1,0.6754966
5283,25,1,0.41752404
5284,18,0,0.39770007
5285,12,0,0.4825996
5286,13,0,0.5589144
5287,26,0,0.3282773
5288,16,1,0.2562172
5289,5,1,0.57869637
5290,11,0,0.30293688
5291,1,1,0.8858627
5292,1,1,0.3876453
5293,8,1,0.5699589
5294,15,0,0.46656132
5295,6,0,0.8524293
5296,20,0,0.28493813
5297,27,1,0.7035652
5298,21,0,0.6176772
5299,18,0,0.35468155
5300,22,0,0.5656504
5301,16,1,0.38439116
5302,13,1,0.73919994
5303,25,1,0.6581373
5304,11,1,0.34852266
5305,19,1,0.20215341
5306,0,0,0.71578485
5307,11,1,0.4941244
5308,2,1,0.7716605
5309,8,0,0.62802124
5310,13,1,0.6311061
5311,20,1,0.6052544
5312,16,1,0.30940834
5313,14,0,0.47706902
5314,15,0,0.2163266
5315,28,0,0.6431118
5316,7,1,0.39512652
5317,25,0,0.47248083
5318,6,0,0.37984288
5319,19,1,0.7569033
5320,1,1,0.32051113
5321,14,0,0.28390312
5322,11,1,0.6457992
5323,7,1,0.57550395
5324,20,0,0.56751174
5325,13,1,0.36328626
5326,8,0,0.31447828
5327,15,1,0.50789124
5328,1,1,0.53678614
5329,25,0,0.4547503
5330,7,1,0.9325966
5331,18,1,0.57319784
5332,2,0,0.7159404
5333,9,0,0.3805926
5334,24,1,0.8232157
5335,23,0,0.24046095
5336,28,0,0.4196719
5337,4,1,0.7272656
5338,9,1,0.30430257
5339,22,0,0.42574072
5340,22,1,0.27663016
5341,16,0,0.21317525
5342,26,0,0.26309395
5343,23,1,0.6811579
5344,12,1,0.56902915
5345,9,0,0.31355184
5346,10,1,0.35925645
5347,25,1,0.48305592
5348,10,0,0.17560245
5349,26,1,0.30066934
5350,9,1,0.5308175
5351,23,1,0.77708876
5352,4,1,0.8270942
5353,8,0,0.47899595
5354,6,1,0.48527426
5355,12,1,0.4014265
5356,15,0,0.4313558
5357,11,0,0.3564276
5358,25,0,0.28100678
5359,9,0,0.5609506
5360,25,1,0.65049046
5361,23,0,0.27432695
5362,25,0,0.8037424
5363,15,1,0.428891
5364,8,1,0.5049021
5365,11,0,0.3363315
5366,23,0,0.53482825
5367,8,0,0.39112645
5368,16,0,0.41923806
5369,1,1,0.24810675
5370,16,0,0.7021564
5371,21,1,0.3817013
5372,21,0,0.23056208
5373,1,0,0.32204837
5374,1,1,0.4224201
5375,7,0,0.51085526
5376,8,1,0.70818806
5377,11,0,0.6999138
5378,13,1,0.8467768
5379,13,0,0.24898455
5380,8,0,0.31929833
5381,9,1,0.43847206
5382,1,0,0.25527182
5383,11,1,0.70505875
5384,6,0,0.59496546
5385,27,1,0.7035861
5386,19,0,0.2888276
5387,10,0,0.35447523
5388,12,1,0.53011066
5389,2,1,0.4444223
5390,8,1,0.82152355
5391,1,0,0.46518704
5392,2,1,0.4268921
5393,14,0,0.30862233
5394,7,0,0.34799305
5395,1,0,0.20699365
5396,17,1,0.6148314
5397,5,1,0.77310973
5398,4,0,0.6017743
5399,16,0,0.5663422
5400,10,1,0.6099239
5401,6,1,0.8078098
5402,14,0,0.6158509
5403,7,0,0.47175458
5404,15,1,0.49608782
5405,24,1,0.7734945
5406,15,0,0.2454563
5407,2,0,0.40178773
5408,11,0,0.19576892
5409,21,0,0.5143218
5410,1,1,0.62319535
5411,1,0,0.25127643
5412,12,0,0.6779145
5413,7,1,0.87995267
5414,0,0,0.57128274
5415,3,0,0.2990571
5416,19,1,0.63531417
5417,3,0,0.38399664
5418,1,1,0.7492183
5419,2,1,0.6723824
5420,18,1,0.7842554
5421,13,1,0.4815933
5422,18,0,0.4589002
5423,8,0,0.5487554
5424,20,1,0.67320865
5425,6,0,0.28320011
5426,8,1,0.36675832
5427,15,0,0.3924983
5428,26,0,0.5704244
5429,24,0,0.17654093
5430,3,0,0.57696337
5431,15,1,0.37568396
5432,10,0,0.40148044
5433,16,1,0.5149443
5434,13,0,0.80962086
5435,1,0,0.5742389
5436,1,1,0.5377349
5437,27,0,0.28156817
5438,7,0,0.58478856
5439,8,0,0.23428424
5440,0,0,0.23186362
5441,8,0,0.2294092
5442,1,1,0.8284551
5443,16,1,0.29296926
5444,17,0,0.4225106
5445,7,0,0.74684614
5446,15,1,0.28579038
5447,5,0,0.5942101
5448,15,0,0.25346994
5449,4,1,0.3829483
5450,26,0,0.26208165
5451,18,0,0.5728321
5452,26,1,0.22199297
5453,4,0,0.1923036
5454,28,0,0.4605794
5455,16,1,0.40912962
5456,16,0,0.28418434
5457,12,0,0.23679942
5458,22,0,0.46709242
5459,21,0,0.5032463
5460,11,0,0.61301965
5461,21,1,0.5732479
5462,15,0,0.40369415
5463,11,1,0.63638884
5464,26,1,0.25982052
5465,26,1,0.30518544
5466,25,1,0.56256723
5467,20,0,0.22729684
5468,15,1,0.80511475
5469,11,1,0.5352874
5470,10,0,0.6721713
5471,11,0,0.36764148
5472,3,0,0.74775374
5473,5,1,0.5511312
5474,6,1,0.6512604
5475,0,0,0.5611589
5476,1,0,0.6997346
5477,1,1,0.63311446
5478,24,0,0.30975723
5479,27,0,0.6471072
5480,25,1,0.7399811
5481,15,1,0.2992021
5482,1,0,0.3538246
5483,22,0,0.46424735
5484,14,1,0.36385012
5485,26,0,0.51376534
5486,14,0,0.36191323
5487,16,1,0.79925174
5488,17,0,0.48175174
5489,2,1,0.7503245
5490,5,0,0.36154523
5491,3,0,0.664256
5492,3,0,0.22611699
5493,28,0,0.11469372
5494,5,0,0.23919573
5495,16,1,0.24133784
5496,8,1,0.27389982
5497,8,1,0.79836714
5498,20,0,0.3264006
5499,16,1,0.68254036
5500,12,0,0.4172321
5501,8,1,0.54931295
5502,16,0,0.30110267
5503,23,1,0.5387841
5504,24,0,0.3814365
5505,2,0,0.24454641
5506,10,0,0.22597654
5507,13,0,0.33932373
5508,18,0,0.23222557
5509,8,0,0.11456612
5510,12,1,0.8692099
5511,19,0,0.27123478
5512,19,1,0.5301711
5513,19,0,0.28530884
5514,14,0,0.41275004
5515,27,1,0.6675646
5516,3,1,0.41731676
5517,0,0,0.2802778
5518,16,1,0.30036184
5519,8,0,0.2855502
5520,7,0,0.20772408
5521,20,0,0.5312799
5522,22,0,0.2757872
5523,25,0,0.40361506
5524,14,1,0.76784456
5525,25,1,0.3884709
5526,16,0,0.6080011
5527,1,0,0.31679145
5528,21,1,0.6654992
5529,21,0,0.532315
5530,10,1,0.78608716
5531,1,1,0.6618783
5532,8,0,0.31787634
5533,3,0,0.79473835
5534,8,1,0.3363733
5535,12,1,0.8688565
5536,25,0,0.27636465
5537,13,1,0.6142737
5538,8,0,0.49361408
5539,2,1,0.5533099
5540,26,0,0.34020475
5541,20,1,0.43240863
5542,2,0,0.718149
5543,11,1,0.32038862
5544,11,1,0.5792665
5545,11,0,0.44235602
5546,8,1,0.8711014
5547,7,1,0.8727575
5548,1,1,0.52683306
5549,20,0,0.25772354
5550,16,1,0.74123734
5551,17,0,0.6839113
5552,8,0,0.4831947
5553,26,0,0.67167884
5554,0,0,0.31671444
5555,14,1,0.65528303
5556,16,0,0.3991392
5557,11,0,0.59589607
5558,26,0,0.6278246
5559,6,0,0.32154977
5560,19,1,0.3381143
5561,15,0,0.17761408
5562,13,0,0.32161593
5563,22,0,0.36024505
5564,28,1,0.80927706
5565,1,0,0.28847554
5566,14,1,0.6976419
5567,24,0,0.5684534
5568,21,1,0.27020714
5569,2,0,0.40297693
5570,20,0,0.32804626
5571,22,1,0.32708874
5572,26,0,0.3474674
5573,6,1,0.31270206
5574,22,0,0.5827117
5575,27,0,0.23449284
5576,6,0,0.14174534
5577,2,1,0.7292046
5578,22,1,0.38962296
5579,2,1,0.5439805
5580,26,1,0.5587686
5581,22,0,0.21629286
5582,24,0,0.3046454
5583,14,0,0.6909673
5584,1,0,0.21727975
5585,20,0,0.6022577
5586,20,0,0.6136101
5587,25,1,0.61325264
5588,3,1,0.60158664
5589,25,1,0.2743778
5590,16,1,0.5900699
5591,18,1,0.4000674
5592,11,1,0.26633477
5593,2,1,0.66997266
5594,1,0,0.27004227
5595,13,0,0.5220943
5596,26,1,0.6469523
5597,20,0,0.35237968
5598,8,1,0.709915
5599,17,1,0.7884002
5600,15,1,0.3236551
5601,13,0,0.3976051
5602,22,0,0.61374086
5603,3,0,0.29664582
5604,25,1,0.6873997
5605,23,0,0.22678602
5606,19,1,0.6674078
5607,11,0,0.5115827
5608,13,0,0.38115457
5609,21,0,0.3790714
5610,1,0,0.45425043
5611,18,0,0.40098038
5612,11,1,0.40558347
5613,0,0,0.31032267
5614,27,1,0.27245796
5615,26,0,0.44824108
5616,3,1,0.5034057
5617,25,0,0.49619
5618,22,1,0.52653337
5619,20,1,0.7963873
5620,6,0,0.3529061
5621,10,0,0.76109654
5622,2,1,0.33245054
5623,15,0,0.41180202
5624,0,0,0.19827688
5625,15,0,0.22386432
5626,16,0,0.34026712
5627,23,1,0.84681374
5628,8,1,0.36979985
5629,27,0,0.34228677
5630,3,1,0.5510218
5631,7,1,0.5887566
5632,22,1,0.7309009
5633,9,0,0.4562101
5634,19,1,0.8285339
5635,16,0,0.25108314
5636,19,0,0.36800608
5637,15,1,0.27295014
5638,16,1,0.5639034
5639,25,0,0.46673918
5640,1,1,0.28665274
5641,10,0,0.3006965
5642,2,0,0.25146857
5643,2,1,0.30196893
5644,17,0,0.67526835
5645,15,0,0.3806869
5646,22,0,0.2866469
5647,17,0,0.3016168
5648,11,0,0.22031036
5649,10,0,0.6813517
5650,26,0,0.2053407
5651,2,0,0.2848764
5652,13,1,0.76531816
5653,24,0,0.48909858
5654,13,0,0.47964004
5655,13,1,0.4582784
5656,11,1,0.3413095
5657,16,1,0.36340532
5658,15,0,0.38739997
5659,6,1,0.61963964
5660,18,1,0.6520029
5661,8,1,0.26248062
5662,1,0,0.45039275
5663,6,1,0.5490972
5664,2,0,0.5037561
5665,3,1,0.5581804
5666,26,0,0.36190557
5667,15,0,0.2954617
5668,26,1,0.4945038
5669,2,0,0.26546764
5670,15,1,0.56496984
5671,16,0,0.39355302
5672,26,1,0.6468833
5673,12,0,0.23088703
5674,16,1,0.34545887
5675,16,0,0.34106964
5676,12,1,0.52871925
5677,10,0,0.26973733
5678,17,1,0.67869526
5679,7,0,0.41842493
5680,9,1,0.65843326
5681,20,0,0.29898393
5682,1,0,0.3069179
5683,19,1,0.40816417
5684,20,1,0.46289158
5685,8,0,0.55533683
5686,16,0,0.44829193
5687,25,1,0.88630384
5688,8,1,0.57332313
5689,3,1,0.5391484
5690,0,0,0.45280346
5691,11,0,0.5334788
5692,2,0,0.2698936
5693,21,0,0.1377562
5694,26,1,0.5158011
5695,4,0,0.4694507
5696,17,0,0.46446708
5697,13,0,0.4013442
5698,2,1,0.5771137
5699,25,1,0.63974476
5700,20,1,0.20407636
5701,2,1,0.8478671
5702,1,1,0.38319606
5703,8,1,0.63515764
5704,12,1,0.56038344
5705,0,0,0.35240808
5706,17,0,0.5545143
5707,2,1,0.483087
5708,2,0,0.49719945
5709,8,1,0.66175056
5710,1,0,0.7189593
5711,16,0,0.36674616
5712,24,0,0.46818262
5713,15,0,0.30771515
5714,15,0,0.4645498
5715,7,0,0.38658613
5716,23,1,0.18032111
5717,1,1,0.827736
5718,15,0,0.36450782
5719,12,0,0.30774006
5720,13,0,0.62404615
5721,13,1,0.3740652
5722,23,0,0.5846738
5723,11,1,0.6766994
5724,18,0,0.34459743
5725,22,1,0.9068278
5726,24,1,0.16723533
5727,16,1,0.4675647
5728,8,1,0.68518716
5729,11,1,0.8424421
5730,12,0,0.4334204
5731,4,0,0.30535513
5732,25,0,0.3809559
5733,0,1,0.5431011
5734,16,0,0.6391705
5735,1,0,0.56336427
5736,13,1,0.41263983
5737,8,0,0.6613949
5738,19,1,0.5854359
5739,18,1,0.682129
5740,8,0,0.5853024
5741,26,1,0.4158078
5742,13,1,0.71639115
5743,21,1,0.46585095
5744,8,0,0.3257349
5745,4,0,0.25780517
5746,11,1,0.58363014
5747,17,1,0.43549883
5748,22,1,0.4923886
5749,22,0,0.3849266
5750,18,0,0.51581216
5751,2,0,0.53491056
5752,28,1,0.79786086
5753,12,1,0.5472643
5754,15,1,0.84516037
5755,22,0,0.42510134
5756,1,1,0.4552855
5757,13,1,0.56045127
5758,2,0,0.23551023
5759,8,0,0.22663186
5760,3,1,0.30624267
5761,16,1,0.72036374
5762,17,1,0.5699743
5763,6,0,0.4880607
5764,16,0,0.46909487
5765,24,0,0.50767624
5766,16,0,0.42568076
5767,15,0,0.3787175
5768,2,1,0.42158496
5769,15,0,0.35532185
5770,2,0,0.3512897
5771,13,1,0.32795852
5772,26,1,0.87147343
5773,2,0,0.60880363
5774,25,0,0.35104117
5775,2,0,0.6205155
5776,1,0,0.2964626
5777,16,1,0.7148536
5778,10,0,0.2748102
5779,26,1,0.89295036
5780,8,1,0.6934365
5781,14,0,0.42140672
5782,25,0,0.3484671
5783,26,1,0.4157487
5784,22,1,0.24828011
5785,16,0,0.51757413
5786,16,0,0.15195157
5787,24,0,0.30347458
5788,1,0,0.5709463
5789,13,0,0.36094946
5790,4,1,0.32530028
5791,13,1,0.8413949
5792,15,1,0.5884563
5793,20,1,0.49651346
5794,6,1,0.87116194
5795,16,0,0.22383521
5796,25,0,0.35464102
5797,22,0,0.35016492
5798,19,0,0.4737649
5799,27,0,0.5783894
5800,19,1,0.25795755
5801,25,1,0.38728532
5802,8,1,0.8921444
5803,17,0,0.4954063
5804,24,0,0.37190595
5805,20,0,0.52663183
5806,13,1,0.87612677
5807,19,0,0.5677591
5808,11,0,0.545148
5809,8,1,0.6259981
5810,2,0,0.4335071
5811,2,1,0.28664944
5812,15,1,0.81739295
5813,2,0,0.21910116
5814,22,1,0.5707089
5815,24,0,0.26113412
5816,13,0,0.34204742
5817,22,0,0.360361
5818,25,0,0.30714515
5819,8,0,0.3032678
5820,20,1,0.668301
5821,10,0,0.37512323
5822,5,1,0.5513903
5823,21,0,0.3108007
5824,22,1,0.65122414
5825,12,1,0.3134756
5826,25,1,0.39684078
5827,18,0,0.5988314
5828,18,1,0.44508785
5829,25,1,0.35114846
5830,13,0,0.40122285
5831,2,0,0.3061211
5832,26,0,0.2885829
5833,24,0,0.5723643
5834,18,1,0.41148385
5835,9,0,0.36737257
5836,16,1,0.35298073
5837,13,0,0.13695347
5838,20,1,0.8000708
5839,2,1,0.78037417
5840,7,1,0.83617556
5841,8,1,0.78606653
5842,13,1,0.54736495
5843,4,1,0.8214373
5844,16,0,0.610077
5845,7,1,0.7201452
5846,26,0,0.57132614
5847,25,0,0.5913022
5848,26,0,0.3222198
5849,5,0,0.33352745
5850,6,1,0.5276892
5851,25,0,0.2536279
5852,27,1,0.3826922
5853,16,1,0.6375281
5854,2,0,0.7112263
5855,13,0,0.53134173
5856,13,0,0.40230307
5857,11,0,0.2169357
5858,22,1,0.77829266
5859,10,0,0.78302604
5860,20,1,0.36503512
5861,2,1,0.75522506
5862,7,1,0.69347733
5863,23,0,0.83724576
5864,21,1,0.35343552
5865,25,0,0.31643915
5866,24,0,0.6123747
5867,22,1,0.5273983
5868,11,0,0.6657634
5869,16,1,0.78767425
5870,28,0,0.36697865
5871,16,0,0.31118482
5872,10,0,0.4904936
5873,20,1,0.8034752
5874,20,1,0.63600683
5875,2,0,0.29453617
5876,13,1,0.59738505
5877,8,1,0.49585307
5878,25,0,0.3385906
5879,13,0,0.5538479
5880,2,0,0.4871582
5881,20,1,0.76616704
5882,3,1,0.6230836
5883,7,0,0.3156606
5884,22,1,0.40208232
5885,1,0,0.68758184
5886,28,0,0.58060944
5887,11,1,0.66741407
5888,10,0,0.6726923
5889,1,1,0.5357348
5890,15,0,0.37269634
5891,8,0,0.57099366
5892,8,1,0.6106805
5893,1,1,0.8077854
5894,11,1,0.6984295
5895,28,1,0.76597524
5896,2,0,0.19616702
5897,10,1,0.4012404
5898,11,0,0.2886387
5899,2,1,0.8928485
5900,15,0,0.354395
5901,13,0,0.57261896
5902,13,1,0.50079423
5903,17,1,0.75144035
5904,16,0,0.13090849
5905,13,0,0.39400753
5906,20,0,0.3357146
5907,8,1,0.79572463
5908,9,1,0.41653433
5909,1,1,0.304827
5910,24,0,0.87421584
5911,25,1,0.49091843
5912,25,1,0.42558002
5913,28,0,0.6391485
5914,2,1,0.79198366
5915,14,1,0.47761983
5916,27,1,0.8019772
5917,9,1,0.6780555
5918,23,1,0.6585843
5919,12,1,0.7954784
5920,13,0,0.5218678
5921,8,1,0.59631103
5922,16,1,0.672692
5923,8,0,0.43953675
5924,24,1,0.53272694
5925,2,1,0.62106186
5926,22,0,0.685896
5927,10,1,0.9024026
5928,5,1,0.7161187
5929,15,1,0.5026322
5930,2,1,0.7391461
5931,13,0,0.17013013
5932,27,1,0.21108535
5933,26,1,0.4726761
5934,7,0,0.33579895
5935,16,1,0.8584199
5936,17,0,0.54791754
5937,25,0,0.58315265
5938,25,0,0.22116879
5939,14,0,0.6564837
5940,23,0,0.5018029
5941,5,0,0.4822326
5942,9,0,0.4500046
5943,21,0,0.87351334
5944,10,0,0.39026764
5945,26,0,0.3862206
5946,14,0,0.5036511
5947,13,1,0.7944403
5948,4,0,0.28534344
5949,20,0,0.4321436
5950,3,0,0.61360955
5951,20,0,0.41367832
5952,12,0,0.34207845
5953,16,1,0.639445
5954,22,1,0.37382236
5955,12,1,0.8716315
5956,25,0,0.29380155
5957,26,1,0.2440085
5958,16,1,0.8000929
5959,28,0,0.4066185
5960,10,1,0.70713454
5961,28,1,0.6443825
5962,20,1,0.82878697
5963,2,0,0.24469578
5964,11,0,0.21709175
5965,12,1,0.7890967
5966,12,1,0.37317425
5967,8,0,0.3225422
5968,2,0,0.41570324
5969,4,0,0.31698796
5970,22,0,0.32144934
5971,10,1,0.41481254
5972,25,1,0.7455285
5973,23,1,0.2306596
5974,16,1,0.5993585
5975,3,1,0.30663404
5976,14,1,0.66817564
5977,15,0,0.40622854
5978,10,0,0.65869766
5979,22,1,0.87172276
5980,7,1,0.72680885
5981,19,0,0.2186751
5982,1,1,0.48350686
5983,6,0,0.34255314
5984,5,0,0.60691446
5985,22,0,0.32472116
5986,6,0,0.36365995
5987,13,1,0.49167356
5988,4,0,0.69173795
5989,5,0,0.49739975
5990,10,0,0.37682092
5991,14,1,0.7438344
5992,3,1,0.35285175
5993,28,1,0.70383316
5994,6,1,0.6244286
5995,2,1,0.58526176
5996,10,0,0.26117775
5997,1,0,0.70744514
5998,28,1,0.33269447
5999,13,1,0.39535022
6000,25,1,0.5431622
6001,11,1,0.31583506
6002,6,1,0.7278707
6003,4,0,0.20464534
6004,16,0,0.6900978
6005,11,1,0.54015094
6006,23,1,0.63244015
6007,0,1,0.7041932
6008,13,1,0.605727
6009,7,0,0.39806405
6010,19,1,0.6375713
6011,7,1,0.39299047
6012,3,1,0.74988997
6013,1,1,0.20494229
6014,27,1,0.35243723
6015,14,0,0.31863055
6016,24,0,0.40240866
6017,15,1,0.8109071
6018,22,0,0.2746568
6019,8,1,0.36755252
6020,10,0,0.35587052
6021,28,0,0.62219554
6022,24,0,0.33895323
6023,15,1,0.5839814
6024,17,0,0.40857807
6025,23,1,0.3603762
6026,15,1,0.5951458
6027,24,1,0.61644346
6028,8,1,0.6271453
6029,2,0,0.43107906
6030,7,0,0.25018978
6031,17,0,0.36196274
6032,22,1,0.6072654
6033,3,0,0.7287288
6034,8,0,0.54360753
6035,17,0,0.34967488
6036,26,0,0.3732248
6037,16,0,0.43836853
6038,11,1,0.5782238
6039,1,0,0.27511418
6040,13,1,0.4031815
6041,26,1,0.44096938
6042,22,0,0.5513283
6043,19,1,0.7457458
6044,28,1,0.20092134
6045,23,1,0.47592136
6046,12,0,0.2632917
6047,10,0,0.6100881
6048,7,0,0.267342
6049,19,0,0.3834495
6050,25,0,0.54240614
6051,28,1,0.40963936
6052,0,1,0.678877
6053,28,1,0.5843965
6054,11,0,0.26502413
6055,8,0,0.41430068
6056,17,0,0.26537624
6057,23,0,0.1826778
6058,18,0,0.5524118
6059,26,1,0.31289712
6060,20,0,0.5643279
6061,7,1,0.27339813
6062,2,0,0.30191427
6063,18,0,0.7653968
6064,0,1,0.7376675
6065,15,1,0.48198718
6066,15,1,0.79312855
6067,11,0,0.48897278
6068,14,1,0.76393425
6069,2,0,0.630818
6070,16,1,0.7583973
6071,18,1,0.6612477
6072,23,1,0.5716168
6073,18,0,0.42486414
6074,2,0,0.29093426
6075,0,1,0.80633825
6076,9,0,0.34429863
6077,8,0,0.49543393
6078,25,0,0.30425894
6079,14,0,0.32829213
6080,3,0,0.38785017
6081,16,0,0.23894757
6082,23,0,0.34218094
6083,15,1,0.35559347
6084,14,1,0.67379147
6085,28,0,0.48662606
6086,25,1,0.6153536
6087,12,0,0.44380206
6088,18,0,0.54422235
6089,12,0,0.38151798
6090,2,1,0.72290623
6091,28,0,0.5252839
6092,28,0,0.49991074
6093,25,0,0.5253657
6094,18,0,0.4374763
6095,23,0,0.83844763
6096,16,1,0.46003553
6097,17,0,0.7330037
6098,5,1,0.35424626
6099,10,1,0.71229416
6100,8,1,0.4805917
6101,15,0,0.643104
6102,25,1,0.7543171
6103,26,1,0.55698866
6104,28,1,0.6728114
6105,22,0,0.40441304
6106,18,0,0.26200375
6107,11,1,0.24300532
6108,13,0,0.48460883
6109,17,1,0.34468168
6110,18,0,0.4421109
6111,15,0,0.40021938
6112,2,0,0.34179997
6113,1,0,0.2247641
6114,0,0,0.6659992
6115,11,1,0.37421256
6116,12,0,0.3096704
6117,7,0,0.5894183
6118,2,1,0.42643052
6119,2,0,0.3089109
6120,7,0,0.31117654
6121,17,0,0.32865795
6122,25,1,0.44818056
6123,13,1,0.38851795
6124,13,1,0.64078456
6125,12,0,0.22800425
6126,2,0,0.25647378
6127,17,0,0.26535144
6128,14,1,0.4451062
6129,15,1,0.30031276
6130,28,0,0.3725818
6131,16,1,0.53162813
6132,13,0,0.31328914
6133,27,1,0.4030385
6134,1,0,0.49582317
6135,13,0,0.475979
6136,26,1,0.83768183
6137,15,1,0.8175144
6138,15,1,0.5583016
6139,16,1,0.4899019
6140,2,1,0.63806516
6141,18,1,0.66945773
6142,25,1,0.5293468
6143,16,0,0.8301875
6144,15,0,0.5722921
6145,22,1,0.8606273
6146,17,0,0.31458938
6147,10,0,0.25196287
6148,26,1,0.6532036
6149,2,1,0.38697615
6150,8,1,0.3167951
6151,26,0,0.08710898
6152,19,0,0.5732275
6153,27,0,0.38256818
6154,22,1,0.8192579
6155,11,0,0.65992635
6156,21,0,0.18984632
6157,2,1,0.7492221
6158,22,0,0.2350955
6159,9,0,0.33803642
6160,18,1,0.8851174
6161,3,1,0.66955614
6162,16,1,0.47211796
6163,25,0,0.69175076
6164,15,0,0.5578346
6165,20,0,0.77031136
6166,22,0,0.42026606
6167,2,1,0.6700299
6168,5,0,0.47841832
6169,26,1,0.6092403
6170,26,0,0.26484615
6171,16,1,0.6310924
6172,0,1,0.2830752
6173,15,0,0.27923545
6174,28,0,0.6649192
6175,28,1,0.81084144
6176,3,0,0.21931653
6177,23,1,0.66353244
6178,15,1,0.35624096
6179,7,0,0.5579734
6180,13,1,0.7451796
6181,7,0,0.7373168
6182,14,1,0.59884953
6183,27,0,0.5034101
6184,12,1,0.8256645
6185,15,1,0.21204841
6186,20,0,0.5610392
6187,9,1,0.63128334
6188,1,0,0.5090851
6189,12,1,0.7103353
6190,16,0,0.2760602
6191,9,1,0.82951516
6192,11,1,0.7462152
6193,21,1,0.30792922
6194,18,1,0.28937083
6195,10,0,0.1977396
6196,9,0,0.6445775
6197,1,1,0.29900983
6198,27,0,0.6850993
6199,14,1,0.44869557
6200,2,0,0.28433123
6201,3,1,0.5864053
6202,20,1,0.56149906
6203,12,1,0.6216718
6204,6,1,0.603274
6205,26,1,0.53734064
6206,14,0,0.41834947
6207,13,1,0.6169027
6208,25,1,0.6760987
6209,10,1,0.6423212
6210,8,1,0.6164571
6211,1,1,0.1626115
6212,10,1,0.30599734
6213,25,1,0.79412633
6214,3,1,0.82462585
6215,19,1,0.51074666
6216,26,1,0.8258326
6217,15,0,0.4633843
6218,25,0,0.39070877
6219,14,0,0.31815425
6220,5,0,0.37124187
6221,12,0,0.6601541
6222,8,1,0.83629227
6223,3,0,0.39856967
6224,2,1,0.6411874
6225,25,1,0.81878966
6226,17,1,0.49072728
6227,8,0,0.5855896
6228,14,0,0.34193325
6229,15,0,0.34090737
6230,14,1,0.53970456
6231,7,1,0.70037836
6232,21,0,0.25731358
6233,15,0,0.2344711
6234,1,1,0.4584564
6235,8,1,0.8316546
6236,25,1,0.48131874
6237,2,0,0.29853526
6238,13,0,0.35199144
6239,12,0,0.23195988
6240,13,1,0.5921297
6241,26,0,0.6596687
6242,0,0,0.4402173
6243,12,1,0.66695076
6244,10,0,0.53587925
6245,28,0,0.45004952
6246,10,1,0.5581354
6247,0,0,0.42669445
6248,22,0,0.3825764
6249,15,1,0.563336
6250,13,0,0.2803347
6251,17,1,0.38116226
6252,18,1,0.67860967
6253,12,1,0.44043875
6254,17,1,0.257743
6255,27,0,0.72772133
6256,15,1,0.50479317
6257,21,1,0.685707
6258,10,0,0.40036342
6259,20,0,0.4012335
6260,22,0,0.3614342
6261,10,1,0.45344976
6262,0,1,0.47187242
6263,16,0,0.42201364
6264,22,0,0.38669103
6265,17,0,0.49055213
6266,8,1,0.75384057
6267,23,1,0.5695829
6268,27,0,0.20840947
6269,11,0,0.5203051
6270,18,1,0.8461688
6271,18,1,0.46151108
6272,25,1,0.59124404
6273,8,0,0.46522954
6274,9,1,0.3502362
6275,1,1,0.6621375
6276,15,0,0.4892129
6277,13,0,0.5760768
6278,15,0,0.17323981
6279,18,0,0.6026292
6280,0,1,0.82292145
6281,21,0,0.20645119
6282,2,0,0.8502178
6283,1,1,0.6847864
6284,2,1,0.21802235
6285,13,0,0.5842592
6286,7,1,0.54364836
6287,9,0,0.22281986
6288,26,0,0.60656023
6289,21,1,0.4484089
6290,10,1,0.59973294
6291,7,1,0.78487223
6292,12,1,0.85333365
6293,17,0,0.41978857
6294,6,0,0.22898333
6295,25,0,0.5087056
6296,14,1,0.70364726
6297,8,0,0.649194
6298,13,1,0.5303094
6299,12,1,0.6326486
6300,22,0,0.26145774
6301,8,1,0.304945
6302,10,0,0.3421089
6303,0,1,0.67634726
6304,4,0,0.4901283
6305,26,1,0.5609252
6306,6,0,0.39768535
6307,10,0,0.4052131
6308,17,0,0.604779
6309,16,1,0.46621543
6310,25,1,0.743645
6311,12,1,0.5246036
6312,7,1,0.25413626
6313,10,0,0.63331646
6314,22,1,0.23520355
6315,16,0,0.41960612
6316,17,0,0.31564543
6317,27,0,0.26247028
6318,13,1,0.6061004
6319,2,0,0.37082082
6320,13,0,0.4546939
6321,18,0,0.46118325
6322,22,1,0.737933
6323,23,0,0.32618374
6324,8,0,0.63091445
6325,9,1,0.47370267
6326,11,1,0.5172132
6327,12,0,0.6102369
6328,15,1,0.88632745
6329,0,1,0.69463605
6330,5,0,0.27736565
6331,3,1,0.8469184
6332,4,1,0.3620208
6333,11,0,0.24242559
6334,16,1,0.5645361
6335,22,0,0.50959265
6336,0,1,0.36818418
6337,7,0,0.52404606
6338,14,0,0.3230902
6339,26,0,0.22699614
6340,16,1,0.74978524
6341,12,1,0.70277184
6342,18,0,0.04301911
6343,27,1,0.7674669
6344,13,0,0.21702865
6345,28,1,0.7918366
6346,8,1,0.48886794
6347,2,1,0.66882783
6348,18,0,0.7400071
6349,11,1,0.5612991
6350,1,0,0.5872517
6351,0,0,0.4722003
6352,1,1,0.7187332
6353,15,0,0.76326936
6354,27,1,0.6346665
6355,12,0,0.4811626
6356,6,0,0.44542718
6357,3,0,0.5466925
6358,3,0,0.10403443
6359,0,1,0.8130942
6360,5,1,0.55792266
6361,1,1,0.86983585
6362,3,0,0.5929413
6363,20,1,0.69230396
6364,17,0,0.17813735
6365,25,1,0.32490802
6366,16,0,0.21816118
6367,20,1,0.7237787
6368,2,0,0.3291974
6369,25,0,0.501598
6370,19,1,0.33537877
6371,15,1,0.6136717
6372,1,0,0.45238218
6373,1,0,0.5626024
6374,23,0,0.3608466
6375,4,0,0.44558612
6376,8,1,0.29213235
6377,18,1,0.87309337
6378,20,1,0.32084787
6379,1,0,0.2940936
6380,25,1,0.57396126
6381,13,0,0.27345616
6382,16,0,0.46395773
6383,10,0,0.616561
6384,10,0,0.6411085
6385,16,1,0.36372536
6386,25,0,0.24016057
6387,25,0,0.46518403
6388,11,1,0.55711895
6389,8,1,0.3913177
6390,11,1,0.5123659
6391,7,1,0.4602647
6392,8,1,0.5989998
6393,25,1,0.7106427
6394,12,0,0.2241622
6395,8,1,0.5505796
6396,13,0,0.20328052
6397,18,0,0.51343584
6398,12,0,0.4289354
6399,27,0,0.42606187
6400,22,1,0.5225356
6401,28,1,0.85985667
6402,16,0,0.80509853
6403,3,0,0.92186487
6404,17,0,0.43531322
6405,22,0,0.5925553
6406,26,1,0.82806367
6407,0,0,0.41644388
6408,25,0,0.2588605
6409,25,0,0.47539935
6410,28,1,0.35083207
6411,9,1,0.5052055
6412,10,0,0.46862423
6413,21,1,0.27952105
6414,13,0,0.21187073
6415,2,0,0.27689037
6416,13,1,0.45430976
6417,2,1,0.50344557
6418,22,0,0.48476213
6419,26,1,0.27886537
6420,1,0,0.3050048
6421,26,1,0.55344003
6422,11,1,0.5317969
6423,7,0,0.51701003
6424,10,1,0.65339804
6425,3,0,0.74338734
6426,2,1,0.5870199
6427,11,1,0.87088513
6428,8,1,0.5360156
6429,2,1,0.67404604
6430,6,1,0.40715167
6431,23,1,0.5959588
6432,2,0,0.48840943
6433,23,1,0.37303394
6434,25,0,0.7311839
6435,21,1,0.73325807
6436,13,0,0.35280833
6437,1,1,0.86080724
6438,23,1,0.67034155
6439,27,0,0.3167324
6440,2,1,0.487611
6441,12,0,0.64341545
6442,27,0,0.6662798
6443,16,0,0.5807805
6444,11,1,0.43380335
6445,26,1,0.5482478
6446,13,0,0.18980083
6447,28,1,0.44852602
6448,25,0,0.37285712
6449,22,0,0.21885557
6450,21,0,0.41435447
6451,16,1,0.8849088
6452,9,1,0.608805
6453,20,0,0.28499317
6454,19,1,0.81299746
6455,20,0,0.51321757
6456,27,0,0.7253188
6457,15,0,0.3815607
6458,14,1,0.4963049
6459,8,0,0.5451179
6460,21,1,0.45999244
6461,20,0,0.6041291
6462,3,1,0.6360173
6463,2,1,0.33009356
6464,14,0,0.8003485
6465,13,0,0.5837996
6466,26,1,0.68580234
6467,2,0,0.5808203
6468,8,1,0.4600716
6469,15,1,0.29619238
6470,27,1,0.22966023
6471,17,0,0.838175
6472,8,0,0.46483856
6473,3,0,0.46797082
6474,27,1,0.75245994
6475,27,1,0.6251452
6476,28,0,0.505752
6477,21,0,0.24757607
6478,7,1,0.43316767
6479,3,1,0.86840004
6480,9,0,0.577847
6481,5,1,0.395109
6482,17,0,0.1924524
6483,28,1,0.57383907
6484,10,1,0.7374174
6485,13,1,0.30891222
6486,11,1,0.45674068
6487,9,1,0.62509936
6488,19,1,0.80348533
6489,7,0,0.4331368
6490,26,1,0.4826516
6491,26,1,0.4899463
6492,14,1,0.36394927
6493,2,0,0.25957516
6494,6,0,0.22097316
6495,25,1,0.8620131
6496,7,1,0.57160455
6497,18,0,0.42182934
6498,12,0,0.2698411
6499,28,0,0.47314867
6500,27,1,0.758701
6501,17,0,0.4526786
6502,7,1,0.64316696
6503,23,0,0.6430399
6504,24,1,0.68280065
6505,24,0,0.6742223
6506,14,0,0.3029145
6507,0,1,0.47279814
6508,20,0,0.6108809
6509,11,0,0.68565416
6510,9,1,0.4340649
6511,14,0,0.615504
6512,15,0,0.25092196
6513,16,0,0.28627682
6514,23,0,0.28018522
6515,25,0,0.52423763
6516,17,1,0.5290876
6517,1,0,0.48343435
6518,15,0,0.41854534
6519,27,1,0.6568552
6520,6,0,0.3257722
6521,16,0,0.43183082
6522,11,0,0.54858166
6523,16,0,0.6520208
6524,19,0,0.47350153
6525,6,1,0.48786917
6526,2,0,0.6435147
6527,13,1,0.4343024
6528,10,1,0.82034534
6529,1,1,0.63626397
6530,13,1,0.62047917
6531,20,1,0.35518757
6532,1,0,0.78895396
6533,13,0,0.34519196
6534,14,1,0.41811484
6535,2,1,0.7552153
6536,15,0,0.10750087
6537,26,0,0.26738167
6538,12,1,0.35109696
6539,1,0,0.6571066
6540,13,1,0.7521295
6541,28,0,0.38984507
6542,9,0,0.64545417
6543,25,1,0.80770975
6544,16,1,0.82721937
6545,28,0,0.61419004
6546,2,1,0.42929026
6547,3,0,0.6150663
6548,25,0,0.670076
6549,11,0,0.5432939
6550,20,1,0.5848965
6551,13,1,0.7927759
6552,28,1,0.5016925
6553,17,0,0.26870522
6554,18,0,0.85958433
6555,27,0,0.20575018
6556,13,1,0.79264694
6557,11,0,0.22561415
6558,8,1,0.43065685
6559,9,1,0.75895077
6560,25,0,0.33314204
6561,25,0,0.7223761
6562,22,1,0.6627519
6563,2,0,0.42997378
6564,27,1,0.3388218
6565,15,1,0.7196224
6566,10,1,0.7324655
6567,21,1,0.5151435
6568,16,1,0.602253
6569,25,0,0.3455412
6570,25,1,0.4440264
6571,11,0,0.24504581
6572,13,0,0.3968932
6573,27,0,0.6092685
6574,13,1,0.7404631
6575,13,0,0.29471752
6576,1,1,0.38729274
6577,13,1,0.9448532
6578,10,1,0.32001984
6579,3,0,0.40625954
6580,13,0,0.3954776
6581,8,1,0.8743859
6582,22,1,0.38896415
6583,1,0,0.48569775
6584,6,1,0.2972388
6585,23,0,0.7742648
6586,12,1,0.82860893
6587,28,1,0.38786852
6588,8,1,0.5882474
6589,12,0,0.37539572
6590,11,0,0.6004694
6591,23,0,0.24815448
6592,1,1,0.5610064
6593,9,0,0.33554763
6594,11,1,0.4872311
6595,10,1,0.85959053
6596,9,0,0.3982176
6597,3,0,0.6100044
6598,11,0,0.28166124
6599,26,0,0.726106
6600,15,0,0.55066204
6601,15,1,0.35721055
6602,19,1,0.4057147
6603,26,1,0.4843683
6604,10,0,0.53302944
6605,16,0,0.2531466
6606,5,1,0.30733103
6607,16,1,0.5761663
6608,11,1,0.53891104
6609,26,0,0.32059276
6610,15,1,0.65127414
6611,23,0,0.5065611
6612,20,1,0.66064614
6613,17,0,0.13632154
6614,11,1,0.40295798
6615,2,0,0.52125883
6616,25,1,0.4896753
6617,16,0,0.5981133
6618,13,0,0.48167416
6619,11,0,0.5502177
6620,13,1,0.65622437
6621,5,1,0.8264727
6622,2,0,0.84363663
6623,11,1,0.48017362
6624,24,0,0.2867595
6625,3,0,0.13704084
6626,6,1,0.6768594
6627,12,1,0.73057765
6628,3,1,0.529064
6629,28,0,0.6024967
6630,0,1,0.8082067
6631,9,1,0.23489147
6632,4,0,0.34004942
6633,23,1,0.5430865
6634,25,1,0.6336193
6635,22,0,0.4815378
6636,16,0,0.48816466
6637,15,1,0.70283556
6638,7,1,0.59844625
6639,24,0,0.79013604
6640,24,1,0.36065578
6641,25,0,0.6794953
6642,8,1,0.3655618
6643,5,1,0.42043832
6644,24,0,0.24843162
6645,20,1,0.8022058
6646,9,1,0.3739539
6647,6,1,0.5190584
6648,13,0,0.49372482
6649,16,0,0.33187482
6650,28,0,0.5942411
6651,13,1,0.5655607
6652,4,1,0.5513638
6653,14,1,0.9074963
6654,5,0,0.22502208
6655,13,1,0.70710224
6656,15,1,0.3467289
6657,16,1,0.48576772
6658,7,1,0.4746291
6659,12,0,0.61084753
6660,9,0,0.41361645
6661,2,1,0.50635135
6662,26,1,0.4241826
6663,1,0,0.3356179
6664,8,1,0.35497242
6665,2,0,0.33452317
6666,16,1,0.34870598
6667,2,1,0.47558576
6668,15,0,0.5263158
6669,27,1,0.8120061
6670,11,0,0.32371184
6671,15,1,0.7391872
6672,6,0,0.18762238
6673,13,1,0.40245533
6674,13,0,0.49533165
6675,25,0,0.2692199
6676,1,0,0.5749701
6677,4,1,0.64954305
6678,24,0,0.5261956
6679,14,1,0.50518435
6680,10,1,0.60557353
6681,3,1,0.4177773
6682,6,0,0.28064525
6683,9,0,0.09003653
6684,9,0,0.5184516
6685,1,1,0.72350174
6686,13,0,0.21150535
6687,3,0,0.5932279
6688,10,1,0.5627966
6689,18,1,0.58372176
6690,8,1,0.51991177
6691,5,0,0.37740183
6692,6,1,0.48818445
6693,26,0,0.2987602
6694,23,1,0.79937154
6695,2,0,0.6414523
6696,7,1,0.43092215
6697,11,1,0.69795066
6698,11,0,0.4108025
6699,21,0,0.26947233
6700,15,0,0.3516811
6701,1,0,0.60673356
6702,23,0,0.3450058
6703,16,1,0.6194597
6704,3,0,0.3048374
6705,3,1,0.8856205
6706,13,0,0.47861463
6707,26,1,0.23527633
6708,10,1,0.2592023
6709,3,1,0.6420333
6710,16,1,0.6952469
6711,14,0,0.51714456
6712,2,0,0.6812191
6713,24,1,0.5417531
6714,8,1,0.38800323
6715,8,1,0.44126526
6716,7,0,0.5345119
6717,8,1,0.77253056
6718,10,1,0.31348082
6719,2,1,0.27695912
6720,16,0,0.18122648
6721,15,1,0.841534
6722,21,1,0.6798255
6723,16,0,0.5411532
6724,27,1,0.34692195
6725,3,1,0.56151384
6726,28,0,0.24806915
6727,17,1,0.81975174
6728,16,0,0.35796568
6729,20,1,0.8763989
6730,25,1,0.7093548
6731,2,1,0.7439999
6732,27,1,0.5295312
6733,17,0,0.23320241
6734,11,1,0.48032582
6735,12,0,0.35241342
6736,6,0,0.20724253
6737,15,0,0.55481493
6738,3,0,0.7100342
6739,6,0,0.3343076
6740,2,0,0.8114884
6741,26,0,0.29815343
6742,4,0,0.3935664
6743,5,0,0.3324463
6744,16,0,0.36204553
6745,15,1,0.60477465
6746,24,1,0.48648766
6747,4,1,0.5530717
6748,0,0,0.26604035
6749,27,1,0.64394265
6750,2,0,0.54661113
6751,12,0,0.2729526
6752,16,0,0.560347
6753,16,1,0.4609879
6754,10,1,0.68692863
6755,15,0,0.23112097
6756,10,0,0.5057118
6757,28,0,0.42579424
6758,11,1,0.5353078
6759,3,0,0.28114453
6760,2,0,0.61217827
6761,11,1,0.29486334
6762,15,1,0.3372177
6763,24,1,0.6715664
6764,25,1,0.30663043
6765,6,1,0.59890765
6766,14,0,0.261077
6767,8,1,0.81230414
6768,8,0,0.31468928
6769,14,1,0.24440625
6770,8,1,0.78370315
6771,3,1,0.5871078
6772,7,1,0.56602377
6773,28,1,0.3793794
6774,5,1,0.70796216
6775,15,1,0.6042958
6776,22,0,0.22220197
6777,25,0,0.24418555
6778,24,0,0.21726678
6779,18,0,0.3053111
6780,7,0,0.5615732
6781,13,1,0.29433864
6782,26,1,0.65864676
6783,18,0,0.558464
6784,3,1,0.74920845
6785,1,1,0.5421808
6786,8,0,0.3372195
6787,18,0,0.17498206
6788,2,1,0.8556159
6789,6,0,0.3545623
6790,7,0,0.51825035
6791,26,1,0.73216814
6792,17,0,0.27081996
6793,26,0,0.25422317
6794,20,1,0.65568143
6795,25,0,0.27331677
6796,17,0,0.5164767
6797,12,0,0.4499529
6798,18,0,0.18758212
6799,8,0,0.2909619
6800,13,0,0.3415835
6801,7,0,0.36338526
6802,22,1,0.7652575
6803,14,0,0.25434682
6804,2,0,0.6357754
6805,6,1,0.7911378
6806,3,1,0.42970148
6807,14,0,0.56501925
6808,23,1,0.5907397
6809,24,0,0.8109154
6810,2,1,0.90259093
6811,28,0,0.24727431
6812,27,0,0.67746997
6813,28,0,0.5821771
6814,15,1,0.27335414
6815,6,0,0.7012499
6816,25,0,0.36181626
6817,8,0,0.3466096
6818,13,0,0.3852798
6819,2,0,0.3108658
6820,17,0,0.5411368
6821,4,0,0.18489337
6822,16,0,0.6610677
6823,3,0,0.3262459
6824,25,1,0.653509
6825,15,0,0.48725957
6826,7,0,0.3324601
6827,3,0,0.26410618
6828,6,0,0.35233
6829,0,1,0.79336154
6830,16,0,0.43681702
6831,8,1,0.55876744
6832,16,0,0.7489707
6833,12,1,0.7453513
6834,17,0,0.7058964
6835,15,1,0.57057846
6836,14,0,0.6575522
6837,8,0,0.36552867
6838,24,1,0.45804965
6839,10,1,0.6002488
6840,23,0,0.3489358
6841,8,0,0.28341755
6842,10,0,0.35013896
6843,11,1,0.807936
6844,9,0,0.62261236
6845,1,1,0.80947864
6846,6,0,0.6133131
6847,8,0,0.48953152
6848,1,0,0.29363817
6849,21,0,0.48006332
6850,15,1,0.64898944
6851,7,0,0.23803331
6852,13,1,0.587687
6853,27,0,0.3595268
6854,28,1,0.8353703
6855,11,1,0.5979094
6856,5,1,0.62848186
6857,17,1,0.6617099
6858,22,0,0.27042568
6859,3,0,0.39533746
6860,23,1,0.5239534
6861,20,1,0.34018266
6862,22,0,0.5649841
6863,8,0,0.3969138
6864,10,0,0.66266495
6865,3,1,0.6521504
6866,28,0,0.472328
6867,14,1,0.6936913
6868,6,1,0.6726756
6869,13,0,0.665823
6870,1,0,0.1837846
6871,4,0,0.3091431
6872,19,1,0.31237158
6873,15,0,0.34872168
6874,10,0,0.5218276
6875,12,1,0.17240824
6876,26,1,0.44678262
6877,15,0,0.5349118
6878,14,1,0.32769215
6879,27,1,0.3296574
6880,19,1,0.7149417
6881,8,0,0.6231214
6882,6,0,0.33807763
6883,13,0,0.46549338
6884,8,0,0.27927262
6885,2,0,0.56279796
6886,22,1,0.37786016
6887,5,0,0.38539544
6888,17,0,0.49693224
6889,11,1,0.6086533
6890,1,0,0.5020442
6891,20,1,0.60942763
6892,10,1,0.51279813
6893,10,0,0.71529585
6894,17,0,0.5498679
6895,15,0,0.56780684
6896,14,0,0.36873
6897,11,0,0.6059615
6898,18,0,0.6579764
6899,9,1,0.32048842
6900,12,1,0.4734801
6901,20,1,0.7707627
6902,10,0,0.27129933
6903,24,0,0.3348723
6904,6,1,0.7084211
6905,18,0,0.28075314
6906,1,1,0.26305878
6907,24,1,0.5976562
6908,16,1,0.7206907
6909,13,1,0.52790457
6910,15,0,0.23369221
6911,10,0,0.68727267
6912,0,1,0.41317168
6913,7,0,0.4985828
6914,10,0,0.5447477
6915,21,0,0.47368023
6916,1,0,0.47087744
6917,16,1,0.8028735
6918,9,0,0.48669055
6919,22,1,0.6663876
6920,23,1,0.63062495
6921,27,1,0.51397705
6922,13,0,0.25244087
6923,22,1,0.6919319
6924,22,0,0.45626032
6925,9,1,0.2746614
6926,10,1,0.60178024
6927,6,0,0.3210216
6928,25,1,0.7457149
6929,1,0,0.508422
6930,19,0,0.4638705
6931,16,1,0.25692675
6932,25,0,0.44565913
6933,16,1,0.6815727
6934,26,1,0.5260816
6935,13,0,0.577631
6936,3,1,0.46667778
6937,14,0,0.6322968
6938,1,1,0.59806925
6939,10,1,0.2658042
6940,12,1,0.2937301
6941,11,0,0.49663723
6942,27,0,0.31952414
6943,7,1,0.7064102
6944,5,0,0.55650276
6945,2,0,0.36888754
6946,19,1,0.4961505
6947,25,0,0.3527111
6948,20,1,0.90746313
6949,15,1,0.4256581
6950,7,0,0.34247655
6951,1,0,0.55632555
6952,22,1,0.6690396
6953,8,1,0.4215058
6954,28,0,0.34781376
6955,0,0,0.17074576
6956,8,1,0.734121
6957,15,0,0.328061
6958,16,1,0.7070637
6959,11,0,0.59971726
6960,18,0,0.28585684
6961,3,1,0.35349956
6962,2,1,0.82314235
6963,5,1,0.7874144
6964,2,0,0.33594048
6965,16,0,0.27701852
6966,27,1,0.41923884
6967,12,1,0.29082695
6968,16,1,0.6401086
6969,17,0,0.22738776
6970,27,1,0.45095727
6971,10,1,0.6990098
6972,13,1,0.8377446
6973,28,0,0.36047333
6974,27,0,0.2123995
6975,24,0,0.5291049
6976,21,1,0.74896467
6977,14,0,0.34495234
6978,10,0,0.26482797
6979,21,1,0.31069666
6980,24,0,0.3006448
6981,15,0,0.38831395
6982,18,0,0.28868276
6983,0,0,0.29381314
6984,12,0,0.42409194
6985,26,0,0.636393
6986,8,1,0.34545955
6987,13,0,0.2741086
6988,12,1,0.3896518
6989,10,1,0.611423
6990,4,0,0.5553639
6991,11,0,0.45700788
6992,16,0,0.47639397
6993,20,0,0.33539692
6994,8,0,0.37233937
6995,12,0,0.5409466
6996,16,1,0.54184026
6997,1,1,0.3116139
6998,21,1,0.38722476
6999,10,1,0.5430544
7000,25,1,0.24867213
7001,26,0,0.72308654
7002,1,0,0.6004579
7003,21,0,0.5547522
7004,16,1,0.69117063
7005,15,1,0.72375464
7006,20,1,0.7665563
7007,13,1,0.4947118
7008,13,1,0.3908075
7009,27,0,0.3020354
7010,10,1,0.5439005
7011,25,0,0.53565145
7012,16,0,0.56111306
7013,11,1,0.48274425
7014,1,0,0.18417968
7015,15,1,0.8295636
7016,20,1,0.7199859
7017,22,0,0.23022375
7018,19,0,0.36937603
7019,1,0,0.3506005
7020,11,0,0.26599237
7021,19,0,0.32395944
7022,25,1,0.79530287
7023,13,1,0.3746779
7024,13,0,0.6060214
7025,13,1,0.34420016
7026,8,0,0.20502011
7027,27,1,0.7655256
7028,6,1,0.46906856
7029,8,0,0.4758714
7030,8,1,0.77840996
7031,11,1,0.5538538
7032,4,1,0.7157992
7033,20,1,0.37343505
7034,2,1,0.29978997
7035,2,0,0.6614612
7036,27,1,0.92663735
7037,23,1,0.2794097
7038,16,0,0.23902681
7039,12,1,0.5902078
7040,21,1,0.6240521
7041,4,0,0.34955615
7042,28,0,0.6014991
7043,12,0,0.32173657
7044,3,1,0.8353282
7045,27,0,0.45971504
7046,27,1,0.67314035
7047,12,0,0.31957072
7048,15,0,0.2791344
7049,8,1,0.74580723
7050,8,0,0.6337049
7051,10,1,0.815862
7052,7,1,0.59056175
7053,12,1,0.8739858
7054,23,1,0.51231766
7055,28,0,0.33134633
7056,13,0,0.31239906
7057,2,1,0.6961456
7058,21,1,0.67366207
7059,7,1,0.2911332
7060,13,1,0.36154702
7061,8,0,0.24983864
7062,20,0,0.25843987
7063,14,1,0.81201714
7064,28,0,0.5557273
7065,7,0,0.32189733
7066,24,1,0.38388678
7067,15,0,0.26606613
7068,14,1,0.4025616
7069,12,1,0.6161624
7070,20,0,0.61552125
7071,8,0,0.3717362
7072,28,1,0.3308017
7073,25,1,0.8060294
7074,16,0,0.52941006
7075,3,1,0.66418976
7076,13,0,0.6728446
7077,2,1,0.8305856
7078,26,1,0.63702196
7079,13,1,0.8442229
7080,11,1,0.8161787
7081,11,0,0.5498027
7082,27,0,0.25533184
7083,4,1,0.75678813
7084,15,0,0.23794262
7085,13,0,0.23148489
7086,11,1,0.3091161
7087,9,1,0.5642049
7088,10,1,0.6498883
7089,21,0,0.27739307
7090,6,0,0.3779853
7091,19,1,0.48489305
7092,8,0,0.24169253
7093,26,1,0.23169678
7094,27,1,0.32307068
7095,0,0,0.23673537
7096,18,1,0.32251456
7097,13,0,0.15898636
7098,11,1,0.5637568
7099,6,1,0.4833289
7100,25,1,0.5897826
7101,0,0,0.775568
7102,16,0,0.5485753
7103,24,1,0.7351666
7104,10,0,0.26467377
7105,9,0,0.44297814
7106,28,0,0.8234667
7107,4,1,0.2848566
7108,27,1,0.32486564
7109,25,0,0.27499163
7110,11,1,0.49514535
7111,20,0,0.58495694
7112,13,1,0.65280235
7113,18,1,0.67664164
7114,13,1,0.6744151
7115,27,1,0.4354291
7116,0,1,0.5923001
7117,26,0,0.56762195
7118,12,0,0.32360378
7119,13,0,0.5992671
7120,25,1,0.5541443
7121,20,0,0.4756571
7122,0,0,0.28005433
7123,28,0,0.36194247
7124,26,1,0.79749686
7125,11,1,0.51444024
7126,17,0,0.48218456
7127,22,0,0.29792976
7128,3,1,0.4774528
7129,8,1,0.68669105
7130,2,0,0.4361562
7131,27,0,0.20577554
7132,2,0,0.428112
7133,21,0,0.18420325
7134,11,1,0.22419137
7135,3,0,0.6400474
7136,12,0,0.22479244
7137,18,1,0.59822696
7138,13,1,0.38483456
7139,28,0,0.22021829
7140,17,1,0.56103396
7141,26,1,0.39125496
7142,2,0,0.23209907
7143,15,0,0.4051269
7144,23,1,0.7308932
7145,10,1,0.91036266
7146,28,1,0.60183954
7147,6,1,0.44560814
7148,17,0,0.38863355
7149,13,0,0.22823556
7150,19,0,0.48560765
7151,13,1,0.24825805
7152,1,0,0.363415
7153,10,0,0.55348617
7154,2,0,0.25629482
7155,13,0,0.4589381
7156,4,1,0.2703051
7157,1,1,0.78127176
7158,25,1,0.58115214
7159,6,1,0.668406
7160,23,0,0.21362853
7161,17,0,0.22413878
7162,27,1,0.69519305
7163,16,1,0.27527678
7164,13,1,0.5629617
7165,11,1,0.66822654
7166,5,1,0.5070287
7167,7,1,0.8310544
7168,7,1,0.49744865
7169,13,1,0.35990593
7170,10,0,0.20795189
7171,1,0,0.18336813
7172,2,1,0.2493747
7173,25,1,0.7696368
7174,15,1,0.49813303
7175,17,0,0.29258746
7176,16,1,0.56346416
7177,1,1,0.7442789
7178,6,1,0.62457836
7179,20,1,0.55548173
7180,2,1,0.49631476
7181,23,1,0.41332898
7182,7,1,0.43985584
7183,16,0,0.394842
7184,4,0,0.4600565
7185,20,0,0.38353792
7186,5,1,0.2833667
7187,22,0,0.469643
7188,4,0,0.47722942
7189,7,1,0.5998681
7190,12,1,0.632044
7191,10,1,0.2810421
7192,14,1,0.34495088
7193,3,0,0.5679741
7194,8,1,0.55173624
7195,23,0,0.3612281
7196,17,0,0.4755629
7197,8,0,0.22086723
7198,8,1,0.4768574
7199,16,1,0.48380232
7200,24,0,0.43368942
7201,3,0,0.23707949
7202,16,0,0.7691925
7203,26,1,0.7067283
7204,13,0,0.32423198
7205,8,1,0.5586173
7206,25,1,0.46684963
7207,1,0,0.5053735
7208,3,1,0.22674929
7209,14,1,0.87772036
7210,15,1,0.59868443
7211,15,1,0.4880664
7212,13,0,0.23650694
7213,8,0,0.37479734
7214,24,1,0.31401446
7215,26,0,0.68346596
7216,18,1,0.3369096
7217,3,0,0.48152098
7218,17,1,0.38493684
7219,21,1,0.40693387
7220,8,1,0.76863587
7221,4,1,0.47678664
7222,3,0,0.28219157
7223,22,1,0.53138256
7224,19,1,0.39490327
7225,22,0,0.6613567
7226,6,1,0.42275196
7227,16,0,0.24664687
7228,18,0,0.51089746
7229,26,1,0.27772164
7230,12,1,0.6928016
7231,21,1,0.48947987
7232,20,0,0.3377116
7233,26,1,0.73206186
7234,5,0,0.54154813
7235,2,1,0.6891651
7236,19,1,0.5941565
7237,13,0,0.33837098
7238,3,0,0.4462734
7239,24,1,0.40797836
7240,15,0,0.35399005
7241,5,1,0.72257745
7242,24,0,0.4015977
7243,27,1,0.6552551
7244,16,1,0.6252143
7245,12,1,0.8731021
7246,23,1,0.36108616
7247,21,0,0.31424066
7248,1,0,0.6240878
7249,7,1,0.6819227
7250,21,0,0.27167502
7251,12,1,0.70240337
7252,18,1,0.82519823
7253,11,0,0.2603265
7254,24,1,0.54862803
7255,10,0,0.44169074
7256,11,0,0.25379485
7257,16,0,0.7652035
7258,7,1,0.40181577
7259,0,1,0.8967254
7260,6,1,0.6403257
7261,6,0,0.23416017
7262,16,0,0.40932745
7263,16,0,0.42267552
7264,27,0,0.6444117
7265,3,1,0.5461371
7266,10,1,0.6312814
7267,10,1,0.50726026
7268,15,0,0.41547203
7269,16,0,0.24533488
7270,16,1,0.65090203
7271,0,1,0.2917693
7272,13,1,0.46479586
7273,10,1,0.29408622
7274,10,0,0.48291266
7275,5,1,0.52261394
7276,18,1,0.27012947
7277,23,0,0.5564226
7278,4,1,0.71217376
7279,12,0,0.15012155
7280,25,0,0.1414999
7281,8,1,0.6144662
7282,2,1,0.544564
7283,3,1,0.71053034
7284,19,0,0.41061643
7285,8,1,0.7459507
7286,13,0,0.33312947
7287,3,0,0.24615945
7288,2,0,0.34741238
7289,28,0,0.54471976
7290,11,0,0.52095413
7291,10,1,0.59567463
7292,21,0,0.48742196
7293,9,1,0.6399613
7294,4,0,0.3851298
7295,26,1,0.5715531
7296,27,1,0.39248523
7297,22,0,0.47790667
7298,7,1,0.80771035
7299,14,1,0.48360643
7300,8,0,0.5111267
7301,25,1,0.73244506
7302,9,1,0.45030135
7303,2,1,0.7362536
7304,1,0,0.7136736
7305,21,0,0.3940779
7306,16,0,0.22117935
7307,2,0,0.34311515
7308,7,1,0.51481366
7309,10,1,0.7444971
7310,27,0,0.2824648
7311,6,0,0.54157317
7312,13,1,0.29375064
7313,13,0,0.2907144
7314,24,0,0.33709803
7315,13,1,0.8654983
7316,14,1,0.4916141
7317,3,0,0.5348206
7318,2,1,0.3445005
7319,2,1,0.49588025
7320,17,0,0.8009207
7321,2,0,0.5318166
7322,16,1,0.60135466
7323,7,0,0.28466642
7324,12,1,0.40842012
7325,26,1,0.26248848
7326,28,1,0.5804384
7327,2,1,0.48332188
7328,22,1,0.45982513
7329,26,0,0.43395847
7330,7,1,0.3614767
7331,2,1,0.7985018
7332,6,0,0.49464807
7333,6,0,0.2438501
7334,23,1,0.5496798
7335,20,1,0.68508154
7336,16,0,0.41533622
7337,25,0,0.27781233
7338,12,0,0.4861444
7339,6,1,0.80587065
7340,23,0,0.48755682
7341,19,1,0.49973992
7342,7,0,0.48098582
7343,2,0,0.37060705
7344,2,0,0.564836
7345,20,1,0.38952026
7346,11,0,0.42827606
7347,7,0,0.39801186
7348,24,1,0.8515158
7349,10,1,0.6258468
7350,4,1,0.4964678
7351,11,0,0.22183345
7352,15,1,0.34156314
7353,10,0,0.6072494
7354,26,1,0.7525394
7355,26,1,0.39877596
7356,10,1,0.7475406
7357,7,0,0.3944009
7358,13,1,0.68973583
7359,13,0,0.3624976
7360,16,1,0.5157829
7361,2,0,0.3361052
7362,27,1,0.5555359
7363,4,0,0.32571575
7364,16,0,0.23495142
7365,12,0,0.65295875
7366,19,0,0.13741761
7367,2,1,0.37203565
7368,11,1,0.37035024
7369,20,0,0.44431922
7370,1,1,0.90228564
7371,25,1,0.61120206
7372,12,0,0.6716909
7373,15,1,0.69789803
7374,12,0,0.34291148
7375,10,0,0.3637392
7376,14,0,0.40378875
7377,5,1,0.2941244
7378,8,0,0.15027133
7379,19,1,0.56915057
7380,18,0,0.6314592
7381,6,1,0.70427185
7382,11,1,0.6616044
7383,15,1,0.53645056
7384,3,1,0.6274827
7385,27,0,0.33604187
7386,13,0,0.617865
7387,25,0,0.30933246
7388,15,0,0.19996902
7389,16,1,0.6058402
7390,14,1,0.5357828
7391,9,1,0.9473335
7392,10,1,0.5121973
7393,1,0,0.41036305
7394,10,1,0.6899718
7395,4,0,0.40818843
7396,3,0,0.29662332
7397,12,1,0.6197743
7398,11,1,0.6590697
7399,3,1,0.67272645
7400,1,1,0.5725842
7401,3,1,0.45420387
7402,7,0,0.2686257
7403,1,1,0.37985578
7404,2,0,0.2829311
7405,26,1,0.55604714
7406,8,0,0.36667877
7407,24,0,0.44389543
7408,9,0,0.5839853
7409,17,1,0.60481715
7410,1,0,0.22800156
7411,1,0,0.13463089
7412,8,0,0.3481108
7413,6,1,0.37393707
7414,17,0,0.6170154
7415,5,1,0.520256
7416,11,0,0.26219663
7417,26,1,0.4453099
7418,6,1,0.6048379
7419,22,1,0.535789
7420,18,1,0.37931135
7421,27,0,0.27904305
7422,21,1,0.83149296
7423,7,1,0.8058337
7424,19,0,0.13936661
7425,20,1,0.80973256
7426,26,0,0.52172303
7427,15,0,0.2418601
7428,10,0,0.24852937
7429,15,1,0.76871663
7430,0,1,0.5160589
7431,6,1,0.51895905
7432,13,0,0.27102113
7433,26,1,0.792194
7434,27,0,0.26924875
7435,23,1,0.59816617
7436,1,1,0.6805263
7437,27,1,0.32217637
7438,10,0,0.49111664
7439,20,1,0.89483064
7440,27,1,0.63975
7441,23,1,0.6009113
7442,13,0,0.5097436
7443,12,1,0.45849705
7444,13,0,0.7035309
7445,9,1,0.6503488
7446,13,1,0.56913745
7447,21,1,0.7034848
7448,21,0,0.50662315
7449,22,0,0.578182
7450,13,1,0.451598
7451,17,0,0.3131633
7452,14,0,0.470466
7453,10,0,0.538197
7454,2,1,0.7065569
7455,13,1,0.40146056
7456,17,0,0.48164406
7457,15,1,0.60902697
7458,14,0,0.30987793
7459,3,1,0.8436356
7460,15,0,0.43649322
7461,8,1,0.66435933
7462,2,1,0.45758104
7463,12,1,0.69291526
7464,19,1,0.3600635
7465,8,1,0.7137823
7466,27,0,0.20082185
7467,18,0,0.49711412
7468,26,1,0.7259442
7469,0,0,0.20366323
7470,10,1,0.8407227
7471,1,0,0.59946686
7472,1,0,0.4789279
7473,13,0,0.18584684
7474,12,1,0.2570499
7475,1,0,0.3183513
7476,9,0,0.22684318
7477,0,1,0.57998616
7478,15,1,0.6393487
7479,15,1,0.63380855
7480,1,1,0.30575237
7481,16,0,0.39463744
7482,10,1,0.57104534
7483,13,1,0.702163
7484,21,1,0.7207905
7485,27,0,0.36519933
7486,17,1,0.8449815
7487,15,0,0.46797207
7488,2,1,0.91162133
7489,18,0,0.25591233
7490,19,0,0.4954814
7491,0,0,0.29406682
7492,27,0,0.45299757
7493,4,1,0.2846224
7494,6,0,0.65617317
7495,6,0,0.3610226
7496,15,0,0.54224646
7497,2,1,0.61519784
7498,1,1,0.84814924
7499,17,1,0.81218576
7500,18,1,0.33411053
7501,22,1,0.8147456
7502,16,0,0.35656658
7503,28,1,0.49818084
7504,2,1,0.45752114
7505,24,0,0.2959998
7506,28,0,0.350988
7507,18,1,0.25989968
7508,13,1,0.66216475
7509,10,1,0.42000386
7510,27,0,0.32951576
7511,6,1,0.8087317
7512,2,0,0.2719931
7513,9,1,0.36961535
7514,25,1,0.28013268
7515,0,1,0.5942325
7516,16,0,0.7782366
7517,1,1,0.63829947
7518,13,1,0.5615428
7519,10,1,0.70513546
7520,12,0,0.24487047
7521,15,1,0.7617035
7522,3,0,0.30257
7523,2,0,0.38480812
7524,14,0,0.36759406
7525,5,0,0.24506055
7526,20,0,0.7163222
7527,0,1,0.64976615
7528,1,0,0.41140795
7529,21,0,0.14771485
7530,4,1,0.5192101
7531,25,0,0.5549965
7532,7,0,0.31796968
7533,2,1,0.7587515
7534,5,0,0.33696696
7535,11,1,0.68120116
7536,2,0,0.47532156
7537,1,1,0.32362673
7538,7,1,0.5610361
7539,28,0,0.20726769
7540,0,0,0.47734386
7541,25,1,0.68417895
7542,27,1,0.60705644
7543,3,0,0.328775
7544,13,1,0.5770401
7545,15,0,0.6641007
7546,18,0,0.36159524
7547,4,1,0.741104
7548,15,1,0.81486905
7549,12,1,0.893684
7550,25,0,0.27717432
7551,12,1,0.3729448
7552,15,0,0.45242152
7553,1,0,0.20736486
7554,2,0,0.3675791
7555,22,0,0.7171431
7556,6,0,0.41160098
7557,26,1,0.4195848
7558,19,1,0.69156903
7559,2,1,0.59000605
7560,12,1,0.87978053
7561,10,1,0.5923926
7562,24,0,0.35411313
7563,7,0,0.5287006
7564,14,1,0.26591942
7565,11,0,0.16924025
7566,20,0,0.5604329
7567,18,1,0.27280203
7568,16,0,0.68608314
7569,0,0,0.31582385
7570,24,1,0.5270717
7571,2,0,0.398265
7572,27,1,0.47487167
7573,26,0,0.45784515
7574,8,0,0.4167168
7575,8,1,0.46805608
7576,13,1,0.602771
7577,2,1,0.32793587
7578,4,1,0.52815264
7579,6,1,0.82501376
7580,20,1,0.54051596
7581,16,1,0.62444824
7582,25,0,0.30278242
7583,14,1,0.48322043
7584,27,0,0.30537185
7585,27,1,0.7635176
7586,3,1,0.65931517
7587,18,1,0.5851388
7588,27,1,0.5652335
7589,14,1,0.54724675
7590,8,0,0.3858109
7591,8,1,0.732288
7592,7,0,0.5408537
7593,5,0,0.30431756
7594,6,0,0.4246397
7595,26,0,0.2782856
7596,22,0,0.33825076
7597,11,0,0.27271447
7598,4,0,0.62142974
7599,13,0,0.3462586
7600,2,0,0.3459915
7601,3,0,0.19113116
7602,28,1,0.5132395
7603,1,1,0.88307124
7604,27,0,0.73444915
7605,3,1,0.42234913
7606,10,0,0.38986176
7607,13,1,0.6611522
7608,14,0,0.68821543
7609,10,0,0.30905524
7610,11,0,0.055321395
7611,12,1,0.7604692
7612,22,0,0.65931123
7613,25,0,0.5256059
7614,1,0,0.28193486
7615,6,0,0.25550896
7616,15,1,0.71694446
7617,26,0,0.29451442
7618,19,1,0.79735196
7619,11,0,0.34603083
7620,16,0,0.4691463
7621,11,0,0.47603497
7622,15,1,0.5996442
7623,17,1,0.5973782
7624,16,0,0.6715082
7625,21,1,0.77309406
7626,16,1,0.86104035
7627,20,0,0.6956597
7628,3,0,0.790337
7629,27,1,0.73473424
7630,13,1,0.8066541
7631,15,1,0.66614383
7632,1,0,0.79421663
7633,11,1,0.41669795
7634,24,1,0.663813
7635,7,0,0.3762442
7636,15,1,0.7973701
7637,13,1,0.549014
7638,15,0,0.27753928
7639,4,0,0.2831754
7640,21,0,0.35209832
7641,0,1,0.5532301
7642,19,0,0.27334166
7643,22,1,0.86064404
7644,15,0,0.20195733
7645,1,0,0.3834911
7646,8,1,0.595679
7647,4,1,0.32661512
7648,23,1,0.54220355
7649,0,0,0.39464593
7650,12,1,0.3890804
7651,18,1,0.6452761
7652,8,1,0.62161106
7653,27,1,0.55800253
7654,12,0,0.565752
7655,20,1,0.71231735
7656,17,0,0.18949807
7657,27,0,0.3341446
7658,16,1,0.72726685
7659,12,0,0.63616425
7660,25,1,0.40176284
7661,6,0,0.34573984
7662,9,0,0.5855975
7663,16,0,0.23179254
7664,1,1,0.7136163
7665,22,0,0.3246118
7666,4,0,0.36566666
7667,15,0,0.5381135
7668,26,0,0.3560485
7669,10,0,0.563443
7670,6,0,0.3914498
7671,28,1,0.2686035
7672,4,0,0.24706092
7673,13,0,0.4318072
7674,21,1,0.18662266
7675,22,1,0.6616813
7676,27,0,0.2869807
7677,6,1,0.5829358
7678,11,1,0.3868708
7679,8,0,0.3118292
7680,1,1,0.25440532
7681,26,0,0.49010438
7682,8,1,0.59811866
7683,26,1,0.4796863
7684,25,1,0.8117785
7685,23,1,0.7578108
7686,27,0,0.45672098
7687,16,0,0.46445864
7688,18,0,0.22939725
7689,15,0,0.14005741
7690,2,0,0.092080414
7691,16,0,0.26265278
7692,28,0,0.77643573
7693,28,0,0.27852038
7694,9,1,0.44532678
7695,14,0,0.38425544
7696,6,0,0.4894939
7697,6,1,0.48863128
7698,6,1,0.4684969
7699,12,0,0.6859956
7700,22,0,0.4722205
7701,22,0,0.3904461
7702,9,0,0.5077018
7703,6,1,0.48109168
7704,18,0,0.50839126
7705,27,0,0.28185531
7706,16,0,0.055584256
7707,16,0,0.54535717
7708,8,0,0.64404976
7709,8,0,0.6077948
7710,27,0,0.3927615
7711,18,1,0.7942593
7712,13,0,0.39912286
7713,1,1,0.5083424
7714,6,0,0.26528302
7715,16,1,0.6919274
7716,23,1,0.8458726
7717,24,1,0.2891876
7718,4,1,0.5195919
7719,15,1,0.41515982
7720,16,0,0.36066324
7721,21,1,0.7810955
7722,14,1,0.6065814
7723,12,0,0.6345252
7724,26,1,0.8319838
7725,28,0,0.8629826
7726,13,0,0.27504584
7727,15,1,0.8437412
7728,2,0,0.37672108
7729,2,1,0.52426827
7730,12,0,0.5812943
7731,12,0,0.39721036
7732,13,0,0.24457376
7733,12,0,0.23876606
7734,23,0,0.46951056
7735,24,1,0.47362396
7736,25,1,0.5933033
7737,2,0,0.47199538
7738,6,1,0.25159284
7739,2,1,0.36874992
7740,16,0,0.6947586
7741,10,1,0.5445934
7742,16,0,0.3185165
7743,12,0,0.20273982
7744,10,1,0.47901663
7745,17,0,0.27334905
7746,18,1,0.41593117
7747,26,1,0.8381663
7748,10,0,0.5069722
7749,24,0,0.3778766
7750,15,0,0.360773
7751,8,1,0.31960815
7752,3,0,0.52115273
7753,25,0,0.78051496
7754,3,0,0.48270118
7755,1,1,0.30321512
7756,17,0,0.3944133
7757,3,1,0.7935753
7758,18,0,0.27924308
7759,17,1,0.5227963
7760,22,0,0.3296339
7761,21,0,0.34188876
7762,22,1,0.42852402
7763,27,0,0.4299554
7764,16,1,0.592231
7765,4,0,0.46956754
7766,28,0,0.57328045
7767,10,0,0.37251958
7768,14,0,0.3441561
7769,7,0,0.26191777
7770,13,1,0.6436678
7771,25,0,0.31003088
7772,20,1,0.38735744
7773,7,1,0.37584224
7774,28,1,0.824645
7775,11,1,0.30214968
7776,21,0,0.81558007
7777,26,1,0.48397404
7778,16,0,0.8313966
7779,17,1,0.37435505
7780,16,1,0.5380998
7781,0,0,0.39464566
7782,2,1,0.41185483
7783,7,0,0.4862826
7784,20,1,0.7166631
7785,8,0,0.47421074
7786,2,0,0.2949304
7787,10,1,0.55543184
7788,2,1,0.5871036
7789,1,0,0.2562714
7790,26,0,0.5829592
7791,8,1,0.34684074
7792,10,1,0.60200727
7793,16,0,0.1708757
7794,20,0,0.4731098
7795,27,1,0.36353067
7796,12,1,0.66573715
7797,11,0,0.50498277
7798,5,0,0.78063655
7799,18,1,0.81226456
7800,13,1,0.2820636
7801,23,0,0.31039512
7802,22,0,0.46730047
7803,27,0,0.6407367
7804,20,0,0.45531654
7805,17,0,0.21313989
7806,3,0,0.48078853
7807,14,0,0.8770811
7808,9,1,0.67390543
7809,16,0,0.40411618
7810,8,0,0.5760486
7811,8,0,0.6663417
7812,19,1,0.72879225
7813,21,1,0.38746175
7814,5,0,0.42345902
7815,22,1,0.6007991
7816,13,0,0.45380268
7817,7,1,0.8460945
7818,10,1,0.7771138
7819,26,0,0.3699136
7820,14,0,0.5027648
7821,7,0,0.4860705
7822,27,0,0.25645605
7823,4,1,0.62615067
7824,11,0,0.49600118
7825,10,1,0.4223471
7826,14,1,0.59103596
7827,25,0,0.28214097
7828,5,1,0.48477542
7829,19,1,0.90026665
7830,4,0,0.40905097
7831,6,0,0.2818367
7832,16,1,0.8245895
7833,6,0,0.32786828
7834,4,1,0.7752143
7835,18,0,0.2131242
7836,10,0,0.5699195
7837,11,1,0.29540104
7838,11,0,0.23816852
7839,25,0,0.76757246
7840,8,1,0.6321305
7841,11,0,0.44582418
7842,12,1,0.5799873
7843,25,0,0.38420138
7844,26,1,0.34565902
7845,2,0,0.37897587
7846,13,0,0.6826978
7847,17,0,0.4879114
7848,17,0,0.35965446
7849,4,0,0.09873909
7850,19,1,0.35576057
7851,2,0,0.28452852
7852,17,0,0.3509898
7853,15,1,0.74001205
7854,26,1,0.4738682
7855,18,1,0.21061076
7856,12,0,0.357192
7857,27,0,0.7874966
7858,1,1,0.61320114
7859,19,1,0.3186609
7860,27,1,0.6483403
7861,13,0,0.24588089
7862,18,0,0.28625765
7863,19,1,0.5013127
7864,7,0,0.26475516
7865,3,1,0.6626901
7866,12,1,0.61800265
7867,28,1,0.6842757
7868,12,1,0.30812538
7869,0,0,0.48242673
7870,14,0,0.57729447
7871,3,0,0.43784708
7872,27,0,0.3275893
7873,13,1,0.6431471
7874,3,0,0.49723294
7875,23,1,0.5822451
7876,13,1,0.7809846
7877,1,1,0.84406674
7878,11,1,0.77199024
7879,2,1,0.28957096
7880,21,1,0.47989225
7881,16,0,0.35071427
7882,6,0,0.34317324
7883,8,0,0.29997763
7884,16,1,0.5624049
7885,13,0,0.28364086
7886,11,1,0.6289566
7887,13,0,0.5321727
7888,17,1,0.4431473
7889,10,0,0.56047475
7890,12,1,0.6335562
7891,1,1,0.35558593
7892,11,0,0.60460293
7893,2,0,0.5177257
7894,9,0,0.2564031
7895,13,0,0.6184637
7896,22,1,0.3130137
7897,13,0,0.45387968
7898,16,0,0.49201757
7899,16,0,0.48828128
7900,27,0,0.4480157
7901,11,0,0.5855259
7902,1,1,0.4856108
7903,22,1,0.3124014
7904,25,1,0.66153324
7905,16,1,0.72318685
7906,1,1,0.29650325
7907,8,1,0.41311592
7908,17,1,0.3787565
7909,10,0,0.27448416
7910,17,0,0.54531354
7911,15,0,0.35352114
7912,8,1,0.55353665
7913,16,1,0.5282039
7914,15,0,0.46693122
7915,10,0,0.50548244
7916,12,1,0.3319411
7917,12,0,0.67347133
7918,22,0,0.28483304
7919,18,0,0.6008144
7920,10,0,0.5753573
7921,5,0,0.49308753
7922,16,0,0.26786897
7923,0,1,0.8036221
7924,26,1,0.42824867
7925,15,1,0.43689793
7926,1,0,0.27313238
7927,0,0,0.36626863
7928,19,0,0.6198969
7929,20,1,0.62324774
7930,10,1,0.48095724
7931,8,0,0.2801201
7932,16,0,0.30745932
7933,1,1,0.61696154
7934,22,1,0.49898395
7935,17,1,0.815425
7936,3,0,0.6309478
7937,27,1,0.79122174
7938,26,1,0.7692418
7939,13,0,0.6858747
7940,2,1,0.5094782
7941,21,0,0.35751674
7942,26,1,0.26093265
7943,28,1,0.907377
7944,4,0,0.22598684
7945,14,0,0.3316256
7946,10,0,0.24645747
7947,25,1,0.6056237
7948,17,1,0.821082
7949,25,1,0.424258
7950,26,0,0.296918
7951,15,1,0.40552354
7952,3,1,0.2707079
7953,22,1,0.22096479
7954,17,1,0.23601988
7955,2,1,0.58260167
7956,13,1,0.4828397
7957,21,0,0.3243889
7958,23,1,0.59990585
7959,25,1,0.8377146
7960,24,1,0.8056159
7961,4,1,0.6568673
7962,8,1,0.22758235
7963,13,1,0.5151738
7964,8,0,0.7178087
7965,24,0,0.3806603
7966,13,0,0.6171443
7967,22,0,0.59317243
7968,13,1,0.58631116
7969,7,0,0.369797
7970,5,1,0.52795386
7971,25,0,0.2892463
7972,18,1,0.53119093
7973,16,0,0.27705494
7974,10,1,0.7693575
7975,26,1,0.61552006
7976,8,0,0.36750877
7977,2,0,0.41266775
7978,20,0,0.63407075
7979,12,1,0.5319688
7980,17,0,0.25124946
7981,27,1,0.50680625
7982,14,0,0.25320545
7983,0,1,0.87635195
7984,8,1,0.6714753
7985,8,1,0.7945853
7986,0,0,0.30203104
7987,26,0,0.5008938
7988,13,0,0.2004904
7989,10,0,0.45963848
7990,27,0,0.2982126
7991,15,0,0.40436405
7992,6,0,0.5354191
7993,2,1,0.70880514
7994,25,0,0.25873813
7995,10,0,0.4004699
7996,1,0,0.28756562
7997,16,1,0.7089787
7998,18,1,0.4943684
7999,15,0,0.21764128
8000,11,1,0.66394806
8001,13,1,0.39239296
8002,26,1,0.51181865
8003,2,1,0.3310693
8004,24,0,0.6097122
8005,19,0,0.57579654
8006,6,1,0.58534676
8007,3,0,0.3502631
8008,5,1,0.5907614
8009,2,0,0.21452467
8010,3,0,0.29215991
8011,27,1,0.7562758
8012,15,0,0.6251858
8013,18,1,0.7643795
8014,26,0,0.40243867
8015,13,0,0.5627187
8016,2,0,0.45164284
8017,25,1,0.62640345
8018,22,1,0.8601245
8019,3,1,0.85213166
8020,8,1,0.22584741
8021,27,1,0.6031468
8022,28,1,0.79466444
8023,25,0,0.48018086
8024,19,0,0.5129929
8025,13,0,0.31129026
8026,4,1,0.6245194
8027,9,0,0.38725215
8028,26,1,0.46950918
8029,11,0,0.6126479
8030,2,0,0.34692422
8031,15,0,0.37086746
8032,2,1,0.65355575
8033,21,1,0.7776357
8034,22,1,0.8727501
8035,27,0,0.5287148
8036,10,1,0.53261054
8037,26,1,0.5170574
8038,2,1,0.6503247
8039,4,0,0.24407938
8040,1,0,0.66815895
8041,25,0,0.48073056
8042,11,1,0.36096153
8043,14,0,0.8120919
8044,16,1,0.58769333
8045,3,0,0.3536653
8046,27,0,0.22536156
8047,12,1,0.781032
8048,6,0,0.48584768
8049,19,1,0.81033504
8050,13,1,0.63696903
8051,10,1,0.79851544
8052,26,1,0.47937235
8053,16,0,0.5883846
8054,1,0,0.30250847
8055,22,1,0.52959424
8056,4,1,0.5934581
8057,14,0,0.16913058
8058,16,1,0.27167526
8059,1,0,0.3760143
8060,16,0,0.58764875
8061,15,1,0.6595981
8062,15,0,0.261365
8063,15,1,0.60616916
8064,16,1,0.7423301
8065,10,0,0.5058864
8066,28,0,0.2564813
8067,6,0,0.34227502
8068,16,1,0.5331791
8069,9,0,0.23835266
8070,0,0,0.39523372
8071,23,1,0.7287727
8072,28,1,0.6480755
8073,22,1,0.4166777
8074,6,1,0.19803558
8075,22,0,0.2821912
8076,12,1,0.5884379
8077,10,0,0.56148946
8078,13,0,0.27333266
8079,2,0,0.5556071
8080,4,0,0.74288934
8081,22,1,0.5874062
8082,2,1,0.9291166
8083,14,0,0.22769973
8084,13,0,0.25399563
8085,10,0,0.35238925
8086,14,0,0.5813474
8087,5,1,0.7644714
8088,27,1,0.77664334
8089,17,0,0.2604863
8090,26,0,0.22459455
8091,1,1,0.43517965
8092,7,1,0.54298794
8093,17,0,0.3336575
8094,2,0,0.5821365
8095,1,1,0.6311502
8096,5,0,0.6418573
8097,11,1,0.7095819
8098,20,1,0.35459366
8099,16,0,0.7676036
8100,11,0,0.37186137
8101,12,0,0.26524907
8102,13,0,0.52749676
8103,13,1,0.8248658
8104,2,0,0.31682184
8105,8,1,0.8249375
8106,25,1,0.57776004
8107,1,0,0.51008093
8108,23,0,0.7446473
8109,15,0,0.6163452
8110,10,1,0.86504674
8111,26,1,0.64876384
8112,16,1,0.50699073
8113,25,0,0.6868491
8114,25,1,0.90316576
8115,14,0,0.5405286
8116,7,1,0.4865626
8117,2,1,0.62352705
8118,21,1,0.66813797
8119,3,0,0.38973683
8120,20,1,0.7901629
8121,20,1,0.7135856
8122,10,1,0.44609976
8123,10,1,0.835745
8124,14,1,0.8221078
8125,10,0,0.42856574
8126,17,1,0.6468219
8127,13,1,0.63831335
8128,27,0,0.42304558
8129,20,0,0.26156622
8130,16,0,0.36130285
8131,18,0,0.1753194
8132,13,1,0.49766693
8133,7,0,0.6090429
8134,8,1,0.7706885
8135,14,1,0.4865642
8136,16,0,0.2534102
8137,6,1,0.85353684
8138,10,1,0.64362353
8139,18,1,0.80040985
8140,10,0,0.42654014
8141,13,0,0.47237685
8142,23,0,0.3615351
8143,6,1,0.57527477
8144,18,1,0.6362413
8145,25,1,0.33222222
8146,19,0,0.51617044
8147,19,0,0.32538438
8148,10,0,0.48823774
8149,8,0,0.29638425
8150,2,1,0.5387526
8151,5,1,0.8799249
8152,23,1,0.85472804
8153,20,0,0.2696769
8154,3,0,0.25200683
8155,15,1,0.32383788
8156,9,1,0.20508012
8157,11,1,0.61822987
8158,15,1,0.23888643
8159,1,0,0.2698845
8160,27,0,0.53251034
8161,24,1,0.8947717
8162,6,0,0.123846576
8163,16,0,0.36745057
8164,20,0,0.3496389
8165,22,0,0.7020558
8166,0,0,0.22684951
8167,5,0,0.5334294
8168,6,1,0.22355747
8169,12,1,0.9215168
8170,16,0,0.5088254
8171,2,1,0.8149253
8172,17,0,0.47664702
8173,12,0,0.24265796
8174,17,1,0.37336713
8175,15,1,0.6825819
8176,15,1,0.64514464
8177,3,0,0.57766515
8178,4,1,0.44808728
8179,11,1,0.58044994
8180,24,0,0.27588502
8181,28,1,0.3350508
8182,0,1,0.47823852
8183,24,0,0.16453847
8184,11,0,0.2691363
8185,4,0,0.11460223
8186,19,1,0.5191188
8187,8,1,0.44246265
8188,4,1,0.69462323
8189,16,1,0.63378394
8190,27,0,0.27993473
8191,1,1,0.6179643
8192,20,1,0.4793681
8193,26,0,0.5933202
8194,1,0,0.8817159
8195,20,1,0.88794327
8196,11,0,0.17934124
8197,1,1,0.43709278
8198,10,0,0.8651097
8199,27,1,0.51917195
8200,28,1,0.24780574
8201,20,1,0.51886684
8202,16,0,0.5755104
8203,9,0,0.3389283
8204,16,0,0.29148895
8205,25,1,0.4002012
8206,22,0,0.20055152
8207,2,0,0.33753577
8208,17,1,0.50719243
8209,10,0,0.22528113
8210,15,0,0.27729166
8211,27,1,0.32276833
8212,8,1,0.63848203
8213,24,1,0.7902348
8214,2,0,0.3065232
8215,26,1,0.32167655
8216,1,0,0.31870455
8217,23,1,0.8867002
8218,8,0,0.45798746
8219,28,1,0.4761544
8220,25,1,0.8051458
8221,0,0,0.29014456
8222,6,1,0.6113143
8223,14,1,0.33309337
8224,25,0,0.6753031
8225,3,1,0.52201676
8226,8,1,0.332758
8227,24,0,0.25525337
8228,9,1,0.69057864
8229,10,0,0.32270828
8230,3,1,0.627763
8231,14,1,0.4131676
8232,28,0,0.55290866
8233,13,1,0.32270655
8234,9,1,0.62046117
8235,2,1,0.29621202
8236,13,1,0.67718494
8237,16,0,0.22976905
8238,21,0,0.5773801
8239,14,0,0.66340995
8240,2,1,0.5727127
8241,18,0,0.32096997
8242,20,0,0.34904027
8243,23,0,0.5886089
8244,17,0,0.5389156
8245,13,1,0.8217663
8246,0,1,0.43534198
8247,9,1,0.27606288
8248,14,0,0.36587402
8249,28,0,0.47318187
8250,16,1,0.7800487
8251,22,1,0.8041363
8252,8,1,0.49338895
8253,13,0,0.30670765
8254,26,0,0.24185051
8255,12,1,0.91171366
8256,10,1,0.81616145
8257,21,0,0.29643628
8258,19,0,0.33330962
8259,26,0,0.28055376
8260,23,1,0.5048823
8261,23,1,0.27137184
8262,1,0,0.31343463
8263,2,1,0.62679267
8264,6,1,0.53691417
8265,19,0,0.5474732
8266,13,1,0.863285
8267,0,0,0.24952626
8268,15,1,0.8139003
8269,18,0,0.59533703
8270,25,0,0.43201563
8271,22,0,0.48005864
8272,17,0,0.603628
8273,22,1,0.2971163
8274,12,0,0.39336154
8275,7,1,0.8234033
8276,16,1,0.6135505
8277,0,1,0.8640322
8278,16,1,0.47898352
8279,11,0,0.29067042
8280,13,1,0.54335785
8281,2,0,0.34059197
8282,4,1,0.686107
8283,14,0,0.49488723
8284,7,1,0.71608907
8285,20,1,0.74188817
8286,10,1,0.5692438
8287,6,1,0.75751287
8288,25,1,0.40418512
8289,28,0,0.37256885
8290,25,1,0.4337352
8291,26,1,0.5316815
8292,17,1,0.5967684
8293,19,1,0.79847926
8294,1,0,0.37863046
8295,18,0,0.5062842
8296,13,0,0.17301193
8297,14,1,0.60290515
8298,10,0,0.68192637
8299,2,0,0.31365928
8300,2,1,0.6469651
8301,11,0,0.2618661
8302,5,1,0.864615
8303,9,1,0.42822987
8304,6,1,0.5924031
8305,9,1,0.38003525
8306,13,0,0.25780243
8307,17,0,0.47551706
8308,15,1,0.38542002
8309,9,1,0.4297572
8310,2,1,0.34590635
8311,3,0,0.46317476
8312,26,1,0.5594653
8313,7,1,0.9000397
8314,13,0,0.19449382
8315,22,1,0.7637516
8316,21,0,0.40961993
8317,17,1,0.6909485
8318,27,1,0.5433312
8319,22,1,0.8644816
8320,9,0,0.7745032
8321,9,1,0.65694755
8322,2,0,0.25098154
8323,14,0,0.25098786
8324,16,1,0.4309066
8325,7,1,0.8627941
8326,17,0,0.38398448
8327,15,0,0.49242422
8328,6,1,0.5690209
8329,10,0,0.3210176
8330,5,1,0.62077177
8331,2,0,0.50567937
8332,13,0,0.64646703
8333,9,1,0.56665695
8334,1,1,0.3637848
8335,13,0,0.58316535
8336,10,0,0.70343465
8337,1,0,0.80618733
8338,5,1,0.53757524
8339,10,0,0.6545097
8340,0,0,0.26644728
8341,26,0,0.6190352
8342,8,0,0.3268758
8343,25,1,0.39344504
8344,13,0,0.095873505
8345,15,0,0.6900584
8346,3,1,0.3500929
8347,2,1,0.85935146
8348,5,1,0.61824495
8349,17,1,0.17630409
8350,1,1,0.50584555
8351,12,0,0.33333364
8352,20,1,0.44978368
8353,20,1,0.48635498
8354,22,0,0.09754035
8355,8,1,0.4563701
8356,27,1,0.5392247
8357,19,1,0.38554662
8358,2,0,0.3783244
8359,13,1,0.44036162
8360,22,1,0.40920913
8361,6,1,0.5694305
8362,27,0,0.3843211
8363,23,0,0.36708212
8364,19,1,0.3935506
8365,8,1,0.3189392
8366,2,0,0.5205208
8367,26,0,0.47158396
8368,25,1,0.8884767
8369,11,1,0.4933221
8370,8,1,0.84658617
8371,16,0,0.6927533
8372,13,0,0.22341292
8373,10,0,0.51494336
8374,4,1,0.6786853
8375,2,0,0.51323175
8376,15,1,0.44356984
8377,13,0,0.46803468
8378,18,1,0.5082865
8379,6,1,0.62028426
8380,19,0,0.54894054
8381,8,1,0.8453776
8382,16,0,0.3364493
8383,9,1,0.5047141
8384,24,1,0.6651236
8385,11,0,0.5658208
8386,1,1,0.89295924
8387,13,0,0.31556913
8388,1,1,0.7859741
8389,22,0,0.19476102
8390,13,1,0.48292172
8391,6,0,0.3240982
8392,5,0,0.846895
8393,10,0,0.34518936
8394,20,1,0.46128547
8395,11,1,0.42092004
8396,25,0,0.2858416
8397,19,0,0.49019346
8398,17,1,0.48443118
8399,11,1,0.3560016
8400,3,1,0.5077017
8401,17,0,0.34271905
8402,1,0,0.5705399
8403,9,1,0.39257094
8404,4,0,0.40007976
8405,12,0,0.29934826
8406,16,0,0.4794321
8407,17,0,0.5351838
8408,16,1,0.56970316
8409,28,0,0.6695032
8410,28,1,0.5615762
8411,15,0,0.21200678
8412,26,0,0.3078119
8413,1,1,0.6331518
8414,2,0,0.31978235
8415,17,0,0.647633
8416,24,0,0.55055016
8417,8,1,0.81069356
8418,13,0,0.396684
8419,21,1,0.38260767
8420,15,0,0.348595
8421,11,1,0.6185613
8422,15,1,0.6429604
8423,24,1,0.8028032
8424,14,0,0.4293718
8425,8,1,0.4691154
8426,11,1,0.42476863
8427,6,0,0.30544913
8428,7,1,0.41650593
8429,27,0,0.36836758
8430,24,0,0.38818341
8431,13,0,0.63597983
8432,12,0,0.24323799
8433,13,0,0.6375785
8434,13,0,0.6040617
8435,26,0,0.39466894
8436,8,0,0.7049367
8437,18,0,0.4998443
8438,1,1,0.5743586
8439,26,1,0.823663
8440,27,1,0.38773105
8441,1,1,0.8938375
8442,26,0,0.61310023
8443,2,1,0.51211244
8444,2,1,0.6309919
8445,11,0,0.507417
8446,17,1,0.78902924
8447,25,0,0.32541546
8448,5,1,0.6190026
8449,18,1,0.76896805
8450,3,0,0.25052193
8451,7,0,0.24717118
8452,25,0,0.55551577
8453,18,1,0.88482976
8454,15,1,0.30069616
8455,20,1,0.38135558
8456,11,0,0.31358323
8457,2,0,0.5330946
8458,10,0,0.5922843
8459,16,0,0.762639
8460,23,1,0.5309909
8461,7,1,0.35110608
8462,28,0,0.64821166
8463,24,1,0.36747417
8464,11,0,0.53743726
8465,0,1,0.5392161
8466,7,1,0.68887866
8467,27,1,0.9047453
8468,11,1,0.5753048
8469,24,1,0.707071
8470,12,1,0.61609185
8471,6,1,0.606249
8472,10,1,0.53002113
8473,15,0,0.3121553
8474,18,1,0.6531296
8475,10,1,0.62766284
8476,2,1,0.6144434
8477,15,0,0.46852434
8478,24,0,0.28738245
8479,12,0,0.5196604
8480,28,0,0.28984845
8481,20,0,0.4699971
8482,25,1,0.50722295
8483,23,1,0.853575
8484,25,1,0.7025572
8485,28,0,0.50529486
8486,1,0,0.33297655
8487,12,0,0.24736668
8488,10,0,0.23011306
8489,16,1,0.51169443
8490,11,1,0.7967691
8491,11,1,0.5895263
8492,18,0,0.26187173
8493,18,0,0.21445432
8494,18,0,0.24822927
8495,27,1,0.5088177
8496,25,0,0.49141124
8497,14,0,0.30303338
8498,28,1,0.2588509
8499,3,1,0.6966458
8500,17,0,0.49596113
8501,8,1,0.5418893
8502,26,1,0.36032176
8503,17,0,0.37910315
8504,1,0,0.47204638
8505,1,0,0.7679063
8506,16,1,0.56068975
8507,0,0,0.28262004
8508,9,1,0.75407124
8509,16,1,0.5326378
8510,28,0,0.5602922
8511,2,0,0.39422143
8512,6,1,0.35877234
8513,10,0,0.26288456
8514,20,0,0.2847902
8515,5,1,0.87359256
8516,7,0,0.28277954
8517,9,1,0.81159854
8518,22,1,0.3170432
8519,27,1,0.33920306
8520,4,0,0.55735344
8521,14,1,0.5559229
8522,16,1,0.4743839
8523,25,1,0.44034696
8524,26,1,0.5917875
8525,13,0,0.58228964
8526,16,1,0.6966925
8527,15,1,0.33272788
8528,1,1,0.7357408
8529,26,1,0.9414657
8530,16,0,0.3066786
8531,21,0,0.6589726
8532,1,0,0.3782781
8533,26,1,0.47248062
8534,2,0,0.3007998
8535,19,0,0.38578412
8536,24,1,0.5548459
8537,10,1,0.75269026
8538,9,0,0.21913394
8539,3,0,0.68680733
8540,2,0,0.26757184
8541,11,0,0.3150739
8542,4,0,0.30203038
8543,2,1,0.68610483
8544,23,0,0.25369313
8545,2,0,0.48281625
8546,14,1,0.6114576
8547,23,1,0.89294535
8548,16,1,0.22495385
8549,25,0,0.6406448
8550,25,1,0.17901374
8551,2,0,0.34831348
8552,9,0,0.36069328
8553,10,0,0.2841029
8554,25,0,0.45620975
8555,22,0,0.55066514
8556,20,0,0.4759764
8557,1,1,0.45473754
8558,11,1,0.8035743
8559,15,1,0.6130571
8560,16,0,0.36303866
8561,13,1,0.7499555
8562,3,0,0.15649271
8563,17,0,0.30565295
8564,2,1,0.25571206
8565,9,0,0.23589411
8566,28,0,0.72527355
8567,3,0,0.590679
8568,7,1,0.64237845
8569,0,0,0.35940593
8570,25,1,0.7244085
8571,27,0,0.41835123
8572,8,1,0.66743284
8573,25,0,0.28097534
8574,8,1,0.566279
8575,27,1,0.58627695
8576,2,1,0.65271425
8577,8,1,0.57783246
8578,6,1,0.6369658
8579,13,1,0.7243994
8580,13,1,0.55778676
8581,26,1,0.68015057
8582,11,1,0.30874845
8583,21,0,0.7492618
8584,18,1,0.7977346
8585,15,1,0.36569571
8586,11,0,0.25911748
8587,18,0,0.660671
8588,12,0,0.37912327
8589,9,0,0.32457206
8590,27,1,0.5934721
8591,27,1,0.63035965
8592,21,1,0.6560047
8593,13,1,0.5492687
8594,21,1,0.84010047
8595,21,0,0.1999604
8596,17,1,0.83295864
8597,2,1,0.5624558
8598,8,0,0.40039927
8599,10,0,0.3255237
8600,7,1,0.715774
8601,1,0,0.28210282
8602,2,1,0.2961136
8603,7,0,0.42766753
8604,16,1,0.47280326
8605,8,1,0.72416735
8606,15,0,0.2055682
8607,3,0,0.4301518
8608,10,1,0.56025934
8609,16,1,0.42446446
8610,28,0,0.6699303
8611,25,1,0.255686
8612,8,1,0.6169443
8613,21,1,0.5393334
8614,22,1,0.7541043
8615,12,0,0.23306249
8616,5,0,0.5399327
8617,6,1,0.86272687
8618,25,1,0.60222214
8619,26,1,0.80677134
8620,13,0,0.66508096
8621,18,1,0.62255836
8622,16,0,0.2244528
8623,24,1,0.21846549
8624,13,1,0.31954852
8625,13,0,0.3542376
8626,6,0,0.28673697
8627,6,0,0.65650743
8628,3,0,0.5080849
8629,8,0,0.3087529
8630,16,0,0.23196998
8631,10,0,0.6811704
8632,13,1,0.4793028
8633,16,1,0.61316454
8634,11,0,0.5846882
8635,23,1,0.5999887
8636,22,1,0.26649657
8637,7,0,0.6347586
8638,15,1,0.5692327
8639,1,1,0.5091217
8640,13,0,0.71084756
8641,6,0,0.599226
8642,13,1,0.70726794
8643,16,0,0.7452264
8644,10,0,0.3630761
8645,22,1,0.6660338
8646,25,1,0.37815967
8647,10,1,0.22656585
8648,2,0,0.2904297
8649,13,1,0.7004198
8650,15,0,0.44274247
8651,2,1,0.6896321
8652,9,1,0.4378452
8653,8,1,0.90675145
8654,4,1,0.6427532
8655,16,1,0.43883857
8656,17,1,0.42429113
8657,11,1,0.83536696
8658,13,1,0.81138116
8659,2,0,0.25511706
8660,10,0,0.2934597
8661,18,1,0.7310653
8662,16,1,0.37341407
8663,23,1,0.65686435
8664,11,0,0.12812161
8665,18,1,0.37101847
8666,20,0,0.35318148
8667,25,1,0.43421733
8668,12,1,0.6529943
8669,14,1,0.51727104
8670,8,0,0.15632814
8671,27,1,0.5842709
8672,25,0,0.43606183
8673,7,1,0.8092038
8674,9,1,0.7808935
8675,12,1,0.7127589
8676,26,0,0.472066
8677,1,0,0.3478112
8678,14,1,0.56175745
8679,10,1,0.514284
8680,9,1,0.44164938
8681,12,0,0.39915168
8682,16,0,0.61860174
8683,8,0,0.4734701
8684,13,0,0.47899234
8685,25,0,0.38770756
8686,15,0,0.28956598
8687,17,0,0.5903324
8688,2,1,0.60444564
8689,19,0,0.73868954
8690,2,0,0.6706759
8691,23,0,0.23420393
8692,3,1,0.6378999
8693,25,1,0.64713824
8694,27,1,0.40740162
8695,21,1,0.5827438
8696,13,1,0.69685704
8697,10,1,0.73653734
8698,13,1,0.54611766
8699,28,1,0.8214431
8700,13,0,0.4894168
8701,8,1,0.6210998
8702,14,1,0.3003148
8703,5,1,0.43096584
8704,20,1,0.20325223
8705,0,0,0.41198355
8706,27,1,0.7567788
8707,26,1,0.774771
8708,7,1,0.4296503
8709,24,1,0.5721055
8710,11,1,0.45506954
8711,17,1,0.7124617
8712,0,1,0.5240532
8713,7,0,0.5251061
8714,2,1,0.32478586
8715,3,0,0.61677533
8716,15,0,0.2961841
8717,8,0,0.49100807
8718,6,0,0.7839014
8719,22,0,0.39385378
8720,3,1,0.45527157
8721,6,1,0.34737608
8722,6,1,0.6224548
8723,16,0,0.43554702
8724,10,1,0.69620687
8725,2,1,0.3312864
8726,15,0,0.57703406
8727,8,0,0.6815766
8728,17,0,0.4083527
8729,9,0,0.3000273
8730,17,0,0.25643316
8731,24,0,0.4801813
8732,28,1,0.7717555
8733,9,1,0.7264849
8734,15,0,0.30053037
8735,28,0,0.61327225
8736,4,1,0.51683676
8737,11,1,0.30209598
8738,26,0,0.38442695
8739,20,1,0.69734865
8740,19,0,0.7389788
8741,10,1,0.9677413
8742,7,0,0.63945854
8743,2,0,0.2903277
8744,25,1,0.7276482
8745,0,0,0.5703148
8746,15,0,0.58948404
8747,9,1,0.81416124
8748,15,1,0.83038557
8749,24,0,0.30221397
8750,9,0,0.20222518
8751,8,0,0.49245036
8752,12,1,0.3947196
8753,1,0,0.42125672
8754,6,0,0.3758385
8755,8,1,0.73769766
8756,27,1,0.7095817
8757,28,0,0.5171293
8758,24,0,0.21428593
8759,6,1,0.46404037
8760,11,0,0.25430456
8761,2,1,0.8666761
8762,11,0,0.17706698
8763,2,0,0.672016
8764,9,1,0.5833258
8765,17,1,0.7940173
8766,15,0,0.35290766
8767,21,0,0.28278062
8768,28,0,0.28416008
8769,19,1,0.4823839
8770,4,0,0.27089405
8771,16,0,0.35160583
8772,26,1,0.6562954
8773,18,0,0.56269467
8774,26,1,0.47913504
8775,1,0,0.36653993
8776,2,0,0.47398117
8777,26,1,0.29023397
8778,9,0,0.31528386
8779,7,1,0.75316167
8780,7,1,0.64189863
8781,3,1,0.58506465
8782,8,1,0.7169811
8783,4,1,0.8527035
8784,8,0,0.5934436
8785,10,1,0.7664384
8786,13,1,0.7954258
8787,6,0,0.48331597
8788,17,1,0.5242319
8789,6,0,0.41237968
8790,14,1,0.320039
8791,8,1,0.34275115
8792,9,0,0.3948066
8793,10,0,0.5120937
8794,0,0,0.47169882
8795,9,1,0.23774636
8796,24,1,0.48842606
8797,23,0,0.2925848
8798,10,0,0.38565713
8799,1,1,0.43853134
8800,13,1,0.4132042
8801,7,0,0.3584745
8802,13,0,0.63540334
8803,10,1,0.6504388
8804,26,1,0.50649965
8805,8,1,0.50425154
8806,3,1,0.6264699
8807,0,1,0.46267384
8808,12,0,0.6158143
8809,6,0,0.37453952
8810,10,0,0.67889965
8811,13,1,0.41711566
8812,2,1,0.6268538
8813,20,1,0.47713804
8814,11,0,0.52352417
8815,27,1,0.37914675
8816,11,0,0.2514248
8817,1,0,0.28226334
8818,10,0,0.46057677
8819,16,0,0.37547174
8820,20,1,0.32940644
8821,28,1,0.70098037
8822,26,0,0.26106918
8823,16,0,0.6302936
8824,21,0,0.28907314
8825,2,1,0.48616567
8826,23,1,0.8816778
8827,28,1,0.7555344
8828,7,0,0.15863216
8829,18,1,0.446721
8830,4,1,0.5491133
8831,14,0,0.5903098
8832,12,1,0.5277957
8833,18,0,0.5704436
8834,27,0,0.71336305
8835,24,0,0.36431426
8836,5,1,0.64903677
8837,10,0,0.62075144
8838,22,1,0.29798296
8839,13,0,0.22337341
8840,12,1,0.44939527
8841,1,1,0.6993686
8842,26,1,0.75790185
8843,2,1,0.5088037
8844,11,0,0.4691635
8845,15,0,0.36822224
8846,7,0,0.31805488
8847,20,1,0.6611304
8848,12,1,0.49941024
8849,21,1,0.6850876
8850,8,0,0.31020838
8851,18,1,0.7229939
8852,23,1,0.46908438
8853,10,1,0.51936525
8854,16,0,0.4404239
8855,7,1,0.5262885
8856,2,0,0.30553004
8857,10,1,0.77379245
8858,10,1,0.75519574
8859,28,0,0.24198803
8860,5,1,0.3193312
8861,9,0,0.4742943
8862,23,0,0.8211459
8863,10,0,0.45472133
8864,8,1,0.42523935
8865,1,1,0.8939845
8866,28,0,0.2712205
8867,4,0,0.48503956
8868,20,1,0.40898427
8869,18,0,0.32686138
8870,16,1,0.66235924
8871,16,0,0.66018224
8872,8,1,0.53616333
8873,14,0,0.21376714
8874,8,0,0.5640538
8875,18,1,0.61976
8876,13,1,0.8184403
8877,10,0,0.24526094
8878,16,0,0.612491
8879,6,1,0.83384085
8880,0,1,0.212388
8881,25,1,0.5222658
8882,7,1,0.5473368
8883,27,1,0.75730956
8884,15,0,0.3551362
8885,14,1,0.37451965
8886,7,1,0.60661775
8887,28,1,0.87908083
8888,2,0,0.30090117
8889,10,1,0.35122642
8890,15,0,0.34716436
8891,18,0,0.29606733
8892,27,0,0.71166575
8893,6,0,0.33974907
8894,22,1,0.45704195
8895,15,0,0.25659436
8896,10,1,0.5359173
8897,15,1,0.4306818
8898,1,1,0.4153019
8899,15,0,0.3495621
8900,11,0,0.2652786
8901,2,0,0.5677742
8902,25,0,0.5404221
8903,25,0,0.28119034
8904,15,0,0.61452025
8905,22,0,0.23485386
8906,20,0,0.6812432
8907,11,1,0.6729648
8908,2,1,0.39012614
8909,6,1,0.30744073
8910,15,0,0.67985725
8911,13,1,0.34988588
8912,21,0,0.7323882
8913,12,0,0.27888948
8914,14,0,0.37008986
8915,9,0,0.80695075
8916,1,1,0.64302707
8917,18,0,0.41858408
8918,15,1,0.82785136
8919,13,1,0.3872772
8920,1,1,0.52934897
8921,12,1,0.58001584
8922,8,0,0.42924237
8923,16,1,0.25660965
8924,5,1,0.31122884
8925,7,1,0.61531526
8926,16,1,0.3155355
8927,22,1,0.3128958
8928,26,0,0.93153775
8929,10,1,0.75993776
8930,22,1,0.3564491
8931,25,0,0.33548543
8932,15,1,0.45093837
8933,11,0,0.26641962
8934,9,0,0.4618536
8935,15,0,0.4066266
8936,2,1,0.5286871
8937,11,1,0.48684895
8938,8,0,0.25572252
8939,16,1,0.70925844
8940,15,0,0.23137455
8941,22,0,0.2596487
8942,13,1,0.16013099
8943,10,1,0.29055426
8944,17,0,0.32402936
8945,25,0,0.30593267
8946,23,0,0.2829372
8947,7,0,0.35072124
8948,11,0,0.55457795
8949,0,1,0.66112304
8950,17,0,0.25620547
8951,7,0,0.22755432
8952,15,0,0.7335532
8953,20,0,0.44759506
8954,25,0,0.46614328
8955,0,0,0.37610626
8956,22,1,0.49659666
8957,16,1,0.73300606
8958,16,0,0.5680212
8959,11,0,0.22878084
8960,13,1,0.37973902
8961,12,1,0.76928073
8962,2,1,0.25765136
8963,3,0,0.18829393
8964,16,0,0.31531027
8965,10,1,0.47811478
8966,20,0,0.31962898
8967,10,1,0.19233458
8968,11,1,0.38719374
8969,3,1,0.6839043
8970,5,0,0.32913148
8971,2,0,0.48200938
8972,2,1,0.49532348
8973,4,0,0.61104214
8974,9,1,0.7718948
8975,18,0,0.4395478
8976,23,0,0.28308132
8977,22,0,0.3543088
8978,15,1,0.45961127
8979,6,1,0.4940461
8980,7,1,0.47194737
8981,1,0,0.6064903
8982,17,0,0.77778494
8983,13,1,0.84998626
8984,1,1,0.79959744
8985,15,0,0.7020754
8986,0,0,0.2689268
8987,18,1,0.39080328
8988,22,1,0.30633327
8989,15,0,0.27972454
8990,27,1,0.24137223
8991,21,0,0.67610335
8992,26,0,0.48566395
8993,17,1,0.3697269
8994,3,0,0.60025
8995,13,0,0.4198541
8996,11,1,0.2617323
8997,20,1,0.6432091
8998,19,1,0.6246497
8999,15,1,0.5219021
9000,7,0,0.14947303
9001,20,0,0.56506604
9002,2,0,0.2949938
9003,16,0,0.7539369
9004,6,1,0.711246
9005,20,0,0.27878112
9006,16,0,0.4430666
9007,19,0,0.21089244
9008,7,1,0.21780168
9009,28,1,0.42186752
9010,4,0,0.42589012
9011,18,1,0.42085093
9012,6,0,0.6114381
9013,28,1,0.5746723
9014,8,0,0.58765954
9015,5,1,0.7295925
9016,23,1,0.4278532
9017,25,0,0.5975064
9018,22,0,0.36345443
9019,16,0,0.2269967
9020,18,1,0.5654151
9021,20,1,0.5918442
9022,20,1,0.57878464
9023,9,0,0.24500526
9024,14,0,0.6376502
9025,20,1,0.23619135
9026,11,0,0.28698927
9027,28,1,0.61752677
9028,20,1,0.70589006
9029,16,0,0.47922033
9030,4,0,0.58594984
9031,16,1,0.41731942
9032,7,0,0.6680098
9033,9,0,0.20717593
9034,2,1,0.538039
9035,25,0,0.24053074
9036,17,1,0.77405435
9037,8,1,0.6252389
9038,7,0,0.33905655
9039,11,1,0.55273074
9040,25,1,0.7727316
9041,23,0,0.3243585
9042,4,1,0.49669504
9043,17,1,0.6943327
9044,26,0,0.54501146
9045,19,0,0.55059594
9046,11,0,0.61439824
9047,10,0,0.37893143
9048,3,0,0.49670252
9049,2,1,0.6927104
9050,16,1,0.44111824
9051,6,1,0.55513346
9052,16,1,0.46334636
9053,3,1,0.5433431
9054,26,0,0.23213698
9055,25,0,0.42883748
9056,14,1,0.77556527
9057,15,0,0.64808553
9058,25,1,0.4508171
9059,16,0,0.20881446
9060,18,0,0.23127131
9061,26,0,0.5084109
9062,21,0,0.39644185
9063,6,0,0.25359395
9064,8,1,0.90189993
9065,15,1,0.90239054
9066,11,1,0.22352193
9067,10,1,0.33712235
9068,11,1,0.63705665
9069,16,1,0.2946114
9070,25,0,0.5420241
9071,20,1,0.2761656
9072,16,0,0.27754104
9073,2,0,0.47175464
9074,21,0,0.6609219
9075,2,0,0.5312768
9076,26,1,0.8295936
9077,17,1,0.6488544
9078,15,0,0.32924834
9079,10,1,0.7666366
9080,27,0,0.25833648
9081,26,1,0.54254746
9082,11,0,0.44336465
9083,22,1,0.5722241
9084,2,0,0.57944566
9085,16,1,0.3336775
9086,13,0,0.34283286
9087,19,1,0.6407133
9088,21,0,0.28592265
9089,8,0,0.4974036
9090,10,0,0.6690603
9091,12,0,0.45832652
9092,16,0,0.35297984
9093,21,1,0.53135526
9094,26,1,0.5065026
9095,7,0,0.32080275
9096,17,0,0.28599575
9097,14,1,0.42294523
9098,4,1,0.4691154
9099,12,1,0.71196514
9100,17,1,0.4839554
9101,21,0,0.5694392
9102,22,1,0.5457217
9103,2,0,0.29074514
9104,25,1,0.5181417
9105,14,0,0.62780184
9106,11,0,0.26305512
9107,8,0,0.5252355
9108,13,1,0.3982793
9109,24,1,0.42124492
9110,7,0,0.46988478
9111,16,0,0.39470232
9112,11,1,0.737752
9113,13,0,0.32224286
9114,9,0,0.3478404
9115,26,1,0.8507579
9116,28,1,0.7032077
9117,8,0,0.7342179
9118,21,0,0.6572924
9119,1,0,0.8650437
9120,2,1,0.4175057
9121,19,1,0.7094021
9122,15,0,0.22863911
9123,8,0,0.35543317
9124,16,1,0.5552491
9125,6,1,0.6801082
9126,8,1,0.8323289
9127,17,0,0.1970056
9128,17,0,0.30601817
9129,17,0,0.37122458
9130,16,1,0.57517076
9131,18,0,0.7508698
9132,16,0,0.46528807
9133,8,1,0.49478963
9134,0,0,0.4622382
9135,0,1,0.63665545
9136,23,0,0.49885702
9137,1,0,0.7991546
9138,10,0,0.54325277
9139,13,1,0.5661631
9140,26,1,0.6665465
9141,14,1,0.38943353
9142,1,0,0.6074448
9143,2,0,0.340449
9144,11,1,0.8539694
9145,20,1,0.85869193
9146,5,0,0.6170718
9147,9,1,0.8878665
9148,27,1,0.60362154
9149,2,1,0.56491005
9150,27,0,0.48135886
9151,16,1,0.57374156
9152,16,1,0.4416811
9153,11,1,0.88067275
9154,5,1,0.71313155
9155,26,1,0.74698114
9156,22,0,0.27589208
9157,3,1,0.57949716
9158,27,1,0.90750897
9159,5,0,0.8266738
9160,10,1,0.665993
9161,26,0,0.3433402
9162,13,1,0.67251396
9163,17,1,0.4370335
9164,4,0,0.6452628
9165,21,1,0.31343123
9166,10,0,0.21832506
9167,28,0,0.22397353
9168,6,0,0.6479814
9169,4,1,0.63442427
9170,8,1,0.6625584
9171,24,0,0.3954258
9172,6,0,0.18257205
9173,18,1,0.3917365
9174,8,1,0.59567493
9175,3,0,0.26203024
9176,4,0,0.26207605
9177,23,1,0.59902877
9178,13,0,0.6205444
9179,8,1,0.47995898
9180,20,0,0.285456
9181,8,1,0.78615344
9182,8,0,0.75803787
9183,13,0,0.36875188
9184,8,1,0.68070596
9185,18,0,0.19866677
9186,19,0,0.19394867
9187,25,1,0.9377472
9188,25,1,0.46892282
9189,26,0,0.611074
9190,26,0,0.2692443
9191,15,1,0.4737972
9192,14,0,0.5156006
9193,12,1,0.2728456
9194,13,1,0.4258902
9195,16,1,0.8126519
9196,10,0,0.37217194
9197,16,0,0.6468834
9198,2,1,0.8184518
9199,1,0,0.39678532
9200,25,1,0.69049746
9201,25,0,0.26439777
9202,18,0,0.19355573
9203,28,0,0.48543063
9204,17,1,0.2954954
9205,15,1,0.3671574
9206,16,1,0.59447205
9207,15,0,0.34543157
9208,11,1,0.6123099
9209,21,1,0.60055554
9210,0,1,0.8198233
9211,2,0,0.29491884
9212,28,1,0.7120249
9213,16,1,0.48866692
9214,1,0,0.33579752
9215,15,0,0.28159627
9216,25,0,0.55046374
9217,12,0,0.33161888
9218,6,1,0.6066106
9219,11,0,0.2977424
9220,5,0,0.7607253
9221,18,0,0.6581358
9222,10,0,0.45440948
9223,23,0,0.5679168
9224,20,1,0.8024332
9225,9,1,0.8254696
9226,10,1,0.3167954
9227,26,0,0.22389731
9228,5,1,0.9042375
9229,13,0,0.30519134
9230,11,0,0.31416413
9231,1,0,0.46385932
9232,4,0,0.42365488
9233,9,1,0.34719548
9234,2,0,0.2701311
9235,2,1,0.3782399
9236,13,1,0.7452711
9237,2,0,0.23362832
9238,7,1,0.5517909
9239,13,0,0.508371
9240,3,0,0.26942775
9241,10,0,0.10150091
9242,18,1,0.46646333
9243,1,1,0.42365336
9244,15,1,0.50730115
9245,10,0,0.51386374
9246,15,0,0.2693791
9247,11,1,0.7816819
9248,7,1,0.091016926
9249,4,0,0.32432848
9250,19,1,0.5722296
9251,28,1,0.4689644
9252,20,1,0.70817983
9253,14,0,0.63504404
9254,15,1,0.48526537
9255,16,0,0.13363007
9256,2,0,0.38131315
9257,25,1,0.7152972
9258,5,0,0.3249614
9259,16,1,0.5966908
9260,13,1,0.7280677
9261,25,1,0.6810346
9262,27,1,0.24731974
9263,27,0,0.46717212
9264,26,0,0.56217694
9265,13,1,0.52422
9266,11,1,0.49601483
9267,2,0,0.4560006
9268,25,1,0.6439839
9269,3,1,0.8791044
9270,12,1,0.7167704
9271,4,0,0.54908806
9272,3,1,0.33378062
9273,23,0,0.22494656
9274,2,0,0.2041917
9275,13,1,0.5174738
9276,21,0,0.6283382
9277,13,1,0.8850997
9278,25,1,0.4162338
9279,8,1,0.49158183
9280,15,0,0.59909827
9281,21,1,0.660582
9282,13,1,0.48576996
9283,10,0,0.2882291
9284,15,0,0.35919112
9285,21,0,0.43128687
9286,6,1,0.59436584
9287,6,1,0.59455824
9288,7,0,0.6459668
9289,16,1,0.3408262
9290,0,0,0.4400948
9291,7,0,0.66716546
9292,27,1,0.2741403
9293,24,1,0.61957014
9294,26,0,0.29024747
9295,15,1,0.4214112
9296,13,1,0.5482208
9297,6,0,0.47321883
9298,21,1,0.4815231
9299,3,1,0.26716703
9300,20,0,0.5398927
9301,12,0,0.23276457
9302,8,0,0.570169
9303,25,1,0.58699
9304,5,0,0.24961723
9305,2,1,0.35859466
9306,24,0,0.30759838
9307,2,1,0.5570502
9308,23,0,0.34230754
9309,10,0,0.3404494
9310,27,0,0.30301392
9311,17,0,0.4586417
9312,8,1,0.60291356
9313,3,0,0.48645595
9314,6,1,0.6211741
9315,5,0,0.78150594
9316,25,1,0.59603715
9317,14,1,0.32628122
9318,1,1,0.3552399
9319,26,1,0.32644084
9320,16,1,0.6739653
9321,13,1,0.5780423
9322,6,1,0.3624693
9323,15,0,0.5527145
9324,3,1,0.40166584
9325,27,0,0.34136346
9326,13,0,0.21922734
9327,15,1,0.68376756
9328,28,1,0.51283807
9329,15,1,0.73724765
9330,17,0,0.14330135
9331,2,1,0.6035855
9332,13,0,0.34083512
9333,14,1,0.741366
9334,2,1,0.75965464
9335,16,0,0.2548671
9336,9,1,0.5448326
9337,0,1,0.7382253
9338,4,1,0.5151647
9339,16,1,0.7279909
9340,1,0,0.25290608
9341,21,0,0.34932902
9342,7,1,0.57659686
9343,15,0,0.2772791
9344,22,1,0.81733364
9345,24,0,0.33932048
9346,17,0,0.422293
9347,1,0,0.6590816
9348,12,0,0.5088017
9349,6,0,0.4635699
9350,4,1,0.58595985
9351,25,0,0.7253271
9352,28,0,0.20257151
9353,13,0,0.47254714
9354,2,1,0.5280134
9355,15,1,0.52282256
9356,20,0,0.4791277
9357,3,0,0.2981591
9358,25,0,0.5873759
9359,17,1,0.39168853
9360,16,0,0.44945124
9361,23,1,0.5664928
9362,17,1,0.2823567
9363,16,1,0.29622802
9364,6,0,0.47037005
9365,4,1,0.7360489
9366,25,0,0.34120485
9367,1,1,0.5432372
9368,6,1,0.55187446
9369,8,1,0.7191205
9370,22,0,0.7030407
9371,5,1,0.67415905
9372,18,1,0.36721358
9373,25,1,0.6643848
9374,26,0,0.6175261
9375,11,0,0.5962192
9376,6,0,0.3197973
9377,25,0,0.62396556
9378,11,1,0.7634198
9379,10,1,0.34322548
9380,18,1,0.7187896
9381,25,1,0.5701648
9382,1,0,0.5919433
9383,8,0,0.42097387
9384,1,0,0.28412023
9385,10,0,0.7790917
9386,7,1,0.5933172
9387,15,0,0.15512331
9388,16,0,0.3506244
9389,18,1,0.39773506
9390,1,0,0.5690925
9391,8,0,0.4197521
9392,25,1,0.6498017
9393,12,1,0.7621125
9394,12,0,0.43139398
9395,10,1,0.5922645
9396,16,1,0.8734089
9397,12,1,0.842945
9398,9,1,0.5285327
9399,13,1,0.61951214
9400,2,0,0.23616895
9401,17,1,0.68121606
9402,4,1,0.46564057
9403,27,1,0.291425
9404,16,1,0.35239324
9405,11,1,0.6123974
9406,16,1,0.37476856
9407,20,0,0.69673216
9408,21,1,0.69465095
9409,22,1,0.87003744
9410,15,1,0.52805984
9411,18,0,0.23769459
9412,13,0,0.24099833
9413,21,0,0.34757513
9414,25,0,0.42478284
9415,8,1,0.7835966
9416,17,1,0.34139755
9417,17,1,0.5129453
9418,8,1,0.39119235
9419,26,1,0.575229
9420,13,1,0.7630458
9421,7,1,0.41995695
9422,26,1,0.602205
9423,16,1,0.7814554
9424,14,1,0.64887357
9425,28,0,0.2509619
9426,22,0,0.36441213
9427,28,0,0.53177565
9428,11,0,0.33910236
9429,25,1,0.5167791
9430,2,1,0.32509753
9431,15,0,0.5902315
9432,15,1,0.8468382
9433,18,1,0.49809483
9434,2,1,0.7882526
9435,25,0,0.29492602
9436,9,0,0.40169412
9437,17,1,0.8285644
9438,12,1,0.30383885
9439,19,1,0.4866754
9440,2,0,0.0678758
9441,19,1,0.8300902
9442,7,0,0.45704153
9443,9,1,0.42089665
9444,19,0,0.51875085
9445,6,0,0.69903857
9446,13,1,0.46242115
9447,1,0,0.32122877
9448,18,1,0.5203547
9449,15,1,0.6378893
9450,13,0,0.82808656
9451,26,1,0.48831698
9452,9,0,0.33708417
9453,12,1,0.72231585
9454,8,1,0.6179173
9455,13,1,0.51128346
9456,1,0,0.17344604
9457,16,0,0.55179
9458,3,1,0.70772403
9459,24,0,0.32763442
9460,17,0,0.56331354
9461,13,0,0.59803855
9462,15,0,0.40548393
9463,26,0,0.5249714
9464,24,0,0.28185207
9465,16,0,0.36548898
9466,7,0,0.15594251
9467,8,1,0.5271616
9468,2,1,0.8185526
9469,10,0,0.61352164
9470,25,0,0.33232063
9471,11,1,0.8440407
9472,24,1,0.5776812
9473,16,0,0.57148457
9474,10,1,0.68685544
9475,8,1,0.25997534
9476,28,0,0.84216
9477,27,0,0.41845298
9478,26,0,0.3073521
9479,10,1,0.86193115
9480,7,1,0.84128827
9481,2,0,0.21505687
9482,27,0,0.4472061
9483,6,1,0.55825853
9484,12,0,0.12547381
9485,27,0,0.48582926
9486,0,0,0.35592246
9487,23,0,0.32815918
9488,2,1,0.25047722
9489,12,1,0.7198241
9490,20,0,0.4132114
9491,21,0,0.29483977
9492,16,0,0.30157748
9493,26,1,0.57948714
9494,11,0,0.42739934
9495,1,0,0.5877359
9496,12,1,0.33300295
9497,13,0,0.25823173
9498,17,1,0.4646642
9499,18,1,0.8014444
9500,4,1,0.50574046
9501,26,0,0.3254928
9502,9,0,0.6464682
9503,18,1,0.85982966
9504,12,0,0.41871303
9505,17,1,0.6091192
9506,13,0,0.31823575
9507,8,0,0.6345658
9508,4,1,0.44661254
9509,19,1,0.6617704
9510,20,1,0.8933253
9511,24,0,0.5879357
9512,2,0,0.6818623
9513,19,1,0.60827655
9514,16,0,0.48989475
9515,20,1,0.5478287
9516,8,1,0.5234107
9517,11,1,0.43999404
9518,13,0,0.37751397
9519,10,0,0.43477112
9520,13,1,0.58654773
9521,28,0,0.7781815
9522,2,0,0.67509544
9523,25,1,0.9449973
9524,13,1,0.37620896
9525,25,0,0.5173452
9526,17,0,0.38479218
9527,10,1,0.3172363
9528,27,0,0.33478788
9529,21,1,0.7630335
9530,20,0,0.6862137
9531,25,1,0.40808606
9532,2,0,0.23363337
9533,2,1,0.8519891
9534,3,1,0.4667263
9535,16,1,0.4610839
9536,3,1,0.59563184
9537,22,1,0.4244499
9538,19,0,0.2467081
9539,16,0,0.6157491
9540,23,1,0.45879024
9541,8,0,0.30935177
9542,16,1,0.63563514
9543,18,0,0.4420927
9544,27,0,0.31985328
9545,15,0,0.38223535
9546,3,0,0.61010754
9547,12,1,0.44464272
9548,15,1,0.56614465
9549,3,1,0.28714794
9550,10,1,0.63542753
9551,23,0,0.6037176
9552,6,0,0.4172298
9553,1,0,0.28488702
9554,16,1,0.3234918
9555,23,1,0.8025306
9556,22,1,0.58542645
9557,25,1,0.21683832
9558,8,1,0.29255462
9559,1,0,0.37412018
9560,20,1,0.8708922
9561,20,1,0.35318202
9562,21,0,0.37972477
9563,2,1,0.29897875
9564,17,1,0.359909
9565,3,0,0.41844526
9566,3,0,0.486684
9567,13,0,0.6087505
9568,16,1,0.72345054
9569,25,0,0.4941208
9570,11,1,0.78600866
9571,15,1,0.57843184
9572,28,0,0.3093379
9573,22,1,0.59357625
9574,10,1,0.8620148
9575,0,0,0.45223352
9576,5,1,0.67110467
9577,28,0,0.45928124
9578,10,0,0.30074
9579,26,0,0.39834088
9580,15,0,0.28463072
9581,12,1,0.70606613
9582,28,0,0.6115869
9583,10,0,0.37707466
9584,0,1,0.6714431
9585,7,1,0.5294707
9586,13,0,0.21907899
9587,15,0,0.4284338
9588,15,0,0.5301506
9589,15,1,0.8173821
9590,16,1,0.49727926
9591,25,1,0.5701154
9592,8,0,0.44945538
9593,26,0,0.25069326
9594,18,1,0.25875413
9595,18,0,0.23707144
9596,25,0,0.6585054
9597,15,0,0.27875096
9598,10,0,0.31304875
9599,2,1,0.3392802
9600,8,0,0.37998447
9601,12,0,0.4431712
9602,4,1,0.62532544
9603,16,1,0.9190524
9604,13,1,0.5843409
9605,26,0,0.23539971
9606,24,1,0.20740011
9607,3,1,0.24296175
9608,6,1,0.29477108
9609,25,1,0.6541524
9610,19,1,0.61789864
9611,23,1,0.8879752
9612,13,0,0.566793
9613,13,1,0.3012241
9614,13,0,0.36888626
9615,13,1,0.36672702
9616,22,1,0.19332303
9617,27,1,0.6628448
9618,14,0,0.56427926
9619,14,0,0.31119198
9620,9,1,0.6933197
9621,25,0,0.6949632
9622,19,1,0.27205008
9623,22,0,0.22995429
9624,17,0,0.77734125
9625,14,0,0.6141552
9626,2,1,0.4964014
9627,26,0,0.3271156
9628,24,1,0.73541445
9629,17,1,0.21019086
9630,26,0,0.63072556
9631,3,0,0.5519385
9632,3,1,0.47796965
9633,3,0,0.33158687
9634,2,1,0.67339754
9635,12,1,0.4902308
9636,11,1,0.5956943
9637,14,1,0.76800525
9638,1,1,0.46678197
9639,28,1,0.2812641
9640,26,0,0.44912657
9641,15,1,0.57605386
9642,9,1,0.5323394
9643,11,1,0.41237843
9644,15,1,0.44193637
9645,10,0,0.24997908
9646,22,0,0.2954633
9647,5,0,0.29666772
9648,5,1,0.53173333
9649,6,1,0.8022877
9650,25,1,0.6223393
9651,22,1,0.6347759
9652,25,0,0.3194547
9653,19,0,0.3066098
9654,16,1,0.35722703
9655,2,1,0.45752823
9656,21,1,0.67356986
9657,8,0,0.37109366
9658,25,0,0.3508955
9659,10,0,0.7002546
9660,25,0,0.5410974
9661,19,1,0.49685943
9662,1,0,0.49271476
9663,2,0,0.24456105
9664,6,1,0.29073676
9665,15,0,0.3935074
9666,24,1,0.49566603
9667,26,0,0.1113811
9668,0,0,0.53843933
9669,27,0,0.5608036
9670,13,0,0.5144639
9671,16,1,0.8715917
9672,26,1,0.8570101
9673,13,0,0.63516396
9674,15,0,0.33058536
9675,4,0,0.48069155
9676,10,1,0.6041337
9677,18,1,0.5477675
9678,17,1,0.29156187
9679,1,0,0.3878561
9680,16,1,0.61367947
9681,11,0,0.52156085
9682,16,0,0.249785
9683,22,0,0.864039
9684,24,0,0.5229046
9685,6,0,0.3525514
9686,16,1,0.65081143
9687,16,1,0.5472238
9688,10,1,0.3901109
9689,16,1,0.583208
9690,26,1,0.699628
9691,8,1,0.538232
9692,2,1,0.6535709
9693,8,0,0.29045874
9694,5,1,0.7382303
9695,16,1,0.39396578
9696,20,1,0.7184629
9697,6,1,0.86335665
9698,10,0,0.4451203
9699,17,0,0.70344245
9700,24,0,0.3676302
9701,12,1,0.5445381
9702,13,1,0.58079064
9703,15,0,0.42356327
9704,25,1,0.640669
9705,8,1,0.72392124
9706,15,1,0.6601151
9707,17,0,0.2924611
9708,25,0,0.46547282
9709,16,1,0.6259322
9710,17,1,0.3170537
9711,10,0,0.3265239
9712,12,1,0.5653946
9713,22,0,0.77075255
9714,13,0,0.59115154
9715,9,1,0.6065248
9716,4,1,0.47747976
9717,9,0,0.62629217
9718,16,0,0.34971154
9719,28,1,0.48442185
9720,8,0,0.36836156
9721,2,0,0.5711892
9722,21,0,0.4534471
9723,20,1,0.34112674
9724,20,0,0.25857785
9725,4,1,0.68084455
9726,22,1,0.4678456
9727,0,1,0.7065311
9728,8,1,0.4754084
9729,12,1,0.20145959
9730,13,0,0.3711594
9731,20,0,0.46020937
9732,6,1,0.68017256
9733,12,1,0.5875206
9734,7,1,0.5293378
9735,11,0,0.24893034
9736,10,1,0.62710404
9737,16,1,0.63124204
9738,13,1,0.45945892
9739,27,0,0.36494312
9740,16,1,0.5587572
9741,16,1,0.2768315
9742,7,1,0.5779685
9743,19,0,0.53652596
9744,13,1,0.3824439
9745,3,1,0.7633059
9746,8,1,0.6194489
9747,22,1,0.58713216
9748,17,0,0.57205117
9749,7,1,0.7303226
9750,17,1,0.728252
9751,24,0,0.66438013
9752,8,0,0.42637458
9753,11,0,0.46820986
9754,1,0,0.58748144
9755,25,1,0.5095872
9756,8,0,0.44489145
9757,20,0,0.42324734
9758,13,1,0.50117713
9759,15,0,0.24991515
9760,8,0,0.37415
9761,8,1,0.61329424
9762,18,1,0.62606245
9763,7,0,0.54362774
9764,23,0,0.47941598
9765,11,0,0.6260712
9766,1,1,0.79390407
9767,4,0,0.19304699
9768,13,1,0.80595523
9769,16,1,0.466523
9770,0,1,0.59936714
9771,23,0,0.44486994
9772,25,1,0.4874886
9773,1,1,0.52520555
9774,25,0,0.44584677
9775,27,0,0.4689091
9776,8,1,0.68832445
9777,2,0,0.76476425
9778,13,1,0.8222078
9779,16,1,0.5322456
9780,15,0,0.6478104
9781,15,0,0.35108098
9782,15,0,0.31781945
9783,20,0,0.4656046
9784,7,1,0.33711258
9785,2,0,0.32617855
9786,15,0,0.121609196
9787,3,1,0.6221132
9788,27,0,0.5434931
9789,11,0,0.5622164
9790,27,1,0.5619292
9791,25,0,0.37912124
9792,22,0,0.39212602
9793,13,1,0.40216628
9794,26,0,0.501216
9795,28,1,0.5509785
9796,12,1,0.5791797
9797,20,0,0.3075861
9798,6,0,0.48146355
9799,1,0,0.6424297
9800,18,0,0.5708874
9801,12,0,0.6773936
9802,20,1,0.55361736
9803,3,0,0.569431
9804,20,1,0.65923995
9805,8,0,0.48195556
9806,1,0,0.56060296
9807,14,1,0.17408262
9808,26,0,0.3090697
9809,27,0,0.29468384
9810,25,1,0.83538175
9811,13,1,0.45512256
9812,7,0,0.17710295
9813,26,0,0.33293182
9814,3,0,0.5072236
9815,17,0,0.8511939
9816,13,0,0.43682832
9817,0,0,0.28610313
9818,16,1,0.8204346
9819,15,1,0.47859794
9820,2,1,0.37495175
9821,11,1,0.59361553
9822,9,0,0.5908502
9823,25,1,0.4973063
9824,15,1,0.85900056
9825,6,1,0.59607303
9826,28,0,0.42706072
9827,23,1,0.8895606
9828,15,1,0.47248694
9829,16,0,0.27325267
9830,10,1,0.63488716
9831,14,1,0.48177907
9832,6,1,0.25167346
9833,26,0,0.3564353
9834,17,1,0.22291483
9835,4,1,0.6024018
9836,18,1,0.86670256
9837,13,0,0.31741962
9838,13,0,0.31523967
9839,12,0,0.56030804
9840,16,1,0.5423208
9841,13,0,0.61336225
9842,9,1,0.8230139
9843,2,0,0.32881504
9844,24,0,0.34305584
9845,8,1,0.41338298
9846,16,0,0.6298216
9847,15,0,0.37241635
9848,18,1,0.82021165
9849,5,0,0.34485877
9850,27,0,0.85044116
9851,22,1,0.5312293
9852,11,0,0.2388712
9853,11,0,0.40545344
9854,20,0,0.38033575
9855,13,0,0.49104512
9856,27,0,0.543642
9857,13,0,0.24120714
9858,7,1,0.39961934
9859,13,1,0.5523379
9860,3,0,0.40628275
9861,22,0,0.281528
9862,8,0,0.3563542
9863,1,1,0.6511401
9864,1,0,0.29504815
9865,27,1,0.5501373
9866,26,1,0.33152333
9867,12,0,0.18526495
9868,22,0,0.25801456
9869,15,0,0.7023633
9870,16,0,0.4898225
9871,8,1,0.6376569
9872,27,1,0.7079639
9873,5,1,0.5906441
9874,2,0,0.82100654
9875,10,1,0.72428715
9876,20,0,0.4323796
9877,15,0,0.35793918
9878,25,0,0.27312395
9879,18,1,0.46644217
9880,18,1,0.662933
9881,4,0,0.16847217
9882,22,1,0.52278453
9883,15,1,0.32412243
9884,16,1,0.5462872
9885,25,0,0.30739298
9886,6,0,0.60434574
9887,3,0,0.4301772
9888,16,1,0.90439266
9889,17,0,0.48608133
9890,28,1,0.6019969
9891,12,0,0.3917656
9892,26,1,0.6230299
9893,5,0,0.24237607
9894,20,1,0.5756148
9895,11,0,0.4541697
9896,4,0,0.38810396
9897,9,0,0.59605175
9898,1,1,0.5939267
9899,17,1,0.32680535
9900,19,0,0.2842372
9901,8,0,0.31711757
9902,11,1,0.66276413
9903,23,1,0.33429304
9904,11,0,0.55393964
9905,21,0,0.79629457
9906,4,1,0.68836784
9907,25,1,0.330229
9908,18,1,0.30476177
9909,28,0,0.77454406
9910,24,1,0.6569487
9911,15,0,0.47731215
9912,25,1,0.81360596
9913,17,1,0.5410346
9914,23,0,0.55935454
9915,19,1,0.6881437
9916,20,0,0.3059698
9917,11,1,0.42893523
9918,0,1,0.4229734
9919,16,0,0.2507396
9920,20,1,0.8046271
9921,20,0,0.7932718
9922,10,1,0.46487638
9923,15,1,0.68890584
9924,22,0,0.3313356
9925,15,1,0.7596984
9926,14,1,0.39366716
9927,7,0,0.57448107
9928,26,1,0.79465044
9929,10,0,0.2227873
9930,26,1,0.6760166
9931,12,0,0.55194396
9932,15,1,0.54597163
9933,6,1,0.2923614
9934,18,0,0.42201343
9935,22,1,0.4892072
9936,22,0,0.18960096
9937,14,1,0.89198494
9938,13,0,0.46607095
9939,9,0,0.6123681
9940,8,1,0.9331399
9941,15,0,0.43141317
9942,2,0,0.3681801
9943,6,0,0.34348494
9944,3,0,0.41184974
9945,15,0,0.4044774
9946,13,0,0.45566314
9947,2,1,0.356528
9948,13,1,0.3660271
9949,0,0,0.37393966
9950,15,0,0.73532367
9951,1,0,0.55876017
9952,2,0,0.26312348
9953,10,0,0.2820333
9954,6,0,0.2678169
9955,14,0,0.26277372
9956,2,1,0.48876333
9957,23,0,0.28869325
9958,26,0,0.3106452
9959,8,1,0.23586403
9960,17,0,0.26183766
9961,22,0,0.32668737
9962,16,0,0.18646374
9963,13,1,0.81690824
9964,26,0,0.41122973
9965,15,1,0.36944953
9966,2,1,0.42718843
9967,9,0,0.39407787
9968,4,1,0.65945065
9969,11,1,0.71507424
9970,16,1,0.48704445
9971,16,1,0.6431968
9972,23,1,0.73317206
9973,17,0,0.45557785
9974,7,0,0.66235644
9975,4,0,0.40342996
9976,16,0,0.2560353
9977,17,0,0.31672537
9978,3,1,0.64452505
9979,2,0,0.26918614
9980,6,1,0.54516304
9981,1,0,0.5187074
9982,8,1,0.64006585
9983,27,0,0.36555123
9984,24,0,0.18136057
9985,23,1,0.69840556
9986,25,1,0.571373
9987,1,0,0.5268416
9988,13,1,0.5439789
9989,26,0,0.58069396
9990,27,1,0.34793144
9991,19,1,0.79765975
9992,8,1,0.87635905
9993,17,0,0.43045545
9994,9,0,0.61619437
9995,16,0,0.53478396
9996,6,1,0.8236561
9997,26,1,0.8346326
9998,26,1,0.63669294
9999,18,0,0.5057629
10000,16,1,0.15029733
10001,8,0,0.28980762
10002,24,1,0.5027186
10003,1,0,0.67248476
10004,12,1,0.2557636
10005,11,0,0.6106851
10006,14,1,0.43772632
10007,25,0,0.1867678
10008,24,1,0.64833677
10009,26,1,0.3534808
10010,0,1,0.5509643
10011,28,1,0.1863362
10012,28,1,0.58090615
10013,28,1,0.2696482
10014,9,1,0.24488528
10015,26,0,0.46749252
10016,22,0,0.28216034
10017,22,0,0.5629013
10018,26,1,0.555691
10019,22,0,0.5013822
10020,1,1,0.22449724
10021,7,0,0.2938041
10022,19,1,0.55148554
10023,15,0,0.52267283
10024,16,1,0.6364918
10025,11,0,0.50862795
10026,6,0,0.2845943
10027,23,0,0.5833114
10028,10,1,0.44481418
10029,20,0,0.79307663
10030,2,1,0.55796385
10031,27,1,0.20203975
10032,2,0,0.7710696
10033,11,1,0.5279496
10034,11,0,0.2699299
10035,18,0,0.50781035
10036,6,0,0.29852116
10037,2,1,0.4837567
10038,25,0,0.5105373
10039,26,1,0.33336893
10040,5,0,0.4221653
10041,26,1,0.4466816
10042,12,0,0.33438078
10043,5,1,0.620786
10044,28,1,0.70225424
10045,4,0,0.6773951
10046,7,0,0.22324485
10047,20,0,0.20969735
10048,18,0,0.34734592
10049,14,0,0.25456282
10050,21,0,0.35307497
10051,27,0,0.68038493
10052,20,1,0.5205586
10053,10,0,0.59779245
10054,12,1,0.6897753
10055,6,1,0.69844747
10056,8,0,0.3243305
10057,2,0,0.17483985
10058,8,0,0.33806673
10059,1,0,0.44928896
10060,2,1,0.4718443
10061,16,1,0.66028947
10062,27,0,0.38815492
10063,3,0,0.35038635
10064,17,1,0.6213442
10065,16,1,0.6939102
10066,3,0,0.73387825
10067,15,0,0.54382175
10068,25,0,0.37093365
10069,23,0,0.49182773
10070,20,0,0.49878517
10071,1,0,0.703221
10072,15,1,0.6925355
10073,10,0,0.43206227
10074,1,0,0.50786465
10075,13,1,0.6728907
10076,15,1,0.6183989
10077,2,1,0.50856155
10078,13,1,0.85818017
10079,17,1,0.8640852
10080,4,1,0.27057955
10081,9,0,0.44497415
10082,20,1,0.43927306
10083,16,1,0.31542513
10084,16,0,0.32309842
10085,0,0,0.5478223
10086,14,1,0.82574624
10087,6,0,0.3410969
10088,22,0,0.1885375
10089,8,1,0.28295633
10090,4,0,0.6656833
10091,25,1,0.87322575
10092,8,1,0.6060224
10093,10,0,0.26826128
10094,2,1,0.69356114
10095,16,1,0.45651618
10096,16,1,0.33874798
10097,8,1,0.5025097
10098,11,0,0.35126203
10099,2,1,0.63726133
10100,1,1,0.66909003
10101,11,0,0.36090174
10102,8,0,0.38830286
10103,7,1,0.6015792
10104,17,1,0.24469541
10105,22,1,0.72503346
10106,10,1,0.67209303
10107,23,0,0.22281517
10108,0,1,0.7015168
10109,8,1,0.80619895
10110,23,0,0.40314642
10111,28,0,0.4162495
10112,8,1,0.5802109
10113,22,1,0.43775
10114,11,0,0.27868918
10115,14,1,0.30076325
10116,27,1,0.6745185
10117,4,1,0.45329067
10118,28,0,0.6004489
10119,13,0,0.62643415
10120,9,1,0.59581697
10121,15,0,0.19883682
10122,16,0,0.5402072
10123,22,1,0.8538267
10124,0,1,0.72354376
10125,9,1,0.6733594
10126,1,0,0.46953273
10127,8,0,0.18674557
10128,28,1,0.37953353
10129,4,0,0.57373446
10130,17,0,0.47702876
10131,5,0,0.39153567
10132,22,0,0.4259519
10133,0,0,0.389668
10134,24,0,0.35858345
10135,6,1,0.6845546
10136,11,0,0.24209557
10137,15,0,0.3653948
10138,5,1,0.78282815
10139,7,1,0.5259287
10140,13,0,0.19339205
10141,23,0,0.10371305
10142,12,1,0.5889608
10143,14,1,0.3189891
10144,10,1,0.35416362
10145,17,1,0.46429
10146,25,0,0.28880668
10147,13,1,0.6686963
10148,17,1,0.5758306
10149,14,1,0.85281247
10150,27,1,0.45139486
10151,16,0,0.809519
10152,10,0,0.27788004
10153,15,1,0.5223082
10154,9,0,0.38159046
10155,15,1,0.58968794
10156,17,1,0.766414
10157,12,1,0.61709064
10158,20,0,0.1671766
10159,21,1,0.4868106
10160,26,1,0.5222846
10161,11,0,0.79174703
10162,8,1,0.6646011
10163,18,0,0.31212446
10164,28,1,0.60542333
10165,23,0,0.8769729
10166,27,1,0.87709254
10167,4,0,0.39459956
10168,8,0,0.37188786
10169,1,0,0.4689102
10170,25,0,0.28722256
10171,6,1,0.7525464
10172,0,1,0.7811632
10173,10,1,0.8685249
10174,3,0,0.28722692
10175,20,0,0.22033118
10176,2,0,0.54938996
10177,21,0,0.2089157
10178,0,1,0.25481102
10179,19,1,0.8179577
10180,3,0,0.63434833
10181,24,1,0.258896
10182,26,1,0.64667004
10183,13,1,0.54684716
10184,13,0,0.6404127
10185,6,1,0.4643991
10186,11,1,0.65634245
10187,7,0,0.18701848
10188,11,0,0.27123752
10189,4,0,0.6261363
10190,11,0,0.47685272
10191,15,1,0.7756513
10192,13,0,0.32373077
10193,13,0,0.4622477
10194,22,1,0.740737
10195,8,0,0.37559512
10196,4,0,0.2157266
10197,12,0,0.48080468
10198,1,1,0.83225626
10199,8,0,0.39788342
10200,5,1,0.68529284
10201,11,0,0.42912313
10202,27,0,0.43206137
10203,1,1,0.30200282
10204,14,1,0.3560493
10205,17,0,0.35897338
10206,17,0,0.20520334
10207,23,1,0.55714864
10208,1,0,0.4731395
10209,11,1,0.67144614
10210,20,0,0.22417153
10211,1,1,0.8861236
10212,20,1,0.75120765
10213,6,0,0.32219952
10214,15,0,0.4750187
10215,17,1,0.42509913
10216,9,0,0.5826454
10217,19,1,0.5671764
10218,1,0,0.7820767
10219,17,0,0.3491258
10220,2,0,0.42164847
10221,15,1,0.7235505
10222,6,0,0.21967721
10223,11,0,0.4099765
10224,4,1,0.68035287
10225,6,1,0.4367397
10226,21,0,0.21091573
10227,9,1,0.44273174
10228,11,0,0.43652403
10229,2,0,0.35945755
10230,2,1,0.26470903
10231,20,0,0.31022453
10232,23,1,0.6543851
10233,27,0,0.53001094
10234,23,1,0.6317214
10235,13,1,0.7434971
10236,1,0,0.4674523
10237,3,1,0.6252667
10238,22,1,0.45835397
10239,20,1,0.66081953
10240,26,1,0.83438796
10241,16,1,0.5741036
10242,18,1,0.2528035
10243,23,0,0.4993877
10244,2,1,0.77068734
10245,28,0,0.18676192
10246,12,1,0.8234573
10247,4,0,0.52275527
10248,18,1,0.79039097
10249,9,0,0.33038187
10250,16,1,0.49406132
10251,5,1,0.29712778
10252,2,1,0.72775555
10253,12,0,0.5610623
10254,27,0,0.554746
10255,25,0,0.1192151
10256,10,1,0.323095
10257,8,0,0.4333723
10258,11,1,0.24368975
10259,25,1,0.87779707
10260,21,1,0.84858406
10261,2,1,0.7829372
10262,11,1,0.48136693
10263,25,0,0.551155
10264,13,1,0.7711297
10265,9,0,0.6296061
10266,16,0,0.56505466
10267,19,0,0.37048513
10268,12,0,0.5320068
10269,26,0,0.25942686
10270,9,1,0.42509496
10271,16,1,0.5506221
10272,11,0,0.4538411
10273,2,1,0.6006406
10274,16,1,0.6479241
10275,14,0,0.4820449
10276,2,1,0.47988284
10277,14,1,0.55348605
10278,21,0,0.5471657
10279,15,1,0.8294528
10280,13,0,0.5002693
10281,6,0,0.45429376
10282,13,0,0.4721603
10283,22,0,0.31521088
10284,5,0,0.6395016
10285,10,0,0.26911214
10286,16,0,0.27442017
10287,4,1,0.35883674
10288,16,0,0.6044556
10289,6,1,0.805637
10290,13,1,0.4337626
10291,10,0,0.80872244
10292,13,1,0.7451394
10293,13,1,0.35186082
10294,2,1,0.7150062
10295,10,0,0.36203355
10296,26,1,0.5043529
10297,11,1,0.8627783
10298,16,1,0.3551861
10299,21,1,0.33992893
10300,0,0,0.33503753
10301,22,1,0.2467903
10302,8,0,0.25404933
10303,16,1,0.8508217
10304,12,0,0.72691274
10305,26,1,0.8074203
10306,7,1,0.35431322
10307,8,0,0.5348746
10308,4,1,0.8358624
10309,8,0,0.3687922
10310,3,1,0.73703647
10311,13,0,0.41338128
10312,8,0,0.6007989
10313,25,1,0.509955
10314,24,0,0.6202738
10315,22,0,0.4663204
10316,7,1,0.7634618
10317,23,1,0.68603164
10318,16,1,0.6513462
10319,13,1,0.8340489
10320,12,1,0.81221306
10321,26,0,0.4904202
10322,3,0,0.24791153
10323,27,1,0.62036735
10324,16,1,0.6154394
10325,21,1,0.5214688
10326,26,1,0.5136342
10327,10,0,0.604937
10328,8,0,0.23911062
10329,2,0,0.61325383
10330,12,1,0.5151105
10331,23,0,0.44975853
10332,15,0,0.5942243
10333,26,1,0.59370756
10334,7,0,0.44696763
10335,23,1,0.52491474
10336,13,0,0.64786655
10337,28,1,0.30399534
10338,28,0,0.30623657
10339,3,1,0.3096351
10340,2,0,0.33583587
10341,2,1,0.552623
10342,8,1,0.21998955
10343,2,0,0.67812073
10344,17,0,0.38723922
10345,7,1,0.2515523
10346,0,1,0.3130781
10347,27,1,0.63245153
10348,22,1,0.19963934
10349,22,1,0.5418151
10350,26,1,0.9261968
10351,27,1,0.32810792
10352,16,0,0.7344475
10353,22,1,0.60988754
10354,1,0,0.58599013
10355,7,1,0.6455917
10356,17,1,0.3566215
10357,11,0,0.3771081
10358,15,0,0.31328216
10359,25,0,0.4155971
10360,13,1,0.6394456
10361,10,0,0.3509733
10362,7,1,0.6880349
10363,23,0,0.4134429
10364,12,0,0.65266347
10365,25,0,0.48531178
10366,8,1,0.68678564
10367,0,0,0.6165139
10368,6,1,0.6916493
10369,3,1,0.76804096
10370,16,1,0.47766182
10371,0,0,0.17427707
10372,27,1,0.7590475
10373,2,0,0.7303048
10374,4,0,0.39093772
10375,12,0,0.3342797
10376,9,0,0.56620795
10377,13,1,0.8756529
10378,8,1,0.4702224
10379,10,0,0.2737356
10380,16,1,0.7425472
10381,7,0,0.3393322
10382,28,1,0.5235668
10383,11,1,0.8023387
10384,25,0,0.20848079
10385,25,1,0.7916878
10386,25,1,0.29456323
10387,15,1,0.47973862
10388,17,1,0.642567
10389,14,0,0.43641198
10390,26,1,0.7923178
10391,0,0,0.25438583
10392,16,0,0.48350307
10393,26,0,0.21880583
10394,10,0,0.35627508
10395,13,0,0.5516239
10396,7,1,0.5248497
10397,16,1,0.6035169
10398,22,0,0.54833823
10399,2,1,0.37554467
10400,18,0,0.31820953
10401,13,0,0.31987882
10402,8,1,0.6858746
10403,8,1,0.8529232
10404,1,1,0.16183868
10405,20,0,0.29169452
10406,23,0,0.80955
10407,28,1,0.363213
10408,23,1,0.8782462
10409,26,1,0.42511296
10410,28,0,0.33377787
10411,12,1,0.6248203
10412,10,0,0.7265243
10413,26,1,0.6315678
10414,25,1,0.53359514
10415,21,0,0.4090836
10416,7,1,0.8766552
10417,25,1,0.5552899
10418,2,0,0.34464657
10419,1,1,0.88886225
10420,8,0,0.3404299
10421,7,0,0.17691767
10422,6,1,0.50155866
10423,25,0,0.5086458
10424,26,0,0.5238921
10425,20,0,0.19891067
10426,2,0,0.6750592
10427,22,0,0.5019267
10428,26,1,0.74549335
10429,11,0,0.20180324
10430,28,0,0.34394646
10431,3,0,0.43406212
10432,27,0,0.4068359
10433,6,1,0.61022156
10434,26,1,0.57130474
10435,27,1,0.269631
10436,2,1,0.84731084
10437,16,1,0.8655304
10438,16,0,0.5010716
10439,23,1,0.33263248
10440,13,1,0.22836146
10441,28,1,0.34566376
10442,12,0,0.36860558
10443,9,0,0.31099555
10444,7,0,0.5380493
10445,15,1,0.5542256
10446,25,1,0.2134794
10447,2,1,0.40468827
10448,1,1,0.5864487
10449,2,0,0.22908808
10450,14,0,0.2710773
10451,24,1,0.41720122
10452,2,0,0.6084352
10453,28,1,0.37483546
10454,12,0,0.32094616
10455,25,0,0.60072815
10456,2,1,0.5704792
10457,16,1,0.7185524
10458,11,1,0.35915935
10459,23,0,0.37053418
10460,15,1,0.54495496
10461,22,1,0.5842269
10462,1,1,0.47823542
10463,2,0,0.5690559
10464,12,1,0.41414413
10465,3,1,0.67478555
10466,5,0,0.47594804
10467,25,1,0.5981271
10468,10,1,0.28544155
10469,16,0,0.34859782
10470,26,1,0.48356226
10471,25,1,0.7135873
10472,10,0,0.15552105
10473,15,1,0.5409753
10474,26,0,0.79345864
10475,22,0,0.41301027
10476,25,1,0.8969249
10477,1,1,0.7038595
10478,27,0,0.42835024
10479,15,1,0.37705764
10480,16,1,0.6723844
10481,26,1,0.35386878
10482,28,0,0.22357313
10483,15,0,0.46840057
10484,15,0,0.04891456
10485,24,1,0.8985258
10486,15,0,0.6535018
10487,12,0,0.4696999
10488,22,1,0.21824713
10489,12,0,0.5667837
10490,24,1,0.2787591
10491,16,1,0.717384
10492,26,0,0.3491303
10493,11,1,0.58855957
10494,25,1,0.38128075
10495,15,0,0.1692417
10496,8,0,0.39426234
10497,6,0,0.34992185
10498,12,0,0.24145842
10499,15,1,0.6865251
10500,12,0,0.3064029
10501,11,1,0.25072917
10502,20,1,0.38771105
10503,22,0,0.6563836
10504,10,1,0.6551651
10505,16,0,0.46031117
10506,23,1,0.54335356
10507,27,1,0.6015127
10508,13,0,0.36724123
10509,0,1,0.60793364
10510,26,1,0.43034437
10511,12,1,0.87128425
10512,1,0,0.8205937
10513,28,0,0.39064288
10514,8,1,0.6059711
10515,27,1,0.6422016
10516,25,0,0.3169055
10517,20,1,0.82317764
10518,27,0,0.37008196
10519,1,0,0.099880375
10520,16,0,0.28052735
10521,11,0,0.7207238
10522,5,0,0.43197948
10523,22,0,0.42237782
10524,2,0,0.5586825
10525,15,1,0.50917834
10526,17,0,0.24247201
10527,4,1,0.6188281
10528,10,1,0.6225624
10529,13,1,0.8595471
10530,10,1,0.38752648
10531,12,1,0.69846797
10532,8,1,0.7943508
10533,16,1,0.2603853
10534,12,0,0.44354516
10535,24,1,0.24497853
10536,10,1,0.34294242
10537,26,0,0.36147317
10538,4,0,0.30495134
10539,3,1,0.550102
10540,13,1,0.5021253
10541,17,0,0.388004
10542,0,1,0.53525925
10543,11,1,0.6439237
10544,2,0,0.27584708
10545,27,1,0.37087497
10546,28,1,0.80691886
10547,12,0,0.5892875
10548,2,1,0.93448436
10549,25,1,0.72349364
10550,4,1,0.8220672
10551,19,0,0.33057874
10552,2,0,0.66732967
10553,27,1,0.66192216
10554,11,1,0.5604513
10555,12,0,0.20673603
10556,14,1,0.86286306
10557,2,0,0.41637364
10558,19,1,0.64973104
10559,9,1,0.68543226
10560,20,0,0.25570956
10561,11,0,0.4348123
10562,6,0,0.5754682
10563,22,0,0.5469069
10564,27,1,0.41280666
10565,22,0,0.38079327
10566,20,1,0.86035144
10567,25,1,0.4673692
10568,2,0,0.2209098
10569,18,0,0.5488279
10570,10,1,0.26009256
10571,3,0,0.41652083
10572,18,1,0.83647543
10573,1,0,0.6483899
10574,4,0,0.49660966
10575,1,1,0.38615063
10576,15,1,0.84255785
10577,1,0,0.19965698
10578,10,0,0.5114531
10579,2,0,0.1922472
10580,12,1,0.664862
10581,14,0,0.4270052
10582,0,1,0.42742506
10583,26,1,0.42667642
10584,11,0,0.51431596
10585,14,0,0.43802455
10586,5,0,0.17447363
10587,1,0,0.34414682
10588,8,1,0.48312548
10589,17,0,0.27536717
10590,10,1,0.2855737
10591,11,1,0.42715737
10592,9,1,0.6726549
10593,12,0,0.5371447
10594,16,0,0.32711
10595,13,0,0.65662265
10596,15,1,0.83052653
10597,26,1,0.55641466
10598,18,0,0.26049048
10599,1,0,0.81240577
10600,11,0,0.5121999
10601,4,1,0.45421588
10602,6,1,0.37853205
10603,1,1,0.43271527
10604,0,0,0.37854955
10605,22,1,0.40133542
10606,27,0,0.21025138
10607,9,0,0.27772802
10608,4,0,0.5478058
10609,12,0,0.33115807
10610,11,1,0.58231163
10611,13,0,0.22628559
10612,10,0,0.36725706
10613,11,1,0.79879683
10614,16,0,0.25825086
10615,2,1,0.3825816
10616,17,0,0.359309
10617,24,1,0.48961848
10618,28,0,0.4722001
10619,11,1,0.6661968
10620,8,1,0.76769936
10621,0,0,0.43457687
10622,20,0,0.60462356
10623,2,1,0.50492525
10624,15,0,0.44586906
10625,15,1,0.4569543
10626,21,1,0.57549626
10627,24,1,0.8898774
10628,6,0,0.48411578
10629,15,0,0.32642135
10630,16,1,0.60959965
10631,20,0,0.28442827
10632,15,1,0.51874906
10633,17,0,0.33555228
10634,2,0,0.33364803
10635,15,1,0.8420996
10636,12,0,0.58059084
10637,11,0,0.4651177
10638,22,1,0.4770377
10639,11,0,0.12567551
10640,12,0,0.8243138
10641,28,1,0.7193546
10642,26,0,0.25304097
10643,18,1,0.46619955
10644,18,0,0.35931998
10645,11,0,0.27823985
10646,11,1,0.35935187
10647,26,0,0.51105565
10648,0,0,0.4257912
10649,13,0,0.3639585
10650,13,0,0.39562434
10651,16,0,0.48893747
10652,8,1,0.542916
10653,13,0,0.55950534
10654,2,1,0.39577612
10655,1,0,0.36061746
10656,19,1,0.871224
10657,1,1,0.7401384
10658,16,0,0.24088456
10659,14,1,0.85913837
10660,15,0,0.8622812
10661,25,0,0.07818436
10662,5,0,0.41397732
10663,26,1,0.4049451
10664,17,0,0.5310719
10665,15,1,0.37667102
10666,27,0,0.24792038
10667,3,1,0.6084891
10668,2,0,0.2599258
10669,0,0,0.2291467
10670,27,0,0.61107165
10671,20,0,0.21434286
10672,26,0,0.4449424
10673,25,0,0.22780634
10674,0,0,0.51815367
10675,9,0,0.25514078
10676,16,1,0.51833594
10677,13,0,0.44424146
10678,22,0,0.4557003
10679,26,1,0.36858368
10680,8,0,0.55764097
10681,10,0,0.7846121
10682,16,1,0.7019481
10683,12,1,0.29994228
10684,25,0,0.42650804
10685,11,1,0.8760064
10686,4,1,0.6640154
10687,13,1,0.5915989
10688,6,0,0.55821943
10689,6,1,0.9461602
10690,16,1,0.92321396
10691,28,0,0.75330496
10692,9,0,0.09948059
10693,2,0,0.3638449
10694,11,1,0.16906172
10695,28,1,0.5343626
10696,5,0,0.34140027
10697,27,1,0.2792169
10698,21,0,0.86864454
10699,7,0,0.515513
10700,5,0,0.40088147
10701,21,1,0.33872834
10702,3,1,0.35649607
10703,26,1,0.40490207
10704,1,0,0.32395196
10705,6,1,0.90873665
10706,13,0,0.37779883
10707,12,0,0.5379086
10708,6,0,0.5057109
10709,17,1,0.4008842
10710,2,0,0.85816646
10711,11,0,0.21426176
10712,14,0,0.54459006
10713,12,1,0.6423076
10714,22,0,0.31367728
10715,15,0,0.29995576
10716,1,0,0.3780282
10717,7,1,0.3305423
10718,0,0,0.12154398
10719,25,0,0.28054377
10720,24,1,0.67506856
10721,15,0,0.7107496
10722,22,0,0.24138476
10723,7,0,0.79714495
10724,20,1,0.83429784
10725,15,1,0.26683602
10726,10,1,0.8847724
10727,11,0,0.78394973
10728,2,1,0.62534016
10729,12,1,0.53757125
10730,2,1,0.3190435
10731,16,0,0.4581143
10732,19,1,0.87291586
10733,10,0,0.41582602
10734,26,0,0.80947775
10735,17,1,0.394484
10736,4,0,0.3658942
10737,5,1,0.80661243
10738,8,0,0.25197116
10739,16,1,0.47449496
10740,6,1,0.59910697
10741,14,0,0.4942835
10742,8,0,0.3824342
10743,22,1,0.7085827
10744,9,1,0.3025867
10745,27,1,0.6195713
10746,5,0,0.3333752
10747,11,0,0.439693
10748,15,1,0.8608605
10749,3,1,0.75456
10750,22,0,0.2759106
10751,16,0,0.111256376
10752,10,1,0.7144195
10753,4,0,0.35147867
10754,24,1,0.48112634
10755,27,1,0.9045797
10756,16,0,0.6436742
10757,18,0,0.25572878
10758,11,1,0.27182648
10759,10,1,0.5913704
10760,10,0,0.22285618
10761,0,1,0.3948295
10762,22,1,0.4473159
10763,26,1,0.7339067
10764,11,0,0.354235
10765,19,0,0.62816834
10766,8,0,0.23147215
10767,7,0,0.26338497
10768,27,0,0.18277115
10769,14,0,0.68877584
10770,15,1,0.47227708
10771,21,0,0.22704776
10772,1,1,0.5930677
10773,15,1,0.49828854
10774,2,0,0.59410846
10775,5,1,0.32526192
10776,20,1,0.28704354
10777,8,0,0.38629958
10778,10,1,0.90281224
10779,15,0,0.8156686
10780,5,0,0.5871193
10781,13,1,0.38038936
10782,11,0,0.20716569
10783,10,1,0.44922727
10784,17,1,0.73739463
10785,15,0,0.36369717
10786,20,1,0.37569466
10787,9,0,0.323247
10788,5,1,0.8575884
10789,19,0,0.49710917
10790,16,0,0.20736243
10791,25,0,0.4991131
10792,8,0,0.61362684
10793,1,1,0.24945456
10794,10,0,0.68052006
10795,25,1,0.3819056
10796,11,0,0.7363044
10797,10,1,0.48883772
10798,10,0,0.47574753
10799,24,1,0.33918265
10800,18,0,0.40124398
10801,8,0,0.37730148
10802,26,1,0.5672395
10803,12,1,0.46805522
10804,28,0,0.511611
10805,2,0,0.362509
10806,4,1,0.5269458
10807,13,1,0.76177794
10808,15,1,0.4805862
10809,27,0,0.56826514
10810,22,0,0.70076156
10811,20,0,0.38598552
10812,25,1,0.40923077
10813,27,0,0.41037595
10814,7,1,0.42042255
10815,4,0,0.25967386
10816,15,0,0.3722735
10817,10,0,0.5060498
10818,8,1,0.34156466
10819,19,0,0.36573565
10820,24,1,0.3235689
10821,17,0,0.37287432
10822,12,1,0.8357618
10823,4,1,0.48136008
10824,13,1,0.6611349
10825,7,0,0.5874112
10826,1,1,0.34338567
10827,0,1,0.6549845
10828,16,1,0.23442851
10829,13,0,0.414348
10830,20,0,0.34024653
10831,12,0,0.31328815
10832,22,1,0.8540304
10833,10,1,0.5409298
10834,19,1,0.4604493
10835,11,0,0.4140468
10836,1,0,0.2912848
10837,11,0,0.570176
10838,3,0,0.5992058
10839,28,1,0.46567097
10840,2,1,0.8541369
10841,18,0,0.39698517
10842,11,0,0.57730144
10843,8,1,0.88192475
10844,12,0,0.32521698
10845,16,0,0.3450119
10846,22,1,0.78688693
10847,6,1,0.52765566
10848,22,1,0.68882746
10849,10,0,0.48245162
10850,18,0,0.1687277
10851,10,0,0.56900936
10852,5,1,0.8037725
10853,10,1,0.42204005
10854,9,1,0.34171918
10855,22,0,0.35017374
10856,19,1,0.7177358
10857,11,1,0.5288273
10858,12,0,0.21672289
10859,26,1,0.57637227
10860,7,1,0.3445506
10861,2,1,0.54284763
10862,26,0,0.4320233
10863,1,0,0.72202295
10864,6,1,0.66399145
10865,13,1,0.3254175
10866,22,1,0.9013244
10867,2,0,0.66253465
10868,14,1,0.4931696
10869,18,0,0.6508883
10870,15,0,0.2917182
10871,8,1,0.3083037
10872,16,0,0.34395915
10873,17,1,0.9653706
10874,17,1,0.8813737
10875,13,1,0.8019577
10876,12,1,0.6048019
10877,8,0,0.3510155
10878,24,1,0.34478325
10879,15,1,0.40010515
10880,3,0,0.42377815
10881,3,1,0.3417436
10882,16,0,0.8486383
10883,7,1,0.5840171
10884,7,1,0.2653155
10885,22,1,0.76613486
10886,17,0,0.43051624
10887,2,1,0.41017586
10888,3,0,0.36623946
10889,16,0,0.5752956
10890,8,0,0.27312517
10891,25,1,0.4211408
10892,14,0,0.6477047
10893,3,0,0.6123981
10894,18,0,0.34120482
10895,12,1,0.7631684
10896,15,0,0.28480726
10897,21,1,0.47777614
10898,6,1,0.53346
10899,4,0,0.28433302
10900,25,1,0.56444067
10901,19,0,0.1994619
10902,10,0,0.4139038
10903,13,0,0.4435946
10904,1,0,0.4449092
10905,23,0,0.80732507
10906,20,1,0.3432814
10907,16,0,0.6700613
10908,13,1,0.58781856
10909,20,0,0.5660932
10910,25,0,0.28457117
10911,1,1,0.66630816
10912,14,1,0.7928423
10913,28,1,0.56171656
10914,14,1,0.64682585
10915,27,1,0.60051584
10916,12,0,0.27694654
10917,1,0,0.57333416
10918,11,1,0.91950697
10919,5,1,0.8948262
10920,20,1,0.75869584
10921,14,1,0.67713064
10922,25,1,0.58344644
10923,21,1,0.8686951
10924,15,0,0.5223501
10925,11,1,0.45933083
10926,2,0,0.2705967
10927,5,1,0.6480304
10928,6,1,0.6252157
10929,18,1,0.5905631
10930,10,1,0.6846577
10931,17,1,0.5171658
10932,16,1,0.70300645
10933,18,0,0.15519315
10934,11,0,0.6083455
10935,3,1,0.4875467
10936,19,0,0.27140242
10937,25,1,0.47533625
10938,6,0,0.10374533
10939,18,0,0.35747114
10940,16,1,0.24187943
10941,25,1,0.80067897
10942,0,0,0.46126714
10943,16,1,0.49916145
10944,20,0,0.50204086
10945,12,0,0.20404352
10946,13,1,0.42882204
10947,12,1,0.37178272
10948,14,0,0.38411102
10949,13,0,0.28396207
10950,13,1,0.94562125
10951,26,1,0.5281929
10952,14,1,0.7036455
10953,23,0,0.49950802
10954,19,0,0.3319811
10955,18,1,0.7486735
10956,20,0,0.3028542
10957,1,0,0.5426471
10958,0,0,0.6623779
10959,13,1,0.37223363
10960,27,0,0.19646816
10961,25,0,0.5477424
10962,10,0,0.26051322
10963,28,0,0.7063243
10964,27,0,0.6833264
10965,13,1,0.55264777
10966,8,0,0.33594292
10967,25,1,0.35655963
10968,14,0,0.33764464
10969,2,1,0.8997337
10970,15,1,0.69655484
10971,8,0,0.50455105
10972,15,0,0.4060835
10973,3,0,0.58642256
10974,13,0,0.36787972
10975,9,0,0.54673076
10976,28,0,0.62700135
10977,16,1,0.85582834
10978,10,1,0.3134875
10979,28,1,0.589435
10980,15,0,0.5416932
10981,28,0,0.47665372
10982,20,0,0.7145821
10983,3,0,0.2509031
10984,2,1,0.47932187
10985,0,1,0.6332728
10986,12,0,0.23774877
10987,3,1,0.60665005
10988,23,0,0.18156512
10989,13,1,0.21230993
10990,24,1,0.76476127
10991,19,1,0.579918
10992,28,0,0.17599468
10993,14,0,0.5661973
10994,15,0,0.59875655
10995,17,0,0.27480048
10996,25,1,0.7063566
10997,5,1,0.63097566
10998,9,0,0.22238661
10999,22,0,0.44209895
11000,9,0,0.48835245
11001,27,1,0.51793087
11002,8,0,0.58220315
11003,22,0,0.35825887
11004,5,1,0.82965344
11005,4,0,0.29775444
11006,17,0,0.31093544
11007,13,1,0.2241255
11008,27,0,0.36019394
11009,25,1,0.73443365
11010,17,1,0.3619808
11011,22,1,0.53795815
11012,12,1,0.67953247
11013,14,1,0.28246573
11014,16,0,0.56421167
11015,20,1,0.24674955
11016,2,0,0.22078505
11017,16,1,0.5162264
11018,15,1,0.2450116
11019,26,0,0.44826606
11020,20,1,0.60960233
11021,10,0,0.6842386
11022,1,0,0.53105795
11023,15,1,0.7735778
11024,1,1,0.6430591
11025,16,0,0.8661862
11026,4,1,0.3048781
11027,8,0,0.39480078
11028,12,0,0.42470482
11029,19,1,0.76807475
11030,27,1,0.678036
11031,25,1,0.85638267
11032,20,0,0.4972716
11033,0,0,0.49249557
11034,11,0,0.23534757
11035,2,0,0.5354407
11036,28,0,0.2886439
11037,15,1,0.40137348
11038,13,1,0.72015864
11039,1,0,0.3028606
11040,2,1,0.5314523
11041,19,1,0.723159
11042,8,1,0.7571606
11043,11,1,0.6185569
11044,12,1,0.8696106
11045,8,1,0.27281427
11046,5,0,0.21050197
11047,13,0,0.71900046
11048,18,0,0.31306183
11049,13,0,0.35253152
11050,1,0,0.24351461
11051,12,0,0.20851283
11052,16,0,0.27510995
11053,28,1,0.38811883
11054,25,0,0.6555464
11055,9,0,0.34422776
11056,4,1,0.55706835
11057,26,1,0.5499949
11058,12,0,0.38191414
11059,1,1,0.34850648
11060,20,0,0.4515667
11061,16,1,0.60537755
11062,4,0,0.277274
11063,7,1,0.5165251
11064,6,1,0.45696494
11065,12,1,0.72032905
11066,1,1,0.6243264
11067,14,1,0.69996613
11068,14,0,0.41791013
11069,23,1,0.7028156
11070,21,0,0.7779291
11071,19,0,0.32827702
11072,5,1,0.84418696
11073,10,0,0.63171387
11074,25,0,0.58924437
11075,21,0,0.3697348
11076,22,1,0.5389187
11077,13,0,0.6560982
11078,20,0,0.31062996
11079,6,0,0.20278287
11080,2,0,0.3983778
11081,6,1,0.34222785
11082,20,1,0.41300634
11083,1,1,0.8709405
11084,25,1,0.76814646
11085,14,1,0.6962985
11086,21,0,0.3686763
11087,6,0,0.26650292
11088,6,1,0.5027256
11089,19,1,0.6038359
11090,16,0,0.773136
11091,10,0,0.18052725
11092,1,0,0.24769835
11093,3,1,0.68816483
11094,15,1,0.4858907
11095,7,0,0.23803271
11096,15,1,0.562509
11097,0,1,0.8039255
11098,24,1,0.5322307
11099,15,1,0.39281315
11100,3,0,0.31552187
11101,6,0,0.23410721
11102,8,1,0.3925763
11103,11,0,0.28887162
11104,8,0,0.48437557
11105,1,1,0.41069782
11106,13,0,0.44291055
11107,19,0,0.42430088
11108,6,0,0.60397524
11109,27,1,0.689692
11110,21,1,0.7453331
11111,13,0,0.41467535
11112,4,1,0.6778149
11113,1,0,0.42164877
11114,14,1,0.84465706
11115,3,1,0.5675029
11116,13,1,0.67242205
11117,1,1,0.45888898
11118,4,0,0.24583551
11119,13,0,0.48655227
11120,10,1,0.4761579
11121,15,1,0.26188642
11122,16,0,0.33368593
11123,25,0,0.2626599
11124,26,0,0.2440681
11125,12,1,0.4676858
11126,18,0,0.81157947
11127,28,1,0.5198831
11128,16,1,0.5705582
11129,25,0,0.33921376
11130,1,0,0.33850437
11131,3,0,0.40160412
11132,20,1,0.60732126
11133,25,0,0.6641996
11134,22,1,0.31868672
11135,8,1,0.4647145
11136,25,1,0.6692285
11137,2,1,0.31502455
11138,16,1,0.76383156
11139,11,1,0.7335808
11140,22,1,0.60601294
11141,12,0,0.24284865
11142,11,0,0.4912746
11143,17,1,0.4088174
11144,25,1,0.73643917
11145,28,0,0.6125756
11146,28,0,0.5996258
11147,17,1,0.8525617
11148,10,1,0.41460118
11149,3,1,0.54850626
11150,12,0,0.65975887
11151,24,0,0.16310664
11152,5,0,0.23239866
11153,14,0,0.42068994
11154,11,0,0.34594485
11155,5,1,0.8003156
11156,2,1,0.4018323
11157,13,0,0.63550496
11158,13,1,0.47278067
11159,18,0,0.3285573
11160,11,1,0.54252493
11161,19,1,0.7292162
11162,26,1,0.607445
11163,22,1,0.35858473
11164,5,0,0.24423464
11165,18,0,0.6962232
11166,3,0,0.27736667
11167,13,1,0.38888988
11168,18,1,0.586519
11169,21,1,0.62779075
11170,21,0,0.24780524
11171,16,0,0.30024853
11172,11,0,0.13241531
11173,18,0,0.32242894
11174,3,0,0.25026754
11175,0,1,0.28513876
11176,13,0,0.7579886
11177,13,1,0.56949306
11178,17,0,0.73867077
11179,2,1,0.7026583
11180,1,0,0.3487262
11181,27,0,0.32578218
11182,7,1,0.7527968
11183,25,0,0.34326658
11184,26,1,0.17181055
11185,23,0,0.54643077
11186,6,0,0.6186635
11187,9,1,0.7962088
11188,15,0,0.5009697
11189,8,1,0.38046658
11190,27,1,0.638393
11191,17,0,0.33478463
11192,4,0,0.5910241
11193,20,1,0.68862367
11194,23,0,0.6397907
11195,16,0,0.5879814
11196,28,1,0.45747462
11197,3,0,0.3147345
11198,13,0,0.3210548
11199,0,0,0.26881692
11200,3,0,0.73539376
11201,8,1,0.73845536
11202,12,1,0.41228297
11203,15,0,0.39413032
11204,27,0,0.3883855
11205,15,1,0.7823191
11206,11,1,0.7139623
11207,2,1,0.5458111
11208,16,0,0.23527417
11209,10,0,0.9003675
11210,21,0,0.3250709
11211,6,0,0.56202066
11212,2,0,0.34994736
11213,10,0,0.4318241
11214,24,1,0.8413596
11215,28,0,0.2701988
11216,16,0,0.41890284
11217,3,0,0.2993189
11218,1,0,0.29790702
11219,12,1,0.41768166
11220,14,0,0.5935622
11221,12,0,0.26813895
11222,16,1,0.8382447
11223,25,1,0.86572903
11224,25,0,0.5137192
11225,18,0,0.3441673
11226,20,0,0.47527233
11227,20,0,0.31336385
11228,25,0,0.29099032
11229,14,1,0.5719849
11230,16,0,0.25852418
11231,25,0,0.48666006
11232,12,1,0.40891528
11233,9,0,0.5610648
11234,22,1,0.371834
11235,12,0,0.37846226
11236,18,0,0.3559161
11237,11,0,0.79232234
11238,19,0,0.66224474
11239,12,0,0.25712532
11240,12,1,0.31784636
11241,22,1,0.3121018
11242,14,0,0.46887422
11243,13,1,0.8159877
11244,14,1,0.78668475
11245,22,0,0.41894117
11246,10,1,0.6180198
11247,13,1,0.39113083
11248,6,1,0.26284602
11249,25,0,0.35296857
11250,17,1,0.6327056
11251,23,0,0.2689772
11252,14,1,0.37110832
11253,25,1,0.4222717
11254,1,1,0.7573225
11255,13,1,0.47916403
11256,16,0,0.16389288
11257,16,0,0.2194486
11258,9,0,0.38461378
11259,17,1,0.6862552
11260,14,1,0.42195937
11261,5,0,0.30017218
11262,26,0,0.60255134
11263,16,1,0.79538715
11264,23,0,0.34942558
11265,26,0,0.18287916
11266,0,1,0.9230588
11267,23,1,0.38432375
11268,12,0,0.26611537
11269,27,1,0.92430043
11270,16,0,0.24999136
11271,22,0,0.5755744
11272,22,1,0.73831177
11273,14,0,0.48887905
11274,19,1,0.35134965
11275,27,1,0.49428466
11276,15,0,0.29512984
11277,6,1,0.7040722
11278,10,0,0.75628006
11279,4,1,0.33265483
11280,8,1,0.6868848
11281,13,1,0.52546024
11282,22,1,0.2542215
11283,9,1,0.6637015
11284,21,0,0.30762035
11285,12,0,0.62605
11286,22,0,0.76177937
11287,20,1,0.5914362
11288,16,0,0.24973096
11289,2,1,0.40678185
11290,11,1,0.552627
11291,2,1,0.8539959
11292,11,1,0.56080836
11293,22,0,0.2069091
11294,17,1,0.45007318
11295,2,1,0.26850098
11296,22,0,0.48594916
11297,9,0,0.2579229
11298,25,1,0.69697624
11299,22,0,0.49774736
11300,6,1,0.8925312
11301,1,0,0.6024836
11302,15,0,0.2554079
11303,15,1,0.3950171
11304,14,0,0.70313495
11305,17,1,0.6301577
11306,8,0,0.27380785
11307,20,0,0.42093512
11308,14,1,0.78786194
11309,15,1,0.80524313
11310,10,1,0.1850168
11311,16,1,0.822036
11312,10,1,0.5093734
11313,13,0,0.325583
11314,22,1,0.5921887
11315,2,0,0.6445646
11316,2,1,0.7122997
11317,18,1,0.6880401
11318,1,0,0.38346893
11319,25,1,0.5391147
11320,19,1,0.3060646
11321,16,0,0.4758764
11322,13,1,0.7932343
11323,15,0,0.5979279
11324,19,1,0.31819227
11325,12,0,0.59647083
11326,8,1,0.6770275
11327,9,1,0.73507345
11328,15,1,0.555992
11329,13,1,0.5127697
11330,17,1,0.7512432
11331,8,0,0.32291925
11332,15,0,0.33519185
11333,20,0,0.31706902
11334,26,1,0.8524349
11335,1,1,0.26480615
11336,14,1,0.28337017
11337,19,0,0.28296173
11338,27,0,0.2703362
11339,3,1,0.70087564
11340,3,1,0.7092052
11341,21,1,0.83954495
11342,13,0,0.37279785
11343,2,0,0.28453153
11344,2,1,0.23144466
11345,23,0,0.47054094
11346,11,0,0.4644103
11347,25,1,0.55899197
11348,13,0,0.29238087
11349,11,1,0.4587896
11350,13,1,0.28264055
11351,16,1,0.5170613
11352,6,1,0.31923318
11353,2,0,0.7314018
11354,6,1,0.7429465
11355,12,0,0.4651632
11356,12,1,0.25138995
11357,25,1,0.34047297
11358,8,0,0.3528423
11359,10,0,0.20130593
11360,25,1,0.44259247
11361,15,0,0.4079386
11362,21,1,0.67900676
11363,9,1,0.42228445
11364,19,1,0.3021401
11365,12,0,0.28970975
11366,7,1,0.14304732
11367,0,1,0.3516476
11368,1,0,0.52976763
11369,17,0,0.4043957
11370,25,0,0.58106303
11371,20,1,0.68893725
11372,13,1,0.060259137
11373,9,1,0.68179035
11374,17,1,0.5127523
11375,1,0,0.5209196
11376,1,0,0.5870363
11377,4,1,0.4832069
11378,1,0,0.29095915
11379,3,1,0.7744764
11380,13,1,0.62805706
11381,0,1,0.4653554
11382,13,0,0.3624031
11383,6,1,0.8224374
11384,28,0,0.28306913
11385,18,1,0.66417044
11386,26,0,0.09936692
11387,16,0,0.34155872
11388,10,1,0.84473544
11389,11,1,0.59641075
11390,17,0,0.18480779
11391,27,1,0.4299536
11392,8,1,0.60429794
11393,28,0,0.6923745
11394,10,1,0.64585257
11395,26,1,0.60426587
11396,3,0,0.47042745
11397,28,1,0.31791997
11398,26,0,0.27385846
11399,16,1,0.5006672
11400,0,0,0.49074382
11401,16,1,0.47730637
11402,16,0,0.2577146
11403,2,1,0.28131798
11404,2,1,0.8452475
11405,11,0,0.42417926
11406,28,0,0.56726474
11407,0,0,0.2876543
11408,0,1,0.56958723
11409,2,0,0.36395282
11410,10,0,0.44011784
11411,7,0,0.54645365
11412,0,1,0.59863496
11413,27,1,0.48076588
11414,10,0,0.3544489
11415,11,1,0.51485056
11416,15,0,0.7140655
11417,9,0,0.5911058
11418,18,0,0.57086974
11419,15,1,0.5352963
11420,11,0,0.5140332
11421,23,0,0.26674494
11422,28,0,0.49889892
11423,13,1,0.48216492
11424,28,0,0.41035652
11425,13,0,0.5889396
11426,13,0,0.48240817
11427,4,1,0.87655
11428,25,1,0.5825846
11429,23,1,0.44164005
11430,26,1,0.5871958
11431,23,0,0.41660354
11432,7,0,0.40023017
11433,25,0,0.41313398
11434,12,1,0.47906476
11435,17,0,0.22489269
11436,23,1,0.47645843
11437,16,1,0.23080927
11438,4,0,0.8772734
11439,17,0,0.3565194
11440,9,0,0.88487685
11441,16,1,0.39542
11442,8,1,0.5718169
11443,12,0,0.60434264
11444,22,1,0.6919056
11445,19,1,0.6078229
11446,1,0,0.5858717
11447,8,1,0.6933017
11448,3,0,0.34348533
11449,22,1,0.6670484
11450,27,0,0.6888475
11451,11,1,0.7996638
11452,8,0,0.38404095
11453,16,1,0.8218863
11454,16,0,0.4362315
11455,21,0,0.6011469
11456,23,1,0.8486071
11457,16,1,0.574207
11458,11,1,0.48483592
11459,16,0,0.4881582
11460,4,1,0.47687846
11461,2,1,0.67653185
11462,3,1,0.57981026
11463,6,0,0.572912
11464,2,0,0.30513218
11465,5,0,0.48765194
11466,24,0,0.46909595
11467,17,0,0.5072379
11468,0,1,0.6400821
11469,14,0,0.51965946
11470,25,0,0.54483855
11471,16,1,0.44011372
11472,1,0,0.3536883
11473,13,0,0.8059485
11474,16,1,0.50087917
11475,12,1,0.6885139
11476,7,1,0.37064958
11477,27,0,0.27427274
11478,26,0,0.61154485
11479,27,1,0.50351286
11480,28,0,0.7493417
11481,5,1,0.31228936
11482,12,0,0.49680957
11483,7,0,0.61656857
11484,24,0,0.26336354
11485,2,0,0.2373924
11486,11,1,0.79836696
11487,25,1,0.4887385
11488,22,1,0.63805425
11489,12,1,0.30482462
11490,0,0,0.35123783
11491,12,1,0.8292535
11492,7,0,0.5442152
11493,5,0,0.36292446
11494,0,0,0.21067256
11495,8,0,0.49439076
11496,16,0,0.50162864
11497,15,0,0.3114678
11498,15,0,0.17938247
11499,6,0,0.24989007
11500,24,1,0.5834844
11501,6,0,0.71163553
11502,9,0,0.48004732
11503,22,1,0.19485715
11504,22,1,0.5881566
11505,12,0,0.33419308
11506,25,1,0.6106909
11507,8,0,0.44059074
11508,26,0,0.4583523
11509,1,1,0.68888384
11510,16,1,0.31473726
11511,2,0,0.25863945
11512,3,0,0.59382766
11513,24,1,0.6598923
11514,21,1,0.5632329
11515,12,1,0.72582376
11516,11,0,0.34141096
11517,28,0,0.41196406
11518,13,1,0.26642552
11519,23,1,0.78095627
11520,13,0,0.37238038
11521,25,1,0.89905256
11522,28,0,0.407794
11523,8,0,0.6348796
11524,18,0,0.19793133
11525,11,0,0.33514157
11526,11,1,0.56944454
11527,16,0,0.60821474
11528,9,0,0.36583126
11529,11,0,0.2507867
11530,10,0,0.28919193
11531,26,1,0.5449949
11532,12,0,0.38740483
11533,1,0,0.3662
11534,23,1,0.6690479
11535,21,1,0.5389266
11536,18,0,0.5383354
11537,16,0,0.19341192
11538,16,1,0.47061026
11539,17,0,0.2149326
11540,27,1,0.48261353
11541,26,1,0.73503196
11542,21,1,0.37270007
11543,23,1,0.2315358
11544,25,1,0.8660553
11545,24,0,0.5359193
11546,2,0,0.24736114
11547,16,1,0.84020025
11548,22,0,0.40130436
11549,15,1,0.27970475
11550,8,0,0.48720738
11551,8,1,0.5137381
11552,10,0,0.293738
11553,12,0,0.39415157
11554,3,0,0.47978178
11555,15,0,0.3853046
11556,25,1,0.3762941
11557,17,1,0.5040159
11558,7,0,0.2647736
11559,10,1,0.31074047
11560,4,1,0.50431967
11561,6,0,0.37404966
11562,3,0,0.48931268
11563,20,0,0.39067537
11564,9,1,0.72743946
11565,24,0,0.39943227
11566,15,0,0.33309725
11567,8,1,0.53322816
11568,22,1,0.3071392
11569,20,0,0.24418727
11570,7,0,0.57640946
11571,11,0,0.5471658
11572,6,1,0.37195426
11573,2,0,0.5462401
11574,3,0,0.31383872
11575,12,1,0.5771689
11576,6,1,0.44595438
11577,16,0,0.32614625
11578,11,0,0.5129549
11579,22,1,0.7659271
11580,17,1,0.48980504
11581,13,0,0.2374382
11582,19,0,0.30595678
11583,18,1,0.7396501
11584,22,1,0.6566391
11585,27,0,0.49167368
11586,13,0,0.48804447
11587,26,0,0.32969365
11588,20,0,0.36769512
11589,28,0,0.5745661
11590,2,0,0.20750669
11591,23,1,0.3729719
11592,16,1,0.28144464
11593,2,1,0.2712118
11594,0,1,0.80525124
11595,8,1,0.59402424
11596,14,1,0.69756573
11597,2,0,0.41281682
11598,6,1,0.22746561
11599,22,1,0.3786944
11600,7,0,0.5613351
11601,1,1,0.77461755
11602,15,0,0.36673117
11603,20,1,0.5663038
11604,13,0,0.23784034
11605,17,0,0.59908223
11606,16,0,0.27083907
11607,10,1,0.7946037
11608,24,1,0.5744897
11609,3,1,0.69985247
11610,14,1,0.32487372
11611,4,0,0.348222
11612,5,1,0.4156979
11613,13,1,0.30903226
11614,26,1,0.68930435
11615,25,1,0.49041468
11616,23,0,0.53605455
11617,26,0,0.60555893
11618,12,1,0.4986048
11619,24,1,0.52939516
11620,17,0,0.25087342
11621,21,0,0.55601436
11622,20,0,0.37245184
11623,9,1,0.56181246
11624,23,1,0.5809925
11625,10,1,0.8997317
11626,23,1,0.79094803
11627,23,0,0.80072576
11628,6,0,0.27199814
11629,24,0,0.566438
11630,27,1,0.51241565
11631,28,0,0.29218918
11632,8,0,0.37606055
11633,17,1,0.36382702
11634,13,1,0.6362923
11635,11,0,0.36047968
11636,19,1,0.67010504
11637,7,0,0.25660616
11638,27,0,0.81452256
11639,26,0,0.31032017
11640,8,0,0.493055
11641,11,0,0.48383665
11642,3,1,0.7804391
11643,2,0,0.4251317
11644,5,1,0.46143562
11645,13,0,0.7808289
11646,13,0,0.34307095
11647,15,1,0.56536347
11648,18,0,0.43195823
11649,22,0,0.42466486
11650,25,1,0.49603966
11651,18,0,0.4242585
11652,4,0,0.5411402
11653,24,1,0.40817183
11654,9,1,0.56762373
11655,26,1,0.38655046
11656,25,1,0.47522122
11657,10,1,0.5897779
11658,26,1,0.879683
11659,13,1,0.64379466
11660,15,1,0.41774073
11661,1,1,0.4816464
11662,5,1,0.65694314
11663,16,0,0.34487018
11664,24,0,0.2791431
11665,19,0,0.68261826
11666,20,0,0.67290163
11667,11,0,0.37078354
11668,3,1,0.48317343
11669,18,0,0.20246306
11670,2,0,0.44319785
11671,25,1,0.7462121
11672,21,0,0.62516505
11673,5,0,0.87265027
11674,0,0,0.52766365
11675,8,1,0.60587734
11676,15,1,0.2564863
11677,20,0,0.3250891
11678,27,1,0.31864116
11679,13,0,0.32107586
11680,1,1,0.35494956
11681,28,0,0.23565894
11682,15,0,0.44638124
11683,4,0,0.58891326
11684,15,1,0.76518077
11685,24,0,0.7107771
11686,1,0,0.2253089
11687,12,1,0.8137176
11688,15,0,0.48597664
11689,6,1,0.48699597
11690,21,1,0.71370846
11691,6,0,0.4104565
11692,11,0,0.2760681
11693,6,1,0.7501103
11694,16,0,0.6973155
11695,20,1,0.5843547
11696,8,1,0.42836463
11697,11,1,0.7186715
11698,28,1,0.6166535
11699,16,1,0.58725154
11700,15,1,0.577326
11701,22,0,0.5596496
11702,8,0,0.41103306
11703,2,0,0.39753094
11704,1,0,0.31240374
11705,12,1,0.55644727
11706,1,1,0.7073953
11707,7,0,0.23664182
11708,7,0,0.4672404
11709,1,0,0.24509549
11710,25,1,0.3811238
11711,5,0,0.3287255
11712,7,0,0.48285866
11713,15,0,0.32464102
11714,13,1,0.8959729
11715,19,1,0.58425695
11716,26,1,0.5300718
11717,15,0,0.34291697
11718,22,0,0.3485139
11719,11,0,0.5965325
11720,12,0,0.23422983
11721,17,0,0.5431968
11722,14,0,0.49269754
11723,23,1,0.7855771
11724,26,0,0.81392395
11725,14,0,0.6356181
11726,27,0,0.30827212
11727,3,1,0.34185514
11728,26,1,0.70589954
11729,20,1,0.3402479
11730,8,0,0.42523766
11731,22,1,0.48209494
11732,15,1,0.19249204
11733,10,1,0.7256806
11734,9,1,0.67324436
11735,6,1,0.24214774
11736,14,0,0.49144718
11737,12,0,0.8604561
11738,2,1,0.8624305
11739,1,0,0.27825785
11740,1,0,0.29551315
11741,21,0,0.53800243
11742,9,0,0.5563949
11743,8,0,0.3259988
11744,28,0,0.3637658
11745,22,1,0.669928
11746,28,0,0.38464573
11747,19,1,0.360648
11748,22,1,0.6207661
11749,10,0,0.42191264
11750,8,1,0.2912868
11751,18,1,0.5471108
11752,22,0,0.66535276
11753,28,1,0.6376671
11754,19,1,0.23067056
11755,20,0,0.42087764
11756,13,0,0.4230406
11757,3,0,0.6862962
11758,12,1,0.6945358
11759,25,1,0.7793879
11760,9,1,0.6192584
11761,18,0,0.19324349
11762,28,1,0.427049
11763,16,0,0.35193056
11764,24,0,0.20905262
11765,10,1,0.4607258
11766,6,0,0.6468067
11767,22,1,0.4603448
11768,0,0,0.47523302
11769,20,0,0.41827947
11770,27,1,0.2731926
11771,7,1,0.41472238
11772,23,0,0.2640069
11773,24,0,0.5366154
11774,26,0,0.25680608
11775,27,0,0.40684986
11776,7,1,0.8550321
11777,19,1,0.21651588
11778,4,1,0.77927756
11779,25,1,0.57889766
11780,10,0,0.6501333
11781,13,0,0.45353884
11782,10,0,0.37314218
11783,9,1,0.4927712
11784,27,0,0.19459991
11785,28,1,0.62666714
11786,13,1,0.72439784
11787,13,0,0.509392
11788,27,0,0.26737177
11789,20,0,0.15275122
11790,24,1,0.29816175
11791,20,1,0.6393713
11792,1,1,0.74543667
11793,17,0,0.3537055
11794,19,0,0.37604332
11795,13,0,0.30860722
11796,12,0,0.3398849
11797,26,0,0.3392189
11798,13,1,0.6180898
11799,10,0,0.2060023
11800,13,0,0.5497636
11801,21,0,0.2922224
11802,0,0,0.2980438
11803,7,0,0.7481855
11804,1,1,0.55682546
11805,1,0,0.42640632
11806,27,0,0.5052074
11807,0,0,0.70829844
11808,2,0,0.26042068
11809,11,0,0.7870084
11810,21,0,0.58639175
11811,26,0,0.6142973
11812,20,0,0.61566347
11813,16,0,0.7969145
11814,27,0,0.58201504
11815,18,1,0.8755811
11816,15,0,0.22538929
11817,0,1,0.5847808
11818,0,1,0.6429959
11819,15,0,0.30917266
11820,16,1,0.44548067
11821,12,1,0.4759884
11822,13,1,0.7943842
11823,18,0,0.42657524
11824,12,0,0.6401426
11825,2,0,0.263041
11826,23,1,0.2595307
11827,2,0,0.26239467
11828,23,0,0.38116634
11829,16,1,0.6236583
11830,7,1,0.33594817
11831,7,0,0.41645747
11832,2,1,0.8546789
11833,8,0,0.4370084
11834,19,1,0.2512393
11835,2,0,0.35135356
11836,2,1,0.5785112
11837,17,1,0.7281802
11838,10,1,0.7528626
11839,12,1,0.74297637
11840,1,0,0.7032573
11841,13,0,0.6070442
11842,16,0,0.4738259
11843,3,0,0.309243
11844,23,0,0.44108233
11845,19,0,0.6656455
11846,7,1,0.5939306
11847,2,0,0.35112366
11848,0,0,0.41010174
11849,3,1,0.45518407
11850,0,0,0.33455208
11851,5,0,0.28659606
11852,3,0,0.24618115
11853,10,0,0.25531557
11854,8,0,0.77092576
11855,0,1,0.4611901
11856,11,0,0.32624558
11857,8,0,0.6440052
11858,16,0,0.39731362
11859,12,0,0.44089258
11860,26,0,0.42623574
11861,1,0,0.29188004
11862,15,0,0.24650301
11863,4,1,0.7962473
11864,2,0,0.26376793
11865,9,0,0.37158716
11866,26,0,0.5388451
11867,15,1,0.5465457
11868,21,0,0.31298888
11869,13,1,0.71291006
11870,6,1,0.79118687
11871,13,1,0.57914954
11872,27,0,0.29035857
11873,13,0,0.28700513
11874,26,1,0.37027222
11875,21,0,0.38250324
11876,0,0,0.28868186
11877,11,0,0.65894943
11878,8,0,0.44182986
11879,24,0,0.3470597
11880,4,0,0.34967843
11881,22,1,0.65682656
11882,14,0,0.16354908
11883,25,1,0.8582093
11884,23,1,0.33733997
11885,14,1,0.8948844
11886,10,1,0.543862
11887,1,1,0.36382258
11888,1,0,0.50680524
11889,6,1,0.8039255
11890,28,0,0.24454248
11891,17,0,0.51374024
11892,13,0,0.6221463
11893,10,0,0.785974
11894,4,1,0.8261181
11895,25,0,0.36695015
11896,3,0,0.31282383
11897,8,1,0.21960422
11898,4,0,0.50668555
11899,2,1,0.48206097
11900,27,1,0.26075223
11901,18,1,0.27608094
11902,13,0,0.3732697
11903,3,1,0.8666761
11904,18,1,0.49394974
11905,28,0,0.8152855
11906,15,0,0.7060423
11907,1,1,0.40127462
11908,13,0,0.3679214
11909,24,0,0.18322267
11910,13,1,0.563427
11911,8,0,0.5895953
11912,2,0,0.24543196
11913,0,1,0.48043355
11914,12,0,0.4815677
11915,13,1,0.57042086
11916,10,0,0.21591742
11917,26,1,0.52894264
11918,2,1,0.6863
11919,18,1,0.27292868
11920,28,0,0.29529154
11921,25,1,0.78652567
11922,24,0,0.74580115
11923,19,1,0.37704775
11924,26,0,0.38571122
11925,8,1,0.6068013
11926,11,0,0.7126579
11927,28,1,0.5666102
11928,13,1,0.47302124
11929,22,1,0.64421654
11930,22,0,0.39987302
11931,27,1,0.5767957
11932,27,0,0.036716316
11933,15,1,0.36895072
11934,12,1,0.62596506
11935,25,1,0.62252486
11936,27,1,0.7824007
11937,26,0,0.2717489
11938,11,1,0.2924297
11939,14,0,0.31606564
11940,25,0,0.5913181
11941,14,0,0.45609775
11942,28,0,0.4628362
11943,19,0,0.46431223
11944,11,1,0.73389333
11945,22,1,0.69622993
11946,1,1,0.6402941
11947,28,1,0.5647644
11948,6,0,0.5551465
11949,26,0,0.6796887
11950,1,1,0.35685787
11951,13,0,0.58597463
11952,27,1,0.48946765
11953,4,1,0.4119236
11954,27,0,0.4177248
11955,18,1,0.8215826
11956,13,0,0.24751465
11957,4,0,0.5575934
11958,3,1,0.7719969
11959,26,1,0.87501943
11960,19,0,0.35764593
11961,2,0,0.8970198
11962,13,0,0.5968521
11963,8,1,0.30577925
11964,9,1,0.47477737
11965,16,1,0.65701514
11966,1,0,0.30089197
11967,8,0,0.46423933
11968,4,0,0.5851981
11969,10,1,0.52059555
11970,22,1,0.5177159
11971,22,0,0.30524096
11972,15,1,0.8181125
11973,0,1,0.49885857
11974,1,1,0.8895122
11975,6,0,0.56793165
11976,1,1,0.45233575
11977,15,1,0.35249096
11978,10,1,0.65014374
11979,17,1,0.847708
11980,12,1,0.71280116
11981,25,0,0.42704618
11982,14,0,0.83449316
11983,22,0,0.8062602
11984,10,0,0.42198798
11985,21,0,0.3862127
11986,3,0,0.548638
11987,3,1,0.58524954
11988,19,1,0.6009032
11989,10,1,0.5833535
11990,3,0,0.691625
11991,17,1,0.30280775
11992,24,0,0.7967332
11993,17,0,0.23881465
11994,27,0,0.7462727
11995,28,1,0.47782108
11996,14,0,0.18165326
11997,8,1,0.50656456
11998,10,1,0.6685965
11999,0,0,0.24774095
12000,16,0,0.79947203
12001,26,1,0.31792274
12002,27,1,0.7616606
12003,12,0,0.41389564
12004,15,0,0.56965894
12005,15,0,0.3483866
12006,27,0,0.34935114
12007,9,1,0.6761267
12008,16,1,0.6277596
12009,5,1,0.2746958
12010,26,0,0.45803845
12011,28,1,0.88651264
12012,25,1,0.44352016
12013,14,1,0.35168433
12014,13,0,0.3035953
12015,24,1,0.56993794
12016,28,1,0.6990942
12017,28,1,0.49864677
12018,20,1,0.46241838
12019,20,1,0.21461776
12020,20,1,0.75551367
12021,4,1,0.48506084
12022,17,1,0.75798965
12023,11,1,0.6771433
12024,25,0,0.22380693
12025,24,0,0.5262356
12026,10,1,0.45414862
12027,8,0,0.3997497
12028,7,0,0.2187428
12029,20,0,0.31920728
12030,25,1,0.824198
12031,12,1,0.6528782
12032,13,0,0.49483195
12033,0,0,0.19592726
12034,7,1,0.44644925
12035,15,1,0.8563917
12036,12,0,0.36545897
12037,26,0,0.33140516
12038,7,1,0.53799933
12039,13,1,0.71155554
12040,22,1,0.34993345
12041,13,0,0.4581962
12042,13,0,0.20402503
12043,7,0,0.28558958
12044,4,0,0.587603
12045,24,1,0.49311963
12046,8,0,0.45010042
12047,20,1,0.5818607
12048,26,0,0.5812574
12049,4,1,0.37176147
12050,10,1,0.8070386
12051,16,1,0.48090893
12052,12,1,0.3551307
12053,21,1,0.66822284
12054,15,1,0.25377467
12055,26,0,0.53482544
12056,10,1,0.82918596
12057,13,0,0.5101624
12058,25,1,0.7771577
12059,28,0,0.32331058
12060,21,1,0.288865
12061,4,1,0.7714703
12062,7,1,0.33638826
12063,3,1,0.4191159
12064,8,1,0.31287542
12065,7,0,0.32945904
12066,1,1,0.27078345
12067,13,0,0.19642305
12068,10,0,0.7891974
12069,28,0,0.81136453
12070,3,0,0.48436305
12071,27,1,0.48655227
12072,6,0,0.8821555
12073,15,1,0.8787985
12074,22,1,0.35211268
12075,8,0,0.39445478
12076,11,0,0.63343257
12077,12,1,0.3875233
12078,20,1,0.24705319
12079,18,0,0.7771982
12080,26,1,0.28688532
12081,8,1,0.5243027
12082,25,0,0.64673704
12083,4,1,0.38722798
12084,2,0,0.50175554
12085,0,0,0.56009656
12086,16,0,0.70694405
12087,25,0,0.28902102
12088,13,0,0.43240756
12089,16,0,0.3140477
12090,2,1,0.3298138
12091,14,0,0.66740775
12092,12,0,0.4236721
12093,25,0,0.41126615
12094,27,1,0.18932253
12095,25,0,0.61456823
12096,1,0,0.7351593
12097,27,0,0.5998065
12098,15,1,0.7249621
12099,20,0,0.549784
12100,14,1,0.46582818
12101,2,0,0.6162059
12102,12,1,0.31432328
12103,26,1,0.48247823
12104,5,0,0.23942114
12105,10,0,0.22972591
12106,15,1,0.6785739
12107,2,1,0.6474342
12108,16,0,0.62311536
12109,9,1,0.5162769
12110,16,1,0.36906132
12111,2,0,0.4033151
12112,22,1,0.9027509
12113,4,1,0.5198799
12114,3,1,0.6417339
12115,10,1,0.3940217
12116,25,0,0.4011246
12117,15,1,0.62198466
12118,16,0,0.157088
12119,4,1,0.5012371
12120,11,0,0.17137215
12121,26,1,0.36801314
12122,9,0,0.468778
12123,8,0,0.4401528
12124,2,1,0.6437998
12125,26,0,0.58713514
12126,2,1,0.5802761
12127,1,1,0.521272
12128,6,0,0.5799733
12129,23,1,0.5675831
12130,26,0,0.42286628
12131,17,1,0.52766585
12132,22,1,0.4555647
12133,14,0,0.7412876
12134,17,0,0.3415117
12135,12,1,0.18702699
12136,1,0,0.62562037
12137,8,1,0.35775226
12138,17,0,0.36272815
12139,18,1,0.6657502
12140,10,1,0.25701737
12141,25,1,0.5563138
12142,28,1,0.59223306
12143,17,0,0.34754443
12144,19,1,0.6853491
12145,21,0,0.4207078
12146,2,0,0.61952317
12147,6,1,0.41086847
12148,13,1,0.57133555
12149,8,1,0.41424954
12150,15,0,0.33847547
12151,1,0,0.40899011
12152,15,0,0.27687082
12153,27,1,0.5533512
12154,17,1,0.3239776
12155,10,1,0.80377144
12156,1,0,0.39748418
12157,13,1,0.6953032
12158,18,0,0.50485665
12159,10,1,0.45262784
12160,25,0,0.17400955
12161,6,1,0.33091787
12162,13,0,0.24506499
12163,2,1,0.5421193
12164,22,1,0.3202165
12165,2,1,0.83714396
12166,16,0,0.52649796
12167,18,0,0.5893361
12168,23,1,0.5363508
12169,24,1,0.66366565
12170,25,1,0.55398566
12171,3,0,0.2592415
12172,13,1,0.47200432
12173,18,0,0.56356895
12174,8,0,0.3706346
12175,4,0,0.62148273
12176,17,1,0.6628807
12177,26,0,0.46998888
12178,3,0,0.35665128
12179,2,0,0.6023713
12180,4,0,0.37392193
12181,11,0,0.64460605
12182,16,1,0.44641152
12183,22,0,0.7734518
12184,9,1,0.7869024
12185,13,1,0.58390874
12186,16,0,0.23061004
12187,19,0,0.10251177
12188,27,0,0.6765969
12189,25,0,0.34572074
12190,0,1,0.286469
12191,19,1,0.57939523
12192,10,1,0.6463924
12193,28,0,0.43248367
12194,26,0,0.22747354
12195,11,1,0.8733303
12196,13,0,0.3581664
12197,8,0,0.10220419
12198,22,0,0.5285144
12199,6,1,0.9295406
12200,13,1,0.7138561
12201,25,1,0.47724468
12202,2,1,0.54869366
12203,6,0,0.3258506
12204,17,0,0.689419
12205,23,0,0.30326173
12206,15,1,0.68271595
12207,11,0,0.28829542
12208,8,1,0.6285086
12209,13,1,0.49767467
12210,16,0,0.3382526
12211,3,0,0.57734525
12212,22,1,0.58324856
12213,2,0,0.37281132
12214,7,0,0.7236892
12215,18,1,0.46799687
12216,19,1,0.36600164
12217,15,1,0.9017132
12218,28,1,0.76180506
12219,20,0,0.21146666
12220,6,1,0.35952714
12221,28,1,0.8748822
12222,18,0,0.55716604
12223,26,1,0.68417656
12224,5,1,0.44817576
12225,8,0,0.23382153
12226,24,1,0.5883263
12227,18,0,0.31099603
12228,23,1,0.5608251
12229,21,0,0.3711135
12230,9,0,0.69076115
12231,7,0,0.5773691
12232,2,1,0.6318201
12233,14,0,0.26498905
12234,9,0,0.34369832
12235,13,1,0.6790807
12236,14,1,0.5329765
12237,16,0,0.46260312
12238,13,1,0.68422556
12239,20,0,0.454667
12240,28,0,0.44494998
12241,14,0,0.5563625
12242,26,1,0.3911504
12243,15,1,0.6405765
12244,28,0,0.40379396
12245,23,0,0.24213022
12246,20,0,0.29295856
12247,4,0,0.19810346
12248,23,1,0.69219357
12249,25,1,0.4115917
12250,12,0,0.6581143
12251,9,1,0.54741293
12252,5,0,0.21719293
12253,0,1,0.43700063
12254,10,1,0.73388314
12255,15,1,0.4975701
12256,20,0,0.34590256
12257,18,1,0.40747592
12258,15,1,0.8316382
12259,25,1,0.33669993
12260,8,1,0.36834815
12261,26,0,0.4315371
12262,10,1,0.4423774
12263,10,0,0.61150247
12264,15,1,0.52427655
12265,16,1,0.22630903
12266,8,0,0.30221874
12267,20,1,0.8345885
12268,3,1,0.31838202
12269,10,1,0.87999797
12270,1,1,0.38159093
12271,28,1,0.65281725
12272,1,1,0.40062943
12273,5,0,0.44817135
12274,2,0,0.48352152
12275,5,0,0.6352706
12276,23,0,0.60338265
12277,20,0,0.3225771
12278,8,1,0.5161202
12279,26,0,0.42086953
12280,2,0,0.23275657
12281,23,1,0.3892489
12282,20,0,0.37324318
12283,0,1,0.3761787
12284,3,0,0.45561868
12285,8,1,0.30838862
12286,0,1,0.43579438
12287,17,0,0.36259997
12288,28,0,0.26601362
12289,0,1,0.4137973
12290,15,1,0.332234
12291,8,1,0.4212378
12292,1,0,0.21171947
12293,20,0,0.3528454
12294,26,1,0.45253867
12295,16,0,0.27965614
12296,21,1,0.7500097
12297,13,0,0.7554347
12298,4,1,0.69572484
12299,10,1,0.5915997
12300,24,1,0.9009056
12301,2,0,0.4007794
12302,21,0,0.27074942
12303,9,1,0.66559917
12304,10,0,0.58542717
12305,15,1,0.7100859
12306,15,1,0.3385962
12307,11,1,0.58597803
12308,25,0,0.593052
12309,0,1,0.7118444
12310,18,1,0.63562477
12311,1,0,0.47882807
12312,3,1,0.3498238
12313,13,0,0.6069857
12314,1,1,0.2916714
12315,0,1,0.7925309
12316,18,1,0.38602182
12317,11,1,0.87811923
12318,14,0,0.89673704
12319,14,1,0.6912844
12320,3,1,0.51610994
12321,3,0,0.35790518
12322,0,0,0.4742409
12323,7,1,0.70820236
12324,15,0,0.3220489
12325,9,1,0.6828132
12326,11,1,0.7352885
12327,13,1,0.5802099
12328,4,1,0.7782433
12329,13,0,0.59742403
12330,9,1,0.62354195
12331,2,1,0.6432317
12332,23,1,0.72607505
12333,11,1,0.7438915
12334,28,1,0.58829534
12335,15,0,0.36868724
12336,2,0,0.68887764
12337,24,0,0.6861576
12338,15,1,0.27727985
12339,10,1,0.77575356
12340,26,0,0.2933455
12341,6,0,0.6146965
12342,6,0,0.43556666
12343,4,0,0.26959482
12344,12,1,0.5037172
12345,12,0,0.3272373
12346,16,1,0.8063967
12347,15,1,0.7833575
12348,26,1,0.7125923
12349,15,1,0.59491676
12350,16,1,0.83637434
12351,13,1,0.5661588
12352,4,1,0.4631872
12353,26,1,0.74466085
12354,0,0,0.23766392
12355,13,1,0.7985687
12356,17,1,0.78678286
12357,8,0,0.31330022
12358,10,0,0.416918
12359,6,1,0.5246372
12360,14,1,0.41531706
12361,10,0,0.43889385
12362,17,0,0.18246901
12363,10,1,0.87806296
12364,12,1,0.610465
12365,20,1,0.8361106
12366,10,0,0.6083968
12367,10,0,0.71253264
12368,23,1,0.7425281
12369,7,0,0.40662473
12370,3,0,0.32084838
12371,28,0,0.7889077
12372,1,0,0.52575535
12373,8,0,0.23296866
12374,11,0,0.62411433
12375,27,0,0.47650838
12376,17,1,0.88265765
12377,1,1,0.4806385
12378,2,1,0.69737065
12379,14,1,0.48436147
12380,4,0,0.32875726
12381,23,1,0.47553325
12382,13,0,0.26016426
12383,7,0,0.24265897
12384,2,1,0.4017728
12385,16,1,0.5960695
12386,13,0,0.68194455
12387,20,1,0.55343795
12388,12,1,0.37500268
12389,18,0,0.67250186
12390,24,0,0.18428306
12391,17,1,0.3697086
12392,15,1,0.56998837
12393,3,1,0.45090768
12394,4,1,0.51159984
12395,8,0,0.24475047
12396,7,0,0.73084015
12397,8,1,0.7524034
12398,27,0,0.67501885
12399,2,0,0.2380626
12400,15,1,0.34420717
12401,3,0,0.54832655
12402,15,0,0.6052141
12403,12,0,0.62577754
12404,26,1,0.71334136
12405,6,0,0.5552354
12406,26,0,0.47173125
12407,7,0,0.79817265
12408,7,1,0.48218426
12409,16,0,0.24386413
12410,16,0,0.2839115
12411,14,0,0.5046165
12412,20,0,0.83563757
12413,13,0,0.20882149
12414,8,1,0.7109477
12415,8,0,0.3439963
12416,27,0,0.7856082
12417,19,1,0.8805879
12418,12,0,0.4022841
12419,15,0,0.592677
12420,2,1,0.3863809
12421,15,1,0.23061933
12422,20,0,0.8102078
12423,17,0,0.26427838
12424,4,1,0.3912802
12425,11,0,0.37701008
12426,4,1,0.8784774
12427,20,0,0.46590266
12428,12,1,0.39069152
12429,15,1,0.7186444
12430,14,0,0.39468172
12431,6,0,0.3869677
12432,19,1,0.6208922
12433,7,1,0.38426903
12434,3,0,0.17747983
12435,18,0,0.19279931
12436,23,0,0.48166597
12437,19,0,0.3153621
12438,16,1,0.5178589
12439,2,1,0.33401564
12440,16,0,0.36314288
12441,2,0,0.6217243
12442,8,0,0.6163462
12443,11,0,0.4053583
12444,10,0,0.42960587
12445,11,0,0.64441246
12446,9,1,0.28043905
12447,21,0,0.2232403
12448,26,0,0.5730194
12449,26,1,0.29116943
12450,22,1,0.7006485
12451,16,1,0.5568411
12452,2,1,0.33725286
12453,21,1,0.67990655
12454,25,0,0.31158778
12455,13,1,0.51833564
12456,12,0,0.5586869
12457,16,1,0.63815063
12458,8,1,0.59595954
12459,2,1,0.7767484
12460,17,1,0.7285561
12461,2,0,0.7841436
12462,17,0,0.3311944
12463,13,0,0.2576365
12464,6,1,0.50996876
12465,27,1,0.6889105
12466,13,1,0.59036726
12467,13,1,0.7709537
12468,10,1,0.3694722
12469,13,0,0.38074052
12470,8,1,0.25609288
12471,11,1,0.3025497
12472,20,1,0.25278437
12473,10,0,0.7347164
12474,23,0,0.69732285
12475,5,0,0.3859463
12476,27,0,0.5429234
12477,26,0,0.35668555
12478,4,0,0.25715414
12479,27,0,0.40195268
12480,6,0,0.58188355
12481,23,0,0.32447654
12482,5,0,0.61801237
12483,0,0,0.61348534
12484,0,1,0.4450141
12485,26,1,0.6141315
12486,23,0,0.42634642
12487,4,1,0.6451338
12488,21,1,0.76781505
12489,14,1,0.60835683
12490,1,1,0.84951526
12491,7,1,0.3769977
12492,7,0,0.34137702
12493,26,1,0.23312955
12494,8,1,0.56823957
12495,8,0,0.30183747
12496,6,1,0.35269162
12497,8,1,0.44041508
12498,22,0,0.54834265
12499,16,0,0.25225276
12500,23,0,0.24139743
12501,3,0,0.47825804
12502,10,1,0.7693758
12503,19,0,0.43992546
12504,27,1,0.37151617
12505,13,1,0.6757308
12506,12,1,0.4699663
12507,2,1,0.40545863
12508,17,0,0.2488725
12509,16,1,0.51613224
12510,2,1,0.35783118
12511,28,0,0.5593917
12512,19,0,0.3260238
12513,13,0,0.36130655
12514,16,0,0.4555535
12515,16,0,0.74328405
12516,2,0,0.31213987
12517,12,0,0.20999672
12518,18,1,0.67566234
12519,18,1,0.42264938
12520,2,0,0.3367369
12521,12,1,0.8340222
12522,28,0,0.86536556
12523,11,0,0.48025844
12524,5,1,0.7283983
12525,12,0,0.37226295
12526,3,0,0.30546263
12527,26,0,0.6669662
12528,28,1,0.7753544
12529,25,0,0.38747013
12530,0,1,0.8203307
12531,22,0,0.30189082
12532,11,1,0.3683898
12533,17,1,0.8820322
12534,15,0,0.7031702
12535,16,0,0.19965807
12536,6,0,0.25588015
12537,2,1,0.498963
12538,26,0,0.3442689
12539,25,1,0.38012108
12540,14,1,0.55199736
12541,20,0,0.6070571
12542,2,0,0.3412443
12543,2,1,0.7888327
12544,26,0,0.64537245
12545,17,1,0.744653
12546,16,0,0.36839822
12547,24,0,0.31595895
12548,0,1,0.544546
12549,25,0,0.3522749
12550,10,1,0.3130467
12551,16,0,0.5602218
12552,1,0,0.4017687
12553,18,1,0.63560575
12554,25,1,0.41979983
12555,1,0,0.29124647
12556,12,1,0.45098415
12557,12,0,0.47508746
12558,10,1,0.73600835
12559,8,1,0.57027376
12560,1,0,0.5891587
12561,16,1,0.54681087
12562,25,1,0.30248883
12563,11,1,0.85290176
12564,28,0,0.33221805
12565,6,0,0.4822733
12566,23,1,0.9038876
12567,4,0,0.30596265
12568,16,0,0.28812885
12569,3,0,0.2925349
12570,16,1,0.51147574
12571,23,0,0.4409106
12572,21,0,0.52125627
12573,16,1,0.8713696
12574,7,1,0.74669033
12575,11,0,0.66314924
12576,21,1,0.55868775
12577,10,0,0.37297562
12578,13,1,0.5140888
12579,6,0,0.113543175
12580,25,1,0.5614279
12581,8,0,0.49493316
12582,15,0,0.29148573
12583,16,0,0.575686
12584,16,1,0.5063236
12585,26,0,0.2259535
12586,1,0,0.5895682
12587,15,1,0.7342309
12588,16,0,0.3011033
12589,22,0,0.20640293
12590,11,0,0.50008017
12591,15,1,0.7808348
12592,13,0,0.49875665
12593,10,1,0.67310745
12594,15,0,0.32656664
12595,21,1,0.64438653
12596,2,1,0.63885176
12597,5,1,0.5194055
12598,1,1,0.598261
12599,16,0,0.27910897
12600,8,0,0.3186658
12601,8,1,0.69685405
12602,15,0,0.3739052
12603,7,1,0.52969444
12604,16,0,0.23094027
12605,15,1,0.34468344
12606,9,0,0.3198463
12607,17,1,0.4491558
12608,1,1,0.56592816
12609,16,1,0.47029835
12610,20,0,0.18104477
12611,16,1,0.28751904
12612,6,1,0.38248974
12613,3,1,0.36084983
12614,9,0,0.55113006
12615,7,0,0.24199608
12616,13,1,0.5049284
12617,10,0,0.83472127
12618,26,0,0.36002362
12619,18,0,0.57988614
12620,16,1,0.47122097
12621,9,0,0.70562524
12622,10,1,0.56886816
12623,21,1,0.51611334
12624,25,0,0.38931435
12625,5,0,0.24213743
12626,4,0,0.056000788
12627,19,1,0.7412937
12628,16,1,0.44296002
12629,13,1,0.77283615
12630,12,0,0.23319095
12631,17,0,0.29164755
12632,12,0,0.31991652
12633,3,1,0.74157864
12634,1,0,0.4919183
12635,24,0,0.3669719
12636,8,0,0.10786331
12637,12,1,0.51918936
12638,12,0,0.36960864
12639,25,0,0.25780192
12640,23,0,0.63652956
12641,14,0,0.5627643
12642,2,0,0.3165307
12643,25,0,0.25150955
12644,14,1,0.45357043
12645,8,1,0.7309169
12646,23,0,0.6079809
12647,1,0,0.4596441
12648,5,0,0.7084794
12649,13,0,0.28345704
12650,6,1,0.85506225
12651,28,1,0.7179803
12652,17,1,0.5848926
12653,13,1,0.6372636
12654,2,0,0.25334558
12655,25,0,0.4487531
12656,25,0,0.5665257
12657,7,1,0.83001864
12658,11,0,0.6602098
12659,0,0,0.36615416
12660,28,1,0.4707005
12661,3,0,0.52245724
12662,27,0,0.5640775
12663,6,0,0.24106692
12664,2,0,0.64678466
12665,26,1,0.46949273
12666,13,1,0.8072553
12667,15,1,0.57853466
12668,17,0,0.6153088
12669,25,0,0.46053672
12670,8,1,0.2728415
12671,25,0,0.46101922
12672,16,1,0.55214673
12673,24,0,0.5183896
12674,13,1,0.7373907
12675,28,0,0.36373034
12676,25,1,0.5708069
12677,6,0,0.35373616
12678,23,1,0.47834358
12679,21,1,0.3095202
12680,26,0,0.28361908
12681,11,0,0.8538544
12682,15,0,0.53467476
12683,28,0,0.3227313
12684,6,0,0.3521476
12685,14,1,0.67888623
12686,13,0,0.43641952
12687,26,0,0.29787666
12688,7,0,0.6651881
12689,2,1,0.61011004
12690,27,1,0.3798821
12691,25,1,0.91181254
12692,23,1,0.7273232
12693,25,1,0.5594766
12694,2,0,0.6150882
12695,17,1,0.6257711
12696,10,0,0.3214056
12697,11,0,0.32998294
12698,16,0,0.5262082
12699,28,0,0.67440534
12700,10,0,0.3124565
12701,19,1,0.67727625
12702,25,1,0.6520696
12703,17,1,0.3885457
12704,11,0,0.21490833
12705,22,1,0.48527813
12706,11,1,0.8029031
12707,22,1,0.52937096
12708,16,1,0.4237457
12709,15,0,0.5641682
12710,1,1,0.79051846
12711,9,0,0.51694435
12712,27,0,0.6166548
12713,25,1,0.7564208
12714,27,0,0.5287848
12715,4,1,0.8601859
12716,1,0,0.47242165
12717,27,0,0.67558587
12718,8,0,0.33399987
12719,11,0,0.63123375
12720,11,0,0.45613068
12721,3,1,0.6778639
12722,28,1,0.66754055
12723,15,0,0.38513124
12724,20,1,0.25958985
12725,11,0,0.55693746
12726,23,0,0.51981646
12727,20,1,0.68718517
12728,24,0,0.41945916
12729,11,1,0.6470823
12730,6,0,0.4034868
12731,26,1,0.4630776
12732,9,0,0.5144296
12733,16,0,0.43860415
12734,4,0,0.5375888
12735,19,0,0.30177256
12736,12,0,0.29311323
12737,25,1,0.6303476
12738,2,1,0.50325096
12739,26,0,0.76127195
12740,22,0,0.27315238
12741,10,1,0.7793407
12742,23,1,0.85984874
12743,26,0,0.7106511
12744,15,0,0.5462597
12745,8,1,0.46472263
12746,8,1,0.36636922
12747,15,0,0.4759427
12748,22,1,0.68552953
12749,2,0,0.3134451
12750,26,0,0.6327746
12751,24,0,0.40491596
12752,8,1,0.6793381
12753,7,0,0.38283357
12754,2,1,0.3335977
12755,26,0,0.41688508
12756,1,0,0.48337924
12757,2,1,0.8618575
12758,25,1,0.8096982
12759,20,0,0.28749284
12760,25,1,0.83105665
12761,18,0,0.35520694
12762,15,1,0.6049982
12763,16,1,0.5933642
12764,2,1,0.6661961
12765,27,0,0.58418685
12766,18,1,0.680722
12767,17,1,0.5451956
12768,18,0,0.6405725
12769,28,1,0.19905855
12770,11,0,0.21589698
12771,3,0,0.39909318
12772,10,1,0.35640368
12773,14,1,0.5905145
12774,12,1,0.4109005
12775,19,1,0.5237815
12776,1,1,0.31093356
12777,9,1,0.7852227
12778,13,0,0.3060355
12779,15,0,0.23159684
12780,3,1,0.62598133
12781,12,1,0.7527798
12782,0,0,0.22916286
12783,1,1,0.5342138
12784,13,0,0.3285448
12785,15,1,0.6693315
12786,16,1,0.6578724
12787,21,0,0.48605525
12788,6,1,0.6919397
12789,9,1,0.23588382
12790,23,0,0.43016472
12791,7,0,0.2960258
12792,0,1,0.61149436
12793,21,0,0.3565218
12794,23,0,0.6217976
12795,26,0,0.5515116
12796,15,0,0.42320043
12797,24,0,0.31708807
12798,25,1,0.4977133
12799,8,0,0.28901482
12800,25,0,0.47877166
12801,16,1,0.49435493
12802,20,1,0.60795134
12803,21,1,0.8105021
12804,1,0,0.40241453
12805,14,1,0.24191327
12806,26,1,0.3782812
12807,4,0,0.25380352
12808,24,0,0.7377824
12809,8,1,0.24011783
12810,17,1,0.3919536
12811,18,1,0.73993546
12812,8,1,0.5531607
12813,9,0,0.47224766
12814,6,0,0.67159796
12815,16,0,0.48981655
12816,27,0,0.52004564
12817,16,0,0.20443764
12818,8,0,0.6714067
12819,14,1,0.19190156
12820,15,0,0.5868353
12821,3,1,0.34986278
12822,25,1,0.54505557
12823,21,1,0.39185554
12824,8,0,0.48259187
12825,11,1,0.668721
12826,13,0,0.30641592
12827,7,0,0.5909954
12828,5,0,0.8275967
12829,10,0,0.3575969
12830,21,1,0.45544082
12831,23,0,0.29603693
12832,28,0,0.3562263
12833,7,1,0.7140677
12834,15,1,0.39026678
12835,15,0,0.43035913
12836,16,0,0.7712437
12837,27,0,0.68076086
12838,15,0,0.39157626
12839,10,1,0.7111754
12840,10,1,0.5941432
12841,28,0,0.22970793
12842,13,0,0.3861829
12843,15,0,0.6077352
12844,16,0,0.33761138
12845,7,1,0.6507624
12846,2,1,0.38883823
12847,4,0,0.26540974
12848,24,1,0.5020946
12849,10,1,0.3563056
12850,10,0,0.5185492
12851,25,1,0.4260289
12852,13,1,0.3995726
12853,17,0,0.38284475
12854,28,0,0.5207981
12855,4,0,0.6492074
12856,13,1,0.5762135
12857,1,1,0.5781891
12858,20,0,0.2755862
12859,14,1,0.7250982
12860,2,1,0.3512316
12861,10,0,0.4097912
12862,0,1,0.48232335
12863,1,1,0.34462792
12864,4,1,0.5169978
12865,20,1,0.8435546
12866,16,0,0.58739257
12867,11,1,0.43617085
12868,26,0,0.61957955
12869,12,1,0.21820794
12870,14,1,0.28700596
12871,9,0,0.6400856
12872,2,1,0.2707017
12873,13,1,0.69822145
12874,2,0,0.25196633
12875,15,0,0.28647196
12876,1,0,0.23911719
12877,25,0,0.5312564
12878,16,0,0.70605505
12879,2,1,0.35199234
12880,27,1,0.55349094
12881,12,1,0.58163655
12882,10,1,0.88039225
12883,16,0,0.44759524
12884,13,0,0.6084885
12885,12,1,0.8299232
12886,3,0,0.42127213
12887,13,1,0.55952036
12888,2,0,0.6387706
12889,18,1,0.44732523
12890,12,1,0.55125886
12891,22,0,0.30059248
12892,0,1,0.48240688
12893,8,0,0.63008595
12894,18,1,0.7563469
12895,1,1,0.35950163
12896,25,0,0.347663
12897,3,1,0.88293
12898,23,0,0.62843704
12899,17,1,0.64334506
12900,25,0,0.3024281
12901,24,1,0.6171029
12902,22,1,0.6990182
12903,3,1,0.20304842
12904,8,1,0.543851
12905,28,0,0.44557694
12906,24,0,0.2113737
12907,18,1,0.92466885
12908,21,1,0.6184728
12909,27,1,0.69561017
12910,9,1,0.90281224
12911,1,0,0.539935
12912,26,0,0.4497455
12913,16,1,0.25540856
12914,22,1,0.5910684
12915,16,0,0.5247509
12916,27,0,0.87695175
12917,0,1,0.5471517
12918,8,0,0.693296
12919,13,0,0.7603433
12920,1,1,0.8507314
12921,8,0,0.38681066
12922,17,1,0.8749672
12923,27,1,0.8462611
12924,11,0,0.38282597
12925,27,0,0.7156258
12926,27,0,0.36451134
12927,25,1,0.83467424
12928,2,1,0.6430151
12929,21,0,0.4569295
12930,25,0,0.6372313
12931,12,0,0.26650244
12932,8,0,0.27528796
12933,15,0,0.28614044
12934,7,1,0.6534574
12935,28,0,0.42335677
12936,19,1,0.32091346
12937,12,1,0.5069027
12938,17,0,0.18966101
12939,27,1,0.5647656
12940,1,0,0.27879432
12941,10,1,0.40614372
12942,5,0,0.44180438
12943,11,0,0.27289414
12944,25,1,0.4009929
12945,17,0,0.6750722
12946,28,0,0.628571
12947,6,0,0.41308033
12948,12,1,0.5426871
12949,8,0,0.41092873
12950,3,1,0.5567935
12951,1,1,0.5298483
12952,17,1,0.26919067
12953,8,0,0.24726135
12954,8,1,0.41189665
12955,12,0,0.4002003
12956,10,0,0.53900135
12957,20,0,0.57731843
12958,12,1,0.4205876
12959,9,0,0.44715843
12960,10,0,0.66601306
12961,9,0,0.60294914
12962,15,1,0.6941431
12963,14,1,0.8565976
12964,25,0,0.79451185
12965,15,1,0.6911761
12966,8,1,0.52477235
12967,11,1,0.6095678
12968,8,1,0.48328444
12969,17,0,0.4710769
12970,12,1,0.361505
12971,13,1,0.49620262
12972,18,0,0.22282575
12973,5,1,0.6349624
12974,25,1,0.8698988
12975,6,1,0.8780162
12976,13,1,0.6369283
12977,15,0,0.5801862
12978,26,1,0.5009501
12979,16,0,0.5292387
12980,3,1,0.4992472
12981,5,0,0.5880712
12982,15,1,0.84069645
12983,12,0,0.884934
12984,2,0,0.34346682
12985,8,1,0.8104007
12986,3,0,0.37979516
12987,9,0,0.46625313
12988,11,1,0.57553405
12989,18,0,0.35808763
12990,15,1,0.6117034
12991,11,0,0.36254016
12992,2,1,0.7121802
12993,10,0,0.44340077
12994,13,0,0.470305
12995,12,0,0.47530854
12996,22,0,0.28221112
12997,15,0,0.2898655
12998,5,0,0.34251198
12999,28,0,0.5662114
13000,27,0,0.4041006
13001,11,1,0.57123923
13002,15,0,0.40414417
13003,7,1,0.6355325
13004,11,1,0.70306313
13005,28,0,0.42018613
13006,5,1,0.280604
13007,25,0,0.22240563
13008,12,0,0.48752886
13009,16,0,0.3592968
13010,10,0,0.29208475
13011,7,1,0.45315942
13012,2,0,0.31133932
13013,26,0,0.41141868
13014,13,0,0.5601416
13015,12,1,0.25190803
13016,10,1,0.8562282
13017,24,0,0.3751547
13018,7,0,0.185363
13019,8,1,0.78702384
13020,5,1,0.68843627
13021,10,1,0.52951884
13022,26,0,0.30061546
13023,26,1,0.8873051
13024,25,0,0.6816937
13025,0,1,0.72132915
13026,25,0,0.3158644
13027,19,0,0.28353974
13028,11,1,0.27683023
13029,10,1,0.44030288
13030,18,0,0.08899838
13031,17,0,0.24510604
13032,1,0,0.87051415
13033,8,1,0.8507308
13034,13,0,0.5915091
13035,22,1,0.5604213
13036,20,1,0.78897554
13037,10,1,0.31118315
13038,10,1,0.5457907
13039,9,1,0.36503196
13040,16,1,0.67992926
13041,10,0,0.3537309
13042,8,1,0.21249864
13043,10,1,0.410963
13044,5,1,0.5228146
13045,13,1,0.52248704
13046,22,0,0.6246799
13047,8,0,0.62017447
13048,5,1,0.3107863
13049,15,0,0.63556
13050,11,0,0.21897267
13051,27,1,0.33383313
13052,26,1,0.78617054
13053,10,0,0.35277438
13054,8,0,0.81022483
13055,20,1,0.47028953
13056,15,1,0.82395965
13057,1,1,0.639019
13058,7,1,0.5793234
13059,14,1,0.54942495
13060,14,0,0.25992644
13061,23,1,0.6305268
13062,16,1,0.60240287
13063,25,0,0.4936809
13064,10,1,0.35020232
13065,25,0,0.54329336
13066,24,0,0.58664745
13067,28,1,0.24849209
13068,10,1,0.8144512
13069,12,0,0.19905597
13070,27,1,0.44205457
13071,13,1,0.7416781
13072,8,1,0.7924751
13073,25,1,0.50210434
13074,28,1,0.3683355
13075,9,0,0.43945882
13076,10,0,0.53691936
13077,27,1,0.5466408
13078,12,0,0.57000417
13079,15,1,0.36588103
13080,13,1,0.48328257
13081,11,0,0.46565226
13082,2,0,0.2572031
13083,27,0,0.3008981
13084,7,1,0.34650233
13085,6,0,0.58260244
13086,2,0,0.42013752
13087,19,0,0.36492544
13088,7,0,0.4935187
13089,4,0,0.2781727
13090,21,0,0.26677826
13091,12,0,0.38358244
13092,13,1,0.5670669
13093,2,1,0.24030612
13094,13,1,0.6786071
13095,17,0,0.25942072
13096,20,0,0.4928635
13097,23,0,0.42544958
13098,8,1,0.8578017
13099,15,0,0.38492277
13100,3,1,0.8950305
13101,7,1,0.5094006
13102,19,0,0.531673
13103,16,0,0.41558293
13104,3,0,0.7577896
13105,8,1,0.55886984
13106,19,0,0.577144
13107,7,0,0.60575694
13108,13,1,0.4345372
13109,15,1,0.42100066
13110,14,1,0.8297057
13111,6,0,0.8196458
13112,28,0,0.39023596
13113,13,1,0.41858497
13114,1,1,0.18649329
13115,25,0,0.48671648
13116,24,1,0.42628324
13117,11,0,0.41931617
13118,26,1,0.5472599
13119,28,0,0.6419951
13120,26,0,0.4864906
13121,13,1,0.4647183
13122,2,1,0.6341698
13123,21,0,0.7383762
13124,17,0,0.5883737
13125,21,1,0.4361691
13126,8,0,0.25391635
13127,10,0,0.3559053
13128,26,1,0.3858914
13129,17,0,0.41056114
13130,21,0,0.25266796
13131,12,0,0.39609164
13132,14,0,0.2459059
13133,28,0,0.4419935
13134,11,1,0.55550694
13135,13,0,0.35540855
13136,15,1,0.81404144
13137,25,1,0.58036506
13138,26,0,0.8569324
13139,5,0,0.46893618
13140,17,0,0.69360286
13141,26,1,0.4070149
13142,11,0,0.5807857
13143,27,0,0.5218198
13144,7,1,0.34432086
13145,15,1,0.34212327
13146,19,1,0.39701712
13147,16,0,0.21881364
13148,16,1,0.58618957
13149,11,0,0.6032194
13150,10,0,0.39140794
13151,10,1,0.53830826
13152,10,1,0.5902086
13153,3,1,0.5507695
13154,25,0,0.3371989
13155,7,0,0.46886238
13156,13,1,0.37499264
13157,27,0,0.5977125
13158,21,1,0.8078953
13159,8,0,0.7135086
13160,2,1,0.41805184
13161,1,1,0.72286236
13162,24,1,0.4525001
13163,6,0,0.39893702
13164,15,1,0.6359622
13165,12,0,0.30767205
13166,18,1,0.3508613
13167,22,1,0.6731242
13168,16,1,0.5638808
13169,6,0,0.3636543
13170,3,1,0.5271226
13171,6,0,0.21157196
13172,1,0,0.51042145
13173,16,0,0.5636335
13174,3,1,0.5699519
13175,17,1,0.7992812
13176,8,0,0.55587864
13177,20,0,0.7562299
13178,20,0,0.3056622
13179,26,0,0.29197946
13180,22,1,0.5230238
13181,14,1,0.53429645
13182,19,0,0.33764267
13183,24,0,0.40810964
13184,26,1,0.48839203
13185,23,1,0.6801041
13186,22,1,0.537445
13187,5,1,0.52922446
13188,17,1,0.8023968
13189,1,1,0.20287319
13190,17,0,0.2547077
13191,13,1,0.59373176
13192,14,0,0.3119525
13193,14,1,0.49449727
13194,4,0,0.07583351
13195,14,1,0.88089293
13196,15,0,0.32243696
13197,24,1,0.2843369
13198,11,0,0.31333822
13199,0,1,0.6004009
13200,10,0,0.2583289
13201,3,1,0.6829005
13202,13,0,0.2690648
13203,12,1,0.90440315
13204,27,0,0.21468477
13205,21,0,0.27415103
13206,25,0,0.5815662
13207,20,1,0.7052385
13208,15,0,0.28992483
13209,20,0,0.5826809
13210,28,0,0.51752704
13211,18,0,0.36135352
13212,26,0,0.57971466
13213,27,1,0.26504079
13214,3,0,0.6440076
13215,16,0,0.38293123
13216,25,1,0.52356005
13217,26,0,0.2924344
13218,14,0,0.6873412
13219,2,1,0.4734158
13220,10,0,0.43280485
13221,15,1,0.4000026
13222,12,1,0.57530385
13223,16,0,0.8186091
13224,26,0,0.28940678
13225,8,1,0.3254611
13226,20,0,0.4774323
13227,24,1,0.5766677
13228,21,1,0.5781047
13229,4,0,0.37479073
13230,13,0,0.50231105
13231,20,1,0.5509749
13232,22,0,0.5962492
13233,13,0,0.4717105
13234,2,0,0.2817537
13235,23,1,0.7944013
13236,17,1,0.8162493
13237,9,1,0.40166765
13238,3,0,0.23402214
13239,7,0,0.58139974
13240,26,0,0.6223273
13241,1,1,0.8516094
13242,8,0,0.5526868
13243,16,0,0.44185498
13244,20,0,0.5300136
13245,14,1,0.35187107
13246,4,0,0.26837924
13247,11,1,0.7005589
13248,19,0,0.3631471
13249,11,1,0.72621304
13250,12,0,0.46962738
13251,20,0,0.29598004
13252,8,0,0.46340925
13253,11,0,0.5905669
13254,8,0,0.25690135
13255,28,1,0.5526263
13256,5,1,0.18168662
13257,3,0,0.27857637
13258,11,1,0.5479029
13259,0,0,0.22019702
13260,28,1,0.6789287
13261,20,1,0.8079618
13262,2,1,0.28408816
13263,24,1,0.6155333
13264,19,1,0.42446136
13265,20,0,0.5780018
13266,28,1,0.3409064
13267,0,0,0.5754275
13268,2,0,0.51137435
13269,2,1,0.6096739
13270,12,1,0.6465456
13271,11,1,0.39852974
13272,8,1,0.56329656
13273,19,1,0.52405924
13274,28,0,0.5722262
13275,17,0,0.20135885
13276,2,1,0.45538822
13277,18,0,0.40544772
13278,19,1,0.42757937
13279,12,0,0.5414467
13280,26,1,0.71151435
13281,12,0,0.17290229
13282,16,0,0.55182266
13283,20,0,0.5585967
13284,2,1,0.58368474
13285,0,0,0.7963328
13286,24,0,0.35558477
13287,17,1,0.5621086
13288,17,0,0.7494217
13289,16,0,0.21291402
13290,16,1,0.5977517
13291,13,0,0.27191132
13292,26,1,0.6459762
13293,8,1,0.602537
13294,25,1,0.57036275
13295,4,0,0.5614677
13296,13,0,0.2494033
13297,10,1,0.58875376
13298,26,0,0.47325993
13299,15,1,0.5802161
13300,1,0,0.09361048
13301,8,1,0.26453888
13302,6,1,0.46117082
13303,9,1,0.40775466
13304,8,1,0.50786644
13305,17,0,0.3659239
13306,0,0,0.566916
13307,18,0,0.2983791
13308,7,1,0.36010498
13309,28,1,0.6673961
13310,13,1,0.82845706
13311,11,1,0.3537972
13312,20,0,0.34561905
13313,2,0,0.5856554
13314,22,1,0.480994
13315,27,0,0.4137524
13316,20,0,0.22777097
13317,11,0,0.27664137
13318,11,0,0.45460165
13319,4,1,0.69530565
13320,22,1,0.5586128
13321,18,0,0.45693278
13322,9,1,0.7616728
13323,11,0,0.68526244
13324,28,0,0.38197646
13325,8,0,0.6479494
13326,6,0,0.7328562
13327,26,1,0.592366
13328,1,0,0.2892213
13329,13,1,0.81129485
13330,8,0,0.3199858
13331,25,1,0.5896614
13332,10,1,0.42750293
13333,27,1,0.30394
13334,21,1,0.77568257
13335,18,1,0.29348817
13336,8,0,0.27582222
13337,26,0,0.5734108
13338,12,1,0.409447
13339,16,0,0.22391935
13340,17,0,0.33336106
13341,16,0,0.24421172
13342,16,0,0.71201724
13343,6,1,0.3838095
13344,12,1,0.8488834
13345,6,0,0.54581493
13346,1,1,0.93699646
13347,7,1,0.8109743
13348,17,0,0.299544
13349,10,0,0.3351607
13350,12,1,0.8536153
13351,18,1,0.571358
13352,16,1,0.7620804
13353,11,1,0.63760394
13354,9,0,0.18741566
13355,27,0,0.40354702
13356,5,0,0.3976709
13357,5,0,0.027539138
13358,3,0,0.34018728
13359,27,0,0.24378152
13360,13,0,0.4338564
13361,17,1,0.45393014
13362,23,0,0.5403592
13363,12,1,0.89924115
13364,18,0,0.51024264
13365,4,0,0.56362796
13366,13,1,0.2699109
13367,20,1,0.61190677
13368,20,0,0.6039448
13369,12,0,0.21667184
13370,18,1,0.28175816
13371,16,1,0.4346668
13372,0,1,0.69551903
13373,19,1,0.87139636
13374,14,1,0.4193849
13375,14,1,0.6025829
13376,3,0,0.3888213
13377,26,0,0.6664017
13378,17,0,0.26941702
13379,8,1,0.6797841
13380,16,1,0.31436554
13381,1,0,0.27644894
13382,26,0,0.39554584
13383,24,0,0.7655315
13384,7,1,0.8158704
13385,15,1,0.6550652
13386,15,1,0.59849393
13387,20,1,0.6210696
13388,20,0,0.18024509
13389,14,0,0.60095733
13390,16,0,0.25308004
13391,3,1,0.4938445
13392,11,0,0.65420216
13393,19,0,0.3596256
13394,14,1,0.38989034
13395,6,1,0.8014531
13396,11,0,0.54549617
13397,6,1,0.5359198
13398,16,0,0.6032156
13399,13,1,0.49912184
13400,8,1,0.50075907
13401,14,0,0.62301624
13402,2,0,0.15956786
13403,16,0,0.511504
13404,11,0,0.37438855
13405,1,0,0.34223264
13406,26,1,0.8096588
13407,17,1,0.6834258
13408,6,0,0.350562
13409,22,0,0.25058714
13410,3,0,0.5344237
13411,25,1,0.260312
13412,16,1,0.3303259
13413,10,1,0.3366295
13414,27,0,0.24601652
13415,8,0,0.5313138
13416,18,1,0.63013494
13417,1,1,0.64231724
13418,8,0,0.3010402
13419,27,1,0.4515188
13420,1,0,0.6024396
13421,12,0,0.77103627
13422,16,1,0.2697953
13423,24,1,0.47953415
13424,25,1,0.7292731
13425,19,0,0.23563461
13426,26,0,0.30131707
13427,13,1,0.8635306
13428,16,1,0.7887335
13429,8,0,0.5035805
13430,3,0,0.5135125
13431,24,0,0.31138167
13432,8,1,0.75543
13433,16,1,0.71759766
13434,16,1,0.23595142
13435,26,0,0.49186638
13436,16,1,0.40332064
13437,2,0,0.5287881
13438,2,1,0.44766957
13439,10,0,0.5944205
13440,0,1,0.89746684
13441,5,1,0.5714668
13442,11,1,0.5597891
13443,16,1,0.1980153
13444,1,1,0.57266825
13445,11,0,0.72406715
13446,3,1,0.4860869
13447,10,0,0.23287034
13448,28,0,0.60246766
13449,22,0,0.55475825
13450,1,1,0.5583363
13451,2,0,0.31117442
13452,7,0,0.45393294
13453,16,1,0.20301953
13454,10,1,0.663204
13455,20,1,0.7803555
13456,0,1,0.53386253
13457,13,1,0.7089642
13458,11,0,0.46255174
13459,10,0,0.118657194
13460,2,1,0.65191907
13461,8,0,0.34550726
13462,21,1,0.72297955
13463,11,0,0.6283616
13464,15,1,0.594592
13465,24,1,0.848033
13466,1,0,0.3238742
13467,10,1,0.66813934
13468,28,1,0.47155553
13469,19,1,0.5795129
13470,22,1,0.65289515
13471,2,0,0.7028349
13472,19,1,0.5682034
13473,17,1,0.33151066
13474,1,1,0.47894752
13475,15,1,0.35113743
13476,25,1,0.6067373
13477,23,0,0.4818147
13478,28,1,0.6964469
13479,2,1,0.76760024
13480,17,1,0.3201434
13481,20,0,0.34783807
13482,0,1,0.6871436
13483,17,0,0.16183978
13484,3,0,0.57552105
13485,15,0,0.2445079
13486,24,1,0.73697
13487,9,0,0.61986965
13488,22,0,0.31300724
13489,15,1,0.34670877
13490,20,0,0.4133251
13491,22,1,0.9023418
13492,11,1,0.8964995
13493,13,1,0.67280364
13494,27,1,0.79425526
13495,27,0,0.2568613
13496,2,1,0.53011626
13497,12,1,0.33465356
13498,1,1,0.89642376
13499,14,1,0.63071305
13500,25,1,0.5735026
13501,15,0,0.45460108
13502,4,1,0.88321006
13503,2,0,0.23210241
13504,8,1,0.57373416
13505,5,0,0.49366194
13506,13,1,0.6027857
13507,8,0,0.47727737
13508,3,0,0.36725584
13509,5,0,0.34353647
13510,21,0,0.3243185
13511,27,0,0.23629147
13512,1,0,0.66678005
13513,28,1,0.60302985
13514,22,0,0.6262768
13515,22,1,0.8802182
13516,16,1,0.5589894
13517,11,0,0.34408066
13518,21,0,0.5222064
13519,1,1,0.46679527
13520,3,0,0.5926771
13521,3,1,0.3906029
13522,28,1,0.6700447
13523,1,0,0.4328492
13524,11,0,0.5131609
13525,10,0,0.17662203
13526,2,1,0.68013424
13527,20,1,0.26841104
13528,6,1,0.5708525
13529,18,1,0.9281142
13530,17,1,0.37462363
13531,18,1,0.73865676
13532,6,1,0.8171926
13533,2,1,0.62950987
13534,7,0,0.4046848
13535,22,1,0.6336742
13536,23,1,0.43268296
13537,23,1,0.48013875
13538,2,0,0.61812085
13539,25,1,0.32503724
13540,19,0,0.28791595
13541,28,0,0.58171153
13542,27,1,0.5720482
13543,20,1,0.6048947
13544,26,1,0.44355154
13545,25,1,0.623251
13546,20,1,0.30564636
13547,6,0,0.31548584
13548,22,0,0.30193886
13549,10,0,0.32492968
13550,28,0,0.3579185
13551,28,0,0.25553095
13552,6,1,0.3933964
13553,13,0,0.19614702
13554,13,0,0.2554496
13555,23,0,0.31598637
13556,13,0,0.36548698
13557,1,1,0.52978563
13558,24,1,0.6399755
13559,21,1,0.7478648
13560,22,1,0.5810047
13561,22,1,0.4609572
13562,25,0,0.7309141
13563,26,0,0.7862174
13564,26,0,0.27612254
13565,8,1,0.5859516
13566,22,1,0.2822217
13567,23,0,0.3613064
13568,27,1,0.5077562
13569,15,1,0.35980922
13570,16,1,0.74531317
13571,7,1,0.7841056
13572,1,0,0.73192084
13573,13,0,0.46199736
13574,19,0,0.43173456
13575,15,1,0.32507136
13576,6,0,0.37678012
13577,15,0,0.46513873
13578,25,0,0.3072756
13579,24,1,0.65635645
13580,5,1,0.66521233
13581,20,0,0.55791396
13582,22,1,0.69724375
13583,7,1,0.66190165
13584,1,0,0.3597638
13585,13,1,0.90957093
13586,18,1,0.24954355
13587,10,0,0.46943006
13588,2,1,0.64320713
13589,8,1,0.3412217
13590,25,0,0.28295547
13591,17,0,0.4630824
13592,22,1,0.41473013
13593,16,0,0.5848011
13594,0,1,0.64503515
13595,7,0,0.33869493
13596,6,1,0.6820737
13597,18,1,0.52234757
13598,19,1,0.36556792
13599,27,1,0.56299573
13600,7,1,0.67485267
13601,23,1,0.7125751
13602,16,0,0.32935706
13603,5,0,0.26214042
13604,0,1,0.5181998
13605,3,1,0.58758223
13606,7,0,0.3466379
13607,4,1,0.55909646
13608,11,1,0.48219728
13609,1,1,0.65774876
13610,26,1,0.7434496
13611,2,0,0.29975364
13612,13,1,0.6035748
13613,5,0,0.53694856
13614,16,1,0.80971146
13615,22,0,0.28702784
13616,6,0,0.5760065
13617,26,0,0.5392606
13618,7,1,0.23446481
13619,27,0,0.47893715
13620,8,0,0.2531481
13621,6,1,0.7422627
13622,16,1,0.7260994
13623,4,0,0.57364076
13624,25,0,0.2075505
13625,26,1,0.92473143
13626,15,0,0.054963775
13627,21,1,0.73232526
13628,3,1,0.35537198
13629,1,0,0.5959506
13630,24,0,0.49158677
13631,13,0,0.20142584
13632,13,1,0.6681144
13633,16,0,0.6753687
13634,24,1,0.25413105
13635,13,1,0.43189445
13636,8,0,0.27703953
13637,16,1,0.55259544
13638,10,0,0.48202872
13639,18,0,0.4217732
13640,7,1,0.69924825
13641,16,1,0.60752
13642,13,1,0.33849725
13643,16,0,0.26870885
13644,10,1,0.55379003
13645,5,0,0.3455844
13646,6,1,0.57273155
13647,28,0,0.507106
13648,11,1,0.6175064
13649,17,1,0.43220365
13650,9,0,0.4662901
13651,13,0,0.27967784
13652,10,0,0.5618408
13653,18,0,0.23554623
13654,20,1,0.77702016
13655,16,1,0.25020888
13656,12,0,0.32804412
13657,8,1,0.6699139
13658,20,1,0.6158622
13659,16,1,0.2442207
13660,13,1,0.5918687
13661,6,1,0.5451697
13662,19,1,0.55275345
13663,24,1,0.700249
13664,16,1,0.5087403
13665,6,1,0.23543327
13666,2,1,0.6271706
13667,24,0,0.36000445
13668,22,0,0.5663228
13669,27,0,0.23490658
13670,27,1,0.63412195
13671,17,1,0.36447722
13672,5,0,0.42044148
13673,24,1,0.48270717
13674,7,1,0.21022914
13675,25,0,0.21071017
13676,12,0,0.45805728
13677,24,0,0.2040272
13678,14,0,0.69987506
13679,20,1,0.29112905
13680,10,0,0.8633869
13681,1,0,0.33721194
13682,7,0,0.42200693
13683,2,0,0.31761575
13684,27,0,0.7408197
13685,26,1,0.788034
13686,17,0,0.61028636
13687,16,1,0.16094378
13688,7,1,0.38793385
13689,25,1,0.2226506
13690,4,0,0.4128804
13691,0,0,0.25874633
13692,16,0,0.35108274
13693,25,0,0.3110822
13694,21,1,0.42045692
13695,26,1,0.8094317
13696,10,0,0.5418716
13697,2,0,0.6307446
13698,13,1,0.43890092
13699,8,1,0.8620387
13700,13,0,0.45984358
13701,8,0,0.47993746
13702,10,1,0.47787258
13703,8,0,0.49277502
13704,2,0,0.29882577
13705,13,1,0.593119
13706,5,0,0.23868535
13707,16,0,0.20954213
13708,27,1,0.6529286
13709,10,0,0.56970185
13710,8,1,0.7139381
13711,13,1,0.4783284
13712,6,0,0.60869026
13713,27,1,0.81606
13714,11,0,0.27449828
13715,1,1,0.8548569
13716,9,1,0.681816
13717,7,0,0.20594542
13718,14,0,0.43426985
13719,15,1,0.76901644
13720,16,0,0.25861347
13721,3,0,0.5372367
13722,15,0,0.6520167
13723,13,1,0.58970946
13724,11,1,0.6295023
13725,13,1,0.58423597
13726,12,0,0.2531234
13727,6,1,0.81786793
13728,8,0,0.40472996
13729,27,0,0.46146482
13730,8,0,0.30637646
13731,1,0,0.24178708
13732,1,1,0.4477816
13733,6,1,0.31469765
13734,7,0,0.44777146
13735,15,0,0.17264704
13736,11,1,0.30239606
13737,2,0,0.43846312
13738,16,0,0.21882324
13739,16,0,0.51837367
13740,16,1,0.71982753
13741,5,1,0.45148152
13742,15,1,0.4637431
13743,10,0,0.6034271
13744,8,1,0.54067624
13745,18,0,0.5736839
13746,17,0,0.42707536
13747,20,1,0.47426835
13748,13,1,0.7075317
13749,15,0,0.23795725
13750,27,1,0.48093882
13751,13,1,0.8019561
13752,8,0,0.5784785
13753,11,0,0.4420729
13754,27,0,0.51552945
13755,8,0,0.5137619
13756,16,0,0.33549252
13757,8,0,0.34064835
13758,13,1,0.42209747
13759,28,0,0.3087751
13760,22,1,0.35765526
13761,24,1,0.3614144
13762,25,0,0.6319974
13763,2,1,0.7890684
13764,28,0,0.54624003
13765,26,1,0.37162638
13766,20,0,0.5575767
13767,26,0,0.5878838
13768,2,0,0.4618369
13769,16,1,0.81870025
13770,16,1,0.42486075
13771,6,0,0.2748046
13772,9,1,0.60678315
13773,2,1,0.5240788
13774,15,0,0.6580529
13775,2,0,0.84411573
13776,23,1,0.49736938
13777,5,0,0.48210135
13778,12,0,0.32737565
13779,26,1,0.55807155
13780,27,1,0.56520474
13781,2,0,0.59713477
13782,17,0,0.6266722
13783,25,0,0.4092599
13784,16,1,0.7704092
13785,15,0,0.2802096
13786,1,0,0.3752721
13787,24,0,0.35256425
13788,10,1,0.48876396
13789,10,1,0.29721192
13790,2,1,0.8409168
13791,10,1,0.55858356
13792,14,0,0.29842344
13793,1,1,0.2559599
13794,13,1,0.6075895
13795,25,1,0.57271117
13796,16,0,0.40346023
13797,18,1,0.63309103
13798,13,1,0.780215
13799,1,0,0.28061062
13800,4,0,0.23693793
13801,15,1,0.40378857
13802,16,0,0.2232279
13803,6,1,0.4910554
13804,4,0,0.45510972
13805,27,1,0.7659863
13806,14,1,0.6603176
13807,7,1,0.81276155
13808,22,1,0.25410604
13809,14,0,0.23930672
13810,12,0,0.27827138
13811,11,0,0.68443924
13812,28,1,0.513877
13813,16,1,0.6493459
13814,25,1,0.30884883
13815,25,0,0.19465512
13816,8,1,0.39573953
13817,13,0,0.2681564
13818,27,1,0.6752112
13819,10,0,0.4743004
13820,25,1,0.3455107
13821,27,0,0.48263618
13822,17,1,0.6422499
13823,8,0,0.35290802
13824,2,1,0.49894688
13825,22,1,0.6923141
13826,16,1,0.92863613
13827,10,1,0.37902442
13828,8,0,0.4106515
13829,20,1,0.49535212
13830,21,1,0.7774001
13831,9,1,0.85557175
13832,1,1,0.26254955
13833,13,0,0.38485256
13834,13,1,0.5675378
13835,13,1,0.6438963
13836,2,0,0.3269355
13837,4,1,0.44346642
13838,23,0,0.40494406
13839,19,0,0.3337402
13840,22,1,0.46191004
13841,4,1,0.29772204
13842,22,0,0.44995508
13843,1,1,0.8868017
13844,7,1,0.7687693
13845,11,0,0.28080612
13846,5,0,0.3124997
13847,14,1,0.84177166
13848,19,0,0.2780901
13849,2,0,0.54093194
13850,0,1,0.7032288
13851,2,0,0.15386273
13852,8,0,0.3729145
13853,0,0,0.2651716
13854,10,0,0.47915527
13855,14,0,0.5558331
13856,17,0,0.33949548
13857,16,1,0.57902145
13858,12,1,0.3523818
13859,2,1,0.38755056
13860,10,1,0.36720252
13861,13,1,0.55422
13862,11,0,0.25370312
13863,20,1,0.82011056
13864,2,0,0.8186416
13865,10,0,0.20795311
13866,11,1,0.34618202
13867,1,0,0.4768049
13868,1,0,0.2983968
13869,15,0,0.7458599
13870,0,1,0.5965839
13871,8,1,0.577459
13872,3,1,0.67077625
13873,12,0,0.39535525
13874,24,1,0.73178273
13875,26,1,0.6806082
13876,19,1,0.65719515
13877,15,0,0.5349848
13878,27,0,0.38993803
13879,15,0,0.37877935
13880,2,1,0.37167126
13881,12,0,0.3131903
13882,8,0,0.5267159
13883,24,0,0.5987565
13884,12,1,0.5103065
13885,13,1,0.32364574
13886,4,0,0.55176646
13887,18,1,0.9239552
13888,2,0,0.26625764
13889,8,0,0.42662188
13890,16,1,0.6404628
13891,12,1,0.739028
13892,28,0,0.63955855
13893,10,0,0.29302287
13894,2,0,0.5037339
13895,13,0,0.446665
13896,28,0,0.21347785
13897,2,0,0.51018
13898,1,0,0.6043281
13899,15,1,0.5742864
13900,0,0,0.30512828
13901,1,0,0.7713415
13902,15,0,0.2799799
13903,10,1,0.4842961
13904,27,0,0.6002299
13905,15,1,0.5307037
13906,10,0,0.46940666
13907,19,1,0.5697783
13908,14,1,0.60724044
13909,16,0,0.3525824
13910,1,0,0.44199026
13911,1,0,0.5081996
13912,24,1,0.72538924
13913,27,0,0.36290082
13914,2,0,0.27371544
13915,4,0,0.2428847
13916,2,0,0.36573917
13917,14,0,0.50818866
13918,13,1,0.5973462
13919,27,0,0.30921257
13920,15,0,0.45446166
13921,18,0,0.5997717
13922,4,1,0.62226844
13923,8,0,0.35039422
13924,20,0,0.2701226
13925,18,1,0.24907766
13926,19,0,0.29387084
13927,27,0,0.25878954
13928,12,1,0.6701002
13929,6,1,0.5607734
13930,2,0,0.21677361
13931,22,0,0.6243751
13932,16,0,0.6679754
13933,6,0,0.28812328
13934,1,1,0.49164867
13935,2,0,0.24342866
13936,15,1,0.7030385
13937,13,0,0.41159487
13938,13,0,0.6311385
13939,16,0,0.2944337
13940,27,1,0.766394
13941,5,1,0.5435165
13942,23,1,0.68430036
13943,26,1,0.76475734
13944,11,0,0.7479148
13945,2,1,0.66202426
13946,2,1,0.7453952
13947,27,1,0.53125536
13948,19,1,0.6057844
13949,9,0,0.3264131
13950,13,1,0.55068
13951,12,0,0.43687296
13952,3,0,0.5852973
13953,10,0,0.62392104
13954,12,1,0.37223303
13955,26,1,0.41866165
13956,18,1,0.35138792
13957,27,0,0.20105502
13958,13,1,0.701085
13959,24,0,0.29732645
13960,9,0,0.3235176
13961,4,1,0.41730237
13962,22,1,0.69118166
13963,11,0,0.25985497
13964,24,1,0.3587571
13965,17,0,0.5859224
13966,24,0,0.55304074
13967,6,0,0.40966105
13968,26,0,0.29143333
13969,10,1,0.30487725
13970,24,1,0.822421
13971,11,1,0.8235474
13972,23,1,0.2801572
13973,1,0,0.49499938
13974,13,0,0.299799
13975,5,0,0.60503376
13976,16,1,0.8174912
13977,26,0,0.34062105
13978,13,1,0.5884375
13979,7,1,0.80491495
13980,18,1,0.5076806
13981,2,1,0.49950552
13982,17,0,0.3967556
13983,1,1,0.40016377
13984,26,0,0.3978056
13985,15,0,0.34043846
13986,9,0,0.6629858
13987,10,0,0.44472596
13988,18,0,0.52720726
13989,18,0,0.7423156
13990,8,1,0.2459252
13991,5,1,0.53464764
13992,25,0,0.22453068
13993,1,0,0.48735836
13994,8,0,0.08094618
13995,20,1,0.6689452
13996,19,1,0.37536737
13997,2,0,0.22032918
13998,10,0,0.551219
13999,3,0,0.49739656
14000,11,0,0.027212122
14001,18,1,0.37608838
14002,9,1,0.59942955
14003,8,1,0.43162194
14004,25,1,0.6577833
14005,2,0,0.6211239
14006,6,1,0.5525267
14007,26,1,0.62976086
14008,17,1,0.5445252
14009,10,0,0.52022666
14010,4,0,0.57611626
14011,25,1,0.7389972
14012,11,0,0.63576955
14013,2,1,0.79682446
14014,15,0,0.5494146
14015,16,0,0.6773872
14016,2,1,0.33649895
14017,4,0,0.7301428
14018,3,0,0.5110788
14019,3,0,0.3825748
14020,1,0,0.3816797
14021,21,1,0.43336186
14022,16,1,0.772434
14023,21,0,0.3985466
14024,24,1,0.65566194
14025,28,0,0.30392325
14026,17,1,0.5058225
14027,18,0,0.33276752
14028,0,0,0.42300308
14029,26,1,0.5311552
14030,21,0,0.29315996
14031,15,0,0.28210843
14032,12,1,0.74518204
14033,13,1,0.6126814
14034,16,1,0.6633601
14035,10,0,0.37157094
14036,16,0,0.27107415
14037,12,0,0.6909651
14038,4,1,0.6486922
14039,10,1,0.7943994
14040,12,0,0.17449361
14041,1,0,0.31889167
14042,15,1,0.5684708
14043,12,1,0.602587
14044,13,1,0.58574486
14045,13,1,0.6674871
14046,28,0,0.29789448
14047,11,0,0.38769493
14048,7,1,0.5068306
14049,13,0,0.3233413
14050,15,1,0.6597518
14051,2,1,0.860048
14052,7,0,0.43627635
14053,10,1,0.7435605
14054,26,0,0.48184893
14055,25,1,0.35601166
14056,18,0,0.43185514
14057,28,0,0.6128484
14058,1,1,0.38391957
14059,10,0,0.3575004
14060,26,1,0.3029837
14061,18,1,0.47388253
14062,12,1,0.47738492
14063,13,1,0.2416263
14064,19,1,0.49739462
14065,16,1,0.8555898
14066,8,1,0.7096413
14067,15,0,0.36844152
14068,13,0,0.60589635
14069,26,0,0.343866
14070,7,1,0.78383034
14071,11,0,0.3194913
14072,25,1,0.605166
14073,10,0,0.2918693
14074,22,0,0.2375771
14075,6,1,0.37336802
14076,1,0,0.41599807
14077,2,0,0.38032272
14078,16,1,0.30081415
14079,8,0,0.47250116
14080,13,0,0.33227974
14081,1,0,0.2703423
14082,0,1,0.26446393
14083,1,1,0.7283437
14084,0,1,0.4027354
14085,16,1,0.6090762
14086,6,0,0.35704985
14087,28,1,0.7190039
14088,18,1,0.5519388
14089,27,0,0.51613086
14090,2,0,0.49526426
14091,13,1,0.33721948
14092,14,0,0.35562265
14093,13,0,0.6061301
14094,13,0,0.37597182
14095,6,1,0.84361154
14096,10,1,0.4785869
14097,3,1,0.8825559
14098,22,1,0.6617263
14099,5,0,0.35427895
14100,5,1,0.48475793
14101,28,1,0.695782
14102,24,0,0.46580583
14103,24,1,0.5130944
14104,7,1,0.29679376
14105,23,1,0.54695725
14106,13,0,0.27667034
14107,26,1,0.33633193
14108,0,0,0.49648145
14109,13,0,0.8208691
14110,2,1,0.81280863
14111,15,0,0.5062488
14112,13,0,0.5531879
14113,26,1,0.70981646
14114,8,1,0.5089048
14115,6,0,0.29617563
14116,20,1,0.3596372
14117,25,1,0.37585047
14118,1,1,0.46911535
14119,6,0,0.48502657
14120,8,0,0.54813755
14121,15,0,0.4694731
14122,24,1,0.63029647
14123,10,1,0.49369514
14124,14,0,0.81207216
14125,28,1,0.72392046
14126,16,0,0.42526788
14127,16,1,0.5269013
14128,13,0,0.47944996
14129,14,0,0.39947602
14130,10,1,0.37398106
14131,8,0,0.67320377
14132,24,1,0.4058845
14133,11,0,0.20671535
14134,10,0,0.2671375
14135,8,0,0.30197024
14136,22,1,0.5936611
14137,15,0,0.17195444
14138,10,0,0.6755289
14139,16,1,0.31624296
14140,8,0,0.15501973
14141,10,1,0.8123869
14142,3,0,0.312593
14143,12,1,0.6700171
14144,16,0,0.54814464
14145,9,0,0.6062245
14146,25,1,0.58139116
14147,16,1,0.6311707
14148,20,1,0.4748256
14149,3,1,0.5026965
14150,23,0,0.4109912
14151,8,1,0.88930863
14152,21,0,0.53669757
14153,13,0,0.37287936
14154,17,1,0.8215794
14155,10,0,0.42063704
14156,24,1,0.2575923
14157,14,0,0.24108355
14158,12,0,0.66900176
14159,12,0,0.49126038
14160,27,1,0.81417626
14161,13,1,0.6849621
14162,13,0,0.5486939
14163,20,0,0.37933567
14164,2,0,0.2410626
14165,13,0,0.1384125
14166,12,1,0.61255497
14167,2,0,0.62858194
14168,4,0,0.4843908
14169,15,1,0.63050663
14170,12,0,0.37191537
14171,20,0,0.45010993
14172,25,1,0.870572
14173,20,0,0.23970564
14174,12,0,0.21539734
14175,7,0,0.261773
14176,23,0,0.3276158
14177,2,1,0.44575226
14178,0,0,0.3503945
14179,19,1,0.42342183
14180,18,0,0.3058734
14181,27,0,0.34047562
14182,25,1,0.848763
14183,19,0,0.31661052
14184,11,0,0.26887298
14185,10,1,0.69714713
14186,13,0,0.63878495
14187,9,0,0.32927424
14188,15,0,0.57249457
14189,10,0,0.2752443
14190,17,1,0.41403094
14191,20,1,0.56662595
14192,8,0,0.5291933
14193,17,1,0.3358875
14194,28,1,0.73346156
14195,28,1,0.32148698
14196,20,1,0.8105225
14197,1,1,0.44725126
14198,5,1,0.6921102
14199,8,1,0.6305511
14200,14,0,0.21270962
14201,22,0,0.5420188
14202,15,0,0.4287837
14203,21,0,0.2523369
14204,28,1,0.65407103
14205,14,0,0.48311323
14206,18,0,0.4199492
14207,20,1,0.72680736
14208,14,0,0.2613528
14209,20,0,0.49158657
14210,14,0,0.5474961
14211,11,0,0.3624982
14212,12,0,0.35075662
14213,19,0,0.39873016
14214,28,0,0.29818332
14215,27,0,0.2320967
14216,22,1,0.29689696
14217,15,1,0.9183388
14218,17,0,0.45564547
14219,9,0,0.7806514
14220,22,0,0.33268943
14221,4,1,0.48563316
14222,0,1,0.6772618
14223,15,1,0.86463904
14224,16,0,0.36028743
14225,28,1,0.57894516
14226,26,1,0.36586887
14227,26,1,0.82131904
14228,12,1,0.56155074
14229,3,1,0.6082678
14230,13,0,0.45909426
14231,13,1,0.8198742
14232,25,1,0.35956043
14233,11,0,0.4604969
14234,16,1,0.7856226
14235,18,0,0.54372436
14236,18,0,0.50135016
14237,19,1,0.6953264
14238,26,0,0.35651758
14239,18,0,0.406999
14240,7,0,0.58615875
14241,11,1,0.7942915
14242,5,0,0.21869135
14243,13,0,0.5736768
14244,11,0,0.25970522
14245,0,0,0.51478463
14246,7,0,0.49016526
14247,11,1,0.81117445
14248,15,0,0.77550125
14249,0,1,0.37075415
14250,20,0,0.56616306
14251,11,1,0.33842602
14252,1,1,0.35077223
14253,6,0,0.71882176
14254,16,0,0.6061503
14255,26,1,0.3408273
14256,16,1,0.56474024
14257,8,1,0.678082
14258,16,0,0.2281385
14259,25,0,0.3054814
14260,5,0,0.28933913
14261,16,1,0.75550157
14262,1,0,0.27768296
14263,13,0,0.613773
14264,20,0,0.40222803
14265,1,0,0.44157633
14266,24,0,0.15218225
14267,10,0,0.48612592
14268,14,1,0.37349653
14269,27,1,0.45635578
14270,25,1,0.4389542
14271,26,1,0.7028558
14272,7,0,0.300205
14273,13,1,0.26013502
14274,7,1,0.22525859
14275,4,1,0.6076083
14276,16,0,0.69855595
14277,8,1,0.2860207
14278,13,0,0.39557043
14279,1,1,0.6081734
14280,17,1,0.7697969
14281,4,0,0.2012586
14282,17,1,0.3121631
14283,1,0,0.36263457
14284,6,0,0.6563459
14285,13,1,0.4131983
14286,5,1,0.4279416
14287,1,0,0.669901
14288,15,0,0.5143248
14289,28,0,0.4368145
14290,6,0,0.41481087
14291,20,1,0.5436295
14292,25,1,0.40635046
14293,15,0,0.26470026
14294,10,0,0.5930386
14295,2,0,0.20032267
14296,0,0,0.49113962
14297,21,0,0.20605952
14298,4,0,0.42718017
14299,9,1,0.52554333
14300,14,0,0.35453185
14301,27,1,0.67159295
14302,15,0,0.48708302
14303,9,0,0.36723128
14304,8,1,0.36285776
14305,25,0,0.366179
14306,26,0,0.44584256
14307,8,1,0.56773025
14308,5,1,0.4027829
14309,6,1,0.30018315
14310,16,1,0.8541864
14311,1,0,0.6047473
14312,8,0,0.20220841
14313,15,0,0.2776071
14314,11,1,0.38770857
14315,17,0,0.32364112
14316,28,1,0.55946547
14317,13,0,0.5080475
14318,16,0,0.31738332
14319,1,0,0.798913
14320,25,0,0.37562394
14321,18,1,0.59277546
14322,23,0,0.44524282
14323,26,0,0.49673387
14324,21,1,0.6839582
14325,11,1,0.74922603
14326,26,0,0.39275473
14327,23,1,0.39764097
14328,23,1,0.47334057
14329,13,0,0.47123656
14330,14,0,0.5818211
14331,19,1,0.21470705
14332,25,0,0.6431275
14333,24,0,0.3081268
14334,1,0,0.76140624
14335,16,0,0.5705982
14336,13,0,0.377046
14337,5,0,0.4114716
14338,10,0,0.21519788
14339,2,1,0.7331364
14340,27,1,0.48690557
14341,16,1,0.5740774
14342,16,1,0.34971458
14343,1,1,0.19047172
14344,28,1,0.46062723
14345,15,0,0.825106
14346,6,0,0.2006997
14347,21,0,0.5135125
14348,25,0,0.23101865
14349,18,1,0.50909007
14350,20,1,0.71307856
14351,16,1,0.47860745
14352,14,0,0.2776212
14353,13,1,0.5965819
14354,11,1,0.61413646
14355,1,1,0.5317705
14356,8,0,0.30465108
14357,15,0,0.30761695
14358,10,0,0.71182907
14359,16,1,0.5705551
14360,20,1,0.28879777
14361,11,1,0.58535045
14362,28,1,0.49602923
14363,3,1,0.3320106
14364,25,0,0.51437867
14365,18,1,0.63498145
14366,12,1,0.37893972
14367,1,0,0.32377627
14368,13,0,0.21901351
14369,14,1,0.52424437
14370,19,1,0.7826308
14371,14,1,0.49547723
14372,25,1,0.49568266
14373,2,0,0.5723087
14374,16,1,0.4711398
14375,12,0,0.6695598
14376,12,0,0.4475066
14377,21,0,0.40850312
14378,10,1,0.33514977
14379,8,1,0.25680247
14380,15,1,0.8589519
14381,20,1,0.7323891
14382,26,0,0.66838324
14383,26,0,0.3283685
14384,14,0,0.41455376
14385,1,1,0.5878113
14386,27,0,0.53879124
14387,3,1,0.55930364
14388,7,0,0.23512945
14389,14,1,0.84411395
14390,27,1,0.30951104
14391,25,1,0.45538485
14392,22,1,0.30372706
14393,27,0,0.27760905
14394,9,1,0.88082683
14395,18,0,0.2408658
14396,18,1,0.6805994
14397,20,0,0.27736267
14398,28,1,0.1878261
14399,25,1,0.2899321
14400,27,0,0.29520437
14401,19,0,0.4223109
14402,25,1,0.73367375
14403,1,0,0.5870164
14404,17,0,0.21992712
14405,19,0,0.60171
14406,7,1,0.60467935
14407,6,1,0.49308956
14408,25,1,0.53548986
14409,11,0,0.26935017
14410,8,0,0.23554434
14411,12,0,0.2947878
14412,13,1,0.5794644
14413,17,1,0.69649523
14414,22,1,0.5358387
14415,20,1,0.5471763
14416,25,0,0.26689467
14417,9,1,0.4210118
14418,28,0,0.3256666
14419,11,1,0.5153435
14420,24,1,0.40227076
14421,28,0,0.38746676
14422,2,1,0.88885736
14423,4,0,0.55150753
14424,23,1,0.5718581
14425,22,0,0.25294188
14426,28,1,0.59861434
14427,16,1,0.38035277
14428,13,0,0.5655972
14429,26,0,0.3175915
14430,12,0,0.58084106
14431,12,1,0.34589475
14432,0,1,0.585322
14433,17,0,0.3454471
14434,26,1,0.53198344
14435,11,1,0.8549223
14436,1,1,0.86728394
14437,2,1,0.35844857
14438,3,1,0.5280011
14439,12,1,0.47611013
14440,10,0,0.474878
14441,21,1,0.599007
14442,21,1,0.75979894
14443,9,1,0.29732773
14444,11,1,0.28718582
14445,10,1,0.43856734
14446,28,0,0.31345913
14447,6,0,0.17815797
14448,7,0,0.32786605
14449,16,1,0.76732475
14450,9,0,0.5467574
14451,26,1,0.68937236
14452,28,0,0.4127553
14453,11,0,0.6798805
14454,12,1,0.3538253
14455,20,1,0.22527008
14456,8,0,0.31436673
14457,13,1,0.73832446
14458,22,1,0.6469767
14459,20,0,0.2591489
14460,17,1,0.8197841
14461,15,0,0.4644714
14462,10,1,0.67949563
14463,25,1,0.83265966
14464,15,1,0.26191568
14465,9,1,0.37082994
14466,12,1,0.8394859
14467,2,1,0.61579794
14468,24,1,0.322915
14469,5,1,0.4136876
14470,14,1,0.2579891
14471,18,0,0.38506347
14472,11,0,0.48441362
14473,28,0,0.20895177
14474,3,1,0.50984657
14475,1,0,0.4021048
14476,17,1,0.77102345
14477,12,0,0.21285243
14478,28,1,0.79370743
14479,13,0,0.3705865
14480,5,1,0.41425666
14481,22,1,0.4733953
14482,7,0,0.4440424
14483,13,0,0.35358864
14484,24,0,0.44607168
14485,11,0,0.23386906
14486,22,1,0.8142508
14487,14,0,0.290263
14488,12,0,0.45372415
14489,4,0,0.44564757
14490,27,1,0.6819907
14491,26,1,0.5298824
14492,2,0,0.21693623
14493,5,1,0.6196227
14494,24,0,0.51075184
14495,4,0,0.25649843
14496,1,1,0.7493773
14497,26,0,0.22809073
14498,25,1,0.2971086
14499,24,0,0.54763407
14500,2,1,0.6376115
14501,27,0,0.28766355
14502,7,0,0.5905426
14503,4,1,0.8442817
14504,22,0,0.34387365
14505,15,1,0.55138946
14506,1,0,0.71434844
14507,11,0,0.3668943
14508,9,1,0.61114997
14509,26,0,0.6472366
14510,22,0,0.28101826
14511,16,1,0.68457747
14512,15,0,0.82762265
14513,12,0,0.22730923
14514,26,1,0.2788101
14515,8,0,0.43085688
14516,27,1,0.68053794
14517,9,0,0.6583725
14518,6,1,0.51488966
14519,12,0,0.3801067
14520,23,0,0.5308921
14521,17,1,0.6517833
14522,10,0,0.24215183
14523,0,1,0.8239378
14524,11,1,0.59172344
14525,2,0,0.4052627
14526,26,0,0.43626454
14527,7,0,0.33871627
14528,20,0,0.19302718
14529,23,1,0.4573069
14530,6,0,0.39680624
14531,28,0,0.22016673
14532,14,1,0.34199807
14533,20,1,0.5775787
14534,22,1,0.8063765
14535,26,0,0.24398167
14536,25,0,0.4129753
14537,23,0,0.6973697
14538,6,0,0.17872463
14539,13,0,0.23335198
14540,15,0,0.35869876
14541,8,1,0.3817551
14542,17,0,0.67642987
14543,18,0,0.36247808
14544,16,1,0.5835333
14545,20,1,0.48489377
14546,10,1,0.23819953
14547,3,0,0.31961396
14548,10,0,0.3332859
14549,16,0,0.44786748
14550,13,0,0.75128824
14551,28,1,0.39793438
14552,1,0,0.54414105
14553,7,0,0.17077413
14554,8,1,0.75218666
14555,15,0,0.26650295
14556,21,1,0.49438867
14557,27,1,0.656272
14558,20,1,0.8962531
14559,13,0,0.6837833
14560,16,0,0.8025886
14561,21,1,0.5183258
14562,12,1,0.32775086
14563,3,0,0.45720685
14564,17,1,0.48194182
14565,4,0,0.5177672
14566,3,0,0.56137836
14567,4,1,0.31329644
14568,16,1,0.6723281
14569,3,1,0.5168017
14570,4,0,0.35559562
14571,13,0,0.21016276
14572,1,1,0.60708994
14573,0,0,0.1866498
14574,6,1,0.5399548
14575,8,0,0.29371908
14576,12,1,0.7104178
14577,8,1,0.38255095
14578,1,1,0.23460181
14579,18,0,0.75555265
14580,25,0,0.61517537
14581,26,0,0.7042486
14582,11,0,0.6454598
14583,22,1,0.5411334
14584,24,0,0.34586635
14585,26,0,0.5586608
14586,15,0,0.21258199
14587,2,1,0.41677412
14588,23,0,0.53387433
14589,16,1,0.60816234
14590,15,1,0.8871616
14591,13,1,0.7274749
14592,2,1,0.32015565
14593,15,1,0.4566539
14594,25,1,0.40016732
14595,14,1,0.47769126
14596,15,0,0.47222373
14597,1,0,0.24642377
14598,27,0,0.5605219
14599,10,1,0.6902681
14600,4,1,0.39595687
14601,1,1,0.54132783
14602,1,0,0.48393926
14603,22,0,0.27518812
14604,20,0,0.38071698
14605,0,0,0.37731475
14606,10,0,0.3596777
14607,6,0,0.678625
14608,10,1,0.53622997
14609,11,1,0.46201903
14610,27,1,0.27429318
14611,20,1,0.6046491
14612,5,1,0.5656363
14613,11,0,0.32318634
14614,10,1,0.3872935
14615,20,0,0.5584482
14616,11,0,0.63431054
14617,1,0,0.25513977
14618,20,0,0.4850407
14619,27,0,0.27265048
14620,2,1,0.5273979
14621,15,1,0.49036565
14622,15,1,0.40748727
14623,18,0,0.2222436
14624,7,1,0.7017344
14625,7,0,0.5734431
14626,7,0,0.5647053
14627,25,0,0.57512575
14628,12,0,0.23090823
14629,25,0,0.25574768
14630,8,1,0.4972795
14631,27,0,0.49700698
14632,13,0,0.35108057
14633,1,1,0.35226583
14634,13,0,0.41966516
14635,17,1,0.4710601
14636,20,1,0.5326067
14637,26,1,0.6848496
14638,25,1,0.48417306
14639,27,1,0.6002594
14640,26,1,0.5246769
14641,1,1,0.53977793
14642,10,1,0.5805937
14643,15,0,0.37300768
14644,17,1,0.81600314
14645,2,0,0.5004586
14646,20,0,0.68846285
14647,6,1,0.32079744
14648,5,1,0.8883083
14649,2,1,0.40595937
14650,20,0,0.49217632
14651,8,0,0.32373804
14652,1,0,0.5573395
14653,11,0,0.39477548
14654,8,1,0.53368896
14655,10,0,0.39071757
14656,23,0,0.40482262
14657,8,1,0.3383595
14658,17,0,0.6446569
14659,10,1,0.8520729
14660,11,0,0.30201954
14661,27,1,0.59821194
14662,26,1,0.4858188
14663,27,0,0.6432823
14664,28,0,0.55941373
14665,10,1,0.43378234
14666,7,0,0.2814415
14667,13,1,0.6081434
14668,8,0,0.3390678
14669,7,0,0.3718253
14670,25,1,0.32552665
14671,13,0,0.35730013
14672,14,1,0.41311446
14673,28,1,0.5710714
14674,2,1,0.48305348
14675,2,1,0.8072431
14676,26,1,0.6753972
14677,0,1,0.80940956
14678,26,1,0.56318164
14679,21,0,0.812195
14680,12,1,0.86505824
14681,4,0,0.64378977
14682,14,0,0.2182511
14683,4,1,0.44275248
14684,4,0,0.37554282
14685,22,1,0.4913189
14686,16,0,0.37035236
14687,15,1,0.39712846
14688,25,1,0.68658054
14689,16,0,0.25856122
14690,4,1,0.5705853
14691,1,1,0.48147726
14692,0,0,0.2305056
14693,20,1,0.34102273
14694,12,1,0.20511425
14695,2,0,0.23759575
14696,28,1,0.39072764
14697,7,0,0.60930043
14698,12,1,0.5638227
14699,19,0,0.4443159
14700,26,0,0.7106051
14701,19,0,0.31083342
14702,16,0,0.36185038
14703,11,1,0.44606674
14704,5,0,0.2347548
14705,26,0,0.26774144
14706,26,0,0.3156043
14707,6,1,0.5618459
14708,16,1,0.29770908
14709,21,1,0.7837047
14710,11,1,0.8654154
14711,1,1,0.5927124
14712,23,0,0.69481635
14713,11,1,0.3403344
14714,11,1,0.36295485
14715,22,1,0.44050944
14716,19,0,0.38610712
14717,21,1,0.44975856
14718,14,1,0.5521874
14719,15,1,0.36488378
14720,14,0,0.5063815
14721,6,0,0.4022799
14722,11,0,0.40099972
14723,16,1,0.68055344
14724,28,0,0.33212438
14725,24,0,0.35345766
14726,24,1,0.50759417
14727,28,1,0.63078165
14728,15,0,0.30533722
14729,18,0,0.5185866
14730,28,1,0.61213857
14731,13,0,0.44490796
14732,21,1,0.61615396
14733,8,0,0.47825953
14734,3,0,0.35265836
14735,1,1,0.6108045
14736,13,0,0.75678694
14737,14,1,0.5461664
14738,27,1,0.63517755
14739,21,1,0.4000185
14740,15,0,0.33461493
14741,7,1,0.38822216
14742,3,0,0.47370645
14743,3,0,0.63804436
14744,27,0,0.64467525
14745,28,0,0.3918971
14746,8,1,0.47639614
14747,27,0,0.08012032
14748,2,1,0.820687
14749,4,1,0.5394396
14750,11,0,0.5022358
14751,9,0,0.4399182
14752,24,0,0.30372962
14753,9,1,0.7000074
14754,13,1,0.5870982
14755,8,1,0.46628764
14756,12,1,0.5248681
14757,12,0,0.3674082
14758,16,1,0.8670461
14759,23,0,0.5522314
14760,25,0,0.5760311
14761,1,1,0.5884196
14762,22,1,0.5850989
14763,25,1,0.2896063
14764,0,0,0.4848152
14765,25,1,0.52640224
14766,13,1,0.4420934
14767,8,0,0.19022556
14768,7,1,0.48407924
14769,13,0,0.37626097
14770,12,1,0.56756276
14771,27,0,0.36527762
14772,11,1,0.5183485
14773,11,1,0.5769852
14774,21,1,0.607272
14775,27,1,0.52714103
14776,28,1,0.52811325
14777,9,1,0.6577544
14778,23,0,0.4361809
14779,14,0,0.18003887
14780,12,1,0.31651577
14781,16,1,0.6915552
14782,17,1,0.5156544
14783,14,1,0.6714409
14784,24,0,0.2503521
14785,23,0,0.23131797
14786,0,0,0.430665
14787,11,1,0.49319002
14788,2,1,0.706016
14789,8,0,0.24242267
14790,15,1,0.5114746
14791,6,0,0.4626873
14792,14,0,0.42830938
14793,5,0,0.2645548
14794,27,0,0.51203984
14795,10,0,0.26469645
14796,6,1,0.6965077
14797,10,1,0.7924207
14798,8,1,0.8283736
14799,1,1,0.52945614
14800,3,0,0.22655597
14801,26,0,0.51711327
14802,14,0,0.46478093
14803,27,1,0.6329138
14804,21,1,0.6548978
14805,23,0,0.19266383
14806,3,0,0.5767659
14807,11,0,0.74665314
14808,4,1,0.4036853
14809,11,1,0.5210435
14810,16,0,0.49844015
14811,11,1,0.33518767
14812,22,0,0.4572222
14813,13,0,0.46566755
14814,0,0,0.569304
14815,14,0,0.4536778
14816,19,0,0.3637029
14817,8,0,0.5758119
14818,11,0,0.73649204
14819,1,1,0.39992344
14820,2,1,0.37681752
14821,2,1,0.68930155
14822,2,1,0.40301818
14823,21,0,0.36079156
14824,2,1,0.48750904
14825,0,1,0.6232081
14826,10,1,0.30338845
14827,12,0,0.34824005
14828,25,1,0.25589904
14829,27,0,0.5118343
14830,15,0,0.22517604
14831,20,1,0.5854676
14832,26,0,0.52062804
14833,8,1,0.4554726
14834,22,0,0.47784558
14835,8,1,0.26754203
14836,21,0,0.37376812
14837,8,0,0.3872447
14838,16,0,0.3562614
14839,2,1,0.53171074
14840,17,1,0.38008747
14841,7,0,0.5209928
14842,14,1,0.5646954
14843,7,1,0.46842256
14844,10,1,0.66715837
14845,5,1,0.31089833
14846,7,1,0.5099931
14847,2,1,0.7909294
14848,6,1,0.71916723
14849,19,1,0.80579746
14850,2,0,0.444879
14851,12,1,0.6068941
14852,6,1,0.5931475
14853,16,0,0.22423668
14854,27,1,0.6611555
14855,10,1,0.50088537
14856,26,1,0.6044089
14857,8,0,0.21296959
14858,15,0,0.36362258
14859,1,0,0.36995494
14860,2,0,0.3913882
14861,22,1,0.48935914
14862,12,0,0.37886974
14863,23,0,0.52133864
14864,26,1,0.4600827
14865,3,0,0.3787549
14866,7,0,0.6809558
14867,22,1,0.6061483
14868,25,0,0.46415365
14869,10,1,0.606676
14870,21,1,0.32834086
14871,7,0,0.32552573
14872,15,1,0.7399391
14873,15,0,0.2538334
14874,26,1,0.27753523
14875,8,0,0.64995086
14876,23,0,0.6260986
14877,16,1,0.64791363
14878,8,0,0.3286211
14879,25,1,0.45598003
14880,6,0,0.42389846
14881,2,0,0.40960804
14882,10,1,0.365493
14883,28,1,0.48760897
14884,3,1,0.6435192
14885,6,0,0.22593501
14886,25,0,0.57966834
14887,26,1,0.4897136
14888,11,1,0.6559802
14889,27,1,0.86041284
14890,16,1,0.6215897
14891,16,1,0.7023217
14892,26,1,0.6385714
14893,2,0,0.22979662
14894,27,1,0.55059373
14895,4,1,0.6343223
14896,27,0,0.3077427
14897,3,0,0.6839842
14898,14,1,0.82498586
14899,26,1,0.65823025
14900,11,1,0.24361546
14901,1,0,0.7104439
14902,16,1,0.7878221
14903,25,0,0.03209691
14904,16,0,0.26035896
14905,15,0,0.3631633
14906,16,1,0.5628906
14907,8,0,0.7272104
14908,2,0,0.28391975
14909,11,0,0.8744579
14910,17,1,0.3300505
14911,23,1,0.7360224
14912,4,1,0.32451466
14913,12,0,0.60810363
14914,11,1,0.7921321
14915,16,0,0.5591533
14916,26,1,0.3684674
14917,15,0,0.31698012
14918,7,1,0.7035499
14919,13,0,0.4201953
14920,1,0,0.4161938
14921,10,1,0.5873198
14922,15,0,0.51452416
14923,14,0,0.26566246
14924,16,0,0.2282678
14925,23,1,0.5646004
14926,27,1,0.553942
14927,7,1,0.4380567
14928,0,1,0.8653107
14929,19,0,0.6674895
14930,3,0,0.3776734
14931,9,1,0.56819177
14932,8,0,0.49399227
14933,16,0,0.6651826
14934,20,1,0.7304543
14935,26,0,0.3855844
14936,2,0,0.20175189
14937,6,1,0.31561846
14938,1,0,0.40700108
14939,11,1,0.60150594
14940,11,1,0.39914194
14941,20,1,0.63707805
14942,26,1,0.61784786
14943,26,0,0.6774289
14944,8,0,0.35595658
14945,9,1,0.46273243
14946,19,1,0.27871415
14947,1,0,0.3498293
14948,18,0,0.19702744
14949,8,0,0.40613088
14950,22,0,0.30332735
14951,18,0,0.5253771
14952,23,0,0.3380989
14953,13,0,0.34599093
14954,26,0,0.55858356
14955,23,0,0.48968
14956,13,1,0.8324741
14957,2,0,0.27232707
14958,16,1,0.6242106
14959,18,1,0.85005647
14960,19,0,0.36153823
14961,23,0,0.29965475
14962,21,0,0.5512659
14963,1,1,0.574005
14964,18,0,0.45871884
14965,12,1,0.5683013
14966,3,1,0.7465198
14967,22,0,0.60062236
14968,2,0,0.49812415
14969,1,1,0.87878597
14970,8,1,0.4733717
14971,4,0,0.29845273
14972,19,0,0.320134
14973,10,0,0.28888568
14974,4,0,0.49885276
14975,2,0,0.5831507
14976,13,0,0.46818066
14977,19,1,0.5906499
14978,10,1,0.47809723
14979,18,0,0.36158648
14980,8,0,0.2264796
14981,8,1,0.49141568
14982,6,0,0.67964685
14983,22,1,0.8086849
14984,16,0,0.48754665
14985,13,1,0.41915116
14986,7,1,0.4323211
14987,25,1,0.90285546
14988,13,0,0.31010345
14989,20,0,0.5628278
14990,2,1,0.6059645
14991,12,1,0.6236128
14992,26,0,0.3181897
14993,3,0,0.33881113
14994,18,0,0.4019614
14995,8,0,0.5885491
14996,13,0,0.5656139
14997,12,0,0.31792736
14998,20,1,0.56199324
14999,22,1,0.81296337
15000,1,0,0.4845403
15001,6,1,0.8768478
15002,16,0,0.68623626
15003,11,0,0.68635654
15004,25,0,0.61823124
15005,6,0,0.5865923
15006,18,0,0.66684383
15007,13,1,0.51041263
15008,27,1,0.5500103
15009,14,1,0.9101197
15010,11,1,0.3013536
15011,18,1,0.69860274
15012,11,0,0.28019637
15013,23,0,0.42922434
15014,6,0,0.75729513
15015,19,1,0.57696253
15016,27,1,0.71259695
15017,7,0,0.17459942
15018,14,1,0.6327913
15019,23,0,0.5031439
15020,14,1,0.5073058
15021,3,0,0.25582945
15022,9,0,0.23445763
15023,13,0,0.32997346
15024,4,1,0.2643253
15025,3,0,0.71178895
15026,21,1,0.5595818
15027,12,0,0.48287097
15028,13,0,0.25297263
15029,25,1,0.727764
15030,19,0,0.36522797
15031,11,0,0.50015646
15032,8,1,0.62438786
15033,28,1,0.54738504
15034,5,1,0.84725386
15035,12,1,0.28509933
15036,6,1,0.6633871
15037,12,0,0.5085107
15038,17,0,0.22996396
15039,18,1,0.5860191
15040,9,0,0.4310552
15041,28,0,0.4529573
15042,10,0,0.3269244
15043,13,1,0.26155367
15044,8,0,0.2501219
15045,13,0,0.5910047
15046,13,1,0.8147913
15047,28,1,0.4561881
15048,2,0,0.43611172
15049,26,1,0.5789787
15050,4,0,0.6865855
15051,16,1,0.36670667
15052,16,0,0.5488943
15053,10,1,0.3607538
15054,16,1,0.29778302
15055,13,0,0.67349124
15056,6,1,0.31557322
15057,8,0,0.38153705
15058,17,1,0.24722426
15059,12,0,0.45243225
15060,1,1,0.61108625
15061,25,1,0.5528069
15062,2,0,0.5216246
15063,15,0,0.6252997
15064,16,1,0.752353
15065,25,1,0.3029205
15066,6,0,0.3590885
15067,16,0,0.28233567
15068,10,0,0.4574166
15069,16,1,0.74338186
15070,22,0,0.14276573
15071,2,1,0.7176069
15072,6,1,0.8541297
15073,25,0,0.6935633
15074,0,1,0.7597474
15075,18,0,0.6390893
15076,17,0,0.33457768
15077,13,1,0.15907982
15078,13,0,0.31076238
15079,22,1,0.57404447
15080,1,1,0.60998106
15081,2,1,0.6183179
15082,23,1,0.8444895
15083,2,1,0.68526846
15084,21,1,0.44676366
15085,13,1,0.54648536
15086,10,1,0.6537169
15087,15,0,0.47763085
15088,25,0,0.50851005
15089,15,1,0.52664495
15090,15,1,0.663901
15091,1,0,0.6632142
15092,7,0,0.48950705
15093,18,1,0.8534332
15094,1,1,0.33838266
15095,3,1,0.38900962
15096,14,1,0.772275
15097,20,1,0.36223915
15098,26,1,0.47557217
15099,26,0,0.63689756
15100,8,0,0.34506968
15101,7,1,0.68200636
15102,20,1,0.3655938
15103,18,1,0.5464045
15104,15,1,0.40378097
15105,26,1,0.6593847
15106,0,0,0.31336114
15107,25,0,0.2401067
15108,10,0,0.67002845
15109,13,1,0.5558674
15110,16,0,0.4527458
15111,18,0,0.37667555
15112,26,1,0.5291537
15113,28,1,0.78300935
15114,8,1,0.56819123
15115,2,1,0.6223135
15116,9,1,0.7532697
15117,12,0,0.44588494
15118,11,0,0.37677386
15119,2,0,0.59772545
15120,7,0,0.3566519
15121,6,1,0.2947271
15122,18,0,0.6151406
15123,2,1,0.5351782
15124,8,0,0.53314275
15125,6,1,0.27710882
15126,22,0,0.32114956
15127,10,0,0.20078447
15128,21,1,0.47386637
15129,16,1,0.8071437
15130,19,1,0.7102363
15131,14,1,0.6625154
15132,25,1,0.6809435
15133,23,0,0.2911101
15134,17,1,0.62404895
15135,8,1,0.31667453
15136,18,1,0.83823746
15137,4,1,0.4558394
15138,15,0,0.34571943
15139,21,1,0.88771355
15140,21,1,0.61718374
15141,13,0,0.3292466
15142,26,0,0.16393945
15143,26,0,0.26684782
15144,19,0,0.54297423
15145,19,0,0.58858365
15146,15,0,0.3546873
15147,12,0,0.46689805
15148,4,0,0.40920645
15149,16,0,0.23954968
15150,26,1,0.84713423
15151,11,0,0.39620245
15152,0,1,0.40331316
15153,26,0,0.24951163
15154,8,1,0.5269556
15155,17,0,0.5909464
15156,3,1,0.6953087
15157,14,1,0.6428722
15158,22,1,0.39863354
15159,8,0,0.65514463
15160,11,1,0.8771715
15161,0,1,0.5418894
15162,5,0,0.47189635
15163,9,1,0.26602513
15164,12,1,0.7998162
15165,10,1,0.51913893
15166,0,0,0.67953265
15167,20,1,0.58842015
15168,24,0,0.48341507
15169,25,1,0.57493424
15170,22,1,0.45496252
15171,22,0,0.32740253
15172,20,1,0.81863576
15173,21,0,0.4946608
15174,25,0,0.33533517
15175,18,0,0.24250573
15176,15,0,0.52605635
15177,18,0,0.5222467
15178,20,0,0.40434533
15179,10,0,0.2693012
15180,16,0,0.60289615
15181,11,1,0.6825806
15182,15,1,0.46999195
15183,26,1,0.5144023
15184,10,0,0.6660021
15185,8,0,0.5032921
15186,1,1,0.66273457
15187,14,1,0.33429512
15188,17,0,0.5760457
15189,9,0,0.24584489
15190,26,0,0.65397173
15191,28,0,0.38718164
15192,14,0,0.549454
15193,25,0,0.60315645
15194,11,1,0.58089185
15195,17,0,0.5571324
15196,10,0,0.41557297
15197,11,0,0.5127741
15198,10,0,0.1841773
15199,1,0,0.30701387
15200,13,0,0.24063072
15201,27,0,0.23252822
15202,4,0,0.54071707
15203,16,1,0.86653554
15204,14,0,0.82386804
15205,28,0,0.31824738
15206,28,1,0.3363948
15207,22,0,0.37044746
15208,2,0,0.28617877
15209,11,0,0.57887864
15210,1,0,0.43405506
15211,6,0,0.26108757
15212,12,0,0.32630658
15213,13,0,0.38562113
15214,24,0,0.34787232
15215,12,1,0.38930482
15216,26,0,0.2892567
15217,0,1,0.34143582
15218,15,0,0.5042472
15219,1,1,0.8107256
15220,17,0,0.53744113
15221,6,0,0.2706845
15222,2,1,0.5582424
15223,27,1,0.65844274
15224,8,0,0.2589465
15225,15,1,0.5705566
15226,27,1,0.3222561
15227,7,0,0.35210487
15228,13,1,0.65863705
15229,11,1,0.35507402
15230,27,1,0.36654404
15231,7,0,0.33912098
15232,14,0,0.49706346
15233,8,0,0.27888137
15234,3,0,0.7652665
15235,13,0,0.47942233
15236,11,1,0.6147577
15237,1,0,0.43355644
15238,20,0,0.51106757
15239,16,1,0.69669646
15240,20,0,0.14769381
15241,13,1,0.41913244
15242,15,1,0.32181934
15243,18,1,0.74175614
15244,11,1,0.5296871
15245,2,1,0.4928032
15246,12,0,0.26605448
15247,28,1,0.4766881
15248,5,0,0.42551485
15249,22,1,0.5015121
15250,13,1,0.3140978
15251,12,0,0.57713914
15252,13,1,0.69452894
15253,0,1,0.46939054
15254,6,0,0.50032264
15255,10,0,0.38293877
15256,12,1,0.58141047
15257,27,1,0.79039943
15258,13,1,0.43479013
15259,18,1,0.8632512
15260,15,0,0.34408855
15261,21,1,0.67790884
15262,15,0,0.2377407
15263,11,0,0.6485631
15264,21,1,0.65519494
15265,25,1,0.6041633
15266,2,1,0.5491603
15267,19,1,0.915878
15268,2,0,0.46904138
15269,15,1,0.7886059
15270,26,0,0.5452345
15271,0,1,0.711882
15272,6,0,0.25593522
15273,10,0,0.47107327
15274,6,1,0.7009935
15275,8,0,0.29885116
15276,9,1,0.6634113
15277,14,0,0.3566446
15278,4,0,0.4619652
15279,7,0,0.23256695
15280,1,1,0.5335845
15281,25,0,0.314151
15282,16,0,0.29206833
15283,17,0,0.30595788
15284,12,0,0.60981095
15285,10,1,0.57392913
15286,5,0,0.35889667
15287,28,1,0.63363916
15288,16,1,0.32837236
15289,8,0,0.2510376
15290,13,0,0.34916094
15291,16,0,0.14950907
15292,13,0,0.28533354
15293,24,0,0.4006841
15294,28,0,0.2935497
15295,25,0,0.45523605
15296,14,1,0.83184767
15297,0,0,0.19663234
15298,1,0,0.37441292
15299,8,1,0.5284558
15300,26,0,0.4369701
15301,15,0,0.3322677
15302,20,0,0.58791345
15303,3,1,0.46753457
15304,16,0,0.60648805
15305,3,0,0.28063533
15306,10,0,0.3773626
15307,28,1,0.6964765
15308,18,1,0.35589105
15309,25,1,0.83870155
15310,2,0,0.3697532
15311,2,1,0.55216205
15312,19,0,0.4619198
15313,22,1,0.5184334
15314,27,1,0.35879725
15315,20,0,0.46712488
15316,28,0,0.4647394
15317,16,1,0.34248447
15318,16,0,0.11993134
15319,26,1,0.526273
15320,24,1,0.8407907
15321,15,0,0.3690696
15322,26,1,0.5688345
15323,22,0,0.34860703
15324,18,0,0.26152983
15325,2,0,0.48717642
15326,12,0,0.3043605
15327,15,1,0.3669014
15328,25,1,0.69363964
15329,3,1,0.40998954
15330,11,0,0.31497034
15331,12,0,0.6790196
15332,2,0,0.13054498
15333,7,0,0.30697042
15334,26,0,0.5122988
15335,15,0,0.38434333
15336,1,0,0.40913293
15337,3,0,0.81065816
15338,20,1,0.5766518
15339,18,1,0.3687237
15340,13,1,0.8027989
15341,25,0,0.49395752
15342,13,1,0.6573595
15343,15,1,0.9465051
15344,4,0,0.58974624
15345,20,0,0.34605354
15346,16,0,0.43781373
15347,8,0,0.48941362
15348,20,1,0.47234738
15349,4,1,0.49633586
15350,19,1,0.92099947
15351,15,1,0.8669583
15352,5,1,0.7047365
15353,26,1,0.34816134
15354,10,1,0.35422856
15355,8,1,0.53972006
15356,11,0,0.50720584
15357,15,0,0.46085256
15358,23,1,0.27379733
15359,26,0,0.38979167
15360,20,0,0.54309237
15361,25,1,0.51091015
15362,3,1,0.68782544
15363,2,0,0.2710762
15364,25,1,0.3424973
15365,11,1,0.8153597
15366,15,0,0.3276344
15367,26,0,0.3043748
15368,3,0,0.55687195
15369,11,0,0.5365167
15370,22,0,0.2604564
15371,16,1,0.78580195
15372,5,1,0.79292744
15373,27,1,0.40658838
15374,16,1,0.23362546
15375,28,0,0.4537659
15376,2,0,0.5085293
15377,25,1,0.316357
15378,28,1,0.37359548
15379,23,1,0.83834857
15380,28,0,0.39455563
15381,13,0,0.43219158
15382,4,1,0.32475984
15383,8,0,0.45747104
15384,8,0,0.46484295
15385,9,1,0.61844856
15386,19,0,0.3824826
15387,10,0,0.2935038
15388,26,0,0.50682
15389,25,0,0.23507263
15390,16,0,0.3011014
15391,14,1,0.5994932
15392,3,1,0.57126725
15393,28,0,0.64594394
15394,0,0,0.5901484
15395,28,1,0.6808672
15396,10,1,0.791919
15397,20,0,0.41234094
15398,25,0,0.31873348
15399,11,1,0.6132492
15400,10,0,0.37975717
15401,25,0,0.4037684
15402,2,0,0.34505045
15403,16,1,0.38889188
15404,1,0,0.67822456
15405,7,0,0.5472563
15406,4,1,0.81307673
15407,7,1,0.32327005
15408,14,1,0.63347805
15409,7,0,0.6570739
15410,15,0,0.57591856
15411,18,0,0.32296112
15412,2,1,0.74318975
15413,26,1,0.54056656
15414,22,1,0.6139816
15415,20,1,0.3991937
15416,8,1,0.27148712
15417,21,1,0.5243503
15418,13,1,0.559174
15419,25,1,0.61830765
15420,13,0,0.099992506
15421,21,1,0.4178768
15422,3,1,0.81192935
15423,24,0,0.54527706
15424,1,1,0.36446035
15425,28,0,0.6797795
15426,23,1,0.5756913
15427,6,0,0.4208279
15428,16,1,0.36292288
15429,1,0,0.2637886
15430,21,0,0.60706
15431,17,0,0.3901795
15432,25,1,0.31216717
15433,10,0,0.31397846
15434,28,0,0.35103938
15435,2,1,0.27761954
15436,3,1,0.5534641
15437,16,1,0.35787687
15438,18,1,0.6185721
15439,23,0,0.48765215
15440,19,0,0.62794006
15441,13,0,0.7838956
15442,28,0,0.22728433
15443,0,0,0.26210052
15444,6,0,0.20312934
15445,14,1,0.6858441
15446,2,1,0.55245036
15447,2,1,0.33487478
15448,3,0,0.3358289
15449,16,0,0.13549864
15450,16,1,0.6513769
15451,7,1,0.3891787
15452,9,0,0.62057465
15453,20,1,0.34901878
15454,13,0,0.30107608
15455,27,0,0.24634361
15456,7,0,0.33831128
15457,12,0,0.35903448
15458,2,1,0.55574733
15459,21,1,0.44705835
15460,10,0,0.2772891
15461,11,1,0.48437816
15462,22,1,0.79248637
15463,4,0,0.6188173
15464,1,1,0.6368321
15465,16,0,0.4570522
15466,15,0,0.34558982
15467,22,0,0.5470018
15468,22,1,0.2619278
15469,12,0,0.23194063
15470,12,1,0.77097714
15471,18,1,0.7806301
15472,15,0,0.5263786
15473,13,1,0.7947889
15474,2,1,0.34582242
15475,27,0,0.3194614
15476,21,1,0.72032875
15477,11,1,0.58871686
15478,11,1,0.4511202
15479,8,0,0.5945646
15480,16,0,0.6676057
15481,28,0,0.29454666
15482,12,0,0.61343616
15483,25,0,0.41907653
15484,13,0,0.4282482
15485,12,1,0.29874304
15486,14,1,0.67440176
15487,6,1,0.42651844
15488,21,1,0.4831423
15489,9,1,0.57819563
15490,26,1,0.7009766
15491,15,1,0.5494052
15492,20,0,0.32043383
15493,25,0,0.22830336
15494,18,1,0.76912373
15495,14,1,0.5522732
15496,20,1,0.8467551
15497,12,1,0.84015304
15498,8,1,0.4494311
15499,13,0,0.3205787
15500,16,1,0.56865704
15501,13,1,0.77125216
15502,8,1,0.24486247
15503,16,0,0.4692261
15504,18,0,0.67951363
15505,28,1,0.62452614
15506,5,1,0.6631812
15507,14,0,0.19314608
15508,20,0,0.44896945
15509,3,0,0.5732797
15510,16,1,0.81576353
15511,12,0,0.35811344
15512,12,1,0.45923224
15513,18,0,0.4714218
15514,10,0,0.32927796
15515,10,0,0.54068166
15516,4,0,0.5232236
15517,17,1,0.53763855
15518,6,0,0.22118193
15519,15,0,0.46000677
15520,26,0,0.29300663
15521,12,0,0.57145494
15522,8,0,0.5434061
15523,11,0,0.52236927
15524,22,0,0.3220222
15525,18,0,0.2633085
15526,22,1,0.45312142
15527,21,1,0.6969725
15528,3,0,0.31994897
15529,15,1,0.53289384
15530,11,0,0.4678246
15531,2,1,0.48885813
15532,21,0,0.60875714
15533,26,0,0.4719566
15534,16,1,0.47396103
15535,2,1,0.45895344
15536,9,0,0.3340295
15537,14,1,0.44005927
15538,16,1,0.5835012
15539,11,1,0.5345344
15540,0,0,0.282904
15541,18,0,0.32788977
15542,16,1,0.9367994
15543,23,0,0.25552547
15544,16,1,0.2685287
15545,4,1,0.5840601
15546,27,1,0.48301542
15547,25,0,0.44058537
15548,25,0,0.25833446
15549,11,1,0.46155968
15550,27,1,0.5945402
15551,24,1,0.20898966
15552,8,0,0.43887696
15553,18,1,0.8672514
15554,21,1,0.3663115
15555,16,0,0.42816663
15556,13,1,0.36034405
15557,23,1,0.61361027
15558,13,1,0.50249565
15559,11,1,0.54679966
15560,25,1,0.5269323
15561,14,0,0.7306912
15562,10,0,0.7735199
15563,9,0,0.42719123
15564,16,1,0.5414332
15565,19,0,0.47610098
15566,10,0,0.4137329
15567,6,1,0.6605769
15568,1,1,0.5851011
15569,6,0,0.43653306
15570,25,0,0.23588198
15571,6,1,0.48609525
15572,21,0,0.26888424
15573,2,1,0.48393318
15574,12,1,0.85527384
15575,11,1,0.34307557
15576,13,1,0.507755
15577,15,1,0.48277047
15578,11,0,0.49805573
15579,8,0,0.5748948
15580,16,0,0.63746053
15581,2,0,0.31735957
15582,15,1,0.6168175
15583,14,0,0.56318456
15584,1,1,0.68614566
15585,18,1,0.6555018
15586,22,0,0.42318055
15587,10,1,0.6566446
15588,10,1,0.7897453
15589,28,0,0.104595274
15590,10,1,0.5256882
15591,26,1,0.7591526
15592,20,1,0.43619004
15593,13,1,0.50769335
15594,20,1,0.47112286
15595,25,1,0.5549585
15596,16,0,0.20435604
15597,9,1,0.4937554
15598,23,0,0.43898803
15599,14,1,0.37268978
15600,26,0,0.2406527
15601,1,1,0.8054917
15602,11,0,0.34397084
15603,13,1,0.70507115
15604,21,1,0.8225697
15605,16,1,0.625752
15606,25,1,0.56642276
15607,10,0,0.22630125
15608,6,0,0.19268724
15609,18,0,0.5540914
15610,16,1,0.89242077
15611,12,0,0.13992107
15612,25,0,0.33440107
15613,20,0,0.5173991
15614,13,1,0.362024
15615,13,0,0.29662302
15616,8,1,0.5597287
15617,20,0,0.350017
15618,5,1,0.7923901
15619,0,0,0.6375076
15620,13,1,0.72291785
15621,15,1,0.8403681
15622,24,1,0.3374281
15623,11,1,0.6361383
15624,16,1,0.50131357
15625,8,1,0.4178917
15626,27,1,0.36801016
15627,13,0,0.5809701
15628,26,0,0.5696263
15629,12,0,0.69806176
15630,10,0,0.44365907
15631,27,1,0.3479506
15632,8,1,0.5424793
15633,18,0,0.32729462
15634,25,1,0.70062244
15635,2,1,0.3288299
15636,14,0,0.43561742
15637,20,0,0.30499068
15638,11,1,0.3423584
15639,17,0,0.23636326
15640,8,0,0.2621913
15641,20,0,0.30708835
15642,12,0,0.29888386
15643,25,0,0.24254979
15644,15,0,0.63091016
15645,13,0,0.48611712
15646,7,1,0.48967913
15647,10,0,0.41369143
15648,24,1,0.44603443
15649,12,0,0.40478352
15650,23,0,0.61340624
15651,11,0,0.33561057
15652,25,0,0.32812592
15653,2,0,0.36367536
15654,11,0,0.63956106
15655,2,0,0.37981337
15656,12,0,0.41019744
15657,28,1,0.4564618
15658,17,0,0.2832573
15659,22,1,0.87515444
15660,16,0,0.21498716
15661,14,0,0.44231138
15662,24,1,0.80758935
15663,8,0,0.4963159
15664,22,0,0.49594745
15665,22,0,0.2974493
15666,10,0,0.5073817
15667,3,0,0.29392266
15668,25,1,0.8785737
15669,28,1,0.62778664
15670,3,0,0.68470424
15671,1,1,0.4883975
15672,25,0,0.35336292
15673,18,1,0.19698182
15674,18,1,0.31356156
15675,4,1,0.303015
15676,15,0,0.5742164
15677,26,1,0.8184873
15678,8,0,0.35044712
15679,26,0,0.56961805
15680,16,0,0.2292201
15681,21,0,0.49346134
15682,13,0,0.24534814
15683,15,0,0.51541644
15684,16,1,0.6012776
15685,6,0,0.26281995
15686,5,1,0.46913496
15687,2,1,0.77831453
15688,25,1,0.71131545
15689,19,1,0.75832766
15690,8,0,0.38249025
15691,25,0,0.3152375
15692,20,1,0.33782393
15693,8,0,0.47305784
15694,13,1,0.51182294
15695,10,1,0.6759982
15696,17,0,0.17989655
15697,15,1,0.79234564
15698,22,1,0.6095929
15699,22,1,0.6355541
15700,10,1,0.69271874
15701,27,0,0.6386297
15702,0,0,0.3224208
15703,8,1,0.5550728
15704,8,0,0.47022346
15705,26,0,0.34381044
15706,1,0,0.24746814
15707,16,0,0.25980732
15708,14,1,0.7391463
15709,25,0,0.35150763
15710,16,1,0.73349357
15711,28,1,0.7743746
15712,28,1,0.41252705
15713,11,1,0.68355006
15714,21,1,0.6579637
15715,28,0,0.2805217
15716,11,1,0.7730372
15717,13,1,0.48484653
15718,17,0,0.7317146
15719,13,1,0.6873061
15720,6,1,0.36728367
15721,22,0,0.5829792
15722,16,1,0.44969332
15723,17,0,0.5280882
15724,6,0,0.30665874
15725,12,1,0.44701192
15726,7,0,0.36396
15727,8,1,0.3031412
15728,7,0,0.73043567
15729,9,0,0.4558541
15730,8,1,0.6227936
15731,14,0,0.6860197
15732,20,0,0.37699345
15733,16,0,0.36052376
15734,2,1,0.54670185
15735,13,0,0.48293966
15736,28,0,0.46493545
15737,10,1,0.61443275
15738,1,0,0.38010144
15739,11,1,0.37273988
15740,2,1,0.85149
15741,14,1,0.25464666
15742,28,1,0.8556754
15743,11,1,0.51865035
15744,20,1,0.35913604
15745,28,1,0.4723191
15746,2,1,0.68456036
15747,10,1,0.4551551
15748,11,0,0.58707577
15749,23,1,0.5661117
15750,27,1,0.6528485
15751,14,1,0.61926204
15752,7,1,0.6334302
15753,2,0,0.7577656
15754,15,1,0.59513015
15755,23,1,0.8778992
15756,21,0,0.37602428
15757,20,0,0.26341984
15758,16,0,0.48698327
15759,2,1,0.53746295
15760,1,0,0.5467451
15761,13,1,0.5479195
15762,2,1,0.55454785
15763,26,0,0.5671766
15764,26,0,0.2957199
15765,28,0,0.52122414
15766,3,1,0.5625759
15767,18,1,0.6558318
15768,15,0,0.76166344
15769,25,1,0.65962493
15770,8,0,0.58500427
15771,16,1,0.54078853
15772,12,0,0.7262243
15773,16,0,0.3532569
15774,11,1,0.39385518
15775,16,1,0.47851875
15776,23,0,0.75424784
15777,15,0,0.68918455
15778,10,0,0.40571764
15779,9,1,0.7755575
15780,0,1,0.8167234
15781,12,0,0.590853
15782,22,0,0.66539913
15783,12,0,0.5746596
15784,26,1,0.6122173
15785,11,0,0.28057143
15786,1,1,0.80728304
15787,20,1,0.6323207
15788,23,0,0.44792134
15789,28,0,0.38958442
15790,28,0,0.3233923
15791,3,1,0.4716846
15792,12,0,0.6661884
15793,11,1,0.655568
15794,3,0,0.6081469
15795,25,0,0.26039836
15796,27,1,0.3367901
15797,10,0,0.4900987
15798,21,1,0.8751929
15799,3,1,0.7148596
15800,22,1,0.58065146
15801,7,0,0.67721325
15802,18,1,0.67186165
15803,15,1,0.32092384
15804,27,0,0.21537411
15805,7,1,0.679579
15806,8,1,0.7289567
15807,26,0,0.45947018
15808,1,0,0.53826416
15809,21,0,0.48986083
15810,27,1,0.85865813
15811,27,0,0.34296116
15812,10,1,0.66346407
15813,22,0,0.404058
15814,8,0,0.62578
15815,2,1,0.36297894
15816,5,1,0.7389486
15817,5,0,0.2997177
15818,22,0,0.062386036
15819,2,1,0.6916729
15820,10,1,0.30168107
15821,21,1,0.5953474
15822,12,0,0.5581943
15823,15,0,0.18934773
15824,25,0,0.3778579
15825,0,0,0.32297954
15826,21,1,0.6890062
15827,13,1,0.5219568
15828,16,0,0.6239509
15829,2,1,0.6180618
15830,23,0,0.31124324
15831,25,1,0.85573524
15832,8,0,0.38155878
15833,5,0,0.4751913
15834,27,0,0.56710184
15835,2,1,0.82194394
15836,14,1,0.5806449
15837,6,1,0.3136988
15838,14,0,0.56651425
15839,20,1,0.5764682
15840,22,0,0.4892892
15841,7,0,0.64688987
15842,13,0,0.50634605
15843,2,0,0.47494146
15844,26,0,0.6388647
15845,24,1,0.532251
15846,1,1,0.45493498
15847,14,1,0.35449207
15848,1,0,0.3049747
15849,13,0,0.5799824
15850,1,1,0.864884
15851,5,1,0.63610107
15852,21,0,0.48189443
15853,15,1,0.47500923
15854,13,1,0.5500989
15855,2,0,0.2854339
15856,26,0,0.41919315
15857,5,1,0.55366784
15858,21,1,0.51570517
15859,7,1,0.5557796
15860,1,1,0.8134254
15861,25,0,0.119090974
15862,19,1,0.5825508
15863,12,1,0.4565426
15864,27,1,0.73675317
15865,13,1,0.65391135
15866,9,0,0.6605863
15867,12,0,0.2772185
15868,27,0,0.6491199
15869,16,0,0.28804713
15870,1,1,0.63390756
15871,27,1,0.55005527
15872,10,1,0.47981107
15873,11,1,0.6589542
15874,4,0,0.45267534
15875,13,1,0.30360797
15876,1,0,0.18152837
15877,15,0,0.23493648
15878,17,1,0.7592724
15879,18,1,0.66142327
15880,10,1,0.6376284
15881,20,1,0.79179555
15882,2,0,0.27830136
15883,6,0,0.6542742
15884,16,0,0.48307115
15885,1,0,0.6526236
15886,11,1,0.581947
15887,16,0,0.24823081
15888,8,0,0.7631926
15889,9,0,0.7064367
15890,8,1,0.41158056
15891,4,0,0.58200395
15892,21,0,0.27104732
15893,6,0,0.31672767
15894,20,0,0.4803783
15895,11,0,0.44617957
15896,22,1,0.680262
15897,18,0,0.3324851
15898,21,1,0.8017708
15899,24,1,0.7710112
15900,24,0,0.18658473
15901,15,1,0.35904592
15902,12,0,0.37926525
15903,3,0,0.67940766
15904,10,1,0.36383855
15905,6,1,0.5436361
15906,15,1,0.40129384
15907,8,1,0.37254322
15908,0,0,0.21346337
15909,11,1,0.35047862
15910,12,0,0.14128177
15911,3,1,0.6025363
15912,15,0,0.41415066
15913,16,1,0.32225704
15914,13,0,0.4810721
15915,17,0,0.45823437
15916,3,1,0.72196805
15917,15,1,0.6984639
15918,2,0,0.42122036
15919,20,1,0.5435116
15920,6,0,0.21564853
15921,13,1,0.5639259
15922,2,1,0.68433917
15923,8,1,0.7380035
15924,10,0,0.3924993
15925,25,0,0.27579835
15926,2,0,0.24435604
15927,19,0,0.23443456
15928,15,1,0.7945969
15929,15,0,0.7628899
15930,22,0,0.18918218
15931,12,0,0.19203688
15932,10,0,0.18446168
15933,6,0,0.6790036
15934,18,0,0.18667726
15935,13,0,0.51004547
15936,27,0,0.25180414
15937,16,1,0.82432044
15938,3,0,0.698892
15939,2,0,0.7363279
15940,13,0,0.22775812
15941,23,0,0.2505277
15942,15,1,0.9279938
15943,23,1,0.5787827
15944,16,0,0.23106928
15945,8,0,0.21781364
15946,9,1,0.7493769
15947,0,1,0.63041764
15948,7,1,0.47612855
15949,3,1,0.26957536
15950,13,1,0.59646004
15951,8,0,0.6266626
15952,17,1,0.53186643
15953,23,0,0.40365523
15954,0,1,0.66219825
15955,14,1,0.70322067
15956,18,1,0.894171
15957,22,0,0.40137944
15958,20,0,0.38345236
15959,11,0,0.6125478
15960,24,0,0.55473244
15961,26,0,0.4175344
15962,2,1,0.21023378
15963,16,0,0.79206663
15964,13,1,0.5925883
15965,16,0,0.4213063
15966,28,0,0.2370563
15967,13,0,0.47112465
15968,20,0,0.21746671
15969,3,0,0.3212228
15970,28,0,0.57855487
15971,20,0,0.6925719
15972,13,0,0.36606532
15973,25,1,0.7788697
15974,10,0,0.40662038
15975,15,1,0.46213928
15976,2,0,0.7872091
15977,13,1,0.84443474
15978,3,0,0.33100274
15979,15,1,0.8837643
15980,14,1,0.73531115
15981,17,1,0.44858158
15982,16,1,0.5944375
15983,27,1,0.29919934
15984,6,1,0.6132547
15985,1,0,0.73735815
15986,11,0,0.52050877
15987,4,0,0.71332216
15988,12,0,0.76769865
15989,15,1,0.19936702
15990,10,1,0.6563783
15991,22,0,0.6008161
15992,15,0,0.50934726
15993,17,1,0.58080375
15994,10,0,0.4899366
15995,15,0,0.55297214
15996,28,1,0.72572416
15997,9,0,0.41219288
15998,6,1,0.55074257
15999,2,0,0.3245968
16000,4,1,0.7801995
16001,3,1,0.5786264
16002,20,0,0.2523802
16003,16,1,0.6800444
16004,26,1,0.40549445
16005,12,1,0.33876073
16006,7,0,0.3492021
16007,13,1,0.33960688
16008,9,0,0.34971038
16009,27,0,0.79331267
16010,9,0,0.19864549
16011,15,0,0.48057437
16012,11,1,0.5649541
16013,25,1,0.8642399
16014,25,0,0.4168199
16015,16,0,0.34105757
16016,26,0,0.57807994
16017,25,1,0.3791429
16018,26,0,0.5256186
16019,22,0,0.2601553
16020,26,1,0.6136659
16021,1,1,0.69532007
16022,13,1,0.5007994
16023,9,0,0.3088282
16024,13,1,0.48372278
16025,1,1,0.5028111
16026,15,1,0.377835
16027,13,1,0.4386384
16028,28,0,0.4511714
16029,26,1,0.84598964
16030,27,1,0.6539304
16031,2,1,0.4955695
16032,16,1,0.68569964
16033,8,0,0.55530477
16034,5,0,0.81302893
16035,7,1,0.6452357
16036,22,1,0.54525834
16037,10,0,0.3963954
16038,13,0,0.46285152
16039,22,0,0.37357005
16040,18,0,0.2198656
16041,12,0,0.53545696
16042,1,1,0.4866061
16043,7,1,0.5979719
16044,10,0,0.3346891
16045,27,0,0.24725138
16046,18,0,0.7647484
16047,2,1,0.5711476
16048,25,1,0.4409218
16049,14,1,0.7137484
16050,16,0,0.30900344
16051,9,1,0.51951975
16052,6,0,0.6798837
16053,20,0,0.55435026
16054,23,1,0.64064765
16055,16,0,0.6480066
16056,7,0,0.1715843
16057,26,1,0.46798986
16058,26,0,0.808041
16059,12,1,0.27383816
16060,10,1,0.45911908
16061,2,0,0.24969953
16062,7,1,0.4940043
16063,26,1,0.5462048
16064,19,1,0.37060955
16065,26,0,0.45560053
16066,24,1,0.59968084
16067,1,1,0.61684835
16068,15,0,0.44983193
16069,14,1,0.8699471
16070,4,1,0.43548423
16071,6,1,0.5008015
16072,4,1,0.69552493
16073,23,1,0.23722951
16074,8,1,0.6241675
16075,25,1,0.8690973
16076,1,0,0.6340052
16077,5,1,0.19662866
16078,12,1,0.85861653
16079,8,0,0.15949285
16080,13,1,0.63613725
16081,13,1,0.2128682
16082,9,0,0.6581426
16083,16,0,0.4314619
16084,9,0,0.4534016
16085,28,0,0.41729802
16086,27,0,0.3937016
16087,9,1,0.6071234
16088,4,1,0.6057506
16089,9,1,0.8019094
16090,11,1,0.5739344
16091,22,1,0.6297421
16092,1,1,0.8081787
16093,11,1,0.91306275
16094,17,0,0.60842466
16095,28,0,0.2600723
16096,2,0,0.29244632
16097,18,1,0.49275142
16098,11,1,0.52192146
16099,11,0,0.6327224
16100,8,1,0.479152
16101,11,0,0.3686926
16102,18,1,0.8383087
16103,11,0,0.218588
16104,17,0,0.5936263
16105,23,1,0.28795218
16106,17,0,0.5492878
16107,9,1,0.487368
16108,1,1,0.437449
16109,6,0,0.74135274
16110,2,1,0.53970474
16111,14,1,0.6954645
16112,28,0,0.110950135
16113,2,1,0.6749305
16114,13,0,0.4950509
16115,27,0,0.5305481
16116,2,0,0.6630672
16117,11,1,0.63720655
16118,2,0,0.5015809
16119,16,1,0.65467477
16120,0,0,0.28921348
16121,9,1,0.4367603
16122,26,1,0.3112727
16123,25,1,0.8521968
16124,4,1,0.5532038
16125,20,1,0.6225158
16126,21,1,0.6358492
16127,12,1,0.3729773
16128,17,0,0.27301842
16129,12,1,0.68736076
16130,13,1,0.6899103
16131,8,1,0.6402026
16132,27,1,0.44526687
16133,1,1,0.5186904
16134,3,1,0.50615174
16135,16,0,0.27586034
16136,13,0,0.40288457
16137,6,0,0.6049318
16138,19,0,0.6133294
16139,6,1,0.5600245
16140,12,1,0.4599877
16141,0,0,0.34614897
16142,17,1,0.69012594
16143,11,1,0.8265399
16144,17,0,0.4631394
16145,9,0,0.5792277
16146,16,0,0.62182194
16147,20,0,0.8388682
16148,9,1,0.7978974
16149,22,0,0.39342692
16150,12,1,0.48609453
16151,22,0,0.50738317
16152,12,0,0.2865718
16153,15,1,0.42869684
16154,3,1,0.49053365
16155,5,1,0.23751397
16156,6,0,0.35000774
16157,3,0,0.6313006
16158,7,1,0.5253317
16159,15,0,0.29515836
16160,8,0,0.48109078
16161,28,0,0.3127395
16162,16,1,0.5851199
16163,3,0,0.53167653
16164,1,1,0.6064942
16165,6,1,0.7809054
16166,11,1,0.3837473
16167,15,1,0.579231
16168,20,1,0.79616225
16169,21,0,0.49296686
16170,1,1,0.5573147
16171,2,1,0.41564354
16172,7,0,0.27000222
16173,25,1,0.64237183
16174,13,0,0.7838698
16175,12,1,0.63474494
16176,7,0,0.3259117
16177,12,0,0.48695228
16178,17,0,0.79737556
16179,15,0,0.3363563
16180,22,0,0.5338001
16181,16,0,0.34690052
16182,16,1,0.5644103
16183,26,1,0.67597216
16184,10,1,0.8059641
16185,2,1,0.40694958
16186,25,0,0.22971587
16187,26,1,0.7770109
16188,2,0,0.25414887
16189,20,1,0.8522301
16190,16,0,0.58737713
16191,16,0,0.5951499
16192,28,1,0.29812402
16193,6,0,0.28565687
16194,14,1,0.69477534
16195,16,0,0.22542934
16196,16,1,0.82587534
16197,27,0,0.48320878
16198,26,0,0.458208
16199,3,1,0.41707036
16200,10,0,0.803013
16201,11,1,0.7993893
16202,9,1,0.43802613
16203,10,0,0.24562849
16204,12,1,0.71902394
16205,17,0,0.41352913
16206,16,0,0.2086789
16207,9,0,0.267415
16208,18,1,0.62343407
16209,18,1,0.688251
16210,12,0,0.3208607
16211,21,0,0.19692577
16212,16,0,0.2544256
16213,16,1,0.47334334
16214,16,1,0.5496638
16215,0,1,0.7911242
16216,17,1,0.61267555
16217,8,0,0.54778755
16218,8,0,0.4599778
16219,6,1,0.36429697
16220,5,1,0.31958163
16221,13,0,0.23111364
16222,15,0,0.26640207
16223,2,1,0.65564775
16224,1,1,0.39238095
16225,20,1,0.582167
16226,7,1,0.43982625
16227,16,1,0.58995336
16228,22,1,0.7866915
16229,2,1,0.84561694
16230,22,1,0.7848343
16231,12,0,0.40183258
16232,25,1,0.23854092
16233,2,1,0.68621504
16234,13,1,0.6662328
16235,26,1,0.5490144
16236,8,0,0.67802274
16237,15,1,0.30538484
16238,8,1,0.5717287
16239,10,0,0.47535613
16240,4,1,0.61134446
16241,9,1,0.26439902
16242,11,0,0.31750578
16243,25,1,0.33671153
16244,26,0,0.3613003
16245,20,1,0.7661824
16246,16,0,0.36910066
16247,1,1,0.38769466
16248,23,1,0.7759222
16249,28,1,0.5949942
16250,7,1,0.8466088
16251,1,0,0.46650797
16252,1,0,0.3960502
16253,1,0,0.8142547
16254,28,1,0.48354074
16255,12,1,0.6542639
16256,2,1,0.58411896
16257,2,1,0.6526723
16258,12,0,0.4873887
16259,16,1,0.45498428
16260,25,0,0.8145074
16261,8,0,0.59223765
16262,22,0,0.27467245
16263,25,0,0.4323285
16264,25,1,0.6727464
16265,18,0,0.37494755
16266,8,1,0.50415045
16267,20,1,0.36850893
16268,11,0,0.6402104
16269,15,0,0.21135084
16270,28,0,0.3930582
16271,10,1,0.3411426
16272,8,0,0.7877627
16273,25,1,0.6129588
16274,15,1,0.22923937
16275,14,0,0.2621744
16276,24,0,0.7468903
16277,18,0,0.23493122
16278,8,0,0.41663462
16279,4,0,0.28676566
16280,27,0,0.55857474
16281,8,0,0.30508074
16282,6,0,0.35744175
16283,24,0,0.88274914
16284,10,1,0.8782542
16285,6,0,0.15810415
16286,15,1,0.34078836
16287,0,0,0.5202657
16288,5,1,0.67104787
16289,28,0,0.37505776
16290,10,0,0.28219908
16291,28,1,0.44886374
16292,22,1,0.32607904
16293,20,1,0.34651053
16294,12,0,0.25223505
16295,13,1,0.23230928
16296,17,0,0.31083623
16297,2,1,0.89662504
16298,16,1,0.37643647
16299,1,1,0.505114
16300,13,1,0.43696594
16301,15,1,0.7597488
16302,12,1,0.5925009
16303,12,1,0.6130897
16304,5,1,0.5161216
16305,27,0,0.21707621
16306,3,0,0.40209574
16307,15,0,0.23981349
16308,1,0,0.22360322
16309,18,0,0.56955403
16310,12,1,0.48630998
16311,19,0,0.5713592
16312,8,1,0.8135796
16313,11,1,0.6937105
16314,24,0,0.24698108
16315,1,0,0.29614922
16316,13,1,0.48118472
16317,17,1,0.70383936
16318,16,0,0.8557449
16319,8,0,0.68201566
16320,12,0,0.307922
16321,14,0,0.046959303
16322,28,1,0.5466804
16323,5,0,0.3478843
16324,23,0,0.47320685
16325,13,0,0.21063995
16326,8,1,0.20619087
16327,11,1,0.5715304
16328,2,0,0.3408237
16329,13,0,0.51076174
16330,23,0,0.8549296
16331,24,1,0.75431883
16332,11,1,0.31380287
16333,24,0,0.38155594
16334,13,0,0.4966284
16335,15,1,0.65451485
16336,7,0,0.43074623
16337,26,1,0.5349762
16338,8,1,0.3985033
16339,28,1,0.43575463
16340,25,0,0.35447454
16341,17,1,0.6613147
16342,1,1,0.43352005
16343,27,1,0.3444845
16344,16,0,0.58214265
16345,18,1,0.8458132
16346,6,0,0.47207296
16347,17,1,0.49369308
16348,13,1,0.7258794
16349,26,1,0.6729314
16350,22,1,0.46751195
16351,7,1,0.29400638
16352,10,1,0.7932943
16353,7,0,0.58186
16354,11,1,0.6655321
16355,1,0,0.32809928
16356,16,0,0.33519936
16357,15,1,0.68937445
16358,26,0,0.63952905
16359,17,1,0.26884305
16360,9,1,0.544005
16361,27,0,0.3153926
16362,6,0,0.5697994
16363,25,1,0.8061256
16364,12,1,0.8833084
16365,10,0,0.23803598
16366,20,1,0.5605598
16367,12,0,0.561295
16368,7,0,0.4370149
16369,1,0,0.51608133
16370,23,0,0.5861969
16371,13,1,0.43112305
16372,10,0,0.43537325
16373,15,0,0.49472567
16374,16,1,0.8028439
16375,21,1,0.43718693
16376,10,0,0.5281479
16377,4,1,0.59164584
16378,8,1,0.72729534
16379,13,0,0.6264691
16380,16,0,0.32062224
16381,21,1,0.70449543
16382,7,1,0.49041
16383,10,0,0.21765712
16384,2,0,0.7434225
16385,14,1,0.43986306
16386,12,0,0.5566508
16387,23,1,0.50796866
16388,22,0,0.43936408
16389,13,0,0.38240704
16390,1,1,0.31741098
16391,20,0,0.57409817
16392,19,0,0.28156677
16393,19,1,0.4910028
16394,15,0,0.30749226
16395,27,0,0.29561993
16396,12,1,0.7674125
16397,18,0,0.35396853
16398,8,1,0.84948075
16399,2,0,0.31209758
16400,17,1,0.42548743
16401,9,1,0.77373296
16402,19,0,0.57588845
16403,17,0,0.66684425
16404,2,1,0.5714909
16405,28,1,0.6779486
16406,27,0,0.42339355
16407,8,1,0.8674293
16408,26,1,0.7640656
16409,8,0,0.3483017
16410,3,1,0.6006934
16411,1,0,0.591909
16412,8,1,0.8520162
16413,9,0,0.45382273
16414,11,1,0.5602742
16415,2,1,0.5998019
16416,18,1,0.49624893
16417,1,1,0.59691316
16418,15,1,0.3196592
16419,12,0,0.36135906
16420,3,0,0.5272114
16421,18,0,0.3400851
16422,2,1,0.5625665
16423,11,1,0.5960836
16424,17,1,0.56750613
16425,16,1,0.5623884
16426,21,1,0.81980795
16427,16,1,0.30422416
16428,17,0,0.23699704
16429,8,0,0.338804
16430,28,0,0.43069074
16431,13,1,0.4109718
16432,10,1,0.8023984
16433,9,1,0.3046201
16434,8,1,0.5076098
16435,12,1,0.8943933
16436,22,1,0.4618898
16437,26,1,0.88181555
16438,17,1,0.7642274
16439,7,0,0.37763357
16440,4,1,0.7623489
16441,26,0,0.38859695
16442,15,1,0.8757322
16443,1,0,0.24429043
16444,24,0,0.6110599
16445,22,0,0.28203338
16446,7,0,0.37786958
16447,9,0,0.39870045
16448,3,0,0.2687583
16449,5,1,0.59916735
16450,12,1,0.74118286
16451,25,0,0.39728266
16452,28,0,0.37679467
16453,2,0,0.19519402
16454,12,0,0.20377648
16455,18,1,0.70746905
16456,0,0,0.42436638
16457,8,0,0.25835004
16458,11,1,0.85035497
16459,25,0,0.4421743
16460,27,1,0.6246146
16461,13,0,0.3388276
16462,2,1,0.51578104
16463,10,1,0.29872888
16464,13,0,0.26607612
16465,19,1,0.5211928
16466,16,0,0.41145864
16467,10,0,0.21445912
16468,7,1,0.31570584
16469,15,0,0.24951677
16470,23,1,0.8411662
16471,28,0,0.667788
16472,18,1,0.58645487
16473,24,0,0.56438154
16474,8,1,0.37636507
16475,1,0,0.2546764
16476,26,0,0.69850737
16477,4,1,0.46707296
16478,16,0,0.3789267
16479,13,1,0.4888693
16480,16,0,0.5792088
16481,16,1,0.3213786
16482,15,0,0.5281866
16483,4,1,0.52784103
16484,16,0,0.25858516
16485,0,1,0.2186561
16486,17,0,0.25542834
16487,27,0,0.27652907
16488,12,1,0.90084195
16489,4,0,0.40717667
16490,16,1,0.4906816
16491,13,0,0.2831902
16492,24,0,0.20072545
16493,23,0,0.4679097
16494,3,1,0.47996235
16495,3,1,0.47697213
16496,20,0,0.50411314
16497,18,1,0.2772491
16498,27,1,0.8518892
16499,22,1,0.44263548
16500,16,0,0.46969596
16501,27,1,0.22626474
16502,10,1,0.29056102
16503,13,1,0.29501572
16504,27,1,0.73580664
16505,7,0,0.35976434
16506,15,0,0.4483862
16507,1,0,0.22854756
16508,7,1,0.5252554
16509,14,0,0.28023404
16510,24,1,0.657983
16511,15,0,0.5140082
16512,15,0,0.46226928
16513,3,1,0.5660743
16514,2,0,0.30833733
16515,24,0,0.68144184
16516,13,0,0.66440254
16517,12,1,0.6077419
16518,19,0,0.51488954
16519,26,1,0.42653793
16520,7,0,0.18116118
16521,13,0,0.37260708
16522,8,0,0.27991542
16523,8,1,0.3470457
16524,17,1,0.8837365
16525,2,1,0.4990478
16526,15,1,0.55274963
16527,12,1,0.5823595
16528,14,1,0.92606777
16529,20,1,0.63563555
16530,6,0,0.47596386
16531,17,0,0.6508168
16532,16,1,0.81588835
16533,20,1,0.62646997
16534,1,0,0.34004688
16535,6,0,0.39902735
16536,19,1,0.33406737
16537,16,0,0.77540743
16538,16,0,0.79579234
16539,17,1,0.68904436
16540,3,1,0.5419982
16541,18,0,0.8318638
16542,12,0,0.22718307
16543,7,1,0.440349
16544,13,1,0.59376234
16545,12,0,0.5095883
16546,15,1,0.53597003
