,tissue_ids,target,prediction
0,6,1,0.3792074
1,27,0,0.45839027
2,21,1,0.46002433
3,12,0,0.64183956
4,13,1,0.34946805
5,21,0,0.521711
6,17,1,0.5833707
7,6,1,0.2728784
8,8,1,0.60835665
9,15,1,0.6056329
10,0,0,0.5919844
11,5,1,0.58443564
12,16,1,0.6667336
13,12,1,0.2763038
14,19,0,0.7474654
15,15,0,0.53695565
16,16,0,0.23651479
17,15,1,0.677555
18,8,0,0.5431268
19,10,0,0.27705
20,2,1,0.47743896
21,1,0,0.55460435
22,7,1,0.57163066
23,24,1,0.27573875
24,12,0,0.3379209
25,27,0,0.37248835
26,28,1,0.4528204
27,27,1,0.45929298
28,2,0,0.43801147
29,3,1,0.34593818
30,22,1,0.43306512
31,12,0,0.5322176
32,11,1,0.47763392
33,11,1,0.69052
34,7,1,0.44373938
35,0,1,0.34449616
36,2,1,0.5325101
37,6,1,0.5736245
38,28,0,0.42891654
39,2,0,0.5017296
40,12,0,0.5969687
41,1,0,0.44750595
42,27,1,0.39567852
43,0,0,0.57656753
44,18,1,0.6392702
45,20,1,0.44257617
46,22,1,0.3038876
47,1,1,0.5758637
48,26,0,0.26285762
49,2,0,0.4487096
50,11,0,0.3617202
51,8,0,0.3254145
52,14,0,0.7284682
53,20,0,0.5279033
54,23,0,0.313285
55,1,1,0.627663
56,0,0,0.38886032
57,22,1,0.7331925
58,13,0,0.4604064
59,21,1,0.60407954
60,8,1,0.7920675
61,28,1,0.54436
62,18,0,0.44720495
63,2,0,0.6298265
64,10,1,0.3857934
65,18,0,0.36766315
66,20,0,0.49165466
67,25,1,0.58279306
68,12,0,0.3930771
69,13,0,0.41975042
70,4,1,0.3894928
71,13,1,0.44342875
72,12,1,0.62159973
73,26,0,0.43380684
74,14,1,0.56695396
75,22,0,0.38399264
76,15,1,0.63325953
77,15,1,0.66819555
78,11,1,0.7446798
79,3,1,0.60831493
80,20,1,0.6149289
81,2,1,0.3929808
82,5,1,0.45203778
83,5,1,0.5065576
84,8,0,0.5252076
85,10,0,0.4682097
86,8,1,0.68070126
87,22,0,0.44905713
88,1,1,0.7715908
89,7,0,0.29057142
90,2,0,0.35414502
91,15,0,0.302358
92,24,0,0.22992416
93,16,0,0.4844216
94,15,0,0.22061205
95,6,1,0.49069342
96,21,0,0.37254047
97,22,1,0.83539724
98,2,0,0.51157755
99,28,1,0.76571316
100,11,0,0.35959414
101,26,0,0.6708732
102,8,1,0.6872417
103,24,1,0.6907542
104,1,1,0.3724416
105,12,0,0.44158828
106,17,1,0.3130093
107,9,0,0.34504476
108,15,1,0.30604312
109,23,1,0.48107517
110,19,1,0.6635236
111,2,1,0.537086
112,13,0,0.2735276
113,24,0,0.38639736
114,18,0,0.62209696
115,7,1,0.7765844
116,11,1,0.48387578
117,25,1,0.34609237
118,7,1,0.6430667
119,27,0,0.5427974
120,15,1,0.4051612
121,16,1,0.38645032
122,4,1,0.30917957
123,16,0,0.34211507
124,15,1,0.74467397
125,5,1,0.6285383
126,12,1,0.7319452
127,10,0,0.62669295
128,13,0,0.42363077
129,26,1,0.7326688
130,14,0,0.4618551
131,15,1,0.5692002
132,15,1,0.35877398
133,27,0,0.6249464
134,16,1,0.3352226
135,16,1,0.48377788
136,15,0,0.3256824
137,5,0,0.29134837
138,16,1,0.8095246
139,25,0,0.33773774
140,10,0,0.48695827
141,15,1,0.42774472
142,28,1,0.39326063
143,7,1,0.41990417
144,20,0,0.34415114
145,8,0,0.4419834
146,25,0,0.3758471
147,4,1,0.70557797
148,22,1,0.6113872
149,24,0,0.71504503
150,5,1,0.5480946
151,16,0,0.43647802
152,0,1,0.64519227
153,20,0,0.4501643
154,18,1,0.5520853
155,15,0,0.7290875
156,27,1,0.35404673
157,2,1,0.3967709
158,7,0,0.34884477
159,12,1,0.7007946
160,10,1,0.5280037
161,10,1,0.8022331
162,20,0,0.35065237
163,26,1,0.78926885
164,8,0,0.33377224
165,18,1,0.5000174
166,28,0,0.62880075
167,2,1,0.56460905
168,18,1,0.42950222
169,13,0,0.32311174
170,25,1,0.39871827
171,2,1,0.35201728
172,1,1,0.26820695
173,26,1,0.62940985
174,16,0,0.3958774
175,8,1,0.7651891
176,26,0,0.36412713
177,2,0,0.29832458
178,8,1,0.8041744
179,16,1,0.45634475
180,8,0,0.4599175
181,18,1,0.49062443
182,18,0,0.5174494
183,20,0,0.26752052
184,24,0,0.6663278
185,12,0,0.6653908
186,18,0,0.33398226
187,16,0,0.36951864
188,13,1,0.7411404
189,11,0,0.751632
190,6,0,0.38473287
191,17,1,0.7788222
192,13,1,0.6435795
193,4,1,0.45002615
194,1,1,0.5575203
195,12,1,0.36244535
196,26,0,0.73088545
197,3,0,0.7978594
198,20,1,0.3551272
199,13,0,0.3180674
200,5,0,0.21481174
201,7,0,0.742514
202,1,1,0.5686208
203,6,0,0.37556157
204,9,0,0.48888558
205,16,0,0.4181275
206,8,1,0.63179284
207,21,1,0.47374701
208,28,1,0.28582898
209,4,1,0.71687585
210,1,1,0.79073685
211,8,0,0.74394584
212,9,1,0.856438
213,28,0,0.47063833
214,8,0,0.6249164
215,10,1,0.77622986
216,3,1,0.32262585
217,28,1,0.67575884
218,8,0,0.37696874
219,8,0,0.27918917
220,20,0,0.47847772
221,10,0,0.65736663
222,13,1,0.22305457
223,10,0,0.75687116
224,14,0,0.6564654
225,11,0,0.6937862
226,4,1,0.7399721
227,2,1,0.71084064
228,23,1,0.4911133
229,24,1,0.56480134
230,27,0,0.41475734
231,1,1,0.7067661
232,23,0,0.65240914
233,0,0,0.42674732
234,13,0,0.3910022
235,20,0,0.40583172
236,1,0,0.45592272
237,1,0,0.6999859
238,7,0,0.60377234
239,3,0,0.4333534
240,10,0,0.45594195
241,27,1,0.4565517
242,15,1,0.5705407
243,15,0,0.3488429
244,27,0,0.28064504
245,13,0,0.624424
246,15,1,0.37721416
247,0,0,0.35095796
248,8,0,0.32799187
249,19,1,0.49302804
250,8,0,0.30540925
251,24,0,0.6507352
252,10,1,0.65700096
253,10,0,0.3596776
254,20,1,0.27712497
255,2,0,0.37291765
256,14,0,0.33909917
257,26,0,0.53441685
258,1,0,0.3656416
259,25,1,0.46821964
260,20,1,0.42867032
261,28,1,0.6390879
262,27,1,0.65283495
263,16,1,0.40927857
264,2,1,0.53475
265,10,1,0.7490827
266,16,1,0.6610801
267,14,1,0.41800275
268,10,0,0.61448324
269,9,0,0.6928032
270,0,1,0.31359982
271,25,0,0.64410675
272,2,0,0.58297217
273,13,1,0.47197413
274,16,0,0.40381473
275,19,1,0.7033139
276,24,1,0.4559482
277,9,1,0.56394964
278,0,1,0.37911642
279,13,1,0.48665428
280,2,0,0.5375884
281,20,1,0.5860649
282,4,1,0.45421353
283,12,1,0.65189046
284,24,1,0.5829138
285,12,0,0.54362124
286,10,1,0.47200412
287,8,1,0.728086
288,8,0,0.29956812
289,2,1,0.68088156
290,20,1,0.5538727
291,11,0,0.3377866
292,16,1,0.634321
293,27,1,0.37366298
294,21,1,0.33821824
295,0,1,0.578878
296,13,0,0.34738457
297,2,1,0.6107333
298,15,1,0.27732036
299,10,0,0.81503946
300,26,1,0.8114524
301,24,1,0.7534191
302,28,0,0.29690742
303,16,0,0.3444561
304,3,1,0.64348054
305,20,0,0.23017308
306,15,0,0.30150566
307,8,1,0.5539345
308,3,0,0.3132524
309,26,0,0.48435712
310,27,0,0.45147574
311,27,0,0.45876145
312,21,1,0.25534806
313,18,0,0.34308922
314,26,0,0.259987
315,3,0,0.4461259
316,6,1,0.6458301
317,25,0,0.5471711
318,1,0,0.6118402
319,8,0,0.3201245
320,16,0,0.3381323
321,16,1,0.76971626
322,3,0,0.6984158
323,27,0,0.38398635
324,14,0,0.49035776
325,10,0,0.5976585
326,25,0,0.4124625
327,10,1,0.82183695
328,28,0,0.3554781
329,7,1,0.6641433
330,25,0,0.22649097
331,14,0,0.34411272
332,20,1,0.5111789
333,25,0,0.2594119
334,12,1,0.62023395
335,20,1,0.6853029
336,9,0,0.6349476
337,16,0,0.50775486
338,10,0,0.33263874
339,25,0,0.5287975
340,22,1,0.56110775
341,6,0,0.5286215
342,12,0,0.32573757
343,11,0,0.65719914
344,6,1,0.63330066
345,16,0,0.40065145
346,1,0,0.25116476
347,28,0,0.28834778
348,20,1,0.6396232
349,13,1,0.5689235
350,27,1,0.67715114
351,9,1,0.3838648
352,27,1,0.5522204
353,11,1,0.43991745
354,20,0,0.23875861
355,27,1,0.6013779
356,19,1,0.29235482
357,15,1,0.27592206
358,1,1,0.49385935
359,10,0,0.47821355
360,2,1,0.7185332
361,6,1,0.7958887
362,10,1,0.4416384
363,19,0,0.59979945
364,13,0,0.31803882
365,13,1,0.61284125
366,23,1,0.4376015
367,10,0,0.44995952
368,7,0,0.34644154
369,2,1,0.7332822
370,1,0,0.28228024
371,13,0,0.3416242
372,11,0,0.2582285
373,0,1,0.33618572
374,24,1,0.64767194
375,19,1,0.6776158
376,18,0,0.50490415
377,10,1,0.73835135
378,23,0,0.34203833
379,1,0,0.61032766
380,26,1,0.45771366
381,14,1,0.6038606
382,7,0,0.6539307
383,3,1,0.5481628
384,10,0,0.33837646
385,13,1,0.5130617
386,16,1,0.5614952
387,14,1,0.5711232
388,11,1,0.55838954
389,15,1,0.4069863
390,21,0,0.43502834
391,26,0,0.5567083
392,20,1,0.4646726
393,20,0,0.35836563
394,20,0,0.3084166
395,20,1,0.62772703
396,8,1,0.4766508
397,15,1,0.5825341
398,16,0,0.30137694
399,13,1,0.55818903
400,1,0,0.48460034
401,15,0,0.32476142
402,25,0,0.57540035
403,13,1,0.37581423
404,5,1,0.5753023
405,21,1,0.65809685
406,8,0,0.29980704
407,19,1,0.49906155
408,12,1,0.5406512
409,2,1,0.6647432
410,26,1,0.63299847
411,20,0,0.5252215
412,13,1,0.6364402
413,15,0,0.35662875
414,10,1,0.6798527
415,15,0,0.7313558
416,28,0,0.6715487
417,12,0,0.28313875
418,11,1,0.45909733
419,20,0,0.36151192
420,26,1,0.62598234
421,13,1,0.43677413
422,9,1,0.49554127
423,8,0,0.2930397
424,11,0,0.64521086
425,21,1,0.7064267
426,25,1,0.3863684
427,25,1,0.54824597
428,15,1,0.26944512
429,17,0,0.74125695
430,20,0,0.37203923
431,11,1,0.7434398
432,10,1,0.6347999
433,22,1,0.5966469
434,20,0,0.25181824
435,10,0,0.6256273
436,1,1,0.43149713
437,27,1,0.57033604
438,27,0,0.32214525
439,9,1,0.28254813
440,28,0,0.3769371
441,23,0,0.3675493
442,6,1,0.65760964
443,24,1,0.6696316
444,15,0,0.36178228
445,22,1,0.7894795
446,13,0,0.44353038
447,15,1,0.77314657
448,18,0,0.63516617
449,15,1,0.71990556
450,13,1,0.6571252
451,18,0,0.28632036
452,20,1,0.61434686
453,15,0,0.4533579
454,26,1,0.6469732
455,26,0,0.74371874
456,1,0,0.45188385
457,4,1,0.5646549
458,15,1,0.6615745
459,11,1,0.4292727
460,16,0,0.56132996
461,17,1,0.58246845
462,2,0,0.57754916
463,6,0,0.4119006
464,3,0,0.5971185
465,18,0,0.28192565
466,18,1,0.6992679
467,17,1,0.47840196
468,13,0,0.47099867
469,28,1,0.53194785
470,19,0,0.56567645
471,11,0,0.39981753
472,7,0,0.2847531
473,25,0,0.36549374
474,24,1,0.3033342
475,17,1,0.6355254
476,10,0,0.45331457
477,23,1,0.52415866
478,22,1,0.75938505
479,22,0,0.3214445
480,25,1,0.53751576
481,2,1,0.4675894
482,21,0,0.7651504
483,11,1,0.82689613
484,16,0,0.43344256
485,20,0,0.39144647
486,10,1,0.7088442
487,25,0,0.6788372
488,16,0,0.34743187
489,13,0,0.35862744
490,17,0,0.4514541
491,27,0,0.27685976
492,10,0,0.48005942
493,2,1,0.3761338
494,27,1,0.6734419
495,15,0,0.48509836
496,15,1,0.7322352
497,9,0,0.44380045
498,12,0,0.6357897
499,19,1,0.4637408
500,9,0,0.27918822
501,24,1,0.61517894
502,3,0,0.3099835
503,9,0,0.6500878
504,11,1,0.65486926
505,27,1,0.46761724
506,18,0,0.3694145
507,7,0,0.67773724
508,27,0,0.47029728
509,1,0,0.57133853
510,13,0,0.24711682
511,27,0,0.43426067
512,6,1,0.6136574
513,11,1,0.7463142
514,6,1,0.6107438
515,11,0,0.7268523
516,14,0,0.27746686
517,18,1,0.6474877
518,4,1,0.69363475
519,15,0,0.65266854
520,6,1,0.38332722
521,24,1,0.3485774
522,20,1,0.3565793
523,0,1,0.34313598
524,17,1,0.71356255
525,8,0,0.32752737
526,18,0,0.2923523
527,15,0,0.6030411
528,3,0,0.5828291
529,26,1,0.47619244
530,8,1,0.6162097
531,26,1,0.32210657
532,8,0,0.2844885
533,28,1,0.62085366
534,10,0,0.45765573
535,26,1,0.25966626
536,2,0,0.28628266
537,10,0,0.3549024
538,20,0,0.27097106
539,2,1,0.79714054
540,16,1,0.53318006
541,11,0,0.32854444
542,25,0,0.4500352
543,2,0,0.60892296
544,14,1,0.46856508
545,20,1,0.26321003
546,26,1,0.37182838
547,17,0,0.544976
548,6,1,0.3424318
549,24,1,0.71284974
550,8,0,0.4199788
551,11,1,0.61650586
552,14,0,0.27548006
553,22,0,0.35301286
554,5,1,0.45769957
555,2,0,0.41853607
556,15,0,0.42022285
557,1,0,0.26620385
558,11,0,0.3676314
559,21,0,0.6239157
560,27,1,0.44010895
561,13,0,0.53749824
562,10,1,0.44001
563,1,0,0.5800732
564,18,1,0.3290191
565,13,1,0.6036627
566,14,0,0.6234979
567,11,0,0.65023786
568,28,0,0.2764243
569,20,1,0.5468374
570,8,0,0.47411957
571,2,1,0.6298688
572,10,1,0.36364028
573,10,1,0.56532085
574,20,1,0.6610902
575,23,0,0.7439404
576,13,1,0.5710275
577,24,0,0.47895294
578,10,1,0.3925123
579,3,1,0.55076903
580,22,1,0.71296215
581,10,1,0.8168786
582,1,1,0.5504082
583,21,1,0.7277293
584,6,0,0.49849606
585,13,1,0.4185093
586,11,0,0.507242
587,11,0,0.43141875
588,22,1,0.34196702
589,2,0,0.38737163
590,1,1,0.55438656
591,2,1,0.39726943
592,13,1,0.65513325
593,24,1,0.798125
594,14,1,0.688031
595,6,1,0.65020883
596,28,0,0.43952918
597,4,1,0.3091568
598,15,1,0.69536877
599,9,0,0.31550688
600,14,0,0.2692962
601,14,1,0.6885915
602,26,0,0.3620549
603,1,0,0.29366136
604,3,1,0.4819179
605,11,0,0.63362104
606,24,0,0.5017589
607,0,1,0.49189696
608,27,1,0.3886219
609,10,0,0.66296357
610,22,0,0.39627832
611,17,0,0.4029041
612,14,0,0.36580047
613,25,1,0.64623547
614,10,0,0.54840577
615,13,0,0.31392536
616,19,1,0.58175296
617,24,0,0.3473499
618,26,1,0.7643954
619,2,0,0.374077
620,12,1,0.52265316
621,1,1,0.5775209
622,15,1,0.59262455
623,3,1,0.72396606
624,26,1,0.3701017
625,10,0,0.32126522
626,10,1,0.36454165
627,13,1,0.5629548
628,13,1,0.72969466
629,15,1,0.47692722
630,17,0,0.5369311
631,2,1,0.6260146
632,25,1,0.6954402
633,25,1,0.5209344
634,26,0,0.48023844
635,19,0,0.3150529
636,4,0,0.4664722
637,15,1,0.6252269
638,6,0,0.4294225
639,22,0,0.42474627
640,13,0,0.30492213
641,10,0,0.6124521
642,28,1,0.36936453
643,1,1,0.6111077
644,26,1,0.50408876
645,6,0,0.3779086
646,16,0,0.35738802
647,25,1,0.5414317
648,11,1,0.6955534
649,13,1,0.5267989
650,9,1,0.72155786
651,28,0,0.2972924
652,23,0,0.44246784
653,6,1,0.6696308
654,26,1,0.6014524
655,13,0,0.3715983
656,23,0,0.64529026
657,13,1,0.62549037
658,11,0,0.23987547
659,16,1,0.330459
660,26,0,0.43907994
661,9,0,0.4803541
662,5,1,0.5476278
663,10,1,0.4152937
664,21,1,0.6544725
665,23,1,0.6830081
666,2,1,0.4426904
667,12,0,0.6461575
668,8,0,0.5925461
669,21,0,0.2354671
670,7,1,0.794591
671,2,0,0.27866933
672,16,0,0.2916136
673,17,1,0.52923524
674,16,0,0.25679514
675,20,1,0.7387417
676,8,1,0.69762784
677,2,1,0.30724588
678,1,0,0.6006075
679,2,0,0.3035389
680,28,0,0.3272297
681,25,1,0.55523527
682,26,1,0.32639238
683,9,1,0.388467
684,13,0,0.60461146
685,12,1,0.66368896
686,12,0,0.57455033
687,20,1,0.2799238
688,2,1,0.8514519
689,16,1,0.3879232
690,20,1,0.720969
691,1,0,0.35328278
692,26,1,0.40387204
693,15,0,0.32902148
694,9,0,0.294381
695,9,0,0.42700487
696,28,1,0.45023715
697,17,1,0.7164262
698,2,1,0.44716263
699,12,1,0.4700691
700,14,0,0.6591728
701,17,1,0.77803445
702,2,1,0.54742444
703,8,0,0.29998165
704,12,1,0.54534554
705,18,1,0.6258041
706,17,0,0.4474215
707,16,0,0.3127661
708,27,1,0.7800357
709,8,1,0.7680601
710,19,1,0.7503458
711,13,0,0.24218222
712,22,1,0.34934992
713,27,1,0.38559207
714,27,0,0.6819335
715,5,1,0.7309361
716,8,0,0.3014906
717,13,0,0.5134909
718,2,0,0.6603842
719,7,0,0.5792992
720,0,1,0.54781264
721,16,1,0.5510125
722,27,1,0.35989437
723,20,0,0.7509782
724,17,1,0.47873712
725,9,1,0.6022913
726,7,0,0.5572227
727,12,1,0.56123924
728,15,1,0.7437772
729,19,1,0.44769448
730,8,1,0.56670135
731,0,0,0.26911452
732,11,1,0.31714112
733,21,1,0.63794565
734,21,0,0.5972996
735,8,0,0.33167627
736,15,1,0.79218286
737,3,1,0.64193547
738,28,0,0.3407955
739,7,0,0.41556302
740,25,1,0.72565335
741,1,0,0.46757272
742,10,0,0.2210613
743,4,0,0.30848676
744,11,1,0.6822172
745,12,1,0.52481306
746,3,0,0.27572158
747,22,1,0.5906645
748,12,1,0.74930733
749,13,1,0.67071897
750,8,1,0.6280563
751,16,1,0.3130106
752,22,1,0.78122133
753,22,0,0.52745324
754,8,0,0.3249967
755,15,1,0.6586563
756,7,1,0.27744734
757,18,1,0.6271954
758,18,0,0.23313397
759,26,1,0.5984312
760,10,1,0.4038225
761,26,1,0.702472
762,27,1,0.71057045
763,13,1,0.6138243
764,16,1,0.44887555
765,18,0,0.45941624
766,2,0,0.48946565
767,15,0,0.53738755
768,16,0,0.22872494
769,22,0,0.31659457
770,15,1,0.30961582
771,27,0,0.43804651
772,15,1,0.6646801
773,16,1,0.6849442
774,11,1,0.3019868
775,15,1,0.514881
776,17,0,0.36514363
777,9,0,0.7813342
778,1,0,0.49333405
779,1,0,0.40198317
780,13,0,0.2872321
781,25,0,0.31828237
782,18,1,0.30263197
783,17,1,0.64716995
784,23,0,0.37947956
785,10,1,0.68713653
786,13,1,0.6234928
787,0,0,0.45395327
788,16,0,0.6671401
789,8,1,0.73623925
790,19,0,0.6460709
791,25,1,0.64806116
792,13,1,0.50033545
793,9,0,0.26623374
794,13,0,0.5321586
795,13,0,0.3408327
796,10,0,0.35608122
797,18,1,0.6363435
798,13,0,0.31947103
799,6,0,0.26295936
800,16,1,0.5157782
801,2,1,0.6218639
802,2,0,0.33443207
803,25,1,0.8405477
804,1,0,0.33687392
805,8,1,0.45902392
806,25,1,0.3496831
807,23,0,0.579663
808,22,1,0.5720002
809,1,0,0.7088896
810,9,1,0.63252336
811,21,1,0.26897934
812,1,1,0.6524129
813,7,1,0.579277
814,25,0,0.42320028
815,3,0,0.5649873
816,24,1,0.34707722
817,14,0,0.25731453
818,16,1,0.7023397
819,14,1,0.27712083
820,28,0,0.57837033
821,12,0,0.61210036
822,2,1,0.62117
823,8,1,0.38688707
824,9,0,0.33078
825,13,1,0.5552972
826,13,0,0.37551263
827,11,1,0.55544394
828,2,0,0.2665022
829,2,1,0.74609506
830,18,1,0.4348051
831,25,0,0.55726576
832,21,1,0.58921236
833,2,1,0.5894804
834,20,1,0.5309338
835,27,1,0.7317328
836,10,0,0.44118932
837,8,0,0.40514013
838,25,0,0.24201289
839,18,0,0.57821697
840,7,1,0.38283798
841,27,1,0.6128875
842,17,1,0.35860246
843,2,0,0.24685887
844,22,0,0.40647092
845,13,1,0.4626083
846,12,1,0.39146757
847,21,0,0.36098522
848,4,1,0.76507705
849,21,0,0.5277558
850,10,1,0.57726973
851,26,1,0.5454701
852,1,0,0.42612156
853,25,0,0.61990136
854,19,1,0.6238793
855,23,1,0.45640922
856,13,1,0.62851834
857,15,0,0.61430347
858,1,1,0.273229
859,6,1,0.7847724
860,11,1,0.8262067
861,13,0,0.32135415
862,7,1,0.73195946
863,8,0,0.439468
864,23,0,0.40114138
865,23,1,0.71472365
866,13,1,0.65428567
867,22,1,0.6030087
868,26,1,0.58329487
869,14,1,0.517412
870,12,1,0.7311288
871,15,1,0.47912145
872,2,1,0.6600497
873,14,1,0.6772878
874,18,1,0.32310706
875,15,1,0.31553134
876,27,0,0.31111118
877,10,0,0.28590566
878,13,0,0.2330262
879,13,0,0.37702882
880,8,0,0.2811828
881,19,1,0.784828
882,10,1,0.6654245
883,17,1,0.83729136
884,3,1,0.5710468
885,7,1,0.39222476
886,13,1,0.5234514
887,25,0,0.6267736
888,15,0,0.5723973
889,9,1,0.45511737
890,6,1,0.38331157
891,16,0,0.6710278
892,23,0,0.4111946
893,26,1,0.51589096
894,2,1,0.48543355
895,27,0,0.28143612
896,21,1,0.73961425
897,22,0,0.3879166
898,5,1,0.5525736
899,25,0,0.32221308
900,0,0,0.57981086
901,20,0,0.44797787
902,23,0,0.33576927
903,2,1,0.61075217
904,8,0,0.29266426
905,13,1,0.81090146
906,11,0,0.3041823
907,16,0,0.3853858
908,10,0,0.65845454
909,13,0,0.37843862
910,16,0,0.37819538
911,13,1,0.5414421
912,10,1,0.47162834
913,18,1,0.76723385
914,11,1,0.52631754
915,2,1,0.62791926
916,9,0,0.432568
917,10,0,0.49347088
918,25,0,0.3669361
919,18,0,0.63378274
920,1,0,0.5673275
921,10,0,0.2510366
922,10,0,0.51509863
923,10,0,0.68284535
924,8,0,0.60776913
925,26,1,0.7827475
926,22,0,0.6385283
927,14,0,0.62305915
928,8,1,0.5908238
929,14,1,0.60181016
930,3,1,0.4079381
931,13,0,0.27364895
932,12,1,0.42231974
933,12,1,0.6261604
934,25,0,0.6648284
935,6,1,0.44864115
936,7,0,0.2956166
937,8,1,0.3695163
938,0,0,0.51944387
939,16,0,0.5593372
940,10,1,0.8063671
941,15,0,0.62807155
942,16,0,0.77700955
943,19,1,0.6534329
944,12,0,0.47417846
945,8,0,0.5515318
946,12,0,0.69314426
947,7,0,0.6734339
948,7,1,0.75850034
949,5,0,0.30593926
950,27,0,0.5841888
951,15,1,0.6352418
952,12,1,0.5598998
953,28,1,0.511479
954,6,0,0.447921
955,6,0,0.380772
956,8,1,0.64400816
957,11,1,0.4981212
958,15,1,0.8179319
959,16,1,0.3970944
960,2,0,0.5678865
961,12,1,0.77405137
962,13,1,0.32025138
963,27,1,0.56795865
964,2,0,0.6156602
965,13,1,0.740386
966,26,0,0.539177
967,1,0,0.45597547
968,2,0,0.30311894
969,28,1,0.684194
970,22,1,0.38901517
971,13,0,0.46156245
972,27,0,0.70074415
973,0,0,0.48187384
974,24,0,0.28471822
975,16,0,0.65086454
976,9,1,0.47736374
977,8,0,0.30972952
978,17,0,0.47067013
979,4,1,0.6365848
980,9,1,0.42478895
981,16,1,0.65417665
982,8,1,0.769261
983,7,1,0.33653706
984,16,0,0.43009132
985,16,1,0.34155625
986,19,1,0.81321937
987,8,1,0.59268624
988,19,0,0.5935381
989,2,1,0.64201176
990,19,1,0.6545317
991,16,0,0.5037252
992,23,0,0.2586046
993,26,0,0.30729243
994,28,1,0.53747314
995,21,0,0.32725832
996,23,0,0.40579677
997,8,1,0.77480876
998,7,1,0.50366616
999,11,1,0.3222081
1000,18,0,0.57824504
1001,13,1,0.6156552
1002,21,0,0.53567386
1003,6,1,0.67838156
1004,10,0,0.47488123
1005,16,1,0.6290154
1006,28,0,0.41014633
1007,16,1,0.64675564
1008,26,1,0.44747987
1009,0,1,0.45515683
1010,15,0,0.330826
1011,11,1,0.7870135
1012,9,0,0.50989544
1013,10,1,0.81554455
1014,13,1,0.5554482
1015,27,0,0.5205208
1016,14,1,0.56537426
1017,19,1,0.53768414
1018,16,1,0.26757973
1019,27,1,0.5983321
1020,10,1,0.450721
1021,24,1,0.6400391
1022,8,1,0.48112005
1023,28,1,0.3507061
1024,16,1,0.6577249
1025,12,1,0.31758538
1026,13,1,0.7276005
1027,10,0,0.34786218
1028,26,0,0.29423186
1029,1,1,0.6116948
1030,1,1,0.6423337
1031,2,0,0.71904933
1032,20,0,0.30719543
1033,2,1,0.62219757
1034,17,0,0.29474962
1035,28,0,0.49214387
1036,11,1,0.69770455
1037,17,1,0.62363434
1038,26,0,0.32305238
1039,13,0,0.3608122
1040,7,1,0.6705819
1041,1,0,0.29249096
1042,27,0,0.44222993
1043,18,1,0.43478358
1044,10,1,0.49219078
1045,20,0,0.25670972
1046,25,1,0.7256707
1047,8,0,0.5116435
1048,15,1,0.7363732
1049,4,0,0.33041912
1050,16,1,0.75245416
1051,13,1,0.64155334
1052,2,0,0.45261094
1053,14,1,0.6695277
1054,1,1,0.53229344
1055,1,0,0.2855
1056,6,1,0.3134442
1057,10,1,0.32065126
1058,8,1,0.512498
1059,18,1,0.3660144
1060,11,0,0.67070615
1061,23,1,0.6638413
1062,11,0,0.5166192
1063,18,0,0.2905724
1064,13,0,0.39157405
1065,9,1,0.8112549
1066,2,0,0.37355283
1067,25,1,0.34181345
1068,2,0,0.46380407
1069,2,1,0.46584362
1070,10,1,0.35979614
1071,16,1,0.75259554
1072,22,0,0.50691634
1073,10,1,0.7371985
1074,26,0,0.4512947
1075,3,1,0.679595
1076,26,1,0.3586349
1077,12,1,0.33676156
1078,18,1,0.7292877
1079,7,1,0.3888237
1080,11,1,0.29036728
1081,22,1,0.625421
1082,8,1,0.67825305
1083,1,0,0.24964835
1084,20,0,0.24105754
1085,11,0,0.38421884
1086,13,1,0.31270614
1087,27,1,0.42988023
1088,6,1,0.5474029
1089,1,1,0.5477958
1090,14,1,0.3513081
1091,23,1,0.6832497
1092,17,0,0.73540777
1093,3,1,0.48205298
1094,28,0,0.30265197
1095,8,1,0.44980776
1096,4,0,0.5902982
1097,16,0,0.34966955
1098,4,1,0.66672665
1099,2,1,0.26613164
1100,2,0,0.32458085
1101,11,0,0.28702083
1102,12,0,0.3731742
1103,25,0,0.6486113
1104,12,1,0.79331464
1105,14,1,0.55434495
1106,10,1,0.5524539
1107,15,0,0.34399185
1108,19,1,0.50049967
1109,6,1,0.83146226
1110,27,1,0.5747009
1111,8,1,0.55489004
1112,27,1,0.58893204
1113,2,0,0.26058373
1114,25,0,0.62861854
1115,20,0,0.3404828
1116,22,0,0.34920493
1117,23,1,0.6109031
1118,22,0,0.59370697
1119,2,1,0.36346796
1120,16,0,0.28188223
1121,7,1,0.7667512
1122,22,1,0.48512182
1123,16,1,0.61443436
1124,8,1,0.63890773
1125,15,0,0.25070703
1126,17,0,0.48366922
1127,12,1,0.707032
1128,6,0,0.25758415
1129,8,0,0.30331177
1130,13,1,0.8122581
1131,5,0,0.46874574
1132,9,0,0.47601244
1133,2,1,0.3997545
1134,27,1,0.54588753
1135,16,0,0.53017473
1136,16,1,0.4520658
1137,12,1,0.6718107
1138,26,1,0.66805655
1139,14,0,0.687382
1140,8,1,0.44346833
1141,15,0,0.32262224
1142,11,0,0.67105
1143,20,0,0.4507142
1144,1,0,0.35823336
1145,18,0,0.34024292
1146,21,1,0.48911867
1147,2,1,0.7095164
1148,8,0,0.32480714
1149,23,0,0.3578155
1150,18,0,0.39027148
1151,11,0,0.60699457
1152,17,0,0.57811075
1153,17,0,0.5236056
1154,2,0,0.5632336
1155,15,1,0.56697315
1156,22,1,0.2708735
1157,1,1,0.42721903
1158,20,0,0.36369628
1159,25,0,0.32029915
1160,19,1,0.61074716
1161,25,1,0.61617404
1162,4,0,0.3925536
1163,19,0,0.35139164
1164,14,1,0.5969956
1165,6,0,0.2897682
1166,7,0,0.68028826
1167,2,1,0.48181406
1168,19,0,0.5807777
1169,12,1,0.5600054
1170,16,0,0.484078
1171,15,1,0.6411693
1172,1,0,0.5828651
1173,6,0,0.31729472
1174,10,0,0.27578613
1175,20,1,0.61627173
1176,16,0,0.62862575
1177,10,1,0.42374068
1178,15,0,0.33136055
1179,7,0,0.29095852
1180,1,0,0.784779
1181,18,1,0.44102168
1182,0,0,0.6360084
1183,1,0,0.40166777
1184,20,0,0.4326697
1185,8,0,0.7183523
1186,17,1,0.31981778
1187,20,0,0.42144406
1188,0,1,0.6026429
1189,20,1,0.66316956
1190,11,1,0.5781745
1191,6,0,0.3446787
1192,19,0,0.4462131
1193,2,0,0.599818
1194,24,0,0.36995435
1195,18,1,0.5804099
1196,17,1,0.37831792
1197,12,0,0.25496063
1198,24,0,0.30094346
1199,17,0,0.19944838
1200,16,1,0.55655247
1201,7,1,0.6153856
1202,2,1,0.4298679
1203,21,0,0.35641032
1204,10,1,0.62782985
1205,28,1,0.30914003
1206,14,1,0.4490977
1207,14,1,0.6296448
1208,16,1,0.615925
1209,14,1,0.63971126
1210,11,1,0.7649781
1211,11,0,0.656103
1212,15,1,0.36837268
1213,3,1,0.4180515
1214,18,1,0.37658802
1215,9,0,0.38719702
1216,8,0,0.5726104
1217,6,1,0.6524317
1218,15,0,0.32960004
1219,4,1,0.7306259
1220,3,0,0.5307224
1221,11,0,0.4480733
1222,16,1,0.77365255
1223,2,0,0.4790139
1224,3,0,0.5368768
1225,5,1,0.6523553
1226,8,1,0.724864
1227,12,1,0.519467
1228,10,0,0.6008299
1229,15,0,0.6579095
1230,8,0,0.6411406
1231,22,1,0.41106874
1232,14,1,0.40415466
1233,17,0,0.32523793
1234,27,1,0.56538194
1235,23,0,0.5306
1236,11,0,0.2938066
1237,8,0,0.33811158
1238,7,0,0.28125367
1239,2,0,0.30997446
1240,1,1,0.6508569
1241,0,0,0.6424482
1242,2,1,0.62500936
1243,16,0,0.3383097
1244,6,0,0.3408893
1245,8,0,0.39055234
1246,1,1,0.6845384
1247,22,0,0.60189074
1248,28,0,0.3359536
1249,13,1,0.37999856
1250,27,0,0.6331134
1251,15,1,0.70591706
1252,3,0,0.7223654
1253,27,1,0.52185124
1254,21,0,0.3306182
1255,7,1,0.5876439
1256,18,0,0.30872336
1257,11,0,0.5274111
1258,2,0,0.46014914
1259,20,1,0.80271715
1260,23,0,0.38266155
1261,7,0,0.47410473
1262,8,1,0.5017948
1263,7,0,0.57723707
1264,14,0,0.3899797
1265,22,0,0.34557095
1266,23,0,0.51376534
1267,16,1,0.6310053
1268,26,1,0.6825969
1269,21,0,0.38610446
1270,3,0,0.5999331
1271,15,0,0.39176995
1272,8,0,0.5588517
1273,0,1,0.5650099
1274,8,0,0.33627197
1275,2,0,0.25132662
1276,17,1,0.45549643
1277,16,0,0.30408508
1278,25,1,0.8256289
1279,16,0,0.5520274
1280,27,1,0.6339729
1281,9,0,0.28817812
1282,11,1,0.43549114
1283,7,0,0.48045248
1284,13,1,0.62416434
1285,20,1,0.7466824
1286,16,1,0.36183053
1287,8,0,0.6428638
1288,24,0,0.29255447
1289,14,1,0.6021353
1290,12,1,0.54406035
1291,16,1,0.7564663
1292,6,1,0.32062855
1293,3,0,0.78427833
1294,3,0,0.35258025
1295,4,0,0.32962015
1296,26,0,0.30402234
1297,13,1,0.7927239
1298,2,1,0.6252889
1299,5,1,0.44898933
1300,16,1,0.7799994
1301,23,1,0.342833
1302,13,0,0.58715606
1303,19,1,0.3810614
1304,18,1,0.7024154
1305,11,1,0.32964212
1306,25,1,0.51742536
1307,26,0,0.50066686
1308,14,1,0.559157
1309,13,0,0.44327205
1310,13,1,0.6763814
1311,1,0,0.41226783
1312,13,0,0.5155135
1313,16,0,0.64741313
1314,25,1,0.4538786
1315,8,0,0.5501246
1316,10,0,0.23618883
1317,15,1,0.33232588
1318,6,0,0.26300588
1319,16,1,0.65174466
1320,15,0,0.37663645
1321,20,1,0.79151654
1322,12,1,0.7371676
1323,5,0,0.3545545
1324,2,0,0.45128953
1325,12,1,0.7595079
1326,20,0,0.3818489
1327,8,0,0.69847125
1328,8,0,0.4302053
1329,11,1,0.55644834
1330,9,1,0.35124135
1331,26,0,0.3178216
1332,28,0,0.33424547
1333,13,1,0.45270503
1334,16,1,0.40209928
1335,6,0,0.3258255
1336,21,0,0.47882605
1337,23,1,0.3541677
1338,15,0,0.32570568
1339,16,0,0.40955848
1340,10,0,0.27697808
1341,10,0,0.3524853
1342,10,0,0.28602758
1343,0,1,0.6817315
1344,14,0,0.45768854
1345,12,1,0.6704923
1346,6,1,0.5785014
1347,16,1,0.3486621
1348,8,1,0.496493
1349,5,0,0.47727042
1350,27,0,0.35279354
1351,0,1,0.6097325
1352,6,0,0.4197984
1353,11,0,0.49412104
1354,17,0,0.26268733
1355,10,0,0.33504802
1356,4,1,0.5970789
1357,27,0,0.63889235
1358,13,1,0.29326683
1359,9,0,0.4219636
1360,2,0,0.33495116
1361,25,0,0.6642673
1362,9,1,0.640218
1363,10,1,0.62270105
1364,10,1,0.3716844
1365,6,1,0.6842666
1366,5,0,0.44065392
1367,0,1,0.54886574
1368,9,1,0.548162
1369,15,0,0.5896481
1370,2,1,0.33645868
1371,14,1,0.37424624
1372,27,0,0.5054806
1373,12,1,0.67056227
1374,23,0,0.33617663
1375,15,0,0.22216839
1376,26,1,0.6771226
1377,17,0,0.21663119
1378,25,0,0.5888148
1379,20,1,0.5318412
1380,10,0,0.70627517
1381,20,0,0.6449127
1382,22,0,0.65522045
1383,13,1,0.7922138
1384,28,1,0.2836687
1385,15,0,0.24339645
1386,13,0,0.3627865
1387,11,0,0.63982993
1388,6,1,0.77095765
1389,18,1,0.77441233
1390,25,1,0.36134437
1391,22,1,0.52421993
1392,23,1,0.5795836
1393,17,1,0.7047663
1394,8,0,0.22837892
1395,13,0,0.6005857
1396,1,1,0.45753255
1397,0,1,0.4029894
1398,10,0,0.3087373
1399,18,1,0.45444867
1400,27,1,0.7639742
1401,18,0,0.57241577
1402,16,1,0.2526855
1403,19,0,0.33118165
1404,16,0,0.43010792
1405,23,1,0.68883747
1406,4,1,0.5971155
1407,13,0,0.41506758
1408,27,0,0.34506166
1409,19,0,0.5568411
1410,17,0,0.29354805
1411,5,0,0.5139606
1412,20,0,0.36053517
1413,26,0,0.4095618
1414,11,1,0.31131476
1415,12,1,0.65488356
1416,25,1,0.6789701
1417,2,1,0.66829646
1418,16,1,0.51451653
1419,11,1,0.5981543
1420,22,0,0.32068685
1421,2,0,0.3081799
1422,15,1,0.44596192
1423,6,0,0.33584657
1424,14,1,0.7909853
1425,15,1,0.6716771
1426,10,0,0.36515647
1427,20,0,0.2614869
1428,15,0,0.3592785
1429,14,0,0.5378798
1430,13,0,0.69433326
1431,19,0,0.30562338
1432,28,0,0.28414097
1433,6,1,0.33448568
1434,1,1,0.7466836
1435,27,0,0.34180164
1436,6,0,0.60604584
1437,26,0,0.39449716
1438,8,0,0.29610988
1439,11,0,0.40028936
1440,8,0,0.33687612
1441,22,0,0.3296959
1442,2,1,0.6362274
1443,10,0,0.5134969
1444,16,0,0.65333533
1445,23,0,0.43118882
1446,5,0,0.68789095
1447,13,1,0.50662005
1448,20,0,0.3079401
1449,5,0,0.38491654
1450,7,0,0.36749932
1451,13,0,0.2833113
1452,2,0,0.3793573
1453,23,0,0.2355539
1454,15,1,0.6958104
1455,2,1,0.54669404
1456,18,0,0.23298372
1457,3,0,0.40819678
1458,8,0,0.2916035
1459,16,1,0.6627881
1460,12,0,0.4850084
1461,1,1,0.5504333
1462,12,1,0.48391363
1463,11,1,0.6357419
1464,13,1,0.629845
1465,28,1,0.7094521
1466,11,1,0.7444077
1467,14,1,0.54494023
1468,28,0,0.31670544
1469,8,0,0.79619306
1470,18,0,0.42799956
1471,27,1,0.46690845
1472,13,0,0.32419243
1473,11,0,0.65625066
1474,7,1,0.8170409
1475,1,0,0.29630548
1476,0,0,0.4810716
1477,0,1,0.37258595
1478,18,0,0.2902741
1479,12,0,0.5292189
1480,15,1,0.6292246
1481,20,0,0.4257632
1482,12,1,0.6486406
1483,19,0,0.48463526
1484,12,1,0.7996887
1485,2,1,0.5944326
1486,6,1,0.43556502
1487,2,0,0.38183007
1488,16,1,0.595868
1489,17,0,0.63431305
1490,13,1,0.5784912
1491,13,1,0.56931853
1492,15,1,0.7061032
1493,17,1,0.2635806
1494,14,0,0.41016734
1495,12,0,0.29971942
1496,11,1,0.40746102
1497,10,0,0.5672302
1498,23,0,0.43242034
1499,21,1,0.5494436
1500,20,0,0.43304875
1501,26,0,0.35136595
1502,9,0,0.3269694
1503,12,1,0.7640664
1504,26,0,0.45880917
1505,26,1,0.5024288
1506,8,1,0.33324578
1507,16,0,0.2707156
1508,5,1,0.6736433
1509,13,1,0.62827927
1510,26,1,0.60823774
1511,1,0,0.7256298
1512,16,0,0.5074706
1513,2,1,0.7063495
1514,18,0,0.546263
1515,28,0,0.41340274
1516,22,1,0.76092875
1517,9,1,0.55445373
1518,11,1,0.7199571
1519,26,0,0.39903462
1520,17,1,0.7906759
1521,0,1,0.7908501
1522,13,0,0.42572224
1523,0,0,0.67822886
1524,20,0,0.44082052
1525,28,1,0.53570527
1526,10,1,0.7254617
1527,13,1,0.60675025
1528,16,1,0.526186
1529,27,1,0.37691563
1530,14,1,0.5875555
1531,3,1,0.65614706
1532,13,0,0.28220063
1533,21,1,0.5758344
1534,3,1,0.6550783
1535,12,1,0.5314037
1536,1,1,0.4405801
1537,13,1,0.61929625
1538,5,1,0.5607469
1539,10,0,0.6377031
1540,25,0,0.6288424
1541,8,0,0.26242346
1542,11,1,0.38002744
1543,10,1,0.74386984
1544,26,1,0.25675493
1545,26,0,0.33592194
1546,3,1,0.49975717
1547,19,0,0.3310677
1548,3,0,0.55260354
1549,25,0,0.49057204
1550,13,1,0.3421668
1551,6,1,0.37762707
1552,17,1,0.770058
1553,1,0,0.3147622
1554,14,1,0.35506478
1555,12,1,0.3148784
1556,23,1,0.25425002
1557,1,1,0.7006665
1558,22,0,0.40077895
1559,11,0,0.22980672
1560,1,0,0.5218661
1561,8,0,0.4299721
1562,14,0,0.50881666
1563,26,0,0.37017062
1564,16,1,0.5439591
1565,17,1,0.6913649
1566,25,0,0.32926437
1567,7,0,0.30212048
1568,7,1,0.560696
1569,11,0,0.23148306
1570,8,1,0.6106281
1571,2,1,0.630581
1572,10,0,0.4530327
1573,16,0,0.3328703
1574,27,0,0.32884294
1575,25,1,0.70426875
1576,3,0,0.29866436
1577,23,1,0.4358232
1578,1,1,0.29390004
1579,19,0,0.33771342
1580,11,1,0.67244303
1581,23,0,0.6000774
1582,19,0,0.43436328
1583,18,1,0.616762
1584,26,0,0.24170631
1585,3,0,0.27664608
1586,3,0,0.25320023
1587,8,0,0.565031
1588,15,1,0.7338832
1589,2,0,0.6089162
1590,8,1,0.7964686
1591,9,1,0.35811967
1592,2,1,0.5776504
1593,2,0,0.33449388
1594,11,0,0.64230955
1595,12,1,0.3641035
1596,7,1,0.53257954
1597,1,0,0.33306256
1598,5,0,0.33480597
1599,11,0,0.27933502
1600,5,1,0.6293659
1601,25,1,0.2476584
1602,22,1,0.33334514
1603,8,1,0.6762941
1604,15,0,0.2686977
1605,11,0,0.37522298
1606,17,0,0.3697285
1607,8,0,0.3486103
1608,26,1,0.4902303
1609,3,0,0.31090784
1610,19,0,0.3027151
1611,25,0,0.3329126
1612,6,0,0.6329391
1613,3,1,0.776722
1614,16,1,0.3631288
1615,15,1,0.821851
1616,1,0,0.4205063
1617,22,1,0.72332484
1618,0,1,0.54913276
1619,20,0,0.3272664
1620,2,1,0.7330473
1621,15,1,0.75525194
1622,28,0,0.4563349
1623,11,0,0.45420152
1624,9,1,0.29052392
1625,28,0,0.50515956
1626,8,1,0.71914035
1627,20,0,0.5303871
1628,10,0,0.4582136
1629,2,0,0.29179737
1630,12,1,0.68413603
1631,15,0,0.72215366
1632,28,0,0.4574589
1633,17,1,0.68309784
1634,22,0,0.7457418
1635,11,0,0.3395856
1636,16,0,0.40262267
1637,28,0,0.3403092
1638,13,0,0.68374723
1639,10,1,0.5764775
1640,5,1,0.29911888
1641,25,0,0.35107744
1642,10,0,0.68741894
1643,22,1,0.6671427
1644,23,0,0.60412216
1645,3,1,0.7758737
1646,7,0,0.298369
1647,10,0,0.52630585
1648,14,1,0.58265793
1649,24,1,0.69711137
1650,18,0,0.29928735
1651,3,0,0.31480384
1652,17,0,0.42633995
1653,28,1,0.3169814
1654,13,0,0.41574523
1655,22,1,0.56666714
1656,2,0,0.57628006
1657,23,0,0.49547994
1658,25,0,0.5595118
1659,8,0,0.5047918
1660,10,0,0.59045315
1661,2,0,0.39357865
1662,25,0,0.61717445
1663,14,1,0.6100712
1664,3,1,0.39203942
1665,25,0,0.31885493
1666,28,0,0.3791845
1667,28,0,0.32084706
1668,22,0,0.49923453
1669,1,0,0.28052548
1670,25,0,0.47772962
1671,4,0,0.39372998
1672,14,1,0.43891916
1673,10,0,0.579275
1674,16,0,0.35998046
1675,6,0,0.31408113
1676,27,0,0.33570266
1677,3,0,0.5738475
1678,26,0,0.29545793
1679,1,1,0.6792966
1680,2,1,0.64414555
1681,11,0,0.33956867
1682,8,1,0.69379365
1683,13,0,0.66727185
1684,17,1,0.75403625
1685,16,0,0.51800615
1686,6,1,0.65612924
1687,8,0,0.68888015
1688,8,0,0.57042533
1689,19,1,0.6815526
1690,26,0,0.6021062
1691,2,1,0.28736597
1692,25,0,0.2662915
1693,7,0,0.29963386
1694,13,1,0.49219066
1695,9,1,0.62682647
1696,27,0,0.4094121
1697,27,1,0.54091734
1698,3,1,0.6672965
1699,2,1,0.649922
1700,13,1,0.6906661
1701,4,1,0.643354
1702,10,0,0.49293894
1703,16,0,0.43543282
1704,13,0,0.6852438
1705,11,1,0.69889796
1706,13,0,0.32204792
1707,15,0,0.49609083
1708,15,1,0.79532516
1709,4,0,0.514295
1710,10,0,0.39773664
1711,16,1,0.41575503
1712,25,1,0.6110049
1713,28,1,0.6434566
1714,9,0,0.54680735
1715,17,0,0.52572066
1716,0,1,0.836063
1717,15,0,0.5598646
1718,20,0,0.34885147
1719,22,1,0.765378
1720,28,1,0.8287622
1721,27,0,0.40346932
1722,15,1,0.6576471
1723,16,0,0.7264927
1724,3,0,0.68272215
1725,20,1,0.59813946
1726,6,1,0.4141263
1727,15,1,0.39394414
1728,23,0,0.43061486
1729,10,0,0.46679807
1730,20,0,0.4905079
1731,23,0,0.34842435
1732,8,1,0.49737343
1733,16,1,0.49806672
1734,10,0,0.35389283
1735,0,1,0.79357165
1736,6,1,0.691959
1737,13,0,0.45289207
1738,2,1,0.81436557
1739,4,0,0.5074921
1740,21,1,0.6233356
1741,19,1,0.61811775
1742,10,0,0.2739865
1743,10,0,0.5517209
1744,2,0,0.6579276
1745,17,1,0.6133797
1746,12,0,0.36945438
1747,8,1,0.8139478
1748,21,0,0.556524
1749,14,0,0.2510347
1750,4,1,0.8119113
1751,12,1,0.6728913
1752,25,1,0.6222516
1753,16,1,0.3381664
1754,23,0,0.50992626
1755,2,1,0.5291776
1756,13,1,0.42000902
1757,2,1,0.35891172
1758,8,1,0.70904255
1759,3,0,0.44748902
1760,12,0,0.34869614
1761,1,0,0.34973186
1762,27,0,0.3054005
1763,18,1,0.64102477
1764,1,0,0.30515575
1765,24,1,0.6820909
1766,5,1,0.61747956
1767,16,1,0.36503273
1768,1,1,0.5284167
1769,25,1,0.44069692
1770,12,1,0.4331264
1771,16,0,0.36716726
1772,15,0,0.5679052
1773,14,1,0.76009727
1774,13,1,0.405706
1775,5,0,0.30322057
1776,25,0,0.3523447
1777,8,0,0.45956898
1778,2,0,0.33820495
1779,5,0,0.4803441
1780,6,0,0.28163373
1781,26,1,0.4972538
1782,16,1,0.6390896
1783,1,1,0.6204898
1784,15,1,0.47893998
1785,8,0,0.35847735
1786,26,1,0.5498807
1787,25,1,0.6912825
1788,22,1,0.359674
1789,16,0,0.73034936
1790,26,1,0.51010126
1791,20,0,0.42108417
1792,8,1,0.8148423
1793,11,1,0.38242066
1794,28,1,0.72102654
1795,22,0,0.33952418
1796,8,0,0.43514758
1797,12,0,0.35231715
1798,23,0,0.32426354
1799,12,1,0.32794085
1800,25,0,0.3384971
1801,14,0,0.6001772
1802,13,1,0.5132897
1803,1,1,0.7646838
1804,24,1,0.51391095
1805,13,0,0.34120303
1806,11,0,0.34091794
1807,22,0,0.4321877
1808,7,1,0.5896812
1809,11,0,0.58433425
1810,10,0,0.41891313
1811,20,1,0.6269323
1812,20,1,0.71961945
1813,1,1,0.2969906
1814,15,0,0.43792593
1815,15,1,0.75882185
1816,18,1,0.44778523
1817,4,0,0.28859
1818,15,0,0.5277682
1819,28,1,0.6451714
1820,13,1,0.7147125
1821,21,1,0.439222
1822,12,1,0.7945281
1823,15,1,0.6243397
1824,4,0,0.5339186
1825,13,1,0.70170534
1826,25,0,0.6270246
1827,5,1,0.4236341
1828,15,1,0.7327661
1829,1,1,0.5496273
1830,4,0,0.5635725
1831,16,0,0.28610536
1832,14,1,0.7849625
1833,1,0,0.43359858
1834,5,0,0.31410334
1835,2,1,0.44560048
1836,26,1,0.61280936
1837,9,1,0.6539588
1838,21,0,0.550445
1839,2,1,0.8319658
1840,7,1,0.4789081
1841,1,1,0.77196366
1842,19,1,0.8262496
1843,2,1,0.4237126
1844,22,1,0.56611264
1845,16,1,0.6080464
1846,0,1,0.5550836
1847,25,1,0.7329795
1848,2,1,0.24508344
1849,20,1,0.43966308
1850,12,0,0.4629859
1851,24,0,0.531677
1852,12,0,0.61228335
1853,26,0,0.27716568
1854,15,1,0.64853007
1855,13,1,0.5911266
1856,22,1,0.7632264
1857,1,1,0.5259056
1858,21,1,0.4014634
1859,8,1,0.39064208
1860,14,0,0.47231194
1861,1,1,0.8204251
1862,2,1,0.55244625
1863,16,1,0.6226069
1864,6,0,0.31236485
1865,21,0,0.5393766
1866,14,0,0.4041245
1867,3,0,0.30807185
1868,18,0,0.37161815
1869,10,0,0.7002121
1870,6,0,0.2333697
1871,10,1,0.68420064
1872,27,1,0.30443987
1873,13,1,0.50134844
1874,11,0,0.31325227
1875,26,1,0.4296743
1876,13,0,0.56937593
1877,14,0,0.47264653
1878,1,1,0.66220176
1879,8,1,0.70356977
1880,11,1,0.45933303
1881,17,1,0.7152831
1882,6,0,0.47467303
1883,4,0,0.25689012
1884,16,0,0.51390785
1885,11,0,0.39307952
1886,6,1,0.69394374
1887,27,0,0.6105743
1888,1,0,0.802203
1889,4,1,0.63615394
1890,16,1,0.73167235
1891,16,1,0.41371468
1892,10,1,0.3456677
1893,9,1,0.44833684
1894,5,0,0.5021753
1895,8,1,0.58207875
1896,24,1,0.7578022
1897,28,1,0.44561434
1898,17,1,0.7184733
1899,18,0,0.41573212
1900,23,1,0.650323
1901,7,1,0.638593
1902,16,1,0.48442513
1903,16,1,0.59325737
1904,21,1,0.51747316
1905,14,0,0.33933258
1906,22,0,0.2505615
1907,25,1,0.2787203
1908,2,1,0.38648674
1909,16,0,0.4874095
1910,20,0,0.22879826
1911,24,0,0.32240897
1912,20,0,0.7177196
1913,16,0,0.30292743
1914,8,0,0.5077866
1915,20,0,0.31875545
1916,15,0,0.6879148
1917,10,1,0.5020837
1918,0,1,0.7903351
1919,20,1,0.62068945
1920,8,1,0.32222816
1921,13,1,0.42490664
1922,10,1,0.5551739
1923,2,0,0.58849144
1924,16,0,0.63702136
1925,7,1,0.77711445
1926,18,0,0.39343348
1927,12,1,0.5354236
1928,25,0,0.50086564
1929,13,1,0.4010531
1930,5,0,0.22313473
1931,12,0,0.30890694
1932,2,1,0.6298106
1933,16,1,0.7342476
1934,19,0,0.5504745
1935,6,1,0.46123275
1936,1,1,0.50812584
1937,8,0,0.53952986
1938,16,1,0.809708
1939,0,0,0.2948728
1940,2,0,0.56584936
1941,2,0,0.29238492
1942,13,1,0.7653094
1943,22,1,0.65168613
1944,26,1,0.62287796
1945,3,0,0.53780615
1946,21,0,0.41485703
1947,3,1,0.29775956
1948,16,0,0.32607245
1949,16,0,0.25828806
1950,16,0,0.27995625
1951,3,1,0.565968
1952,8,0,0.50092447
1953,9,1,0.8102611
1954,12,0,0.29567853
1955,26,1,0.41794053
1956,28,1,0.7073229
1957,25,1,0.6605733
1958,9,1,0.35981083
1959,3,1,0.47109178
1960,22,0,0.5221298
1961,7,0,0.629326
1962,1,0,0.33992678
1963,27,0,0.8030627
1964,7,0,0.56029075
1965,15,0,0.62540776
1966,11,0,0.31575593
1967,10,1,0.55942833
1968,23,1,0.6699225
1969,17,1,0.7301837
1970,23,0,0.25791946
1971,7,1,0.45241985
1972,20,1,0.41637996
1973,7,0,0.5703694
1974,1,1,0.30303282
1975,11,0,0.60928786
1976,11,0,0.696172
1977,19,0,0.34896734
1978,13,1,0.41850418
1979,2,0,0.78779227
1980,13,1,0.33962184
1981,22,1,0.22171883
1982,28,0,0.56972903
1983,24,1,0.6294429
1984,4,1,0.7265883
1985,0,0,0.77346313
1986,20,1,0.34627318
1987,0,1,0.44820258
1988,9,0,0.23777881
1989,25,0,0.39963517
1990,15,1,0.23558845
1991,14,1,0.649084
1992,11,1,0.5635691
1993,12,0,0.41131362
1994,14,0,0.5743608
1995,4,1,0.5954386
1996,28,0,0.44599295
1997,28,0,0.36196616
1998,15,0,0.3642262
1999,12,0,0.33531106
2000,13,1,0.7877594
2001,22,1,0.78536785
2002,11,0,0.29515418
2003,21,0,0.5415247
2004,3,0,0.28525662
2005,10,1,0.6751386
2006,10,0,0.6453809
2007,0,0,0.38965967
2008,27,1,0.591792
2009,25,1,0.8400453
2010,10,0,0.35467088
2011,16,0,0.6356571
2012,16,1,0.4090442
2013,1,0,0.6213312
2014,11,1,0.7472812
2015,12,0,0.32738912
2016,2,0,0.3644282
2017,21,0,0.24315375
2018,12,0,0.32975975
2019,13,1,0.58571756
2020,0,1,0.62107986
2021,16,0,0.27597645
2022,28,1,0.80278254
2023,11,0,0.657974
2024,4,0,0.21696989
2025,9,0,0.33408898
2026,2,0,0.6842873
2027,13,0,0.3521129
2028,14,1,0.5372373
2029,7,1,0.5227523
2030,18,0,0.4690509
2031,22,0,0.34596077
2032,1,1,0.59932125
2033,28,0,0.31829238
2034,18,0,0.36271974
2035,15,0,0.3907301
2036,0,1,0.7427517
2037,25,0,0.6549516
2038,3,0,0.28222045
2039,4,0,0.5802783
2040,13,1,0.53197896
2041,19,1,0.45848748
2042,17,0,0.35435885
2043,10,0,0.35154974
2044,22,0,0.531691
2045,9,1,0.35694322
2046,28,1,0.431228
2047,12,0,0.49612954
2048,2,1,0.40749353
2049,19,1,0.31863493
2050,16,1,0.7801008
2051,28,0,0.36560938
2052,17,1,0.818326
2053,13,1,0.35518476
2054,21,1,0.6268733
2055,25,1,0.68175054
2056,16,0,0.64614743
2057,26,1,0.7212189
2058,2,0,0.5976732
2059,7,0,0.7790173
2060,15,1,0.35782838
2061,15,1,0.34689873
2062,12,0,0.28952163
2063,19,0,0.38367006
2064,27,0,0.26579222
2065,28,0,0.5402753
2066,24,0,0.3817427
2067,11,1,0.85554415
2068,26,1,0.53537285
2069,22,0,0.7074903
2070,11,0,0.32186732
2071,6,1,0.30398008
2072,2,1,0.6496289
2073,12,1,0.31630814
2074,2,0,0.24369773
2075,17,0,0.51094264
2076,13,1,0.5064485
2077,8,1,0.29576698
2078,7,1,0.6198191
2079,13,1,0.580411
2080,10,1,0.29124114
2081,8,0,0.36311772
2082,19,1,0.70934206
2083,17,1,0.6198903
2084,22,1,0.56981856
2085,9,1,0.6989203
2086,10,1,0.5238441
2087,20,0,0.7367777
2088,25,1,0.7604677
2089,6,0,0.33920652
2090,28,1,0.6473526
2091,2,1,0.69972914
2092,24,0,0.47249967
2093,15,1,0.6421823
2094,22,0,0.68919975
2095,24,0,0.6260915
2096,10,1,0.6602755
2097,10,1,0.43791386
2098,16,0,0.23774846
2099,18,0,0.57237315
2100,18,1,0.31575277
2101,1,1,0.6658384
2102,25,1,0.6899846
2103,13,1,0.29147464
2104,17,0,0.5345115
2105,22,0,0.40065312
2106,10,1,0.6047963
2107,3,1,0.28724584
2108,15,0,0.3491938
2109,0,1,0.5691464
2110,1,1,0.7083569
2111,18,0,0.5584302
2112,18,0,0.5712779
2113,8,1,0.49246302
2114,18,1,0.7144758
2115,11,0,0.60462844
2116,1,1,0.4897959
2117,12,0,0.37815377
2118,2,1,0.5734235
2119,6,1,0.35372707
2120,7,1,0.70714545
2121,8,0,0.2866524
2122,24,1,0.32437858
2123,8,0,0.4678157
2124,2,0,0.4998467
2125,26,0,0.3379355
2126,9,0,0.41229513
2127,16,1,0.6305499
2128,12,1,0.33912334
2129,2,0,0.39415327
2130,5,0,0.56040025
2131,4,0,0.36337936
2132,23,1,0.65143937
2133,12,1,0.5532475
2134,1,1,0.6058481
2135,26,0,0.30838197
2136,13,1,0.6186358
2137,20,1,0.5361082
2138,17,0,0.6716892
2139,13,1,0.57908785
2140,15,0,0.5678788
2141,14,0,0.34304792
2142,16,1,0.58987844
2143,17,0,0.31018662
2144,25,1,0.72488767
2145,11,1,0.5681098
2146,13,1,0.30484638
2147,22,0,0.36923352
2148,25,0,0.34295413
2149,9,1,0.8049135
2150,25,0,0.47575796
2151,24,0,0.535841
2152,2,1,0.45784017
2153,1,0,0.28395265
2154,28,1,0.65501654
2155,2,1,0.7834389
2156,8,0,0.36406675
2157,10,1,0.63281137
2158,13,0,0.6503943
2159,16,1,0.6778327
2160,16,0,0.45619518
2161,9,0,0.31394276
2162,16,1,0.6944453
2163,13,0,0.3652217
2164,9,1,0.58869797
2165,11,1,0.57810646
2166,19,1,0.33978605
2167,13,0,0.5499178
2168,16,0,0.39072162
2169,9,1,0.3133425
2170,18,1,0.6922394
2171,24,0,0.35980853
2172,11,0,0.31187803
2173,15,1,0.64938796
2174,11,0,0.6863846
2175,2,1,0.57016087
2176,15,1,0.7661522
2177,8,1,0.59431696
2178,18,0,0.4057205
2179,13,1,0.44631782
2180,4,1,0.5492987
2181,16,1,0.32115063
2182,25,1,0.6174616
2183,28,0,0.34620303
2184,8,0,0.47190532
2185,20,1,0.66129833
2186,28,0,0.24683246
2187,5,0,0.43949768
2188,21,0,0.2896041
2189,14,0,0.36216837
2190,8,1,0.36278543
2191,27,0,0.3088929
2192,9,1,0.34407726
2193,26,0,0.28756782
2194,2,1,0.5748843
2195,25,0,0.3483974
2196,27,1,0.53403926
2197,27,0,0.34156704
2198,11,0,0.21739897
2199,25,1,0.7886825
2200,2,0,0.35675475
2201,16,1,0.6807505
2202,25,1,0.6243802
2203,8,0,0.5877847
2204,12,0,0.68112034
2205,17,0,0.39034232
2206,15,0,0.57638085
2207,9,0,0.5979094
2208,14,1,0.64724845
2209,8,0,0.40795463
2210,19,1,0.34596568
2211,6,1,0.63848
2212,28,0,0.3495249
2213,20,0,0.35135037
2214,18,1,0.3875893
2215,4,0,0.52691156
2216,11,1,0.6875852
2217,16,0,0.5326669
2218,17,0,0.3042062
2219,9,0,0.36188695
2220,6,0,0.66559404
2221,7,0,0.5892884
2222,18,0,0.60744363
2223,19,1,0.78506863
2224,6,0,0.49180076
2225,15,0,0.29460073
2226,21,0,0.30866808
2227,16,0,0.33939436
2228,6,0,0.53580916
2229,10,1,0.7968263
2230,20,0,0.34195754
2231,26,0,0.46725217
2232,28,0,0.25672013
2233,23,1,0.73388565
2234,22,0,0.58584636
2235,3,1,0.6053075
2236,9,0,0.49798173
2237,21,0,0.26461056
2238,27,1,0.30408224
2239,7,1,0.68211746
2240,13,1,0.6526961
2241,14,0,0.39371246
2242,3,0,0.5678323
2243,10,1,0.34143075
2244,26,0,0.53093714
2245,27,1,0.5658629
2246,6,1,0.60098445
2247,2,1,0.6738496
2248,12,1,0.5164088
2249,8,0,0.2514832
2250,7,1,0.5649995
2251,11,1,0.339137
2252,17,1,0.46541205
2253,15,0,0.4998627
2254,1,1,0.53114694
2255,25,1,0.7755164
2256,15,0,0.6285823
2257,28,1,0.78760165
2258,7,1,0.64633554
2259,12,0,0.48494586
2260,11,0,0.3427428
2261,27,1,0.57143325
2262,8,0,0.417415
2263,17,1,0.51841307
2264,22,1,0.57463616
2265,4,0,0.5140063
2266,10,1,0.5905308
2267,13,1,0.40630198
2268,27,0,0.40502867
2269,16,1,0.59641755
2270,25,0,0.63925475
2271,22,1,0.41835192
2272,13,0,0.6450513
2273,10,1,0.5448053
2274,16,0,0.42591676
2275,21,1,0.4703647
2276,22,0,0.45892116
2277,20,1,0.59588814
2278,2,1,0.48183113
2279,26,1,0.47110486
2280,21,0,0.3890105
2281,19,1,0.7602917
2282,15,0,0.39168358
2283,3,0,0.504587
2284,5,1,0.57479537
2285,23,1,0.5273483
2286,2,1,0.58033055
2287,2,0,0.2754783
2288,14,1,0.51183534
2289,4,1,0.53448784
2290,25,0,0.71239597
2291,8,1,0.6180134
2292,1,0,0.31151092
2293,28,1,0.35239074
2294,22,0,0.28479046
2295,28,0,0.3276972
2296,24,1,0.48138344
2297,3,0,0.6286713
2298,13,0,0.4189856
2299,3,1,0.5028973
2300,23,1,0.54396117
2301,10,0,0.28035027
2302,6,1,0.36143866
2303,0,0,0.54148823
2304,20,1,0.69761324
2305,25,0,0.49563873
2306,25,1,0.6411651
2307,18,1,0.79027253
2308,24,0,0.64252454
2309,27,1,0.5684538
2310,13,1,0.5513382
2311,14,0,0.30180478
2312,1,1,0.5621555
2313,15,0,0.40241933
2314,25,1,0.6847945
2315,2,0,0.5305543
2316,6,0,0.57235426
2317,24,1,0.640372
2318,12,1,0.4540496
2319,3,0,0.29339033
2320,12,0,0.47631884
2321,27,0,0.5254113
2322,20,0,0.7449856
2323,7,0,0.40173626
2324,16,1,0.45024094
2325,6,1,0.8159344
2326,26,0,0.6359067
2327,28,1,0.7396869
2328,13,0,0.37873176
2329,13,1,0.7039928
2330,20,1,0.4415172
2331,16,1,0.41059142
2332,2,0,0.2523424
2333,0,0,0.4971905
2334,2,0,0.3245797
2335,24,0,0.5267129
2336,13,0,0.28482914
2337,26,1,0.74103135
2338,15,0,0.34814227
2339,3,1,0.37604618
2340,5,0,0.50062805
2341,14,0,0.40719423
2342,16,0,0.32853734
2343,18,1,0.5942688
2344,28,0,0.71327126
2345,21,1,0.7113715
2346,26,0,0.3996211
2347,27,0,0.25927722
2348,19,0,0.42245883
2349,1,0,0.6172062
2350,17,1,0.4357819
2351,25,1,0.465784
2352,2,1,0.44393575
2353,15,0,0.3611759
2354,12,0,0.30935678
2355,6,1,0.32268792
2356,14,1,0.5779936
2357,16,0,0.45765868
2358,2,0,0.62851584
2359,15,1,0.4184541
2360,19,0,0.32603958
2361,17,1,0.49198836
2362,7,1,0.49470302
2363,28,0,0.655225
2364,25,1,0.599693
2365,2,0,0.4271349
2366,18,0,0.4451434
2367,20,1,0.70370543
2368,0,1,0.60628605
2369,18,0,0.38976118
2370,17,1,0.7207751
2371,26,1,0.41939467
2372,23,1,0.5335102
2373,19,1,0.6692434
2374,23,1,0.50459456
2375,2,1,0.49231556
2376,16,0,0.52899
2377,12,1,0.594256
2378,13,0,0.33656994
2379,11,0,0.58246243
2380,15,0,0.5129288
2381,8,0,0.5947692
2382,25,1,0.638224
2383,16,0,0.7598176
2384,8,1,0.5125355
2385,13,1,0.7661134
2386,21,0,0.34481364
2387,14,1,0.7952855
2388,16,0,0.30901092
2389,11,1,0.34696195
2390,23,0,0.5790345
2391,25,1,0.78098226
2392,25,0,0.5201143
2393,2,1,0.533813
2394,15,0,0.4957812
2395,13,1,0.7144577
2396,8,1,0.45607066
2397,13,1,0.4732673
2398,17,0,0.54082745
2399,5,0,0.34124592
2400,18,1,0.6377699
2401,22,0,0.45577043
2402,11,1,0.6107723
2403,15,0,0.7222913
2404,0,1,0.55666375
2405,20,0,0.2845792
2406,13,0,0.57349014
2407,22,0,0.505665
2408,22,1,0.78553486
2409,26,1,0.8163999
2410,2,1,0.58932
2411,11,0,0.41827747
2412,24,1,0.5569383
2413,25,1,0.7459243
2414,26,0,0.4612354
2415,5,0,0.3291308
2416,15,0,0.33830306
2417,2,1,0.55445105
2418,20,0,0.5564817
2419,3,0,0.26486668
2420,0,1,0.3478959
2421,10,0,0.50073695
2422,10,0,0.25534725
2423,11,1,0.35006875
2424,26,1,0.5801084
2425,6,1,0.7803694
2426,14,0,0.32378167
2427,13,1,0.5496462
2428,20,1,0.7714894
2429,13,0,0.65746415
2430,20,0,0.2860501
2431,8,1,0.54906124
2432,10,0,0.33647
2433,8,0,0.23853385
2434,6,1,0.76328266
2435,10,0,0.6128735
2436,17,1,0.4281123
2437,11,1,0.7189016
2438,12,1,0.31127352
2439,17,0,0.29504615
2440,6,0,0.5650358
2441,26,1,0.64505535
2442,10,0,0.3260885
2443,9,0,0.44152418
2444,3,1,0.44996908
2445,2,1,0.61052555
2446,27,1,0.51524925
2447,15,0,0.36909252
2448,4,0,0.38714585
2449,22,0,0.51011145
2450,10,0,0.22727679
2451,4,0,0.33355492
2452,27,1,0.7034409
2453,13,0,0.28277352
2454,0,1,0.4633957
2455,12,1,0.7624664
2456,9,0,0.308663
2457,0,0,0.62542886
2458,18,0,0.34297425
2459,1,1,0.5871978
2460,12,1,0.5553136
2461,11,0,0.36812124
2462,20,0,0.4307441
2463,17,0,0.42956793
2464,11,1,0.3767724
2465,22,0,0.33342448
2466,2,0,0.6648165
2467,11,1,0.71326846
2468,16,1,0.73060393
2469,7,0,0.647326
2470,21,0,0.38828304
2471,16,0,0.3362454
2472,26,1,0.37562534
2473,28,1,0.78551346
2474,25,1,0.70201474
2475,4,1,0.68499935
2476,9,1,0.41249552
2477,10,1,0.6554616
2478,5,0,0.39725897
2479,10,0,0.4192833
2480,17,1,0.7503977
2481,13,0,0.32541674
2482,12,0,0.5790461
2483,14,0,0.7123442
2484,16,1,0.37217456
2485,16,0,0.25409245
2486,26,1,0.7078456
2487,26,1,0.79759014
2488,21,0,0.2141238
2489,7,1,0.43853942
2490,15,1,0.5857549
2491,5,0,0.3395828
2492,28,1,0.5986922
2493,13,1,0.351301
2494,20,0,0.5049211
2495,3,0,0.30794495
2496,18,0,0.3392484
2497,10,1,0.7215503
2498,7,0,0.31983393
2499,10,0,0.62552845
2500,13,1,0.6610829
2501,2,1,0.8087469
2502,28,0,0.47292998
2503,25,1,0.36896595
2504,20,1,0.38292775
2505,27,0,0.40113157
2506,3,0,0.64448357
2507,27,0,0.43078157
2508,8,0,0.5845461
2509,8,1,0.5732584
2510,0,0,0.7677591
2511,3,0,0.6161623
2512,10,0,0.5506034
2513,0,1,0.61479634
2514,25,1,0.46020973
2515,12,1,0.641934
2516,26,0,0.33486742
2517,27,1,0.38669762
2518,11,0,0.37477478
2519,10,0,0.63519955
2520,8,0,0.32736516
2521,0,1,0.50019395
2522,8,1,0.27185956
2523,14,0,0.36537358
2524,16,0,0.41003662
2525,17,0,0.3441112
2526,22,1,0.2777642
2527,14,1,0.6802294
2528,16,0,0.42997816
2529,10,0,0.6280225
2530,11,0,0.45886216
2531,11,1,0.6458236
2532,28,0,0.3655902
2533,15,1,0.47299457
2534,13,0,0.6443325
2535,2,0,0.41078687
2536,13,0,0.60139114
2537,8,0,0.31204396
2538,3,0,0.38418394
2539,7,1,0.3436688
2540,11,0,0.32391083
2541,28,0,0.53428996
2542,24,0,0.47433892
2543,18,0,0.2600739
2544,8,0,0.462119
2545,15,0,0.45375958
2546,0,1,0.66457385
2547,23,0,0.6187056
2548,20,1,0.22479725
2549,20,1,0.6331618
2550,13,1,0.8010251
2551,7,0,0.68093264
2552,6,1,0.27335122
2553,8,1,0.5822252
2554,15,0,0.44804454
2555,1,1,0.31545454
2556,7,0,0.62415385
2557,20,1,0.6339509
2558,17,1,0.30586553
2559,10,1,0.34539932
2560,20,0,0.41304708
2561,23,1,0.5331249
2562,6,1,0.31312263
2563,18,0,0.28340176
2564,6,1,0.6164778
2565,26,0,0.7390562
2566,14,0,0.26811463
2567,15,0,0.5936949
2568,5,0,0.38758352
2569,8,0,0.2817022
2570,26,1,0.37329242
2571,13,0,0.36198297
2572,8,0,0.2513248
2573,21,0,0.3859705
2574,2,0,0.3305914
2575,19,1,0.55805105
2576,16,1,0.3505574
2577,0,1,0.52881956
2578,11,0,0.25434297
2579,19,1,0.6865272
2580,12,1,0.6098492
2581,18,0,0.28216144
2582,24,0,0.38172543
2583,3,1,0.66404086
2584,7,0,0.35887158
2585,16,1,0.7198595
2586,18,1,0.317224
2587,15,0,0.29369438
2588,13,1,0.33355102
2589,2,0,0.41573414
2590,16,1,0.4820372
2591,10,1,0.6809748
2592,8,1,0.77381915
2593,12,1,0.66528463
2594,27,0,0.6655571
2595,1,1,0.7837518
2596,4,0,0.472624
2597,3,1,0.44252914
2598,11,0,0.59957814
2599,1,1,0.4202519
2600,14,1,0.45692852
2601,18,0,0.70516086
2602,13,1,0.7967818
2603,13,0,0.49703282
2604,27,0,0.2921314
2605,8,1,0.4936604
2606,10,0,0.55478024
2607,20,0,0.35088292
2608,10,0,0.48482186
2609,10,1,0.5375022
2610,28,0,0.40480983
2611,17,0,0.46835873
2612,28,1,0.5034479
2613,2,1,0.29073408
2614,2,0,0.5065834
2615,13,0,0.3063534
2616,25,0,0.25744024
2617,15,1,0.53816384
2618,15,0,0.6039894
2619,26,0,0.3045744
2620,7,1,0.42587534
2621,26,0,0.44277146
2622,14,0,0.5789733
2623,1,1,0.7485706
2624,22,1,0.63754654
2625,17,1,0.40296626
2626,2,1,0.5564419
2627,8,1,0.4985764
2628,7,0,0.34857482
2629,8,0,0.39400414
2630,17,1,0.7053601
2631,0,0,0.56849796
2632,17,1,0.7328451
2633,22,0,0.38812488
2634,28,0,0.5916824
2635,15,0,0.55847365
2636,14,0,0.47320887
2637,4,0,0.3953627
2638,1,0,0.512829
2639,12,1,0.6179668
2640,2,1,0.68941915
2641,2,1,0.44945055
2642,20,1,0.63742393
2643,20,1,0.54937184
2644,11,1,0.47242633
2645,8,0,0.5084741
2646,1,1,0.7355335
2647,16,1,0.3753493
2648,13,1,0.25854206
2649,15,0,0.7456956
2650,2,1,0.5371816
2651,16,1,0.47685054
2652,11,0,0.6888099
2653,16,0,0.34430912
2654,26,1,0.328176
2655,1,0,0.6704981
2656,16,1,0.69420004
2657,10,1,0.6250479
2658,20,0,0.40180933
2659,25,1,0.67659265
2660,20,1,0.63160235
2661,14,0,0.44193968
2662,11,0,0.35200858
2663,1,1,0.32512182
2664,11,0,0.547797
2665,5,1,0.30265054
2666,3,0,0.65254706
2667,17,0,0.43026993
2668,20,1,0.3183657
2669,14,0,0.2925243
2670,16,0,0.4083825
2671,21,0,0.53670996
2672,5,0,0.47150394
2673,16,0,0.2329888
2674,21,0,0.44804
2675,12,0,0.4901907
2676,18,1,0.6692365
2677,16,0,0.4832632
2678,26,1,0.74938244
2679,2,1,0.44393528
2680,12,0,0.2325569
2681,25,1,0.44954824
2682,0,0,0.37906408
2683,24,0,0.5607391
2684,4,0,0.3297972
2685,23,0,0.3701537
2686,1,1,0.3798595
2687,13,0,0.2861693
2688,15,0,0.5546335
2689,11,1,0.546798
2690,1,1,0.5329002
2691,16,1,0.5494201
2692,11,1,0.58701044
2693,10,0,0.40575826
2694,16,0,0.73141277
2695,11,1,0.5668029
2696,26,1,0.6862249
2697,3,1,0.6434706
2698,19,0,0.59482616
2699,13,0,0.3673013
2700,12,1,0.3911576
2701,3,0,0.24271491
2702,20,1,0.53781486
2703,18,0,0.5097388
2704,17,0,0.5102873
2705,17,0,0.47608456
2706,28,1,0.7260634
2707,12,1,0.48924747
2708,14,0,0.4653076
2709,25,1,0.7132267
2710,11,1,0.5898907
2711,13,0,0.24485995
2712,3,1,0.7960692
2713,13,1,0.5307941
2714,27,0,0.560171
2715,25,1,0.8421023
2716,3,1,0.56101424
2717,25,0,0.30186442
2718,13,0,0.35158637
2719,20,0,0.3751996
2720,1,1,0.6446901
2721,13,1,0.7180585
2722,12,0,0.4385094
2723,12,1,0.7632231
2724,1,1,0.3297914
2725,12,1,0.48952746
2726,15,0,0.49401757
2727,20,0,0.30121052
2728,11,0,0.31271505
2729,15,0,0.37245786
2730,1,0,0.6150074
2731,23,0,0.31466687
2732,15,0,0.37183714
2733,0,1,0.31139675
2734,0,0,0.26768786
2735,22,1,0.6585105
2736,20,1,0.41002372
2737,24,0,0.504938
2738,13,1,0.62375605
2739,3,1,0.58919346
2740,22,1,0.600631
2741,17,0,0.36649734
2742,16,1,0.46419623
2743,18,1,0.31950578
2744,14,1,0.4476199
2745,26,0,0.2898484
2746,26,1,0.65295386
2747,2,1,0.49532288
2748,27,1,0.35034373
2749,20,0,0.6005202
2750,3,1,0.81568635
2751,13,1,0.35744196
2752,6,1,0.71574235
2753,16,0,0.58539927
2754,15,0,0.24302828
2755,4,0,0.423432
2756,13,1,0.2833722
2757,26,0,0.26629153
2758,18,1,0.6048952
2759,19,1,0.4001706
2760,4,1,0.3756065
2761,24,0,0.2792784
2762,4,1,0.61522907
2763,26,0,0.5652465
2764,17,0,0.758062
2765,21,1,0.6524456
2766,11,1,0.7398472
2767,10,1,0.5603191
2768,3,1,0.66591865
2769,28,0,0.32920298
2770,8,0,0.7707883
2771,10,1,0.77916485
2772,8,0,0.22704159
2773,27,1,0.73242444
2774,9,0,0.33891696
2775,3,0,0.38692918
2776,1,0,0.691607
2777,10,0,0.30847937
2778,13,1,0.79386395
2779,1,1,0.6858861
2780,2,1,0.5479003
2781,28,1,0.8099062
2782,11,1,0.645049
2783,14,1,0.68921804
2784,24,0,0.35234538
2785,5,1,0.66906166
2786,20,0,0.6077577
2787,7,0,0.24318674
2788,8,0,0.35065228
2789,16,0,0.26919764
2790,20,1,0.84462893
2791,17,0,0.7075671
2792,26,0,0.45529953
2793,5,0,0.46617678
2794,25,0,0.4879609
2795,10,1,0.7926698
2796,16,0,0.44261533
2797,18,1,0.54156506
2798,13,0,0.5018791
2799,11,0,0.37227288
2800,21,1,0.6850334
2801,25,1,0.49063584
2802,18,1,0.62367314
2803,12,1,0.47414127
2804,13,1,0.52224195
2805,10,0,0.58728796
2806,16,0,0.2694747
2807,23,1,0.5668366
2808,16,1,0.7635085
2809,2,0,0.43957314
2810,13,1,0.58593374
2811,5,1,0.7126725
2812,3,1,0.5204241
2813,3,0,0.6248821
2814,28,0,0.3752418
2815,1,1,0.6599998
2816,23,0,0.35153258
2817,15,1,0.41615823
2818,10,0,0.54177153
2819,25,1,0.36150312
2820,3,1,0.7713445
2821,6,0,0.27763376
2822,18,1,0.8218345
2823,5,1,0.44977906
2824,14,0,0.7514375
2825,16,0,0.32428142
2826,20,0,0.5656013
2827,3,1,0.537081
2828,17,0,0.38520855
2829,0,0,0.44389454
2830,8,1,0.5326698
2831,3,1,0.5886619
2832,3,0,0.3386263
2833,26,1,0.6255332
2834,23,1,0.6397303
2835,26,1,0.49453154
2836,26,1,0.48314705
2837,1,0,0.42576995
2838,7,0,0.64295954
2839,3,1,0.50581974
2840,22,1,0.6069638
2841,18,1,0.74321914
2842,5,0,0.3523338
2843,18,0,0.27748463
2844,8,0,0.28782293
2845,0,1,0.5862595
2846,11,0,0.81382465
2847,26,1,0.4976778
2848,27,1,0.7153546
2849,22,1,0.24590066
2850,25,1,0.65978986
2851,1,0,0.43285844
2852,16,1,0.36469108
2853,16,0,0.28413475
2854,10,0,0.33841872
2855,8,1,0.56742704
2856,16,1,0.49561787
2857,16,0,0.36217755
2858,25,0,0.39630273
2859,11,0,0.618281
2860,6,0,0.24301389
2861,11,1,0.44797343
2862,15,0,0.45994693
2863,1,0,0.55814606
2864,25,0,0.38946348
2865,7,1,0.6100902
2866,28,1,0.30399525
2867,26,1,0.56705916
2868,13,0,0.76833075
2869,20,0,0.504457
2870,28,1,0.6367872
2871,28,0,0.2916648
2872,2,1,0.7787703
2873,10,1,0.64156044
2874,23,1,0.40362936
2875,1,1,0.62276906
2876,1,1,0.6144522
2877,12,1,0.47720462
2878,8,0,0.420812
2879,19,1,0.6555441
2880,3,0,0.6024271
2881,19,1,0.33165035
2882,7,1,0.49992526
2883,27,0,0.41522795
2884,7,0,0.3950315
2885,8,0,0.34242967
2886,28,1,0.7685817
2887,9,0,0.5024262
2888,13,1,0.6220427
2889,12,0,0.4474296
2890,27,1,0.53273803
2891,26,1,0.42638505
2892,11,0,0.6905467
2893,1,1,0.68635595
2894,6,1,0.63919836
2895,25,0,0.3262644
2896,25,0,0.6060384
2897,23,1,0.68373513
2898,11,1,0.79913044
2899,2,1,0.41762683
2900,24,0,0.40053952
2901,28,1,0.5526015
2902,13,0,0.26593387
2903,11,1,0.502622
2904,27,1,0.7789741
2905,16,0,0.28924233
2906,12,0,0.6497424
2907,25,1,0.5254976
2908,27,1,0.6310068
2909,13,1,0.65443563
2910,2,0,0.6360331
2911,8,0,0.36125472
2912,13,0,0.38125613
2913,19,1,0.83992237
2914,20,1,0.6841703
2915,1,1,0.48858172
2916,25,0,0.36397198
2917,27,0,0.4857548
2918,17,1,0.41013983
2919,16,0,0.50927943
2920,12,0,0.57089347
2921,2,0,0.6681281
2922,13,1,0.61748755
2923,12,1,0.48164535
2924,27,1,0.72363186
2925,8,0,0.52620083
2926,12,1,0.48441306
2927,16,0,0.33182725
2928,3,1,0.3737817
2929,10,1,0.45034012
2930,15,0,0.5273412
2931,16,1,0.679247
2932,18,1,0.71208936
2933,15,0,0.43193766
2934,15,0,0.6631269
2935,11,0,0.54425454
2936,25,0,0.3719455
2937,5,1,0.57092494
2938,6,0,0.60672456
2939,0,1,0.2673691
2940,2,0,0.73952544
2941,9,1,0.7684514
2942,24,0,0.70265055
2943,0,1,0.6462815
2944,11,0,0.44618115
2945,8,0,0.6614559
2946,8,1,0.52292615
2947,28,1,0.7296074
2948,2,1,0.6770862
2949,9,0,0.29469043
2950,13,0,0.29804066
2951,13,0,0.552879
2952,8,0,0.66493446
2953,4,1,0.639763
2954,1,0,0.35355443
2955,28,1,0.73809034
2956,17,0,0.43864837
2957,2,0,0.4508593
2958,6,0,0.36744046
2959,13,0,0.45051122
2960,21,1,0.6168455
2961,2,0,0.29762238
2962,15,0,0.79825073
2963,5,0,0.40093645
2964,11,0,0.24832308
2965,10,0,0.42506498
2966,8,1,0.76945484
2967,1,0,0.41819587
2968,2,1,0.7355707
2969,26,0,0.50003505
2970,28,1,0.51131004
2971,28,1,0.7215905
2972,13,1,0.5500075
2973,15,1,0.71302134
2974,12,1,0.67161864
2975,25,0,0.6202354
2976,22,0,0.5381211
2977,11,0,0.31044307
2978,2,1,0.28651366
2979,8,1,0.76007444
2980,27,0,0.28512555
2981,2,0,0.47185722
2982,26,0,0.31261134
2983,2,1,0.8440495
2984,2,0,0.34576216
2985,14,1,0.35856944
2986,17,0,0.470066
2987,11,1,0.64098686
2988,4,0,0.22908948
2989,28,0,0.6762979
2990,13,1,0.5448899
2991,12,0,0.34242532
2992,22,1,0.5929413
2993,25,0,0.23411928
2994,6,1,0.5721068
2995,11,0,0.55639535
2996,8,1,0.59769547
2997,7,1,0.42679474
2998,10,1,0.51631737
2999,8,1,0.62508076
3000,25,1,0.5373799
3001,5,1,0.794424
3002,8,1,0.5217115
3003,7,0,0.4332555
3004,12,0,0.57512397
3005,27,0,0.57556653
3006,5,1,0.5953513
3007,12,1,0.5557052
3008,1,1,0.6027687
3009,13,0,0.7094676
3010,0,0,0.289071
3011,10,0,0.434852
3012,12,0,0.35606748
3013,0,1,0.35179326
3014,3,1,0.37488118
3015,20,1,0.33315182
3016,26,0,0.32061896
3017,1,1,0.7548497
3018,13,0,0.34009612
3019,16,0,0.27453032
3020,12,1,0.57969856
3021,10,1,0.6577564
3022,0,0,0.42054218
3023,10,0,0.6377845
3024,4,0,0.31880346
3025,12,0,0.5727378
3026,9,0,0.55086064
3027,2,0,0.44333804
3028,20,1,0.5522191
3029,21,1,0.6344971
3030,0,0,0.28222394
3031,24,0,0.65646535
3032,4,1,0.68787885
3033,16,0,0.4469721
3034,12,1,0.47833148
3035,4,1,0.8016394
3036,15,0,0.29226896
3037,25,1,0.7988714
3038,21,1,0.85842985
3039,13,0,0.6142436
3040,23,1,0.5966178
3041,26,1,0.3746228
3042,9,1,0.77824605
3043,20,0,0.4217329
3044,5,0,0.30880982
3045,6,1,0.5189548
3046,8,1,0.28705594
3047,26,1,0.59516186
3048,1,0,0.2271705
3049,17,1,0.56601405
3050,26,0,0.32729298
3051,1,1,0.5876285
3052,18,1,0.82911366
3053,5,0,0.73646027
3054,8,0,0.6163872
3055,11,0,0.45162633
3056,2,0,0.3550469
3057,16,1,0.4474441
3058,4,0,0.4871375
3059,24,1,0.4859329
3060,26,1,0.37780106
3061,2,1,0.5744877
3062,8,0,0.35204282
3063,11,1,0.44805014
3064,15,1,0.5658883
3065,2,1,0.5349721
3066,8,0,0.3547388
3067,15,0,0.44044226
3068,17,1,0.76662683
3069,15,0,0.28171062
3070,28,1,0.58878034
3071,27,0,0.4506251
3072,28,1,0.50256944
3073,26,1,0.5434486
3074,4,1,0.7613399
3075,12,0,0.34874675
3076,8,0,0.60575676
3077,15,0,0.6146447
3078,6,1,0.7502696
3079,7,1,0.49409533
3080,18,0,0.7558363
3081,15,0,0.7030428
3082,26,1,0.5893546
3083,13,1,0.67259806
3084,13,1,0.5542806
3085,22,1,0.6055262
3086,27,1,0.4039595
3087,23,1,0.65481365
3088,1,1,0.5572173
3089,14,0,0.4552089
3090,26,1,0.37839505
3091,1,0,0.23329742
3092,1,1,0.50850695
3093,25,0,0.27021876
3094,1,1,0.6882522
3095,7,1,0.35879213
3096,14,0,0.58612895
3097,11,1,0.30503812
3098,27,0,0.2394413
3099,8,1,0.69860077
3100,13,0,0.3258039
3101,13,1,0.33252043
3102,12,0,0.3433273
3103,25,0,0.43291536
3104,16,0,0.31775805
3105,27,1,0.57463497
3106,16,1,0.58304566
3107,8,0,0.3885048
3108,22,0,0.41532174
3109,9,1,0.5854477
3110,23,1,0.36495817
3111,1,0,0.32963333
3112,26,1,0.5607655
3113,16,1,0.53716505
3114,11,0,0.35475585
3115,6,0,0.50572383
3116,5,1,0.68366337
3117,15,0,0.46048114
3118,1,1,0.5432697
3119,8,1,0.6630854
3120,1,1,0.6765066
3121,5,1,0.44052207
3122,4,0,0.53297156
3123,13,0,0.7017685
3124,26,0,0.4326835
3125,22,1,0.57970804
3126,22,0,0.6454956
3127,7,1,0.5770386
3128,7,1,0.65031964
3129,17,1,0.4975571
3130,21,0,0.5164381
3131,18,0,0.28041872
3132,16,1,0.37591034
3133,5,0,0.27815586
3134,16,1,0.4405438
3135,16,1,0.56061447
3136,0,1,0.56663895
3137,26,1,0.74553376
3138,10,1,0.6565504
3139,12,1,0.6915895
3140,20,0,0.63458294
3141,16,1,0.5229811
3142,19,1,0.53517234
3143,18,0,0.4437523
3144,2,0,0.7487188
3145,3,1,0.65462387
3146,8,0,0.25387728
3147,26,0,0.65433043
3148,1,0,0.68167907
3149,20,1,0.52200884
3150,11,0,0.5230113
3151,2,0,0.30839786
3152,3,1,0.40633675
3153,8,0,0.39961684
3154,10,0,0.3281872
3155,11,1,0.5028734
3156,2,0,0.43220642
3157,25,0,0.6121938
3158,27,0,0.51284295
3159,3,0,0.24528834
3160,12,1,0.7668246
3161,18,1,0.7322412
3162,11,0,0.27639005
3163,3,0,0.4217266
3164,12,1,0.5538397
3165,16,0,0.31908283
3166,19,1,0.62701565
3167,22,0,0.59291023
3168,26,1,0.4507077
3169,12,1,0.50238913
3170,16,0,0.7750103
3171,13,1,0.5935473
3172,26,1,0.65156496
3173,0,1,0.6077815
3174,17,0,0.23898052
3175,12,0,0.28940243
3176,26,1,0.50495076
3177,20,1,0.30519542
3178,11,1,0.48908043
3179,25,1,0.77741015
3180,1,1,0.7321516
3181,26,1,0.3712474
3182,14,1,0.6090289
3183,21,0,0.391887
3184,8,1,0.55000263
3185,15,0,0.372123
3186,26,1,0.46494952
3187,8,1,0.5077733
3188,2,1,0.30125102
3189,15,0,0.39218345
3190,28,0,0.4088725
3191,10,0,0.5948468
3192,17,0,0.59633946
3193,24,1,0.73067665
3194,20,0,0.44393477
3195,19,0,0.38996214
3196,5,0,0.3540406
3197,24,0,0.6477995
3198,16,1,0.33119226
3199,8,0,0.7049421
3200,24,1,0.5919037
3201,2,1,0.35426977
3202,16,1,0.41778505
3203,27,1,0.32070643
3204,25,0,0.37246704
3205,22,1,0.73956513
3206,26,1,0.45880044
3207,21,1,0.7862596
3208,7,0,0.23762149
3209,11,0,0.33372623
3210,8,0,0.21590845
3211,24,1,0.3134321
3212,22,1,0.52565485
3213,3,0,0.31368205
3214,21,1,0.7152034
3215,27,1,0.6901065
3216,10,0,0.3188875
3217,12,1,0.7347029
3218,1,1,0.58588845
3219,17,1,0.6475643
3220,22,1,0.80451924
3221,15,1,0.42960218
3222,26,0,0.31625274
3223,27,0,0.5729111
3224,4,0,0.54943174
3225,2,0,0.6384105
3226,3,1,0.37739366
3227,1,0,0.49529725
3228,13,0,0.498711
3229,17,1,0.4395024
3230,8,0,0.39243785
3231,15,1,0.6871064
3232,16,1,0.70513755
3233,10,1,0.6074488
3234,7,0,0.2977437
3235,11,1,0.5646144
3236,28,0,0.66006577
3237,17,0,0.35237476
3238,0,0,0.33819965
3239,7,1,0.5675594
3240,18,0,0.6550323
3241,28,0,0.29347372
3242,9,1,0.41009757
3243,11,1,0.32242653
3244,10,1,0.69453907
3245,16,1,0.4804133
3246,17,0,0.27167693
3247,26,1,0.38919747
3248,8,0,0.6754823
3249,16,1,0.7386781
3250,22,1,0.48420736
3251,25,0,0.25644866
3252,8,0,0.45795065
3253,10,0,0.44336018
3254,23,0,0.3184931
3255,22,0,0.30197728
3256,12,0,0.33598801
3257,26,1,0.6682579
3258,17,1,0.72157687
3259,3,0,0.5263442
3260,8,1,0.6410253
3261,21,0,0.27306074
3262,13,1,0.8232882
3263,14,1,0.64353436
3264,26,1,0.7892394
3265,4,0,0.3535803
3266,26,1,0.6351113
3267,10,1,0.7617994
3268,12,0,0.40978208
3269,28,0,0.5994659
3270,10,0,0.29079345
3271,20,1,0.34174383
3272,28,1,0.8375282
3273,2,0,0.37688676
3274,16,1,0.3013068
3275,10,0,0.3230312
3276,14,1,0.7668035
3277,10,1,0.6207399
3278,8,1,0.44113207
3279,13,0,0.32195133
3280,9,1,0.8064336
3281,1,0,0.3623322
3282,16,1,0.47907987
3283,8,1,0.54739314
3284,20,1,0.64734876
3285,27,0,0.3356527
3286,28,1,0.8118863
3287,13,1,0.5787243
3288,6,1,0.32641006
3289,10,0,0.76118666
3290,13,0,0.31105864
3291,13,0,0.3447903
3292,5,1,0.5873767
3293,10,0,0.33771107
3294,13,0,0.36045277
3295,13,1,0.51161116
3296,9,1,0.68185604
3297,16,1,0.7798091
3298,4,1,0.6891302
3299,21,1,0.6216813
3300,2,0,0.2958519
3301,6,1,0.66643375
3302,28,0,0.48016348
3303,8,0,0.38647568
3304,23,0,0.50959206
3305,9,0,0.6601936
3306,22,1,0.53643453
3307,18,0,0.58356327
3308,5,0,0.3553651
3309,27,0,0.60405743
3310,13,0,0.417486
3311,17,1,0.643553
3312,16,1,0.4777683
3313,1,0,0.653157
3314,13,0,0.44130084
3315,27,1,0.62712467
3316,10,0,0.75246304
3317,11,1,0.4864128
3318,8,0,0.35098237
3319,7,0,0.4017704
3320,12,0,0.40549728
3321,26,1,0.5583107
3322,8,1,0.30727956
3323,8,0,0.5294366
3324,12,0,0.6067061
3325,2,0,0.30784467
3326,12,1,0.45547605
3327,4,0,0.6329857
3328,12,0,0.38804525
3329,16,1,0.7654096
3330,25,0,0.6047644
3331,0,0,0.6251792
3332,19,1,0.44358823
3333,25,1,0.34809273
3334,4,0,0.5711279
3335,2,0,0.42422876
3336,3,0,0.3657977
3337,7,1,0.74999696
3338,19,0,0.6206878
3339,20,0,0.50695515
3340,27,1,0.6065013
3341,13,0,0.3372219
3342,15,1,0.6119147
3343,10,0,0.68780136
3344,8,0,0.3369014
3345,28,1,0.5183125
3346,10,0,0.27460617
3347,25,0,0.3123036
3348,19,1,0.47147834
3349,5,0,0.4614931
3350,22,0,0.30813244
3351,17,1,0.5364959
3352,24,1,0.53683114
3353,14,1,0.6224879
3354,2,1,0.81346625
3355,15,0,0.33777386
3356,26,1,0.5923095
3357,2,1,0.30588204
3358,0,1,0.81705856
3359,16,0,0.35890317
3360,2,0,0.681799
3361,13,1,0.5466972
3362,10,1,0.4615635
3363,1,1,0.33533308
3364,11,1,0.63281614
3365,3,1,0.3963572
3366,13,0,0.37509206
3367,10,1,0.6637203
3368,1,1,0.7664241
3369,8,0,0.35868725
3370,15,0,0.35154083
3371,23,0,0.2806807
3372,23,0,0.31432074
3373,16,0,0.42730296
3374,5,0,0.3279456
3375,11,0,0.67635655
3376,12,1,0.60998696
3377,18,1,0.4740809
3378,4,1,0.7188156
3379,19,1,0.40549177
3380,13,0,0.41391662
3381,20,0,0.45792973
3382,16,0,0.31825024
3383,1,0,0.30386624
3384,8,1,0.6749709
3385,28,0,0.22704723
3386,12,1,0.47062466
3387,1,0,0.44776747
3388,10,1,0.43364924
3389,14,1,0.63372064
3390,1,1,0.3721016
3391,2,1,0.6540136
3392,13,0,0.466144
3393,25,0,0.3557611
3394,0,1,0.69877154
3395,8,1,0.66030747
3396,16,1,0.7278078
3397,14,1,0.34750754
3398,0,0,0.5252247
3399,28,0,0.52644795
3400,10,0,0.46037704
3401,1,1,0.37919274
3402,14,1,0.599317
3403,23,1,0.6894306
3404,12,1,0.7742036
3405,4,0,0.32672653
3406,22,0,0.45701465
3407,4,0,0.6383479
3408,23,1,0.36969367
3409,28,1,0.7016276
3410,9,0,0.36013576
3411,18,1,0.3199664
3412,22,0,0.38398504
3413,18,1,0.58671045
3414,28,1,0.6620482
3415,22,0,0.34093148
3416,16,1,0.36830938
3417,24,1,0.35399288
3418,21,0,0.38313392
3419,18,0,0.4795801
3420,9,0,0.49027297
3421,22,1,0.6753158
3422,6,1,0.6407241
3423,27,0,0.3252444
3424,26,0,0.663533
3425,16,0,0.51693976
3426,23,1,0.32593605
3427,15,0,0.337287
3428,0,1,0.5780433
3429,18,0,0.36669227
3430,15,1,0.4893978
3431,8,1,0.7389677
3432,15,0,0.49817166
3433,15,1,0.57636386
3434,11,0,0.22777604
3435,2,1,0.5892092
3436,25,0,0.6243427
3437,13,0,0.50983435
3438,14,1,0.6756948
3439,0,0,0.46127507
3440,23,1,0.43569937
3441,15,0,0.58336705
3442,20,1,0.6016302
3443,8,0,0.5423908
3444,10,0,0.53945524
3445,21,1,0.61779463
3446,19,0,0.6086468
3447,11,0,0.3789116
3448,16,0,0.289474
3449,24,0,0.54334795
3450,27,1,0.66998476
3451,6,0,0.30788654
3452,12,1,0.6387858
3453,11,1,0.7192681
3454,15,0,0.37433997
3455,2,0,0.44343194
3456,20,1,0.5480997
3457,12,1,0.70590246
3458,8,0,0.38169456
3459,17,1,0.5443231
3460,2,1,0.8312251
3461,8,1,0.57703656
3462,18,1,0.5805264
3463,8,1,0.60559464
3464,21,0,0.40813366
3465,20,1,0.5839654
3466,18,1,0.5688685
3467,27,1,0.3965222
3468,12,0,0.6071223
3469,19,1,0.4380786
3470,27,0,0.4013182
3471,13,0,0.673517
3472,15,1,0.66774267
3473,10,1,0.5139535
3474,7,1,0.7031016
3475,1,0,0.52223307
3476,3,1,0.82319224
3477,16,1,0.5233797
3478,24,0,0.3031443
3479,8,0,0.3343363
3480,15,1,0.5830086
3481,8,1,0.60305816
3482,1,0,0.47147015
3483,7,1,0.62938243
3484,13,0,0.56607985
3485,2,1,0.5213725
3486,3,1,0.6021875
3487,12,0,0.6222917
3488,15,0,0.36253792
3489,4,0,0.3404941
3490,11,1,0.46271282
3491,10,0,0.3250099
3492,27,1,0.27103478
3493,24,1,0.39977476
3494,19,1,0.62462854
3495,15,0,0.21040256
3496,21,0,0.35084867
3497,3,0,0.4968098
3498,3,0,0.61767113
3499,16,1,0.3665777
3500,9,1,0.62539405
3501,8,1,0.80707085
3502,2,1,0.83714634
3503,10,1,0.7974075
3504,4,1,0.75711966
3505,16,1,0.77481633
3506,15,0,0.3357923
3507,16,1,0.7881516
3508,22,1,0.31893727
3509,8,0,0.5615225
3510,15,0,0.39620477
3511,15,1,0.61653763
3512,2,1,0.44752485
3513,15,1,0.3805677
3514,4,0,0.42484784
3515,22,1,0.7635892
3516,5,0,0.27825642
3517,6,0,0.29666132
3518,27,0,0.28687465
3519,27,1,0.6522238
3520,28,0,0.62874925
3521,5,0,0.72504103
3522,1,1,0.7531636
3523,14,0,0.36951563
3524,15,1,0.4627841
3525,13,0,0.6076883
3526,4,1,0.4373664
3527,14,1,0.39980105
3528,16,0,0.5139315
3529,26,1,0.71859586
3530,12,1,0.30440173
3531,23,0,0.30611017
3532,11,0,0.4461883
3533,18,1,0.40928105
3534,6,0,0.31643987
3535,26,1,0.47181392
3536,7,1,0.33979452
3537,5,1,0.75834316
3538,16,1,0.3832721
3539,2,0,0.32039565
3540,16,0,0.3496
3541,15,0,0.25880408
3542,7,1,0.6483941
3543,20,0,0.3113412
3544,28,1,0.5160306
3545,3,0,0.66263425
3546,13,1,0.50256246
3547,1,1,0.40326557
3548,28,0,0.44984683
3549,25,0,0.6355103
3550,20,1,0.5625817
3551,8,0,0.7324205
3552,25,1,0.6903077
3553,26,1,0.50452095
3554,8,0,0.3613153
3555,22,1,0.44833443
3556,14,1,0.44676092
3557,27,0,0.366507
3558,15,0,0.42887685
3559,2,1,0.8229485
3560,10,0,0.5285194
3561,16,0,0.5148348
3562,13,0,0.42965662
3563,4,1,0.62818295
3564,19,0,0.33978236
3565,16,0,0.5959296
3566,2,0,0.4418023
3567,9,0,0.48801303
3568,27,0,0.799077
3569,22,1,0.40417868
3570,27,0,0.7048086
3571,16,0,0.42908674
3572,21,0,0.29426682
3573,15,0,0.30498743
3574,2,1,0.7112366
3575,2,0,0.22988497
3576,9,0,0.5271705
3577,15,1,0.4285699
3578,19,0,0.33235994
3579,3,1,0.3619325
3580,2,1,0.4841906
3581,4,0,0.4298867
3582,20,1,0.55371636
3583,23,0,0.40209326
3584,14,1,0.34898883
3585,17,1,0.5163655
3586,10,1,0.5689861
3587,1,1,0.47244006
3588,8,1,0.3024763
3589,23,1,0.6771472
3590,0,0,0.2966934
3591,22,1,0.85574156
3592,8,0,0.29876512
3593,15,1,0.51078165
3594,1,1,0.67550963
3595,8,1,0.6612028
3596,27,0,0.58992046
3597,8,0,0.26102102
3598,27,0,0.618652
3599,15,0,0.2785068
3600,17,0,0.8020335
3601,1,0,0.5910401
3602,18,0,0.33893353
3603,15,1,0.51207477
3604,16,0,0.63640815
3605,28,0,0.2936612
3606,6,1,0.34438634
3607,15,1,0.39808145
3608,13,0,0.34838045
3609,20,0,0.3811391
3610,13,1,0.698738
3611,11,1,0.8269259
3612,15,1,0.37560382
3613,27,1,0.7476925
3614,19,0,0.6915735
3615,13,1,0.6031033
3616,13,0,0.5140212
3617,10,1,0.51556414
3618,16,1,0.39469874
3619,17,1,0.36053902
3620,5,0,0.35913223
3621,26,0,0.6273909
3622,24,1,0.38033867
3623,23,0,0.3550859
3624,23,0,0.28390455
3625,2,0,0.66111857
3626,19,1,0.8253484
3627,12,0,0.30431265
3628,12,0,0.4532177
3629,16,0,0.32370323
3630,23,1,0.40227836
3631,25,1,0.7631948
3632,7,1,0.58631104
3633,20,1,0.26476514
3634,15,0,0.37445152
3635,1,1,0.64152753
3636,12,0,0.3642794
3637,16,1,0.5215432
3638,25,0,0.32103214
3639,2,0,0.4581241
3640,10,1,0.5844326
3641,25,1,0.40952113
3642,9,1,0.4449534
3643,17,1,0.48869812
3644,26,1,0.81793606
3645,2,1,0.66341794
3646,11,0,0.4399
3647,5,1,0.6175931
3648,10,0,0.5274417
3649,18,0,0.31102073
3650,2,0,0.5670844
3651,27,1,0.26151103
3652,16,0,0.30832592
3653,27,0,0.44130546
3654,6,1,0.64727515
3655,8,1,0.7382131
3656,16,0,0.253482
3657,7,1,0.47145638
3658,7,1,0.6570264
3659,14,0,0.35756198
3660,6,0,0.30662346
3661,13,1,0.49412715
3662,9,0,0.38160166
3663,12,1,0.5180486
3664,7,1,0.5483693
3665,10,1,0.5547256
3666,25,0,0.6816465
3667,15,1,0.521056
3668,10,0,0.3611609
3669,28,1,0.44868833
3670,15,1,0.3709107
3671,18,0,0.37489405
3672,25,0,0.28217554
3673,7,1,0.44329125
3674,18,0,0.5405124
3675,6,0,0.632924
3676,23,0,0.37779382
3677,27,1,0.8194156
3678,16,0,0.29975095
3679,11,0,0.64021754
3680,18,0,0.45857364
3681,24,1,0.7435051
3682,19,0,0.36092314
3683,15,1,0.68700033
3684,3,1,0.79764026
3685,13,1,0.54235095
3686,17,0,0.22103506
3687,1,0,0.3369191
3688,10,1,0.28441513
3689,13,0,0.52331424
3690,7,0,0.5983819
3691,7,0,0.3245576
3692,21,1,0.61717343
3693,24,0,0.31732523
3694,20,0,0.6055142
3695,14,0,0.46923837
3696,17,0,0.443251
3697,2,1,0.7922435
3698,3,1,0.44911194
3699,15,1,0.53273445
3700,20,0,0.52579176
3701,11,1,0.69792765
3702,10,1,0.62823534
3703,26,0,0.5263957
3704,12,0,0.5317658
3705,25,1,0.27622786
3706,8,1,0.5809542
3707,8,1,0.6430523
3708,22,0,0.22368456
3709,2,1,0.48797724
3710,11,0,0.4812645
3711,10,0,0.26952133
3712,27,0,0.39202797
3713,3,0,0.43857604
3714,25,0,0.6162123
3715,7,0,0.27647176
3716,2,0,0.6560698
3717,11,0,0.38637963
3718,25,0,0.47471118
3719,14,0,0.39780492
3720,8,1,0.7145392
3721,3,0,0.4984921
3722,20,1,0.36396304
3723,12,0,0.37617892
3724,20,0,0.3145195
3725,26,1,0.64771414
3726,1,1,0.5608171
3727,10,0,0.5614703
3728,17,1,0.732779
3729,13,0,0.38184932
3730,8,1,0.3949322
3731,26,1,0.50864583
3732,16,0,0.29504418
3733,17,0,0.47082806
3734,5,0,0.46864513
3735,27,1,0.308634
3736,22,0,0.255447
3737,13,0,0.2828642
3738,9,0,0.53068244
3739,4,1,0.31432262
3740,4,0,0.6983323
3741,25,1,0.54889214
3742,9,1,0.4673935
3743,13,0,0.2282567
3744,2,0,0.40355393
3745,25,1,0.5986033
3746,4,0,0.53653723
3747,12,1,0.42306393
3748,11,1,0.73692197
3749,18,0,0.3171345
3750,10,0,0.44336915
3751,25,1,0.6438381
3752,11,0,0.44828516
3753,10,1,0.4961251
3754,3,0,0.5826529
3755,21,1,0.6903438
3756,25,1,0.5716499
3757,23,1,0.65003014
3758,17,0,0.637811
3759,8,1,0.3704705
3760,11,1,0.547591
3761,8,1,0.3792059
3762,2,0,0.3476129
3763,14,1,0.47423393
3764,22,0,0.67716163
3765,9,1,0.7090549
3766,15,1,0.8170044
3767,2,1,0.3587908
3768,8,1,0.438217
3769,22,0,0.43824825
3770,22,1,0.4500633
3771,4,0,0.22911365
3772,13,0,0.29351687
3773,5,0,0.5137288
3774,26,0,0.24247436
3775,12,0,0.6705464
3776,14,0,0.40207747
3777,19,0,0.73994267
3778,15,0,0.6063313
3779,18,0,0.5454772
3780,15,0,0.42481974
3781,8,1,0.6089906
3782,17,1,0.7894874
3783,16,1,0.651223
3784,26,1,0.79909116
3785,28,0,0.369753
3786,27,1,0.80905706
3787,8,1,0.73757726
3788,5,1,0.6464149
3789,27,0,0.5534587
3790,15,0,0.6911662
3791,16,1,0.7217043
3792,22,1,0.70677173
3793,17,1,0.7511104
3794,0,0,0.52683055
3795,8,0,0.32231635
3796,2,1,0.5086719
3797,25,0,0.82002133
3798,9,1,0.34313717
3799,24,1,0.74755317
3800,0,1,0.4489239
3801,11,0,0.4674864
3802,15,0,0.32289773
3803,25,1,0.5944207
3804,16,0,0.68567747
3805,8,1,0.45209152
3806,2,1,0.3752484
3807,2,1,0.5705079
3808,16,0,0.26922444
3809,1,0,0.41895086
3810,6,0,0.48687524
3811,20,0,0.4872058
3812,5,1,0.58052
3813,1,0,0.36423236
3814,25,0,0.6089558
3815,1,0,0.6828379
3816,26,1,0.64880896
3817,20,0,0.7351465
3818,10,1,0.6245912
3819,7,0,0.25362068
3820,8,0,0.5088215
3821,25,0,0.30632776
3822,4,1,0.48669168
3823,16,0,0.24028184
3824,15,1,0.6101989
3825,22,1,0.47591785
3826,1,1,0.49962905
3827,25,0,0.63890785
3828,11,0,0.61894715
3829,22,0,0.4474142
3830,7,0,0.5498473
3831,11,0,0.5668683
3832,13,1,0.40727052
3833,5,1,0.78836924
3834,23,1,0.63722163
3835,1,0,0.67551345
3836,20,0,0.4637753
3837,22,1,0.4316517
3838,11,1,0.31133345
3839,26,1,0.48521423
3840,15,1,0.6423228
3841,10,1,0.52264553
3842,15,0,0.71234715
3843,22,1,0.59672505
3844,26,1,0.4795324
3845,24,1,0.54352415
3846,8,0,0.5461798
3847,17,1,0.68300873
3848,0,0,0.44020686
3849,8,1,0.3510512
3850,15,1,0.79616845
3851,0,0,0.5532711
3852,14,0,0.34995526
3853,13,1,0.4399193
3854,20,0,0.48380455
3855,4,1,0.6119568
3856,26,0,0.45559567
3857,15,1,0.7046006
3858,13,0,0.3339197
3859,23,1,0.3375084
3860,20,1,0.43833792
3861,3,1,0.29078293
3862,15,0,0.6069239
3863,16,0,0.3487167
3864,25,1,0.57089853
3865,16,0,0.3148216
3866,28,1,0.7266172
3867,16,1,0.64668864
3868,25,0,0.7101763
3869,12,1,0.6378466
3870,9,1,0.51951844
3871,2,1,0.5867679
3872,12,1,0.4296483
3873,21,0,0.6137045
3874,27,1,0.5262809
3875,15,0,0.76444626
3876,22,0,0.7413523
3877,12,1,0.28433833
3878,10,0,0.28116775
3879,1,0,0.45919695
3880,6,0,0.5694164
3881,12,1,0.6796635
3882,4,0,0.56860876
3883,25,0,0.4178038
3884,11,1,0.7579577
3885,11,1,0.6011823
3886,23,1,0.34289902
3887,8,1,0.7849348
3888,2,1,0.62558347
3889,23,1,0.6104556
3890,8,0,0.49638578
3891,25,0,0.6744878
3892,25,1,0.6876304
3893,10,0,0.2870496
3894,4,0,0.31671518
3895,26,1,0.54522026
3896,5,0,0.32618585
3897,18,1,0.7583768
3898,28,0,0.61256766
3899,8,0,0.4219255
3900,20,1,0.8184028
3901,26,1,0.3549447
3902,22,0,0.34500128
3903,26,0,0.32412204
3904,12,1,0.32048547
3905,23,0,0.3811567
3906,4,0,0.31854868
3907,28,0,0.6511321
3908,15,1,0.726064
3909,22,1,0.7021841
3910,22,0,0.6294882
3911,20,0,0.2835765
3912,13,0,0.5313622
3913,12,0,0.68821394
3914,8,0,0.3873027
3915,25,0,0.65427375
3916,16,1,0.6364902
3917,13,1,0.74218076
3918,22,0,0.6545692
3919,13,0,0.36269397
3920,28,0,0.347599
3921,7,1,0.5570099
3922,21,1,0.6772225
3923,15,1,0.6732205
3924,20,0,0.53560835
3925,25,1,0.28251344
3926,18,0,0.3370248
3927,2,1,0.6087943
3928,10,0,0.4482084
3929,1,1,0.702784
3930,5,1,0.5195674
3931,13,1,0.54571474
3932,26,0,0.4778702
3933,4,1,0.72609234
3934,12,1,0.40336955
3935,26,0,0.32895252
3936,16,0,0.43533266
3937,17,0,0.5168266
3938,22,1,0.53753006
3939,27,1,0.5363335
3940,13,0,0.5517576
3941,6,0,0.3214643
3942,2,1,0.48472366
3943,7,1,0.46813455
3944,19,1,0.2953378
3945,15,0,0.28542063
3946,1,1,0.6079984
3947,15,0,0.2729328
3948,10,0,0.25686803
3949,8,0,0.5056021
3950,16,0,0.6840121
3951,0,1,0.33130082
3952,4,0,0.31711128
3953,12,1,0.7744252
3954,8,1,0.3649312
3955,25,0,0.475371
3956,2,1,0.4339897
3957,16,0,0.6729667
3958,21,0,0.6878176
3959,16,0,0.6492487
3960,0,0,0.2782299
3961,16,1,0.6647178
3962,11,0,0.6725752
3963,14,0,0.52165365
3964,1,0,0.5885224
3965,14,0,0.48373225
3966,10,1,0.50993145
3967,3,0,0.5101999
3968,8,1,0.7241323
3969,11,0,0.5747276
3970,25,0,0.3503671
3971,27,1,0.61587304
3972,26,1,0.54826033
3973,27,1,0.6799274
3974,15,1,0.66502255
3975,28,0,0.51008546
3976,25,1,0.6806899
3977,27,1,0.5778918
3978,22,1,0.72993624
3979,2,1,0.5780596
3980,14,1,0.44093248
3981,17,0,0.6002718
3982,0,0,0.3081405
3983,22,0,0.28055325
3984,15,0,0.48463273
3985,0,0,0.24496864
3986,15,1,0.81127864
3987,2,0,0.27553943
3988,9,0,0.43702447
3989,25,0,0.34351638
3990,25,0,0.61041015
3991,11,0,0.3162975
3992,3,0,0.7831642
3993,16,0,0.27748355
3994,0,0,0.5277885
3995,25,1,0.7224078
3996,28,1,0.5716954
3997,5,1,0.74755216
3998,8,0,0.44774002
3999,12,1,0.4390435
4000,2,1,0.48257327
4001,17,1,0.45757663
4002,7,0,0.38532874
4003,18,1,0.6523839
4004,11,1,0.60374284
4005,8,1,0.47653827
4006,8,1,0.7816977
4007,12,1,0.47527352
4008,28,1,0.76112676
4009,6,1,0.48711267
4010,14,0,0.316477
4011,25,0,0.649798
4012,15,0,0.68131655
4013,12,0,0.28943983
4014,8,0,0.3917355
4015,13,1,0.53079563
4016,28,0,0.47958604
4017,10,1,0.4107772
4018,1,1,0.6724019
4019,5,1,0.70023507
4020,20,0,0.3948989
4021,1,1,0.6481264
4022,11,0,0.30643556
4023,2,0,0.6428096
4024,13,0,0.3338229
4025,14,0,0.6264146
4026,19,0,0.23922248
4027,19,1,0.51489246
4028,1,1,0.3305174
4029,2,0,0.753864
4030,28,0,0.5963345
4031,0,0,0.35572708
4032,20,1,0.67568123
4033,27,1,0.4939418
4034,10,0,0.50059587
4035,5,1,0.80522925
4036,27,1,0.61297476
4037,6,0,0.73559475
4038,6,1,0.65008616
4039,27,0,0.4300788
4040,18,1,0.62034297
4041,22,0,0.5183342
4042,16,0,0.35312542
4043,2,0,0.37458488
4044,8,1,0.43651444
4045,25,1,0.76487434
4046,18,0,0.49233925
4047,10,0,0.33271983
4048,26,1,0.8441996
4049,10,0,0.32104522
4050,15,0,0.5637521
4051,13,0,0.49516943
4052,11,1,0.5423412
4053,11,1,0.6182677
4054,14,1,0.40912005
4055,20,1,0.43949345
4056,16,1,0.5390851
4057,16,0,0.4408114
4058,27,0,0.35732302
4059,28,0,0.4297292
4060,13,1,0.39147478
4061,26,1,0.7532367
4062,8,0,0.3178076
4063,27,1,0.31105363
4064,15,1,0.527031
4065,27,0,0.5489493
4066,27,1,0.48381016
4067,10,1,0.65426075
4068,2,0,0.27879232
4069,6,0,0.39136696
4070,13,1,0.78853405
4071,8,0,0.52117443
4072,23,0,0.44720295
4073,2,0,0.43348077
4074,15,0,0.48904383
4075,15,1,0.3146404
4076,24,1,0.31652218
4077,8,0,0.64279073
4078,23,1,0.8116359
4079,1,1,0.36911902
4080,17,0,0.26978523
4081,8,0,0.68433857
4082,7,0,0.29603565
4083,17,0,0.44172284
4084,28,1,0.36929804
4085,13,1,0.5400556
4086,16,0,0.29111952
4087,7,0,0.50746423
4088,25,1,0.4391657
4089,15,0,0.29210022
4090,25,1,0.60788214
4091,20,0,0.32354224
4092,20,0,0.2556141
4093,13,0,0.6005856
4094,2,1,0.5844012
4095,3,1,0.62658703
4096,24,1,0.4016363
4097,15,1,0.4508731
4098,17,0,0.46011132
4099,12,0,0.44113407
4100,0,1,0.30973938
4101,2,0,0.24492227
4102,25,1,0.6938965
4103,8,1,0.63007754
4104,12,1,0.38052464
4105,11,1,0.5475559
4106,26,1,0.42553592
4107,14,1,0.63395876
4108,14,1,0.80730695
4109,24,1,0.5840408
4110,8,0,0.37524635
4111,27,0,0.5909609
4112,15,1,0.7543822
4113,3,1,0.77385426
4114,7,1,0.46430913
4115,14,0,0.5191756
4116,25,0,0.28539336
4117,18,1,0.5887336
4118,15,1,0.35771126
4119,6,1,0.622106
4120,16,0,0.703222
4121,8,1,0.46289003
4122,14,0,0.51561886
4123,1,0,0.45000878
4124,27,0,0.29886585
4125,25,0,0.47303438
4126,13,1,0.81932384
4127,26,0,0.7425255
4128,12,0,0.263832
4129,20,0,0.6578867
4130,10,0,0.6193712
4131,23,0,0.33381388
4132,10,1,0.52004856
4133,13,1,0.80441743
4134,14,1,0.74151486
4135,25,0,0.51502275
4136,1,0,0.5175932
4137,10,1,0.68506277
4138,16,0,0.584223
4139,22,0,0.55576676
4140,11,0,0.29368737
4141,8,1,0.7881123
4142,15,0,0.40097147
4143,1,1,0.37272075
4144,6,1,0.8398669
4145,2,0,0.29722884
4146,16,0,0.5287078
4147,7,1,0.63063043
4148,8,1,0.47733885
4149,19,1,0.67702186
4150,3,0,0.563763
4151,2,1,0.29517937
4152,2,1,0.54205036
4153,12,1,0.33025244
4154,11,0,0.3656085
4155,26,0,0.3754993
4156,16,0,0.3100897
4157,13,0,0.67135924
4158,14,1,0.65017384
4159,25,0,0.38777378
4160,26,0,0.3100757
4161,8,1,0.58380365
4162,1,1,0.79392254
4163,27,1,0.766862
4164,13,1,0.666122
4165,25,0,0.6063575
4166,17,0,0.30966946
4167,15,1,0.37742692
4168,11,0,0.3330729
4169,27,0,0.783798
4170,14,1,0.3791982
4171,16,0,0.40582123
4172,7,1,0.50149024
4173,3,0,0.3659075
4174,4,0,0.524899
4175,14,1,0.4753111
4176,26,1,0.52489114
4177,21,0,0.32727435
4178,3,0,0.37178877
4179,17,0,0.35164788
4180,27,1,0.6088039
4181,15,1,0.61775464
4182,26,0,0.4749805
4183,4,0,0.61387944
4184,0,1,0.6816547
4185,3,1,0.49689823
4186,3,1,0.5675618
4187,13,1,0.4664054
4188,19,1,0.7479649
4189,13,1,0.34087077
4190,16,0,0.34259242
4191,16,1,0.6659433
4192,17,1,0.5603765
4193,25,1,0.63594913
4194,8,1,0.27868235
4195,16,1,0.2777824
4196,17,1,0.6325204
4197,27,0,0.4874292
4198,1,1,0.68307537
4199,4,0,0.41381457
4200,11,0,0.6286662
4201,21,1,0.28232512
4202,26,1,0.63464683
4203,15,0,0.28810918
4204,18,0,0.4365379
4205,16,1,0.53412724
4206,11,1,0.7280951
4207,13,0,0.37862724
4208,26,0,0.3743933
4209,24,0,0.30261472
4210,15,0,0.46462086
4211,15,0,0.2959654
4212,9,0,0.60255116
4213,22,1,0.6868687
4214,18,1,0.5501723
4215,8,0,0.6548321
4216,21,1,0.5142413
4217,13,0,0.6459313
4218,19,0,0.58880496
4219,21,1,0.46840057
4220,1,1,0.6223767
4221,18,1,0.28518695
4222,25,1,0.4625923
4223,11,0,0.6486104
4224,25,0,0.468404
4225,27,0,0.63646686
4226,12,1,0.34825888
4227,6,1,0.80573905
4228,27,1,0.80905396
4229,9,1,0.5824075
4230,4,1,0.52261627
4231,13,1,0.5754031
4232,23,0,0.35251394
4233,6,0,0.24040794
4234,15,0,0.37527925
4235,26,0,0.28416368
4236,21,1,0.5921658
4237,25,1,0.6077622
4238,10,0,0.38770822
4239,13,0,0.4333811
4240,4,1,0.7401733
4241,6,1,0.5535067
4242,25,0,0.34141964
4243,22,0,0.3168747
4244,27,1,0.31576458
4245,17,0,0.43669495
4246,14,1,0.5690104
4247,16,0,0.29352275
4248,0,0,0.68879265
4249,2,0,0.64359546
4250,9,0,0.37186593
4251,27,0,0.33369988
4252,17,0,0.31191495
4253,1,1,0.47466835
4254,8,0,0.49374506
4255,10,1,0.7291334
4256,8,0,0.27142182
4257,1,1,0.36722356
4258,21,0,0.4103968
4259,16,1,0.7605138
4260,5,1,0.35645086
4261,16,0,0.31852514
4262,3,1,0.6312697
4263,25,0,0.40579182
4264,2,0,0.24311224
4265,21,0,0.77042574
4266,5,1,0.5809534
4267,12,0,0.43331674
4268,20,1,0.56782216
4269,11,0,0.5061483
4270,10,0,0.31479752
4271,18,1,0.6418168
4272,13,0,0.56798315
4273,5,1,0.6299484
4274,9,1,0.75761956
4275,22,1,0.62454736
4276,12,0,0.21612312
4277,10,0,0.509852
4278,26,1,0.72610265
4279,21,0,0.335672
4280,6,1,0.6833382
4281,2,1,0.572657
4282,11,0,0.43158713
4283,15,0,0.58017313
4284,13,1,0.623097
4285,13,0,0.36353022
4286,25,0,0.31186372
4287,17,1,0.6913251
4288,14,1,0.5013251
4289,28,1,0.53164375
4290,10,0,0.43740466
4291,8,0,0.6500933
4292,25,0,0.30160046
4293,3,0,0.4391556
4294,7,1,0.5661831
4295,15,1,0.51728415
4296,4,0,0.3809189
4297,27,1,0.5221343
4298,6,1,0.5505316
4299,13,1,0.83331716
4300,26,1,0.68276775
4301,10,1,0.24709834
4302,22,0,0.37370488
4303,1,0,0.6879236
4304,27,1,0.31215635
4305,5,1,0.54129624
4306,8,1,0.32821417
4307,1,1,0.810309
4308,22,1,0.78756696
4309,12,0,0.3679409
4310,3,0,0.6585023
4311,26,0,0.63204324
4312,9,0,0.24732223
4313,2,1,0.5015341
4314,14,1,0.35204417
4315,16,1,0.640563
4316,4,0,0.29376546
4317,13,1,0.5094754
4318,10,1,0.7586961
4319,26,0,0.28776994
4320,16,1,0.52186465
4321,1,1,0.51429135
4322,9,1,0.40549034
4323,20,1,0.3904419
4324,24,1,0.38173133
4325,13,0,0.6213907
4326,12,0,0.2737204
4327,13,0,0.4504468
4328,6,1,0.64289474
4329,22,1,0.7315911
4330,26,0,0.5366134
4331,11,0,0.25162
4332,22,1,0.37451696
4333,26,1,0.8367244
4334,4,0,0.2867647
4335,8,0,0.2909357
4336,8,0,0.308955
4337,19,1,0.59233695
4338,23,0,0.28168243
4339,18,1,0.8284158
4340,16,1,0.6656164
4341,28,0,0.36117414
4342,26,0,0.524681
4343,2,0,0.812826
4344,27,1,0.45504126
4345,2,1,0.7698091
4346,4,0,0.43246722
4347,15,0,0.2777149
4348,9,0,0.33681387
4349,15,1,0.4038094
4350,11,0,0.6178341
4351,21,1,0.35364395
4352,12,1,0.80744267
4353,15,1,0.6301102
4354,2,0,0.23017971
4355,2,1,0.631248
4356,15,1,0.6615325
4357,1,1,0.37632588
4358,27,1,0.74065346
4359,23,0,0.3148538
4360,9,1,0.6344642
4361,10,0,0.44224867
4362,15,1,0.77856475
4363,15,0,0.5078095
4364,21,0,0.6510827
4365,4,0,0.393102
4366,23,1,0.6516678
4367,21,0,0.26219597
4368,27,1,0.5356853
4369,19,1,0.39900434
4370,0,0,0.5483676
4371,18,0,0.31762505
4372,1,0,0.315145
4373,27,1,0.45036635
4374,17,0,0.7003099
4375,5,1,0.646881
4376,2,1,0.76352
4377,16,0,0.47024676
4378,25,1,0.39269927
4379,21,1,0.6448703
4380,23,1,0.60473245
4381,8,1,0.60160446
4382,13,0,0.30168387
4383,2,1,0.6345435
4384,1,0,0.5951486
4385,17,1,0.6611248
4386,5,1,0.64395386
4387,26,0,0.30126595
4388,17,1,0.38036126
4389,4,1,0.511446
4390,15,1,0.6912154
4391,18,0,0.6383715
4392,25,1,0.3885662
4393,10,1,0.46417603
4394,19,0,0.61045283
4395,23,1,0.5573373
4396,18,1,0.45029932
4397,15,1,0.8144749
4398,22,1,0.52503896
4399,15,0,0.32159302
4400,25,0,0.48333958
4401,27,0,0.38925546
4402,8,0,0.3710785
4403,4,0,0.5303884
4404,20,0,0.29076514
4405,0,1,0.58982885
4406,24,0,0.3665758
4407,13,0,0.5861292
4408,15,1,0.34056684
4409,2,1,0.5826012
4410,26,1,0.7676485
4411,13,0,0.44082728
4412,7,0,0.6141721
4413,13,1,0.61948705
4414,16,1,0.30096582
4415,15,0,0.47266006
4416,0,0,0.5381854
4417,19,1,0.45724207
4418,10,0,0.3348355
4419,13,1,0.5254218
4420,10,0,0.30791697
4421,15,0,0.55483514
4422,3,1,0.5083167
4423,8,1,0.7539259
4424,18,1,0.35858193
4425,16,1,0.64045286
4426,24,0,0.55384266
4427,11,1,0.6483865
4428,25,1,0.45739
4429,13,0,0.3234358
4430,15,0,0.39252177
4431,26,1,0.32296893
4432,22,1,0.5463215
4433,5,0,0.4981158
4434,2,1,0.649326
4435,12,1,0.62090564
4436,18,1,0.6033969
4437,18,0,0.5565958
4438,0,1,0.8120001
4439,10,0,0.37876207
4440,13,1,0.7808479
4441,28,0,0.40328085
4442,24,1,0.30862042
4443,3,0,0.34285867
4444,10,0,0.30416185
4445,12,0,0.32421663
4446,28,0,0.35688016
4447,26,1,0.6274527
4448,10,0,0.62518865
4449,8,0,0.5039333
4450,26,1,0.6530662
4451,22,0,0.34821647
4452,9,0,0.5263231
4453,2,1,0.6494172
4454,1,1,0.7082029
4455,3,1,0.6287167
4456,16,0,0.31340072
4457,14,0,0.36875135
4458,8,0,0.49178597
4459,4,0,0.7153043
4460,0,0,0.40400633
4461,18,1,0.4523149
4462,17,0,0.53922766
4463,13,0,0.37014782
4464,13,1,0.52952343
4465,25,0,0.25341392
4466,23,1,0.83208764
4467,10,1,0.58434886
4468,19,1,0.7685245
4469,8,1,0.39649102
4470,4,0,0.6269732
4471,7,0,0.31652063
4472,9,0,0.37419403
4473,26,1,0.5939955
4474,3,0,0.5348419
4475,22,0,0.50452673
4476,7,1,0.35424206
4477,20,1,0.37190214
4478,17,1,0.65512973
4479,20,1,0.6860213
4480,8,1,0.6856889
4481,23,1,0.6809166
4482,7,0,0.41218686
4483,27,0,0.31043246
4484,17,1,0.7983975
4485,20,0,0.3057624
4486,13,0,0.38498306
4487,25,0,0.64706016
4488,2,1,0.63905305
4489,25,0,0.7074337
4490,25,1,0.38904488
4491,27,1,0.60122967
4492,27,0,0.24321951
4493,16,0,0.3166286
4494,26,0,0.6777093
4495,18,1,0.60390913
4496,4,0,0.36946678
4497,25,1,0.6779832
4498,12,1,0.75469255
4499,25,0,0.63024324
4500,3,0,0.5716039
4501,3,0,0.29704994
4502,3,0,0.25477472
4503,15,0,0.2861408
4504,6,1,0.4632495
4505,24,1,0.5975717
4506,13,0,0.3936801
4507,3,1,0.7452559
4508,6,1,0.6562985
4509,13,1,0.4837954
4510,12,0,0.35597077
4511,18,0,0.28763065
4512,13,0,0.45020208
4513,27,0,0.42540365
4514,10,0,0.3662605
4515,10,0,0.28993034
4516,13,1,0.6975709
4517,27,1,0.7694978
4518,8,0,0.5003611
4519,6,1,0.4994226
4520,13,0,0.41918492
4521,13,0,0.65512556
4522,27,0,0.24099329
4523,18,0,0.36111677
4524,24,0,0.42008898
4525,16,1,0.64563525
4526,10,0,0.47081146
4527,16,1,0.69471514
4528,24,0,0.44045278
4529,10,1,0.7676899
4530,15,1,0.31038034
4531,16,0,0.61733526
4532,10,1,0.59138244
4533,16,1,0.60847306
4534,16,0,0.35807797
4535,4,1,0.49513227
4536,2,0,0.6133053
4537,13,0,0.46475652
4538,25,0,0.6741289
4539,8,0,0.36128387
4540,16,1,0.551432
4541,8,1,0.6571441
4542,16,0,0.29958233
4543,20,1,0.3937589
4544,25,1,0.7469421
4545,19,0,0.35754362
4546,13,0,0.3978463
4547,15,0,0.49593386
4548,13,1,0.4032147
4549,7,1,0.76605314
4550,8,1,0.5598781
4551,12,1,0.69141823
4552,23,0,0.3441952
4553,6,0,0.642208
4554,5,1,0.7492377
4555,16,0,0.4289378
4556,23,0,0.3445824
4557,16,0,0.51401573
4558,10,1,0.55923027
4559,5,1,0.3112615
4560,2,1,0.41591063
4561,26,0,0.4369499
4562,3,0,0.37601253
4563,13,1,0.53022814
4564,8,1,0.5328143
4565,24,0,0.5559259
4566,2,1,0.5094618
4567,24,0,0.7798636
4568,27,1,0.81029123
4569,21,0,0.41532928
4570,7,0,0.4479741
4571,24,0,0.5408928
4572,27,0,0.40888077
4573,28,0,0.6178361
4574,16,1,0.30717397
4575,6,0,0.31303692
4576,25,0,0.28306118
4577,18,0,0.37420028
4578,15,1,0.39115533
4579,28,0,0.33063918
4580,1,0,0.43945983
4581,27,1,0.70184946
4582,28,0,0.71033484
4583,16,0,0.3068048
4584,7,0,0.28988627
4585,21,1,0.70319515
4586,28,1,0.6279934
4587,14,1,0.50790936
4588,21,1,0.56256926
4589,16,1,0.56022644
4590,15,1,0.30838472
4591,6,1,0.6143018
4592,8,1,0.32042396
4593,5,0,0.5202232
4594,27,0,0.40640885
4595,22,1,0.7203912
4596,8,0,0.44473258
4597,28,0,0.33629864
4598,10,0,0.6146801
4599,9,0,0.73161405
4600,26,1,0.5690874
4601,3,1,0.7375149
4602,10,1,0.71067417
4603,16,0,0.6784524
4604,26,0,0.36885825
4605,12,1,0.687999
4606,13,0,0.3575987
4607,16,1,0.35319728
4608,8,1,0.5100002
4609,16,1,0.5022416
4610,18,1,0.43713242
4611,19,1,0.72220737
4612,18,1,0.34274817
4613,26,0,0.32237282
4614,21,0,0.41644466
4615,1,0,0.4825869
4616,14,0,0.27275705
4617,25,1,0.36750472
4618,16,1,0.7829116
4619,8,1,0.66333526
4620,1,0,0.49332726
4621,2,1,0.5022728
4622,21,1,0.5076145
4623,11,0,0.42051002
4624,2,0,0.38296607
4625,1,1,0.7506879
4626,15,0,0.42841616
4627,4,1,0.68511295
4628,16,0,0.25125974
4629,19,0,0.3581589
4630,12,0,0.5611013
4631,26,1,0.5280014
4632,11,0,0.68526864
4633,1,0,0.40833443
4634,26,1,0.61443526
4635,18,0,0.54487574
4636,6,1,0.5997702
4637,19,1,0.34357136
4638,28,0,0.76293766
4639,27,1,0.6027002
4640,25,0,0.285938
4641,7,0,0.5792216
4642,7,0,0.43071866
4643,2,1,0.64602363
4644,3,0,0.5949643
4645,20,0,0.49325952
4646,20,0,0.62416244
4647,17,0,0.35491905
4648,27,1,0.32523897
4649,13,1,0.32912996
4650,1,1,0.6353818
4651,8,0,0.44221845
4652,12,1,0.7462387
4653,1,1,0.7543608
4654,13,1,0.6653314
4655,2,0,0.29451597
4656,3,0,0.29384503
4657,4,0,0.25040168
4658,25,0,0.25857243
4659,10,1,0.44384065
4660,15,0,0.48566955
4661,1,1,0.28230733
4662,16,0,0.24116233
4663,19,0,0.41171417
4664,21,0,0.44560647
4665,18,0,0.29478487
4666,15,1,0.33598012
4667,14,0,0.5692567
4668,10,1,0.45515877
4669,7,0,0.5026372
4670,10,1,0.53365624
4671,16,0,0.5632594
4672,12,1,0.64273447
4673,13,0,0.69694513
4674,3,0,0.49241567
4675,3,0,0.6847817
4676,1,1,0.65966606
4677,2,0,0.6758161
4678,0,1,0.5423587
4679,19,0,0.2697238
4680,12,1,0.80280215
4681,25,0,0.48235884
4682,10,0,0.47859302
4683,10,1,0.65638447
4684,2,1,0.37741253
4685,2,1,0.51347965
4686,2,0,0.42830852
4687,7,1,0.82305694
4688,2,1,0.6834888
4689,24,0,0.29151046
4690,13,0,0.40979218
4691,7,0,0.6674893
4692,8,1,0.68026537
4693,11,1,0.6629341
4694,27,1,0.56137115
4695,12,0,0.54342055
4696,8,1,0.37433594
4697,9,1,0.6743351
4698,1,1,0.68776244
4699,15,1,0.5598492
4700,2,1,0.3085764
4701,13,1,0.66524965
4702,25,0,0.6578799
4703,26,1,0.62557584
4704,22,1,0.44288713
4705,22,1,0.38207233
4706,26,0,0.39238825
4707,16,1,0.7155864
4708,24,1,0.33879545
4709,9,1,0.26567197
4710,7,0,0.73604447
4711,8,0,0.38107547
4712,1,1,0.5029952
4713,8,0,0.39227816
4714,11,1,0.4314043
4715,10,0,0.31778464
4716,27,0,0.46085328
4717,11,0,0.5746776
4718,16,0,0.46124706
4719,13,0,0.502912
4720,16,0,0.30064985
4721,11,1,0.7548738
4722,13,0,0.5382892
4723,11,1,0.6086113
4724,22,1,0.4576716
4725,2,1,0.525278
4726,7,0,0.6530282
4727,25,0,0.5762834
4728,8,1,0.6244222
4729,10,1,0.5342912
4730,3,0,0.5711469
4731,12,0,0.3050945
4732,17,0,0.5991387
4733,5,0,0.3688756
4734,13,1,0.514638
4735,20,1,0.34162176
4736,11,0,0.44969264
4737,6,1,0.31511927
4738,4,0,0.24719326
4739,6,0,0.37036556
4740,2,1,0.56225705
4741,1,0,0.40000778
4742,15,1,0.42020527
4743,27,1,0.6137755
4744,3,1,0.30056065
4745,28,1,0.5086863
4746,5,1,0.58469033
4747,26,1,0.32201794
4748,5,1,0.764238
4749,10,0,0.3750144
4750,5,0,0.28998622
4751,18,1,0.61265653
4752,27,0,0.33722034
4753,26,1,0.5998745
4754,9,1,0.64522254
4755,20,1,0.44050586
4756,17,1,0.77760285
4757,14,1,0.6817949
4758,19,1,0.75377953
4759,19,0,0.30801633
4760,13,0,0.45459086
4761,7,1,0.7736332
4762,21,0,0.37478444
4763,25,1,0.66321737
4764,22,0,0.37393895
4765,11,0,0.4461088
4766,15,1,0.47217724
4767,13,0,0.40676454
4768,26,1,0.4381175
4769,16,0,0.499778
4770,18,0,0.31516525
4771,8,0,0.36137655
4772,0,0,0.4277741
4773,3,0,0.34167
4774,6,0,0.6945856
4775,10,1,0.47090334
4776,8,0,0.36207998
4777,25,0,0.44005388
4778,9,0,0.59535474
4779,25,1,0.49696252
4780,11,1,0.46061328
4781,16,1,0.81276125
4782,0,1,0.57008576
4783,13,1,0.6731096
4784,2,0,0.3205554
4785,0,1,0.62898815
4786,27,0,0.34421912
4787,6,1,0.5954993
4788,0,1,0.6841585
4789,25,0,0.31341666
4790,2,0,0.39282212
4791,10,1,0.69212866
4792,16,1,0.37760615
4793,7,0,0.65257716
4794,14,1,0.67535883
4795,7,1,0.59714824
4796,28,0,0.66667545
4797,10,1,0.73106974
4798,23,1,0.70288676
4799,17,1,0.7138609
4800,16,0,0.6074093
4801,10,1,0.5875438
4802,13,0,0.3915578
4803,21,1,0.40191704
4804,1,0,0.57599473
4805,24,1,0.5496092
4806,13,0,0.37203717
4807,28,0,0.34412384
4808,8,0,0.32057333
4809,16,1,0.57398057
4810,10,1,0.45047957
4811,10,1,0.6800926
4812,21,1,0.6734758
4813,19,1,0.6924357
4814,13,0,0.38673556
4815,18,0,0.43241873
4816,7,0,0.30480897
4817,4,1,0.6445593
4818,12,1,0.4038269
4819,17,0,0.48096994
4820,7,1,0.64608794
4821,22,0,0.36301303
4822,13,1,0.4696023
4823,3,0,0.32884446
4824,23,1,0.6415855
4825,2,0,0.3836942
4826,2,0,0.3039622
4827,3,0,0.5558293
4828,13,1,0.40696308
4829,20,0,0.4395501
4830,16,0,0.4924625
4831,19,0,0.40365842
4832,14,0,0.5376499
4833,18,1,0.69739527
4834,10,0,0.6117258
4835,8,1,0.6670517
4836,13,0,0.62919664
4837,4,1,0.602856
4838,7,1,0.6403499
4839,15,1,0.6993954
4840,8,1,0.31909433
4841,11,0,0.27340046
4842,1,0,0.4550479
4843,13,1,0.5032888
4844,10,0,0.48950398
4845,19,0,0.23715474
4846,22,1,0.7675179
4847,23,1,0.74372876
4848,28,1,0.3261126
4849,1,1,0.70508903
4850,15,0,0.4217502
4851,22,0,0.6370774
4852,10,0,0.27130225
4853,21,0,0.49198657
4854,13,1,0.8147948
4855,13,1,0.6839548
4856,12,1,0.76521593
4857,16,0,0.6515196
4858,1,0,0.26480648
4859,24,0,0.5531648
4860,8,1,0.70565367
4861,4,1,0.7677776
4862,28,1,0.5809017
4863,26,0,0.29816687
4864,18,1,0.60363454
4865,18,1,0.6385564
4866,9,0,0.2367702
4867,4,0,0.26511672
4868,2,1,0.5592126
4869,14,1,0.77381223
4870,19,0,0.5150459
4871,18,0,0.5862729
4872,22,1,0.5691528
4873,13,1,0.6623071
4874,15,0,0.36376938
4875,3,1,0.49666694
4876,2,1,0.74175763
4877,28,0,0.29302156
4878,2,0,0.5170101
4879,3,1,0.56351304
4880,26,0,0.45107725
4881,13,0,0.35265645
4882,6,1,0.45153597
4883,24,1,0.6664177
4884,22,0,0.46405706
4885,18,1,0.42719376
4886,13,1,0.64078605
4887,17,0,0.4091897
4888,17,0,0.29515398
4889,16,1,0.53586566
4890,15,0,0.70541126
4891,13,1,0.55356497
4892,12,1,0.48865846
4893,0,0,0.6312289
4894,4,0,0.37101337
4895,10,0,0.37432578
4896,15,1,0.4703074
4897,10,1,0.71277606
4898,2,0,0.47326934
4899,13,1,0.5050722
4900,18,0,0.25710362
4901,18,0,0.59551686
4902,16,0,0.58356714
4903,11,1,0.6202779
4904,3,1,0.56461674
4905,23,0,0.42121577
4906,25,0,0.52619845
4907,7,1,0.764415
4908,8,0,0.38317347
4909,25,0,0.39068624
4910,22,0,0.3609879
4911,15,0,0.38288495
4912,22,1,0.56193036
4913,2,0,0.5659117
4914,12,1,0.69307786
4915,19,0,0.48964742
4916,18,0,0.6719796
4917,5,0,0.36055642
4918,6,0,0.33312485
4919,2,0,0.42980263
4920,0,0,0.32340842
4921,27,1,0.6542024
4922,1,0,0.6981071
4923,28,0,0.38286042
4924,10,0,0.31319782
4925,16,0,0.43814942
4926,14,0,0.38970298
4927,9,1,0.48950958
4928,24,1,0.3946305
4929,25,0,0.28900787
4930,26,0,0.4984784
4931,22,0,0.5220843
4932,23,1,0.49005526
4933,11,1,0.5780796
4934,6,0,0.26834527
4935,10,1,0.7094727
4936,14,1,0.31641737
4937,28,1,0.44673082
4938,15,0,0.42951363
4939,6,1,0.47887146
4940,26,0,0.49566543
4941,23,1,0.76394874
4942,12,0,0.69319487
4943,3,0,0.73217833
4944,26,1,0.66153955
4945,2,0,0.28071564
4946,11,0,0.34866264
4947,15,1,0.5997637
4948,18,0,0.42241392
4949,27,1,0.6005754
4950,11,1,0.78297037
4951,5,0,0.4416831
4952,18,0,0.2765085
4953,19,1,0.8370435
4954,19,0,0.6358344
4955,11,1,0.44710422
4956,18,0,0.41385674
4957,23,0,0.4473618
4958,27,0,0.4308094
4959,22,0,0.28874302
4960,20,0,0.5998073
4961,21,1,0.33577946
4962,3,0,0.43898472
4963,11,1,0.5236441
4964,23,1,0.5074921
4965,10,0,0.4513422
4966,1,0,0.5082351
4967,25,1,0.30351606
4968,16,1,0.5117029
4969,11,0,0.6408419
4970,11,0,0.37093505
4971,10,1,0.7163751
4972,25,1,0.6246733
4973,4,0,0.29164547
4974,1,1,0.6673763
4975,4,0,0.37933862
4976,1,0,0.2879664
4977,16,1,0.71700925
4978,13,0,0.36800203
4979,4,0,0.39938563
4980,13,1,0.6505285
4981,20,1,0.31419367
4982,1,0,0.37729052
4983,17,0,0.65175307
4984,28,1,0.6075646
4985,16,1,0.33273992
4986,7,0,0.42998922
4987,7,1,0.2894187
4988,24,0,0.515043
4989,16,0,0.29104897
4990,21,1,0.6293376
4991,11,0,0.26401332
4992,11,1,0.5259329
4993,6,1,0.5389773
4994,8,0,0.35987726
4995,6,0,0.46505702
4996,25,0,0.2743928
4997,10,0,0.30271578
4998,4,0,0.2118657
4999,19,1,0.44338658
5000,27,0,0.35304523
5001,13,0,0.7190184
5002,11,1,0.5568206
5003,6,1,0.30698016
5004,13,1,0.7409581
5005,16,1,0.766174
5006,16,1,0.3031575
5007,27,1,0.70262927
5008,7,1,0.6575377
5009,8,0,0.6380433
5010,1,1,0.7586942
5011,9,0,0.70467645
5012,11,1,0.57203317
5013,18,0,0.60531956
5014,9,0,0.38898194
5015,21,1,0.76240706
5016,1,1,0.5496376
5017,12,0,0.29739487
5018,17,0,0.45594543
5019,3,1,0.56803584
5020,10,0,0.49071363
5021,7,1,0.66572976
5022,6,1,0.51165813
5023,10,1,0.4160162
5024,2,1,0.41270018
5025,2,0,0.525419
5026,26,0,0.6790163
5027,1,0,0.57841355
5028,10,1,0.49525094
5029,27,1,0.29635358
5030,9,1,0.7483609
5031,1,0,0.51878756
5032,0,0,0.39294073
5033,6,0,0.37420487
5034,1,1,0.7146476
5035,24,1,0.6295804
5036,16,0,0.4399348
5037,20,1,0.5211536
5038,14,0,0.7084559
5039,26,0,0.2585171
5040,16,1,0.43889958
5041,10,0,0.27222413
5042,19,1,0.6145532
5043,12,0,0.29593146
5044,23,0,0.58499193
5045,6,0,0.3443254
5046,22,0,0.5189889
5047,21,0,0.5596313
5048,21,1,0.3703004
5049,13,0,0.236278
5050,22,0,0.38862446
5051,16,0,0.3352441
5052,15,1,0.36040154
5053,13,0,0.50702167
5054,27,0,0.46448797
5055,22,1,0.6626377
5056,2,1,0.3810983
5057,9,1,0.83100396
5058,22,0,0.65675324
5059,0,1,0.62390107
5060,21,0,0.5575646
5061,1,1,0.3427989
5062,5,0,0.5906504
5063,13,1,0.37915674
5064,8,0,0.54001147
5065,11,0,0.37021074
5066,10,0,0.54275143
5067,16,0,0.5467093
5068,9,0,0.2790366
5069,15,0,0.26329607
5070,5,0,0.65322804
5071,16,0,0.5284224
5072,8,0,0.2696061
5073,22,1,0.46240216
5074,18,0,0.4735688
5075,22,1,0.65253645
5076,2,1,0.59140056
5077,17,1,0.77383107
5078,8,1,0.6603023
5079,9,1,0.38617682
5080,7,0,0.33730328
5081,28,0,0.7391197
5082,13,0,0.4127476
5083,23,0,0.7206743
5084,15,0,0.5377253
5085,27,1,0.3195357
5086,13,1,0.6673807
5087,26,0,0.635439
5088,13,1,0.55862343
5089,11,0,0.38926
5090,22,0,0.37479547
5091,21,0,0.6710807
5092,13,1,0.6462133
5093,19,1,0.6508019
5094,22,1,0.72689766
5095,3,0,0.46348727
5096,25,1,0.80112225
5097,14,1,0.64766484
5098,28,1,0.4891141
5099,26,0,0.282087
5100,1,1,0.31015024
5101,22,1,0.40950498
5102,7,1,0.5455026
5103,22,0,0.32646722
5104,1,0,0.5139572
5105,12,0,0.31504136
5106,1,1,0.5626093
5107,18,0,0.6683982
5108,26,0,0.33568004
5109,13,0,0.34156373
5110,16,1,0.483775
5111,11,1,0.45067462
5112,8,0,0.39580414
5113,2,1,0.3737802
5114,11,0,0.64625496
5115,2,1,0.7160421
5116,10,0,0.64102775
5117,22,0,0.37601942
5118,1,0,0.7197947
5119,1,1,0.6700504
5120,12,0,0.3860934
5121,1,0,0.34926826
5122,12,1,0.6362422
5123,27,0,0.76058906
5124,10,0,0.38595897
5125,21,1,0.6614908
5126,22,0,0.4208955
5127,21,0,0.7743025
5128,16,0,0.43463385
5129,28,1,0.32764876
5130,0,1,0.77050227
5131,27,1,0.69095933
5132,5,1,0.56145746
5133,1,0,0.5213401
5134,2,1,0.7781509
5135,26,1,0.72758627
5136,3,0,0.48162124
5137,10,0,0.31174356
5138,7,0,0.68896747
5139,3,0,0.6088545
5140,1,0,0.23183456
5141,14,1,0.519141
5142,27,1,0.7186106
5143,8,1,0.6999468
5144,16,1,0.7031886
5145,17,1,0.32918453
5146,26,0,0.3630667
5147,15,0,0.44716826
5148,20,0,0.34749395
5149,15,0,0.27414
5150,27,0,0.6280386
5151,2,0,0.37634617
5152,8,1,0.41020924
5153,11,1,0.5262156
5154,19,1,0.28680316
5155,27,1,0.6197915
5156,3,0,0.37389258
5157,13,0,0.7436701
5158,0,0,0.6577647
5159,5,1,0.39851937
5160,2,1,0.37563518
5161,8,1,0.5574274
5162,26,1,0.37676704
5163,16,1,0.6438563
5164,20,1,0.61916065
5165,16,1,0.5423809
5166,2,0,0.22433005
5167,27,1,0.61873275
5168,25,1,0.78427285
5169,2,0,0.53780204
5170,23,0,0.45863307
5171,19,1,0.82906663
5172,17,1,0.6947774
5173,27,0,0.45193437
5174,26,0,0.583417
5175,28,1,0.6779673
5176,18,1,0.7781165
5177,26,1,0.59920794
5178,18,0,0.30281717
5179,10,1,0.6404941
5180,13,0,0.37953943
5181,8,1,0.55533123
5182,9,0,0.5723006
5183,16,0,0.25115806
5184,13,1,0.54408365
5185,17,1,0.8190513
5186,12,0,0.27970397
5187,16,1,0.8101624
5188,23,0,0.60816306
5189,20,0,0.29478127
5190,2,0,0.35823566
5191,14,1,0.44735357
5192,8,0,0.2989911
5193,4,1,0.5505005
5194,4,1,0.42600477
5195,2,1,0.7468252
5196,6,0,0.46514097
5197,4,1,0.6025766
5198,3,0,0.29994458
5199,24,0,0.48597112
5200,2,1,0.7926298
5201,25,1,0.44446686
5202,8,0,0.27177224
5203,21,1,0.60496455
5204,15,1,0.61333054
5205,19,0,0.30897325
5206,19,0,0.6178942
5207,6,0,0.31411293
5208,16,0,0.5451231
5209,15,0,0.3536871
5210,14,1,0.72949505
5211,11,0,0.4147556
5212,13,1,0.6100247
5213,2,1,0.6398367
5214,15,1,0.31701386
5215,18,1,0.48508444
5216,15,1,0.72727823
5217,15,0,0.64393586
5218,16,1,0.35550112
5219,12,0,0.54832095
5220,4,0,0.4960837
5221,18,1,0.6564756
5222,16,1,0.594338
5223,28,0,0.4032354
5224,20,1,0.6091567
5225,6,1,0.5197821
5226,13,0,0.4868096
5227,13,0,0.74677736
5228,11,0,0.38232556
5229,16,0,0.50217336
5230,7,0,0.47809964
5231,10,1,0.3921239
5232,8,1,0.43834245
5233,15,0,0.51807356
5234,1,0,0.5472758
5235,11,1,0.64343774
5236,22,1,0.70551485
5237,17,0,0.24690583
5238,22,0,0.53033406
5239,2,1,0.48751828
5240,26,1,0.6512332
5241,15,0,0.649349
5242,9,1,0.6349822
5243,8,1,0.6141187
5244,18,0,0.45215347
5245,7,0,0.46690774
5246,27,0,0.6249612
5247,10,0,0.62304944
5248,18,0,0.29108307
5249,24,0,0.29177704
5250,22,0,0.67428917
5251,2,1,0.67652863
5252,13,0,0.28017884
5253,23,0,0.30209127
5254,26,1,0.39940876
5255,21,1,0.2535113
5256,13,0,0.33895245
5257,7,0,0.5339953
5258,11,0,0.3326625
5259,16,0,0.3129713
5260,22,1,0.6324295
5261,16,1,0.6645506
5262,1,0,0.44987208
5263,6,0,0.45995098
5264,12,0,0.468927
5265,23,1,0.59520835
5266,4,1,0.54401326
5267,25,1,0.4168712
5268,0,1,0.41979608
5269,10,1,0.3781987
5270,15,0,0.3170957
5271,15,0,0.5754586
5272,16,0,0.38390097
5273,12,1,0.48425153
5274,12,1,0.46073148
5275,15,0,0.35809997
5276,1,0,0.47805703
5277,18,0,0.39600515
5278,6,1,0.6657933
5279,22,1,0.4790641
5280,0,0,0.6367225
5281,10,1,0.6895599
5282,11,1,0.6301435
5283,15,1,0.516316
5284,20,0,0.3389559
5285,26,1,0.5084686
5286,13,0,0.26913646
5287,1,0,0.42485657
5288,16,1,0.66405797
5289,11,1,0.5328399
5290,25,0,0.31482306
5291,14,1,0.6402588
5292,15,1,0.6509857
5293,13,0,0.41333598
5294,13,0,0.33721635
5295,6,0,0.38941717
5296,9,1,0.5160829
5297,3,1,0.44463494
5298,18,0,0.3990449
5299,0,0,0.24262343
5300,14,1,0.55304086
5301,6,1,0.5783948
5302,10,0,0.67315906
5303,11,0,0.4735086
5304,18,0,0.3216638
5305,1,1,0.46133032
5306,27,0,0.6191932
5307,14,0,0.39142334
5308,27,1,0.2894925
5309,3,1,0.7074957
5310,17,0,0.32835314
5311,16,1,0.38016543
5312,25,0,0.3684474
5313,6,0,0.595172
5314,8,0,0.33111513
5315,10,0,0.77994585
5316,6,0,0.5546025
5317,2,0,0.3934656
5318,2,1,0.48563913
5319,23,1,0.80875546
5320,26,0,0.52831286
5321,3,1,0.3451243
5322,6,1,0.7382495
5323,3,1,0.53524727
5324,26,0,0.29158118
5325,15,0,0.25362107
5326,18,1,0.471055
5327,13,0,0.5950165
5328,10,1,0.65179837
5329,3,1,0.81584054
5330,10,0,0.29326522
5331,15,0,0.2514225
5332,1,1,0.536771
5333,16,1,0.5950803
5334,8,0,0.42572302
5335,13,1,0.71712804
5336,26,0,0.6322963
5337,25,0,0.36064094
5338,16,0,0.6598163
5339,1,1,0.3139472
5340,26,0,0.28316143
5341,27,0,0.5234009
5342,2,0,0.6627719
5343,2,0,0.44618434
5344,28,0,0.359067
5345,11,0,0.26643556
5346,1,0,0.33851853
5347,12,1,0.68017393
5348,8,0,0.51790005
5349,7,1,0.5188033
5350,28,0,0.5061976
5351,12,1,0.8121584
5352,26,0,0.478332
5353,2,1,0.67144984
5354,25,1,0.7797533
5355,18,1,0.7073728
5356,10,0,0.44839212
5357,13,1,0.253292
5358,1,0,0.4661581
5359,2,1,0.4617476
5360,16,1,0.23280281
5361,2,1,0.45429587
5362,15,1,0.4707955
5363,18,1,0.40977776
5364,18,1,0.46982738
5365,16,0,0.54975706
5366,19,0,0.5969997
5367,25,1,0.47721654
5368,11,1,0.5371019
5369,13,0,0.35847756
5370,3,0,0.47179496
5371,25,0,0.2822305
5372,6,1,0.43326595
5373,20,0,0.6090082
5374,19,1,0.46233457
5375,28,1,0.5901901
5376,6,0,0.2530266
5377,27,1,0.7365379
5378,13,0,0.4398379
5379,16,1,0.42446756
5380,9,0,0.3469284
5381,28,0,0.3172932
5382,6,1,0.4012866
5383,3,1,0.63576233
5384,4,1,0.6105186
5385,11,0,0.4653541
5386,25,0,0.43893427
5387,15,0,0.32764298
5388,2,1,0.418216
5389,6,1,0.75712204
5390,20,1,0.611657
5391,10,0,0.2796347
5392,18,0,0.3037335
5393,15,0,0.4596681
5394,1,0,0.41768047
5395,25,1,0.7306108
5396,28,1,0.63789225
5397,17,1,0.48397523
5398,8,1,0.48611605
5399,3,0,0.26342228
5400,2,1,0.4715413
5401,16,0,0.49779487
5402,12,0,0.4067603
5403,1,1,0.3900404
5404,20,0,0.58354455
5405,11,0,0.32933417
5406,9,1,0.30998027
5407,15,0,0.3507603
5408,15,1,0.4866831
5409,19,0,0.493673
5410,18,1,0.68142694
5411,12,0,0.45077455
5412,2,1,0.6559641
5413,28,1,0.5997933
5414,14,1,0.57425636
5415,4,0,0.38905352
5416,4,0,0.3062036
5417,2,0,0.32187667
5418,18,0,0.36429438
5419,20,1,0.69508153
5420,18,0,0.57365733
5421,2,1,0.6364292
5422,16,1,0.74425244
5423,20,1,0.514246
5424,16,1,0.49706286
5425,16,0,0.57501537
5426,5,1,0.59149426
5427,15,1,0.4887126
5428,27,0,0.6180497
5429,13,1,0.5228401
5430,3,1,0.440923
5431,15,1,0.66171247
5432,2,1,0.60070205
5433,16,1,0.30621862
5434,13,1,0.46783587
5435,17,1,0.3684512
5436,8,1,0.6281672
5437,20,0,0.30059463
5438,4,1,0.31415302
5439,22,0,0.5425018
5440,6,1,0.7188244
5441,14,1,0.7902386
5442,22,0,0.5435139
5443,20,0,0.7069912
5444,0,1,0.65617234
5445,16,0,0.39832723
5446,8,0,0.36943004
5447,1,0,0.60570604
5448,9,0,0.3191226
5449,2,0,0.47894573
5450,10,1,0.773414
5451,9,1,0.6272292
5452,15,0,0.4960752
5453,1,0,0.39377767
5454,17,1,0.5712187
5455,18,0,0.36926
5456,1,0,0.2799116
5457,1,1,0.773632
5458,15,1,0.65766376
5459,0,1,0.6582635
5460,26,0,0.5935111
5461,14,1,0.46124393
5462,20,1,0.46943447
5463,0,0,0.69004816
5464,10,1,0.41908625
5465,4,0,0.36428443
5466,6,0,0.67219853
5467,1,1,0.44034207
5468,20,0,0.7463156
5469,15,0,0.2898014
5470,20,0,0.3584024
5471,15,1,0.66722494
5472,5,1,0.4238929
5473,10,0,0.32437393
5474,15,1,0.7458752
5475,13,1,0.6808061
5476,11,0,0.4366674
5477,1,1,0.6056118
5478,1,0,0.29662013
5479,16,0,0.5333545
5480,13,0,0.34605217
5481,13,1,0.8067502
5482,2,1,0.5092978
5483,6,1,0.4459223
5484,3,0,0.52745116
5485,7,1,0.5893367
5486,26,0,0.29480296
5487,8,0,0.418207
5488,24,0,0.44843596
5489,6,0,0.55744255
5490,12,1,0.45862114
5491,25,0,0.3144791
5492,12,1,0.77490175
5493,15,0,0.6688018
5494,12,1,0.7175238
5495,25,1,0.5817134
5496,16,1,0.45782948
5497,23,1,0.7263773
5498,17,1,0.42730263
5499,12,1,0.6518495
5500,25,1,0.49382684
5501,3,1,0.63353366
5502,20,0,0.5800157
5503,1,1,0.4514202
5504,2,1,0.6432576
5505,22,0,0.23960239
5506,16,1,0.52350724
5507,21,1,0.42829192
5508,18,1,0.6043002
5509,11,1,0.41592297
5510,12,0,0.5335041
5511,7,0,0.28891534
5512,8,1,0.7294394
5513,1,1,0.31687227
5514,28,0,0.3870668
5515,25,0,0.5155953
5516,6,1,0.5792939
5517,3,1,0.76912165
5518,22,1,0.29530802
5519,6,1,0.63948345
5520,25,0,0.51139784
5521,3,0,0.2575391
5522,12,0,0.7287103
5523,10,1,0.6004957
5524,15,0,0.45883897
5525,1,1,0.21135174
5526,16,1,0.5879259
5527,20,1,0.55755985
5528,20,1,0.6153289
5529,16,0,0.53265697
5530,1,1,0.5769763
5531,16,1,0.44433868
5532,15,0,0.43941987
5533,12,1,0.32988277
5534,7,0,0.44131124
5535,23,1,0.3510872
5536,26,0,0.2958409
5537,11,1,0.342437
5538,25,0,0.6254149
5539,16,1,0.6888066
5540,6,0,0.3386215
5541,0,0,0.3191658
5542,13,0,0.4821499
5543,28,1,0.7221621
5544,13,0,0.7534606
5545,20,0,0.29118803
5546,10,0,0.29500604
5547,27,0,0.49734306
5548,20,1,0.7682987
5549,10,1,0.6563734
5550,15,1,0.32857713
5551,23,0,0.6887817
5552,19,0,0.3288476
5553,25,0,0.3616534
5554,13,1,0.7267805
5555,1,1,0.28466764
5556,14,1,0.51005197
5557,16,1,0.30957273
5558,20,0,0.42094243
5559,13,0,0.7729274
5560,16,1,0.5566072
5561,14,1,0.5227997
5562,26,1,0.65909034
5563,4,1,0.35072875
5564,15,0,0.523764
5565,11,1,0.4825262
5566,22,1,0.33543178
5567,9,0,0.37634483
5568,22,1,0.86266285
5569,7,0,0.43784603
5570,15,1,0.55571645
5571,13,1,0.72333616
5572,3,0,0.6380494
5573,13,0,0.6617646
5574,2,0,0.4247266
5575,21,0,0.37023374
5576,13,0,0.30697605
5577,5,0,0.73346204
5578,17,1,0.49736926
5579,8,0,0.31073314
5580,8,0,0.45537785
5581,0,1,0.44505572
5582,27,0,0.25101784
5583,21,0,0.40138203
5584,11,0,0.28193378
5585,22,1,0.6151329
5586,11,1,0.43477878
5587,22,0,0.4727672
5588,25,1,0.41896218
5589,17,0,0.29652545
5590,13,0,0.34170586
5591,15,0,0.3702376
5592,15,0,0.7622197
5593,11,0,0.4503324
5594,8,1,0.41631255
5595,16,1,0.4550178
5596,24,1,0.6491533
5597,23,1,0.5073992
5598,4,1,0.8255117
5599,27,0,0.41186967
5600,2,0,0.7013877
5601,14,1,0.46548936
5602,21,0,0.30546576
5603,25,1,0.7820492
5604,4,0,0.36502156
5605,11,0,0.48039332
5606,10,1,0.4249366
5607,16,0,0.7283898
5608,9,1,0.5193259
5609,16,0,0.55594945
5610,28,0,0.3025909
5611,1,0,0.30340558
5612,26,0,0.30774137
5613,6,1,0.7345021
5614,10,1,0.550445
5615,12,0,0.36891207
5616,5,1,0.45163986
5617,18,0,0.25281775
5618,12,0,0.45545325
5619,16,1,0.4473847
5620,25,1,0.3140885
5621,16,0,0.38151014
5622,22,0,0.58504796
5623,16,1,0.49809477
5624,26,0,0.37942925
5625,7,0,0.52746534
5626,10,1,0.5547046
5627,20,1,0.7036334
5628,18,1,0.5738467
5629,19,0,0.31860697
5630,27,1,0.5044652
5631,10,1,0.65640277
5632,6,0,0.37926173
5633,17,0,0.5612176
5634,26,1,0.5065987
5635,19,1,0.6334622
5636,20,0,0.49879792
5637,28,0,0.629556
5638,1,0,0.27175236
5639,28,1,0.53625906
5640,9,0,0.62623537
5641,20,0,0.27342284
5642,16,0,0.7795714
5643,12,1,0.6497944
5644,9,0,0.5873567
5645,11,0,0.5572043
5646,7,0,0.49065816
5647,24,0,0.680741
5648,3,0,0.2733609
5649,2,1,0.6624428
5650,16,1,0.5728257
5651,24,0,0.6508364
5652,17,1,0.7824195
5653,15,1,0.8382374
5654,16,1,0.39598808
5655,1,0,0.44680402
5656,8,0,0.37686446
5657,22,0,0.3316217
5658,2,0,0.3570095
5659,15,1,0.42321235
5660,5,0,0.36484215
5661,8,1,0.28532425
5662,25,0,0.32759324
5663,11,0,0.38148847
5664,11,0,0.34565753
5665,2,1,0.64652485
5666,11,1,0.68864703
5667,22,0,0.5700047
5668,15,1,0.48779598
5669,5,0,0.7542746
5670,0,1,0.45886317
5671,9,1,0.63864
5672,22,1,0.51322335
5673,11,0,0.3631691
5674,14,0,0.36813486
5675,4,0,0.44257495
5676,12,1,0.815356
5677,28,1,0.27606422
5678,15,0,0.43543193
5679,17,0,0.7219868
5680,23,1,0.4781591
5681,0,1,0.5672956
5682,9,1,0.48965323
5683,10,0,0.40989602
5684,3,1,0.815598
5685,10,1,0.29641894
5686,12,0,0.34665376
5687,13,1,0.5139148
5688,3,1,0.72770566
5689,26,1,0.50072885
5690,8,1,0.5779983
5691,25,0,0.44916224
5692,25,1,0.5493979
5693,2,1,0.66087955
5694,16,1,0.3464159
5695,10,1,0.5932125
5696,19,0,0.5404607
5697,25,1,0.65671337
5698,25,0,0.26470643
5699,5,0,0.4369153
5700,3,0,0.3264582
5701,28,1,0.49656326
5702,13,1,0.37515292
5703,0,1,0.57123977
5704,4,1,0.755473
5705,13,0,0.3100016
5706,20,0,0.28792796
5707,23,0,0.32178268
5708,16,1,0.3125117
5709,13,1,0.79723215
5710,20,0,0.49905652
5711,23,1,0.27948725
5712,27,1,0.8168701
5713,16,0,0.5317826
5714,6,0,0.37469766
5715,11,1,0.7986981
5716,13,0,0.61501265
5717,23,1,0.596695
5718,18,0,0.410154
5719,20,0,0.5193482
5720,25,0,0.52517563
5721,17,0,0.27827004
5722,10,0,0.3410487
5723,16,1,0.6757136
5724,1,0,0.28713405
5725,21,0,0.48083958
5726,14,0,0.43320087
5727,13,1,0.3889247
5728,13,1,0.6425348
5729,28,1,0.62319404
5730,24,0,0.6245488
5731,25,0,0.6841914
5732,7,1,0.5464379
5733,11,1,0.5426428
5734,25,1,0.6821837
5735,2,1,0.5793937
5736,17,0,0.32112667
5737,26,0,0.4784428
5738,18,0,0.459361
5739,25,1,0.8215379
5740,2,0,0.28413537
5741,11,1,0.59206486
5742,12,1,0.48915723
5743,14,0,0.36610487
5744,25,1,0.68899786
5745,8,0,0.31264925
5746,25,0,0.40717208
5747,5,1,0.67344916
5748,11,1,0.6670516
5749,28,0,0.6630816
5750,9,1,0.41960093
5751,23,0,0.5770728
5752,2,1,0.7647307
5753,8,0,0.3192982
5754,13,1,0.6637041
5755,27,0,0.33487236
5756,12,1,0.64426225
5757,27,0,0.4080673
5758,2,1,0.43821374
5759,3,1,0.35604706
5760,10,0,0.5215407
5761,2,0,0.323491
5762,13,1,0.32330382
5763,17,0,0.44169036
5764,12,1,0.45821816
5765,15,1,0.5619263
5766,15,1,0.5912535
5767,14,0,0.3023413
5768,26,1,0.6584665
5769,23,0,0.5517299
5770,6,1,0.33242878
5771,15,0,0.5967348
5772,23,0,0.34500492
5773,27,0,0.44933122
5774,26,1,0.6140397
5775,6,1,0.7544927
5776,16,1,0.41639042
5777,7,0,0.46707094
5778,11,1,0.7685014
5779,20,1,0.4943026
5780,4,1,0.6071847
5781,27,1,0.30638894
5782,26,1,0.6695874
5783,15,1,0.41017377
5784,0,1,0.65950024
5785,8,1,0.5726987
5786,10,0,0.54849255
5787,5,1,0.73749864
5788,24,1,0.5746747
5789,12,1,0.40168443
5790,2,0,0.40717033
5791,13,1,0.53567374
5792,14,0,0.3121141
5793,15,0,0.2578901
5794,3,0,0.6362698
5795,11,0,0.2708268
5796,16,1,0.27503857
5797,23,0,0.50686604
5798,1,1,0.7103473
5799,4,0,0.34199372
5800,6,1,0.55109316
5801,18,1,0.60728574
5802,22,1,0.38195643
5803,25,1,0.3619658
5804,15,0,0.45552394
5805,25,0,0.40710407
5806,8,0,0.34793735
5807,25,0,0.3767427
5808,5,1,0.33397305
5809,2,1,0.6797513
5810,2,1,0.46815702
5811,13,1,0.601501
5812,23,1,0.36516914
5813,9,1,0.71328306
5814,15,1,0.73649013
5815,10,1,0.55217934
5816,13,1,0.52864254
5817,1,0,0.53905714
5818,19,1,0.6002552
5819,11,1,0.7193887
5820,25,1,0.54738724
5821,25,1,0.35549533
5822,26,0,0.5168263
5823,8,0,0.44732752
5824,10,1,0.45817465
5825,16,1,0.81595695
5826,27,1,0.56334084
5827,8,0,0.47072852
5828,25,0,0.4598118
5829,22,0,0.44356138
5830,16,1,0.33671746
5831,20,0,0.29694128
5832,4,0,0.6435293
5833,8,0,0.28193322
5834,9,1,0.48821893
5835,2,0,0.41996044
5836,26,1,0.692061
5837,28,0,0.5249297
5838,7,0,0.35242188
5839,13,1,0.5926853
5840,12,1,0.6193988
5841,6,0,0.3254817
5842,12,1,0.5289476
5843,19,1,0.6536773
5844,6,1,0.66368216
5845,16,1,0.47909135
5846,21,1,0.37945685
5847,22,0,0.30865303
5848,3,1,0.5530166
5849,0,0,0.6641698
5850,28,1,0.31632483
5851,22,0,0.62806875
5852,27,1,0.68009794
5853,8,0,0.4680474
5854,27,0,0.2872807
5855,25,0,0.43699515
5856,13,1,0.7894493
5857,25,1,0.47362408
5858,2,0,0.31660065
5859,10,0,0.30354396
5860,15,0,0.7003649
5861,6,1,0.2816692
5862,27,1,0.732034
5863,9,0,0.6670128
5864,12,0,0.61011785
5865,7,1,0.2666603
5866,12,1,0.5181917
5867,25,1,0.55430585
5868,9,0,0.3962713
5869,1,1,0.6566758
5870,11,1,0.81576854
5871,13,1,0.5254371
5872,25,1,0.6246743
5873,18,1,0.7036542
5874,2,0,0.38753057
5875,2,1,0.5303091
5876,16,1,0.3412142
5877,11,0,0.33525375
5878,25,0,0.461851
5879,0,1,0.5081589
5880,13,1,0.3984744
5881,15,0,0.44299528
5882,23,1,0.82440245
5883,23,1,0.70257103
5884,8,1,0.5931228
5885,23,0,0.70793194
5886,13,1,0.46942943
5887,10,1,0.32443377
5888,21,0,0.54482514
5889,14,1,0.8133649
5890,9,0,0.31654686
5891,25,0,0.66577876
5892,16,1,0.6390673
5893,27,0,0.56897056
5894,10,1,0.2713009
5895,1,1,0.61157346
5896,13,0,0.28835264
5897,4,0,0.67344785
5898,2,1,0.42322144
5899,16,0,0.43981272
5900,8,1,0.64266485
5901,13,1,0.5517344
5902,24,1,0.53516394
5903,9,0,0.29715633
5904,16,0,0.35273844
5905,8,0,0.41063958
5906,21,1,0.5479105
5907,15,1,0.6460095
5908,0,1,0.6495996
5909,20,0,0.46723905
5910,2,1,0.7239227
5911,11,1,0.66269153
5912,9,0,0.5057046
5913,5,0,0.66731685
5914,24,0,0.4183675
5915,26,1,0.5251996
5916,25,0,0.26927766
5917,2,1,0.32899535
5918,27,1,0.7232995
5919,7,0,0.3674977
5920,28,0,0.44802517
5921,11,0,0.3688878
5922,15,0,0.29768032
5923,28,0,0.2691086
5924,22,0,0.34464025
5925,26,1,0.7044334
5926,4,0,0.56086016
5927,0,1,0.6626842
5928,8,0,0.34752905
5929,17,1,0.5546617
5930,8,1,0.4447257
5931,0,0,0.48654783
5932,14,1,0.64889234
5933,10,1,0.3715256
5934,27,1,0.50452614
5935,3,0,0.23374586
5936,11,1,0.681055
5937,10,1,0.76498437
5938,8,0,0.25504237
5939,7,1,0.6825632
5940,3,0,0.34002984
5941,10,0,0.5191067
5942,13,0,0.6053768
5943,13,1,0.60146195
5944,27,1,0.5815747
5945,6,1,0.4799348
5946,3,0,0.6474944
5947,5,1,0.515909
5948,1,1,0.3088044
5949,16,0,0.6904903
5950,17,1,0.31238848
5951,26,1,0.4821517
5952,21,1,0.64929295
5953,4,0,0.60255843
5954,9,1,0.636936
5955,8,1,0.6101191
5956,21,1,0.50041455
5957,11,1,0.60826373
5958,16,0,0.35983354
5959,2,0,0.5906496
5960,18,1,0.35987306
5961,23,0,0.405572
5962,26,0,0.67725354
5963,6,1,0.8056692
5964,5,1,0.67883474
5965,11,0,0.37358955
5966,15,1,0.3373101
5967,28,0,0.52310103
5968,8,1,0.76515996
5969,17,0,0.43595147
5970,18,0,0.38446823
5971,15,0,0.2947653
5972,2,0,0.21715137
5973,18,0,0.6056932
5974,24,1,0.7878691
5975,25,0,0.29142877
5976,27,0,0.27888995
5977,28,1,0.34424025
5978,7,0,0.3050446
5979,10,0,0.6210922
5980,10,0,0.47433946
5981,28,1,0.4642157
5982,23,1,0.31488532
5983,7,1,0.64911914
5984,9,1,0.7541542
5985,15,0,0.41948608
5986,6,0,0.4822752
5987,1,0,0.46572557
5988,18,1,0.5875055
5989,20,1,0.3189787
5990,22,1,0.8216038
5991,1,1,0.539318
5992,22,0,0.27279654
5993,12,1,0.6983386
5994,17,0,0.31325042
5995,11,0,0.27943113
5996,24,0,0.58367336
5997,15,1,0.45473158
5998,12,0,0.7241372
5999,28,0,0.36501518
6000,25,0,0.3467976
6001,20,0,0.4900746
6002,2,0,0.52405936
6003,26,1,0.67163086
6004,22,1,0.61357504
6005,26,0,0.55443615
6006,3,1,0.39501664
6007,2,1,0.79354954
6008,11,1,0.3373913
6009,18,0,0.5056727
6010,9,1,0.82543737
6011,15,1,0.4729888
6012,12,1,0.30395323
6013,2,1,0.75908047
6014,21,0,0.49801946
6015,15,1,0.4135362
6016,15,1,0.35369474
6017,9,1,0.32943025
6018,28,1,0.81825083
6019,10,1,0.45972377
6020,13,0,0.54138994
6021,19,1,0.7716423
6022,14,0,0.39830956
6023,26,0,0.3021461
6024,21,0,0.45955116
6025,17,0,0.2978479
6026,28,0,0.5323472
6027,28,0,0.39424604
6028,1,0,0.6645393
6029,0,0,0.33629042
6030,9,1,0.4874802
6031,7,0,0.2602442
6032,0,0,0.28784463
6033,18,1,0.60669494
6034,23,1,0.7925868
6035,8,0,0.72640926
6036,15,0,0.58452195
6037,13,1,0.6036107
6038,10,0,0.31308803
6039,16,0,0.33534226
6040,24,1,0.37566963
6041,1,1,0.44269845
6042,12,1,0.7907279
6043,1,0,0.3864596
6044,6,0,0.34034657
6045,16,1,0.66883785
6046,17,1,0.50523067
6047,11,1,0.34274012
6048,9,1,0.4509278
6049,16,0,0.31602255
6050,14,1,0.7545322
6051,28,1,0.30040106
6052,24,1,0.47288424
6053,1,1,0.37745586
6054,2,0,0.33279282
6055,18,0,0.27563897
6056,21,0,0.30040693
6057,11,0,0.29882687
6058,25,0,0.3371897
6059,17,0,0.36814663
6060,1,0,0.29382524
6061,9,0,0.60018283
6062,23,1,0.35129666
6063,6,1,0.5944885
6064,27,1,0.81700796
6065,13,0,0.477738
6066,16,0,0.38666382
6067,19,0,0.30573776
6068,28,1,0.47576088
6069,7,0,0.3131688
6070,11,0,0.44278523
6071,3,1,0.6749349
6072,3,0,0.83517826
6073,8,0,0.83559394
6074,10,0,0.30377722
6075,2,0,0.49667844
6076,21,0,0.3031203
6077,4,0,0.30661836
6078,22,1,0.6227653
6079,18,1,0.6133338
6080,11,0,0.5601921
6081,23,1,0.8468161
6082,12,0,0.28053442
6083,25,1,0.6199595
6084,10,1,0.6077758
6085,3,0,0.4077462
6086,13,0,0.55208486
6087,21,0,0.4487048
6088,25,0,0.52133083
6089,15,1,0.7696677
6090,8,0,0.3077949
6091,16,1,0.62748194
6092,1,0,0.5615342
6093,15,1,0.4751121
6094,10,0,0.32330623
6095,22,0,0.23198353
6096,6,1,0.6386809
6097,16,1,0.35700458
6098,4,1,0.66321224
6099,19,1,0.70304114
6100,13,0,0.50595766
6101,1,1,0.51249826
6102,12,0,0.4159155
6103,20,1,0.4848977
6104,8,1,0.82316726
6105,19,0,0.2900027
6106,6,0,0.3641258
6107,4,1,0.3265964
6108,8,0,0.33156285
6109,14,0,0.42853323
6110,11,1,0.670304
6111,10,1,0.30658937
6112,2,1,0.6481132
6113,0,0,0.45040426
6114,4,0,0.40869638
6115,7,0,0.27307126
6116,2,0,0.4633584
6117,22,0,0.3630295
6118,19,1,0.5911798
6119,15,1,0.44435197
6120,6,1,0.67269236
6121,2,1,0.5482595
6122,27,0,0.5721714
6123,7,1,0.5961566
6124,3,0,0.59311676
6125,13,1,0.64840794
6126,11,0,0.3526836
6127,1,1,0.34993675
6128,20,1,0.42049
6129,7,0,0.30639416
6130,3,0,0.7502874
6131,20,0,0.31066582
6132,12,0,0.4052124
6133,7,1,0.7148038
6134,13,1,0.5292557
6135,16,1,0.68085283
6136,2,0,0.5897961
6137,1,1,0.48566985
6138,28,1,0.38322124
6139,22,1,0.57333857
6140,0,1,0.48740554
6141,6,0,0.29090822
6142,12,0,0.33155775
6143,10,1,0.72495496
6144,13,1,0.6180785
6145,5,0,0.30025542
6146,10,0,0.4077856
6147,8,1,0.694865
6148,13,1,0.4798035
6149,3,0,0.47430867
6150,2,0,0.44226858
6151,17,1,0.82169765
6152,11,1,0.4306152
6153,13,1,0.38153526
6154,5,1,0.3237664
6155,17,1,0.48383525
6156,3,1,0.72277004
6157,20,1,0.72925
6158,5,0,0.32617834
6159,26,1,0.5216047
6160,3,1,0.65015846
6161,26,0,0.30971476
6162,19,1,0.68567604
6163,6,0,0.49730745
6164,16,1,0.59296113
6165,26,1,0.5333704
6166,28,1,0.5029532
6167,28,0,0.5341001
6168,17,1,0.547212
6169,24,1,0.61176294
6170,10,0,0.43850163
6171,11,1,0.29612455
6172,2,0,0.36265683
6173,16,0,0.3183282
6174,20,0,0.31950274
6175,20,0,0.69030917
6176,10,0,0.36095828
6177,27,0,0.30044347
6178,8,1,0.7782888
6179,15,1,0.7672204
6180,20,1,0.59438574
6181,22,0,0.36456987
6182,10,1,0.33381674
6183,3,0,0.46152574
6184,28,1,0.4975719
6185,8,0,0.6921636
6186,26,1,0.80542326
6187,13,0,0.56567544
6188,25,1,0.587915
6189,2,0,0.45518732
6190,17,1,0.7516259
6191,16,1,0.30465648
6192,16,1,0.5988306
6193,17,0,0.642166
6194,18,1,0.31138206
6195,8,0,0.45568347
6196,7,0,0.6739489
6197,16,1,0.49487743
6198,17,0,0.38925272
6199,2,0,0.48431584
6200,6,0,0.568093
6201,26,1,0.72717077
6202,14,0,0.44555318
6203,15,0,0.5835604
6204,25,1,0.49845088
6205,2,0,0.7769444
6206,12,1,0.38047707
6207,3,1,0.5414715
6208,28,0,0.2599687
6209,13,1,0.7698348
6210,26,0,0.2644649
6211,7,0,0.65912694
6212,7,1,0.3005184
6213,26,1,0.41737625
6214,14,1,0.33155784
6215,24,1,0.6017939
6216,9,0,0.43898323
6217,15,1,0.6091011
6218,1,1,0.37529933
6219,6,1,0.63560265
6220,22,0,0.4357722
6221,14,0,0.3319484
6222,13,1,0.5238949
6223,11,1,0.6739473
6224,16,1,0.75158226
6225,25,0,0.3777283
6226,23,1,0.658687
6227,28,0,0.365526
6228,0,0,0.33953732
6229,2,1,0.7675347
6230,13,0,0.28196096
6231,7,1,0.5618458
6232,16,0,0.28268704
6233,11,1,0.6873562
6234,5,1,0.46117622
6235,2,1,0.703569
6236,8,0,0.31584793
6237,13,0,0.34445605
6238,23,0,0.50521874
6239,7,1,0.4428616
6240,22,0,0.5472033
6241,4,1,0.6288494
6242,22,0,0.31944576
6243,7,0,0.23736833
6244,6,0,0.4715752
6245,12,0,0.66491777
6246,26,0,0.5325498
6247,25,0,0.42660755
6248,15,0,0.47348484
6249,28,0,0.3488253
6250,21,0,0.36591017
6251,1,1,0.38919428
6252,16,0,0.5271592
6253,12,1,0.31246078
6254,20,1,0.24574438
6255,6,0,0.22865482
6256,3,0,0.2632606
6257,14,1,0.6304269
6258,14,1,0.66987354
6259,16,0,0.7322786
6260,8,1,0.6357791
6261,3,1,0.3535029
6262,16,0,0.4910942
6263,24,1,0.5842959
6264,4,1,0.33388492
6265,18,0,0.5704419
6266,2,0,0.40622336
6267,25,1,0.47871044
6268,16,1,0.5411116
6269,20,1,0.65733474
6270,1,0,0.43516704
6271,3,0,0.41553348
6272,4,0,0.27543455
6273,21,1,0.6481251
6274,16,0,0.61497605
6275,23,1,0.5729523
6276,21,1,0.554244
6277,17,1,0.284592
6278,22,0,0.53739315
6279,16,0,0.52450943
6280,28,0,0.57143915
6281,3,1,0.4875958
6282,11,1,0.3090139
6283,25,1,0.3015511
6284,25,1,0.7619102
6285,13,1,0.79482764
6286,15,1,0.618475
6287,2,1,0.4229153
6288,28,0,0.2296753
6289,12,1,0.32737786
6290,8,1,0.49168313
6291,3,1,0.6432582
6292,28,0,0.4268195
6293,25,0,0.3062854
6294,13,1,0.6283489
6295,17,0,0.34650183
6296,0,1,0.51976496
6297,24,0,0.33723247
6298,22,1,0.442794
6299,15,0,0.32268468
6300,12,1,0.398644
6301,16,0,0.31399968
6302,7,0,0.36876613
6303,0,1,0.77547526
6304,5,0,0.3253272
6305,0,0,0.329733
6306,17,1,0.56193936
6307,11,1,0.59106505
6308,26,0,0.26649478
6309,1,0,0.59466755
6310,13,0,0.40376356
6311,17,1,0.63720655
6312,12,1,0.71376175
6313,4,0,0.6992976
6314,0,1,0.4014428
6315,19,1,0.43519047
6316,26,0,0.5231363
6317,3,1,0.29351795
6318,17,0,0.30285388
6319,16,1,0.72232467
6320,11,1,0.57731026
6321,10,0,0.26035595
6322,9,1,0.62220824
6323,12,0,0.28850263
6324,1,1,0.31796357
6325,17,0,0.26728636
6326,4,0,0.37569454
6327,22,0,0.61125433
6328,25,1,0.48825777
6329,7,0,0.22254296
6330,26,1,0.8210587
6331,16,1,0.44070736
6332,20,1,0.4440727
6333,18,1,0.60408515
6334,19,0,0.41189268
6335,10,1,0.64147764
6336,26,0,0.6594045
6337,23,1,0.47949326
6338,2,0,0.38280338
6339,16,1,0.65362006
6340,26,1,0.7211252
6341,12,1,0.6822425
6342,10,1,0.7628716
6343,12,0,0.33983517
6344,27,1,0.49940526
6345,13,1,0.45176342
6346,19,1,0.7405647
6347,13,0,0.3288452
6348,1,1,0.3164154
6349,8,0,0.46588272
6350,9,1,0.6205102
6351,22,0,0.3054833
6352,22,1,0.78671217
6353,13,0,0.82031286
6354,8,1,0.71658456
6355,27,1,0.3910982
6356,20,1,0.66812044
6357,1,0,0.44573566
6358,11,1,0.5712793
6359,23,1,0.82036424
6360,1,1,0.53777385
6361,17,1,0.3948567
6362,13,1,0.34793058
6363,28,1,0.7795596
6364,12,1,0.36918637
6365,10,0,0.57705617
6366,4,1,0.69145787
6367,27,0,0.3007613
6368,26,0,0.3954975
6369,15,0,0.29749987
6370,3,1,0.33862957
6371,19,0,0.6247018
6372,18,0,0.38642356
6373,2,1,0.6182388
6374,26,1,0.517321
6375,10,1,0.6761204
6376,25,0,0.59549904
6377,28,0,0.2742994
6378,28,0,0.29362327
6379,5,1,0.4096905
6380,8,1,0.34650964
6381,1,1,0.69042987
6382,6,0,0.59595394
6383,7,0,0.39941537
6384,13,1,0.5221687
6385,10,1,0.60969085
6386,6,1,0.6286883
6387,27,0,0.2555214
6388,4,1,0.36513907
6389,6,0,0.3960126
6390,8,0,0.37885177
6391,27,0,0.6203553
6392,8,1,0.45252392
6393,2,0,0.36139742
6394,11,1,0.45673326
6395,16,1,0.67073447
6396,24,0,0.4813372
6397,13,1,0.37052357
6398,8,0,0.57220286
6399,3,0,0.32652193
6400,7,1,0.66989315
6401,2,0,0.3153346
6402,10,1,0.5306225
6403,21,1,0.6461343
6404,1,1,0.32607198
6405,20,1,0.392761
6406,25,0,0.7270894
6407,1,1,0.57545114
6408,13,0,0.5692146
6409,19,1,0.54433495
6410,4,0,0.3243828
6411,27,0,0.25441596
6412,15,1,0.6607137
6413,14,1,0.72785413
6414,13,0,0.5263644
6415,1,0,0.5253547
6416,25,1,0.69144034
6417,26,1,0.5523176
6418,13,1,0.7624653
6419,0,1,0.581636
6420,3,1,0.48479593
6421,18,1,0.6101221
6422,3,1,0.6247622
6423,15,0,0.37444454
6424,2,0,0.37594083
6425,11,1,0.58595663
6426,9,1,0.59335613
6427,2,0,0.26436946
6428,22,0,0.24900341
6429,18,0,0.551888
6430,28,0,0.29379177
6431,16,1,0.37026858
6432,22,1,0.70594895
6433,2,0,0.28454214
6434,18,1,0.76766604
6435,24,0,0.6186375
6436,3,1,0.50826246
6437,6,0,0.3367631
6438,16,1,0.62082744
6439,15,1,0.5098234
6440,26,0,0.54232365
6441,8,1,0.46157953
6442,6,0,0.5005958
6443,11,1,0.4618331
6444,25,1,0.7310493
6445,4,0,0.5797442
6446,20,1,0.650117
6447,11,1,0.62779087
6448,18,1,0.6237472
6449,18,0,0.28908327
6450,16,1,0.52727175
6451,27,0,0.45482516
6452,6,1,0.5888039
6453,28,0,0.3912753
6454,15,1,0.2771512
6455,22,0,0.6469286
6456,25,1,0.48638177
6457,8,1,0.7619406
6458,11,0,0.60541934
6459,16,0,0.50370437
6460,18,0,0.5334052
6461,25,0,0.6721428
6462,13,0,0.3545375
6463,21,0,0.4215655
6464,24,0,0.3345963
6465,12,1,0.7364737
6466,12,0,0.35471368
6467,24,1,0.6789692
6468,28,1,0.41457245
6469,8,1,0.5577421
6470,2,0,0.519719
6471,25,0,0.40436786
6472,21,1,0.5992399
6473,12,1,0.49892157
6474,1,1,0.31713235
6475,19,1,0.3761516
6476,25,0,0.6417672
6477,26,0,0.38964492
6478,2,1,0.6992626
6479,2,0,0.43405756
6480,11,1,0.66433656
6481,8,0,0.27033317
6482,16,0,0.516081
6483,8,1,0.83852756
6484,25,0,0.37458882
6485,9,1,0.6156183
6486,26,0,0.5498074
6487,10,0,0.43696493
6488,8,0,0.28074932
6489,22,0,0.5355689
6490,4,0,0.32286996
6491,28,0,0.28759143
6492,16,1,0.61162376
6493,23,1,0.6529378
6494,6,1,0.61395884
6495,17,1,0.53326285
6496,12,1,0.6366426
6497,27,0,0.3764463
6498,16,0,0.49608424
6499,16,0,0.28796187
6500,19,1,0.49314678
6501,16,0,0.46216717
6502,2,0,0.69292325
6503,14,0,0.61611265
6504,14,0,0.24936643
6505,17,1,0.5900718
6506,14,0,0.4166744
6507,13,0,0.26063377
6508,27,0,0.3040498
6509,14,1,0.566863
6510,8,0,0.30831107
6511,17,0,0.29535833
6512,26,0,0.64705783
6513,25,0,0.3256959
6514,26,0,0.5589782
6515,26,0,0.37135082
6516,13,0,0.43852353
6517,18,0,0.35441986
6518,13,1,0.6094458
6519,7,0,0.63370025
6520,2,1,0.7733641
6521,21,0,0.33554947
6522,8,0,0.31432918
6523,28,0,0.3831071
6524,15,0,0.38336524
6525,3,0,0.33808324
6526,10,1,0.7502763
6527,13,0,0.70395213
6528,12,1,0.4631607
6529,16,0,0.807354
6530,4,1,0.5557338
6531,23,0,0.738127
6532,4,1,0.44767138
6533,9,0,0.31731626
6534,22,0,0.5318342
6535,20,0,0.40081203
6536,24,0,0.54657686
6537,11,0,0.39629382
6538,14,1,0.34146821
6539,27,0,0.3321301
6540,8,1,0.551169
6541,10,0,0.235949
6542,8,0,0.30560812
6543,16,0,0.4375393
6544,1,1,0.5466779
6545,14,0,0.28470567
6546,10,1,0.45053363
6547,6,0,0.2672283
6548,11,0,0.77570206
6549,1,1,0.72665006
6550,10,0,0.31478882
6551,2,0,0.6181579
6552,17,0,0.32421663
6553,2,1,0.49755475
6554,5,1,0.72056687
6555,1,0,0.30859938
6556,18,1,0.3169467
6557,8,0,0.35674217
6558,1,0,0.32467797
6559,12,0,0.39353302
6560,10,1,0.75301754
6561,15,0,0.2926613
6562,10,1,0.5578352
6563,27,0,0.5266478
6564,16,1,0.3471422
6565,26,1,0.4665051
6566,16,1,0.5326632
6567,6,0,0.633696
6568,8,1,0.4374099
6569,25,1,0.6883697
6570,26,0,0.4016657
6571,0,0,0.8088308
6572,15,0,0.62911063
6573,12,0,0.61975867
6574,20,0,0.3257733
6575,7,1,0.5394791
6576,20,0,0.58526224
6577,13,0,0.4352016
6578,23,1,0.6507653
6579,5,0,0.5768599
6580,6,0,0.6601171
6581,11,0,0.32792526
6582,15,0,0.3949429
6583,16,1,0.7289804
6584,22,0,0.33263707
6585,9,1,0.527977
6586,11,0,0.5875749
6587,27,1,0.5022087
6588,10,0,0.60620385
6589,15,1,0.5267123
6590,16,1,0.63772726
6591,19,0,0.3296783
6592,22,1,0.7145781
6593,20,0,0.36228028
6594,9,0,0.7584055
6595,2,0,0.4846366
6596,25,0,0.56948173
6597,10,1,0.5625182
6598,22,1,0.7304975
6599,2,0,0.33940896
6600,21,1,0.27370104
6601,10,1,0.6527868
6602,17,1,0.6161927
6603,23,0,0.5395751
6604,3,1,0.6542687
6605,10,1,0.492153
6606,26,1,0.58591866
6607,2,1,0.6223279
6608,0,0,0.2922271
6609,17,1,0.6984439
6610,19,0,0.53958786
6611,2,1,0.5345066
6612,25,0,0.51109207
6613,18,1,0.67874765
6614,17,1,0.44666737
6615,2,0,0.74631715
6616,3,1,0.551377
6617,1,1,0.5004088
6618,12,1,0.6623592
6619,24,0,0.37151888
6620,12,0,0.28473046
6621,13,1,0.62824446
6622,10,0,0.57480764
6623,4,1,0.66749966
6624,23,1,0.70057976
6625,12,1,0.44558185
6626,18,1,0.62960887
6627,14,0,0.52342284
6628,9,0,0.57715935
6629,26,0,0.48985568
6630,4,1,0.35103914
6631,8,0,0.29031375
6632,17,0,0.28913215
6633,22,0,0.54477143
6634,20,1,0.5917159
6635,25,0,0.38655448
6636,4,1,0.410059
6637,19,0,0.41311178
6638,12,1,0.69927186
6639,16,1,0.3404859
6640,1,1,0.51865023
6641,19,0,0.5755296
6642,0,0,0.6941175
6643,2,0,0.4067659
6644,18,0,0.62017834
6645,13,1,0.5806447
6646,16,1,0.6637132
6647,20,0,0.6348804
6648,2,0,0.4085905
6649,14,0,0.25022838
6650,9,0,0.3859296
6651,25,1,0.6010455
6652,26,0,0.56590956
6653,27,0,0.47681636
6654,25,0,0.6178657
6655,21,1,0.53622985
6656,15,1,0.43243676
6657,9,1,0.6124668
6658,20,1,0.71127725
6659,2,1,0.60504985
6660,16,0,0.53803664
6661,20,0,0.5401356
6662,6,1,0.5788404
6663,25,0,0.56546867
6664,1,1,0.64144605
6665,20,1,0.77538645
6666,16,0,0.29481167
6667,25,0,0.3377757
6668,15,0,0.2781093
6669,2,1,0.60352284
6670,3,1,0.72255707
6671,27,0,0.54183966
6672,26,1,0.5465111
6673,8,0,0.4721903
6674,6,1,0.5713962
6675,21,0,0.28899905
6676,14,1,0.27531692
6677,26,1,0.2556593
6678,4,1,0.51180434
6679,12,1,0.61461586
6680,4,0,0.5402797
6681,10,1,0.6847459
6682,8,1,0.56481373
6683,26,0,0.29861534
6684,13,0,0.44186246
6685,2,1,0.34151897
6686,9,0,0.2664107
6687,12,0,0.6144073
6688,4,1,0.38913387
6689,22,1,0.4694702
6690,25,1,0.53644454
6691,1,0,0.40591702
6692,15,0,0.2914465
6693,23,1,0.44532177
6694,15,0,0.5122248
6695,15,1,0.7932084
6696,8,0,0.27602655
6697,12,1,0.6496049
6698,28,0,0.6507065
6699,6,1,0.61078733
6700,26,0,0.34837347
6701,6,1,0.57503986
6702,8,0,0.28655538
6703,13,0,0.42010534
6704,25,0,0.35730207
6705,28,1,0.6338408
6706,24,1,0.65803427
6707,23,1,0.29699218
6708,6,0,0.35939503
6709,20,0,0.37354517
6710,14,1,0.6577896
6711,14,0,0.29042554
6712,16,0,0.6192255
6713,11,1,0.7361747
6714,13,1,0.75216305
6715,6,0,0.55003494
6716,6,1,0.7143522
6717,11,1,0.6144854
6718,4,1,0.4998583
6719,14,0,0.33707368
6720,14,1,0.578659
6721,11,0,0.42979446
6722,0,0,0.34904906
6723,18,0,0.44959277
6724,8,1,0.3487667
6725,27,1,0.62699276
6726,1,1,0.5100771
6727,11,0,0.24767882
6728,1,1,0.7457896
6729,9,0,0.30499467
6730,1,0,0.39885896
6731,15,0,0.5692821
6732,16,1,0.24127051
6733,14,0,0.3366996
6734,16,0,0.63018376
6735,16,0,0.6708798
6736,15,0,0.67343366
6737,19,0,0.57749
6738,28,0,0.59554464
6739,16,0,0.3176054
6740,2,0,0.34242788
6741,9,0,0.5121443
6742,9,0,0.31324586
6743,13,1,0.6140833
6744,13,1,0.61314005
6745,10,0,0.4797043
6746,22,1,0.44365042
6747,13,0,0.3130248
6748,11,0,0.47218478
6749,2,1,0.34753418
6750,21,1,0.66649723
6751,22,0,0.31695718
6752,15,1,0.33553365
6753,25,1,0.39452165
6754,0,1,0.5002144
6755,6,0,0.5310622
6756,8,0,0.538957
6757,22,1,0.44136927
6758,23,1,0.66491354
6759,10,0,0.33300185
6760,9,1,0.67492026
6761,26,1,0.6030413
6762,18,1,0.6023691
6763,25,1,0.59352505
6764,13,0,0.40600422
6765,2,1,0.5194542
6766,3,0,0.50151557
6767,13,0,0.41605064
6768,12,1,0.5998536
6769,13,1,0.6555218
6770,5,1,0.7358762
6771,26,0,0.3598777
6772,16,1,0.3550677
6773,26,0,0.75492966
6774,22,1,0.3715814
6775,14,0,0.6277634
6776,25,1,0.5740856
6777,16,1,0.62387806
6778,16,0,0.31873408
6779,15,0,0.5223395
6780,28,0,0.3620347
6781,14,0,0.34889668
6782,6,0,0.6074752
6783,9,0,0.2728767
6784,9,0,0.60940605
6785,1,1,0.31480798
6786,7,0,0.6670252
6787,27,0,0.47483876
6788,6,1,0.31266096
6789,6,0,0.43663868
6790,26,0,0.58732975
6791,14,1,0.65397763
6792,18,1,0.6642214
6793,28,0,0.3577816
6794,24,1,0.6271253
6795,15,1,0.4856128
6796,0,0,0.3468589
6797,9,1,0.6345345
6798,9,0,0.3088233
6799,24,1,0.5014005
6800,11,1,0.52772194
6801,1,1,0.45702994
6802,26,0,0.39537954
6803,0,1,0.6720563
6804,10,0,0.78258294
6805,10,0,0.5649774
6806,17,1,0.3322562
6807,22,1,0.7297404
6808,7,1,0.8124656
6809,9,0,0.4591125
6810,13,1,0.45956123
6811,5,0,0.38092902
6812,10,1,0.53358936
6813,17,0,0.5073535
6814,0,0,0.5194152
6815,16,0,0.53797585
6816,15,0,0.30194002
6817,18,0,0.27296785
6818,15,1,0.5048688
6819,14,0,0.35712093
6820,7,0,0.5931591
6821,16,0,0.32047614
6822,25,0,0.46236843
6823,15,1,0.44976017
6824,8,1,0.76573485
6825,6,1,0.5309004
6826,1,0,0.43681103
6827,10,0,0.4224221
6828,22,1,0.8176371
6829,23,1,0.7797197
6830,18,1,0.3209506
6831,25,0,0.4885466
6832,15,1,0.8535541
6833,16,0,0.44129896
6834,28,0,0.7036701
6835,15,0,0.49928802
6836,15,1,0.712177
6837,25,1,0.6831229
6838,18,1,0.83229035
6839,19,1,0.65723205
6840,20,0,0.320985
6841,10,1,0.5947608
6842,21,1,0.62222904
6843,17,0,0.36584985
6844,1,0,0.36657888
6845,3,1,0.81095666
6846,5,1,0.6384063
6847,8,0,0.4819384
6848,4,1,0.32100472
6849,11,0,0.40277958
6850,8,1,0.739694
6851,16,1,0.30441257
6852,20,1,0.47910133
6853,14,1,0.58959186
6854,5,0,0.43797213
6855,20,0,0.36206865
6856,11,1,0.58642495
6857,16,0,0.29820898
6858,25,0,0.31742683
6859,18,1,0.605213
6860,0,0,0.3373057
6861,25,0,0.3698459
6862,23,1,0.46734577
6863,28,1,0.5435166
6864,19,0,0.4367288
6865,21,0,0.2360589
6866,22,0,0.5878964
6867,11,1,0.6183522
6868,17,1,0.4499261
6869,13,1,0.28421852
6870,7,0,0.46683976
6871,12,1,0.5857513
6872,14,0,0.34905294
6873,8,0,0.6269228
6874,25,0,0.6643842
6875,21,0,0.33441022
6876,7,0,0.70488286
6877,12,1,0.6030528
6878,10,0,0.5199865
6879,20,1,0.3091529
6880,11,1,0.58546877
6881,12,0,0.5950386
6882,25,1,0.5902934
6883,27,1,0.69778967
6884,19,0,0.3703453
6885,4,1,0.6251515
6886,13,1,0.7155639
6887,2,0,0.29201928
6888,15,1,0.8189825
6889,1,0,0.59695417
6890,21,1,0.24355061
6891,25,0,0.3404907
6892,18,0,0.28273293
6893,10,1,0.37958896
6894,4,1,0.4414882
6895,17,0,0.7959802
6896,1,0,0.39695662
6897,24,1,0.4696462
6898,10,0,0.33362314
6899,13,0,0.45605835
6900,20,0,0.39677423
6901,10,0,0.31738085
6902,12,1,0.5747854
6903,2,0,0.2648959
6904,16,0,0.7138694
6905,10,0,0.3682591
6906,10,0,0.4707061
6907,3,0,0.6840607
6908,24,0,0.6280237
6909,3,0,0.69797814
6910,7,1,0.6103261
6911,28,1,0.29734415
6912,3,1,0.5906775
6913,4,0,0.39002827
6914,8,0,0.37436005
6915,11,0,0.25855017
6916,6,0,0.3431563
6917,16,0,0.6660284
6918,1,0,0.5128782
6919,3,0,0.54148006
6920,20,1,0.8103007
6921,2,0,0.2669261
6922,5,1,0.53274286
6923,2,1,0.82264227
6924,1,1,0.340894
6925,10,1,0.80796844
6926,25,0,0.810653
6927,14,0,0.3030955
6928,28,0,0.34165868
6929,1,1,0.51386696
6930,7,0,0.71790916
6931,2,1,0.612757
6932,12,0,0.2814602
6933,21,1,0.7221044
6934,15,1,0.78908694
6935,2,0,0.4076297
6936,1,0,0.52421814
6937,8,0,0.5241415
6938,7,1,0.5845033
6939,1,0,0.27738395
6940,28,0,0.2786111
6941,9,1,0.6392249
6942,24,1,0.65186983
6943,16,0,0.6128648
6944,25,0,0.33199444
6945,28,1,0.5197741
6946,18,0,0.4640145
6947,7,1,0.61821616
6948,10,0,0.36816671
6949,15,0,0.36820072
6950,15,1,0.3504482
6951,6,0,0.53560174
6952,19,1,0.5413092
6953,13,1,0.54463595
6954,14,1,0.50687414
6955,3,0,0.26672179
6956,20,1,0.7302018
6957,14,0,0.27143028
6958,25,0,0.4822589
6959,3,1,0.49734896
6960,12,1,0.82600415
6961,22,0,0.7023038
6962,23,1,0.25259754
6963,1,0,0.28403363
6964,2,0,0.31374547
6965,0,0,0.5895696
6966,22,0,0.4626523
6967,15,0,0.75050664
6968,13,0,0.6254112
6969,11,0,0.5986787
6970,25,0,0.71571934
6971,11,1,0.3554323
6972,25,0,0.491366
6973,0,1,0.79200304
6974,28,0,0.45055512
6975,15,0,0.34947273
6976,15,1,0.5478662
6977,8,0,0.5722073
6978,13,1,0.64145654
6979,3,0,0.57907754
6980,13,1,0.5583359
6981,23,0,0.43666333
6982,24,1,0.38494784
6983,9,1,0.2871928
6984,6,0,0.4120874
6985,8,1,0.39527693
6986,13,0,0.6307644
6987,9,1,0.65823734
6988,13,1,0.8511483
6989,6,0,0.34708717
6990,11,0,0.59086156
6991,15,0,0.3355626
6992,7,1,0.3775876
6993,22,0,0.39104605
6994,2,0,0.41351363
6995,10,0,0.5444874
6996,13,1,0.30591622
6997,27,1,0.66254073
6998,8,1,0.60184056
6999,24,0,0.5677904
7000,12,1,0.77332246
7001,25,1,0.64610296
7002,27,1,0.788867
7003,13,0,0.2976147
7004,19,1,0.56186527
7005,2,1,0.6625883
7006,20,0,0.67146754
7007,26,0,0.44964913
7008,13,0,0.29227343
7009,27,0,0.7748593
7010,10,0,0.2664868
7011,23,1,0.32318762
7012,11,1,0.6071436
7013,10,0,0.69556326
7014,15,1,0.653055
7015,12,0,0.5984143
7016,5,0,0.2619327
7017,6,1,0.6531972
7018,1,1,0.73762214
7019,16,1,0.37442157
7020,15,1,0.70969087
7021,17,1,0.815848
7022,2,1,0.59176636
7023,26,1,0.32837185
7024,13,1,0.80403656
7025,16,1,0.64062685
7026,23,1,0.4985347
7027,13,1,0.39432204
7028,26,0,0.39994627
7029,23,1,0.64250135
7030,16,1,0.59729457
7031,18,0,0.44458878
7032,8,1,0.45205015
7033,15,1,0.7321368
7034,3,1,0.51986957
7035,21,0,0.25850183
7036,0,0,0.3569917
7037,13,0,0.33724925
7038,1,0,0.50531316
7039,9,1,0.4427965
7040,1,0,0.48109454
7041,9,0,0.29667622
7042,23,1,0.75929236
7043,26,1,0.82335204
7044,16,1,0.6453088
7045,5,0,0.3029534
7046,4,0,0.3000029
7047,21,1,0.61649597
7048,18,0,0.32169047
7049,1,1,0.82544875
7050,26,0,0.3429991
7051,23,0,0.31432736
7052,16,1,0.31707394
7053,24,0,0.49078655
7054,4,0,0.36315772
7055,16,1,0.58262235
7056,26,1,0.70118153
7057,19,0,0.35808
7058,25,1,0.4534611
7059,11,1,0.705017
7060,20,1,0.5907586
7061,15,1,0.6388905
7062,21,0,0.45614803
7063,22,1,0.28168452
7064,24,0,0.6651865
7065,16,1,0.6192284
7066,10,1,0.4294523
7067,27,1,0.68140966
7068,10,0,0.3640871
7069,17,1,0.7431971
7070,8,0,0.4093079
7071,11,0,0.4127944
7072,18,0,0.6784799
7073,17,1,0.74630445
7074,4,0,0.49918088
7075,15,1,0.53309715
7076,17,0,0.3846038
7077,3,0,0.6888759
7078,15,0,0.67495996
7079,13,0,0.48371184
7080,22,0,0.54689026
7081,21,1,0.62610537
7082,27,1,0.6833843
7083,1,0,0.2817022
7084,16,0,0.4483465
7085,1,0,0.4465037
7086,0,1,0.4872354
7087,2,1,0.56186765
7088,15,1,0.43644226
7089,8,0,0.5836709
7090,8,1,0.64188313
7091,16,1,0.6567012
7092,1,1,0.36478996
7093,16,0,0.63460666
7094,3,0,0.617434
7095,10,1,0.47282225
7096,8,1,0.57440263
7097,21,1,0.6538969
7098,13,1,0.4497601
7099,6,1,0.3208015
7100,13,1,0.7989573
7101,12,1,0.30630374
7102,3,0,0.57052106
7103,18,1,0.40793955
7104,18,0,0.72224796
7105,10,0,0.56187105
7106,2,0,0.5074661
7107,10,1,0.52046084
7108,23,1,0.57610583
7109,10,0,0.4763813
7110,16,0,0.34084657
7111,0,1,0.8319987
7112,7,1,0.37349755
7113,8,0,0.49398637
7114,12,1,0.7760066
7115,5,1,0.63270235
7116,22,0,0.22948551
7117,10,0,0.28674087
7118,11,1,0.81975913
7119,13,1,0.42851657
7120,8,1,0.50230473
7121,13,1,0.49329954
7122,7,1,0.42832163
7123,3,0,0.3776632
7124,16,0,0.29690555
7125,16,0,0.35908914
7126,6,1,0.4969341
7127,21,1,0.38627
7128,25,0,0.33601245
7129,16,1,0.73210174
7130,17,1,0.7621515
7131,25,0,0.35682145
7132,17,1,0.41146672
7133,26,0,0.7363839
7134,18,0,0.45181525
7135,3,0,0.44818756
7136,18,0,0.46978223
7137,11,0,0.285203
7138,1,0,0.6721749
7139,23,0,0.62818605
7140,2,0,0.45273593
7141,6,1,0.28661144
7142,5,0,0.41783214
7143,13,0,0.32348084
7144,13,1,0.6374583
7145,18,1,0.47648045
7146,16,1,0.4894074
7147,25,0,0.4407097
7148,10,0,0.5578856
7149,14,0,0.52184504
7150,6,0,0.5097557
7151,17,0,0.35352916
7152,6,0,0.4859639
7153,1,0,0.30125836
7154,8,1,0.52575254
7155,8,0,0.2891665
7156,5,1,0.6457856
7157,2,0,0.5426996
7158,6,0,0.42969888
7159,23,0,0.376898
7160,17,1,0.58580506
7161,24,0,0.6673773
7162,3,1,0.39064914
7163,1,0,0.6458078
7164,19,1,0.5874918
7165,26,0,0.45129275
7166,25,1,0.36562872
7167,24,1,0.64617366
7168,4,1,0.83309495
7169,27,0,0.42064083
7170,22,1,0.7746406
7171,8,0,0.735883
7172,6,0,0.50434524
7173,15,1,0.8274168
7174,0,0,0.39625585
7175,1,1,0.61689997
7176,24,0,0.44674215
7177,14,1,0.34269974
7178,20,0,0.58149326
7179,17,0,0.36887798
7180,11,1,0.77862954
7181,3,0,0.4685232
7182,1,0,0.44206083
7183,15,1,0.6996141
7184,3,0,0.40755317
7185,4,0,0.29629138
7186,12,0,0.64452225
7187,10,1,0.6903434
7188,1,1,0.48858222
7189,15,1,0.5482074
7190,20,0,0.41188467
7191,23,1,0.663224
7192,17,0,0.27559626
7193,18,1,0.438142
7194,16,1,0.3619573
7195,4,1,0.7725795
7196,23,0,0.584595
7197,6,0,0.34339443
7198,10,0,0.40364286
7199,15,1,0.6204502
7200,17,0,0.4784287
7201,28,1,0.54608554
7202,23,1,0.3052011
7203,8,0,0.5270274
7204,6,1,0.5909225
7205,2,0,0.6492185
7206,19,0,0.5645149
7207,10,1,0.7221368
7208,4,0,0.55079937
7209,12,1,0.7165975
7210,13,0,0.24780144
7211,18,0,0.3528195
7212,19,0,0.47093734
7213,1,1,0.43728292
7214,8,1,0.71600163
7215,8,0,0.33418003
7216,10,0,0.3272109
7217,13,1,0.32290152
7218,10,0,0.3280077
7219,24,0,0.42184758
7220,11,1,0.33612165
7221,19,1,0.7873913
7222,14,0,0.34609663
7223,1,0,0.3014142
7224,6,0,0.752786
7225,13,1,0.72886795
7226,8,0,0.2584448
7227,6,1,0.69480044
7228,12,1,0.6342803
7229,28,0,0.2787484
7230,3,0,0.7031391
7231,16,1,0.7411216
7232,22,1,0.78126717
7233,5,1,0.4877801
7234,10,1,0.35890168
7235,15,0,0.33348152
7236,20,1,0.45883435
7237,27,1,0.5413131
7238,13,0,0.23384424
7239,25,1,0.28688774
7240,1,0,0.6853848
7241,20,0,0.6474938
7242,20,0,0.33892548
7243,15,1,0.8430426
7244,13,1,0.3313274
7245,16,0,0.5760653
7246,18,1,0.7124475
7247,10,0,0.32824743
7248,8,1,0.6594135
7249,16,1,0.4324137
7250,22,0,0.31253594
7251,28,1,0.6292992
7252,6,1,0.5727826
7253,20,1,0.63009167
7254,17,1,0.577337
7255,6,1,0.43280762
7256,5,0,0.57599336
7257,11,0,0.38144386
7258,12,1,0.44104663
7259,9,1,0.46479124
7260,3,0,0.7409069
7261,21,1,0.6068226
7262,15,1,0.6233035
7263,17,0,0.3260322
7264,10,1,0.62377304
7265,15,1,0.2996333
7266,1,0,0.28672042
7267,18,1,0.33383438
7268,17,1,0.7629071
7269,23,0,0.5980665
7270,9,0,0.49958852
7271,24,1,0.8174071
7272,6,1,0.63579
7273,12,0,0.3077659
7274,9,0,0.3264592
7275,10,1,0.4919276
7276,1,0,0.50924414
7277,2,0,0.29582047
7278,4,1,0.44390398
7279,15,1,0.33388367
7280,20,1,0.4467434
7281,22,1,0.5071757
7282,0,0,0.34409636
7283,13,0,0.40493432
7284,13,1,0.85989267
7285,15,1,0.60623395
7286,2,0,0.38034934
7287,24,1,0.7060799
7288,16,1,0.7232368
7289,2,0,0.22301184
7290,2,0,0.30612725
7291,20,0,0.31600386
7292,16,1,0.8115146
7293,21,1,0.51201534
7294,18,0,0.7131724
7295,13,0,0.45527926
7296,16,0,0.3152949
7297,2,1,0.76162875
7298,15,1,0.53463864
7299,22,1,0.35155392
7300,20,0,0.53804654
7301,18,1,0.7655656
7302,23,1,0.6300619
7303,16,1,0.6161707
7304,26,1,0.36352605
7305,14,0,0.650268
7306,25,1,0.72140026
7307,10,0,0.22622955
7308,13,0,0.5260507
7309,2,0,0.64538425
7310,23,0,0.4970267
7311,17,0,0.2778566
7312,8,1,0.49308184
7313,26,0,0.28152677
7314,13,1,0.66594374
7315,25,1,0.8071649
7316,26,0,0.31173396
7317,0,0,0.34216937
7318,18,0,0.52111286
7319,21,0,0.29647386
7320,19,1,0.591464
7321,15,0,0.56089395
7322,18,1,0.38275477
7323,3,0,0.26385275
7324,15,0,0.52767944
7325,2,1,0.30658406
7326,17,0,0.45860493
7327,21,0,0.5051053
7328,8,1,0.5037583
7329,2,0,0.7708145
7330,26,0,0.4264737
7331,2,0,0.2833938
7332,18,1,0.6091497
7333,2,0,0.5521409
7334,11,0,0.32038897
7335,26,1,0.32053787
7336,20,1,0.48979962
7337,17,0,0.28148675
7338,25,0,0.6127146
7339,0,0,0.47474706
7340,12,0,0.3517228
7341,16,1,0.45831034
7342,25,1,0.68106246
7343,1,0,0.6901585
7344,7,1,0.5778859
7345,22,0,0.44836962
7346,25,0,0.35681817
7347,21,1,0.35141188
7348,15,1,0.3442125
7349,13,0,0.55965436
7350,8,1,0.8324978
7351,13,0,0.38063437
7352,28,1,0.572286
7353,2,1,0.38945332
7354,4,1,0.6079833
7355,15,0,0.39480183
7356,20,0,0.28943643
7357,15,0,0.2974038
7358,28,1,0.65762293
7359,27,1,0.49577934
7360,28,0,0.36911353
7361,7,0,0.31908396
7362,21,0,0.59829867
7363,18,1,0.72067016
7364,15,0,0.5225136
7365,1,0,0.7950171
7366,15,1,0.5870529
7367,16,1,0.65209794
7368,10,1,0.7089231
7369,9,1,0.723726
7370,25,1,0.40296605
7371,11,0,0.3413273
7372,27,1,0.3232731
7373,5,0,0.363738
7374,19,0,0.5164342
7375,13,1,0.7403573
7376,14,0,0.42487252
7377,22,1,0.77246
7378,14,1,0.64846843
7379,22,0,0.27949885
7380,20,0,0.573649
7381,28,0,0.51857
7382,10,0,0.6101664
7383,10,0,0.644307
7384,6,0,0.370457
7385,16,0,0.3899556
7386,23,0,0.5152013
7387,20,1,0.60958004
7388,25,1,0.39851072
7389,10,1,0.27820328
7390,20,1,0.53766197
7391,1,0,0.38190183
7392,28,1,0.7982523
7393,6,1,0.6465772
7394,13,0,0.5356197
7395,16,0,0.4463395
7396,8,1,0.59466267
7397,2,0,0.29249004
7398,26,0,0.2802504
7399,19,1,0.625901
7400,9,1,0.3977697
7401,13,1,0.7483383
7402,10,0,0.52983326
7403,10,1,0.66713494
7404,16,1,0.27613047
7405,24,0,0.33467862
7406,18,1,0.37601072
7407,12,0,0.4541791
7408,14,1,0.78745526
7409,18,1,0.7461745
7410,10,0,0.33624053
7411,27,0,0.34621254
7412,16,0,0.42482758
7413,27,0,0.2764208
7414,26,0,0.5866993
7415,11,0,0.6530414
7416,11,0,0.30113384
7417,26,1,0.65133524
7418,16,0,0.3547118
7419,25,0,0.26241088
7420,19,1,0.551292
7421,26,0,0.35140336
7422,18,0,0.3654213
7423,8,0,0.5441024
7424,10,0,0.6297055
7425,11,0,0.56948984
7426,2,0,0.44072384
7427,1,0,0.6520834
7428,2,1,0.6044341
7429,9,0,0.58623695
7430,25,0,0.65242827
7431,10,0,0.486216
7432,10,1,0.45431128
7433,11,0,0.44507357
7434,19,0,0.3492624
7435,28,1,0.4240199
7436,6,1,0.7245907
7437,2,0,0.3284718
7438,8,0,0.24581823
7439,20,1,0.38300702
7440,13,1,0.7219435
7441,21,1,0.49881122
7442,26,0,0.32197827
7443,12,1,0.7639973
7444,10,1,0.7341405
7445,20,1,0.5255683
7446,27,1,0.48343685
7447,21,1,0.635213
7448,24,0,0.62518305
7449,14,1,0.45582607
7450,21,1,0.41113377
7451,5,1,0.3205874
7452,25,0,0.53796417
7453,6,0,0.65558416
7454,25,0,0.3203829
7455,15,0,0.42887414
7456,15,1,0.7850816
7457,3,1,0.5457564
7458,25,1,0.5795016
7459,10,0,0.3104485
7460,13,1,0.7191839
7461,16,0,0.6235803
7462,26,1,0.3866432
7463,1,0,0.56807727
7464,8,0,0.3020508
7465,13,1,0.5514551
7466,27,0,0.3012364
7467,26,1,0.5692221
7468,17,1,0.3133978
7469,22,0,0.49632028
7470,19,0,0.5381491
7471,22,1,0.45111856
7472,2,0,0.5333974
7473,3,0,0.53154516
7474,0,0,0.37475964
7475,18,0,0.45116684
7476,0,0,0.34039527
7477,7,0,0.63059676
7478,10,1,0.6077914
7479,13,1,0.8234873
7480,3,0,0.29801562
7481,19,0,0.53895885
7482,13,1,0.55174613
7483,7,0,0.31993496
7484,8,0,0.46289337
7485,26,1,0.34586766
7486,12,0,0.2855756
7487,19,0,0.5847722
7488,20,1,0.38588226
7489,16,0,0.5090121
7490,23,0,0.6736425
7491,20,0,0.50553393
7492,27,1,0.4610172
7493,16,0,0.33953312
7494,2,0,0.3741444
7495,4,1,0.36178166
7496,15,0,0.42455778
7497,20,0,0.75603056
7498,28,1,0.43447396
7499,11,0,0.7544159
7500,16,1,0.5493763
7501,0,1,0.38239264
7502,13,1,0.38560307
7503,27,1,0.5944823
7504,27,0,0.6718905
7505,10,0,0.44400886
7506,0,1,0.2393281
7507,16,0,0.65502167
7508,26,1,0.31267375
7509,1,0,0.5324783
7510,8,1,0.56471556
7511,2,1,0.47743362
7512,28,1,0.81457806
7513,27,1,0.3204137
7514,28,0,0.64771724
7515,22,0,0.6041659
7516,6,1,0.65891844
7517,10,0,0.43228945
7518,11,0,0.6047873
7519,12,1,0.46045426
7520,15,1,0.6306224
7521,25,1,0.33879453
7522,3,1,0.64101124
7523,25,0,0.6545266
7524,5,1,0.7987687
7525,27,0,0.40088713
7526,11,1,0.30439678
7527,8,0,0.46420404
7528,26,0,0.39630532
7529,12,0,0.6408213
7530,8,1,0.25393486
7531,28,0,0.47609326
7532,26,1,0.74272776
7533,1,1,0.45008624
7534,23,0,0.56135607
7535,24,0,0.49840656
7536,23,0,0.26952282
7537,24,1,0.4022104
7538,15,1,0.29928416
7539,8,1,0.6244864
7540,8,1,0.62238055
7541,1,1,0.3583045
7542,17,0,0.52949435
7543,26,1,0.5721599
7544,11,0,0.755621
7545,22,0,0.5104615
7546,25,0,0.55189794
7547,18,1,0.48770314
7548,27,0,0.31212404
7549,2,0,0.6993861
7550,16,1,0.39848885
7551,25,0,0.35093552
7552,16,1,0.40781596
7553,10,1,0.3391951
7554,16,1,0.51101667
7555,25,1,0.5278071
7556,3,1,0.6135236
7557,24,1,0.34198028
7558,11,1,0.24075282
7559,18,0,0.4663585
7560,6,0,0.5336016
7561,25,0,0.56078756
7562,26,1,0.46415251
7563,11,1,0.5395334
7564,7,1,0.5591884
7565,2,0,0.6449998
7566,16,0,0.32285574
7567,18,1,0.63718784
7568,16,0,0.29934654
7569,12,0,0.28767574
7570,15,0,0.4658132
7571,16,0,0.36543828
7572,28,0,0.31307724
7573,15,0,0.2537305
7574,24,1,0.38210544
7575,25,0,0.55916667
7576,14,1,0.85488147
7577,15,1,0.42790008
7578,20,0,0.4414184
7579,11,1,0.2524241
7580,18,1,0.4944392
7581,13,1,0.45678946
7582,28,1,0.5870644
7583,4,0,0.3109811
7584,12,1,0.7080734
7585,26,1,0.7163536
7586,15,0,0.48708436
7587,12,0,0.6310412
7588,11,1,0.500557
7589,16,0,0.6471447
7590,1,0,0.64014304
7591,15,0,0.38837737
7592,3,0,0.49183148
7593,16,0,0.41479343
7594,9,0,0.30280533
7595,0,1,0.82632977
7596,19,0,0.46152458
7597,7,0,0.62119246
7598,11,1,0.3697297
7599,22,1,0.8272974
7600,1,0,0.2945072
7601,19,1,0.64038074
7602,20,0,0.5657906
7603,22,0,0.54975003
7604,0,1,0.4093633
7605,12,0,0.45382866
7606,9,1,0.797251
7607,16,1,0.36716402
7608,0,0,0.26175043
7609,9,0,0.28788123
7610,25,0,0.43541732
7611,13,1,0.79509026
7612,15,1,0.5435606
7613,21,1,0.27129462
7614,26,0,0.39749518
7615,0,0,0.38672927
7616,26,0,0.28133133
7617,8,0,0.33368215
7618,13,1,0.53934824
7619,14,0,0.28243428
7620,14,1,0.35330006
7621,16,0,0.52580667
7622,15,1,0.33214122
7623,25,0,0.43444374
7624,6,0,0.64230967
7625,16,1,0.652321
7626,7,1,0.40649208
7627,4,0,0.31855452
7628,7,0,0.53177464
7629,14,1,0.6946931
7630,23,0,0.5128165
7631,16,0,0.29957077
7632,2,1,0.4052907
7633,14,0,0.27749175
7634,14,1,0.6614124
7635,13,0,0.6217192
7636,15,0,0.30478874
7637,21,0,0.56071013
7638,28,1,0.7473935
7639,3,0,0.39470008
7640,2,0,0.7072342
7641,19,1,0.47062793
7642,26,0,0.40401182
7643,15,0,0.68737364
7644,3,1,0.6636608
7645,25,1,0.75865835
7646,9,0,0.7425291
7647,12,0,0.38657877
7648,1,1,0.64340544
7649,26,1,0.6672831
7650,8,0,0.37044576
7651,14,1,0.3413556
7652,15,1,0.57167506
7653,13,1,0.70114195
7654,18,1,0.3018588
7655,16,0,0.45103294
7656,26,0,0.46975508
7657,26,1,0.70134175
7658,20,1,0.5550333
7659,26,1,0.37022504
7660,15,1,0.7026649
7661,1,0,0.34852424
7662,2,1,0.31690916
7663,27,1,0.78020656
7664,25,0,0.23509361
7665,16,0,0.34257445
7666,1,1,0.5980747
7667,11,1,0.52033824
7668,0,1,0.39098024
7669,6,0,0.32120425
7670,8,1,0.42649657
7671,8,0,0.7594709
7672,5,1,0.61574006
7673,2,0,0.3666235
7674,25,0,0.71325725
7675,17,1,0.40998235
7676,10,0,0.31369978
7677,13,1,0.5578045
7678,8,1,0.6193404
7679,27,0,0.5394065
7680,16,1,0.45278627
7681,18,1,0.7307571
7682,1,0,0.38428327
7683,11,0,0.31174728
7684,6,0,0.4378446
7685,10,0,0.25945097
7686,5,0,0.6377683
7687,15,1,0.4087049
7688,11,0,0.53524697
7689,19,1,0.6660817
7690,12,0,0.59822166
7691,12,1,0.49268225
7692,12,1,0.82264227
7693,24,0,0.56857705
7694,7,0,0.4549845
7695,1,0,0.75198704
7696,15,1,0.21721642
7697,28,1,0.5662501
7698,24,0,0.35419932
7699,16,1,0.3032207
7700,17,0,0.47941142
7701,0,1,0.32888553
7702,10,1,0.5617548
7703,8,0,0.32349747
7704,1,0,0.62071395
7705,22,1,0.66872656
7706,28,1,0.5981881
7707,17,1,0.32585758
7708,5,1,0.30195796
7709,25,0,0.3090125
7710,4,0,0.25754768
7711,16,0,0.44855958
7712,5,1,0.6295345
7713,16,0,0.6278155
7714,15,0,0.43678087
7715,13,1,0.59525895
7716,1,0,0.49077344
7717,15,0,0.8305668
7718,3,1,0.77201957
7719,26,0,0.5446563
7720,10,0,0.7343608
7721,13,1,0.5861817
7722,17,0,0.29718766
7723,17,1,0.7093289
7724,19,1,0.490611
7725,6,1,0.618381
7726,12,0,0.5621768
7727,28,0,0.4750036
7728,20,1,0.66566837
7729,1,1,0.5825084
7730,20,0,0.321696
7731,10,0,0.30007952
7732,25,0,0.64274824
7733,21,0,0.5104046
7734,17,0,0.22948441
7735,14,0,0.5770488
7736,1,1,0.5122639
7737,26,1,0.549038
7738,2,0,0.32754648
7739,23,0,0.43726802
7740,6,0,0.46885592
7741,27,0,0.27638525
7742,26,1,0.35549244
7743,15,0,0.42678562
7744,9,0,0.32286695
7745,24,1,0.51987416
7746,16,1,0.6966715
7747,1,1,0.40366456
7748,15,1,0.626059
7749,12,0,0.5607888
7750,11,0,0.37049347
7751,25,1,0.34648934
7752,3,0,0.32299933
7753,15,0,0.32286394
7754,6,0,0.3518663
7755,3,0,0.5327716
7756,9,1,0.81157815
7757,13,1,0.3065837
7758,23,0,0.36433643
7759,20,0,0.40877494
7760,22,0,0.4908721
7761,0,0,0.6392402
7762,11,0,0.35926598
7763,11,0,0.57857746
7764,15,1,0.38099986
7765,14,1,0.6582751
7766,26,1,0.44527155
7767,25,1,0.44918716
7768,1,1,0.4576094
7769,10,1,0.5243295
7770,15,0,0.5893947
7771,16,0,0.30339465
7772,22,0,0.30867282
7773,27,1,0.48074633
7774,26,1,0.8085256
7775,25,1,0.53841263
7776,13,0,0.6878119
7777,12,1,0.69047326
7778,10,1,0.7522335
7779,11,0,0.43380973
7780,28,1,0.70161015
7781,16,0,0.36469525
7782,4,0,0.2453892
7783,26,1,0.21470143
7784,15,1,0.7747183
7785,23,0,0.36136585
7786,18,0,0.5843789
7787,15,1,0.6021298
7788,7,0,0.30154443
7789,2,0,0.26101717
7790,20,0,0.6286536
7791,11,0,0.32394573
7792,1,1,0.52730507
7793,21,0,0.24872538
7794,9,1,0.65392524
7795,10,0,0.61838996
7796,13,1,0.65316075
7797,15,0,0.6128936
7798,10,0,0.342419
7799,2,1,0.6390043
7800,25,0,0.3461889
7801,6,1,0.58773637
7802,28,1,0.68430847
7803,11,0,0.52115643
7804,20,0,0.44163594
7805,26,0,0.53928727
7806,22,1,0.5046727
7807,23,1,0.8010393
7808,27,0,0.54667866
7809,21,0,0.32477352
7810,18,1,0.6097956
7811,5,1,0.62334424
7812,7,0,0.51908535
7813,16,1,0.5735727
7814,23,0,0.27049538
7815,11,0,0.7141406
7816,18,1,0.8187754
7817,5,0,0.70232743
7818,1,1,0.3414878
7819,4,0,0.28507152
7820,19,0,0.36951786
7821,16,0,0.4401056
7822,22,0,0.42175078
7823,26,1,0.27559158
7824,27,0,0.220628
7825,3,1,0.4738024
7826,13,1,0.76188296
7827,3,1,0.3546891
7828,5,0,0.64796215
7829,11,0,0.5748711
7830,9,0,0.6392313
7831,21,0,0.5234745
7832,1,1,0.27977562
7833,15,0,0.699669
7834,3,0,0.579492
7835,19,1,0.54159933
7836,4,0,0.47907078
7837,13,1,0.43817124
7838,7,1,0.66418326
7839,15,1,0.4391237
7840,26,0,0.377835
7841,15,1,0.66195107
7842,12,0,0.43331808
7843,3,1,0.8090048
7844,20,0,0.8092277
7845,7,0,0.7400025
7846,19,1,0.47285485
7847,2,0,0.44285107
7848,25,1,0.6637154
7849,14,0,0.5039881
7850,8,1,0.31891802
7851,27,1,0.38371876
7852,4,1,0.3969667
7853,4,1,0.6457438
7854,15,0,0.2928302
7855,0,0,0.24770221
7856,14,0,0.5160913
7857,7,1,0.4231807
7858,23,0,0.57026523
7859,8,0,0.28376403
7860,20,1,0.7867218
7861,16,0,0.64634
7862,5,0,0.5188968
7863,16,0,0.34018302
7864,20,0,0.6704682
7865,15,1,0.6461275
7866,25,0,0.26885575
7867,22,0,0.45227438
7868,13,1,0.37741098
7869,21,1,0.65072906
7870,12,1,0.8464294
7871,25,1,0.45349362
7872,22,0,0.49430913
7873,11,0,0.4439747
7874,25,0,0.29606614
7875,11,0,0.35191733
7876,11,1,0.62394154
7877,8,1,0.84083784
7878,1,1,0.5679706
7879,28,0,0.32228032
7880,19,0,0.34761253
7881,1,1,0.3863121
7882,13,0,0.70271695
7883,26,1,0.52796966
7884,18,0,0.31073868
7885,28,0,0.28167644
7886,17,0,0.4842588
7887,20,1,0.66127723
7888,6,1,0.3097121
7889,8,1,0.3324177
7890,17,0,0.5396613
7891,18,1,0.608281
7892,21,0,0.67719454
7893,13,0,0.37288317
7894,10,1,0.5462448
7895,24,1,0.77354985
7896,25,0,0.32683125
7897,16,1,0.3838514
7898,7,0,0.35721785
7899,19,1,0.50901634
7900,13,0,0.7741419
7901,12,0,0.680765
7902,10,0,0.5778629
7903,11,1,0.30310068
7904,2,1,0.47667003
7905,25,1,0.40280584
7906,27,1,0.60363454
7907,12,1,0.37872496
7908,2,1,0.5699811
7909,16,1,0.50443846
7910,7,0,0.4680715
7911,26,1,0.41840705
7912,13,1,0.33087376
7913,2,0,0.6958135
7914,11,1,0.4962738
7915,21,1,0.639759
7916,3,1,0.5159472
7917,12,0,0.41749898
7918,10,1,0.77466434
7919,26,0,0.50619715
7920,22,0,0.30590585
7921,8,1,0.7214648
7922,11,1,0.7990708
7923,8,1,0.7494454
7924,14,0,0.31800732
7925,13,0,0.33283338
7926,16,0,0.25568336
7927,8,0,0.36974
7928,14,1,0.65115523
7929,16,1,0.64128375
7930,5,1,0.6418704
7931,15,1,0.67740035
7932,2,1,0.55106866
7933,13,0,0.61469144
7934,21,0,0.42133254
7935,8,0,0.34781975
7936,13,1,0.7271554
7937,17,0,0.54418886
7938,11,0,0.40685746
7939,12,0,0.6348968
7940,26,0,0.26483512
7941,19,0,0.42670503
7942,20,1,0.7475793
7943,9,0,0.63249725
7944,12,1,0.5283677
7945,15,0,0.3997845
7946,22,1,0.3773674
7947,28,1,0.40392625
7948,19,0,0.5775811
7949,26,1,0.6517757
7950,3,1,0.7684978
7951,18,0,0.4418696
7952,15,1,0.6562046
7953,4,0,0.51692045
7954,19,0,0.28291392
7955,15,1,0.35419044
7956,10,0,0.63892704
7957,25,1,0.582001
7958,18,0,0.41758254
7959,1,0,0.27720475
7960,22,1,0.6772045
7961,9,0,0.32876092
7962,19,1,0.37795195
7963,1,1,0.55710083
7964,13,1,0.60724884
7965,16,1,0.7148404
7966,2,1,0.4904141
7967,28,1,0.6305258
7968,3,1,0.78665876
7969,10,1,0.61782163
7970,8,1,0.7391417
7971,17,0,0.46630195
7972,11,0,0.39212474
7973,6,0,0.55157846
7974,21,1,0.7982465
7975,25,1,0.6014806
7976,14,0,0.6549933
7977,19,1,0.53252375
7978,13,1,0.51789725
7979,12,0,0.26815075
7980,1,0,0.3914737
7981,1,1,0.6432514
7982,3,1,0.67734945
7983,25,1,0.7465659
7984,6,1,0.38089523
7985,20,1,0.76305914
7986,15,1,0.57644606
7987,17,0,0.4953626
7988,3,0,0.35127878
7989,11,1,0.3547446
7990,8,0,0.766906
7991,12,1,0.43539375
7992,8,1,0.6176923
7993,20,1,0.54983634
7994,1,1,0.3096148
7995,10,0,0.5280058
7996,2,0,0.37789893
7997,1,1,0.3442258
7998,18,0,0.2971784
7999,2,0,0.40896904
8000,2,1,0.29528317
8001,17,0,0.4728839
8002,11,0,0.5113853
8003,16,1,0.28161672
8004,2,0,0.6978365
8005,14,0,0.6862392
8006,25,0,0.42182907
8007,26,0,0.54332113
8008,13,0,0.33293045
8009,10,0,0.4429846
8010,22,1,0.62900114
8011,15,1,0.6549759
8012,28,1,0.6549992
8013,0,0,0.29348338
8014,10,1,0.7019875
8015,15,1,0.49323642
8016,8,0,0.28476262
8017,17,0,0.3697159
8018,2,0,0.4184035
8019,12,1,0.67826873
8020,1,1,0.66667485
8021,7,1,0.66321945
8022,2,0,0.56316423
8023,15,1,0.4605892
8024,26,0,0.6962214
8025,20,1,0.62773865
8026,2,0,0.55633515
8027,12,1,0.49786168
8028,16,0,0.54187316
8029,10,0,0.503168
8030,14,0,0.5767228
8031,25,0,0.2987553
8032,22,1,0.31007662
8033,2,1,0.64621
8034,27,0,0.2344501
8035,8,1,0.4415643
8036,8,1,0.5257596
8037,15,0,0.5592471
8038,14,0,0.33122754
8039,6,0,0.56876385
8040,8,0,0.40422243
8041,26,1,0.35078794
8042,20,1,0.3994608
8043,0,1,0.7033247
8044,7,0,0.51051813
8045,9,1,0.64382213
8046,26,0,0.33459076
8047,6,0,0.32888454
8048,27,1,0.6290855
8049,15,1,0.6407702
8050,8,1,0.5785299
8051,15,0,0.3149892
8052,1,0,0.2954626
8053,25,1,0.62319136
8054,4,1,0.7291329
8055,20,0,0.3170262
8056,21,0,0.28216138
8057,18,1,0.28982666
8058,11,1,0.38809845
8059,10,1,0.6937585
8060,4,0,0.62641907
8061,9,0,0.5821635
8062,10,0,0.5198124
8063,10,1,0.53883266
8064,27,0,0.2976171
8065,11,0,0.30128524
8066,21,0,0.36918998
8067,11,0,0.79087394
8068,5,0,0.5612086
8069,26,1,0.6335256
8070,12,0,0.79307604
8071,12,1,0.48736805
8072,3,0,0.49598035
8073,9,0,0.41902888
8074,23,0,0.5697415
8075,25,1,0.5009883
8076,2,0,0.296087
8077,15,1,0.7838966
8078,14,0,0.5683467
8079,20,0,0.39229935
8080,6,1,0.41413552
8081,4,0,0.34841257
8082,8,1,0.62423795
8083,10,1,0.777384
8084,1,1,0.6937182
8085,9,0,0.3011793
8086,24,1,0.563863
8087,10,1,0.5630143
8088,22,0,0.5590501
8089,13,0,0.4520144
8090,24,0,0.32206082
8091,12,1,0.737336
8092,10,1,0.43660742
8093,17,0,0.44486672
8094,13,1,0.57531303
8095,28,1,0.2872343
8096,5,0,0.31741974
8097,13,0,0.43638518
8098,1,0,0.6402113
8099,2,1,0.72034293
8100,18,1,0.7036732
8101,28,0,0.63708717
8102,27,1,0.5785714
8103,5,0,0.31574467
8104,8,1,0.8181176
8105,15,0,0.6352816
8106,16,1,0.37298656
8107,0,0,0.44773054
8108,20,1,0.7391084
8109,22,1,0.4570454
8110,26,0,0.6267416
8111,15,1,0.6630383
8112,0,0,0.54073656
8113,0,0,0.5085668
8114,16,0,0.45279935
8115,10,1,0.7578888
8116,20,1,0.6591768
8117,11,1,0.7465724
8118,4,0,0.25413057
8119,11,1,0.3473781
8120,19,0,0.306356
8121,27,0,0.4388936
8122,16,1,0.72164416
8123,8,0,0.28412578
8124,28,0,0.267872
8125,2,1,0.7237764
8126,9,1,0.4505137
8127,1,1,0.61990684
8128,0,1,0.3628793
8129,22,1,0.3443052
8130,16,0,0.4148707
8131,25,1,0.6786431
8132,25,0,0.6549388
8133,24,1,0.7102176
8134,16,0,0.4354934
8135,4,1,0.6326663
8136,20,1,0.69529945
8137,23,1,0.5447722
8138,21,0,0.4975811
8139,9,1,0.29728454
8140,13,0,0.7375485
8141,16,1,0.7841018
8142,18,0,0.34307444
8143,10,1,0.65813935
8144,16,0,0.5385274
8145,20,1,0.62335795
8146,2,1,0.50233793
8147,4,0,0.44032997
8148,0,1,0.33112538
8149,15,0,0.45776692
8150,15,1,0.56984675
8151,1,0,0.23866878
8152,0,1,0.56490463
8153,22,1,0.6634911
8154,11,1,0.8146434
8155,6,1,0.73944885
8156,6,0,0.33494133
8157,11,0,0.41071576
8158,4,0,0.36342856
8159,10,0,0.41328582
8160,2,1,0.3290854
8161,26,1,0.71364534
8162,16,0,0.27867576
8163,21,1,0.7632917
8164,27,1,0.24486864
8165,18,1,0.31341395
8166,9,0,0.29543635
8167,6,1,0.39270097
8168,6,0,0.6802942
8169,20,0,0.58287174
8170,11,1,0.65001875
8171,7,1,0.38052878
8172,20,0,0.4349199
8173,11,0,0.46351627
8174,25,0,0.30690056
8175,25,0,0.6119891
8176,11,1,0.5712933
8177,27,1,0.7690648
8178,26,1,0.76396865
8179,6,0,0.2600495
8180,15,1,0.65975493
8181,12,1,0.3394418
8182,2,0,0.30104533
8183,17,1,0.59819126
8184,14,1,0.49007273
8185,5,0,0.33394065
8186,20,1,0.44301584
8187,11,1,0.4033839
8188,5,0,0.4926036
8189,15,0,0.5847103
8190,15,1,0.70715624
8191,16,1,0.5463562
8192,21,0,0.49494272
8193,14,0,0.4205391
8194,13,1,0.80421144
8195,16,1,0.76959103
8196,2,0,0.31419456
8197,0,1,0.7043904
8198,3,0,0.76760304
8199,20,1,0.46867377
8200,13,1,0.6736168
8201,18,0,0.5948726
8202,21,1,0.61844057
8203,22,1,0.6771414
8204,22,0,0.506586
8205,20,0,0.26127693
8206,14,1,0.3882918
8207,2,1,0.522182
8208,25,1,0.38844657
8209,6,0,0.46162674
8210,21,1,0.7009234
8211,10,1,0.27963465
8212,20,0,0.26103956
8213,2,1,0.72476983
8214,1,1,0.25672624
8215,26,0,0.44140115
8216,15,0,0.33800852
8217,25,0,0.4079321
8218,5,0,0.631424
8219,22,1,0.4507576
8220,20,1,0.42138
8221,4,0,0.31870875
8222,20,0,0.3441781
8223,2,1,0.80526584
8224,16,1,0.6061775
8225,1,0,0.35688677
8226,22,0,0.3594037
8227,10,0,0.527154
8228,22,0,0.4260021
8229,16,1,0.7673093
8230,2,1,0.5533452
8231,24,0,0.343402
8232,22,0,0.5273938
8233,16,0,0.37250796
8234,15,0,0.49466383
8235,22,1,0.6519461
8236,18,0,0.43155387
8237,9,0,0.6651999
8238,7,0,0.43664214
8239,28,1,0.37544847
8240,11,1,0.69884276
8241,8,0,0.31172433
8242,11,1,0.29369867
8243,16,0,0.40296838
8244,26,1,0.46414825
8245,25,0,0.36181572
8246,20,0,0.5454122
8247,15,0,0.42347962
8248,1,0,0.30759165
8249,3,1,0.6461574
8250,12,0,0.63368165
8251,12,0,0.3639038
8252,15,0,0.6670576
8253,18,0,0.4474073
8254,28,1,0.61674535
8255,25,0,0.5504959
8256,15,1,0.682481
8257,10,0,0.6026834
8258,18,0,0.40427908
8259,2,0,0.4422205
8260,10,1,0.5008098
8261,28,0,0.5541541
8262,25,1,0.49992275
8263,15,0,0.6239123
8264,0,1,0.3051058
8265,22,1,0.78690565
8266,14,1,0.56787074
8267,28,1,0.39299333
8268,4,1,0.44906107
8269,20,1,0.8168356
8270,26,0,0.28970277
8271,1,1,0.4212302
8272,1,0,0.3528584
8273,10,1,0.68132025
8274,11,0,0.4883453
8275,19,1,0.664086
8276,2,1,0.32021365
8277,10,0,0.32097316
8278,19,1,0.4798159
8279,1,0,0.34764072
8280,1,1,0.5366424
8281,10,1,0.79730237
8282,13,1,0.6736404
8283,12,0,0.45912558
8284,26,0,0.34436315
8285,28,0,0.70663834
8286,22,0,0.4401065
8287,18,1,0.7228298
8288,26,0,0.40764886
8289,0,0,0.36668485
8290,16,0,0.38452873
8291,28,1,0.50539964
8292,9,1,0.575899
8293,6,0,0.6008215
8294,27,1,0.5228041
8295,12,1,0.4611974
8296,16,1,0.4325115
8297,13,0,0.47923017
8298,15,1,0.44336325
8299,12,1,0.79187864
8300,10,1,0.60582393
8301,0,1,0.5519027
8302,6,1,0.8082612
8303,25,1,0.67262775
8304,11,0,0.3419137
8305,27,1,0.6522237
8306,11,1,0.41269246
8307,13,1,0.5612394
8308,17,0,0.33831695
8309,12,1,0.5186363
8310,6,1,0.282912
8311,9,1,0.613461
8312,1,0,0.3817243
8313,22,1,0.3754153
8314,15,0,0.2425494
8315,8,0,0.4652435
8316,16,1,0.80084
8317,6,1,0.3127927
8318,25,0,0.3496505
8319,10,0,0.38629103
8320,27,0,0.31220925
8321,10,0,0.48512474
8322,6,0,0.29592013
8323,22,1,0.7197931
8324,22,1,0.33313644
8325,5,0,0.48726884
8326,8,1,0.33746952
8327,11,0,0.36995322
8328,0,0,0.2677264
8329,10,1,0.6152226
8330,17,0,0.33307555
8331,27,1,0.54260707
8332,2,0,0.7101938
8333,15,0,0.24115978
8334,26,1,0.5663506
8335,10,1,0.7779243
8336,0,0,0.31335372
8337,21,1,0.5795699
8338,16,1,0.65989876
8339,19,0,0.28254274
8340,20,1,0.39075285
8341,15,1,0.5306728
8342,10,1,0.5807809
8343,1,1,0.56606066
8344,2,1,0.73311245
8345,15,1,0.49502066
8346,14,1,0.57033336
8347,18,1,0.5631706
8348,3,1,0.6881659
8349,8,0,0.4506727
8350,0,0,0.31607732
8351,3,1,0.5862128
8352,1,0,0.34235957
8353,11,1,0.81878597
8354,10,0,0.3591812
8355,13,1,0.34204826
8356,6,1,0.3409401
8357,25,1,0.5035336
8358,22,0,0.33034506
8359,4,0,0.31413406
8360,10,0,0.4691128
8361,3,0,0.5489135
8362,17,1,0.41783106
8363,0,0,0.23655017
8364,16,0,0.5261667
8365,13,0,0.41412
8366,0,1,0.30106297
8367,3,1,0.39777702
8368,12,1,0.2855081
8369,12,0,0.65207577
8370,16,0,0.41533315
8371,16,0,0.7299898
8372,1,1,0.26010418
8373,25,1,0.5767347
8374,2,0,0.37801632
8375,11,0,0.4037665
8376,16,0,0.7117265
8377,13,0,0.48382238
8378,21,1,0.7907409
8379,22,1,0.27778858
8380,7,0,0.38932264
8381,18,0,0.5941762
8382,19,0,0.7414172
8383,7,1,0.4887557
8384,15,1,0.6057959
8385,15,0,0.32102248
8386,25,1,0.5597875
8387,8,1,0.34314826
8388,27,0,0.5444598
8389,11,0,0.7163754
8390,9,0,0.4206092
8391,17,1,0.5880819
8392,18,0,0.50289375
8393,2,0,0.39696586
8394,12,0,0.3720137
8395,21,0,0.54125875
8396,27,0,0.3408913
8397,20,1,0.6575419
8398,11,0,0.37292075
8399,10,0,0.36576542
8400,26,1,0.4347696
8401,15,0,0.26437846
8402,20,0,0.25193006
8403,16,0,0.42334563
8404,8,0,0.33709484
8405,7,1,0.32321706
8406,12,1,0.41292372
8407,8,1,0.63178235
8408,17,1,0.67432255
8409,12,0,0.44643375
8410,8,1,0.37227863
8411,2,1,0.5866017
8412,25,1,0.6668564
8413,1,1,0.68374974
8414,8,0,0.5357015
8415,9,0,0.25401148
8416,18,0,0.21146452
8417,25,0,0.363075
8418,3,1,0.5193021
8419,16,0,0.5787845
8420,5,1,0.44116867
8421,2,0,0.55801624
8422,9,1,0.25103047
8423,23,0,0.44873235
8424,18,0,0.6674696
8425,17,1,0.6917162
8426,2,0,0.25764817
8427,17,1,0.68611825
8428,17,1,0.6992738
8429,18,1,0.5416342
8430,2,1,0.6480319
8431,15,0,0.6782522
8432,13,1,0.31650758
8433,11,1,0.7048919
8434,7,0,0.5748051
8435,25,1,0.49103802
8436,12,1,0.48253798
8437,14,1,0.5878939
8438,11,0,0.571407
8439,10,0,0.29888523
8440,3,0,0.5448629
8441,4,1,0.55630887
8442,28,1,0.604763
8443,24,0,0.4030203
8444,26,0,0.621367
8445,6,0,0.42899615
8446,2,0,0.6101934
8447,17,1,0.48923093
8448,25,1,0.6498524
8449,6,0,0.27610376
8450,12,1,0.76582706
8451,24,1,0.7154988
8452,6,0,0.3535388
8453,8,1,0.73950404
8454,25,0,0.24573605
8455,27,1,0.79955167
8456,11,0,0.27557027
8457,13,1,0.5407259
8458,9,0,0.28293726
8459,13,0,0.39863312
8460,15,1,0.46926183
8461,26,0,0.5648858
8462,13,1,0.40565014
8463,17,1,0.8399445
8464,14,0,0.4904315
8465,8,1,0.72213894
8466,3,1,0.40903717
8467,20,0,0.54837734
8468,15,0,0.4239761
8469,21,1,0.5850036
8470,13,0,0.5935504
8471,21,1,0.6934416
8472,22,1,0.56547874
8473,11,0,0.41743383
8474,8,0,0.3672545
8475,28,0,0.35757828
8476,17,0,0.3998887
8477,8,0,0.57553333
8478,26,0,0.38987353
8479,16,0,0.61145264
8480,17,1,0.63107854
8481,25,1,0.44498
8482,10,0,0.4375222
8483,18,1,0.6411303
8484,25,0,0.600196
8485,13,1,0.45099393
8486,19,1,0.48363698
8487,7,1,0.5960251
8488,6,1,0.41591313
8489,20,1,0.5764428
8490,4,0,0.36930397
8491,26,1,0.36069286
8492,8,0,0.52798873
8493,17,0,0.28859818
8494,1,1,0.5820934
8495,10,1,0.37843278
8496,8,0,0.6084172
8497,25,0,0.47435609
8498,25,0,0.35680524
8499,24,0,0.50126624
8500,13,1,0.65923834
8501,10,0,0.5685339
8502,23,1,0.6946133
8503,18,0,0.35122195
8504,22,1,0.5667049
8505,1,0,0.64720976
8506,25,0,0.48852998
8507,12,0,0.338361
8508,15,1,0.8432299
8509,25,1,0.5688231
8510,26,0,0.46688864
8511,2,1,0.5033395
8512,1,1,0.62073123
8513,2,1,0.771398
8514,23,0,0.4025579
8515,27,0,0.38273087
8516,28,1,0.6314049
8517,25,0,0.50039876
8518,16,0,0.2869905
8519,17,0,0.4093332
8520,22,1,0.60511136
8521,20,0,0.6787516
8522,26,0,0.3918598
8523,26,1,0.7023954
8524,1,1,0.57298326
8525,19,0,0.38749164
8526,2,0,0.43862948
8527,16,1,0.48400488
8528,15,0,0.26913324
8529,25,0,0.29533747
8530,27,1,0.5602543
8531,11,0,0.48791033
8532,1,1,0.75096107
8533,15,0,0.576613
8534,2,1,0.44379732
8535,13,1,0.6676077
8536,28,1,0.78199756
8537,8,1,0.62534213
8538,27,0,0.38949752
8539,13,1,0.6691049
8540,4,1,0.7009221
8541,10,1,0.5478799
8542,24,0,0.6115586
8543,17,0,0.60516024
8544,23,0,0.28762037
8545,26,0,0.74530834
8546,21,1,0.712311
8547,27,0,0.5865209
8548,27,1,0.57787067
8549,13,1,0.43255562
8550,14,1,0.6350591
8551,7,0,0.30668822
8552,6,0,0.43313614
8553,12,1,0.6596261
8554,8,1,0.47755876
8555,17,0,0.37023982
8556,25,0,0.640135
8557,17,0,0.6937128
8558,20,1,0.6233758
8559,1,0,0.33286783
8560,13,1,0.43000147
8561,14,0,0.5813838
8562,17,1,0.4448993
8563,12,0,0.520975
8564,6,0,0.27930063
8565,21,0,0.45356733
8566,24,0,0.284394
8567,10,1,0.45377436
8568,1,1,0.73670644
8569,26,0,0.40523314
8570,26,0,0.2976397
8571,1,1,0.8025607
8572,17,1,0.6872365
8573,13,1,0.51507187
8574,5,1,0.70963037
8575,9,0,0.31560916
8576,16,1,0.6554441
8577,11,1,0.6334005
8578,18,1,0.63076746
8579,0,0,0.2949692
8580,6,1,0.28698432
8581,9,1,0.61907375
8582,8,0,0.31724674
8583,12,0,0.39184114
8584,2,0,0.35239014
8585,27,0,0.4122756
8586,20,0,0.67805904
8587,9,1,0.6265436
8588,20,1,0.56584805
8589,13,0,0.28180954
8590,24,1,0.6712499
8591,20,1,0.5250474
8592,28,0,0.48744383
8593,24,1,0.60703504
8594,1,1,0.42248115
8595,16,1,0.645025
8596,6,0,0.6054859
8597,8,1,0.67557496
8598,15,1,0.64864606
8599,0,1,0.40057325
8600,3,0,0.31995568
8601,0,0,0.42982116
8602,8,0,0.2768482
8603,3,1,0.4864035
8604,16,0,0.38172925
8605,14,1,0.6961169
8606,13,1,0.63444245
8607,15,1,0.71877635
8608,22,0,0.29039994
8609,6,1,0.58488476
8610,17,1,0.7847675
8611,14,0,0.42112914
8612,16,1,0.65145
8613,26,0,0.36933532
8614,3,1,0.7440028
8615,21,1,0.41627753
8616,18,0,0.37130255
8617,12,1,0.6601596
8618,2,0,0.49524382
8619,3,1,0.3377701
8620,1,1,0.6344319
8621,9,0,0.63130516
8622,14,1,0.5915526
8623,17,1,0.2937519
8624,19,1,0.57091016
8625,28,0,0.29790592
8626,19,1,0.63834745
8627,25,0,0.44786996
8628,1,1,0.58577317
8629,20,0,0.31575146
8630,22,0,0.69459
8631,14,1,0.40914324
8632,2,1,0.36560285
8633,23,0,0.4677254
8634,6,0,0.5934432
8635,20,1,0.68765473
8636,11,0,0.64750654
8637,26,1,0.6659735
8638,14,1,0.32693094
8639,11,1,0.43883416
8640,10,1,0.5801089
8641,21,1,0.6981177
8642,3,0,0.54382175
8643,1,1,0.44333386
8644,15,1,0.58601
8645,20,0,0.4251316
8646,21,0,0.3249738
8647,12,0,0.4186949
8648,13,0,0.4060974
8649,1,0,0.2689481
8650,13,0,0.27262938
8651,6,1,0.7186028
8652,12,1,0.7195607
8653,12,0,0.68620354
8654,12,0,0.49421966
8655,26,0,0.49477923
8656,13,1,0.82148427
8657,17,1,0.6010938
8658,24,1,0.6905709
8659,7,0,0.56912875
8660,20,1,0.53102934
8661,9,1,0.69107234
8662,10,0,0.32076672
8663,8,0,0.60374725
8664,22,0,0.37499738
8665,18,0,0.38379276
8666,15,0,0.40260112
8667,25,1,0.59473866
8668,4,1,0.4425178
8669,15,0,0.2933659
8670,12,1,0.4007085
8671,25,1,0.5959775
8672,8,0,0.28176808
8673,16,1,0.6624663
8674,0,0,0.629833
8675,10,1,0.7839999
8676,10,1,0.3612666
8677,11,0,0.30053696
8678,2,0,0.3428136
8679,2,0,0.49726513
8680,3,0,0.33540165
8681,14,1,0.518387
8682,23,0,0.4542288
8683,8,0,0.6647163
8684,21,0,0.44603106
8685,8,1,0.6035604
8686,27,1,0.75541115
8687,27,1,0.4528423
8688,22,0,0.6040931
8689,4,1,0.34127158
8690,28,0,0.56709045
8691,12,0,0.33114958
8692,16,0,0.60546166
8693,11,1,0.5109336
8694,11,0,0.31205773
8695,16,0,0.43781942
8696,2,1,0.6633034
8697,7,1,0.4819379
8698,3,1,0.5824587
8699,6,1,0.720434
8700,13,1,0.7397495
8701,25,0,0.28208202
8702,15,0,0.50289595
8703,16,1,0.64943314
8704,19,0,0.49551237
8705,8,0,0.34392485
8706,21,1,0.79390854
8707,16,0,0.59997183
8708,6,1,0.5867211
8709,26,1,0.37560746
8710,15,0,0.35148916
8711,2,0,0.5468316
8712,3,0,0.7174624
8713,6,1,0.31570554
8714,8,0,0.4070586
8715,24,0,0.40297848
8716,7,0,0.4045841
8717,13,0,0.40777504
8718,7,0,0.39226642
8719,21,1,0.38387445
8720,22,1,0.5471116
8721,23,1,0.41634172
8722,7,1,0.6933908
8723,25,0,0.3029752
8724,3,0,0.29104894
8725,6,1,0.5942704
8726,25,0,0.32809886
8727,13,0,0.37449044
8728,26,1,0.532998
8729,28,1,0.5513095
8730,0,1,0.7191606
8731,2,1,0.33188018
8732,22,0,0.5956834
8733,19,0,0.6198619
8734,13,0,0.42334828
8735,7,0,0.28601748
8736,2,1,0.6059594
8737,12,1,0.4977698
8738,26,0,0.38741112
8739,20,1,0.3961955
8740,8,1,0.38379598
8741,11,1,0.5582772
8742,6,1,0.3314339
8743,19,1,0.7082989
8744,28,1,0.3234789
8745,17,1,0.693295
8746,16,0,0.5400262
8747,27,0,0.6126227
8748,14,1,0.78289443
8749,22,1,0.36433336
8750,14,1,0.63341916
8751,25,1,0.6690034
8752,6,1,0.29601726
8753,22,1,0.6378051
8754,18,1,0.6516047
8755,10,1,0.74393606
8756,2,0,0.3348589
8757,17,1,0.30797836
8758,28,1,0.32306924
8759,16,0,0.34659386
8760,16,0,0.40899253
8761,13,1,0.63865834
8762,15,1,0.65797573
8763,3,1,0.3288651
8764,4,0,0.5681968
8765,10,0,0.34948352
8766,28,0,0.33130106
8767,16,0,0.26308754
8768,13,1,0.30321103
8769,2,0,0.61579984
8770,9,1,0.66510886
8771,17,1,0.35377002
8772,1,1,0.48908648
8773,24,0,0.72294337
8774,0,1,0.74450725
8775,2,0,0.44045717
8776,12,0,0.348721
8777,4,0,0.5788685
8778,7,1,0.40328732
8779,7,0,0.37429807
8780,10,1,0.43456888
8781,13,1,0.52593905
8782,7,1,0.31118774
8783,8,0,0.63044286
8784,5,0,0.43104693
8785,20,0,0.6352749
8786,1,1,0.81345624
8787,8,1,0.54676604
8788,23,0,0.63390243
8789,1,1,0.7195533
8790,3,1,0.51752687
8791,20,0,0.60822
8792,14,1,0.72272134
8793,22,0,0.26745296
8794,18,1,0.47011974
8795,27,1,0.7948372
8796,17,1,0.2549719
8797,15,1,0.290376
8798,8,0,0.3456883
8799,26,1,0.8034448
8800,26,0,0.3891087
8801,16,1,0.52004045
8802,14,0,0.524349
8803,20,0,0.39046377
8804,25,1,0.5065866
8805,2,1,0.84372836
8806,20,0,0.25147724
8807,1,1,0.53527117
8808,18,1,0.3088439
8809,13,0,0.34989005
8810,26,1,0.34396836
8811,17,0,0.22019866
8812,28,0,0.45110822
8813,13,1,0.29843765
8814,15,1,0.3285418
8815,26,1,0.72205937
8816,13,1,0.3196595
8817,7,0,0.24825118
8818,27,1,0.6394647
8819,13,0,0.7611822
8820,1,0,0.34646183
8821,25,1,0.6917696
8822,19,1,0.55406463
8823,13,1,0.6669899
8824,19,1,0.80880684
8825,2,1,0.31234032
8826,21,1,0.32331425
8827,28,0,0.6552929
8828,27,0,0.35464785
8829,15,0,0.47472772
8830,18,1,0.36833787
8831,22,1,0.58464676
8832,11,0,0.47552472
8833,13,0,0.30030498
8834,20,1,0.50669086
8835,17,0,0.44848907
8836,10,0,0.274026
8837,6,1,0.46112314
8838,22,0,0.28206828
8839,24,0,0.46783563
8840,0,1,0.46979606
8841,21,1,0.64775133
8842,14,0,0.3379092
8843,2,0,0.46687925
8844,3,0,0.31838933
8845,1,1,0.34239352
8846,6,1,0.71444565
8847,16,1,0.6329196
8848,7,0,0.30293572
8849,23,0,0.37213865
8850,27,0,0.4486284
8851,20,1,0.35316935
8852,28,0,0.41135058
8853,14,0,0.35282287
8854,22,1,0.3048254
8855,21,0,0.34156027
8856,16,1,0.7388564
8857,6,0,0.42002144
8858,23,0,0.44341582
8859,13,1,0.7103005
8860,16,0,0.29034638
8861,18,1,0.50390524
8862,2,1,0.3071041
8863,15,0,0.3638193
8864,14,1,0.4041942
8865,3,1,0.44273347
8866,13,0,0.42051297
8867,15,1,0.73730564
8868,27,1,0.56128615
8869,26,1,0.70582384
8870,10,1,0.3482646
8871,22,0,0.7008469
8872,7,1,0.686226
8873,22,0,0.34306595
8874,9,0,0.7135648
8875,2,0,0.30364516
8876,22,0,0.297327
8877,19,1,0.4281488
8878,7,0,0.5691041
8879,1,1,0.62429154
8880,4,0,0.5591176
8881,17,0,0.36026898
8882,3,0,0.31119692
8883,26,1,0.48089024
8884,28,1,0.49056622
8885,12,1,0.40439773
8886,13,1,0.7369514
8887,25,0,0.48024365
8888,26,0,0.5080112
8889,16,1,0.63584024
8890,14,1,0.52401686
8891,18,0,0.29892978
8892,26,0,0.34360236
8893,3,1,0.72969633
8894,1,0,0.5028831
8895,1,0,0.60026646
8896,28,1,0.60775554
8897,3,1,0.5287388
8898,19,1,0.6775706
8899,1,0,0.2511984
8900,25,0,0.42005086
8901,15,0,0.4559251
8902,16,0,0.3024069
8903,13,0,0.25912523
8904,25,0,0.6259022
8905,19,0,0.57933843
8906,28,1,0.34203976
8907,16,1,0.8238666
8908,1,1,0.6324129
8909,2,0,0.6446548
8910,2,1,0.8366564
8911,16,0,0.31743556
8912,5,0,0.23752967
8913,8,0,0.40406993
8914,28,1,0.5017229
8915,21,1,0.51221323
8916,12,0,0.3245293
8917,20,0,0.35255283
8918,4,1,0.66007173
8919,16,1,0.45970824
8920,5,0,0.57778794
8921,7,1,0.40212697
8922,17,0,0.32580012
8923,13,0,0.34599468
8924,16,0,0.6629119
8925,18,0,0.49378794
8926,13,1,0.7878268
8927,26,0,0.49196032
8928,17,0,0.27005485
8929,18,1,0.76410145
8930,10,0,0.53034675
8931,2,1,0.43652108
8932,18,0,0.8171511
8933,27,1,0.55540043
8934,28,1,0.6512215
8935,25,0,0.24789977
8936,0,1,0.39986926
8937,17,1,0.70030195
8938,3,1,0.7980646
8939,2,1,0.8037277
8940,26,0,0.23596536
8941,10,0,0.3868476
8942,24,0,0.6398183
8943,28,0,0.36117098
8944,13,0,0.37108546
8945,25,0,0.29455775
8946,2,1,0.6212443
8947,13,1,0.29546756
8948,2,1,0.60356396
8949,10,1,0.75062156
8950,10,1,0.7736213
8951,28,0,0.299974
8952,20,1,0.4985801
8953,17,0,0.2643637
8954,3,1,0.82051176
8955,4,1,0.31740674
8956,8,1,0.85639286
8957,13,1,0.56961834
8958,7,1,0.43995228
8959,15,0,0.2998737
8960,13,0,0.41238838
8961,18,0,0.46496388
8962,2,1,0.42540693
8963,13,0,0.77823156
8964,8,0,0.31593928
8965,25,1,0.34286693
8966,5,1,0.28882414
8967,8,0,0.3348568
8968,8,0,0.49838316
8969,4,0,0.59509516
8970,0,0,0.32127824
8971,8,1,0.7850354
8972,4,0,0.39974946
8973,27,0,0.31751725
8974,18,0,0.35184976
8975,8,0,0.8217871
8976,12,1,0.707119
8977,22,1,0.81593496
8978,13,0,0.32791978
8979,18,1,0.80816025
8980,24,1,0.51701635
8981,1,1,0.47204277
8982,15,0,0.28805825
8983,25,0,0.40919974
8984,8,1,0.42023557
8985,26,1,0.474619
8986,20,1,0.5961139
8987,9,0,0.32412234
8988,22,0,0.4423327
8989,8,1,0.5869931
8990,27,0,0.5826871
8991,19,0,0.2750989
8992,21,1,0.5876132
8993,16,1,0.58940065
8994,25,0,0.39415246
8995,9,1,0.38085285
8996,9,1,0.35756883
8997,18,1,0.47981924
8998,15,1,0.5549187
8999,25,1,0.7545561
9000,28,0,0.30509645
9001,20,1,0.5483145
9002,8,1,0.59972847
9003,8,1,0.683646
9004,26,0,0.61093926
9005,25,0,0.3143588
9006,27,1,0.27971697
9007,6,0,0.5119459
9008,25,1,0.44812572
9009,27,0,0.35256445
9010,25,0,0.69254076
9011,4,0,0.2620593
9012,19,0,0.33630604
9013,23,0,0.8248658
9014,9,1,0.51695263
9015,20,0,0.6334648
9016,24,0,0.33307034
9017,1,1,0.6506151
9018,17,0,0.2542662
9019,23,0,0.45203662
9020,1,0,0.5327336
9021,25,1,0.5241176
9022,17,0,0.35716
9023,9,0,0.36446974
9024,16,1,0.7583814
9025,12,0,0.46323326
9026,27,0,0.6189302
9027,21,1,0.66107506
9028,27,1,0.58371603
9029,10,0,0.3070076
9030,9,0,0.39085063
9031,4,1,0.36136684
9032,26,0,0.32819644
9033,14,0,0.2958702
9034,6,1,0.4904872
9035,19,0,0.43823856
9036,25,1,0.3805725
9037,4,1,0.70461977
9038,17,1,0.7124476
9039,16,1,0.4819106
9040,25,1,0.5263484
9041,21,0,0.63526255
9042,17,0,0.54454225
9043,10,1,0.3801727
9044,15,1,0.37738347
9045,22,0,0.6520044
9046,25,1,0.46863765
9047,8,1,0.69846696
9048,1,1,0.36315286
9049,12,1,0.3160842
9050,13,0,0.24883406
9051,21,1,0.2336011
9052,8,0,0.5992568
9053,17,0,0.2851992
9054,23,1,0.67868626
9055,24,1,0.63644516
9056,13,1,0.5594439
9057,2,0,0.30968985
9058,18,1,0.6425027
9059,16,0,0.2528053
9060,6,0,0.59449553
9061,27,0,0.3662808
9062,13,0,0.7366685
9063,27,0,0.33276415
9064,8,1,0.6316457
9065,24,0,0.33812436
9066,10,0,0.25848487
9067,16,1,0.48136604
9068,16,0,0.24572419
9069,26,0,0.5113769
9070,19,1,0.689262
9071,9,1,0.637312
9072,18,1,0.6416485
9073,9,0,0.33227745
9074,16,0,0.4854867
9075,10,0,0.6694478
9076,25,1,0.57776093
9077,15,1,0.3585859
9078,25,0,0.41055587
9079,20,0,0.54956865
9080,17,0,0.38382474
9081,14,1,0.5942864
9082,21,0,0.6558186
9083,23,1,0.42657372
9084,2,1,0.5453323
9085,27,0,0.2281595
9086,2,1,0.50520414
9087,20,1,0.43900797
9088,10,0,0.4222604
9089,16,0,0.4437212
9090,25,0,0.50778365
9091,8,1,0.73144436
9092,15,0,0.29407123
9093,6,0,0.42395228
9094,20,0,0.78143173
9095,5,1,0.7454124
9096,12,0,0.60800326
9097,17,1,0.56536573
9098,19,0,0.3036422
9099,5,1,0.4442027
9100,24,1,0.8111451
9101,2,0,0.36712718
9102,26,1,0.3959676
9103,21,0,0.5017656
9104,15,0,0.39370975
9105,2,0,0.52493584
9106,6,0,0.39860693
9107,11,1,0.6492736
9108,8,1,0.4965083
9109,23,0,0.6588681
9110,9,0,0.31867555
9111,18,1,0.5167764
9112,12,1,0.6579181
9113,16,0,0.67504144
9114,14,1,0.7115866
9115,6,0,0.7189058
9116,18,1,0.7071044
9117,25,0,0.24231108
9118,6,1,0.6718726
9119,28,0,0.64642423
9120,25,0,0.28401846
9121,13,0,0.5594168
9122,14,1,0.6978752
9123,22,0,0.33209708
9124,26,0,0.33059517
9125,28,1,0.65133995
9126,10,1,0.6480712
9127,2,0,0.5213307
9128,15,1,0.73908985
9129,7,0,0.46168828
9130,26,1,0.75685036
9131,28,1,0.77677685
9132,1,0,0.3874016
9133,15,1,0.577721
9134,2,1,0.48364517
9135,10,0,0.3395452
9136,13,0,0.38554195
9137,7,1,0.32804582
9138,8,0,0.3108439
9139,3,0,0.7414159
9140,23,1,0.56799376
9141,19,0,0.29500982
9142,26,1,0.6740168
9143,8,1,0.7385959
9144,3,1,0.4690206
9145,8,0,0.5170657
9146,27,1,0.5855251
9147,27,0,0.7542871
9148,26,1,0.72812766
9149,8,0,0.34380746
9150,24,0,0.57180154
9151,1,1,0.64910233
9152,13,1,0.30858204
9153,20,0,0.33190256
9154,26,0,0.4276324
9155,5,1,0.7311666
9156,28,1,0.5115426
9157,1,1,0.3439328
9158,9,0,0.45669755
9159,22,0,0.57357186
9160,18,0,0.4414765
9161,11,1,0.4339159
9162,1,1,0.6421785
9163,6,0,0.5582995
9164,13,0,0.43478605
9165,8,0,0.5556891
9166,19,1,0.37562656
9167,26,1,0.84625894
9168,22,0,0.6013371
9169,11,0,0.6260712
9170,2,1,0.46613768
9171,18,1,0.629305
9172,13,1,0.35393235
9173,3,1,0.66176206
9174,20,1,0.68428874
9175,15,1,0.44335884
9176,19,1,0.7622509
9177,2,1,0.56074667
9178,9,0,0.6233055
9179,13,1,0.32866883
9180,13,1,0.8107849
9181,11,1,0.46436003
9182,15,0,0.6737006
9183,9,0,0.5741669
9184,10,0,0.5231583
9185,2,1,0.281465
9186,16,1,0.8043911
9187,25,1,0.6345384
9188,14,1,0.4010397
9189,15,0,0.5435188
9190,16,0,0.4574849
9191,25,1,0.28856024
9192,12,1,0.7122684
9193,21,0,0.2990485
9194,15,1,0.34696198
9195,3,0,0.3661287
9196,2,0,0.45308825
9197,11,1,0.42404366
9198,19,1,0.75053847
9199,13,0,0.2871839
9200,27,0,0.6238539
9201,11,0,0.5642003
9202,23,1,0.32552826
9203,13,1,0.40620306
9204,2,0,0.7239966
9205,8,0,0.27800348
9206,0,0,0.28929824
9207,19,1,0.309534
9208,24,1,0.7065621
9209,23,0,0.32654238
9210,3,1,0.6998432
9211,15,1,0.5767161
9212,19,0,0.35827017
9213,1,0,0.319813
9214,27,1,0.319602
9215,14,0,0.78166467
9216,8,0,0.57918084
9217,27,0,0.47257745
9218,17,1,0.5989902
9219,4,1,0.7390487
9220,14,0,0.4574638
9221,9,0,0.34055135
9222,6,0,0.56656384
9223,8,0,0.3508215
9224,0,1,0.6546667
9225,6,0,0.581448
9226,13,0,0.51487315
9227,15,0,0.51324296
9228,19,1,0.61233467
9229,10,1,0.47359028
9230,1,1,0.5577373
9231,8,0,0.41750687
9232,0,0,0.38909075
9233,13,0,0.47219157
9234,16,1,0.22079422
9235,20,1,0.82566065
9236,0,1,0.39382547
9237,11,1,0.40301
9238,16,1,0.34455147
9239,7,1,0.61449504
9240,20,1,0.4685794
9241,4,1,0.6945532
9242,25,1,0.7485338
9243,13,1,0.39401668
9244,4,1,0.6880032
9245,24,1,0.51569736
9246,19,0,0.5894235
9247,0,1,0.4103713
9248,1,1,0.50884223
9249,16,1,0.6108956
9250,0,1,0.37491435
9251,11,0,0.49742895
9252,28,0,0.75087625
9253,3,0,0.57036376
9254,6,1,0.70888054
9255,22,1,0.8150683
9256,0,1,0.43686572
9257,16,0,0.2907173
9258,6,0,0.5271006
9259,1,0,0.31280333
9260,28,1,0.33365965
9261,0,0,0.37341553
9262,20,0,0.28351733
9263,13,1,0.4917017
9264,3,0,0.25179225
9265,22,0,0.23833656
9266,6,0,0.52589136
9267,27,1,0.280708
9268,26,0,0.4004531
9269,3,0,0.34160456
9270,14,0,0.45681444
9271,10,1,0.6122725
9272,14,1,0.6603702
9273,6,1,0.38433304
9274,3,0,0.27393305
9275,12,0,0.31235278
9276,15,1,0.37846157
9277,10,0,0.3184457
9278,16,1,0.7841266
9279,3,1,0.30043164
9280,10,1,0.7825263
9281,11,0,0.5830955
9282,22,1,0.37428924
9283,11,0,0.4945024
9284,2,1,0.36233976
9285,25,0,0.31010732
9286,21,0,0.35778713
9287,12,1,0.7094649
9288,8,0,0.4816912
9289,7,1,0.65985996
9290,28,1,0.49898723
9291,15,0,0.48211932
9292,10,0,0.30071428
9293,10,0,0.24538535
9294,25,1,0.44715136
9295,17,1,0.56707895
9296,13,0,0.35806972
9297,11,0,0.5856492
9298,15,1,0.52894574
9299,15,1,0.7209046
9300,20,1,0.66034466
9301,12,1,0.7625124
9302,0,1,0.6119108
9303,13,1,0.7192378
9304,13,0,0.30640528
9305,25,1,0.38861817
9306,22,0,0.43244147
9307,16,1,0.79628
9308,27,1,0.6125894
9309,3,1,0.626729
9310,10,0,0.5619324
9311,28,0,0.34441003
9312,2,1,0.7987832
9313,27,0,0.43255967
9314,23,0,0.30035907
9315,25,0,0.4412824
9316,5,0,0.31586662
9317,12,0,0.46604663
9318,2,1,0.6902675
9319,12,1,0.7166208
9320,22,1,0.7635514
9321,22,1,0.69306487
9322,16,1,0.69750667
9323,8,0,0.3091336
9324,2,0,0.3532937
9325,2,0,0.4345326
9326,19,0,0.2780223
9327,19,1,0.25350207
9328,12,1,0.6286815
9329,13,1,0.6361735
9330,2,0,0.7403432
9331,1,0,0.4687922
9332,18,1,0.84568703
9333,2,0,0.45853844
9334,23,0,0.37646464
9335,7,1,0.6553658
9336,12,0,0.5821885
9337,14,0,0.668943
9338,4,0,0.34500182
9339,9,0,0.3292314
9340,20,1,0.5017498
9341,22,1,0.58333135
9342,10,0,0.28436255
9343,25,0,0.3568234
9344,13,1,0.27348563
9345,23,0,0.2870904
9346,21,1,0.30975625
9347,10,1,0.66504717
9348,2,0,0.5073589
9349,6,1,0.5518637
9350,1,0,0.54915863
9351,1,0,0.50494206
9352,2,1,0.59456867
9353,16,1,0.68610626
9354,12,0,0.38639382
9355,18,1,0.4485945
9356,6,0,0.34020993
9357,26,1,0.61469316
9358,8,0,0.28365213
9359,6,0,0.2966604
9360,22,1,0.7710659
9361,16,0,0.4905086
9362,17,0,0.72309613
9363,26,1,0.6240949
9364,13,1,0.8081575
9365,2,1,0.5744828
9366,2,1,0.71318454
9367,13,1,0.4628792
9368,12,1,0.72713846
9369,6,1,0.51716113
9370,4,0,0.6136096
9371,20,0,0.52025884
9372,18,1,0.6066653
9373,1,1,0.5886999
9374,13,1,0.37159103
9375,2,1,0.31919518
9376,10,0,0.4057457
9377,27,1,0.327327
9378,1,1,0.51247317
9379,25,0,0.38862413
9380,21,1,0.5090391
9381,2,1,0.67547536
9382,10,0,0.6009302
9383,10,0,0.29295203
9384,2,0,0.66682917
9385,4,0,0.5903518
9386,26,1,0.2341023
9387,2,0,0.47961256
9388,3,0,0.62536615
9389,5,0,0.33639127
9390,4,0,0.5010026
9391,27,0,0.36633676
9392,6,1,0.63322693
9393,17,0,0.7424504
9394,18,0,0.33221397
9395,15,1,0.30318
9396,8,0,0.3383836
9397,26,0,0.31397414
9398,27,1,0.57447845
9399,16,0,0.2886942
9400,10,0,0.35287702
9401,26,1,0.6780432
9402,15,0,0.5756252
9403,13,0,0.54224354
9404,10,0,0.38609362
9405,16,1,0.35056952
9406,13,0,0.45119128
9407,6,0,0.27143708
9408,3,1,0.45585027
9409,15,0,0.5389848
9410,12,0,0.57469857
9411,4,0,0.27642474
9412,12,0,0.7671674
9413,26,0,0.5164382
9414,19,0,0.40768445
9415,16,0,0.57152194
9416,20,1,0.6378755
9417,14,1,0.33821464
9418,26,0,0.36921498
9419,1,0,0.29619977
9420,25,0,0.66621196
9421,0,1,0.81049687
9422,1,0,0.37386814
9423,0,0,0.28117067
9424,17,1,0.4744546
9425,24,0,0.3473484
9426,8,0,0.29541522
9427,14,1,0.5386511
9428,14,1,0.62693906
9429,1,1,0.49016148
9430,10,0,0.758746
9431,26,1,0.6443356
9432,15,0,0.37353718
9433,12,1,0.698875
9434,28,0,0.34591338
9435,15,1,0.78057015
9436,11,1,0.42287624
9437,21,1,0.38343036
9438,19,0,0.41139454
9439,11,0,0.7222627
9440,8,1,0.81878686
9441,16,0,0.4333033
9442,11,1,0.49014854
9443,9,1,0.52418375
9444,1,1,0.27982873
9445,17,1,0.65967476
9446,15,1,0.64707536
9447,22,0,0.6112972
9448,22,0,0.3187348
9449,24,1,0.6536799
9450,13,0,0.6580939
9451,16,1,0.7220739
9452,8,0,0.58262044
9453,24,1,0.74114805
9454,26,0,0.36654776
9455,16,0,0.53921634
9456,3,0,0.3598526
9457,16,1,0.5388488
9458,12,0,0.44959736
9459,1,0,0.39119276
9460,18,1,0.846692
9461,13,1,0.73588663
9462,12,0,0.4450289
9463,14,1,0.6441291
9464,23,1,0.4346896
9465,25,0,0.74910027
9466,22,0,0.336733
9467,16,1,0.6875763
9468,7,0,0.38348565
9469,7,0,0.32838315
9470,16,0,0.5382899
9471,16,1,0.2988223
9472,10,0,0.2647843
9473,26,1,0.6670793
9474,11,0,0.29966798
9475,27,0,0.2826304
9476,27,0,0.36397594
9477,0,1,0.31717256
9478,6,1,0.622153
9479,28,0,0.29933453
9480,25,0,0.2279245
9481,11,1,0.45182264
9482,18,0,0.32606047
9483,13,0,0.44210035
9484,19,1,0.6448737
9485,6,0,0.40171844
9486,5,1,0.37265915
9487,26,1,0.5985337
9488,27,0,0.31315622
9489,14,0,0.29828387
9490,16,0,0.36258712
9491,4,1,0.68821037
9492,10,1,0.36324692
9493,20,1,0.30361256
9494,13,0,0.54490834
9495,6,0,0.27032107
9496,18,0,0.26914153
9497,26,1,0.75934345
9498,13,1,0.6140779
9499,17,1,0.6723918
9500,2,0,0.30941418
9501,14,1,0.81697285
9502,3,0,0.2690735
9503,15,1,0.7654795
9504,2,1,0.5466674
9505,12,0,0.54858863
9506,25,1,0.352
9507,11,0,0.59402865
9508,12,1,0.47143734
9509,10,0,0.30002326
9510,23,1,0.62457734
9511,8,0,0.73247325
9512,16,0,0.24789324
9513,8,1,0.34218
9514,13,1,0.718736
9515,27,0,0.41535407
9516,20,0,0.71945196
9517,27,1,0.421895
9518,26,0,0.4760193
9519,28,1,0.52586854
9520,17,1,0.46555856
9521,26,0,0.45220456
9522,13,0,0.24323255
9523,13,0,0.30371574
9524,14,0,0.5800091
9525,15,0,0.5422179
9526,6,1,0.44434473
9527,18,1,0.56331056
9528,10,0,0.39687377
9529,4,1,0.32484967
9530,6,1,0.6434372
9531,27,0,0.37642944
9532,8,0,0.5228463
9533,4,0,0.4353108
9534,26,0,0.4027623
9535,3,0,0.28710565
9536,17,1,0.4855773
9537,20,1,0.42270702
9538,1,1,0.41213545
9539,25,1,0.5352085
9540,13,1,0.6684168
9541,12,1,0.7791112
9542,9,1,0.60770386
9543,23,0,0.47394916
9544,27,1,0.32655618
9545,17,1,0.6058213
9546,15,1,0.8095103
9547,16,0,0.5182039
9548,2,0,0.6509768
9549,24,0,0.40640047
9550,9,0,0.5721034
9551,2,0,0.29467222
9552,10,0,0.56877875
9553,15,1,0.47653708
9554,10,1,0.52426666
9555,27,0,0.62183005
9556,1,0,0.6740353
9557,6,0,0.32371458
9558,8,1,0.41552794
9559,2,1,0.63053524
9560,28,0,0.2752491
9561,15,1,0.61425376
9562,15,1,0.6657371
9563,14,0,0.5079284
9564,11,0,0.26821357
9565,13,0,0.42478827
9566,25,0,0.4355166
9567,7,1,0.60518235
9568,28,0,0.61236125
9569,10,1,0.3060715
9570,0,1,0.6457624
9571,1,1,0.6403053
9572,11,1,0.7522054
9573,9,1,0.63960767
9574,23,1,0.66657203
9575,23,1,0.59317714
9576,14,0,0.4376995
9577,10,0,0.81637424
9578,13,1,0.62158567
9579,20,1,0.49802342
9580,11,1,0.40629086
9581,16,1,0.79334533
9582,25,0,0.25771108
9583,27,1,0.6610901
9584,26,1,0.77327716
9585,19,0,0.3714407
9586,1,0,0.44103912
9587,26,0,0.5238824
9588,2,1,0.2694449
9589,15,1,0.71705776
9590,20,1,0.47920418
9591,13,1,0.6285126
9592,19,0,0.52995473
9593,7,1,0.36112535
9594,9,1,0.6510371
9595,25,1,0.41436902
9596,2,0,0.22605917
9597,1,1,0.5656713
9598,14,1,0.54453117
9599,2,0,0.5295247
9600,16,1,0.41671658
9601,6,0,0.52091193
9602,16,1,0.4226723
9603,1,1,0.36710492
9604,16,0,0.38262904
9605,27,0,0.26126584
9606,13,1,0.59449637
9607,15,1,0.70051247
9608,28,0,0.5643163
9609,16,1,0.39652446
9610,7,0,0.64493954
9611,2,0,0.28437606
9612,1,1,0.40110126
9613,13,1,0.45230332
9614,11,0,0.26678836
9615,11,0,0.48029655
9616,26,0,0.37471518
9617,24,0,0.36581552
9618,25,1,0.7766008
9619,12,1,0.4502142
9620,3,0,0.33470088
9621,8,0,0.35705936
9622,17,0,0.3220545
9623,11,0,0.56147
9624,10,0,0.42341
9625,27,1,0.5220519
9626,22,0,0.31161886
9627,26,1,0.36514637
9628,26,1,0.47476673
9629,4,0,0.35464704
9630,4,0,0.23980735
9631,11,0,0.28824463
9632,16,0,0.37074408
9633,7,0,0.29585078
9634,0,0,0.21097767
9635,26,1,0.73251873
9636,6,0,0.2981818
9637,0,1,0.3700516
9638,10,0,0.54434115
9639,12,1,0.38496417
9640,12,1,0.5602174
9641,20,0,0.35887697
9642,11,0,0.38790745
9643,1,1,0.6560326
9644,17,1,0.62159365
9645,16,0,0.4787685
9646,2,1,0.7283802
9647,13,0,0.30002186
9648,28,0,0.6486831
9649,15,1,0.3098252
9650,2,0,0.73611903
9651,4,0,0.6251038
9652,26,1,0.83960956
9653,23,0,0.610229
9654,3,0,0.388614
9655,21,1,0.5748866
9656,6,0,0.2806001
9657,6,0,0.5880216
9658,13,0,0.38663113
9659,26,0,0.41056475
9660,8,0,0.630807
9661,1,0,0.4846925
9662,8,1,0.4556719
9663,26,1,0.64704704
9664,4,0,0.6020587
9665,12,1,0.662133
9666,18,1,0.6159319
9667,14,0,0.5683297
9668,10,0,0.3564129
9669,25,0,0.5809622
9670,25,1,0.7152229
9671,11,0,0.25827253
9672,3,1,0.52664
9673,4,0,0.43633226
9674,23,0,0.5804048
9675,26,0,0.7842399
9676,13,0,0.6611391
9677,7,1,0.4551157
9678,19,1,0.2796858
9679,13,1,0.48564696
9680,15,1,0.3876814
9681,2,0,0.41626796
9682,26,1,0.37126988
9683,3,1,0.7015413
9684,8,1,0.83991784
9685,25,1,0.741929
9686,25,1,0.63649076
9687,9,0,0.45249277
9688,4,1,0.50229824
9689,20,1,0.5839506
9690,15,0,0.3146056
9691,12,0,0.39333192
9692,1,0,0.59891593
9693,2,1,0.61976874
9694,27,0,0.48992628
9695,2,1,0.6894838
9696,6,1,0.8004051
9697,13,1,0.5578626
9698,18,0,0.5449302
9699,3,0,0.30574748
9700,13,0,0.6508885
9701,20,0,0.3844436
9702,7,0,0.5248271
9703,0,0,0.56428236
9704,10,0,0.5674608
9705,16,0,0.31465197
9706,11,1,0.6206787
9707,9,1,0.6570747
9708,1,0,0.310946
9709,20,0,0.40517372
9710,4,0,0.38471574
9711,28,1,0.49984044
9712,2,1,0.60688066
9713,5,1,0.80286545
9714,2,1,0.36877412
9715,23,1,0.6655391
9716,11,0,0.3359075
9717,3,1,0.40131167
9718,20,0,0.3120008
9719,12,0,0.48486876
9720,21,0,0.69699275
9721,18,1,0.357565
9722,3,0,0.36553347
9723,3,1,0.28561124
9724,16,0,0.26137868
9725,18,1,0.3389479
9726,11,1,0.61156327
9727,1,0,0.7976147
9728,11,1,0.691042
9729,10,1,0.30064076
9730,11,0,0.36130866
9731,13,0,0.3785574
9732,12,1,0.58428174
9733,12,1,0.65295315
9734,5,1,0.5461816
9735,4,1,0.6498364
9736,4,1,0.6518042
9737,6,1,0.6609872
9738,23,1,0.7327745
9739,4,1,0.6443138
9740,25,0,0.66873515
9741,27,0,0.36754888
9742,13,0,0.3063497
9743,16,0,0.28673223
9744,11,0,0.67352635
9745,17,1,0.71798587
9746,14,0,0.22574037
9747,15,0,0.46156952
9748,9,0,0.5266485
9749,27,1,0.5924659
9750,10,0,0.3508409
9751,15,0,0.40978986
9752,15,0,0.62374896
9753,16,0,0.26695633
9754,23,1,0.6556281
9755,3,0,0.5078587
9756,25,1,0.74421966
9757,4,1,0.4338432
9758,15,1,0.566645
9759,26,1,0.4473179
9760,9,1,0.64722806
9761,20,0,0.6608717
9762,8,1,0.63997173
9763,12,1,0.8224676
9764,10,0,0.64984125
9765,7,0,0.757953
9766,2,0,0.5020122
9767,11,0,0.48774883
9768,16,1,0.7404847
9769,17,1,0.61019874
9770,28,0,0.2265457
9771,6,1,0.76260155
9772,11,0,0.6371372
9773,9,0,0.43296543
9774,24,1,0.743368
9775,25,0,0.3231999
9776,8,0,0.6474835
9777,10,0,0.3922499
9778,16,0,0.5404811
9779,18,1,0.6710839
9780,7,1,0.49376738
9781,28,0,0.59521025
9782,13,1,0.67637455
9783,20,0,0.566724
9784,8,1,0.53930175
9785,20,0,0.4207725
9786,22,1,0.47989154
9787,13,1,0.63236713
9788,18,1,0.66964465
9789,8,0,0.30091628
9790,23,1,0.39313188
9791,16,1,0.7053032
9792,15,1,0.7070265
9793,19,1,0.51946044
9794,26,0,0.48758453
9795,13,0,0.38585258
9796,18,1,0.62587816
9797,28,1,0.3962342
9798,13,0,0.7299731
9799,10,0,0.36880168
9800,27,0,0.26590768
9801,8,1,0.70047754
9802,23,1,0.6886053
9803,11,0,0.36691362
9804,18,0,0.3342292
9805,13,1,0.58978933
9806,20,1,0.6140599
9807,8,1,0.595103
9808,23,0,0.24193275
9809,12,1,0.62935233
9810,10,0,0.4188534
9811,13,1,0.3981618
9812,26,0,0.5190746
9813,22,0,0.25126952
9814,4,0,0.5815231
9815,13,1,0.5920214
9816,27,0,0.37550947
9817,14,1,0.53886
9818,25,1,0.48213783
9819,28,1,0.825721
9820,8,1,0.66542524
9821,15,0,0.4478517
9822,16,1,0.32379952
9823,11,0,0.6269927
9824,15,1,0.6764049
9825,14,1,0.8095172
9826,28,1,0.49335256
9827,8,1,0.28904036
9828,11,0,0.3188084
9829,16,1,0.40834522
9830,6,0,0.47254896
9831,15,0,0.5233567
9832,8,0,0.32342026
9833,11,0,0.52315086
9834,3,1,0.5825466
9835,11,0,0.4879968
9836,4,0,0.30425692
9837,25,1,0.67020154
9838,17,0,0.4658073
9839,1,0,0.30359513
9840,4,0,0.68298465
9841,23,0,0.4348507
9842,25,0,0.57008076
9843,7,1,0.2781947
9844,21,1,0.7018973
9845,12,0,0.4517915
9846,15,0,0.29149416
9847,24,0,0.31930336
9848,21,1,0.81977993
9849,25,1,0.3440924
9850,2,0,0.23028506
9851,23,0,0.27743316
9852,25,0,0.33350906
9853,8,0,0.41989136
9854,25,0,0.2986953
9855,11,1,0.5100565
9856,16,1,0.3083979
9857,8,0,0.46183416
9858,11,1,0.73045
9859,17,0,0.4795549
9860,13,0,0.36893824
9861,13,0,0.35504767
9862,17,1,0.6175585
9863,20,1,0.80325943
9864,8,1,0.44962558
9865,4,0,0.36387768
9866,0,1,0.73657906
9867,18,1,0.49082616
9868,9,0,0.5137049
9869,21,1,0.64475954
9870,23,0,0.33726642
9871,18,1,0.63466066
9872,27,1,0.5183513
9873,3,1,0.5944373
9874,22,1,0.5322873
9875,20,1,0.6288852
9876,13,1,0.76726735
9877,28,1,0.52329093
9878,17,0,0.5424171
9879,27,1,0.28478527
9880,10,1,0.5158239
9881,7,1,0.28305784
9882,0,1,0.4420433
9883,17,0,0.6014669
9884,5,0,0.31747252
9885,12,0,0.5904181
9886,10,1,0.33457118
9887,13,0,0.5078828
9888,12,0,0.43533123
9889,28,0,0.39523944
9890,0,1,0.62927526
9891,5,0,0.29535955
9892,1,1,0.69423604
9893,13,0,0.40115464
9894,1,0,0.3409379
9895,23,0,0.33393273
9896,23,0,0.33904794
9897,25,1,0.59765774
9898,2,0,0.3768667
9899,2,0,0.5511286
9900,20,1,0.5085055
9901,16,1,0.7546318
9902,12,0,0.45675606
9903,5,0,0.37199306
9904,25,0,0.63391936
9905,28,1,0.5705185
9906,13,0,0.6323124
9907,9,0,0.2934578
9908,23,0,0.35657752
9909,16,0,0.4253408
9910,6,1,0.5267183
9911,13,0,0.65407354
9912,11,0,0.7222391
9913,9,1,0.4255061
9914,9,1,0.71415615
9915,13,1,0.7614299
9916,21,0,0.51358914
9917,18,0,0.45174742
9918,1,1,0.44172618
9919,21,0,0.4277191
9920,7,0,0.41036415
9921,13,1,0.39530888
9922,13,0,0.32643807
9923,18,1,0.6711529
9924,26,0,0.6076463
9925,9,1,0.6304186
9926,1,1,0.7391522
9927,2,0,0.31584096
9928,11,1,0.33709404
9929,15,0,0.7024807
9930,1,1,0.7330194
9931,0,0,0.3086968
9932,22,0,0.6425144
9933,2,0,0.33862606
9934,27,1,0.30583018
9935,13,1,0.8076196
9936,9,1,0.6197268
9937,13,0,0.43316767
9938,14,0,0.43477878
9939,5,0,0.27017143
9940,3,1,0.7463186
9941,26,0,0.28427377
9942,3,1,0.6396179
9943,23,1,0.64162946
9944,16,0,0.41556177
9945,2,0,0.5808801
9946,9,1,0.5954711
9947,2,1,0.6126181
9948,13,1,0.81393605
9949,23,0,0.45462427
9950,2,0,0.34166932
9951,13,0,0.34825596
9952,13,1,0.83923966
9953,7,1,0.5222235
9954,10,0,0.44704112
9955,16,0,0.33582035
9956,26,1,0.75284404
9957,8,0,0.5849762
9958,17,0,0.46116957
9959,13,0,0.30644357
9960,25,0,0.51098484
9961,25,1,0.5472168
9962,3,1,0.46700972
9963,6,0,0.21878964
9964,9,0,0.47324467
9965,19,1,0.37312093
9966,9,0,0.31752205
9967,16,1,0.6333644
9968,28,0,0.3654352
9969,26,1,0.363296
9970,11,1,0.5432919
9971,22,0,0.30320585
9972,25,0,0.25876954
9973,13,1,0.3434049
9974,8,1,0.33061263
9975,2,0,0.4756002
9976,22,1,0.593031
9977,16,1,0.6322319
9978,17,1,0.84257764
9979,5,1,0.47206202
9980,10,0,0.6162667
9981,25,1,0.3727508
9982,15,1,0.31230813
9983,14,1,0.49807575
9984,11,0,0.2904866
9985,1,1,0.31083688
9986,6,1,0.6358231
9987,1,1,0.69080853
9988,18,1,0.7653504
9989,0,1,0.32588145
9990,16,0,0.29350945
9991,8,1,0.39242387
9992,2,0,0.44072258
9993,12,0,0.4750751
9994,12,0,0.30844855
9995,11,0,0.38883716
9996,8,0,0.67124873
9997,20,1,0.3102307
9998,25,0,0.43913734
9999,4,0,0.40460503
10000,1,1,0.43958995
10001,21,1,0.5434514
10002,19,0,0.36179507
10003,17,0,0.6174344
10004,25,1,0.6435568
10005,12,0,0.6414754
10006,26,0,0.48140156
10007,9,1,0.57894975
10008,8,0,0.6746917
10009,25,1,0.63496304
10010,6,1,0.6806358
10011,12,1,0.7036959
10012,8,0,0.5049914
10013,13,0,0.278809
10014,25,0,0.30989942
10015,3,0,0.57461613
10016,13,0,0.60198605
10017,20,1,0.5092715
10018,1,0,0.277306
10019,0,0,0.26080084
10020,7,1,0.8032226
10021,9,0,0.39697626
10022,2,1,0.5775751
10023,26,1,0.7724534
10024,20,0,0.34183556
10025,3,0,0.36890167
10026,7,1,0.63450646
10027,13,1,0.48561025
10028,15,0,0.54307055
10029,8,0,0.6919775
10030,1,1,0.25895658
10031,2,0,0.49422684
10032,10,0,0.77843225
10033,13,1,0.6926073
10034,4,1,0.5494865
10035,15,0,0.531152
10036,8,1,0.6621665
10037,13,0,0.29744372
10038,22,0,0.51648766
10039,24,0,0.31393844
10040,9,1,0.56607693
10041,24,0,0.31578544
10042,15,0,0.8104467
10043,12,1,0.61368483
10044,16,1,0.6049218
10045,6,0,0.26616833
10046,5,1,0.6908161
10047,2,1,0.79641044
10048,13,1,0.35905635
10049,13,0,0.46836257
10050,2,0,0.69890726
10051,8,1,0.585979
10052,6,1,0.3850091
10053,21,1,0.32274133
10054,17,1,0.44701278
10055,13,0,0.27269122
10056,25,1,0.5071008
10057,2,0,0.49677888
10058,5,0,0.31347433
10059,4,1,0.6065772
10060,27,1,0.72117436
10061,21,0,0.3549743
10062,7,0,0.5059639
10063,6,0,0.5377883
10064,25,1,0.5684596
10065,7,0,0.45971277
10066,13,1,0.71829927
10067,13,1,0.66026336
10068,27,1,0.38474223
10069,22,1,0.44465983
10070,11,0,0.63079107
10071,15,1,0.4764615
10072,3,1,0.60397494
10073,16,1,0.8139926
10074,2,0,0.30535176
10075,2,0,0.40998846
10076,12,0,0.55940527
10077,25,1,0.54107344
10078,7,0,0.6027841
10079,12,1,0.4318001
10080,11,0,0.5161675
10081,11,1,0.61300313
10082,25,0,0.51529396
10083,17,0,0.38246953
10084,16,0,0.56374
10085,23,1,0.46678764
10086,8,1,0.67231405
10087,17,0,0.24535945
10088,8,0,0.35727695
10089,25,1,0.55298996
10090,9,0,0.4699292
10091,3,0,0.28961477
10092,24,0,0.38006845
10093,10,0,0.53410167
10094,12,1,0.41697517
10095,15,0,0.31412748
10096,9,1,0.83403915
10097,10,1,0.58142096
10098,10,0,0.57699215
10099,18,0,0.74173754
10100,4,0,0.61034334
10101,16,1,0.64450157
10102,3,0,0.32294402
10103,22,1,0.4691419
10104,3,0,0.31123215
10105,10,1,0.5394161
10106,12,1,0.5654285
10107,14,0,0.3433003
10108,16,1,0.6585779
10109,1,1,0.6795
10110,13,1,0.46521664
10111,21,1,0.6019818
10112,10,1,0.75717294
10113,2,0,0.54703194
10114,14,0,0.37281728
10115,28,1,0.55004436
10116,13,0,0.42876488
10117,28,1,0.7386769
10118,21,0,0.7963735
10119,16,1,0.5557908
10120,14,1,0.77517146
10121,9,0,0.28727955
10122,27,1,0.7436013
10123,13,1,0.63030714
10124,6,1,0.22222024
10125,6,1,0.64527595
10126,23,0,0.29624024
10127,3,0,0.3739484
10128,16,0,0.2772547
10129,10,1,0.47183684
10130,8,1,0.49241138
10131,26,1,0.6438365
10132,18,1,0.4720908
10133,19,0,0.33215177
10134,7,1,0.5266401
10135,13,1,0.68254644
10136,15,0,0.43332818
10137,15,0,0.38832402
10138,12,1,0.3691369
10139,23,1,0.3845027
10140,6,1,0.3697179
10141,22,0,0.5400647
10142,12,1,0.5535932
10143,11,1,0.6365661
10144,2,0,0.65850663
10145,21,0,0.35179755
10146,6,1,0.43684933
10147,25,1,0.3773526
10148,3,0,0.2586098
10149,8,0,0.6249247
10150,25,1,0.76230025
10151,16,1,0.6369282
10152,17,0,0.44437566
10153,17,0,0.66926384
10154,28,0,0.45522878
10155,12,0,0.4047863
10156,2,0,0.54633045
10157,25,1,0.7503724
10158,1,1,0.77750593
10159,1,1,0.44467133
10160,27,0,0.5749298
10161,1,0,0.5389987
10162,13,0,0.24965002
10163,19,0,0.6349158
10164,11,1,0.78002536
10165,26,0,0.29940256
10166,11,0,0.501539
10167,15,0,0.27544633
10168,2,1,0.7746831
10169,2,0,0.2731971
10170,10,0,0.29706088
10171,2,1,0.36254203
10172,14,1,0.58614
10173,27,1,0.30526698
10174,26,1,0.7461357
10175,2,0,0.2767739
10176,8,0,0.6401984
10177,7,0,0.3015936
10178,3,1,0.5172044
10179,15,1,0.73918027
10180,13,1,0.31562787
10181,20,0,0.42858988
10182,10,0,0.4143743
10183,11,0,0.51674056
10184,11,0,0.5513353
10185,8,0,0.39684492
10186,16,0,0.32210326
10187,17,1,0.47111914
10188,2,1,0.7689742
10189,12,0,0.45114177
10190,2,0,0.6132992
10191,15,1,0.4681727
10192,7,0,0.28931814
10193,28,1,0.4301447
10194,8,0,0.2953195
10195,8,0,0.4860974
10196,24,0,0.29312393
10197,17,0,0.40789902
10198,3,1,0.64896196
10199,5,1,0.610587
10200,19,1,0.53595716
10201,2,1,0.6900278
10202,19,0,0.5832932
10203,8,0,0.68702424
10204,15,0,0.35379517
10205,1,0,0.40924188
10206,16,1,0.4074784
10207,11,0,0.2894594
10208,25,0,0.25272074
10209,28,0,0.4017026
10210,2,0,0.3459913
10211,1,1,0.78037006
10212,7,1,0.8289667
10213,2,1,0.28324714
10214,14,1,0.50819725
10215,17,1,0.36286086
10216,8,1,0.68534887
10217,15,1,0.5350907
10218,13,1,0.38593736
10219,26,1,0.805341
10220,16,0,0.26391968
10221,15,1,0.6504446
10222,26,1,0.77456474
10223,13,1,0.33285153
10224,28,0,0.26980215
10225,4,1,0.7352376
10226,6,1,0.6604194
10227,22,0,0.5946683
10228,5,0,0.24061732
10229,12,1,0.56678134
10230,23,0,0.5052416
10231,6,1,0.35335714
10232,7,1,0.46572486
10233,8,0,0.5096499
10234,12,1,0.6772954
10235,8,0,0.5176254
10236,8,1,0.6720014
10237,11,1,0.33394903
10238,3,1,0.59396696
10239,20,0,0.55775154
10240,28,1,0.6526919
10241,12,0,0.4489336
10242,28,0,0.44618827
10243,26,1,0.61582696
10244,10,0,0.33609995
10245,11,0,0.6261931
10246,13,0,0.5594264
10247,4,0,0.30083364
10248,25,1,0.556937
10249,17,0,0.75316
10250,27,1,0.5858445
10251,16,0,0.638036
10252,1,0,0.28347936
10253,8,0,0.3382323
10254,6,0,0.65578246
10255,1,1,0.5413538
10256,9,1,0.5839688
10257,13,0,0.5097681
10258,11,0,0.3467033
10259,12,1,0.69696116
10260,14,0,0.539544
10261,20,1,0.5326091
10262,1,1,0.82231873
10263,10,0,0.6080248
10264,10,1,0.333842
10265,11,0,0.5234197
10266,25,1,0.41987926
10267,19,0,0.65890026
10268,1,1,0.8033851
10269,19,1,0.4421531
10270,25,1,0.47511846
10271,20,0,0.33401698
10272,9,0,0.3352509
10273,17,0,0.23199657
10274,25,0,0.29282242
10275,1,1,0.62876606
10276,13,0,0.27939764
10277,6,0,0.4602908
10278,7,0,0.3486696
10279,27,1,0.6596012
10280,10,1,0.71503055
10281,11,1,0.7899569
10282,9,1,0.7845393
10283,5,1,0.63087004
10284,16,1,0.57420325
10285,2,1,0.63205636
10286,16,1,0.2816315
10287,10,1,0.6234557
10288,13,0,0.42026982
10289,22,1,0.6891763
10290,16,0,0.37469637
10291,11,1,0.64173514
10292,16,1,0.5749149
10293,25,0,0.29086584
10294,6,1,0.64519244
10295,12,1,0.6791624
10296,26,1,0.83492595
10297,13,1,0.3997965
10298,4,0,0.6340776
10299,1,1,0.62333196
10300,2,1,0.58861864
10301,15,1,0.6438898
10302,20,1,0.63453794
10303,22,1,0.47252086
10304,28,1,0.7109804
10305,2,1,0.4388245
10306,12,1,0.48242074
10307,11,1,0.24080415
10308,2,1,0.38922736
10309,27,0,0.4484114
10310,12,1,0.7275665
10311,7,0,0.33408824
10312,26,1,0.44552863
10313,13,1,0.7493846
10314,17,0,0.76523995
10315,25,0,0.45019284
10316,14,1,0.8529137
10317,15,0,0.44216764
10318,16,0,0.32195225
10319,20,1,0.722146
10320,3,0,0.4464519
10321,7,1,0.7006467
10322,2,1,0.60346025
10323,9,0,0.32840547
10324,17,0,0.2854565
10325,17,0,0.59921473
10326,25,0,0.5501542
10327,12,0,0.6864688
10328,1,1,0.5008461
10329,8,1,0.5105365
10330,13,1,0.4697047
10331,7,1,0.73353434
10332,19,1,0.6516103
10333,14,1,0.6542933
10334,1,1,0.4219827
10335,4,1,0.45079637
10336,12,0,0.6162046
10337,8,1,0.7450269
10338,23,0,0.30965662
10339,14,0,0.6691579
10340,25,1,0.37662888
10341,0,0,0.2893781
10342,28,1,0.270447
10343,15,0,0.4209107
10344,27,1,0.4031222
10345,7,0,0.27278808
10346,27,1,0.341734
10347,15,1,0.5063779
10348,26,0,0.3564873
10349,23,0,0.5824868
10350,10,1,0.3726392
10351,16,0,0.53762984
10352,21,0,0.45632362
10353,11,1,0.33349803
10354,2,0,0.55077535
10355,2,1,0.43380398
10356,12,1,0.5689793
10357,22,1,0.44253337
10358,9,1,0.36478922
10359,3,0,0.3577564
10360,6,0,0.4518898
10361,22,0,0.24719995
10362,25,0,0.35579124
10363,24,1,0.34712645
10364,1,0,0.48636958
10365,16,1,0.32391152
10366,16,0,0.27822354
10367,14,0,0.5813488
10368,11,1,0.7638998
10369,1,1,0.5769485
10370,27,0,0.44590977
10371,12,1,0.8233774
10372,1,0,0.381517
10373,26,0,0.45760545
10374,2,0,0.39380005
10375,25,1,0.65023667
10376,0,0,0.49164003
10377,27,1,0.7749855
10378,5,1,0.3537251
10379,13,0,0.64276135
10380,1,0,0.6083216
10381,7,1,0.5531231
10382,0,1,0.5632038
10383,11,0,0.29011044
10384,15,1,0.62754846
10385,1,1,0.7992712
10386,1,1,0.49002486
10387,1,0,0.3663193
10388,19,1,0.34061196
10389,8,0,0.4086749
10390,13,1,0.732321
10391,10,1,0.74067
10392,17,0,0.23065262
10393,23,1,0.44251704
10394,18,1,0.55270594
10395,28,1,0.45670253
10396,15,1,0.58809566
10397,8,0,0.6383484
10398,15,0,0.25983387
10399,3,1,0.6251921
10400,8,0,0.5474812
10401,11,0,0.37103894
10402,15,0,0.3545987
10403,1,1,0.6962121
10404,19,1,0.28815314
10405,16,0,0.6040672
10406,2,0,0.5137035
10407,18,0,0.6374441
10408,3,1,0.72946626
10409,26,0,0.3242902
10410,20,0,0.71654946
10411,0,0,0.6528487
10412,0,0,0.49400708
10413,21,0,0.57452834
10414,11,1,0.45567477
10415,23,1,0.45009133
10416,20,1,0.751471
10417,11,1,0.5922454
10418,4,0,0.39353773
10419,16,0,0.63378024
10420,10,1,0.62937486
10421,1,0,0.38137966
10422,5,0,0.32078025
10423,21,0,0.73052853
10424,10,1,0.37983385
10425,25,0,0.47729573
10426,2,1,0.6159283
10427,24,0,0.50268453
10428,9,0,0.30971214
10429,15,0,0.64848566
10430,4,1,0.47508153
10431,7,1,0.70011765
10432,16,0,0.40172946
10433,27,0,0.6082155
10434,16,0,0.3493891
10435,11,1,0.69238806
10436,26,1,0.55620176
10437,9,1,0.51067007
10438,1,0,0.6270853
10439,17,0,0.47809744
10440,8,1,0.6888299
10441,1,0,0.28388172
10442,1,1,0.8171862
10443,12,0,0.32402518
10444,20,0,0.24712886
10445,8,0,0.64365596
10446,15,0,0.36430836
10447,24,0,0.58940434
10448,2,0,0.37484786
10449,7,0,0.579895
10450,12,1,0.640614
10451,8,0,0.24313864
10452,6,1,0.5213395
10453,17,0,0.54272753
10454,22,0,0.35192624
10455,8,0,0.4533132
10456,23,1,0.6127803
10457,15,1,0.6503187
10458,14,0,0.4882806
10459,16,0,0.3090614
10460,9,1,0.6539749
10461,20,1,0.6391005
10462,22,1,0.44423243
10463,9,0,0.29141
10464,10,0,0.2947997
10465,7,1,0.53626
10466,8,1,0.64093703
10467,3,0,0.62371093
10468,2,0,0.38411796
10469,18,0,0.37599126
10470,7,0,0.29012665
10471,16,0,0.49528703
10472,11,1,0.7155843
10473,19,1,0.65229756
10474,15,0,0.31408274
10475,26,1,0.7421136
10476,18,0,0.2612501
10477,13,1,0.7365351
10478,0,1,0.70243126
10479,11,1,0.5958324
10480,7,0,0.36680594
10481,22,1,0.37014505
10482,15,1,0.29411826
10483,0,0,0.44025564
10484,13,1,0.45536917
10485,9,1,0.56354976
10486,13,0,0.3162592
10487,2,1,0.6217601
10488,26,1,0.67809325
10489,22,0,0.39925584
10490,12,0,0.6211348
10491,7,0,0.29826313
10492,3,0,0.4237639
10493,17,1,0.7673445
10494,2,0,0.3168793
10495,16,0,0.22816963
10496,10,0,0.6467992
10497,25,1,0.5923625
10498,21,0,0.53474826
10499,8,1,0.646027
10500,10,1,0.7478096
10501,2,1,0.5546342
10502,16,0,0.72199196
10503,6,0,0.31982172
10504,22,0,0.31378025
10505,4,1,0.4731404
10506,27,1,0.4907429
10507,16,0,0.55042654
10508,27,1,0.54672754
10509,9,1,0.27248758
10510,16,0,0.3111867
10511,22,1,0.5151222
10512,21,1,0.44406843
10513,22,0,0.3873468
10514,3,0,0.44043007
10515,8,0,0.25425127
10516,6,1,0.7407998
10517,26,0,0.54868335
10518,16,0,0.37296602
10519,15,0,0.3744293
10520,21,1,0.5104751
10521,3,0,0.49477282
10522,10,1,0.48865297
10523,13,1,0.7307213
10524,15,0,0.43642706
10525,22,0,0.6941294
10526,10,1,0.44616547
10527,8,0,0.2924991
10528,24,1,0.7740498
10529,8,1,0.84248406
10530,12,1,0.84371436
10531,26,0,0.5332777
10532,22,0,0.33732957
10533,19,1,0.49300662
10534,1,1,0.6373773
10535,6,1,0.6417438
10536,23,1,0.64090705
10537,13,0,0.37398118
10538,15,1,0.35372642
10539,22,1,0.39267656
10540,24,0,0.33098453
10541,18,0,0.28789094
10542,22,0,0.2670072
10543,7,1,0.8511342
10544,11,0,0.40028042
10545,10,0,0.67923063
10546,13,1,0.6705553
10547,13,1,0.7520409
10548,21,1,0.53895015
10549,9,0,0.42019296
10550,10,0,0.5207498
10551,15,1,0.7929888
10552,20,1,0.7342666
10553,8,0,0.53541636
10554,1,0,0.5585728
10555,22,1,0.6499407
10556,12,1,0.63361436
10557,27,0,0.59145206
10558,15,0,0.67522347
10559,2,0,0.37722957
10560,2,1,0.37987012
10561,8,1,0.554121
10562,7,1,0.5843685
10563,4,0,0.64551234
10564,13,1,0.423994
10565,24,1,0.54994404
10566,24,0,0.45631993
10567,17,0,0.5885073
10568,25,1,0.42480332
10569,21,1,0.61694914
10570,19,0,0.3157866
10571,21,0,0.7890319
10572,16,1,0.45317954
10573,22,1,0.25857425
10574,13,1,0.6875327
10575,2,0,0.4365819
10576,26,0,0.64756495
10577,26,0,0.23019706
10578,8,0,0.5768408
10579,7,0,0.49378267
10580,24,0,0.31329134
10581,13,0,0.382701
10582,26,1,0.6054833
10583,16,0,0.57371104
10584,1,1,0.38178182
10585,1,0,0.35131252
10586,8,0,0.5026664
10587,12,0,0.67961013
10588,22,1,0.77401775
10589,20,1,0.8147108
10590,14,1,0.8134129
10591,20,1,0.3421679
10592,26,1,0.6188372
10593,9,1,0.6928382
10594,26,1,0.79462004
10595,1,0,0.30313352
10596,14,0,0.37940252
10597,18,1,0.5920279
10598,1,1,0.8360179
10599,2,0,0.6704262
10600,16,0,0.4483189
10601,5,1,0.6285157
10602,10,0,0.32282776
10603,16,0,0.44339165
10604,15,1,0.5904547
10605,25,1,0.55828416
10606,17,0,0.45076495
10607,13,0,0.43733472
10608,25,0,0.5819266
10609,21,0,0.35389352
10610,15,0,0.5522229
10611,0,1,0.23895094
10612,8,0,0.36771387
10613,6,0,0.27715695
10614,7,1,0.3257823
10615,24,0,0.5497226
10616,1,1,0.7168226
10617,9,0,0.33447802
10618,15,0,0.32141158
10619,24,0,0.25507608
10620,16,0,0.64987206
10621,23,0,0.23271374
10622,26,1,0.6004773
10623,8,0,0.33900738
10624,23,1,0.635946
10625,10,1,0.64869356
10626,11,1,0.45174903
10627,15,1,0.7659899
10628,27,1,0.58076245
10629,3,0,0.5912441
10630,24,1,0.7235081
10631,2,0,0.4402048
10632,8,0,0.41560254
10633,8,0,0.33934033
10634,6,1,0.66594636
10635,26,0,0.30179036
10636,13,1,0.50617564
10637,25,0,0.5292002
10638,26,1,0.41515705
10639,15,1,0.5998866
10640,10,1,0.73548555
10641,27,1,0.73523057
10642,22,0,0.42781436
10643,12,0,0.36782074
10644,8,0,0.38550815
10645,2,1,0.71023506
10646,13,1,0.3662342
10647,26,0,0.6749253
10648,16,0,0.43872654
10649,2,1,0.56948805
10650,23,0,0.3780368
10651,13,0,0.41876417
10652,27,1,0.80821794
10653,13,0,0.2864577
10654,0,1,0.46506876
10655,11,0,0.4634482
10656,13,1,0.5907576
10657,26,1,0.4444757
10658,8,0,0.5864458
10659,3,1,0.28596094
10660,15,0,0.5585638
10661,16,0,0.42433384
10662,25,1,0.73713696
10663,8,1,0.47218657
10664,13,0,0.39923114
10665,9,0,0.7820407
10666,6,0,0.5883333
10667,27,1,0.646936
10668,11,1,0.5930191
10669,17,1,0.6057167
10670,15,1,0.574382
10671,16,0,0.33128986
10672,3,1,0.3430369
10673,20,0,0.3090704
10674,6,0,0.38461012
10675,19,0,0.67685175
10676,4,1,0.59496576
10677,10,1,0.454473
10678,13,0,0.30377844
10679,12,0,0.49299908
10680,13,1,0.7112136
10681,8,1,0.70870703
10682,10,0,0.4422178
10683,15,1,0.31531414
10684,9,1,0.4609884
10685,27,1,0.72989684
10686,27,0,0.6614719
10687,14,0,0.46527532
10688,7,1,0.31689337
10689,8,1,0.52738255
10690,16,1,0.3415397
10691,21,1,0.7693121
10692,1,0,0.43780777
10693,8,0,0.6428209
10694,16,0,0.5730732
10695,1,1,0.4901078
10696,26,0,0.30508214
10697,26,1,0.8168185
10698,25,0,0.31145635
10699,6,1,0.74570435
10700,16,0,0.6365235
10701,23,0,0.53829
10702,24,1,0.7248005
10703,3,0,0.28178447
10704,2,0,0.61041516
10705,10,0,0.3463481
10706,7,0,0.32290664
10707,22,0,0.3627156
10708,20,1,0.67158747
10709,13,0,0.37549856
10710,11,1,0.34052354
10711,10,1,0.26494008
10712,26,0,0.4477385
10713,26,0,0.2516315
10714,21,1,0.81502604
10715,5,0,0.5020502
10716,13,1,0.55414975
10717,17,0,0.48858035
10718,22,0,0.57914525
10719,12,1,0.70581853
10720,1,1,0.62363505
10721,16,0,0.29747388
10722,16,0,0.45449033
10723,24,1,0.6411698
10724,20,0,0.5027169
10725,15,1,0.5706857
10726,5,1,0.5509531
10727,16,1,0.41004232
10728,8,1,0.45149347
10729,7,1,0.5015725
10730,28,0,0.45714325
10731,20,1,0.8300224
10732,18,1,0.32574224
10733,16,1,0.66115254
10734,25,0,0.43940845
10735,10,0,0.37190548
10736,9,1,0.73655677
10737,2,1,0.54632074
10738,18,0,0.27487695
10739,16,1,0.7770353
10740,25,0,0.3315555
10741,1,1,0.65817016
10742,12,1,0.6507935
10743,26,1,0.46727714
10744,10,0,0.56184417
10745,25,1,0.514168
10746,21,1,0.43554458
10747,11,0,0.63200635
10748,20,0,0.48487854
10749,15,0,0.43509442
10750,11,0,0.39262804
10751,21,0,0.4517499
10752,27,0,0.430338
10753,3,1,0.5158082
10754,12,1,0.48603228
10755,3,0,0.63907504
10756,26,1,0.28478214
10757,18,1,0.5226544
10758,24,1,0.3553638
10759,20,1,0.61036426
10760,2,0,0.4295764
10761,5,0,0.6881067
10762,28,0,0.31300652
10763,2,1,0.7331068
10764,16,1,0.5274537
10765,21,1,0.5957322
10766,6,1,0.3856667
10767,26,1,0.62070817
10768,22,1,0.6869787
10769,1,1,0.6091244
10770,15,0,0.2757964
10771,15,0,0.4392507
10772,20,1,0.5275746
10773,11,0,0.504925
10774,17,1,0.6455473
10775,26,0,0.27057204
10776,8,0,0.49670252
10777,18,1,0.58577293
10778,19,0,0.24304196
10779,17,0,0.57807785
10780,16,0,0.2818733
10781,2,0,0.65737355
10782,1,0,0.39008105
10783,25,0,0.24210651
10784,17,1,0.44057214
10785,9,1,0.44765666
10786,1,0,0.4378082
10787,11,1,0.6400029
10788,0,1,0.67619276
10789,16,1,0.80612427
10790,12,0,0.3757667
10791,0,1,0.6358458
10792,25,0,0.33071065
10793,22,1,0.49279657
10794,5,0,0.66717684
10795,21,0,0.3893757
10796,27,1,0.34048378
10797,25,1,0.48206556
10798,14,0,0.3240557
10799,15,1,0.4576102
10800,25,1,0.75864434
10801,5,0,0.31255585
10802,17,0,0.7529847
10803,6,0,0.44153064
10804,8,1,0.7688371
10805,8,1,0.3308049
10806,2,0,0.42437986
10807,6,0,0.3254851
10808,12,0,0.4585495
10809,10,0,0.3730438
10810,26,0,0.37099537
10811,10,1,0.57515454
10812,19,0,0.37330613
10813,25,1,0.5430252
10814,15,0,0.2658226
10815,28,1,0.6899186
10816,2,1,0.46809658
10817,23,1,0.7312383
10818,1,1,0.67203087
10819,27,0,0.62367046
10820,3,1,0.3880914
10821,16,0,0.43577772
10822,26,0,0.58407533
10823,18,1,0.5737094
10824,13,0,0.43731984
10825,13,0,0.31336734
10826,1,0,0.31183037
10827,12,0,0.38914976
10828,1,0,0.4212539
10829,8,1,0.36541033
10830,7,0,0.5489038
10831,8,1,0.61886376
10832,4,1,0.61343753
10833,22,1,0.6963781
10834,10,0,0.4222813
10835,16,0,0.4893476
10836,11,1,0.6040104
10837,28,1,0.6488791
10838,11,0,0.4017621
10839,23,0,0.32750863
10840,25,1,0.631867
10841,26,0,0.36693949
10842,3,0,0.49266917
10843,25,0,0.5424905
10844,7,1,0.49650836
10845,2,1,0.4028018
10846,24,0,0.49241763
10847,7,0,0.3541268
10848,17,1,0.5837552
10849,13,0,0.639193
10850,16,1,0.6512503
10851,11,1,0.5401096
10852,12,0,0.3690889
10853,15,1,0.29603425
10854,0,1,0.5583483
10855,4,0,0.34348932
10856,24,0,0.6657684
10857,20,1,0.7900034
10858,17,1,0.4621673
10859,12,0,0.5043337
10860,21,1,0.8479888
10861,26,0,0.30398542
10862,11,0,0.48312607
10863,23,1,0.48677668
10864,26,1,0.27311248
10865,16,0,0.26767236
10866,2,1,0.5620463
10867,20,1,0.31235552
10868,25,0,0.3130106
10869,9,0,0.3361613
10870,13,1,0.68646073
10871,10,0,0.6155673
10872,16,0,0.38525575
10873,1,0,0.28890577
10874,27,0,0.23285317
10875,27,0,0.31316924
10876,12,0,0.24642874
10877,25,1,0.71693623
10878,23,1,0.34186953
10879,5,0,0.60662436
10880,25,0,0.4602317
10881,16,1,0.6580352
10882,25,1,0.43540117
10883,17,1,0.57186365
10884,2,1,0.68768966
10885,6,0,0.73972315
10886,2,1,0.6763197
10887,5,1,0.61962247
10888,15,0,0.6287877
10889,1,1,0.6581477
10890,23,1,0.7822769
10891,2,1,0.6513883
10892,25,0,0.28817654
10893,8,0,0.5464621
10894,11,1,0.70135933
10895,0,1,0.59194714
10896,7,0,0.32200673
10897,27,0,0.37476546
10898,16,0,0.56987333
10899,14,0,0.372777
10900,25,1,0.57300705
10901,16,0,0.39870545
10902,22,0,0.5195969
10903,2,0,0.3439365
10904,22,0,0.7454204
10905,24,1,0.8065651
10906,28,0,0.51300734
10907,10,1,0.5008209
10908,7,1,0.646756
10909,8,0,0.63642484
10910,25,1,0.4656631
10911,13,1,0.63368136
10912,6,0,0.5143328
10913,0,1,0.56601816
10914,5,1,0.42859206
10915,23,1,0.6490405
10916,15,1,0.3753777
10917,3,0,0.4262285
10918,28,1,0.45565972
10919,18,0,0.2854861
10920,20,1,0.5501447
10921,23,0,0.83899724
10922,7,1,0.69964486
10923,17,0,0.33876017
10924,7,1,0.60958016
10925,13,1,0.4503486
10926,22,1,0.7910989
10927,10,1,0.43714756
10928,27,1,0.66996187
10929,15,0,0.26707366
10930,1,0,0.35096484
10931,1,1,0.4683694
10932,10,0,0.31582093
10933,6,1,0.80911624
10934,2,1,0.7674385
10935,10,1,0.43168366
10936,11,1,0.58507884
10937,15,1,0.5086462
10938,3,1,0.6443786
10939,13,1,0.7159787
10940,12,1,0.61721116
10941,1,0,0.5008336
10942,0,1,0.67390543
10943,17,0,0.37448946
10944,10,1,0.7292771
10945,11,0,0.3149124
10946,6,0,0.60579515
10947,12,0,0.2786993
10948,14,0,0.33932376
10949,18,1,0.44726875
10950,16,1,0.58741945
10951,28,1,0.4867151
10952,6,0,0.60979223
10953,15,1,0.36475852
10954,26,1,0.48609823
10955,19,1,0.6093883
10956,8,1,0.5534415
10957,1,0,0.40203962
10958,10,0,0.59358716
10959,20,1,0.63289577
10960,19,1,0.39067128
10961,14,0,0.66897196
10962,25,0,0.28624633
10963,2,1,0.4648334
10964,0,0,0.4374991
10965,15,0,0.32977107
10966,12,1,0.38625035
10967,26,1,0.6465888
10968,8,1,0.48949227
10969,11,0,0.2833984
10970,27,1,0.56144804
10971,15,1,0.49048144
10972,14,1,0.8230582
10973,10,1,0.77138096
10974,20,0,0.38183928
10975,9,0,0.5076951
10976,13,0,0.27857
10977,9,0,0.5833615
10978,19,1,0.7435584
10979,7,1,0.46066555
10980,3,1,0.59459126
10981,16,0,0.2914732
10982,11,1,0.82919174
10983,12,0,0.49723825
10984,24,1,0.77940494
10985,2,0,0.48091874
10986,13,0,0.686668
10987,14,1,0.6321786
10988,12,1,0.80828977
10989,16,1,0.7678274
10990,14,1,0.3695625
10991,26,1,0.690862
10992,16,1,0.27963927
10993,2,0,0.33085057
10994,22,0,0.41637346
10995,6,1,0.6379448
10996,24,0,0.36144817
10997,27,1,0.68459356
10998,27,0,0.58698386
10999,19,1,0.5412455
11000,16,1,0.6702661
11001,10,1,0.74630135
11002,21,0,0.358967
11003,12,1,0.4442842
11004,16,0,0.28799492
11005,21,1,0.57802564
11006,19,1,0.51718265
11007,16,0,0.3185744
11008,7,1,0.7522728
11009,25,0,0.47095093
11010,11,1,0.83834285
11011,1,0,0.51413804
11012,13,0,0.5392698
11013,15,1,0.79174966
11014,5,1,0.5752963
11015,14,1,0.7321357
11016,9,1,0.49821964
11017,1,0,0.5741668
11018,6,0,0.2987508
11019,28,1,0.51220906
11020,4,0,0.35214055
11021,2,1,0.3043841
11022,21,0,0.5044212
11023,13,1,0.56653845
11024,16,1,0.38661802
11025,25,1,0.32203546
11026,16,1,0.33022612
11027,24,0,0.38627967
11028,13,1,0.6500161
11029,2,1,0.5091117
11030,3,1,0.36011967
11031,17,1,0.6178537
11032,6,0,0.38420534
11033,4,0,0.5457593
11034,20,1,0.7198292
11035,8,0,0.5196351
11036,24,1,0.55616957
11037,12,0,0.39219597
11038,10,0,0.24486767
11039,26,0,0.41266963
11040,10,0,0.3314216
11041,12,1,0.8119415
11042,8,1,0.60198355
11043,13,0,0.3673369
11044,6,0,0.44496527
11045,13,1,0.5845164
11046,26,1,0.63700503
11047,10,1,0.542635
11048,15,0,0.33836985
11049,15,1,0.82168466
11050,15,1,0.62243587
11051,2,0,0.33764237
11052,19,1,0.61201507
11053,1,1,0.6573925
11054,15,0,0.6156047
11055,17,1,0.62942326
11056,17,1,0.5032603
11057,21,1,0.7278384
11058,13,0,0.68852144
11059,8,1,0.7147749
11060,16,0,0.53428245
11061,6,1,0.4871953
11062,9,1,0.730911
11063,8,0,0.5215526
11064,16,0,0.2847237
11065,26,0,0.5598238
11066,25,0,0.459093
11067,4,0,0.5542881
11068,20,0,0.38398448
11069,17,0,0.40865412
11070,8,1,0.6889381
11071,18,1,0.50364447
11072,3,0,0.7230645
11073,6,1,0.6480042
11074,6,1,0.5578865
11075,16,1,0.40643942
11076,14,0,0.38555202
11077,14,1,0.580096
11078,4,0,0.33892468
11079,25,1,0.71698546
11080,27,1,0.3097882
11081,18,1,0.7354869
11082,17,1,0.43246418
11083,11,0,0.3765142
11084,20,0,0.70135325
11085,20,1,0.641886
11086,27,0,0.27314973
11087,20,1,0.48190716
11088,10,0,0.28640693
11089,8,1,0.47727406
11090,2,1,0.509795
11091,27,0,0.42172018
11092,14,1,0.80328536
11093,28,0,0.26902282
11094,28,1,0.58587366
11095,13,1,0.6142313
11096,1,1,0.83877736
11097,15,1,0.6651056
11098,2,0,0.56199986
11099,22,1,0.47127545
11100,1,0,0.43216857
11101,12,1,0.5750024
11102,3,0,0.30423394
11103,22,1,0.4240159
11104,12,1,0.4764077
11105,16,0,0.53779423
11106,8,0,0.50001806
11107,25,0,0.36984864
11108,1,1,0.72717786
11109,11,1,0.6207555
11110,2,1,0.65707994
11111,6,0,0.28325567
11112,16,0,0.6560789
11113,11,0,0.46539804
11114,16,0,0.55960315
11115,11,0,0.4007074
11116,14,0,0.31277177
11117,9,0,0.62358385
11118,14,0,0.58482516
11119,26,1,0.56103283
11120,16,0,0.50093335
11121,3,0,0.3767009
11122,26,1,0.62884575
11123,1,0,0.29728281
11124,28,0,0.4841431
11125,5,0,0.6124598
11126,1,1,0.6360588
11127,19,1,0.5712182
11128,6,1,0.7720261
11129,11,1,0.58774406
11130,8,1,0.43492997
11131,12,0,0.42122954
11132,21,1,0.59931564
11133,10,0,0.33273456
11134,16,1,0.6040775
11135,9,1,0.598891
11136,4,0,0.36478788
11137,10,0,0.4492783
11138,25,0,0.7562481
11139,6,1,0.3442893
11140,27,0,0.5798479
11141,12,0,0.5026184
11142,12,1,0.5670739
11143,1,1,0.51078016
11144,18,1,0.41219825
11145,28,0,0.5348585
11146,19,0,0.3438339
11147,2,0,0.6880021
11148,27,0,0.43540245
11149,8,1,0.5342337
11150,26,0,0.64122736
11151,17,1,0.54948586
11152,21,1,0.6266566
11153,28,1,0.43976104
11154,19,0,0.50255936
11155,28,0,0.41439655
11156,9,0,0.27409387
11157,16,0,0.50415087
11158,5,0,0.2700494
11159,24,1,0.6559347
11160,12,0,0.44147715
11161,7,0,0.33644727
11162,27,0,0.29044563
11163,28,0,0.5503796
11164,26,0,0.5923079
11165,4,1,0.5125152
11166,0,0,0.3457103
11167,10,0,0.37870565
11168,15,0,0.75155103
11169,2,1,0.60091144
11170,22,0,0.48151138
11171,27,0,0.36763257
11172,13,1,0.67583036
11173,6,0,0.5613058
11174,25,0,0.2806656
11175,28,1,0.69009584
11176,18,0,0.3302305
11177,25,1,0.6081079
11178,16,1,0.48555887
11179,4,0,0.5393281
11180,24,0,0.72883207
11181,6,1,0.5816772
11182,16,0,0.5050242
11183,5,1,0.36553523
11184,1,1,0.40477395
11185,20,0,0.7012478
11186,2,0,0.55244863
11187,3,1,0.6043401
11188,10,0,0.3298654
11189,1,1,0.5974352
11190,10,0,0.3228627
11191,1,1,0.65050894
11192,7,1,0.3828859
11193,9,0,0.34958264
11194,15,1,0.5893144
11195,11,1,0.5397003
11196,7,0,0.41786742
11197,8,1,0.5631508
11198,8,1,0.6087505
11199,4,0,0.37988365
11200,3,1,0.6705616
11201,1,1,0.44199458
11202,27,0,0.51503104
11203,3,1,0.70243263
11204,16,0,0.3268767
11205,14,0,0.37458053
11206,7,0,0.30854213
11207,8,1,0.6177112
11208,22,1,0.65576494
11209,8,1,0.71546835
11210,26,0,0.35217643
11211,14,1,0.2602427
11212,4,1,0.6783404
11213,2,0,0.46061894
11214,10,1,0.39919642
11215,6,0,0.5352187
11216,6,0,0.3635918
11217,10,1,0.5465607
11218,11,1,0.6815307
11219,20,0,0.5363442
11220,6,0,0.43736365
11221,8,0,0.78020614
11222,16,0,0.5753717
11223,21,0,0.33879566
11224,2,1,0.3453256
11225,4,0,0.6867311
11226,21,1,0.6638842
11227,20,0,0.67876714
11228,16,0,0.34666523
11229,13,1,0.64136845
11230,6,1,0.5307115
11231,15,0,0.38486612
11232,23,1,0.29767135
11233,3,0,0.56083065
11234,16,1,0.433275
11235,16,1,0.5896418
11236,22,1,0.6306342
11237,20,1,0.7360354
11238,20,1,0.33589867
11239,12,0,0.6572824
11240,5,0,0.5506647
11241,26,0,0.45623696
11242,18,0,0.4074909
11243,16,1,0.62104267
11244,7,1,0.6895146
11245,23,0,0.34164318
11246,8,0,0.27314705
11247,26,1,0.4534364
11248,4,1,0.26903835
11249,8,1,0.6218484
11250,12,0,0.5122494
11251,4,0,0.53701943
11252,28,1,0.84024394
11253,13,1,0.62739444
11254,21,1,0.54938436
11255,16,0,0.32467318
11256,6,0,0.33676967
11257,14,0,0.5703287
11258,6,1,0.33356583
11259,28,1,0.6757413
11260,6,0,0.6969049
11261,17,0,0.40575904
11262,25,1,0.53314275
11263,5,0,0.67857426
11264,27,0,0.7705644
11265,0,0,0.3593305
11266,4,1,0.6579962
11267,16,1,0.66490436
11268,22,0,0.38138497
11269,19,1,0.6216375
11270,27,1,0.28663462
11271,19,1,0.6309782
11272,15,0,0.5067154
11273,16,1,0.69261295
11274,1,1,0.5255746
11275,15,0,0.5774987
11276,10,1,0.39055967
11277,12,1,0.3203416
11278,15,1,0.5890121
11279,13,0,0.37170324
11280,17,0,0.46906683
11281,1,0,0.42436007
11282,3,1,0.54072595
11283,2,0,0.22245516
11284,3,1,0.5897578
11285,19,0,0.65178996
11286,11,0,0.56746
11287,2,0,0.48250744
11288,10,0,0.3846573
11289,22,0,0.2935874
11290,6,1,0.621135
11291,13,0,0.579413
11292,1,1,0.84637415
11293,6,1,0.43845272
11294,18,0,0.35925087
11295,2,0,0.5273076
11296,25,1,0.27874807
11297,17,0,0.510319
11298,8,1,0.7652202
11299,27,0,0.49761698
11300,17,1,0.59394926
11301,22,0,0.52259594
11302,6,1,0.5893392
11303,1,1,0.49441063
11304,24,0,0.35502964
11305,28,1,0.71186084
11306,15,1,0.34680167
11307,2,0,0.7522744
11308,14,1,0.7097363
11309,2,0,0.2970968
11310,15,1,0.60980827
11311,23,0,0.45357826
11312,25,1,0.59926504
11313,2,0,0.432079
11314,17,0,0.31961623
11315,12,1,0.4676304
11316,14,0,0.35792366
11317,12,0,0.739563
11318,8,0,0.25140068
11319,22,0,0.69050986
11320,27,1,0.6273503
11321,26,0,0.28371975
11322,25,1,0.6568426
11323,23,1,0.6878231
11324,25,1,0.41848722
11325,13,0,0.31750983
11326,1,0,0.48084718
11327,7,1,0.69113576
11328,27,1,0.8030227
11329,0,0,0.24084969
11330,14,0,0.47167268
11331,11,0,0.6353322
11332,4,1,0.5496383
11333,16,0,0.5373034
11334,16,0,0.5921705
11335,18,0,0.4625114
11336,27,1,0.65032554
11337,27,0,0.42358097
11338,16,1,0.5919686
11339,3,1,0.66126144
11340,21,1,0.61743265
11341,25,0,0.65725857
11342,12,0,0.580248
11343,20,0,0.29728508
11344,6,1,0.4586979
11345,1,0,0.3692883
11346,13,0,0.37816295
11347,18,1,0.32587326
11348,27,0,0.46522084
11349,23,1,0.7583766
11350,11,1,0.5956605
11351,12,0,0.60487175
11352,25,1,0.44281894
11353,18,0,0.5398835
11354,7,0,0.5639757
11355,8,1,0.5036226
11356,13,1,0.5759605
11357,25,0,0.29964343
11358,26,0,0.30197063
11359,8,1,0.37810463
11360,15,1,0.53242916
11361,13,1,0.4837993
11362,11,0,0.59611166
11363,3,0,0.2307633
11364,11,0,0.327948
11365,28,0,0.35894057
11366,15,0,0.33032808
11367,20,1,0.6339734
11368,8,1,0.66440743
11369,25,1,0.53014994
11370,2,0,0.36140466
11371,27,0,0.5498294
11372,11,0,0.6546379
11373,1,0,0.28553656
11374,18,1,0.48319605
11375,8,1,0.67613894
11376,10,1,0.3992851
11377,3,0,0.3371841
11378,6,0,0.4569286
11379,15,0,0.34613508
11380,16,1,0.64405274
11381,12,0,0.5238835
11382,12,0,0.5479687
11383,4,1,0.64568055
11384,4,1,0.58681864
11385,26,1,0.35146606
11386,24,1,0.769419
11387,2,0,0.40329626
11388,25,1,0.5065225
11389,27,0,0.2847075
11390,17,1,0.8124096
11391,26,1,0.5325923
11392,28,1,0.8169771
11393,16,0,0.32606065
11394,22,0,0.46637148
11395,13,0,0.2746276
11396,2,1,0.70564747
11397,3,1,0.6660619
11398,10,1,0.64137495
11399,28,0,0.2450126
11400,17,0,0.69732547
11401,1,1,0.3163112
11402,4,1,0.64129597
11403,19,1,0.30193925
11404,9,1,0.7831015
11405,27,1,0.30933627
11406,0,0,0.39788124
11407,14,1,0.48213196
11408,26,0,0.46072647
11409,1,0,0.44014975
11410,7,1,0.6097955
11411,26,0,0.27307713
11412,13,1,0.56342244
11413,3,0,0.6032216
11414,2,0,0.25961012
11415,3,0,0.66078126
11416,12,1,0.7310129
11417,1,1,0.5402931
11418,21,0,0.50317556
11419,10,1,0.7881547
11420,6,1,0.47332093
11421,24,0,0.52259165
11422,8,1,0.38823596
11423,9,1,0.5645676
11424,16,1,0.5342709
11425,17,0,0.64710045
11426,21,0,0.36429942
11427,11,1,0.30398425
11428,16,0,0.44094846
11429,10,0,0.7031811
11430,15,1,0.55992115
11431,16,0,0.35641232
11432,8,0,0.29172757
11433,2,0,0.23881783
11434,0,0,0.59637415
11435,26,0,0.3286065
11436,10,1,0.36672997
11437,11,0,0.27373943
11438,24,1,0.7753283
11439,15,1,0.6613474
11440,17,1,0.74876297
11441,22,1,0.6413455
11442,12,1,0.5063072
11443,3,0,0.33909824
11444,22,0,0.48150143
11445,2,1,0.5903278
11446,21,1,0.5818214
11447,18,1,0.5689288
11448,24,1,0.6873383
11449,26,1,0.5313439
11450,1,1,0.269244
11451,13,0,0.21322119
11452,14,1,0.6813448
11453,18,0,0.26756033
11454,17,1,0.7090785
11455,9,0,0.6821905
11456,13,1,0.6805285
11457,9,1,0.59630823
11458,17,0,0.4224033
11459,15,0,0.5667458
11460,0,1,0.23837782
11461,8,1,0.34908962
11462,7,0,0.29056177
11463,10,0,0.53576505
11464,13,1,0.25259456
11465,20,1,0.42556348
11466,13,0,0.46764037
11467,13,0,0.5029891
11468,16,0,0.24883556
11469,25,1,0.45263296
11470,6,0,0.34956762
11471,6,0,0.32681563
11472,1,1,0.32678032
11473,1,0,0.24430628
11474,2,0,0.5855504
11475,26,1,0.586422
11476,20,0,0.5792648
11477,10,0,0.5146373
11478,13,0,0.40434134
11479,8,0,0.2897825
11480,13,0,0.38015264
11481,13,1,0.50993645
11482,12,0,0.22047101
11483,26,1,0.83047193
11484,13,1,0.38718903
11485,16,1,0.5126333
11486,3,1,0.38347197
11487,18,1,0.7051363
11488,9,1,0.4969878
11489,12,1,0.5917213
11490,5,0,0.44938362
11491,20,0,0.7297833
11492,19,1,0.32770675
11493,11,1,0.38057354
11494,22,1,0.74381983
11495,0,1,0.7382741
11496,7,1,0.73775536
11497,7,0,0.5173942
11498,25,0,0.29624256
11499,21,0,0.66207886
11500,8,0,0.45608476
11501,11,0,0.52887124
11502,17,1,0.3302194
11503,12,1,0.5539934
11504,20,0,0.57209784
11505,25,1,0.5401818
11506,15,1,0.5806544
11507,8,1,0.4355352
11508,26,1,0.5890634
11509,10,0,0.41894075
11510,1,0,0.3187731
11511,13,1,0.28711045
11512,26,0,0.3687932
11513,2,0,0.31363425
11514,12,0,0.51889503
11515,20,1,0.6649965
11516,26,0,0.28425807
11517,10,0,0.3153791
11518,3,1,0.5674482
11519,11,0,0.73118585
11520,10,0,0.3123336
11521,3,0,0.5701598
11522,11,1,0.45373514
11523,16,1,0.3091001
11524,18,1,0.44409528
11525,1,1,0.5239815
11526,2,0,0.61942893
11527,2,0,0.33470225
11528,19,0,0.41609836
11529,18,1,0.6470829
11530,14,0,0.29171383
11531,12,0,0.34636572
11532,20,1,0.41066533
11533,12,0,0.35521305
11534,25,1,0.48373505
11535,7,0,0.4173201
11536,1,0,0.30684543
11537,2,1,0.8029516
11538,10,0,0.6451289
11539,19,1,0.5737372
11540,15,0,0.6193835
11541,16,0,0.3362016
11542,22,1,0.4296075
11543,13,0,0.5154775
11544,5,1,0.62478256
11545,26,0,0.28202814
11546,25,1,0.4402747
11547,14,1,0.66638714
11548,16,0,0.30982
11549,2,0,0.3682491
11550,10,1,0.6782276
11551,7,0,0.6529741
11552,11,1,0.36230394
11553,11,0,0.4093632
11554,25,1,0.7618213
11555,2,1,0.45344728
11556,23,0,0.3698686
11557,9,1,0.45081103
11558,2,0,0.78284234
11559,15,1,0.23962112
11560,27,0,0.3168299
11561,11,0,0.2987435
11562,26,1,0.40460572
11563,6,1,0.63245374
11564,13,0,0.25617716
11565,27,0,0.5864769
11566,24,0,0.3351453
11567,8,0,0.46014217
11568,9,1,0.6424468
11569,27,0,0.41248587
11570,10,0,0.5084889
11571,20,0,0.3287678
11572,27,1,0.4329917
11573,3,1,0.6266262
11574,5,0,0.32079926
11575,10,1,0.6844933
11576,8,0,0.5041863
11577,10,1,0.62821436
11578,1,0,0.317271
11579,23,1,0.6547935
11580,9,0,0.47358543
11581,28,1,0.4485455
11582,25,1,0.5922478
11583,12,1,0.728115
11584,2,0,0.5164273
11585,26,1,0.785953
11586,28,0,0.3653932
11587,21,0,0.55924666
11588,5,0,0.5654321
11589,4,1,0.48051918
11590,6,0,0.35091284
11591,7,1,0.63561165
11592,15,0,0.30310088
11593,9,1,0.5166654
11594,19,1,0.4436472
11595,4,0,0.67980945
11596,12,1,0.76469594
11597,26,1,0.8217532
11598,25,0,0.29084206
11599,1,1,0.7207431
11600,13,1,0.68768966
11601,24,0,0.69281524
11602,20,1,0.37566957
11603,18,1,0.49870884
11604,27,0,0.7091331
11605,2,1,0.45017704
11606,13,1,0.7915935
11607,2,1,0.3233696
11608,13,0,0.381198
11609,25,0,0.5424274
11610,13,1,0.57157075
11611,23,0,0.48672792
11612,25,0,0.39680248
11613,16,0,0.3769182
11614,22,0,0.56851286
11615,10,0,0.48363787
11616,27,1,0.5373394
11617,25,1,0.6271818
11618,16,1,0.69079906
11619,22,1,0.6202889
11620,6,0,0.27761778
11621,22,0,0.5015888
11622,26,0,0.65517354
11623,13,0,0.58705807
11624,1,1,0.33479854
11625,26,0,0.43030083
11626,5,1,0.30293968
11627,16,0,0.5858917
11628,9,1,0.68776536
11629,6,1,0.40010288
11630,26,1,0.6235719
11631,16,1,0.6354823
11632,16,0,0.47412872
11633,20,1,0.6495028
11634,7,1,0.74965024
11635,10,0,0.6006194
11636,10,1,0.6340426
11637,0,1,0.43102542
11638,28,0,0.6715059
11639,22,1,0.475823
11640,20,1,0.33536643
11641,1,1,0.72481984
11642,25,0,0.31308886
11643,8,1,0.63367695
11644,11,0,0.43433368
11645,16,0,0.4586733
11646,9,1,0.7453612
11647,7,0,0.2906938
11648,23,0,0.5208602
11649,16,1,0.7844133
11650,21,0,0.5007943
11651,2,0,0.32530925
11652,13,1,0.646983
11653,3,0,0.58887887
11654,6,1,0.33041897
11655,8,1,0.6126032
11656,10,1,0.36537755
11657,12,1,0.5799391
11658,17,0,0.65310067
11659,17,0,0.51983285
11660,11,1,0.6369009
11661,0,0,0.4564132
11662,13,0,0.39918965
11663,6,0,0.5973569
11664,27,0,0.3292735
11665,5,1,0.35706323
11666,10,1,0.4018769
11667,8,0,0.46509305
11668,13,0,0.27309835
11669,2,1,0.7439255
11670,15,0,0.36939082
11671,3,1,0.752486
11672,1,1,0.64229375
11673,1,1,0.7230291
11674,14,0,0.43469805
11675,18,0,0.6852025
11676,16,1,0.72969514
11677,22,1,0.80966985
11678,10,1,0.533924
11679,21,1,0.5162794
11680,18,0,0.38288394
11681,25,0,0.5448346
11682,3,1,0.7038969
11683,0,1,0.25818852
11684,15,1,0.8233919
11685,18,1,0.6162018
11686,5,1,0.7088193
11687,17,1,0.6175409
11688,3,1,0.44057927
11689,4,1,0.65384424
11690,13,0,0.53511095
11691,11,0,0.32289672
11692,13,1,0.6188687
11693,15,1,0.6886228
11694,8,0,0.52938247
11695,15,1,0.6493989
11696,25,1,0.33873916
11697,8,1,0.6720496
11698,10,1,0.73455703
11699,8,0,0.7113795
11700,20,1,0.41890886
11701,16,1,0.4087912
11702,18,0,0.34311682
11703,27,1,0.4335959
11704,25,0,0.6373808
11705,13,1,0.50541854
11706,22,0,0.7466949
11707,1,1,0.3774942
11708,18,1,0.5737915
11709,10,1,0.65694517
11710,17,1,0.48605514
11711,5,1,0.6453641
11712,15,0,0.6252078
11713,2,1,0.72314924
11714,6,0,0.39333513
11715,19,1,0.45612255
11716,5,1,0.6884632
11717,1,0,0.3999036
11718,12,0,0.40663418
11719,6,1,0.5246325
11720,11,0,0.7527299
11721,26,1,0.7907969
11722,17,0,0.36543095
11723,18,0,0.44815776
11724,14,0,0.29553387
11725,27,1,0.46912464
11726,27,0,0.61765426
11727,13,1,0.45400664
11728,14,0,0.35795397
11729,19,0,0.38399377
11730,10,0,0.7391448
11731,18,1,0.76693773
11732,1,0,0.4504426
11733,8,0,0.31908765
11734,3,1,0.5222818
11735,10,0,0.3892627
11736,13,0,0.2272797
11737,19,0,0.3318748
11738,1,0,0.49711815
11739,2,1,0.30735353
11740,22,1,0.77224755
11741,12,1,0.6750987
11742,4,1,0.53482074
11743,20,1,0.75371236
11744,3,0,0.3521359
11745,11,0,0.6796582
11746,14,0,0.2507225
11747,28,1,0.516183
11748,1,0,0.37027183
11749,21,0,0.52818453
11750,15,1,0.44486088
11751,12,0,0.36592793
11752,13,1,0.43529814
11753,8,0,0.62118804
11754,19,0,0.48707125
11755,1,1,0.4521405
11756,12,0,0.4698083
11757,2,0,0.4045166
11758,10,1,0.74683607
11759,8,1,0.49341467
11760,13,1,0.6547658
11761,26,1,0.61271036
11762,6,0,0.44583014
11763,11,1,0.55684596
11764,15,0,0.46614617
11765,11,1,0.4560782
11766,17,1,0.44093895
11767,6,0,0.5148718
11768,14,0,0.32576007
11769,8,1,0.5157027
11770,13,0,0.4422178
11771,12,1,0.3642289
11772,1,0,0.44287086
11773,0,1,0.3920992
11774,1,0,0.2915627
11775,13,0,0.36846802
11776,2,0,0.47678322
11777,28,1,0.3422068
11778,0,1,0.6480901
11779,19,1,0.32249898
11780,3,0,0.4412214
11781,15,1,0.8546125
11782,10,1,0.64394206
11783,28,1,0.62691784
11784,4,1,0.734439
11785,26,0,0.32568914
11786,2,1,0.7143235
11787,27,1,0.4587867
11788,17,1,0.65851504
11789,2,0,0.6967549
11790,18,0,0.6109477
11791,3,0,0.71549904
11792,14,0,0.643591
11793,15,0,0.35594866
11794,12,0,0.6246047
11795,15,1,0.4356513
11796,6,1,0.7362029
11797,28,0,0.26583663
11798,26,0,0.6454371
11799,13,0,0.29808545
11800,26,0,0.53263223
11801,21,1,0.39017063
11802,27,0,0.44499737
11803,4,1,0.7984711
11804,14,0,0.6701729
11805,1,1,0.39060727
11806,2,1,0.3727269
11807,4,1,0.61609924
11808,13,1,0.4320086
11809,16,0,0.675336
11810,10,1,0.49714017
11811,8,1,0.626046
11812,28,1,0.64357483
11813,15,1,0.41479814
11814,28,0,0.8068391
11815,25,0,0.53425205
11816,8,1,0.48195633
11817,13,0,0.2727026
11818,24,1,0.64745903
11819,2,1,0.75736964
11820,6,0,0.3204025
11821,1,0,0.4473138
11822,24,1,0.5206705
11823,20,1,0.63912183
11824,19,1,0.53642064
11825,17,0,0.32101873
11826,7,0,0.46417573
11827,28,1,0.75957096
11828,1,0,0.28061906
11829,19,1,0.5219006
11830,0,0,0.5517857
11831,2,1,0.8236638
11832,13,1,0.44101617
11833,6,1,0.40080792
11834,0,0,0.4115413
11835,2,0,0.52379334
11836,7,1,0.53612185
11837,26,1,0.34870514
11838,24,0,0.30583474
11839,16,1,0.6436031
11840,27,0,0.35375938
11841,1,0,0.27822822
11842,12,0,0.27296072
11843,18,0,0.33441967
11844,18,0,0.29971126
11845,26,0,0.459734
11846,9,0,0.58023626
11847,24,0,0.51643825
11848,25,0,0.4799589
11849,16,1,0.62730765
11850,1,1,0.3298867
11851,0,1,0.5646894
11852,19,1,0.48627615
11853,6,1,0.670799
11854,16,1,0.6629601
11855,11,0,0.31983897
11856,19,1,0.73789936
11857,2,1,0.61237
11858,26,0,0.3359027
11859,10,0,0.37746525
11860,28,0,0.5345277
11861,11,1,0.5750817
11862,28,1,0.64995
11863,11,1,0.31786337
11864,25,0,0.5701255
11865,16,0,0.4281788
11866,8,0,0.42461646
11867,25,1,0.43574154
11868,11,1,0.26475295
11869,13,0,0.3623088
11870,6,1,0.83304316
11871,11,0,0.2871439
11872,12,1,0.5834125
11873,1,0,0.30286524
11874,15,1,0.84680295
11875,0,0,0.34977332
11876,12,1,0.43507653
11877,22,0,0.23371674
11878,24,0,0.66727686
11879,2,1,0.74067813
11880,25,1,0.6369947
11881,8,1,0.6904121
11882,12,0,0.30958733
11883,9,1,0.689849
11884,13,0,0.6323989
11885,27,0,0.47709072
11886,1,1,0.508843
11887,25,1,0.63426656
11888,10,1,0.50460964
11889,25,0,0.6591483
11890,2,1,0.7236403
11891,10,1,0.41281042
11892,9,0,0.38109133
11893,11,1,0.597509
11894,20,1,0.37675786
11895,23,0,0.22994669
11896,15,1,0.67603093
11897,5,1,0.6879322
11898,9,0,0.45676053
11899,10,0,0.7538113
11900,3,1,0.47631985
11901,13,1,0.73530126
11902,18,0,0.35458604
11903,26,1,0.50465715
11904,28,0,0.72041947
11905,2,0,0.4384583
11906,13,0,0.56812674
11907,20,1,0.5454658
11908,22,1,0.45858783
11909,17,0,0.4499948
11910,8,1,0.302484
11911,27,1,0.36924493
11912,16,1,0.63787794
11913,1,1,0.64782536
11914,11,0,0.34874073
11915,7,1,0.74905187
11916,2,1,0.41914216
11917,4,1,0.6047698
11918,21,0,0.39492622
11919,17,1,0.49215057
11920,2,1,0.43427837
11921,19,1,0.58188534
11922,12,0,0.67046446
11923,18,1,0.74503577
11924,22,0,0.5932248
11925,28,0,0.4397953
11926,14,0,0.60826826
11927,14,0,0.355772
11928,26,1,0.6631913
11929,5,1,0.74502265
11930,7,0,0.56556374
11931,10,0,0.4528546
11932,8,1,0.72852665
11933,22,0,0.29251042
11934,17,1,0.6271639
11935,13,1,0.689622
11936,16,0,0.28092813
11937,15,1,0.7640579
11938,0,1,0.68017
11939,21,1,0.71996653
11940,12,0,0.24749458
11941,17,1,0.5211111
11942,2,0,0.33066264
11943,11,1,0.3069912
11944,10,1,0.45412874
11945,12,0,0.5425894
11946,17,1,0.67854273
11947,15,0,0.40288
11948,2,1,0.7055014
11949,16,1,0.71053046
11950,13,0,0.36747855
11951,12,1,0.4854341
11952,21,0,0.66094863
11953,13,1,0.5942748
11954,15,1,0.7825484
11955,9,0,0.41844875
11956,21,1,0.84668
11957,16,1,0.5163137
11958,17,1,0.35678294
11959,8,0,0.27799857
11960,12,0,0.42154622
11961,26,0,0.3490318
11962,16,1,0.5902522
11963,16,0,0.43431014
11964,8,0,0.22964399
11965,6,0,0.28959885
11966,0,0,0.5072391
11967,3,1,0.5028555
11968,15,0,0.58380395
11969,13,1,0.45102903
11970,6,1,0.79864085
11971,8,0,0.50751054
11972,10,1,0.58277047
11973,25,1,0.5404324
11974,10,1,0.57648736
11975,2,0,0.31480864
11976,20,0,0.4700833
11977,2,1,0.29293296
11978,20,0,0.25386176
11979,17,0,0.73075825
11980,22,0,0.5202768
11981,16,0,0.5395317
11982,28,0,0.46391785
11983,2,0,0.28781033
11984,11,1,0.6289746
11985,26,1,0.54055583
11986,8,0,0.5304298
11987,15,0,0.51024306
11988,13,0,0.76453245
11989,26,1,0.512992
11990,13,0,0.6507448
11991,23,1,0.6407727
11992,26,1,0.64924866
11993,18,0,0.2734251
11994,16,1,0.4972596
11995,2,1,0.73892796
11996,12,1,0.36983344
11997,3,1,0.5197341
11998,0,0,0.5490362
11999,7,0,0.39300355
12000,19,1,0.75652194
12001,12,1,0.80275744
12002,12,0,0.4545181
12003,22,1,0.45855895
12004,2,1,0.38492617
12005,9,1,0.6904287
12006,11,0,0.22953007
12007,25,0,0.29047304
12008,7,0,0.41878188
12009,6,0,0.43198115
12010,3,1,0.29492635
12011,3,1,0.8386378
12012,13,1,0.39604512
12013,15,0,0.5604743
12014,10,0,0.27362502
12015,16,0,0.49632856
12016,18,0,0.48055476
12017,20,0,0.40998048
12018,21,1,0.5018189
12019,14,0,0.5452254
12020,4,0,0.30225995
12021,17,1,0.81426585
12022,10,1,0.4716895
12023,10,1,0.77398366
12024,16,1,0.7978583
12025,22,1,0.38958696
12026,13,1,0.54342365
12027,13,1,0.5903299
12028,2,0,0.341001
12029,8,0,0.6477441
12030,1,0,0.5075328
12031,25,0,0.29496577
12032,3,1,0.7613873
12033,16,0,0.36994043
12034,10,0,0.29441017
12035,27,0,0.3630249
12036,22,1,0.46391225
12037,20,0,0.29137316
12038,2,0,0.5311056
12039,9,0,0.5641471
12040,11,1,0.7881438
12041,17,1,0.44558024
12042,25,1,0.7416298
12043,13,0,0.2489272
12044,13,1,0.6020538
12045,24,1,0.65033406
12046,7,0,0.55680305
12047,17,0,0.31397593
12048,25,0,0.36390948
12049,13,0,0.40468496
12050,0,0,0.33033177
12051,8,0,0.58624196
12052,3,0,0.41415083
12053,17,0,0.3757099
12054,13,0,0.4335741
12055,13,0,0.66969645
12056,13,0,0.38120514
12057,9,1,0.37636626
12058,7,0,0.28557298
12059,16,1,0.7452649
12060,12,0,0.32564262
12061,2,0,0.43848154
12062,23,0,0.35112077
12063,4,0,0.31429285
12064,10,0,0.3597555
12065,6,1,0.48809946
12066,25,0,0.33801275
12067,12,0,0.6573424
12068,7,1,0.49358207
12069,22,0,0.33779484
12070,0,0,0.38311198
12071,2,0,0.60120153
12072,16,1,0.5527405
12073,19,0,0.44384193
12074,6,0,0.61410004
12075,1,1,0.79379404
12076,6,0,0.2914448
12077,2,0,0.5919295
12078,10,1,0.5840123
12079,10,0,0.39014727
12080,12,1,0.43196765
12081,21,1,0.38298947
12082,6,0,0.6042369
12083,18,0,0.43987805
12084,11,1,0.7969322
12085,8,1,0.74818647
12086,25,1,0.7297734
12087,27,1,0.5707718
12088,23,1,0.39289707
12089,24,1,0.2809048
12090,11,0,0.44374505
12091,12,1,0.43378478
12092,2,0,0.5405834
12093,19,0,0.28867614
12094,17,0,0.2982197
12095,12,1,0.78319937
12096,28,1,0.7684102
12097,16,1,0.45409796
12098,18,1,0.6454498
12099,14,1,0.6463764
12100,17,1,0.5390864
12101,11,0,0.3392241
12102,16,0,0.32993174
12103,13,0,0.48307472
12104,8,0,0.55578226
12105,20,0,0.5884866
12106,2,0,0.44684312
12107,1,1,0.6439503
12108,6,0,0.7382977
12109,11,1,0.65082407
12110,28,1,0.4872887
12111,13,0,0.2473385
12112,20,0,0.3709775
12113,4,0,0.3785295
12114,11,0,0.4703614
12115,1,1,0.69502
12116,18,1,0.4866753
12117,7,1,0.65617776
12118,24,1,0.5596336
12119,20,0,0.32181588
12120,11,0,0.21446149
12121,13,1,0.58017164
12122,18,1,0.56710124
12123,27,0,0.37371546
12124,15,0,0.38280672
12125,25,1,0.7159812
12126,16,1,0.73082155
12127,28,0,0.27369902
12128,13,0,0.44764262
12129,15,0,0.5055623
12130,24,1,0.7561342
12131,19,1,0.710369
12132,15,0,0.40675968
12133,8,0,0.26560408
12134,23,0,0.2915886
12135,11,0,0.46766624
12136,22,1,0.61951816
12137,4,1,0.55477196
12138,0,0,0.6049767
12139,26,1,0.49243438
12140,8,1,0.49677074
12141,16,1,0.64592576
12142,14,0,0.42928827
12143,28,0,0.48833928
12144,5,0,0.2977246
12145,2,0,0.40523243
12146,15,1,0.55796534
12147,1,0,0.68455476
12148,6,0,0.30932367
12149,17,0,0.57067907
12150,16,1,0.36044636
12151,3,0,0.37913516
12152,8,0,0.30891785
12153,13,1,0.34651992
12154,28,1,0.6246463
12155,25,1,0.30882713
12156,15,1,0.46486512
12157,23,1,0.47195753
12158,10,0,0.29369727
12159,6,0,0.3123294
12160,15,1,0.31912386
12161,28,1,0.5471228
12162,24,1,0.22971019
12163,7,0,0.30710688
12164,2,1,0.7324998
12165,6,1,0.57000154
12166,9,1,0.41261974
12167,19,0,0.33777907
12168,3,0,0.57191277
12169,25,1,0.31310207
12170,13,1,0.52386236
12171,20,0,0.36405596
12172,8,0,0.3466371
12173,10,1,0.6408239
12174,18,0,0.2789249
12175,21,1,0.35721466
12176,22,0,0.5847019
12177,8,0,0.42839473
12178,21,0,0.40804377
12179,1,1,0.63337696
12180,16,1,0.65939355
12181,18,1,0.47314984
12182,16,1,0.64925534
12183,22,0,0.630754
12184,14,0,0.5346442
12185,17,0,0.6571291
12186,3,1,0.59495884
12187,6,1,0.25423864
12188,16,0,0.5019138
12189,16,1,0.6878937
12190,15,1,0.3713562
12191,22,0,0.48873958
12192,17,1,0.78245014
12193,8,0,0.3342347
12194,17,0,0.74433833
12195,12,0,0.27350536
12196,25,0,0.27486318
12197,0,1,0.6247557
12198,23,0,0.29959145
12199,1,1,0.582302
12200,11,1,0.7171586
12201,2,0,0.64049315
12202,13,0,0.3457123
12203,26,0,0.2989575
12204,12,0,0.4815515
12205,28,0,0.7754161
12206,15,0,0.36102906
12207,26,1,0.58333826
12208,10,1,0.63843596
12209,16,0,0.40619045
12210,8,1,0.601648
12211,0,0,0.6707023
12212,4,1,0.7525194
12213,1,0,0.43985218
12214,26,1,0.6380258
12215,7,0,0.5445563
12216,26,0,0.2638128
12217,16,1,0.31645513
12218,27,0,0.37529892
12219,27,1,0.68360335
12220,6,0,0.4160708
12221,15,0,0.32862055
12222,20,0,0.43695766
12223,10,0,0.7695493
12224,6,1,0.75717527
12225,20,1,0.60483015
12226,0,0,0.43125355
12227,16,1,0.8301282
12228,16,1,0.33510426
12229,17,0,0.42711532
12230,28,1,0.36688513
12231,16,0,0.38229552
12232,18,1,0.36130366
12233,8,0,0.33710036
12234,4,1,0.66788936
12235,12,0,0.28203335
12236,1,0,0.5832255
12237,10,0,0.4141907
12238,2,1,0.5452602
12239,22,0,0.28006467
12240,20,0,0.5873662
12241,23,1,0.35309792
12242,25,1,0.7148374
12243,11,0,0.3802108
12244,0,0,0.35478345
12245,6,0,0.7635623
12246,26,1,0.591955
12247,20,1,0.541164
12248,15,1,0.543762
12249,10,1,0.68011665
12250,20,0,0.41821456
12251,14,1,0.47362167
12252,2,1,0.6585711
12253,4,1,0.59633446
12254,13,0,0.257649
12255,7,1,0.5306721
12256,11,1,0.5545268
12257,27,1,0.63966644
12258,7,0,0.6522826
12259,1,1,0.71899635
12260,16,1,0.56228006
12261,16,0,0.30711213
12262,10,1,0.6181635
12263,3,1,0.65177906
12264,17,0,0.6130584
12265,17,1,0.5545264
12266,3,1,0.4360008
12267,22,0,0.37062764
12268,1,0,0.33186063
12269,15,0,0.40755856
12270,14,1,0.43560207
12271,0,1,0.32471037
12272,22,0,0.40707612
12273,17,1,0.2774892
12274,20,1,0.70157087
12275,20,0,0.52109706
12276,20,0,0.6959478
12277,16,1,0.3105822
12278,12,0,0.31282076
12279,19,0,0.4958412
12280,19,0,0.3328435
12281,11,1,0.7851276
12282,7,0,0.60887563
12283,14,1,0.7643455
12284,27,0,0.59389925
12285,5,1,0.69295835
12286,16,0,0.6166908
12287,0,0,0.28479657
12288,14,1,0.5625056
12289,27,0,0.29575402
12290,15,1,0.7052572
12291,1,1,0.4869524
12292,1,1,0.49545717
12293,22,0,0.64240354
12294,23,0,0.4081057
12295,0,0,0.26334947
12296,5,0,0.6190919
12297,27,0,0.33809322
12298,15,0,0.40274513
12299,20,1,0.49259174
12300,28,0,0.4027667
12301,26,1,0.77707523
12302,16,0,0.27729908
12303,2,1,0.46273357
12304,24,0,0.64456266
12305,3,0,0.65557426
12306,24,0,0.24970625
12307,12,1,0.7264587
12308,27,0,0.30580187
12309,8,0,0.3298452
12310,1,1,0.66327035
12311,13,1,0.78122693
12312,24,1,0.30360112
12313,3,1,0.3518535
12314,25,1,0.41885966
12315,12,1,0.653104
12316,14,0,0.64434916
12317,27,0,0.601559
12318,9,1,0.74998075
12319,1,1,0.49443266
12320,25,1,0.64134055
12321,18,1,0.6644838
12322,0,1,0.34079874
12323,20,0,0.56550556
12324,23,0,0.565133
12325,8,1,0.3265289
12326,13,0,0.34584656
12327,15,1,0.41846296
12328,26,0,0.28408986
12329,16,1,0.75162363
12330,10,0,0.3102067
12331,19,0,0.57469994
12332,14,1,0.52152884
12333,23,1,0.7632459
12334,7,0,0.2808211
12335,8,1,0.58094215
12336,4,1,0.48972282
12337,8,1,0.60931486
12338,11,1,0.6398985
12339,5,1,0.4905746
12340,19,0,0.36545935
12341,14,1,0.4538411
12342,10,0,0.53514856
12343,22,0,0.6281192
12344,13,0,0.3772433
12345,23,0,0.60497755
12346,16,1,0.24720626
12347,3,0,0.308099
12348,10,0,0.43754968
12349,13,1,0.6501012
12350,2,0,0.43166658
12351,24,0,0.63722086
12352,16,1,0.58592945
12353,20,1,0.74423325
12354,16,1,0.46674344
12355,2,0,0.32191512
12356,28,1,0.64203566
12357,27,1,0.56868416
12358,3,0,0.6388321
12359,27,0,0.38572705
12360,14,1,0.49489525
12361,23,0,0.57225
12362,6,1,0.66726506
12363,13,0,0.38664094
12364,21,0,0.33488172
12365,22,1,0.636572
12366,26,1,0.33764187
12367,1,1,0.39768627
12368,27,1,0.6906907
12369,12,1,0.33581147
12370,2,1,0.6377395
12371,18,0,0.6581173
12372,18,1,0.5653975
12373,4,0,0.46259582
12374,13,0,0.2916848
12375,15,0,0.47094744
12376,14,1,0.6930906
12377,20,0,0.2906655
12378,23,1,0.47034022
12379,20,1,0.74386096
12380,20,1,0.6397125
12381,10,0,0.27501723
12382,25,1,0.4134055
12383,2,0,0.5782509
12384,13,1,0.5920817
12385,13,1,0.7887726
12386,16,1,0.6234748
12387,28,0,0.33332905
12388,3,0,0.347778
12389,13,0,0.37166306
12390,22,1,0.67660105
12391,8,1,0.6077198
12392,20,0,0.52095675
12393,27,0,0.4572174
12394,2,1,0.71461207
12395,16,0,0.7129889
12396,7,0,0.68634695
12397,2,1,0.6703138
12398,17,1,0.70814526
12399,1,0,0.5952767
12400,12,1,0.3293335
12401,16,1,0.6429475
12402,10,1,0.41590685
12403,7,0,0.30436176
12404,22,1,0.33414227
12405,27,0,0.26861927
12406,16,1,0.72067916
12407,20,0,0.34623864
12408,1,1,0.65339863
12409,27,1,0.41741195
12410,26,1,0.50538266
12411,7,0,0.3411208
12412,16,1,0.6042735
12413,22,1,0.64769614
12414,13,1,0.41163704
12415,22,1,0.7255363
12416,11,0,0.5773618
12417,16,1,0.6958492
12418,20,0,0.48999313
12419,4,1,0.34833506
12420,22,1,0.31819347
12421,27,0,0.659587
12422,1,1,0.7120463
12423,1,1,0.5988881
12424,7,0,0.59127927
12425,19,0,0.3678541
12426,19,1,0.72811395
12427,27,0,0.31924015
12428,17,1,0.6260763
12429,12,0,0.31545967
12430,1,1,0.6378875
12431,4,1,0.4922661
12432,20,1,0.31182587
12433,10,1,0.66513973
12434,1,1,0.5516598
12435,12,0,0.37125424
12436,19,0,0.3031873
12437,2,0,0.34115407
12438,1,0,0.4525272
12439,14,1,0.6749547
12440,8,0,0.3022543
12441,6,1,0.6067197
12442,10,0,0.5309616
12443,3,1,0.5675526
12444,9,0,0.4400782
12445,23,1,0.27328083
12446,20,0,0.29322836
12447,10,0,0.40213144
12448,1,1,0.4065775
12449,17,0,0.26732424
12450,3,1,0.69366413
12451,0,1,0.35093993
12452,28,1,0.67526513
12453,19,0,0.30087945
12454,3,1,0.6352885
12455,17,0,0.44898587
12456,1,0,0.3170452
12457,26,0,0.51748574
12458,11,0,0.4663506
12459,16,0,0.41229886
12460,16,1,0.65179986
12461,18,0,0.5167539
12462,21,1,0.72390395
12463,21,0,0.6294275
12464,28,1,0.30285248
12465,27,1,0.27762365
12466,26,0,0.36086342
12467,9,1,0.5597979
12468,20,1,0.6692993
12469,4,0,0.44865584
12470,16,1,0.3750099
12471,10,0,0.2908922
12472,10,1,0.66670316
12473,2,0,0.56701124
12474,24,1,0.74823684
12475,28,1,0.74451935
12476,3,0,0.3417049
12477,22,0,0.6519813
12478,25,0,0.5343647
12479,3,1,0.7375438
12480,16,0,0.3489858
12481,16,1,0.39105448
12482,15,1,0.3523114
12483,6,0,0.33059084
12484,17,1,0.6440356
12485,7,1,0.49470624
12486,20,0,0.34851608
12487,9,1,0.5941374
12488,16,0,0.65284306
12489,14,0,0.509412
12490,10,1,0.49052957
12491,8,0,0.52529716
12492,1,0,0.5748624
12493,16,0,0.50499177
12494,13,0,0.64364594
12495,25,0,0.32660294
12496,4,1,0.36595854
12497,16,1,0.66684204
12498,0,1,0.58943474
12499,25,1,0.6245191
12500,1,1,0.4984546
12501,26,1,0.5661305
12502,8,0,0.44696212
12503,27,0,0.40556172
12504,0,0,0.35052815
12505,20,1,0.73175526
12506,0,0,0.28256616
12507,2,1,0.2523323
12508,4,0,0.49644876
12509,18,0,0.43725902
12510,13,1,0.70543784
12511,6,1,0.70485234
12512,27,0,0.71224594
12513,9,1,0.55289966
12514,5,1,0.5966352
12515,23,0,0.568815
12516,8,0,0.3446213
12517,24,0,0.37488157
12518,16,1,0.47638834
12519,26,0,0.38514933
12520,22,1,0.75350666
12521,5,1,0.5997667
12522,6,1,0.67678803
12523,8,1,0.8306903
12524,2,1,0.553742
12525,6,1,0.325186
12526,14,1,0.732296
12527,12,0,0.40915728
12528,28,1,0.83548784
12529,4,1,0.48121747
12530,26,0,0.291407
12531,12,1,0.6337262
12532,1,0,0.44941294
12533,19,1,0.5015463
12534,8,1,0.6385084
12535,16,0,0.27826872
12536,5,0,0.3323401
12537,5,1,0.6407962
12538,19,1,0.5090753
12539,6,0,0.6891643
12540,16,0,0.53304803
12541,7,1,0.43653858
12542,21,0,0.3703324
12543,18,0,0.43162036
12544,27,1,0.374692
12545,7,1,0.8430392
12546,10,1,0.6063501
12547,9,0,0.39825043
12548,18,1,0.50820524
12549,8,0,0.3454583
12550,15,1,0.7735822
12551,15,1,0.5870714
12552,15,1,0.7299189
12553,16,1,0.6131719
12554,13,1,0.63388115
12555,3,1,0.3480609
12556,2,0,0.37228617
12557,14,0,0.41393158
12558,28,0,0.6573593
12559,16,0,0.33548617
12560,0,1,0.42747238
12561,10,0,0.3269337
12562,25,0,0.36815378
12563,22,1,0.49796602
12564,15,1,0.33354872
12565,18,1,0.6106489
12566,12,0,0.68365395
12567,0,0,0.47543526
12568,2,0,0.4113539
12569,26,1,0.4871982
12570,7,1,0.65418184
12571,2,1,0.431382
12572,6,0,0.27323058
12573,17,0,0.67562693
12574,7,1,0.6129851
12575,18,0,0.48265135
12576,11,0,0.58235973
12577,15,1,0.62517285
12578,8,1,0.35771045
12579,4,1,0.7748124
12580,17,1,0.57191676
12581,18,1,0.6680471
12582,7,1,0.71528363
12583,27,1,0.551557
12584,16,0,0.3591528
12585,10,0,0.29830885
12586,5,0,0.52054626
12587,2,1,0.7073152
12588,28,0,0.39174592
12589,16,1,0.66179806
12590,2,1,0.37066013
12591,4,1,0.4359612
12592,2,0,0.78674847
12593,1,1,0.6627415
12594,2,1,0.65453833
12595,8,0,0.6537104
12596,22,1,0.28970864
12597,15,0,0.35832858
12598,1,1,0.5681662
12599,14,1,0.5280537
12600,23,1,0.63371986
12601,1,0,0.5990349
12602,10,1,0.6031782
12603,19,1,0.34882298
12604,28,0,0.4871836
12605,5,1,0.70293975
12606,20,1,0.33277085
12607,21,0,0.55430293
12608,5,0,0.28776485
12609,0,0,0.41685674
12610,20,1,0.3649058
12611,14,1,0.7111878
12612,16,1,0.75360084
12613,1,0,0.33569345
12614,16,0,0.5817024
12615,8,1,0.76994836
12616,17,1,0.44641915
12617,26,1,0.660212
12618,20,1,0.36905387
12619,1,1,0.5919522
12620,7,0,0.2963289
12621,26,0,0.61087674
12622,14,1,0.7574356
12623,11,0,0.36617532
12624,9,0,0.32409045
12625,0,0,0.6694646
12626,8,1,0.47933128
12627,13,1,0.718315
12628,13,0,0.8125141
12629,12,0,0.30951706
12630,16,0,0.76576626
12631,0,0,0.36468905
12632,13,1,0.7865132
12633,27,0,0.48346332
12634,13,1,0.7780331
12635,15,1,0.3319287
12636,8,0,0.43413255
12637,10,0,0.45648134
12638,7,0,0.28009593
12639,21,0,0.57890654
12640,27,0,0.62971544
12641,28,0,0.4351506
12642,18,1,0.706093
12643,3,1,0.66570306
12644,0,1,0.44988558
12645,19,1,0.56149954
12646,1,1,0.65897083
12647,13,1,0.44210425
12648,21,0,0.3026132
12649,26,0,0.24373157
12650,5,1,0.763587
12651,13,1,0.8060251
12652,18,0,0.33543587
12653,15,1,0.44183642
12654,17,1,0.49714655
12655,19,0,0.4154986
12656,12,1,0.30563885
12657,16,0,0.27549222
12658,27,1,0.26992765
12659,9,1,0.8117768
12660,8,1,0.71598446
12661,22,1,0.3501088
12662,22,1,0.45003116
12663,11,1,0.32930377
12664,13,0,0.64898235
12665,2,0,0.32263106
12666,3,1,0.6374181
12667,13,0,0.31135714
12668,8,1,0.65633595
12669,1,1,0.3776855
12670,10,0,0.52284014
12671,4,0,0.30028114
12672,3,1,0.4260809
12673,3,0,0.30134898
12674,21,0,0.4327061
12675,18,0,0.5305352
12676,24,1,0.5364449
12677,22,0,0.35659787
12678,11,1,0.32937038
12679,23,1,0.7175576
12680,27,0,0.3351345
12681,16,1,0.779018
12682,17,0,0.3434475
12683,8,0,0.61463
12684,11,0,0.4488156
12685,27,0,0.3798201
12686,8,0,0.5348924
12687,2,0,0.6363957
12688,26,1,0.4008096
12689,27,1,0.26460248
12690,3,1,0.52466214
12691,23,0,0.30700853
12692,22,0,0.4676964
12693,17,1,0.67154884
12694,25,1,0.52828795
12695,13,0,0.37223858
12696,4,0,0.57343334
12697,11,0,0.36856458
12698,7,1,0.65032464
12699,0,1,0.51745
12700,10,0,0.4550216
12701,13,1,0.6510516
12702,27,1,0.6091307
12703,8,0,0.282766
12704,12,0,0.35110608
12705,21,1,0.74684376
12706,15,1,0.31484526
12707,11,1,0.67285347
12708,1,1,0.32911962
12709,22,1,0.42703786
12710,15,1,0.43114406
12711,12,1,0.342749
12712,17,1,0.5003072
12713,12,1,0.38990566
12714,21,0,0.3295026
12715,20,0,0.51723856
12716,26,1,0.6606771
12717,8,0,0.27829382
12718,13,1,0.5974668
12719,0,1,0.32283318
12720,10,0,0.2647475
12721,28,0,0.47607008
12722,13,0,0.44319504
12723,26,0,0.34171185
12724,11,0,0.6166374
12725,8,0,0.3152554
12726,17,1,0.825902
12727,11,1,0.6096575
12728,21,0,0.44571957
12729,15,1,0.45692936
12730,7,0,0.5356404
12731,19,1,0.5924299
12732,26,1,0.61798877
12733,0,1,0.6549328
12734,13,0,0.25159478
12735,19,0,0.30707613
12736,28,1,0.77808005
12737,14,1,0.48444322
12738,16,1,0.31387728
12739,1,1,0.34912574
12740,13,0,0.5666004
12741,9,1,0.6447748
12742,15,0,0.29526788
12743,8,1,0.38156983
12744,7,1,0.7815655
12745,27,1,0.7911723
12746,11,1,0.7190338
12747,25,0,0.58182603
12748,22,0,0.6155719
12749,16,0,0.519893
12750,16,1,0.40070376
12751,2,0,0.7093972
12752,12,1,0.51687044
12753,2,0,0.51693594
12754,23,0,0.64583427
12755,28,1,0.371279
12756,21,1,0.3578191
12757,15,0,0.6481434
12758,23,1,0.5935973
12759,10,0,0.7662169
12760,5,0,0.69535077
12761,11,1,0.45305818
12762,2,1,0.33167964
12763,25,1,0.73962945
12764,11,0,0.24988584
12765,14,0,0.45058414
12766,8,0,0.5482794
12767,15,1,0.31634086
12768,8,1,0.54274815
12769,26,1,0.5544346
12770,16,1,0.6473136
12771,17,0,0.323124
12772,15,1,0.31388706
12773,0,0,0.40080598
12774,3,0,0.5902863
12775,2,0,0.31578785
12776,16,1,0.35382918
12777,28,0,0.32472062
12778,15,1,0.46472088
12779,2,0,0.6324939
12780,15,0,0.48031157
12781,14,1,0.6248752
12782,8,1,0.58889765
12783,27,1,0.6559292
12784,15,1,0.5635663
12785,25,1,0.7602864
12786,15,0,0.32768965
12787,25,1,0.4073778
12788,5,1,0.776035
12789,2,1,0.805871
12790,13,0,0.6664986
12791,13,0,0.4066498
12792,15,0,0.31495053
12793,19,1,0.52123946
12794,26,1,0.3040589
12795,8,1,0.5815241
12796,11,1,0.65003055
12797,9,0,0.46374044
12798,19,0,0.27371985
12799,5,0,0.2515352
12800,14,1,0.60645723
12801,4,0,0.27009535
12802,2,1,0.6003923
12803,6,1,0.64062434
12804,10,0,0.29647627
12805,2,1,0.578462
12806,13,1,0.24025634
12807,8,1,0.74428856
12808,2,0,0.6276588
12809,8,1,0.72499365
12810,18,1,0.6859745
12811,11,0,0.21553631
12812,25,1,0.58881766
12813,6,1,0.6030144
12814,17,0,0.28682125
12815,4,1,0.69948345
12816,15,0,0.26486728
12817,13,0,0.59847236
12818,1,1,0.5802188
12819,17,0,0.28793812
12820,16,1,0.71125793
12821,27,0,0.2338096
12822,0,1,0.45434484
12823,23,1,0.4472847
12824,20,0,0.31274906
12825,6,1,0.83994615
12826,4,1,0.6231649
12827,15,1,0.770575
12828,16,1,0.33774528
12829,8,0,0.76961344
12830,9,0,0.5209692
12831,6,1,0.65463746
12832,25,1,0.49021432
12833,14,1,0.3299841
12834,27,1,0.47857007
12835,13,0,0.4586122
12836,2,0,0.25960973
12837,0,0,0.4245454
12838,28,0,0.52926034
12839,16,0,0.31182122
12840,27,0,0.69641453
12841,23,0,0.5870168
12842,6,1,0.60156167
12843,2,0,0.39342338
12844,26,1,0.72391915
12845,16,1,0.7664354
12846,12,1,0.7669394
12847,15,1,0.26150972
12848,10,1,0.35789278
12849,2,0,0.6120422
12850,18,0,0.28481504
12851,12,1,0.7784399
12852,13,0,0.6918672
12853,2,1,0.3846447
12854,1,1,0.7164586
12855,20,1,0.38123626
12856,11,1,0.777105
12857,27,0,0.30897433
12858,0,1,0.4180995
12859,21,1,0.37994596
12860,18,0,0.28471717
12861,16,0,0.7626674
12862,21,1,0.4636506
12863,8,0,0.6515792
12864,6,1,0.36632696
12865,14,1,0.6342615
12866,9,1,0.51148
12867,22,1,0.6898234
12868,4,0,0.5560096
12869,17,0,0.5694389
12870,16,0,0.28870374
12871,13,0,0.78416276
12872,19,1,0.78049463
12873,26,1,0.43709946
12874,7,1,0.6168625
12875,9,1,0.4681852
12876,2,1,0.7918471
12877,4,0,0.43519148
12878,0,0,0.33284208
12879,16,1,0.47505346
12880,8,1,0.5436026
12881,25,1,0.73100793
12882,13,1,0.7445537
12883,10,0,0.31452572
12884,12,1,0.7856984
12885,16,0,0.32022887
12886,22,0,0.45846853
12887,18,0,0.42829308
12888,1,1,0.72295827
12889,1,0,0.5022042
12890,2,0,0.7456865
12891,28,1,0.58569294
12892,13,1,0.40995616
12893,1,1,0.5271495
12894,20,1,0.7143599
12895,10,1,0.31203294
12896,8,0,0.40357855
12897,17,1,0.5774291
12898,21,1,0.7003549
12899,8,1,0.65041924
12900,20,1,0.58362615
12901,4,0,0.66250855
12902,8,0,0.5528515
12903,13,0,0.44173837
12904,7,0,0.5220034
12905,28,1,0.3707409
12906,8,0,0.63512146
12907,26,0,0.45769578
12908,12,1,0.5120967
12909,13,1,0.4728175
12910,10,0,0.32998496
12911,10,1,0.65042895
12912,19,1,0.5425533
12913,15,0,0.45914197
12914,2,1,0.72313225
12915,10,1,0.5132326
12916,27,0,0.6017224
12917,20,0,0.6068437
12918,15,0,0.4189883
12919,2,0,0.58310294
12920,2,0,0.6239394
12921,3,0,0.35973817
12922,18,0,0.6344198
12923,19,0,0.36964884
12924,16,1,0.56707215
12925,6,0,0.2903424
12926,7,1,0.4674355
12927,20,0,0.5692307
12928,19,1,0.36092633
12929,22,0,0.30418333
12930,27,1,0.5964078
12931,25,0,0.46648353
12932,13,1,0.5117773
12933,11,1,0.35766783
12934,13,0,0.5911909
12935,8,1,0.32876652
12936,16,0,0.41013533
12937,21,0,0.4948386
12938,14,1,0.60934633
12939,0,1,0.41750214
12940,4,1,0.5533834
12941,25,1,0.5092684
12942,9,0,0.48140815
12943,10,0,0.32114932
12944,13,1,0.28822833
12945,20,1,0.6461288
12946,1,1,0.51373184
12947,16,0,0.2956509
12948,11,1,0.74104285
12949,13,0,0.62202096
12950,8,1,0.2816941
12951,16,0,0.48723403
12952,27,0,0.64049286
12953,3,0,0.5406506
12954,13,0,0.38490242
12955,2,1,0.7086965
12956,27,0,0.5799221
12957,15,1,0.37919053
12958,5,1,0.67174983
12959,15,0,0.5443654
12960,2,0,0.41735622
12961,19,0,0.46494117
12962,18,0,0.6330663
12963,7,1,0.3904186
12964,16,0,0.50762093
12965,3,1,0.4818137
12966,28,0,0.51755357
12967,25,1,0.54386157
12968,16,1,0.6621166
12969,18,0,0.5531899
12970,28,0,0.36260927
12971,3,0,0.38452718
12972,3,1,0.415667
12973,15,0,0.23866764
12974,9,1,0.74367106
12975,27,0,0.4914323
12976,9,0,0.61192614
12977,2,1,0.68011624
12978,12,1,0.77768165
12979,8,1,0.7908259
12980,11,1,0.61163545
12981,1,1,0.34760156
12982,6,1,0.6092824
12983,6,1,0.5701426
12984,15,1,0.57743347
12985,21,1,0.3275046
12986,2,1,0.5716286
12987,11,1,0.62772197
12988,21,1,0.7979357
12989,19,1,0.5636738
12990,1,0,0.3692862
12991,2,0,0.41431028
12992,27,0,0.44545764
12993,13,1,0.7258622
12994,2,0,0.30367202
12995,12,0,0.2876701
12996,20,1,0.70940304
12997,20,1,0.6626526
12998,16,0,0.6297779
12999,11,1,0.67325
13000,13,1,0.6426127
13001,28,1,0.28165644
13002,0,0,0.6167427
13003,3,0,0.3542376
13004,12,1,0.52827483
13005,8,1,0.708837
13006,17,0,0.2688602
13007,8,1,0.7711076
13008,13,0,0.24492261
13009,28,0,0.4435488
13010,2,1,0.6013046
13011,3,0,0.45467222
13012,13,1,0.28437904
13013,8,1,0.6320937
13014,15,0,0.5071823
13015,11,0,0.55376625
13016,7,1,0.59150565
13017,7,0,0.65571797
13018,16,1,0.8194707
13019,11,1,0.7226955
13020,6,1,0.62945676
13021,2,1,0.42429167
13022,26,0,0.63844365
13023,25,0,0.48166233
13024,25,0,0.27904713
13025,8,1,0.4395467
13026,19,1,0.569035
13027,8,0,0.45342118
13028,25,1,0.6416536
13029,23,0,0.32579696
13030,9,0,0.28821182
13031,27,1,0.74638253
13032,11,1,0.41257992
13033,26,0,0.48335513
13034,26,0,0.5975983
13035,15,0,0.42425197
13036,10,1,0.65246207
13037,0,1,0.26855645
13038,8,1,0.63784206
13039,21,1,0.44187295
13040,14,0,0.49041685
13041,16,0,0.2962818
13042,14,0,0.30572176
13043,11,0,0.59625775
13044,3,1,0.78307766
13045,8,0,0.53156674
13046,25,1,0.6443661
13047,7,0,0.23758307
13048,16,0,0.58920217
13049,18,1,0.45633703
13050,1,1,0.4680126
13051,13,1,0.7036679
13052,23,0,0.27438846
13053,10,0,0.59550774
13054,0,0,0.4374013
13055,21,1,0.43942773
13056,8,1,0.49266264
13057,2,1,0.7991379
13058,12,1,0.65807456
13059,0,0,0.23509265
13060,11,0,0.5787752
13061,27,0,0.4878983
13062,10,1,0.7419524
13063,13,1,0.61302084
13064,14,0,0.32767376
13065,7,0,0.44937345
13066,1,1,0.4099561
13067,25,0,0.48987594
13068,27,0,0.2856304
13069,23,0,0.52546585
13070,26,1,0.81181306
13071,1,1,0.73541266
13072,7,0,0.61118615
13073,8,1,0.46455097
13074,16,0,0.31930065
13075,7,1,0.725631
13076,12,0,0.3959
13077,0,0,0.5644432
13078,25,0,0.37403905
13079,12,1,0.4540373
13080,9,1,0.49796247
13081,28,1,0.47128165
13082,2,0,0.69488376
13083,3,0,0.23789738
13084,3,1,0.5632963
13085,10,0,0.5212593
13086,23,0,0.42920864
13087,8,0,0.33093125
13088,20,1,0.45301098
13089,25,0,0.5565995
13090,22,1,0.31853864
13091,15,0,0.2350289
13092,9,0,0.50492233
13093,16,0,0.4280116
13094,14,0,0.42527658
13095,3,1,0.2437188
13096,13,1,0.2995276
13097,6,0,0.6418919
13098,20,0,0.7915604
13099,5,0,0.2802273
13100,25,0,0.37161645
13101,27,0,0.3141916
13102,11,0,0.53087825
13103,15,1,0.61880356
13104,11,1,0.28474155
13105,20,1,0.3831426
13106,14,1,0.5516508
13107,19,0,0.391553
13108,1,0,0.44419685
13109,12,1,0.49129772
13110,1,0,0.30801442
13111,0,1,0.4841278
13112,6,1,0.29275662
13113,3,1,0.4885782
13114,26,0,0.38592374
13115,8,0,0.39769274
13116,9,0,0.52184397
13117,24,0,0.35202625
13118,6,1,0.43191
13119,16,1,0.73560494
13120,14,1,0.48977616
13121,23,1,0.64804745
13122,6,0,0.3096727
13123,26,1,0.6440283
13124,22,1,0.30612454
13125,23,1,0.76620704
13126,24,0,0.5208114
13127,14,0,0.44798616
13128,16,0,0.4650746
13129,1,0,0.61704826
13130,1,1,0.35527202
13131,9,1,0.30757713
13132,18,0,0.46113002
13133,24,0,0.54881877
13134,13,1,0.60710037
13135,11,0,0.52251816
13136,9,0,0.6012817
13137,5,1,0.54915583
13138,1,1,0.30759788
13139,18,1,0.81300163
13140,28,0,0.64049476
13141,16,0,0.42888957
13142,23,0,0.6179701
13143,23,1,0.42918772
13144,11,1,0.7525493
13145,17,0,0.80575275
13146,23,0,0.6448159
13147,15,0,0.5476167
13148,12,1,0.44005617
13149,19,0,0.38623172
13150,6,0,0.4434244
13151,13,1,0.6226382
13152,2,1,0.57673866
13153,7,0,0.52124494
13154,28,0,0.50415975
13155,9,0,0.3303339
13156,8,0,0.36165005
13157,13,1,0.5518928
13158,6,0,0.35997912
13159,13,0,0.21871981
13160,11,1,0.6372916
13161,11,1,0.71518064
13162,15,1,0.80923283
13163,6,0,0.44543204
13164,10,1,0.57518846
13165,5,1,0.72605217
13166,10,1,0.7066321
13167,22,1,0.8363801
13168,11,0,0.4289421
13169,10,1,0.67207557
13170,14,0,0.6583815
13171,13,1,0.5557302
13172,24,1,0.79343677
13173,13,0,0.44374877
13174,11,0,0.48281124
13175,6,0,0.34693375
13176,23,0,0.44259232
13177,27,1,0.58169293
13178,14,0,0.4469963
13179,20,0,0.31049675
13180,13,1,0.61444753
13181,13,1,0.50991535
13182,25,0,0.41092438
13183,3,1,0.34769052
13184,4,1,0.7117385
13185,13,0,0.5966518
13186,12,0,0.30580977
13187,13,0,0.33285382
13188,17,0,0.49106374
13189,10,0,0.30886889
13190,23,0,0.70695007
13191,10,1,0.6463203
13192,20,0,0.54469764
13193,13,1,0.5817516
13194,13,0,0.2937025
13195,14,0,0.5318138
13196,19,1,0.3903833
13197,21,1,0.79022586
13198,6,0,0.54613805
13199,10,0,0.48148263
13200,11,1,0.63391876
13201,18,1,0.4223289
13202,3,0,0.56986517
13203,28,1,0.6289246
13204,22,1,0.26197734
13205,1,1,0.5539904
13206,20,1,0.4782117
13207,5,0,0.7092787
13208,20,1,0.76732653
13209,14,0,0.42043856
13210,1,0,0.5872484
13211,7,0,0.35069013
13212,14,0,0.33751124
13213,15,0,0.64767075
13214,28,1,0.5876678
13215,22,0,0.43617606
13216,22,0,0.32288828
13217,4,1,0.6574959
13218,13,0,0.3205104
13219,5,0,0.40067744
13220,10,1,0.7433529
13221,17,1,0.593999
13222,13,1,0.8514587
13223,14,1,0.68321866
13224,13,1,0.31759095
13225,6,1,0.32777008
13226,10,1,0.5661736
13227,22,1,0.62243706
13228,22,1,0.57954925
13229,1,1,0.36248007
13230,8,1,0.69920176
13231,13,0,0.43975845
13232,23,1,0.60708505
13233,16,0,0.35748413
13234,13,0,0.5252885
13235,10,0,0.5126814
13236,3,0,0.43989718
13237,16,1,0.7327302
13238,25,0,0.762103
13239,26,1,0.7845236
13240,27,0,0.32801285
13241,16,1,0.76856154
13242,2,0,0.286144
13243,18,0,0.5921622
13244,22,1,0.44850576
13245,22,0,0.60434
13246,16,0,0.32494614
13247,26,1,0.48976246
13248,13,0,0.4270517
13249,28,0,0.7346035
13250,1,0,0.37117267
13251,11,0,0.47725716
13252,5,0,0.4177062
13253,15,1,0.63043004
13254,20,1,0.67630625
13255,2,1,0.6214497
13256,16,0,0.48468325
13257,10,0,0.27068126
13258,3,0,0.54453313
13259,15,0,0.45219687
13260,0,0,0.2814557
13261,11,0,0.63556665
13262,22,0,0.45694363
13263,12,1,0.30475268
13264,17,0,0.5448329
13265,13,1,0.33814633
13266,8,1,0.7198857
13267,20,1,0.70257324
13268,8,1,0.5983828
13269,2,0,0.35458192
13270,27,0,0.2892516
13271,23,0,0.540694
13272,13,0,0.34870076
13273,10,0,0.2767898
13274,4,1,0.6393016
13275,17,1,0.3228358
13276,2,1,0.526571
13277,22,1,0.28395644
13278,18,0,0.46048525
13279,12,1,0.59029764
13280,14,1,0.3319205
13281,27,1,0.32820907
13282,11,0,0.619045
13283,12,1,0.3642089
13284,8,0,0.4461551
13285,24,0,0.4395782
13286,16,1,0.47949803
13287,26,1,0.43618432
13288,19,1,0.6940305
13289,7,0,0.33876193
13290,23,0,0.4522218
13291,9,1,0.49793765
13292,18,1,0.41081494
13293,15,1,0.62696844
13294,1,0,0.61581206
13295,8,0,0.42957595
13296,2,0,0.3750793
13297,15,1,0.3914304
13298,15,0,0.3269705
13299,10,0,0.42661607
13300,24,0,0.526993
13301,26,1,0.5497704
13302,16,1,0.71317536
13303,25,0,0.5827469
13304,7,1,0.49270487
13305,16,1,0.6916873
13306,19,1,0.49401549
13307,17,1,0.6132972
13308,5,1,0.5942639
13309,18,1,0.33868548
13310,8,0,0.2508381
13311,15,1,0.5076147
13312,2,1,0.374425
13313,25,1,0.4126062
13314,13,1,0.5444736
13315,15,0,0.5083257
13316,20,0,0.52666754
13317,16,1,0.49758437
13318,2,1,0.6289763
13319,17,0,0.4184919
13320,7,1,0.38516974
13321,26,1,0.30226323
13322,20,1,0.5016749
13323,14,0,0.37846124
13324,11,0,0.24607988
13325,10,0,0.36861894
13326,22,1,0.6049219
13327,28,0,0.6442697
13328,25,1,0.7169782
13329,14,0,0.35357177
13330,11,0,0.6875728
13331,3,0,0.5112719
13332,25,0,0.3612932
13333,9,1,0.6419848
13334,3,1,0.38273904
13335,7,0,0.38105428
13336,21,0,0.46476373
13337,9,1,0.66668946
13338,16,1,0.6260421
13339,13,1,0.573169
13340,0,1,0.64973783
13341,6,1,0.7331839
13342,23,1,0.50564694
13343,8,1,0.41311267
13344,11,0,0.6574346
13345,17,1,0.46167016
13346,0,0,0.35686716
13347,3,1,0.5231629
13348,10,1,0.42122236
13349,16,0,0.32646832
13350,15,0,0.61427253
13351,2,1,0.52956384
13352,8,1,0.35231695
13353,18,0,0.3592829
13354,19,1,0.7550591
13355,15,1,0.4241193
13356,15,0,0.66855615
13357,16,1,0.8213046
13358,1,0,0.5879066
13359,15,0,0.32392412
13360,27,0,0.48149168
13361,26,1,0.66361433
13362,6,1,0.57912445
13363,20,1,0.53428936
13364,15,0,0.26621675
13365,21,0,0.32861984
13366,24,0,0.57375443
13367,11,0,0.31054756
13368,15,1,0.61695033
13369,22,1,0.44291696
13370,1,1,0.75408304
13371,14,0,0.29392177
13372,1,1,0.60291487
13373,13,1,0.6752323
13374,10,1,0.66858274
13375,18,0,0.6029318
13376,26,1,0.44747424
13377,20,1,0.5159687
13378,27,1,0.61972934
13379,27,1,0.7442239
13380,15,1,0.48066786
13381,26,1,0.38810968
13382,18,1,0.54394376
13383,13,1,0.7524136
13384,12,0,0.37993088
13385,18,1,0.6384199
13386,7,1,0.6890329
13387,1,0,0.45234227
13388,19,0,0.31939343
13389,16,0,0.3803368
13390,1,0,0.369364
13391,25,0,0.41677216
13392,12,1,0.60717154
13393,25,0,0.518169
13394,14,1,0.47747198
13395,11,1,0.67931134
13396,20,0,0.557106
13397,2,1,0.3800679
13398,28,1,0.5856766
13399,10,1,0.7685618
13400,12,1,0.64359397
13401,18,0,0.46865448
13402,25,1,0.6572328
13403,27,0,0.3929038
13404,9,0,0.29333425
13405,26,0,0.43005913
13406,22,1,0.7083614
13407,23,1,0.62580144
13408,25,0,0.34115583
13409,4,0,0.44119647
13410,12,1,0.6666521
13411,6,0,0.6745068
13412,16,0,0.5987081
13413,17,1,0.54907966
13414,11,0,0.3120356
13415,13,0,0.50168306
13416,5,1,0.7196783
13417,8,0,0.2782813
13418,8,1,0.6984481
13419,26,1,0.42309397
13420,15,1,0.4336443
13421,27,0,0.58542407
13422,28,0,0.40823323
13423,2,0,0.40238902
13424,5,1,0.5051817
13425,23,1,0.33883035
13426,15,1,0.6820283
13427,25,0,0.2963612
13428,17,1,0.74037755
13429,5,1,0.6192763
13430,18,0,0.37671688
13431,7,1,0.6328317
13432,16,0,0.37736285
13433,16,1,0.66270375
13434,24,1,0.5482912
13435,17,0,0.46447387
13436,25,1,0.5454738
13437,17,1,0.73017764
13438,6,0,0.28620595
13439,27,0,0.43912596
13440,14,1,0.6332951
13441,26,1,0.6217864
13442,18,0,0.27712965
13443,27,1,0.82244486
13444,0,0,0.42574245
13445,8,1,0.7549535
13446,10,0,0.53527963
13447,16,1,0.61566526
13448,2,0,0.3563376
13449,14,0,0.34776995
13450,27,1,0.61901104
13451,5,0,0.5638056
13452,2,0,0.30168504
13453,12,0,0.30196238
13454,3,0,0.32824308
13455,17,0,0.4081201
13456,14,1,0.48845938
13457,16,0,0.28221452
13458,3,1,0.7001188
13459,23,1,0.5180995
13460,25,1,0.4594084
13461,7,0,0.36406747
13462,13,0,0.39283162
13463,23,0,0.6902504
13464,0,0,0.2783468
13465,12,1,0.5540897
13466,23,1,0.5758756
13467,13,1,0.72076064
13468,28,0,0.46422514
13469,13,1,0.67877775
13470,7,1,0.44336239
13471,16,0,0.30633408
13472,16,1,0.70713127
13473,25,0,0.29246527
13474,28,0,0.36699104
13475,4,0,0.31467813
13476,11,0,0.3121238
13477,12,0,0.38127688
13478,13,1,0.6045118
13479,22,1,0.5605456
13480,1,1,0.38050103
13481,10,0,0.35808688
13482,12,1,0.6364602
13483,25,1,0.75118506
13484,23,1,0.61242104
13485,0,0,0.31380215
13486,4,0,0.48427948
13487,21,1,0.33027172
13488,13,0,0.31343266
13489,12,0,0.44195864
13490,16,0,0.41274613
13491,10,1,0.2610058
13492,15,0,0.5371225
13493,15,1,0.5193914
13494,0,1,0.34246814
13495,21,1,0.47410795
13496,2,0,0.33099294
13497,12,0,0.32840374
13498,6,0,0.33787772
13499,22,1,0.60303134
13500,1,0,0.62642974
13501,16,1,0.7592848
13502,7,1,0.78565365
13503,18,0,0.29369673
13504,24,1,0.6582805
13505,13,1,0.36374307
13506,22,0,0.29272965
13507,8,1,0.72864395
13508,8,0,0.36730716
13509,19,0,0.73703057
13510,0,0,0.33088934
13511,19,1,0.69645095
13512,20,0,0.45506856
13513,22,0,0.41165683
13514,11,1,0.8234514
13515,15,1,0.83552605
13516,20,0,0.8146578
13517,16,0,0.38804853
13518,22,1,0.6768149
13519,11,0,0.4998009
13520,2,1,0.70011914
13521,1,1,0.6077167
13522,3,0,0.49148035
13523,6,0,0.5133874
13524,5,1,0.49914685
13525,26,1,0.6194771
13526,2,1,0.54350436
13527,7,0,0.40991023
13528,22,1,0.31133273
13529,8,1,0.3907415
13530,28,0,0.25638705
13531,26,1,0.37263742
13532,20,0,0.6166409
13533,20,1,0.723307
13534,21,0,0.4366019
13535,8,1,0.6497443
13536,2,0,0.27173734
13537,26,0,0.61572635
13538,19,1,0.3598883
13539,14,0,0.5497207
13540,23,1,0.53236353
13541,9,1,0.761289
13542,10,1,0.5693905
13543,12,1,0.7678283
13544,28,1,0.33259442
13545,16,0,0.33916548
13546,24,1,0.7358537
13547,3,0,0.61707
13548,28,1,0.33114597
13549,28,0,0.3907372
13550,14,0,0.41833228
13551,25,0,0.6557409
13552,22,0,0.27557546
13553,26,0,0.46152812
13554,22,1,0.41944048
13555,26,0,0.35432687
13556,4,0,0.29302284
13557,12,0,0.36620787
13558,19,1,0.4460633
13559,12,0,0.48092493
13560,14,1,0.7112558
13561,12,0,0.35329223
13562,16,1,0.4662516
13563,16,0,0.29822403
13564,11,0,0.46187362
13565,11,0,0.35000485
13566,18,0,0.42492312
13567,2,0,0.24342532
13568,24,1,0.73773724
13569,27,0,0.64680946
13570,13,1,0.61638135
13571,26,1,0.635359
13572,20,0,0.3492743
13573,16,1,0.47387224
13574,10,1,0.44042206
13575,25,1,0.7259768
13576,8,0,0.67708886
13577,2,1,0.6600556
13578,12,0,0.30779153
13579,27,0,0.62373364
13580,18,1,0.6354106
13581,4,0,0.49585405
13582,15,0,0.62040365
13583,27,1,0.39281815
13584,28,0,0.3054577
13585,14,0,0.31730542
13586,24,1,0.30067077
13587,11,1,0.7401301
13588,14,1,0.4080762
13589,1,0,0.3901769
13590,22,0,0.4491056
13591,2,0,0.3718797
13592,6,1,0.7768399
13593,17,0,0.7710428
13594,14,0,0.34289727
13595,9,0,0.34300286
13596,0,0,0.54096365
13597,28,1,0.58426017
13598,0,1,0.7341883
13599,13,1,0.5663458
13600,23,0,0.31688678
13601,7,1,0.5897232
13602,28,1,0.6898271
13603,8,0,0.32835737
13604,28,0,0.6179636
13605,25,0,0.6554948
13606,8,0,0.58752203
13607,19,0,0.34153283
13608,27,1,0.5551598
13609,1,0,0.47538987
13610,2,0,0.33061343
13611,16,0,0.41923898
13612,24,1,0.7626749
13613,8,0,0.5868936
13614,3,1,0.6338853
13615,4,1,0.59632593
13616,2,0,0.44343176
13617,15,1,0.5868598
13618,20,0,0.2543192
13619,8,0,0.29435405
13620,18,1,0.5885188
13621,27,1,0.67066604
13622,15,0,0.51633763
13623,12,0,0.31994048
13624,12,1,0.27879974
13625,14,0,0.483732
13626,19,0,0.40003452
13627,12,1,0.5004734
13628,28,1,0.39410615
13629,14,0,0.2570045
13630,16,1,0.6521154
13631,11,0,0.5480228
13632,22,1,0.3056207
13633,16,0,0.4572099
13634,18,1,0.48007986
13635,12,1,0.5451826
13636,2,1,0.6003506
13637,1,0,0.5666637
13638,17,1,0.56252664
13639,7,1,0.290449
13640,23,1,0.40944287
13641,28,0,0.30857983
13642,10,0,0.3286368
13643,28,0,0.35783866
13644,12,0,0.38441753
13645,25,1,0.5502752
13646,10,0,0.3200644
13647,27,1,0.65365887
13648,11,0,0.52708614
13649,14,1,0.44678262
13650,2,0,0.51037884
13651,27,1,0.3260914
13652,27,0,0.75434864
13653,1,1,0.3618538
13654,10,0,0.27570382
13655,12,1,0.49430138
13656,10,0,0.32221457
13657,26,1,0.54462653
13658,16,1,0.66594046
13659,14,0,0.36621892
13660,19,1,0.52778274
13661,27,0,0.63201505
13662,17,1,0.39295587
13663,2,0,0.6490423
13664,23,1,0.68455535
13665,17,1,0.5945709
13666,1,0,0.3319713
13667,11,0,0.26963356
13668,22,1,0.8446241
13669,26,0,0.31796476
13670,28,1,0.6001251
13671,13,1,0.8029807
13672,19,0,0.662883
13673,12,1,0.7967842
13674,17,0,0.4982454
13675,2,1,0.60711044
13676,2,1,0.8108028
13677,12,1,0.64585024
13678,13,0,0.78700787
13679,2,1,0.70921546
13680,3,1,0.5571713
13681,16,0,0.35617206
13682,16,1,0.65470195
13683,25,0,0.380806
13684,26,0,0.39578328
13685,22,0,0.2607898
13686,28,1,0.6391985
13687,22,0,0.2847239
13688,12,0,0.58337337
13689,28,0,0.5942578
13690,8,0,0.31640202
13691,12,1,0.5675116
13692,12,1,0.5313452
13693,13,0,0.36412168
13694,26,0,0.34973073
13695,13,1,0.72143126
13696,26,1,0.7153319
13697,13,1,0.4723792
13698,12,1,0.70779383
13699,4,1,0.6050583
13700,12,1,0.5984511
13701,2,0,0.56626254
13702,23,0,0.27643394
13703,24,0,0.39129677
13704,20,1,0.60467607
13705,26,0,0.7562854
13706,16,0,0.7581272
13707,2,1,0.79764
13708,16,0,0.29208592
13709,23,1,0.58102214
13710,13,1,0.72217923
13711,13,1,0.44389883
13712,21,1,0.57626694
13713,18,1,0.60317534
13714,6,1,0.4927014
13715,6,0,0.4734729
13716,25,1,0.77812386
13717,22,1,0.50078386
13718,25,0,0.35237473
13719,19,1,0.5611385
13720,25,0,0.23669764
13721,11,0,0.34938663
13722,21,1,0.63123715
13723,17,0,0.5184288
13724,19,1,0.6046542
13725,17,1,0.3020183
13726,15,0,0.47141054
13727,28,1,0.6888864
13728,20,0,0.30148092
13729,0,1,0.82150006
13730,22,1,0.74791086
13731,19,0,0.6328763
13732,24,1,0.34981406
13733,20,1,0.7719761
13734,5,0,0.46817574
13735,11,1,0.708839
13736,14,0,0.4791692
13737,28,0,0.34134936
13738,3,1,0.4064267
13739,17,1,0.7377623
13740,27,1,0.53887236
13741,2,0,0.5452848
13742,10,0,0.59353304
13743,15,1,0.5178912
13744,11,1,0.5426129
13745,14,0,0.62324506
13746,2,0,0.6695654
13747,13,0,0.25225967
13748,10,1,0.33292937
13749,3,0,0.60409325
13750,5,1,0.31657714
13751,26,1,0.4107896
13752,8,0,0.44078633
13753,8,1,0.6588473
13754,12,1,0.57564944
13755,11,1,0.36884823
13756,6,0,0.46246254
13757,12,0,0.4582099
13758,26,0,0.2856727
13759,4,1,0.48044032
13760,17,1,0.5875398
13761,21,0,0.75375533
13762,15,1,0.27543166
13763,9,0,0.29871535
13764,7,0,0.337462
13765,13,0,0.41558978
13766,18,0,0.33864588
13767,13,0,0.31501228
13768,16,1,0.61792576
13769,26,1,0.48342282
13770,2,0,0.45899078
13771,14,0,0.27669019
13772,8,1,0.5517219
13773,25,1,0.5843915
13774,25,1,0.56688684
13775,2,0,0.46567014
13776,23,1,0.50309265
13777,12,0,0.35171747
13778,9,1,0.34089312
13779,5,0,0.31280893
13780,13,0,0.29367584
13781,10,0,0.42557475
13782,9,1,0.8190715
13783,3,0,0.6333995
13784,15,1,0.5301349
13785,17,1,0.45097983
13786,17,0,0.58750707
13787,26,0,0.59863067
13788,15,1,0.66237086
13789,1,1,0.60685396
13790,20,0,0.2661721
13791,25,0,0.40327373
13792,10,1,0.28879756
13793,11,0,0.30729902
13794,26,1,0.29751375
13795,25,0,0.46858945
13796,16,0,0.4092823
13797,11,0,0.564853
13798,7,0,0.6169659
13799,9,1,0.46999112
13800,26,1,0.56913114
13801,22,1,0.75886846
13802,7,1,0.50469404
13803,16,0,0.5548311
13804,28,0,0.6867087
13805,5,0,0.50797284
13806,8,1,0.6504856
13807,8,1,0.6110069
13808,22,1,0.56840813
13809,10,1,0.55108464
13810,25,1,0.49804643
13811,17,0,0.2680256
13812,15,0,0.5452651
13813,11,0,0.5698389
13814,2,0,0.37912893
13815,24,0,0.28370482
13816,8,0,0.44513413
13817,14,0,0.5957249
13818,15,1,0.4520985
13819,3,1,0.48934337
13820,8,0,0.27668908
13821,21,0,0.34466738
13822,16,1,0.66765445
13823,23,0,0.56080073
13824,16,1,0.61138445
13825,13,1,0.74232495
13826,25,1,0.3228391
13827,8,0,0.48936868
13828,27,0,0.26027584
13829,17,0,0.61804754
13830,12,1,0.48118412
13831,13,0,0.75211513
13832,6,0,0.34682867
13833,13,1,0.69240177
13834,10,0,0.54767996
13835,5,1,0.3200681
13836,21,1,0.5490465
13837,19,0,0.33742544
13838,3,1,0.7064486
13839,6,0,0.52419055
13840,15,0,0.42990693
13841,25,0,0.6012007
13842,10,0,0.24609102
13843,25,1,0.5557174
13844,1,1,0.60444474
13845,10,1,0.7846652
13846,3,0,0.6932171
13847,20,0,0.48950425
13848,11,1,0.41221735
13849,13,1,0.5967201
13850,20,0,0.6097555
13851,13,0,0.5027589
13852,8,1,0.6349151
13853,12,0,0.41285682
13854,6,1,0.6553725
13855,12,1,0.77656126
13856,6,0,0.6884791
13857,27,0,0.45701423
13858,19,1,0.66515493
13859,1,1,0.6941484
13860,5,0,0.35863352
13861,15,0,0.60827214
13862,15,0,0.46757036
13863,25,0,0.49825415
13864,16,0,0.36127174
13865,13,1,0.40018392
13866,8,0,0.3170053
13867,25,0,0.5747876
13868,18,1,0.67481697
13869,3,1,0.41951182
13870,13,1,0.4243329
13871,20,1,0.540297
13872,20,0,0.35836232
13873,10,1,0.57024634
13874,13,0,0.5746404
13875,12,0,0.3781525
13876,8,0,0.5963938
13877,17,1,0.6414323
13878,6,0,0.53597707
13879,3,1,0.6822258
13880,24,1,0.6025185
13881,8,1,0.5784105
13882,18,1,0.57289153
13883,22,1,0.80656046
13884,13,0,0.49013996
13885,21,0,0.33929098
13886,22,0,0.33639798
13887,16,1,0.6013647
13888,16,0,0.48498905
13889,5,0,0.63530886
13890,2,0,0.47935233
13891,16,1,0.66007155
13892,11,0,0.35507056
13893,13,1,0.7540957
13894,22,0,0.6198061
13895,11,1,0.40383032
13896,2,0,0.3376496
13897,19,0,0.81071204
13898,2,0,0.6312659
13899,12,1,0.6163208
13900,2,0,0.34190798
13901,24,0,0.3242442
13902,13,0,0.618114
13903,27,0,0.5077939
13904,1,0,0.41619942
13905,23,1,0.6091521
13906,16,1,0.5878928
13907,15,0,0.61830205
13908,27,0,0.65262014
13909,15,1,0.6314924
13910,6,1,0.3554375
13911,2,0,0.4517295
13912,28,0,0.5961525
13913,26,0,0.37156296
13914,2,1,0.7531083
13915,16,1,0.5972294
13916,26,0,0.67606556
13917,7,1,0.7094185
13918,18,0,0.30483863
13919,12,1,0.6669996
13920,24,0,0.60354984
13921,5,1,0.3224433
13922,22,1,0.72522676
13923,11,1,0.62062395
13924,18,0,0.72685385
13925,20,0,0.44966033
13926,15,0,0.6271983
13927,13,0,0.37225676
13928,13,0,0.4266602
13929,12,1,0.38554335
13930,17,1,0.5595349
13931,1,0,0.51802725
13932,15,0,0.30357715
13933,25,0,0.49483165
13934,1,0,0.2879426
13935,6,0,0.33205548
13936,16,0,0.43875098
13937,2,0,0.27401128
13938,7,1,0.3237308
13939,3,1,0.32887688
13940,27,0,0.70885736
13941,11,0,0.34282
13942,2,0,0.45185584
13943,20,0,0.37707546
13944,1,1,0.5450613
13945,25,1,0.37216225
13946,5,1,0.4514173
13947,4,1,0.5621715
13948,9,1,0.36519054
13949,15,0,0.45246994
13950,10,1,0.59559834
13951,11,1,0.78995216
13952,12,0,0.54087967
13953,15,1,0.47812998
13954,13,1,0.78079754
13955,5,1,0.6297415
13956,18,0,0.39009103
13957,26,1,0.5852712
13958,6,0,0.2669867
13959,13,0,0.28404176
13960,22,1,0.38906345
13961,10,1,0.5905368
13962,13,0,0.43670166
13963,2,1,0.6571882
13964,7,1,0.5029736
13965,12,0,0.31029516
13966,16,0,0.6179724
13967,5,0,0.288793
13968,20,1,0.59809315
13969,28,0,0.33049423
13970,21,0,0.41151184
13971,11,0,0.2938752
13972,2,1,0.72320676
13973,13,0,0.6193697
13974,26,1,0.65471065
13975,14,1,0.6744276
13976,20,1,0.36973995
13977,11,1,0.6646558
13978,22,1,0.53339684
13979,5,1,0.59607077
13980,13,1,0.6909827
13981,7,1,0.6023737
13982,17,1,0.6715872
13983,16,1,0.28867364
13984,22,1,0.73794323
13985,18,1,0.5374983
13986,9,0,0.47132435
13987,28,0,0.48955563
13988,6,0,0.6000187
13989,15,0,0.6523081
13990,24,0,0.4320635
13991,13,0,0.43244278
13992,15,1,0.6190403
13993,12,1,0.7834868
13994,20,1,0.45646507
13995,6,0,0.32253793
13996,15,0,0.35038683
13997,14,0,0.47357547
13998,13,1,0.63441026
13999,11,0,0.4025394
14000,0,0,0.27779478
14001,28,1,0.3649394
14002,21,1,0.76557416
14003,13,1,0.82034016
14004,14,0,0.48151237
14005,1,0,0.35340714
14006,7,1,0.3895724
14007,26,1,0.79875696
14008,6,0,0.6108382
14009,14,0,0.5433335
14010,15,0,0.4738047
14011,19,1,0.80017304
14012,21,1,0.6933982
14013,10,1,0.66657203
14014,24,0,0.32986072
14015,21,1,0.7090261
14016,8,1,0.7736014
14017,20,1,0.45867097
14018,23,1,0.63555
14019,27,0,0.46757022
14020,18,0,0.54456735
14021,1,0,0.44456702
14022,19,1,0.7377963
14023,20,0,0.39604807
14024,3,0,0.38452402
14025,1,1,0.58381265
14026,23,0,0.47893062
14027,2,0,0.29142427
14028,15,0,0.25997654
14029,22,0,0.5688044
14030,16,0,0.3638916
14031,18,0,0.5789256
14032,28,1,0.68591154
14033,26,0,0.5324687
14034,12,0,0.65439826
14035,16,0,0.41242495
14036,1,0,0.50800025
14037,12,1,0.6227876
14038,7,1,0.65957254
14039,8,1,0.57324725
14040,24,1,0.29570103
14041,10,1,0.8087061
14042,2,0,0.5573757
14043,6,0,0.45438805
14044,8,1,0.47365135
14045,19,0,0.40862694
14046,2,1,0.64715
14047,26,1,0.6377869
14048,7,1,0.28158376
14049,0,1,0.61235356
14050,16,1,0.48191425
14051,13,1,0.6538825
14052,8,0,0.41745716
14053,16,1,0.37640786
14054,23,1,0.41138422
14055,2,0,0.30128807
14056,22,1,0.61939424
14057,11,1,0.5124242
14058,25,0,0.3128068
14059,4,1,0.34695768
14060,4,0,0.433405
14061,5,1,0.7091283
14062,3,1,0.83348924
14063,16,1,0.4582918
14064,13,1,0.268871
14065,26,1,0.30128476
14066,13,1,0.49489734
14067,1,0,0.2740905
14068,2,1,0.54329634
14069,7,0,0.39690253
14070,12,1,0.5279629
14071,10,0,0.25782478
14072,6,0,0.51120204
14073,2,0,0.29878113
14074,20,1,0.5204065
14075,8,1,0.6837677
14076,4,0,0.6194313
14077,18,1,0.6431213
14078,25,0,0.5660301
14079,7,0,0.3110501
14080,25,0,0.43473506
14081,21,0,0.5157549
14082,25,0,0.36145166
14083,4,1,0.63962007
14084,19,0,0.3735448
14085,11,1,0.7749133
14086,25,1,0.6929131
14087,10,0,0.5909319
14088,15,1,0.32803148
14089,17,0,0.45280313
14090,1,0,0.6456877
14091,24,0,0.59922534
14092,15,0,0.5668235
14093,24,0,0.44118422
14094,16,0,0.37152502
14095,24,1,0.4418825
14096,1,1,0.32697603
14097,26,0,0.39732963
14098,24,0,0.3093085
14099,12,0,0.2522003
14100,22,1,0.57108366
14101,17,1,0.6314258
14102,28,1,0.3045083
14103,16,1,0.85402435
14104,17,0,0.6452765
14105,1,1,0.534284
14106,23,0,0.34537587
14107,10,0,0.4347403
14108,1,1,0.6213379
14109,25,0,0.28988713
14110,21,0,0.42512414
14111,25,1,0.70655
14112,7,1,0.6188268
14113,11,1,0.76892227
14114,18,0,0.49395025
14115,26,0,0.29794464
14116,5,1,0.6760064
14117,4,1,0.4504298
14118,1,1,0.51759094
14119,16,1,0.7580738
14120,25,0,0.4219426
14121,3,0,0.6962068
14122,25,1,0.3824088
14123,6,1,0.5987469
14124,10,0,0.22645752
14125,26,1,0.5375482
14126,25,0,0.47092247
14127,13,0,0.47195673
14128,13,1,0.33947462
14129,20,1,0.7744296
14130,24,1,0.59016496
14131,20,1,0.4944659
14132,11,1,0.66300976
14133,7,1,0.8099501
14134,18,0,0.36172754
14135,6,1,0.51295716
14136,2,0,0.3432538
14137,18,1,0.53663117
14138,16,0,0.55123657
14139,5,0,0.55233073
14140,21,1,0.37663394
14141,16,0,0.49194103
14142,25,0,0.66459835
14143,18,1,0.4474266
14144,16,0,0.39229298
14145,28,0,0.332298
14146,25,1,0.47911227
14147,11,0,0.37169042
14148,22,1,0.44558507
14149,25,0,0.38512313
14150,17,1,0.70414156
14151,8,0,0.5992921
14152,25,0,0.26449263
14153,17,1,0.6931137
14154,25,1,0.61243314
14155,19,1,0.70446175
14156,27,0,0.62854624
14157,17,1,0.3710017
14158,25,0,0.43449423
14159,18,1,0.4752636
14160,17,0,0.36341184
14161,27,0,0.27769232
14162,15,1,0.7639116
14163,19,1,0.39433157
14164,16,0,0.6727714
14165,4,0,0.31095374
14166,8,0,0.66823864
14167,9,1,0.5916553
14168,10,0,0.28076416
14169,16,1,0.4635261
14170,25,0,0.7364242
14171,12,1,0.77073735
14172,18,0,0.3553373
14173,15,1,0.79421365
14174,10,1,0.49055165
14175,21,0,0.5599952
14176,0,0,0.4656358
14177,26,1,0.5744037
14178,11,0,0.6031359
14179,0,1,0.44874436
14180,25,0,0.3044408
14181,25,0,0.5706943
14182,0,0,0.258645
14183,8,1,0.6133184
14184,11,1,0.4448337
14185,1,1,0.5261462
14186,13,1,0.27186033
14187,13,1,0.75586843
14188,17,0,0.6914709
14189,15,0,0.22112769
14190,21,0,0.67357904
14191,8,1,0.5815873
14192,3,0,0.44497207
14193,2,1,0.27518463
14194,20,0,0.33661112
14195,22,1,0.6868099
14196,3,0,0.56234086
14197,15,1,0.530964
14198,12,1,0.77470666
14199,20,1,0.66222596
14200,26,1,0.46311736
14201,2,1,0.83171093
14202,24,0,0.33142617
14203,22,1,0.7406926
14204,3,1,0.68694514
14205,25,1,0.4927124
14206,26,0,0.54325664
14207,13,0,0.26469633
14208,25,0,0.30927208
14209,21,0,0.3227815
14210,6,0,0.2915237
14211,8,0,0.6540483
14212,23,0,0.31503376
14213,20,1,0.50637716
14214,8,1,0.60600114
14215,0,0,0.5923563
14216,3,0,0.565208
14217,19,1,0.71100444
14218,2,1,0.6177553
14219,13,1,0.6676734
14220,13,0,0.38716993
14221,25,0,0.32503164
14222,9,1,0.7688433
14223,13,1,0.5592026
14224,22,0,0.28340927
14225,1,0,0.29542646
14226,2,0,0.2949813
14227,2,0,0.37620458
14228,10,0,0.4925416
14229,20,0,0.43536448
14230,22,1,0.5772122
14231,1,0,0.34806192
14232,20,1,0.3441246
14233,23,0,0.58591044
14234,14,1,0.4095739
14235,1,0,0.48421463
14236,13,1,0.33930585
14237,16,1,0.454591
14238,0,1,0.3943051
14239,1,0,0.3301155
14240,22,0,0.4077765
14241,11,0,0.2878864
14242,26,1,0.45562977
14243,13,0,0.56308764
14244,3,0,0.53447884
14245,27,1,0.34935448
14246,17,1,0.35883495
14247,25,1,0.38558653
14248,3,0,0.5762173
14249,11,0,0.5460392
14250,15,0,0.35280412
14251,13,0,0.24885981
14252,10,0,0.3303919
14253,16,1,0.37360507
14254,27,1,0.5121135
14255,11,0,0.33790287
14256,11,1,0.5615049
14257,16,1,0.31116274
14258,21,0,0.66520137
14259,27,0,0.26284495
14260,12,1,0.40636483
14261,10,1,0.30669785
14262,13,1,0.77290934
14263,3,1,0.723359
14264,6,1,0.7232167
14265,25,1,0.33049873
14266,5,0,0.45139563
14267,20,0,0.5104311
14268,16,1,0.77500343
14269,12,0,0.73329467
14270,2,0,0.5671645
14271,4,0,0.76499116
14272,15,1,0.5968085
14273,13,0,0.57742274
14274,1,0,0.30817658
14275,21,0,0.4743179
14276,7,1,0.45933685
14277,11,1,0.7764534
14278,0,1,0.6775512
14279,11,1,0.5948587
14280,15,0,0.44189224
14281,12,0,0.44222695
14282,28,1,0.5258554
14283,24,0,0.35129404
14284,15,1,0.47577608
14285,21,0,0.41894954
14286,11,0,0.3724022
14287,12,1,0.30389923
14288,20,0,0.3651016
14289,9,1,0.31258315
14290,9,1,0.30817828
14291,10,0,0.5065152
14292,0,0,0.68010306
14293,1,1,0.29885647
14294,26,0,0.535531
14295,25,1,0.63673663
14296,10,0,0.61670583
14297,13,0,0.60255814
14298,10,0,0.63895124
14299,17,1,0.40696442
14300,21,1,0.34709564
14301,11,1,0.6331822
14302,28,0,0.45866287
14303,22,0,0.354593
14304,11,1,0.62112623
14305,2,0,0.6540466
14306,25,0,0.30976593
14307,24,0,0.49205258
14308,27,1,0.6260661
14309,23,0,0.2971279
14310,2,1,0.44931784
14311,8,0,0.59398645
14312,16,1,0.35058907
14313,8,1,0.8251614
14314,15,0,0.66614825
14315,11,1,0.69628567
14316,16,1,0.5894959
14317,26,1,0.776482
14318,20,1,0.32213503
14319,15,1,0.8088335
14320,4,0,0.4050381
14321,14,0,0.27055106
14322,10,1,0.5292121
14323,21,0,0.37709242
14324,18,0,0.61053324
14325,23,1,0.5958454
14326,7,0,0.38767308
14327,19,0,0.5294215
14328,15,0,0.3138639
14329,16,0,0.39955482
14330,12,0,0.28618997
14331,0,0,0.31896612
14332,0,0,0.5477769
14333,13,0,0.2399789
14334,18,1,0.4047326
14335,22,1,0.82645255
14336,13,0,0.37297884
14337,25,0,0.35031062
14338,7,0,0.35564467
14339,11,1,0.44554126
14340,6,1,0.50762093
14341,27,1,0.5226838
14342,15,1,0.6477264
14343,28,1,0.6186766
14344,11,1,0.55775
14345,7,0,0.6080997
14346,28,1,0.6181188
14347,20,0,0.32453838
14348,0,1,0.72615933
14349,24,0,0.35135266
14350,10,1,0.68273425
14351,15,0,0.7616701
14352,16,0,0.5015375
14353,15,0,0.3275755
14354,0,1,0.63864523
14355,2,1,0.5324763
14356,23,0,0.39728698
14357,17,0,0.69711566
14358,16,0,0.4945797
14359,25,1,0.82883376
14360,3,0,0.40595993
14361,26,0,0.27251014
14362,12,0,0.34627527
14363,20,0,0.35243675
14364,11,0,0.6282065
14365,7,1,0.51411456
14366,22,1,0.71744514
14367,14,0,0.33757168
14368,18,0,0.36795557
14369,2,1,0.6501678
14370,25,1,0.40724513
14371,8,1,0.63356584
14372,18,1,0.5249217
14373,26,0,0.31287652
14374,11,0,0.31272528
14375,8,0,0.6054877
14376,2,0,0.3408601
14377,12,1,0.7097439
14378,27,1,0.49123663
14379,13,0,0.48314795
14380,12,1,0.34841564
14381,14,1,0.7015095
14382,9,0,0.3659998
14383,3,1,0.6425773
14384,9,1,0.30014047
14385,16,1,0.7819293
14386,4,1,0.66703814
14387,9,0,0.5974574
14388,13,1,0.73607635
14389,16,1,0.5302484
14390,2,1,0.68823355
14391,4,0,0.4858954
14392,10,0,0.33630875
14393,23,1,0.33710942
14394,3,0,0.6157569
14395,24,1,0.51599133
14396,27,0,0.57115287
14397,12,1,0.58835536
14398,13,1,0.32918325
14399,23,1,0.21218073
14400,25,1,0.56557214
14401,2,0,0.6660319
14402,15,0,0.35580438
14403,8,1,0.44048107
14404,17,1,0.33637497
14405,17,0,0.6433516
14406,16,0,0.4817214
14407,10,1,0.6347276
14408,10,0,0.7387064
14409,2,0,0.41186437
14410,28,0,0.33717495
14411,18,0,0.42065206
14412,11,0,0.30925548
14413,2,0,0.33438012
14414,3,0,0.3068556
14415,27,1,0.76501966
14416,8,1,0.66439503
14417,11,0,0.41027045
14418,1,0,0.32302138
14419,16,1,0.5996421
14420,17,0,0.5012355
14421,1,1,0.7062003
14422,2,0,0.67552906
14423,21,0,0.5257136
14424,20,0,0.44618163
14425,10,0,0.6716272
14426,13,0,0.6669148
14427,23,0,0.688727
14428,22,0,0.30988407
14429,9,1,0.49025488
14430,1,1,0.6525275
14431,24,1,0.6191421
14432,28,1,0.45958528
14433,11,0,0.55398285
14434,26,1,0.46285284
14435,2,0,0.5040399
14436,21,1,0.7627004
14437,18,1,0.78323036
14438,25,0,0.5975559
14439,3,0,0.30358282
14440,19,0,0.52324134
14441,6,0,0.49251887
14442,15,1,0.5412155
14443,21,0,0.3571735
14444,6,0,0.31915003
14445,10,1,0.6048672
14446,4,1,0.53468984
14447,16,0,0.42305088
14448,18,0,0.63071233
14449,0,1,0.5151969
14450,26,0,0.67930293
14451,18,1,0.30980328
14452,2,1,0.31478935
14453,16,0,0.6102951
14454,25,0,0.35570657
14455,2,1,0.6575485
14456,8,1,0.68676233
14457,12,0,0.44072065
14458,22,1,0.36647817
14459,26,1,0.571479
14460,23,1,0.6730004
14461,0,0,0.4067852
14462,27,1,0.34770772
14463,4,1,0.7170611
14464,14,1,0.42484722
14465,13,0,0.58345413
14466,26,0,0.4178113
14467,15,1,0.32966354
14468,10,0,0.72279865
14469,12,1,0.32495856
14470,8,0,0.34974188
14471,8,0,0.58502346
14472,12,0,0.30136845
14473,26,0,0.24589686
14474,19,1,0.44639996
14475,7,1,0.51767087
14476,6,0,0.3694264
14477,13,0,0.6640929
14478,23,0,0.65017533
14479,5,0,0.2548534
14480,6,0,0.40911588
14481,25,0,0.44127315
14482,27,1,0.42417324
14483,6,1,0.38043973
14484,2,1,0.28175813
14485,25,1,0.6959114
14486,16,1,0.574942
14487,27,0,0.41072282
14488,21,0,0.27201235
14489,15,1,0.5751288
14490,10,0,0.40100813
14491,1,1,0.7236687
14492,2,0,0.45145348
14493,1,1,0.32061633
14494,10,0,0.35525763
14495,23,0,0.25558525
14496,13,0,0.71162057
14497,26,0,0.3363568
14498,2,0,0.48883688
14499,16,1,0.71540713
14500,2,1,0.5776426
14501,5,1,0.42320386
14502,1,1,0.57925344
14503,9,0,0.34424332
14504,2,1,0.44604895
14505,13,0,0.23564954
14506,13,0,0.6404075
14507,20,0,0.6512166
14508,23,0,0.3620654
14509,16,0,0.48147687
14510,7,1,0.28915328
14511,8,1,0.65202844
14512,18,0,0.30621946
14513,26,1,0.58937925
14514,24,0,0.2741102
14515,17,1,0.33390334
14516,6,1,0.6684885
14517,13,0,0.4388438
14518,18,0,0.3783498
14519,27,1,0.29683036
14520,2,0,0.5087124
14521,2,1,0.47017017
14522,13,0,0.3555775
14523,9,1,0.44926625
14524,2,1,0.3825929
14525,24,0,0.36707115
14526,10,0,0.32420692
14527,16,1,0.5386465
14528,26,1,0.40073377
14529,4,1,0.6086717
14530,25,1,0.7027041
14531,13,0,0.5987844
14532,9,1,0.5221957
14533,16,0,0.5678056
14534,7,0,0.5215819
14535,11,0,0.49507603
14536,10,1,0.6002242
14537,0,1,0.35670233
14538,20,1,0.7484673
14539,24,1,0.61053044
14540,7,0,0.6598467
14541,5,1,0.3228751
14542,15,0,0.64944446
14543,7,1,0.6241917
14544,27,1,0.41250762
14545,26,1,0.6454478
14546,4,0,0.6846445
14547,11,1,0.32983935
14548,11,1,0.416076
14549,8,1,0.5049297
14550,19,1,0.7204643
14551,5,1,0.648589
14552,2,0,0.5007081
14553,8,0,0.6172001
14554,17,0,0.3568734
14555,19,1,0.61623484
14556,3,0,0.540727
14557,7,0,0.43692842
14558,1,0,0.25667024
14559,12,0,0.36986363
14560,2,0,0.43382534
14561,2,0,0.35858345
14562,4,1,0.7134295
14563,15,0,0.49684724
14564,17,0,0.629561
14565,2,0,0.27873415
14566,4,0,0.41104987
14567,17,1,0.6606288
14568,8,0,0.34771454
14569,21,0,0.740281
14570,24,0,0.5958593
14571,2,0,0.4770189
14572,24,1,0.71032697
14573,20,1,0.5750146
14574,4,1,0.69091004
14575,17,0,0.49895874
14576,2,1,0.7264177
14577,11,0,0.5449695
14578,11,0,0.47275734
14579,28,1,0.54670465
14580,8,0,0.26591426
14581,14,1,0.6250868
14582,15,0,0.6513065
14583,10,0,0.54608583
14584,13,1,0.51366335
14585,14,1,0.6116662
14586,14,1,0.72176236
14587,2,1,0.8121002
14588,15,1,0.54426503
14589,3,0,0.49911383
14590,25,1,0.6567003
14591,7,0,0.33618334
14592,10,1,0.5117681
14593,16,0,0.53448296
14594,16,0,0.2919649
14595,0,0,0.416511
14596,17,1,0.69883054
14597,24,1,0.6670913
14598,2,0,0.72044796
14599,26,0,0.22788943
14600,18,1,0.60276544
14601,13,0,0.4761522
14602,20,1,0.7694423
14603,3,0,0.3253833
14604,23,1,0.539419
14605,13,1,0.5618997
14606,7,1,0.6695999
14607,20,1,0.6190121
14608,2,0,0.35095793
14609,13,0,0.7021586
14610,25,0,0.37660187
14611,7,1,0.56179047
14612,4,1,0.43470794
14613,2,1,0.41616762
14614,23,1,0.36820623
14615,25,0,0.39101693
14616,27,1,0.6779513
14617,20,0,0.4756138
14618,17,1,0.29571953
14619,6,1,0.4242732
14620,10,0,0.5638042
14621,25,1,0.32113993
14622,16,1,0.36595792
14623,7,1,0.51977015
14624,20,0,0.31858584
14625,15,1,0.6652424
14626,18,0,0.38995695
14627,19,1,0.5138756
14628,2,0,0.5758012
14629,1,0,0.57976484
14630,1,0,0.21312456
14631,8,1,0.71463794
14632,1,1,0.55978584
14633,26,1,0.6519339
14634,25,0,0.7198843
14635,24,0,0.44715962
14636,13,1,0.4255569
14637,6,0,0.595003
14638,14,0,0.4338948
14639,9,1,0.5985856
14640,22,1,0.8243208
14641,15,1,0.71332437
14642,1,1,0.5566913
14643,18,0,0.30143005
14644,2,0,0.33388782
14645,25,0,0.55122375
14646,16,0,0.43316025
14647,8,1,0.71339023
14648,6,0,0.44347894
14649,1,0,0.45409513
14650,9,0,0.23009723
14651,12,1,0.5780369
14652,2,1,0.5383195
14653,4,0,0.5972457
14654,13,0,0.42066893
14655,27,1,0.5571357
14656,13,1,0.6593134
14657,6,1,0.4295337
14658,11,1,0.49747384
14659,16,1,0.82236224
14660,14,1,0.32395098
14661,10,0,0.62926495
14662,1,1,0.4296041
14663,21,0,0.38356796
14664,16,0,0.36365798
14665,8,1,0.65396595
14666,27,0,0.27236825
14667,8,1,0.79537964
14668,13,1,0.5776807
14669,22,0,0.45139095
14670,13,1,0.3589726
14671,2,0,0.38023445
14672,14,0,0.5634703
14673,7,0,0.6018548
14674,14,0,0.6286157
14675,21,1,0.48842183
14676,16,1,0.6762713
14677,28,0,0.26996717
14678,22,1,0.39077055
14679,13,1,0.66523033
14680,26,0,0.24120472
14681,13,0,0.5004148
14682,12,1,0.5386603
14683,16,0,0.59829646
14684,14,1,0.57638323
14685,11,0,0.30592752
14686,16,1,0.5277726
14687,20,0,0.4286997
14688,24,0,0.6859105
14689,19,1,0.3548794
14690,15,1,0.3256634
14691,17,0,0.46870413
14692,15,1,0.6918891
14693,12,1,0.34133366
14694,18,0,0.54173833
14695,25,0,0.5222723
14696,27,1,0.5605007
14697,15,0,0.35158232
14698,2,1,0.55257624
14699,9,0,0.61536944
14700,0,0,0.3057545
14701,17,1,0.40303317
14702,14,0,0.29053044
14703,20,0,0.28782633
14704,16,0,0.26296476
14705,22,0,0.50393236
14706,26,0,0.71027994
14707,25,1,0.501016
14708,16,1,0.66742796
14709,4,0,0.53214
14710,19,0,0.28187668
14711,7,1,0.66829896
14712,13,0,0.67737275
14713,6,1,0.5736851
14714,1,1,0.7685733
14715,27,0,0.58150935
14716,7,0,0.47295398
14717,19,1,0.30478674
14718,10,1,0.60469234
14719,21,1,0.5364926
14720,3,0,0.41173056
14721,26,0,0.642476
14722,27,1,0.664671
14723,26,0,0.363721
14724,6,1,0.8215234
14725,16,0,0.540364
14726,8,0,0.31588694
14727,25,1,0.3063321
14728,8,1,0.57665163
14729,17,0,0.32853916
14730,28,1,0.7535908
14731,28,0,0.32868826
14732,15,0,0.69495535
14733,13,1,0.49605158
14734,25,1,0.5339095
14735,26,1,0.7546128
14736,0,0,0.47021377
14737,2,0,0.3911708
14738,0,0,0.38012627
14739,26,0,0.6085244
14740,8,1,0.7244659
14741,28,1,0.64942414
14742,20,1,0.68988776
14743,10,1,0.41566968
14744,1,1,0.6978143
14745,8,0,0.5392942
14746,14,1,0.50046265
14747,23,0,0.36068535
14748,15,0,0.4619919
14749,23,1,0.68417287
14750,1,1,0.5707908
14751,18,0,0.39172593
14752,26,0,0.72961473
14753,25,0,0.39635333
14754,20,1,0.21492767
14755,25,1,0.48577863
14756,7,0,0.2864682
14757,13,1,0.6981961
14758,13,1,0.36173075
14759,25,1,0.43839896
14760,18,1,0.51908696
14761,27,1,0.34205836
14762,1,1,0.5985477
14763,18,0,0.3726481
14764,14,0,0.22492532
14765,17,1,0.381441
14766,21,1,0.63539803
14767,26,0,0.48352647
14768,19,1,0.49950233
14769,11,0,0.54033697
14770,3,1,0.76582944
14771,6,0,0.5926222
14772,28,0,0.3298114
14773,24,1,0.69470173
14774,16,1,0.51009995
14775,12,0,0.4250164
14776,3,0,0.59705013
14777,11,0,0.26375878
14778,27,0,0.5152352
14779,13,1,0.41718468
14780,6,0,0.28743982
14781,3,1,0.58487827
14782,19,0,0.24997601
14783,20,0,0.5951542
14784,20,0,0.45048755
14785,10,0,0.34646815
14786,13,0,0.2548212
14787,11,1,0.64303386
14788,11,0,0.62307805
14789,8,0,0.711179
14790,6,0,0.36633697
14791,15,1,0.44444114
14792,3,0,0.48154488
14793,18,0,0.25796735
14794,13,1,0.39482886
14795,10,0,0.37800744
14796,15,1,0.47310618
14797,27,1,0.54778105
14798,25,1,0.53878874
14799,6,1,0.75792897
14800,18,1,0.6312582
14801,20,1,0.5122502
14802,22,1,0.7522415
14803,19,1,0.42346817
14804,27,0,0.2934639
14805,0,0,0.49875826
14806,18,1,0.61662835
14807,4,0,0.6620468
14808,15,1,0.57613534
14809,4,1,0.5898189
14810,4,0,0.39714998
14811,28,0,0.3462831
14812,15,0,0.4115059
14813,9,1,0.6360501
14814,1,0,0.32415324
14815,24,1,0.46659774
14816,26,0,0.3969498
14817,3,0,0.4952789
14818,13,1,0.83595246
14819,10,0,0.30772096
14820,1,1,0.6999132
14821,26,0,0.32015637
14822,19,1,0.34959316
14823,11,1,0.26614216
14824,27,0,0.35475284
14825,16,0,0.51145774
14826,17,1,0.6531565
14827,25,1,0.5052266
14828,11,0,0.45850563
14829,13,0,0.403364
14830,13,1,0.5364543
14831,15,1,0.7587108
14832,20,0,0.4932457
14833,0,1,0.5501434
14834,27,0,0.32269594
14835,13,1,0.37890142
14836,13,1,0.5073113
14837,27,0,0.5192
14838,16,1,0.5370313
14839,11,0,0.25389504
14840,22,0,0.38894722
14841,10,1,0.59215885
14842,13,1,0.7641291
14843,15,1,0.39842537
14844,27,0,0.6685257
14845,16,1,0.3344089
14846,11,1,0.41005313
14847,7,1,0.8050219
14848,9,0,0.435396
14849,16,1,0.5535379
14850,6,1,0.54906434
14851,10,0,0.48827243
14852,1,0,0.7254269
14853,5,1,0.6249504
14854,25,1,0.33635217
14855,25,1,0.651491
14856,12,0,0.22841962
14857,16,0,0.29473695
14858,18,0,0.34895226
14859,2,1,0.6826098
14860,9,0,0.48267013
14861,13,0,0.4641469
14862,2,1,0.61957836
14863,10,0,0.40443096
14864,5,1,0.5351525
14865,25,1,0.65425044
14866,16,1,0.60325277
14867,27,0,0.53071433
14868,17,1,0.6997148
14869,8,1,0.67821497
14870,2,1,0.4144575
14871,13,1,0.8477797
14872,20,0,0.4325653
14873,16,0,0.30031365
14874,11,0,0.57294023
14875,5,1,0.5494551
14876,28,0,0.35528955
14877,3,0,0.27928197
14878,11,0,0.656691
14879,25,0,0.65977323
14880,6,1,0.7458679
14881,25,1,0.7793
14882,7,0,0.45935696
14883,8,1,0.72718513
14884,3,0,0.58654344
14885,10,0,0.44682848
14886,5,0,0.50427675
14887,6,0,0.43962646
14888,1,1,0.6473476
14889,27,1,0.55378217
14890,22,1,0.49790275
14891,13,0,0.46070072
14892,26,0,0.26651973
14893,0,1,0.5478094
14894,23,1,0.49374592
14895,28,0,0.31735662
14896,1,1,0.5744332
14897,16,1,0.67584336
14898,2,1,0.58884037
14899,21,0,0.37965927
14900,6,0,0.39338526
14901,11,0,0.27894968
14902,2,0,0.4475758
14903,23,1,0.536891
14904,28,0,0.49734336
14905,8,0,0.39131272
14906,15,1,0.63440436
14907,1,0,0.23838972
14908,16,1,0.29679373
14909,2,1,0.53873193
14910,10,0,0.3033526
14911,25,1,0.69994986
14912,27,0,0.6753695
14913,25,0,0.236359
14914,14,1,0.53423357
14915,27,1,0.6422432
14916,11,1,0.3325609
14917,5,1,0.6516517
14918,1,1,0.70287704
14919,6,0,0.30220637
14920,16,0,0.38367245
14921,16,1,0.7652578
14922,27,1,0.5113716
14923,22,0,0.5548053
14924,23,1,0.706881
14925,16,1,0.7422589
14926,7,1,0.6928048
14927,12,0,0.53010345
14928,23,0,0.28951764
14929,28,0,0.6263803
14930,22,0,0.56029993
14931,1,1,0.7770807
14932,2,1,0.38836235
14933,9,0,0.5318414
14934,16,0,0.22973096
14935,10,1,0.80224097
14936,21,0,0.3965318
14937,13,1,0.6825259
14938,1,0,0.29710874
14939,21,0,0.340018
14940,16,0,0.6160591
14941,9,0,0.45420104
14942,2,1,0.8345995
14943,16,0,0.4527675
14944,13,0,0.42550397
14945,27,0,0.3251146
14946,6,1,0.7560759
14947,24,0,0.42284116
14948,15,0,0.37238723
14949,8,1,0.6454416
14950,14,0,0.3273196
14951,13,1,0.58404183
14952,15,0,0.7156095
14953,21,1,0.53046536
14954,2,0,0.51965785
14955,22,0,0.27988568
14956,17,0,0.38935056
14957,10,0,0.23751985
14958,24,0,0.56884426
14959,14,1,0.5950441
14960,16,0,0.23046112
14961,16,1,0.6399845
14962,17,1,0.49551937
14963,16,1,0.5507192
14964,24,0,0.5842484
14965,0,0,0.3802492
14966,8,0,0.4583926
14967,16,0,0.3250748
14968,11,1,0.5869788
14969,11,0,0.6558091
14970,4,1,0.32046336
14971,6,1,0.75317454
14972,8,1,0.68964887
14973,4,0,0.34468505
14974,12,1,0.8564975
14975,17,1,0.4415592
14976,18,1,0.7753235
14977,12,0,0.6023206
14978,10,0,0.43263948
14979,3,0,0.7005054
14980,15,0,0.62891096
14981,12,0,0.3334326
14982,19,0,0.34470066
14983,3,0,0.7598419
14984,2,1,0.58948356
14985,26,0,0.24769807
14986,1,1,0.45632684
14987,13,1,0.65762657
14988,7,0,0.44300145
14989,14,1,0.5577459
14990,13,1,0.7592249
14991,8,0,0.5046649
14992,19,1,0.5745737
14993,1,1,0.46288472
14994,15,0,0.3624039
14995,25,0,0.79105234
14996,24,0,0.34587726
14997,16,0,0.6767255
14998,13,1,0.3006887
14999,16,1,0.8012807
15000,15,1,0.65537536
15001,10,1,0.438524
15002,16,1,0.56464744
15003,16,1,0.6097999
15004,6,1,0.41941732
15005,18,0,0.28365275
15006,1,1,0.47293666
15007,12,1,0.44393545
15008,6,1,0.57667947
15009,23,1,0.63862514
15010,14,1,0.5857804
15011,14,1,0.60443044
15012,2,1,0.6452116
15013,15,0,0.4324889
15014,10,1,0.45638573
15015,17,0,0.6599721
15016,16,0,0.71724737
15017,1,0,0.36215276
15018,6,1,0.52502704
15019,27,1,0.5848502
15020,25,1,0.69782555
15021,12,1,0.62135875
15022,14,0,0.64432067
15023,8,1,0.5180491
15024,26,1,0.3637376
15025,2,0,0.64107585
15026,25,1,0.5440873
15027,18,1,0.670685
15028,1,1,0.7109358
15029,22,1,0.67108625
15030,1,1,0.66234004
15031,20,0,0.27945
15032,15,1,0.37611356
15033,6,1,0.38364753
15034,12,1,0.63790697
15035,11,1,0.35036153
15036,5,1,0.6422352
15037,20,1,0.45456874
15038,7,0,0.5139386
15039,2,1,0.5336215
15040,8,0,0.3451925
15041,14,1,0.49251622
15042,5,0,0.27732295
15043,3,0,0.3535967
15044,10,1,0.3969498
15045,13,1,0.8248992
15046,15,1,0.8063023
15047,8,0,0.35591665
15048,27,0,0.34495226
15049,7,0,0.6320022
15050,28,1,0.71570575
15051,7,0,0.3635244
15052,13,1,0.6876781
15053,10,0,0.4025121
15054,28,1,0.5517607
15055,22,0,0.62557983
15056,27,0,0.3987252
15057,7,0,0.58321023
15058,10,1,0.6459497
15059,11,0,0.71006763
15060,3,1,0.35522985
15061,7,1,0.79365903
15062,28,1,0.7534064
15063,6,1,0.5834782
15064,1,0,0.5417372
15065,25,1,0.53691983
15066,18,0,0.34418344
15067,8,0,0.3007605
15068,16,1,0.30814588
15069,15,1,0.32296312
15070,26,0,0.34074235
15071,3,1,0.6584002
15072,4,1,0.72164994
15073,26,1,0.5815209
15074,25,0,0.27966553
15075,19,1,0.5239258
15076,22,1,0.45571953
15077,20,1,0.85683566
15078,14,0,0.5079447
15079,24,1,0.7886436
15080,10,0,0.8137938
15081,3,0,0.30467576
15082,28,0,0.5129804
15083,16,1,0.5840186
15084,25,0,0.3664507
15085,12,0,0.23132493
15086,2,0,0.26007533
15087,16,1,0.49574387
15088,24,0,0.4414515
15089,24,0,0.2061071
15090,15,0,0.2741062
15091,16,0,0.38355136
15092,13,1,0.6685098
15093,2,1,0.6737153
15094,22,0,0.6342221
15095,16,0,0.48059607
15096,23,1,0.6173564
15097,2,1,0.30948198
15098,1,0,0.2832214
15099,16,0,0.5962835
15100,10,0,0.69555795
15101,16,1,0.35155746
15102,11,0,0.39529428
15103,1,1,0.71310216
15104,26,0,0.37882826
15105,24,1,0.6198009
15106,15,0,0.6227065
15107,9,0,0.32289055
15108,20,1,0.44013903
15109,11,1,0.5021848
15110,18,1,0.8480471
15111,17,1,0.6221882
15112,6,1,0.36323106
15113,8,0,0.30916795
15114,7,0,0.44289142
15115,26,0,0.49267623
15116,13,1,0.60159516
15117,20,0,0.7306802
15118,7,0,0.32117546
15119,7,1,0.54978174
15120,12,1,0.38345551
15121,28,1,0.5088769
15122,21,1,0.34365335
15123,10,1,0.29703283
15124,26,0,0.36469316
15125,13,1,0.4336927
15126,1,0,0.2741079
15127,7,0,0.35814816
15128,10,0,0.32631248
15129,25,0,0.34411764
15130,20,1,0.3783285
15131,11,0,0.2867496
15132,23,1,0.49255514
15133,8,0,0.45910978
15134,25,1,0.6021505
15135,13,0,0.6086205
15136,23,0,0.44364536
15137,13,1,0.4744908
15138,11,0,0.2868191
15139,26,0,0.50503737
15140,1,1,0.66166484
15141,12,1,0.66901606
15142,7,0,0.47971988
15143,24,0,0.4991441
15144,20,1,0.5719927
15145,28,1,0.5812756
15146,10,0,0.5160489
15147,9,0,0.796976
15148,4,1,0.6104944
15149,28,0,0.5380147
15150,27,0,0.6641749
15151,12,0,0.28943506
15152,12,0,0.68385965
15153,13,1,0.6521382
15154,11,0,0.8203342
15155,12,0,0.3051999
15156,18,0,0.3289537
15157,26,0,0.55858177
15158,17,0,0.4383164
15159,13,0,0.28567684
15160,8,1,0.7960155
15161,15,1,0.24392122
15162,18,0,0.38221923
15163,25,0,0.45004663
15164,18,0,0.6114803
15165,26,0,0.23696323
15166,16,1,0.77429205
15167,3,0,0.29970306
15168,13,1,0.4875831
15169,25,1,0.31562242
15170,4,1,0.444695
15171,9,0,0.38841644
15172,6,1,0.6467188
15173,17,1,0.6545846
15174,15,1,0.5139211
15175,8,1,0.48221758
15176,2,1,0.61817765
15177,11,1,0.55947775
15178,26,0,0.36517698
15179,19,1,0.596092
15180,28,0,0.35361204
15181,6,1,0.61244994
15182,14,1,0.4859048
15183,1,1,0.68354
15184,8,0,0.58034986
15185,20,0,0.25198555
15186,3,1,0.3482465
15187,9,1,0.63316387
15188,28,1,0.357489
15189,19,0,0.6027471
15190,13,0,0.27962595
15191,5,0,0.60893726
15192,15,0,0.3208201
15193,13,0,0.43960497
15194,8,0,0.6382412
15195,1,1,0.35274997
15196,13,1,0.40933225
15197,3,0,0.6021766
15198,7,1,0.7532432
15199,13,0,0.5786428
15200,27,0,0.28217068
15201,26,0,0.3601078
15202,19,1,0.75774026
15203,11,1,0.66487
15204,3,1,0.33717534
15205,12,0,0.6194072
15206,1,1,0.647625
15207,25,0,0.3770085
15208,17,0,0.38328362
15209,15,0,0.48593858
15210,20,1,0.7457292
15211,14,1,0.65560544
15212,2,0,0.61533153
15213,8,0,0.2413299
15214,26,0,0.3445387
15215,7,0,0.44731283
15216,11,0,0.73945105
15217,1,1,0.5906989
15218,19,1,0.6592389
15219,10,0,0.31558153
15220,20,0,0.32987773
15221,11,0,0.80551475
15222,4,1,0.7410091
15223,3,0,0.26533616
15224,27,1,0.8104209
15225,14,1,0.7250961
15226,0,0,0.60083646
15227,2,0,0.5138847
15228,13,0,0.35974985
15229,9,0,0.3440999
15230,26,0,0.39403248
15231,15,0,0.6445989
15232,11,0,0.55751294
15233,9,1,0.4732297
15234,16,1,0.5847825
15235,27,1,0.52642894
15236,5,0,0.5861162
15237,0,1,0.7326306
15238,2,1,0.6456179
15239,3,1,0.63201654
15240,27,1,0.5628376
15241,8,0,0.650512
15242,11,1,0.56938946
15243,20,0,0.44346103
15244,6,0,0.73813945
15245,27,0,0.38116232
15246,27,0,0.5618599
15247,16,0,0.39138514
15248,2,0,0.275907
15249,1,0,0.29890588
15250,23,1,0.6430318
15251,1,0,0.48186094
15252,13,0,0.49024278
15253,20,0,0.42974374
15254,15,1,0.40040508
15255,13,0,0.5884353
15256,7,0,0.62271225
15257,1,1,0.51381236
15258,7,0,0.38677266
15259,7,1,0.5404663
15260,25,0,0.5091941
15261,19,0,0.6083677
15262,12,0,0.44692838
15263,10,1,0.24490227
15264,27,0,0.42300254
15265,25,1,0.6735499
15266,23,1,0.28387466
15267,26,0,0.34298074
15268,20,1,0.55556256
15269,22,0,0.28273517
15270,25,1,0.6112727
15271,13,0,0.3364074
15272,23,0,0.45230052
15273,9,0,0.40610418
15274,18,1,0.33315897
15275,27,1,0.4458571
15276,11,0,0.31542277
15277,16,0,0.52577895
15278,13,1,0.64094037
15279,17,1,0.4348863
15280,1,1,0.46850803
15281,1,0,0.5302946
15282,20,0,0.67308336
15283,15,1,0.57992953
15284,12,0,0.30128413
15285,25,1,0.5524415
15286,10,0,0.3744459
15287,2,1,0.44674203
15288,18,1,0.44690418
15289,7,0,0.3174906
15290,27,1,0.7255218
15291,8,1,0.4228022
15292,8,1,0.35654512
15293,15,0,0.34756133
15294,7,0,0.7179247
15295,24,1,0.28723535
15296,27,0,0.42454863
15297,25,0,0.62005794
15298,16,1,0.30378452
15299,24,1,0.5615807
15300,16,0,0.43993354
15301,2,0,0.46104923
15302,14,0,0.35811093
15303,13,0,0.32558933
15304,6,1,0.44126987
15305,18,1,0.65335584
15306,22,1,0.77693194
15307,18,0,0.309844
15308,16,0,0.3663982
15309,24,1,0.6716229
15310,13,0,0.48106277
15311,8,0,0.5333576
15312,25,1,0.65426296
15313,5,1,0.64277154
15314,13,1,0.47846395
15315,10,0,0.5548677
15316,7,0,0.30899376
15317,23,0,0.4727681
15318,13,0,0.3396081
15319,18,1,0.6449059
15320,24,0,0.31475073
15321,11,1,0.48212132
15322,10,0,0.58362675
15323,5,0,0.5215107
15324,19,0,0.34178177
15325,4,1,0.52578694
15326,10,0,0.38197488
15327,6,0,0.61780155
15328,11,1,0.6769295
15329,8,0,0.54349774
15330,17,0,0.3680532
15331,4,0,0.33713496
15332,21,1,0.43995008
15333,11,1,0.2939961
15334,16,0,0.463989
15335,11,1,0.6386844
15336,12,1,0.6575294
15337,16,1,0.32807904
15338,1,1,0.5878931
15339,24,1,0.82041526
15340,8,0,0.47933763
15341,10,0,0.2517089
15342,20,0,0.5356262
15343,14,0,0.398568
15344,8,1,0.40789723
15345,28,0,0.40623853
15346,28,0,0.21850784
15347,20,0,0.43704674
15348,7,0,0.3229673
15349,16,1,0.36085865
15350,9,1,0.33313793
15351,5,1,0.72017324
15352,11,1,0.7439613
15353,22,0,0.47357944
15354,25,0,0.66600114
15355,28,1,0.6081502
15356,20,1,0.39453167
15357,0,1,0.4200461
15358,1,1,0.75793034
15359,11,0,0.65135354
15360,4,0,0.3481449
15361,16,1,0.65619725
15362,3,0,0.6493705
15363,0,0,0.62306076
15364,20,0,0.3463509
15365,17,1,0.60496813
15366,4,0,0.37724268
15367,28,0,0.35347292
15368,8,1,0.5544291
15369,0,0,0.25400007
15370,8,1,0.64001757
15371,24,0,0.48041934
15372,26,0,0.48148832
15373,1,0,0.38021514
15374,28,1,0.7380531
15375,11,0,0.3280951
15376,19,1,0.29640108
15377,16,1,0.72867125
15378,22,1,0.73027927
15379,2,0,0.5565856
15380,15,0,0.31425872
15381,2,1,0.44227567
15382,16,0,0.5778422
15383,16,1,0.62327164
15384,25,1,0.49295875
15385,3,0,0.21929798
15386,20,1,0.62280244
15387,1,0,0.3633157
15388,16,0,0.4242745
15389,8,1,0.4774496
15390,15,0,0.32380128
15391,28,0,0.6448954
15392,16,0,0.2751332
15393,16,1,0.6161694
15394,16,1,0.48989218
15395,13,0,0.2578678
15396,18,1,0.5609841
15397,8,0,0.5632983
15398,26,0,0.33459973
15399,3,0,0.4330847
15400,23,0,0.5154529
15401,7,1,0.44893005
15402,16,0,0.29241338
15403,17,0,0.5440294
15404,26,1,0.5670902
15405,11,0,0.31002685
15406,25,1,0.46613634
15407,13,0,0.6901001
15408,26,1,0.4942835
15409,14,1,0.33088148
15410,22,1,0.5805015
15411,1,1,0.65412086
15412,0,0,0.37104306
15413,16,1,0.7970516
15414,2,1,0.46076944
15415,2,1,0.47041965
15416,26,1,0.6963326
15417,7,1,0.43864167
15418,25,0,0.33290255
15419,22,0,0.38514215
15420,9,0,0.33217186
15421,27,0,0.62600106
15422,5,1,0.62418675
15423,23,1,0.5980532
15424,9,0,0.56315976
15425,19,0,0.41091892
15426,2,1,0.47203922
15427,14,1,0.6228781
15428,11,1,0.51477337
15429,14,0,0.3464557
15430,1,1,0.31182665
15431,2,1,0.33851814
15432,27,1,0.614505
15433,13,0,0.4160903
15434,7,1,0.43544865
15435,25,1,0.3457836
15436,23,0,0.3265424
15437,6,0,0.32639453
15438,8,1,0.6978544
15439,16,1,0.54720217
15440,22,1,0.6891487
15441,27,0,0.31606647
15442,17,1,0.5475367
15443,20,1,0.38665697
15444,15,0,0.5591197
15445,15,0,0.26896003
15446,18,1,0.7177921
15447,16,0,0.29002482
15448,13,1,0.39431742
15449,20,0,0.6495663
15450,13,1,0.62214947
15451,22,1,0.6569825
15452,22,0,0.7671551
15453,4,1,0.6122453
15454,13,1,0.39956895
15455,15,1,0.38178197
15456,17,0,0.40036434
15457,25,1,0.52686197
15458,26,0,0.33763987
15459,2,1,0.8286024
15460,26,0,0.5475602
15461,22,0,0.33120856
15462,10,0,0.6426375
15463,28,0,0.35171962
15464,17,0,0.61209786
15465,0,1,0.6593239
15466,16,0,0.47746807
15467,8,0,0.30342695
15468,10,1,0.65047264
15469,25,1,0.7159938
15470,2,1,0.56639105
15471,10,1,0.3838738
15472,28,0,0.44914722
15473,18,1,0.6119046
15474,13,1,0.8023339
15475,14,0,0.34327498
15476,8,1,0.6063525
15477,12,0,0.34294367
15478,16,0,0.41226852
15479,17,1,0.6838313
15480,27,1,0.76508
15481,1,0,0.29332212
15482,1,1,0.7709558
15483,21,1,0.43489122
15484,23,1,0.25664288
15485,15,0,0.29127043
15486,0,0,0.3450048
15487,18,0,0.51694894
15488,25,1,0.28323522
15489,11,0,0.31877914
15490,1,0,0.22408108
15491,15,0,0.33309275
15492,13,1,0.28392282
15493,18,0,0.30881175
15494,12,0,0.2851386
15495,1,1,0.61983365
15496,14,0,0.5712316
15497,25,1,0.51395375
15498,9,0,0.31392044
15499,15,0,0.27919427
15500,7,0,0.545419
15501,10,0,0.46104655
15502,4,1,0.6241953
15503,27,1,0.5777785
15504,27,1,0.5585734
15505,15,0,0.3829415
15506,16,1,0.4764955
15507,25,0,0.4252365
15508,8,1,0.33215195
15509,17,1,0.48994488
15510,17,1,0.75524837
15511,19,1,0.62956816
15512,8,1,0.31035888
15513,23,0,0.39884272
15514,12,1,0.55925065
15515,26,0,0.25135136
15516,16,1,0.57767516
15517,17,1,0.7811113
15518,27,1,0.30600592
15519,8,1,0.4603017
15520,3,0,0.38358346
15521,10,1,0.6717824
15522,12,0,0.6416515
15523,10,1,0.69128305
15524,2,1,0.34309667
15525,19,0,0.33041853
15526,16,0,0.31434265
15527,20,1,0.6715609
15528,18,0,0.46242726
15529,17,1,0.59993553
15530,13,0,0.720763
15531,17,0,0.35752562
15532,0,0,0.36376756
15533,18,0,0.44283885
15534,16,1,0.3730146
15535,4,1,0.36120147
15536,25,1,0.36140874
15537,22,1,0.6238106
15538,10,1,0.46896917
15539,7,1,0.31821272
15540,21,0,0.31152105
15541,3,0,0.31521115
15542,24,1,0.4210736
15543,26,0,0.37480953
15544,27,0,0.38059193
15545,12,1,0.6975327
15546,11,0,0.406057
15547,12,1,0.6311063
15548,1,0,0.4452142
15549,5,0,0.3304764
15550,26,0,0.37459624
15551,13,0,0.2667682
15552,1,0,0.44349155
15553,7,1,0.67278117
15554,26,0,0.51060694
15555,4,1,0.3443762
15556,6,0,0.2934065
15557,16,0,0.42876473
15558,26,1,0.6215364
15559,13,1,0.71621466
15560,16,0,0.7397261
15561,17,0,0.67508316
15562,25,1,0.65322304
15563,1,0,0.39763433
15564,9,1,0.44155282
15565,16,0,0.33952403
15566,22,1,0.41567382
15567,0,1,0.40454602
15568,13,1,0.2896583
15569,7,1,0.50115085
15570,2,0,0.52152866
15571,17,1,0.53575087
15572,15,0,0.3694948
15573,10,0,0.3578519
15574,12,1,0.60670125
15575,7,1,0.542023
15576,16,1,0.2973592
15577,13,1,0.77191687
15578,19,0,0.42634788
15579,6,0,0.6815487
15580,10,1,0.4426087
15581,13,0,0.38580573
15582,10,0,0.38269368
15583,24,0,0.27598378
15584,2,1,0.5723736
15585,1,1,0.66295415
15586,13,1,0.3434243
15587,12,0,0.35604358
15588,15,0,0.46439543
15589,12,0,0.630327
15590,27,0,0.62668514
15591,17,1,0.4897127
15592,17,0,0.368278
15593,23,0,0.43268654
15594,11,1,0.6798543
15595,20,1,0.5603666
15596,16,0,0.30567285
15597,5,0,0.45386693
15598,15,0,0.6412923
15599,3,1,0.71731293
15600,26,1,0.75845927
15601,26,0,0.66330326
15602,22,0,0.4360161
15603,6,1,0.6188797
15604,1,0,0.6384206
15605,1,1,0.6305372
15606,28,0,0.76824254
15607,16,1,0.42098388
15608,7,1,0.35850227
15609,16,1,0.7938751
15610,12,0,0.6043661
15611,25,1,0.46620834
15612,17,0,0.4768645
15613,13,0,0.635683
15614,20,1,0.6816574
15615,21,0,0.26451614
15616,2,0,0.33258247
15617,27,0,0.6753402
15618,25,0,0.5326005
15619,4,0,0.25705525
15620,7,0,0.48742458
15621,20,0,0.37258306
15622,11,0,0.65779036
15623,21,0,0.314947
15624,3,0,0.3093945
15625,20,0,0.58662254
15626,24,0,0.38194117
15627,20,0,0.6132068
15628,10,1,0.50171846
15629,9,1,0.45534432
15630,15,0,0.31599206
15631,4,0,0.29621932
15632,19,1,0.37899148
15633,27,0,0.66802603
15634,9,0,0.31712776
15635,4,1,0.51875794
15636,21,0,0.46533278
15637,12,0,0.583228
15638,1,1,0.3115349
15639,28,0,0.31276384
15640,4,1,0.7796235
15641,18,1,0.49949566
15642,20,0,0.55025935
15643,28,0,0.50967544
15644,20,1,0.41904157
15645,16,0,0.40019396
15646,14,1,0.38101655
15647,12,0,0.29212278
15648,3,0,0.2808607
15649,24,1,0.35596603
15650,25,1,0.6466856
15651,22,0,0.30851963
15652,13,0,0.28409886
15653,24,1,0.5819173
15654,2,0,0.4510501
15655,25,0,0.2646609
15656,2,1,0.29299483
15657,11,1,0.3554106
15658,6,1,0.40225846
15659,6,0,0.57547575
15660,13,0,0.32898164
15661,2,0,0.45340386
15662,22,1,0.73816127
15663,26,0,0.5810502
15664,25,0,0.39161754
15665,1,0,0.5058717
15666,10,1,0.5295367
15667,2,1,0.54764116
15668,18,1,0.412402
15669,21,1,0.38525409
15670,15,1,0.56888664
15671,1,0,0.4560856
15672,1,0,0.35265902
15673,16,1,0.58088064
15674,3,0,0.39340582
15675,25,0,0.569347
15676,15,1,0.53915906
15677,10,1,0.32918394
15678,25,1,0.6821664
15679,15,0,0.32744688
15680,2,1,0.7059281
15681,25,0,0.2258921
15682,10,1,0.31235644
15683,4,0,0.55414563
15684,15,1,0.3008305
15685,22,0,0.4537211
15686,26,1,0.32269305
15687,22,0,0.44692838
15688,10,0,0.4429219
15689,27,0,0.34880316
15690,10,1,0.43752348
15691,15,1,0.5809479
15692,21,1,0.59793603
15693,4,0,0.37581652
15694,18,0,0.4546643
15695,26,1,0.47341165
15696,10,0,0.2915486
15697,18,1,0.63600045
15698,3,0,0.63635606
15699,13,1,0.84902835
15700,9,0,0.41643792
15701,16,0,0.6363615
15702,11,1,0.48424757
15703,27,0,0.3027097
15704,12,0,0.39711508
15705,4,1,0.58288056
15706,1,0,0.5628501
15707,22,1,0.2822053
15708,27,1,0.6641978
15709,17,0,0.25351456
15710,22,0,0.21232012
15711,7,0,0.3050733
15712,26,1,0.80503595
15713,12,0,0.558743
15714,23,0,0.2771111
15715,14,1,0.68772894
15716,20,1,0.62616694
15717,15,1,0.60811174
15718,17,0,0.3231845
15719,14,1,0.60014826
15720,21,0,0.551367
15721,19,1,0.27676097
15722,7,1,0.7315401
15723,24,1,0.38761705
15724,15,0,0.40187675
15725,26,1,0.46142772
15726,18,1,0.5977086
15727,6,0,0.63065845
15728,19,0,0.62759876
15729,28,0,0.546467
15730,15,1,0.7601542
15731,24,1,0.7522833
15732,21,0,0.51904595
15733,2,1,0.7530125
15734,6,0,0.46610472
15735,1,0,0.43438822
15736,18,0,0.5189698
15737,22,0,0.6649431
15738,15,0,0.27086332
15739,13,1,0.3333737
15740,11,0,0.3910934
15741,11,0,0.3117606
15742,1,1,0.7931955
15743,7,1,0.6574932
15744,16,0,0.52382946
15745,8,1,0.6258937
15746,21,0,0.5448572
15747,10,1,0.55490303
15748,11,1,0.61744195
15749,19,1,0.63300633
15750,6,1,0.64881706
15751,10,0,0.56286
15752,28,0,0.40273157
15753,25,1,0.48597455
15754,13,0,0.5100638
15755,15,1,0.6279753
15756,12,1,0.6321204
15757,1,0,0.4021925
15758,27,1,0.61982584
15759,27,1,0.6139432
15760,3,0,0.4804086
15761,2,1,0.5230768
15762,13,1,0.6994911
15763,16,1,0.7885079
15764,15,1,0.7764759
15765,2,0,0.34389147
15766,18,1,0.6551515
15767,14,0,0.30597162
15768,24,1,0.58337677
15769,16,0,0.41685176
15770,28,1,0.3696813
15771,14,1,0.8274177
15772,8,1,0.51349586
15773,13,1,0.40865076
15774,13,1,0.6521597
15775,7,1,0.68833894
15776,21,1,0.35875735
15777,2,0,0.6905119
15778,19,1,0.7941626
15779,8,1,0.83361286
15780,28,0,0.2687475
15781,4,0,0.21909177
15782,10,0,0.40822512
15783,24,0,0.5624138
15784,23,0,0.35755804
15785,14,0,0.61141956
15786,13,0,0.3651798
15787,1,0,0.5450906
15788,6,1,0.42289594
15789,23,0,0.48632285
15790,14,0,0.42104748
15791,16,0,0.32004628
15792,2,0,0.6406667
15793,4,1,0.38597047
15794,18,0,0.61258364
15795,2,1,0.77455395
15796,15,1,0.69937766
15797,13,0,0.51539
15798,4,0,0.518743
15799,4,0,0.35178354
15800,13,1,0.54496217
15801,24,0,0.2898584
15802,15,1,0.42373508
15803,17,1,0.6290949
15804,2,1,0.35002
15805,12,1,0.81484336
15806,15,1,0.4573286
15807,10,0,0.5217737
15808,3,1,0.7707477
15809,26,1,0.422025
15810,2,0,0.29769653
15811,14,0,0.32248592
15812,28,1,0.78908896
15813,23,0,0.28708726
15814,7,0,0.54841614
15815,1,1,0.734309
15816,14,1,0.33086643
15817,11,1,0.5853315
15818,2,1,0.7311682
15819,11,0,0.49405015
15820,24,0,0.36681196
15821,11,1,0.4631884
15822,14,0,0.27978587
15823,13,0,0.3135907
15824,13,0,0.34295756
15825,26,0,0.48614347
15826,13,0,0.68584764
15827,11,0,0.47159928
15828,2,1,0.57903147
15829,4,0,0.40863422
15830,11,0,0.56126744
15831,5,1,0.32776582
15832,8,0,0.3914413
15833,7,1,0.64469105
15834,1,1,0.67065495
15835,5,0,0.33699647
15836,21,1,0.5545994
15837,0,1,0.79081583
15838,14,0,0.6377431
15839,0,1,0.77420014
15840,2,1,0.64923364
15841,16,1,0.30871552
15842,3,0,0.60812765
15843,15,1,0.6102965
15844,28,1,0.65574944
15845,22,1,0.7130945
15846,28,0,0.47348848
15847,27,0,0.50973296
15848,11,0,0.34492823
15849,18,0,0.67170995
15850,22,1,0.49659872
15851,15,1,0.61312175
15852,12,1,0.42484504
15853,16,1,0.68153644
15854,6,1,0.5949978
15855,7,1,0.47182104
15856,1,1,0.64443547
15857,24,1,0.5308622
15858,15,1,0.65172064
15859,27,1,0.29291388
15860,15,0,0.60145646
15861,3,0,0.416946
15862,25,0,0.7106466
15863,25,0,0.3326118
15864,8,1,0.78683144
15865,11,1,0.6385016
15866,1,1,0.33373538
15867,4,0,0.2987115
15868,20,0,0.23227711
15869,16,0,0.5242763
15870,14,0,0.281597
15871,15,0,0.55395305
15872,17,0,0.55263436
15873,6,1,0.6333798
15874,25,1,0.54786354
15875,13,1,0.60250956
15876,11,1,0.5009649
15877,5,1,0.5474768
15878,22,0,0.5763117
15879,16,0,0.5097008
15880,25,1,0.45647046
15881,25,1,0.45666578
15882,1,1,0.28345087
15883,11,1,0.83664304
15884,27,1,0.5780108
15885,23,1,0.63654053
15886,16,1,0.28723395
15887,16,0,0.50377584
15888,16,0,0.25866753
15889,6,0,0.79865825
15890,16,1,0.47978628
15891,11,0,0.2973601
15892,28,0,0.46473983
15893,12,0,0.8105659
15894,10,0,0.30927405
15895,22,0,0.4446198
15896,15,0,0.6136477
15897,13,1,0.8238393
