,tissue_ids,target,prediction
0,3,1,0.45967504
1,26,0,0.50706244
2,8,0,0.48436338
3,5,1,0.66816765
4,16,0,0.5260706
5,28,0,0.24416573
6,10,1,0.37519833
7,15,0,0.6366523
8,16,0,0.5074265
9,18,0,0.81401527
10,20,1,0.83357877
11,5,1,0.5841232
12,27,0,0.5288223
13,26,1,0.8184944
14,12,0,0.31441924
15,23,1,0.41299176
16,26,0,0.26366982
17,16,1,0.4625273
18,21,0,0.5497722
19,2,1,0.4787579
20,12,1,0.60629797
21,13,0,0.31420326
22,13,1,0.4930662
23,18,0,0.3525354
24,18,1,0.529784
25,11,1,0.42450303
26,12,0,0.42251596
27,2,0,0.5270204
28,15,0,0.47313383
29,22,0,0.4554806
30,20,0,0.6880438
31,11,0,0.42585814
32,15,0,0.40420714
33,15,1,0.4964433
34,22,0,0.44548154
35,1,0,0.49869794
36,24,1,0.6098646
37,9,1,0.334455
38,27,0,0.35078654
39,12,0,0.26574215
40,9,1,0.5635679
41,6,0,0.47070548
42,16,1,0.5338909
43,17,1,0.5982214
44,11,0,0.2938186
45,11,0,0.6398372
46,2,1,0.63747734
47,14,1,0.68698335
48,20,1,0.52306086
49,6,0,0.4667536
50,10,0,0.5009464
51,17,0,0.34092167
52,8,1,0.8483621
53,27,1,0.5028893
54,17,0,0.27755794
55,5,1,0.46917337
56,28,1,0.5007353
57,16,1,0.64370215
58,11,0,0.46636412
59,8,1,0.14607863
60,1,0,0.43983722
61,14,1,0.73687875
62,21,0,0.56541526
63,11,1,0.7855039
64,25,0,0.33363408
65,6,0,0.34916824
66,17,0,0.29842418
67,12,0,0.781652
68,18,0,0.21759339
69,6,0,0.46682385
70,7,1,0.60122037
71,18,0,0.5610875
72,1,0,0.7688393
73,17,0,0.17637295
74,28,1,0.35944554
75,9,0,0.52973276
76,9,1,0.7847038
77,7,0,0.48155007
78,26,1,0.49044427
79,3,1,0.795766
80,13,1,0.5594398
81,13,0,0.3165328
82,16,1,0.4799831
83,2,0,0.5415822
84,8,0,0.28385353
85,24,1,0.33233994
86,10,0,0.45506024
87,16,0,0.5161299
88,1,1,0.38569814
89,16,1,0.5762497
90,12,0,0.14713411
91,11,0,0.23417771
92,14,0,0.53208524
93,28,0,0.63385
94,10,0,0.53889763
95,9,1,0.5789465
96,16,1,0.5529325
97,21,1,0.5406346
98,19,0,0.4384293
99,11,1,0.8136889
100,15,0,0.5003056
101,1,1,0.6008954
102,19,0,0.33372095
103,15,1,0.6855666
104,17,1,0.55115545
105,15,1,0.27563405
106,23,1,0.20662129
107,11,1,0.64248943
108,1,1,0.52581626
109,26,1,0.6013146
110,7,0,0.34095666
111,1,0,0.34286496
112,25,1,0.17316471
113,6,0,0.72928506
114,1,1,0.58754444
115,1,1,0.5723644
116,10,1,0.6398071
117,2,0,0.3271974
118,3,0,0.6481639
119,13,1,0.601574
120,19,0,0.5221436
121,10,1,0.66576296
122,12,0,0.37145042
123,25,0,0.51112026
124,15,1,0.65409994
125,10,1,0.2884963
126,16,0,0.42023587
127,8,0,0.51789623
128,27,1,0.69341964
129,7,1,0.28640836
130,15,1,0.36849618
131,0,0,0.57894874
132,28,1,0.5024719
133,28,0,0.22706304
134,2,0,0.16723442
135,24,1,0.6182883
136,13,1,0.7176267
137,25,0,0.5160517
138,3,0,0.6643054
139,19,1,0.5605202
140,15,0,0.27767825
141,11,0,0.49571046
142,13,1,0.50657725
143,8,0,0.17102164
144,1,1,0.53854287
145,13,1,0.70786786
146,18,1,0.29816696
147,20,1,0.5938727
148,27,1,0.6301111
149,10,1,0.22465175
150,18,0,0.7992107
151,13,1,0.56147707
152,13,1,0.23455095
153,1,0,0.44948176
154,6,0,0.3537882
155,27,1,0.60640895
156,0,1,0.42972982
157,28,0,0.5672356
158,6,1,0.29043996
159,8,0,0.5549541
160,1,0,0.51769316
161,25,1,0.5312183
162,1,1,0.438545
163,7,0,0.40781716
164,23,0,0.5866525
165,13,1,0.77109116
166,14,0,0.30470377
167,1,1,0.8603089
168,15,0,0.67924225
169,20,0,0.5814895
170,9,0,0.5835571
171,3,0,0.32079494
172,23,1,0.4185136
173,8,1,0.39826274
174,27,0,0.37589702
175,0,0,0.2846854
176,7,1,0.58328325
177,10,1,0.36585182
178,11,0,0.57298124
179,14,0,0.55345803
180,2,1,0.53805876
181,1,0,0.5414915
182,7,1,0.65658975
183,22,0,0.31003243
184,14,0,0.46925783
185,4,0,0.32107264
186,19,1,0.53744507
187,10,0,0.53040457
188,22,1,0.65531385
189,15,1,0.54927546
190,17,1,0.54601204
191,25,0,0.31371558
192,2,0,0.17843212
193,8,1,0.6104003
194,15,0,0.72544134
195,19,1,0.6384776
196,2,1,0.5604756
197,13,0,0.5735867
198,20,0,0.25129345
199,13,0,0.31978485
200,16,1,0.30372524
201,0,1,0.6185407
202,18,1,0.63810503
203,8,0,0.31142485
204,17,1,0.55832237
205,4,0,0.21397842
206,2,1,0.59014446
207,12,1,0.35182503
208,28,0,0.48114014
209,15,1,0.5361047
210,26,1,0.52523625
211,26,1,0.70053947
212,6,0,0.48328167
213,2,0,0.34876272
214,26,0,0.3426841
215,16,1,0.43806502
216,24,1,0.55072457
217,26,1,0.31771532
218,22,1,0.34091774
219,11,0,0.4305763
220,1,1,0.42598867
221,26,0,0.7339929
222,16,0,0.26664373
223,17,0,0.51487684
224,4,0,0.3249361
225,15,1,0.4892071
226,8,0,0.86736405
227,6,0,0.522093
228,2,0,0.3795459
229,26,1,0.7522901
230,11,0,0.24404842
231,1,0,0.28929296
232,25,0,0.37210372
233,18,1,0.75856483
234,22,0,0.57016885
235,15,0,0.5037169
236,5,1,0.71588415
237,1,0,0.41428345
238,26,1,0.5804754
239,25,1,0.7478501
240,10,0,0.6464518
241,11,0,0.60013837
242,7,1,0.40761352
243,3,1,0.84311366
244,11,1,0.69383925
245,22,1,0.453026
246,27,1,0.51809746
247,26,1,0.48800528
248,20,0,0.62435186
249,16,1,0.71126646
250,27,0,0.28403673
251,1,1,0.524412
252,3,0,0.24539095
253,12,0,0.43155584
254,20,0,0.2193804
255,0,0,0.2957246
256,25,1,0.34915972
257,20,1,0.43331078
258,20,0,0.16864882
259,4,1,0.7440553
260,18,0,0.20931041
261,24,1,0.6846362
262,3,0,0.30916455
263,26,1,0.34720817
264,28,1,0.29891
265,13,1,0.5203469
266,1,0,0.63216424
267,27,1,0.74537873
268,16,1,0.5980019
269,25,1,0.34067836
270,2,0,0.27241075
271,13,0,0.61589366
272,12,1,0.58403516
273,11,0,0.8063717
274,12,0,0.5171265
275,25,0,0.60385525
276,19,1,0.4580834
277,27,1,0.27186224
278,20,1,0.54206014
279,19,0,0.47870708
280,2,0,0.5147416
281,17,1,0.6879945
282,2,0,0.3339338
283,21,0,0.45919976
284,2,0,0.37907505
285,27,1,0.81381947
286,28,1,0.53774595
287,26,1,0.40847003
288,11,1,0.39554262
289,8,1,0.7551975
290,22,1,0.5510615
291,6,0,0.37354767
292,16,1,0.49116454
293,10,1,0.38759595
294,24,1,0.5836196
295,0,0,0.2323999
296,10,1,0.35543084
297,27,0,0.59124905
298,20,0,0.52887374
299,14,0,0.48175472
300,14,1,0.7366874
301,3,0,0.47940743
302,22,0,0.43383595
303,1,1,0.7526152
304,11,0,0.3398907
305,0,0,0.65921867
306,2,1,0.5101683
307,20,0,0.28989452
308,10,0,0.4873556
309,27,1,0.49270558
310,25,1,0.43094844
311,10,1,0.79773563
312,28,1,0.7625152
313,27,0,0.27224213
314,9,0,0.270887
315,17,0,0.2780569
316,26,0,0.48891068
317,15,0,0.43650314
318,24,0,0.47215268
319,24,1,0.47188526
320,28,1,0.31188944
321,20,1,0.28623882
322,14,0,0.33935517
323,16,1,0.6359291
324,16,1,0.80301404
325,24,0,0.5574128
326,25,0,0.53029656
327,15,0,0.3695471
328,25,0,0.7083898
329,12,0,0.60577995
330,2,1,0.6932324
331,1,1,0.46547842
332,0,1,0.4568332
333,16,0,0.40500745
334,2,1,0.39673698
335,15,0,0.54184556
336,14,0,0.44487616
337,21,1,0.7279955
338,3,1,0.596521
339,13,0,0.37731093
340,12,1,0.46354762
341,2,0,0.46713102
342,23,1,0.554329
343,19,0,0.27972215
344,15,1,0.2826534
345,16,1,0.68144256
346,21,1,0.24767372
347,13,0,0.584931
348,16,0,0.4935431
349,28,1,0.59443134
350,11,0,0.54457086
351,2,0,0.31559232
352,9,0,0.40991056
353,23,1,0.64918154
354,13,1,0.5508127
355,8,1,0.50701934
356,6,0,0.5370349
357,15,1,0.634564
358,0,0,0.3230336
359,16,0,0.45128334
360,13,1,0.5836551
361,8,0,0.52561015
362,21,1,0.5162795
363,10,0,0.40005013
364,28,1,0.69669956
365,6,0,0.4516751
366,17,0,0.3379227
367,28,1,0.280231
368,6,0,0.52229017
369,0,1,0.40375724
370,8,1,0.7178754
371,13,1,0.7305023
372,9,0,0.17441227
373,17,1,0.542078
374,13,1,0.48101616
375,1,1,0.43323684
376,23,0,0.5489356
377,9,0,0.56317186
378,8,0,0.4801602
379,27,1,0.58926266
380,8,1,0.6929089
381,5,0,0.3322229
382,27,1,0.67950284
383,0,1,0.6402926
384,27,1,0.65798527
385,12,0,0.34701416
386,13,1,0.69155467
387,14,1,0.84183043
388,14,0,0.41939357
389,20,1,0.80763626
390,2,0,0.6059732
391,0,0,0.5350509
392,21,1,0.40417397
393,25,1,0.55753565
394,18,1,0.58468956
395,8,0,0.22937036
396,9,0,0.63135594
397,13,1,0.46917024
398,10,1,0.49045792
399,8,0,0.3432565
400,6,0,0.29462942
401,3,1,0.5951997
402,15,1,0.78153396
403,13,1,0.5075761
404,19,1,0.5088392
405,5,0,0.6810158
406,27,1,0.30204707
407,20,1,0.76160675
408,14,0,0.24985519
409,18,0,0.40922275
410,9,0,0.59592515
411,8,0,0.5440587
412,8,0,0.49620926
413,24,1,0.55577135
414,5,0,0.68947834
415,17,1,0.49195406
416,1,0,0.20680198
417,12,0,0.18077224
418,0,1,0.45771605
419,17,0,0.29082632
420,24,1,0.5500057
421,26,1,0.5470482
422,27,1,0.5755172
423,17,0,0.18448888
424,16,1,0.21534409
425,18,1,0.8146707
426,3,0,0.3004193
427,13,1,0.62311137
428,24,0,0.41236213
429,12,1,0.6353961
430,22,0,0.78675103
431,22,1,0.51108885
432,20,1,0.36601594
433,26,0,0.26397398
434,24,0,0.4287272
435,4,1,0.50937027
436,25,1,0.48680398
437,8,1,0.67259395
438,20,0,0.32110325
439,16,0,0.24155594
440,4,1,0.25252226
441,1,0,0.72219133
442,0,1,0.38826117
443,7,1,0.54040134
444,6,1,0.50058925
445,17,1,0.65916336
446,11,0,0.52844846
447,21,1,0.625258
448,3,0,0.34323233
449,22,0,0.45402375
450,22,1,0.69322443
451,16,0,0.44792053
452,5,0,0.32940045
453,13,0,0.2933962
454,18,1,0.5976624
455,1,1,0.57739353
456,12,1,0.6484538
457,3,1,0.3185357
458,20,1,0.7376506
459,13,1,0.5947696
460,8,1,0.54650396
461,22,1,0.6350064
462,0,0,0.47475535
463,16,0,0.5118043
464,10,1,0.77503544
465,19,1,0.54418916
466,17,1,0.54320824
467,10,0,0.18555562
468,16,1,0.57349277
469,7,0,0.27069208
470,22,1,0.6074731
471,17,1,0.57754356
472,13,1,0.55311644
473,18,0,0.5118555
474,16,0,0.25927043
475,22,0,0.48863453
476,11,1,0.79062045
477,2,1,0.51141864
478,15,0,0.36290473
479,27,1,0.5435481
480,10,0,0.74015677
481,13,0,0.48413706
482,10,0,0.5045575
483,15,1,0.7431223
484,0,0,0.52379906
485,21,0,0.8034657
486,22,1,0.7286628
487,6,0,0.44013223
488,11,0,0.65088093
489,13,1,0.39570913
490,9,1,0.56555074
491,2,0,0.47928122
492,11,1,0.83839756
493,2,1,0.7811534
494,13,1,0.523006
495,25,1,0.82390785
496,19,0,0.6190569
497,10,0,0.33001098
498,12,0,0.19765517
499,0,1,0.55353653
500,7,1,0.31094933
501,13,0,0.40086612
502,0,1,0.41446155
503,27,1,0.26246774
504,12,1,0.4005204
505,23,1,0.6011382
506,17,0,0.35792792
507,6,0,0.6063175
508,25,0,0.56438094
509,6,0,0.3914513
510,5,0,0.5239454
511,11,1,0.5090929
512,2,0,0.22266206
513,9,0,0.30841392
514,17,1,0.3334028
515,0,0,0.43113032
516,8,1,0.46914253
517,12,0,0.25710148
518,9,1,0.5519933
519,16,1,0.7913834
520,1,1,0.5886755
521,7,0,0.25973862
522,6,1,0.863896
523,2,0,0.568561
524,14,1,0.3151544
525,8,1,0.54760855
526,13,0,0.3724006
527,12,1,0.6053167
528,3,0,0.387464
529,10,1,0.6304331
530,26,1,0.2903043
531,10,1,0.69918656
532,2,1,0.6454805
533,4,1,0.2865908
534,3,0,0.20402482
535,18,0,0.6075651
536,19,1,0.56274664
537,22,1,0.61801666
538,12,1,0.5720213
539,2,1,0.6840102
540,27,0,0.47942474
541,11,1,0.5112034
542,28,1,0.5635569
543,10,0,0.30638248
544,16,1,0.8039851
545,11,0,0.17875005
546,7,0,0.7820921
547,16,1,0.51424086
548,15,0,0.42088857
549,17,0,0.2592089
550,7,1,0.5886996
551,6,0,0.26622793
552,25,1,0.61748135
553,10,0,0.2043644
554,2,0,0.5632898
555,15,1,0.6126503
556,18,1,0.59017825
557,16,1,0.71183383
558,1,1,0.4409437
559,6,1,0.61055875
560,28,1,0.69694036
561,26,0,0.45604625
562,16,0,0.33635572
563,7,1,0.6294446
564,8,0,0.33409888
565,25,0,0.2539391
566,9,1,0.39091334
567,3,0,0.49958715
568,15,1,0.5567259
569,5,1,0.42752996
570,16,0,0.39125833
571,16,0,0.69237524
572,10,1,0.56942993
573,4,0,0.58167166
574,13,1,0.8568922
575,27,0,0.27352324
576,10,0,0.27391276
577,10,0,0.6234825
578,15,0,0.78687155
579,26,1,0.5740665
580,11,0,0.66675
581,13,0,0.24451938
582,11,1,0.47225347
583,16,0,0.53296834
584,13,0,0.35598552
585,19,0,0.43102413
586,13,0,0.6240617
587,1,1,0.51073277
588,16,1,0.7526109
589,6,1,0.6017139
590,20,1,0.2940436
591,5,0,0.5380752
592,0,1,0.3280802
593,28,0,0.23799296
594,1,0,0.5826651
595,8,0,0.387112
596,13,1,0.5848848
597,12,1,0.5879528
598,1,0,0.77176684
599,5,0,0.7505476
600,6,0,0.48185855
601,18,0,0.27866566
602,12,0,0.49074244
603,26,1,0.77632886
604,26,1,0.6213798
605,16,0,0.5187816
606,10,1,0.6019586
607,21,0,0.6903222
608,1,0,0.22030014
609,2,0,0.33065972
610,6,0,0.4378845
611,12,0,0.23583914
612,15,1,0.8212119
613,15,0,0.15351819
614,12,0,0.5729032
615,23,1,0.53531885
616,18,0,0.4249196
617,6,0,0.28225344
618,11,1,0.7415551
619,2,1,0.4711573
620,9,1,0.3684113
621,12,1,0.3329514
622,17,0,0.26248413
623,13,1,0.66556877
624,17,1,0.15624562
625,6,0,0.42205253
626,14,1,0.6578339
627,18,0,0.26284623
628,26,1,0.27484426
629,0,0,0.60755867
630,26,0,0.7264763
631,25,1,0.84847504
632,13,1,0.48469642
633,10,1,0.5067174
634,0,0,0.4477208
635,8,1,0.666894
636,2,0,0.3850666
637,7,1,0.45858374
638,16,0,0.30987334
639,22,0,0.5116256
640,4,1,0.53818387
641,0,0,0.31032845
642,26,1,0.66301847
643,0,1,0.3463699
644,11,1,0.7585502
645,15,0,0.30822733
646,7,0,0.4171193
647,11,1,0.5412489
648,6,0,0.47098684
649,13,1,0.6511491
650,2,1,0.28613117
651,27,1,0.81664246
652,11,1,0.31272966
653,25,1,0.46965396
654,16,1,0.22400555
655,12,1,0.5967458
656,3,0,0.5235202
657,12,1,0.58529675
658,23,0,0.3865512
659,15,1,0.81331193
660,26,0,0.44178015
661,21,1,0.5899502
662,16,1,0.72493935
663,17,0,0.3227892
664,1,0,0.74724346
665,17,1,0.751029
666,3,0,0.53356314
667,15,0,0.46631145
668,7,0,0.49103603
669,26,0,0.47720027
670,9,0,0.5252993
671,27,1,0.8167555
672,12,0,0.586241
673,27,0,0.49404177
674,7,1,0.63659525
675,14,1,0.5053255
676,7,0,0.34278572
677,11,1,0.6889326
678,18,0,0.7262633
679,28,0,0.15470602
680,16,0,0.59639674
681,15,1,0.44983402
682,2,0,0.39554358
683,11,0,0.51345927
684,7,1,0.6722242
685,27,0,0.57035685
686,14,1,0.46436465
687,4,1,0.839438
688,22,1,0.45938686
689,4,0,0.28973347
690,5,1,0.5428055
691,8,0,0.4456866
692,7,0,0.5857664
693,25,0,0.43949622
694,2,0,0.32288006
695,4,1,0.53485894
696,13,0,0.7113601
697,27,1,0.5135247
698,2,0,0.3371028
699,12,1,0.7351019
700,17,1,0.47054723
701,1,0,0.22201905
702,10,0,0.3010467
703,13,1,0.43480092
704,18,1,0.64152884
705,11,1,0.6622706
706,16,0,0.48607802
707,16,0,0.29017895
708,2,0,0.3152994
709,1,0,0.27395555
710,15,1,0.6806339
711,0,1,0.6638682
712,4,0,0.7922146
713,16,0,0.7195627
714,16,0,0.2194207
715,15,1,0.30685762
716,26,0,0.28367022
717,23,0,0.51662326
718,18,1,0.65096486
719,10,1,0.5554915
720,21,0,0.5297509
721,20,0,0.5844015
722,9,0,0.59478945
723,19,1,0.29448682
724,16,1,0.45483315
725,12,0,0.67214334
726,16,1,0.3471059
727,15,1,0.78231317
728,15,0,0.4781883
729,11,1,0.45912528
730,2,0,0.21957564
731,15,1,0.5093037
732,22,0,0.55920756
733,13,1,0.6012026
734,16,1,0.6344452
735,11,0,0.500917
736,12,1,0.76850855
737,25,1,0.4716207
738,27,1,0.5864671
739,26,0,0.5683254
740,21,0,0.24343932
741,13,0,0.5578866
742,2,1,0.7501155
743,1,1,0.38878193
744,13,1,0.7000559
745,15,0,0.48747024
746,8,1,0.705014
747,27,0,0.4922955
748,17,1,0.7630332
749,21,1,0.50834274
750,8,1,0.5446951
751,17,1,0.736404
752,15,0,0.8164002
753,5,1,0.7351516
754,7,0,0.6254951
755,26,1,0.72583544
756,26,1,0.6051052
757,19,1,0.7148812
758,16,0,0.30925503
759,10,1,0.51060647
760,2,1,0.76566625
761,14,1,0.5006886
762,22,1,0.3365085
763,20,1,0.53479373
764,22,1,0.32982838
765,21,0,0.4754154
766,27,0,0.15111339
767,5,1,0.7985319
768,23,0,0.23275398
769,22,0,0.32751685
770,21,0,0.2827869
771,19,1,0.53073555
772,27,0,0.43869403
773,10,0,0.38368064
774,27,0,0.29501048
775,21,0,0.3242451
776,12,0,0.5126746
777,21,0,0.40302998
778,8,1,0.59447753
779,22,1,0.31827173
780,10,0,0.5060624
781,25,0,0.25572613
782,18,0,0.5955592
783,25,1,0.8100924
784,13,0,0.37822008
785,22,0,0.5772504
786,18,1,0.83759326
787,25,0,0.1696138
788,1,0,0.56725127
789,17,1,0.55252004
790,25,0,0.32716215
791,11,0,0.39466435
792,2,0,0.6187015
793,19,0,0.5750816
794,28,1,0.5167259
795,10,0,0.23587382
796,7,1,0.5122255
797,26,1,0.80269516
798,16,0,0.24974628
799,22,1,0.6084546
800,24,0,0.6102173
801,3,0,0.61658484
802,1,0,0.42101586
803,20,1,0.5577852
804,2,1,0.59221315
805,28,0,0.3507219
806,25,1,0.61389107
807,3,0,0.2274973
808,2,0,0.295043
809,23,0,0.50735325
810,15,0,0.5622532
811,14,1,0.5099102
812,20,1,0.6309954
813,16,0,0.43686467
814,0,0,0.56871426
815,25,0,0.48723274
816,22,0,0.833497
817,27,0,0.44595808
818,27,0,0.5198486
819,13,0,0.593052
820,15,0,0.1867573
821,15,1,0.58191264
822,27,1,0.6157364
823,21,0,0.5480219
824,27,1,0.60390157
825,16,0,0.48814178
826,10,1,0.44710848
827,5,0,0.28404906
828,4,1,0.5684193
829,18,0,0.36724243
830,16,1,0.50092
831,11,0,0.2905426
832,26,1,0.53458
833,21,1,0.7283914
834,14,1,0.5583747
835,17,0,0.53474957
836,8,0,0.5895215
837,20,0,0.51475626
838,28,1,0.3734704
839,25,0,0.30083668
840,20,1,0.51816595
841,5,0,0.52947354
842,26,0,0.6654647
843,28,0,0.7331611
844,16,0,0.40192935
845,16,1,0.6625807
846,18,1,0.8209854
847,6,1,0.61618483
848,16,0,0.5195101
849,26,0,0.57933354
850,25,1,0.6463764
851,9,0,0.43442583
852,26,1,0.48531172
853,6,0,0.5961438
854,22,0,0.66611487
855,27,1,0.43759194
856,28,0,0.71249026
857,10,0,0.46384135
858,16,0,0.5479788
859,8,1,0.3531414
860,18,1,0.5328129
861,21,0,0.6149612
862,27,1,0.4625476
863,14,1,0.5979873
864,8,1,0.5302698
865,16,0,0.31639156
866,7,0,0.25839373
867,12,1,0.7313096
868,23,1,0.23884878
869,17,1,0.46472588
870,8,0,0.43395865
871,14,1,0.6713201
872,22,0,0.38770038
873,26,1,0.83275205
874,8,0,0.6863452
875,24,0,0.56490076
876,11,1,0.67437774
877,8,1,0.7315619
878,5,1,0.82802373
879,13,0,0.54101706
880,20,0,0.2843984
881,12,0,0.4833617
882,22,1,0.54537004
883,21,1,0.51504594
884,14,0,0.35230073
885,8,1,0.6282839
886,14,0,0.5672415
887,11,0,0.32090828
888,15,1,0.5323617
889,20,0,0.5129524
890,16,0,0.57318705
891,6,0,0.5146605
892,13,0,0.592167
893,17,1,0.45877224
894,8,0,0.2856249
895,20,0,0.47297505
896,13,1,0.4125201
897,12,0,0.5267235
898,15,1,0.42436385
899,12,0,0.34552506
900,18,0,0.3423579
901,25,1,0.71918064
902,2,0,0.30547556
903,6,1,0.5863045
904,2,1,0.71133465
905,2,0,0.7724297
906,28,0,0.27067477
907,16,0,0.3946555
908,2,0,0.21763225
909,22,1,0.49343985
910,15,0,0.41028494
911,13,1,0.50122726
912,2,1,0.57860124
913,1,1,0.57217795
914,13,0,0.6857986
915,16,1,0.5344445
916,13,1,0.25696707
917,23,0,0.40637115
918,16,1,0.619351
919,12,1,0.51872855
920,20,0,0.46332416
921,17,0,0.41293013
922,0,0,0.38718265
923,2,0,0.16737738
924,13,0,0.5231524
925,2,1,0.42558634
926,11,1,0.58834684
927,8,1,0.81638205
928,6,1,0.4478492
929,6,1,0.675965
930,19,0,0.54280055
931,0,0,0.5830982
932,22,1,0.47685662
933,12,0,0.6106976
934,23,1,0.5674253
935,2,0,0.6247429
936,11,1,0.5201163
937,15,0,0.78609776
938,1,1,0.6291901
939,14,0,0.47526646
940,5,0,0.7812312
941,20,0,0.48187074
942,15,1,0.46281362
943,19,1,0.59100103
944,19,1,0.50349915
945,13,1,0.4773557
946,17,1,0.59418774
947,8,0,0.33060387
948,3,0,0.35989115
949,23,0,0.5981359
950,13,1,0.32082197
951,15,0,0.64594805
952,11,1,0.52747804
953,10,1,0.22215676
954,24,0,0.5207862
955,2,0,0.39617053
956,18,0,0.30278385
957,15,1,0.31077164
958,5,0,0.5943426
959,8,1,0.599854
960,5,1,0.3088472
961,26,1,0.52889496
962,18,1,0.53792363
963,17,0,0.48632646
964,11,0,0.38776734
965,15,0,0.41051483
966,28,0,0.56910723
967,5,1,0.67757356
968,2,1,0.45184574
969,21,0,0.2731932
970,13,0,0.20209679
971,10,1,0.81909686
972,16,1,0.676939
973,19,0,0.6394272
974,23,1,0.47653988
975,7,1,0.36241975
976,28,0,0.45181125
977,25,0,0.63334537
978,15,1,0.21910298
979,10,1,0.45077583
980,4,1,0.47976628
981,6,1,0.5339522
982,26,1,0.40067014
983,28,1,0.6275949
984,25,1,0.65838087
985,11,0,0.27439684
986,22,0,0.46672526
987,14,0,0.6533173
988,1,0,0.50135267
989,22,0,0.61012816
990,13,1,0.7536547
991,16,0,0.41253337
992,16,0,0.61170554
993,26,0,0.53003913
994,1,1,0.6917639
995,17,1,0.6015416
996,6,0,0.5381379
997,3,0,0.38671535
998,3,1,0.5448861
999,26,1,0.7434306
1000,0,0,0.17768052
1001,15,0,0.6178156
1002,25,1,0.35153535
1003,6,1,0.8003176
1004,8,1,0.30619666
1005,26,1,0.38902375
1006,17,1,0.47157848
1007,13,1,0.8298928
1008,11,0,0.47228357
1009,18,1,0.73435026
1010,17,1,0.6438019
1011,3,1,0.60118884
1012,27,1,0.59056336
1013,1,0,0.42263857
1014,10,0,0.6275666
1015,22,0,0.2957724
1016,8,1,0.51926327
1017,18,0,0.4470999
1018,16,0,0.27220097
1019,15,0,0.600089
1020,11,0,0.42672613
1021,25,1,0.47998062
1022,7,0,0.5336305
1023,6,0,0.5465733
1024,25,1,0.41385242
1025,10,0,0.463023
1026,1,1,0.76438725
1027,10,0,0.61847395
1028,5,0,0.51168495
1029,18,1,0.5017383
1030,2,0,0.45904276
1031,12,1,0.6241082
1032,9,0,0.41395265
1033,23,1,0.45168635
1034,26,1,0.7234467
1035,22,0,0.32987922
1036,20,0,0.194346
1037,26,0,0.6034122
1038,3,1,0.31247187
1039,10,0,0.32019642
1040,3,0,0.54602724
1041,3,1,0.62450904
1042,7,0,0.22503616
1043,15,1,0.43585292
1044,9,1,0.7333321
1045,26,1,0.20660864
1046,15,1,0.41747352
1047,18,0,0.21360262
1048,8,0,0.31924
1049,7,1,0.2919162
1050,7,1,0.2814996
1051,28,0,0.21559377
1052,11,0,0.3418768
1053,9,1,0.5452087
1054,0,0,0.55580455
1055,13,1,0.24114215
1056,18,0,0.5131433
1057,6,0,0.6103407
1058,2,0,0.47701627
1059,15,1,0.47597596
1060,5,0,0.52464145
1061,8,0,0.3235768
1062,19,1,0.6454179
1063,28,0,0.41091403
1064,2,1,0.54820085
1065,8,1,0.4167993
1066,3,0,0.4441114
1067,5,0,0.7439728
1068,8,0,0.3783255
1069,25,1,0.7244469
1070,26,1,0.5673674
1071,20,0,0.44718507
1072,19,0,0.34939802
1073,3,1,0.6002813
1074,15,1,0.45218056
1075,5,0,0.4571421
1076,13,0,0.6457572
1077,8,1,0.54893965
1078,20,0,0.64259386
1079,7,0,0.5280989
1080,16,1,0.44884264
1081,7,1,0.51203203
1082,7,1,0.57879066
1083,22,1,0.3537676
1084,12,0,0.66265476
1085,28,1,0.48154035
1086,5,0,0.58306974
1087,20,1,0.48841116
1088,15,0,0.31319118
1089,11,0,0.67688125
1090,2,1,0.77770776
1091,17,0,0.33493072
1092,8,0,0.7055193
1093,8,0,0.55513096
1094,18,1,0.2906218
1095,27,0,0.1932872
1096,3,0,0.80596006
1097,0,0,0.3670135
1098,19,1,0.7685086
1099,5,0,0.5372302
1100,1,0,0.4214452
1101,10,0,0.6215502
1102,16,1,0.5027121
1103,21,0,0.7452927
1104,16,1,0.5275242
1105,22,0,0.30041042
1106,3,1,0.6060785
1107,6,0,0.24756625
1108,26,1,0.5285508
1109,17,1,0.6826668
1110,20,1,0.795493
1111,8,0,0.84185565
1112,1,1,0.81406313
1113,13,1,0.5248513
1114,26,0,0.48115525
1115,7,1,0.16246465
1116,8,1,0.65743124
1117,16,0,0.73043334
1118,13,0,0.5635731
1119,14,0,0.49644077
1120,22,1,0.6872927
1121,16,0,0.28047967
1122,16,0,0.27448404
1123,22,1,0.8625354
1124,13,0,0.5180071
1125,16,0,0.66819364
1126,16,0,0.3466568
1127,26,1,0.34717268
1128,2,0,0.26753417
1129,6,0,0.40594587
1130,13,0,0.26398563
1131,27,0,0.42690444
1132,13,0,0.21282102
1133,1,0,0.42700103
1134,1,1,0.65417176
1135,15,0,0.7298006
1136,5,1,0.5894645
1137,13,1,0.41984335
1138,7,0,0.42041022
1139,16,1,0.4992015
1140,10,1,0.3584916
1141,13,1,0.3713825
1142,27,1,0.5459075
1143,7,0,0.26740617
1144,25,0,0.1637903
1145,15,0,0.14385763
1146,10,0,0.37972903
1147,27,0,0.4302587
1148,25,0,0.5100944
1149,3,1,0.5681225
1150,13,0,0.56562656
1151,22,0,0.5301785
1152,6,1,0.35767716
1153,15,0,0.5005953
1154,23,0,0.47498918
1155,0,1,0.31997055
1156,0,1,0.66030556
1157,13,1,0.45846143
1158,27,1,0.8002211
1159,1,0,0.27482426
1160,5,1,0.80819476
1161,1,0,0.41036472
1162,20,0,0.23333734
1163,25,1,0.51139647
1164,0,1,0.8082093
1165,13,1,0.56865835
1166,8,1,0.30754253
1167,11,0,0.26019323
1168,12,1,0.69407165
1169,16,0,0.189973
1170,22,0,0.5268101
1171,18,1,0.46054044
1172,11,1,0.83274597
1173,2,0,0.6404481
1174,14,1,0.43842527
1175,23,1,0.6497317
1176,20,1,0.22718239
1177,12,1,0.83343107
1178,26,1,0.7641712
1179,22,0,0.5080953
1180,4,0,0.346982
1181,10,0,0.5236844
1182,2,0,0.54563844
1183,6,1,0.67036444
1184,12,0,0.62418795
1185,11,0,0.31429765
1186,8,1,0.69305706
1187,3,0,0.29295838
1188,10,1,0.5019518
1189,11,1,0.74441636
1190,16,1,0.32667097
1191,13,1,0.61378443
1192,21,0,0.4036767
1193,12,0,0.301244
1194,10,0,0.54899234
1195,6,1,0.5618785
1196,15,0,0.3903342
1197,15,0,0.53246576
1198,21,1,0.26015648
1199,13,1,0.6509432
1200,4,0,0.24760681
1201,14,1,0.35001817
1202,10,1,0.64207715
1203,25,1,0.75716645
1204,26,1,0.3358493
1205,19,0,0.5670842
1206,28,1,0.46805647
1207,12,0,0.48965374
1208,20,0,0.3320291
1209,3,1,0.42149234
1210,6,1,0.68798846
1211,25,0,0.4044901
1212,12,0,0.6018249
1213,2,1,0.35729042
1214,0,1,0.60733813
1215,26,0,0.4177414
1216,16,1,0.79726964
1217,3,0,0.41285095
1218,12,1,0.5140647
1219,10,1,0.4900189
1220,0,0,0.45421535
1221,10,0,0.2813552
1222,8,0,0.53506494
1223,0,1,0.5024285
1224,25,0,0.26434273
1225,7,1,0.7549863
1226,6,0,0.24678671
1227,24,0,0.49322006
1228,22,0,0.48793194
1229,10,1,0.7809974
1230,17,0,0.28666216
1231,1,1,0.7681129
1232,1,1,0.6517106
1233,19,0,0.5395992
1234,25,0,0.23702192
1235,0,0,0.39285108
1236,22,1,0.7111478
1237,2,0,0.42722708
1238,23,0,0.33855584
1239,13,1,0.5509476
1240,27,0,0.44501984
1241,2,1,0.35456303
1242,16,0,0.31218386
1243,0,0,0.18393798
1244,6,1,0.76299477
1245,17,1,0.3734474
1246,1,0,0.34176713
1247,17,0,0.6505173
1248,23,1,0.39665863
1249,16,0,0.5029959
1250,3,1,0.50105906
1251,6,1,0.5834162
1252,13,1,0.56857616
1253,2,1,0.59699166
1254,19,1,0.7033149
1255,8,1,0.72935337
1256,7,1,0.27002585
1257,6,1,0.45751604
1258,4,0,0.29499626
1259,16,1,0.46678874
1260,27,1,0.42179447
1261,22,0,0.53228277
1262,27,1,0.5011452
1263,16,0,0.32010788
1264,19,0,0.42889535
1265,8,1,0.68540215
1266,19,1,0.32736152
1267,22,1,0.82677245
1268,21,0,0.5245187
1269,7,0,0.77446234
1270,3,1,0.76938826
1271,20,0,0.5114068
1272,10,1,0.48776388
1273,13,1,0.8221274
1274,6,1,0.48764455
1275,13,1,0.25090337
1276,22,1,0.7453784
1277,10,1,0.28493422
1278,4,1,0.7457109
1279,25,0,0.23608229
1280,5,0,0.5945492
1281,8,0,0.31522667
1282,16,0,0.43587038
1283,15,1,0.3098804
1284,6,0,0.58727616
1285,8,0,0.4065854
1286,26,0,0.50299156
1287,3,1,0.6966898
1288,1,0,0.52056235
1289,3,1,0.47938332
1290,18,1,0.20182972
1291,25,0,0.46326417
1292,23,0,0.45693907
1293,27,0,0.40150908
1294,3,1,0.45164526
1295,11,1,0.63619184
1296,28,1,0.4914603
1297,4,1,0.53468484
1298,7,1,0.34623948
1299,11,0,0.43816483
1300,1,1,0.6109109
1301,24,0,0.6662085
1302,10,0,0.47905174
1303,10,1,0.3264425
1304,8,0,0.46913907
1305,22,1,0.3072862
1306,15,0,0.34498808
1307,10,0,0.33510286
1308,17,1,0.5673979
1309,15,0,0.27510792
1310,25,0,0.57669836
1311,10,1,0.4853468
1312,23,0,0.47491392
1313,24,1,0.51180464
1314,10,0,0.36274165
1315,7,0,0.33023998
1316,23,1,0.39479327
1317,3,1,0.86716366
1318,0,0,0.46063912
1319,1,0,0.462726
1320,1,1,0.32405007
1321,6,1,0.40600833
1322,25,0,0.7987465
1323,24,1,0.825757
1324,3,1,0.46073997
1325,17,0,0.47830126
1326,18,0,0.27223125
1327,3,1,0.39457476
1328,15,0,0.7350232
1329,2,1,0.36690104
1330,10,1,0.5649964
1331,19,0,0.34472808
1332,16,1,0.40378797
1333,16,1,0.49195233
1334,22,0,0.46117985
1335,15,1,0.6978663
1336,17,0,0.65426064
1337,4,0,0.59204096
1338,21,1,0.4457693
1339,12,0,0.34415784
1340,0,0,0.28053886
1341,16,1,0.6719753
1342,14,0,0.29427525
1343,19,1,0.5603261
1344,13,0,0.28997514
1345,16,0,0.33749124
1346,2,1,0.5890555
1347,11,0,0.53047013
1348,15,1,0.50009364
1349,13,0,0.28283882
1350,11,0,0.47020128
1351,10,0,0.31445467
1352,21,1,0.46472162
1353,14,1,0.37135538
1354,13,0,0.18146656
1355,28,0,0.26989964
1356,10,0,0.30788445
1357,5,0,0.2697919
1358,1,1,0.47530055
1359,15,1,0.84933895
1360,0,1,0.3895342
1361,19,0,0.29833803
1362,16,1,0.5985673
1363,20,0,0.39698738
1364,16,1,0.5076451
1365,8,0,0.6404408
1366,3,1,0.6938644
1367,28,1,0.554266
1368,16,0,0.14313811
1369,3,1,0.5386242
1370,2,0,0.8212073
1371,26,0,0.5004923
1372,13,0,0.31589827
1373,18,0,0.4762163
1374,16,0,0.5573789
1375,16,1,0.49696806
1376,10,0,0.2899849
1377,24,0,0.48488766
1378,15,0,0.5617849
1379,25,1,0.45563468
1380,6,0,0.4235833
1381,8,1,0.49080515
1382,8,0,0.2898894
1383,4,0,0.5290509
1384,27,0,0.34412324
1385,25,1,0.6741375
1386,18,1,0.5095499
1387,20,0,0.44766265
1388,4,0,0.35183036
1389,6,1,0.5315905
1390,10,0,0.5306746
1391,27,1,0.5749614
1392,13,0,0.5466617
1393,13,1,0.44639906
1394,8,0,0.4591494
1395,10,1,0.48151678
1396,21,1,0.25744918
1397,13,0,0.6277576
1398,16,1,0.69818217
1399,15,0,0.26019093
1400,18,1,0.5803468
1401,8,0,0.4427166
1402,23,1,0.7070464
1403,13,1,0.15909147
1404,20,1,0.38059294
1405,26,1,0.83629894
1406,2,1,0.7816466
1407,13,1,0.38931298
1408,1,0,0.49017236
1409,16,1,0.3491456
1410,13,0,0.32062954
1411,14,1,0.7888243
1412,2,1,0.6039856
1413,11,0,0.21026006
1414,21,1,0.72964305
1415,11,1,0.4876017
1416,19,0,0.83305323
1417,13,1,0.5795796
1418,12,1,0.85668063
1419,24,0,0.47978067
1420,11,1,0.7204049
1421,23,1,0.7004423
1422,22,0,0.46260652
1423,22,0,0.5018452
1424,16,0,0.4842598
1425,16,1,0.66888493
1426,11,1,0.586345
1427,6,0,0.52193624
1428,6,0,0.21949497
1429,16,0,0.29772916
1430,1,1,0.40105465
1431,9,1,0.4016197
1432,27,0,0.69960785
1433,2,0,0.38747177
1434,2,0,0.31367967
1435,20,0,0.33339533
1436,16,1,0.27858713
1437,8,0,0.5152523
1438,15,1,0.7958525
1439,11,1,0.8260541
1440,19,0,0.75822467
1441,15,1,0.57407635
1442,10,0,0.6578478
1443,2,0,0.25993946
1444,12,0,0.5417406
1445,7,0,0.72368026
1446,23,1,0.6544248
1447,17,0,0.5202148
1448,12,0,0.27842805
1449,24,1,0.58782315
1450,13,0,0.48061234
1451,22,0,0.559878
1452,0,1,0.57425046
1453,4,0,0.63372004
1454,8,1,0.78107965
1455,8,0,0.75139534
1456,24,1,0.6512609
1457,10,0,0.24147634
1458,1,0,0.44234875
1459,0,0,0.45017675
1460,25,0,0.70554435
1461,13,0,0.77121556
1462,2,1,0.5310428
1463,1,1,0.32753447
1464,25,1,0.4229051
1465,15,0,0.281535
1466,14,1,0.1608647
1467,1,1,0.7407171
1468,8,0,0.6109561
1469,6,0,0.5474249
1470,27,1,0.51350784
1471,15,1,0.39059052
1472,3,1,0.8475259
1473,20,1,0.49599665
1474,2,0,0.3185166
1475,13,0,0.25028592
1476,15,0,0.18023922
1477,16,0,0.61006504
1478,10,0,0.24830526
1479,6,1,0.5923272
1480,23,1,0.86623734
1481,26,1,0.4258899
1482,22,1,0.5732557
1483,18,1,0.60598665
1484,26,1,0.6331598
1485,25,0,0.6291691
1486,2,1,0.56243974
1487,13,1,0.7835446
1488,13,0,0.33191097
1489,25,0,0.32834098
1490,4,0,0.303906
1491,3,0,0.568503
1492,26,0,0.4069611
1493,23,0,0.5014909
1494,8,1,0.5217255
1495,11,1,0.8550201
1496,13,0,0.6447302
1497,12,1,0.41123024
1498,23,0,0.37645504
1499,18,1,0.63111883
1500,28,0,0.29597923
1501,15,0,0.27135298
1502,26,1,0.7990706
1503,1,1,0.5561864
1504,13,0,0.39952937
1505,15,1,0.63314074
1506,4,0,0.5457541
1507,18,1,0.7615813
1508,13,1,0.7027792
1509,15,1,0.45058414
1510,14,0,0.35853782
1511,19,0,0.30903572
1512,17,0,0.3303217
1513,16,0,0.38767156
1514,15,0,0.31623796
1515,22,1,0.44623446
1516,4,1,0.44422287
1517,0,0,0.22476724
1518,28,0,0.50836754
1519,3,0,0.4723661
1520,13,1,0.62898046
1521,2,1,0.5942461
1522,24,1,0.6404228
1523,16,0,0.47259018
1524,2,0,0.5190192
1525,17,0,0.3783749
1526,10,1,0.7153777
1527,16,0,0.45824113
1528,17,0,0.4900866
1529,20,1,0.8250414
1530,27,0,0.56929195
1531,27,0,0.28420675
1532,2,0,0.37257585
1533,17,0,0.5842392
1534,21,1,0.5733804
1535,11,0,0.612355
1536,25,1,0.7376423
1537,0,1,0.5630836
1538,0,0,0.35361704
1539,4,0,0.37061873
1540,26,1,0.60820353
1541,21,1,0.51373994
1542,17,1,0.565596
1543,24,1,0.6092037
1544,17,0,0.49878737
1545,20,1,0.48342577
1546,26,1,0.6410438
1547,15,0,0.26433057
1548,5,1,0.836292
1549,15,1,0.7746678
1550,17,0,0.52536047
1551,17,1,0.36659703
1552,1,0,0.45711017
1553,16,1,0.52484846
1554,15,0,0.38124886
1555,12,1,0.63288826
1556,15,1,0.66090643
1557,26,0,0.55912215
1558,16,0,0.51155686
1559,25,1,0.77118003
1560,15,0,0.23824894
1561,3,1,0.4049896
1562,8,1,0.17698738
1563,25,1,0.549879
1564,1,1,0.54032266
1565,1,1,0.41758057
1566,4,1,0.7092121
1567,8,0,0.25905254
1568,8,0,0.5928837
1569,4,1,0.4669436
1570,20,1,0.41002613
1571,14,0,0.4920777
1572,26,0,0.5298951
1573,27,1,0.39592126
1574,26,1,0.6449132
1575,12,1,0.38511342
1576,20,0,0.44186243
1577,19,0,0.27680168
1578,2,1,0.33274525
1579,14,1,0.24032226
1580,13,0,0.43793848
1581,16,1,0.6623167
1582,4,0,0.18653663
1583,6,0,0.33483404
1584,26,0,0.375532
1585,2,0,0.5010426
1586,11,1,0.86739886
1587,20,0,0.30708554
1588,8,0,0.13026947
1589,26,1,0.2757051
1590,27,1,0.75960046
1591,15,0,0.34367234
1592,17,0,0.2942482
1593,7,1,0.84269804
1594,23,1,0.63787985
1595,28,0,0.43261713
1596,11,0,0.19964077
1597,20,1,0.59552157
1598,22,1,0.4156812
1599,3,1,0.3443779
1600,8,1,0.8237545
1601,22,1,0.7168858
1602,14,0,0.50040734
1603,14,1,0.60242087
1604,21,0,0.29217827
1605,2,1,0.6044684
1606,10,0,0.20611179
1607,2,0,0.26615763
1608,11,1,0.6945419
1609,16,1,0.3022516
1610,25,1,0.5434774
1611,25,1,0.600083
1612,15,0,0.5028393
1613,25,0,0.30292225
1614,13,0,0.29412708
1615,22,0,0.468161
1616,11,0,0.52734876
1617,26,0,0.6821716
1618,24,0,0.46883988
1619,23,0,0.6258794
1620,15,1,0.29983085
1621,20,1,0.31886658
1622,13,0,0.3474971
1623,3,0,0.29462788
1624,2,0,0.34555927
1625,13,0,0.56834507
1626,25,0,0.47861224
1627,0,1,0.40900868
1628,3,1,0.4616328
1629,26,0,0.3047835
1630,17,1,0.32570985
1631,1,1,0.28476465
1632,12,0,0.2174831
1633,12,1,0.35897604
1634,17,0,0.59266376
1635,1,1,0.6430581
1636,10,1,0.2810791
1637,25,1,0.35906094
1638,13,0,0.46533722
1639,6,0,0.43606225
1640,16,1,0.599853
1641,23,1,0.8533421
1642,21,1,0.50034726
1643,12,0,0.4273687
1644,12,0,0.39652798
1645,10,1,0.487248
1646,0,0,0.2769773
1647,25,1,0.54337865
1648,20,1,0.5533663
1649,16,0,0.6412517
1650,1,0,0.6112984
1651,28,0,0.65777344
1652,17,0,0.4674826
1653,15,1,0.6406367
1654,0,0,0.3130283
1655,18,1,0.35514003
1656,19,1,0.32995448
1657,24,0,0.3354159
1658,22,1,0.4441421
1659,10,1,0.32863462
1660,25,1,0.6271895
1661,3,0,0.40591404
1662,16,1,0.62929124
1663,25,0,0.70415896
1664,16,0,0.47585565
1665,16,0,0.5117087
1666,21,0,0.2706609
1667,27,1,0.40336716
1668,26,1,0.35926637
1669,11,0,0.40116176
1670,12,0,0.33636495
1671,8,0,0.43714163
1672,17,0,0.45054784
1673,10,0,0.5147533
1674,9,0,0.3558257
1675,17,0,0.55674005
1676,15,1,0.3985151
1677,15,0,0.55606633
1678,3,1,0.6383385
1679,13,0,0.46134976
1680,12,0,0.45204598
1681,2,1,0.5656171
1682,15,0,0.5232876
1683,14,1,0.4612571
1684,6,1,0.48251182
1685,28,1,0.79328084
1686,2,1,0.6936972
1687,16,1,0.52587306
1688,27,1,0.7663968
1689,8,0,0.458404
1690,10,0,0.31408963
1691,25,0,0.20386434
1692,17,0,0.57745993
1693,25,0,0.5581807
1694,15,0,0.27665773
1695,6,0,0.16453104
1696,18,0,0.6263948
1697,26,1,0.4582877
1698,25,0,0.39913705
1699,16,0,0.74170136
1700,24,1,0.48350397
1701,14,1,0.55027753
1702,15,1,0.49179578
1703,3,0,0.48078158
1704,13,0,0.5459867
1705,17,0,0.7120076
1706,7,0,0.52770656
1707,6,1,0.52643836
1708,11,1,0.6752238
1709,8,1,0.3597087
1710,1,1,0.53886014
1711,2,1,0.41444758
1712,12,0,0.26206103
1713,17,1,0.6873599
1714,11,0,0.55768937
1715,28,1,0.3415016
1716,15,0,0.45803306
1717,20,0,0.21960367
1718,8,0,0.44967145
1719,0,0,0.31389847
1720,2,1,0.23636119
1721,13,1,0.7000893
1722,0,1,0.7550919
1723,3,1,0.5779832
1724,6,0,0.46777213
1725,6,0,0.580326
1726,3,0,0.13941178
1727,25,0,0.30601838
1728,9,0,0.44654748
1729,1,1,0.48659107
1730,10,0,0.51621264
1731,1,1,0.5895876
1732,14,1,0.52378154
1733,11,0,0.51350087
1734,1,1,0.8029053
1735,24,1,0.66600835
1736,2,0,0.487325
1737,15,0,0.6101081
1738,12,1,0.45175436
1739,11,0,0.34975955
1740,8,1,0.7449647
1741,0,0,0.35567388
1742,14,0,0.497311
1743,22,1,0.46121728
1744,6,1,0.62457544
1745,8,0,0.30309352
1746,11,1,0.5466449
1747,4,0,0.48769197
1748,16,1,0.38572565
1749,6,1,0.55320597
1750,17,1,0.43094057
1751,2,0,0.3321518
1752,12,1,0.4782351
1753,15,0,0.34749958
1754,2,1,0.2812968
1755,15,0,0.20564176
1756,12,1,0.62576073
1757,10,0,0.3632634
1758,2,0,0.499298
1759,0,1,0.44120178
1760,8,1,0.4132079
1761,10,1,0.52564055
1762,28,0,0.4616588
1763,21,0,0.45178217
1764,25,0,0.5222037
1765,1,1,0.2800621
1766,20,1,0.5967843
1767,10,1,0.6090022
1768,25,0,0.5013347
1769,6,0,0.5426468
1770,25,1,0.5953747
1771,10,0,0.4420366
1772,2,1,0.31362033
1773,14,0,0.32424483
1774,12,1,0.4664816
1775,15,0,0.2349363
1776,0,1,0.4505981
1777,8,1,0.7270125
1778,15,0,0.4146286
1779,10,1,0.7405535
1780,25,0,0.56562495
1781,26,1,0.51113915
1782,25,1,0.5030623
1783,13,1,0.57201475
1784,17,1,0.4830884
1785,10,1,0.42706382
1786,9,0,0.21287504
1787,14,1,0.4893322
1788,13,1,0.655928
1789,3,1,0.41710803
1790,2,0,0.3097739
1791,27,0,0.44087163
1792,4,1,0.2426458
1793,19,1,0.51969534
1794,22,1,0.82853395
1795,10,0,0.62162584
1796,2,0,0.23645425
1797,19,0,0.27743444
1798,22,0,0.3762978
1799,11,1,0.584309
1800,9,0,0.5198308
1801,7,0,0.14626592
1802,27,1,0.8269059
1803,14,1,0.83083
1804,2,1,0.5322753
1805,11,1,0.4584982
1806,20,0,0.51636386
1807,24,0,0.54968137
1808,17,0,0.51087064
1809,5,0,0.41239
1810,0,1,0.44607106
1811,26,1,0.467195
1812,9,0,0.23029058
1813,17,0,0.29403228
1814,16,1,0.28221557
1815,13,0,0.47838712
1816,13,1,0.56167316
1817,2,0,0.5685196
1818,13,1,0.3146548
1819,23,0,0.5154102
1820,23,0,0.4126482
1821,16,0,0.46219987
1822,4,1,0.7977584
1823,10,0,0.37861878
1824,8,0,0.5344175
1825,25,0,0.42246923
1826,23,1,0.6241617
1827,7,1,0.75874114
1828,13,0,0.2723842
1829,1,0,0.6284617
1830,10,0,0.3146054
1831,13,1,0.6742581
1832,3,1,0.81290704
1833,7,1,0.74354464
1834,21,0,0.28407288
1835,22,0,0.31781927
1836,9,0,0.5745002
1837,14,1,0.8213779
1838,10,0,0.4636682
1839,23,0,0.53477055
1840,1,1,0.8176759
1841,25,0,0.63384974
1842,27,0,0.37795213
1843,16,0,0.45711863
1844,26,0,0.3892554
1845,1,1,0.4374214
1846,12,1,0.5990247
1847,22,1,0.412171
1848,27,0,0.36164185
1849,14,1,0.30100155
1850,16,1,0.5504902
1851,20,0,0.2179053
1852,21,1,0.42479798
1853,10,0,0.3425947
1854,26,1,0.54376787
1855,26,1,0.5801163
1856,1,1,0.43288338
1857,21,1,0.8014224
1858,3,1,0.50416696
1859,27,0,0.25745678
1860,26,0,0.72710615
1861,1,0,0.72830445
1862,8,1,0.56616145
1863,27,1,0.50057334
1864,23,0,0.33888328
1865,26,1,0.40236798
1866,16,0,0.36464638
1867,14,1,0.6537498
1868,16,1,0.5824285
1869,21,0,0.52577126
1870,23,1,0.4619538
1871,23,1,0.32786834
1872,15,0,0.69384086
1873,8,1,0.20287459
1874,2,0,0.55832714
1875,16,1,0.44292042
1876,10,1,0.40342283
1877,13,1,0.64573604
1878,22,0,0.47195408
1879,17,0,0.63578063
1880,10,0,0.336942
1881,28,1,0.8434641
1882,26,0,0.6254638
1883,20,1,0.30443907
1884,13,1,0.46401623
1885,7,0,0.20987988
1886,10,0,0.676277
1887,15,0,0.5901692
1888,27,0,0.6645672
1889,28,0,0.5050215
1890,28,1,0.6135939
1891,2,0,0.38527918
1892,27,0,0.52549106
1893,13,0,0.7716593
1894,27,0,0.45819032
1895,1,1,0.43886906
1896,21,1,0.34132662
1897,13,0,0.60236734
1898,21,1,0.84140015
1899,11,1,0.63372713
1900,16,1,0.38036937
1901,25,0,0.25999334
1902,2,1,0.58552605
1903,7,0,0.7422807
1904,15,1,0.6408194
1905,3,0,0.55478203
1906,25,0,0.4517055
1907,19,0,0.4255878
1908,8,0,0.4986787
1909,8,0,0.3394713
1910,12,1,0.49013078
1911,20,0,0.44424552
1912,16,0,0.46186233
1913,10,1,0.4671174
1914,16,1,0.56533283
1915,8,0,0.59497994
1916,1,0,0.38033587
1917,6,1,0.33306926
1918,10,0,0.49365917
1919,9,1,0.5427472
1920,14,1,0.46787742
1921,21,0,0.3257609
1922,16,1,0.4314585
1923,8,1,0.53340226
1924,2,0,0.4538597
1925,10,0,0.48628315
1926,2,0,0.68498826
1927,25,1,0.76700205
1928,10,0,0.37007895
1929,19,0,0.32368353
1930,2,1,0.48185092
1931,2,0,0.3884668
1932,26,0,0.27767205
1933,4,1,0.36725134
1934,18,0,0.286564
1935,14,1,0.31707096
1936,20,1,0.40381682
1937,23,1,0.62253225
1938,16,1,0.47804067
1939,26,0,0.33640584
1940,12,1,0.19739209
1941,13,0,0.6011906
1942,24,1,0.22574873
1943,19,0,0.2777126
1944,8,0,0.2892033
1945,16,1,0.28671017
1946,20,1,0.40729883
1947,7,0,0.3096287
1948,6,0,0.2820752
1949,20,0,0.54232377
1950,13,0,0.7350084
1951,10,1,0.71168196
1952,8,0,0.47930807
1953,10,0,0.3442228
1954,5,1,0.7942831
1955,15,0,0.40394697
1956,7,0,0.6545785
1957,2,1,0.23190488
1958,11,0,0.35565004
1959,21,0,0.17238194
1960,13,1,0.6122741
1961,1,1,0.7338322
1962,1,1,0.42373657
1963,11,1,0.62590826
1964,28,0,0.2823628
1965,4,0,0.8009305
1966,12,1,0.6843319
1967,0,1,0.5283805
1968,0,0,0.4560793
1969,15,0,0.2406713
1970,10,0,0.50128824
1971,18,0,0.44438684
1972,28,1,0.32725564
1973,4,1,0.45743197
1974,16,0,0.28347966
1975,26,1,0.29147106
1976,2,1,0.47381285
1977,16,0,0.4067983
1978,11,0,0.24136579
1979,24,0,0.1935873
1980,2,0,0.5294013
1981,7,1,0.52738386
1982,3,1,0.6568674
1983,10,0,0.3463426
1984,6,0,0.46487644
1985,13,1,0.37901264
1986,16,1,0.34329534
1987,11,1,0.48260972
1988,1,1,0.5995754
1989,4,0,0.2896877
1990,3,0,0.53656507
1991,7,1,0.85903984
1992,22,0,0.51585907
1993,4,0,0.66311973
1994,3,0,0.5868667
1995,0,1,0.34378392
1996,22,0,0.20570688
1997,11,1,0.76274294
1998,22,1,0.77807206
1999,15,1,0.58775306
2000,13,1,0.38592246
2001,19,0,0.49245337
2002,7,1,0.48293215
2003,25,1,0.26213914
2004,16,1,0.4234403
2005,25,0,0.3882333
2006,6,1,0.60670036
2007,27,0,0.7618781
2008,27,0,0.4043314
2009,9,0,0.46479473
2010,11,0,0.46317384
2011,23,0,0.6041716
2012,18,1,0.7045543
2013,6,0,0.4431798
2014,3,1,0.3553622
2015,16,1,0.7367961
2016,22,1,0.62346137
2017,13,0,0.3708516
2018,21,0,0.2430249
2019,23,0,0.45323092
2020,8,0,0.23899637
2021,11,1,0.5025614
2022,25,0,0.5800059
2023,16,0,0.45032382
2024,28,0,0.4427371
2025,10,1,0.2766975
2026,12,0,0.3282876
2027,7,0,0.5079931
2028,27,1,0.5773151
2029,15,0,0.2628609
2030,28,1,0.44455034
2031,15,0,0.23971829
2032,15,0,0.3370201
2033,5,1,0.17970546
2034,12,1,0.5678232
2035,28,0,0.4949835
2036,28,0,0.52926725
2037,7,1,0.46547908
2038,25,1,0.7817364
2039,18,0,0.39206475
2040,13,0,0.49775994
2041,28,0,0.4701596
2042,15,0,0.28568417
2043,11,1,0.7890934
2044,19,0,0.39909917
2045,17,1,0.85133344
2046,28,1,0.51673204
2047,6,1,0.5141508
2048,13,1,0.46958792
2049,16,1,0.52897257
2050,7,0,0.45126754
2051,4,1,0.7604078
2052,20,1,0.57047546
2053,12,0,0.29525363
2054,11,0,0.46979874
2055,25,0,0.65825313
2056,13,1,0.66084373
2057,4,0,0.27990374
2058,20,0,0.34239733
2059,22,0,0.2698197
2060,10,1,0.32924592
2061,2,0,0.39240113
2062,16,0,0.4503948
2063,25,0,0.32361814
2064,15,1,0.48118263
2065,13,0,0.48782298
2066,13,1,0.56150633
2067,25,0,0.43835643
2068,11,0,0.29258773
2069,14,0,0.5003544
2070,12,0,0.5588597
2071,6,1,0.57248694
2072,6,1,0.50900155
2073,23,0,0.4148151
2074,13,1,0.6144352
2075,22,0,0.18052454
2076,12,1,0.42533126
2077,7,0,0.4632273
2078,2,0,0.59528106
2079,20,0,0.35932836
2080,28,0,0.31977013
2081,25,1,0.6543923
2082,20,0,0.48440376
2083,10,1,0.6017019
2084,10,0,0.27223343
2085,3,1,0.71389335
2086,16,0,0.77580625
2087,15,1,0.3742682
2088,15,0,0.40652305
2089,9,1,0.24950655
2090,11,1,0.4332456
2091,6,1,0.51648533
2092,14,1,0.69212985
2093,8,1,0.51397
2094,6,0,0.38596788
2095,9,0,0.30384457
2096,2,1,0.50638324
2097,17,1,0.38340637
2098,20,1,0.55239487
2099,4,1,0.5033546
2100,28,1,0.6457734
2101,20,1,0.44836894
2102,27,1,0.6204083
2103,24,0,0.8524885
2104,25,1,0.5851285
2105,7,1,0.50627214
2106,26,1,0.7366724
2107,1,0,0.7344754
2108,26,1,0.49043477
2109,16,1,0.37715957
2110,8,1,0.51388294
2111,24,1,0.4327994
2112,1,0,0.34456453
2113,16,1,0.26450133
2114,17,1,0.55886567
2115,2,0,0.55477095
2116,18,0,0.33713225
2117,8,1,0.8489768
2118,11,0,0.21940026
2119,2,1,0.49722078
2120,18,0,0.30663994
2121,4,0,0.4603556
2122,16,1,0.21768172
2123,13,1,0.40928984
2124,15,0,0.19146575
2125,22,0,0.4827839
2126,28,1,0.65756327
2127,4,0,0.34084654
2128,0,0,0.3690726
2129,13,0,0.52274346
2130,0,0,0.38248295
2131,26,1,0.42257166
2132,28,0,0.2914755
2133,9,0,0.4696054
2134,13,0,0.45362306
2135,18,1,0.7032706
2136,28,0,0.28705364
2137,19,1,0.38025567
2138,5,0,0.37025172
2139,19,1,0.34975398
2140,4,1,0.70022166
2141,10,0,0.3522565
2142,6,1,0.30403942
2143,17,1,0.25813675
2144,15,1,0.8135678
2145,27,1,0.57775056
2146,10,0,0.2681248
2147,13,0,0.43003172
2148,27,0,0.27847433
2149,8,0,0.7913265
2150,10,1,0.3041241
2151,1,1,0.6749132
2152,16,1,0.30513635
2153,10,0,0.34426066
2154,12,1,0.59441465
2155,11,0,0.6418643
2156,14,1,0.7001267
2157,0,0,0.2951382
2158,14,0,0.23450522
2159,5,0,0.35962805
2160,10,1,0.36514297
2161,16,0,0.29561126
2162,1,1,0.30750528
2163,25,1,0.50108355
2164,11,0,0.35209504
2165,22,1,0.59520435
2166,16,1,0.38890666
2167,16,0,0.46929023
2168,13,0,0.43366322
2169,10,0,0.512607
2170,25,1,0.4968631
2171,4,1,0.42138994
2172,11,0,0.6636419
2173,27,1,0.44175264
2174,14,1,0.7065252
2175,20,0,0.5869814
2176,25,0,0.6523815
2177,6,0,0.45190692
2178,25,0,0.36671364
2179,27,0,0.47393748
2180,10,1,0.15523893
2181,26,1,0.56350183
2182,15,1,0.6318643
2183,27,0,0.52679074
2184,13,1,0.33258268
2185,22,1,0.67666805
2186,2,0,0.61029893
2187,25,1,0.4146561
2188,11,0,0.26929823
2189,13,1,0.57476246
2190,15,0,0.44454893
2191,24,1,0.52640605
2192,20,1,0.29234067
2193,16,0,0.43981984
2194,12,1,0.25153533
2195,12,0,0.49034554
2196,22,0,0.36524016
2197,20,0,0.48130146
2198,14,0,0.52589077
2199,1,0,0.41912907
2200,14,1,0.6953816
2201,26,0,0.5094561
2202,1,0,0.634793
2203,2,1,0.61130756
2204,26,0,0.5636835
2205,15,1,0.6823278
2206,16,1,0.6698494
2207,20,0,0.45618203
2208,21,0,0.4984033
2209,8,1,0.44126776
2210,3,1,0.30984667
2211,13,1,0.58726317
2212,10,0,0.46915984
2213,22,0,0.40930468
2214,7,1,0.2775679
2215,11,1,0.6710557
2216,6,1,0.3843519
2217,13,1,0.56048214
2218,17,1,0.47299004
2219,13,0,0.51445323
2220,3,1,0.52091485
2221,16,0,0.2937143
2222,17,1,0.46922907
2223,22,1,0.6433402
2224,25,1,0.28275853
2225,21,0,0.26565933
2226,11,0,0.23731968
2227,12,0,0.47819784
2228,18,0,0.31189495
2229,2,0,0.42283916
2230,3,1,0.41255257
2231,26,1,0.5088069
2232,2,0,0.7605682
2233,12,1,0.48139897
2234,14,0,0.5231721
2235,10,1,0.43206254
2236,28,1,0.32196128
2237,4,0,0.4558433
2238,18,1,0.7117498
2239,14,1,0.46290797
2240,9,0,0.34924996
2241,17,1,0.54354197
2242,22,0,0.56834203
2243,15,0,0.2840799
2244,25,1,0.5444005
2245,9,0,0.45347685
2246,19,1,0.62964106
2247,19,1,0.3741766
2248,1,0,0.6208512
2249,12,1,0.69440705
2250,11,1,0.52006185
2251,9,0,0.400524
2252,2,0,0.5388707
2253,20,1,0.549652
2254,15,1,0.2551572
2255,6,1,0.53925234
2256,23,0,0.30723014
2257,13,1,0.7039453
2258,2,1,0.7131131
2259,20,0,0.32781556
2260,10,0,0.54784197
2261,17,0,0.26533523
2262,2,0,0.41684127
2263,15,1,0.5314037
2264,25,1,0.5566165
2265,27,1,0.512389
2266,5,1,0.60010296
2267,15,1,0.21951742
2268,8,0,0.49433523
2269,13,1,0.4193276
2270,1,0,0.24214624
2271,24,0,0.47178504
2272,13,1,0.6488175
2273,11,0,0.5606077
2274,16,1,0.29143918
2275,12,0,0.39330593
2276,5,0,0.43724883
2277,13,0,0.55380476
2278,21,0,0.42545518
2279,18,1,0.3039075
2280,17,1,0.6048965
2281,6,1,0.74909294
2282,14,0,0.3055076
2283,11,1,0.6287172
2284,24,1,0.75678843
2285,28,1,0.591207
2286,1,1,0.85590637
2287,20,1,0.31218874
2288,16,0,0.69136685
2289,28,1,0.58407307
2290,0,0,0.32054588
2291,12,1,0.67248124
2292,15,0,0.4570802
2293,26,1,0.27778232
2294,13,1,0.5621321
2295,17,1,0.3030576
2296,21,0,0.35097906
2297,25,0,0.48546544
2298,2,1,0.62407565
2299,24,1,0.7132384
2300,13,1,0.29323775
2301,16,1,0.2294219
2302,0,0,0.28515956
2303,8,0,0.5063873
2304,13,0,0.6368901
2305,26,0,0.27341765
2306,8,0,0.47735038
2307,16,1,0.7423701
2308,9,0,0.3481921
2309,1,0,0.43710053
2310,22,1,0.31436408
2311,18,1,0.71989965
2312,22,1,0.41910896
2313,13,1,0.627491
2314,26,1,0.36840358
2315,26,0,0.3668712
2316,27,0,0.5721237
2317,2,1,0.33274913
2318,2,0,0.31291774
2319,11,1,0.3668694
2320,15,0,0.40267718
2321,17,0,0.52034706
2322,18,1,0.7987362
2323,16,0,0.577537
2324,9,0,0.39617485
2325,17,1,0.6700921
2326,15,0,0.2902508
2327,13,0,0.36844826
2328,22,0,0.31722847
2329,12,0,0.60545987
2330,1,0,0.15728977
2331,9,1,0.67248917
2332,28,1,0.5325073
2333,16,1,0.7240084
2334,28,1,0.5903102
2335,7,1,0.5233917
2336,8,0,0.3192262
2337,11,0,0.28252092
2338,12,0,0.5023132
2339,8,1,0.74897385
2340,7,1,0.27461928
2341,9,1,0.26373842
2342,14,1,0.3208685
2343,1,0,0.5056539
2344,16,1,0.44716597
2345,26,0,0.56668043
2346,23,1,0.44212857
2347,2,1,0.4288363
2348,6,0,0.3882051
2349,2,1,0.5452256
2350,10,0,0.38354942
2351,10,1,0.67614466
2352,18,0,0.46212247
2353,19,1,0.72786146
2354,11,0,0.50174147
2355,18,1,0.3045334
2356,25,1,0.8141429
2357,10,0,0.38258627
2358,22,0,0.5713741
2359,26,1,0.32938173
2360,22,0,0.5510769
2361,25,1,0.72572726
2362,25,1,0.28959975
2363,15,1,0.50058955
2364,14,0,0.73804647
2365,10,0,0.24322572
2366,1,1,0.5946916
2367,6,1,0.7144791
2368,16,1,0.33679283
2369,25,1,0.44808167
2370,1,1,0.4924166
2371,8,0,0.33202544
2372,3,1,0.20386511
2373,8,1,0.35581782
2374,19,1,0.5374827
2375,9,1,0.58740586
2376,22,0,0.4080521
2377,18,0,0.56166697
2378,7,0,0.32427543
2379,8,0,0.7427254
2380,15,0,0.8343966
2381,8,0,0.31384382
2382,10,0,0.42556068
2383,27,1,0.3308635
2384,10,1,0.5300149
2385,27,0,0.5399976
2386,15,0,0.2756861
2387,19,0,0.40359372
2388,28,1,0.8554658
2389,2,0,0.29097873
2390,8,1,0.4484478
2391,9,1,0.54363215
2392,12,1,0.34899524
2393,11,0,0.6420605
2394,24,1,0.48633695
2395,13,0,0.3916763
2396,1,1,0.7710209
2397,15,0,0.2725974
2398,13,1,0.46480462
2399,8,1,0.5660557
2400,18,0,0.5095294
2401,16,1,0.46060535
2402,18,1,0.6989115
2403,22,1,0.47292456
2404,27,0,0.17639127
2405,27,0,0.26103526
2406,10,1,0.70833164
2407,24,1,0.47248194
2408,2,0,0.29671484
2409,22,1,0.6106229
2410,27,1,0.45967308
2411,25,1,0.67738706
2412,19,0,0.3485356
2413,25,0,0.2655635
2414,16,1,0.5527038
2415,27,0,0.41919506
2416,27,0,0.37120146
2417,2,0,0.78097755
2418,17,1,0.46789527
2419,16,1,0.29584876
2420,17,0,0.32432148
2421,15,1,0.29838622
2422,9,1,0.28517804
2423,12,0,0.39773348
2424,24,1,0.6888883
2425,21,0,0.45668104
2426,18,0,0.21349269
2427,14,0,0.39254433
2428,2,0,0.32370952
2429,17,0,0.31722596
2430,25,1,0.3050997
2431,4,1,0.55866325
2432,3,1,0.31238118
2433,13,0,0.33964288
2434,17,1,0.5442642
2435,22,0,0.32235172
2436,26,1,0.67404485
2437,16,1,0.37245947
2438,25,0,0.46143815
2439,26,1,0.6732322
2440,25,0,0.38843206
2441,3,1,0.81892705
2442,28,1,0.2652
2443,17,1,0.38203332
2444,5,0,0.4987697
2445,16,1,0.58302647
2446,11,1,0.42831427
2447,13,1,0.43031707
2448,4,0,0.35676894
2449,4,0,0.6240939
2450,7,1,0.56109506
2451,11,0,0.42619792
2452,12,1,0.3649554
2453,16,1,0.5675407
2454,28,1,0.6749894
2455,17,0,0.45458776
2456,22,1,0.6906478
2457,15,0,0.52513593
2458,15,0,0.20677653
2459,4,0,0.25187832
2460,3,1,0.5369288
2461,2,0,0.41895983
2462,8,0,0.48697773
2463,10,1,0.6876436
2464,1,0,0.21035354
2465,18,1,0.35589704
2466,15,1,0.34395763
2467,0,0,0.27915502
2468,2,0,0.31575158
2469,12,0,0.4534757
2470,28,1,0.18024395
2471,10,0,0.33900332
2472,13,1,0.55749243
2473,4,1,0.6110621
2474,9,0,0.37041217
2475,16,1,0.5948845
2476,16,0,0.39085338
2477,25,1,0.7798145
2478,12,0,0.28907648
2479,17,1,0.53714544
2480,22,1,0.3664815
2481,26,0,0.5790295
2482,19,1,0.3449795
2483,16,0,0.5630056
2484,13,0,0.25648448
2485,10,0,0.4307961
2486,15,0,0.49400192
2487,25,0,0.24482164
2488,16,1,0.29787424
2489,21,0,0.64707565
2490,25,0,0.46151453
2491,14,0,0.47592622
2492,27,0,0.3881057
2493,22,0,0.49271014
2494,19,1,0.63467723
2495,10,1,0.5896
2496,12,0,0.31663784
2497,14,0,0.24600433
2498,8,1,0.6087917
2499,14,1,0.38996822
2500,6,1,0.67244345
2501,6,1,0.31942916
2502,10,0,0.42161563
2503,28,0,0.45998892
2504,14,1,0.4973948
2505,16,1,0.6282886
2506,12,1,0.48145777
2507,6,0,0.5076203
2508,17,1,0.30333146
2509,16,1,0.70950335
2510,18,0,0.3792494
2511,7,1,0.581149
2512,8,1,0.6075856
2513,17,1,0.6024648
2514,2,0,0.32188565
2515,24,1,0.6551751
2516,21,1,0.6977748
2517,19,0,0.38641033
2518,14,1,0.56693906
2519,14,1,0.48285705
2520,12,0,0.49962857
2521,25,1,0.75815433
2522,9,1,0.59486365
2523,16,1,0.26631114
2524,27,1,0.3095266
2525,17,1,0.56433064
2526,5,0,0.76425695
2527,14,1,0.6885421
2528,10,1,0.3175098
2529,16,0,0.59884095
2530,12,1,0.66481286
2531,16,1,0.3092788
2532,19,0,0.31724152
2533,3,1,0.57480067
2534,8,0,0.45666125
2535,8,0,0.41838694
2536,15,1,0.43040037
2537,25,1,0.60148966
2538,6,1,0.3044771
2539,8,0,0.30267373
2540,14,1,0.6190125
2541,1,0,0.51763576
2542,13,0,0.2410012
2543,8,0,0.31869575
2544,9,1,0.45392734
2545,22,0,0.555849
2546,15,0,0.5273388
2547,27,0,0.2435524
2548,0,1,0.63631463
2549,4,0,0.45677772
2550,13,0,0.34945446
2551,9,0,0.55669624
2552,9,1,0.46715754
2553,8,1,0.65485686
2554,27,1,0.3626591
2555,26,1,0.45858404
2556,13,0,0.76804245
2557,14,1,0.4965025
2558,27,0,0.38358977
2559,16,1,0.30689704
2560,1,1,0.45169935
2561,2,0,0.4151761
2562,28,0,0.5629007
2563,2,1,0.4704905
2564,10,0,0.3346582
2565,15,0,0.2963921
2566,4,1,0.6421384
2567,15,0,0.17765582
2568,2,1,0.8608556
2569,10,0,0.30572274
2570,14,1,0.38438004
2571,25,0,0.4424364
2572,15,0,0.30780166
2573,26,0,0.4118186
2574,28,1,0.5752787
2575,20,0,0.50849307
2576,10,1,0.6988375
2577,11,1,0.81447953
2578,14,0,0.43035156
2579,7,1,0.5779402
2580,11,1,0.5088638
2581,13,1,0.60242593
2582,12,0,0.3395795
2583,2,0,0.41388378
2584,28,0,0.43709707
2585,22,0,0.3332673
2586,13,0,0.5651285
2587,6,1,0.5813312
2588,25,1,0.5322952
2589,1,1,0.34831402
2590,14,1,0.39656666
2591,21,0,0.2518096
2592,20,0,0.21123041
2593,8,0,0.526529
2594,5,1,0.7903653
2595,20,0,0.3048443
2596,3,1,0.6482318
2597,17,0,0.2567392
2598,22,0,0.32400286
2599,12,1,0.4367062
2600,2,1,0.34880233
2601,6,0,0.732725
2602,21,0,0.21455267
2603,12,1,0.55679864
2604,27,0,0.4990668
2605,15,1,0.48851395
2606,26,1,0.48273784
2607,1,1,0.5659647
2608,21,1,0.5674217
2609,13,1,0.7505658
2610,26,1,0.45422286
2611,26,0,0.42978328
2612,4,0,0.47419146
2613,10,1,0.7905088
2614,14,0,0.3360497
2615,11,0,0.51695985
2616,16,0,0.45709464
2617,3,0,0.19015455
2618,12,1,0.34434205
2619,10,0,0.30450672
2620,8,1,0.5952026
2621,9,0,0.33969054
2622,16,1,0.410306
2623,16,0,0.45873496
2624,8,1,0.3853892
2625,10,0,0.33690986
2626,0,1,0.5148612
2627,25,1,0.3175087
2628,10,1,0.20836584
2629,15,0,0.5655639
2630,7,0,0.81372136
2631,7,1,0.58924687
2632,13,0,0.45548743
2633,28,1,0.31282946
2634,6,0,0.318736
2635,14,0,0.30051866
2636,7,1,0.3511655
2637,19,1,0.40468666
2638,12,1,0.56645757
2639,13,0,0.5941134
2640,22,0,0.6520391
2641,20,1,0.5701825
2642,22,1,0.59965503
2643,28,0,0.60621464
2644,1,0,0.87828803
2645,12,1,0.5511036
2646,9,1,0.644987
2647,11,0,0.4223063
2648,15,0,0.43913868
2649,18,1,0.662623
2650,10,1,0.542264
2651,7,0,0.2792159
2652,10,0,0.45033404
2653,10,1,0.4336592
2654,13,0,0.30924046
2655,2,0,0.36277613
2656,10,0,0.17528456
2657,20,0,0.35382447
2658,2,0,0.38952342
2659,7,1,0.56820446
2660,22,0,0.78908485
2661,9,1,0.44288617
2662,18,1,0.75302714
2663,8,1,0.3224289
2664,10,0,0.49510455
2665,28,0,0.50698745
2666,7,1,0.39489055
2667,7,0,0.60851586
2668,13,0,0.37957776
2669,9,1,0.25096875
2670,20,1,0.6601633
2671,20,0,0.37878397
2672,22,1,0.8659878
2673,11,1,0.5470546
2674,1,1,0.4831822
2675,6,0,0.22520527
2676,2,1,0.43692032
2677,16,1,0.51465136
2678,13,0,0.33869296
2679,19,1,0.4281833
2680,13,1,0.51780397
2681,12,0,0.43231025
2682,7,0,0.15356891
2683,13,0,0.45441568
2684,13,0,0.30830687
2685,1,0,0.47238538
2686,11,1,0.7086483
2687,9,0,0.3775539
2688,0,0,0.33783692
2689,11,0,0.32560447
2690,26,0,0.352201
2691,11,1,0.30497956
2692,14,1,0.440271
2693,27,1,0.78150433
2694,6,0,0.48393285
2695,8,1,0.43379974
2696,7,0,0.4667817
2697,28,1,0.5463413
2698,6,1,0.74958384
2699,6,0,0.7513465
2700,15,0,0.4532597
2701,18,0,0.19176339
2702,1,1,0.438798
2703,20,1,0.47000837
2704,13,1,0.35482213
2705,16,1,0.33418763
2706,19,1,0.6437075
2707,12,0,0.33688277
2708,19,1,0.5560484
2709,6,1,0.6718806
2710,9,0,0.28617367
2711,27,1,0.77171296
2712,8,0,0.36275822
2713,1,1,0.4576229
2714,17,0,0.39410228
2715,13,0,0.48148352
2716,13,0,0.3079233
2717,15,0,0.31871778
2718,3,1,0.4845303
2719,15,0,0.47721502
2720,27,1,0.64056885
2721,21,0,0.6388725
2722,1,1,0.47013813
2723,21,1,0.7064911
2724,1,0,0.34721214
2725,4,1,0.56707644
2726,3,1,0.7355068
2727,15,1,0.56456167
2728,23,1,0.69202054
2729,16,1,0.5118996
2730,1,0,0.32212788
2731,15,1,0.4321907
2732,13,0,0.3676731
2733,9,0,0.47374755
2734,2,0,0.5464612
2735,9,1,0.7773249
2736,26,1,0.61947435
2737,28,1,0.5650289
2738,15,0,0.6478303
2739,2,1,0.5411056
2740,15,1,0.6752887
2741,15,0,0.62212676
2742,18,1,0.15636729
2743,25,0,0.3251827
2744,3,0,0.49595943
2745,15,0,0.38067082
2746,17,1,0.506295
2747,26,1,0.6079621
2748,16,1,0.4895073
2749,22,1,0.60587937
2750,2,0,0.49049464
2751,9,1,0.47192132
2752,16,1,0.6520843
2753,25,1,0.6432915
2754,12,1,0.48181996
2755,2,1,0.47349513
2756,9,1,0.50787395
2757,16,1,0.6383147
2758,25,1,0.45467883
2759,16,1,0.41581967
2760,20,0,0.67090774
2761,24,1,0.319128
2762,15,0,0.52658933
2763,20,0,0.5961681
2764,1,0,0.41362175
2765,4,0,0.5818809
2766,5,1,0.64330626
2767,16,1,0.61199564
2768,8,0,0.5662833
2769,25,0,0.32334244
2770,15,0,0.30066773
2771,7,0,0.34695938
2772,10,1,0.37287116
2773,1,1,0.5776691
2774,11,0,0.3923622
2775,18,0,0.7354894
2776,12,0,0.30334327
2777,13,1,0.552263
2778,13,0,0.7897792
2779,1,1,0.5814197
2780,11,0,0.38779137
2781,9,1,0.3879316
2782,21,0,0.5361948
2783,21,1,0.6256703
2784,27,0,0.3558104
2785,3,0,0.38579124
2786,28,1,0.77113616
2787,2,1,0.767719
2788,23,0,0.37022552
2789,11,1,0.38638136
2790,24,1,0.41660267
2791,9,0,0.40224478
2792,10,0,0.43395647
2793,14,1,0.6245136
2794,11,0,0.7388939
2795,8,1,0.5075757
2796,21,0,0.20385411
2797,26,0,0.44006488
2798,24,0,0.35108274
2799,4,1,0.6185872
2800,12,0,0.45157728
2801,28,0,0.33747005
2802,14,0,0.32930103
2803,7,1,0.40958288
2804,27,0,0.4937182
2805,6,0,0.45821008
2806,12,0,0.2075162
2807,12,1,0.6558581
2808,17,0,0.5378462
2809,23,1,0.7415107
2810,28,1,0.59458375
2811,1,0,0.5194435
2812,12,0,0.5655292
2813,20,1,0.80015194
2814,23,1,0.45204666
2815,22,0,0.6936369
2816,25,0,0.54078674
2817,21,0,0.42042252
2818,25,1,0.4804341
2819,26,0,0.30917656
2820,13,1,0.6699142
2821,25,0,0.4710431
2822,27,1,0.71740824
2823,11,1,0.52806675
2824,3,1,0.6114615
2825,15,1,0.72362095
2826,2,1,0.5554739
2827,5,1,0.44270286
2828,20,1,0.365424
2829,12,0,0.3376772
2830,28,0,0.30193308
2831,4,0,0.54762554
2832,2,0,0.28537172
2833,10,0,0.1790316
2834,2,0,0.5094426
2835,11,1,0.37433308
2836,1,0,0.4158382
2837,25,0,0.24097443
2838,4,1,0.8220686
2839,22,1,0.76987946
2840,13,0,0.50962675
2841,28,1,0.39309603
2842,8,1,0.6611675
2843,16,1,0.44229287
2844,18,0,0.5840367
2845,12,0,0.44638368
2846,11,0,0.43003514
2847,8,0,0.18785787
2848,14,1,0.77720535
2849,19,0,0.22109464
2850,6,0,0.2875722
2851,23,1,0.6212708
2852,6,1,0.59691375
2853,17,0,0.38744938
2854,12,0,0.43518767
2855,10,0,0.3249394
2856,26,1,0.6207455
2857,25,0,0.48290098
2858,0,0,0.3997333
2859,10,1,0.48645157
2860,25,1,0.4864044
2861,14,1,0.60479873
2862,1,1,0.77244085
2863,15,1,0.521538
2864,1,1,0.55535346
2865,8,0,0.5638835
2866,13,1,0.35785887
2867,11,1,0.34711903
2868,1,0,0.34650186
2869,13,1,0.44130477
2870,26,0,0.5409278
2871,13,0,0.6459702
2872,16,0,0.78201574
2873,1,0,0.33848247
2874,5,0,0.44929966
2875,16,0,0.4277775
2876,23,0,0.24396537
2877,14,0,0.37196448
2878,23,1,0.28112358
2879,11,1,0.812763
2880,17,1,0.50007397
2881,16,1,0.4581252
2882,12,0,0.45912164
2883,18,1,0.29892492
2884,26,1,0.48254886
2885,6,1,0.69217783
2886,11,1,0.5714956
2887,17,1,0.565916
2888,8,0,0.4233076
2889,17,1,0.5152509
2890,1,1,0.53726846
2891,8,1,0.2846859
2892,7,0,0.41200322
2893,17,1,0.3844729
2894,16,0,0.40012234
2895,0,1,0.80290127
2896,13,0,0.31829563
2897,27,1,0.5543454
2898,7,1,0.77610373
2899,13,1,0.3090303
2900,21,1,0.22196491
2901,14,0,0.3029753
2902,14,1,0.44049242
2903,25,0,0.3154582
2904,27,1,0.5807899
2905,12,1,0.6910454
2906,25,1,0.3684097
2907,16,0,0.35671502
2908,7,1,0.7033982
2909,6,1,0.41451246
2910,15,1,0.5654962
2911,4,1,0.36430094
2912,1,0,0.22853093
2913,9,1,0.57562387
2914,0,1,0.3168368
2915,8,1,0.43819836
2916,10,1,0.520881
2917,15,0,0.38709503
2918,15,0,0.43934247
2919,26,1,0.6231075
2920,8,1,0.50141656
2921,1,1,0.4740983
2922,1,0,0.22334734
2923,6,1,0.5342174
2924,12,0,0.4940288
2925,15,0,0.27104732
2926,17,1,0.36593932
2927,0,0,0.41352388
2928,22,0,0.54342437
2929,4,1,0.5694854
2930,6,1,0.26716012
2931,2,1,0.7300816
2932,18,1,0.4412869
2933,0,1,0.7788222
2934,11,1,0.789898
2935,10,1,0.81092256
2936,18,1,0.42091066
2937,14,0,0.5025162
2938,8,1,0.78099304
2939,13,0,0.34093854
2940,27,1,0.40367106
2941,8,1,0.45684758
2942,3,1,0.3397189
2943,10,1,0.24725208
2944,26,1,0.7571505
2945,2,0,0.74151707
2946,16,1,0.3151667
2947,16,1,0.38683283
2948,7,0,0.36623934
2949,10,0,0.4335059
2950,15,0,0.2197491
2951,25,1,0.59270424
2952,22,1,0.47313833
2953,14,1,0.6359123
2954,20,0,0.45121187
2955,25,0,0.39913684
2956,8,0,0.2937526
2957,6,1,0.7111328
2958,22,1,0.27959248
2959,14,1,0.4266449
2960,7,1,0.3147172
2961,28,0,0.4408212
2962,15,1,0.4690959
2963,16,0,0.4418347
2964,7,0,0.36319244
2965,15,0,0.43894878
2966,16,0,0.64297837
2967,13,0,0.5866224
2968,18,1,0.5906216
2969,18,0,0.42642912
2970,12,1,0.6293302
2971,20,1,0.62644124
2972,1,1,0.4503516
2973,20,0,0.539858
2974,15,1,0.7303883
2975,19,0,0.5251508
2976,1,0,0.40297848
2977,10,0,0.45717654
2978,28,1,0.31487042
2979,2,0,0.47610608
2980,4,0,0.5338399
2981,10,1,0.46840897
2982,11,1,0.77058065
2983,24,0,0.4352704
2984,20,0,0.4524594
2985,14,1,0.48404726
2986,20,0,0.43201038
2987,14,0,0.452994
2988,8,0,0.23282899
2989,16,1,0.4852272
2990,17,1,0.48886758
2991,2,0,0.41707867
2992,8,0,0.33245534
2993,19,0,0.33154753
2994,16,1,0.48350698
2995,2,0,0.2210787
2996,12,0,0.26993212
2997,7,1,0.7114852
2998,8,1,0.4681426
2999,20,1,0.59148234
3000,6,0,0.24777117
3001,18,0,0.7485635
3002,14,0,0.6099869
3003,4,1,0.3269091
3004,25,0,0.42823094
3005,13,1,0.510815
3006,14,0,0.3546324
3007,10,0,0.44771776
3008,25,1,0.7317624
3009,10,1,0.35262206
3010,0,1,0.6149947
3011,8,1,0.46814212
3012,12,0,0.5000126
3013,13,0,0.5673459
3014,5,0,0.23743112
3015,0,1,0.80411255
3016,17,0,0.33991763
3017,24,1,0.5880249
3018,19,1,0.57727593
3019,6,0,0.22195415
3020,4,1,0.647534
3021,25,1,0.57366663
3022,25,1,0.36891812
3023,1,1,0.46021286
3024,20,0,0.4798601
3025,26,0,0.5023155
3026,13,0,0.6927608
3027,26,0,0.49205577
3028,25,1,0.57041126
3029,22,1,0.5317028
3030,25,1,0.19953033
3031,27,0,0.58333737
3032,4,1,0.768408
3033,13,0,0.50194025
3034,18,0,0.1874266
3035,20,0,0.54029995
3036,6,1,0.5710573
3037,18,1,0.4849546
3038,15,1,0.6617402
3039,23,0,0.584447
3040,13,1,0.5871732
3041,11,0,0.5393684
3042,27,1,0.5124723
3043,8,0,0.7983074
3044,28,1,0.38605684
3045,7,0,0.28536224
3046,13,0,0.54401016
3047,14,0,0.54762816
3048,26,0,0.47883418
3049,16,1,0.72051036
3050,20,0,0.5501259
3051,24,0,0.3201699
3052,24,1,0.61735916
3053,14,0,0.35693312
3054,19,0,0.60163796
3055,2,1,0.76435107
3056,17,1,0.48562878
3057,1,1,0.8280572
3058,22,0,0.5308131
3059,15,0,0.3303523
3060,8,1,0.6646672
3061,6,0,0.45486256
3062,12,0,0.38397822
3063,13,0,0.3071305
3064,17,1,0.51072925
3065,10,1,0.39976892
3066,28,0,0.4615459
3067,13,1,0.36555845
3068,14,0,0.46712664
3069,27,1,0.7402846
3070,6,1,0.27192336
3071,8,0,0.34907624
3072,13,1,0.6882019
3073,4,0,0.44841218
3074,12,0,0.23091045
3075,21,1,0.47297612
3076,17,1,0.42308792
3077,11,1,0.7367506
3078,26,1,0.50076747
3079,25,0,0.38751268
3080,13,1,0.5108233
3081,23,1,0.3728674
3082,21,0,0.27449685
3083,24,1,0.23898427
3084,22,0,0.29644987
3085,17,1,0.47871822
3086,13,1,0.5845694
3087,19,1,0.41607904
3088,11,0,0.46299785
3089,13,0,0.52816314
3090,12,0,0.4785927
3091,8,1,0.50288385
3092,25,0,0.7394908
3093,1,0,0.51839024
3094,10,1,0.4537563
3095,15,0,0.37411076
3096,27,1,0.24005358
3097,3,0,0.4340934
3098,11,1,0.71227276
3099,16,0,0.4517668
3100,10,0,0.5009404
3101,26,1,0.5502735
3102,6,1,0.5669099
3103,3,1,0.7084875
3104,14,1,0.7262318
3105,20,0,0.46034595
3106,8,1,0.65379363
3107,21,0,0.5354838
3108,13,0,0.46886477
3109,26,1,0.3654922
3110,22,0,0.2879133
3111,21,1,0.7140059
3112,4,0,0.50623506
3113,11,0,0.52362573
3114,24,0,0.55604964
3115,2,1,0.8655728
3116,23,1,0.18028039
3117,12,1,0.41830915
3118,15,0,0.31961715
3119,13,1,0.81306916
3120,11,1,0.57143
3121,18,1,0.54594284
3122,0,1,0.58654743
3123,22,1,0.72034454
3124,28,0,0.55404365
3125,16,1,0.5712881
3126,10,0,0.5659816
3127,25,0,0.34742245
3128,22,1,0.6297923
3129,16,1,0.3873812
3130,2,0,0.3899377
3131,1,0,0.64622766
3132,12,1,0.83318484
3133,13,0,0.24734098
3134,11,1,0.59286374
3135,1,0,0.7009266
3136,27,1,0.33424982
3137,5,1,0.36406088
3138,19,1,0.566966
3139,21,0,0.25979143
3140,16,1,0.8217146
3141,28,1,0.5766296
3142,6,0,0.35265857
3143,3,0,0.32330912
3144,10,1,0.40736645
3145,10,1,0.37833828
3146,4,1,0.1916676
3147,11,0,0.589936
3148,26,1,0.59887606
3149,10,1,0.52725494
3150,16,0,0.26787007
3151,21,0,0.34005004
3152,7,1,0.35525858
3153,16,0,0.44781566
3154,20,1,0.565413
3155,16,0,0.60268784
3156,17,0,0.67671394
3157,0,0,0.47937378
3158,3,1,0.46768835
3159,1,1,0.55002904
3160,24,0,0.5283588
3161,25,1,0.4516356
3162,10,1,0.48093197
3163,28,0,0.4904287
3164,12,0,0.63675714
3165,7,1,0.58314776
3166,3,0,0.47485125
3167,16,0,0.58620954
3168,2,1,0.4721016
3169,3,1,0.5244081
3170,24,1,0.5937668
3171,9,0,0.23524553
3172,15,1,0.52528346
3173,15,1,0.38253126
3174,17,1,0.675431
3175,0,0,0.36714324
3176,8,1,0.5881471
3177,20,0,0.41602564
3178,12,1,0.7160088
3179,17,1,0.66323996
3180,27,0,0.19238584
3181,13,1,0.40849757
3182,26,1,0.59930724
3183,27,0,0.23300321
3184,21,1,0.62857383
3185,8,1,0.58849174
3186,15,0,0.38188368
3187,1,0,0.47578493
3188,6,1,0.4164438
3189,9,1,0.5368255
3190,25,1,0.74511
3191,10,0,0.3734175
3192,12,1,0.45616853
3193,6,0,0.6113619
3194,7,0,0.58771354
3195,2,1,0.35038328
3196,20,0,0.43915743
3197,10,1,0.39313745
3198,26,1,0.5954555
3199,9,0,0.63054955
3200,15,1,0.7938677
3201,23,1,0.7192305
3202,12,1,0.48937204
3203,16,0,0.3186784
3204,28,0,0.30321464
3205,27,1,0.5328352
3206,26,0,0.39238447
3207,1,0,0.2668361
3208,18,0,0.22761923
3209,15,0,0.5230639
3210,10,1,0.7272851
3211,7,1,0.82308424
3212,14,1,0.5127052
3213,12,0,0.63406813
3214,7,1,0.18626267
3215,1,0,0.5159867
3216,13,0,0.51449496
3217,2,1,0.404201
3218,25,1,0.46361288
3219,2,1,0.45264035
3220,2,0,0.508879
3221,11,0,0.34389275
3222,22,0,0.32514113
3223,26,0,0.76109314
3224,0,1,0.518566
3225,7,1,0.60721916
3226,10,0,0.20437168
3227,12,1,0.56982625
3228,27,1,0.33630383
3229,9,1,0.45402914
3230,0,0,0.4361421
3231,27,1,0.7238531
3232,13,0,0.39664745
3233,4,0,0.36847687
3234,19,0,0.369962
3235,17,0,0.7305456
3236,23,0,0.5791967
3237,23,1,0.44416705
3238,3,0,0.5731861
3239,13,0,0.45248643
3240,25,0,0.17084719
3241,23,0,0.8124453
3242,2,1,0.50197774
3243,22,1,0.7559489
3244,11,1,0.5259821
3245,27,0,0.38776222
3246,28,0,0.6124782
3247,9,0,0.60138184
3248,15,0,0.63790613
3249,12,1,0.54723865
3250,13,0,0.6117134
3251,4,0,0.31854692
3252,12,0,0.22207734
3253,0,0,0.27502358
3254,16,1,0.5972336
3255,15,0,0.5615129
3256,9,1,0.5487332
3257,28,0,0.2526684
3258,11,0,0.4628319
3259,7,0,0.581515
3260,11,0,0.27809995
3261,15,0,0.6752598
3262,16,1,0.51851183
3263,27,1,0.6531911
3264,25,0,0.54417014
3265,15,1,0.56705123
3266,13,1,0.56460404
3267,17,0,0.42656946
3268,26,0,0.35869735
3269,13,0,0.643297
3270,17,0,0.3755778
3271,16,1,0.5351555
3272,17,0,0.3418308
3273,22,1,0.44610897
3274,6,0,0.3142766
3275,1,0,0.46879193
3276,10,0,0.4291759
3277,14,0,0.53237796
3278,1,1,0.63617676
3279,14,0,0.469703
3280,10,1,0.53250545
3281,20,1,0.7446503
3282,12,0,0.57179534
3283,4,0,0.55075943
3284,2,1,0.49411255
3285,2,1,0.55853623
3286,13,1,0.8285598
3287,8,0,0.547665
3288,13,1,0.32037947
3289,2,1,0.53373647
3290,12,1,0.734448
3291,1,0,0.37864453
3292,26,0,0.23580563
3293,25,0,0.4544859
3294,1,0,0.2011965
3295,3,0,0.29529503
3296,2,0,0.268361
3297,12,1,0.43172267
3298,17,1,0.5604135
3299,14,0,0.589318
3300,18,1,0.6904883
3301,13,1,0.43493164
3302,20,1,0.38900888
3303,16,1,0.30303153
3304,7,1,0.82637584
3305,16,1,0.757876
3306,25,0,0.65891176
3307,6,1,0.61330545
3308,3,1,0.70502275
3309,27,1,0.5656953
3310,2,1,0.51212656
3311,10,0,0.43438426
3312,20,0,0.8439863
3313,22,0,0.39328474
3314,2,1,0.19923137
3315,25,1,0.46258923
3316,26,0,0.47721606
3317,15,0,0.2515384
3318,2,1,0.62195325
3319,2,0,0.6317818
3320,1,0,0.37191617
3321,15,1,0.84856755
3322,9,0,0.21308017
3323,2,0,0.6224177
3324,17,1,0.41111138
3325,14,1,0.49588847
3326,12,1,0.7117161
3327,5,0,0.41859615
3328,13,0,0.5881964
3329,22,0,0.3654067
3330,8,1,0.5906249
3331,13,0,0.5204059
3332,21,1,0.50224274
3333,24,1,0.52507406
3334,1,0,0.3840365
3335,15,1,0.7355098
3336,2,0,0.4545916
3337,25,1,0.51354206
3338,14,1,0.80160546
3339,6,0,0.40136382
3340,15,1,0.4981432
3341,5,0,0.7008578
3342,8,1,0.33541644
3343,13,1,0.80377483
3344,28,0,0.6648243
3345,13,0,0.41251403
3346,28,1,0.8541831
3347,12,1,0.6166821
3348,15,1,0.47790635
3349,14,0,0.52205735
3350,19,1,0.81837595
3351,9,0,0.3212523
3352,8,1,0.5283222
3353,18,1,0.7190589
3354,6,1,0.8033759
3355,11,1,0.4148401
3356,18,1,0.79215026
3357,0,1,0.57010984
3358,2,1,0.7771964
3359,1,0,0.34825438
3360,5,0,0.38403216
3361,3,1,0.78631794
3362,14,1,0.61813074
3363,26,0,0.53638315
3364,18,0,0.33386087
3365,9,1,0.61698145
3366,16,0,0.7946182
3367,26,1,0.72920704
3368,11,1,0.84195065
3369,1,1,0.49554843
3370,19,1,0.6976159
3371,10,1,0.5840282
3372,3,1,0.61513
3373,22,1,0.56558454
3374,23,1,0.6033265
3375,20,1,0.5803722
3376,10,1,0.7032272
3377,25,1,0.41615322
3378,10,1,0.7086427
3379,26,0,0.5086609
3380,25,1,0.71138966
3381,13,0,0.47820297
3382,6,1,0.6107189
3383,11,0,0.7960288
3384,10,1,0.68668824
3385,10,0,0.34531882
3386,28,1,0.7603572
3387,18,1,0.49683306
3388,1,1,0.28297785
3389,19,0,0.2064627
3390,2,0,0.4885946
3391,15,1,0.60618687
3392,8,0,0.43755725
3393,9,0,0.32312053
3394,10,1,0.5943437
3395,10,1,0.5016211
3396,20,1,0.5473575
3397,0,1,0.36448994
3398,13,0,0.44324946
3399,28,0,0.25952235
3400,8,0,0.39975193
3401,15,0,0.49813393
3402,1,0,0.69035393
3403,13,1,0.70344365
3404,25,1,0.5293584
3405,8,0,0.5335327
3406,3,0,0.24815518
3407,17,0,0.4270967
3408,9,0,0.36793768
3409,21,0,0.40491775
3410,15,1,0.68210876
3411,4,1,0.26338735
3412,0,0,0.46785763
3413,16,1,0.8094444
3414,17,0,0.4193236
3415,11,0,0.55083555
3416,14,0,0.46073925
3417,1,0,0.3149394
3418,22,0,0.43483952
3419,7,0,0.491988
3420,20,1,0.46904194
3421,11,1,0.61408037
3422,18,0,0.59857756
3423,27,0,0.46267936
3424,12,1,0.6398454
3425,11,1,0.66637594
3426,12,1,0.3968118
3427,19,1,0.252039
3428,12,0,0.25619254
3429,24,1,0.36936826
3430,4,0,0.363438
3431,16,1,0.35212255
3432,1,0,0.28781804
3433,17,0,0.39770296
3434,25,1,0.56763685
3435,9,0,0.45521384
3436,24,1,0.46349198
3437,3,1,0.7926456
3438,17,1,0.41702667
3439,15,0,0.4115725
3440,27,1,0.40345052
3441,15,0,0.40951794
3442,20,1,0.58503586
3443,13,0,0.417541
3444,14,0,0.61873233
3445,3,0,0.4746155
3446,15,0,0.76419026
3447,13,1,0.680868
3448,25,0,0.48478606
3449,7,1,0.722291
3450,14,0,0.2813549
3451,14,0,0.33926687
3452,12,1,0.6687973
3453,2,0,0.60849845
3454,14,0,0.36439773
3455,22,1,0.38102168
3456,3,0,0.5358611
3457,28,1,0.6279448
3458,15,0,0.59030753
3459,7,1,0.5470314
3460,8,0,0.47986883
3461,1,0,0.26031297
3462,24,1,0.42538935
3463,2,1,0.8150147
3464,13,0,0.7071404
3465,27,1,0.3955162
3466,13,0,0.48109543
3467,14,0,0.5546781
3468,2,0,0.36427924
3469,11,0,0.636219
3470,17,0,0.66991675
3471,25,0,0.55959463
3472,10,0,0.46172893
3473,25,0,0.35979256
3474,2,1,0.25453123
3475,11,0,0.45945227
3476,23,1,0.5771941
3477,24,0,0.30450422
3478,15,1,0.5837045
3479,8,0,0.40668324
3480,16,1,0.7864016
3481,23,0,0.28551525
3482,24,0,0.33955607
3483,13,1,0.44120985
3484,3,1,0.36880744
3485,26,0,0.30867538
3486,25,1,0.5603675
3487,3,1,0.5326618
3488,0,0,0.32038352
3489,20,1,0.7167523
3490,14,0,0.35947672
3491,22,0,0.2838617
3492,11,0,0.5946846
3493,13,1,0.60958743
3494,9,1,0.7943854
3495,2,0,0.5418453
3496,10,1,0.19794106
3497,15,1,0.44009978
3498,25,1,0.8022678
3499,16,1,0.32738858
3500,12,0,0.630886
3501,15,1,0.70244414
3502,19,0,0.5678816
3503,21,1,0.4879609
3504,13,1,0.513362
3505,16,1,0.805578
3506,13,1,0.5636579
3507,1,1,0.85042256
3508,13,1,0.6835505
3509,18,0,0.38202706
3510,16,1,0.7482934
3511,26,0,0.5968125
3512,4,1,0.20563547
3513,13,0,0.6325502
3514,21,1,0.70017856
3515,22,1,0.6204929
3516,23,1,0.49466604
3517,24,0,0.24127698
3518,13,1,0.49684554
3519,8,0,0.29267997
3520,6,1,0.41160926
3521,16,1,0.685368
3522,18,0,0.39333263
3523,25,1,0.52633506
3524,13,1,0.6088269
3525,19,1,0.4925172
3526,27,1,0.41057584
3527,15,0,0.5089742
3528,0,1,0.5843096
3529,3,0,0.29425395
3530,16,0,0.21189967
3531,3,0,0.4606177
3532,8,0,0.40574488
3533,16,1,0.3060203
3534,3,0,0.36039582
3535,22,0,0.5137937
3536,25,0,0.35757044
3537,7,1,0.628551
3538,2,1,0.5325192
3539,27,0,0.6116753
3540,22,0,0.62283146
3541,8,1,0.75173366
3542,17,0,0.3325604
3543,18,1,0.44496214
3544,15,0,0.43860498
3545,15,0,0.17811221
3546,19,0,0.5423463
3547,2,0,0.44790736
3548,11,1,0.66129863
3549,27,1,0.8769145
3550,5,0,0.7758012
3551,17,0,0.31345993
3552,7,1,0.8271683
3553,2,0,0.70627016
3554,12,1,0.5066998
3555,5,0,0.40881613
3556,17,1,0.7738494
3557,13,0,0.4215282
3558,8,0,0.436255
3559,26,0,0.25393438
3560,13,0,0.59099895
3561,8,1,0.6276054
3562,20,0,0.58852035
3563,22,1,0.7484312
3564,5,0,0.54361093
3565,15,0,0.39892274
3566,13,1,0.4056791
3567,7,0,0.6495148
3568,6,0,0.316621
3569,15,0,0.52840143
3570,9,0,0.60943204
3571,23,1,0.4457543
3572,10,1,0.32527438
3573,9,1,0.86202437
3574,1,1,0.5675857
3575,1,1,0.7499963
3576,25,1,0.8062524
3577,19,0,0.2534435
3578,3,0,0.4443791
3579,14,1,0.4455864
3580,16,0,0.3179509
3581,16,1,0.61524844
3582,10,1,0.33597732
3583,16,1,0.47747168
3584,14,1,0.45460403
3585,28,0,0.32661274
3586,3,1,0.8399215
3587,4,0,0.3363172
3588,16,1,0.38490638
3589,11,1,0.5976153
3590,25,1,0.5414082
3591,10,0,0.80344224
3592,6,1,0.4648549
3593,18,1,0.6595611
3594,10,0,0.76134145
3595,25,1,0.42837745
3596,26,0,0.37385082
3597,20,1,0.82550234
3598,24,0,0.47086063
3599,2,0,0.5608723
3600,25,0,0.3638561
3601,21,0,0.31449538
3602,2,0,0.37103307
3603,27,1,0.60775685
3604,15,1,0.626592
3605,16,1,0.5558061
3606,16,0,0.8188794
3607,26,1,0.6515734
3608,21,1,0.6067067
3609,4,0,0.35145307
3610,0,0,0.41403612
3611,2,0,0.24546422
3612,5,1,0.72308826
3613,15,0,0.4094694
3614,20,1,0.8246852
3615,13,0,0.41366908
3616,19,0,0.566286
3617,22,0,0.6662289
3618,15,1,0.4975953
3619,20,0,0.7555466
3620,8,0,0.6966688
3621,15,1,0.49838987
3622,14,0,0.51683134
3623,4,1,0.576155
3624,27,0,0.6011871
3625,8,1,0.26272115
3626,10,1,0.55599594
3627,15,0,0.49316618
3628,8,1,0.6587079
3629,17,0,0.5946897
3630,11,1,0.4717885
3631,10,0,0.51021105
3632,13,1,0.63871187
3633,26,1,0.4225277
3634,25,0,0.28001654
3635,2,1,0.30373886
3636,6,1,0.6042677
3637,3,0,0.30551097
3638,2,1,0.60673577
3639,17,0,0.5027083
3640,19,0,0.23783287
3641,13,1,0.3708767
3642,11,0,0.21577139
3643,17,0,0.7506629
3644,13,1,0.6981202
3645,2,0,0.5210224
3646,8,0,0.19935252
3647,6,1,0.55057657
3648,24,0,0.4814519
3649,2,1,0.39376393
3650,7,1,0.80269474
3651,11,0,0.74069643
3652,15,0,0.301923
3653,15,0,0.4554027
3654,15,0,0.63089955
3655,1,1,0.41671732
3656,27,0,0.24162881
3657,8,1,0.3499123
3658,6,1,0.53895086
3659,15,1,0.2090379
3660,8,1,0.6551773
3661,17,1,0.82985514
3662,6,0,0.3713151
3663,3,1,0.8837055
3664,26,1,0.59972507
3665,2,1,0.7225518
3666,22,0,0.316051
3667,8,1,0.5963308
3668,9,0,0.5446571
3669,10,1,0.5311736
3670,16,0,0.5938836
3671,15,0,0.5414239
3672,1,1,0.39041108
3673,3,0,0.55817014
3674,22,0,0.42192087
3675,1,0,0.44674826
3676,24,0,0.601746
3677,6,1,0.49001488
3678,7,0,0.2137032
3679,15,0,0.6961321
3680,6,0,0.340965
3681,17,1,0.77836263
3682,25,0,0.45302045
3683,13,0,0.46701887
3684,13,1,0.7577304
3685,25,0,0.46265987
3686,13,0,0.5712584
3687,8,0,0.36190957
3688,12,1,0.5258261
3689,9,0,0.32980293
3690,17,0,0.4107785
3691,25,0,0.5980742
3692,1,1,0.2967511
3693,17,1,0.27932298
3694,2,0,0.29617745
3695,14,1,0.325012
3696,13,0,0.29220495
3697,12,1,0.49217737
3698,19,1,0.66842985
3699,18,0,0.38049096
3700,18,1,0.40246087
3701,12,1,0.5280857
3702,10,1,0.5631311
3703,15,0,0.6588352
3704,18,0,0.586389
3705,9,1,0.3654551
3706,3,0,0.3614296
3707,11,0,0.47917807
3708,22,0,0.50088197
3709,16,0,0.5103863
3710,28,0,0.57997
3711,20,1,0.37014905
3712,16,0,0.3416828
3713,25,0,0.44613487
3714,7,1,0.46386936
3715,18,1,0.8124398
3716,0,0,0.5713229
3717,28,1,0.50127745
3718,6,0,0.15845902
3719,27,0,0.36903322
3720,7,0,0.3863851
3721,18,0,0.3997309
3722,16,0,0.6238126
3723,13,0,0.61975974
3724,21,1,0.52217156
3725,28,0,0.46131063
3726,25,1,0.75335777
3727,10,0,0.3169405
3728,24,1,0.43530622
3729,15,0,0.23752593
3730,16,1,0.72451246
3731,16,0,0.21268046
3732,20,1,0.5368615
3733,8,1,0.500332
3734,24,1,0.7259103
3735,20,0,0.50304055
3736,28,1,0.6531573
3737,9,1,0.7124802
3738,28,0,0.58940935
3739,24,1,0.590322
3740,1,1,0.6425796
3741,1,0,0.61891234
3742,2,1,0.58815855
3743,20,1,0.36276487
3744,23,0,0.38977474
3745,17,1,0.40223664
3746,22,1,0.3399196
3747,25,1,0.5865541
3748,20,1,0.79543877
3749,12,0,0.40400726
3750,0,1,0.38807338
3751,16,1,0.5582359
3752,15,0,0.27995414
3753,9,0,0.77273035
3754,3,0,0.5100295
3755,25,0,0.52596974
3756,2,1,0.73904574
3757,28,0,0.5638809
3758,13,1,0.5976852
3759,7,0,0.3643912
3760,22,1,0.77478504
3761,6,0,0.56359094
3762,19,1,0.33476588
3763,7,1,0.6214689
3764,26,0,0.36531428
3765,3,1,0.61215985
3766,3,1,0.792256
3767,14,1,0.6235687
3768,9,0,0.43959975
3769,18,1,0.63180035
3770,2,0,0.5653836
3771,19,0,0.29583284
3772,20,0,0.5342501
3773,26,1,0.3268678
3774,7,1,0.3766858
3775,22,1,0.56957763
3776,11,1,0.79863733
3777,2,1,0.6477473
3778,10,0,0.27643216
3779,4,1,0.4870364
3780,28,0,0.7267574
3781,5,0,0.5059025
3782,20,0,0.24629423
3783,1,1,0.7598429
3784,13,1,0.8592415
3785,2,0,0.63100874
3786,16,0,0.2970037
3787,4,1,0.44833237
3788,5,1,0.8443506
3789,27,1,0.7364422
3790,26,1,0.672994
3791,22,0,0.29810807
3792,21,0,0.48567367
3793,5,0,0.4575656
3794,10,0,0.6120463
3795,7,1,0.57450366
3796,8,1,0.61571604
3797,10,1,0.54210377
3798,21,0,0.346272
3799,8,0,0.28410414
3800,6,1,0.61902213
3801,17,1,0.73063064
3802,6,1,0.82714933
3803,12,0,0.38647214
3804,9,0,0.49620286
3805,1,1,0.47321412
3806,10,0,0.38260505
3807,4,0,0.3050872
3808,17,0,0.3904757
3809,0,1,0.3412534
3810,16,0,0.22785243
3811,25,0,0.32877353
3812,21,1,0.61752564
3813,26,0,0.36650792
3814,25,0,0.3123067
3815,20,1,0.6625919
3816,9,1,0.46683186
3817,18,0,0.29023287
3818,7,0,0.25789097
3819,1,0,0.37538403
3820,20,0,0.6959814
3821,10,1,0.35614386
3822,11,0,0.49597538
3823,3,1,0.47707948
3824,2,1,0.8280302
3825,3,1,0.65577835
3826,16,0,0.39623585
3827,1,0,0.6722959
3828,13,0,0.3321494
3829,15,1,0.6108811
3830,15,1,0.7789748
3831,13,0,0.6716974
3832,25,1,0.8649584
3833,16,1,0.7387891
3834,27,0,0.34527984
3835,15,0,0.331729
3836,0,1,0.5677008
3837,12,1,0.62495834
3838,25,0,0.4794437
3839,2,1,0.5603643
3840,8,0,0.335288
3841,10,0,0.33635232
3842,0,0,0.55295193
3843,25,1,0.47206137
3844,15,1,0.59405494
3845,0,1,0.3178606
3846,23,0,0.3087949
3847,25,1,0.5236655
3848,26,1,0.62241304
3849,3,1,0.7645375
3850,4,1,0.37454298
3851,5,0,0.55129194
3852,0,0,0.46086016
3853,4,0,0.4612957
3854,15,0,0.17139624
3855,6,1,0.26401544
3856,20,1,0.6068644
3857,11,1,0.34544522
3858,14,0,0.3192133
3859,3,0,0.36189833
3860,5,1,0.50160545
3861,6,0,0.38219875
3862,23,1,0.1790642
3863,13,0,0.57375526
3864,4,0,0.7420173
3865,8,0,0.3303877
3866,8,0,0.27825645
3867,4,1,0.5701735
3868,7,0,0.16654453
3869,1,0,0.7386709
3870,17,1,0.78176427
3871,23,1,0.6091104
3872,6,0,0.54805183
3873,13,0,0.296996
3874,2,0,0.28001463
3875,20,1,0.44210434
3876,12,0,0.2584804
3877,16,0,0.7006601
3878,13,1,0.8241362
3879,26,1,0.43075553
3880,13,0,0.81491834
3881,16,0,0.48017722
3882,8,0,0.5805641
3883,8,0,0.7147611
3884,1,0,0.39870995
3885,11,0,0.34104553
3886,27,0,0.3455035
3887,12,0,0.54864705
3888,20,1,0.37707138
3889,13,1,0.45955095
3890,22,1,0.70426834
3891,6,0,0.3393584
3892,15,1,0.5904694
3893,26,1,0.7840206
3894,2,1,0.48143843
3895,0,1,0.4237787
3896,15,0,0.6735287
3897,1,0,0.4592034
3898,26,0,0.52736855
3899,10,0,0.51708215
3900,25,0,0.19135568
3901,22,1,0.36681122
3902,4,1,0.5078233
3903,19,1,0.7080456
3904,12,0,0.20158294
3905,15,0,0.5677598
3906,3,1,0.50861377
3907,6,1,0.5359677
3908,6,0,0.57803816
3909,11,0,0.6141626
3910,16,1,0.42398304
3911,13,0,0.50505185
3912,15,1,0.6749277
3913,20,1,0.56112516
3914,1,1,0.2577628
3915,15,0,0.5850496
3916,1,1,0.30883133
3917,25,0,0.3981444
3918,10,0,0.34561187
3919,14,0,0.6880709
3920,5,1,0.56266576
3921,15,1,0.80636466
3922,26,1,0.41868162
3923,19,1,0.56588864
3924,24,1,0.60599107
3925,18,0,0.39083263
3926,24,1,0.401003
3927,19,0,0.31582695
3928,5,1,0.7507761
3929,27,1,0.80581343
3930,1,1,0.7418387
3931,28,1,0.4512375
3932,27,1,0.70178545
3933,13,1,0.25312978
3934,22,0,0.3148057
3935,7,1,0.76502794
3936,2,0,0.5022285
3937,9,0,0.33378363
3938,2,0,0.65905035
3939,18,0,0.4396006
3940,23,1,0.6331943
3941,19,1,0.6922518
3942,21,0,0.4975008
3943,28,0,0.20858009
3944,11,0,0.3325517
3945,22,0,0.7272513
3946,15,0,0.57144237
3947,2,1,0.6808465
3948,10,0,0.8168811
3949,15,1,0.7608149
3950,15,1,0.6825986
3951,15,0,0.3028595
3952,23,1,0.27790403
3953,13,0,0.47403657
3954,25,1,0.5693345
3955,6,0,0.317758
3956,7,0,0.4754154
3957,26,1,0.7083494
3958,25,1,0.36943164
3959,13,1,0.69813335
3960,3,1,0.5865746
3961,19,0,0.4444421
3962,13,1,0.7825515
3963,7,1,0.3559135
3964,0,0,0.56352556
3965,13,0,0.22687876
3966,1,0,0.4489384
3967,18,1,0.42125952
3968,13,0,0.63627326
3969,26,0,0.42888656
3970,7,0,0.645374
3971,20,0,0.3554227
3972,15,0,0.36933747
3973,16,1,0.5012646
3974,13,0,0.6585622
3975,4,1,0.19898076
3976,9,1,0.61456513
3977,27,0,0.50802714
3978,16,0,0.7181044
3979,25,0,0.4585891
3980,15,0,0.66765213
3981,6,0,0.5440752
3982,8,0,0.47758764
3983,2,1,0.54943436
3984,16,0,0.48722503
3985,2,0,0.45533037
3986,14,1,0.6855847
3987,3,1,0.22612685
3988,16,0,0.3103796
3989,21,1,0.36845058
3990,10,0,0.62484014
3991,24,0,0.63305956
3992,1,0,0.30380225
3993,3,0,0.70922905
3994,1,0,0.5269477
3995,8,0,0.33736914
3996,17,1,0.8520429
3997,12,1,0.8216747
3998,2,0,0.54756665
3999,1,0,0.40592575
4000,15,0,0.6634879
4001,15,1,0.53412783
4002,1,0,0.5218714
4003,2,1,0.6846791
4004,28,0,0.6090614
4005,23,0,0.514893
4006,2,0,0.17569979
4007,16,1,0.68681556
4008,8,1,0.44694158
4009,19,1,0.605584
4010,18,0,0.7830342
4011,22,0,0.49404287
4012,4,1,0.6361028
4013,7,1,0.4586274
4014,17,0,0.29943225
4015,27,0,0.28990975
4016,12,1,0.57687616
4017,16,1,0.41173017
4018,19,1,0.80197555
4019,27,1,0.7108123
4020,10,0,0.51927173
4021,23,1,0.7150144
4022,6,0,0.22601314
4023,11,0,0.27551198
4024,1,1,0.32159063
4025,16,0,0.23341443
4026,10,1,0.26769283
4027,18,1,0.70755357
4028,27,1,0.60130966
4029,11,1,0.6862596
4030,2,0,0.50186926
4031,9,1,0.6593909
4032,15,1,0.32150143
4033,28,1,0.39657378
4034,12,1,0.7980304
4035,2,1,0.31762394
4036,18,0,0.4128117
4037,13,1,0.6174762
4038,11,0,0.46203992
4039,4,1,0.6396598
4040,11,1,0.37677273
4041,0,1,0.45893702
4042,0,1,0.61105597
4043,28,0,0.48389018
4044,1,1,0.80428046
4045,18,0,0.21289355
4046,11,0,0.44846833
4047,16,1,0.39444447
4048,2,0,0.5316752
4049,16,0,0.30872464
4050,13,1,0.35999972
4051,6,0,0.5650209
4052,1,0,0.4143846
4053,15,0,0.5628592
4054,16,0,0.25715166
4055,15,1,0.512681
4056,25,0,0.5317242
4057,16,1,0.21287593
4058,13,0,0.6023633
4059,18,0,0.44094917
4060,1,0,0.3636058
4061,2,0,0.33864856
4062,26,0,0.27649197
4063,26,0,0.20909302
4064,18,0,0.42549378
4065,25,0,0.45447427
4066,5,0,0.81989115
4067,10,1,0.5021373
4068,16,1,0.67608356
4069,14,1,0.4836924
4070,13,1,0.5017091
4071,28,1,0.5993273
4072,26,0,0.45084056
4073,25,1,0.5421591
4074,27,1,0.61566275
4075,28,0,0.42507938
4076,23,1,0.7924467
4077,1,0,0.5468857
4078,10,1,0.33386537
4079,8,1,0.8190079
4080,16,1,0.49695915
4081,24,0,0.51033473
4082,4,1,0.6466598
4083,7,0,0.5786408
4084,7,0,0.55867565
4085,4,1,0.4801433
4086,13,0,0.31813377
4087,19,0,0.27400148
4088,8,1,0.7243604
4089,2,1,0.7132163
4090,11,1,0.3928403
4091,13,1,0.7735748
4092,21,0,0.42711815
4093,16,1,0.64913476
4094,8,0,0.62279296
4095,13,0,0.28125975
4096,15,0,0.2697526
4097,14,1,0.46535566
4098,1,1,0.408342
4099,2,1,0.5866349
4100,27,1,0.33852
4101,19,1,0.66795117
4102,25,1,0.4097792
4103,23,1,0.44769523
4104,17,1,0.45032015
4105,18,1,0.28593057
4106,10,0,0.52344096
4107,17,1,0.41690663
4108,18,0,0.59203553
4109,1,1,0.46192673
4110,8,0,0.29787925
4111,26,0,0.21155846
4112,28,0,0.18796708
4113,1,0,0.4244269
4114,21,0,0.40806577
4115,13,0,0.47704998
4116,2,1,0.4059978
4117,16,1,0.61218274
4118,11,1,0.7039621
4119,1,1,0.58940834
4120,23,0,0.18173984
4121,11,1,0.7243064
4122,8,0,0.43360764
4123,17,1,0.6189142
4124,28,0,0.4666701
4125,16,1,0.48627052
4126,10,0,0.24985203
4127,15,1,0.6162625
4128,18,1,0.6238546
4129,20,0,0.358588
4130,26,1,0.6119654
4131,12,1,0.5834193
4132,2,0,0.5740361
4133,1,1,0.6015769
4134,13,1,0.7276136
4135,5,0,0.49390912
4136,12,0,0.21076193
4137,25,0,0.44052663
4138,27,1,0.42528868
4139,12,1,0.21220307
4140,26,1,0.2668971
4141,10,0,0.26814398
4142,16,1,0.8170668
4143,10,0,0.45802546
4144,11,1,0.692171
4145,16,0,0.5200327
4146,20,0,0.6175846
4147,18,0,0.34346837
4148,2,0,0.27377003
4149,16,0,0.29668096
4150,25,1,0.49005675
4151,8,1,0.42230517
4152,15,0,0.37963384
4153,17,0,0.49579966
4154,18,0,0.27209982
4155,2,0,0.51390463
4156,16,0,0.48912066
4157,24,0,0.4609723
4158,20,0,0.59530556
4159,14,1,0.45811975
4160,8,1,0.29641512
4161,25,1,0.76153153
4162,15,1,0.4548088
4163,10,1,0.7701029
4164,6,0,0.4791279
4165,27,0,0.34705117
4166,24,1,0.3734297
4167,4,1,0.490889
4168,12,0,0.18163326
4169,20,1,0.64667344
4170,22,1,0.4987468
4171,6,1,0.22265068
4172,23,0,0.28790337
4173,25,0,0.44135386
4174,23,1,0.80951023
4175,13,0,0.5496089
4176,2,0,0.42312497
4177,1,0,0.43091002
4178,7,1,0.6800848
4179,12,0,0.77016276
4180,25,0,0.27845317
4181,20,0,0.3421545
4182,12,1,0.5504628
4183,23,0,0.3282119
4184,18,0,0.38644657
4185,8,0,0.3152775
4186,2,0,0.33614245
4187,20,1,0.6619362
4188,13,1,0.8035567
4189,11,0,0.35824582
4190,19,1,0.5944874
4191,26,1,0.49368426
4192,27,1,0.49039853
4193,5,0,0.36094123
4194,8,0,0.34055734
4195,16,1,0.7805905
4196,2,1,0.49289095
4197,17,0,0.4304402
4198,20,1,0.7679842
4199,15,0,0.35441294
4200,13,1,0.37793332
4201,10,1,0.3301137
4202,2,1,0.7053992
4203,9,1,0.51537913
4204,4,0,0.42657077
4205,2,1,0.3117491
4206,23,1,0.27712658
4207,26,1,0.79087865
4208,2,0,0.5440409
4209,11,1,0.8019319
4210,5,0,0.3603733
4211,8,1,0.7737335
4212,18,1,0.51314056
4213,1,0,0.7369512
4214,26,0,0.49235132
4215,6,0,0.34960747
4216,21,1,0.73530346
4217,0,1,0.5852961
4218,7,0,0.23695745
4219,28,0,0.39688796
4220,4,1,0.45437044
4221,27,0,0.48595557
4222,15,1,0.50036776
4223,13,0,0.4790376
4224,24,1,0.38756204
4225,0,1,0.5827057
4226,22,0,0.4043267
4227,10,0,0.81208205
4228,8,1,0.74081665
4229,8,0,0.50389683
4230,8,1,0.7967249
4231,9,0,0.44576022
4232,10,0,0.5259433
4233,6,1,0.25795585
4234,22,1,0.4784741
4235,16,1,0.6107
4236,3,0,0.44365263
4237,19,1,0.42896265
4238,23,1,0.73749834
4239,13,1,0.76652384
4240,0,1,0.69019085
4241,19,1,0.626274
4242,27,1,0.6495686
4243,13,0,0.5283674
4244,13,0,0.3812759
4245,17,0,0.66991144
4246,8,0,0.41804057
4247,16,1,0.65834796
4248,13,0,0.5940826
4249,10,0,0.28300673
4250,28,0,0.3510348
4251,27,1,0.6568522
4252,12,0,0.6486135
4253,1,0,0.28545082
4254,10,1,0.5392745
4255,16,0,0.34377474
4256,13,1,0.48048395
4257,27,1,0.4702338
4258,19,1,0.29378793
4259,3,0,0.5946422
4260,3,0,0.7660965
4261,2,1,0.7704933
4262,0,1,0.5977385
4263,19,0,0.4327522
4264,15,0,0.59478897
4265,7,1,0.56736726
4266,9,1,0.68212765
4267,24,0,0.6485013
4268,25,0,0.4755876
4269,6,0,0.28888905
4270,17,1,0.5594058
4271,14,0,0.348069
4272,13,0,0.4819406
4273,16,0,0.2761105
4274,1,0,0.5664459
4275,5,1,0.8414574
4276,8,0,0.3107475
4277,5,1,0.4858456
4278,2,0,0.33194852
4279,15,0,0.63173443
4280,10,1,0.61267227
4281,13,1,0.69256014
4282,15,0,0.7365324
4283,2,0,0.24106659
4284,21,1,0.86079603
4285,25,0,0.42456526
4286,26,0,0.38833827
4287,10,0,0.23854992
4288,26,1,0.62596303
4289,25,1,0.53773093
4290,27,1,0.5830729
4291,24,0,0.74972695
4292,0,1,0.5559556
4293,2,0,0.17631906
4294,1,0,0.25616437
4295,8,0,0.26478648
4296,11,0,0.3128502
4297,7,1,0.8223305
4298,15,1,0.75413334
4299,6,1,0.8453284
4300,25,0,0.45742363
4301,8,0,0.47944662
4302,22,1,0.7399234
4303,2,1,0.5659913
4304,10,0,0.26801103
4305,25,0,0.34297273
4306,9,1,0.50228596
4307,26,1,0.6603983
4308,24,1,0.59003955
4309,12,0,0.54990333
4310,27,1,0.7510924
4311,1,0,0.1491602
4312,24,0,0.47146878
4313,12,0,0.37442303
4314,27,1,0.4968013
4315,15,1,0.31109974
4316,15,1,0.5839771
4317,27,0,0.34006917
4318,13,0,0.460399
4319,3,0,0.5787604
4320,7,1,0.54809403
4321,10,0,0.5983751
4322,23,1,0.6414678
4323,3,1,0.7058457
4324,0,0,0.51899034
4325,6,0,0.34264484
4326,13,0,0.3539008
4327,15,0,0.6506362
4328,13,0,0.5422409
4329,15,0,0.56846356
4330,24,1,0.36721256
4331,20,1,0.22636315
4332,18,0,0.87060994
4333,2,1,0.4599668
4334,2,0,0.5934157
4335,13,1,0.6258418
4336,8,1,0.43067184
4337,6,1,0.7899404
4338,20,0,0.3406489
4339,6,1,0.3606232
4340,8,0,0.36594525
4341,8,0,0.4787649
4342,18,1,0.8387485
4343,25,0,0.3697711
4344,15,0,0.5418238
4345,16,0,0.32834303
4346,12,1,0.6238444
4347,28,0,0.29869717
4348,10,0,0.38913617
4349,27,1,0.72094256
4350,19,1,0.7399559
4351,20,0,0.46325967
4352,22,1,0.496734
4353,16,0,0.42125338
4354,25,1,0.73710835
4355,6,0,0.44194493
4356,11,1,0.6959333
4357,1,0,0.413676
4358,2,1,0.7234272
4359,3,0,0.32310504
4360,27,1,0.7578202
4361,6,1,0.51307195
4362,1,1,0.3741312
4363,1,1,0.23266836
4364,1,0,0.3180151
4365,24,0,0.336373
4366,8,0,0.5368967
4367,20,0,0.53015584
4368,23,0,0.2661516
4369,9,1,0.7712265
4370,10,1,0.46416843
4371,13,1,0.80316997
4372,25,1,0.58719856
4373,19,1,0.38144436
4374,13,0,0.5525564
4375,16,1,0.6358275
4376,5,0,0.26737988
4377,25,0,0.52859515
4378,3,0,0.71302825
4379,23,1,0.7329645
4380,14,1,0.61912423
4381,2,1,0.52284783
4382,24,0,0.6580351
4383,8,0,0.32653928
4384,2,0,0.51090515
4385,27,0,0.5245441
4386,21,0,0.6264448
4387,4,0,0.3139554
4388,2,1,0.79414594
4389,27,0,0.56022245
4390,26,0,0.2895537
4391,3,1,0.49552882
4392,13,1,0.61653453
4393,15,0,0.16635717
4394,20,0,0.48737687
4395,13,0,0.39669022
4396,26,1,0.4382706
4397,8,0,0.781888
4398,2,1,0.49513823
4399,8,0,0.6483351
4400,4,1,0.32873297
4401,17,0,0.48579055
4402,2,0,0.3574847
4403,14,0,0.4029925
4404,7,0,0.51212335
4405,16,1,0.79869634
4406,25,1,0.5708814
4407,13,1,0.6517994
4408,2,1,0.6150409
4409,3,0,0.43997738
4410,11,1,0.6909731
4411,4,0,0.5973444
4412,26,0,0.6636369
4413,23,1,0.30413803
4414,7,0,0.4545754
4415,25,1,0.5646303
4416,20,1,0.49604166
4417,14,1,0.30153087
4418,16,0,0.47727612
4419,25,1,0.47422147
4420,18,1,0.33012593
4421,16,1,0.5537496
4422,10,1,0.5756431
4423,2,1,0.82610255
4424,9,1,0.7772655
4425,0,1,0.54308033
4426,19,1,0.3029637
4427,16,0,0.5844844
4428,7,0,0.38544625
4429,28,0,0.63130265
4430,16,0,0.27850834
4431,17,1,0.5166983
4432,3,1,0.7662305
4433,19,0,0.27033108
4434,20,1,0.43129355
4435,26,1,0.2946667
4436,26,1,0.54220295
4437,14,1,0.44433597
4438,3,0,0.49931738
4439,13,0,0.4245172
4440,16,1,0.2978353
4441,17,0,0.16699404
4442,8,1,0.3305761
4443,25,1,0.41063315
4444,20,0,0.43503162
4445,13,0,0.5625996
4446,22,0,0.5200505
4447,13,1,0.5886634
4448,6,1,0.42698687
4449,16,0,0.57535857
4450,26,0,0.29665497
4451,27,1,0.4985942
4452,1,0,0.20927764
4453,8,0,0.3069911
4454,5,1,0.25630754
4455,19,0,0.3142696
4456,11,1,0.61694235
4457,6,0,0.49585563
4458,16,1,0.8285293
4459,1,1,0.4497781
4460,1,1,0.8404706
4461,1,1,0.56066936
4462,18,1,0.45741946
4463,4,0,0.631804
4464,25,0,0.39392346
4465,8,0,0.5719737
4466,3,1,0.67165476
4467,12,1,0.35005155
4468,22,1,0.8514503
4469,27,1,0.48978886
4470,1,1,0.59413546
4471,15,1,0.43680266
4472,1,1,0.6242616
4473,6,1,0.84521335
4474,18,0,0.38534617
4475,13,0,0.25505704
4476,25,1,0.17183451
4477,27,1,0.43757206
4478,27,0,0.37084603
4479,16,1,0.82138556
4480,8,0,0.31897172
4481,8,1,0.4558763
4482,0,0,0.40668017
4483,13,1,0.6227216
4484,16,1,0.3897287
4485,6,0,0.3722992
4486,16,0,0.42019272
4487,19,0,0.42703983
4488,20,0,0.5355938
4489,5,1,0.33895588
4490,11,0,0.6109537
4491,10,1,0.55252695
4492,27,1,0.589671
4493,16,1,0.481242
4494,24,0,0.7191608
4495,8,0,0.3514596
4496,25,1,0.6381941
4497,12,1,0.4326565
4498,14,0,0.80932295
4499,18,0,0.7888806
4500,25,0,0.41906038
4501,3,0,0.47033557
4502,22,0,0.53121907
4503,15,1,0.5860207
4504,23,1,0.80730295
4505,14,0,0.35752708
4506,25,1,0.6814149
4507,26,0,0.28207693
4508,8,1,0.6021303
4509,13,0,0.6519005
4510,2,1,0.6811408
4511,7,1,0.6823864
4512,10,0,0.27424446
4513,12,1,0.51983255
4514,15,0,0.33569616
4515,20,1,0.28400415
4516,1,0,0.3743444
4517,22,1,0.5269234
4518,7,1,0.80302113
4519,21,1,0.725917
4520,13,1,0.6168651
4521,21,0,0.7974173
4522,16,0,0.49329525
4523,13,1,0.41084367
4524,9,0,0.74757093
4525,14,1,0.5037468
4526,3,0,0.35420558
4527,3,0,0.44263548
4528,13,1,0.5498141
4529,1,1,0.6850757
4530,27,0,0.34540188
4531,11,0,0.38725865
4532,28,0,0.5573208
4533,8,1,0.75874907
4534,15,0,0.5520885
4535,16,0,0.2802177
4536,3,0,0.34320584
4537,11,0,0.76821107
4538,4,0,0.67615294
4539,13,1,0.52351874
4540,18,1,0.7627494
4541,13,1,0.80224323
4542,18,0,0.28348407
4543,6,1,0.37864605
4544,16,0,0.45679247
4545,8,1,0.48360175
4546,8,1,0.76453066
4547,20,1,0.8297213
4548,22,1,0.34984067
4549,21,0,0.52209437
4550,23,1,0.36766258
4551,13,1,0.31452554
4552,11,1,0.46518064
4553,3,1,0.5202781
4554,26,0,0.43992352
4555,15,1,0.65768534
4556,15,1,0.5965697
4557,23,1,0.676838
4558,25,1,0.25041702
4559,6,0,0.30584377
4560,17,0,0.33519003
4561,16,1,0.48196292
4562,20,0,0.59482706
4563,25,0,0.5083704
4564,11,1,0.59517115
4565,13,0,0.3619526
4566,24,0,0.2620076
4567,1,0,0.48098636
4568,13,1,0.55866194
4569,10,1,0.58797544
4570,8,0,0.6023468
4571,2,0,0.637554
4572,18,1,0.63133943
4573,10,0,0.3788499
4574,1,0,0.24362707
4575,20,0,0.7162343
4576,3,1,0.4886991
4577,14,1,0.58851
4578,28,1,0.38484812
4579,6,1,0.43999428
4580,27,1,0.6015811
4581,14,0,0.81540024
4582,27,0,0.28467512
4583,16,0,0.2458463
4584,5,0,0.24482334
4585,2,1,0.24911077
4586,3,0,0.65288335
4587,4,1,0.4790223
4588,23,1,0.81741834
4589,25,1,0.85209817
4590,13,1,0.36114275
4591,18,1,0.4515911
4592,0,1,0.35393488
4593,18,1,0.7732568
4594,19,1,0.44510248
4595,9,1,0.6211892
4596,19,0,0.24318784
4597,3,1,0.48398948
4598,3,0,0.5143631
4599,8,1,0.48110786
4600,22,0,0.48598722
4601,22,1,0.413148
4602,11,0,0.4134301
4603,28,0,0.5542388
4604,15,1,0.78687304
4605,13,1,0.48199356
4606,8,1,0.4538373
4607,13,0,0.7048169
4608,15,0,0.25614142
4609,25,0,0.7108857
4610,1,1,0.54137594
4611,20,1,0.736377
4612,6,1,0.8381745
4613,22,0,0.43722293
4614,8,0,0.27929592
4615,6,1,0.76328
4616,1,0,0.2597608
4617,6,1,0.6010689
4618,15,1,0.75294495
4619,11,1,0.87129486
4620,13,1,0.48032603
4621,12,0,0.51669216
4622,28,0,0.3366302
4623,2,0,0.21618003
4624,18,0,0.75429326
4625,8,1,0.72593427
4626,1,1,0.2525064
4627,25,1,0.72578055
4628,13,1,0.79042923
4629,18,0,0.7199286
4630,13,0,0.28382027
4631,1,1,0.49579176
4632,20,0,0.22939475
4633,11,1,0.46991706
4634,11,1,0.36577168
4635,14,1,0.71843475
4636,28,0,0.31239948
4637,3,1,0.81373227
4638,7,0,0.34122232
4639,9,0,0.74208564
4640,16,0,0.6830668
4641,3,1,0.8652669
4642,25,1,0.85602415
4643,0,0,0.40671682
4644,6,0,0.5260927
4645,27,0,0.2962304
4646,17,1,0.57653487
4647,8,1,0.52538174
4648,12,0,0.40469763
4649,25,1,0.512698
4650,26,1,0.7395298
4651,21,1,0.33733305
4652,1,0,0.21671867
4653,3,1,0.5812102
4654,12,1,0.59120953
4655,26,0,0.40786725
4656,26,0,0.25422487
4657,13,1,0.5002795
4658,22,1,0.33938095
4659,11,0,0.46281537
4660,17,1,0.58554703
4661,28,1,0.5476013
4662,5,1,0.6207674
4663,15,0,0.22731288
4664,3,1,0.7566568
4665,16,1,0.62515104
4666,26,0,0.5139093
4667,13,0,0.5357405
4668,1,1,0.58590984
4669,22,0,0.28757325
4670,26,0,0.4560538
4671,3,0,0.62310475
4672,25,1,0.7453223
4673,9,1,0.67890745
4674,21,0,0.45360148
4675,24,1,0.34615093
4676,7,0,0.430022
4677,2,1,0.33868968
4678,26,1,0.5652539
4679,21,0,0.7481013
4680,15,0,0.5594905
4681,24,1,0.833941
4682,10,0,0.41344187
4683,1,0,0.2810539
4684,28,0,0.44544578
4685,20,0,0.4500955
4686,1,1,0.5385411
4687,11,0,0.31057596
4688,28,0,0.38642088
4689,6,1,0.6673606
4690,2,0,0.75170135
4691,26,1,0.6317235
4692,10,0,0.25549975
4693,20,0,0.15528527
4694,14,0,0.45445222
4695,3,0,0.53690064
4696,27,1,0.34590897
4697,25,0,0.4921456
4698,20,0,0.7053035
4699,20,0,0.35467133
4700,15,1,0.37957492
4701,12,0,0.7920794
4702,6,1,0.7078469
4703,14,1,0.73862535
4704,2,0,0.3727554
4705,20,0,0.30632943
4706,8,0,0.39354727
4707,26,0,0.3220478
4708,6,1,0.7490043
4709,10,0,0.23549265
4710,1,1,0.62407976
4711,7,0,0.3639863
4712,9,0,0.3331756
4713,4,0,0.36958763
4714,15,1,0.43625554
4715,14,0,0.7437747
4716,2,0,0.33722964
4717,15,0,0.4687929
4718,24,1,0.49429843
4719,9,1,0.59716314
4720,4,1,0.55797696
4721,15,0,0.32044297
4722,13,0,0.5213702
4723,0,0,0.3159013
4724,2,0,0.4364969
4725,26,0,0.44077298
4726,16,1,0.6456551
4727,9,1,0.54975945
4728,27,1,0.43169805
4729,16,0,0.5909573
4730,14,0,0.30712575
4731,7,1,0.52461314
4732,6,0,0.38367054
4733,27,0,0.8591022
4734,26,0,0.5426332
4735,2,1,0.5183588
4736,11,1,0.61434317
4737,20,1,0.38132706
4738,12,0,0.56091243
4739,14,1,0.46582323
4740,25,1,0.6247267
4741,25,0,0.34689334
4742,17,0,0.54713815
4743,15,1,0.7399033
4744,23,1,0.30981722
4745,27,1,0.81267494
4746,1,0,0.3877237
4747,13,0,0.34945068
4748,5,0,0.4816936
4749,25,0,0.4642159
4750,17,1,0.64133316
4751,16,1,0.5065384
4752,4,1,0.46902075
4753,3,0,0.49976516
4754,9,0,0.50434303
4755,6,0,0.28010973
4756,9,1,0.8307112
4757,0,0,0.46583855
4758,2,1,0.4025074
4759,17,1,0.4504541
4760,6,0,0.505083
4761,26,0,0.42761356
4762,0,0,0.30769616
4763,27,1,0.4938882
4764,3,1,0.4201045
4765,25,1,0.49229944
4766,17,1,0.52844095
4767,15,1,0.5772058
4768,22,1,0.5514806
4769,2,0,0.32386076
4770,4,1,0.7920246
4771,4,1,0.6028287
4772,4,1,0.5396276
4773,0,1,0.8019965
4774,16,1,0.6615311
4775,14,0,0.55466735
4776,28,1,0.58186436
4777,21,1,0.85319996
4778,7,0,0.3419406
4779,8,0,0.53110445
4780,15,1,0.4706743
4781,1,0,0.7117405
4782,13,1,0.3729563
4783,8,0,0.3294427
4784,14,0,0.4569081
4785,15,1,0.6493233
4786,14,1,0.5067226
4787,22,1,0.26219964
4788,26,0,0.6224243
4789,16,1,0.3965334
4790,13,0,0.5444451
4791,17,1,0.49302363
4792,12,0,0.41297868
4793,14,0,0.29294696
4794,18,0,0.6317205
4795,10,1,0.6366275
4796,12,1,0.50427765
4797,13,0,0.35559323
4798,16,1,0.31724477
4799,13,1,0.3446967
4800,14,1,0.5586234
4801,3,0,0.32157397
4802,2,1,0.48924553
4803,13,0,0.29679263
4804,17,1,0.43009388
4805,12,1,0.42165545
4806,18,0,0.49439257
4807,16,0,0.32422742
4808,20,0,0.4350092
4809,16,1,0.37772977
4810,4,1,0.5734366
4811,5,0,0.31418562
4812,20,0,0.5388466
4813,18,1,0.78868824
4814,2,0,0.47484437
4815,4,1,0.33506072
4816,12,0,0.1866915
4817,2,1,0.34427306
4818,15,1,0.73086363
4819,14,1,0.17952988
4820,17,1,0.51394403
4821,11,1,0.21473996
4822,19,0,0.73537815
4823,11,0,0.58723503
4824,21,1,0.6207502
4825,25,1,0.627022
4826,3,0,0.5461735
4827,3,0,0.28685534
4828,25,0,0.6250103
4829,23,0,0.35427576
4830,8,0,0.45101905
4831,11,1,0.64610744
4832,2,0,0.5790689
4833,4,1,0.5216971
4834,7,1,0.2724824
4835,12,0,0.3195567
4836,20,0,0.57585627
4837,14,0,0.2500412
4838,8,0,0.6532235
4839,11,0,0.3608053
4840,2,1,0.3615003
4841,14,0,0.26535618
4842,28,0,0.64020026
4843,15,1,0.7548674
4844,14,0,0.60847145
4845,14,1,0.6688233
4846,9,0,0.4110317
4847,6,1,0.6921613
4848,15,0,0.4345126
4849,28,1,0.7736464
4850,11,0,0.7640199
4851,16,1,0.5117626
4852,23,1,0.52325654
4853,25,0,0.2630228
4854,13,0,0.2042755
4855,8,1,0.47887787
4856,25,1,0.31988308
4857,16,0,0.5398964
4858,23,1,0.48612657
4859,15,0,0.7726972
4860,22,1,0.52663213
4861,2,0,0.57052636
4862,13,1,0.49983865
4863,13,1,0.2673382
4864,26,1,0.2987524
4865,4,0,0.26059195
4866,24,0,0.50757337
4867,8,1,0.42584443
4868,13,1,0.5816957
4869,7,1,0.6940178
4870,13,0,0.27745843
4871,13,0,0.7603371
4872,11,0,0.4662671
4873,10,1,0.6172123
4874,2,1,0.43942803
4875,28,1,0.23357894
4876,15,1,0.32525986
4877,6,0,0.23721538
4878,23,1,0.56300247
4879,24,0,0.5859947
4880,8,1,0.3740467
4881,15,0,0.59835875
4882,10,0,0.5025233
4883,22,1,0.3793285
4884,25,0,0.35659063
4885,0,0,0.5854711
4886,5,1,0.69385606
4887,12,0,0.5623387
4888,2,1,0.36342138
4889,12,1,0.4667771
4890,2,1,0.72854954
4891,0,1,0.5233443
4892,22,0,0.30328628
4893,1,0,0.34076688
4894,0,1,0.34125847
4895,25,1,0.3648289
4896,12,0,0.21254985
4897,26,0,0.20736472
4898,27,0,0.57269365
4899,6,0,0.78170455
4900,8,0,0.61604744
4901,26,1,0.73812586
4902,13,0,0.5482778
4903,25,0,0.5287927
4904,27,1,0.5408929
4905,21,0,0.27278584
4906,1,0,0.6587713
4907,11,0,0.41721562
4908,19,1,0.31028232
4909,13,1,0.5831441
4910,10,0,0.23152837
4911,24,1,0.47962618
4912,16,0,0.27211893
4913,7,0,0.8015267
4914,1,0,0.5046872
4915,4,0,0.63783914
4916,17,0,0.33891156
4917,7,1,0.6449031
4918,12,1,0.57942754
4919,26,1,0.35962376
4920,11,1,0.32132387
4921,8,1,0.61698073
4922,17,1,0.6913629
4923,26,0,0.71271324
4924,13,0,0.5896945
4925,11,0,0.47195545
4926,9,0,0.25887328
4927,0,0,0.4381554
4928,9,1,0.7152757
4929,13,1,0.7932882
4930,8,0,0.60877854
4931,19,1,0.4792389
4932,26,0,0.57309896
4933,27,0,0.5218369
4934,28,0,0.2553695
4935,17,1,0.50762045
4936,10,0,0.519431
4937,28,1,0.52430093
4938,4,1,0.560582
4939,27,0,0.36208436
4940,17,0,0.2795434
4941,8,0,0.28672647
4942,8,0,0.45729247
4943,10,0,0.18662398
4944,15,1,0.8002807
4945,13,0,0.6478566
4946,3,1,0.40169746
4947,20,1,0.68460256
4948,11,1,0.73693705
4949,0,1,0.5826769
4950,12,1,0.51542956
4951,8,1,0.5214977
4952,2,0,0.2228239
4953,2,1,0.552768
4954,5,1,0.27764764
4955,12,0,0.16095461
4956,16,0,0.28026548
4957,16,1,0.3592478
4958,8,0,0.25916108
4959,3,0,0.52302045
4960,11,0,0.35162193
4961,17,0,0.27753904
4962,10,1,0.79988205
4963,10,1,0.38768876
4964,15,1,0.4995365
4965,0,1,0.54211664
4966,10,0,0.5247711
4967,18,0,0.7597256
4968,15,0,0.47345668
4969,11,0,0.76294947
4970,23,0,0.8180446
4971,2,0,0.28727916
4972,2,1,0.33491212
4973,22,1,0.33445346
4974,15,1,0.30638477
4975,15,0,0.43028918
4976,11,1,0.65699047
4977,14,1,0.43114024
4978,20,1,0.65421176
4979,25,0,0.42731026
4980,18,1,0.50068676
4981,1,1,0.3086734
4982,2,1,0.30876768
4983,14,1,0.33694348
4984,20,1,0.38039112
4985,24,1,0.4077564
4986,7,0,0.44342867
4987,11,0,0.5152019
4988,16,1,0.5688738
4989,17,1,0.47429806
4990,12,1,0.4665761
4991,10,0,0.20780458
4992,3,1,0.59868604
4993,19,0,0.57384455
4994,14,1,0.8286591
4995,3,1,0.6524809
4996,24,0,0.48881584
4997,10,1,0.80598766
4998,16,0,0.29387403
4999,1,1,0.7947743
5000,1,0,0.36754864
5001,11,0,0.26779824
5002,28,1,0.5133914
5003,18,1,0.6068336
5004,6,1,0.7259203
5005,12,0,0.5463753
5006,2,0,0.48348078
5007,26,1,0.46878126
5008,27,1,0.52749807
5009,11,1,0.4618412
5010,6,0,0.2750178
5011,16,0,0.31599194
5012,11,0,0.3055165
5013,18,1,0.5500604
5014,8,0,0.44379783
5015,25,1,0.3101278
5016,16,0,0.1956622
5017,13,0,0.47814012
5018,27,1,0.531689
5019,13,0,0.4836594
5020,21,0,0.40738505
5021,19,1,0.35657042
5022,11,1,0.28479925
5023,16,1,0.26626912
5024,10,1,0.66630816
5025,21,1,0.34722304
5026,1,0,0.17771971
5027,13,0,0.6244839
5028,1,0,0.61052006
5029,10,1,0.43362126
5030,25,0,0.7827516
5031,20,1,0.80272895
5032,12,0,0.4931891
5033,12,1,0.687436
5034,26,1,0.66994596
5035,22,1,0.36473423
5036,4,1,0.56092614
5037,6,1,0.8031628
5038,22,0,0.5450809
5039,0,1,0.6616305
5040,25,0,0.3217596
5041,6,1,0.55427134
5042,13,1,0.48532468
5043,16,1,0.33029044
5044,8,1,0.8228544
5045,21,0,0.5422858
5046,18,1,0.462256
5047,3,0,0.30644143
5048,13,1,0.6846677
5049,25,1,0.30690214
5050,7,1,0.5002125
5051,7,0,0.47091228
5052,3,0,0.5795599
5053,28,1,0.53172755
5054,20,1,0.6365446
5055,16,0,0.4865204
5056,28,1,0.37158328
5057,13,0,0.6288081
5058,13,1,0.62679106
5059,5,1,0.25168228
5060,0,0,0.5587757
5061,16,1,0.5473895
5062,2,1,0.2886922
5063,13,0,0.5527255
5064,11,0,0.5441203
5065,17,0,0.65004
5066,15,1,0.86613756
5067,6,1,0.37420636
5068,7,1,0.47204298
5069,1,1,0.81787807
5070,26,1,0.48236844
5071,2,0,0.42975482
5072,2,0,0.82214206
5073,13,1,0.6355909
5074,17,0,0.52121866
5075,25,1,0.78937
5076,10,0,0.52325577
5077,25,0,0.46537098
5078,6,1,0.24296963
5079,24,0,0.50030506
5080,16,0,0.5080438
5081,2,1,0.67950773
5082,27,0,0.23109522
5083,15,1,0.36314893
5084,8,0,0.29690796
5085,17,0,0.22512844
5086,12,1,0.31300178
5087,10,1,0.50755644
5088,19,0,0.53171724
5089,2,1,0.4543909
5090,17,1,0.5052259
5091,13,1,0.55696
5092,11,0,0.86532986
5093,28,1,0.5059035
5094,5,1,0.30371732
5095,22,1,0.59949887
5096,15,1,0.63153815
5097,8,1,0.68348974
5098,11,1,0.28761512
5099,21,0,0.2229501
5100,19,1,0.5079267
5101,19,0,0.21091433
5102,4,0,0.48704615
5103,21,0,0.34734067
5104,3,1,0.2783597
5105,25,0,0.26086342
5106,16,1,0.64432245
5107,16,0,0.7521778
5108,17,1,0.37467763
5109,2,0,0.56635267
5110,1,1,0.33036953
5111,16,1,0.64014345
5112,21,0,0.32490578
5113,1,0,0.1982414
5114,16,1,0.79881805
5115,15,0,0.3886641
5116,14,1,0.6794644
5117,22,0,0.5750765
5118,26,1,0.23503679
5119,20,1,0.584022
5120,15,1,0.30540603
5121,16,0,0.26841417
5122,16,1,0.5103395
5123,8,1,0.76288426
5124,10,1,0.7924123
5125,13,0,0.74890333
5126,24,0,0.40345678
5127,22,1,0.5653825
5128,10,0,0.28596675
5129,27,1,0.51597303
5130,13,1,0.802232
5131,23,1,0.6533229
5132,25,0,0.46033832
5133,10,0,0.3378693
5134,16,0,0.46523756
5135,21,1,0.3251124
5136,25,0,0.2198822
5137,0,1,0.42034677
5138,25,1,0.252138
5139,6,1,0.68069255
5140,20,0,0.32889608
5141,1,1,0.4040411
5142,3,0,0.3802713
5143,13,1,0.34406695
5144,24,0,0.5097582
5145,25,0,0.38997525
5146,25,1,0.5332727
5147,27,0,0.5906946
5148,13,0,0.34712014
5149,15,1,0.272056
5150,14,0,0.7654181
5151,25,1,0.55794924
5152,15,1,0.8585659
5153,25,1,0.32010514
5154,26,0,0.34933513
5155,13,1,0.5067923
5156,27,0,0.73940045
5157,2,1,0.4311626
5158,22,1,0.49127162
5159,22,1,0.3349332
5160,10,1,0.30483732
5161,2,0,0.7566076
5162,18,0,0.41585654
5163,1,1,0.71416795
5164,15,0,0.45422238
5165,2,0,0.530828
5166,8,1,0.7433977
5167,2,1,0.5372618
5168,11,1,0.46159223
5169,12,0,0.28114215
5170,19,1,0.67928976
5171,0,0,0.2542572
5172,8,0,0.42568472
5173,25,0,0.3173962
5174,28,1,0.48836315
5175,24,0,0.48513302
5176,17,1,0.85491836
5177,11,1,0.37894306
5178,25,0,0.37242547
5179,16,0,0.66058636
5180,10,0,0.78777474
5181,25,1,0.39469492
5182,22,0,0.26908633
5183,3,0,0.61141336
5184,2,0,0.26760545
5185,13,1,0.57937354
5186,9,1,0.82407135
5187,13,1,0.7138267
5188,6,0,0.58425957
5189,16,1,0.42940137
5190,2,0,0.3669203
5191,12,0,0.73487407
5192,7,1,0.7639824
5193,18,0,0.6412241
5194,26,1,0.48769048
5195,16,1,0.24339555
5196,2,1,0.2826091
5197,27,0,0.50767076
5198,11,0,0.36411867
5199,13,1,0.7781273
5200,3,0,0.3936343
5201,16,1,0.69344944
5202,16,1,0.48325104
5203,1,0,0.2784756
5204,9,1,0.38868573
5205,15,0,0.34162015
5206,12,1,0.6566125
5207,26,1,0.29628214
5208,3,1,0.51064056
5209,21,1,0.4823635
5210,5,1,0.6304774
5211,13,0,0.3204063
5212,1,0,0.5076305
5213,25,0,0.5909195
5214,15,1,0.7521383
5215,27,1,0.48538208
5216,5,0,0.18996117
5217,21,0,0.329092
5218,19,1,0.52282083
5219,22,1,0.8061903
5220,2,0,0.35329983
5221,0,0,0.44188645
5222,13,0,0.6317501
5223,27,0,0.3434643
5224,16,1,0.2762821
5225,20,0,0.2818521
5226,12,0,0.33547163
5227,20,0,0.40749145
5228,26,0,0.18876365
5229,0,1,0.50178427
5230,10,1,0.69496197
5231,27,1,0.42189902
5232,4,1,0.4364386
5233,26,0,0.3381788
5234,12,1,0.48433173
5235,16,1,0.5012527
5236,21,1,0.5736792
5237,22,0,0.58613104
5238,9,1,0.7455034
5239,4,0,0.31851766
5240,16,0,0.3772276
5241,10,0,0.76073503
5242,19,1,0.66021687
5243,10,0,0.40043473
5244,25,1,0.5655321
5245,2,1,0.44663742
5246,15,1,0.5986698
5247,28,0,0.5823621
5248,23,0,0.28300685
5249,0,1,0.44002146
5250,16,1,0.5143398
5251,20,0,0.18498032
5252,10,1,0.71782035
5253,20,1,0.6926062
5254,13,0,0.27519
5255,13,0,0.2985771
5256,27,1,0.82460797
5257,26,0,0.3565851
5258,1,1,0.6022365
5259,13,1,0.68381983
5260,14,1,0.4350624
5261,16,1,0.5553465
5262,17,0,0.3704964
5263,19,1,0.3377534
5264,10,1,0.81345695
5265,22,1,0.8471347
5266,4,1,0.54724085
5267,19,1,0.48433104
5268,11,1,0.68551034
5269,15,1,0.70452726
5270,12,0,0.24731143
5271,28,0,0.39812246
5272,12,1,0.6870567
5273,8,0,0.4714765
5274,22,0,0.52583414
5275,16,1,0.6271498
5276,2,0,0.30201405
5277,26,0,0.49250546
5278,11,0,0.54287404
5279,13,0,0.55565566
5280,24,1,0.5224316
5281,9,0,0.66379106
5282,15,0,0.3219905
5283,20,0,0.5511652
5284,5,1,0.6555359
5285,9,1,0.6624931
5286,15,0,0.7029113
5287,22,1,0.59247327
5288,12,1,0.40467247
5289,19,0,0.49785075
5290,2,0,0.3737508
5291,16,1,0.7556141
5292,2,0,0.2239479
5293,14,1,0.37024787
5294,17,0,0.45229137
5295,13,0,0.6283176
5296,22,0,0.18639956
5297,10,1,0.59285337
5298,17,0,0.59190524
5299,5,1,0.4478999
5300,11,1,0.6032474
5301,27,0,0.22522464
5302,7,0,0.4075521
5303,10,0,0.53794676
5304,19,1,0.70920265
5305,6,1,0.7103689
5306,2,1,0.47178203
5307,20,0,0.47905296
5308,1,1,0.54978114
5309,1,0,0.80554396
5310,5,0,0.43288338
5311,19,0,0.4883835
5312,3,0,0.4776671
5313,17,0,0.2988102
5314,13,1,0.3073355
5315,2,1,0.53888977
5316,2,0,0.29296842
5317,13,0,0.5848456
5318,18,0,0.4225712
5319,9,1,0.48096043
5320,18,0,0.4300547
5321,1,0,0.43572888
5322,6,1,0.70812017
5323,2,0,0.47166303
5324,19,0,0.30105233
5325,7,1,0.68779135
5326,1,0,0.5345969
5327,1,0,0.680336
5328,1,1,0.48446253
5329,24,0,0.604113
5330,2,1,0.62132156
5331,20,0,0.43632925
5332,13,0,0.5262546
5333,4,0,0.75298256
5334,9,1,0.45842183
5335,11,0,0.61453223
5336,2,0,0.5066179
5337,26,0,0.5125695
5338,2,0,0.32256553
5339,15,0,0.7080544
5340,9,1,0.48985162
5341,0,0,0.55290264
5342,17,1,0.7218728
5343,20,1,0.4719805
5344,3,0,0.28881872
5345,28,1,0.65944463
5346,5,1,0.5167974
5347,16,1,0.5394573
5348,11,0,0.7905429
5349,13,1,0.47666293
5350,20,1,0.4491247
5351,0,1,0.42885622
5352,27,1,0.56549066
5353,27,0,0.3153873
5354,2,1,0.6155731
5355,9,0,0.5309209
5356,5,0,0.42642713
5357,16,1,0.48775202
5358,20,0,0.7961324
5359,12,1,0.52127045
5360,0,0,0.5092574
5361,7,0,0.14710498
5362,16,0,0.5117483
5363,19,1,0.44273865
5364,27,0,0.23786506
5365,25,0,0.6777184
5366,0,1,0.42199868
5367,27,0,0.5569315
5368,27,1,0.73801285
5369,8,0,0.26383775
5370,16,0,0.41194704
5371,10,1,0.27674243
5372,17,0,0.27288443
5373,25,0,0.4744412
5374,7,1,0.6327206
5375,14,1,0.3723192
5376,2,0,0.47496685
5377,15,1,0.33708343
5378,21,1,0.5038243
5379,8,0,0.40397155
5380,9,0,0.35938457
5381,2,0,0.27797225
5382,13,1,0.27054366
5383,25,1,0.5948051
5384,3,1,0.71798056
5385,8,1,0.7312623
5386,15,1,0.3124775
5387,4,1,0.4197016
5388,12,1,0.8265767
5389,12,0,0.24011542
5390,9,0,0.45611608
5391,16,1,0.52240956
5392,13,0,0.31185964
5393,6,0,0.30449727
5394,13,0,0.3800367
5395,21,1,0.6132446
5396,15,1,0.45751384
5397,1,1,0.4395111
5398,26,1,0.31427535
5399,15,1,0.85802585
5400,18,1,0.40983933
5401,16,1,0.5280124
5402,25,1,0.47093457
5403,13,1,0.8118686
5404,27,0,0.65517676
5405,1,0,0.21033755
5406,3,1,0.5255624
5407,26,0,0.6396825
5408,16,1,0.32395008
5409,13,0,0.63197076
5410,22,0,0.541426
5411,5,0,0.45279008
5412,10,0,0.5257391
5413,11,0,0.33062622
5414,0,0,0.44314128
5415,18,1,0.6189093
5416,6,1,0.32015434
5417,13,0,0.8344991
5418,11,0,0.51963276
5419,14,0,0.39367625
5420,1,1,0.53583926
5421,16,1,0.340395
5422,11,0,0.24353941
5423,27,1,0.5259995
5424,15,1,0.83364046
5425,26,0,0.43162918
5426,9,0,0.55520856
5427,14,1,0.6565391
5428,6,1,0.35764897
5429,16,1,0.5193127
5430,15,1,0.5881264
5431,23,0,0.22388296
5432,22,0,0.47894606
5433,16,1,0.64654136
5434,18,1,0.65907365
5435,13,0,0.71218246
5436,25,0,0.42967647
5437,18,0,0.56287825
5438,26,1,0.66696084
5439,1,1,0.41954455
5440,22,0,0.6135752
5441,28,1,0.38577983
5442,1,0,0.3794536
5443,11,0,0.41919824
5444,14,1,0.6687767
5445,27,1,0.36441037
5446,10,0,0.5143541
5447,25,1,0.54694486
5448,14,0,0.2627562
5449,12,0,0.3382561
5450,3,0,0.41306508
5451,14,0,0.5497526
5452,5,0,0.6007984
5453,11,0,0.62458473
5454,6,1,0.26775864
5455,27,0,0.3575126
5456,27,0,0.6245415
5457,15,1,0.52220076
5458,7,1,0.56700206
5459,19,0,0.5145676
5460,26,0,0.29438487
5461,14,0,0.6196964
5462,12,0,0.68363506
5463,16,0,0.5707447
5464,8,0,0.3893212
5465,11,0,0.18764305
5466,27,1,0.47763467
5467,7,1,0.32397062
5468,4,0,0.5310422
5469,14,0,0.5174327
5470,2,1,0.7153738
5471,4,1,0.2794452
5472,3,1,0.8225874
5473,16,1,0.73387116
5474,15,0,0.3009415
5475,2,1,0.4118653
5476,8,1,0.2094205
5477,13,0,0.34259942
5478,11,0,0.6206136
5479,20,0,0.33004546
5480,17,0,0.6255966
5481,15,0,0.2780791
5482,25,1,0.5421733
5483,28,1,0.5253819
5484,15,0,0.53826183
5485,2,0,0.32255945
5486,15,1,0.70315343
5487,4,0,0.49997914
5488,16,0,0.3646483
5489,16,0,0.38314587
5490,8,0,0.27963054
5491,1,1,0.37753272
5492,27,1,0.53424275
5493,18,0,0.42085388
5494,8,1,0.52999485
5495,23,0,0.63807106
5496,2,1,0.37577587
5497,13,1,0.47038764
5498,8,0,0.61484164
5499,12,1,0.32848963
5500,8,1,0.5624934
5501,20,0,0.7541928
5502,1,1,0.27727664
5503,10,1,0.77949363
5504,6,0,0.45775044
5505,7,0,0.7357487
5506,10,1,0.48318887
5507,25,0,0.54837894
5508,10,0,0.4809707
5509,21,1,0.28550366
5510,13,1,0.6120503
5511,22,1,0.5388602
5512,16,1,0.2776624
5513,13,0,0.3005344
5514,3,1,0.6286217
5515,13,1,0.48327816
5516,3,0,0.46597093
5517,11,0,0.18342341
5518,2,1,0.294791
5519,7,0,0.61724895
5520,18,0,0.2726448
5521,17,1,0.63636965
5522,13,1,0.65963554
5523,13,1,0.22697571
5524,0,1,0.73764706
5525,3,0,0.69029087
5526,12,0,0.25516966
5527,18,0,0.48453763
5528,6,1,0.5169675
5529,8,0,0.61945486
5530,11,1,0.39387804
5531,28,1,0.58854765
5532,1,1,0.599631
5533,17,0,0.6042803
5534,22,1,0.32324168
5535,10,0,0.68250936
5536,26,0,0.5848285
5537,1,0,0.5238472
5538,25,1,0.5194492
5539,10,0,0.43912917
5540,4,0,0.39987525
5541,7,0,0.38682613
5542,15,0,0.6823895
5543,12,1,0.4180193
5544,8,0,0.43037033
5545,12,1,0.8196558
5546,25,0,0.32483187
5547,13,1,0.569232
5548,2,0,0.5072446
5549,26,1,0.37887433
5550,13,1,0.5194341
5551,0,0,0.80438006
5552,18,0,0.32800004
5553,16,1,0.52906257
5554,2,1,0.4891895
5555,27,0,0.52744204
5556,14,1,0.8046397
5557,6,1,0.6105327
5558,25,0,0.3155584
5559,7,0,0.49106133
5560,14,0,0.41578028
5561,14,0,0.20920283
5562,27,1,0.46478269
5563,16,0,0.32611525
5564,2,0,0.41799152
5565,21,1,0.79502535
5566,23,0,0.25283402
5567,15,1,0.560308
5568,6,0,0.43534234
5569,26,1,0.5996213
5570,11,0,0.24072993
5571,7,0,0.57862884
5572,7,1,0.38244358
5573,16,1,0.56931025
5574,25,1,0.44586587
5575,21,1,0.5826529
5576,27,1,0.5379676
5577,1,1,0.33297667
5578,8,0,0.20148858
5579,13,1,0.8186469
5580,11,1,0.7316173
5581,1,1,0.7859143
5582,4,0,0.47345412
5583,13,1,0.496144
5584,25,0,0.4532527
5585,19,1,0.5696193
5586,11,1,0.49627513
5587,6,0,0.5842859
5588,16,0,0.7755105
5589,9,1,0.6454956
5590,13,0,0.45106387
5591,26,0,0.28944087
5592,20,0,0.6309116
5593,19,1,0.3026431
5594,11,0,0.4828199
5595,16,0,0.240872
5596,4,1,0.619836
5597,2,0,0.508796
5598,26,1,0.29630238
5599,25,1,0.58140403
5600,8,1,0.38359404
5601,1,1,0.48532188
5602,22,1,0.76692677
5603,13,1,0.52087235
5604,9,0,0.49745136
5605,3,1,0.4276519
5606,26,0,0.4384869
5607,15,0,0.1602124
5608,18,1,0.5068315
5609,27,0,0.6142282
5610,27,1,0.5913322
5611,17,1,0.566188
5612,1,0,0.23954147
5613,18,1,0.7649572
5614,26,0,0.5864722
5615,26,1,0.7727546
5616,3,0,0.46205395
5617,28,1,0.314648
5618,12,0,0.24625489
5619,26,1,0.4300379
5620,2,1,0.33438525
5621,23,1,0.36401045
5622,16,1,0.61901736
5623,28,0,0.52797574
5624,22,1,0.47224855
5625,6,0,0.47677988
5626,1,1,0.4523461
5627,27,1,0.46836153
5628,12,0,0.3027076
5629,17,0,0.30634522
5630,26,0,0.6710057
5631,13,1,0.7831094
5632,11,0,0.36679608
5633,28,0,0.42221615
5634,0,1,0.5777949
5635,21,1,0.2817633
5636,25,0,0.75123817
5637,20,1,0.54430646
5638,2,1,0.55551463
5639,21,0,0.304203
5640,8,0,0.54363656
5641,25,0,0.28266513
5642,8,0,0.32977086
5643,7,0,0.42452002
5644,6,0,0.27728784
5645,1,1,0.5892957
5646,23,0,0.30043915
5647,2,1,0.55794764
5648,4,0,0.62084895
5649,27,1,0.6303425
5650,7,0,0.36901364
5651,16,1,0.84537005
5652,3,0,0.5228088
5653,19,0,0.5700065
5654,15,1,0.7463434
5655,1,1,0.63718647
5656,11,1,0.5802196
5657,15,1,0.60767674
5658,19,0,0.3001946
5659,13,1,0.8546001
5660,15,1,0.47511986
5661,22,0,0.65250754
5662,16,1,0.43185833
5663,8,0,0.34952888
5664,19,0,0.47046578
5665,25,1,0.74843395
5666,0,1,0.5267967
5667,16,0,0.3029909
5668,23,1,0.5399684
5669,10,0,0.56714773
5670,22,0,0.63314396
5671,20,0,0.31031576
5672,11,1,0.6939669
5673,18,0,0.48514482
5674,8,0,0.21127589
5675,22,1,0.5456423
5676,6,0,0.4917568
5677,17,0,0.55036664
5678,27,0,0.49376377
5679,15,1,0.66755104
5680,2,1,0.3665397
5681,11,0,0.1973534
5682,25,1,0.48219475
5683,3,1,0.4041034
5684,10,0,0.5099541
5685,16,0,0.38709614
5686,1,0,0.62701225
5687,21,1,0.36184257
5688,25,0,0.59044373
5689,15,0,0.5398783
5690,28,0,0.77982074
5691,22,0,0.54013747
5692,17,1,0.78705376
5693,16,0,0.57510966
5694,1,0,0.38331214
5695,17,1,0.52483106
5696,28,0,0.26782984
5697,28,1,0.30974692
5698,26,1,0.24636589
5699,13,0,0.21055046
5700,13,0,0.24445966
5701,10,0,0.35898414
5702,14,1,0.83193046
5703,6,1,0.5834882
5704,9,1,0.6746046
5705,13,0,0.49763775
5706,11,0,0.36662593
5707,28,0,0.6208925
5708,16,1,0.40187636
5709,16,1,0.7480308
5710,10,0,0.26338875
5711,25,0,0.6186466
5712,8,0,0.54944474
5713,0,1,0.8211425
5714,15,0,0.35189152
5715,23,0,0.34266493
5716,11,1,0.49962056
5717,25,1,0.77265507
5718,12,0,0.59811115
5719,8,1,0.3057002
5720,6,1,0.41936007
5721,16,0,0.50554115
5722,25,0,0.23013653
5723,14,0,0.26788682
5724,5,1,0.5381274
5725,13,1,0.467861
5726,21,0,0.17452237
5727,2,1,0.3338828
5728,13,1,0.48333964
5729,13,1,0.6367937
5730,27,0,0.4241868
5731,1,0,0.3743898
5732,27,0,0.38451698
5733,12,1,0.7634463
5734,22,0,0.56385434
5735,15,1,0.828979
5736,17,0,0.41773432
5737,13,0,0.46697333
5738,26,1,0.45216107
5739,8,1,0.55586106
5740,25,0,0.4349212
5741,13,1,0.45501503
5742,16,0,0.5027391
5743,7,0,0.39081916
5744,1,0,0.44359553
5745,8,1,0.48523957
5746,18,0,0.42690408
5747,17,1,0.5041007
5748,13,1,0.624305
5749,0,0,0.49994397
5750,28,1,0.5434909
5751,9,1,0.49409613
5752,19,1,0.3565918
5753,12,1,0.73634833
5754,12,1,0.5358694
5755,2,0,0.3874142
5756,27,0,0.3894074
5757,2,0,0.54849553
5758,2,1,0.7986674
5759,27,1,0.61064947
5760,23,1,0.37925452
5761,6,1,0.48624787
5762,16,1,0.6222073
5763,21,1,0.6627067
5764,12,1,0.47412047
5765,2,1,0.2381909
5766,13,0,0.52155626
5767,8,1,0.3653539
5768,20,0,0.25651604
5769,18,0,0.2694941
5770,2,1,0.22217238
5771,21,1,0.41798368
5772,11,0,0.45160073
5773,28,0,0.58680683
5774,19,1,0.52033764
5775,16,0,0.5368491
5776,25,1,0.6071132
5777,12,1,0.5840493
5778,6,1,0.23396546
5779,16,0,0.49113342
5780,11,1,0.6055441
5781,10,1,0.8365801
5782,11,0,0.34154838
5783,16,0,0.27584127
5784,27,1,0.5627616
5785,1,1,0.7305275
5786,13,0,0.39428058
5787,18,0,0.560445
5788,3,1,0.4384793
5789,9,1,0.65329283
5790,27,0,0.5338784
5791,15,1,0.56468654
5792,10,1,0.70352435
5793,13,1,0.52900946
5794,27,0,0.4683481
5795,10,0,0.6499621
5796,12,1,0.7256423
5797,11,0,0.76546454
5798,2,0,0.28112838
5799,20,0,0.5845202
5800,13,1,0.5374943
5801,20,0,0.35993052
5802,2,1,0.7870034
5803,23,1,0.5141431
5804,11,1,0.25861052
5805,3,0,0.46488664
5806,16,0,0.2702165
5807,27,1,0.75699055
5808,22,0,0.6943854
5809,15,1,0.53088385
5810,13,1,0.7077159
5811,8,1,0.5736138
5812,20,1,0.7176183
5813,26,0,0.4638936
5814,21,1,0.8230986
5815,9,0,0.48965576
5816,23,1,0.82526803
5817,19,1,0.6181488
5818,10,0,0.54300183
5819,25,1,0.63258404
5820,12,1,0.7821143
5821,27,0,0.48639458
5822,11,1,0.6960493
5823,23,1,0.4783295
5824,15,0,0.6471865
5825,2,0,0.3273893
5826,10,1,0.7121822
5827,8,1,0.39667273
5828,2,0,0.37394068
5829,13,1,0.7666069
5830,2,0,0.6062948
5831,11,1,0.83669984
5832,26,0,0.68367404
5833,19,0,0.61855227
5834,11,0,0.5950695
5835,15,0,0.4973266
5836,13,1,0.52290815
5837,16,0,0.5503781
5838,2,0,0.34604836
5839,26,1,0.7763312
5840,16,1,0.46425998
5841,1,1,0.54226726
5842,15,1,0.41586238
5843,19,0,0.54636925
5844,3,1,0.5510949
5845,28,1,0.36232224
5846,2,1,0.7581926
5847,10,1,0.5970822
5848,18,1,0.7626508
5849,23,1,0.53478545
5850,4,1,0.5863318
5851,8,1,0.64780796
5852,8,0,0.42283604
5853,18,1,0.6191195
5854,1,1,0.39384714
5855,5,1,0.44482464
5856,17,0,0.5144286
5857,1,0,0.39129117
5858,12,1,0.41104934
5859,27,0,0.47560853
5860,15,0,0.46536613
5861,12,0,0.6364971
5862,7,0,0.27779755
5863,8,1,0.7505098
5864,9,0,0.39676833
5865,22,0,0.33971223
5866,15,0,0.21827836
5867,15,1,0.54210293
5868,26,1,0.682603
5869,13,1,0.490756
5870,1,1,0.7885149
5871,13,0,0.30059612
5872,20,0,0.32754186
5873,15,1,0.495073
5874,15,1,0.7419606
5875,8,1,0.6943137
5876,4,0,0.63217777
5877,25,0,0.43777958
5878,4,1,0.55963504
5879,21,1,0.42547673
5880,15,0,0.54243356
5881,17,1,0.3816831
5882,3,1,0.50302565
5883,10,0,0.6216049
5884,22,0,0.67895377
5885,26,0,0.3752562
5886,3,0,0.31014618
5887,2,0,0.26977706
5888,3,1,0.5920987
5889,13,1,0.720469
5890,3,1,0.24967778
5891,18,1,0.5448199
5892,3,1,0.72487646
5893,27,0,0.42059267
5894,1,0,0.5995089
5895,15,0,0.5192618
5896,10,1,0.7495983
5897,15,0,0.4712241
5898,15,0,0.4956697
5899,15,0,0.41461435
5900,18,0,0.64827883
5901,12,1,0.44721535
5902,23,0,0.48500434
5903,24,1,0.6107238
5904,13,1,0.5214513
5905,11,0,0.17390144
5906,13,0,0.3556919
5907,2,0,0.28300574
5908,12,0,0.49529365
5909,6,0,0.32896143
5910,15,1,0.53029054
5911,8,1,0.45103332
5912,13,0,0.61342394
5913,6,0,0.705705
5914,0,1,0.38464016
5915,10,0,0.26964968
5916,19,0,0.69819677
5917,16,0,0.39101285
5918,21,1,0.5542949
5919,3,1,0.6687029
5920,25,1,0.46891782
5921,6,1,0.6282201
5922,15,1,0.7576207
5923,2,1,0.82589144
5924,5,1,0.48520976
5925,23,0,0.3632717
5926,16,1,0.79708487
5927,23,0,0.41957995
5928,23,0,0.3126907
5929,11,0,0.19899511
5930,9,0,0.38702473
5931,0,0,0.4456469
5932,27,0,0.6468134
5933,15,0,0.30877593
5934,23,0,0.5545005
5935,23,0,0.5096998
5936,14,1,0.56848884
5937,6,1,0.5447758
5938,25,1,0.7449195
5939,13,1,0.56096756
5940,2,0,0.20112757
5941,4,0,0.5361711
5942,11,1,0.3810307
5943,1,1,0.5882139
5944,3,1,0.60304767
5945,7,1,0.36811057
5946,10,1,0.56835645
5947,24,0,0.34025812
5948,13,0,0.50917834
5949,8,1,0.6094618
5950,1,0,0.51834506
5951,9,1,0.7294537
5952,2,0,0.39796704
5953,10,1,0.36238435
5954,26,0,0.4696649
5955,13,0,0.3332188
5956,7,0,0.3437722
5957,9,0,0.39824513
5958,13,0,0.53693473
5959,20,1,0.54901874
5960,13,0,0.50705165
5961,11,1,0.8098888
5962,0,1,0.8337635
5963,6,1,0.30042127
5964,17,1,0.5904727
5965,1,1,0.34959617
5966,20,0,0.40977857
5967,16,0,0.34277132
5968,14,0,0.53391165
5969,25,0,0.4337498
5970,24,0,0.23029602
5971,6,1,0.42362735
5972,11,0,0.29619676
5973,18,0,0.5667444
5974,14,1,0.7289835
5975,1,1,0.55298525
5976,8,1,0.33806962
5977,11,1,0.5641792
5978,7,1,0.2105971
5979,0,0,0.5659154
5980,16,1,0.43876475
5981,13,0,0.46349838
5982,16,0,0.6859697
5983,14,0,0.5072914
5984,25,1,0.4418221
5985,7,1,0.62129
5986,26,1,0.3672996
5987,16,0,0.5747628
5988,26,0,0.5398286
5989,1,1,0.33753318
5990,16,1,0.5980017
5991,15,1,0.47185087
5992,6,1,0.21984959
5993,2,1,0.6081326
5994,23,1,0.6679677
5995,5,0,0.27463254
5996,1,0,0.33805797
5997,21,0,0.35771674
5998,15,0,0.30249164
5999,14,0,0.40991876
6000,16,1,0.4908895
6001,22,1,0.5504612
6002,15,0,0.25795922
6003,10,1,0.45498452
6004,24,0,0.4967537
6005,18,0,0.7092502
6006,5,1,0.62759113
6007,5,1,0.61113465
6008,2,0,0.3701171
6009,14,0,0.71283
6010,6,1,0.51642174
6011,16,0,0.20320225
6012,16,0,0.72144437
6013,15,0,0.45492002
6014,12,0,0.5593696
6015,3,1,0.7956579
6016,24,0,0.4165399
6017,8,0,0.4825725
6018,15,1,0.8040277
6019,25,0,0.33154604
6020,1,0,0.3091768
6021,2,0,0.34357715
6022,2,1,0.6765103
6023,24,1,0.83261955
6024,28,1,0.42593545
6025,25,0,0.20499901
6026,15,0,0.4436417
6027,27,0,0.6978001
6028,2,1,0.6906681
6029,10,0,0.27604523
6030,16,0,0.2920409
6031,3,0,0.228433
6032,0,1,0.3556312
6033,15,0,0.4303208
6034,17,1,0.5822516
6035,11,0,0.8116724
6036,8,0,0.31568858
6037,25,1,0.39712733
6038,28,1,0.7427587
6039,20,0,0.5335262
6040,6,0,0.4235607
6041,9,0,0.2902327
6042,23,1,0.7180846
6043,16,0,0.7087539
6044,26,1,0.73898095
6045,12,0,0.3709692
6046,15,1,0.48247138
6047,24,0,0.43049824
6048,10,1,0.41890392
6049,2,0,0.187718
6050,26,0,0.42658395
6051,3,0,0.49280834
6052,15,0,0.36539978
6053,11,1,0.6765695
6054,26,1,0.42757085
6055,3,0,0.415435
6056,11,1,0.6597162
6057,16,0,0.4424618
6058,26,0,0.3609611
6059,8,0,0.7345474
6060,22,1,0.35991123
6061,23,1,0.5365107
6062,8,0,0.4128152
6063,16,0,0.3369491
6064,22,0,0.33089733
6065,8,0,0.52362704
6066,5,0,0.4571829
6067,19,0,0.42458636
6068,21,0,0.33695328
6069,16,1,0.83490103
6070,26,1,0.73658514
6071,17,1,0.48554188
6072,10,1,0.42225903
6073,27,0,0.30210075
6074,26,0,0.48636317
6075,3,0,0.4332606
6076,13,1,0.56211317
6077,15,1,0.7647555
6078,21,1,0.35669398
6079,19,1,0.71774393
6080,2,1,0.5018718
6081,19,1,0.45168924
6082,24,1,0.7735268
6083,26,0,0.34309274
6084,11,1,0.5945332
6085,15,0,0.49321914
6086,16,1,0.6987725
6087,26,0,0.3120922
6088,26,0,0.56490093
6089,21,1,0.42300412
6090,2,1,0.64885104
6091,20,0,0.38118428
6092,22,1,0.6149381
6093,5,0,0.36251697
6094,19,0,0.37344915
6095,5,0,0.5006039
6096,17,1,0.5515203
6097,24,1,0.4358246
6098,7,1,0.53908706
6099,2,0,0.36270237
6100,11,1,0.39592206
6101,11,1,0.37538868
6102,22,0,0.30398965
6103,20,0,0.5022693
6104,1,1,0.7671265
6105,1,0,0.57309014
6106,23,1,0.38681513
6107,11,1,0.41162193
6108,3,0,0.29882243
6109,27,0,0.47295752
6110,0,0,0.33263898
6111,6,0,0.5120356
6112,15,0,0.75318223
6113,1,0,0.5162916
6114,18,1,0.8107474
6115,20,0,0.37954623
6116,13,1,0.59436786
6117,22,1,0.7779816
6118,14,0,0.47030678
6119,22,0,0.45772794
6120,27,1,0.24810451
6121,21,1,0.78775465
6122,13,1,0.58750075
6123,24,1,0.8052596
6124,1,1,0.47822636
6125,13,0,0.7758945
6126,8,1,0.4787558
6127,7,1,0.5074851
6128,26,1,0.6324247
6129,4,0,0.48952305
6130,21,0,0.4009574
6131,6,0,0.46725684
6132,25,1,0.49129802
6133,13,0,0.4341229
6134,4,1,0.46171698
6135,13,1,0.45988572
6136,5,1,0.55131155
6137,3,1,0.5874538
6138,7,1,0.4976726
6139,7,1,0.81014025
6140,15,0,0.5440653
6141,1,0,0.3448806
6142,24,1,0.5259985
6143,2,1,0.459918
6144,7,0,0.23592949
6145,8,1,0.6985479
6146,22,0,0.45074525
6147,25,0,0.41752326
6148,27,1,0.55615777
6149,21,0,0.49452507
6150,12,1,0.639407
6151,6,1,0.37508342
6152,4,1,0.8179156
6153,24,0,0.4639006
6154,26,0,0.508965
6155,9,0,0.21802582
6156,1,1,0.35695773
6157,6,1,0.40096554
6158,26,1,0.3476453
6159,13,0,0.30238047
6160,12,0,0.50794864
6161,6,1,0.54502267
6162,2,0,0.3583092
6163,13,1,0.82753235
6164,26,1,0.5133189
6165,15,0,0.25976694
6166,15,1,0.50858086
6167,12,0,0.35843772
6168,16,1,0.4612144
6169,2,0,0.53742504
6170,10,1,0.68590456
6171,14,1,0.7468622
6172,12,1,0.49724945
6173,9,0,0.4644393
6174,27,0,0.53484356
6175,26,1,0.71672946
6176,18,0,0.3046699
6177,20,1,0.72674
6178,1,0,0.50301546
6179,15,1,0.77113897
6180,2,0,0.37492862
6181,12,0,0.20921592
6182,5,1,0.31072295
6183,18,1,0.66194034
6184,20,0,0.39868885
6185,8,1,0.4784883
6186,12,0,0.58198375
6187,20,1,0.5049361
6188,20,0,0.47707608
6189,4,1,0.7149894
6190,16,0,0.7473275
6191,13,0,0.32900733
6192,18,0,0.54683447
6193,20,1,0.70885307
6194,27,1,0.8426693
6195,11,0,0.4996672
6196,6,0,0.24609798
6197,8,1,0.7860009
6198,11,0,0.22325611
6199,26,0,0.51164913
6200,1,1,0.28778064
6201,24,0,0.38802806
6202,24,0,0.15937181
6203,25,0,0.47499666
6204,2,0,0.44583613
6205,18,1,0.46817935
6206,15,1,0.46741912
6207,26,1,0.47684067
6208,25,1,0.5078875
6209,3,0,0.52996486
6210,7,1,0.5213788
6211,22,0,0.5195547
6212,22,1,0.7133308
6213,24,0,0.7256784
6214,8,0,0.3740784
6215,11,1,0.7615825
6216,28,0,0.6519728
6217,5,1,0.4470668
6218,26,1,0.63195336
6219,10,1,0.8607698
6220,19,1,0.39951086
6221,16,0,0.48739114
6222,11,0,0.30221337
6223,28,1,0.5929308
6224,22,0,0.3256533
6225,5,0,0.5538663
6226,1,0,0.2843812
6227,9,1,0.52277666
6228,22,1,0.731744
6229,19,1,0.6835206
6230,4,1,0.54845726
6231,6,1,0.5520381
6232,15,1,0.51182723
6233,13,0,0.7811163
6234,27,1,0.5492491
6235,16,0,0.35455918
6236,3,1,0.1853805
6237,16,1,0.6178342
6238,10,1,0.2776744
6239,1,1,0.60156393
6240,17,0,0.58597374
6241,10,1,0.79679435
6242,16,1,0.4939096
6243,6,1,0.6982364
6244,16,1,0.61713165
6245,9,1,0.84457105
6246,3,1,0.5820344
6247,21,0,0.27242202
6248,8,0,0.48238525
6249,6,1,0.62757087
6250,1,1,0.4432253
6251,11,0,0.6590595
6252,8,1,0.595672
6253,2,0,0.5323555
6254,17,0,0.28151268
6255,9,0,0.37123102
6256,6,0,0.28321815
6257,12,1,0.8190132
6258,2,0,0.36906353
6259,15,1,0.5075192
6260,7,0,0.27523944
6261,18,1,0.6040306
6262,1,1,0.45733336
6263,26,0,0.5116654
6264,12,0,0.3011911
6265,10,1,0.72450477
6266,13,1,0.6895182
6267,23,0,0.41053316
6268,16,1,0.79737025
6269,1,1,0.45930296
6270,21,1,0.85650295
6271,8,0,0.23571159
6272,16,1,0.40308577
6273,3,1,0.48839262
6274,5,0,0.5793261
6275,11,0,0.24027991
6276,12,0,0.14681341
6277,22,1,0.5034591
6278,23,1,0.6332177
6279,13,0,0.30256152
6280,20,1,0.62258756
6281,16,1,0.7511999
6282,11,1,0.61440164
6283,7,0,0.71361774
6284,1,1,0.54846066
6285,20,0,0.29535562
6286,27,1,0.44228297
6287,27,1,0.19851778
6288,17,0,0.34815615
6289,17,0,0.5069719
6290,6,0,0.37117064
6291,25,1,0.52960205
6292,23,0,0.42273772
6293,16,1,0.58346987
6294,20,1,0.32854328
6295,21,0,0.3382212
6296,8,0,0.584361
6297,15,1,0.21352437
6298,3,0,0.6373575
6299,20,1,0.21954063
6300,25,1,0.6482573
6301,16,0,0.27236843
6302,16,1,0.42982993
6303,15,0,0.3154567
6304,22,0,0.35113692
6305,9,0,0.19327337
6306,10,0,0.32041597
6307,28,0,0.16686676
6308,16,0,0.38010907
6309,25,1,0.6093322
6310,1,1,0.2833998
6311,7,0,0.5474677
6312,20,0,0.34292105
6313,20,1,0.47892353
6314,13,0,0.53283876
6315,11,0,0.586922
6316,4,1,0.6681357
6317,24,0,0.4308716
6318,18,1,0.7657559
6319,15,1,0.5766148
6320,20,0,0.2306206
6321,0,0,0.46190506
6322,12,1,0.505385
6323,10,0,0.5646019
6324,13,1,0.3082395
6325,15,1,0.3804285
6326,27,0,0.48343164
6327,3,1,0.5369726
6328,22,0,0.5599617
6329,8,0,0.6071684
6330,1,0,0.45003077
6331,4,0,0.25075492
6332,24,0,0.18734828
6333,10,1,0.62224907
6334,25,1,0.53166467
6335,14,1,0.5737626
6336,15,1,0.459432
6337,4,0,0.4539581
6338,10,0,0.44341612
6339,12,0,0.41928893
6340,23,1,0.6656823
6341,22,1,0.5475724
6342,25,0,0.68681
6343,25,1,0.5001801
6344,5,1,0.8437532
6345,5,0,0.5531957
6346,13,1,0.6460302
6347,13,1,0.6811129
6348,11,1,0.4559988
6349,13,0,0.3299437
6350,28,0,0.7284875
6351,2,0,0.39976382
6352,19,0,0.2534093
6353,28,0,0.7468787
6354,0,1,0.76763827
6355,6,1,0.6205599
6356,18,0,0.51840544
6357,11,0,0.4374179
6358,2,1,0.39155796
6359,1,0,0.7596395
6360,24,1,0.52525073
6361,27,0,0.49455032
6362,15,1,0.65801847
6363,20,1,0.4979822
6364,14,0,0.44782448
6365,16,0,0.49722433
6366,2,1,0.32511988
6367,9,1,0.5829361
6368,6,0,0.44231987
6369,18,1,0.2877401
6370,4,0,0.53971505
6371,24,0,0.33221725
6372,27,1,0.45605707
6373,12,1,0.6990549
6374,28,1,0.48003143
6375,21,0,0.6232177
6376,25,0,0.17982464
6377,19,0,0.5733966
6378,17,1,0.27042806
6379,7,1,0.6814156
6380,2,0,0.23857407
6381,20,0,0.24462734
6382,2,0,0.23878156
6383,18,0,0.33669496
6384,2,0,0.259022
6385,8,1,0.6114944
6386,5,1,0.57768613
6387,17,1,0.35196456
6388,8,0,0.72671545
6389,27,0,0.44722807
6390,15,0,0.4618068
6391,24,0,0.7251441
6392,19,0,0.5318861
6393,15,1,0.30368406
6394,15,0,0.47550908
6395,26,1,0.43579578
6396,10,1,0.44969833
6397,11,0,0.6151745
6398,26,1,0.5725509
6399,16,0,0.34108618
6400,1,1,0.6390466
6401,27,0,0.4782092
6402,11,0,0.2165115
6403,13,1,0.73700464
6404,10,0,0.58104247
6405,11,1,0.5070871
6406,17,0,0.53040344
6407,6,0,0.4264461
6408,2,0,0.29718378
6409,15,0,0.40257624
6410,22,0,0.49303055
6411,5,1,0.81240785
6412,22,0,0.53238773
6413,21,1,0.40243927
6414,12,1,0.47674528
6415,6,1,0.79627913
6416,12,0,0.49562338
6417,1,1,0.54779094
6418,11,0,0.53661865
6419,26,0,0.36408663
6420,8,0,0.19817513
6421,1,1,0.5065208
6422,26,1,0.5198666
6423,9,1,0.7908654
6424,26,0,0.55121756
6425,13,0,0.44527486
6426,3,1,0.30563462
6427,2,1,0.7341314
6428,2,1,0.5161157
6429,28,1,0.49053502
6430,9,1,0.36834762
6431,5,1,0.4727544
6432,2,1,0.37673035
6433,14,1,0.4242024
6434,12,1,0.7700927
6435,14,1,0.22274768
6436,24,0,0.5384264
6437,7,1,0.5609974
6438,2,1,0.44342196
6439,13,0,0.35053155
6440,6,1,0.77308327
6441,21,0,0.33934504
6442,21,0,0.37837538
6443,21,1,0.3653573
6444,28,0,0.30470702
6445,2,1,0.59516263
6446,2,1,0.7547277
6447,25,1,0.81487733
6448,12,0,0.47231817
6449,10,0,0.621945
6450,8,0,0.5438651
6451,18,1,0.4331456
6452,10,1,0.4961873
6453,17,1,0.60703224
6454,17,0,0.33583933
6455,3,0,0.5363789
6456,15,0,0.46227425
6457,16,1,0.4073145
6458,15,1,0.5958907
6459,7,1,0.8425943
6460,15,1,0.27794346
6461,19,1,0.5306557
6462,28,1,0.8048924
6463,25,1,0.30375868
6464,18,1,0.83643353
6465,2,0,0.48005182
6466,16,1,0.5500151
6467,14,1,0.3331956
6468,8,1,0.18940853
6469,2,1,0.46591285
6470,28,0,0.3777634
6471,6,1,0.4714109
6472,16,0,0.51148814
6473,7,0,0.33080894
6474,2,1,0.690393
6475,0,0,0.3137571
6476,11,1,0.56358606
6477,10,0,0.22148529
6478,22,0,0.7667477
6479,16,1,0.5887194
6480,28,0,0.6164069
6481,0,0,0.49161178
6482,19,0,0.28387305
6483,25,0,0.72645575
6484,27,0,0.3217022
6485,1,0,0.28938374
6486,21,0,0.48001775
6487,25,0,0.3117264
6488,2,0,0.5366749
6489,18,0,0.21047717
6490,23,1,0.72078896
6491,0,1,0.62189734
6492,18,1,0.6920856
6493,7,1,0.7534308
6494,28,1,0.55267906
6495,22,0,0.4538351
6496,6,0,0.50429046
6497,21,1,0.33088776
6498,8,1,0.48347226
6499,6,0,0.67799747
6500,24,0,0.2945788
6501,13,0,0.4290107
6502,25,1,0.45648998
6503,8,0,0.65848416
6504,8,1,0.72845817
6505,15,0,0.6012884
6506,26,0,0.1976955
6507,16,0,0.6394794
6508,8,0,0.35261217
6509,8,1,0.32604116
6510,15,1,0.29331908
6511,1,0,0.7232009
6512,16,0,0.37779114
6513,16,1,0.49562085
6514,8,1,0.27572092
6515,28,0,0.21422367
6516,28,0,0.25015444
6517,16,1,0.6789215
6518,15,0,0.5289863
6519,2,0,0.42324835
6520,1,0,0.3682218
6521,28,1,0.5110304
6522,1,1,0.20880294
6523,8,1,0.59851325
6524,11,1,0.40778834
6525,27,1,0.3957246
6526,16,0,0.40462017
6527,27,0,0.564852
6528,1,0,0.21147715
6529,23,0,0.5053109
6530,2,1,0.58417857
6531,1,0,0.43856883
6532,10,0,0.2553043
6533,9,1,0.6243751
6534,7,0,0.29586703
6535,12,0,0.8275102
6536,23,0,0.33123612
6537,26,0,0.5143527
6538,6,0,0.36422908
6539,8,1,0.57121944
6540,21,1,0.7895356
6541,8,0,0.41202545
6542,25,0,0.23777369
6543,10,0,0.22973932
6544,3,0,0.2511468
6545,10,0,0.27420586
6546,13,0,0.5873665
6547,15,0,0.4510396
6548,20,0,0.7383896
6549,15,1,0.44159475
6550,4,1,0.609241
6551,21,0,0.33793315
6552,27,0,0.3489729
6553,25,1,0.56319267
6554,1,1,0.5779491
6555,3,0,0.2653915
6556,16,1,0.4265504
6557,1,0,0.39214605
6558,11,1,0.3370327
6559,20,0,0.50240755
6560,2,0,0.58145255
6561,1,1,0.62849337
6562,7,0,0.47233206
6563,17,0,0.389821
6564,5,1,0.29465547
6565,19,1,0.5415423
6566,15,1,0.6062672
6567,24,0,0.41354066
6568,20,0,0.26904398
6569,2,1,0.5030986
6570,6,0,0.7338851
6571,25,0,0.22106247
6572,27,0,0.37424177
6573,11,0,0.3231016
6574,17,0,0.48042804
6575,17,0,0.62513155
6576,19,1,0.60096824
6577,16,1,0.444353
6578,16,0,0.5691713
6579,8,1,0.3691837
6580,2,1,0.50202477
6581,15,1,0.8012458
6582,25,0,0.48908827
6583,11,1,0.43624693
6584,12,0,0.4030928
6585,17,1,0.6157757
6586,16,0,0.6068411
6587,25,0,0.42436337
6588,14,1,0.4769462
6589,16,1,0.28904656
6590,4,0,0.82087106
6591,6,1,0.823345
6592,28,0,0.7349469
6593,14,1,0.5938359
6594,17,0,0.2902229
6595,7,0,0.31216118
6596,13,1,0.82698333
6597,3,0,0.44300738
6598,21,1,0.5146168
6599,27,0,0.6211173
6600,27,0,0.24270812
6601,5,1,0.56463367
6602,13,1,0.42150638
6603,26,1,0.42113063
6604,20,0,0.5842222
6605,17,0,0.37174833
6606,2,1,0.32457963
6607,27,0,0.1674259
6608,12,1,0.79007435
6609,13,1,0.31166503
6610,8,0,0.35845938
6611,22,0,0.33870244
6612,3,0,0.2750364
6613,11,1,0.79204357
6614,10,1,0.2768763
6615,15,0,0.39342737
6616,1,0,0.83860016
6617,7,1,0.62818736
6618,26,1,0.7440072
6619,25,1,0.73825246
6620,25,0,0.7282474
6621,13,1,0.51311016
6622,26,1,0.1876007
6623,8,1,0.80785936
6624,21,1,0.5792003
6625,26,0,0.65896684
6626,13,0,0.33066508
6627,10,1,0.43416208
6628,20,1,0.60576123
6629,5,0,0.3309695
6630,2,1,0.70874685
6631,1,0,0.6615248
6632,13,1,0.44549274
6633,22,0,0.24176256
6634,8,0,0.6363647
6635,6,0,0.34622374
6636,20,1,0.5959686
6637,16,1,0.5865875
6638,11,0,0.48190117
6639,5,0,0.49615642
6640,11,1,0.63688314
6641,12,1,0.6979915
6642,13,0,0.2491126
6643,21,0,0.23441242
6644,13,0,0.342454
6645,2,0,0.68056244
6646,16,0,0.32443342
6647,25,0,0.5159125
6648,8,1,0.39927003
6649,23,0,0.24085487
6650,27,1,0.4798047
6651,23,1,0.5072452
6652,11,0,0.37832174
6653,13,1,0.3657234
6654,12,1,0.22251691
6655,8,0,0.43666276
6656,12,1,0.5955602
6657,18,1,0.18917108
6658,23,1,0.5185471
6659,18,0,0.24952754
6660,2,0,0.30655497
6661,10,1,0.4485252
6662,12,0,0.16705258
6663,7,1,0.6667614
6664,8,1,0.6233614
6665,8,1,0.48047554
6666,21,0,0.3897292
6667,24,1,0.59131545
6668,25,1,0.824094
6669,2,1,0.5114189
6670,12,0,0.52066046
6671,2,0,0.59817994
6672,11,0,0.83794326
6673,8,0,0.57058173
6674,21,0,0.21490759
6675,25,0,0.21615607
6676,7,1,0.5151253
6677,5,1,0.5808579
6678,21,1,0.4837804
6679,19,0,0.30079862
6680,1,0,0.4987888
6681,27,0,0.4770468
6682,14,1,0.49368635
6683,12,0,0.40033057
6684,24,1,0.62251765
6685,24,1,0.5509689
6686,16,0,0.70584875
6687,14,1,0.36297244
6688,24,1,0.5123122
6689,23,0,0.8057281
6690,12,0,0.5147049
6691,23,0,0.8219516
6692,13,0,0.37437555
6693,10,0,0.36733973
6694,6,0,0.42441094
6695,7,1,0.22472306
6696,15,1,0.7590139
6697,17,1,0.55423117
6698,6,0,0.38136262
6699,26,0,0.48385757
6700,8,1,0.70750827
6701,27,1,0.40319115
6702,6,0,0.4239738
6703,11,0,0.8487065
6704,2,1,0.38265544
6705,19,0,0.31471658
6706,5,0,0.41842443
6707,17,0,0.33886224
6708,26,0,0.4836405
6709,21,1,0.800188
6710,12,1,0.619858
6711,9,1,0.5189581
6712,15,0,0.33480546
6713,6,0,0.5421533
6714,13,1,0.84210145
6715,20,1,0.70455503
6716,9,0,0.7559718
6717,17,0,0.45425588
6718,23,1,0.7393066
6719,28,0,0.5839085
6720,17,0,0.36789572
6721,13,0,0.48253897
6722,12,1,0.6356639
6723,25,1,0.2095452
6724,18,0,0.68145216
6725,21,0,0.31161577
6726,8,0,0.62479705
6727,10,0,0.45932084
6728,12,1,0.42658982
6729,26,0,0.39401406
6730,28,0,0.35598207
6731,26,0,0.6774171
6732,22,0,0.4004744
6733,8,1,0.43978676
6734,26,1,0.5197127
6735,20,1,0.43641976
6736,11,0,0.58631706
6737,1,1,0.6319603
6738,20,0,0.5609882
6739,22,0,0.31661597
6740,26,1,0.809442
6741,1,0,0.45971233
6742,1,0,0.5764178
6743,14,1,0.6669496
6744,20,1,0.755004
6745,15,1,0.4974377
6746,27,0,0.53450096
6747,25,0,0.28529638
6748,15,0,0.3469366
6749,13,0,0.3393674
6750,23,0,0.4977073
6751,2,1,0.72853136
6752,11,1,0.7508755
6753,18,1,0.37396917
6754,2,1,0.61278343
6755,25,0,0.52677584
6756,1,1,0.64889973
6757,25,1,0.34160566
6758,2,0,0.6009047
6759,17,0,0.47169098
6760,8,0,0.39836293
6761,22,0,0.30159733
6762,25,0,0.5721956
6763,14,0,0.40849742
6764,1,1,0.74721956
6765,25,1,0.52775156
6766,1,1,0.4104247
6767,25,0,0.18007621
6768,13,0,0.28826648
6769,2,0,0.32531556
6770,11,0,0.58569086
6771,12,0,0.47097757
6772,26,1,0.5903385
6773,11,0,0.5894628
6774,17,1,0.6310186
6775,20,0,0.33976957
6776,27,1,0.4289134
6777,24,1,0.33897868
6778,3,0,0.35898346
6779,25,0,0.35426486
6780,24,1,0.66049343
6781,6,1,0.61244845
6782,26,1,0.8230309
6783,3,0,0.21561769
6784,25,1,0.53304774
6785,23,0,0.35897923
6786,10,1,0.5527139
6787,25,0,0.46392107
6788,9,1,0.75680697
6789,23,1,0.61745113
6790,2,1,0.8117249
6791,17,0,0.49871346
6792,8,1,0.599502
6793,22,1,0.33687642
6794,15,0,0.41056773
6795,2,0,0.3349546
6796,22,0,0.39106774
6797,7,1,0.58919877
6798,22,0,0.57437587
6799,11,1,0.41228664
6800,9,1,0.7596431
6801,16,1,0.64118016
6802,6,0,0.26248613
6803,10,0,0.5603732
6804,6,1,0.7543981
6805,25,1,0.61983377
6806,28,1,0.44522315
6807,22,0,0.36409816
6808,16,0,0.3995595
6809,8,1,0.61344117
6810,26,0,0.667867
6811,2,1,0.398678
6812,1,0,0.7440861
6813,22,1,0.49617338
6814,6,1,0.5681197
6815,22,0,0.53111094
6816,8,0,0.51438975
6817,10,0,0.6433918
6818,22,0,0.4283046
6819,8,1,0.56146294
6820,2,1,0.86756593
6821,13,0,0.300801
6822,17,1,0.6994366
6823,13,0,0.5142156
6824,10,1,0.26114663
6825,26,0,0.33996004
6826,21,1,0.49756244
6827,1,0,0.44186077
6828,14,0,0.3548112
6829,26,0,0.6163916
6830,23,1,0.7460418
6831,13,1,0.21988831
6832,1,1,0.32584074
6833,13,0,0.2848287
6834,20,0,0.54773295
6835,2,1,0.5769082
6836,10,1,0.562497
6837,10,0,0.4477968
6838,13,0,0.50252604
6839,28,0,0.4967031
6840,9,0,0.54574704
6841,18,0,0.4380119
6842,2,0,0.4351369
6843,18,0,0.27919436
6844,9,1,0.66637266
6845,13,1,0.59598064
6846,11,1,0.61692894
6847,3,1,0.85060483
6848,10,0,0.38510954
6849,21,0,0.3560988
6850,6,0,0.6170115
6851,26,1,0.51806086
6852,26,0,0.19274226
6853,2,1,0.84446603
6854,16,0,0.2510074
6855,10,1,0.48563284
6856,10,1,0.7446493
6857,12,0,0.4788389
6858,28,1,0.46851724
6859,10,1,0.5865382
6860,15,0,0.16159835
6861,20,1,0.28091487
6862,27,1,0.25248384
6863,1,0,0.6136286
6864,5,1,0.46102712
6865,20,0,0.31552386
6866,2,1,0.5267489
6867,2,1,0.81860125
6868,12,0,0.63986915
6869,8,1,0.59954345
6870,7,0,0.3576492
6871,27,1,0.72294784
6872,6,1,0.5329042
6873,8,1,0.8543157
6874,27,0,0.7253084
6875,27,1,0.5240242
6876,3,0,0.20544471
6877,10,1,0.8297892
6878,13,0,0.440429
6879,3,0,0.4988857
6880,6,1,0.57034606
6881,15,1,0.5033482
6882,13,0,0.742423
6883,4,1,0.37147307
6884,2,0,0.5444552
6885,19,1,0.81721485
6886,4,1,0.50308937
6887,13,1,0.7592105
6888,12,0,0.2873472
6889,12,0,0.3695177
6890,21,0,0.78716373
6891,10,1,0.5862201
6892,25,1,0.8062647
6893,1,1,0.35375166
6894,13,0,0.5884317
6895,2,1,0.4766702
6896,8,1,0.439969
6897,12,1,0.38575655
6898,15,1,0.4920596
6899,3,0,0.42696846
6900,12,1,0.68463546
6901,20,1,0.35871887
6902,15,1,0.3273224
6903,28,0,0.4940121
6904,12,1,0.4701911
6905,8,0,0.6639731
6906,26,1,0.53179866
6907,2,1,0.36639407
6908,10,0,0.5203367
6909,27,0,0.63354784
6910,3,0,0.2977869
6911,7,1,0.40571472
6912,4,1,0.4373156
6913,24,1,0.6044298
6914,11,1,0.44746518
6915,10,0,0.23527488
6916,13,0,0.40641615
6917,8,1,0.5310502
6918,3,0,0.2700783
6919,23,0,0.5638201
6920,20,1,0.50755227
6921,6,0,0.4671232
6922,28,0,0.5888473
6923,28,0,0.31591353
6924,27,1,0.4704312
6925,9,0,0.38211036
6926,21,1,0.53564256
6927,25,0,0.23825793
6928,20,1,0.7706648
6929,0,0,0.38984826
6930,18,0,0.5348394
6931,12,1,0.47835535
6932,9,0,0.37837622
6933,18,0,0.56773174
6934,25,0,0.3657912
6935,9,1,0.53158605
6936,11,1,0.31466165
6937,6,1,0.5279803
6938,16,1,0.8224864
6939,25,0,0.17489165
6940,16,0,0.5524927
6941,10,0,0.46906158
6942,20,0,0.42524606
6943,3,0,0.24266809
6944,16,0,0.48457083
6945,12,1,0.47515556
6946,16,1,0.55083245
6947,28,0,0.6081273
6948,16,1,0.36436236
6949,16,0,0.7480597
6950,10,1,0.71268874
6951,8,0,0.37479883
6952,1,1,0.55050635
6953,1,0,0.25046587
6954,7,0,0.32714295
6955,17,1,0.52482903
6956,22,1,0.4949992
6957,14,0,0.57477593
6958,23,0,0.51845556
6959,7,1,0.41760564
6960,9,1,0.59209466
6961,1,0,0.5663806
6962,20,1,0.8015487
6963,8,0,0.52054787
6964,14,1,0.82705617
6965,7,0,0.390013
6966,16,1,0.5498767
6967,16,1,0.5107311
6968,27,0,0.55755967
6969,2,0,0.34085804
6970,1,0,0.3638515
6971,12,1,0.7601719
6972,14,0,0.20855276
6973,15,1,0.22459649
6974,28,0,0.3609176
6975,15,0,0.6043066
6976,15,0,0.3966795
6977,17,0,0.19768994
6978,23,0,0.5375217
6979,8,0,0.8366588
6980,16,1,0.3732634
6981,22,1,0.5934825
6982,0,0,0.32362187
6983,25,1,0.6067826
6984,17,0,0.29004997
6985,28,0,0.36231843
6986,14,0,0.6022334
6987,13,1,0.33949524
6988,4,0,0.22494087
6989,1,0,0.6305585
6990,15,0,0.4365425
6991,13,1,0.44438145
6992,19,1,0.33824348
6993,13,1,0.73385507
6994,9,0,0.48257604
6995,15,1,0.59180355
6996,15,1,0.30178142
6997,2,0,0.351543
6998,10,1,0.58172005
6999,15,1,0.4890329
7000,19,0,0.30640712
7001,2,1,0.4642284
7002,10,0,0.3363323
7003,26,0,0.4625766
7004,13,1,0.5812223
7005,25,1,0.40917033
7006,4,0,0.6377484
7007,11,0,0.46543807
7008,4,0,0.29427817
7009,15,0,0.5169796
7010,13,1,0.43585262
7011,26,1,0.60286474
7012,20,0,0.8256426
7013,25,1,0.5914458
7014,21,0,0.34038508
7015,9,1,0.65220726
7016,25,1,0.32523426
7017,16,0,0.37301928
7018,23,0,0.5970711
7019,20,0,0.45255128
7020,1,1,0.41130808
7021,22,0,0.19375591
7022,17,1,0.43659776
7023,18,1,0.5143999
7024,16,1,0.56822693
7025,25,0,0.23674205
7026,21,0,0.46038833
7027,19,0,0.4322694
7028,23,1,0.6640862
7029,19,1,0.4770215
7030,27,0,0.35483065
7031,22,0,0.3562223
7032,16,1,0.40301302
7033,2,1,0.56058484
7034,3,0,0.5828501
7035,7,1,0.4643374
7036,20,1,0.42423984
7037,9,0,0.20804264
7038,28,0,0.2797672
7039,20,0,0.3138948
7040,15,1,0.42875677
7041,3,1,0.59316003
7042,13,0,0.45259014
7043,2,0,0.55567336
7044,25,0,0.47815642
7045,8,1,0.42900848
7046,12,1,0.7585213
7047,18,1,0.86178
7048,11,0,0.5912247
7049,18,0,0.26389402
7050,8,0,0.67632437
7051,2,0,0.34135672
7052,13,1,0.77555394
7053,15,1,0.43526453
7054,18,1,0.76186275
7055,6,1,0.56709987
7056,6,0,0.41787857
7057,26,1,0.38539776
7058,14,0,0.73687637
7059,9,1,0.49910706
7060,27,0,0.60028625
7061,18,1,0.6728036
7062,25,1,0.3641021
7063,17,1,0.58146083
7064,28,1,0.6363273
7065,2,0,0.41692817
7066,28,0,0.5719301
7067,6,0,0.7004703
7068,27,1,0.5927557
7069,17,0,0.52815205
7070,13,1,0.60823375
7071,23,1,0.27821162
7072,15,1,0.38605908
7073,6,1,0.8243274
7074,16,1,0.6637161
7075,9,0,0.5015286
7076,23,1,0.7993885
7077,1,0,0.23138976
7078,1,0,0.2401777
7079,18,0,0.18131256
7080,1,1,0.5274352
7081,25,1,0.63628167
7082,1,0,0.37366942
7083,15,0,0.71776134
7084,11,1,0.4809117
7085,2,1,0.8299227
7086,15,0,0.42825362
7087,15,0,0.1748406
7088,28,0,0.6371246
7089,7,1,0.4803917
7090,28,1,0.7883208
7091,12,1,0.61400324
7092,17,0,0.6470591
7093,21,0,0.7780227
7094,1,0,0.28049543
7095,15,0,0.36846024
7096,18,1,0.22420539
7097,28,0,0.4305071
7098,24,1,0.5531407
7099,6,1,0.66716063
7100,15,1,0.4490333
7101,1,1,0.42438725
7102,17,1,0.51887316
7103,15,1,0.7178801
7104,3,0,0.44233876
7105,18,1,0.33064982
7106,18,1,0.7031239
7107,23,1,0.83429295
7108,10,0,0.4159176
7109,17,1,0.7207642
7110,12,1,0.519628
7111,13,0,0.4411181
7112,14,0,0.49380988
7113,12,1,0.64880794
7114,8,0,0.548885
7115,16,0,0.39407966
7116,2,0,0.37071332
7117,19,1,0.43332016
7118,9,1,0.5678578
7119,22,1,0.65613914
7120,24,0,0.46536082
7121,22,0,0.4529654
7122,16,1,0.8385983
7123,2,1,0.50517493
7124,11,0,0.40726507
7125,19,0,0.2770087
7126,11,0,0.36617517
7127,8,1,0.45012057
7128,10,0,0.7619482
7129,16,0,0.47483373
7130,8,1,0.3560854
7131,3,1,0.57406086
7132,14,1,0.70655847
7133,19,1,0.87586504
7134,12,1,0.33537942
7135,7,0,0.30258664
7136,13,1,0.65920264
7137,2,1,0.49585024
7138,26,0,0.47750092
7139,10,0,0.43440306
7140,12,1,0.4311699
7141,12,1,0.84719515
7142,11,0,0.37858465
7143,0,0,0.5892253
7144,3,0,0.46409634
7145,3,0,0.42710698
7146,12,0,0.5271382
7147,20,1,0.5883919
7148,16,0,0.3873574
7149,27,0,0.40029326
7150,10,1,0.471741
7151,9,0,0.41137105
7152,2,0,0.2509638
7153,19,0,0.5082194
7154,8,1,0.48553872
7155,12,1,0.36861193
7156,16,1,0.6174938
7157,6,1,0.368672
7158,2,1,0.5038594
7159,27,1,0.7784001
7160,22,0,0.46646821
7161,26,1,0.3763571
7162,26,0,0.2928466
7163,6,0,0.47097868
7164,13,0,0.24403898
7165,2,0,0.39701974
7166,24,0,0.49676806
7167,22,0,0.7633254
7168,22,0,0.30933103
7169,11,1,0.7216853
7170,17,0,0.5274949
7171,22,0,0.6982873
7172,11,1,0.5686717
7173,21,0,0.22025275
7174,13,1,0.44628862
7175,20,1,0.6327956
7176,15,1,0.31476316
7177,26,1,0.46986726
7178,12,1,0.4225747
7179,15,0,0.41013533
7180,26,1,0.4758295
7181,27,1,0.83012134
7182,25,1,0.7182478
7183,22,0,0.34554696
7184,18,0,0.47923303
7185,10,1,0.7286314
7186,5,0,0.49468505
7187,11,0,0.51697505
7188,8,0,0.72962385
7189,7,0,0.2275883
7190,13,0,0.75221765
7191,20,0,0.47413355
7192,20,1,0.774039
7193,2,0,0.4834188
7194,14,0,0.29377967
7195,14,1,0.648198
7196,1,0,0.8075982
7197,16,0,0.365212
7198,17,0,0.39780954
7199,15,1,0.39094454
7200,14,1,0.3319744
7201,22,1,0.83257633
7202,6,1,0.19709614
7203,14,0,0.7416073
7204,1,1,0.7294138
7205,6,1,0.6961219
7206,1,1,0.46034697
7207,16,1,0.71983427
7208,15,1,0.43654728
7209,25,0,0.43381926
7210,10,1,0.669693
7211,24,0,0.75710183
7212,27,0,0.4564901
7213,9,1,0.49539086
7214,21,0,0.5597678
7215,4,0,0.620823
7216,16,0,0.7713101
7217,0,1,0.48651657
7218,17,1,0.39382085
7219,18,0,0.63494813
7220,16,0,0.47672644
7221,6,1,0.56993175
7222,9,0,0.5265526
7223,1,1,0.46236548
7224,28,0,0.24061878
7225,10,1,0.5823342
7226,7,1,0.381052
7227,27,0,0.5187643
7228,28,1,0.44496205
7229,5,0,0.5338125
7230,8,1,0.32006967
7231,16,1,0.3825294
7232,14,0,0.74862033
7233,12,1,0.49349165
7234,22,0,0.28947037
7235,8,1,0.75223696
7236,10,0,0.33382595
7237,4,0,0.68162423
7238,17,1,0.6242792
7239,13,0,0.61146003
7240,27,1,0.47754183
7241,26,1,0.41972816
7242,13,1,0.63568735
7243,16,0,0.43867812
7244,10,0,0.25255483
7245,0,0,0.4794152
7246,8,1,0.77035713
7247,27,0,0.41711277
7248,14,1,0.7133466
7249,21,0,0.47197533
7250,11,0,0.48364368
7251,0,0,0.58748645
7252,27,0,0.42772248
7253,12,1,0.6606367
7254,14,0,0.28618088
7255,10,0,0.4106148
7256,20,1,0.43575653
7257,8,0,0.56454736
7258,25,0,0.54320437
7259,16,1,0.5210089
7260,3,1,0.8263442
7261,8,1,0.26561648
7262,1,1,0.55589414
7263,21,0,0.32637203
7264,26,0,0.5462107
7265,23,1,0.5698993
7266,17,1,0.5152664
7267,2,0,0.29860526
7268,8,1,0.5958452
7269,13,0,0.21201473
7270,16,0,0.24951594
7271,11,0,0.5656769
7272,6,0,0.51905066
7273,22,0,0.5671086
7274,15,1,0.6496396
7275,1,0,0.52148086
7276,22,0,0.28606066
7277,4,0,0.3986079
7278,12,0,0.75191265
7279,15,0,0.18335567
7280,11,1,0.47556463
7281,19,0,0.42995042
7282,1,0,0.45320666
7283,16,1,0.61222947
7284,13,0,0.8164026
7285,6,1,0.47054327
7286,3,1,0.7706059
7287,18,1,0.32519114
7288,26,0,0.16402075
7289,24,1,0.5536534
7290,27,1,0.5189817
7291,7,1,0.553753
7292,12,0,0.5735055
7293,11,0,0.45516762
7294,18,0,0.40676153
7295,25,0,0.59320784
7296,24,0,0.2647679
7297,8,0,0.15984106
7298,16,1,0.8280009
7299,18,0,0.361822
7300,13,0,0.5895582
7301,2,1,0.65168154
7302,26,1,0.38238397
7303,24,1,0.5392275
7304,9,0,0.55018044
7305,23,0,0.34919396
7306,26,0,0.56258994
7307,18,1,0.74703103
7308,2,0,0.5284292
7309,12,1,0.59318244
7310,8,1,0.42012742
7311,8,0,0.5101894
7312,20,1,0.774423
7313,3,0,0.4676503
7314,11,0,0.50217074
7315,20,0,0.47895753
7316,19,0,0.61604947
7317,27,1,0.6225179
7318,24,1,0.5900204
7319,4,1,0.5516303
7320,11,0,0.46277782
7321,1,0,0.65042347
7322,3,1,0.76609826
7323,0,0,0.48582152
7324,8,1,0.8590987
7325,0,0,0.2921931
7326,0,1,0.64647675
7327,2,0,0.44037974
7328,14,1,0.7932756
7329,16,0,0.34526405
7330,2,1,0.7324423
7331,20,0,0.5397367
7332,27,0,0.54987305
7333,27,1,0.5637266
7334,18,0,0.48353428
7335,13,0,0.69225246
7336,21,1,0.41870686
7337,16,0,0.34981143
7338,3,1,0.69941837
7339,16,1,0.48235297
7340,23,0,0.30738765
7341,15,1,0.7649572
7342,16,1,0.63520473
7343,28,0,0.53165483
7344,9,1,0.5092501
7345,9,0,0.23819834
7346,26,1,0.58610094
7347,14,1,0.8478601
7348,1,0,0.56637543
7349,22,0,0.47055805
7350,11,1,0.34344602
7351,10,0,0.28634888
7352,21,1,0.75474477
7353,4,0,0.65099293
7354,8,0,0.39427307
7355,25,0,0.43108442
7356,25,0,0.34839532
7357,4,1,0.36300066
7358,28,1,0.81135654
7359,16,1,0.34255362
7360,16,0,0.15277745
7361,0,0,0.23081842
7362,4,0,0.52883196
7363,8,0,0.34104213
7364,18,1,0.6024597
7365,23,0,0.61624426
7366,16,0,0.30661198
7367,6,1,0.67337567
7368,16,0,0.5680322
7369,12,0,0.3118507
7370,18,1,0.48566726
7371,8,1,0.66826296
7372,16,0,0.7062711
7373,4,1,0.6866095
7374,2,1,0.6650604
7375,24,0,0.21166985
7376,1,0,0.5310829
7377,13,1,0.72758484
7378,24,0,0.5771388
7379,22,1,0.650305
7380,9,0,0.45196813
7381,3,0,0.42689657
7382,10,1,0.24354021
7383,11,1,0.6002332
7384,11,1,0.56286794
7385,15,1,0.815215
7386,26,1,0.55047965
7387,10,1,0.59670806
7388,16,1,0.53066576
7389,7,1,0.4895666
7390,0,1,0.47401732
7391,10,0,0.30300072
7392,16,0,0.81798005
7393,8,0,0.78055745
7394,27,1,0.8500967
7395,23,0,0.60409445
7396,11,1,0.75706124
7397,17,0,0.29687136
7398,11,0,0.4113519
7399,13,0,0.26436487
7400,1,0,0.25414664
7401,22,1,0.61803937
7402,13,1,0.5323753
7403,15,1,0.70149845
7404,27,0,0.521166
7405,0,1,0.73327315
7406,12,0,0.45479557
7407,0,1,0.5274443
7408,8,1,0.5301155
7409,26,0,0.4620685
7410,12,1,0.33118394
7411,1,0,0.39215258
7412,16,1,0.68111163
7413,8,0,0.61672455
7414,4,1,0.23143828
7415,16,0,0.3988139
7416,15,0,0.2989968
7417,2,1,0.53384495
7418,13,0,0.78759515
7419,19,0,0.3536762
7420,28,0,0.54239744
7421,12,1,0.8655886
7422,5,1,0.65533185
7423,14,1,0.7852686
7424,18,1,0.45015782
7425,20,1,0.6434733
7426,16,0,0.43446174
7427,8,0,0.22703485
7428,8,0,0.24050918
7429,7,1,0.49009264
7430,16,0,0.27032197
7431,8,1,0.34650937
7432,17,1,0.71921307
7433,1,1,0.63200504
7434,7,1,0.72470427
7435,10,1,0.29692712
7436,17,0,0.55771375
7437,24,1,0.5099978
7438,14,0,0.2562603
7439,10,0,0.75851923
7440,7,1,0.59019303
7441,5,0,0.41777492
7442,20,0,0.2108048
7443,14,0,0.5218641
7444,6,0,0.50816745
7445,25,0,0.38582402
7446,8,0,0.26447812
7447,8,0,0.43573907
7448,27,0,0.4150397
7449,7,1,0.69601977
7450,9,0,0.6488358
7451,26,1,0.64600945
7452,8,1,0.7309297
7453,13,0,0.4808937
7454,9,1,0.53141904
7455,10,1,0.4990643
7456,6,1,0.47031406
7457,13,1,0.31927687
7458,28,0,0.21239464
7459,11,1,0.5612601
7460,17,1,0.8185506
7461,11,1,0.7857208
7462,2,1,0.18456498
7463,23,1,0.23077041
7464,4,1,0.68938583
7465,25,0,0.5877196
7466,7,1,0.5156061
7467,11,1,0.8293553
7468,12,1,0.6098398
7469,25,0,0.31391147
7470,17,1,0.47174513
7471,8,1,0.33470386
7472,14,0,0.5406095
7473,28,0,0.4094619
7474,14,1,0.6028622
7475,7,1,0.47107205
7476,26,0,0.4466484
7477,25,0,0.61298287
7478,9,1,0.51258534
7479,24,0,0.34707916
7480,2,1,0.6614063
7481,11,1,0.33242288
7482,28,1,0.66186285
7483,16,0,0.48092416
7484,25,1,0.8052455
7485,22,0,0.71788436
7486,22,0,0.5956924
7487,7,0,0.53335917
7488,10,0,0.48614225
7489,15,1,0.5881907
7490,3,1,0.44282764
7491,25,0,0.5479235
7492,16,1,0.51682293
7493,26,0,0.20111126
7494,27,0,0.50946087
7495,22,1,0.79187566
7496,26,0,0.5878199
7497,21,1,0.70260185
7498,12,1,0.3638465
7499,12,1,0.73243254
7500,10,0,0.5514115
7501,2,1,0.58228725
7502,11,0,0.22313377
7503,24,1,0.23216824
7504,11,1,0.5778187
7505,24,1,0.573988
7506,12,1,0.36096466
7507,8,0,0.23095398
7508,0,0,0.27732715
7509,2,0,0.31193045
7510,26,1,0.7591142
7511,3,1,0.5884101
7512,8,1,0.51633894
7513,28,1,0.29964522
7514,16,0,0.46896607
7515,26,1,0.59237105
7516,13,0,0.42403543
7517,22,1,0.2793929
7518,13,1,0.5651106
7519,17,0,0.48522565
7520,16,0,0.30706516
7521,11,0,0.23264094
7522,14,0,0.2931382
7523,3,0,0.43859756
7524,21,1,0.4802495
7525,1,1,0.37366983
7526,2,1,0.4380633
7527,26,1,0.55074435
7528,17,0,0.5521185
7529,7,0,0.40623412
7530,8,1,0.45713055
7531,1,1,0.32358378
7532,13,1,0.5083586
7533,8,0,0.2534084
7534,8,1,0.4953298
7535,7,0,0.40475485
7536,20,1,0.43357396
7537,26,1,0.24115391
7538,13,1,0.48683912
7539,12,0,0.43600994
7540,12,0,0.4820048
7541,27,0,0.50873595
7542,2,1,0.35268727
7543,9,1,0.37001634
7544,11,0,0.37452206
7545,20,0,0.4048811
7546,5,0,0.2696471
7547,8,1,0.695202
7548,1,0,0.31173486
7549,2,1,0.7562468
7550,15,0,0.38900045
7551,8,1,0.30728498
7552,4,0,0.5279441
7553,9,0,0.6127067
7554,7,0,0.71699625
7555,18,1,0.4783703
7556,16,0,0.41384605
7557,25,0,0.55707324
7558,2,1,0.7508409
7559,19,0,0.81378514
7560,17,1,0.7459865
7561,8,1,0.27648112
7562,10,0,0.39464545
7563,7,1,0.7388487
7564,27,1,0.8514048
7565,27,0,0.5931378
7566,2,1,0.7225615
7567,1,1,0.41885397
7568,13,0,0.481454
7569,2,1,0.38891524
7570,11,1,0.29528284
7571,3,0,0.38813636
7572,14,1,0.76974267
7573,16,0,0.48227763
7574,27,0,0.62899405
7575,10,0,0.43227404
7576,13,1,0.4252064
7577,13,1,0.17909579
7578,19,0,0.4579842
7579,6,0,0.4970101
7580,23,0,0.69647783
7581,23,1,0.5208345
7582,1,0,0.48730043
7583,26,0,0.48483846
7584,20,0,0.36613077
7585,25,0,0.28016603
7586,14,1,0.6249354
7587,25,0,0.7973735
7588,28,0,0.4458587
7589,19,1,0.4103041
7590,2,1,0.7740853
7591,19,1,0.3213347
7592,13,0,0.39027223
7593,13,1,0.48726478
7594,15,0,0.18770616
7595,11,1,0.7960009
7596,23,0,0.6814092
7597,14,0,0.4622819
7598,25,1,0.5219696
7599,2,0,0.5289582
7600,7,1,0.7742628
7601,22,1,0.67982733
7602,2,0,0.26435193
7603,5,1,0.46236548
7604,25,0,0.5626204
7605,1,0,0.69661444
7606,28,0,0.5963893
7607,11,0,0.733227
7608,26,0,0.3254329
7609,21,0,0.2532102
7610,8,1,0.3333869
7611,0,1,0.8268707
7612,21,0,0.845732
7613,0,0,0.23353316
7614,12,1,0.28989404
7615,20,1,0.4463693
7616,27,1,0.722729
7617,13,1,0.46447155
7618,27,1,0.72224486
7619,16,1,0.6406712
7620,1,1,0.56918585
7621,5,0,0.70317686
7622,13,1,0.68181086
7623,18,0,0.46820676
7624,16,1,0.39553586
7625,20,0,0.35936812
7626,1,0,0.35924459
7627,25,1,0.7433592
7628,8,1,0.8404079
7629,28,0,0.4893399
7630,2,0,0.43255714
7631,15,1,0.836942
7632,27,0,0.22140588
7633,5,0,0.27205876
7634,2,1,0.42140815
7635,21,1,0.82886595
7636,22,0,0.2430661
7637,25,1,0.59263444
7638,9,0,0.37909046
7639,25,0,0.45484155
7640,8,0,0.47561845
7641,9,1,0.31481278
7642,8,1,0.5408756
7643,13,0,0.47198486
7644,26,0,0.39546278
7645,23,0,0.5436657
7646,6,1,0.53115517
7647,7,0,0.24633507
7648,16,1,0.44918096
7649,22,1,0.59276503
7650,2,0,0.56705964
7651,14,0,0.27495116
7652,11,0,0.32980746
7653,16,1,0.3884238
7654,16,1,0.54998183
7655,12,0,0.5866945
7656,16,0,0.3551757
7657,15,0,0.588745
7658,12,1,0.33509192
7659,20,1,0.46943077
7660,13,1,0.67262655
7661,16,0,0.47384828
7662,25,0,0.3095836
7663,16,0,0.18170252
7664,20,1,0.479347
7665,12,1,0.38781646
7666,10,1,0.6107333
7667,12,1,0.42052135
7668,25,1,0.27385736
7669,10,0,0.3336371
7670,28,0,0.3846741
7671,2,1,0.59226865
7672,15,0,0.3768174
7673,15,1,0.6958174
7674,25,0,0.48636502
7675,13,0,0.37236744
7676,13,1,0.61552095
7677,28,0,0.5524721
7678,16,0,0.6247637
7679,27,1,0.6766347
7680,1,1,0.37639955
7681,8,0,0.22121511
7682,13,0,0.59101707
7683,15,0,0.2868548
7684,18,1,0.82436526
7685,22,0,0.3614643
7686,0,0,0.24364851
7687,3,0,0.41794083
7688,6,1,0.44109675
7689,2,1,0.696309
7690,6,0,0.4626778
7691,7,1,0.43529272
7692,16,1,0.79702467
7693,11,1,0.28793046
7694,20,0,0.3244256
7695,24,1,0.589557
7696,8,1,0.71629256
7697,11,1,0.44226238
7698,22,1,0.5795959
7699,26,1,0.7206443
7700,20,0,0.5884612
7701,27,0,0.60873616
7702,14,1,0.66067743
7703,16,1,0.8629736
7704,27,0,0.45027533
7705,28,1,0.4963594
7706,12,0,0.52697396
7707,9,1,0.84393513
7708,25,1,0.4527225
7709,7,0,0.38447917
7710,13,0,0.33309942
7711,8,0,0.35062528
7712,16,1,0.45193052
7713,0,1,0.38997388
7714,12,1,0.33133337
7715,22,1,0.62671626
7716,16,0,0.3969841
7717,20,1,0.43559813
7718,10,1,0.8355223
7719,4,0,0.39537185
7720,16,1,0.6494585
7721,4,0,0.57241666
7722,9,1,0.6217282
7723,7,1,0.83707166
7724,6,1,0.69025856
7725,12,0,0.33368665
7726,12,0,0.15628828
7727,26,0,0.207072
7728,13,0,0.6138487
7729,15,1,0.51433027
7730,6,0,0.62681746
7731,10,0,0.50186646
7732,25,1,0.371625
7733,0,1,0.5764727
7734,20,0,0.2647368
7735,23,1,0.4779318
7736,13,1,0.52785087
7737,5,0,0.30510914
7738,3,0,0.7338196
7739,12,1,0.34614724
7740,2,0,0.20460086
7741,7,0,0.42386684
7742,17,0,0.34825575
7743,9,1,0.40368068
7744,10,1,0.3975489
7745,0,0,0.2866709
7746,11,1,0.5469414
7747,0,1,0.8639537
7748,3,1,0.5407573
7749,1,0,0.36438733
7750,2,0,0.4489018
7751,11,1,0.7376137
7752,4,0,0.22259934
7753,17,1,0.8071944
7754,14,1,0.40401396
7755,11,1,0.6704901
7756,19,1,0.43672806
7757,16,0,0.39421937
7758,13,0,0.36509863
7759,15,1,0.3229551
7760,17,1,0.7566361
7761,24,0,0.4908658
7762,10,1,0.78830284
7763,14,0,0.5128202
7764,22,1,0.33480027
7765,27,1,0.64898264
7766,22,0,0.4087383
7767,11,0,0.7244905
7768,27,0,0.77432907
7769,11,0,0.59902984
7770,15,1,0.49245647
7771,20,0,0.7976186
7772,8,0,0.56276864
7773,8,1,0.7037338
7774,13,0,0.4103937
7775,1,1,0.45528433
7776,18,0,0.23553298
7777,10,0,0.6070535
7778,6,0,0.57451975
7779,24,1,0.5761367
7780,0,0,0.4008554
7781,25,0,0.36068112
7782,10,0,0.5834809
7783,15,1,0.3675009
7784,15,0,0.599944
7785,13,1,0.6151593
7786,6,1,0.54332906
7787,22,0,0.41310212
7788,17,0,0.4545998
7789,3,0,0.41428703
7790,27,1,0.6858353
7791,28,1,0.73660976
7792,28,0,0.46749833
7793,6,0,0.25494352
7794,5,1,0.34865627
7795,23,1,0.66463834
7796,12,1,0.602994
7797,20,1,0.79784364
7798,7,0,0.2801998
7799,15,1,0.6816993
7800,17,1,0.42691848
7801,14,0,0.44444045
7802,18,1,0.8282652
7803,2,0,0.24835964
7804,28,1,0.74489003
7805,15,1,0.7719539
7806,8,1,0.4623237
7807,9,0,0.22895013
7808,6,1,0.65876746
7809,27,0,0.6782874
7810,14,1,0.5873167
7811,25,0,0.26219192
7812,19,1,0.5300133
7813,10,0,0.43687844
7814,17,0,0.6953226
7815,25,0,0.3623851
7816,28,0,0.37965715
7817,2,0,0.46427268
7818,17,1,0.6601096
7819,6,1,0.49000287
7820,15,1,0.38934904
7821,1,1,0.48061666
7822,3,0,0.29192793
7823,27,1,0.48835155
7824,4,0,0.5177833
7825,12,1,0.54224235
7826,26,1,0.42134094
7827,13,1,0.6064139
7828,16,0,0.46324772
7829,18,0,0.45839173
7830,1,0,0.53706163
7831,0,0,0.29413885
7832,26,1,0.6393103
7833,20,1,0.8471566
7834,27,0,0.3226966
7835,19,1,0.31332222
7836,22,0,0.4198014
7837,10,1,0.41018948
7838,1,0,0.27682236
7839,19,1,0.3457301
7840,2,0,0.53808403
7841,8,0,0.38686347
7842,5,1,0.48458296
7843,2,0,0.27081448
7844,16,0,0.26447132
7845,7,0,0.33128956
7846,26,1,0.40737602
7847,22,0,0.5332587
7848,17,1,0.32057035
7849,12,0,0.27534732
7850,6,1,0.7582565
7851,16,1,0.52536744
7852,2,1,0.5040842
7853,1,0,0.5041274
7854,2,1,0.49442452
7855,9,0,0.68755925
7856,3,0,0.27785107
7857,12,0,0.2596575
7858,26,0,0.49320903
7859,25,1,0.6616256
7860,16,0,0.3994432
7861,16,1,0.56282383
7862,15,0,0.6725806
7863,10,1,0.4951229
7864,24,0,0.2199267
7865,18,1,0.6499181
7866,11,0,0.5802842
7867,13,0,0.3626088
7868,2,1,0.5127242
7869,13,0,0.7427321
7870,15,0,0.22550604
7871,28,0,0.55434674
7872,18,1,0.47628465
7873,12,0,0.26663262
7874,10,0,0.271685
7875,15,0,0.71040136
7876,28,1,0.707626
7877,1,1,0.4319193
7878,10,0,0.4253695
7879,13,0,0.31866854
7880,17,0,0.35646456
7881,19,1,0.4206422
7882,11,1,0.4572503
7883,22,0,0.4066826
7884,23,1,0.4853455
7885,16,0,0.3293648
7886,10,0,0.86281806
7887,27,0,0.21704802
7888,7,0,0.73989296
7889,8,1,0.5149725
7890,15,0,0.44172385
7891,25,0,0.30291402
7892,25,1,0.39194635
7893,10,0,0.36526817
7894,25,0,0.5658008
7895,1,1,0.85553336
7896,6,1,0.39565715
7897,7,0,0.38872162
7898,20,0,0.68955386
7899,3,0,0.42405155
7900,8,0,0.51223415
7901,15,1,0.78519446
7902,23,0,0.4209853
7903,8,0,0.73031384
7904,17,0,0.37406033
7905,10,0,0.60734
7906,12,0,0.3640315
7907,16,1,0.45431823
7908,6,1,0.8442143
7909,12,1,0.82598084
7910,12,0,0.26882088
7911,16,1,0.52737164
7912,3,1,0.2640399
7913,19,1,0.5312407
7914,28,1,0.6059052
7915,11,1,0.49101838
7916,16,0,0.22939731
7917,5,0,0.6840159
7918,9,0,0.8088953
7919,4,0,0.46748933
7920,1,1,0.7857487
7921,16,0,0.5829985
7922,22,1,0.57751584
7923,23,0,0.4879324
7924,10,1,0.796242
7925,19,1,0.6498302
7926,13,1,0.7792774
7927,10,1,0.48564005
7928,10,0,0.19283053
7929,0,0,0.38161963
7930,15,0,0.3528382
7931,15,1,0.5371566
7932,2,1,0.67442095
7933,16,0,0.49979684
7934,8,1,0.5588855
7935,2,0,0.5744138
7936,5,0,0.4116107
7937,25,0,0.4605551
7938,23,0,0.3722315
7939,25,1,0.7741655
7940,10,0,0.28538212
7941,15,1,0.3701884
7942,10,1,0.6888287
7943,1,0,0.756686
7944,6,0,0.8018135
7945,7,1,0.4737393
7946,13,0,0.17757867
7947,8,1,0.46715844
7948,22,0,0.5837187
7949,10,0,0.3812567
7950,8,1,0.8119179
7951,13,0,0.688361
7952,26,1,0.5917436
7953,13,0,0.33736464
7954,15,0,0.24820188
7955,1,0,0.2963455
7956,9,1,0.4725025
7957,28,0,0.61872625
7958,11,0,0.506971
7959,27,0,0.6210127
7960,11,1,0.57246554
7961,1,0,0.5421621
7962,1,0,0.50519675
7963,1,0,0.5025526
7964,7,0,0.5520797
7965,23,1,0.48248562
7966,19,0,0.23298857
7967,13,0,0.3631031
7968,3,1,0.56475455
7969,0,0,0.6031495
7970,10,1,0.5653785
7971,26,1,0.4988471
7972,11,0,0.31212837
7973,16,1,0.5181841
7974,25,1,0.5870292
7975,16,1,0.4602013
7976,23,1,0.7669216
7977,27,1,0.2854469
7978,4,1,0.36186132
7979,16,1,0.74727446
7980,0,0,0.45995593
7981,15,1,0.65830714
7982,8,1,0.59333295
7983,25,0,0.38111657
7984,6,1,0.64543986
7985,17,1,0.5038745
7986,8,1,0.5122724
7987,7,0,0.4296629
7988,13,0,0.49734762
7989,18,1,0.3720797
7990,2,0,0.43982002
7991,17,0,0.46633488
7992,1,1,0.23055005
7993,20,0,0.37443915
7994,16,1,0.45639223
7995,1,1,0.59467214
7996,6,0,0.25689396
7997,10,1,0.4600863
7998,13,0,0.41757154
7999,4,1,0.51550233
8000,23,1,0.45259595
8001,15,0,0.4772444
8002,14,1,0.5417371
8003,16,0,0.4278601
8004,21,0,0.26306573
8005,22,1,0.49667668
8006,5,1,0.5636668
8007,27,1,0.8627178
8008,11,0,0.69817215
8009,10,1,0.4774746
8010,13,1,0.6663949
8011,6,0,0.29364744
8012,21,0,0.79154223
8013,5,1,0.7351391
8014,25,1,0.319724
8015,26,1,0.5396339
8016,20,0,0.39557323
8017,7,1,0.7641064
8018,26,0,0.467757
8019,12,0,0.3975545
8020,15,1,0.45406678
8021,27,1,0.41540083
8022,23,1,0.6075352
8023,18,1,0.7226199
8024,11,0,0.47535086
8025,0,1,0.67845273
8026,9,1,0.614517
8027,7,0,0.70759135
8028,10,1,0.37453556
8029,12,0,0.7666398
8030,3,1,0.70930624
8031,10,0,0.5080331
8032,26,0,0.24827921
8033,2,0,0.349794
8034,13,1,0.5421148
8035,16,0,0.1823208
8036,13,1,0.50583553
8037,11,0,0.4695904
8038,5,0,0.4753673
8039,15,0,0.41263923
8040,5,0,0.6163096
8041,7,1,0.24965283
8042,15,1,0.58336985
8043,7,0,0.53452307
8044,9,1,0.51960397
8045,12,1,0.8156428
8046,14,0,0.31830028
8047,0,1,0.50452435
8048,8,0,0.7136974
8049,14,0,0.4666321
8050,4,0,0.59916615
8051,27,0,0.4657357
8052,27,1,0.52656317
8053,18,0,0.34095493
8054,26,1,0.53139865
8055,12,1,0.3459293
8056,12,1,0.7211115
8057,28,1,0.74664944
8058,13,1,0.60461515
8059,26,0,0.36759713
8060,0,1,0.5036456
8061,28,0,0.3860111
8062,6,0,0.32940763
8063,3,0,0.42159224
8064,15,0,0.36400566
8065,17,0,0.2482974
8066,10,0,0.39863577
8067,2,0,0.5853769
8068,16,1,0.3620422
8069,20,0,0.3231335
8070,3,0,0.33989403
8071,2,1,0.7171508
8072,13,0,0.47775
8073,12,1,0.4150826
8074,1,1,0.5059824
8075,25,1,0.53016573
8076,7,1,0.55473197
8077,11,1,0.7145657
8078,0,1,0.72326154
8079,5,1,0.75688946
8080,0,1,0.4572879
8081,6,1,0.7775212
8082,20,0,0.44570535
8083,7,0,0.39152348
8084,22,0,0.36888757
8085,5,0,0.3259757
8086,8,1,0.6226431
8087,7,0,0.77819705
8088,15,0,0.4905796
8089,2,0,0.23197994
8090,15,1,0.58529717
8091,20,0,0.29316756
8092,4,1,0.58721185
8093,13,0,0.25482133
8094,22,0,0.34581435
8095,8,1,0.5225199
8096,17,1,0.58794254
8097,7,0,0.6564335
8098,16,0,0.533177
8099,8,0,0.3905026
8100,14,1,0.36133227
8101,9,1,0.3709341
8102,10,1,0.7839894
8103,14,0,0.48587295
8104,26,0,0.1620977
8105,22,0,0.31648716
8106,5,0,0.5139251
8107,1,0,0.23065265
8108,14,0,0.26599386
8109,11,1,0.29568896
8110,28,1,0.46258792
8111,1,1,0.46256027
8112,0,0,0.5843265
8113,13,0,0.35867974
8114,9,1,0.6992404
8115,17,0,0.48368528
8116,11,0,0.3998024
8117,22,1,0.78041244
8118,2,1,0.77625537
8119,16,1,0.3852379
8120,16,1,0.28062683
8121,0,1,0.2601929
8122,8,0,0.45366585
8123,11,1,0.45959842
8124,13,0,0.61212873
8125,21,0,0.4772526
8126,2,0,0.65448964
8127,17,1,0.75145966
8128,2,0,0.39262384
8129,8,1,0.38046888
8130,8,0,0.34405163
8131,26,0,0.7135314
8132,13,0,0.3255595
8133,15,0,0.48065725
8134,13,1,0.33117187
8135,28,1,0.49216565
8136,9,0,0.64044875
8137,5,0,0.7516133
8138,16,0,0.30549216
8139,23,1,0.7738357
8140,22,1,0.6847122
8141,16,1,0.58513916
8142,8,1,0.43096864
8143,16,1,0.4213822
8144,22,0,0.37260777
8145,4,0,0.7803738
8146,11,1,0.80678886
8147,18,1,0.4830131
8148,26,0,0.6697905
8149,13,0,0.5137664
8150,28,1,0.35563767
8151,8,1,0.6100984
8152,18,0,0.5789629
8153,26,1,0.45459723
8154,23,1,0.57355314
8155,23,0,0.33597207
8156,6,1,0.26402387
8157,27,1,0.57761705
8158,4,1,0.4454862
8159,16,1,0.30360967
8160,26,1,0.26182282
8161,2,1,0.52625036
8162,20,1,0.4854477
8163,25,0,0.7959313
8164,27,0,0.40932122
8165,26,1,0.78451645
8166,8,0,0.49295828
8167,28,1,0.73219705
8168,17,1,0.7945906
8169,15,1,0.72883046
8170,10,0,0.2881835
8171,24,0,0.32974526
8172,20,1,0.42509374
8173,16,1,0.4741879
8174,16,1,0.58561754
8175,24,1,0.63596743
8176,14,1,0.52001685
8177,18,1,0.8509275
8178,19,1,0.46311256
8179,18,1,0.7438034
8180,16,0,0.6375427
8181,9,1,0.52806133
8182,11,0,0.530772
8183,26,1,0.54015803
8184,10,0,0.77164227
8185,12,1,0.38582414
8186,25,1,0.6701818
8187,15,1,0.476376
8188,14,1,0.41679502
8189,8,0,0.20713086
8190,13,0,0.5199152
8191,2,0,0.6892565
8192,25,1,0.3379835
8193,2,0,0.4488803
8194,11,1,0.62747616
8195,13,1,0.48047093
8196,1,0,0.4453612
8197,0,1,0.44499436
8198,9,1,0.49250355
8199,13,1,0.6314708
8200,23,1,0.7384775
8201,12,0,0.53966993
8202,16,0,0.61211777
8203,11,0,0.28565297
8204,8,1,0.61404514
8205,25,0,0.5190721
8206,6,0,0.36548764
8207,13,1,0.35897505
8208,13,1,0.7812285
8209,17,1,0.7633038
8210,6,1,0.82096505
8211,15,1,0.80974495
8212,3,0,0.44095644
8213,12,1,0.4202501
8214,4,1,0.8580253
8215,25,1,0.35458136
8216,25,1,0.47269064
8217,23,1,0.35766912
8218,7,0,0.17210576
8219,6,0,0.38311633
8220,3,1,0.48610696
8221,4,1,0.6275283
8222,13,1,0.5645681
8223,3,1,0.40274724
8224,11,1,0.81104785
8225,4,0,0.26416963
8226,13,0,0.51041836
8227,16,1,0.46317676
8228,20,0,0.47878724
8229,17,0,0.45981786
8230,15,1,0.6397773
8231,24,0,0.448977
8232,25,0,0.444587
8233,27,1,0.38816097
8234,16,1,0.6803146
8235,0,1,0.7564282
8236,27,1,0.44439057
8237,15,0,0.33499628
8238,1,0,0.40819028
8239,1,0,0.5439065
8240,13,0,0.3359633
8241,27,0,0.41482103
8242,21,1,0.83316445
8243,26,0,0.62653244
8244,22,0,0.5784305
8245,16,1,0.73097765
8246,25,0,0.41364157
8247,12,0,0.31212717
8248,21,0,0.20406656
8249,16,1,0.83944386
8250,3,1,0.48314783
8251,11,1,0.5927584
8252,13,1,0.52298254
8253,13,0,0.1915422
8254,27,1,0.51217586
8255,7,0,0.42378527
8256,27,0,0.46193174
8257,16,0,0.28833866
8258,21,0,0.43100044
8259,1,0,0.3922275
8260,25,1,0.82094914
8261,25,0,0.29048643
8262,27,1,0.46097437
8263,16,1,0.86902887
8264,20,1,0.7904448
8265,3,0,0.3452987
8266,2,1,0.5781363
8267,11,1,0.6858786
8268,14,1,0.61813706
8269,14,1,0.39624318
8270,6,0,0.22765133
8271,25,0,0.5103289
8272,15,0,0.43110064
8273,24,0,0.62649304
8274,8,0,0.59314114
8275,27,1,0.4312768
8276,25,0,0.44887286
8277,23,0,0.5178023
8278,21,1,0.23476574
8279,14,0,0.25730652
8280,8,1,0.68893063
8281,22,1,0.46466056
8282,26,0,0.47060588
8283,27,1,0.7905989
8284,2,1,0.62254745
8285,24,0,0.6687927
8286,11,0,0.5602948
8287,27,1,0.23386468
8288,15,0,0.32622644
8289,12,0,0.5288558
8290,28,0,0.3473961
8291,1,0,0.3212654
8292,16,0,0.46258822
8293,12,0,0.40778068
8294,15,0,0.1979992
8295,20,1,0.36571255
8296,2,1,0.42007732
8297,10,0,0.30249834
8298,6,1,0.69852424
8299,12,0,0.299616
8300,8,0,0.5246037
8301,23,1,0.6078309
8302,2,0,0.33289525
8303,0,1,0.81949025
8304,16,1,0.8231115
8305,4,1,0.26820713
8306,24,0,0.5484067
8307,15,0,0.44275612
8308,5,1,0.46667188
8309,27,1,0.72089815
8310,27,0,0.44975397
8311,8,1,0.18669261
8312,11,0,0.46160454
8313,18,0,0.56913346
8314,28,1,0.8264873
8315,26,1,0.77351105
8316,16,1,0.48025134
8317,2,1,0.35523632
8318,2,1,0.46299866
8319,8,0,0.44950932
8320,22,0,0.2842037
8321,6,0,0.3883794
8322,23,1,0.5804677
8323,2,1,0.35987276
8324,7,0,0.49274853
8325,1,0,0.37870893
8326,11,0,0.64617175
8327,20,0,0.3991594
8328,3,1,0.5819503
8329,1,1,0.44785744
8330,25,1,0.5207483
8331,16,0,0.4589192
8332,4,0,0.27610415
8333,8,0,0.4910137
8334,1,1,0.56042755
8335,15,1,0.5221421
8336,5,1,0.4560018
8337,16,0,0.610523
8338,2,1,0.45949236
8339,18,1,0.54175514
8340,0,0,0.37782532
8341,26,0,0.37499213
8342,26,0,0.5630931
8343,21,0,0.52941597
8344,27,1,0.7877713
8345,13,1,0.52583855
8346,25,1,0.5760998
8347,13,1,0.35629904
8348,10,1,0.35701466
8349,17,0,0.56667334
8350,11,0,0.5557636
8351,10,1,0.68297344
8352,16,1,0.7058167
8353,27,1,0.37942696
8354,25,0,0.17510381
8355,15,1,0.5194914
8356,17,0,0.6426939
8357,21,1,0.66996235
8358,12,1,0.49993932
8359,2,0,0.7161806
8360,6,0,0.28842542
8361,10,0,0.40748003
8362,22,1,0.47931495
8363,25,0,0.5135887
8364,8,1,0.5513413
8365,20,1,0.5224534
8366,1,0,0.27803397
8367,11,1,0.53446794
8368,28,1,0.75279325
8369,8,1,0.6763697
8370,28,0,0.4721491
8371,8,1,0.5743192
8372,27,0,0.24594109
8373,18,1,0.74010754
8374,24,1,0.699345
8375,4,1,0.6143655
8376,5,0,0.4336534
8377,26,0,0.46229362
8378,27,0,0.34102687
8379,10,0,0.25555328
8380,16,0,0.38023278
8381,9,1,0.5229212
8382,18,1,0.41255444
8383,14,0,0.47081935
8384,13,0,0.43419933
8385,27,1,0.34069368
8386,8,1,0.44866833
8387,17,0,0.61103314
8388,6,1,0.7093056
8389,25,0,0.23860611
8390,11,0,0.3030223
8391,5,1,0.2794312
8392,16,1,0.49954706
8393,17,1,0.7332113
8394,6,0,0.359582
8395,13,1,0.45270908
8396,20,1,0.44559646
8397,16,1,0.61325365
8398,10,1,0.72797316
8399,9,1,0.4179439
8400,1,0,0.3818405
8401,10,0,0.41162047
8402,20,0,0.5983005
8403,15,1,0.4289805
8404,9,0,0.19879882
8405,16,0,0.5951716
8406,3,1,0.63380444
8407,28,0,0.48919132
8408,10,0,0.34201387
8409,8,0,0.5097229
8410,8,0,0.42818764
8411,1,1,0.60226595
8412,15,0,0.40662244
8413,2,0,0.7891528
8414,15,0,0.34847185
8415,8,0,0.5514296
8416,2,1,0.682651
8417,19,1,0.39258528
8418,2,0,0.4663368
8419,16,1,0.45170963
8420,12,1,0.5536575
8421,2,0,0.4697879
8422,15,0,0.70936495
8423,16,1,0.5491136
8424,6,1,0.46079683
8425,11,1,0.4702137
8426,28,0,0.5431648
8427,0,1,0.33120242
8428,20,1,0.3087514
8429,7,1,0.46446693
8430,11,0,0.5428191
8431,8,0,0.7296711
8432,8,1,0.59097195
8433,8,0,0.6192819
8434,16,0,0.2243732
8435,15,0,0.38273054
8436,8,1,0.47596753
8437,22,0,0.35096186
8438,2,1,0.3683225
8439,13,1,0.66527015
8440,20,1,0.41341472
8441,6,0,0.33111566
8442,25,1,0.8343651
8443,11,0,0.4735612
8444,20,0,0.4519805
8445,25,0,0.28842834
8446,12,1,0.530986
8447,20,1,0.4759348
8448,17,0,0.20903088
8449,25,0,0.5640571
8450,12,1,0.5592925
8451,1,1,0.2814324
8452,15,1,0.7415187
8453,1,0,0.3665869
8454,13,0,0.55539256
8455,25,1,0.63196117
8456,16,1,0.39408377
8457,15,1,0.24363346
8458,13,0,0.4001379
8459,27,1,0.36040792
8460,16,1,0.5394286
8461,24,0,0.43626735
8462,17,0,0.34063128
8463,12,1,0.6964442
8464,17,1,0.4408186
8465,18,0,0.4592784
8466,22,1,0.42053738
8467,8,1,0.23491795
8468,0,1,0.55581176
8469,9,0,0.517267
8470,23,0,0.3628195
8471,10,1,0.35204265
8472,28,0,0.36654145
8473,20,1,0.40303215
8474,10,1,0.39827916
8475,11,0,0.27937812
8476,2,0,0.59709066
8477,10,1,0.46667105
8478,13,1,0.8031439
8479,12,0,0.19688281
8480,6,0,0.3566218
8481,17,1,0.7322172
8482,25,1,0.4053856
8483,10,1,0.75695896
8484,2,1,0.71649927
8485,28,1,0.3913143
8486,18,0,0.602928
8487,13,1,0.27382573
8488,18,0,0.566109
8489,7,0,0.36455515
8490,12,1,0.43122217
8491,14,0,0.6332828
8492,13,1,0.80658174
8493,20,0,0.66638434
8494,25,1,0.46847114
8495,12,1,0.6209152
8496,23,1,0.7482064
8497,7,1,0.6498169
8498,15,1,0.29827517
8499,2,1,0.7608105
8500,6,1,0.7168978
8501,1,0,0.6610898
8502,6,0,0.4713012
8503,26,0,0.39221698
8504,0,1,0.28481722
8505,27,1,0.4958591
8506,4,1,0.7522457
8507,17,0,0.6590959
8508,5,1,0.7953526
8509,8,1,0.49968275
8510,28,1,0.5454252
8511,26,0,0.29532802
8512,2,1,0.81287014
8513,13,0,0.36342695
8514,1,1,0.72920984
8515,14,1,0.61119217
8516,1,0,0.42441347
8517,10,0,0.49169546
8518,8,1,0.66426843
8519,16,0,0.4313798
8520,8,1,0.56354874
8521,13,1,0.581499
8522,13,0,0.4764357
8523,24,1,0.3846007
8524,28,1,0.73037785
8525,28,1,0.7632273
8526,13,0,0.45859763
8527,27,0,0.7045517
8528,4,1,0.64163196
8529,21,0,0.4297504
8530,27,1,0.41474116
8531,8,1,0.68875647
8532,3,1,0.6340837
8533,17,1,0.4212685
8534,8,1,0.69227
8535,26,0,0.56640387
8536,13,1,0.5207739
8537,27,0,0.4079256
8538,11,1,0.35285357
8539,25,0,0.41456372
8540,12,1,0.59650266
8541,10,0,0.37858072
8542,22,0,0.6227492
8543,16,0,0.1581786
8544,21,0,0.46797067
8545,4,1,0.7106846
8546,19,1,0.32133743
8547,20,0,0.5256586
8548,7,1,0.794691
8549,16,1,0.73627746
8550,16,1,0.441309
8551,8,0,0.42616647
8552,14,1,0.65137905
8553,9,1,0.31963208
8554,14,0,0.36332634
8555,12,0,0.58035916
8556,23,0,0.38496962
8557,24,1,0.5886839
8558,15,1,0.46292916
8559,20,0,0.38985565
8560,24,0,0.41469762
8561,10,1,0.4505283
8562,27,1,0.30385277
8563,12,1,0.7120153
8564,15,1,0.45350915
8565,9,0,0.5827726
8566,26,1,0.66937727
8567,15,1,0.531657
8568,6,0,0.36730826
8569,17,0,0.6418689
8570,20,1,0.5486084
8571,5,0,0.34728056
8572,15,1,0.34161228
8573,24,1,0.29024038
8574,14,0,0.4637075
8575,10,0,0.43152884
8576,26,1,0.32140958
8577,3,1,0.4544143
8578,0,1,0.50697035
8579,10,1,0.7554694
8580,15,0,0.5135427
8581,12,1,0.27166206
8582,3,0,0.40961164
8583,25,0,0.40487826
8584,8,1,0.8352618
8585,20,1,0.31855434
8586,22,0,0.6359643
8587,12,1,0.7726375
8588,26,0,0.46763182
8589,28,0,0.45466778
8590,15,1,0.77268404
8591,10,1,0.4899617
8592,25,1,0.4606921
8593,13,0,0.51054406
8594,11,1,0.45985618
8595,9,1,0.8097457
8596,16,0,0.58587736
8597,9,1,0.80761653
8598,21,0,0.5011685
8599,25,1,0.44783846
8600,3,0,0.39414084
8601,2,1,0.7252354
8602,20,1,0.538677
8603,28,1,0.39760876
8604,25,1,0.35162815
8605,15,1,0.66459405
8606,13,0,0.4788471
8607,13,0,0.1810062
8608,11,1,0.87359446
8609,11,1,0.7887041
8610,13,1,0.5766629
8611,10,0,0.24034671
8612,11,1,0.48441517
8613,1,0,0.3271309
8614,27,1,0.52652043
8615,28,1,0.37493244
8616,2,0,0.25095502
8617,22,1,0.7026323
8618,3,0,0.33911172
8619,7,1,0.35722452
8620,28,1,0.51618266
8621,25,1,0.33988842
8622,3,1,0.4443948
8623,1,1,0.6135425
8624,6,1,0.5769182
8625,8,0,0.66778165
8626,10,0,0.45708457
8627,3,0,0.40206334
8628,25,1,0.34943208
8629,25,1,0.75375086
8630,13,1,0.5925488
8631,2,1,0.27341694
8632,2,1,0.80632496
8633,15,1,0.84116095
8634,18,0,0.34233722
8635,26,0,0.405246
8636,1,0,0.37585387
8637,10,0,0.34386975
8638,3,0,0.28639573
8639,13,0,0.54398876
8640,14,1,0.27199024
8641,22,0,0.42486468
8642,15,1,0.6870863
8643,25,1,0.3504962
8644,12,0,0.58630186
8645,26,1,0.7634434
8646,24,1,0.36412475
8647,8,1,0.67835665
8648,0,0,0.5662695
8649,14,0,0.5651038
8650,15,0,0.24484849
8651,20,1,0.49579117
8652,2,0,0.41884118
8653,8,1,0.5538492
8654,16,0,0.52145576
8655,2,0,0.4247313
8656,17,1,0.57179815
8657,8,1,0.3913295
8658,13,1,0.55845404
8659,3,1,0.44019905
8660,14,0,0.834269
8661,4,0,0.6761544
8662,15,1,0.7416279
8663,18,1,0.6371372
8664,28,1,0.5616087
8665,28,1,0.3368914
8666,11,0,0.19016199
8667,13,1,0.79584694
8668,6,1,0.4957136
8669,28,1,0.7851207
8670,6,0,0.54217094
8671,18,0,0.3889615
8672,10,1,0.4847298
8673,25,1,0.54639095
8674,2,0,0.29439873
8675,10,0,0.6202331
8676,17,1,0.6341585
8677,2,1,0.37500522
8678,0,1,0.4822767
8679,5,0,0.4678836
8680,22,1,0.5512168
8681,17,1,0.3189075
8682,13,0,0.20939197
8683,2,0,0.2806636
8684,20,1,0.78475887
8685,3,0,0.25987992
8686,2,1,0.4887082
8687,11,0,0.33198816
8688,2,1,0.4004818
8689,6,1,0.37055218
8690,11,1,0.7029828
8691,16,0,0.51783067
8692,10,1,0.43426427
8693,3,1,0.67394847
8694,26,0,0.32510775
8695,2,0,0.48293567
8696,12,1,0.48449463
8697,1,1,0.4306725
8698,13,0,0.50635356
8699,13,1,0.49234936
8700,23,0,0.4153812
8701,25,0,0.4152795
8702,6,0,0.18677202
8703,0,0,0.2218746
8704,20,1,0.54004556
8705,20,1,0.7516285
8706,22,1,0.54144007
8707,4,0,0.71447504
8708,27,1,0.82302463
8709,1,1,0.50422347
8710,13,0,0.6757393
8711,9,0,0.23183735
8712,1,0,0.47099784
8713,2,1,0.40518782
8714,14,0,0.42801723
8715,24,0,0.27955022
8716,28,1,0.83298534
8717,0,0,0.5941674
8718,11,0,0.40512064
8719,21,0,0.40882874
8720,10,1,0.79693514
8721,4,1,0.7380653
8722,10,0,0.39151406
8723,2,0,0.39588147
8724,9,0,0.3826542
8725,2,1,0.5884083
8726,8,1,0.79113466
8727,26,1,0.43703914
8728,16,0,0.46736395
8729,26,0,0.31590346
8730,1,0,0.47183132
8731,13,1,0.48924714
8732,14,1,0.5818403
8733,18,0,0.5468693
8734,6,0,0.39699063
8735,3,1,0.453646
8736,16,0,0.21992119
8737,10,1,0.440014
8738,25,1,0.5494388
8739,5,1,0.86055636
8740,2,0,0.39317414
8741,27,0,0.46163085
8742,23,1,0.32060623
8743,4,1,0.5295536
8744,27,0,0.4977922
8745,19,1,0.59390694
8746,13,0,0.30652398
8747,10,0,0.39714876
8748,16,0,0.3349853
8749,22,0,0.2940322
8750,12,0,0.37114626
8751,10,0,0.8536615
8752,16,0,0.36010587
8753,22,1,0.7141514
8754,16,0,0.58789754
8755,20,0,0.46638107
8756,17,0,0.29315355
8757,26,0,0.50738513
8758,21,0,0.33740142
8759,13,1,0.7974715
8760,2,1,0.78655344
8761,20,1,0.5356798
8762,8,1,0.6562253
8763,6,0,0.3957099
8764,14,1,0.6019141
8765,11,0,0.5022146
8766,2,0,0.4691106
8767,27,1,0.6974449
8768,13,0,0.44661596
8769,11,0,0.4379812
8770,9,0,0.7035578
8771,10,0,0.34281403
8772,2,0,0.58015865
8773,16,1,0.7425243
8774,27,1,0.57982296
8775,16,1,0.67306924
8776,1,1,0.41265008
8777,20,1,0.28411356
8778,22,1,0.5471718
8779,8,0,0.6277506
8780,17,1,0.54107594
8781,2,1,0.7241475
8782,16,1,0.7437072
8783,1,0,0.47427964
8784,8,1,0.51801753
8785,25,1,0.44975153
8786,22,1,0.52530545
8787,13,0,0.21729137
8788,8,1,0.48410666
8789,18,0,0.5411221
8790,20,0,0.20821506
8791,0,1,0.7944154
8792,2,0,0.65397656
8793,8,1,0.37502444
8794,10,1,0.831509
8795,27,1,0.8181339
8796,23,0,0.27519378
8797,12,0,0.5463532
8798,28,0,0.6591431
8799,13,0,0.593485
8800,10,1,0.8007734
8801,6,1,0.50986594
8802,18,0,0.26104143
8803,11,1,0.37101504
8804,18,0,0.2991023
8805,13,0,0.5102398
8806,7,1,0.4627187
8807,17,0,0.22574773
8808,26,0,0.35636258
8809,26,0,0.43195364
8810,1,0,0.58910644
8811,24,1,0.4559926
8812,13,1,0.3534163
8813,25,1,0.68927705
8814,17,1,0.3937152
8815,9,1,0.6189245
8816,22,0,0.5858621
8817,11,0,0.30148178
8818,10,1,0.30198926
8819,8,1,0.45677555
8820,3,0,0.42386842
8821,16,0,0.40671912
8822,18,0,0.68373084
8823,22,0,0.5113856
8824,3,1,0.24830073
8825,17,1,0.5791894
8826,16,1,0.4848862
8827,25,0,0.4485694
8828,3,1,0.81413615
8829,13,1,0.49316728
8830,4,0,0.33038414
8831,18,0,0.37559173
8832,13,1,0.5010829
8833,2,0,0.6141154
8834,14,1,0.4650987
8835,28,0,0.22327685
8836,21,0,0.44818577
8837,0,1,0.5918348
8838,25,1,0.76691395
8839,16,0,0.6054728
8840,24,1,0.3816442
8841,15,0,0.20988189
8842,4,0,0.4273639
8843,27,0,0.26456013
8844,1,1,0.6131522
8845,17,1,0.5181017
8846,2,0,0.50990254
8847,7,0,0.3693502
8848,20,1,0.5926375
8849,20,1,0.39814502
8850,14,1,0.77715385
8851,13,0,0.5253641
8852,8,1,0.6000839
8853,22,0,0.4903772
8854,22,1,0.7789193
8855,15,1,0.35119092
8856,8,0,0.4854948
8857,22,1,0.67094
8858,7,1,0.40134853
8859,20,1,0.6009888
8860,20,1,0.7638824
8861,10,0,0.22411743
8862,12,1,0.33160987
8863,3,1,0.8449003
8864,26,1,0.5234784
8865,14,0,0.50894094
8866,14,0,0.4711643
8867,13,1,0.50685006
8868,12,1,0.58379334
8869,20,1,0.38400325
8870,8,1,0.5599935
8871,20,0,0.47905803
8872,22,1,0.46405983
8873,2,0,0.46918038
8874,19,0,0.46077836
8875,2,1,0.847495
8876,4,1,0.2930856
8877,28,0,0.47047928
8878,10,1,0.56646085
8879,1,0,0.6332129
8880,1,1,0.6240498
8881,15,0,0.59374017
8882,23,0,0.51344365
8883,10,1,0.44241253
8884,4,1,0.37227473
8885,24,1,0.5764267
8886,27,1,0.4412743
8887,18,1,0.37084028
8888,15,0,0.25738043
8889,26,0,0.5219195
8890,12,1,0.7212235
8891,11,0,0.49856585
8892,2,0,0.33401427
8893,6,1,0.77840406
8894,24,0,0.56900585
8895,1,1,0.49621043
8896,4,1,0.7888709
8897,6,0,0.60767823
8898,11,0,0.38240916
8899,2,0,0.26563364
8900,0,0,0.4880883
8901,2,0,0.20794167
8902,25,0,0.22440471
8903,20,0,0.7605938
8904,8,0,0.37126583
8905,10,1,0.8284081
8906,10,1,0.4096625
8907,20,0,0.31772503
8908,7,1,0.56047356
8909,15,1,0.48311457
8910,20,1,0.48507586
8911,20,1,0.5742191
8912,6,0,0.46749818
8913,2,1,0.52742374
8914,20,0,0.39386284
8915,13,1,0.5746505
8916,17,0,0.29026967
8917,15,0,0.31127137
8918,16,1,0.65157676
8919,10,0,0.6208169
8920,4,0,0.645337
8921,11,0,0.33388272
8922,20,1,0.49468634
8923,19,0,0.46305045
8924,3,1,0.64255863
8925,22,0,0.3409298
8926,17,0,0.4937293
8927,13,0,0.34231576
8928,12,0,0.40086514
8929,15,0,0.6890082
8930,19,0,0.5840091
8931,19,0,0.56371397
8932,3,0,0.5502808
8933,26,1,0.5028641
8934,20,0,0.25869805
8935,3,0,0.4933809
8936,26,0,0.7827312
8937,15,1,0.6876632
8938,13,1,0.46767056
8939,19,0,0.27596703
8940,21,0,0.6004525
8941,1,1,0.7797659
8942,8,1,0.87336075
8943,18,1,0.48928607
8944,25,0,0.334352
8945,15,0,0.5349477
8946,18,1,0.5713621
8947,0,1,0.45884028
8948,13,1,0.39611125
8949,23,0,0.47498158
8950,15,1,0.58963776
8951,8,0,0.5586708
8952,28,1,0.33981994
8953,24,0,0.47795308
8954,22,0,0.5366147
8955,3,1,0.53234744
8956,16,0,0.2107026
8957,11,1,0.6547845
8958,1,1,0.44900733
8959,22,1,0.69121456
8960,25,0,0.5124503
8961,1,1,0.5993796
8962,14,1,0.5474498
8963,13,0,0.3609255
8964,9,1,0.47976315
8965,12,1,0.5796352
8966,13,0,0.39187092
8967,27,1,0.73179674
8968,22,0,0.48528224
8969,5,0,0.32602578
8970,8,0,0.56671846
8971,26,1,0.7110202
8972,7,1,0.54563767
8973,8,1,0.6351
8974,16,0,0.76536244
8975,2,0,0.3364692
8976,10,0,0.21554531
8977,2,0,0.45256054
8978,12,0,0.4774461
8979,8,1,0.7583363
8980,27,0,0.38790238
8981,16,1,0.6259734
8982,7,1,0.46832272
8983,8,0,0.5843441
8984,1,0,0.4426288
8985,18,1,0.52842563
8986,27,0,0.47295827
8987,2,1,0.45148814
8988,9,1,0.7493368
8989,3,0,0.6205364
8990,18,0,0.35372213
8991,25,0,0.49694756
8992,14,1,0.51130575
8993,25,0,0.33132023
8994,24,0,0.54125047
8995,8,0,0.53076404
8996,10,1,0.45627302
8997,15,1,0.56917477
8998,10,1,0.6315512
8999,18,1,0.72205174
9000,26,1,0.3360157
9001,4,1,0.5260179
9002,26,0,0.72220504
9003,12,0,0.42025942
9004,2,1,0.46872714
9005,14,0,0.85021174
9006,22,0,0.39732176
9007,7,1,0.46893314
9008,16,1,0.60680217
9009,13,0,0.54144335
9010,13,1,0.46657336
9011,10,0,0.37050152
9012,13,0,0.35678944
9013,16,0,0.73032284
9014,26,0,0.5469131
9015,1,0,0.6144748
9016,25,1,0.46913078
9017,15,1,0.8032687
9018,12,1,0.5155409
9019,26,1,0.7655576
9020,13,0,0.34087557
9021,16,0,0.35633227
9022,19,1,0.3710539
9023,13,0,0.35094982
9024,11,1,0.29720378
9025,8,0,0.54818934
9026,23,1,0.6173185
9027,22,0,0.29986593
9028,8,1,0.81553525
9029,1,0,0.6039581
9030,8,0,0.4002196
9031,4,0,0.49621254
9032,24,1,0.47744298
9033,3,0,0.44107297
9034,10,0,0.611464
9035,19,0,0.72874063
9036,11,1,0.5820828
9037,3,1,0.71230775
9038,11,1,0.7244881
9039,2,1,0.52007383
9040,9,0,0.5199059
9041,22,1,0.4484417
9042,9,1,0.53414476
9043,18,0,0.5366811
9044,28,0,0.38663045
9045,15,1,0.8050924
9046,7,0,0.6914669
9047,20,1,0.7489816
9048,3,0,0.616137
9049,19,0,0.7140805
9050,16,0,0.48597854
9051,11,1,0.76836276
9052,8,0,0.8158187
9053,17,0,0.19537653
9054,14,1,0.4697599
9055,22,1,0.60042065
9056,18,0,0.41014257
9057,13,1,0.68952185
9058,16,0,0.5164265
9059,7,1,0.8262565
9060,6,1,0.81263024
9061,11,0,0.3859501
9062,28,0,0.6506108
9063,8,1,0.35986608
9064,24,1,0.41265178
9065,13,1,0.3886997
9066,25,0,0.35314995
9067,15,1,0.7876521
9068,18,1,0.46327022
9069,6,1,0.44816408
9070,12,0,0.26203448
9071,26,0,0.34496063
9072,2,0,0.20255356
9073,6,1,0.48440108
9074,8,1,0.49552318
9075,26,0,0.37221596
9076,1,0,0.59827363
9077,13,0,0.5670368
9078,16,1,0.32081223
9079,4,1,0.53124756
9080,2,1,0.80380046
9081,22,0,0.38634712
9082,6,0,0.3509586
9083,1,1,0.50739986
9084,14,0,0.33460748
9085,26,0,0.48088744
9086,12,0,0.35970122
9087,12,1,0.5789414
9088,25,0,0.3538161
9089,22,0,0.37708816
9090,17,1,0.6070217
9091,25,0,0.2229857
9092,17,0,0.55445266
9093,8,0,0.5808345
9094,0,0,0.40202785
9095,12,1,0.5624923
9096,16,0,0.6561067
9097,8,1,0.61240697
9098,0,1,0.8392206
9099,18,0,0.46941188
9100,13,0,0.38545245
9101,10,1,0.58070695
9102,15,0,0.61296344
9103,2,0,0.34722954
9104,18,0,0.37999105
9105,25,1,0.3409487
9106,9,0,0.22584116
9107,9,0,0.52577597
9108,10,0,0.3211944
9109,22,1,0.6879563
9110,17,0,0.3160896
9111,20,0,0.638597
9112,23,0,0.5044081
9113,7,0,0.5250946
9114,12,1,0.803223
9115,10,1,0.788382
9116,13,1,0.40365624
9117,8,0,0.32869953
9118,7,1,0.59809685
9119,13,0,0.5736376
9120,14,0,0.2859694
9121,8,0,0.36729422
9122,11,1,0.5152516
9123,0,0,0.50202435
9124,16,0,0.3926098
9125,8,0,0.607082
9126,8,0,0.38055202
9127,16,0,0.32435146
9128,8,1,0.5671036
9129,23,1,0.6570039
9130,16,1,0.50975645
9131,25,0,0.5030069
9132,9,1,0.83778995
9133,17,1,0.63723165
9134,16,0,0.5354777
9135,17,1,0.51871353
9136,28,0,0.49695593
9137,5,1,0.53668386
9138,13,0,0.26712912
9139,16,1,0.5367172
9140,11,1,0.7032598
9141,11,1,0.6487053
9142,4,0,0.48632318
9143,14,1,0.45881066
9144,22,1,0.5275929
9145,10,1,0.8527783
9146,1,0,0.5188791
9147,19,1,0.6983739
9148,22,0,0.341017
9149,25,0,0.76019216
9150,14,0,0.44315386
9151,15,0,0.44740292
9152,7,1,0.8190261
9153,4,0,0.6332489
9154,8,0,0.6924158
9155,27,1,0.39988276
9156,25,1,0.46285796
9157,16,1,0.5270477
9158,8,1,0.78393084
9159,2,1,0.814084
9160,17,0,0.4395105
9161,11,1,0.8669835
9162,2,0,0.3672559
9163,20,0,0.26232904
9164,20,1,0.76303613
9165,2,0,0.3971845
9166,26,1,0.3035118
9167,18,0,0.19736415
9168,20,0,0.57559496
9169,28,1,0.6093367
9170,28,0,0.24627277
9171,5,1,0.37260035
9172,21,0,0.24093542
9173,15,0,0.39433134
9174,25,0,0.5081831
9175,8,1,0.5458456
9176,18,0,0.6101986
9177,16,1,0.2881846
9178,24,0,0.62696517
9179,12,0,0.46086633
9180,12,1,0.84013873
9181,6,1,0.68297935
9182,28,0,0.5622829
9183,18,1,0.7697932
9184,5,0,0.7802124
9185,8,0,0.38730973
9186,13,1,0.35308406
9187,28,1,0.49612123
9188,1,0,0.4962325
9189,28,0,0.18363425
9190,11,0,0.44448456
9191,11,0,0.5522408
9192,26,1,0.8729498
9193,13,0,0.29386923
9194,10,0,0.5984061
9195,8,0,0.26521084
9196,15,0,0.47077966
9197,28,0,0.5536568
9198,8,0,0.30562228
9199,17,1,0.44705015
9200,19,1,0.5848188
9201,11,1,0.30803198
9202,6,1,0.5651373
9203,26,0,0.32932013
9204,27,0,0.706438
9205,15,1,0.8353258
9206,22,0,0.34090132
9207,10,1,0.59980905
9208,25,0,0.19976616
9209,20,0,0.380092
9210,11,0,0.7109621
9211,4,1,0.7013012
9212,25,0,0.29867387
9213,2,1,0.4310122
9214,26,1,0.5035895
9215,16,0,0.5271045
9216,24,0,0.66061133
9217,0,1,0.4150038
9218,1,1,0.748037
9219,15,1,0.51072496
9220,0,1,0.50479144
9221,16,1,0.820525
9222,16,0,0.29386342
9223,19,1,0.522375
9224,5,0,0.4414055
9225,9,0,0.2922707
9226,8,0,0.37293595
9227,15,1,0.59202266
9228,22,1,0.6045683
9229,13,0,0.55755985
9230,3,0,0.4644084
9231,13,1,0.5353362
9232,19,1,0.52982074
9233,13,0,0.2867292
9234,2,0,0.70034844
9235,28,0,0.5236478
9236,14,0,0.52479917
9237,13,1,0.33194262
9238,10,1,0.4353604
9239,2,0,0.49293095
9240,16,1,0.58273375
9241,20,1,0.58568025
9242,10,0,0.36917707
9243,16,0,0.3104752
9244,7,0,0.5329811
9245,17,0,0.28790712
9246,7,1,0.4860747
9247,18,1,0.39840218
9248,24,1,0.76066047
9249,22,0,0.41091967
9250,10,1,0.49677315
9251,11,1,0.45240209
9252,2,1,0.70652735
9253,8,0,0.44627026
9254,3,1,0.5331274
9255,8,1,0.46238393
9256,16,1,0.5603212
9257,25,1,0.5054716
9258,0,0,0.5332729
9259,25,0,0.19826318
9260,12,0,0.61578333
9261,27,1,0.3742513
9262,25,0,0.44289517
9263,27,1,0.7485489
9264,15,1,0.4956143
9265,28,0,0.40915537
9266,17,0,0.5535184
9267,17,0,0.44333816
9268,22,1,0.8355342
9269,13,1,0.49563274
9270,3,1,0.733819
9271,3,0,0.510824
9272,13,0,0.43312466
9273,6,1,0.3422141
9274,16,1,0.39581886
9275,7,1,0.6276816
9276,13,0,0.2724913
9277,2,0,0.5526159
9278,9,0,0.5357324
9279,22,0,0.46040457
9280,27,0,0.7656002
9281,25,0,0.27210543
9282,22,1,0.60771656
9283,20,1,0.724829
9284,25,1,0.28807512
9285,13,1,0.34807855
9286,25,1,0.8255052
9287,2,0,0.33011335
9288,27,0,0.4525905
9289,10,0,0.5022049
9290,13,1,0.5325063
9291,24,1,0.3597268
9292,16,0,0.29524973
9293,12,1,0.48732558
9294,2,1,0.50221527
9295,15,0,0.33102304
9296,15,1,0.50367624
9297,26,0,0.3977233
9298,3,0,0.6709247
9299,18,1,0.48912448
9300,16,1,0.8135004
9301,2,1,0.6883962
9302,28,0,0.3239456
9303,20,0,0.3218638
9304,12,0,0.6111063
9305,7,1,0.55596787
9306,13,1,0.5514413
9307,0,0,0.45633227
9308,26,1,0.33491343
9309,16,1,0.6674713
9310,17,1,0.5038377
9311,19,1,0.5481564
9312,28,1,0.43820292
9313,4,0,0.53270644
9314,18,1,0.5494427
9315,2,1,0.6443658
9316,16,0,0.4202098
9317,26,0,0.52415574
9318,3,0,0.30732116
9319,16,1,0.51416725
9320,11,0,0.5565238
9321,16,1,0.44673088
9322,9,0,0.35156032
9323,9,1,0.48352805
9324,10,0,0.19402403
9325,10,0,0.595946
9326,9,0,0.3022968
9327,26,1,0.68212926
9328,10,0,0.27035943
9329,11,0,0.40037614
9330,16,0,0.3965248
9331,10,1,0.56301165
9332,26,1,0.30707872
9333,19,0,0.63777053
9334,11,0,0.28591743
9335,1,0,0.37518612
9336,12,0,0.58522844
9337,27,1,0.7823044
9338,4,1,0.77712965
9339,23,0,0.55626
9340,27,1,0.61755216
9341,0,0,0.5579258
9342,13,1,0.5144437
9343,5,1,0.6255545
9344,0,0,0.21230616
9345,8,1,0.77225506
9346,9,0,0.48035118
9347,27,0,0.30779225
9348,8,0,0.3694419
9349,22,0,0.3865413
9350,20,1,0.60730934
9351,18,0,0.52789074
9352,6,1,0.37832767
9353,20,0,0.5877324
9354,4,1,0.48333278
9355,1,0,0.2904021
9356,9,0,0.628597
9357,12,0,0.47212774
9358,8,0,0.36604178
9359,13,1,0.84285545
9360,22,1,0.65608513
9361,13,1,0.6201691
9362,0,1,0.6110625
9363,4,0,0.36746794
9364,3,0,0.8484535
9365,20,1,0.6520636
9366,17,0,0.5174152
9367,2,0,0.39994773
9368,28,0,0.29645857
9369,10,1,0.8192451
9370,17,1,0.55791545
9371,25,1,0.41158232
9372,14,1,0.69824994
9373,4,1,0.44414625
9374,23,0,0.55647635
9375,7,1,0.30913553
9376,25,0,0.5523136
9377,2,0,0.37122276
9378,20,1,0.6437187
9379,28,0,0.1854337
9380,1,1,0.28259832
9381,0,0,0.614655
9382,16,1,0.6614327
9383,22,0,0.50099784
9384,8,1,0.43929422
9385,13,1,0.66494066
9386,16,1,0.47112286
9387,21,0,0.28872383
9388,27,0,0.5208065
9389,22,0,0.3729675
9390,15,1,0.54442143
9391,12,0,0.5779298
9392,2,1,0.4224215
9393,27,0,0.38468906
9394,19,1,0.566284
9395,13,1,0.28635982
9396,26,0,0.4323226
9397,8,1,0.38090304
9398,10,0,0.36434647
9399,10,0,0.7403652
9400,1,1,0.50661737
9401,9,1,0.6185126
9402,13,0,0.6887929
9403,17,1,0.73863447
9404,18,1,0.6639164
9405,20,1,0.78021306
9406,27,0,0.2402188
9407,28,0,0.5151526
9408,25,0,0.44087163
9409,10,0,0.64051545
9410,17,0,0.26171777
9411,25,0,0.3308554
9412,12,1,0.5222794
9413,27,1,0.54493475
9414,27,1,0.5261064
9415,9,1,0.32694823
9416,10,1,0.6616168
9417,27,1,0.80628645
9418,22,0,0.6118355
9419,23,1,0.7045865
9420,16,0,0.29311422
9421,25,0,0.21645927
9422,10,0,0.5041882
9423,15,1,0.39187327
9424,18,1,0.6504115
9425,21,0,0.7341131
9426,14,1,0.55649513
9427,21,0,0.30427188
9428,19,0,0.6052221
9429,1,0,0.4370682
9430,4,1,0.7002884
9431,26,1,0.7218568
9432,19,0,0.6142652
9433,26,1,0.7865706
9434,7,0,0.66270775
9435,16,0,0.3131432
9436,27,0,0.5912857
9437,18,1,0.27675393
9438,17,1,0.60649943
9439,25,0,0.46180722
9440,14,0,0.25697267
9441,25,1,0.5096361
9442,15,1,0.7724217
9443,27,0,0.3414211
9444,6,0,0.2246249
9445,26,0,0.31216753
9446,28,0,0.46858254
9447,25,0,0.31769797
9448,8,1,0.88142407
9449,20,0,0.37389192
9450,13,0,0.25312886
9451,12,0,0.32312527
9452,3,0,0.41688722
9453,7,1,0.8481208
9454,12,1,0.45043704
9455,6,1,0.5829476
9456,9,0,0.42562166
9457,3,1,0.5973315
9458,26,0,0.2749984
9459,6,1,0.50147563
9460,16,1,0.5158436
9461,28,0,0.54987746
9462,0,0,0.51249087
9463,8,0,0.58542436
9464,6,0,0.33935305
9465,10,0,0.6376853
9466,14,1,0.8094949
9467,14,1,0.5087704
9468,16,1,0.49051827
9469,19,1,0.3151582
9470,1,0,0.53152394
9471,13,1,0.79166687
9472,26,1,0.5663289
9473,4,1,0.76908255
9474,25,1,0.8601152
9475,6,1,0.7691758
9476,13,0,0.53743815
9477,20,0,0.3468034
9478,18,1,0.8008494
9479,6,0,0.5719035
9480,26,0,0.36328587
9481,3,0,0.655569
9482,27,0,0.3358011
9483,2,0,0.2992021
9484,17,0,0.43181592
9485,1,1,0.6844212
9486,22,0,0.3470283
9487,11,0,0.3419974
9488,21,1,0.58424544
9489,10,1,0.45056498
9490,9,1,0.55916315
9491,17,0,0.555095
9492,20,0,0.37224633
9493,10,1,0.7855556
9494,28,1,0.7230381
9495,22,1,0.32842386
9496,14,1,0.78651035
9497,20,0,0.7230619
9498,25,0,0.45349985
9499,20,0,0.27706924
9500,11,0,0.6406585
9501,22,0,0.39772213
9502,16,0,0.51419574
9503,22,0,0.21915658
9504,6,1,0.728929
9505,0,0,0.39337564
9506,9,1,0.5348382
9507,19,0,0.7356463
9508,15,0,0.7943799
9509,4,0,0.46986622
9510,25,0,0.22981107
9511,8,1,0.77395105
9512,10,0,0.20507489
9513,4,0,0.81900567
9514,8,1,0.5659377
9515,6,0,0.6116941
9516,12,1,0.8596427
9517,6,1,0.7026718
9518,1,0,0.7789427
9519,15,0,0.4511989
9520,21,0,0.24704888
9521,6,1,0.5078454
9522,20,1,0.59139466
9523,22,1,0.56720006
9524,11,1,0.7756109
9525,13,0,0.25789803
9526,2,0,0.5581361
9527,9,1,0.47698152
9528,10,1,0.5821118
9529,11,0,0.30748138
9530,13,1,0.659944
9531,12,1,0.5111281
9532,10,1,0.5244949
9533,10,0,0.49986294
9534,18,1,0.68727887
9535,8,0,0.25817314
9536,17,1,0.29975772
9537,13,0,0.6981828
9538,12,0,0.62048864
9539,20,0,0.26506832
9540,0,1,0.8140374
9541,16,0,0.29330343
9542,28,0,0.6563446
9543,7,1,0.6094973
9544,13,0,0.21641412
9545,13,1,0.5119628
9546,13,0,0.36837918
9547,28,0,0.21887928
9548,0,1,0.53546345
9549,15,0,0.28486153
9550,15,1,0.52039653
9551,2,1,0.48734313
9552,22,0,0.26048544
9553,24,1,0.48890918
9554,28,0,0.23245229
9555,7,0,0.16595285
9556,17,0,0.5755624
9557,28,1,0.20823517
9558,15,0,0.32835314
9559,6,1,0.26274404
9560,2,1,0.49695316
9561,15,0,0.3688587
9562,22,1,0.48772112
9563,1,1,0.32524192
9564,15,0,0.328974
9565,10,0,0.6415146
9566,10,1,0.8077516
9567,22,0,0.4766284
9568,7,0,0.30679905
9569,12,0,0.36812642
9570,16,1,0.7058002
9571,4,1,0.3913283
9572,24,0,0.34295645
9573,9,1,0.50176007
9574,24,1,0.59235257
9575,0,1,0.46607095
9576,16,1,0.5394636
9577,10,1,0.56880236
9578,13,0,0.52932346
9579,1,0,0.34326985
9580,18,1,0.47649086
9581,3,1,0.7711578
9582,27,1,0.6149954
9583,12,0,0.83668333
9584,18,1,0.7178089
9585,3,1,0.6470072
9586,11,1,0.68635154
9587,15,1,0.5769586
9588,24,1,0.68104446
9589,25,0,0.52788275
9590,2,1,0.8221913
9591,2,1,0.5995216
9592,20,0,0.30545226
9593,16,1,0.81919664
9594,26,0,0.3309482
9595,1,0,0.2513207
9596,20,0,0.4251863
9597,20,1,0.42903367
9598,20,0,0.35115275
9599,13,0,0.5487536
9600,17,0,0.6055874
9601,18,1,0.8164839
9602,11,0,0.7169044
9603,1,1,0.46832263
9604,18,0,0.28179866
9605,20,1,0.2724933
9606,25,0,0.21413425
9607,16,0,0.5925848
9608,2,0,0.40837073
9609,25,0,0.41014272
9610,16,1,0.465052
9611,26,0,0.650987
9612,25,0,0.36951825
9613,7,0,0.5826273
9614,12,0,0.5202433
9615,8,0,0.27917916
9616,1,0,0.35767582
9617,1,0,0.3689763
9618,5,1,0.37119585
9619,10,1,0.42371932
9620,13,1,0.46987486
9621,10,0,0.6611029
9622,8,1,0.50817776
9623,2,0,0.36009297
9624,1,0,0.34944457
9625,2,0,0.53775096
9626,11,1,0.5940457
9627,8,1,0.53063667
9628,4,0,0.6131785
9629,1,0,0.31121266
9630,23,1,0.38927093
9631,7,1,0.2896316
9632,17,0,0.26935387
9633,12,0,0.7560011
9634,1,0,0.40870276
9635,7,1,0.49257076
9636,19,1,0.84260774
9637,12,1,0.5150355
9638,10,1,0.6854798
9639,7,1,0.5679371
9640,15,0,0.69301707
9641,20,0,0.39308637
9642,28,1,0.5227479
9643,2,0,0.5354115
9644,14,0,0.5537879
9645,9,1,0.57749057
9646,10,0,0.2247298
9647,12,1,0.5144158
9648,25,0,0.30655995
9649,18,1,0.43286198
9650,8,1,0.5466586
9651,13,1,0.5968327
9652,3,1,0.53599787
9653,3,1,0.29663447
9654,18,1,0.7046161
9655,20,0,0.59167045
9656,16,1,0.36943078
9657,13,0,0.54369676
9658,16,1,0.57198274
9659,15,0,0.5594448
9660,15,0,0.4711439
9661,16,1,0.539146
9662,14,1,0.71877664
9663,20,1,0.71936864
9664,25,0,0.603753
9665,1,0,0.2571735
9666,19,0,0.35458028
9667,19,1,0.3606027
9668,20,0,0.8109104
9669,1,1,0.8151122
9670,7,0,0.577022
9671,25,1,0.5791343
9672,2,0,0.24866655
9673,10,0,0.57519346
9674,14,1,0.42331517
9675,12,0,0.5580041
9676,1,0,0.32704365
9677,5,0,0.34937418
9678,13,1,0.84131265
9679,28,0,0.47947583
9680,20,0,0.25976336
9681,1,1,0.57893676
9682,9,0,0.7778933
9683,13,0,0.45036894
9684,2,1,0.72215664
9685,9,0,0.47826716
9686,9,0,0.5230768
9687,8,1,0.79548633
9688,18,0,0.59247875
9689,1,0,0.49331972
9690,2,1,0.58660847
9691,10,0,0.5990998
9692,11,0,0.28788203
9693,15,1,0.47453436
9694,12,1,0.4477678
9695,26,0,0.6663047
9696,2,0,0.41062006
9697,9,0,0.73018616
9698,10,1,0.6591403
9699,1,0,0.57283396
9700,11,0,0.42724738
9701,15,0,0.2391209
9702,16,0,0.26369303
9703,14,0,0.5012622
9704,26,0,0.14246331
9705,2,1,0.41256627
9706,12,0,0.7124808
9707,13,0,0.29491803
9708,4,1,0.8351326
9709,5,1,0.8002078
9710,22,1,0.7495435
9711,17,1,0.5098699
9712,18,0,0.50007904
9713,9,0,0.49326074
9714,8,0,0.6724027
9715,2,1,0.24533097
9716,13,1,0.59139186
9717,16,0,0.5796847
9718,13,1,0.6402427
9719,15,1,0.63035643
9720,26,1,0.8045596
9721,26,0,0.27353823
9722,1,1,0.8317665
9723,21,1,0.7536668
9724,4,0,0.5060934
9725,3,1,0.54106647
9726,5,1,0.53157014
9727,10,0,0.35041216
9728,20,1,0.4643334
9729,4,0,0.5141592
9730,0,0,0.23429732
9731,13,1,0.30908662
9732,27,1,0.19391121
9733,17,1,0.20574766
9734,4,1,0.81298983
9735,26,0,0.34059498
9736,27,1,0.57785344
9737,23,0,0.468861
9738,25,0,0.620103
9739,28,0,0.41986886
9740,1,0,0.6459884
9741,10,0,0.44401252
9742,10,1,0.51543266
9743,5,1,0.42057374
9744,26,1,0.26783052
9745,14,1,0.43074903
9746,17,1,0.44199952
9747,5,1,0.5460533
9748,28,1,0.6652492
9749,4,0,0.16414008
9750,20,1,0.6382098
9751,16,1,0.65467256
9752,22,1,0.85275006
9753,11,1,0.4655085
9754,28,0,0.2956634
9755,13,1,0.5593174
9756,24,1,0.47000632
9757,21,1,0.651377
9758,3,1,0.5900986
9759,0,1,0.35928205
9760,4,0,0.49992943
9761,27,0,0.4789396
9762,11,1,0.7542698
9763,24,0,0.16796662
9764,3,1,0.520583
9765,9,0,0.23487622
9766,26,0,0.46065217
9767,4,0,0.17306185
9768,25,1,0.562066
9769,9,0,0.32487857
9770,3,1,0.56139725
9771,11,0,0.29864758
9772,23,0,0.6149306
9773,20,1,0.5238371
9774,18,1,0.43722785
9775,12,1,0.7933952
9776,7,1,0.41270936
9777,0,1,0.25500607
9778,17,0,0.4170898
9779,28,1,0.6728554
9780,16,0,0.56583965
9781,2,0,0.66478413
9782,10,0,0.1571895
9783,25,1,0.80020976
9784,1,0,0.4892693
9785,2,0,0.56727636
9786,24,1,0.5630119
9787,25,0,0.5692573
9788,13,0,0.57718885
9789,20,0,0.3819267
9790,3,0,0.39815733
9791,23,0,0.21225412
9792,5,1,0.21271665
9793,12,1,0.39087835
9794,8,1,0.6566131
9795,20,0,0.32651073
9796,18,0,0.26155862
9797,3,1,0.46287543
9798,12,1,0.5959494
9799,27,0,0.63104385
9800,25,0,0.54587364
9801,26,1,0.8465418
9802,8,1,0.8573647
9803,27,1,0.5300275
9804,12,0,0.328239
9805,17,0,0.29170182
9806,1,1,0.7165195
9807,8,0,0.2452427
9808,20,1,0.5088265
9809,0,1,0.6120746
9810,5,1,0.50570256
9811,8,1,0.31265518
9812,3,1,0.6133685
9813,25,1,0.4888937
9814,16,1,0.87320757
9815,15,0,0.30412626
9816,15,0,0.49922466
9817,3,0,0.382149
9818,24,1,0.34261686
9819,13,1,0.5364567
9820,2,0,0.54970366
9821,8,1,0.24285585
9822,5,0,0.33741146
9823,26,1,0.34430462
9824,20,0,0.2927211
9825,22,1,0.21802786
9826,1,0,0.26753128
9827,15,1,0.48691124
9828,1,0,0.2075295
9829,16,1,0.61952597
9830,23,1,0.6286248
9831,8,1,0.45134366
9832,8,0,0.39209583
9833,27,0,0.23943163
9834,10,1,0.82428616
9835,10,0,0.6619572
9836,25,1,0.4703281
9837,17,1,0.27531666
9838,1,1,0.5323925
9839,28,0,0.42280915
9840,24,1,0.69603646
9841,9,1,0.27834183
9842,24,0,0.66776717
9843,3,0,0.18561041
9844,3,0,0.5422105
9845,6,1,0.56609434
9846,16,1,0.6211464
9847,11,0,0.5657643
9848,0,1,0.51262355
9849,26,1,0.2876107
9850,27,1,0.20827647
9851,8,0,0.57440287
9852,16,1,0.6387959
9853,3,1,0.5862174
9854,8,0,0.3024173
9855,6,0,0.32912314
9856,0,1,0.39920187
9857,20,1,0.48168975
9858,2,1,0.24430728
9859,18,1,0.5785243
9860,16,1,0.7014463
9861,10,0,0.6592341
9862,6,0,0.36365616
9863,8,1,0.81985927
9864,5,1,0.32965577
9865,28,1,0.4250442
9866,9,0,0.59115493
9867,16,0,0.65070474
9868,26,1,0.4459462
9869,21,0,0.35520595
9870,16,1,0.76221865
9871,15,0,0.5496204
9872,17,0,0.31654915
9873,20,0,0.44204363
9874,28,0,0.55550784
9875,9,1,0.46933234
9876,13,0,0.771744
9877,28,0,0.4921143
9878,11,1,0.627541
9879,11,1,0.70539325
9880,13,0,0.34288985
9881,22,1,0.5354089
9882,13,1,0.7748633
9883,5,1,0.5227539
9884,22,0,0.2951369
9885,12,1,0.5132832
9886,15,1,0.59424114
9887,10,1,0.300862
9888,20,0,0.3499306
9889,7,0,0.692753
9890,2,0,0.7898995
9891,0,0,0.56711537
9892,17,1,0.5830076
9893,3,1,0.55528027
9894,1,1,0.7061716
9895,27,1,0.35065666
9896,6,1,0.62204134
9897,1,1,0.2822726
9898,25,1,0.85496664
9899,7,1,0.6442311
9900,13,1,0.271275
9901,13,0,0.72657
9902,5,0,0.53635126
9903,15,1,0.48290774
9904,27,1,0.7897213
9905,14,1,0.5119642
9906,27,1,0.2679206
9907,8,1,0.69115627
9908,15,0,0.37149006
9909,2,0,0.5564727
9910,19,1,0.8228843
9911,13,0,0.5461408
9912,11,1,0.41374534
9913,27,0,0.46343505
9914,12,0,0.26450682
9915,2,1,0.768569
9916,2,1,0.5862037
9917,2,1,0.8489723
9918,21,1,0.2583651
9919,5,1,0.6364888
9920,1,1,0.5117655
9921,11,1,0.54382366
9922,7,0,0.25692797
9923,12,0,0.28049216
9924,26,1,0.54980665
9925,23,0,0.3894444
9926,15,1,0.874002
9927,9,1,0.6879506
9928,8,1,0.6567081
9929,18,0,0.78484714
9930,5,1,0.81298685
9931,15,0,0.39696944
9932,11,0,0.21949963
9933,25,0,0.7929734
9934,2,0,0.61954176
9935,2,1,0.5410529
9936,13,0,0.5341358
9937,15,0,0.17816675
9938,10,0,0.3825945
9939,27,1,0.5788775
9940,1,1,0.42788908
9941,14,0,0.7714287
9942,9,0,0.31505287
9943,15,1,0.42409983
9944,2,0,0.3502621
9945,27,0,0.45296952
9946,8,0,0.30635345
9947,7,0,0.6173764
9948,10,1,0.33700296
9949,16,1,0.65926385
9950,18,1,0.37762368
9951,1,0,0.559778
9952,10,1,0.26792338
9953,15,1,0.84405357
9954,20,1,0.30284086
9955,16,0,0.3213886
9956,2,1,0.32033232
9957,24,0,0.3051453
9958,20,0,0.4370539
9959,5,1,0.42935935
9960,13,0,0.73027426
9961,15,1,0.817553
9962,26,0,0.62283766
9963,15,1,0.62354267
9964,1,0,0.26653036
9965,0,1,0.31612554
9966,15,0,0.682272
9967,14,0,0.5469877
9968,22,1,0.5261841
9969,25,1,0.5164451
9970,23,1,0.14743675
9971,22,1,0.56900215
9972,13,1,0.67489535
9973,25,0,0.3011808
9974,15,1,0.7010345
9975,20,1,0.29951245
9976,14,1,0.4813277
9977,16,0,0.36247256
9978,1,0,0.21919398
9979,1,0,0.5183004
9980,1,0,0.2562783
9981,22,1,0.4523857
9982,11,0,0.3081538
9983,1,0,0.37137243
9984,5,1,0.54383945
9985,12,1,0.7879278
9986,15,0,0.3226675
9987,16,0,0.5152409
9988,7,0,0.33411303
9989,1,0,0.27384004
9990,13,0,0.60871685
9991,16,0,0.77614975
9992,14,0,0.3991999
9993,13,1,0.505591
9994,24,1,0.7728954
9995,2,0,0.59184134
9996,25,0,0.15679556
9997,2,1,0.40318078
9998,18,1,0.42473832
9999,26,1,0.3138624
10000,1,0,0.6070566
10001,26,0,0.40398765
10002,21,1,0.49616528
10003,26,0,0.19749604
10004,27,1,0.73222995
10005,2,1,0.84844244
10006,5,0,0.7310143
10007,6,1,0.6810052
10008,27,0,0.22676262
10009,28,0,0.56658685
10010,16,1,0.84361494
10011,25,0,0.4457631
10012,10,1,0.46989337
10013,3,0,0.35462826
10014,16,1,0.3157341
10015,2,1,0.59626
10016,14,0,0.37157142
10017,15,1,0.47790837
10018,16,0,0.47980925
10019,17,0,0.27350664
10020,16,1,0.5210417
10021,18,1,0.32863015
10022,24,0,0.5150184
10023,23,0,0.3461376
10024,20,1,0.45051098
10025,7,1,0.5876078
10026,8,0,0.48240477
10027,13,1,0.7712309
10028,2,0,0.63488126
10029,17,1,0.57263595
10030,1,1,0.5221091
10031,1,0,0.46311864
10032,7,1,0.73061436
10033,18,1,0.6630105
10034,28,1,0.54591745
10035,12,0,0.4354999
10036,26,0,0.3376075
10037,0,1,0.5246226
10038,12,1,0.8475504
10039,25,0,0.16867512
10040,7,1,0.51011384
10041,28,1,0.2691171
10042,5,0,0.55314255
10043,26,1,0.25264114
10044,8,0,0.5366025
10045,20,1,0.52970624
10046,25,1,0.7026941
10047,5,0,0.55099314
10048,16,1,0.6724937
10049,23,0,0.6363008
10050,11,0,0.6969648
10051,14,1,0.28871974
10052,2,1,0.8481348
10053,26,1,0.51608574
10054,17,0,0.28802577
10055,2,0,0.39901355
10056,10,0,0.45707515
10057,25,0,0.7008903
10058,26,0,0.16252454
10059,1,1,0.4013607
10060,26,0,0.49604645
10061,10,0,0.48349494
10062,13,1,0.5880717
10063,26,0,0.5316597
10064,20,0,0.4709246
10065,16,1,0.6508185
10066,28,0,0.62518924
10067,23,0,0.29584083
10068,10,1,0.30238086
10069,26,0,0.37689394
10070,1,0,0.5931703
10071,22,0,0.6964558
10072,2,0,0.44690418
10073,26,1,0.637479
10074,15,0,0.33641455
10075,27,0,0.23370773
10076,11,1,0.5661831
10077,8,0,0.30852425
10078,10,1,0.64367837
10079,3,0,0.23346551
10080,13,1,0.6883913
10081,13,0,0.3016598
10082,16,0,0.43151382
10083,7,0,0.33072874
10084,28,1,0.49229857
10085,26,0,0.30599898
10086,18,0,0.34989128
10087,2,1,0.4618058
10088,8,1,0.3089371
10089,18,1,0.63812584
10090,16,1,0.30130145
10091,22,1,0.44758907
10092,8,1,0.6672017
10093,15,0,0.23683466
10094,22,0,0.36682683
10095,2,1,0.28806046
10096,24,1,0.6157555
10097,9,1,0.81808865
10098,25,1,0.6506728
10099,10,0,0.74435747
10100,11,1,0.5597916
10101,15,0,0.5618668
10102,2,0,0.3730062
10103,2,1,0.5688526
10104,11,0,0.4431588
10105,23,0,0.7154619
10106,8,1,0.50475276
10107,22,0,0.5493628
10108,11,1,0.6294822
10109,6,1,0.7668919
10110,18,1,0.20879771
10111,10,1,0.80297077
10112,9,0,0.5066625
10113,12,1,0.6642497
10114,14,1,0.4764752
10115,22,0,0.49805117
10116,13,0,0.37253448
10117,2,0,0.37938303
10118,7,1,0.35439345
10119,26,1,0.524614
10120,20,0,0.5114121
10121,13,1,0.3607492
10122,20,1,0.57439905
10123,11,1,0.6015883
10124,12,1,0.3410631
10125,8,1,0.5385255
10126,8,1,0.40893087
10127,5,0,0.81914926
10128,11,1,0.70672476
10129,10,1,0.31430113
10130,28,1,0.5233961
10131,16,0,0.20828383
10132,25,0,0.48654693
10133,21,1,0.55553794
10134,13,0,0.36354294
10135,13,0,0.55504066
10136,20,0,0.55150247
10137,24,1,0.8427528
10138,22,0,0.35384753
10139,28,1,0.54414326
10140,12,0,0.45219842
10141,21,0,0.5414021
10142,2,1,0.59633154
10143,1,0,0.27553868
10144,26,0,0.60444516
10145,14,1,0.6617257
10146,10,1,0.29123312
10147,13,0,0.28479
10148,20,1,0.555925
10149,15,1,0.46961516
10150,19,1,0.69196194
10151,10,1,0.4763905
10152,15,0,0.34331602
10153,16,0,0.36553198
10154,24,1,0.4590547
10155,21,0,0.40479246
10156,17,0,0.5930326
10157,22,0,0.32901233
10158,2,0,0.5235413
10159,9,0,0.21045719
10160,25,0,0.5968917
10161,2,0,0.3296489
10162,10,1,0.4738019
10163,11,0,0.5644942
10164,18,0,0.36597902
10165,4,1,0.35691848
10166,18,1,0.5531978
10167,26,0,0.31758884
10168,5,1,0.49059373
10169,25,1,0.5160843
10170,8,1,0.73931575
10171,18,1,0.5703227
10172,4,0,0.3463604
10173,7,1,0.51802397
10174,15,1,0.7720485
10175,18,1,0.55942774
10176,25,1,0.67410797
10177,20,0,0.28813756
10178,26,1,0.6502423
10179,26,1,0.5148315
10180,9,0,0.45459545
10181,16,1,0.44520873
10182,21,0,0.40075582
10183,8,1,0.7074851
10184,13,1,0.5172067
10185,10,1,0.6028433
10186,20,1,0.8799989
10187,10,1,0.6267547
10188,22,0,0.5871578
10189,26,1,0.7697452
10190,11,1,0.80375993
10191,18,1,0.7740505
10192,1,1,0.76627916
10193,16,1,0.8450093
10194,26,1,0.85244894
10195,3,1,0.7175144
10196,12,1,0.49304637
10197,21,0,0.45543104
10198,10,0,0.5771484
10199,26,1,0.63921756
10200,13,1,0.44153225
10201,28,1,0.6594766
10202,11,1,0.79977417
10203,5,1,0.4512885
10204,25,1,0.21182331
10205,0,1,0.63559604
10206,7,0,0.36981267
10207,1,1,0.63985515
10208,13,1,0.7453617
10209,7,1,0.80271447
10210,8,1,0.7420013
10211,5,0,0.30403814
10212,26,0,0.5650053
10213,1,0,0.5801043
10214,13,0,0.27705473
10215,6,0,0.6045465
10216,3,0,0.20976558
10217,23,1,0.78636634
10218,3,0,0.49369875
10219,8,0,0.4609081
10220,14,0,0.46079692
10221,27,1,0.6231808
10222,26,1,0.7128816
10223,15,1,0.3919577
10224,11,0,0.43139362
10225,10,0,0.64220524
10226,2,0,0.5885127
10227,13,1,0.35901016
10228,17,1,0.74939114
10229,24,1,0.5965578
10230,19,1,0.6562647
10231,13,0,0.3048113
10232,6,0,0.52673864
10233,24,1,0.52373034
10234,26,0,0.56127304
10235,27,1,0.6385864
10236,11,1,0.44752598
10237,20,1,0.46519467
10238,2,1,0.69086844
10239,8,1,0.38179743
10240,14,1,0.58580685
10241,13,0,0.5316352
10242,2,0,0.2875615
10243,13,0,0.6723532
10244,2,1,0.69851303
10245,4,1,0.5365345
10246,4,0,0.28505453
10247,16,0,0.3145588
10248,27,1,0.5530199
10249,13,1,0.5526315
10250,15,0,0.5887206
10251,27,0,0.2793875
10252,3,1,0.53468573
10253,24,1,0.5282971
10254,15,0,0.557601
10255,27,1,0.5625351
10256,4,0,0.34387124
10257,8,0,0.28746438
10258,15,0,0.35362396
10259,16,1,0.28446424
10260,10,0,0.5703968
10261,6,1,0.45517296
10262,17,1,0.83685976
10263,2,0,0.3687402
10264,7,0,0.23044309
10265,21,0,0.6836688
10266,8,1,0.5609953
10267,2,1,0.4576335
10268,28,0,0.5359895
10269,8,0,0.70714605
10270,16,1,0.6180298
10271,1,1,0.8417268
10272,16,0,0.7556744
10273,25,0,0.7009491
10274,16,1,0.78739816
10275,16,1,0.65029585
10276,25,0,0.21660008
10277,2,1,0.6218528
10278,10,1,0.23937032
10279,1,1,0.28701037
10280,5,1,0.24961358
10281,17,0,0.23018678
10282,11,1,0.6956852
10283,11,1,0.7560438
10284,1,0,0.26772946
10285,28,0,0.29509988
10286,6,1,0.48816127
10287,20,0,0.57361346
10288,21,0,0.24311401
10289,3,0,0.4433308
10290,17,0,0.46419483
10291,16,0,0.50437945
10292,1,1,0.6005077
10293,15,1,0.44002157
10294,25,1,0.64428365
10295,21,0,0.37235516
10296,12,0,0.14755554
10297,5,1,0.675242
10298,13,1,0.27597672
10299,3,0,0.2546237
10300,27,0,0.52351016
10301,23,0,0.52885103
10302,21,0,0.45154276
10303,22,1,0.59539086
10304,6,1,0.4642955
10305,3,1,0.70343447
10306,11,0,0.5975895
10307,19,0,0.60754585
10308,20,0,0.33958894
10309,11,0,0.22788554
10310,18,1,0.58021283
10311,1,0,0.4356948
10312,16,1,0.7025597
10313,4,0,0.212434
10314,25,0,0.45417517
10315,13,1,0.36306122
10316,25,1,0.7609183
10317,3,0,0.48068297
10318,25,0,0.52354753
10319,5,0,0.24413165
10320,26,0,0.16756065
10321,8,0,0.72568715
10322,13,0,0.7013654
10323,16,0,0.532065
10324,20,1,0.66434073
10325,25,0,0.7963056
10326,18,1,0.48935404
10327,19,1,0.75250256
10328,20,1,0.39541745
10329,18,1,0.60419124
10330,17,1,0.52529705
10331,15,1,0.19946721
10332,13,0,0.22690932
10333,12,0,0.3324409
10334,16,0,0.55678236
10335,28,0,0.5672428
10336,21,1,0.5265553
10337,25,0,0.3411578
10338,13,0,0.36529583
10339,23,1,0.7202273
10340,17,1,0.69629365
10341,13,1,0.4974466
10342,9,0,0.6110479
10343,23,0,0.756421
10344,3,1,0.65441036
10345,13,0,0.47876465
10346,19,1,0.46715787
10347,10,0,0.30020717
10348,13,0,0.78046995
10349,13,0,0.7592528
10350,8,1,0.4857633
10351,6,0,0.19283354
10352,22,1,0.615544
10353,25,0,0.5916017
10354,0,1,0.43759397
10355,12,0,0.43459722
10356,26,1,0.6648236
10357,13,0,0.4404254
10358,25,0,0.38009593
10359,14,0,0.29934815
10360,13,0,0.67373043
10361,2,1,0.36318776
10362,22,0,0.5929307
10363,25,1,0.5709066
10364,28,0,0.42178527
10365,19,0,0.71403074
10366,21,1,0.6648284
10367,10,0,0.45080444
10368,16,0,0.3775513
10369,10,0,0.48927408
10370,28,1,0.44325224
10371,25,0,0.45301396
10372,16,1,0.5489984
10373,15,0,0.15807094
10374,10,0,0.26858473
10375,25,1,0.40986246
10376,3,1,0.6005689
10377,26,0,0.31024936
10378,11,1,0.50057155
10379,22,1,0.7676563
10380,14,0,0.35981584
10381,13,0,0.32594723
10382,25,0,0.7343449
10383,2,0,0.45534936
10384,28,1,0.28394768
10385,9,1,0.38283476
10386,1,1,0.27524897
10387,6,0,0.34156263
10388,26,1,0.29584274
10389,2,0,0.30357388
10390,27,0,0.67867833
10391,7,0,0.59005725
10392,26,0,0.34062445
10393,20,0,0.36165237
10394,26,1,0.5406215
10395,0,0,0.46218115
10396,21,1,0.53741664
10397,12,0,0.5784531
10398,23,1,0.76775783
10399,19,0,0.43991074
10400,9,0,0.2677484
10401,22,1,0.52399796
10402,16,1,0.46500653
10403,12,0,0.40735018
10404,23,1,0.49077746
10405,28,1,0.8085861
10406,21,1,0.5857714
10407,20,1,0.63992167
10408,11,1,0.5927989
10409,8,0,0.4153039
10410,26,1,0.53163886
10411,28,1,0.45877364
10412,17,0,0.58904535
10413,8,1,0.558434
10414,14,0,0.3511591
10415,16,1,0.74778074
10416,18,1,0.26772085
10417,11,0,0.2062963
10418,18,1,0.76184756
10419,23,0,0.41480252
10420,6,1,0.75017923
10421,3,0,0.6523503
10422,9,1,0.256734
10423,19,0,0.34755602
10424,12,1,0.6395789
10425,17,1,0.5229864
10426,26,0,0.5558528
10427,12,1,0.18739384
10428,7,0,0.66432536
10429,28,0,0.18301436
10430,27,0,0.5555895
10431,25,0,0.48468745
10432,11,1,0.55512446
10433,26,0,0.71415913
10434,22,0,0.47538787
10435,17,1,0.70841455
10436,13,0,0.5195779
10437,15,0,0.32236433
10438,25,0,0.2950905
10439,2,0,0.51539433
10440,26,1,0.7380309
10441,8,0,0.5771917
10442,20,0,0.2906741
10443,22,0,0.5527965
10444,13,1,0.20198037
10445,3,1,0.7115221
10446,27,1,0.6457014
10447,16,1,0.44981456
10448,20,1,0.50532365
10449,1,0,0.35163787
10450,3,1,0.5728989
10451,6,1,0.17798175
10452,16,0,0.36384103
10453,2,0,0.21842512
10454,1,1,0.48669395
10455,20,1,0.4418482
10456,13,1,0.6807898
10457,13,0,0.32805854
10458,6,0,0.6536873
10459,8,0,0.2819305
10460,25,0,0.57478267
10461,18,0,0.3297398
10462,10,0,0.5317908
10463,14,0,0.16325562
10464,2,0,0.79528433
10465,13,1,0.614548
10466,1,1,0.21119323
10467,16,1,0.5523887
10468,26,0,0.16168995
10469,13,1,0.5579113
10470,5,0,0.19767587
10471,21,0,0.4965655
10472,15,0,0.57057095
10473,14,1,0.5038044
10474,3,0,0.74496305
10475,8,1,0.58605164
10476,16,1,0.8720404
10477,15,0,0.2754305
10478,7,1,0.580496
10479,14,0,0.26599833
10480,6,1,0.29480216
10481,1,0,0.42995206
10482,2,1,0.5441908
10483,11,0,0.2984305
10484,8,0,0.5766818
10485,4,1,0.62527907
10486,13,1,0.20254135
10487,6,0,0.34645963
10488,27,1,0.5463888
10489,27,0,0.5386557
10490,10,0,0.36957124
10491,24,1,0.6902379
10492,14,1,0.5445955
10493,16,0,0.38102612
10494,0,0,0.708116
10495,18,1,0.7501305
10496,25,0,0.5248552
10497,5,0,0.55392826
10498,13,1,0.5297243
10499,15,1,0.59934705
10500,24,1,0.5547293
10501,19,1,0.63463205
10502,7,1,0.3806138
10503,18,1,0.5133472
10504,8,1,0.67527217
10505,23,0,0.2718136
10506,10,1,0.54359823
10507,25,0,0.49161145
10508,10,0,0.62484837
10509,26,0,0.5668536
10510,8,0,0.43441245
10511,2,1,0.5766806
10512,26,0,0.262487
10513,8,0,0.67415935
10514,14,0,0.31455052
10515,14,0,0.2152311
10516,25,0,0.5926441
10517,19,1,0.3509536
10518,9,0,0.85001427
10519,24,0,0.4370426
10520,5,1,0.7177878
10521,20,1,0.7119521
10522,26,1,0.6191531
10523,9,0,0.47022927
10524,14,0,0.4963711
10525,13,0,0.59618074
10526,12,0,0.42828965
10527,10,0,0.2766519
10528,13,0,0.23373008
10529,4,1,0.3054381
10530,15,1,0.49100727
10531,23,1,0.31896904
10532,8,1,0.5960936
10533,26,0,0.27336884
10534,16,1,0.44120437
10535,25,1,0.6218021
10536,3,1,0.56914395
10537,23,1,0.6936708
10538,16,1,0.50404966
10539,3,1,0.32627723
10540,9,1,0.16387539
10541,18,0,0.45482087
10542,8,1,0.5312541
10543,18,0,0.5969789
10544,3,0,0.28569847
10545,2,0,0.40240222
10546,27,0,0.16202126
10547,26,0,0.32820612
10548,1,1,0.47154444
10549,19,1,0.54472893
10550,19,0,0.4358331
10551,2,0,0.3373911
10552,14,0,0.633425
10553,2,0,0.6401384
10554,8,1,0.81880283
10555,3,1,0.2970411
10556,1,1,0.79327434
10557,11,1,0.7779263
10558,19,1,0.48949242
10559,1,0,0.5816997
10560,26,0,0.46527857
10561,17,0,0.20795693
10562,25,1,0.58050346
10563,15,0,0.4858427
10564,26,0,0.5561124
10565,26,0,0.6004124
10566,3,0,0.6645082
10567,15,1,0.329191
10568,15,0,0.39922452
10569,22,0,0.29889774
10570,15,1,0.77067345
10571,13,0,0.27747354
10572,1,0,0.29381213
10573,23,1,0.7033697
10574,8,0,0.3721356
10575,27,1,0.56187266
10576,6,1,0.599604
10577,12,0,0.51834595
10578,9,1,0.24263707
10579,13,0,0.25190106
10580,10,0,0.3107909
10581,17,0,0.32908934
10582,22,1,0.5657482
10583,25,1,0.7247604
10584,8,1,0.68410325
10585,12,0,0.57283777
10586,7,1,0.4985501
10587,1,0,0.25825042
10588,10,0,0.18028575
10589,20,1,0.82998157
10590,14,1,0.82398874
10591,21,0,0.54516184
10592,1,0,0.6115846
10593,2,1,0.27293155
10594,13,1,0.33117154
10595,11,1,0.8355597
10596,21,1,0.7573852
10597,28,1,0.5593593
10598,1,0,0.21969299
10599,11,0,0.31395283
10600,25,1,0.25438136
10601,14,1,0.29756185
10602,16,1,0.7534247
10603,18,1,0.6134215
10604,4,1,0.6753478
10605,12,0,0.27202255
10606,3,0,0.5729827
10607,24,1,0.63880885
10608,21,1,0.5622861
10609,11,0,0.31940565
10610,22,1,0.31911397
10611,11,1,0.7028432
10612,6,1,0.69478804
10613,21,1,0.2997729
10614,0,1,0.74331284
10615,18,0,0.3613104
10616,13,1,0.55045694
10617,3,1,0.30426878
10618,2,1,0.8648471
10619,6,0,0.47743884
10620,9,1,0.26968455
10621,26,1,0.5971019
10622,8,0,0.48106736
10623,3,0,0.22532983
10624,3,1,0.82307696
10625,12,0,0.1462825
10626,28,0,0.35410947
10627,16,1,0.45484036
10628,8,1,0.57462406
10629,2,0,0.34297854
10630,5,0,0.67705715
10631,6,0,0.3424189
10632,3,0,0.5646527
10633,26,1,0.6540581
10634,17,1,0.55663407
10635,1,0,0.4556777
10636,3,1,0.28211674
10637,19,0,0.2425319
10638,9,0,0.29519483
10639,25,1,0.6780401
10640,14,0,0.71643364
10641,25,0,0.359396
10642,16,1,0.6197095
10643,16,0,0.51030475
10644,16,1,0.29837784
10645,21,0,0.6676867
10646,12,0,0.42729747
10647,22,1,0.8186668
10648,2,1,0.8614835
10649,15,0,0.457769
10650,6,0,0.5931972
10651,17,0,0.5639358
10652,8,1,0.8629716
10653,16,0,0.65236086
10654,22,0,0.33308175
10655,11,0,0.5497412
10656,11,0,0.5353752
10657,13,1,0.31535742
10658,18,1,0.7034458
10659,20,0,0.32232797
10660,26,1,0.31970757
10661,1,0,0.3618208
10662,10,1,0.35133207
10663,26,0,0.2736604
10664,3,0,0.50946087
10665,25,1,0.6263335
10666,5,0,0.5804887
10667,0,0,0.7600555
10668,10,0,0.53347534
10669,10,1,0.31905484
10670,28,0,0.56962025
10671,21,1,0.4309165
10672,25,0,0.55886567
10673,4,1,0.27326354
10674,24,0,0.57329214
10675,14,0,0.36625046
10676,1,0,0.57996404
10677,16,0,0.41268903
10678,8,0,0.3003283
10679,13,0,0.5304546
10680,13,1,0.53954434
10681,21,0,0.3289896
10682,26,1,0.6426119
10683,15,0,0.47571295
10684,8,1,0.50798374
10685,5,0,0.17721337
10686,4,1,0.41639256
10687,26,1,0.325295
10688,11,1,0.48330206
10689,19,1,0.6736366
10690,2,0,0.5873219
10691,20,1,0.44410086
10692,28,0,0.4901967
10693,10,0,0.4133206
10694,2,0,0.62414885
10695,0,1,0.47914785
10696,12,1,0.2460717
10697,10,1,0.25802875
10698,20,1,0.65566814
10699,25,0,0.3284963
10700,4,1,0.5405585
10701,27,1,0.8353773
10702,26,0,0.17553174
10703,27,0,0.5562569
10704,22,0,0.49843067
10705,26,0,0.33389673
10706,28,0,0.2914112
10707,26,0,0.57472676
10708,25,0,0.29965377
10709,17,1,0.29233438
10710,16,1,0.555655
10711,20,1,0.29102156
10712,13,0,0.66655743
10713,25,1,0.57027495
10714,1,0,0.26482335
10715,16,1,0.43714568
10716,26,0,0.31403062
10717,13,1,0.5015728
10718,16,1,0.43786606
10719,16,1,0.66558254
10720,27,0,0.63645065
10721,25,1,0.8554701
10722,19,1,0.8228936
10723,15,0,0.1704229
10724,13,1,0.69235617
10725,2,0,0.5801368
10726,11,0,0.31910902
10727,22,0,0.68458116
10728,25,1,0.54970676
10729,18,0,0.7705401
10730,25,0,0.3168471
10731,8,1,0.6136194
10732,10,0,0.34995273
10733,22,1,0.16526155
10734,20,1,0.5811086
10735,27,1,0.48741177
10736,23,0,0.22219595
10737,15,1,0.38178343
10738,25,0,0.48400578
10739,2,0,0.40222025
10740,4,0,0.7423536
10741,2,1,0.630178
10742,26,1,0.7031022
10743,16,0,0.2547357
10744,4,0,0.65080285
10745,8,1,0.4527458
10746,13,1,0.6639737
10747,27,1,0.52084136
10748,2,1,0.3202171
10749,0,1,0.2772556
10750,10,0,0.5644328
10751,15,0,0.31469956
10752,3,0,0.32544658
10753,16,0,0.30174243
10754,0,1,0.36643374
10755,2,1,0.6107156
10756,18,0,0.44460812
10757,16,0,0.40869218
10758,2,1,0.30355915
10759,4,1,0.24064992
10760,25,0,0.5184642
10761,22,1,0.8653951
10762,14,0,0.30372238
10763,21,0,0.6393069
10764,0,1,0.6737887
10765,2,1,0.5036038
10766,3,0,0.3688201
10767,7,1,0.6555907
10768,18,1,0.6266166
10769,4,0,0.6315568
10770,18,0,0.41664553
10771,27,0,0.21490683
10772,7,1,0.3241168
10773,5,1,0.5134445
10774,28,0,0.241201
10775,8,1,0.5460005
10776,26,0,0.5645797
10777,16,0,0.30351987
10778,2,1,0.3601504
10779,1,0,0.4942567
10780,0,1,0.7312217
10781,26,0,0.30121115
10782,7,1,0.5338768
10783,4,0,0.6132873
10784,11,0,0.31148377
10785,4,1,0.32103872
10786,8,0,0.3827337
10787,15,0,0.5407055
10788,16,0,0.7742189
10789,8,1,0.6481792
10790,23,1,0.8561182
10791,1,1,0.5810319
10792,15,0,0.41670614
10793,8,1,0.5424381
10794,19,0,0.28738612
10795,16,0,0.7720276
10796,13,1,0.31704295
10797,24,1,0.50078243
10798,1,0,0.7379072
10799,4,0,0.1774754
10800,16,1,0.5186359
10801,16,1,0.32435367
10802,19,1,0.6845337
10803,28,0,0.59961706
10804,15,0,0.40770203
10805,10,0,0.13590144
10806,8,1,0.5894962
10807,23,0,0.29243603
10808,21,1,0.54901665
10809,6,0,0.14199159
10810,1,1,0.571049
10811,10,1,0.5789842
10812,27,0,0.36154383
10813,0,0,0.3118978
10814,18,1,0.610919
10815,11,1,0.728306
10816,17,0,0.28519702
10817,21,0,0.713702
10818,0,0,0.58315957
10819,16,1,0.5742005
10820,21,1,0.7778338
10821,16,0,0.6004134
10822,10,0,0.5366667
10823,14,0,0.27547792
10824,1,1,0.47034824
10825,1,0,0.32928148
10826,19,0,0.358507
10827,13,1,0.5163864
10828,18,1,0.3581316
10829,15,1,0.5207521
10830,18,0,0.4594921
10831,26,0,0.4204831
10832,14,0,0.4549711
10833,16,1,0.83279985
10834,10,1,0.6772171
10835,8,0,0.24496068
10836,27,1,0.76029676
10837,23,1,0.43600264
10838,16,1,0.5597102
10839,8,1,0.6116072
10840,12,0,0.2896692
10841,23,0,0.7941738
10842,4,0,0.35882893
10843,15,1,0.6158733
10844,16,1,0.5655645
10845,19,0,0.43052644
10846,18,1,0.5233629
10847,13,0,0.3277396
10848,7,0,0.26311406
10849,3,0,0.4233874
10850,6,0,0.44335622
10851,10,1,0.65754056
10852,3,1,0.52974313
10853,18,0,0.37335995
10854,21,1,0.555436
10855,20,0,0.28907692
10856,26,0,0.26695836
10857,7,1,0.6349037
10858,22,1,0.56445104
10859,26,0,0.68657047
10860,0,0,0.34823176
10861,16,1,0.6327924
10862,27,0,0.43337142
10863,20,1,0.5711882
10864,16,0,0.21347314
10865,3,0,0.30890423
10866,9,0,0.53846025
10867,25,0,0.49133042
10868,18,0,0.22858353
10869,17,1,0.5518845
10870,21,0,0.61231285
10871,20,1,0.53927803
10872,28,1,0.40587875
10873,6,0,0.33855993
10874,1,0,0.3842742
10875,16,1,0.74213314
10876,25,0,0.43871436
10877,4,0,0.29275468
10878,1,1,0.5651115
10879,24,0,0.53990006
10880,8,0,0.31793192
10881,7,1,0.46955144
10882,7,1,0.61687535
10883,12,0,0.22975473
10884,4,1,0.29986313
10885,2,1,0.7811085
10886,2,0,0.33684653
10887,15,1,0.3434782
10888,23,1,0.7059585
10889,17,1,0.5054377
10890,1,1,0.42265135
10891,14,0,0.537201
10892,7,1,0.57205504
10893,16,0,0.46852675
10894,23,0,0.45327333
10895,10,1,0.64585227
10896,10,1,0.64260924
10897,16,1,0.4200745
10898,0,0,0.6739594
10899,21,0,0.29040384
10900,17,0,0.35890356
10901,16,1,0.57064754
10902,3,0,0.39915827
10903,22,0,0.46705565
10904,28,1,0.82077116
10905,15,1,0.4997405
10906,25,1,0.81140804
10907,27,0,0.5849534
10908,6,1,0.6125789
10909,28,0,0.4197143
10910,15,1,0.4849392
10911,14,1,0.6389752
10912,1,1,0.51713496
10913,8,1,0.5596865
10914,25,1,0.7698471
10915,1,0,0.3496953
10916,10,0,0.5965101
10917,9,1,0.8516678
10918,20,1,0.31906036
10919,16,0,0.5566807
10920,0,1,0.36981013
10921,16,1,0.5414026
10922,20,1,0.35645792
10923,15,1,0.49387872
10924,11,0,0.52982485
10925,2,0,0.55503935
10926,10,0,0.20916983
10927,11,1,0.76146114
10928,20,0,0.5148707
10929,22,0,0.3259101
10930,9,1,0.51582605
10931,15,1,0.71275514
10932,8,0,0.3767476
10933,2,1,0.8034515
10934,8,1,0.6077376
10935,15,0,0.627299
10936,27,1,0.54483503
10937,14,0,0.7141146
10938,24,1,0.4755064
10939,1,1,0.37003607
10940,26,0,0.440979
10941,20,1,0.64386934
10942,26,0,0.28491795
10943,15,1,0.578297
10944,23,1,0.38018796
10945,1,1,0.43642977
10946,11,1,0.41369337
10947,20,1,0.5492051
10948,11,1,0.20796162
10949,10,0,0.49775577
10950,22,1,0.57707804
10951,8,1,0.56191134
10952,2,1,0.4633835
10953,28,1,0.48093897
10954,21,0,0.76738524
10955,16,0,0.22712152
10956,28,0,0.37412372
10957,10,1,0.81322676
10958,28,0,0.44702497
10959,6,1,0.8153725
10960,28,1,0.45939007
10961,14,0,0.5964843
10962,2,1,0.7788307
10963,11,1,0.5022053
10964,16,0,0.5613873
10965,23,0,0.63283247
10966,9,0,0.39784333
10967,27,1,0.54220897
10968,24,1,0.66228783
10969,1,0,0.61351585
10970,8,0,0.57468027
10971,1,0,0.55775446
10972,21,0,0.28360224
10973,10,0,0.2955239
10974,17,0,0.33506665
10975,16,1,0.6083924
10976,17,0,0.33801588
10977,16,0,0.58876735
10978,27,0,0.2767567
10979,25,0,0.30991176
10980,0,1,0.3962868
10981,15,0,0.75426984
10982,24,0,0.4291251
10983,24,0,0.585819
10984,26,0,0.78267735
10985,3,1,0.5092448
10986,22,0,0.65669054
10987,8,0,0.20025077
10988,18,0,0.49549288
10989,28,0,0.29525796
10990,10,1,0.58820903
10991,27,1,0.5338833
10992,11,1,0.41915593
10993,22,0,0.53204185
10994,25,1,0.74022263
10995,16,1,0.7449356
10996,28,0,0.1292207
10997,2,0,0.47867456
10998,4,0,0.50567514
10999,18,1,0.76201594
11000,23,1,0.5202708
11001,13,1,0.5603873
11002,16,1,0.8159021
11003,1,0,0.27494657
11004,16,0,0.32742107
11005,17,1,0.46765202
11006,18,1,0.62174606
11007,13,0,0.35219797
11008,12,1,0.7118369
11009,19,1,0.5349648
11010,8,0,0.4542088
11011,8,0,0.43445823
11012,1,0,0.38628983
11013,1,1,0.33380735
11014,2,0,0.3957667
11015,25,1,0.6334745
11016,13,1,0.45486355
11017,6,0,0.37236825
11018,8,0,0.3601197
11019,8,1,0.55461967
11020,13,0,0.195002
11021,14,1,0.5824479
11022,12,1,0.6976038
11023,23,1,0.32002383
11024,5,0,0.58430606
11025,13,1,0.77070236
11026,13,1,0.4420845
11027,9,1,0.85155416
11028,20,0,0.175684
11029,22,0,0.55091554
11030,5,0,0.33701158
11031,28,1,0.2851863
11032,12,0,0.67314243
11033,8,1,0.6860121
11034,18,1,0.57785714
11035,2,0,0.2517696
11036,3,0,0.17411083
11037,4,1,0.645566
11038,11,1,0.6483476
11039,11,1,0.5666206
11040,13,0,0.691949
11041,22,0,0.51280755
11042,20,0,0.49931216
11043,11,1,0.66882414
11044,26,1,0.59618086
11045,10,1,0.5733568
11046,24,0,0.66245043
11047,11,1,0.35069886
11048,27,0,0.37210914
11049,5,1,0.4706628
11050,12,1,0.731722
11051,13,0,0.5142047
11052,5,0,0.527531
11053,12,1,0.7072259
11054,2,1,0.5652216
11055,4,0,0.4791563
11056,28,0,0.5616849
11057,19,0,0.43506742
11058,17,0,0.2841362
11059,13,0,0.16675167
11060,9,0,0.47922882
11061,2,0,0.2471488
11062,15,0,0.40851155
11063,16,1,0.734511
11064,3,0,0.20134856
11065,16,0,0.77189136
11066,11,1,0.5489959
11067,13,1,0.8120704
11068,2,1,0.68695736
11069,22,0,0.24009296
11070,1,1,0.56389475
11071,25,1,0.5998036
11072,14,0,0.2559572
11073,11,0,0.52463526
11074,27,0,0.17978616
11075,10,0,0.22052039
11076,16,1,0.42835772
11077,1,1,0.7924357
11078,12,1,0.39079422
11079,15,0,0.70998055
11080,28,1,0.77194464
11081,21,0,0.50056773
11082,8,0,0.54927605
11083,0,1,0.39073274
11084,19,0,0.3779498
11085,11,1,0.41365787
11086,0,1,0.5598501
11087,11,1,0.6299584
11088,22,0,0.6253362
11089,1,0,0.43474427
11090,6,0,0.42030692
11091,27,1,0.43986347
11092,3,0,0.51549655
11093,8,0,0.69763374
11094,13,1,0.52551174
11095,0,0,0.61752385
11096,13,0,0.72291756
11097,18,0,0.36915138
11098,23,1,0.57252884
11099,17,1,0.66989386
11100,4,1,0.61023325
11101,4,0,0.36458468
11102,13,1,0.4358682
11103,10,1,0.68344676
11104,1,1,0.80465
11105,8,1,0.3471993
11106,14,0,0.31677052
11107,11,1,0.67732304
11108,28,0,0.6019942
11109,6,0,0.48295045
11110,15,1,0.21643163
11111,3,1,0.7281219
11112,10,0,0.60449517
11113,1,1,0.5657005
11114,27,1,0.29687896
11115,10,0,0.51759213
11116,10,0,0.500606
11117,28,0,0.7609493
11118,18,1,0.5855771
11119,11,1,0.46691287
11120,10,0,0.47383323
11121,26,1,0.5056637
11122,21,1,0.7918053
11123,15,1,0.39153546
11124,23,0,0.5114561
11125,17,1,0.56666106
11126,2,0,0.25984085
11127,28,1,0.7973325
11128,18,1,0.7476221
11129,15,0,0.22842006
11130,16,0,0.5606587
11131,7,0,0.47693226
11132,27,0,0.47898927
11133,7,1,0.5350584
11134,11,0,0.7752721
11135,10,1,0.5609575
11136,25,0,0.7053722
11137,18,1,0.830122
11138,22,0,0.5791379
11139,17,1,0.23027366
11140,14,1,0.65183085
11141,2,0,0.2715892
11142,13,1,0.52719396
11143,1,1,0.5448025
11144,2,0,0.4878509
11145,10,0,0.5308964
11146,9,1,0.7588149
11147,2,0,0.36495814
11148,10,1,0.4818426
11149,16,0,0.37037486
11150,26,0,0.3119256
11151,24,0,0.30479258
11152,3,0,0.77255136
11153,25,1,0.5926035
11154,6,0,0.3547595
11155,11,0,0.72767055
11156,18,0,0.54597795
11157,19,0,0.44210184
11158,10,1,0.5970186
11159,19,1,0.5060092
11160,20,0,0.48605222
11161,14,0,0.56554395
11162,16,0,0.32272762
11163,13,0,0.6345017
11164,27,0,0.18026353
11165,23,1,0.25950208
11166,8,1,0.5307069
11167,0,0,0.27399394
11168,12,1,0.80758786
11169,1,1,0.3303798
11170,21,0,0.5112024
11171,10,1,0.6751919
11172,13,1,0.5022737
11173,19,0,0.30323485
11174,18,1,0.5670608
11175,15,0,0.41929996
11176,9,1,0.26729774
11177,13,0,0.24243008
11178,16,1,0.4945908
11179,22,1,0.8448159
11180,13,0,0.55974066
11181,26,1,0.78480405
11182,8,0,0.47892693
11183,21,1,0.5791411
11184,28,0,0.57764894
11185,10,0,0.21602577
11186,7,0,0.14905842
11187,10,0,0.3527335
11188,26,0,0.5409364
11189,4,0,0.5989655
11190,23,1,0.558632
11191,16,1,0.5361328
11192,5,1,0.24048646
11193,8,1,0.4106465
11194,15,1,0.34728613
11195,24,1,0.6727703
11196,4,0,0.7601537
11197,16,1,0.6359604
11198,23,0,0.6690594
11199,26,0,0.6082118
11200,20,1,0.6429709
11201,14,0,0.33827808
11202,15,0,0.24408461
11203,1,1,0.50911987
11204,4,0,0.682481
11205,13,1,0.47811237
11206,23,1,0.22521533
11207,5,1,0.24912737
11208,4,1,0.40424314
11209,3,1,0.5637485
11210,4,1,0.30396453
11211,11,0,0.14664464
11212,5,0,0.5278885
11213,18,1,0.3173312
11214,27,1,0.471179
11215,13,0,0.3110545
11216,8,0,0.47732306
11217,2,0,0.23351389
11218,20,0,0.2815908
11219,16,1,0.45832545
11220,8,1,0.7048432
11221,3,0,0.35473695
11222,11,1,0.56132036
11223,23,1,0.49536383
11224,10,1,0.3735415
11225,18,1,0.28162906
11226,18,1,0.49766067
11227,2,1,0.7277373
11228,25,0,0.2831718
11229,5,1,0.74899757
11230,18,0,0.68176156
11231,4,1,0.5465944
11232,15,1,0.48757562
11233,8,1,0.46846858
11234,18,0,0.4090043
11235,13,0,0.47473934
11236,27,1,0.55278367
11237,14,0,0.69954836
11238,28,1,0.78467816
11239,10,1,0.3589736
11240,11,1,0.610395
11241,2,1,0.41176936
11242,25,1,0.7609104
11243,18,0,0.18369806
11244,28,1,0.7453897
11245,25,0,0.59447396
11246,8,0,0.38280416
11247,27,1,0.6296623
11248,18,0,0.37568536
11249,17,1,0.7161947
11250,27,1,0.44896546
11251,14,0,0.49488595
11252,27,1,0.61156905
11253,15,0,0.55759865
11254,6,1,0.6551936
11255,21,0,0.3353571
11256,27,0,0.37512717
11257,7,0,0.41534755
11258,4,0,0.5548022
11259,23,0,0.59060174
11260,16,0,0.53461754
11261,2,0,0.7296796
11262,4,1,0.53699374
11263,10,0,0.6571444
11264,27,0,0.29323807
11265,12,0,0.5366642
11266,10,1,0.27944848
11267,17,0,0.4101583
11268,0,1,0.55523205
11269,6,0,0.2775625
11270,13,0,0.7747138
11271,9,1,0.24924146
11272,26,1,0.48139438
11273,24,1,0.5615892
11274,6,1,0.5410388
11275,9,0,0.6995204
11276,16,0,0.34021944
11277,4,1,0.32880428
11278,8,0,0.42844942
11279,15,1,0.6154234
11280,16,1,0.55952513
11281,28,1,0.64893264
11282,20,1,0.549028
11283,15,0,0.47060835
11284,27,1,0.5852013
11285,20,0,0.32651484
11286,17,1,0.24967109
11287,2,1,0.5156552
11288,10,1,0.785296
11289,1,0,0.4455988
11290,12,1,0.3604542
11291,5,0,0.2499562
11292,21,1,0.30795625
11293,3,0,0.29805186
11294,16,1,0.7244965
11295,20,0,0.5696944
11296,23,0,0.43250582
11297,11,0,0.32708916
11298,1,1,0.5280354
11299,27,1,0.8263494
11300,2,0,0.4393193
11301,2,0,0.4250686
11302,20,1,0.3488911
11303,16,0,0.5266272
11304,7,1,0.6323427
11305,24,1,0.60892564
11306,13,0,0.7476743
11307,12,0,0.33391076
11308,13,1,0.30602524
11309,26,0,0.61711663
11310,11,1,0.5377521
11311,28,1,0.5533349
11312,14,0,0.24704556
11313,16,0,0.4230434
11314,10,0,0.42403147
11315,20,1,0.5744219
11316,16,1,0.74933654
11317,12,1,0.7584465
11318,12,0,0.5680314
11319,27,0,0.36695266
11320,5,0,0.35744435
11321,10,1,0.3209464
11322,2,0,0.59688354
11323,20,0,0.5215867
11324,13,0,0.2226091
11325,6,0,0.5337097
11326,17,1,0.55930716
11327,26,0,0.3053538
11328,8,1,0.48528892
11329,4,1,0.5228234
11330,19,0,0.37816545
11331,6,0,0.5124729
11332,6,0,0.6670738
11333,23,1,0.58963794
11334,3,0,0.30049983
11335,5,0,0.33705804
11336,20,1,0.58688396
11337,2,0,0.23653394
11338,15,1,0.49010995
11339,26,0,0.28484568
11340,5,1,0.79957443
11341,23,1,0.50347704
11342,10,0,0.5450056
11343,8,1,0.65688825
11344,12,0,0.37725058
11345,2,1,0.5128489
11346,13,1,0.5859066
11347,16,0,0.6521584
11348,20,0,0.39595667
11349,2,0,0.43985903
11350,13,0,0.19257194
11351,11,0,0.4672632
11352,21,1,0.83863235
11353,9,0,0.4190144
11354,8,1,0.5116866
11355,7,1,0.8178433
11356,20,0,0.49580687
11357,16,1,0.47188494
11358,18,0,0.24534169
11359,2,1,0.47598332
11360,16,0,0.61713415
11361,8,1,0.47041416
11362,27,0,0.42993656
11363,5,0,0.3152925
11364,5,1,0.3000315
11365,3,0,0.23337913
11366,3,1,0.5000182
11367,6,0,0.59959674
11368,9,1,0.5089026
11369,28,1,0.33402044
11370,20,1,0.6111075
11371,6,0,0.4666185
11372,7,1,0.6399639
11373,27,1,0.5528709
11374,4,1,0.6687023
11375,15,0,0.4288786
11376,6,0,0.511506
11377,10,1,0.5272091
11378,13,1,0.7259144
11379,14,0,0.5082491
11380,12,1,0.34240827
11381,12,1,0.5442015
11382,26,0,0.37548277
11383,16,0,0.34670147
11384,1,0,0.43498638
11385,13,0,0.3024853
11386,13,0,0.28695184
11387,11,0,0.32504383
11388,14,1,0.4814319
11389,0,1,0.5264132
11390,26,1,0.36432856
11391,2,0,0.35756043
11392,28,1,0.6429203
11393,26,1,0.704468
11394,1,0,0.22819826
11395,26,0,0.523979
11396,9,0,0.40884715
11397,23,0,0.4599298
11398,5,1,0.6844079
11399,5,0,0.43013084
11400,25,0,0.44636315
11401,1,1,0.49373963
11402,13,1,0.5869052
11403,10,0,0.19187835
11404,3,0,0.6825942
11405,13,0,0.49556038
11406,15,0,0.58300537
11407,22,0,0.30760834
11408,2,1,0.68811655
11409,11,0,0.716696
11410,17,1,0.7327353
11411,10,0,0.33116502
11412,5,0,0.4755685
11413,4,0,0.2661369
11414,18,0,0.34819895
11415,9,1,0.45023677
11416,23,1,0.27954283
11417,11,0,0.4814497
11418,20,0,0.37506998
11419,25,0,0.261968
11420,4,0,0.34425226
11421,3,1,0.3610889
11422,27,0,0.34093714
11423,7,1,0.6710103
11424,1,0,0.28288332
11425,1,0,0.35542285
11426,16,0,0.4464769
11427,19,0,0.31419837
11428,21,0,0.59648395
11429,12,0,0.24126357
11430,8,0,0.48806345
11431,26,0,0.73805803
11432,12,0,0.27241907
11433,18,1,0.51807606
11434,12,0,0.17233548
11435,11,1,0.5467518
11436,8,0,0.39901182
11437,24,1,0.5627997
11438,16,0,0.31125137
11439,26,1,0.5128282
11440,26,0,0.3064867
11441,28,0,0.32988003
11442,28,0,0.3465967
11443,22,1,0.25543383
11444,13,0,0.34410527
11445,13,0,0.30289012
11446,9,1,0.40490445
11447,17,1,0.20633055
11448,10,1,0.5273869
11449,23,0,0.44378403
11450,17,1,0.59123945
11451,16,0,0.5291669
11452,11,0,0.37015998
11453,14,1,0.2855101
11454,25,1,0.26241198
11455,22,0,0.35697716
11456,2,0,0.28640494
11457,9,1,0.21719828
11458,27,0,0.3320508
11459,17,1,0.27885368
11460,2,1,0.5592119
11461,10,1,0.42623675
11462,11,1,0.251679
11463,3,1,0.27180913
11464,14,0,0.2509248
11465,13,0,0.21899419
11466,23,0,0.37600255
11467,26,0,0.625972
11468,6,1,0.8060956
11469,15,1,0.5084195
11470,6,0,0.5689233
11471,12,1,0.4957836
11472,12,0,0.3582519
11473,13,0,0.25004956
11474,0,0,0.31868225
11475,20,0,0.26819113
11476,23,1,0.5579098
11477,3,1,0.26830503
11478,24,1,0.61893404
11479,25,0,0.40727872
11480,17,0,0.26080993
11481,22,1,0.5698457
11482,21,0,0.28609356
11483,11,0,0.2793292
11484,18,1,0.2895615
11485,12,0,0.50820094
11486,8,0,0.40285555
11487,28,0,0.24364778
11488,24,1,0.37484416
11489,19,0,0.30966786
11490,28,1,0.726597
11491,8,0,0.5769314
11492,15,0,0.5398202
11493,18,1,0.4394243
11494,2,0,0.1698788
11495,16,1,0.5315074
11496,1,0,0.23552483
11497,12,0,0.34592724
11498,2,0,0.46571234
11499,9,1,0.3180408
11500,11,1,0.33255827
11501,25,1,0.5067131
11502,26,1,0.30629748
11503,27,1,0.56724477
11504,16,1,0.75491357
11505,6,1,0.7265125
11506,25,0,0.20372833
11507,16,1,0.79137975
11508,13,1,0.5944498
11509,23,0,0.51394635
11510,6,1,0.42974797
11511,2,1,0.57047325
11512,2,0,0.14898509
11513,14,0,0.18361625
11514,21,1,0.41495585
11515,7,0,0.3861347
11516,9,1,0.50005525
11517,4,0,0.30193043
11518,16,1,0.42141134
11519,2,1,0.18569434
11520,28,0,0.23049487
11521,21,1,0.2591957
11522,2,1,0.3266699
11523,8,1,0.56883574
11524,11,1,0.5946433
11525,26,1,0.5070859
11526,15,0,0.50229806
11527,8,0,0.35005462
11528,16,1,0.6244734
11529,25,1,0.54110897
11530,0,1,0.55215544
11531,28,1,0.5784284
11532,8,0,0.42609617
11533,15,0,0.34967902
11534,23,0,0.64811516
11535,17,1,0.21537982
11536,28,0,0.47521406
11537,16,1,0.54897785
11538,17,1,0.23021351
11539,10,1,0.63889015
11540,15,1,0.81212914
11541,15,0,0.42312828
11542,19,1,0.34673125
11543,22,1,0.66193724
11544,25,1,0.53945315
11545,24,0,0.4949599
11546,14,0,0.411882
11547,25,0,0.26219237
11548,24,0,0.34527454
11549,24,1,0.69816816
11550,27,1,0.45368174
11551,19,0,0.31366694
11552,1,1,0.50993603
11553,20,1,0.4873966
11554,28,1,0.7052929
11555,26,0,0.46155956
11556,3,1,0.7287006
11557,15,0,0.29539448
11558,27,0,0.5790248
11559,1,1,0.7900514
11560,8,0,0.23783724
11561,16,1,0.41185507
11562,9,0,0.2717177
11563,15,0,0.60653245
11564,26,0,0.58858013
11565,16,1,0.77350676
11566,16,1,0.49604952
11567,1,1,0.35986984
11568,13,0,0.54696274
11569,8,1,0.3798655
11570,22,0,0.56493205
11571,22,1,0.60248524
11572,13,1,0.6502347
11573,18,0,0.32668898
11574,6,0,0.5241137
11575,1,0,0.5346888
11576,25,1,0.5461616
11577,6,0,0.3447404
11578,25,0,0.8396548
11579,9,0,0.42563012
11580,15,0,0.5768427
11581,4,1,0.59047985
11582,12,1,0.5704523
11583,11,1,0.59710586
11584,26,0,0.80309486
11585,27,1,0.7389832
11586,1,1,0.5809747
11587,8,1,0.59687036
11588,8,1,0.5514338
11589,7,0,0.49915314
11590,27,1,0.26918623
11591,2,0,0.33828357
11592,11,0,0.17224018
11593,6,1,0.596242
11594,7,1,0.4256653
11595,21,1,0.6233746
11596,10,0,0.2292892
11597,8,1,0.49617028
11598,8,0,0.3987577
11599,11,0,0.49583045
11600,28,1,0.3478723
11601,13,1,0.6929364
11602,19,1,0.51481867
11603,18,0,0.35694647
11604,15,0,0.25626677
11605,4,0,0.58276165
11606,11,1,0.6218572
11607,27,0,0.4714614
11608,23,0,0.49165207
11609,10,1,0.8139369
11610,28,0,0.79757965
11611,8,0,0.68882495
11612,27,1,0.48325902
11613,27,0,0.3122632
11614,12,0,0.5038212
11615,21,0,0.7074337
11616,12,1,0.43391374
11617,16,0,0.67126197
11618,13,0,0.2850829
11619,13,0,0.18575464
11620,16,0,0.60629773
11621,13,0,0.2240402
11622,10,1,0.6823471
11623,2,1,0.681737
11624,26,1,0.57566124
11625,25,1,0.78734696
11626,10,1,0.43252572
11627,13,1,0.6922317
11628,11,1,0.7067267
11629,4,1,0.6695044
11630,19,0,0.34348604
11631,16,1,0.5347017
11632,11,0,0.25553972
11633,23,0,0.2027101
11634,24,0,0.6176782
11635,4,1,0.37141326
11636,16,1,0.6403049
11637,28,0,0.15995088
11638,7,0,0.64039695
11639,19,0,0.24258952
11640,1,1,0.6251603
11641,6,0,0.15146522
11642,8,1,0.35309923
11643,15,1,0.52813566
11644,10,0,0.46794325
11645,20,1,0.5380513
11646,10,1,0.648752
11647,16,1,0.36717764
11648,20,0,0.52803755
11649,19,1,0.60873634
11650,26,1,0.48145887
11651,15,0,0.6118235
11652,15,0,0.17785674
11653,21,0,0.5483041
11654,1,1,0.4805564
11655,16,0,0.44709092
11656,16,0,0.6039815
11657,25,0,0.334727
11658,10,0,0.19837938
11659,8,1,0.8043776
11660,12,1,0.46150213
11661,12,1,0.60319805
11662,12,0,0.7205403
11663,16,1,0.5123996
11664,25,1,0.29492626
11665,26,0,0.3606399
11666,6,1,0.3356454
11667,18,1,0.29498523
11668,2,0,0.28226918
11669,23,0,0.26366416
11670,11,0,0.17519209
11671,17,0,0.35707614
11672,15,0,0.56538796
11673,11,0,0.52226967
11674,7,1,0.62914556
11675,22,0,0.41155878
11676,24,0,0.6306346
11677,2,1,0.36096674
11678,3,1,0.36745247
11679,17,0,0.17016852
11680,9,0,0.6693882
11681,2,1,0.76760566
11682,2,0,0.6122973
11683,10,1,0.47584307
11684,5,0,0.49896795
11685,15,0,0.57423395
11686,8,1,0.54530764
11687,26,1,0.50563186
11688,18,0,0.14970928
11689,8,1,0.522608
11690,7,0,0.52576333
11691,8,1,0.5062508
11692,15,1,0.6114287
11693,6,0,0.37524533
11694,26,1,0.32353908
11695,23,0,0.6889676
11696,10,0,0.72849786
11697,27,0,0.81578755
11698,2,0,0.22830461
11699,13,0,0.5221147
11700,25,1,0.45269743
11701,0,1,0.17153388
11702,17,0,0.42676234
11703,16,0,0.36665183
11704,7,1,0.462767
11705,16,1,0.4528283
11706,2,1,0.5874948
11707,21,0,0.5038166
11708,16,1,0.7296169
11709,6,0,0.4951021
11710,2,0,0.46091664
11711,10,0,0.35467637
11712,3,1,0.58673143
11713,13,0,0.6667156
11714,10,1,0.77377015
11715,11,0,0.56532186
11716,15,1,0.61593336
11717,23,0,0.5561518
11718,28,0,0.25501135
11719,28,1,0.7597304
11720,15,0,0.57085586
11721,17,0,0.43887207
11722,3,1,0.8189479
11723,7,1,0.22103642
11724,11,1,0.39777708
11725,27,1,0.19830534
11726,26,0,0.4430636
11727,3,1,0.34129852
11728,5,1,0.48528123
11729,16,0,0.418569
11730,11,0,0.17183544
11731,2,1,0.32364216
11732,24,1,0.3901322
11733,10,0,0.39051393
11734,15,0,0.28389204
11735,17,1,0.36132923
11736,11,0,0.16941744
11737,6,0,0.51695526
11738,9,1,0.44120052
11739,16,0,0.48141995
11740,2,0,0.27369082
11741,13,0,0.24097069
11742,15,1,0.5625665
11743,10,1,0.62721044
11744,27,1,0.7065706
11745,16,1,0.5449146
11746,14,1,0.31263047
11747,11,1,0.7977549
11748,22,1,0.38597032
11749,5,0,0.51627606
11750,2,0,0.4330965
11751,6,1,0.50845844
11752,13,0,0.2379198
11753,23,1,0.6649159
11754,22,0,0.54452604
11755,25,1,0.6898975
11756,21,1,0.5958844
11757,16,0,0.30323967
11758,19,0,0.4351389
11759,22,0,0.36743984
11760,14,0,0.48667902
11761,17,1,0.29710105
11762,11,0,0.4657866
11763,20,0,0.45132354
11764,23,0,0.33738124
11765,21,1,0.666948
11766,11,0,0.55167603
11767,10,0,0.7983679
11768,21,1,0.32364425
11769,11,1,0.6691946
11770,17,0,0.3431064
11771,6,1,0.6294019
11772,13,0,0.23360789
11773,18,0,0.5207058
11774,10,0,0.5574131
11775,1,0,0.32918942
11776,25,0,0.30768445
11777,7,1,0.42752108
11778,13,0,0.472718
11779,27,1,0.389362
11780,20,1,0.7137226
11781,22,1,0.6156041
11782,1,1,0.50347406
11783,1,1,0.6003249
11784,8,1,0.5429821
11785,16,0,0.29080102
11786,12,1,0.5468502
11787,5,1,0.49856734
11788,26,0,0.5737504
11789,20,1,0.29316142
11790,17,0,0.5149161
11791,9,1,0.61943495
11792,11,1,0.6181566
11793,1,1,0.5893336
11794,18,0,0.31416684
11795,18,1,0.26452833
11796,0,1,0.44313192
11797,6,1,0.6337453
11798,0,0,0.6752833
11799,15,1,0.29712144
11800,14,1,0.3265565
11801,12,0,0.36984876
11802,16,0,0.45354304
11803,23,0,0.49378738
11804,1,0,0.23120485
11805,11,0,0.30720586
11806,4,0,0.4388492
11807,24,1,0.5569071
11808,9,1,0.7990706
11809,0,1,0.66273886
11810,6,1,0.46944425
11811,16,0,0.5055869
11812,1,0,0.55312324
11813,2,0,0.23072487
11814,16,0,0.6703642
11815,25,0,0.5347645
11816,2,0,0.51729465
11817,4,0,0.28949094
11818,17,1,0.5253639
11819,23,1,0.58077556
11820,28,1,0.33336514
11821,22,1,0.69913405
11822,4,0,0.60920125
11823,3,1,0.5596149
11824,16,0,0.36129075
11825,26,0,0.6505824
11826,24,0,0.21400571
11827,20,1,0.55734164
11828,7,1,0.56387764
11829,3,1,0.5527659
11830,28,1,0.5474665
11831,10,0,0.60381436
11832,7,1,0.63348585
11833,23,1,0.65218794
11834,1,0,0.7103521
11835,18,0,0.26610065
11836,11,1,0.6152625
11837,8,0,0.3196291
11838,13,0,0.68858737
11839,18,0,0.42358214
11840,14,0,0.5192289
11841,2,0,0.43489826
11842,21,0,0.53461295
11843,10,1,0.64164436
11844,11,1,0.36298347
11845,20,1,0.6616144
11846,2,0,0.25614128
11847,18,0,0.35411185
11848,6,1,0.3541773
11849,26,1,0.4784824
11850,9,1,0.5110174
11851,11,0,0.27008358
11852,12,1,0.57750946
11853,2,0,0.3056978
11854,16,1,0.58997643
11855,0,0,0.55443513
11856,14,1,0.20582643
11857,6,1,0.6798294
11858,26,0,0.6458493
11859,7,1,0.8216751
11860,27,0,0.4999957
11861,0,1,0.7391151
11862,16,1,0.47905868
11863,8,1,0.2655242
11864,28,0,0.34021693
11865,15,1,0.5513202
11866,27,1,0.33363137
11867,8,0,0.21222295
11868,16,1,0.31873542
11869,27,0,0.32375982
11870,17,1,0.62895
11871,25,1,0.6171622
11872,6,1,0.5773911
11873,4,1,0.41324645
11874,8,0,0.50177336
11875,10,1,0.55484676
11876,2,0,0.3311152
11877,16,1,0.8471794
11878,19,0,0.6689591
11879,10,0,0.6770304
11880,27,1,0.51998895
11881,21,1,0.5020604
11882,24,0,0.6811881
11883,27,0,0.5324846
11884,2,0,0.45369267
11885,16,0,0.3843959
11886,25,0,0.45784172
11887,18,1,0.6807934
11888,24,1,0.43343315
11889,4,1,0.595831
11890,13,1,0.6087861
11891,5,1,0.54984695
11892,18,1,0.60339576
11893,7,1,0.7754286
11894,2,1,0.7363549
11895,1,0,0.45850572
11896,15,0,0.40272754
11897,10,1,0.74545705
11898,16,0,0.7101576
11899,13,0,0.77233964
11900,20,1,0.47697645
11901,1,0,0.29630515
11902,1,1,0.39604476
11903,24,0,0.34323892
11904,13,1,0.38929385
11905,2,0,0.682212
11906,11,1,0.2511409
11907,24,0,0.25506443
11908,8,0,0.53026205
11909,15,0,0.49695757
11910,1,0,0.19670515
11911,3,0,0.40185258
11912,3,1,0.6457519
11913,11,0,0.24253902
11914,2,1,0.40131703
11915,3,0,0.36773264
11916,9,0,0.4049968
11917,11,0,0.45932487
11918,19,1,0.6122327
11919,16,0,0.29792136
11920,10,1,0.74953455
11921,1,0,0.21364555
11922,15,0,0.35586593
11923,11,1,0.7870348
11924,16,1,0.51658314
11925,13,1,0.7376666
11926,3,0,0.34896547
11927,17,0,0.5987086
11928,20,0,0.4542768
11929,13,0,0.54670525
11930,3,0,0.60055625
11931,11,1,0.374636
11932,21,1,0.8437362
11933,25,1,0.5329866
11934,4,0,0.28400853
11935,6,1,0.70294905
11936,6,0,0.32222548
11937,13,0,0.27723327
11938,10,0,0.2624646
11939,19,0,0.37274054
11940,9,0,0.42587107
11941,0,1,0.48167604
11942,7,0,0.47052562
11943,2,0,0.610579
11944,16,1,0.53605163
11945,25,1,0.49636298
11946,15,1,0.46034807
11947,11,1,0.5175505
11948,15,0,0.36596236
11949,27,0,0.50895673
11950,27,1,0.47388822
11951,15,1,0.63930595
11952,16,0,0.5242243
11953,9,1,0.48351166
11954,25,0,0.34029743
11955,21,1,0.59746987
11956,2,1,0.6222272
11957,27,0,0.53195304
11958,25,1,0.21003626
11959,13,1,0.4015219
11960,3,1,0.5404412
11961,13,0,0.5160967
11962,8,0,0.22842138
11963,12,1,0.30757827
11964,17,0,0.6303272
11965,12,0,0.34967962
11966,13,0,0.31153822
11967,28,1,0.6780945
11968,27,1,0.69035023
11969,1,0,0.5676133
11970,15,0,0.49392316
11971,3,1,0.7898242
11972,2,0,0.5519827
11973,21,1,0.51624805
11974,2,1,0.37072414
11975,13,0,0.22989139
11976,13,0,0.70347774
11977,27,0,0.4659933
11978,1,0,0.5434938
11979,18,1,0.6507035
11980,9,1,0.80241406
11981,7,0,0.5014344
11982,8,0,0.5418408
11983,4,1,0.41088852
11984,20,0,0.30031285
11985,26,1,0.68685085
11986,8,1,0.7029545
11987,5,1,0.33170936
11988,10,1,0.6238849
11989,16,1,0.4953767
11990,28,0,0.6658234
11991,18,1,0.62677974
11992,17,1,0.37055475
11993,21,1,0.5503546
11994,12,0,0.24304706
11995,12,0,0.20914073
11996,5,0,0.53229046
11997,16,1,0.33633134
11998,22,0,0.5604226
11999,8,1,0.32663324
12000,8,0,0.22533874
12001,13,0,0.49828765
12002,28,1,0.44110867
12003,27,1,0.4063037
12004,2,1,0.3082428
12005,10,0,0.31162286
12006,4,1,0.6015636
12007,26,0,0.30257258
12008,12,1,0.60618573
12009,22,0,0.13787608
12010,9,1,0.3037513
12011,23,0,0.3353845
12012,1,1,0.50898504
12013,24,1,0.45453274
12014,7,1,0.6080962
12015,27,0,0.5697839
12016,26,0,0.66240686
12017,6,0,0.52716196
12018,13,0,0.37150902
12019,13,1,0.38316143
12020,10,0,0.56315005
12021,17,0,0.19257614
12022,2,0,0.7307144
12023,18,1,0.52133596
12024,8,1,0.5862029
12025,23,0,0.5515281
12026,2,0,0.3718855
12027,13,1,0.34743783
12028,2,0,0.4283711
12029,1,0,0.5643208
12030,3,0,0.5066469
12031,8,1,0.7451708
12032,1,1,0.5443858
12033,13,0,0.49200907
12034,17,0,0.5696325
12035,7,0,0.71092933
12036,16,1,0.5018534
12037,14,1,0.40567163
12038,23,0,0.26761496
12039,22,1,0.30265376
12040,15,0,0.6737493
12041,16,1,0.65940356
12042,22,0,0.59038734
12043,13,0,0.47155666
12044,11,1,0.40356287
12045,20,0,0.63538593
12046,28,0,0.627912
12047,23,1,0.7084202
12048,10,1,0.56133235
12049,21,1,0.4296086
12050,13,0,0.33323264
12051,11,0,0.47855347
12052,19,1,0.5622436
12053,18,0,0.5229193
12054,8,0,0.44979748
12055,0,1,0.4997635
12056,15,0,0.24273941
12057,4,1,0.27552667
12058,16,0,0.5711197
12059,8,0,0.57026523
12060,0,1,0.50826705
12061,1,1,0.67561805
12062,7,1,0.56301534
12063,10,1,0.20232433
12064,12,0,0.41823503
12065,19,0,0.21635817
12066,8,1,0.58190626
12067,16,1,0.7796289
12068,7,1,0.36871284
12069,13,1,0.31547934
12070,8,1,0.6131026
12071,7,1,0.45722485
12072,23,1,0.34539983
12073,16,0,0.26708254
12074,19,1,0.7337749
12075,25,0,0.25339484
12076,4,1,0.6399975
12077,10,1,0.21678235
12078,1,1,0.56172353
12079,25,1,0.80513364
12080,6,0,0.26058045
12081,8,0,0.4940717
12082,16,1,0.45374393
12083,15,0,0.35690656
12084,15,1,0.8430301
12085,4,1,0.61748505
12086,20,1,0.22773083
12087,17,0,0.28713188
12088,25,0,0.53637725
12089,19,0,0.59459513
12090,3,0,0.26626012
12091,19,0,0.8366107
12092,15,1,0.54964876
12093,1,1,0.47764277
12094,28,0,0.21200007
12095,1,0,0.64146715
12096,0,0,0.51323044
12097,25,1,0.6811663
12098,27,1,0.8055759
12099,22,1,0.62425226
12100,16,1,0.5281673
12101,20,1,0.7999245
12102,25,1,0.44838256
12103,11,0,0.32832614
12104,14,1,0.87413055
12105,13,1,0.48000926
12106,8,1,0.6846719
12107,1,1,0.78702396
12108,23,1,0.5211707
12109,28,1,0.44956893
12110,4,0,0.45112744
12111,16,1,0.6700377
12112,22,1,0.442534
12113,10,0,0.6051089
12114,1,0,0.3011278
12115,23,1,0.36182615
12116,25,1,0.5932785
12117,15,0,0.22619373
12118,2,1,0.8339574
12119,14,1,0.39029983
12120,4,1,0.78616124
12121,13,0,0.59389037
12122,22,1,0.87012637
12123,12,1,0.6007198
12124,2,1,0.53019625
12125,5,1,0.8421285
12126,2,0,0.30577973
12127,25,1,0.6261902
12128,10,1,0.31543452
12129,26,1,0.5547116
12130,3,1,0.8009463
12131,12,1,0.6288118
12132,14,0,0.35388127
12133,4,0,0.30037656
12134,4,1,0.7334705
12135,25,0,0.5210167
12136,13,0,0.22219571
12137,13,0,0.1829995
12138,12,0,0.2953881
12139,28,1,0.49119762
12140,25,1,0.5935459
12141,17,1,0.32068175
12142,6,0,0.4424093
12143,17,1,0.2736653
12144,6,1,0.42431605
12145,8,0,0.59083855
12146,18,1,0.2941799
12147,1,1,0.45767152
12148,27,1,0.86679626
12149,25,1,0.8360397
12150,2,0,0.33845568
12151,10,0,0.5066837
12152,18,1,0.71446824
12153,18,1,0.6541379
12154,3,0,0.3403449
12155,10,1,0.7422796
12156,12,0,0.3442097
12157,11,0,0.4811408
12158,7,1,0.52791125
12159,21,0,0.55145335
12160,11,0,0.6852323
12161,27,1,0.2668152
12162,22,0,0.44975168
12163,16,1,0.5022005
12164,15,1,0.71734035
12165,1,1,0.34343195
12166,4,1,0.28086695
12167,11,1,0.61776966
12168,3,0,0.36604387
12169,21,1,0.5465956
12170,22,0,0.59862614
12171,20,1,0.43607908
12172,23,0,0.6656707
12173,27,0,0.4106071
12174,13,0,0.36180863
12175,25,0,0.2368909
12176,25,0,0.53337336
12177,13,1,0.458647
12178,12,1,0.6683483
12179,4,0,0.5357616
12180,8,0,0.3904046
12181,17,1,0.25770593
12182,25,1,0.3642708
12183,1,0,0.5309124
12184,2,1,0.4297799
12185,15,1,0.6619945
12186,19,1,0.57876915
12187,20,1,0.51347435
12188,3,1,0.49260893
12189,10,1,0.75016665
12190,2,0,0.666543
12191,10,1,0.44220394
12192,16,1,0.5417464
12193,8,0,0.47375885
12194,16,0,0.30717066
12195,10,1,0.7788495
12196,13,0,0.3283978
12197,11,1,0.26882827
12198,27,1,0.47895393
12199,23,0,0.2255942
12200,28,1,0.7659709
12201,9,1,0.57173413
12202,1,0,0.6538101
12203,8,1,0.22094241
12204,17,1,0.28821644
12205,10,0,0.4931382
12206,15,0,0.6376236
12207,9,1,0.3106427
12208,8,0,0.45554304
12209,16,0,0.51022047
12210,13,1,0.74942464
12211,15,1,0.607971
12212,11,0,0.64975417
12213,27,1,0.31486803
12214,22,0,0.39569375
12215,13,1,0.37971509
12216,13,0,0.4783328
12217,25,1,0.6254016
12218,20,0,0.387876
12219,9,1,0.71400267
12220,11,0,0.47749445
12221,0,1,0.6676224
12222,6,0,0.17393911
12223,15,1,0.5628797
12224,13,0,0.46005288
12225,10,1,0.62435484
12226,28,0,0.4971231
12227,14,1,0.3759712
12228,23,0,0.5831173
12229,19,1,0.62426597
12230,18,0,0.28537545
12231,10,1,0.73579335
12232,2,1,0.60805094
12233,11,0,0.2270126
12234,3,0,0.47887278
12235,5,0,0.6434763
12236,24,1,0.64940625
12237,27,1,0.6378188
12238,18,1,0.809076
12239,22,1,0.5896388
12240,11,0,0.59652966
12241,25,1,0.16526677
12242,2,0,0.5215161
12243,11,0,0.27222717
12244,18,0,0.33372298
12245,13,0,0.47528827
12246,6,0,0.7414059
12247,21,1,0.5804337
12248,10,1,0.54411465
12249,15,1,0.72660744
12250,1,0,0.770991
12251,1,1,0.6891721
12252,4,1,0.5234811
12253,7,0,0.44464517
12254,1,1,0.5200956
12255,2,1,0.7446524
12256,6,1,0.78301567
12257,2,1,0.29640776
12258,25,0,0.48891994
12259,12,1,0.5823839
12260,10,1,0.45250952
12261,19,1,0.49575213
12262,28,1,0.6383828
12263,11,1,0.6923656
12264,18,0,0.51787716
12265,26,0,0.45856437
12266,17,1,0.49502006
12267,13,0,0.45254815
12268,3,1,0.70203125
12269,3,1,0.46592516
12270,8,0,0.5463465
12271,23,1,0.57156014
12272,13,1,0.77912015
12273,6,0,0.38012102
12274,3,1,0.67783695
12275,15,1,0.7496361
12276,12,0,0.3962945
12277,14,1,0.79216814
12278,5,1,0.6285971
12279,17,0,0.4828848
12280,23,0,0.50650644
12281,11,0,0.5744723
12282,7,1,0.67618257
12283,25,1,0.3188581
12284,6,1,0.35510826
12285,6,0,0.47669625
12286,16,1,0.4562692
12287,14,1,0.27605823
12288,6,0,0.47347385
12289,9,0,0.5083448
12290,15,1,0.25703406
12291,10,1,0.4773003
12292,11,0,0.61705583
12293,20,1,0.52645123
12294,7,1,0.5609357
12295,1,0,0.71886134
12296,17,0,0.62160766
12297,22,1,0.31526825
12298,10,1,0.58695215
12299,18,1,0.32580996
12300,28,1,0.68435025
12301,1,0,0.33432162
12302,8,1,0.6308056
12303,6,1,0.71049786
12304,17,1,0.49306723
12305,19,1,0.46398
12306,26,0,0.52487683
12307,11,1,0.5543096
12308,26,0,0.5359917
12309,15,1,0.5862334
12310,20,1,0.5286691
12311,20,1,0.38963646
12312,16,1,0.43959692
12313,6,1,0.5128028
12314,10,0,0.6358845
12315,13,1,0.84536403
12316,19,1,0.7983714
12317,15,0,0.5414169
12318,12,1,0.41112533
12319,25,1,0.42025596
12320,0,1,0.52448267
12321,20,1,0.26545322
12322,8,0,0.3902365
12323,25,0,0.389383
12324,8,0,0.5827887
12325,22,0,0.36471695
12326,2,0,0.46204555
12327,8,0,0.51517427
12328,15,1,0.5782242
12329,6,1,0.8149173
12330,13,1,0.49838454
12331,16,1,0.8641248
12332,14,1,0.51934433
12333,26,0,0.29694313
12334,9,1,0.6147208
12335,10,0,0.6313444
12336,20,0,0.2312859
12337,17,0,0.6334551
12338,23,1,0.47549
12339,13,1,0.49499682
12340,10,1,0.77743447
12341,7,1,0.5502211
12342,15,0,0.6570372
12343,3,1,0.50495976
12344,2,0,0.44100645
12345,1,1,0.6611211
12346,21,1,0.20074669
12347,1,0,0.596741
12348,18,1,0.5751514
12349,15,0,0.42655203
12350,3,0,0.5514507
12351,4,1,0.69010144
12352,2,1,0.5135695
12353,19,0,0.42195877
12354,14,1,0.6874675
12355,16,1,0.6179968
12356,16,0,0.28868672
12357,24,0,0.5600367
12358,11,0,0.56220496
12359,15,0,0.52779835
12360,11,1,0.27988526
12361,8,1,0.6618578
12362,25,1,0.61811614
12363,18,0,0.35624462
12364,11,0,0.34652913
12365,11,1,0.7792746
12366,3,0,0.3218157
12367,21,1,0.7092958
12368,4,1,0.60731703
12369,2,0,0.42303517
12370,7,1,0.56722
12371,13,1,0.79625773
12372,2,0,0.5201174
12373,28,0,0.38824055
12374,10,1,0.7678508
12375,11,0,0.2792035
12376,21,1,0.7504615
12377,13,0,0.49975133
12378,25,1,0.3754958
12379,20,1,0.58062613
12380,7,1,0.5627586
12381,17,1,0.4639642
12382,20,0,0.21860144
12383,13,0,0.24913965
12384,28,0,0.60095733
12385,11,0,0.29979408
12386,25,0,0.23951052
12387,13,0,0.22729038
12388,7,0,0.5795875
12389,7,1,0.54375905
12390,26,1,0.72163254
12391,20,1,0.59297746
12392,2,0,0.55656403
12393,25,0,0.5394712
12394,1,1,0.63930833
12395,3,0,0.6164653
12396,4,1,0.55462646
12397,25,0,0.48615825
12398,16,0,0.6172417
12399,21,1,0.5921281
12400,12,0,0.6143597
12401,5,0,0.44336334
12402,12,0,0.4574012
12403,26,1,0.66146255
12404,27,1,0.48575827
12405,15,1,0.39091182
12406,18,1,0.69785964
12407,28,1,0.4878673
12408,8,0,0.24149008
12409,16,1,0.46566322
12410,20,1,0.5570213
12411,16,1,0.37975353
12412,6,1,0.8017974
12413,6,0,0.5111946
12414,16,1,0.5990227
12415,20,0,0.3618778
12416,3,0,0.32384002
12417,1,1,0.33144858
12418,10,1,0.3977264
12419,22,0,0.57897675
12420,20,0,0.36465672
12421,8,1,0.60825795
12422,6,0,0.23721212
12423,28,0,0.6409003
12424,22,1,0.5465636
12425,2,0,0.5401212
12426,1,0,0.28501138
12427,2,1,0.6934429
12428,18,1,0.42713127
12429,7,0,0.67153573
12430,9,0,0.5155364
12431,2,0,0.48536977
12432,8,1,0.49704114
12433,27,1,0.29437736
12434,16,0,0.7544949
12435,26,1,0.62446153
12436,19,1,0.4408118
12437,17,0,0.24042022
12438,15,0,0.5805642
12439,15,0,0.41172898
12440,25,0,0.45169973
12441,2,0,0.25172165
12442,25,0,0.5657151
12443,15,0,0.36880043
12444,6,1,0.5384057
12445,26,0,0.5184949
12446,0,0,0.56092036
12447,8,0,0.62213385
12448,1,1,0.50294733
12449,8,0,0.5680776
12450,26,1,0.6638756
12451,10,0,0.5397568
12452,13,1,0.76060313
12453,12,1,0.7040805
12454,19,1,0.38242468
12455,17,1,0.50588393
12456,1,0,0.39471686
12457,18,0,0.32068586
12458,7,0,0.5754896
12459,0,0,0.29689127
12460,18,1,0.6152199
12461,8,1,0.7324948
12462,15,1,0.5879196
12463,18,0,0.25521892
12464,13,1,0.8221699
12465,12,1,0.39075875
12466,1,0,0.5194899
12467,25,1,0.57871133
12468,28,0,0.375484
12469,20,1,0.3526122
12470,20,0,0.78620327
12471,12,1,0.7307772
12472,23,1,0.34016827
12473,16,1,0.6866035
12474,25,1,0.5552541
12475,22,1,0.30162922
12476,4,1,0.47520924
12477,6,0,0.15192114
12478,10,0,0.33615533
12479,5,1,0.79285467
12480,8,1,0.40132487
12481,17,0,0.37564835
12482,10,1,0.32239795
12483,14,0,0.32504025
12484,26,0,0.5700059
12485,28,1,0.57335615
12486,24,0,0.4001022
12487,28,0,0.43375775
12488,21,0,0.34017053
12489,25,0,0.20760329
12490,13,0,0.4855973
12491,5,1,0.786001
12492,25,1,0.6873779
12493,4,1,0.42520976
12494,16,0,0.40589163
12495,10,1,0.5101899
12496,26,0,0.49785736
12497,10,0,0.6365934
12498,10,1,0.445039
12499,10,0,0.47370657
12500,18,1,0.40008235
12501,4,1,0.5663285
12502,9,1,0.68545616
12503,10,0,0.19975635
12504,13,1,0.45915276
12505,22,1,0.8371697
12506,23,0,0.27067035
12507,28,0,0.4246634
12508,5,0,0.32500115
12509,7,1,0.80200344
12510,0,0,0.7481767
12511,7,0,0.57236385
12512,13,0,0.27001935
12513,21,1,0.2690245
12514,20,1,0.48421577
12515,2,1,0.5097861
12516,16,1,0.4047355
12517,25,1,0.4258532
12518,7,0,0.6747677
12519,18,1,0.6058673
12520,24,1,0.54261595
12521,17,1,0.6992256
12522,10,1,0.7735116
12523,17,1,0.65584
12524,16,1,0.27879152
12525,22,0,0.68570167
12526,4,0,0.637053
12527,25,0,0.65536296
12528,20,0,0.2782484
12529,1,0,0.59198666
12530,2,1,0.2621303
12531,12,0,0.26311022
12532,21,0,0.57718575
12533,14,1,0.4125733
12534,16,1,0.5651076
12535,27,1,0.5190467
12536,14,0,0.47841397
12537,18,1,0.5415681
12538,1,1,0.5897138
12539,23,1,0.55341756
12540,18,0,0.4354123
12541,22,0,0.42255342
12542,2,1,0.5288847
12543,7,0,0.3128662
12544,25,0,0.39652634
12545,13,0,0.6525315
12546,19,1,0.8671503
12547,13,0,0.69290143
12548,19,1,0.840323
12549,14,0,0.5609485
12550,15,0,0.35268146
12551,16,0,0.48249456
12552,4,1,0.3204889
12553,17,0,0.49524376
12554,8,0,0.36678976
12555,14,0,0.5180268
12556,15,0,0.420715
12557,0,0,0.37477618
12558,7,0,0.5037587
12559,11,0,0.44661587
12560,26,0,0.53311616
12561,13,0,0.3024162
12562,15,0,0.5408564
12563,18,0,0.3625637
12564,18,0,0.45793906
12565,2,1,0.63959885
12566,1,0,0.60244125
12567,7,0,0.5149091
12568,15,0,0.5668419
12569,15,1,0.22311187
12570,9,0,0.20593257
12571,12,0,0.47269467
12572,1,1,0.65693426
12573,3,0,0.5778284
12574,16,1,0.66967154
12575,27,1,0.629473
12576,2,0,0.42210358
12577,24,0,0.3877114
12578,23,0,0.39017442
12579,26,1,0.4712847
12580,8,0,0.50052255
12581,5,1,0.5700336
12582,25,0,0.7296396
12583,23,1,0.58295286
12584,18,1,0.5212107
12585,1,1,0.5645425
12586,22,0,0.4417512
12587,7,0,0.28641823
12588,1,0,0.43918723
12589,21,0,0.36293462
12590,20,0,0.48293132
12591,16,1,0.7191353
12592,11,1,0.45775193
12593,16,1,0.22736795
12594,14,1,0.45533597
12595,12,1,0.65834314
12596,2,1,0.60972387
12597,15,0,0.6862174
12598,23,1,0.3331138
12599,15,0,0.2019294
12600,8,0,0.6306678
12601,10,1,0.2747489
12602,4,0,0.31930727
12603,8,1,0.43721166
12604,12,1,0.59450084
12605,1,0,0.46966565
12606,10,0,0.29500902
12607,19,0,0.28378555
12608,8,0,0.7386394
12609,12,0,0.49707076
12610,25,0,0.5193821
12611,6,0,0.47839922
12612,25,1,0.4666279
12613,4,1,0.65328896
12614,22,0,0.2715564
12615,2,1,0.6425598
12616,17,0,0.51137817
12617,8,0,0.20852232
12618,26,0,0.52253485
12619,26,0,0.7469032
12620,9,1,0.65164506
12621,13,1,0.49018794
12622,12,1,0.5159776
12623,7,0,0.6021463
12624,22,0,0.4318096
12625,19,0,0.56465226
12626,13,0,0.19710103
12627,10,0,0.6629489
12628,3,0,0.54484594
12629,3,0,0.7914689
12630,2,0,0.86799073
12631,14,0,0.49589774
12632,16,1,0.5203495
12633,24,1,0.5993892
12634,15,0,0.28766304
12635,1,0,0.5040413
12636,24,1,0.5961374
12637,2,1,0.61602753
12638,8,0,0.6097729
12639,8,0,0.34179705
12640,2,1,0.50314283
12641,21,0,0.48126507
12642,26,0,0.5235825
12643,12,0,0.5437822
12644,19,0,0.6562322
12645,1,0,0.840261
12646,3,1,0.5427629
12647,5,1,0.30441177
12648,23,0,0.40711516
12649,28,0,0.6282877
12650,9,1,0.43058062
12651,16,1,0.40772384
12652,22,0,0.23827656
12653,1,0,0.41342267
12654,9,1,0.678317
12655,5,1,0.76828223
12656,20,0,0.38178906
12657,13,0,0.46771735
12658,10,1,0.5635844
12659,5,1,0.513075
12660,9,0,0.29476655
12661,12,1,0.66254413
12662,0,1,0.29238236
12663,21,1,0.5184538
12664,15,1,0.23403594
12665,7,1,0.56255436
12666,9,0,0.6088514
12667,20,0,0.34552208
12668,2,0,0.35769013
12669,2,0,0.41460276
12670,19,1,0.6351323
12671,2,1,0.59045523
12672,19,0,0.5350687
12673,25,0,0.5240333
12674,9,1,0.71544486
12675,0,1,0.8402399
12676,11,0,0.38991442
12677,19,0,0.423997
12678,15,1,0.31443453
12679,18,0,0.46921155
12680,18,0,0.6325021
12681,15,1,0.67824054
12682,8,1,0.80880886
12683,28,1,0.7700592
12684,21,0,0.37334347
12685,13,1,0.6665735
12686,12,0,0.73155755
12687,1,0,0.22524075
12688,13,1,0.8558557
12689,1,0,0.588759
12690,26,0,0.38317388
12691,20,0,0.46505922
12692,8,0,0.21018197
12693,9,1,0.6864367
12694,12,1,0.73615354
12695,26,0,0.57036203
12696,2,0,0.71539336
12697,20,1,0.500638
12698,8,0,0.4588988
12699,12,1,0.6054194
12700,2,0,0.3301118
12701,24,1,0.5174478
12702,26,0,0.5291441
12703,22,0,0.43616515
12704,11,1,0.34612402
12705,13,0,0.4902065
12706,23,1,0.5839176
12707,11,1,0.77271146
12708,19,0,0.5992258
12709,12,0,0.4841914
12710,12,1,0.31662735
12711,5,1,0.57980776
12712,11,1,0.5251625
12713,1,0,0.5862941
12714,15,1,0.7482892
12715,16,0,0.46640763
12716,21,0,0.3651948
12717,18,0,0.3121653
12718,11,1,0.82023346
12719,10,0,0.53371394
12720,1,1,0.44589782
12721,17,1,0.5963544
12722,17,0,0.44077677
12723,26,1,0.8644271
12724,7,0,0.3060876
12725,27,0,0.37239462
12726,1,0,0.35078144
12727,20,0,0.47806907
12728,12,1,0.33040065
12729,22,1,0.7214035
12730,25,1,0.79239273
12731,16,1,0.30983895
12732,23,0,0.49318713
12733,2,1,0.34328216
12734,2,1,0.77225333
12735,5,1,0.58193666
12736,13,1,0.84144765
12737,14,1,0.4217373
12738,25,0,0.17429876
12739,12,1,0.71030706
12740,11,1,0.5284273
12741,18,0,0.22711611
12742,11,1,0.687018
12743,11,1,0.8402738
12744,4,0,0.3934627
12745,10,0,0.35307574
12746,10,1,0.5499619
12747,2,1,0.7234674
12748,12,0,0.21704027
12749,21,0,0.44431743
12750,7,0,0.30142817
12751,21,0,0.2372572
12752,16,1,0.8471056
12753,23,1,0.7063986
12754,13,1,0.4382367
12755,10,0,0.37094644
12756,8,0,0.42317966
12757,1,1,0.7884306
12758,18,0,0.7117263
12759,10,0,0.7011428
12760,14,1,0.7430899
12761,13,0,0.49613518
12762,26,1,0.65260285
12763,23,0,0.34565616
12764,2,1,0.56144565
12765,22,1,0.50047815
12766,20,0,0.36062673
12767,28,0,0.5606385
12768,27,1,0.49696416
12769,20,0,0.55778974
12770,26,0,0.7272479
12771,7,0,0.4747843
12772,19,1,0.65478873
12773,26,0,0.72416747
12774,26,1,0.4439179
12775,2,0,0.7275339
12776,19,1,0.35372615
12777,1,0,0.2688985
12778,8,0,0.29814836
12779,15,0,0.42879853
12780,27,0,0.63189876
12781,18,1,0.6140603
12782,13,0,0.46786562
12783,3,0,0.3280515
12784,28,0,0.5224059
12785,20,0,0.1626757
12786,0,0,0.6513921
12787,25,1,0.6181545
12788,3,0,0.30326882
12789,16,0,0.4982796
12790,3,0,0.48080364
12791,25,0,0.45971534
12792,8,1,0.73629886
12793,22,0,0.84795874
12794,13,1,0.4314797
12795,18,0,0.6991398
12796,2,0,0.2132095
12797,5,0,0.816951
12798,15,0,0.43545145
12799,24,0,0.5055156
12800,1,0,0.23669788
12801,22,1,0.69574493
12802,28,0,0.17957039
12803,3,1,0.86128354
12804,1,0,0.3410363
12805,23,1,0.25961512
12806,14,0,0.5530179
12807,28,0,0.5587686
12808,2,1,0.69965994
12809,27,1,0.5937115
12810,18,1,0.67080283
12811,25,1,0.78371024
12812,3,1,0.46051657
12813,11,0,0.45679227
12814,25,0,0.3454507
12815,20,0,0.33977476
12816,24,0,0.5153467
12817,23,1,0.77908266
12818,6,0,0.26138765
12819,2,1,0.6039761
12820,25,1,0.4853896
12821,17,1,0.33484167
12822,5,0,0.52887726
12823,17,0,0.5923435
12824,10,0,0.5368104
12825,1,1,0.78351575
12826,3,1,0.7865566
12827,23,1,0.6410298
12828,14,0,0.52941245
12829,10,1,0.45298955
12830,23,0,0.42084244
12831,18,0,0.46884844
12832,1,0,0.4695359
12833,1,1,0.5743326
12834,8,0,0.33501512
12835,11,0,0.62298375
12836,2,0,0.49461377
12837,1,0,0.6174154
12838,12,0,0.3992262
12839,16,1,0.5435344
12840,14,0,0.61853975
12841,10,1,0.49439618
12842,8,0,0.5029322
12843,16,0,0.6817839
12844,12,1,0.5763436
12845,28,1,0.8502166
12846,16,1,0.6214967
12847,2,0,0.49272457
12848,7,0,0.50905323
12849,8,0,0.30309176
12850,6,0,0.26347426
12851,2,1,0.54275
12852,20,0,0.51249284
12853,2,0,0.3176086
12854,28,1,0.82487077
12855,20,1,0.6394737
12856,21,0,0.80317795
12857,12,1,0.5976758
12858,16,1,0.70232314
12859,12,1,0.5879142
12860,26,0,0.39859077
12861,24,1,0.7289181
12862,0,1,0.36141255
12863,19,1,0.21053313
12864,22,1,0.66249084
12865,25,1,0.5341395
12866,1,0,0.5344668
12867,7,1,0.55386436
12868,18,0,0.59369326
12869,26,1,0.6190996
12870,11,1,0.7971407
12871,24,0,0.48995468
12872,26,1,0.7549057
12873,25,0,0.36407515
12874,24,1,0.437999
12875,25,1,0.42084825
12876,27,0,0.3192418
12877,3,1,0.60523623
12878,26,0,0.48890436
12879,23,0,0.59951895
12880,7,0,0.49161053
12881,4,1,0.4075431
12882,22,0,0.3586651
12883,8,1,0.23663376
12884,4,0,0.24338865
12885,22,1,0.48510274
12886,25,0,0.2675781
12887,13,0,0.3685024
12888,18,0,0.41449016
12889,16,0,0.33072585
12890,10,1,0.5146766
12891,20,0,0.65752596
12892,25,0,0.25916162
12893,19,0,0.4352417
12894,22,1,0.58272934
12895,26,0,0.42307365
12896,12,0,0.38202778
12897,16,1,0.7016847
12898,26,0,0.5552652
12899,13,0,0.21164437
12900,23,0,0.40099567
12901,26,1,0.73135734
12902,9,0,0.7435541
12903,20,0,0.5666122
12904,14,0,0.52484924
12905,7,1,0.5161414
12906,2,1,0.53359336
12907,5,1,0.47737443
12908,25,0,0.5059876
12909,13,0,0.35052165
12910,15,1,0.52486104
12911,6,1,0.44331324
12912,25,0,0.5032035
12913,28,1,0.22615087
12914,18,1,0.60187376
12915,9,0,0.3684505
12916,8,0,0.24628095
12917,1,1,0.6117837
12918,13,0,0.4123179
12919,26,0,0.60473466
12920,13,0,0.6209895
12921,12,1,0.50019324
12922,23,1,0.57810795
12923,15,1,0.57632023
12924,17,0,0.44274634
12925,1,1,0.45990086
12926,19,1,0.5713224
12927,20,1,0.8499211
12928,24,0,0.26333305
12929,26,0,0.22544673
12930,24,1,0.5955699
12931,26,0,0.45027253
12932,20,1,0.5680844
12933,6,0,0.27316096
12934,11,1,0.5910411
12935,12,0,0.32311553
12936,0,1,0.62310547
12937,15,1,0.5438951
12938,12,0,0.7626341
12939,10,1,0.41305324
12940,2,0,0.655741
12941,15,0,0.3667294
12942,18,1,0.52197737
12943,23,0,0.3823262
12944,15,1,0.24661943
12945,12,0,0.327235
12946,22,0,0.8499966
12947,12,1,0.6477443
12948,11,0,0.44299358
12949,13,1,0.449939
12950,6,1,0.6339103
12951,19,1,0.5453069
12952,13,0,0.4135793
12953,17,0,0.57104886
12954,21,0,0.365126
12955,17,0,0.38378814
12956,7,1,0.722907
12957,8,1,0.672445
12958,15,0,0.35628027
12959,15,1,0.8076025
12960,14,1,0.50568265
12961,14,1,0.46636087
12962,23,0,0.33498064
12963,8,1,0.5655811
12964,15,1,0.36429676
12965,14,0,0.282753
12966,2,1,0.3633334
12967,21,1,0.6212369
12968,19,0,0.329324
12969,13,0,0.49393424
12970,10,0,0.3482222
12971,22,0,0.48329046
12972,25,1,0.23794176
12973,1,0,0.33218142
12974,22,0,0.52336115
12975,25,1,0.65371615
12976,22,1,0.6907773
12977,16,0,0.32550424
12978,8,0,0.5384356
12979,27,1,0.45716238
12980,9,0,0.548234
12981,16,1,0.48141056
12982,3,1,0.45201015
12983,27,0,0.34302384
12984,15,0,0.59862024
12985,1,1,0.67294997
12986,3,0,0.1933654
12987,16,1,0.67166597
12988,13,1,0.53037417
12989,13,0,0.517526
12990,16,0,0.4626727
12991,18,1,0.5898522
12992,5,0,0.38700217
12993,20,0,0.35216072
12994,14,1,0.44047424
12995,16,1,0.6045134
12996,6,1,0.41405824
12997,25,0,0.4632784
12998,22,1,0.31881192
12999,6,0,0.7261686
13000,10,0,0.60205007
13001,27,0,0.2552504
13002,28,1,0.5352542
13003,12,1,0.6490022
13004,7,1,0.45510903
13005,12,0,0.47858173
13006,20,1,0.29396167
13007,20,1,0.52296185
13008,4,0,0.54318345
13009,25,0,0.26185763
13010,18,0,0.5669214
13011,7,1,0.42523175
13012,13,0,0.28925005
13013,11,1,0.6074189
13014,17,0,0.25705627
13015,8,1,0.7836002
13016,21,1,0.8265246
13017,16,1,0.71437424
13018,11,1,0.59985965
13019,9,0,0.4522576
13020,13,0,0.5497955
13021,22,1,0.5309886
13022,2,0,0.3034839
13023,15,0,0.69694024
13024,15,1,0.4401034
13025,7,0,0.32177404
13026,26,1,0.57048166
13027,7,1,0.64753234
13028,12,0,0.84760857
13029,24,1,0.7408769
13030,12,1,0.6730952
13031,13,1,0.7991071
13032,16,0,0.4567298
13033,14,1,0.48604006
13034,22,1,0.35190257
13035,13,1,0.6593902
13036,21,0,0.42611504
13037,2,1,0.43754348
13038,2,0,0.20798083
13039,11,1,0.5359825
13040,12,1,0.7815285
13041,25,1,0.4621786
13042,10,1,0.4700205
13043,23,1,0.46140775
13044,21,1,0.58067226
13045,13,0,0.73990226
13046,8,0,0.45159653
13047,27,1,0.62258
13048,14,1,0.54765064
13049,0,1,0.5195618
13050,11,1,0.6295786
13051,19,1,0.7082919
13052,28,1,0.5912976
13053,24,0,0.44859213
13054,7,0,0.21145995
13055,7,0,0.30481437
13056,12,0,0.29161474
13057,25,1,0.76998985
13058,13,0,0.66049063
13059,18,0,0.52196556
13060,10,1,0.74301136
13061,2,0,0.18240409
13062,15,0,0.3085828
13063,22,0,0.5028111
13064,13,1,0.5953669
13065,26,1,0.5573989
13066,22,0,0.30559266
13067,8,1,0.3757621
13068,15,1,0.62031734
13069,0,0,0.44767052
13070,12,0,0.30163074
13071,8,0,0.22758037
13072,6,1,0.5723767
13073,22,1,0.44196
13074,7,0,0.45062965
13075,11,1,0.5626079
13076,0,1,0.6080067
13077,15,0,0.5550997
13078,8,1,0.38926032
13079,26,0,0.6473634
13080,2,0,0.4259727
13081,17,0,0.25459284
13082,15,1,0.38254753
13083,7,1,0.7794585
13084,27,1,0.5071284
13085,13,1,0.69526017
13086,16,1,0.5797845
13087,26,1,0.8077714
13088,18,1,0.30860567
13089,15,1,0.34834203
13090,16,0,0.62802297
13091,14,0,0.35714763
13092,16,0,0.48617283
13093,5,1,0.3155542
13094,28,1,0.30782205
13095,3,1,0.67767227
13096,6,0,0.38589454
13097,27,1,0.4911944
13098,11,0,0.58153546
13099,12,0,0.5091372
13100,20,0,0.34642327
13101,26,1,0.6678368
13102,10,0,0.60055584
13103,11,1,0.6614162
13104,15,0,0.38285536
13105,2,0,0.35097206
13106,1,1,0.6120701
13107,18,1,0.64512104
13108,14,0,0.47595036
13109,16,1,0.55800575
13110,26,1,0.6691537
13111,21,1,0.80067974
13112,8,0,0.6325005
13113,1,1,0.8413346
13114,16,0,0.38581014
13115,24,0,0.61025643
13116,12,0,0.22879444
13117,12,1,0.6467755
13118,2,0,0.35965446
13119,22,1,0.53790194
13120,0,0,0.6542693
13121,11,0,0.6397367
13122,4,0,0.22242352
13123,18,1,0.45738873
13124,8,1,0.51303947
13125,20,1,0.325988
13126,25,1,0.46388066
13127,17,1,0.6145488
13128,7,0,0.7286178
13129,26,1,0.51255816
13130,18,0,0.33895776
13131,3,1,0.58131385
13132,6,0,0.5262781
13133,0,1,0.66673017
13134,2,1,0.37630165
13135,17,0,0.35426757
13136,18,1,0.5033318
13137,25,1,0.6264575
13138,3,0,0.2391414
13139,12,0,0.4566335
13140,26,1,0.6238031
13141,22,1,0.44752485
13142,10,0,0.803192
13143,17,0,0.34520254
13144,1,0,0.6936529
13145,23,1,0.6482845
13146,14,0,0.5554898
13147,8,0,0.24985869
13148,12,1,0.72198373
13149,10,0,0.38656765
13150,11,0,0.51842004
13151,6,0,0.26907563
13152,13,0,0.3038772
13153,26,0,0.3163944
13154,16,0,0.56642103
13155,22,0,0.16455455
13156,24,1,0.44816366
13157,24,1,0.55848575
13158,20,1,0.4509346
13159,13,0,0.70048463
13160,16,1,0.53478676
13161,7,1,0.6475262
13162,7,1,0.5983614
13163,3,1,0.821576
13164,1,0,0.3982122
13165,8,1,0.6472416
13166,7,1,0.5292971
13167,12,1,0.74637944
13168,9,1,0.5780897
13169,5,0,0.6133505
13170,7,1,0.8683595
13171,1,1,0.54259515
13172,7,0,0.56799847
13173,26,1,0.30357805
13174,11,1,0.64938426
13175,28,0,0.4114868
13176,18,1,0.7273083
13177,4,1,0.78271925
13178,18,1,0.37881362
13179,10,0,0.5111405
13180,3,0,0.58325744
13181,14,1,0.5730545
13182,28,1,0.6066193
13183,15,0,0.3989676
13184,23,1,0.70404905
13185,0,0,0.46527636
13186,22,1,0.7182143
13187,25,0,0.39387634
13188,1,0,0.63306063
13189,2,0,0.3312044
13190,10,0,0.5153796
13191,26,0,0.738235
13192,15,1,0.75542474
13193,10,1,0.61760473
13194,19,0,0.53506297
13195,21,0,0.15129705
13196,6,1,0.6930244
13197,3,1,0.6339632
13198,2,1,0.29856235
13199,1,1,0.81036294
13200,20,0,0.2439488
13201,13,0,0.35803598
13202,16,0,0.31859502
13203,19,1,0.6362278
13204,16,0,0.4497533
13205,8,1,0.6492109
13206,27,0,0.5570754
13207,27,1,0.33445153
13208,3,0,0.40575176
13209,10,0,0.26966923
13210,1,1,0.7989978
13211,1,1,0.5892134
13212,22,0,0.30331957
13213,2,1,0.1572316
13214,11,1,0.73910576
13215,26,0,0.6784245
13216,15,1,0.6439488
13217,21,1,0.66992646
13218,12,0,0.348682
13219,16,1,0.66512185
13220,1,1,0.4181808
13221,18,1,0.6563027
13222,17,0,0.49463093
13223,16,0,0.5881331
13224,12,1,0.40786454
13225,10,1,0.75846964
13226,15,1,0.8017322
13227,28,1,0.7780383
13228,4,0,0.5789278
13229,1,1,0.48902866
13230,19,0,0.24930201
13231,2,0,0.39379823
13232,27,1,0.8181436
13233,26,0,0.4502914
13234,13,1,0.36297825
13235,12,0,0.48224458
13236,1,1,0.6609478
13237,28,0,0.3883558
13238,15,1,0.5678729
13239,9,1,0.5500672
13240,16,1,0.6086191
13241,25,1,0.44061366
13242,8,1,0.73118585
13243,25,1,0.23154789
13244,16,0,0.23609456
13245,13,1,0.5215963
13246,27,1,0.8105034
13247,11,1,0.7172298
13248,10,1,0.5940913
13249,28,0,0.38856497
13250,18,0,0.3955693
13251,28,1,0.64281005
13252,9,0,0.40508395
13253,24,0,0.34961835
13254,0,1,0.49888763
13255,13,1,0.83418834
13256,24,0,0.5445232
13257,11,0,0.3724152
13258,15,1,0.34361163
13259,19,0,0.56052905
13260,16,1,0.6830038
13261,28,1,0.8720798
13262,13,0,0.31653765
13263,12,1,0.4801658
13264,22,0,0.4786827
13265,8,1,0.34840572
13266,26,1,0.5644905
13267,3,1,0.49445367
13268,5,0,0.3713072
13269,17,0,0.51581806
13270,15,0,0.41579032
13271,13,1,0.4595267
13272,11,1,0.5081884
13273,28,1,0.41507396
13274,18,0,0.23316926
13275,10,0,0.5814493
13276,1,1,0.6018905
13277,13,0,0.3299069
13278,12,1,0.38518578
13279,12,1,0.41359818
13280,25,1,0.51103437
13281,3,0,0.5479873
13282,2,1,0.8614569
13283,8,1,0.61676395
13284,2,0,0.63821447
13285,9,1,0.7110212
13286,15,0,0.5083438
13287,13,1,0.3685065
13288,1,1,0.50409645
13289,10,0,0.6216534
13290,14,0,0.34046593
13291,1,0,0.751047
13292,4,0,0.67563653
13293,17,0,0.6611526
13294,23,0,0.46521944
13295,23,1,0.52727383
13296,12,1,0.460783
13297,18,1,0.6795906
13298,8,1,0.4123773
13299,22,0,0.6412972
13300,20,0,0.54179126
13301,19,0,0.4233807
13302,25,1,0.5540962
13303,3,1,0.3866703
13304,2,0,0.426011
13305,20,1,0.36452982
13306,18,0,0.4733839
13307,5,0,0.43606007
13308,28,1,0.4382853
13309,15,0,0.84559095
13310,20,0,0.40602753
13311,10,0,0.5675932
13312,10,1,0.6506045
13313,20,1,0.6759124
13314,4,0,0.26598427
13315,13,1,0.5434284
13316,15,0,0.29157087
13317,18,1,0.5596558
13318,9,1,0.64820826
13319,7,0,0.37020662
13320,5,0,0.5324084
13321,16,1,0.5355245
13322,13,1,0.6589697
13323,20,0,0.30334038
13324,20,1,0.750787
13325,19,0,0.25147355
13326,27,0,0.6329081
13327,4,1,0.46511614
13328,21,0,0.3971181
13329,27,1,0.57282513
13330,13,0,0.42024222
13331,2,0,0.5295304
13332,20,1,0.8008257
13333,11,0,0.5950707
13334,2,1,0.616277
13335,11,0,0.3663773
13336,0,1,0.57366675
13337,10,1,0.7784694
13338,19,0,0.2808569
13339,2,1,0.52301764
13340,26,0,0.28030643
13341,10,1,0.53363746
13342,1,0,0.3054195
13343,11,1,0.47611883
13344,7,0,0.44752303
13345,8,0,0.24214691
13346,12,0,0.3651912
13347,7,1,0.4853683
13348,16,0,0.4141827
13349,13,0,0.3330091
13350,9,1,0.60918564
13351,15,1,0.37209257
13352,11,1,0.29738694
13353,6,0,0.35640648
13354,19,0,0.6368016
13355,2,1,0.3750196
13356,16,0,0.57606345
13357,16,1,0.8891386
13358,16,1,0.40502223
13359,11,1,0.6618542
13360,17,0,0.4840652
13361,19,1,0.3839879
13362,18,0,0.74691576
13363,21,0,0.5121702
13364,16,0,0.3724795
13365,3,0,0.5854514
13366,3,1,0.56005394
13367,14,1,0.7483538
13368,23,1,0.57491547
13369,26,1,0.75269616
13370,20,0,0.3234374
13371,18,0,0.6273959
13372,10,0,0.37158418
13373,7,1,0.61354434
13374,8,0,0.82238925
13375,19,1,0.7440927
13376,16,0,0.4189058
13377,5,0,0.2610491
13378,25,1,0.6539028
13379,10,1,0.42796972
13380,4,1,0.42025283
13381,21,0,0.5135798
13382,9,1,0.28465012
13383,11,0,0.3619416
13384,12,1,0.5152459
13385,20,0,0.588674
13386,10,0,0.44471735
13387,11,0,0.2890111
13388,16,1,0.69330543
13389,10,1,0.33007413
13390,13,1,0.40650162
13391,18,1,0.71896946
13392,5,0,0.2844733
13393,15,0,0.45569453
13394,9,0,0.25666553
13395,0,0,0.41164035
13396,11,1,0.56398296
13397,28,0,0.6396103
13398,10,1,0.55036634
13399,28,1,0.7376373
13400,16,1,0.36109835
13401,17,1,0.56058556
13402,7,0,0.4660891
13403,17,1,0.81393075
13404,13,1,0.3642709
13405,26,0,0.6999273
13406,7,1,0.81957567
13407,2,1,0.54913145
13408,19,1,0.4200717
13409,16,1,0.6713148
13410,8,0,0.5628374
13411,15,0,0.68853116
13412,0,0,0.4975913
13413,26,1,0.518419
13414,12,0,0.2976625
13415,6,0,0.39610782
13416,22,1,0.44456354
13417,28,0,0.22464724
13418,15,1,0.7821511
13419,15,0,0.35280174
13420,1,1,0.5441989
13421,20,1,0.6298746
13422,11,0,0.35988986
13423,22,0,0.74235874
13424,28,1,0.7532142
13425,2,0,0.44948432
13426,13,0,0.5521506
13427,8,0,0.37691414
13428,4,0,0.28557435
13429,7,0,0.6103159
13430,22,0,0.33934093
13431,16,0,0.34452814
13432,15,0,0.28113613
13433,0,0,0.46382284
13434,18,0,0.611452
13435,27,0,0.60779816
13436,16,1,0.2813685
13437,11,1,0.515451
13438,8,0,0.58993316
13439,20,1,0.4682739
13440,15,1,0.505788
13441,16,0,0.5666759
13442,23,1,0.55434036
13443,8,0,0.28851208
13444,11,0,0.55610067
13445,26,1,0.76906794
13446,16,1,0.42573225
13447,8,0,0.37505212
13448,28,1,0.3535067
13449,16,0,0.3312704
13450,23,1,0.63507956
13451,24,1,0.48674035
13452,10,0,0.34751508
13453,8,0,0.3283623
13454,27,1,0.5551922
13455,8,0,0.52217656
13456,5,1,0.3424871
13457,25,1,0.5325154
13458,20,1,0.49615782
13459,13,1,0.84254324
13460,9,0,0.550472
13461,13,1,0.5215728
13462,26,0,0.30316925
13463,0,0,0.33560732
13464,9,0,0.3253953
13465,26,1,0.26359025
13466,21,1,0.5966677
13467,26,1,0.80256695
13468,8,0,0.31807786
13469,26,1,0.5812922
13470,13,0,0.33671355
13471,15,1,0.43872243
13472,3,0,0.46289912
13473,20,0,0.2976248
13474,9,1,0.44093367
13475,1,0,0.5033721
13476,10,0,0.36702147
13477,2,1,0.5821708
13478,7,0,0.46299928
13479,9,0,0.41857785
13480,7,0,0.3922755
13481,26,0,0.29443616
13482,16,1,0.47267166
13483,27,1,0.5030486
13484,18,1,0.4983456
13485,4,0,0.32685488
13486,16,1,0.81822276
13487,11,0,0.50194806
13488,13,1,0.76822567
13489,2,0,0.50486225
13490,2,1,0.35217777
13491,2,1,0.48732778
13492,24,1,0.6522159
13493,14,0,0.31121093
13494,1,1,0.7087878
13495,22,1,0.546697
13496,17,0,0.4237191
13497,27,0,0.33049273
13498,18,1,0.5422963
13499,13,1,0.6341256
13500,13,0,0.53521144
13501,16,1,0.40536717
13502,11,0,0.48969108
13503,20,0,0.23013647
13504,6,1,0.8085778
13505,16,1,0.8080961
13506,8,0,0.25028577
13507,10,1,0.61238146
13508,7,0,0.28261167
13509,2,1,0.7411666
13510,2,1,0.30369195
13511,5,1,0.81337786
13512,13,0,0.52559924
13513,18,1,0.47138292
13514,2,1,0.31959093
13515,16,1,0.56290627
13516,16,1,0.53517675
13517,24,0,0.5800995
13518,18,1,0.5911315
13519,21,0,0.53900325
13520,4,0,0.6654431
13521,13,1,0.73897934
13522,28,1,0.50974435
13523,11,0,0.38802382
13524,11,0,0.4173884
13525,9,1,0.36167789
13526,6,0,0.55172837
13527,26,1,0.501102
13528,13,1,0.4874051
13529,8,1,0.5985636
13530,14,1,0.5408456
13531,16,1,0.27991927
13532,23,0,0.44874185
13533,1,1,0.36526436
13534,28,1,0.5949871
13535,18,0,0.2305355
13536,8,1,0.5539591
13537,5,0,0.28628138
13538,1,0,0.6233597
13539,14,0,0.30237573
13540,28,1,0.84004056
13541,28,1,0.72182786
13542,11,1,0.349425
13543,10,1,0.7761103
13544,15,0,0.6046717
13545,9,0,0.2560106
13546,16,0,0.59448195
13547,6,1,0.53441566
13548,23,0,0.34252068
13549,10,1,0.662261
13550,14,1,0.62712264
13551,22,1,0.5871386
13552,20,1,0.5476496
13553,15,1,0.50925153
13554,26,1,0.2950512
13555,12,0,0.5671056
13556,19,1,0.49450704
13557,5,0,0.59568167
13558,25,0,0.5068569
13559,8,1,0.666045
13560,20,0,0.17900175
13561,20,0,0.39404455
13562,9,0,0.22725494
13563,13,0,0.58509326
13564,27,1,0.27344307
13565,7,0,0.6082911
13566,26,0,0.27121037
13567,17,1,0.8165015
13568,21,0,0.5929581
13569,16,1,0.59375596
13570,8,0,0.67138714
13571,25,1,0.68911767
13572,2,1,0.44687334
13573,19,1,0.35478
13574,3,1,0.69883376
13575,24,0,0.22250673
13576,20,0,0.4745393
13577,10,1,0.66244775
13578,10,0,0.50136954
13579,23,0,0.4662638
13580,8,1,0.53199685
13581,11,1,0.25960076
13582,22,1,0.45305488
13583,6,1,0.81090236
13584,0,1,0.65854377
13585,21,0,0.5264631
13586,16,0,0.21858835
13587,10,0,0.5668827
13588,8,1,0.58603907
13589,27,1,0.53613067
13590,16,1,0.760915
13591,20,1,0.5194959
13592,2,1,0.5856362
13593,17,1,0.584576
13594,2,1,0.54056287
13595,8,0,0.58645445
13596,28,1,0.4995531
13597,26,0,0.28937787
13598,11,0,0.5748283
13599,20,0,0.4517565
13600,20,0,0.5226146
13601,15,1,0.2839011
13602,7,1,0.5448503
13603,16,1,0.43441474
13604,16,0,0.22169374
13605,1,0,0.399574
13606,21,1,0.65217465
13607,13,0,0.30946064
13608,0,1,0.3019659
13609,1,1,0.579438
13610,7,0,0.3457216
13611,20,1,0.5456431
13612,26,1,0.6494992
13613,6,0,0.41526985
13614,11,0,0.42891747
13615,21,1,0.5583406
13616,16,0,0.36304772
13617,18,1,0.626311
13618,13,1,0.5921482
13619,7,1,0.48467132
13620,14,0,0.23479733
13621,23,1,0.47789666
13622,21,0,0.46834406
13623,21,0,0.36490557
13624,7,0,0.7699354
13625,1,1,0.6801477
13626,25,0,0.3780591
13627,15,0,0.34671703
13628,4,0,0.5428018
13629,11,1,0.77751017
13630,1,1,0.29618892
13631,15,0,0.32385218
13632,15,1,0.47924343
13633,10,0,0.4805315
13634,8,1,0.41238055
13635,28,1,0.69963455
13636,6,0,0.49163514
13637,6,1,0.26929608
13638,23,0,0.44324872
13639,18,1,0.45674312
13640,28,1,0.34031743
13641,2,0,0.34605533
13642,23,0,0.36655897
13643,8,0,0.43589547
13644,5,1,0.6748473
13645,11,1,0.8094252
13646,12,1,0.5617793
13647,16,0,0.47988892
13648,2,1,0.3811357
13649,1,0,0.28697082
13650,7,0,0.52473676
13651,5,0,0.33021432
13652,18,0,0.36851493
13653,16,0,0.43610296
13654,26,1,0.6938047
13655,16,1,0.25292692
13656,25,0,0.461884
13657,8,1,0.41377434
13658,28,1,0.535085
13659,8,1,0.8245001
13660,15,1,0.52510893
13661,13,0,0.59072435
13662,10,1,0.56149405
13663,16,0,0.45476836
13664,28,1,0.33905023
13665,2,1,0.57981986
13666,16,1,0.55109555
13667,26,0,0.64490896
13668,27,0,0.3336349
13669,5,0,0.6042055
13670,18,1,0.30000457
13671,1,1,0.61546934
13672,14,1,0.672348
13673,15,0,0.46993592
13674,17,1,0.34596798
13675,11,1,0.5783954
13676,3,0,0.22384234
13677,2,1,0.68380105
13678,16,0,0.53109574
13679,26,0,0.61529326
13680,26,0,0.80819577
13681,22,0,0.71877694
13682,0,1,0.7324846
13683,27,1,0.53049356
13684,2,0,0.42762485
13685,24,1,0.6045688
13686,8,0,0.7814701
13687,12,1,0.81954193
13688,2,0,0.56487095
13689,21,1,0.6884767
13690,10,0,0.56118435
13691,25,0,0.5855338
13692,20,0,0.49781206
13693,13,1,0.7792335
13694,7,1,0.46705
13695,16,1,0.7503348
13696,23,0,0.46535054
13697,13,0,0.31413287
13698,2,0,0.42940214
13699,7,1,0.5793978
13700,8,1,0.7336239
13701,18,0,0.5126313
13702,1,0,0.19342151
13703,8,1,0.5913958
13704,16,0,0.49432907
13705,2,0,0.50190324
13706,27,1,0.48717636
13707,20,0,0.28207338
13708,12,1,0.34269717
13709,12,1,0.30829093
13710,15,1,0.84671843
13711,8,1,0.6602844
13712,19,0,0.20814247
13713,24,1,0.16612384
13714,9,0,0.3183515
13715,27,0,0.28610188
13716,12,0,0.33906353
13717,10,0,0.27284142
13718,19,1,0.4328505
13719,2,0,0.45644102
13720,24,0,0.5910133
13721,27,1,0.29084265
13722,9,0,0.18766096
13723,17,0,0.28373724
13724,28,0,0.36188278
13725,15,0,0.35808483
13726,26,1,0.31451568
13727,27,1,0.4752523
13728,12,1,0.5223988
13729,9,1,0.5903632
13730,22,1,0.80815774
13731,12,0,0.6457844
13732,9,0,0.50612605
13733,10,1,0.41066477
13734,18,1,0.3575832
13735,6,1,0.53018403
13736,0,0,0.35562298
13737,24,1,0.76730573
13738,13,1,0.45190015
13739,8,1,0.37123904
13740,17,0,0.5654332
13741,26,1,0.5193227
13742,26,0,0.48951802
13743,10,1,0.47769952
13744,18,0,0.61802083
13745,18,0,0.7146958
13746,1,0,0.21669741
13747,20,0,0.45167172
13748,14,0,0.5368831
13749,15,0,0.61261374
13750,13,1,0.74009573
13751,27,0,0.37705818
13752,24,0,0.22609623
13753,15,1,0.36481664
13754,26,1,0.36912188
13755,6,0,0.18570663
13756,12,1,0.55970824
13757,16,1,0.38222483
13758,15,1,0.25171295
13759,15,0,0.5284319
13760,12,0,0.6151485
13761,25,0,0.5397013
13762,3,1,0.35634482
13763,9,0,0.40925834
13764,27,1,0.2957344
13765,22,1,0.44612998
13766,12,1,0.50008804
13767,26,1,0.7508923
13768,14,1,0.30250204
13769,8,1,0.56691974
13770,18,1,0.5691882
13771,12,1,0.7019867
13772,19,0,0.31443357
13773,19,1,0.6921441
13774,10,1,0.6986245
13775,13,0,0.4989054
13776,8,0,0.5811551
13777,23,0,0.5924585
13778,13,1,0.78955865
13779,6,0,0.38586515
13780,22,1,0.5411903
13781,25,1,0.76417655
13782,20,0,0.3785749
13783,13,0,0.6202813
13784,15,1,0.73967016
13785,28,1,0.33317527
13786,8,1,0.4839865
13787,16,0,0.26395848
13788,16,1,0.5050257
13789,16,0,0.35352412
13790,16,1,0.7806954
13791,8,0,0.52131665
13792,9,1,0.5709638
13793,8,1,0.7047549
13794,20,1,0.30667025
13795,12,1,0.57468975
13796,18,1,0.66531485
13797,16,1,0.54727155
13798,6,1,0.5842035
13799,2,1,0.8300215
13800,6,1,0.698083
13801,3,0,0.3630936
13802,2,0,0.3916203
13803,1,0,0.40526244
13804,4,0,0.5363563
13805,28,1,0.49520323
13806,22,0,0.44808096
13807,2,0,0.39113578
13808,4,0,0.6837325
13809,10,1,0.5061319
13810,26,0,0.31031626
13811,12,0,0.31065753
13812,17,0,0.43787733
13813,13,1,0.5894347
13814,1,1,0.6868196
13815,10,1,0.6674068
13816,17,1,0.31813374
13817,8,0,0.29072633
13818,8,0,0.26383457
13819,3,0,0.4077015
13820,26,0,0.24699266
13821,2,0,0.45687038
13822,13,1,0.57016957
13823,12,0,0.59995586
13824,8,0,0.8268209
13825,8,0,0.5870825
13826,15,1,0.73431236
13827,6,1,0.3888177
13828,26,0,0.48591042
13829,1,1,0.61571723
13830,9,0,0.25994384
13831,16,0,0.7377124
13832,10,1,0.49925262
13833,12,0,0.5233268
13834,16,1,0.8122386
13835,12,0,0.6030451
13836,23,1,0.5220908
13837,22,0,0.2557715
13838,13,0,0.43840185
13839,15,0,0.31499594
13840,20,0,0.34274998
13841,24,1,0.74356115
13842,19,1,0.6351658
13843,13,0,0.31755957
13844,25,0,0.32527602
13845,16,1,0.8518651
13846,7,1,0.32788703
13847,18,0,0.25774527
13848,27,0,0.29458222
13849,25,0,0.6934061
13850,1,1,0.49608552
13851,2,0,0.7371782
13852,22,1,0.59667563
13853,2,0,0.38300192
13854,12,1,0.6409569
13855,17,0,0.5071157
13856,10,0,0.5568872
13857,10,0,0.50609034
13858,11,1,0.4650761
13859,25,0,0.52404726
13860,2,1,0.7850968
13861,14,1,0.62774014
13862,6,0,0.39781934
13863,2,0,0.37685445
13864,1,1,0.5051861
13865,16,0,0.47506595
13866,13,1,0.4578444
13867,0,1,0.51518726
13868,8,0,0.30866015
13869,16,1,0.76190174
13870,28,1,0.42729637
13871,7,1,0.80746526
13872,4,1,0.8293785
13873,20,1,0.6388178
13874,8,0,0.39673322
13875,1,0,0.5279519
13876,11,0,0.20956373
13877,1,0,0.45034307
13878,8,1,0.5528236
13879,10,0,0.49136272
13880,18,1,0.4607903
13881,15,1,0.48824865
13882,15,0,0.4382718
13883,11,0,0.29506534
13884,26,0,0.28737724
13885,18,1,0.7948207
13886,8,0,0.5197057
13887,27,0,0.44488814
13888,16,0,0.25857994
13889,14,1,0.4485103
13890,11,1,0.66954476
13891,2,0,0.16825947
13892,15,1,0.4822782
13893,2,0,0.37900743
13894,16,0,0.58031684
13895,7,0,0.398634
13896,14,0,0.55424935
13897,28,1,0.7332491
13898,13,0,0.5264116
13899,3,1,0.36684847
13900,10,1,0.7930239
13901,12,0,0.49046606
13902,1,0,0.5097011
13903,8,1,0.502474
13904,28,1,0.47042525
13905,0,0,0.6208532
13906,26,1,0.6982532
13907,2,1,0.6020762
13908,3,1,0.46631303
13909,20,0,0.5882693
13910,10,1,0.72487706
13911,16,0,0.37703818
13912,24,0,0.24938692
13913,3,0,0.6386096
13914,17,0,0.8613183
13915,1,0,0.26796728
13916,2,0,0.3091319
13917,11,1,0.4840889
13918,5,1,0.76094913
13919,5,0,0.61610967
13920,16,0,0.2766232
13921,24,1,0.49971452
13922,16,1,0.7212911
13923,7,1,0.6650273
13924,9,1,0.50268066
13925,17,1,0.69980145
13926,27,0,0.33230183
13927,11,1,0.44976696
13928,12,1,0.5735845
13929,27,1,0.31996942
13930,2,1,0.52983457
13931,13,0,0.5392753
13932,7,1,0.74580747
13933,14,0,0.4952085
13934,18,1,0.73801345
13935,21,0,0.3238417
13936,22,1,0.22721064
13937,26,1,0.77478623
13938,20,0,0.27977306
13939,12,0,0.3086619
13940,2,0,0.48280248
13941,23,0,0.50978106
13942,15,0,0.48425266
13943,1,0,0.42673612
13944,1,0,0.5946827
13945,7,0,0.39787138
13946,1,0,0.7847587
13947,25,0,0.6345801
13948,11,0,0.3002198
13949,18,0,0.4313522
13950,3,1,0.5621051
13951,15,1,0.44762886
13952,26,1,0.42605966
13953,2,0,0.5013913
13954,3,0,0.78367627
13955,7,0,0.21102522
13956,23,0,0.40502355
13957,18,0,0.63135046
13958,4,0,0.75063175
13959,19,1,0.72136664
13960,8,0,0.306049
13961,11,1,0.79342157
13962,14,0,0.65789527
13963,3,1,0.50020367
13964,14,0,0.6440462
13965,17,0,0.74263525
13966,25,1,0.80854535
13967,24,0,0.3279302
13968,3,0,0.43609452
13969,16,1,0.8023886
13970,6,0,0.58415467
13971,8,1,0.49902177
13972,13,0,0.23190904
13973,0,0,0.32621485
13974,6,1,0.65469784
13975,23,1,0.7018665
13976,1,1,0.5935222
13977,3,0,0.43319678
13978,10,1,0.40122998
13979,22,1,0.29901925
13980,8,1,0.6336611
13981,4,1,0.8115785
13982,10,1,0.8304412
13983,12,0,0.30947244
13984,22,0,0.5278662
13985,20,0,0.530501
13986,19,0,0.566084
13987,25,0,0.30557618
13988,3,0,0.55782413
13989,13,0,0.3291096
13990,13,0,0.83759093
13991,19,0,0.51307863
13992,11,0,0.56608665
13993,11,1,0.79752624
13994,24,0,0.36383808
13995,8,1,0.7502796
13996,1,0,0.38934368
13997,16,1,0.8012541
13998,2,1,0.5464416
13999,12,0,0.52277374
14000,27,1,0.4468751
14001,0,1,0.7122149
14002,16,0,0.4821096
14003,26,1,0.70977885
14004,15,0,0.2434957
14005,19,0,0.48280674
14006,7,1,0.58415824
14007,21,1,0.5704582
14008,20,1,0.4982632
14009,5,1,0.6703782
14010,20,0,0.49313956
14011,8,0,0.3971253
14012,15,0,0.5678283
14013,9,0,0.5734938
14014,13,1,0.844302
14015,19,0,0.52519155
14016,18,1,0.65621006
14017,19,0,0.5005875
14018,3,1,0.6567442
14019,1,0,0.41381314
14020,15,1,0.7248268
14021,2,1,0.44422913
14022,26,0,0.36360535
14023,2,1,0.4100703
14024,20,1,0.32361424
14025,25,0,0.47872576
14026,3,0,0.25036457
14027,0,1,0.5886672
14028,3,1,0.39942086
14029,16,1,0.2748492
14030,28,1,0.3527539
14031,11,1,0.3359659
14032,10,0,0.19396074
14033,11,1,0.32937777
14034,14,1,0.7332088
14035,15,0,0.2632396
14036,18,1,0.6652051
14037,6,0,0.32819238
14038,6,1,0.51166964
14039,5,0,0.5530177
14040,14,1,0.49854282
14041,1,1,0.5709275
14042,7,1,0.47408623
14043,17,0,0.35646245
14044,8,0,0.47273782
14045,18,0,0.230864
14046,12,0,0.53868914
14047,6,1,0.5222314
14048,20,0,0.18528025
14049,3,0,0.3076548
14050,13,0,0.45544192
14051,13,1,0.35001373
14052,22,1,0.6442023
14053,23,1,0.5078558
14054,11,1,0.6763471
14055,16,0,0.65505344
14056,16,0,0.7512314
14057,28,1,0.66872406
14058,24,0,0.4314379
14059,19,1,0.6530275
14060,9,1,0.8418259
14061,13,0,0.46956018
14062,26,0,0.64067036
14063,27,0,0.5257
14064,9,0,0.27509782
14065,13,1,0.7737705
14066,4,1,0.4276016
14067,0,1,0.26687288
14068,8,1,0.4024079
14069,21,1,0.7439881
14070,11,1,0.6959027
14071,12,0,0.27982858
14072,11,1,0.82909393
14073,8,0,0.2689123
14074,25,0,0.20358443
14075,27,0,0.20294103
14076,11,0,0.3640511
14077,15,0,0.33661163
14078,25,0,0.6607841
14079,17,1,0.82162017
14080,9,0,0.32578525
14081,7,1,0.64402366
14082,11,0,0.3853814
14083,8,0,0.33384714
14084,8,1,0.4345821
14085,13,0,0.31674537
14086,10,1,0.521433
14087,14,0,0.70432067
14088,2,1,0.5040761
14089,10,0,0.30440578
14090,2,0,0.21684498
14091,0,0,0.5429281
14092,2,0,0.5793798
14093,15,1,0.45515764
14094,28,1,0.51420695
14095,8,1,0.6330601
14096,20,0,0.6715473
14097,20,1,0.4627396
14098,8,0,0.24305782
14099,2,1,0.43849507
14100,10,0,0.5605286
14101,4,1,0.7565034
14102,18,1,0.3484581
14103,16,1,0.3668682
14104,25,1,0.70359796
14105,1,0,0.60106754
14106,10,0,0.23305158
14107,6,0,0.46747673
14108,6,1,0.45342353
14109,27,1,0.8360645
14110,26,1,0.61756563
14111,28,1,0.728912
14112,7,1,0.8108762
14113,10,1,0.8289183
14114,16,0,0.36068973
14115,16,1,0.5562588
14116,16,1,0.26537037
14117,28,0,0.56789005
14118,13,1,0.41155165
14119,17,0,0.66107845
14120,9,1,0.7114345
14121,15,0,0.43160653
14122,3,1,0.61743546
14123,22,0,0.22571972
14124,13,1,0.49539226
14125,17,1,0.7320513
14126,22,0,0.30243224
14127,20,1,0.7780703
14128,23,1,0.459942
14129,2,0,0.36303914
14130,16,1,0.33504638
14131,4,1,0.6453964
14132,22,1,0.3849659
14133,14,0,0.2514014
14134,8,1,0.6228015
14135,22,0,0.40429366
14136,13,0,0.6344577
14137,9,1,0.64705765
14138,18,0,0.3933722
14139,22,0,0.67891335
14140,8,1,0.69768625
14141,0,0,0.31908956
14142,22,1,0.47327968
14143,10,1,0.41917625
14144,1,1,0.31019214
14145,15,0,0.44852197
14146,6,0,0.3554328
14147,25,1,0.31315306
14148,0,0,0.44014513
14149,19,1,0.51604515
14150,16,0,0.26114476
14151,2,1,0.29520437
14152,2,1,0.57221854
14153,27,1,0.6285808
14154,16,0,0.5757521
14155,6,0,0.5824578
14156,11,1,0.61825687
14157,12,0,0.35147238
14158,18,0,0.3954515
14159,20,0,0.400883
14160,8,0,0.56670195
14161,27,0,0.34258625
14162,16,0,0.67057467
14163,8,1,0.4324552
14164,2,1,0.6083827
14165,25,0,0.45518777
14166,13,1,0.31243792
14167,1,1,0.5144404
14168,21,1,0.52185816
14169,19,0,0.29108086
14170,19,0,0.67794794
14171,0,0,0.7144244
14172,16,1,0.54279596
14173,15,0,0.60822695
14174,12,1,0.34667888
14175,1,1,0.33962393
14176,3,1,0.32793972
14177,2,0,0.27948728
14178,4,1,0.61286336
14179,17,1,0.4893322
14180,10,0,0.51663524
14181,1,0,0.6640507
14182,2,0,0.19433863
14183,20,0,0.313969
14184,26,0,0.60206074
14185,8,1,0.35229146
14186,18,0,0.5089421
14187,19,1,0.49416262
14188,8,0,0.2220783
14189,26,1,0.4250086
14190,19,0,0.47691062
14191,27,1,0.59882075
14192,20,1,0.34368616
14193,21,0,0.3368774
14194,16,1,0.7093904
14195,2,1,0.786003
14196,10,1,0.4743982
14197,12,0,0.4488306
14198,8,0,0.30420944
14199,21,0,0.32624236
14200,2,1,0.78510004
14201,9,1,0.4340029
14202,19,0,0.30560893
14203,16,1,0.62473524
14204,2,0,0.40272573
14205,18,0,0.510039
14206,0,1,0.28427
14207,27,1,0.74472106
14208,0,0,0.22809635
14209,12,1,0.4711337
14210,6,1,0.6461254
14211,26,0,0.72536606
14212,22,1,0.38504452
14213,1,0,0.4064293
14214,1,0,0.4972294
14215,27,0,0.24890922
14216,11,0,0.3942542
14217,14,1,0.577659
14218,23,1,0.63099366
14219,27,0,0.34758982
14220,7,1,0.7898555
14221,17,1,0.58186096
14222,27,1,0.694757
14223,7,1,0.6056558
14224,10,1,0.41692635
14225,15,1,0.46658862
14226,26,0,0.3353806
14227,12,0,0.5633588
14228,27,0,0.552046
14229,26,1,0.7546159
14230,10,1,0.69219977
14231,21,0,0.57022244
14232,20,1,0.26879147
14233,8,0,0.34593835
14234,17,0,0.49613717
14235,24,1,0.84036463
14236,15,0,0.5226935
14237,7,1,0.6927808
14238,2,1,0.28017306
14239,20,1,0.4373307
14240,13,1,0.5765253
14241,1,0,0.47792226
14242,12,0,0.4262199
14243,1,0,0.19635937
14244,2,0,0.30452678
14245,9,0,0.7941062
14246,11,1,0.5770568
14247,20,0,0.5228209
14248,9,1,0.7004444
14249,10,0,0.7089218
14250,18,1,0.48296738
14251,10,1,0.8230895
14252,28,0,0.33860362
14253,12,0,0.32013604
14254,25,1,0.5242392
14255,18,0,0.14573061
14256,18,0,0.4684251
14257,7,1,0.41070327
14258,5,0,0.65925205
14259,0,0,0.24645814
14260,1,0,0.5456284
14261,13,1,0.86355424
14262,19,0,0.32494444
14263,6,0,0.48549196
14264,28,1,0.58722365
14265,2,0,0.49578857
14266,16,1,0.5543635
14267,28,1,0.5261764
14268,3,0,0.8296168
14269,26,0,0.3359276
14270,15,1,0.38927546
14271,6,0,0.32367954
14272,27,1,0.55713505
14273,12,1,0.34753862
14274,9,0,0.4433351
14275,13,1,0.4622476
14276,20,0,0.36797115
14277,12,0,0.51678395
14278,20,0,0.19160151
14279,25,0,0.479925
14280,23,0,0.6891622
14281,20,1,0.58237404
14282,2,0,0.3557371
14283,1,0,0.30805978
14284,16,1,0.6352155
14285,26,1,0.63724095
14286,17,0,0.32320574
14287,26,1,0.5638635
14288,13,1,0.6171791
14289,10,1,0.5846886
14290,20,1,0.69031405
14291,13,1,0.6657222
14292,0,1,0.5941203
14293,0,0,0.3697713
14294,12,0,0.4655366
14295,15,0,0.3423911
14296,6,1,0.37142017
14297,17,0,0.5942864
14298,25,1,0.50690293
14299,18,0,0.37140563
14300,3,0,0.32724458
14301,2,1,0.4210803
14302,25,1,0.23034003
14303,24,1,0.5399532
14304,11,1,0.68414444
14305,25,0,0.54576564
14306,8,0,0.23032027
14307,1,1,0.51745844
14308,26,1,0.48849362
14309,3,1,0.7841285
14310,5,0,0.27621445
14311,11,0,0.3317925
14312,0,0,0.4991895
14313,12,0,0.32444742
14314,6,1,0.36976555
14315,13,1,0.52686113
14316,16,0,0.33739358
14317,8,1,0.42478085
14318,11,0,0.25592762
14319,1,0,0.5644196
14320,12,0,0.49548322
14321,17,0,0.3309783
14322,26,1,0.8884589
14323,12,0,0.48538545
14324,2,1,0.5159899
14325,13,1,0.5659359
14326,15,1,0.5551525
14327,13,0,0.61383545
14328,1,0,0.38764748
14329,6,0,0.79457694
14330,10,0,0.56857604
14331,7,1,0.37101695
14332,21,0,0.7061029
14333,28,1,0.6541315
14334,11,1,0.80579436
14335,20,1,0.37590787
14336,28,0,0.4575914
14337,6,1,0.54032433
14338,8,1,0.38057053
14339,23,1,0.41256174
14340,1,1,0.5494396
14341,4,0,0.35433277
14342,17,1,0.3113652
14343,9,0,0.65390366
14344,21,0,0.2847966
14345,26,0,0.5082841
14346,13,1,0.50957257
14347,8,0,0.59604216
14348,2,0,0.34573075
14349,15,1,0.27459574
14350,17,0,0.53791416
14351,14,0,0.61982524
14352,3,1,0.69537014
14353,15,1,0.67172664
14354,12,0,0.39085725
14355,14,0,0.236087
14356,16,0,0.70500696
14357,27,0,0.27496195
14358,3,1,0.51821184
14359,13,0,0.35317242
14360,4,1,0.3983353
14361,12,0,0.52673024
14362,25,1,0.24031746
14363,2,1,0.29880032
14364,10,1,0.65625846
14365,15,0,0.35913312
14366,3,0,0.34844968
14367,13,0,0.1967972
14368,17,1,0.58913904
14369,16,1,0.57276374
14370,17,0,0.41541073
14371,13,0,0.5933254
14372,8,0,0.3377258
14373,17,1,0.8595633
14374,28,1,0.3040145
14375,16,0,0.35149947
14376,28,1,0.56528664
14377,11,1,0.53441304
14378,9,0,0.66811985
14379,10,1,0.7995507
14380,12,0,0.57010674
14381,4,0,0.23477699
14382,13,0,0.50686574
14383,6,0,0.5794252
14384,8,1,0.66749674
14385,10,0,0.28945807
14386,2,1,0.52932525
14387,10,1,0.32367572
14388,6,0,0.70759547
14389,13,0,0.768975
14390,16,1,0.62786597
14391,14,1,0.6670501
14392,0,1,0.55889076
14393,10,0,0.53661984
14394,16,1,0.79717606
14395,26,0,0.36881128
14396,0,1,0.6406794
14397,17,0,0.6518106
14398,12,1,0.26253453
14399,13,1,0.4733934
14400,5,1,0.3402632
14401,8,0,0.6483139
14402,10,0,0.57006246
14403,12,1,0.43889266
14404,24,0,0.45054194
14405,11,1,0.50668925
14406,1,0,0.65692383
14407,10,1,0.59793985
14408,21,0,0.5172985
14409,10,0,0.8118869
14410,13,1,0.638592
14411,26,1,0.8422192
14412,21,0,0.30032942
14413,13,0,0.31224647
14414,22,0,0.32262903
14415,15,0,0.2563666
14416,26,1,0.3730338
14417,6,1,0.8063699
14418,4,0,0.25491905
14419,11,0,0.29335657
14420,11,1,0.37281322
14421,11,0,0.5395563
14422,26,1,0.61472183
14423,1,0,0.6199171
14424,13,1,0.5635705
14425,16,0,0.346637
14426,13,1,0.8144948
14427,9,0,0.5952446
14428,11,1,0.5234639
14429,2,1,0.78467095
14430,26,1,0.6745127
14431,8,1,0.697148
14432,5,0,0.3498447
14433,12,0,0.31859514
14434,27,1,0.6309236
14435,4,1,0.37576467
14436,15,0,0.15191543
14437,16,1,0.70607436
14438,15,0,0.5728116
14439,0,0,0.45849732
14440,23,0,0.38279656
14441,16,0,0.3543588
14442,12,1,0.4184457
14443,8,1,0.366486
14444,11,1,0.5313125
14445,20,1,0.7539754
14446,19,1,0.50528336
14447,25,1,0.5995906
14448,6,0,0.72205794
14449,14,1,0.2217513
14450,16,0,0.5407933
14451,18,0,0.54530644
14452,25,1,0.7740247
14453,23,1,0.7612739
14454,11,0,0.20426853
14455,16,0,0.45452583
14456,16,1,0.5952642
14457,28,0,0.3112451
14458,25,1,0.8325955
14459,22,1,0.502254
14460,11,0,0.5526278
14461,4,0,0.6682522
14462,26,1,0.34045863
14463,26,1,0.22598518
14464,19,1,0.43399152
14465,26,0,0.30402863
14466,0,1,0.46387762
14467,16,0,0.35329404
14468,11,1,0.835608
14469,13,1,0.5762167
14470,27,1,0.47977248
14471,16,0,0.52852416
14472,20,1,0.36193144
14473,20,0,0.33483922
14474,26,0,0.3525294
14475,27,0,0.50794315
14476,15,0,0.7403819
14477,17,0,0.23730628
14478,12,1,0.50855744
14479,19,0,0.3596667
14480,11,0,0.53378004
14481,23,0,0.20702119
14482,1,0,0.38748327
14483,26,0,0.68358135
14484,18,0,0.33042845
14485,25,1,0.48692617
14486,8,1,0.68786085
14487,10,0,0.3888577
14488,25,0,0.5865319
14489,2,0,0.20140053
14490,19,1,0.60973406
14491,1,1,0.51437885
14492,18,0,0.5245723
14493,13,1,0.81350607
14494,6,0,0.38274547
14495,20,1,0.7436435
14496,12,1,0.4842858
14497,18,0,0.41371325
14498,8,0,0.36706918
14499,1,0,0.39103296
14500,4,1,0.55612904
14501,13,1,0.50482804
14502,24,0,0.6268701
14503,12,1,0.5180951
14504,10,1,0.8108938
14505,6,0,0.33048475
14506,15,0,0.2968232
14507,8,0,0.62664217
14508,11,0,0.5022293
14509,26,1,0.53738797
14510,3,1,0.58265966
14511,13,0,0.62077695
14512,8,0,0.38236406
14513,4,0,0.24244383
14514,22,0,0.5672786
14515,0,0,0.6970018
14516,8,0,0.4340252
14517,1,0,0.3458731
14518,27,0,0.37529778
14519,21,1,0.79465306
14520,0,1,0.6200117
14521,13,0,0.50628865
14522,14,1,0.6935392
14523,9,1,0.70464396
14524,3,1,0.6807915
14525,12,0,0.32381827
14526,2,1,0.590398
14527,26,0,0.49087527
14528,1,0,0.48529133
14529,16,1,0.7012162
14530,18,1,0.76152974
14531,24,0,0.2200147
14532,28,1,0.4886481
14533,0,0,0.6553647
14534,27,0,0.57943165
14535,24,0,0.78900534
14536,20,0,0.3197147
14537,11,1,0.5216805
14538,8,1,0.56146896
14539,27,1,0.47548193
14540,14,0,0.5029726
14541,22,1,0.30460265
14542,21,0,0.501353
14543,8,1,0.52460366
14544,28,0,0.51785076
14545,15,1,0.55361265
14546,25,1,0.66727346
14547,28,1,0.60040027
14548,25,0,0.48462394
14549,13,1,0.537161
14550,28,1,0.83859617
14551,21,1,0.49809754
14552,19,1,0.5097319
14553,27,0,0.74075377
14554,10,0,0.6090802
14555,22,0,0.43890038
14556,2,1,0.4017327
14557,16,0,0.21906516
14558,1,0,0.6292964
14559,16,0,0.59671783
14560,13,1,0.49651065
14561,16,1,0.51384515
14562,4,0,0.35299605
14563,15,0,0.4891173
14564,2,1,0.8250528
14565,15,1,0.7137783
14566,19,1,0.47877938
14567,3,0,0.57760787
14568,8,1,0.4355721
14569,20,0,0.3929031
14570,2,0,0.7711063
14571,12,0,0.29183397
14572,4,1,0.52186763
14573,26,1,0.5017909
14574,16,0,0.47059345
14575,26,0,0.64571893
14576,6,0,0.24685945
14577,2,1,0.34692943
14578,4,0,0.44845033
14579,16,0,0.36698708
14580,19,0,0.5322602
14581,18,0,0.6546073
14582,4,0,0.17303789
14583,28,0,0.74296266
14584,5,1,0.6384897
14585,22,1,0.2522648
14586,1,0,0.3512476
14587,9,1,0.40368593
14588,20,0,0.33463702
14589,26,1,0.4745505
14590,17,0,0.5538674
14591,21,1,0.2983192
14592,21,1,0.45443666
14593,11,1,0.68575156
14594,15,0,0.66800797
14595,22,0,0.3428493
14596,10,0,0.4308337
14597,14,1,0.60800946
14598,22,0,0.34447452
14599,13,0,0.24679884
14600,7,1,0.5398462
14601,14,0,0.64403176
14602,26,0,0.34005496
14603,23,0,0.21738489
14604,16,1,0.31025723
14605,9,1,0.35452428
14606,2,1,0.37276492
14607,15,0,0.7041999
14608,28,0,0.35526076
14609,28,0,0.49046847
14610,8,0,0.33169758
14611,9,0,0.7177737
14612,14,1,0.7906492
14613,20,0,0.57586104
14614,7,0,0.33503923
14615,2,0,0.46458685
14616,27,0,0.7641002
14617,27,1,0.8241723
14618,20,1,0.8512031
14619,21,1,0.52249587
14620,25,0,0.5813801
14621,14,1,0.6903376
14622,2,1,0.634268
14623,21,1,0.39025435
14624,15,1,0.3937027
14625,10,1,0.4724135
14626,11,1,0.53275365
14627,16,0,0.65353686
14628,2,0,0.29492006
14629,11,0,0.23657727
14630,11,1,0.5397981
14631,18,0,0.5952094
14632,13,0,0.29715496
14633,3,1,0.52368087
14634,8,1,0.52870744
14635,8,0,0.37553543
14636,6,0,0.46722442
14637,23,0,0.58190536
14638,1,1,0.23109382
14639,8,1,0.30152544
14640,8,1,0.8208189
14641,13,1,0.4035111
14642,13,1,0.25187683
14643,4,0,0.26566362
14644,1,0,0.35197574
14645,21,1,0.31762454
14646,12,1,0.56760275
14647,28,1,0.28652984
14648,18,1,0.7192917
14649,2,1,0.50799674
14650,8,1,0.57937026
14651,9,0,0.25645047
14652,23,0,0.23338449
14653,24,1,0.35786396
14654,4,1,0.6826277
14655,28,1,0.63513637
14656,23,1,0.21896407
14657,13,1,0.7986243
14658,20,0,0.24125552
14659,8,0,0.30454132
14660,14,0,0.42236423
14661,11,0,0.3505283
14662,12,0,0.30721804
14663,2,0,0.34990317
14664,25,0,0.4319607
14665,22,1,0.5345837
14666,28,0,0.57479686
14667,3,0,0.27313614
14668,15,1,0.21673754
14669,12,0,0.2905263
14670,10,0,0.3124115
14671,4,1,0.7758282
14672,24,0,0.5516707
14673,16,1,0.83824015
14674,1,1,0.5501495
14675,22,0,0.6688012
14676,24,1,0.72038156
14677,16,1,0.773983
14678,18,0,0.27316615
14679,15,0,0.6213329
14680,25,1,0.38007003
14681,23,0,0.6948224
14682,2,0,0.698299
14683,18,0,0.33210844
14684,27,0,0.7635008
14685,11,0,0.3496471
14686,10,0,0.4996131
14687,9,1,0.68018633
14688,25,0,0.59045637
14689,20,1,0.4244663
14690,25,1,0.6654134
14691,8,0,0.5016498
14692,16,1,0.26844952
14693,6,0,0.5411057
14694,13,0,0.27246812
14695,0,0,0.6498838
14696,10,1,0.7395068
14697,11,0,0.437006
14698,5,0,0.37849262
14699,27,0,0.53443074
14700,8,0,0.610655
14701,16,0,0.31872568
14702,23,1,0.24486963
14703,16,0,0.3189543
14704,1,0,0.2795187
14705,28,1,0.60663086
14706,4,0,0.2579587
14707,12,1,0.6868221
14708,10,0,0.61692154
14709,9,1,0.34463683
14710,21,0,0.45532385
14711,9,0,0.28130254
14712,16,1,0.31462613
14713,22,0,0.23978649
14714,0,1,0.36231637
14715,1,0,0.5862105
14716,10,0,0.43850443
14717,5,1,0.60365874
14718,3,1,0.54921263
14719,11,0,0.45042548
14720,10,0,0.34356788
14721,16,1,0.63013256
14722,14,0,0.5864109
14723,21,1,0.69801325
14724,21,0,0.3142539
14725,5,1,0.47251618
14726,13,0,0.515824
14727,8,0,0.30260843
14728,15,0,0.26969913
14729,25,0,0.5199786
14730,15,1,0.68220216
14731,26,0,0.4305581
14732,13,1,0.7292525
14733,27,0,0.3119176
14734,18,1,0.8275278
14735,5,1,0.45991537
14736,18,1,0.63792586
14737,15,0,0.5604601
14738,21,1,0.5659279
14739,28,0,0.27759272
14740,3,1,0.43645594
14741,14,1,0.6828335
14742,15,0,0.44679603
14743,15,1,0.7298373
14744,21,1,0.639134
14745,11,1,0.6426887
14746,12,1,0.34995508
14747,3,0,0.5465958
14748,3,0,0.56012887
14749,17,1,0.4804753
14750,12,1,0.4943567
14751,2,1,0.63186395
14752,13,0,0.18932721
14753,11,1,0.23519865
14754,16,0,0.4795325
14755,8,0,0.6529696
14756,5,0,0.2021659
14757,17,1,0.47008613
14758,15,1,0.70260453
14759,7,1,0.7740248
14760,21,1,0.42684114
14761,21,0,0.3429913
14762,16,1,0.47934848
14763,22,0,0.18616757
14764,7,1,0.25394928
14765,9,0,0.42214376
14766,1,1,0.29530942
14767,20,1,0.48134908
14768,17,1,0.36179352
14769,17,0,0.21220803
14770,14,1,0.6561985
14771,5,0,0.5692616
14772,24,1,0.5752562
14773,18,1,0.3992249
14774,16,0,0.25655976
14775,16,0,0.27995774
14776,5,1,0.441545
14777,23,1,0.677319
14778,15,0,0.2539715
14779,16,1,0.37694338
14780,8,0,0.3120439
14781,17,1,0.8099591
14782,13,1,0.60929096
14783,7,0,0.54369634
14784,15,0,0.61875504
14785,26,1,0.6801532
14786,15,0,0.30657187
14787,3,0,0.4773719
14788,7,1,0.7888919
14789,15,0,0.19347595
14790,27,0,0.4521182
14791,1,0,0.5523839
14792,20,0,0.2918269
14793,18,0,0.16900292
14794,0,0,0.15675518
14795,12,0,0.33882278
14796,26,0,0.33963543
14797,18,1,0.31823108
14798,2,0,0.5761835
14799,6,0,0.4431316
14800,18,1,0.32720065
14801,16,1,0.38216168
14802,10,1,0.32918596
14803,25,1,0.74748445
14804,16,0,0.5804442
14805,15,0,0.37290266
14806,13,1,0.49314433
14807,26,0,0.43366444
14808,4,1,0.45786095
14809,27,1,0.655029
14810,20,1,0.51613903
14811,13,1,0.687342
14812,15,0,0.3410489
14813,26,0,0.32036278
14814,0,0,0.21109587
14815,18,1,0.4019136
14816,11,0,0.31164044
14817,13,1,0.48798507
14818,12,0,0.51175594
14819,0,1,0.6355944
14820,26,0,0.2876953
14821,7,0,0.34380302
14822,15,1,0.64890856
14823,16,1,0.85399824
14824,26,1,0.7125087
14825,27,1,0.69780314
14826,10,0,0.33690354
14827,15,1,0.7168089
14828,7,1,0.7578361
14829,15,0,0.45605552
14830,4,0,0.44235742
14831,13,0,0.53292036
14832,1,0,0.31793547
14833,16,0,0.29180393
14834,8,0,0.589444
14835,19,1,0.56752837
14836,10,0,0.46047795
14837,13,1,0.5684103
14838,0,1,0.5592203
14839,3,1,0.2807681
14840,7,0,0.4288002
14841,12,0,0.26581058
14842,10,1,0.16848099
14843,3,0,0.4697456
14844,17,1,0.7979436
14845,12,0,0.5201297
14846,8,0,0.33922005
14847,3,1,0.3453618
14848,15,0,0.36127043
14849,28,1,0.5816881
14850,10,1,0.6104531
14851,20,1,0.27405447
14852,2,0,0.2921632
14853,21,0,0.47448573
14854,7,0,0.23619582
14855,3,1,0.5113463
14856,25,1,0.43817055
14857,25,1,0.66977644
14858,23,1,0.77883637
14859,11,0,0.59801936
14860,9,0,0.45934486
14861,6,0,0.324761
14862,10,0,0.361647
14863,13,1,0.30484164
14864,6,0,0.30722228
14865,12,0,0.6841077
14866,20,0,0.394154
14867,21,0,0.6339143
14868,15,1,0.3010222
14869,16,1,0.46167627
14870,27,1,0.5507672
14871,13,1,0.58382845
14872,0,0,0.41757905
14873,16,0,0.5382578
14874,25,1,0.78869617
14875,6,0,0.4675849
14876,1,0,0.6607501
14877,24,0,0.17347136
14878,14,1,0.32316118
14879,13,1,0.40659076
14880,16,1,0.582222
14881,26,0,0.23570238
14882,16,0,0.45564368
14883,17,0,0.28487223
14884,8,0,0.4991917
14885,16,0,0.6189887
14886,12,1,0.22222222
14887,12,1,0.4000718
14888,1,1,0.5763195
14889,22,1,0.59276175
14890,7,0,0.6495754
14891,22,0,0.62609774
14892,16,0,0.35166198
14893,7,0,0.49014002
14894,17,1,0.7513663
14895,13,0,0.3282887
14896,16,0,0.22119047
14897,2,1,0.5643443
14898,20,0,0.34543446
14899,16,0,0.529208
14900,12,0,0.34971836
14901,16,1,0.41944382
14902,6,0,0.338139
14903,17,1,0.54192775
14904,12,1,0.47989446
14905,28,0,0.54149556
14906,11,1,0.3874293
14907,12,0,0.69289106
14908,6,1,0.38880172
14909,13,1,0.45277482
14910,26,0,0.2940824
14911,21,1,0.28302503
14912,10,1,0.5736899
14913,17,0,0.32984546
14914,14,0,0.5450549
14915,14,0,0.2518779
14916,27,0,0.61876094
14917,10,0,0.40753922
14918,22,0,0.31364217
14919,2,0,0.3842784
14920,24,0,0.37087643
14921,10,1,0.65628487
14922,6,0,0.5155174
14923,3,0,0.37637937
14924,20,1,0.6428495
14925,9,0,0.2454707
14926,28,0,0.3456712
14927,11,1,0.30195737
14928,8,0,0.4162555
14929,2,0,0.66256016
14930,17,1,0.62022585
14931,19,0,0.25703174
14932,3,1,0.5727554
14933,15,0,0.18737108
14934,21,1,0.474529
14935,16,1,0.7746482
14936,9,0,0.26982003
14937,16,0,0.49760982
14938,0,0,0.36173433
14939,22,1,0.2750422
14940,11,0,0.34325975
14941,16,0,0.2663586
14942,7,1,0.54345375
14943,20,1,0.6272315
14944,11,1,0.8193882
14945,11,1,0.3977552
14946,11,0,0.41130528
14947,19,1,0.56661284
14948,6,0,0.35613754
14949,18,0,0.3014132
14950,5,0,0.37469098
14951,14,1,0.497413
14952,25,0,0.69137686
14953,11,0,0.3794291
14954,1,1,0.21331342
14955,13,1,0.71967936
14956,12,0,0.8230464
14957,13,1,0.5795443
14958,13,0,0.31175324
14959,15,1,0.7411091
14960,22,1,0.4264515
14961,5,0,0.49813244
14962,11,0,0.33936727
14963,11,0,0.53030413
14964,18,1,0.8496324
14965,11,0,0.55178833
14966,16,0,0.32369912
14967,8,0,0.47502387
14968,8,1,0.6527095
14969,9,0,0.29545465
14970,22,0,0.5540306
14971,19,0,0.51133704
14972,4,0,0.7640153
14973,28,1,0.83302444
14974,12,1,0.7542693
14975,17,1,0.47447458
14976,10,0,0.5492602
14977,16,1,0.5495269
14978,16,0,0.24271727
14979,26,0,0.23700334
14980,10,1,0.5247244
14981,23,1,0.21462443
14982,28,0,0.26010495
14983,26,1,0.6032068
14984,4,0,0.67181486
14985,2,0,0.50210214
14986,8,1,0.52629715
14987,9,1,0.74926215
14988,10,1,0.37491652
14989,26,0,0.20282644
14990,6,1,0.39213118
14991,23,0,0.2424577
14992,23,1,0.35374463
14993,1,1,0.3053492
14994,15,0,0.51822805
14995,11,0,0.30439496
14996,23,0,0.40395305
14997,15,1,0.18643282
14998,6,1,0.5452822
14999,13,0,0.57626593
15000,18,0,0.31545976
15001,25,0,0.43721977
15002,19,1,0.71553403
15003,2,1,0.6357214
15004,6,0,0.25847477
15005,1,1,0.28915802
15006,8,1,0.86497444
15007,7,1,0.5662543
15008,13,1,0.48384073
15009,15,1,0.26916707
15010,12,1,0.6091521
15011,8,1,0.65572447
15012,0,0,0.8156179
15013,1,0,0.36357445
15014,16,0,0.7132986
15015,20,0,0.5764632
15016,27,0,0.22588266
15017,27,0,0.4825683
15018,21,1,0.58261263
15019,1,1,0.370374
15020,27,1,0.52153265
15021,25,0,0.5217275
15022,1,0,0.442639
15023,14,0,0.3922226
15024,3,0,0.19981356
15025,3,0,0.62034374
15026,15,1,0.5332838
15027,11,1,0.574143
15028,16,0,0.56288683
15029,20,0,0.56846267
15030,2,1,0.6741943
15031,7,1,0.44482926
15032,12,1,0.74158293
15033,28,0,0.4776413
15034,7,0,0.19191803
15035,1,1,0.6147069
15036,3,0,0.43420026
15037,16,1,0.5867501
15038,28,1,0.5439493
15039,2,1,0.8041871
15040,16,1,0.6282792
15041,25,0,0.56868947
15042,28,0,0.21570255
15043,15,1,0.7889965
15044,25,0,0.57602125
15045,8,0,0.5754611
15046,23,0,0.5311324
15047,16,0,0.55319464
15048,12,1,0.48774505
15049,7,1,0.47635427
15050,13,1,0.28033096
15051,2,0,0.3711209
15052,13,0,0.5041538
15053,12,0,0.5138859
15054,6,0,0.29016882
15055,6,0,0.34553513
15056,2,0,0.27001074
15057,27,1,0.6735716
15058,11,1,0.39897922
15059,2,1,0.52023476
15060,26,1,0.42654943
15061,26,0,0.6792214
15062,16,0,0.17852542
15063,26,1,0.703527
15064,22,1,0.5774229
15065,24,0,0.23944104
15066,11,1,0.49428794
15067,26,1,0.64572865
15068,6,1,0.34595
15069,13,1,0.62544626
15070,1,0,0.32961982
15071,13,1,0.25092584
15072,16,0,0.28139392
15073,25,0,0.69394493
15074,7,0,0.30047867
15075,19,0,0.29649925
15076,2,1,0.7442876
15077,13,0,0.57353497
15078,2,0,0.30465448
15079,7,1,0.5014226
15080,8,1,0.49092764
15081,18,1,0.4550882
15082,22,1,0.30593103
15083,8,0,0.26216382
15084,21,0,0.42661285
15085,16,1,0.35189813
15086,15,0,0.52224463
15087,6,1,0.6186416
15088,6,0,0.322133
15089,12,1,0.68270594
15090,1,0,0.4641932
15091,23,1,0.34479022
15092,17,1,0.47623727
15093,7,1,0.20854792
15094,4,0,0.38767245
15095,2,0,0.3082255
15096,15,1,0.24855986
15097,25,1,0.32493776
15098,12,1,0.62061083
15099,6,0,0.3013661
15100,10,0,0.25075558
15101,26,1,0.33970287
15102,18,0,0.77436316
15103,10,1,0.7031191
15104,14,1,0.2525095
15105,15,0,0.55639637
15106,27,0,0.28741556
15107,24,0,0.3176071
15108,11,1,0.35295537
15109,12,1,0.53070396
15110,7,0,0.29328644
15111,9,0,0.32636824
15112,5,1,0.65741867
15113,12,0,0.49617028
15114,3,1,0.7238902
15115,21,1,0.40667605
15116,11,0,0.65897
15117,28,0,0.47440588
15118,8,1,0.57559407
15119,1,1,0.44127092
15120,27,1,0.54718405
15121,25,1,0.53056866
15122,17,0,0.4562231
15123,8,0,0.40819687
15124,22,0,0.233629
15125,12,1,0.53633654
15126,26,0,0.23273376
15127,18,0,0.6514107
15128,4,0,0.42632025
15129,2,1,0.4015801
15130,2,0,0.34888664
15131,16,1,0.8262991
15132,20,1,0.8292787
15133,15,0,0.2289471
15134,21,0,0.620567
15135,25,0,0.6136951
15136,8,1,0.5531662
15137,7,0,0.23116688
15138,18,1,0.47022188
15139,22,0,0.5577639
15140,18,0,0.49279797
15141,18,1,0.7895686
15142,18,0,0.57528615
15143,20,1,0.5175196
15144,14,0,0.35228187
15145,17,0,0.73095644
15146,1,1,0.49577418
15147,27,1,0.6749353
15148,17,0,0.70769805
15149,13,0,0.41979998
15150,25,1,0.38042983
15151,15,0,0.32026774
15152,26,0,0.503375
15153,18,0,0.331026
15154,2,1,0.7303481
15155,14,1,0.66580653
15156,26,0,0.71728706
15157,4,1,0.8204197
15158,13,0,0.30937663
15159,14,1,0.7682642
15160,7,1,0.5656394
15161,15,1,0.5630858
15162,18,1,0.25535673
15163,1,1,0.65991116
15164,12,0,0.3564054
15165,11,1,0.5943323
15166,14,0,0.35585314
15167,13,1,0.43728468
15168,9,1,0.46790805
15169,16,1,0.40510213
15170,4,1,0.8145974
15171,27,0,0.41867805
15172,2,0,0.5589469
15173,11,1,0.52703154
15174,26,0,0.2880882
15175,1,1,0.3801133
15176,13,0,0.55363095
15177,6,0,0.60498327
15178,13,1,0.5969709
15179,23,1,0.40212473
15180,3,1,0.4440857
15181,4,0,0.5363845
15182,8,0,0.47148338
15183,28,0,0.5898137
15184,16,1,0.17806877
15185,18,0,0.6155282
15186,15,1,0.6323853
15187,14,0,0.40106538
15188,15,0,0.8257798
15189,10,0,0.7114003
15190,28,1,0.49047604
15191,12,0,0.41536066
15192,6,0,0.38913885
15193,11,0,0.60740006
15194,14,1,0.34795356
15195,13,1,0.69282997
15196,10,0,0.525921
15197,5,0,0.6757958
15198,9,1,0.61319846
15199,13,0,0.6124128
15200,15,0,0.30377328
15201,2,1,0.32743227
15202,8,1,0.5502853
15203,16,0,0.32241097
15204,9,1,0.42275828
15205,20,1,0.7479145
15206,7,1,0.2856867
15207,4,1,0.42070812
15208,0,0,0.3926135
15209,15,1,0.273485
15210,2,0,0.25077212
15211,19,0,0.45816275
15212,17,0,0.2753132
15213,8,0,0.3624634
15214,12,0,0.5562109
15215,4,0,0.28608304
15216,27,1,0.32861686
15217,2,0,0.73607916
15218,1,0,0.723525
15219,4,1,0.55544007
15220,25,1,0.8471849
15221,17,0,0.5577784
15222,22,0,0.778846
15223,7,0,0.6695395
15224,24,0,0.33634317
15225,2,0,0.33431852
15226,2,0,0.31906167
15227,12,0,0.69045794
15228,25,0,0.2516543
15229,1,1,0.36016354
15230,13,0,0.41351318
15231,22,1,0.57180965
15232,10,0,0.4575474
15233,20,1,0.40458965
15234,2,1,0.34863618
15235,16,0,0.2967789
15236,8,1,0.6056194
15237,28,1,0.8393221
15238,13,1,0.8608649
15239,10,0,0.8308526
15240,6,0,0.46273845
15241,26,0,0.38923296
15242,21,0,0.36538234
15243,22,0,0.49925318
15244,6,1,0.8108648
15245,13,0,0.516554
15246,14,1,0.52563053
15247,12,0,0.38421327
15248,9,1,0.558073
15249,8,0,0.5013409
15250,16,0,0.3912862
15251,26,0,0.5944221
15252,27,0,0.7031775
15253,13,0,0.42590833
15254,13,1,0.5742623
15255,3,0,0.3480535
15256,9,1,0.5789415
15257,24,1,0.50447696
15258,8,1,0.8178592
15259,16,1,0.83493936
15260,0,0,0.29418546
15261,8,1,0.17713998
15262,15,1,0.47121346
15263,12,1,0.3540129
15264,8,1,0.48589274
15265,6,0,0.4317859
15266,2,0,0.46166834
15267,7,0,0.20695429
15268,25,1,0.59518003
15269,25,0,0.23652546
15270,26,0,0.39000884
15271,13,1,0.47374085
15272,14,0,0.31200233
15273,8,0,0.2587847
15274,16,1,0.49100187
15275,27,0,0.31630802
15276,4,0,0.60829806
15277,25,0,0.27201968
15278,11,1,0.44359902
15279,13,1,0.5664301
15280,16,0,0.45381638
15281,25,1,0.7367437
15282,26,1,0.7911026
15283,21,1,0.8169025
15284,22,0,0.46854258
15285,20,0,0.5624704
15286,5,0,0.566974
15287,1,1,0.43028396
15288,2,1,0.48254225
15289,17,1,0.35877883
15290,14,1,0.51347554
15291,20,1,0.70532995
15292,18,0,0.47684583
15293,24,1,0.5323777
15294,2,1,0.7723975
15295,19,0,0.34594262
15296,11,1,0.7715561
15297,16,0,0.4206223
15298,12,1,0.23112401
15299,26,1,0.6848222
15300,25,0,0.66737103
15301,14,1,0.5862059
15302,6,0,0.32851988
15303,16,0,0.47272632
15304,18,1,0.6028129
15305,4,0,0.44580665
15306,28,1,0.40449673
15307,20,0,0.4434418
15308,8,1,0.42082763
15309,19,0,0.32091913
15310,9,0,0.3382847
15311,16,0,0.47761303
15312,26,1,0.47239983
15313,10,0,0.1645273
15314,11,1,0.49076506
15315,20,1,0.8099667
15316,11,1,0.5309629
15317,28,1,0.5484317
15318,12,1,0.5056225
15319,13,0,0.39227575
15320,8,0,0.33135927
15321,3,0,0.51698947
15322,28,0,0.5873896
15323,13,1,0.7293928
15324,8,1,0.5033787
15325,25,1,0.6452372
15326,23,1,0.18242
15327,6,0,0.30357307
15328,13,0,0.3914092
15329,17,1,0.34848556
15330,5,1,0.4047458
15331,1,0,0.37002456
15332,25,0,0.4036424
15333,4,1,0.3505278
15334,27,1,0.82947654
15335,25,0,0.5368485
15336,25,0,0.66346836
15337,25,0,0.2782858
15338,25,1,0.7715043
15339,17,0,0.46098334
15340,27,0,0.5699942
15341,25,1,0.5942656
15342,15,1,0.5408553
15343,14,0,0.34942254
15344,17,0,0.31871626
15345,18,1,0.7098971
15346,1,0,0.23448655
15347,3,0,0.7692004
15348,7,1,0.760159
15349,9,1,0.52277416
15350,25,0,0.15364507
15351,16,1,0.6536768
15352,18,0,0.3452803
15353,13,0,0.2960097
15354,23,1,0.6511383
15355,26,0,0.43625048
15356,7,1,0.7692312
15357,5,0,0.6854003
15358,7,1,0.6376617
15359,13,0,0.6175984
15360,19,1,0.430555
15361,10,1,0.6180223
15362,16,0,0.24389115
15363,21,1,0.5158562
15364,28,0,0.28547528
15365,2,1,0.6916912
15366,12,0,0.48163372
15367,17,0,0.8554469
15368,2,1,0.76456875
15369,16,0,0.238866
15370,10,1,0.3317793
15371,13,1,0.69172657
15372,13,1,0.44895926
15373,26,1,0.6087994
15374,25,0,0.7885576
15375,25,0,0.4431295
15376,19,0,0.21821679
15377,14,0,0.3404588
15378,26,1,0.5274478
15379,5,1,0.32760897
15380,17,1,0.44937226
15381,16,1,0.54490286
15382,25,1,0.6199979
15383,16,1,0.45660394
15384,13,1,0.58699447
15385,21,0,0.47195375
15386,27,1,0.41075775
15387,18,0,0.32354268
15388,11,0,0.3321582
15389,19,0,0.33894604
15390,12,0,0.22998285
15391,22,1,0.8392424
15392,27,1,0.52851015
15393,12,1,0.37393704
15394,17,1,0.43021283
15395,11,1,0.8026425
15396,1,1,0.6482725
15397,15,0,0.40681845
15398,28,0,0.23329552
15399,8,1,0.3870096
15400,6,0,0.54838574
15401,2,0,0.30660078
15402,10,0,0.29051572
15403,25,1,0.7369526
15404,13,1,0.6101886
15405,24,0,0.25999
15406,5,1,0.763074
15407,10,1,0.29479042
15408,17,1,0.59718424
15409,12,1,0.61478746
15410,6,0,0.46074045
15411,4,0,0.73976284
15412,13,1,0.4201561
15413,8,0,0.50519115
15414,17,1,0.2070962
15415,0,1,0.6586818
15416,13,0,0.56265986
15417,12,1,0.60228515
15418,2,0,0.29609603
15419,17,1,0.49779463
15420,15,1,0.43139675
15421,21,1,0.6051825
15422,22,0,0.46533278
15423,12,0,0.50490564
15424,22,0,0.5371111
15425,5,0,0.50417554
15426,14,1,0.7382469
15427,15,0,0.6566873
15428,26,0,0.5054961
15429,27,1,0.24506676
15430,14,1,0.5157726
15431,19,1,0.6257772
15432,26,1,0.19111437
15433,1,0,0.41787666
15434,28,1,0.29201767
15435,19,0,0.5221217
15436,19,0,0.38601667
15437,24,1,0.2670681
15438,18,0,0.56416243
15439,17,0,0.31695366
15440,9,1,0.6307523
15441,7,0,0.28267783
15442,10,1,0.7354519
15443,27,1,0.6021523
15444,6,1,0.62497
15445,23,1,0.86639154
15446,1,0,0.44675076
15447,13,1,0.3035932
15448,2,0,0.5957326
15449,21,1,0.2783814
15450,2,1,0.5776452
15451,9,0,0.62965745
15452,17,0,0.4079606
15453,10,1,0.43726295
15454,11,0,0.3060988
15455,26,1,0.5504083
15456,23,0,0.20925757
15457,14,1,0.41748607
15458,4,1,0.5324501
15459,4,0,0.51676756
15460,14,1,0.53525007
15461,11,0,0.33880898
15462,10,1,0.5064956
15463,19,0,0.32032502
15464,26,1,0.26367173
15465,1,0,0.27032962
15466,13,0,0.40765408
15467,8,1,0.70107734
15468,2,1,0.5736693
15469,24,1,0.52810854
15470,11,0,0.6090355
15471,26,0,0.31206143
15472,12,1,0.59120643
15473,25,1,0.67249787
15474,23,0,0.23079085
15475,12,1,0.5328531
15476,17,0,0.4497152
15477,21,0,0.23503953
15478,13,0,0.15513873
15479,15,0,0.48627084
15480,17,1,0.5375012
15481,25,1,0.53846663
15482,23,0,0.44046044
15483,14,0,0.27861583
15484,11,0,0.51058596
15485,14,0,0.43004635
15486,1,0,0.5147131
15487,23,1,0.65562505
15488,22,0,0.50697553
15489,21,1,0.5580556
15490,16,0,0.22562853
15491,18,1,0.6783795
15492,22,0,0.20599043
15493,16,1,0.48086548
15494,10,0,0.5448454
15495,7,1,0.37645236
15496,2,1,0.76704437
15497,4,1,0.4450923
15498,28,1,0.52205074
15499,26,1,0.53315794
15500,13,1,0.5984732
15501,12,0,0.6504958
15502,13,1,0.6335613
15503,20,1,0.82553065
15504,16,0,0.35277882
15505,24,0,0.40445054
15506,15,0,0.4855489
15507,16,1,0.4964426
15508,24,0,0.27092114
15509,18,1,0.5950143
15510,1,1,0.36597365
15511,10,1,0.63085216
15512,3,0,0.21723041
15513,0,0,0.46048412
15514,2,1,0.6950088
15515,7,1,0.43082097
15516,27,0,0.34652296
15517,3,0,0.42067105
15518,25,0,0.48297805
15519,13,1,0.37299934
15520,3,0,0.3567309
15521,20,1,0.35053492
15522,11,0,0.34500736
15523,2,1,0.53650117
15524,2,1,0.20988198
15525,16,1,0.5752476
15526,20,1,0.5064261
15527,11,1,0.26566842
15528,8,1,0.44542333
15529,16,0,0.3639727
15530,28,0,0.45514578
15531,10,0,0.49943215
15532,10,1,0.7469174
15533,6,0,0.40684924
15534,23,0,0.6312763
15535,28,0,0.2980552
15536,10,0,0.353155
15537,25,1,0.40149537
15538,13,1,0.60911
15539,2,1,0.649916
15540,2,1,0.2504214
15541,20,0,0.5108385
15542,1,0,0.63093966
15543,11,0,0.37963116
15544,22,1,0.56031954
15545,18,1,0.50657654
15546,2,1,0.36727044
15547,12,0,0.6342923
15548,4,1,0.490155
15549,11,1,0.41656685
15550,7,1,0.45493814
15551,17,1,0.583699
15552,13,1,0.40916902
15553,10,0,0.35064667
15554,20,0,0.22476697
15555,12,0,0.30724946
15556,2,0,0.2918707
15557,10,0,0.50836736
15558,19,0,0.6750734
15559,12,0,0.7507381
15560,11,1,0.37746912
15561,15,1,0.6422906
15562,28,1,0.5764131
15563,21,1,0.60504395
15564,25,1,0.59685844
15565,20,1,0.5583768
15566,23,1,0.35559258
15567,8,0,0.33224174
15568,15,1,0.27841988
15569,14,1,0.46067855
15570,12,0,0.8330058
15571,10,0,0.27793518
15572,13,1,0.42312625
15573,2,1,0.56021416
15574,13,0,0.49344346
15575,6,1,0.61886895
15576,28,0,0.48853165
15577,10,1,0.22826628
15578,7,1,0.21073592
15579,14,1,0.43526986
15580,2,1,0.53215015
15581,12,0,0.27040625
15582,10,1,0.30721244
15583,3,0,0.4084669
15584,19,0,0.2575442
15585,20,1,0.29956988
15586,10,0,0.3005894
15587,28,0,0.21562855
15588,13,0,0.6099512
15589,26,0,0.51794875
15590,25,1,0.5841479
15591,13,1,0.60113966
15592,24,0,0.42664304
15593,15,1,0.18933204
15594,2,0,0.5122205
15595,23,1,0.47403827
15596,27,0,0.5438384
15597,13,1,0.7668534
15598,15,1,0.46204042
15599,24,1,0.70775
15600,12,1,0.1883544
15601,6,1,0.66619694
15602,5,0,0.24243478
15603,14,1,0.61370945
15604,8,0,0.41310588
15605,23,0,0.23003145
15606,27,1,0.7884955
15607,13,0,0.2191011
15608,19,0,0.33450153
15609,3,0,0.16053021
15610,17,1,0.7748823
15611,20,1,0.44393936
15612,6,1,0.66514057
15613,23,0,0.2866595
15614,9,1,0.59995496
15615,7,1,0.6461511
15616,15,0,0.4194098
15617,4,1,0.43885794
15618,12,0,0.30133766
15619,1,0,0.36764875
15620,22,0,0.4075755
15621,25,1,0.22324677
15622,24,1,0.58700824
15623,10,1,0.47674572
15624,18,1,0.5599234
15625,1,0,0.59462845
15626,21,0,0.18185686
15627,25,0,0.33522102
15628,28,1,0.44328114
15629,2,1,0.65813714
15630,19,0,0.33958352
15631,20,0,0.22358036
15632,27,0,0.30289286
15633,1,0,0.2759358
15634,25,0,0.22590016
15635,10,0,0.432913
15636,7,1,0.6735171
15637,28,1,0.55529404
15638,0,0,0.54937494
15639,8,0,0.744779
15640,10,0,0.5976134
15641,14,1,0.63942087
15642,13,0,0.29853064
15643,24,1,0.36206973
15644,12,1,0.36861518
15645,19,0,0.31736848
15646,12,1,0.672943
15647,3,0,0.31590086
15648,3,0,0.32872406
15649,16,1,0.47018436
15650,16,0,0.36773127
15651,10,0,0.6612848
15652,10,0,0.42830786
15653,15,1,0.37326565
15654,23,0,0.35751137
15655,16,1,0.59690654
15656,28,1,0.8356504
15657,18,0,0.49742317
15658,16,0,0.37119195
15659,0,1,0.4476818
15660,17,1,0.37528294
15661,24,1,0.32614312
15662,22,0,0.1978841
15663,27,0,0.5214202
15664,14,1,0.5397787
15665,12,0,0.33185846
15666,19,1,0.6068478
15667,3,1,0.5356874
15668,12,0,0.27760637
15669,26,1,0.5190116
15670,0,0,0.35619164
15671,25,1,0.35455862
15672,11,0,0.60582525
15673,28,1,0.49314567
15674,25,0,0.45024422
15675,1,0,0.45915085
15676,10,1,0.43922725
15677,22,1,0.46079364
15678,14,0,0.36672568
15679,26,1,0.4665175
15680,1,1,0.604749
15681,12,0,0.32740313
15682,3,0,0.33672848
15683,21,1,0.42242292
15684,27,1,0.29199347
15685,8,0,0.2636521
15686,20,1,0.25369146
15687,17,0,0.36250153
15688,25,1,0.6571693
15689,8,0,0.37442362
15690,18,1,0.4130745
15691,15,1,0.5910451
15692,27,0,0.5990977
15693,10,0,0.52507335
15694,10,1,0.2736384
15695,22,1,0.6452775
15696,24,1,0.5925799
15697,16,1,0.4426777
15698,6,0,0.30631155
15699,12,1,0.60977036
15700,9,1,0.4281773
15701,19,0,0.4612339
15702,25,0,0.39397916
15703,26,1,0.6958275
15704,25,0,0.19964993
15705,21,0,0.25656906
15706,14,1,0.59434247
15707,6,1,0.5872384
15708,8,0,0.38737276
15709,16,1,0.4493704
15710,28,1,0.65013856
15711,17,1,0.21797103
15712,13,1,0.601254
15713,8,1,0.812399
15714,6,0,0.41154662
15715,15,0,0.28063846
15716,10,1,0.5966036
15717,20,0,0.33572373
15718,11,0,0.7294338
15719,0,1,0.7805987
15720,5,1,0.4381003
15721,26,0,0.2409682
15722,16,0,0.30194288
15723,14,1,0.7382923
15724,18,0,0.3420186
15725,9,0,0.27269745
15726,25,1,0.2885327
15727,26,1,0.82891595
15728,21,1,0.37583187
15729,4,1,0.5154656
15730,16,1,0.24899945
15731,25,0,0.40668264
15732,16,1,0.52262616
15733,26,1,0.7985335
15734,27,0,0.3727181
15735,16,0,0.41649386
15736,1,1,0.4799771
15737,27,0,0.18594182
15738,2,1,0.6227301
15739,6,1,0.3665942
15740,22,1,0.30207726
15741,16,0,0.3359698
15742,16,1,0.6376569
15743,10,1,0.33592427
15744,22,1,0.38382035
15745,15,1,0.7950303
15746,12,0,0.35121262
15747,12,1,0.7442182
15748,17,0,0.20141536
15749,8,1,0.70466936
15750,13,1,0.35617572
15751,2,1,0.24675994
15752,17,1,0.34613568
15753,15,0,0.5499674
15754,8,0,0.272689
15755,15,1,0.5930568
15756,15,0,0.32711303
15757,20,1,0.838671
15758,2,1,0.49165708
15759,8,1,0.6925679
15760,3,1,0.6273845
15761,17,0,0.44842312
15762,17,1,0.477743
15763,0,1,0.37755668
15764,22,1,0.43836093
15765,28,1,0.50128007
15766,17,0,0.49499446
15767,24,1,0.7142242
15768,2,1,0.55243146
15769,7,0,0.6246718
15770,3,0,0.34443766
15771,19,0,0.627361
15772,8,0,0.6255253
15773,7,1,0.38293913
15774,27,0,0.38208184
15775,14,0,0.37062564
15776,13,1,0.3456073
15777,15,1,0.3035547
15778,19,0,0.41726846
15779,19,0,0.47610024
15780,11,0,0.5616951
15781,25,1,0.81271535
15782,22,1,0.3062077
15783,25,1,0.28072512
15784,4,0,0.37073767
15785,12,0,0.26859123
15786,10,0,0.62790805
15787,18,1,0.60368395
15788,16,1,0.7647024
15789,8,1,0.75951254
15790,24,1,0.51733744
15791,4,1,0.6044078
15792,26,1,0.6110506
15793,14,0,0.5863472
15794,26,0,0.47739798
15795,8,1,0.6960591
15796,21,1,0.64932853
15797,26,0,0.27816957
15798,6,0,0.40339583
15799,1,0,0.42401052
15800,8,0,0.2598351
15801,8,0,0.17413272
15802,18,0,0.28453073
15803,15,0,0.46878606
15804,26,0,0.23526959
15805,16,1,0.56478083
15806,13,0,0.22157514
15807,28,0,0.5994606
15808,13,1,0.61032486
15809,10,1,0.58823717
15810,26,1,0.5126144
15811,25,1,0.7000215
15812,27,1,0.33953255
15813,19,1,0.38247317
15814,11,0,0.46562827
15815,7,1,0.6127556
15816,11,1,0.42580715
15817,13,1,0.6834656
15818,8,0,0.25969473
15819,26,1,0.62801176
15820,22,0,0.39887524
15821,25,0,0.52245677
15822,16,0,0.34595308
15823,24,0,0.38384694
15824,17,1,0.556465
15825,12,1,0.5962312
15826,26,0,0.51466995
15827,25,0,0.16447484
15828,0,0,0.5660538
15829,15,1,0.58381903
15830,8,1,0.60498047
15831,13,1,0.4371517
15832,24,0,0.6100512
15833,5,0,0.4219934
15834,26,1,0.36117792
15835,3,0,0.36053815
15836,25,1,0.5995192
15837,3,1,0.3791833
15838,1,1,0.44278842
15839,10,0,0.5311185
15840,0,0,0.3407834
15841,4,1,0.49585903
15842,8,0,0.28896216
15843,20,1,0.72994065
15844,17,1,0.5204494
15845,1,0,0.25674295
15846,25,0,0.3214916
15847,10,1,0.39964122
15848,8,0,0.68588793
15849,22,1,0.7859178
15850,9,0,0.38378736
15851,0,0,0.78447145
15852,26,0,0.3705514
15853,1,0,0.5745618
15854,15,1,0.75536627
15855,11,0,0.5130987
15856,27,0,0.49409327
15857,12,1,0.7665168
15858,16,0,0.49003395
15859,5,1,0.28586793
15860,15,0,0.35008365
15861,24,0,0.5295209
15862,25,0,0.3626078
15863,16,1,0.550643
15864,26,1,0.84846175
15865,25,1,0.30514514
15866,10,0,0.6899813
15867,11,0,0.3812104
15868,10,1,0.5831861
15869,22,1,0.6088441
15870,16,1,0.47025225
15871,22,1,0.5763526
15872,2,0,0.62231535
15873,2,1,0.55957925
15874,16,1,0.7612894
15875,28,0,0.75366366
15876,17,1,0.29616335
15877,12,0,0.64889264
15878,11,0,0.82870543
15879,27,1,0.6020065
15880,2,0,0.34006226
15881,26,1,0.564643
15882,13,0,0.5378958
15883,22,1,0.4736615
15884,21,1,0.65975976
15885,18,1,0.5446041
15886,28,1,0.50359595
15887,15,1,0.51010054
15888,2,1,0.40729353
15889,7,0,0.52388
15890,1,0,0.8093067
15891,7,0,0.23035091
15892,19,1,0.43215173
15893,3,1,0.62248886
15894,13,1,0.67095727
15895,23,1,0.27936378
15896,0,1,0.7240625
15897,11,1,0.59624016
15898,23,0,0.6472673
15899,24,1,0.5502354
15900,1,0,0.44815528
15901,6,0,0.3032291
15902,22,0,0.3491857
15903,13,0,0.3445411
15904,23,0,0.3382041
15905,24,0,0.34758872
15906,26,0,0.6972304
15907,21,1,0.58266103
15908,24,0,0.35742557
15909,2,0,0.39221367
15910,25,0,0.70315564
15911,3,1,0.5715384
15912,10,0,0.36404163
15913,22,1,0.40516558
15914,28,0,0.6330164
15915,22,0,0.5627917
15916,21,0,0.33004817
15917,4,0,0.44468352
15918,17,1,0.60407317
15919,20,1,0.544348
15920,8,1,0.5924215
15921,6,1,0.6409143
15922,25,0,0.27549058
15923,16,0,0.35021338
15924,27,0,0.44615623
15925,23,0,0.36223295
15926,15,1,0.6421546
15927,1,1,0.29902348
15928,0,1,0.8118022
15929,19,1,0.752474
15930,11,1,0.5615429
15931,25,0,0.58308214
15932,4,0,0.38460734
15933,7,0,0.3474861
15934,9,0,0.32915613
15935,10,1,0.59495455
15936,15,1,0.5825908
15937,10,0,0.39129406
15938,13,1,0.58631885
15939,7,0,0.65691525
15940,2,1,0.7305876
15941,11,1,0.624968
15942,10,0,0.30534527
15943,9,0,0.42115402
15944,3,1,0.35069078
15945,16,1,0.7797839
15946,4,1,0.7450788
15947,8,0,0.30400556
15948,22,1,0.6699462
15949,13,1,0.4827868
15950,15,0,0.4104095
15951,3,0,0.6487441
15952,5,1,0.23321606
15953,23,0,0.54804057
15954,3,0,0.60000485
15955,1,0,0.5037158
15956,27,0,0.35279593
15957,16,0,0.4448617
15958,2,0,0.45616668
15959,2,1,0.2821959
15960,22,0,0.164414
15961,25,1,0.47024456
15962,2,1,0.623191
15963,13,0,0.53001773
15964,13,0,0.20824458
15965,20,0,0.41059417
15966,22,0,0.27936774
15967,8,1,0.46231997
15968,6,0,0.57040405
15969,15,0,0.15633833
15970,20,1,0.76969683
15971,24,0,0.46762267
15972,17,0,0.48355892
15973,13,0,0.57624793
15974,3,1,0.5927506
15975,22,0,0.39910457
15976,23,1,0.6786809
15977,12,1,0.4719306
15978,23,1,0.5139857
15979,1,1,0.5163733
15980,23,0,0.5135492
15981,6,1,0.34007367
15982,25,0,0.4762688
15983,13,0,0.42629442
15984,13,0,0.33144745
15985,26,1,0.39723587
15986,27,0,0.28356
15987,11,1,0.50558287
15988,20,0,0.822531
15989,1,0,0.38645884
15990,24,0,0.36083773
15991,14,1,0.59786844
15992,19,0,0.42958212
15993,2,1,0.6070404
15994,13,0,0.35041294
15995,2,0,0.47310683
15996,17,0,0.6255562
15997,11,1,0.46306705
15998,2,0,0.31357735
15999,25,0,0.4894846
16000,3,1,0.7268833
16001,16,0,0.5807466
16002,26,1,0.7516748
16003,5,1,0.6379373
16004,25,1,0.4362689
16005,14,1,0.5752078
16006,16,0,0.3413803
16007,24,0,0.29841498
16008,11,1,0.5016447
16009,1,1,0.59405047
16010,17,1,0.6280341
16011,8,0,0.50033504
16012,1,0,0.50307745
16013,15,1,0.64947194
16014,16,0,0.6992393
16015,23,1,0.5126203
16016,12,0,0.50557905
16017,1,1,0.45477012
16018,19,0,0.39801377
16019,16,1,0.84689486
16020,23,0,0.36701524
16021,4,1,0.7274871
16022,13,1,0.33951962
16023,9,0,0.28448352
16024,7,1,0.5684201
16025,24,1,0.7336473
16026,28,1,0.6562927
16027,12,0,0.46949458
16028,13,0,0.43784922
16029,8,1,0.65106237
16030,5,0,0.7141865
16031,3,1,0.3804993
16032,2,1,0.6216664
16033,9,1,0.40565175
16034,11,1,0.5984833
16035,12,1,0.6026915
16036,17,1,0.36733183
16037,22,0,0.6631816
16038,2,1,0.31929755
16039,27,0,0.6645515
16040,2,1,0.5601967
16041,28,0,0.51056576
16042,17,1,0.6668058
16043,12,1,0.38821173
16044,26,1,0.6325068
16045,8,1,0.50486934
16046,6,1,0.39126942
16047,19,0,0.47894114
16048,8,1,0.2438415
16049,8,1,0.4740647
16050,1,0,0.18107995
16051,25,1,0.3204992
16052,26,0,0.23493521
16053,14,0,0.4431425
16054,13,0,0.20621008
16055,28,1,0.5369207
16056,4,0,0.38918403
16057,13,0,0.60009086
16058,1,0,0.542236
16059,16,1,0.42163107
16060,10,0,0.53553265
16061,8,1,0.39934695
16062,22,1,0.5461499
16063,27,1,0.37160373
16064,2,0,0.21012102
16065,28,0,0.4765066
16066,17,1,0.7293096
16067,27,1,0.8296355
16068,16,1,0.5717866
16069,27,0,0.2988992
16070,28,1,0.5284338
16071,18,0,0.6008794
16072,1,0,0.3525951
16073,16,0,0.3826211
16074,13,0,0.22056533
16075,10,1,0.64817816
16076,25,0,0.25919977
16077,23,1,0.80634046
16078,18,1,0.42045066
16079,16,1,0.82919145
16080,16,1,0.86362594
16081,2,0,0.6241079
16082,10,1,0.41011173
16083,25,1,0.4553119
16084,9,0,0.37996295
16085,4,1,0.50565577
16086,1,1,0.2588702
16087,16,1,0.69229436
16088,12,0,0.3246058
16089,11,0,0.6562721
16090,11,0,0.6448238
16091,14,1,0.8119143
16092,27,1,0.42386273
16093,5,0,0.51997375
16094,10,0,0.4043013
16095,26,1,0.816089
16096,15,1,0.7127005
16097,10,0,0.38254258
16098,19,0,0.48478812
16099,25,0,0.39066368
16100,3,1,0.52500075
16101,15,1,0.47259828
16102,16,1,0.38040662
16103,22,1,0.26100442
16104,2,0,0.39497817
16105,13,1,0.24053329
16106,25,0,0.7847293
16107,22,1,0.72116596
16108,9,0,0.37024626
16109,19,1,0.748071
16110,2,1,0.7865362
16111,16,1,0.42690492
16112,8,1,0.65268177
16113,5,1,0.40142357
16114,24,1,0.36218914
16115,25,1,0.82094103
16116,24,0,0.6360618
16117,4,1,0.6183233
16118,4,1,0.4249109
16119,8,1,0.62116724
16120,19,1,0.4017304
16121,18,1,0.5263359
16122,13,1,0.62209255
16123,4,1,0.2055837
16124,26,1,0.33554986
16125,2,0,0.5380162
16126,9,0,0.5704682
16127,10,0,0.17369112
16128,14,1,0.59653616
16129,12,1,0.6934116
16130,19,1,0.39271516
16131,11,0,0.3180058
16132,5,0,0.58983815
16133,13,0,0.33015686
16134,2,1,0.59729034
16135,26,1,0.29369593
16136,1,1,0.7151358
16137,25,1,0.77655596
16138,10,1,0.72460574
16139,5,0,0.47960302
16140,11,1,0.604599
16141,11,0,0.36625758
16142,3,0,0.5011632
16143,27,1,0.3307184
16144,4,0,0.37731388
16145,4,1,0.3698996
16146,11,1,0.6500866
16147,12,0,0.5115881
16148,10,1,0.7378092
16149,2,1,0.4321703
16150,13,0,0.27377883
16151,11,1,0.57974994
16152,18,0,0.53877896
16153,11,0,0.343447
16154,2,1,0.78082037
16155,17,1,0.39511308
16156,5,1,0.5308326
16157,3,1,0.6986358
16158,21,0,0.6411111
16159,11,1,0.7437064
16160,5,0,0.473791
16161,22,0,0.36110276
16162,18,0,0.538973
16163,2,1,0.44011584
16164,15,1,0.35453704
16165,13,1,0.7124114
16166,13,0,0.7455609
16167,7,0,0.5821917
16168,10,1,0.5826638
16169,16,1,0.7775036
16170,26,0,0.3486832
16171,2,1,0.47124052
16172,12,1,0.6190953
16173,10,0,0.4145857
16174,25,0,0.21352452
16175,26,0,0.29000196
16176,16,1,0.70850545
16177,22,0,0.7895452
16178,26,1,0.60653824
16179,1,0,0.44835764
16180,0,1,0.47794154
16181,0,0,0.5176483
16182,1,0,0.6794223
16183,5,1,0.60652435
16184,8,0,0.7359364
16185,28,1,0.84908205
16186,0,1,0.66134727
16187,28,0,0.6049935
16188,20,1,0.4717443
16189,27,0,0.40404016
16190,23,1,0.4074477
16191,12,1,0.47646758
16192,13,0,0.3006452
16193,11,0,0.41581076
16194,13,0,0.46507892
16195,19,1,0.5639552
16196,5,1,0.5866548
16197,22,1,0.716983
16198,28,0,0.2795598
16199,10,0,0.2505932
16200,7,0,0.54442465
16201,20,0,0.53520787
16202,16,1,0.28567845
16203,11,0,0.33849698
16204,0,1,0.8270307
16205,9,1,0.7651381
16206,1,1,0.8079351
16207,8,1,0.8242134
16208,3,0,0.4064931
16209,16,1,0.6161274
16210,16,0,0.25158325
16211,12,0,0.6914172
16212,10,1,0.27424127
16213,22,0,0.2214715
16214,26,0,0.6390111
16215,15,1,0.6863894
16216,15,0,0.5924148
16217,0,0,0.30642444
16218,16,0,0.18626975
16219,25,0,0.545108
16220,2,1,0.5611858
16221,15,0,0.5736177
16222,17,0,0.7442361
16223,24,1,0.39341122
16224,8,1,0.51953834
16225,3,1,0.5234981
16226,25,0,0.38687202
16227,0,0,0.3611055
16228,0,1,0.39180768
16229,0,1,0.5963966
16230,10,1,0.7402741
16231,11,0,0.44332564
16232,25,1,0.6151837
16233,23,1,0.66956085
16234,21,1,0.6364133
16235,26,1,0.40832847
16236,15,0,0.45651603
16237,16,0,0.5565847
16238,21,0,0.61014557
16239,20,1,0.5975405
16240,12,1,0.36115593
16241,14,1,0.83406055
16242,23,0,0.38191456
16243,1,1,0.57975197
16244,8,0,0.351014
16245,1,0,0.5258336
16246,13,0,0.26502958
16247,23,0,0.509328
16248,24,0,0.41774318
16249,12,0,0.31477836
16250,8,0,0.7416191
16251,7,1,0.26602224
16252,27,0,0.24924682
16253,3,0,0.43999383
16254,28,0,0.7068238
16255,10,1,0.39209455
16256,25,0,0.6767808
16257,13,0,0.2849322
16258,15,0,0.5252726
16259,2,1,0.6568603
16260,15,0,0.442199
16261,2,1,0.83839023
16262,11,1,0.3718496
16263,26,1,0.7756376
16264,6,0,0.41510066
16265,12,0,0.37644568
16266,1,0,0.31499028
16267,8,0,0.27459037
16268,1,0,0.2949685
16269,17,0,0.34307912
16270,11,0,0.27514315
16271,1,0,0.24729478
16272,9,0,0.3270946
16273,20,1,0.6623969
16274,20,0,0.84093255
16275,19,0,0.8067113
16276,8,0,0.3470892
16277,15,1,0.6313723
16278,15,0,0.31748775
16279,28,1,0.32256442
16280,2,0,0.51930946
16281,18,1,0.5548006
16282,8,1,0.5243908
16283,9,0,0.5937177
16284,20,1,0.48809808
16285,8,1,0.5925208
16286,4,1,0.69348747
16287,6,1,0.3101692
16288,13,0,0.1888067
16289,28,0,0.26448557
16290,26,0,0.3868509
16291,26,0,0.58488417
16292,26,1,0.46930242
16293,20,1,0.54107416
16294,2,0,0.47979736
16295,6,1,0.5084663
16296,25,1,0.46315318
16297,12,0,0.6425088
16298,13,1,0.73623043
16299,16,1,0.5310533
16300,23,0,0.32527015
16301,8,1,0.453646
16302,25,0,0.617967
16303,4,1,0.60327965
16304,22,0,0.21257704
16305,10,1,0.27612847
16306,17,0,0.49295366
16307,1,0,0.61945075
16308,16,0,0.47338834
16309,16,0,0.25744417
16310,13,1,0.45833117
16311,1,1,0.6580431
16312,15,1,0.6062239
16313,3,1,0.5806517
16314,15,1,0.36831215
16315,2,0,0.70428103
16316,8,1,0.6818205
16317,15,1,0.5296054
16318,6,0,0.6856499
16319,11,0,0.53658164
16320,10,0,0.33755407
16321,19,0,0.6196193
16322,3,1,0.42706066
16323,15,1,0.82821697
16324,20,1,0.63076955
16325,11,1,0.6959728
16326,15,0,0.28563836
16327,27,0,0.31250376
16328,2,1,0.4537545
16329,11,1,0.45034477
16330,10,1,0.26000682
16331,9,0,0.6200794
16332,27,1,0.7001878
16333,3,0,0.5962747
16334,8,1,0.6203219
16335,13,1,0.56160367
16336,17,1,0.32031828
16337,26,1,0.5624709
16338,26,1,0.60619617
16339,16,0,0.317395
16340,26,0,0.55214936
16341,8,1,0.48372808
16342,10,1,0.77939904
16343,13,0,0.5002769
16344,26,0,0.46183357
16345,3,0,0.48492023
16346,23,0,0.4069831
16347,13,0,0.3462497
16348,3,1,0.62580645
16349,15,0,0.43555924
16350,17,0,0.2713009
16351,10,0,0.31005546
16352,22,1,0.546612
16353,25,1,0.34243172
16354,1,0,0.24258588
16355,4,0,0.60060173
16356,18,0,0.36738166
16357,8,1,0.797036
16358,22,1,0.82417774
16359,25,0,0.64413387
16360,5,1,0.39721987
16361,3,1,0.7957874
16362,2,1,0.7630476
16363,22,0,0.5605389
16364,11,1,0.5014543
16365,1,1,0.83233255
16366,4,1,0.7227267
16367,6,1,0.7539264
16368,13,0,0.5851254
16369,26,1,0.365668
16370,27,0,0.778508
16371,0,0,0.2068718
16372,6,1,0.41541526
16373,17,0,0.58762157
16374,26,1,0.63900596
16375,13,0,0.3695058
16376,11,1,0.17580093
16377,12,1,0.7441807
16378,19,1,0.6351139
16379,23,1,0.84087384
16380,3,1,0.50651246
16381,16,1,0.8435787
16382,10,1,0.49568498
16383,13,1,0.44480786
16384,13,1,0.62849826
16385,22,0,0.5173372
16386,20,0,0.30551296
16387,4,1,0.45218
16388,12,1,0.7419262
16389,16,0,0.45289734
16390,2,0,0.50782466
16391,18,0,0.5250768
16392,14,0,0.47784707
16393,21,1,0.27314296
16394,1,0,0.51959056
16395,13,0,0.8192722
16396,3,1,0.40246296
16397,22,0,0.36069793
16398,10,1,0.5177322
16399,19,0,0.1636971
16400,12,1,0.6864664
16401,14,1,0.42173484
16402,28,1,0.69944435
16403,19,1,0.5968114
16404,6,1,0.7549313
16405,6,0,0.5200287
16406,2,0,0.79161906
16407,6,1,0.5684551
16408,17,0,0.3147162
16409,9,0,0.6762735
16410,12,1,0.5809505
16411,16,0,0.5941238
16412,1,0,0.25068742
16413,2,0,0.42415112
16414,28,1,0.5540418
16415,10,1,0.6934254
16416,11,1,0.62453043
16417,25,0,0.5415689
16418,16,0,0.5337855
16419,22,0,0.5781932
16420,13,0,0.4580052
16421,17,0,0.50712824
16422,3,1,0.52477646
16423,15,0,0.51038736
16424,1,1,0.6729642
16425,18,0,0.44598994
16426,14,0,0.21331793
16427,8,0,0.74240345
16428,25,1,0.3640186
16429,2,1,0.4512095
16430,17,1,0.8161171
16431,11,0,0.40033162
16432,24,1,0.7719195
16433,10,0,0.31772155
16434,15,1,0.7586688
16435,1,0,0.5574968
16436,12,1,0.43652424
16437,14,0,0.334538
16438,13,1,0.64102036
16439,19,0,0.65293986
16440,12,0,0.48251688
16441,13,1,0.55940264
16442,17,1,0.77852947
16443,8,0,0.3724014
16444,19,0,0.35957944
16445,4,1,0.82266057
16446,25,1,0.5850975
16447,11,1,0.47654098
16448,6,1,0.51484096
16449,25,0,0.4413168
16450,2,0,0.28786027
16451,25,0,0.67081916
16452,13,1,0.45328695
16453,16,0,0.5528111
16454,10,1,0.7577513
16455,20,0,0.363743
16456,25,1,0.39412713
16457,15,0,0.32358438
16458,26,0,0.55285686
16459,16,1,0.5716766
16460,18,0,0.20066044
16461,11,1,0.83403206
16462,21,1,0.8032402
16463,15,1,0.6695476
16464,21,1,0.4126085
16465,15,1,0.64611125
16466,11,1,0.53863734
16467,13,0,0.49673897
16468,0,1,0.60430557
16469,1,1,0.65210384
16470,25,0,0.29895476
16471,10,1,0.5528354
16472,1,0,0.3060294
16473,11,0,0.17262249
16474,20,0,0.37957782
16475,2,0,0.3827223
16476,24,1,0.5729666
16477,23,1,0.41577613
16478,25,1,0.6395968
16479,6,0,0.33467907
16480,2,0,0.60949606
16481,27,1,0.74563456
16482,27,1,0.62409896
16483,3,0,0.45423084
16484,21,1,0.6908491
16485,16,1,0.60560405
16486,12,1,0.6524486
16487,20,1,0.6718545
16488,20,1,0.5576239
16489,16,0,0.26640207
16490,24,1,0.8195987
16491,12,0,0.6297397
16492,1,0,0.55207413
16493,11,0,0.52708745
16494,6,0,0.51215976
16495,18,0,0.55427974
16496,2,1,0.7777666
16497,25,1,0.6134101
16498,15,1,0.31087342
16499,6,1,0.5411412
16500,5,1,0.48169813
16501,27,0,0.6638096
16502,1,0,0.52071106
16503,26,1,0.5280991
16504,11,0,0.66669554
16505,18,1,0.50046015
16506,9,1,0.32210186
16507,14,0,0.58094674
16508,12,1,0.38089862
16509,25,0,0.7132418
16510,8,1,0.26407793
16511,25,0,0.36137187
16512,10,1,0.64290076
16513,12,0,0.31279463
16514,13,0,0.43534508
16515,13,0,0.4938469
16516,0,0,0.49994665
16517,6,0,0.5381841
16518,13,0,0.37439623
16519,3,1,0.3953989
16520,17,0,0.59410584
16521,8,0,0.45092168
16522,9,0,0.36776254
16523,26,0,0.2026103
16524,3,0,0.41295958
16525,6,1,0.3739793
16526,5,1,0.6302564
16527,10,1,0.59821725
16528,10,1,0.650743
16529,13,0,0.5552088
16530,14,0,0.40825054
16531,18,1,0.6851134
16532,11,1,0.29878506
16533,10,1,0.62655854
16534,8,1,0.68719727
16535,21,0,0.22772141
16536,2,1,0.6126198
16537,13,0,0.56035054
16538,0,0,0.28816506
16539,17,0,0.3635173
16540,11,0,0.33054155
16541,13,1,0.49789852
16542,12,0,0.5204714
16543,19,1,0.44010726
16544,26,1,0.6015269
16545,8,1,0.7381899
16546,26,1,0.4763693
