,tissue_ids,target,prediction
0,16,1,0.6122776
1,7,1,0.5511661
2,19,0,0.07035507
3,9,1,0.55449235
4,26,1,0.9593593
5,10,0,0.2210111
6,1,1,0.8066528
7,21,0,0.38831022
8,13,1,0.3729161
9,5,1,0.8333351
10,6,1,0.25494194
11,13,0,0.19165568
12,12,0,0.14832534
13,22,1,0.6238458
14,17,1,0.72733325
15,21,0,0.07161751
16,27,0,0.23547068
17,20,1,0.85846823
18,24,1,0.5159296
19,12,1,0.54353744
20,2,0,0.30337074
21,23,1,0.41748223
22,15,0,0.066592135
23,4,1,0.35290813
24,19,0,0.23201905
25,27,1,0.59992874
26,2,0,0.26871905
27,15,0,0.36557442
28,2,1,0.9311456
29,6,1,0.51334715
30,8,0,0.3073787
31,15,0,0.01697875
32,2,0,0.13051015
33,23,0,0.3830597
34,26,1,0.31021902
35,1,0,0.11972518
36,13,1,0.4981439
37,13,1,0.3026144
38,7,0,0.04464427
39,8,1,0.37687394
40,10,1,0.8401514
41,26,1,0.7269141
42,5,0,0.571495
43,0,0,0.047419183
44,11,0,0.03616641
45,28,0,0.17912698
46,25,1,0.98952115
47,20,1,0.45552215
48,7,0,0.64491665
49,15,0,0.10852277
50,8,0,0.15899622
51,13,0,0.21567902
52,14,0,0.13839377
53,25,1,0.48110378
54,4,0,0.59590745
55,12,0,0.31392488
56,25,1,0.5041372
57,20,0,0.119886935
58,4,0,0.22056408
59,28,0,0.32638526
60,3,1,0.8799186
61,2,0,0.35094374
62,13,1,0.3064726
63,22,1,0.98793435
64,13,1,0.6144093
65,11,1,0.3253043
66,6,0,0.09380361
67,7,0,0.7327335
68,13,0,0.6217617
69,3,1,0.9999585
70,12,1,0.64235383
71,5,0,0.03853567
72,8,1,0.708211
73,12,0,0.22268069
74,15,0,0.438561
75,18,0,0.31295973
76,22,0,0.26163477
77,22,0,0.096236214
78,20,1,0.85076934
79,26,1,0.79464424
80,5,1,0.637134
81,15,1,0.46237695
82,7,1,0.29778934
83,23,0,0.6910674
84,2,1,0.8771186
85,15,0,0.44086888
86,26,1,0.7472648
87,25,0,0.15407161
88,19,0,0.111980334
89,15,0,0.3460249
90,8,0,0.41045803
91,21,0,0.06751507
92,20,0,0.12585631
93,28,1,0.6781879
94,12,1,0.9789063
95,23,1,0.92398334
96,4,1,0.8840939
97,7,1,0.99109143
98,25,1,0.5651672
99,25,1,0.7285588
100,23,1,0.8892701
101,16,0,0.49900547
102,11,0,0.28567252
103,15,1,0.4917384
104,26,1,0.52456206
105,7,1,0.82359964
106,24,0,0.5258606
107,17,1,0.55976266
108,3,1,0.97853446
109,20,0,0.1128749
110,1,1,0.69150954
111,3,1,0.8445855
112,2,0,0.63234556
113,6,1,0.94007796
114,13,1,0.8712324
115,5,1,0.854481
116,19,1,0.6765571
117,25,1,0.36758086
118,2,1,0.87421805
119,8,0,0.6050712
120,23,0,0.8043493
121,7,0,0.5155973
122,8,1,0.8863165
123,12,1,0.72277796
124,15,1,0.6274035
125,17,0,0.57604635
126,15,0,0.40609545
127,8,1,0.46845967
128,18,1,0.8403511
129,17,0,0.24021661
130,28,1,0.72714186
131,17,0,0.44332993
132,13,1,0.57098997
133,28,0,0.14128068
134,1,1,0.42627254
135,4,1,0.63472915
136,16,1,0.30073708
137,17,1,0.76572543
138,0,1,0.85090744
139,14,0,0.26413503
140,22,1,0.47230324
141,3,0,0.099431016
142,28,1,0.94844013
143,27,0,0.64095575
144,18,0,0.08650317
145,10,1,0.78151625
146,20,1,0.8402541
147,28,1,0.7219964
148,23,1,0.5323404
149,7,0,0.1656705
150,25,0,0.08695916
151,6,1,0.7568536
152,2,0,0.14746036
153,0,1,0.83713114
154,22,0,0.57331306
155,23,1,0.9380281
156,4,0,0.5891372
157,6,1,0.5511494
158,22,0,0.31707263
159,26,1,0.23481302
160,26,1,0.78497684
161,22,1,0.62202233
162,2,0,0.37272963
163,1,0,0.15851083
164,12,0,0.35315487
165,12,1,0.9673926
166,6,1,0.98938483
167,2,0,0.34406286
168,21,1,0.62717783
169,26,0,0.4087327
170,1,1,0.99072284
171,22,1,0.7976417
172,12,0,0.59158164
173,13,0,0.6337726
174,11,0,0.28408694
175,2,0,0.44993144
176,12,0,0.18108273
177,2,1,0.6665501
178,25,1,0.9617979
179,20,0,0.65531856
180,9,0,0.55760986
181,17,0,0.20115173
182,28,0,0.3017687
183,22,1,0.9058826
184,0,0,0.54071623
185,8,0,0.4070965
186,28,0,0.01990884
187,11,0,0.28541172
188,20,1,0.9683119
189,13,1,0.8155354
190,1,1,0.7975096
191,1,0,0.16513513
192,25,0,0.11148588
193,15,0,0.024430659
194,2,0,0.4245271
195,15,1,0.97736406
196,1,0,0.4264337
197,22,0,0.033232085
198,2,1,0.41055688
199,6,0,0.2616383
200,2,1,0.24554573
201,13,0,0.45261335
202,11,0,0.29190198
203,16,1,0.37383324
204,27,0,0.59910524
205,22,1,0.5194893
206,1,1,0.24736412
207,13,1,0.4523456
208,23,0,0.29420692
209,19,0,0.39907774
210,20,0,0.24120189
211,28,1,0.5509656
212,13,0,0.44022042
213,27,1,0.58435464
214,16,1,0.8002538
215,15,0,0.3243978
216,16,0,0.43895897
217,16,1,0.94260734
218,19,1,0.96967566
219,12,0,2.8327662e-05
220,8,1,0.31785607
221,1,1,0.59856075
222,11,0,0.4702289
223,18,0,0.45234287
224,13,0,0.38052264
225,10,1,0.5065582
226,16,1,0.7195975
227,12,0,0.20912158
228,22,1,0.54080576
229,3,0,0.20122379
230,2,1,0.9985688
231,3,0,0.2540979
232,22,0,0.22849078
233,8,0,0.66941273
234,15,0,0.18602824
235,23,1,0.48775944
236,2,1,0.5916654
237,23,1,0.21315926
238,25,0,0.19933526
239,12,1,0.5645081
240,21,1,0.3392678
241,20,0,0.39736277
242,11,1,0.699477
243,7,1,0.55998397
244,28,0,0.356693
245,10,1,0.8046689
246,1,1,0.80577016
247,22,1,0.12835796
248,25,1,0.9549314
249,25,1,0.27653423
250,11,0,0.4113358
251,14,1,0.6076343
252,14,1,0.8411191
253,1,1,0.94366777
254,15,0,0.47786835
255,16,1,0.44242242
256,9,1,0.91292095
257,25,0,0.349718
258,2,1,0.546868
259,5,1,0.88850033
260,7,0,0.5392805
261,16,0,0.66276985
262,2,1,0.398938
263,8,1,0.89334756
264,26,0,0.13832463
265,11,1,0.7980503
266,2,1,0.5879774
267,23,1,0.95721215
268,10,1,0.82584006
269,13,1,0.50899076
270,16,0,0.7009145
271,19,1,0.78416866
272,11,1,0.5195073
273,27,1,0.4775159
274,4,1,0.43233046
275,24,0,0.050416112
276,19,1,0.71092325
277,21,1,0.6608971
278,16,1,0.99503917
279,1,0,0.38457048
280,10,1,0.4287604
281,15,1,0.5389638
282,15,0,0.40158623
283,16,0,0.13939573
284,22,0,0.2107166
285,22,0,0.16912407
286,1,0,0.1780953
287,13,0,0.22114159
288,6,0,0.48181793
289,5,0,0.36141673
290,26,0,0.112113714
291,15,1,0.59863967
292,1,1,0.54693806
293,0,1,0.5741808
294,18,0,0.33220914
295,26,1,0.77119654
296,5,1,0.6469819
297,18,1,0.8075484
298,25,0,0.6959988
299,23,0,0.84293926
300,14,1,0.92498505
301,15,1,0.6088746
302,2,0,0.29829347
303,6,1,0.4574996
304,14,1,0.64620435
305,10,0,0.5438934
306,17,0,0.6332898
307,26,0,0.07481325
308,27,1,0.7892446
309,17,1,0.59447247
310,2,0,0.16524489
311,10,1,0.5010427
312,3,0,0.36134955
313,17,1,0.9997739
314,3,0,0.5234043
315,27,0,0.71241057
316,14,0,0.10597155
317,15,1,0.33864957
318,21,1,0.531184
319,17,0,0.16260445
320,14,1,0.5505669
321,5,0,0.12524845
322,18,0,0.47700262
323,13,1,0.9962043
324,9,1,0.47086412
325,2,1,0.82860696
326,16,1,0.58485955
327,17,0,0.32032105
328,11,1,0.20961206
329,8,0,0.32081985
330,13,0,0.52707314
331,26,1,0.94945806
332,2,1,0.87368447
333,14,0,0.11826081
334,20,1,0.38765615
335,1,0,0.5372763
336,12,0,0.53098416
337,17,0,0.5738365
338,13,0,0.16098642
339,3,1,0.99590176
340,8,1,0.4376297
341,16,1,0.71486247
342,17,0,0.0583284
343,25,1,0.66516596
344,25,0,0.10100076
345,3,0,0.4406285
346,10,1,0.6055303
347,15,0,0.19793417
348,6,1,0.473998
349,10,1,0.47410178
350,2,0,0.10969837
351,13,0,0.55626
352,8,1,0.84908134
353,14,0,0.07835442
354,4,0,0.5368205
355,5,0,0.00618382
356,2,1,0.50292563
357,23,0,0.020654099
358,23,1,0.9035507
359,18,0,0.057108317
360,23,1,0.6902865
361,25,0,0.5544002
362,12,1,0.81629705
363,11,1,0.91491127
364,8,0,0.104128204
365,4,0,0.42745283
366,12,0,0.41042855
367,2,0,0.5098888
368,19,1,0.54584515
369,15,0,0.20824
370,16,0,0.73095083
371,2,0,0.1397796
372,12,0,0.09221917
373,9,1,0.88426524
374,6,0,0.38351217
375,25,1,0.5094714
376,13,1,0.9050177
377,18,1,0.76311535
378,8,0,0.307342
379,15,0,0.5033018
380,16,0,0.5674399
381,27,1,0.30497777
382,10,1,0.7832765
383,1,1,0.8016852
384,4,0,0.11786762
385,10,0,0.38330105
386,27,1,0.77042127
387,18,1,0.48829788
388,11,0,0.36499065
389,25,1,0.9172527
390,6,1,0.58888644
391,13,0,0.217514
392,28,0,0.23382369
393,18,1,0.4603528
394,25,0,0.17756872
395,12,0,0.012611256
396,24,1,0.9897031
397,27,0,0.15116702
398,7,1,0.9047437
399,18,1,0.9787941
400,21,1,0.52655613
401,8,1,0.89975816
402,16,1,0.34553373
403,8,1,0.54340416
404,9,1,0.44030616
405,20,0,0.5920769
406,2,0,0.078716956
407,15,0,0.23422325
408,8,0,0.59014004
409,3,1,0.44577953
410,3,1,0.93684316
411,9,0,0.473355
412,23,0,0.08607483
413,11,1,0.8090641
414,14,1,0.8595168
415,13,0,0.2751399
416,1,0,0.15933402
417,7,1,0.58384323
418,25,1,0.5418512
419,11,1,0.55831695
420,22,1,0.44951317
421,13,0,0.26628742
422,21,1,0.47506744
423,0,1,0.4427125
424,21,0,0.53125584
425,26,1,0.63904196
426,11,0,0.22859553
427,23,1,0.6140269
428,22,0,0.36455795
429,19,0,0.38110137
430,18,0,0.72858447
431,13,1,0.9008209
432,25,1,0.8716395
433,11,0,0.3240958
434,16,0,0.45831925
435,13,0,0.23506646
436,27,1,0.6729677
437,0,1,0.9715887
438,8,0,0.46477085
439,26,0,0.21253172
440,24,0,0.6050443
441,3,1,0.51073223
442,13,0,0.27565962
443,25,1,0.27134055
444,9,1,0.38776597
445,13,0,0.6745959
446,8,1,0.703486
447,15,0,0.1598387
448,15,1,0.6993339
449,26,1,0.9043746
450,1,0,0.21601582
451,25,0,0.16504435
452,22,0,0.6241402
453,8,1,0.7066151
454,11,0,0.38744545
455,10,1,0.83846855
456,8,0,0.5798549
457,6,1,0.24942768
458,19,0,0.70547175
459,2,1,0.41847435
460,1,1,0.97097796
461,20,0,0.42270228
462,6,0,0.62294084
463,25,0,0.10439737
464,13,1,0.3053431
465,21,0,0.44559485
466,5,1,0.37007493
467,11,1,0.6121141
468,2,1,0.8403064
469,0,1,0.24815641
470,13,0,0.31801063
471,28,1,0.95175374
472,21,0,0.5938895
473,15,1,0.971254
474,16,0,0.2440733
475,1,1,0.84909546
476,1,0,0.1310376
477,13,1,0.49330732
478,15,1,0.7961105
479,28,0,0.43845046
480,6,1,0.4986996
481,18,1,0.40051076
482,13,1,0.659994
483,6,1,0.83571935
484,19,1,0.88522255
485,11,0,0.24072385
486,13,1,0.99001956
487,11,1,0.61820453
488,2,1,0.7084088
489,1,0,0.14874193
490,22,1,0.86702865
491,16,1,0.54945296
492,16,0,0.27717
493,6,0,0.097647734
494,22,0,0.19971305
495,8,1,0.48879266
496,23,0,0.4666449
497,5,0,0.45417506
498,10,0,0.13385117
499,12,1,0.8981806
500,4,0,0.29000047
501,7,0,0.16818438
502,13,0,0.23199552
503,11,1,0.39345917
504,13,0,0.5635132
505,26,0,0.2614595
506,6,0,0.6478249
507,2,1,0.3963732
508,19,1,0.77126604
509,15,1,0.45505273
510,16,1,0.70470566
511,16,0,0.67382866
512,21,1,0.65895027
513,5,0,0.39240903
514,19,1,0.7815764
515,15,1,0.76126266
516,2,0,0.44464025
517,15,0,0.17643258
518,22,1,0.47947934
519,26,1,0.6484397
520,14,1,0.50135165
521,7,0,0.50282305
522,4,1,0.81385446
523,10,1,0.9792311
524,6,1,0.67651093
525,25,0,0.6838334
526,1,1,0.9811686
527,1,0,0.2565001
528,28,1,0.957781
529,20,0,0.53620166
530,10,1,0.49055177
531,1,1,0.96413314
532,13,1,0.52811676
533,4,1,0.6628639
534,19,0,0.03535842
535,16,0,0.5818165
536,12,0,0.039164867
537,9,1,0.6000357
538,3,0,0.35528222
539,7,0,0.75628173
540,26,1,0.58068585
541,20,1,0.46171287
542,22,0,0.3959237
543,11,1,0.8993908
544,24,1,0.5937267
545,27,1,0.29004103
546,12,1,0.41923788
547,14,1,0.909547
548,18,1,0.67091155
549,12,0,0.23180123
550,16,1,0.4135525
551,19,0,0.25200635
552,2,0,0.3671758
553,22,1,0.52799016
554,4,0,0.45247132
555,27,1,0.8526247
556,13,1,0.9695113
557,6,1,0.9253832
558,11,1,0.7377478
559,1,0,0.28818688
560,8,1,0.3847442
561,15,0,0.41183808
562,16,0,0.05396526
563,3,0,0.039271273
564,10,1,0.76460826
565,8,0,0.3456647
566,14,1,0.6070356
567,28,1,0.822784
568,16,0,0.5815698
569,13,0,0.35583043
570,1,1,0.7195424
571,12,1,0.93058515
572,2,1,0.29929435
573,28,0,0.40679148
574,5,0,0.32708323
575,4,0,0.3451553
576,13,1,0.9424646
577,11,0,0.13246861
578,10,1,0.6191154
579,0,0,0.12540329
580,3,0,0.19728296
581,10,0,0.29100633
582,17,0,0.83237743
583,14,0,0.12942493
584,20,0,0.3113686
585,6,1,0.9130288
586,2,0,0.22386183
587,7,1,0.68102103
588,16,0,0.8932027
589,11,0,0.08703609
590,25,1,0.6740088
591,21,0,0.31574708
592,13,0,0.26017067
593,15,0,0.30681366
594,26,1,0.8193011
595,22,0,0.37057865
596,7,0,0.24891701
597,2,0,0.65913063
598,8,0,0.101636045
599,18,0,0.33437672
600,1,1,0.3979738
601,16,1,0.4598598
602,16,1,0.630934
603,9,0,0.53332335
604,25,0,0.36881843
605,23,0,0.17297865
606,20,1,0.8494192
607,2,0,0.34356847
608,22,1,0.248647
609,17,0,0.32654715
610,9,0,0.32748812
611,11,1,0.5888571
612,17,1,0.5983035
613,14,1,0.26607177
614,2,1,0.41873404
615,27,0,0.07047724
616,20,0,0.5051367
617,26,0,0.2196704
618,22,0,0.27462712
619,20,1,0.5627517
620,11,0,0.09093179
621,13,0,0.17487262
622,6,1,0.39619866
623,6,1,0.51665676
624,17,1,0.424223
625,26,0,0.50456506
626,13,1,0.5601504
627,7,1,0.88376915
628,8,0,0.34285295
629,11,0,0.2012087
630,13,0,0.18620537
631,12,1,0.7001459
632,25,0,0.41003427
633,10,1,0.9267793
634,27,0,0.33110604
635,18,0,0.14694826
636,8,0,0.3713007
637,3,0,0.3806034
638,1,0,0.11503359
639,18,0,0.30276406
640,15,0,0.5357345
641,6,1,0.6362667
642,18,1,0.99134666
643,18,1,0.9627902
644,1,1,0.9963347
645,11,1,0.25340798
646,3,1,0.39135134
647,15,1,0.9870767
648,25,0,0.30996692
649,11,0,0.075797655
650,26,0,0.42434233
651,27,0,0.35985628
652,14,0,0.17360106
653,17,0,0.1935253
654,8,0,0.256369
655,27,1,0.80385625
656,21,0,0.1431018
657,27,0,0.37698096
658,6,1,0.64733195
659,27,1,0.64601713
660,12,1,0.95806575
661,2,0,0.0434318
662,1,1,0.42266166
663,21,1,0.20166345
664,4,0,0.36062172
665,11,1,0.6274329
666,18,1,0.9219896
667,23,0,0.04203727
668,6,1,0.55420274
669,13,1,0.6778502
670,28,1,0.70503765
671,12,0,0.4786668
672,15,1,0.87925756
673,25,0,0.49258187
674,23,0,0.08994966
675,10,0,0.27827924
676,27,1,0.67467064
677,12,1,0.21654624
678,23,1,0.4725145
679,6,0,0.088614814
680,0,1,0.43956706
681,4,1,0.39662698
682,18,1,0.24877484
683,18,1,0.6898284
684,12,0,0.39184168
685,6,1,0.3980134
686,18,0,0.10425037
687,2,0,0.16716471
688,16,0,0.5527889
689,25,0,0.08660907
690,3,0,0.6497683
691,2,1,0.8574367
692,15,0,0.1041107
693,7,0,0.10680609
694,17,0,0.18907233
695,0,1,0.9767553
696,9,0,0.66003686
697,15,1,0.9027037
698,9,1,0.80579746
699,22,0,0.44924003
700,15,0,0.28672627
701,16,0,0.22921161
702,11,1,0.59932065
703,24,0,0.030551119
704,11,0,0.581563
705,16,0,0.35925564
706,21,1,0.7833263
707,25,1,0.23714624
708,16,0,0.5253258
709,24,1,0.5257421
710,2,1,0.952675
711,9,1,0.46609423
712,3,1,0.86857563
713,18,1,0.5186902
714,25,0,0.5215286
715,7,0,0.45068136
716,13,0,0.62860906
717,20,0,0.28187412
718,7,1,0.88377917
719,4,0,0.5026044
720,26,1,0.99913174
721,7,0,0.30065212
722,16,0,0.72543156
723,5,1,0.51209116
724,15,1,0.7779514
725,19,0,0.087364525
726,23,0,0.63827986
727,20,1,0.23741527
728,14,0,0.2407218
729,12,0,0.47471112
730,28,0,0.43615964
731,1,0,0.3984723
732,12,0,0.40356514
733,26,0,0.8186289
734,9,0,0.22232126
735,0,0,0.60521895
736,23,1,0.9415111
737,6,1,0.8928226
738,1,1,0.370531
739,12,0,0.2827011
740,21,1,0.5796628
741,8,1,0.41515216
742,15,1,0.93828076
743,1,0,0.47723556
744,9,0,0.2667803
745,2,0,0.45468444
746,2,1,0.4661494
747,10,0,0.015586353
748,2,1,0.69761616
749,5,1,0.8578742
750,17,0,0.3324559
751,12,1,0.7776515
752,8,1,0.494622
753,6,0,0.01683387
754,25,1,0.7700595
755,3,1,0.6838227
756,19,0,0.33822295
757,22,0,0.16935557
758,23,1,0.99286
759,25,0,0.24801663
760,0,0,0.2602469
761,18,1,0.887068
762,7,1,0.98211825
763,16,1,0.5620834
764,17,0,0.089045376
765,16,1,0.89582086
766,13,1,0.8490333
767,16,0,0.3310084
768,26,0,0.22256343
769,26,0,0.3878329
770,10,1,0.65267193
771,25,0,0.5384199
772,7,0,0.14924237
773,0,0,0.38237104
774,8,0,0.16765958
775,4,1,0.59870124
776,27,1,0.5842035
777,22,1,0.87734866
778,1,1,0.9904951
779,18,1,0.50293756
780,15,1,0.734025
781,16,0,0.30288145
782,26,1,0.3745265
783,2,0,0.57199854
784,26,0,0.18897916
785,9,0,0.08227544
786,1,1,0.65007025
787,10,1,0.8956972
788,16,0,0.47874817
789,20,1,0.4996999
790,16,0,0.34093356
791,11,1,0.4209006
792,25,0,0.40762207
793,13,1,0.6425358
794,14,0,0.22537677
795,3,1,0.9910487
796,12,0,0.49011493
797,26,1,0.51237947
798,2,1,0.69419515
799,15,0,0.55987704
800,22,1,0.79121405
801,16,0,0.0031089254
802,9,0,0.4947883
803,17,1,0.6353097
804,16,1,0.6746216
805,16,1,0.91076416
806,15,1,0.5943246
807,1,0,0.27569655
808,3,0,0.010558423
809,9,0,0.39842868
810,1,0,0.053891525
811,22,0,0.63669384
812,22,1,0.94788736
813,24,1,0.52592
814,28,1,0.45411816
815,13,0,0.0028752882
816,27,0,0.22948265
817,28,0,0.061287526
818,2,0,0.3087248
819,28,0,0.037999753
820,1,1,0.42443052
821,10,1,0.4468601
822,11,1,0.79330724
823,1,0,0.08112828
824,16,0,0.064863004
825,11,1,0.42417437
826,14,1,0.38925764
827,13,0,0.52115923
828,10,0,0.12292874
829,3,1,0.23774156
830,8,0,0.20830746
831,26,0,0.18871412
832,6,1,0.73716545
833,16,0,0.3140322
834,8,1,0.2704128
835,0,0,0.36657324
836,18,0,0.5787483
837,14,1,0.3880255
838,23,1,0.92251575
839,14,0,0.113524586
840,28,0,0.3009937
841,22,1,0.29803538
842,23,0,0.71916074
843,28,1,0.73433703
844,3,1,0.60640305
845,21,0,0.63831586
846,2,0,0.47497335
847,13,1,0.9645202
848,7,1,0.9600508
849,16,1,0.5198838
850,25,1,0.9266423
851,11,1,0.9977621
852,26,0,0.38840988
853,15,0,0.6780923
854,7,1,0.91149926
855,1,0,0.25032544
856,21,0,0.2360967
857,15,1,0.68631655
858,10,1,0.6848367
859,3,0,0.09950346
860,4,0,0.69220114
861,14,1,0.82371974
862,8,0,0.1555422
863,15,0,0.40148
864,2,1,0.658294
865,2,1,0.31381783
866,14,0,0.00023992693
867,1,0,0.1397751
868,7,1,0.8804823
869,1,1,0.7750523
870,25,1,0.48142686
871,3,0,0.19950505
872,11,1,0.87906003
873,7,1,0.5135328
874,21,1,0.40656838
875,15,0,0.4668513
876,3,1,0.88550913
877,16,0,0.019332448
878,19,1,0.7420871
879,15,1,0.99673647
880,28,0,0.015633462
881,23,0,0.54798406
882,9,1,0.49777418
883,21,0,0.0025554614
884,1,0,0.13621683
885,21,0,0.20483409
886,10,0,0.40077886
887,1,0,0.2798963
888,7,0,0.36536515
889,8,1,0.37896907
890,15,1,0.50918823
891,4,0,0.016848618
892,10,1,0.999696
893,25,0,0.33624086
894,2,1,0.6928048
895,8,0,0.4007912
896,28,1,0.6047723
897,26,0,0.56733686
898,16,0,0.00036768176
899,2,0,0.6085576
900,18,1,0.80444735
901,13,1,0.72143763
902,27,0,0.14641628
903,15,1,0.7692733
904,27,0,0.45188096
905,21,0,0.51308995
906,15,1,0.9897691
907,13,0,0.43215775
908,14,0,0.30475786
909,11,1,0.9185918
910,10,0,0.07344157
911,5,1,0.45856467
912,4,1,0.65379024
913,27,1,0.49013412
914,21,0,0.03306485
915,1,0,0.09214656
916,4,1,0.7514585
917,4,1,0.8626519
918,14,1,0.6230334
919,22,1,0.5726272
920,24,0,0.49981928
921,9,0,0.018601889
922,1,1,0.5862733
923,7,0,0.35815907
924,12,1,0.75828373
925,2,1,0.5086023
926,15,0,0.48355302
927,14,1,0.58959085
928,12,0,0.043053843
929,7,0,0.5100497
930,19,0,0.18443589
931,8,0,0.15947504
932,10,1,0.9036257
933,28,0,0.17304
934,20,0,0.028113736
935,25,1,0.89647806
936,27,1,0.7194619
937,0,0,0.4647082
938,4,0,0.7249183
939,23,1,0.8399764
940,27,0,0.40129104
941,10,1,0.6050397
942,2,1,0.9309539
943,17,0,0.5114928
944,27,1,0.51351887
945,3,0,0.7383161
946,14,1,0.6347677
947,11,1,0.6242827
948,12,1,0.99449074
949,15,0,0.10278052
950,6,0,0.29243925
951,24,0,0.86135703
952,27,0,0.5175115
953,3,0,0.50377804
954,27,1,0.9014843
955,10,0,0.4953088
956,23,1,0.5136285
957,7,1,0.58587617
958,2,0,0.63559526
959,15,1,0.5584721
960,26,1,0.88183165
961,13,1,0.65231043
962,6,0,0.3400443
963,11,0,0.647517
964,9,1,0.55391353
965,16,1,0.55396926
966,13,0,0.7432335
967,11,0,0.32575133
968,2,1,0.8750092
969,2,0,0.51635724
970,20,1,0.9661732
971,13,0,0.6158165
972,27,1,0.52970004
973,6,0,0.1856973
974,0,0,0.34542596
975,3,1,0.88107854
976,22,0,0.026374215
977,14,0,0.47954008
978,27,0,0.22708079
979,16,1,0.21801455
980,12,1,0.31081477
981,15,0,0.21004888
982,14,1,0.36422813
983,16,1,0.8903557
984,26,0,0.29575318
985,8,0,0.12973797
986,18,1,0.48663035
987,16,0,0.0853151
988,9,0,0.26785633
989,18,1,0.74194294
990,24,0,0.49846053
991,6,0,0.1784725
992,6,0,0.086969085
993,25,0,0.4827829
994,6,0,0.21420388
995,16,1,0.9761663
996,20,1,0.97683036
997,16,0,0.5479548
998,8,0,0.19389163
999,27,0,0.5715854
1000,13,1,0.92728174
1001,20,1,0.69989043
1002,17,0,0.4695153
1003,16,1,0.8181275
1004,10,0,0.14066882
1005,6,0,0.2318377
1006,15,1,0.5376722
1007,10,1,0.15008867
1008,9,0,0.6879285
1009,18,0,0.6326058
1010,25,0,0.35058218
1011,9,0,0.796001
1012,0,1,0.65696895
1013,25,1,0.83647156
1014,25,1,0.44690478
1015,16,1,0.8291831
1016,25,0,0.080351315
1017,9,1,0.5875832
1018,8,1,0.6658464
1019,13,0,0.28722933
1020,21,1,0.38951188
1021,13,0,0.71833766
1022,1,0,0.11647156
1023,22,0,0.28363582
1024,18,1,0.78484184
1025,0,1,0.4124307
1026,12,1,0.49923667
1027,13,1,0.6453494
1028,3,1,0.4409174
1029,28,0,0.25843406
1030,8,1,0.66176116
1031,18,1,0.95963204
1032,16,0,0.6083342
1033,26,1,0.48376372
1034,13,0,0.57500106
1035,15,0,0.40017822
1036,20,0,0.46375254
1037,13,0,0.5942859
1038,12,1,0.8687867
1039,27,0,0.20048001
1040,3,0,0.49632958
1041,11,1,0.442987
1042,22,0,0.7346926
1043,13,1,0.6262832
1044,8,1,0.86444277
1045,6,1,0.7244932
1046,17,1,0.90659606
1047,10,0,0.7355276
1048,22,1,0.581628
1049,12,1,0.951482
1050,22,0,0.3431788
1051,13,0,0.2732541
1052,24,0,0.03018042
1053,11,1,0.63324857
1054,16,1,0.6689027
1055,12,1,0.44174573
1056,2,1,0.98502916
1057,28,1,0.5542148
1058,0,1,0.67151743
1059,18,1,0.6742384
1060,17,1,0.8812398
1061,6,0,0.21093334
1062,15,0,0.18029706
1063,24,0,0.7135256
1064,8,1,0.62774384
1065,2,0,0.35530713
1066,6,1,0.4948555
1067,15,1,0.62906694
1068,13,1,0.470546
1069,18,1,0.60633576
1070,10,1,0.9957677
1071,11,1,0.6326718
1072,10,0,0.5094007
1073,17,1,0.72984225
1074,18,1,0.89812523
1075,25,0,0.20939073
1076,15,0,0.15524928
1077,26,1,0.609438
1078,21,0,0.1749213
1079,23,1,0.6279533
1080,4,0,0.21211071
1081,3,1,0.9937552
1082,23,1,0.68554443
1083,1,0,0.25215265
1084,2,0,0.3105601
1085,12,0,0.41289648
1086,13,1,0.7112698
1087,25,1,0.8710438
1088,13,0,0.34317836
1089,6,0,0.6369585
1090,7,0,0.090786874
1091,15,0,0.4366495
1092,15,0,0.20446658
1093,15,0,0.12578449
1094,3,1,0.89360446
1095,5,0,0.44480276
1096,4,0,0.30843982
1097,5,1,0.90279174
1098,10,1,0.62058574
1099,2,1,0.7888077
1100,20,1,0.41335198
1101,16,0,0.4873488
1102,18,1,0.7408111
1103,19,1,0.40778857
1104,13,0,0.38208258
1105,27,1,0.9257156
1106,22,1,0.9953219
1107,16,0,0.027137937
1108,8,1,0.71378654
1109,19,1,0.42909074
1110,19,1,0.9978688
1111,2,0,0.2544013
1112,6,0,0.6404504
1113,10,0,0.36516196
1114,11,1,0.4276214
1115,13,0,0.4635882
1116,13,0,0.06914071
1117,12,0,0.27804375
1118,8,1,0.45932296
1119,16,0,0.05993051
1120,13,1,0.43762666
1121,12,1,0.9400886
1122,2,1,0.75310326
1123,2,1,0.93641764
1124,20,0,0.7544575
1125,22,1,0.5281373
1126,8,0,0.16295922
1127,2,0,0.4244526
1128,28,1,0.24562596
1129,4,1,0.91198957
1130,14,0,0.05902097
1131,12,0,0.23670155
1132,16,1,0.42918554
1133,19,0,0.6972971
1134,7,1,0.34279287
1135,13,0,0.24117765
1136,8,1,0.95264953
1137,13,1,0.96775144
1138,2,1,0.97889996
1139,2,0,0.819093
1140,3,1,0.36258957
1141,1,1,0.36332285
1142,17,0,0.1591386
1143,1,1,0.4162411
1144,26,1,0.61442894
1145,23,0,0.42692593
1146,16,1,0.98787236
1147,10,0,0.67746687
1148,10,0,0.5572745
1149,19,0,0.45628133
1150,14,1,0.3856319
1151,11,1,0.9707464
1152,11,1,0.44843557
1153,13,0,0.21510358
1154,17,0,0.25354746
1155,3,1,0.9891227
1156,13,0,0.7343208
1157,24,1,0.68267214
1158,25,0,0.22083816
1159,18,1,0.98760265
1160,20,0,0.33175159
1161,16,0,0.11865181
1162,10,0,0.03626849
1163,23,0,0.06197138
1164,2,1,0.9551261
1165,18,0,0.39687026
1166,3,0,0.8086535
1167,20,1,0.43820378
1168,2,0,0.17461175
1169,28,0,0.25796753
1170,13,1,0.50121367
1171,18,0,0.17126794
1172,26,1,0.49622422
1173,28,0,0.2904881
1174,13,1,0.93537825
1175,16,0,0.10011797
1176,4,1,0.3817677
1177,0,0,0.08195659
1178,21,1,0.9565015
1179,1,0,0.5053813
1180,5,1,0.7367909
1181,16,1,0.55923444
1182,7,1,0.7299113
1183,11,0,0.6153671
1184,2,1,0.52663904
1185,18,0,0.19308536
1186,12,0,0.33829054
1187,15,0,0.18975428
1188,13,0,0.30574137
1189,16,1,0.6572946
1190,16,0,0.04813226
1191,5,1,0.4892509
1192,0,1,0.6051106
1193,11,1,0.78535664
1194,2,0,0.19885068
1195,4,1,0.80833554
1196,25,0,0.2506077
1197,10,0,0.2259512
1198,26,0,0.3027028
1199,4,1,0.64364034
1200,5,1,0.51355064
1201,13,0,0.4778553
1202,27,0,0.43843699
1203,11,1,0.7157419
1204,11,1,0.50013494
1205,7,1,0.48067608
1206,10,1,0.37213546
1207,13,0,0.22847986
1208,21,1,0.8263261
1209,4,0,0.6093755
1210,20,1,0.98924017
1211,12,0,0.29955205
1212,12,1,0.7690713
1213,19,0,0.20280993
1214,8,1,0.54272497
1215,2,0,0.09155523
1216,2,1,0.5342616
1217,12,0,0.43958816
1218,14,0,0.3900617
1219,8,1,0.969191
1220,7,0,0.701544
1221,15,0,0.4833757
1222,12,0,0.37279156
1223,8,0,0.04638753
1224,13,0,0.22427443
1225,16,1,0.77195257
1226,24,1,0.38322738
1227,2,0,0.34144795
1228,15,1,0.593627
1229,23,1,0.9211562
1230,12,1,0.67623156
1231,14,0,0.5156303
1232,10,1,0.87033236
1233,13,1,0.43209466
1234,11,0,0.10053511
1235,16,0,0.4727033
1236,7,1,0.53846073
1237,16,1,0.680357
1238,11,1,0.3589463
1239,10,1,0.95197386
1240,24,0,0.1449241
1241,27,0,0.5184292
1242,22,1,0.42312852
1243,19,0,0.79152715
1244,3,0,0.030286936
1245,1,0,0.26498595
1246,10,1,0.762067
1247,25,0,0.27567434
1248,13,1,0.5175311
1249,12,0,0.5862539
1250,15,1,0.57953894
1251,16,0,0.5872599
1252,3,0,0.4379363
1253,1,1,0.28615257
1254,14,1,0.84545434
1255,20,0,0.12620068
1256,0,0,0.34424582
1257,2,1,0.4798198
1258,10,0,0.18740077
1259,10,1,0.6207818
1260,3,0,0.5970563
1261,6,0,0.40669003
1262,17,1,0.9974935
1263,3,1,0.68324035
1264,20,1,0.7684052
1265,1,1,0.9970078
1266,3,1,0.34788746
1267,8,0,0.54662055
1268,2,1,0.88182414
1269,19,1,0.3110004
1270,22,1,0.83172727
1271,9,0,0.17527512
1272,4,0,0.31451735
1273,23,1,0.6617821
1274,18,0,0.36401638
1275,20,1,0.40468615
1276,8,1,0.9019734
1277,10,0,0.0139639005
1278,10,1,0.19673344
1279,0,0,0.53158784
1280,23,0,0.67462575
1281,17,0,0.028121192
1282,15,1,0.46892443
1283,11,1,0.72317064
1284,1,1,0.98235726
1285,15,0,0.3218353
1286,15,0,0.5126785
1287,5,0,0.1653434
1288,8,0,0.39146113
1289,5,1,0.7608458
1290,16,0,0.14652193
1291,10,1,0.24392948
1292,18,0,0.044430356
1293,0,0,0.6437889
1294,2,0,0.49647203
1295,25,1,0.23369734
1296,19,0,0.084079586
1297,27,1,0.8166193
1298,6,0,0.5383663
1299,19,1,0.76075256
1300,13,0,0.40705195
1301,10,0,0.31931058
1302,16,1,0.6096366
1303,10,0,0.29538852
1304,27,0,0.52605385
1305,1,1,0.96497816
1306,12,0,0.59436697
1307,23,0,0.17140539
1308,15,1,0.9639098
1309,1,0,0.43509242
1310,5,1,0.69365007
1311,15,1,0.46726987
1312,10,0,0.043510634
1313,8,0,0.29379097
1314,20,1,0.96118057
1315,10,0,0.7296247
1316,1,1,0.2688667
1317,0,1,0.6287305
1318,17,1,0.75910074
1319,15,0,0.40806395
1320,13,1,0.5302154
1321,13,1,0.48751384
1322,16,1,0.9521553
1323,28,0,0.7172262
1324,26,1,0.47492576
1325,15,0,0.5997179
1326,16,1,0.96788365
1327,16,1,0.61545306
1328,13,1,0.8998919
1329,20,0,0.3193633
1330,16,1,0.5613563
1331,21,1,0.34417582
1332,25,1,0.97270465
1333,13,1,0.48116747
1334,13,1,0.8437858
1335,16,0,0.26547155
1336,2,1,0.20010948
1337,1,1,0.8305121
1338,11,1,0.8447369
1339,2,1,0.49349323
1340,13,0,0.055915967
1341,22,0,0.67623955
1342,8,1,0.6914664
1343,25,0,0.11814438
1344,22,0,0.4031659
1345,2,1,0.48192924
1346,15,1,0.9219723
1347,7,0,0.32734096
1348,28,1,0.66726345
1349,15,0,0.36695305
1350,12,0,0.31412652
1351,17,1,0.5120142
1352,5,1,0.93574804
1353,13,1,0.6627733
1354,6,1,0.9768986
1355,10,0,0.18858327
1356,0,1,0.8702225
1357,16,0,0.23351184
1358,0,0,0.43655565
1359,10,1,0.83374363
1360,20,1,0.52100337
1361,2,1,0.99804413
1362,21,0,0.45122293
1363,7,1,0.46729776
1364,12,1,0.8276171
1365,0,1,0.61187154
1366,2,1,0.32933304
1367,5,1,0.31647986
1368,7,0,0.1911171
1369,9,0,0.26235354
1370,3,0,0.6110883
1371,11,1,0.7229032
1372,23,0,0.30966818
1373,3,1,0.9684144
1374,6,0,0.18854539
1375,5,1,0.47133875
1376,19,1,0.9221497
1377,24,1,0.94681245
1378,22,1,0.58626723
1379,4,1,0.14673893
1380,19,0,0.37310562
1381,14,0,0.8082401
1382,12,0,0.16225322
1383,2,1,0.41591582
1384,20,1,0.84869385
1385,12,1,0.27079836
1386,15,1,0.94103235
1387,22,0,0.3798574
1388,25,0,0.3867633
1389,6,0,0.63380563
1390,20,1,0.90014297
1391,25,1,0.48012173
1392,25,1,0.929346
1393,12,0,0.44763032
1394,17,1,0.6262035
1395,23,1,0.6456713
1396,20,0,0.5751203
1397,27,1,0.5969823
1398,20,0,0.13389765
1399,15,0,0.22088882
1400,17,1,0.935574
1401,3,0,0.6619572
1402,25,1,0.44137707
1403,8,1,0.81900495
1404,16,0,0.5094473
1405,8,0,0.1344175
1406,6,1,0.52454996
1407,16,1,0.90248305
1408,7,1,0.9842054
1409,24,1,0.7887942
1410,15,0,0.44617388
1411,8,1,0.5618943
1412,4,1,0.5086307
1413,18,1,0.8731448
1414,6,0,0.46713966
1415,11,1,0.95361567
1416,13,0,0.081247546
1417,28,1,0.49072498
1418,12,0,0.18733545
1419,2,0,0.4833784
1420,15,1,0.70788544
1421,28,0,0.27108902
1422,22,1,0.9652996
1423,17,1,0.90016276
1424,0,1,0.97026867
1425,27,0,0.5781875
1426,14,1,0.6573712
1427,12,0,0.48224458
1428,28,1,0.9598145
1429,6,1,0.9993728
1430,11,1,0.76383984
1431,5,1,0.8179998
1432,25,0,0.015290609
1433,16,1,0.99917346
1434,2,0,0.68022865
1435,1,1,0.65578973
1436,8,1,0.73375374
1437,23,0,0.2870883
1438,2,0,0.31730014
1439,21,0,0.13302876
1440,8,1,0.8708447
1441,9,1,0.84794474
1442,16,0,0.39034328
1443,15,1,0.6987063
1444,9,0,0.36062372
1445,19,0,0.15578768
1446,19,0,0.12454255
1447,4,0,0.23348755
1448,10,1,0.6889742
1449,10,1,0.3076392
1450,3,0,0.12726812
1451,26,1,0.6819446
1452,12,1,0.80737466
1453,1,0,0.49453434
1454,1,0,0.1227105
1455,13,1,0.9842466
1456,24,1,0.5061671
1457,1,0,0.39910486
1458,16,0,0.31395075
1459,22,0,0.2925008
1460,13,1,0.4605268
1461,19,0,0.14071812
1462,17,1,0.8666228
1463,3,1,0.89795065
1464,15,1,0.99466115
1465,7,0,0.6127332
1466,0,1,0.58872515
1467,8,1,0.7440092
1468,10,0,0.09578296
1469,17,1,0.7887243
1470,2,0,0.5257782
1471,12,0,0.2813776
1472,14,0,0.2531211
1473,15,0,0.55306566
1474,20,1,0.9715243
1475,14,1,0.4706215
1476,2,0,0.045594048
1477,26,1,0.6554449
1478,25,0,0.33968794
1479,1,1,0.9986374
1480,3,0,0.39130333
1481,16,0,0.12873946
1482,28,1,0.9505149
1483,9,0,0.20940115
1484,2,1,0.5631793
1485,24,1,0.5784866
1486,21,0,0.23616561
1487,20,0,0.086243
1488,11,1,0.9014625
1489,15,0,0.49016133
1490,25,1,0.7339468
1491,3,1,0.5938096
1492,26,1,0.880177
1493,2,1,0.95598024
1494,1,0,0.7732834
1495,23,0,0.23605853
1496,1,0,0.54501003
1497,8,0,0.22086719
1498,12,1,0.3377523
1499,8,0,0.28650612
1500,23,1,0.97515476
1501,27,0,0.32608005
1502,18,0,0.08420687
1503,18,1,0.98242664
1504,11,1,0.83703506
1505,16,1,0.83223444
1506,12,1,0.7124373
1507,10,0,0.07146739
1508,3,1,0.67638683
1509,21,0,0.054945186
1510,13,0,0.15374109
1511,11,1,0.85330826
1512,15,0,0.4834159
1513,13,1,0.6457548
1514,25,0,0.5378797
1515,17,0,0.27368408
1516,25,0,0.64264506
1517,25,0,0.2992792
1518,19,0,0.26298004
1519,0,0,0.4294903
1520,4,0,0.08301876
1521,28,1,0.58632773
1522,1,0,0.2495032
1523,13,0,0.078857504
1524,16,0,0.40715054
1525,0,1,0.5940497
1526,1,1,0.64694285
1527,16,0,0.45964265
1528,0,1,0.9381927
1529,18,1,0.8916861
1530,4,0,0.5956055
1531,2,0,0.27041757
1532,15,1,0.9797657
1533,16,0,0.073928036
1534,22,0,0.29730484
1535,17,1,0.74041796
1536,6,0,0.12807073
1537,10,1,0.47737738
1538,15,0,0.13806088
1539,21,1,0.6223995
1540,27,1,0.6764618
1541,1,1,0.62007445
1542,13,0,0.3609735
1543,6,0,0.36205143
1544,8,0,0.072662294
1545,2,0,0.3033547
1546,5,1,0.66498774
1547,7,1,0.4391235
1548,7,0,0.48004457
1549,15,1,0.65637803
1550,10,0,0.56251085
1551,25,0,0.33777767
1552,8,1,0.8145217
1553,26,1,0.55756944
1554,6,1,0.87411034
1555,22,0,0.15360475
1556,10,0,0.77954316
1557,16,0,0.17450644
1558,0,1,0.47398797
1559,20,0,0.62378377
1560,13,0,0.0634808
1561,8,0,0.13421668
1562,25,0,0.48012766
1563,20,0,0.1710257
1564,25,0,0.49330464
1565,21,1,0.5471093
1566,15,0,0.2150832
1567,1,1,0.6634578
1568,27,0,0.38164267
1569,21,0,0.655022
1570,16,0,0.15955535
1571,16,1,0.8230202
1572,2,0,0.20575656
1573,16,1,0.54344225
1574,1,1,0.7139851
1575,21,1,0.7729917
1576,28,0,0.47832197
1577,15,0,0.39608723
1578,7,1,0.7563974
1579,9,0,0.8079404
1580,5,1,0.45941332
1581,6,0,0.55492157
1582,7,0,0.29426074
1583,23,1,0.71448064
1584,6,1,0.41975412
1585,2,1,0.8277062
1586,1,0,0.3623945
1587,10,0,0.1859708
1588,28,0,0.16687071
1589,24,0,0.8468464
1590,27,1,0.77918476
1591,9,1,0.6650035
1592,16,0,0.026486348
1593,22,0,0.063775524
1594,22,0,0.11150357
1595,11,0,0.22890496
1596,17,1,0.7297403
1597,2,0,0.4554933
1598,17,1,0.6797699
1599,4,1,0.46353564
1600,25,0,0.43879202
1601,15,1,0.6405313
1602,9,0,0.3448384
1603,6,1,0.37911227
1604,24,0,0.13548993
1605,13,1,0.84432876
1606,28,1,0.962167
1607,15,1,0.9278555
1608,21,1,0.2603368
1609,23,0,0.19182856
1610,11,0,0.30724627
1611,26,0,0.6919027
1612,14,1,0.7971831
1613,8,1,0.6380299
1614,8,1,0.902324
1615,10,0,0.57744944
1616,14,0,0.49395952
1617,23,0,0.17747377
1618,23,1,0.8352896
1619,10,1,0.62283194
1620,1,0,0.49088305
1621,1,1,0.38927677
1622,15,0,0.30827352
1623,8,1,0.52431643
1624,13,0,0.0020535912
1625,17,0,0.14440356
1626,20,0,0.54299504
1627,7,1,0.97423345
1628,19,0,0.07441807
1629,18,1,0.46834627
1630,2,0,0.40673894
1631,26,1,0.4976355
1632,7,1,0.41540882
1633,8,1,0.6811958
1634,22,1,0.50144905
1635,2,1,0.9226242
1636,5,1,0.26389852
1637,11,0,0.38856465
1638,20,0,0.07947609
1639,13,0,0.3111091
1640,15,1,0.9652365
1641,11,0,0.58986783
1642,28,0,0.3154199
1643,11,1,0.6889697
1644,21,0,0.30682468
1645,10,1,0.51393735
1646,25,0,0.42342517
1647,25,1,0.45093098
1648,9,0,0.45909512
1649,25,1,0.58054703
1650,15,0,0.60014266
1651,11,1,0.7785596
1652,25,1,0.8194865
1653,0,0,0.15956955
1654,16,0,0.6456956
1655,20,0,0.38273633
1656,16,1,0.83258057
1657,10,0,0.50936943
1658,22,0,0.22913486
1659,10,0,0.05609498
1660,8,0,0.5814981
1661,3,0,0.058386877
1662,28,0,0.12511015
1663,11,1,0.1980483
1664,2,1,0.66903293
1665,15,1,0.75398046
1666,11,1,0.72625536
1667,23,1,0.56199414
1668,23,0,0.5547647
1669,10,1,0.99709356
1670,11,1,0.4615675
1671,4,0,0.5015942
1672,27,0,0.115119465
1673,4,1,0.62493265
1674,20,0,0.33629364
1675,9,0,0.40339264
1676,10,0,0.88692933
1677,0,0,0.23407023
1678,20,1,0.4693043
1679,23,1,0.6224903
1680,19,0,0.21369985
1681,1,0,0.11664388
1682,19,1,0.7721422
1683,13,1,0.8465474
1684,3,0,0.31165844
1685,13,0,0.4468398
1686,24,0,0.09635995
1687,26,0,0.25452816
1688,1,1,0.79835343
1689,19,1,0.9783091
1690,24,1,0.97150844
1691,8,1,0.9979894
1692,2,0,0.2362294
1693,21,1,0.442268
1694,2,0,0.3501178
1695,11,1,0.805028
1696,26,0,0.5937007
1697,0,1,0.51520574
1698,7,0,0.01972755
1699,5,0,0.5675642
1700,5,0,0.51953906
1701,16,0,0.37549588
1702,15,0,0.08127102
1703,25,0,0.16618693
1704,0,0,0.3918638
1705,10,0,0.5114678
1706,16,1,0.24206239
1707,26,1,0.57519966
1708,15,0,0.5816365
1709,22,0,0.121416606
1710,17,0,0.48408595
1711,20,1,0.76159406
1712,0,0,0.36447462
1713,16,0,0.21020727
1714,25,1,0.49526218
1715,3,0,0.20696807
1716,23,0,0.70613307
1717,5,1,0.82857126
1718,25,0,0.30012077
1719,3,0,0.26226234
1720,4,0,0.38205314
1721,5,1,0.67635894
1722,16,1,0.3509916
1723,18,1,0.5481955
1724,26,0,0.860013
1725,25,1,0.62346756
1726,11,1,0.7660191
1727,22,0,0.7395732
1728,18,0,0.32276908
1729,14,0,0.4277477
1730,27,1,0.3885864
1731,19,0,0.5560057
1732,2,1,0.5343586
1733,16,1,0.82355404
1734,4,0,0.2911928
1735,8,1,0.86765623
1736,9,1,0.304299
1737,13,1,0.7935978
1738,26,0,0.4907889
1739,23,1,0.36424065
1740,22,1,0.5668446
1741,27,0,0.09354641
1742,15,0,0.38956046
1743,25,0,0.8252888
1744,22,0,0.34241286
1745,12,0,0.30505663
1746,28,1,0.7206157
1747,27,1,0.9400318
1748,6,0,0.0078500975
1749,13,0,0.16273665
1750,9,1,0.21495555
1751,13,1,0.9497706
1752,16,1,0.58710593
1753,3,1,0.93765
1754,28,1,0.9478185
1755,26,0,0.38512293
1756,0,1,0.62103623
1757,0,0,0.39039767
1758,2,0,0.890581
1759,3,1,0.77115756
1760,25,1,0.91733646
1761,25,0,0.49698347
1762,10,0,0.10684389
1763,14,0,0.52640283
1764,27,0,0.01269539
1765,12,1,0.9889337
1766,9,1,0.6531443
1767,0,0,0.1776757
1768,15,0,0.23755202
1769,21,0,0.21334149
1770,26,1,0.835204
1771,14,0,0.4987713
1772,25,0,0.57781154
1773,28,0,0.5590752
1774,28,0,0.2192284
1775,4,1,0.73675734
1776,12,0,0.23532405
1777,4,0,0.6623934
1778,20,1,0.67959
1779,22,1,0.8666462
1780,2,1,0.4214168
1781,16,1,0.098920465
1782,16,0,0.38079876
1783,12,1,0.91470027
1784,2,0,0.24747387
1785,25,1,0.49764803
1786,20,0,0.00435338
1787,26,1,0.9487202
1788,0,0,0.011496551
1789,28,1,0.29151484
1790,13,1,0.99226964
1791,11,1,0.42112538
1792,2,1,0.889618
1793,28,0,0.116810545
1794,10,0,0.1356746
1795,16,0,0.028496567
1796,12,0,0.43649963
1797,20,1,0.8434647
1798,17,1,0.92268914
1799,5,0,0.35889918
1800,26,1,0.8630502
1801,13,1,0.32011408
1802,14,1,0.8647897
1803,9,1,0.6581104
1804,15,0,0.15901798
1805,0,1,0.87686425
1806,1,0,0.19847904
1807,6,0,0.2760367
1808,0,0,0.2960291
1809,9,0,0.34235784
1810,20,1,0.29881945
1811,25,0,0.53270334
1812,28,1,0.62581664
1813,23,1,0.8083317
1814,23,0,0.0077865752
1815,14,0,0.079212636
1816,16,1,0.5511501
1817,2,0,0.24934909
1818,28,0,0.082538076
1819,25,1,0.75500226
1820,13,0,0.5140857
1821,10,1,0.87971973
1822,12,0,0.1416865
1823,20,1,0.99951565
1824,26,1,0.31583446
1825,20,0,0.493056
1826,15,0,0.010395896
1827,14,0,0.6548634
1828,2,1,0.20049925
1829,8,0,0.33326367
1830,3,1,0.7483269
1831,8,0,0.18230179
1832,2,1,0.4840392
1833,27,0,0.5874374
1834,2,0,0.38132647
1835,8,0,0.2161917
1836,24,0,0.33521882
1837,19,0,0.037022706
1838,16,1,0.486897
1839,12,0,0.6381097
1840,12,1,0.79334253
1841,28,0,0.30574164
1842,2,0,0.22428839
1843,16,0,0.03603455
1844,15,1,0.19339645
1845,2,1,0.5707977
1846,10,0,0.19428773
1847,26,0,0.015362766
1848,26,1,0.5642865
1849,8,0,0.5403585
1850,10,0,0.42593408
1851,26,0,0.5845405
1852,20,0,0.060900867
1853,16,0,0.0020705191
1854,22,0,0.20682842
1855,13,0,0.27786326
1856,21,0,0.37186995
1857,8,0,0.3645286
1858,23,1,0.4883991
1859,14,1,0.9121742
1860,10,1,0.5623325
1861,26,1,0.6306164
1862,11,1,0.5149736
1863,24,1,0.8800018
1864,15,0,0.5526987
1865,9,0,0.19705808
1866,23,1,0.6166564
1867,1,0,0.44339436
1868,25,0,0.5833182
1869,25,1,0.8921365
1870,2,0,0.27539852
1871,22,1,0.75269884
1872,13,1,0.25278085
1873,26,1,0.8704365
1874,1,0,0.2555877
1875,17,0,0.61439675
1876,20,0,0.40650958
1877,6,1,0.9920912
1878,10,0,0.25064385
1879,3,1,0.97049606
1880,15,1,0.3273306
1881,15,0,0.52143246
1882,24,0,0.00031296202
1883,11,0,0.25399616
1884,18,1,0.71574867
1885,21,1,0.9007006
1886,26,1,0.53541535
1887,9,1,0.59900135
1888,9,1,0.69944394
1889,3,1,0.6049282
1890,8,0,0.6957672
1891,11,0,0.26861927
1892,0,0,0.24406399
1893,25,1,0.7524848
1894,10,1,0.9954684
1895,25,0,0.578957
1896,3,1,0.99188215
1897,1,0,0.12702288
1898,16,1,0.9068453
1899,20,0,0.252821
1900,1,0,0.44737506
1901,15,1,0.9219669
1902,13,0,0.54869956
1903,1,1,0.9792002
1904,13,1,0.8741879
1905,28,1,0.5408766
1906,3,1,0.8902807
1907,16,1,0.3351744
1908,16,0,0.2272915
1909,20,1,0.60883725
1910,22,0,0.42180863
1911,27,1,0.969481
1912,15,0,0.46945664
1913,13,0,0.3112007
1914,8,1,0.74764305
1915,10,1,0.7016299
1916,27,1,0.19592145
1917,6,1,0.42428416
1918,1,1,0.59391415
1919,20,1,0.40387547
1920,26,1,0.441906
1921,18,1,0.8523199
1922,13,1,0.11106292
1923,0,1,0.56898236
1924,15,1,0.64015365
1925,15,0,0.28114069
1926,22,1,0.43433157
1927,7,0,0.031116433
1928,11,1,0.44858807
1929,13,0,0.5686785
1930,28,1,0.64324087
1931,13,0,0.0047244956
1932,10,0,0.43159562
1933,21,0,0.23015833
1934,14,1,0.6399553
1935,15,1,0.7643269
1936,1,0,0.067181185
1937,28,0,0.3530414
1938,17,0,0.22851166
1939,16,1,0.48283926
1940,1,1,0.5223225
1941,27,0,0.16386583
1942,8,1,0.75470716
1943,13,1,0.84070057
1944,27,0,0.59496975
1945,27,1,0.6149091
1946,24,0,0.2974973
1947,2,1,0.9588623
1948,6,1,0.779571
1949,23,0,0.31321457
1950,5,1,0.82327104
1951,20,1,0.7309135
1952,10,0,0.27544245
1953,6,0,0.41601014
1954,25,1,0.97750664
1955,7,0,0.3010707
1956,24,0,0.13735461
1957,11,1,0.74253565
1958,13,1,0.6424778
1959,19,0,0.004168926
1960,24,1,0.9781666
1961,3,1,0.65204144
1962,4,0,0.3651775
1963,18,0,0.6981138
1964,2,1,0.5851817
1965,7,0,0.35303307
1966,23,0,0.5426062
1967,0,1,0.63299483
1968,28,1,0.6888531
1969,20,1,0.65112317
1970,20,1,0.58994985
1971,7,0,0.39598522
1972,15,0,0.052468326
1973,16,0,0.4796899
1974,12,1,0.43300092
1975,12,0,0.2612192
1976,27,0,0.44667128
1977,17,0,0.2014318
1978,4,0,0.05592709
1979,15,1,0.58183426
1980,14,0,0.012011317
1981,20,1,0.35811532
1982,24,1,0.44401085
1983,13,1,0.87213767
1984,1,0,0.21778782
1985,4,1,0.42181468
1986,2,1,0.54799014
1987,20,0,0.29007646
1988,9,0,0.17418493
1989,26,0,0.32753152
1990,17,0,0.35612455
1991,18,1,0.5128492
1992,11,0,0.5718834
1993,26,0,0.6077231
1994,25,0,0.043505423
1995,17,1,0.79609114
1996,18,1,0.9190897
1997,17,1,0.6573482
1998,8,0,0.49298087
1999,8,0,0.085288145
2000,12,0,0.13640426
2001,1,0,0.2563364
2002,18,1,0.41309026
2003,17,0,0.00020882254
2004,8,0,0.51791096
2005,2,0,0.3303854
2006,16,1,0.94485545
2007,16,1,0.92609525
2008,3,0,0.19321524
2009,13,0,0.23171048
2010,0,1,0.87439865
2011,28,0,0.21499826
2012,25,0,0.298564
2013,22,1,0.22036074
2014,27,0,0.37173223
2015,2,1,0.60719556
2016,16,0,0.1960536
2017,21,0,0.39053828
2018,9,1,0.38357857
2019,0,1,0.951258
2020,2,1,0.9396477
2021,9,1,0.9051664
2022,28,0,0.35503158
2023,3,1,0.765532
2024,7,1,0.38375965
2025,13,1,0.86856145
2026,24,1,0.8463339
2027,17,1,0.7732872
2028,2,0,0.54672706
2029,14,0,0.121228546
2030,6,1,0.7247151
2031,15,0,0.69721234
2032,16,0,0.12960395
2033,19,0,0.23138736
2034,26,1,0.83759534
2035,22,0,0.52419907
2036,7,1,0.79287297
2037,6,1,0.6221134
2038,17,0,0.43066332
2039,17,1,0.9727983
2040,22,1,0.5248727
2041,8,0,0.46351734
2042,27,0,0.28745076
2043,6,0,0.05857526
2044,24,0,0.23462401
2045,27,0,0.081977
2046,3,0,0.1153824
2047,9,1,0.8082756
2048,25,1,0.836838
2049,17,1,0.8373042
2050,12,0,0.19936036
2051,16,0,0.5644989
2052,3,1,0.9913248
2053,12,1,0.913457
2054,17,1,0.7700791
2055,27,0,0.52395856
2056,22,1,0.96348894
2057,12,0,0.6621089
2058,22,1,0.9595745
2059,10,0,0.3742462
2060,21,0,0.50201714
2061,9,0,0.01701878
2062,1,1,0.38137066
2063,28,0,0.064786546
2064,14,1,0.71342707
2065,2,1,0.8993318
2066,9,1,0.45174673
2067,15,1,0.59460014
2068,6,1,0.6232815
2069,1,1,0.46283036
2070,26,1,0.8721577
2071,26,0,0.15565686
2072,28,1,0.3619375
2073,6,1,0.8038261
2074,2,0,0.3935627
2075,3,1,0.19428402
2076,20,1,0.8281763
2077,1,1,0.55055517
2078,11,0,0.18316767
2079,25,1,0.8863948
2080,12,0,0.67284447
2081,14,1,0.9974843
2082,8,0,0.0333255
2083,18,1,0.37500688
2084,22,1,0.73458165
2085,17,0,0.16487011
2086,3,0,0.8063467
2087,20,1,0.52136683
2088,9,1,0.97191083
2089,8,0,0.07690938
2090,2,1,0.90913934
2091,10,0,0.28515977
2092,8,1,0.5544828
2093,8,1,0.6892791
2094,19,1,0.8917076
2095,25,0,0.5035585
2096,19,0,0.023274433
2097,22,0,0.47636616
2098,16,1,0.99681264
2099,4,0,0.3409634
2100,22,0,0.2956103
2101,13,1,0.5908578
2102,26,1,0.9389436
2103,14,0,0.3674762
2104,16,0,0.51365525
2105,24,1,0.93881893
2106,14,0,0.056692563
2107,2,0,0.33310157
2108,25,1,0.587271
2109,25,0,0.44201204
2110,28,0,0.44403854
2111,6,0,0.47789654
2112,15,0,0.45592153
2113,17,1,0.635915
2114,13,1,0.72360235
2115,2,1,0.97330326
2116,16,0,0.17975911
2117,11,0,0.09691349
2118,25,1,0.6129226
2119,26,1,0.6921437
2120,2,0,0.19267069
2121,26,0,0.43643096
2122,1,0,0.5336881
2123,10,1,0.92589945
2124,10,0,0.02028054
2125,2,0,0.6146004
2126,9,1,0.5646449
2127,3,0,0.48696405
2128,6,1,0.7742187
2129,25,1,0.28373522
2130,6,0,0.17647079
2131,26,0,0.5340538
2132,4,0,0.46266612
2133,21,0,0.46263078
2134,10,1,0.8859065
2135,1,1,0.55705786
2136,20,1,0.9993907
2137,3,1,0.88018364
2138,12,1,0.8990715
2139,12,0,0.012514265
2140,16,1,0.2657631
2141,26,0,0.1798414
2142,25,1,0.7217109
2143,12,0,0.23384508
2144,8,0,0.10957123
2145,11,1,0.81405705
2146,6,1,0.6015632
2147,2,0,0.041915067
2148,9,0,0.21395524
2149,24,1,0.49650273
2150,9,0,0.51301205
2151,12,0,0.47072196
2152,5,0,0.5507982
2153,14,1,0.5455614
2154,4,1,0.6883712
2155,15,0,0.26140082
2156,0,1,0.40382183
2157,25,1,0.49795654
2158,10,1,0.91676605
2159,13,1,0.93671113
2160,16,0,0.28032807
2161,28,1,0.8490646
2162,13,0,0.1531777
2163,16,1,0.5773175
2164,25,0,0.24465881
2165,8,0,0.40339458
2166,5,0,0.5027516
2167,12,0,0.20099421
2168,21,1,0.42339224
2169,7,0,0.09426261
2170,8,0,0.7324526
2171,6,1,0.6791621
2172,13,1,0.3618224
2173,9,1,0.99998736
2174,2,0,0.16382378
2175,11,1,0.65603787
2176,26,1,0.90762657
2177,28,0,0.40373778
2178,12,0,0.08599613
2179,7,1,0.781821
2180,3,1,0.3882991
2181,25,0,0.41186923
2182,15,1,0.962665
2183,28,0,0.14437361
2184,26,1,0.6480566
2185,12,0,0.7184649
2186,13,0,0.07775807
2187,12,0,0.37595952
2188,8,1,0.53492343
2189,7,0,0.027949192
2190,2,1,0.82316
2191,2,0,0.15970558
2192,12,1,0.8634551
2193,10,0,0.11821055
2194,5,1,0.53800154
2195,21,0,0.07039895
2196,9,0,0.41835296
2197,25,0,0.13086234
2198,6,0,0.46212608
2199,23,0,0.39882487
2200,6,1,0.23735844
2201,2,0,0.3012632
2202,8,0,0.17152143
2203,7,1,0.99991035
2204,7,1,0.46346566
2205,1,0,0.58527285
2206,19,0,0.25126734
2207,2,0,0.535518
2208,2,1,0.66421926
2209,8,1,0.82550144
2210,17,1,0.99615496
2211,18,0,0.11502304
2212,16,1,0.40029085
2213,22,1,0.37391314
2214,13,0,0.21217467
2215,8,1,0.60560346
2216,15,1,0.80483556
2217,26,1,0.9836105
2218,7,1,0.5438056
2219,21,0,0.3763991
2220,26,0,0.7442991
2221,13,1,0.98926115
2222,10,1,0.96037847
2223,2,1,0.4697336
2224,22,1,0.6972739
2225,14,0,0.37422657
2226,8,1,0.89840984
2227,11,1,0.98276144
2228,13,0,0.20289426
2229,15,1,0.8047403
2230,24,1,0.724686
2231,27,0,0.42955837
2232,8,1,0.5623292
2233,4,1,0.78500307
2234,2,1,0.6004199
2235,14,1,0.8875723
2236,1,0,0.7142168
2237,28,0,0.40809286
2238,10,1,0.935631
2239,11,1,0.8243791
2240,13,0,0.55791086
2241,25,0,0.24927087
2242,11,0,0.38576916
2243,7,1,0.39576486
2244,15,1,0.4937138
2245,18,1,0.3697404
2246,1,1,0.22854058
2247,8,0,0.48726177
2248,13,0,0.48718932
2249,4,1,0.8948079
2250,26,0,0.13628891
2251,24,1,0.9182425
2252,22,0,0.30960068
2253,1,0,0.45150387
2254,1,0,0.079588436
2255,22,0,0.6279263
2256,28,1,0.575098
2257,25,1,0.36215863
2258,5,1,0.5238705
2259,5,1,0.65585935
2260,13,0,0.35416752
2261,13,1,0.90485376
2262,23,1,0.7444073
2263,26,1,0.5119312
2264,13,0,0.32166186
2265,13,1,0.93718415
2266,13,1,0.8110321
2267,16,0,0.26432392
2268,6,1,0.8943151
2269,2,1,0.7639862
2270,13,1,0.5279008
2271,22,1,0.95661145
2272,26,1,0.5215896
2273,18,0,0.26513678
2274,28,0,0.0015977519
2275,6,0,0.53583217
2276,6,0,0.5949127
2277,4,1,0.59346974
2278,2,1,0.6366587
2279,25,0,0.26997688
2280,14,0,0.41370103
2281,15,0,0.117512494
2282,12,0,0.37290558
2283,15,0,0.26532632
2284,19,1,0.3880712
2285,2,0,0.08787848
2286,0,1,0.19559816
2287,13,1,0.8239814
2288,14,0,0.8470075
2289,7,1,0.9098545
2290,8,0,0.3739142
2291,19,0,0.55344784
2292,10,0,0.4519809
2293,23,1,0.15463412
2294,3,0,0.005033269
2295,14,0,0.051054247
2296,16,1,0.49657825
2297,10,1,0.79455787
2298,15,1,0.3989427
2299,4,1,0.65307283
2300,21,0,0.2989033
2301,12,0,0.5451476
2302,13,0,0.31824613
2303,20,1,0.929985
2304,16,0,0.0047352384
2305,2,1,0.8450906
2306,22,0,0.3628299
2307,17,0,0.11851809
2308,25,0,0.20369168
2309,16,0,0.44801402
2310,2,1,0.71071726
2311,3,1,0.9932447
2312,14,1,0.94069886
2313,10,0,0.3536347
2314,25,1,0.91736233
2315,5,1,0.80307966
2316,8,1,0.8368283
2317,17,0,0.1506787
2318,15,1,0.36061516
2319,28,1,0.5777107
2320,16,0,0.016041508
2321,8,0,0.53256655
2322,24,0,0.18766811
2323,14,0,0.29098147
2324,3,0,0.6115547
2325,20,1,0.9999933
2326,25,0,0.44971406
2327,20,0,0.5430694
2328,26,1,0.9301961
2329,24,1,0.94593954
2330,16,0,0.7425459
2331,7,1,0.15817842
2332,10,1,0.94911677
2333,16,0,0.6956219
2334,9,0,0.18696128
2335,16,1,0.7007629
2336,21,1,0.6277151
2337,7,1,0.6495066
2338,19,1,0.48074996
2339,21,1,0.9890231
2340,4,0,0.33152866
2341,13,0,0.09918118
2342,10,1,0.5572211
2343,26,1,0.66590184
2344,2,0,0.40592286
2345,6,0,0.23206653
2346,10,0,0.44304314
2347,9,1,0.8076102
2348,20,1,0.6333566
2349,10,1,0.8961576
2350,8,1,0.9062032
2351,9,1,0.34308872
2352,0,0,0.4732357
2353,0,1,0.98053074
2354,20,1,0.924543
2355,2,0,0.55258954
2356,8,0,0.4439505
2357,12,0,0.47036976
2358,16,1,0.49040845
2359,9,1,0.49169526
2360,5,0,0.12730347
2361,13,1,0.8712713
2362,1,0,0.63948345
2363,22,1,0.8877863
2364,4,1,0.7618254
2365,1,0,0.14258276
2366,13,0,0.09455287
2367,8,1,0.3693344
2368,11,1,0.6075892
2369,1,1,0.72207034
2370,7,1,0.5829666
2371,16,0,0.3290141
2372,25,0,0.23029333
2373,10,1,0.11119131
2374,15,0,0.13176546
2375,3,1,0.39252022
2376,6,0,0.47896898
2377,21,0,0.20801295
2378,28,1,0.12814279
2379,13,0,0.19132161
2380,7,0,0.4213857
2381,12,1,0.67415416
2382,20,0,0.28918627
2383,25,0,0.7624908
2384,25,0,0.32141575
2385,22,0,0.0387428
2386,14,1,0.41317546
2387,19,1,0.9364118
2388,2,1,0.7303068
2389,26,0,0.28364858
2390,8,1,0.79337496
2391,1,0,0.3777099
2392,10,1,0.98385346
2393,17,0,0.8454714
2394,15,1,0.78245026
2395,26,1,0.9646063
2396,1,1,0.9435705
2397,25,0,0.40241656
2398,16,1,0.36796448
2399,21,0,0.45655987
2400,15,0,0.01371005
2401,14,0,0.16191757
2402,13,0,0.26671243
2403,26,1,0.51911706
2404,16,0,0.27865022
2405,16,1,0.41845822
2406,12,1,0.5809243
2407,27,1,0.9324537
2408,14,1,0.5964558
2409,3,1,0.5715641
2410,5,0,0.43506846
2411,6,0,0.40992418
2412,2,1,0.076383606
2413,18,0,0.24050274
2414,18,0,0.3250445
2415,16,1,0.3961385
2416,8,1,0.44998062
2417,13,0,0.13112777
2418,18,0,0.39100468
2419,20,0,0.3695447
2420,16,0,0.6194888
2421,12,1,0.763715
2422,20,0,0.49477574
2423,8,0,0.20871408
2424,11,0,0.26310217
2425,13,1,0.8588106
2426,0,0,0.3867334
2427,19,0,0.30894348
2428,12,1,0.71378964
2429,6,1,0.7166242
2430,21,1,0.97335345
2431,12,0,0.36726367
2432,26,1,0.5867008
2433,11,1,0.9305163
2434,13,0,0.20157085
2435,26,0,0.35925472
2436,24,1,0.73162484
2437,16,0,0.2173999
2438,20,1,0.45581096
2439,7,0,0.4533514
2440,25,0,0.49748418
2441,8,1,0.8610722
2442,13,0,0.58798397
2443,7,0,0.42836294
2444,12,1,0.39169
2445,3,0,0.26380798
2446,15,0,0.2952566
2447,2,1,0.5613502
2448,0,0,0.3943703
2449,17,0,0.14891392
2450,15,1,0.80904204
2451,11,1,0.3985623
2452,16,0,0.3417226
2453,13,1,0.6705158
2454,17,0,0.3937589
2455,17,0,0.2518123
2456,11,0,0.50270766
2457,16,1,0.79848564
2458,4,1,0.64297014
2459,19,1,0.4583951
2460,13,0,0.11955325
2461,11,0,0.08525523
2462,17,0,0.52710956
2463,11,0,0.2601451
2464,5,1,0.8695047
2465,5,0,0.337919
2466,25,1,0.61331004
2467,12,0,0.4233144
2468,4,0,0.46076366
2469,15,1,0.2747798
2470,13,1,0.8467773
2471,14,1,0.90139353
2472,26,0,0.4218265
2473,12,1,0.3775482
2474,8,1,0.94457626
2475,13,0,0.2716672
2476,21,1,0.31108296
2477,11,0,0.31427968
2478,10,1,0.7359215
2479,16,1,0.79701424
2480,27,1,0.75081825
2481,27,0,0.71121883
2482,13,1,0.76869583
2483,2,0,0.056009375
2484,3,0,0.001710247
2485,16,0,0.10969544
2486,10,0,0.23117507
2487,19,0,0.19194086
2488,23,0,0.17510301
2489,28,0,0.1611995
2490,28,0,0.440156
2491,22,1,0.65774226
2492,27,0,0.23886053
2493,28,1,0.5942906
2494,3,0,0.15094616
2495,8,1,0.4079921
2496,18,1,0.37197384
2497,20,1,0.8751043
2498,11,0,0.038355414
2499,26,1,0.6822972
2500,6,1,0.59926695
2501,16,0,0.61592007
2502,12,1,0.71280736
2503,26,1,0.7575182
2504,25,1,0.51467234
2505,14,0,0.5338356
2506,11,0,0.4744173
2507,17,0,0.15473141
2508,25,1,0.88087994
2509,22,1,0.38285223
2510,0,1,0.9873778
2511,0,1,0.8069183
2512,13,1,0.8935029
2513,1,0,0.7397642
2514,15,1,0.27254558
2515,10,1,0.47974312
2516,2,0,0.43394464
2517,14,1,0.44540575
2518,26,1,0.28226772
2519,22,1,0.6357811
2520,20,0,0.13409878
2521,3,0,0.5810234
2522,10,1,0.95667046
2523,25,0,0.028869277
2524,17,0,0.68460906
2525,19,1,0.7629132
2526,23,0,0.0849319
2527,26,1,0.096169546
2528,18,0,0.2538719
2529,27,0,0.5112735
2530,3,1,0.5425447
2531,3,0,0.6033427
2532,19,1,0.88626873
2533,6,1,0.33967558
2534,2,1,0.7222205
2535,17,0,0.6454781
2536,21,1,0.9190168
2537,8,1,0.94403267
2538,1,0,0.6694242
2539,27,1,0.3925228
2540,18,1,0.99568766
2541,2,0,0.018262018
2542,13,1,0.352696
2543,28,1,0.33664557
2544,16,0,0.35747737
2545,15,1,0.8915222
2546,24,0,0.5707636
2547,28,1,0.48271313
2548,26,0,0.11300499
2549,1,1,0.92029375
2550,13,1,0.8561036
2551,21,0,0.3188645
2552,25,1,0.3114564
2553,27,0,0.15891902
2554,14,0,0.25916392
2555,10,1,0.41134596
2556,6,0,0.2609126
2557,3,1,0.46555695
2558,14,0,0.0742002
2559,6,1,0.8654588
2560,2,0,0.23286413
2561,2,1,0.5762115
2562,26,1,0.6010298
2563,21,1,0.9044948
2564,16,1,0.8827537
2565,24,1,0.52641094
2566,22,0,0.10880392
2567,15,1,0.5223021
2568,26,0,0.112351514
2569,6,0,0.36519563
2570,2,0,0.43752548
2571,27,1,0.8616391
2572,16,1,0.77879715
2573,26,1,0.8296707
2574,23,0,0.07059381
2575,10,0,0.49017775
2576,7,0,0.238336
2577,15,1,0.3583519
2578,14,1,0.5062529
2579,16,0,0.21403567
2580,25,1,0.6288513
2581,11,1,0.49440515
2582,12,0,0.18241628
2583,19,1,0.67388827
2584,12,0,0.7374603
2585,4,1,0.57486117
2586,15,0,0.1357624
2587,10,1,0.8459859
2588,24,1,0.27208126
2589,10,1,0.7128596
2590,7,1,0.7759029
2591,8,1,0.76537067
2592,15,1,0.8193988
2593,5,0,0.20925163
2594,17,0,0.09508022
2595,8,1,0.38067392
2596,17,0,0.23293291
2597,17,0,0.076729864
2598,6,1,0.363428
2599,21,0,0.24462534
2600,2,1,0.3819279
2601,1,0,0.3083336
2602,1,0,0.15760353
2603,18,0,0.71175927
2604,4,0,0.32356265
2605,2,0,0.13939902
2606,6,0,0.32046318
2607,20,0,0.17462063
2608,6,1,0.8389672
2609,25,0,0.44310665
2610,6,0,0.024168855
2611,13,0,0.35937706
2612,16,1,0.64215547
2613,26,0,0.3503476
2614,8,1,0.87665325
2615,4,0,0.08346486
2616,6,0,0.34436396
2617,10,0,0.21506195
2618,15,0,0.31780326
2619,2,0,0.2704597
2620,15,0,0.272381
2621,26,0,0.093351364
2622,25,0,0.21826251
2623,8,0,0.6672356
2624,24,0,0.043468464
2625,28,1,0.6272186
2626,24,0,0.3540098
2627,23,1,0.42427197
2628,9,0,0.16377245
2629,25,1,0.94036704
2630,20,1,0.62040263
2631,11,0,0.16896446
2632,10,1,0.58175963
2633,2,1,0.6538422
2634,2,1,0.48588058
2635,0,0,0.086862385
2636,8,0,0.03226928
2637,2,1,0.700158
2638,5,0,0.2115009
2639,3,0,0.3804236
2640,26,1,0.8043357
2641,16,0,0.117082134
2642,18,1,0.5066808
2643,2,1,0.52633154
2644,8,0,0.047548674
2645,13,1,0.62855226
2646,25,1,0.44327256
2647,22,1,0.47051898
2648,7,1,0.59235156
2649,16,0,0.13050054
2650,12,0,0.2348778
2651,12,1,0.7803558
2652,1,0,0.6387456
2653,6,1,0.9720782
2654,7,0,0.3428052
2655,1,0,0.5180202
2656,19,0,0.20192058
2657,2,1,0.41414616
2658,12,1,0.46760374
2659,11,0,0.77929276
2660,8,0,0.17222218
2661,15,1,0.47212034
2662,20,0,0.3459575
2663,15,0,0.03879871
2664,21,0,0.5231221
2665,22,0,0.18568936
2666,2,1,0.3527682
2667,27,1,0.62241423
2668,6,0,0.67690176
2669,15,0,0.53259504
2670,19,1,0.5509051
2671,2,0,0.49266332
2672,18,1,0.42148557
2673,15,0,0.19052592
2674,13,1,0.5675759
2675,1,1,0.63577753
2676,13,0,0.33296695
2677,9,0,0.58837867
2678,22,0,0.63420796
2679,16,1,0.49569765
2680,9,0,0.17482892
2681,28,0,0.34497806
2682,2,0,0.34506568
2683,0,0,0.5748763
2684,6,0,0.103268586
2685,26,0,0.25910017
2686,4,1,0.8143508
2687,6,0,0.42148557
2688,1,0,0.49634972
2689,13,1,0.98385286
2690,8,1,0.86340135
2691,10,0,0.71542984
2692,21,0,0.19106635
2693,10,1,0.9148167
2694,16,0,0.4298161
2695,1,1,0.96762824
2696,5,1,0.86108524
2697,16,0,0.27478915
2698,6,1,0.818943
2699,2,0,0.08018145
2700,12,1,0.84237313
2701,20,1,0.47540808
2702,26,1,0.5827049
2703,2,1,0.34499493
2704,17,0,0.21284522
2705,3,0,0.18319555
2706,6,0,0.21394563
2707,16,0,0.13139068
2708,6,1,0.93862784
2709,11,0,0.26328596
2710,27,1,0.8391501
2711,12,0,0.454137
2712,27,1,0.71965593
2713,20,1,0.9723166
2714,0,0,0.48305547
2715,1,1,0.6866645
2716,18,1,0.8979063
2717,12,1,0.32283336
2718,25,0,0.2974362
2719,6,0,0.30459803
2720,18,0,0.57902575
2721,12,0,0.6565833
2722,13,0,0.4199053
2723,15,1,0.84722924
2724,14,1,0.6194051
2725,19,0,0.021720782
2726,4,1,0.7047145
2727,11,0,0.5101758
2728,22,0,0.55884624
2729,20,0,0.36505672
2730,2,0,0.09300055
2731,1,0,0.4432772
2732,8,1,0.57968044
2733,0,0,0.44971126
2734,10,1,0.43048808
2735,20,0,0.5064019
2736,10,0,0.27551714
2737,18,0,0.01912096
2738,8,1,0.6120947
2739,14,1,0.903551
2740,18,1,0.75003725
2741,11,1,0.36706144
2742,19,1,0.50969905
2743,13,0,0.568934
2744,20,0,0.4949715
2745,3,0,0.86687267
2746,15,0,0.04739667
2747,24,0,0.18316577
2748,1,1,0.987547
2749,2,1,0.5994509
2750,27,0,0.4238009
2751,13,1,0.76024234
2752,15,1,0.88457155
2753,7,0,0.33612007
2754,15,1,0.5946878
2755,2,1,0.5786767
2756,14,0,0.2950504
2757,22,0,0.50790006
2758,11,0,0.5608791
2759,26,1,0.7990837
2760,20,0,0.4861429
2761,10,0,0.026711302
2762,2,0,0.1396903
2763,16,0,0.27964914
2764,7,0,0.041780658
2765,8,1,0.35268107
2766,2,1,0.7757986
2767,24,1,0.62041247
2768,16,1,0.93582916
2769,28,0,0.0014764471
2770,3,0,0.6478672
2771,27,0,0.45175987
2772,1,0,0.12383274
2773,28,0,0.41108826
2774,8,0,0.5642257
2775,7,0,0.33844525
2776,12,0,0.46500033
2777,13,0,0.1247871
2778,20,0,0.021906529
2779,1,1,0.78783596
2780,23,0,0.3509906
2781,26,0,0.29158854
2782,15,0,0.5584557
2783,27,0,0.72243065
2784,26,1,0.9580795
2785,1,0,0.14822176
2786,12,0,0.3510348
2787,8,0,0.61706066
2788,1,0,0.6972213
2789,25,1,0.29828352
2790,12,0,0.5100837
2791,1,0,0.73119056
2792,11,1,0.5093838
2793,10,0,0.26028654
2794,15,0,0.12695912
2795,13,1,0.55739856
2796,15,0,0.3080293
2797,6,1,0.5534589
2798,27,0,0.7474628
2799,18,0,0.2501347
2800,12,0,0.36766678
2801,15,0,0.6726042
2802,3,1,0.50646013
2803,8,1,0.439717
2804,1,0,0.23340954
2805,8,0,0.5798758
2806,15,1,0.8254799
2807,3,1,0.8351874
2808,20,1,0.5045321
2809,13,0,0.25130925
2810,16,1,0.817662
2811,26,0,0.13935311
2812,21,1,0.7517889
2813,23,0,0.0008056448
2814,10,1,0.9940376
2815,10,1,0.7443197
2816,7,1,0.7509654
2817,20,1,0.54204375
2818,15,0,0.23486404
2819,2,0,0.38186806
2820,10,0,0.40566647
2821,17,0,0.16455595
2822,8,1,0.68258744
2823,9,0,0.44205743
2824,25,0,0.5339187
2825,9,0,0.36501664
2826,15,1,0.87892354
2827,18,0,0.29163876
2828,23,1,0.78703797
2829,0,1,0.88330317
2830,13,1,0.5588651
2831,22,0,0.2941868
2832,13,1,0.4847204
2833,11,0,0.7103938
2834,16,1,0.462977
2835,27,0,0.17557028
2836,25,1,0.7188026
2837,11,1,0.8929494
2838,13,0,0.37899685
2839,26,0,0.4262855
2840,27,1,0.9367086
2841,7,0,0.23703505
2842,20,1,0.382251
2843,25,1,0.61372834
2844,27,1,0.93108296
2845,11,1,0.6488313
2846,13,0,0.45090473
2847,27,1,0.6926819
2848,14,0,0.404398
2849,14,1,0.73332405
2850,20,0,0.6332041
2851,12,0,0.19853893
2852,16,0,0.001802209
2853,16,0,0.090795346
2854,20,0,0.37060085
2855,13,1,0.55198014
2856,15,0,0.08020592
2857,11,0,0.3133991
2858,28,0,0.27715167
2859,12,0,0.5544836
2860,0,0,0.5841936
2861,13,1,0.22710566
2862,2,0,0.7894322
2863,2,1,0.6526692
2864,6,1,0.9312557
2865,28,0,0.1268373
2866,11,0,0.45111015
2867,22,0,0.093334824
2868,25,0,0.12975676
2869,16,1,0.8913816
2870,9,1,0.37021035
2871,8,0,0.5140372
2872,9,0,0.25264314
2873,2,1,0.8934275
2874,23,0,0.2961264
2875,25,1,0.38832742
2876,17,0,0.36793226
2877,16,0,0.65143305
2878,11,0,0.35476485
2879,3,1,0.9605624
2880,23,1,0.48142925
2881,27,0,0.64496803
2882,27,1,0.86647177
2883,23,1,0.9603643
2884,1,1,0.82856375
2885,3,0,0.580382
2886,19,1,0.5094531
2887,2,1,0.9985501
2888,10,0,0.5584821
2889,26,0,0.4628083
2890,16,0,0.3674475
2891,5,0,0.42207393
2892,18,0,0.41591215
2893,1,1,0.7139732
2894,18,1,0.79604965
2895,16,1,0.8092257
2896,16,1,0.6251927
2897,9,0,0.23448224
2898,24,1,0.5378389
2899,25,1,0.57666004
2900,16,1,0.8338819
2901,8,1,0.93190086
2902,0,1,0.7821632
2903,20,0,0.28598222
2904,18,0,0.16518618
2905,8,1,0.67161745
2906,19,1,0.4605808
2907,11,0,0.22996192
2908,13,0,0.07146415
2909,27,1,0.63511115
2910,7,1,0.6842767
2911,27,1,0.48877302
2912,12,0,0.7177254
2913,14,0,0.23488443
2914,27,1,0.45488748
2915,8,1,0.9189054
2916,13,0,0.26818034
2917,15,0,0.5346543
2918,15,0,0.114214934
2919,12,1,0.762136
2920,10,0,0.11327699
2921,23,0,0.26765925
2922,25,0,0.43494624
2923,20,1,0.5105989
2924,26,0,0.1738142
2925,24,1,0.61670876
2926,25,1,0.6562785
2927,11,1,0.91661906
2928,2,1,0.6172417
2929,10,0,0.21364167
2930,18,1,0.5935252
2931,2,1,0.7913291
2932,14,0,0.74366933
2933,17,1,0.92867
2934,6,1,0.52664816
2935,15,0,0.04763926
2936,16,1,0.7589168
2937,13,1,0.8084612
2938,1,1,0.8933153
2939,8,1,0.93292224
2940,27,1,0.9660512
2941,3,1,0.9870308
2942,7,0,0.63831294
2943,9,0,0.04657615
2944,15,1,0.9083242
2945,2,1,0.92816526
2946,3,0,0.23844989
2947,16,0,0.012710173
2948,22,1,0.5969671
2949,12,0,0.547258
2950,7,1,0.9320124
2951,26,0,0.62333506
2952,7,1,0.72359
2953,10,1,0.4239294
2954,1,0,0.21608286
2955,16,0,0.25639847
2956,25,1,0.356489
2957,15,0,0.07917039
2958,2,0,0.22512686
2959,27,0,0.07540427
2960,9,0,0.22069477
2961,17,0,0.5232642
2962,26,0,0.40449744
2963,3,0,0.50880116
2964,26,1,0.98819834
2965,28,1,0.28512588
2966,14,1,0.61445606
2967,2,0,0.45801327
2968,21,1,0.79748905
2969,12,0,0.64641273
2970,5,0,0.14037234
2971,2,0,0.0036432857
2972,15,1,0.83627814
2973,28,0,0.52294576
2974,6,0,0.6254172
2975,9,1,0.43481314
2976,11,0,0.24736796
2977,17,0,0.07329667
2978,6,1,0.41207293
2979,0,1,0.5919956
2980,1,0,0.50007355
2981,3,0,0.21949902
2982,26,0,0.2782043
2983,12,1,0.8632061
2984,10,0,0.34757137
2985,8,0,0.09639428
2986,11,1,0.21178271
2987,15,0,0.69989526
2988,18,0,0.2729649
2989,21,0,0.25499427
2990,15,0,0.34212166
2991,10,1,0.69601935
2992,1,1,0.8813513
2993,21,0,0.25956607
2994,10,1,0.9496446
2995,7,0,0.11798358
2996,2,0,0.1260928
2997,5,0,0.3927536
2998,16,0,0.13037889
2999,26,0,0.18830244
3000,9,0,0.44861606
3001,19,1,0.6318375
3002,16,1,0.7795549
3003,22,0,0.3752873
3004,10,1,0.923436
3005,0,0,0.13717605
3006,3,1,0.49237287
3007,15,0,0.35612306
3008,22,0,0.73722774
3009,1,1,0.46118203
3010,27,0,0.43799004
3011,17,0,0.36509454
3012,28,1,0.66450524
3013,8,0,0.46111074
3014,26,0,0.332994
3015,11,0,0.003986647
3016,1,1,0.6774985
3017,3,1,0.2244728
3018,2,0,0.62386024
3019,11,1,0.47173327
3020,6,0,0.032262046
3021,2,1,0.72374177
3022,15,1,0.7798686
3023,22,0,0.13185275
3024,20,1,0.38928896
3025,2,0,0.28839964
3026,25,1,0.5428063
3027,7,1,0.43433934
3028,10,0,0.52749866
3029,3,0,0.0123975845
3030,16,0,0.33726528
3031,27,0,0.4904843
3032,15,0,0.18335743
3033,10,1,0.93336356
3034,24,1,0.9575315
3035,4,1,0.3811831
3036,25,0,0.31026366
3037,26,1,0.38238698
3038,28,0,0.19908261
3039,3,1,0.98615915
3040,13,1,0.5025711
3041,26,0,0.1811043
3042,15,0,0.7039526
3043,27,1,0.8240583
3044,10,0,0.14811057
3045,15,0,0.45500112
3046,26,0,0.20420468
3047,13,0,0.24275874
3048,1,0,0.26440397
3049,8,1,0.41776755
3050,25,1,0.95502293
3051,1,0,0.25563478
3052,13,1,0.83328265
3053,28,1,0.885117
3054,16,0,0.078109406
3055,8,1,0.38202873
3056,0,1,0.46263087
3057,16,0,0.35569263
3058,19,1,0.54007
3059,7,1,0.61151206
3060,9,1,0.91295445
3061,8,0,0.70818293
3062,1,0,0.044541236
3063,11,1,0.9355072
3064,22,0,0.17961334
3065,26,1,0.99173284
3066,10,0,0.10663991
3067,4,0,0.07124163
3068,23,0,0.28933495
3069,7,0,0.1835603
3070,8,1,0.5528551
3071,2,1,0.7787941
3072,27,1,0.85492015
3073,1,0,0.38527676
3074,13,1,0.80130875
3075,1,1,0.5136964
3076,22,1,0.84192914
3077,26,1,0.38437304
3078,11,1,0.46270967
3079,20,0,0.5110053
3080,16,1,0.97974753
3081,2,1,0.605863
3082,19,0,0.48231113
3083,20,0,0.25926378
3084,10,0,0.07653879
3085,18,1,0.5881506
3086,21,0,0.13953942
3087,13,1,0.9822165
3088,13,1,0.7289195
3089,16,0,3.826639e-05
3090,28,0,0.43102232
3091,19,1,0.7945055
3092,16,0,0.44061553
3093,10,0,0.20967808
3094,22,1,0.68871367
3095,1,1,0.81657493
3096,11,0,0.070265494
3097,20,1,0.5897138
3098,26,1,0.6821899
3099,2,0,0.55124086
3100,13,0,0.37464717
3101,23,0,0.12998441
3102,27,0,0.2862248
3103,13,0,0.15870394
3104,25,0,0.76947457
3105,9,1,0.81861675
3106,2,0,0.3408272
3107,26,1,0.21526185
3108,16,0,0.47067168
3109,16,0,0.12032488
3110,15,0,0.5715005
3111,26,0,0.47445944
3112,23,1,0.68064445
3113,16,0,0.6526913
3114,26,1,0.8816257
3115,27,0,0.11356981
3116,17,0,0.24491133
3117,17,1,0.9713637
3118,8,0,0.3615512
3119,12,1,0.43070027
3120,3,0,0.50862557
3121,8,0,0.25571656
3122,19,0,0.022101253
3123,5,0,0.3106048
3124,9,0,0.5161665
3125,10,1,0.84934115
3126,25,1,0.49211013
3127,22,1,0.60508406
3128,15,1,0.59976137
3129,18,0,0.2894954
3130,6,0,0.47458592
3131,10,1,0.9788108
3132,8,1,0.39122096
3133,18,1,0.7751964
3134,13,0,0.19838713
3135,8,0,0.66873115
3136,10,0,0.33896697
3137,16,1,0.42675653
3138,21,0,0.099236645
3139,16,0,0.75609314
3140,16,0,0.24627526
3141,6,1,0.6246116
3142,17,1,0.88014174
3143,19,1,0.928169
3144,26,0,0.23792861
3145,28,0,0.40054497
3146,25,1,0.5104347
3147,28,1,0.7730817
3148,16,1,0.4392564
3149,2,0,0.1934841
3150,13,0,0.2562477
3151,13,0,0.19774325
3152,13,1,0.69368273
3153,9,0,0.13350278
3154,19,0,0.49486342
3155,0,0,0.26285917
3156,19,1,0.8002679
3157,9,1,0.2796784
3158,27,0,0.2004399
3159,17,1,0.880383
3160,15,1,0.4856262
3161,16,1,0.926897
3162,19,0,0.1141385
3163,25,1,0.86753035
3164,11,0,0.11425493
3165,8,0,0.44333738
3166,13,1,0.9332646
3167,7,1,0.7986265
3168,8,0,0.26341546
3169,12,0,0.608938
3170,24,1,0.5883084
3171,1,0,0.2775378
3172,1,1,0.8807512
3173,5,0,0.437013
3174,19,0,0.19746837
3175,12,1,0.61790264
3176,15,0,0.25852165
3177,28,1,0.4469842
3178,25,1,0.91201496
3179,20,0,0.6558117
3180,12,0,0.1026068
3181,6,0,0.5144929
3182,16,1,0.41177052
3183,2,0,0.43206176
3184,27,0,0.23037839
3185,3,0,0.10501222
3186,22,0,0.45611578
3187,1,0,0.19253986
3188,2,1,0.7689992
3189,2,0,0.13194247
3190,16,0,0.26230988
3191,10,0,0.099450946
3192,1,0,0.31132853
3193,13,0,0.7911022
3194,9,0,0.1727366
3195,16,0,0.38224134
3196,17,1,0.916425
3197,10,0,0.42661363
3198,12,0,0.43051788
3199,28,0,0.5681896
3200,16,0,0.22660899
3201,13,1,0.747242
3202,13,0,0.23883997
3203,0,1,0.7439037
3204,8,0,0.13575175
3205,25,1,0.6476557
3206,25,0,0.23638906
3207,21,0,0.23260503
3208,28,1,0.5039069
3209,1,1,0.89656126
3210,11,1,0.70125914
3211,6,1,0.98035276
3212,13,1,0.34175396
3213,27,0,0.81539196
3214,17,1,0.6826958
3215,25,0,0.12409853
3216,18,1,0.88599056
3217,19,0,0.1517029
3218,7,1,0.9392655
3219,16,1,0.94308656
3220,2,1,0.40321255
3221,13,0,0.50202864
3222,22,1,0.3118747
3223,2,1,0.35799792
3224,1,1,0.91645354
3225,1,0,0.7927173
3226,17,0,0.4319818
3227,25,0,0.18266627
3228,15,1,0.7113562
3229,14,1,0.6569532
3230,25,0,0.43522823
3231,20,1,0.21096118
3232,25,0,0.48333487
3233,15,1,0.8501812
3234,24,1,0.8142588
3235,4,1,0.99992096
3236,27,1,0.50550765
3237,15,1,0.4862318
3238,25,0,0.35517606
3239,12,0,0.27495095
3240,24,1,0.9133731
3241,16,0,0.21770045
3242,24,0,0.35928115
3243,14,0,0.18385376
3244,12,0,0.19670278
3245,11,1,0.4404327
3246,5,1,0.53362155
3247,11,1,0.19533874
3248,21,0,0.33870095
3249,8,0,0.3418737
3250,22,1,0.52610016
3251,15,1,0.86057615
3252,28,0,0.6802852
3253,26,1,0.6173197
3254,7,0,0.19058394
3255,12,0,0.0038268424
3256,15,0,0.40377957
3257,10,1,0.80706877
3258,15,1,0.9949668
3259,23,1,0.9412372
3260,15,1,0.76196325
3261,6,0,0.12241015
3262,10,1,0.922773
3263,7,1,0.5139431
3264,25,0,0.6274624
3265,16,0,0.27524054
3266,1,1,0.82569695
3267,16,1,0.9178146
3268,15,1,0.46185246
3269,26,0,0.30718526
3270,2,1,0.663279
3271,12,0,0.29871082
3272,6,0,0.58199364
3273,24,1,0.6164335
3274,19,1,0.46035808
3275,5,0,0.26592246
3276,13,0,0.27782413
3277,1,0,0.23449367
3278,19,1,0.61420465
3279,2,0,0.21722245
3280,1,1,0.6879023
3281,16,0,0.3568713
3282,3,1,0.87390125
3283,2,1,0.3393447
3284,18,1,0.47059384
3285,0,0,0.4494568
3286,10,0,0.15137967
3287,22,1,0.99956745
3288,16,0,0.23472863
3289,8,1,0.113362215
3290,11,0,0.030667614
3291,8,1,0.59606946
3292,15,1,0.73338383
3293,17,0,0.032564882
3294,26,1,0.6362174
3295,21,0,0.5179956
3296,27,0,0.48201957
3297,13,0,0.55361164
3298,19,0,0.22576152
3299,15,1,0.5411842
3300,28,1,0.35843787
3301,12,1,0.8504983
3302,8,0,0.5116242
3303,15,0,0.28449574
3304,0,0,0.6462564
3305,11,0,0.16423416
3306,11,1,0.8353059
3307,2,0,0.15845487
3308,11,0,0.16286542
3309,20,1,0.9024543
3310,20,0,0.35986423
3311,19,0,0.4517092
3312,1,1,0.5604061
3313,27,0,0.3699146
3314,16,1,0.5887337
3315,11,0,0.22908638
3316,10,0,0.83863497
3317,2,1,0.9150435
3318,2,0,0.7935915
3319,8,0,0.47166175
3320,1,1,0.41693467
3321,6,0,0.07986721
3322,10,0,0.22103
3323,16,1,0.97918737
3324,12,1,0.7668362
3325,14,1,0.87040246
3326,21,1,0.7126536
3327,2,1,0.7554227
3328,10,1,0.5782325
3329,25,1,0.9423201
3330,1,1,0.7240585
3331,23,1,0.39793003
3332,22,0,0.3783183
3333,27,0,0.5724297
3334,20,0,0.08210291
3335,25,0,0.18927443
3336,25,1,0.543169
3337,6,0,0.19658352
3338,21,0,0.4167873
3339,20,1,0.64640474
3340,18,0,0.24830085
3341,20,1,0.94978344
3342,24,1,0.67384356
3343,16,0,0.5320079
3344,12,0,0.33265135
3345,13,1,0.76359546
3346,27,1,0.6595505
3347,12,0,0.24486284
3348,11,1,0.60671556
3349,8,1,0.18843465
3350,9,0,0.111703984
3351,13,0,0.53577065
3352,16,0,0.56263375
3353,10,1,0.94730514
3354,6,0,0.20918204
3355,10,0,0.29064295
3356,3,1,0.4043947
3357,11,0,0.16449037
3358,13,0,0.023143534
3359,3,0,0.016263746
3360,3,0,0.55474585
3361,15,1,0.15501489
3362,1,0,0.8435396
3363,22,0,0.063301824
3364,27,1,0.81415623
3365,0,0,0.15795313
3366,2,0,0.41065663
3367,13,1,0.94412285
3368,1,0,0.040558185
3369,5,0,0.10391726
3370,22,1,0.8987287
3371,8,1,0.5321389
3372,0,0,0.6474208
3373,27,0,0.02048378
3374,17,0,0.22422172
3375,16,1,0.8543901
3376,19,0,0.22433546
3377,3,1,0.68316096
3378,19,0,0.4012804
3379,22,0,0.10276687
3380,24,0,0.47970742
3381,25,0,0.532483
3382,25,1,0.32590532
3383,2,1,0.9776153
3384,24,0,0.32044676
3385,4,0,0.49352857
3386,13,0,0.45336053
3387,14,1,0.9998491
3388,2,1,0.35398322
3389,1,1,0.8666716
3390,9,0,0.2793486
3391,14,0,0.20528057
3392,26,0,0.7017012
3393,16,1,0.49257782
3394,28,0,0.07935462
3395,7,0,0.004012974
3396,15,0,0.5306489
3397,25,1,0.36531395
3398,24,0,0.31681016
3399,14,1,0.97332126
3400,23,0,0.19102515
3401,14,1,0.34780443
3402,22,0,0.26043156
3403,18,0,0.12656541
3404,20,1,0.8773641
3405,6,0,0.9186733
3406,5,0,0.19739772
3407,25,1,0.798247
3408,2,1,0.9964612
3409,21,1,0.6050132
3410,2,0,0.015024822
3411,18,1,0.8978547
3412,26,0,0.37538403
3413,10,0,0.23456375
3414,9,1,0.7069844
3415,14,0,0.63045806
3416,23,1,0.57965195
3417,13,0,0.19237627
3418,15,1,0.85792476
3419,1,0,0.12636447
3420,16,1,0.74884963
3421,12,1,0.9949898
3422,8,0,0.12790698
3423,9,0,0.51493365
3424,2,0,0.62131536
3425,2,1,0.6440776
3426,7,1,0.77544135
3427,3,0,0.065285884
3428,11,0,0.15262409
3429,13,0,0.35825554
3430,17,0,0.08468107
3431,28,0,0.063641414
3432,1,1,0.89162123
3433,8,1,0.91079247
3434,22,1,0.890971
3435,7,0,0.20366396
3436,15,0,0.85363734
3437,11,1,0.60720515
3438,13,0,0.5169091
3439,21,1,0.5977725
3440,24,1,0.877674
3441,25,0,0.19928646
3442,27,1,0.3327522
3443,28,1,0.6841394
3444,25,1,0.7069014
3445,26,0,0.34665838
3446,4,1,0.97686553
3447,16,0,0.6420905
3448,14,0,0.41661102
3449,21,0,0.27518862
3450,15,1,0.7153382
3451,12,0,0.696665
3452,25,0,0.8027445
3453,10,1,0.7035972
3454,25,1,0.6515121
3455,14,0,0.36889783
3456,21,1,0.99999547
3457,5,1,0.8438735
3458,10,1,0.7361145
3459,11,0,0.4115312
3460,17,1,0.4041949
3461,7,1,0.69366616
3462,3,1,0.5304137
3463,2,1,0.5998626
3464,24,0,0.15777327
3465,17,0,0.53770715
3466,20,0,0.09087174
3467,6,1,0.3305006
3468,8,0,0.63397104
3469,2,0,0.5222041
3470,23,1,0.6338387
3471,27,0,0.5578752
3472,11,1,0.57756275
3473,10,1,0.74736565
3474,11,1,0.51242715
3475,23,1,0.9305533
3476,23,1,0.8288496
3477,26,1,0.6968202
3478,15,0,0.07137972
3479,1,1,0.9040677
3480,12,0,0.09725557
3481,13,1,0.49180982
3482,13,1,0.82413954
3483,25,0,0.28151166
3484,17,0,0.27292487
3485,6,0,0.20694388
3486,12,0,0.45591486
3487,26,0,0.22195937
3488,26,0,0.48175007
3489,8,0,0.7450576
3490,1,0,0.003933088
3491,7,1,0.925949
3492,5,1,0.73813677
3493,13,1,0.8447191
3494,16,0,0.2524321
3495,11,0,0.15191823
3496,20,1,0.87649524
3497,1,0,0.37653127
3498,9,0,0.1834135
3499,15,1,0.7663354
3500,18,1,0.9030509
3501,8,1,0.57661206
3502,3,1,0.83471936
3503,13,1,0.6030987
3504,15,1,0.8411731
3505,2,0,0.48043546
3506,7,0,0.28840774
3507,21,0,0.14374629
3508,8,0,0.3924487
3509,18,1,0.6088709
3510,6,0,0.30204505
3511,7,0,0.18750057
3512,25,0,0.07501705
3513,3,0,0.86946404
3514,22,0,0.3154303
3515,12,1,0.95520234
3516,3,0,0.5943136
3517,10,1,0.84746844
3518,17,1,0.45745122
3519,8,0,0.355872
3520,2,1,0.9699781
3521,25,0,0.09821434
3522,16,0,0.057012223
3523,28,0,0.05524709
3524,10,0,0.146932
3525,8,0,0.3375547
3526,13,0,0.24232155
3527,25,1,0.60664475
3528,25,0,0.34388483
3529,28,0,0.29787454
3530,21,0,0.100850195
3531,12,1,0.4163293
3532,20,1,0.61680394
3533,2,0,0.30978316
3534,10,0,0.5463159
3535,1,0,0.515651
3536,7,0,0.17569615
3537,14,1,0.5058992
3538,17,1,0.8475353
3539,25,0,0.11355144
3540,10,1,0.50514513
3541,24,0,0.2405738
3542,8,0,0.28689492
3543,14,1,0.6407875
3544,9,1,0.5717304
3545,16,1,0.59766686
3546,26,1,0.28607744
3547,17,0,0.036135174
3548,1,0,0.01508762
3549,14,1,0.43747503
3550,9,1,0.6591476
3551,18,1,0.9605116
3552,17,0,0.61154723
3553,8,1,0.8470512
3554,25,0,0.21185745
3555,20,0,0.58799976
3556,7,1,0.87163115
3557,4,0,0.22532092
3558,22,0,0.61933416
3559,25,1,0.6770018
3560,2,1,0.8943833
3561,0,0,0.2881356
3562,26,1,0.47968245
3563,28,0,0.08565076
3564,6,1,0.9401533
3565,26,0,0.72854704
3566,18,1,0.6656622
3567,22,0,0.14944142
3568,6,1,0.8105509
3569,24,0,0.16526867
3570,17,1,0.95105934
3571,0,1,0.90755993
3572,19,0,0.6249039
3573,22,0,0.21276337
3574,16,0,0.565813
3575,10,0,0.30793276
3576,24,0,0.5913729
3577,11,1,0.94078887
3578,13,1,0.54498756
3579,2,0,0.4648601
3580,27,1,0.51732516
3581,14,1,0.41659024
3582,27,1,0.17093104
3583,24,1,0.66496634
3584,15,1,0.9709392
3585,16,0,0.52703273
3586,16,0,0.09394826
3587,11,1,0.9638472
3588,3,0,0.41799808
3589,7,0,0.4830232
3590,16,0,0.20115413
3591,15,1,0.28680152
3592,10,0,0.024746012
3593,13,1,0.09678008
3594,11,0,0.36659253
3595,25,1,0.42633423
3596,9,1,0.98167634
3597,2,0,0.58567846
3598,16,1,0.9100871
3599,16,0,0.47182125
3600,22,1,0.84589756
3601,7,1,0.38190728
3602,14,1,0.4165119
3603,16,1,0.99967206
3604,15,1,0.43162394
3605,23,1,0.7249621
3606,1,0,0.08504497
3607,17,0,0.5035559
3608,15,1,0.90160453
3609,2,0,0.15900417
3610,17,1,0.6850242
3611,11,1,0.58093965
3612,2,0,0.13739769
3613,27,1,0.6346576
3614,16,0,0.16983223
3615,8,1,0.6479682
3616,13,0,0.41595668
3617,11,0,0.44210723
3618,10,1,0.6634711
3619,17,1,0.41102767
3620,7,1,0.53410536
3621,24,1,0.7178779
3622,25,1,0.96884197
3623,8,0,0.100667045
3624,4,1,0.6521416
3625,14,1,0.86236626
3626,26,0,0.34304073
3627,27,1,0.9092324
3628,5,1,0.827256
3629,13,1,0.4350138
3630,13,0,0.13612485
3631,27,0,0.32615802
3632,20,0,0.26017615
3633,16,1,0.65605044
3634,6,1,0.44301564
3635,27,1,0.11602249
3636,9,0,0.4138877
3637,11,1,0.9454939
3638,9,1,0.27389178
3639,3,0,0.52999175
3640,12,1,0.47684577
3641,0,1,0.7262396
3642,11,0,0.7133258
3643,18,0,0.23826234
3644,25,0,0.31694022
3645,12,1,0.49916086
3646,3,1,0.6377162
3647,2,0,0.11677953
3648,23,0,0.33358064
3649,2,1,0.63836527
3650,16,0,0.19388482
3651,11,1,0.5413449
3652,20,0,0.45323944
3653,25,1,0.29388902
3654,9,1,0.32905895
3655,25,1,0.47707424
3656,10,1,0.24267523
3657,8,1,0.6843185
3658,10,1,0.6854534
3659,20,1,0.96101844
3660,18,1,0.7069748
3661,16,1,0.68528795
3662,21,1,0.65019786
3663,25,1,0.46973446
3664,2,1,0.99371415
3665,2,1,0.28878993
3666,15,1,0.9918726
3667,21,0,0.20259535
3668,26,1,0.65376776
3669,22,1,0.57196623
3670,23,1,0.8042005
3671,10,0,0.036810804
3672,16,0,0.5442799
3673,25,1,0.70592606
3674,17,0,0.6465708
3675,2,1,0.8634942
3676,23,1,0.9435616
3677,1,1,0.80493444
3678,2,1,0.5054442
3679,0,0,0.10298635
3680,15,0,0.2472034
3681,2,0,0.057566937
3682,15,0,0.35072547
3683,10,1,0.7284114
3684,4,1,0.48662877
3685,14,1,0.78940696
3686,16,1,0.67250896
3687,18,0,0.5034628
3688,11,0,0.39889276
3689,18,0,0.1404363
3690,9,0,0.19605806
3691,16,0,0.42469347
3692,27,1,0.47252947
3693,1,0,0.7119167
3694,16,0,0.30088964
3695,5,1,0.74191856
3696,1,0,0.030904213
3697,20,0,0.4777749
3698,24,0,0.2001066
3699,13,0,0.09743859
3700,2,1,0.77385604
3701,19,0,0.54929274
3702,13,0,0.6173606
3703,9,1,0.6230191
3704,14,0,0.35444894
3705,5,0,0.42875212
3706,4,1,0.35671955
3707,13,0,0.26130122
3708,25,1,0.81825286
3709,14,0,0.20958869
3710,9,0,0.50577104
3711,16,0,0.16425717
3712,16,1,0.88280785
3713,17,1,0.7076055
3714,22,0,0.1797843
3715,8,1,0.36548796
3716,8,1,0.68126863
3717,27,1,0.8266922
3718,24,0,0.5068282
3719,12,0,0.5215348
3720,10,1,0.99999964
3721,8,0,0.46061823
3722,10,0,0.23178083
3723,27,1,0.91401327
3724,9,1,0.68742484
3725,3,0,0.12702352
3726,16,0,0.36342114
3727,28,1,0.60032976
3728,4,0,0.007545638
3729,14,1,0.6323877
3730,10,1,0.81980747
3731,27,1,0.24969968
3732,11,0,0.52109355
3733,22,0,0.15012172
3734,16,1,0.54484993
3735,20,1,0.4699719
3736,1,1,0.62164056
3737,14,1,0.586677
3738,6,0,0.009761256
3739,6,1,0.7682494
3740,14,0,0.1779654
3741,6,0,0.47584453
3742,5,1,0.4886195
3743,11,1,0.7623759
3744,23,1,0.8355578
3745,28,0,0.60270536
3746,7,0,0.06391997
3747,3,0,0.039364763
3748,0,0,0.17633821
3749,13,0,0.013429481
3750,8,0,0.6076383
3751,15,1,0.88692373
3752,27,1,0.4021002
3753,7,0,0.39803427
3754,17,1,0.6895357
3755,27,1,0.6451196
3756,23,1,0.75077164
3757,15,0,0.39786187
3758,15,0,0.7334293
3759,26,0,0.37595323
3760,10,1,0.94937694
3761,17,0,0.045091067
3762,14,0,0.45189393
3763,22,1,0.9126337
3764,1,0,0.19341931
3765,14,0,0.14313312
3766,28,0,0.68028367
3767,1,0,0.09558871
3768,2,0,0.27743825
3769,3,1,0.53675586
3770,2,1,0.33257177
3771,12,1,0.68877697
3772,22,0,0.46511826
3773,9,0,0.2859821
3774,25,1,0.5769591
3775,11,1,0.3757388
3776,6,1,0.25368685
3777,4,1,0.4853111
3778,10,0,0.05775168
3779,17,0,0.23949085
3780,12,1,0.9289578
3781,11,1,0.9025618
3782,18,0,0.5235473
3783,21,0,0.2451979
3784,8,1,0.15974931
3785,5,0,0.5795226
3786,4,1,0.872244
3787,12,0,0.20279898
3788,22,1,0.52243215
3789,2,0,0.18696283
3790,6,0,0.2807665
3791,24,1,0.54229426
3792,12,1,0.77566165
3793,0,0,0.14880942
3794,0,1,0.4246407
3795,8,0,0.25819233
3796,13,0,0.3115777
3797,1,0,0.68713987
3798,18,0,0.075959764
3799,18,0,0.35042512
3800,25,0,0.68640876
3801,7,1,0.88327605
3802,25,0,0.16847622
3803,22,1,0.9823533
3804,25,1,0.6686169
3805,27,1,0.7333774
3806,0,0,0.21325055
3807,8,0,0.15593593
3808,2,0,0.2334353
3809,2,0,0.2727414
3810,2,1,0.6894223
3811,13,1,0.64341795
3812,1,1,0.8373293
3813,1,1,0.73072
3814,19,0,0.61890095
3815,16,0,0.33104974
3816,9,0,0.21019678
3817,11,0,0.02412569
3818,13,1,0.6778538
3819,12,1,0.38995904
3820,15,1,0.6411299
3821,15,0,0.37412408
3822,19,1,0.79907393
3823,26,0,0.07512537
3824,16,0,0.1848495
3825,9,0,0.14318158
3826,10,0,0.24198283
3827,3,0,0.12330094
3828,17,0,0.08388049
3829,23,0,0.75765926
3830,23,0,0.1859428
3831,27,0,0.55605805
3832,2,1,0.8557498
3833,26,1,0.66616416
3834,20,1,0.515046
3835,28,1,0.84120995
3836,11,0,0.32497722
3837,15,0,0.6252199
3838,17,1,0.49618566
3839,25,1,0.9595594
3840,16,1,0.9054259
3841,9,0,0.29531607
3842,27,1,0.58746314
3843,16,0,0.37304613
3844,20,0,0.07909387
3845,25,1,0.904316
3846,11,0,0.39625365
3847,9,1,0.22178853
3848,1,0,0.42831507
3849,4,1,0.4627839
3850,15,0,0.22370796
3851,16,1,0.8635396
3852,14,1,0.8189308
3853,10,0,0.36256573
3854,19,1,0.9319956
3855,21,0,0.6184945
3856,1,0,0.53200054
3857,13,1,0.73858714
3858,15,0,0.24541159
3859,6,0,0.12418563
3860,15,0,0.122185096
3861,0,0,0.12657331
3862,10,1,0.68714964
3863,26,1,0.688502
3864,16,0,0.18181708
3865,8,0,0.57095844
3866,22,0,0.51257837
3867,15,0,0.33312178
3868,2,1,0.89765275
3869,1,0,0.30790222
3870,24,0,0.084929585
3871,10,1,0.44547737
3872,16,0,0.4399131
3873,1,0,0.9339692
3874,18,1,0.34463835
3875,15,0,0.019877577
3876,23,0,0.47977474
3877,25,1,0.5827883
3878,12,1,0.24271958
3879,15,1,0.49419945
3880,12,0,0.19921291
3881,20,0,0.21752527
3882,15,0,0.23292455
3883,14,0,0.39569014
3884,16,1,0.8577805
3885,4,0,0.28070942
3886,12,1,0.97236574
3887,18,0,0.47290573
3888,15,0,0.117975034
3889,21,1,0.83870196
3890,24,0,0.13602021
3891,13,0,0.4457359
3892,13,1,0.89403605
3893,26,1,0.8608838
3894,2,1,0.4603269
3895,15,1,0.22296643
3896,12,1,0.68131673
3897,28,0,0.20080231
3898,3,1,0.57258755
3899,12,1,0.95523924
3900,12,0,0.22013454
3901,16,0,0.2298573
3902,12,0,0.13175732
3903,25,1,0.475859
3904,2,0,0.20969795
3905,5,0,0.13035837
3906,16,1,0.63118243
3907,22,0,0.82257915
3908,21,1,0.8276446
3909,11,1,0.8907364
3910,8,0,0.4748806
3911,17,0,0.16885127
3912,2,1,0.72661406
3913,27,1,0.83929557
3914,10,1,0.55785966
3915,0,1,0.5872019
3916,10,0,0.04730517
3917,14,0,0.14304276
3918,12,0,0.6916662
3919,14,1,0.9347761
3920,16,1,0.7597416
3921,23,0,0.572033
3922,25,1,0.688103
3923,13,0,0.57911474
3924,16,1,0.9778236
3925,20,1,0.5361102
3926,18,0,0.63143325
3927,21,1,0.35969234
3928,24,0,0.42232135
3929,9,1,0.70651263
3930,25,1,0.68139005
3931,10,0,0.6656143
3932,14,1,0.47469088
3933,1,1,0.41872498
3934,16,1,0.4409245
3935,11,1,0.9921679
3936,27,1,0.9465618
3937,13,0,0.26294467
3938,17,0,0.1132006
3939,0,0,0.31535724
3940,14,0,0.2055381
3941,2,1,0.5692388
3942,16,0,0.45311987
3943,13,0,0.4896792
3944,27,0,0.07792869
3945,10,0,0.2918398
3946,3,1,0.28295386
3947,16,1,0.7256077
3948,28,1,0.57114166
3949,12,1,0.8504467
3950,7,0,0.26654276
3951,11,0,0.20799153
3952,0,0,0.118319735
3953,11,1,0.79893696
3954,3,0,0.2533168
3955,28,1,0.72879297
3956,6,1,0.6992401
3957,19,0,0.04541109
3958,10,0,0.07294377
3959,1,0,0.005712563
3960,2,0,0.39806682
3961,11,1,0.48770824
3962,5,1,0.71621674
3963,12,0,0.51122266
3964,17,0,0.50206167
3965,10,0,0.5153594
3966,13,0,0.43477798
3967,16,0,0.32515395
3968,0,0,0.045765765
3969,20,1,0.56860983
3970,8,0,0.22108956
3971,10,0,0.21253869
3972,3,0,0.18789499
3973,27,0,0.46746275
3974,10,1,0.9131054
3975,1,0,0.2251383
3976,21,0,0.2951001
3977,27,0,0.24314986
3978,18,1,0.8266382
3979,20,0,0.5572728
3980,16,1,0.5406039
3981,15,1,0.551825
3982,14,0,0.2880641
3983,8,1,0.7981005
3984,20,0,0.4786201
3985,8,1,0.44445178
3986,16,1,0.49048212
3987,15,1,0.93889457
3988,26,0,0.3786362
3989,9,0,0.009735797
3990,17,1,0.8132459
3991,2,1,0.9581337
3992,1,1,0.7170176
3993,6,1,0.3162579
3994,0,0,0.5591244
3995,14,0,0.7699808
3996,2,1,0.8682111
3997,13,1,0.9448171
3998,1,0,0.16511035
3999,6,0,0.27136302
4000,27,1,0.33700764
4001,9,0,0.017557971
4002,20,1,0.69543743
4003,25,1,0.40511665
4004,25,1,0.879818
4005,8,1,0.53190553
4006,22,1,0.9812416
4007,10,1,0.7103082
4008,6,1,0.6658196
4009,28,1,0.5135541
4010,18,1,0.9990177
4011,10,1,0.52518606
4012,14,1,0.9905951
4013,13,0,0.14999332
4014,13,0,0.2178875
4015,8,1,0.09873
4016,8,0,0.62832963
4017,16,0,0.551813
4018,7,0,0.5085662
4019,26,1,0.40913805
4020,28,0,0.22174013
4021,25,1,0.7998004
4022,1,0,0.48599386
4023,14,0,0.4493012
4024,12,0,0.20227125
4025,8,0,0.1238588
4026,25,0,0.1829141
4027,1,1,0.602229
4028,11,1,0.6594351
4029,13,0,0.24897385
4030,15,0,0.28719437
4031,2,0,0.0009474904
4032,15,1,0.67248225
4033,20,1,0.8919356
4034,9,1,0.9948827
4035,0,1,0.7051831
4036,2,1,0.38043097
4037,2,0,0.12493167
4038,11,0,0.3525824
4039,18,0,0.2435524
4040,15,1,0.9600807
4041,3,0,0.048846778
4042,0,0,0.02260178
4043,10,0,0.10554508
4044,3,0,0.49576572
4045,2,0,0.21270783
4046,10,0,0.023761353
4047,15,0,0.04485722
4048,2,1,0.5119297
4049,14,0,0.57387286
4050,15,1,0.7703489
4051,16,0,0.1269771
4052,23,0,0.010312723
4053,20,1,0.83346915
4054,16,1,0.59450185
4055,14,0,0.023395544
4056,25,0,0.10590516
4057,7,1,0.9213165
4058,11,0,0.43838403
4059,8,1,0.54961497
4060,16,0,0.2729841
4061,3,0,0.0037472788
4062,25,1,0.6921124
4063,11,1,0.48484042
4064,13,1,0.68912137
4065,13,1,0.8530769
4066,13,1,0.9302574
4067,4,0,0.36824933
4068,16,1,0.8323687
4069,18,1,0.9890497
4070,20,0,0.4210989
4071,25,1,0.7083806
4072,5,1,0.663776
4073,14,0,0.004634815
4074,26,0,0.1836003
4075,12,0,0.16898744
4076,20,0,0.6465069
4077,17,1,0.670029
4078,16,0,0.27007222
4079,4,0,0.7933639
4080,10,0,0.2760666
4081,11,1,0.98376435
4082,22,1,0.68548626
4083,2,1,0.97626954
4084,0,0,0.06491113
4085,12,0,0.15091391
4086,2,1,0.47481978
4087,2,0,0.0007080592
4088,2,1,0.7231067
4089,3,1,0.8368276
4090,10,1,0.9690438
4091,11,1,0.8433771
4092,6,1,0.72607636
4093,26,0,0.29356164
4094,11,0,0.7855639
4095,2,1,0.9440863
4096,23,0,0.23201151
4097,26,1,0.99963224
4098,24,1,0.9921325
4099,0,0,0.20877945
4100,16,0,0.5374179
4101,26,1,0.575886
4102,11,0,0.31840518
4103,0,1,0.9901286
4104,23,0,0.11350318
4105,12,0,0.060096003
4106,13,1,0.37805885
4107,0,0,0.41137683
4108,2,0,0.42528212
4109,8,0,0.15380178
4110,8,0,0.20218773
4111,13,1,0.55799884
4112,20,0,0.3473099
4113,12,1,0.74028933
4114,20,0,0.5093181
4115,10,0,0.103519045
4116,2,1,0.53786373
4117,27,0,0.06523202
4118,16,1,0.84814715
4119,13,0,0.19271556
4120,21,0,0.27565226
4121,13,0,0.2530377
4122,28,1,0.8511508
4123,9,1,0.9410603
4124,13,1,0.5572676
4125,25,1,0.756764
4126,25,1,0.2684531
4127,16,1,0.43600515
4128,9,1,0.52686775
4129,13,1,0.24509878
4130,19,0,0.22011682
4131,8,1,0.11449394
4132,12,0,0.6566329
4133,28,1,0.6857307
4134,26,1,0.90136874
4135,26,0,0.1606082
4136,15,1,0.5137556
4137,12,1,0.6511928
4138,16,0,0.23193178
4139,0,1,0.3634428
4140,13,0,0.37221107
4141,15,1,0.52278775
4142,20,1,0.598309
4143,8,1,0.9969001
4144,7,1,0.9891105
4145,13,0,0.44313824
4146,15,0,0.2596618
4147,9,0,0.090164684
4148,2,1,0.30943066
4149,1,0,0.24569361
4150,25,0,0.533769
4151,9,1,0.64675295
4152,8,0,0.15513207
4153,14,0,0.48696244
4154,10,0,0.7873266
4155,16,1,0.7594453
4156,10,0,0.1881921
4157,15,0,0.059289977
4158,11,1,0.58707607
4159,25,1,0.87883043
4160,0,1,0.56864965
4161,10,1,0.89820135
4162,11,0,0.2075094
4163,16,0,0.79772395
4164,15,1,0.7754771
4165,5,0,0.38319796
4166,28,0,0.41429767
4167,14,0,0.1393061
4168,13,1,0.64590424
4169,1,0,0.35704544
4170,28,1,0.65396255
4171,12,1,0.90748185
4172,8,0,0.39463633
4173,1,1,0.71109825
4174,25,0,0.07718483
4175,8,1,0.95448244
4176,5,0,0.35876742
4177,25,1,0.59234196
4178,13,1,0.721231
4179,21,1,0.9989114
4180,28,1,0.50472206
4181,18,1,0.54722065
4182,10,1,0.85289955
4183,2,1,0.66533744
4184,1,0,0.10606789
4185,6,0,0.12419439
4186,18,0,0.36182424
4187,4,0,0.36552152
4188,16,0,0.46786433
4189,18,0,0.23746465
4190,21,0,0.3643645
4191,8,0,0.6710321
4192,3,0,0.425933
4193,13,0,0.42276365
4194,18,0,0.82715017
4195,18,0,0.15030108
4196,4,1,0.9567938
4197,3,1,0.50864625
4198,9,0,0.43069798
4199,1,1,0.7118869
4200,23,1,0.36122224
4201,1,0,0.19084364
4202,1,1,0.9857453
4203,6,0,0.07539896
4204,3,1,0.7819143
4205,3,0,0.7957945
4206,22,0,0.22669154
4207,1,1,0.67482656
4208,22,1,0.48855475
4209,13,1,0.7022592
4210,24,1,0.80265
4211,25,0,0.44793797
4212,2,1,0.44157633
4213,8,1,0.48359483
4214,0,1,0.34807023
4215,17,0,0.089929186
4216,27,0,0.52333856
4217,14,0,0.023274021
4218,28,0,0.16188022
4219,13,0,0.6252992
4220,8,0,0.77109826
4221,20,1,0.31154904
4222,27,1,0.82334965
4223,11,0,0.41582108
4224,13,0,0.19419356
4225,3,0,0.5570466
4226,19,1,0.59230494
4227,2,1,0.9484333
4228,28,1,0.7649677
4229,16,1,0.5378661
4230,12,0,0.22904877
4231,2,1,0.99309254
4232,20,1,0.47048932
4233,14,1,0.97134125
4234,7,1,0.75420177
4235,2,0,0.24626057
4236,15,1,0.77173364
4237,1,1,0.89401853
4238,1,0,0.23319697
4239,15,0,0.39718315
4240,7,1,0.9021934
4241,16,0,0.2757017
4242,25,1,0.43188572
4243,7,1,0.7348392
4244,2,1,0.8624915
4245,11,0,0.57965297
4246,21,0,0.4573167
4247,22,0,0.14438365
4248,19,0,0.4859165
4249,26,1,0.9585219
4250,17,0,0.22263308
4251,6,1,0.8101604
4252,28,1,0.73014927
4253,25,0,0.21066591
4254,7,0,0.36612323
4255,13,1,0.9098134
4256,8,1,0.70581704
4257,23,1,0.4253492
4258,23,1,0.4071105
4259,23,1,0.7363572
4260,28,1,0.82003564
4261,27,1,0.86169386
4262,2,1,0.5177251
4263,18,1,0.6654527
4264,28,0,0.032481648
4265,22,0,0.44287685
4266,13,1,0.8663768
4267,19,0,0.18315005
4268,16,1,0.9966576
4269,26,0,0.25533777
4270,22,0,0.48837152
4271,6,0,0.20153676
4272,20,0,0.19742058
4273,16,0,0.15630472
4274,10,1,0.44876575
4275,23,1,0.83912283
4276,26,0,0.20358624
4277,14,0,0.310985
4278,8,0,0.069745176
4279,15,0,0.20017548
4280,27,0,0.63769996
4281,13,1,0.34114096
4282,26,0,0.6903602
4283,8,0,0.36890164
4284,25,1,0.97471356
4285,9,1,0.9260748
4286,25,0,0.19568126
4287,20,1,0.77058035
4288,18,0,0.32277223
4289,28,1,0.61166984
4290,15,1,0.47016558
4291,27,0,0.63813555
4292,8,0,0.3167346
4293,16,0,0.4160268
4294,2,1,0.59636325
4295,12,0,0.82597333
4296,23,0,0.12909675
4297,3,1,0.959746
4298,22,1,0.9351417
4299,7,0,0.056901798
4300,0,1,0.50597084
4301,1,1,0.45059672
4302,12,1,0.6420078
4303,13,0,0.33064976
4304,20,1,0.77637684
4305,16,0,0.13047925
4306,15,0,0.14452225
4307,25,1,0.82652897
4308,10,1,0.41064563
4309,2,1,0.75686044
4310,23,0,0.023236958
4311,25,0,0.5446708
4312,12,0,0.09664683
4313,8,0,0.7151006
4314,25,1,0.34467947
4315,28,0,0.09917252
4316,1,1,0.62835085
4317,8,0,0.5359653
4318,12,1,0.9152112
4319,6,0,0.17873737
4320,6,0,0.51054496
4321,10,1,0.9795974
4322,16,1,0.37755725
4323,11,1,0.7346374
4324,12,1,0.36891085
4325,26,0,0.60776454
4326,16,0,0.59577113
4327,16,1,0.949489
4328,10,1,0.935825
4329,15,1,0.43754193
4330,20,0,0.34935656
4331,2,0,0.65264964
4332,3,1,0.74699193
4333,15,1,0.9092159
4334,3,0,0.38291126
4335,6,0,0.5129659
4336,2,1,0.14663571
4337,23,1,0.77782786
4338,10,1,0.99802846
4339,27,0,0.031392604
4340,8,0,0.76717645
4341,13,0,0.012628903
4342,25,1,0.5811512
4343,12,1,0.7085483
4344,7,1,0.88470405
4345,12,0,0.23427227
4346,11,1,0.5751402
4347,26,1,0.6334672
4348,26,0,0.37001726
4349,11,1,0.60785514
4350,11,1,0.52230626
4351,9,0,0.117522165
4352,8,0,0.43194774
4353,15,0,0.43529436
4354,2,1,0.95977616
4355,14,1,0.92124647
4356,16,0,0.3424233
4357,12,1,0.80716693
4358,7,1,0.994961
4359,11,1,0.90517354
4360,6,1,0.6302518
4361,28,1,0.5230125
4362,3,1,0.9810182
4363,9,1,0.60846204
4364,1,0,0.4014991
4365,2,1,0.46395114
4366,26,0,0.3075564
4367,22,0,0.06332568
4368,4,0,0.7388828
4369,3,1,0.59394455
4370,16,0,0.6333588
4371,7,0,0.21606393
4372,13,1,0.68382454
4373,16,0,0.02379634
4374,24,0,0.0351363
4375,24,1,0.99620503
4376,16,0,0.29753917
4377,18,0,0.4008645
4378,8,0,0.074191056
4379,10,1,0.71962357
4380,16,1,0.30324107
4381,23,0,0.29902238
4382,25,0,0.23175792
4383,19,1,0.89360034
4384,17,1,0.48666173
4385,2,1,0.78755444
4386,13,0,0.21436624
4387,21,1,0.9481442
4388,21,1,0.85137016
4389,8,1,0.53160954
4390,15,0,0.7354477
4391,13,0,0.21974918
4392,13,1,0.51736987
4393,22,1,0.14905135
4394,22,0,4.6907946e-05
4395,16,0,0.44183367
4396,13,0,0.56863654
4397,8,1,0.75159323
4398,3,1,0.6964954
4399,11,0,0.13732652
4400,13,1,0.8221013
4401,0,0,0.18595701
4402,26,0,0.60074776
4403,2,1,0.42213246
4404,17,0,0.20222269
4405,5,0,0.28506207
4406,21,0,0.23650795
4407,20,0,0.40463617
4408,12,1,0.9911678
4409,11,0,0.008273069
4410,10,0,0.27924287
4411,13,0,0.40792456
4412,18,0,0.21131764
4413,25,1,0.92713785
4414,10,0,0.25224942
4415,22,0,0.64556307
4416,25,0,0.11844533
4417,11,0,0.13204786
4418,10,1,0.55445045
4419,13,0,0.25473413
4420,15,1,0.9375102
4421,11,1,0.786198
4422,10,1,0.67943776
4423,15,1,0.9875168
4424,9,1,0.61598665
4425,25,1,0.20970845
4426,2,0,0.68876684
4427,8,0,0.23013882
4428,26,0,0.12828293
4429,10,0,0.11802851
4430,23,0,0.34814823
4431,9,0,0.18610609
4432,8,0,0.29103807
4433,27,1,0.77243453
4434,27,1,0.7447988
4435,24,0,0.840151
4436,24,1,0.87336516
4437,26,1,0.9001236
4438,3,1,0.7283809
4439,20,0,0.40350866
4440,9,1,0.44884646
4441,25,1,0.9268619
4442,7,1,0.44019455
4443,3,1,0.7782488
4444,20,0,0.20706584
4445,12,0,0.06311008
4446,11,1,0.76568455
4447,28,1,0.71213835
4448,15,0,0.09356187
4449,18,1,0.9312924
4450,16,0,0.16729803
4451,26,0,0.28816375
4452,25,0,0.08473753
4453,28,0,0.21397574
4454,9,1,0.9847297
4455,0,0,0.20320393
4456,27,0,0.46791255
4457,26,1,0.6774349
4458,26,1,0.23504128
4459,22,0,0.20656073
4460,2,0,0.4698621
4461,17,0,0.58504146
4462,20,1,0.35725477
4463,14,1,0.28605655
4464,18,1,0.98521566
4465,21,1,0.6086118
4466,12,0,0.04571108
4467,13,0,0.3533262
4468,12,0,0.060099337
4469,22,1,0.41132197
4470,1,1,0.4814193
4471,10,1,0.5168226
4472,1,0,0.25017187
4473,5,1,0.5113882
4474,22,1,0.6663947
4475,11,1,0.83022445
4476,22,0,0.37822077
4477,1,0,0.87339336
4478,2,0,0.34988672
4479,1,1,0.8405468
4480,28,1,0.6409684
4481,2,1,0.60693705
4482,4,1,0.37612945
4483,21,0,0.72829324
4484,15,1,0.6629015
4485,2,1,0.6707828
4486,20,0,0.644858
4487,19,0,0.2330216
4488,1,0,0.11994062
4489,4,1,0.7481284
4490,18,0,0.004698651
4491,18,0,0.24561715
4492,26,0,0.2768965
4493,16,0,0.5502111
4494,8,0,0.561438
4495,23,1,0.54572564
4496,13,0,0.1575227
4497,3,1,0.6094993
4498,16,0,0.11896484
4499,18,0,0.065038994
4500,16,0,0.6631562
4501,12,0,0.2125895
4502,6,0,0.20578702
4503,9,0,0.41876572
4504,15,1,0.9705376
4505,8,0,0.2136532
4506,15,0,0.2383923
4507,12,0,0.1558263
4508,3,1,0.64387053
4509,10,1,0.21087143
4510,5,1,0.50823206
4511,26,0,0.63056886
4512,21,1,0.53243464
4513,13,1,0.45448875
4514,12,1,0.522643
4515,27,0,0.43115035
4516,20,0,0.29046705
4517,4,0,0.07991263
4518,18,1,0.5396708
4519,1,0,0.735381
4520,20,1,0.86021674
4521,7,1,0.46590963
4522,8,1,0.7153107
4523,3,1,0.9685195
4524,8,1,0.27178997
4525,7,1,0.9168879
4526,2,0,0.52645934
4527,24,1,0.8415133
4528,4,0,0.29397914
4529,18,0,0.120505534
4530,20,1,0.7795152
4531,6,1,0.061062608
4532,1,1,0.9989077
4533,14,0,0.31928903
4534,13,1,0.41036767
4535,10,1,0.7719665
4536,14,1,0.21624868
4537,15,0,0.10233291
4538,0,0,0.15969224
4539,26,0,0.41630974
4540,15,1,0.33696336
4541,13,1,0.84788674
4542,4,0,0.41808525
4543,27,0,0.08821635
4544,0,0,0.20903029
4545,0,0,0.29516044
4546,20,0,0.5688578
4547,12,0,0.17668657
4548,9,1,0.9035999
4549,6,0,0.08481927
4550,15,1,0.4932
4551,15,0,0.40291414
4552,14,0,0.24821874
4553,26,0,0.18760529
4554,13,0,0.29770386
4555,2,1,0.71280026
4556,10,1,0.509668
4557,6,0,0.25611013
4558,11,1,0.9337721
4559,13,1,0.89574796
4560,27,1,0.5612931
4561,16,0,0.46187454
4562,17,1,0.82073647
4563,23,0,0.34260282
4564,18,1,0.90346026
4565,10,1,0.7838684
4566,15,1,0.70962405
4567,4,1,0.93747556
4568,26,0,0.52317643
4569,15,0,0.23718122
4570,7,0,0.4886909
4571,19,1,0.86826116
4572,13,1,0.49707755
4573,16,1,0.95501834
4574,6,0,0.37047008
4575,20,1,0.84827447
4576,15,0,0.13786668
4577,8,1,0.44498605
4578,2,0,0.5994122
4579,14,1,0.48042464
4580,14,1,0.5312807
4581,15,1,0.933712
4582,21,1,0.15375835
4583,5,1,0.9720157
4584,20,0,0.7568046
4585,19,0,0.04807321
4586,18,0,0.71598893
4587,20,0,0.5798514
4588,3,0,0.05914802
4589,6,1,0.53718615
4590,25,1,0.5338372
4591,28,1,0.64940226
4592,13,1,0.52353257
4593,10,0,0.15620191
4594,10,1,0.941395
4595,26,1,0.7877021
4596,11,0,0.54791343
4597,8,0,0.23285864
4598,1,0,0.8286984
4599,15,1,0.523135
4600,4,0,0.25173604
4601,4,0,0.5547531
4602,4,1,0.45165473
4603,27,1,0.5205374
4604,26,0,0.54566896
4605,23,1,0.5261112
4606,0,0,0.6921567
4607,24,1,0.96648306
4608,6,0,0.5482053
4609,13,1,0.78901654
4610,17,0,0.138853
4611,26,0,0.17814201
4612,8,0,0.21321803
4613,15,0,0.37916026
4614,16,1,0.57507324
4615,16,1,0.46485624
4616,16,0,0.47201145
4617,1,0,0.23684119
4618,2,1,0.8936785
4619,8,1,0.40012234
4620,27,1,0.8450721
4621,14,0,0.40096208
4622,11,0,0.3766752
4623,16,0,0.16959421
4624,24,0,0.53708375
4625,13,1,0.8944108
4626,12,1,0.44324815
4627,4,1,0.4283765
4628,4,0,0.21961597
4629,8,1,0.9087477
4630,28,0,0.4095185
4631,19,0,0.110846855
4632,13,1,0.20572299
4633,11,0,0.090834394
4634,22,0,0.4562299
4635,25,0,0.37493435
4636,12,1,0.49859205
4637,13,1,0.9144939
4638,16,0,0.43917546
4639,26,0,0.018748071
4640,2,1,0.52098006
4641,14,0,0.28476757
4642,6,0,0.37281257
4643,11,0,0.08308514
4644,4,0,0.18306178
4645,12,1,0.37111226
4646,17,0,0.3388134
4647,28,1,0.5777946
4648,17,0,0.24887852
4649,2,0,0.35996795
4650,9,1,0.41092822
4651,8,1,0.9755476
4652,18,1,0.25315624
4653,10,1,0.7037078
4654,5,0,0.5602761
4655,13,0,0.1399369
4656,10,1,0.57077694
4657,26,0,0.25825658
4658,24,0,0.2815418
4659,1,0,0.20919691
4660,13,1,0.75322086
4661,2,0,0.5033152
4662,2,0,0.3274439
4663,18,1,0.72833
4664,26,1,0.47868064
4665,0,1,0.21215357
4666,14,1,0.67058176
4667,15,1,0.65652364
4668,8,0,0.51466066
4669,2,0,0.26070946
4670,7,1,0.9754866
4671,12,0,0.12116355
4672,3,0,0.119577095
4673,8,0,0.44685343
4674,13,0,0.30822432
4675,18,0,0.16038585
4676,8,0,0.4185792
4677,11,1,0.83830976
4678,13,0,0.6560525
4679,8,0,0.10163968
4680,1,0,0.18114571
4681,19,1,0.22069381
4682,28,0,0.08308976
4683,7,0,0.22491203
4684,26,0,0.0050941044
4685,13,0,0.29438835
4686,26,0,0.51885384
4687,2,0,0.113141686
4688,14,1,0.9428312
4689,26,1,0.9309839
4690,8,1,0.99449146
4691,0,1,0.78871465
4692,1,0,0.07027177
4693,12,1,0.7752448
4694,4,1,0.8564698
4695,17,1,0.38348356
4696,7,1,0.6242998
4697,28,1,0.45397803
4698,2,1,0.6659101
4699,13,1,0.7766783
4700,28,1,0.9936227
4701,11,1,0.8041711
4702,18,1,0.44750318
4703,16,1,0.6186968
4704,13,1,0.5349687
4705,8,1,0.4707914
4706,17,0,0.24352188
4707,7,1,0.6019964
4708,16,0,0.37115687
4709,16,1,0.65031034
4710,3,0,0.41799062
4711,9,0,0.78781235
4712,13,0,0.3211614
4713,1,1,0.7548964
4714,15,0,0.08137734
4715,4,0,0.8437965
4716,14,1,0.5501359
4717,8,1,0.6206544
4718,0,1,0.5342833
4719,2,0,0.15122937
4720,1,0,0.5886025
4721,10,1,0.9816082
4722,15,1,0.7495182
4723,10,0,0.44187745
4724,18,0,0.21825817
4725,18,0,0.07971327
4726,20,0,0.28664818
4727,19,1,0.6447257
4728,12,0,0.6237071
4729,8,0,0.03515905
4730,27,0,0.21645677
4731,21,1,0.40405402
4732,3,0,0.13051426
4733,18,0,0.28267625
4734,20,1,0.48770773
4735,28,0,0.26987842
4736,14,1,0.3645632
4737,14,0,0.5890967
4738,9,1,0.92942727
4739,13,0,0.44659323
4740,11,1,0.95735085
4741,14,0,0.42660353
4742,9,1,0.69926953
4743,7,0,0.15173489
4744,22,0,0.3094034
4745,11,1,0.82988244
4746,20,0,0.47369453
4747,22,1,0.8575622
4748,19,1,0.59927607
4749,11,1,0.60817707
4750,9,1,0.6296376
4751,15,0,0.0121026775
4752,8,1,0.4654142
4753,16,1,0.9788343
4754,15,0,0.44534183
4755,10,0,0.508155
4756,24,1,0.7269108
4757,28,1,0.72216403
4758,16,0,0.13666281
4759,11,0,0.53190595
4760,7,0,0.1519385
4761,2,0,0.57100904
4762,17,0,0.12372018
4763,15,1,0.92145306
4764,19,0,0.27601016
4765,8,0,0.3739698
4766,2,0,0.1875488
4767,2,0,0.014956124
4768,13,0,0.15158044
4769,24,0,0.53707075
4770,28,0,0.28041053
4771,16,1,0.6761291
4772,16,1,0.925586
4773,6,1,0.97269297
4774,16,0,0.11986923
4775,10,1,0.6964723
4776,23,1,0.96231264
4777,17,1,0.5806155
4778,17,1,0.80170584
4779,26,1,0.79292583
4780,13,1,0.78582174
4781,7,0,0.0040626912
4782,28,0,0.41424713
4783,22,0,0.14300257
4784,13,0,0.49252796
4785,13,1,0.77718425
4786,7,1,0.9380227
4787,16,0,0.29608107
4788,5,0,0.19882905
4789,14,1,0.9267372
4790,25,0,0.19040668
4791,13,0,0.54839575
4792,15,1,0.5121168
4793,14,1,0.36108455
4794,9,0,0.52953327
4795,8,1,0.9976609
4796,15,1,0.30993462
4797,20,1,0.99855894
4798,6,0,0.12919493
4799,1,0,0.3372836
4800,26,0,0.11295973
4801,9,0,0.21605627
4802,19,0,0.12110591
4803,25,1,0.5158631
4804,21,0,0.074679404
4805,27,0,0.18768738
4806,18,0,0.5635973
4807,28,1,0.26914364
4808,2,1,0.7368481
4809,8,1,0.46645954
4810,13,1,0.38498235
4811,13,1,0.9926258
4812,26,1,0.6211269
4813,16,0,0.3502892
4814,12,1,0.5342015
4815,1,1,0.93925875
4816,11,0,0.29741934
4817,16,0,0.08416514
4818,15,1,0.57252085
4819,6,0,0.30113393
4820,0,1,0.37649938
4821,13,0,0.1394132
4822,20,0,0.256704
4823,4,1,0.5498594
4824,17,0,0.033906996
4825,23,1,0.5751279
4826,27,1,0.49077338
4827,14,0,0.13444237
4828,26,0,0.16171245
4829,2,1,0.26728255
4830,16,1,0.24815401
4831,10,1,0.7399809
4832,13,0,0.18100432
4833,13,0,0.20425326
4834,19,0,0.64246464
4835,24,0,0.29816312
4836,10,0,0.26756895
4837,2,0,0.51402235
4838,22,1,0.60734063
4839,28,0,0.19844384
4840,23,0,0.02812243
4841,28,0,0.32785395
4842,27,0,0.44912118
4843,16,1,0.4914701
4844,17,0,0.19837394
4845,25,1,0.9839246
4846,28,0,0.72840977
4847,20,1,0.8729108
4848,23,0,0.46324432
4849,3,0,0.45526212
4850,27,1,0.57680494
4851,20,1,0.40532145
4852,18,1,0.95388675
4853,13,0,0.70692307
4854,10,0,0.6899634
4855,16,1,0.6834065
4856,5,1,0.7220969
4857,27,1,0.6001317
4858,2,1,0.42179626
4859,7,0,0.54471475
4860,2,0,0.62405074
4861,20,1,0.673168
4862,4,0,0.16252643
4863,26,1,0.39601576
4864,26,1,0.453328
4865,15,1,0.7906258
4866,25,0,0.16216432
4867,10,0,0.7036598
4868,26,0,0.066083275
4869,6,1,0.72045875
4870,8,1,0.76120925
4871,5,0,0.2918281
4872,11,1,0.3050597
4873,3,1,0.7752427
4874,5,0,0.509429
4875,8,0,0.15840206
4876,18,1,0.27570817
4877,24,0,0.5417087
4878,14,0,0.08480521
4879,1,0,0.47118074
4880,3,0,0.53081113
4881,21,1,0.6531447
4882,28,0,0.15184
4883,15,1,0.9486168
4884,8,0,0.17781103
4885,2,0,0.21377696
4886,9,0,0.48651454
4887,9,0,0.119930856
4888,20,1,0.59134185
4889,10,0,0.16159974
4890,26,0,0.28964534
4891,3,1,0.5377697
4892,25,0,0.41288173
4893,18,1,0.95840454
4894,3,0,0.16413116
4895,23,1,0.6627022
4896,2,0,0.32394972
4897,20,0,0.04300803
4898,1,1,0.9630026
4899,8,0,0.10840602
4900,11,1,0.3709512
4901,18,1,0.9260099
4902,10,1,0.57769144
4903,20,1,0.36061597
4904,23,1,0.651512
4905,22,1,0.8907624
4906,10,0,0.1815534
4907,12,1,0.65320146
4908,4,0,0.088908605
4909,20,1,0.99305105
4910,20,0,0.0754767
4911,10,1,0.24154621
4912,21,1,0.8440781
4913,1,1,0.9585146
4914,22,1,0.471167
4915,24,0,0.3287136
4916,16,0,0.3919353
4917,14,1,0.77561253
4918,27,0,0.1744896
4919,27,1,0.9466799
4920,16,1,0.34532827
4921,27,1,0.53877604
4922,13,0,0.26496834
4923,14,1,0.36509117
4924,17,0,0.87757146
4925,0,1,0.78866786
4926,9,1,0.479528
4927,12,0,0.69485795
4928,27,0,0.27982607
4929,10,1,0.48927483
4930,2,0,0.11087421
4931,2,1,0.74586314
4932,16,1,0.72432446
4933,2,1,0.9612215
4934,18,1,0.84528196
4935,26,1,0.9660611
4936,13,1,0.11782286
4937,7,0,0.16606268
4938,26,0,0.4217502
4939,27,0,0.59292036
4940,20,0,0.1295262
4941,11,1,0.70883006
4942,26,0,0.20710611
4943,23,0,0.3161022
4944,14,1,0.74873364
4945,2,0,0.20037518
4946,8,1,0.72547776
4947,19,0,0.47133997
4948,8,0,0.20280236
4949,6,0,0.24493974
4950,26,0,0.60884327
4951,16,1,0.8487913
4952,8,0,0.64949435
4953,15,0,0.53636837
4954,6,1,0.97355837
4955,15,0,0.4968316
4956,28,0,0.41085646
4957,25,1,0.6581785
4958,17,1,0.13193744
4959,16,1,0.83290803
4960,11,1,0.9012306
4961,0,0,0.58563
4962,18,1,0.5663804
4963,8,1,0.7673534
4964,0,1,0.42803493
4965,13,0,0.39630198
4966,2,0,0.1305421
4967,1,1,0.55520546
4968,17,0,0.4008303
4969,2,1,0.5270517
4970,10,0,2.295652e-06
4971,17,1,0.6420713
4972,11,0,0.5565141
4973,28,1,0.5434861
4974,22,1,0.7264971
4975,15,0,0.0001879798
4976,2,0,0.48509258
4977,16,1,0.775061
4978,2,0,0.15091924
4979,0,0,0.1829845
4980,8,0,0.54621834
4981,26,0,0.51215446
4982,25,1,0.9753803
4983,12,1,0.7015372
4984,28,0,0.11729993
4985,14,0,0.42620176
4986,10,1,0.444084
4987,17,1,0.40543365
4988,22,0,0.5384202
4989,20,1,0.38727733
4990,24,1,0.48489764
4991,14,1,0.49221468
4992,0,0,0.32806018
4993,7,1,0.807828
4994,1,0,0.40651384
4995,12,0,0.4626004
4996,23,0,0.3544422
4997,12,0,0.4510066
4998,8,0,0.584937
4999,25,0,0.028952505
5000,6,1,0.56311446
5001,3,0,0.49794656
5002,16,0,0.03342103
5003,11,0,0.19478133
5004,27,1,0.567308
5005,13,0,0.061832655
5006,6,0,0.20830002
5007,12,0,0.5219859
5008,19,0,0.33386403
5009,3,0,0.5990293
5010,8,0,0.26605162
5011,16,0,0.26813716
5012,4,0,0.2865799
5013,2,1,0.4020551
5014,13,1,0.53413826
5015,2,0,0.21622905
5016,15,0,0.3822324
5017,16,0,0.21172091
5018,27,0,0.015755748
5019,16,1,0.77582216
5020,23,1,0.69824445
5021,20,1,0.58283734
5022,26,1,0.95218307
5023,26,0,0.27797744
5024,10,1,0.5304388
5025,16,1,0.5597856
5026,9,0,0.16858058
5027,24,0,0.03984745
5028,17,0,0.47500902
5029,25,1,0.40747982
5030,8,1,0.84128106
5031,15,1,0.41825587
5032,12,1,0.60950744
5033,22,1,0.58196187
5034,16,0,0.8651835
5035,13,1,0.7980245
5036,25,0,0.29342997
5037,2,1,0.50245893
5038,26,0,0.39901242
5039,13,1,0.4990783
5040,8,0,0.24081479
5041,25,1,0.9030523
5042,16,0,0.43700546
5043,12,1,0.7225434
5044,10,0,0.23534524
5045,10,1,0.48063773
5046,10,1,0.9042132
5047,2,1,0.51068306
5048,8,1,0.47093645
5049,13,1,0.6766889
5050,11,0,0.24527185
5051,13,1,0.7839333
5052,2,0,0.5556678
5053,17,0,0.19208007
5054,1,0,0.32981062
5055,25,1,0.61358726
5056,13,1,0.9752229
5057,15,1,0.5310182
5058,8,1,0.9947901
5059,5,0,0.41904613
5060,27,0,0.15586439
5061,26,0,0.4647348
5062,0,1,0.9930534
5063,13,1,0.9977175
5064,9,0,0.383844
5065,20,0,0.3813467
5066,11,1,0.7945893
5067,12,0,0.39669603
5068,17,1,0.26899147
5069,28,0,0.31616572
5070,21,0,0.45500734
5071,25,0,0.3533541
5072,20,0,0.034202736
5073,1,1,0.5094894
5074,12,1,0.50893426
5075,21,0,0.027658504
5076,9,0,0.7136462
5077,19,1,0.7613887
5078,7,1,0.65146214
5079,10,1,0.9415865
5080,4,1,0.24607779
5081,2,1,0.52735573
5082,3,1,0.8719534
5083,25,0,0.1735051
5084,7,1,0.9341535
5085,25,0,0.4006128
5086,15,0,0.0087415865
5087,2,0,0.12349204
5088,0,0,0.6131543
5089,0,1,0.82422626
5090,24,0,0.122367084
5091,13,0,0.2197267
5092,17,1,0.99064904
5093,21,0,0.33244672
5094,24,1,0.84161407
5095,1,0,0.1371599
5096,10,1,0.9413062
5097,24,0,0.4380467
5098,5,1,0.7667079
5099,13,0,0.15133372
5100,12,0,0.03760653
5101,15,0,0.39569736
5102,18,1,0.79677695
5103,1,1,0.6028631
5104,13,0,0.79329604
5105,4,1,0.90949285
5106,25,1,0.9222809
5107,26,1,0.82111007
5108,11,0,0.015574346
5109,19,0,0.16724716
5110,13,1,0.9418438
5111,10,0,0.2795502
5112,28,1,0.9331491
5113,20,1,0.4874112
5114,14,1,0.72491616
5115,14,1,0.35724396
5116,10,0,0.05067246
5117,10,0,0.086370535
5118,26,0,0.40357667
5119,16,1,0.6477012
5120,16,1,0.7737232
5121,12,1,0.44327673
5122,13,1,0.5985064
5123,16,1,0.8441053
5124,1,0,0.39596888
5125,19,1,0.60943127
5126,11,0,0.49574968
5127,26,1,0.5794961
5128,8,1,0.99759656
5129,12,1,0.90542454
5130,25,0,0.6031461
5131,4,0,0.1639569
5132,27,1,0.52500606
5133,20,1,0.8741404
5134,4,0,0.22777985
5135,17,1,0.7557442
5136,10,1,0.94417214
5137,18,0,0.3643059
5138,21,0,0.52877825
5139,19,0,0.012298793
5140,16,1,0.2905717
5141,24,0,0.3714124
5142,20,0,0.60264593
5143,2,0,0.67368877
5144,27,1,0.4043646
5145,20,1,0.36886823
5146,10,1,0.5607905
5147,4,0,0.33872765
5148,16,0,0.18053122
5149,15,1,0.85566443
5150,8,1,0.6819139
5151,27,0,0.2578879
5152,12,1,0.50638455
5153,4,1,0.6814094
5154,19,1,0.66778785
5155,1,0,0.749164
5156,18,1,0.69015825
5157,23,1,0.15399177
5158,12,0,0.21308574
5159,15,0,0.15910721
5160,13,0,0.49462017
5161,2,1,0.5213324
5162,8,0,0.39997628
5163,3,0,0.35128123
5164,12,0,0.5636853
5165,22,0,0.45021704
5166,18,1,0.2743618
5167,27,1,0.49044278
5168,23,1,0.58355635
5169,22,0,0.6189868
5170,27,0,0.0001486582
5171,15,0,0.644653
5172,16,0,0.29985029
5173,18,1,0.70222926
5174,27,0,0.14540692
5175,25,1,0.9047355
5176,25,1,0.42173332
5177,6,0,0.2656448
5178,25,1,0.9998306
5179,8,1,0.8972994
5180,26,1,0.9235813
5181,21,0,0.52536124
5182,26,1,0.4736307
5183,19,0,0.46687588
5184,13,0,0.06423624
5185,27,0,0.5212713
5186,16,0,0.77462816
5187,2,1,0.74802715
5188,24,0,0.32943517
5189,16,0,0.36340863
5190,21,1,0.3223013
5191,12,1,0.6853712
5192,26,0,0.6198152
5193,2,0,0.025797805
5194,16,0,0.1784012
5195,7,0,0.22138329
5196,0,1,0.41361904
5197,10,1,0.6250014
5198,8,1,0.5355971
5199,1,0,0.3316975
5200,4,1,0.623657
5201,21,1,0.9735965
5202,27,1,0.33181283
5203,17,1,0.88729215
5204,21,0,0.37056902
5205,17,0,0.3845774
5206,1,1,0.9044132
5207,27,0,0.5013721
5208,16,1,0.67043185
5209,8,0,0.7873232
5210,15,1,0.9067494
5211,26,0,0.32746094
5212,16,0,0.038932584
5213,21,0,0.4273711
5214,6,0,0.36295998
5215,17,1,0.712744
5216,25,1,0.98927104
5217,2,1,0.55993396
5218,10,0,0.3183523
5219,2,0,0.34857708
5220,3,1,0.80897033
5221,5,0,0.64279616
5222,25,1,0.7122584
5223,11,0,0.05267621
5224,3,1,0.5072952
5225,21,1,0.44625792
5226,0,1,0.34906915
5227,7,0,0.24650341
5228,13,1,0.9085424
5229,4,1,0.34044585
5230,20,1,0.3875518
5231,13,1,0.7292908
5232,13,1,0.89449376
5233,16,1,0.8627438
5234,11,1,0.8727461
5235,1,0,0.09727873
5236,12,0,0.618239
5237,26,0,0.109384716
5238,26,1,0.4812135
5239,21,1,0.82467234
5240,8,1,0.6018255
5241,24,0,0.23859535
5242,8,1,0.42268816
5243,7,1,0.8508126
5244,2,0,0.07408233
5245,26,1,0.8695736
5246,26,0,0.30515394
5247,2,0,0.41263497
5248,28,0,0.6645419
5249,2,1,0.68893415
5250,8,1,0.9737303
5251,8,0,0.31325728
5252,18,0,0.28116423
5253,8,0,0.43720758
5254,16,0,0.04084521
5255,10,1,0.41300023
5256,2,1,0.91370493
5257,1,0,0.55651706
5258,16,0,0.15560757
5259,16,1,0.64461386
5260,2,0,0.3676032
5261,0,1,0.98181057
5262,22,1,0.7456445
5263,27,1,0.40593207
5264,25,1,0.51012516
5265,7,1,0.59795934
5266,7,0,0.39665225
5267,10,0,0.18648788
5268,0,0,0.43081883
5269,28,0,0.08655034
5270,22,1,0.8802401
5271,15,0,0.07492768
5272,26,1,0.5938972
5273,21,1,0.89459574
5274,0,0,0.013435604
5275,19,0,0.3045144
5276,18,0,0.45420742
5277,11,0,0.26107588
5278,4,0,0.3911061
5279,0,1,0.98273015
5280,22,1,0.90808177
5281,21,1,0.88297856
5282,3,1,0.30478364
5283,18,1,0.8247363
5284,1,1,0.7238329
5285,4,1,0.46556267
5286,10,0,0.53529143
5287,15,0,0.26995695
5288,0,1,0.17765245
5289,6,1,0.86934185
5290,12,0,0.21171996
5291,15,0,0.2653363
5292,8,1,0.2900114
5293,4,1,0.7111363
5294,2,0,0.03360789
5295,0,0,0.05538935
5296,20,0,0.23180476
5297,18,1,0.5877732
5298,12,1,0.8746411
5299,17,0,0.20041944
5300,22,0,0.05271553
5301,20,1,0.59572023
5302,21,0,0.08552572
5303,6,1,0.58174384
5304,16,0,0.56510895
5305,6,0,0.6030301
5306,17,1,0.6117941
5307,3,1,0.5911332
5308,13,0,0.22135028
5309,22,1,0.6903302
5310,17,1,0.5172146
5311,20,0,0.32035235
5312,16,0,0.5173159
5313,2,0,0.459603
5314,26,0,0.3599496
5315,18,1,0.95987415
5316,1,1,0.9708858
5317,12,0,0.9423616
5318,19,0,0.4702791
5319,26,1,0.4322825
5320,3,0,0.044508185
5321,16,1,0.8990629
5322,20,1,0.58470523
5323,26,1,0.94226253
5324,20,1,0.52688885
5325,6,0,0.57452285
5326,15,0,0.27331167
5327,11,0,0.4646397
5328,21,1,0.85191584
5329,11,0,0.33650354
5330,8,1,0.5146201
5331,28,0,0.42464748
5332,11,1,0.7911955
5333,9,0,0.34360093
5334,17,0,0.04851964
5335,24,1,0.7468232
5336,2,0,0.4303477
5337,15,0,0.69831175
5338,15,1,0.52699995
5339,1,0,0.023202788
5340,26,1,0.44770232
5341,3,0,0.26434755
5342,4,0,0.07522234
5343,17,0,0.15451623
5344,4,1,0.9175699
5345,22,0,0.5270685
5346,22,0,0.28207785
5347,12,0,0.014237126
5348,26,1,0.7136925
5349,2,1,0.6676553
5350,23,1,0.5210372
5351,22,0,0.2676344
5352,1,1,0.7611313
5353,9,0,0.27950123
5354,2,1,0.4696913
5355,16,1,0.4956157
5356,18,0,0.118008435
5357,2,1,0.9772166
5358,8,0,0.097219385
5359,28,0,0.4309432
5360,20,0,0.23555714
5361,8,0,0.53645545
5362,9,0,0.24369211
5363,17,1,0.4882794
5364,15,1,0.8956219
5365,17,1,0.85246354
5366,13,0,0.27324495
5367,25,0,0.616222
5368,13,1,0.540995
5369,21,1,0.926534
5370,1,1,0.6619101
5371,16,0,0.13538633
5372,14,0,0.40980875
5373,11,1,0.4408734
5374,16,0,0.23169725
5375,2,1,0.867494
5376,26,0,0.62597835
5377,25,0,0.02370432
5378,19,1,0.95732397
5379,2,1,0.506747
5380,7,1,0.68835044
5381,20,1,0.5234083
5382,5,0,0.29898894
5383,20,1,0.6823626
5384,15,1,0.47183344
5385,25,1,0.99190485
5386,20,0,0.48919854
5387,13,0,0.7172401
5388,20,0,0.19419415
5389,18,0,0.21352513
5390,24,0,0.31207028
5391,18,0,0.14903766
5392,3,1,0.5646658
5393,8,0,0.75219184
5394,8,0,0.15725109
5395,10,1,0.5534615
5396,2,1,0.9488949
5397,2,1,0.99814665
5398,11,0,0.10263713
5399,17,0,0.3554878
5400,11,1,0.51551294
5401,10,1,0.5252786
5402,20,0,0.45933485
5403,4,1,0.54986817
5404,22,0,0.21276286
5405,13,0,0.45137793
5406,3,0,0.64625657
5407,16,1,0.42800522
5408,27,1,0.7190327
5409,11,1,0.54570144
5410,15,0,0.48758832
5411,1,1,0.985946
5412,2,1,0.85862935
5413,20,1,0.6088706
5414,15,1,0.7425726
5415,8,1,0.92370474
5416,13,1,0.6566043
5417,15,0,0.34029424
5418,2,1,0.7004983
5419,6,0,0.43655282
5420,26,0,0.60653955
5421,25,0,0.38419756
5422,12,1,0.7040332
5423,10,0,0.47575936
5424,20,1,0.782843
5425,0,1,0.7366249
5426,22,0,0.14547247
5427,2,0,0.239191
5428,8,0,0.1412144
5429,21,1,0.6527256
5430,1,0,0.36021236
5431,13,1,0.7694316
5432,0,1,0.83415633
5433,16,0,0.25932407
5434,3,1,0.5973071
5435,28,1,0.5116175
5436,15,1,0.66819245
5437,26,1,0.65152144
5438,1,1,0.8345767
5439,11,1,0.6618653
5440,17,1,0.5736998
5441,28,0,0.35401323
5442,0,0,0.6990007
5443,25,0,0.15653569
5444,7,0,0.39650044
5445,7,0,0.1213932
5446,1,0,0.97075576
5447,1,0,0.55496836
5448,13,0,0.45781678
5449,22,1,0.47112355
5450,8,1,0.77768093
5451,16,0,0.18421018
5452,22,1,0.99259514
5453,17,0,0.12270442
5454,22,1,0.9950029
5455,20,0,0.48589817
5456,20,1,0.43398854
5457,28,1,0.41003406
5458,23,1,0.7642711
5459,2,0,0.31517157
5460,6,1,0.3546922
5461,7,0,0.044992182
5462,7,1,0.52054614
5463,16,1,0.3362645
5464,10,0,0.7869521
5465,23,1,0.47563592
5466,1,0,0.5771689
5467,11,1,0.28589672
5468,16,1,0.7049292
5469,15,1,0.60886467
5470,7,1,0.9998584
5471,27,0,0.10881276
5472,4,0,0.18015116
5473,13,0,0.09205113
5474,8,1,0.5106163
5475,7,1,0.34076592
5476,21,1,0.4963752
5477,3,0,0.02123535
5478,12,0,0.5660373
5479,27,0,0.32026422
5480,15,0,0.6544945
5481,15,1,0.6916888
5482,11,1,0.50240976
5483,6,1,0.93081933
5484,27,1,0.73137397
5485,20,0,0.4494437
5486,0,1,0.2591238
5487,13,0,0.2772362
5488,8,1,0.79780954
5489,28,1,0.81987417
5490,23,0,0.3649988
5491,7,0,0.007782517
5492,26,0,0.528374
5493,2,1,0.7874143
5494,23,0,0.34431407
5495,7,1,0.5735199
5496,10,0,0.07162142
5497,28,1,0.9172507
5498,11,0,0.19464152
5499,16,1,0.6145717
5500,11,1,0.8846882
5501,25,1,0.5152277
5502,28,1,0.51452506
5503,11,0,0.83567446
5504,6,1,0.9278041
5505,9,0,0.45313886
5506,8,0,0.049386762
5507,8,1,0.24451445
5508,2,1,0.46402597
5509,13,1,0.7998146
5510,3,1,0.25109655
5511,22,1,0.63903904
5512,15,1,0.727379
5513,15,0,0.52833676
5514,26,1,0.8155177
5515,28,0,0.25368464
5516,25,0,0.23698245
5517,1,0,0.4641257
5518,13,1,0.38992798
5519,16,0,0.3311917
5520,4,1,0.8654291
5521,2,0,0.48605493
5522,10,0,0.4690056
5523,3,0,0.21725266
5524,24,1,0.8336167
5525,3,0,0.055941768
5526,10,0,0.2522661
5527,11,1,0.8187676
5528,15,0,0.2145615
5529,12,1,0.596602
5530,15,1,0.8462477
5531,2,1,0.4105667
5532,15,1,0.23082553
5533,13,0,0.27550927
5534,26,0,0.20987117
5535,16,0,0.31924087
5536,25,1,0.46375683
5537,26,1,0.9388685
5538,14,0,0.16526753
5539,6,1,0.8119471
5540,17,1,0.40650412
5541,10,1,0.49276438
5542,15,1,0.7448345
5543,26,1,0.62730503
5544,0,0,0.31841606
5545,25,0,0.3297924
5546,20,0,0.22508147
5547,27,1,0.42425868
5548,27,0,0.5110791
5549,15,1,0.6868237
5550,2,0,0.024863586
5551,4,0,0.66095805
5552,9,1,0.520015
5553,1,1,0.7076751
5554,13,0,0.099146366
5555,15,1,0.60393023
5556,16,1,0.7873792
5557,8,0,0.40078148
5558,1,0,0.5218358
5559,13,0,0.24767992
5560,2,0,0.2243128
5561,15,0,0.33114812
5562,28,0,0.5937871
5563,3,1,0.67022794
5564,26,1,0.8532312
5565,26,1,0.6473312
5566,2,1,0.5166904
5567,18,0,0.09160519
5568,7,1,0.38497022
5569,24,0,0.33116657
5570,1,1,0.5872544
5571,10,1,0.47449663
5572,10,0,0.16737753
5573,27,1,0.3786713
5574,4,1,0.6952912
5575,19,0,0.41306356
5576,1,1,0.35811728
5577,8,1,0.96388406
5578,13,1,0.82141757
5579,2,1,0.88104194
5580,15,1,0.50085014
5581,1,0,0.13887633
5582,26,1,0.48538747
5583,2,0,0.18018408
5584,16,1,0.5576803
5585,13,0,0.08948154
5586,1,1,0.8743422
5587,28,0,0.47098562
5588,13,1,0.84191424
5589,28,0,0.30993378
5590,21,0,0.5105531
5591,14,0,0.438492
5592,10,1,0.9207002
5593,2,1,0.99961793
5594,11,0,0.30320418
5595,11,1,0.6137667
5596,8,1,0.6239018
5597,20,0,0.18711181
5598,2,1,0.42217496
5599,16,1,0.2691999
5600,13,0,0.005055885
5601,24,0,0.3054028
5602,24,0,0.40845513
5603,18,0,0.73783547
5604,22,0,0.26923758
5605,1,1,0.6535154
5606,16,1,0.999724
5607,20,0,0.29438874
5608,16,1,0.44657472
5609,20,1,0.42969188
5610,7,1,0.8314484
5611,26,0,0.90310276
5612,11,0,0.17574808
5613,8,1,0.9856037
5614,3,1,0.59188163
5615,15,0,0.3377028
5616,25,1,0.5520047
5617,25,1,0.6587741
5618,21,0,0.3827565
5619,25,1,0.6100962
5620,19,0,0.27230984
5621,20,1,0.7665689
5622,10,0,0.24688706
5623,2,1,0.86362314
5624,5,0,0.15735474
5625,1,1,0.93625844
5626,27,0,0.38950664
5627,18,0,0.36706457
5628,17,0,0.26988629
5629,6,0,0.2831587
5630,1,0,0.3895556
5631,2,0,0.2595282
5632,25,1,0.9050464
5633,0,1,0.84283483
5634,6,1,0.5516267
5635,3,1,0.80796707
5636,13,0,0.25650883
5637,3,1,0.6798257
5638,8,1,0.99301857
5639,20,1,0.10127227
5640,27,1,0.8963155
5641,3,0,0.1958622
5642,17,0,0.33736345
5643,1,0,0.6013278
5644,11,1,0.38253924
5645,24,1,0.96669155
5646,26,1,0.6555847
5647,3,1,0.3661195
5648,6,0,0.08811682
5649,13,0,0.9672117
5650,19,1,0.9857658
5651,26,0,0.37019014
5652,23,0,0.038627654
5653,16,1,0.8297304
5654,0,0,0.0019926622
5655,13,1,0.29124594
5656,13,1,0.63770103
5657,11,1,0.9753389
5658,25,0,0.6728749
5659,16,1,0.39223853
5660,12,0,0.26958036
5661,8,1,0.27244028
5662,23,0,0.32068908
5663,27,1,0.9925609
5664,4,1,0.7772398
5665,2,0,0.40720916
5666,1,1,0.9408008
5667,11,0,0.50881636
5668,16,1,0.51993537
5669,2,1,0.94733846
5670,24,0,0.27064142
5671,12,0,0.055110887
5672,26,0,0.22385097
5673,8,0,0.6946811
5674,14,1,0.43324155
5675,18,1,0.35293624
5676,27,1,0.8737599
5677,9,1,0.80246824
5678,10,0,0.069069825
5679,16,0,0.22143297
5680,13,1,0.4351696
5681,15,0,0.27845797
5682,11,1,0.7007288
5683,27,1,0.4386146
5684,22,1,0.94286686
5685,27,1,0.62037253
5686,12,1,0.77683073
5687,4,0,0.050236236
5688,22,0,0.17980906
5689,20,1,0.37224314
5690,13,1,0.96035105
5691,15,0,0.045129653
5692,14,1,0.96560675
5693,3,1,0.9701035
5694,20,1,0.791629
5695,20,1,0.7486434
5696,10,1,0.59240705
5697,18,0,0.020625103
5698,27,1,0.7801558
5699,13,0,0.46265537
5700,21,1,0.83294773
5701,16,1,0.41797394
5702,0,1,0.9015181
5703,17,0,0.33161652
5704,16,1,0.656093
5705,11,0,0.48725006
5706,16,1,0.5683211
5707,2,0,0.11468976
5708,4,1,0.70804685
5709,27,1,0.8458364
5710,1,0,0.0832751
5711,18,0,0.43576515
5712,16,1,0.91188085
5713,9,1,0.42785075
5714,16,0,0.60176164
5715,16,0,0.13597065
5716,28,0,0.10947515
5717,13,0,0.6404097
5718,8,0,0.15098996
5719,18,0,0.8437658
5720,12,0,0.2257237
5721,11,0,0.57703775
5722,8,1,0.2968576
5723,20,1,0.9610386
5724,8,1,0.74943274
5725,7,1,0.7693137
5726,2,0,0.020893617
5727,14,0,0.22890256
5728,26,0,0.19619597
5729,10,1,0.90094984
5730,2,0,0.26677668
5731,25,0,0.076034315
5732,16,1,0.5510595
5733,16,1,0.7869143
5734,25,1,0.7244666
5735,27,1,0.98124295
5736,11,0,0.28175592
5737,16,1,0.63982165
5738,4,1,0.7306039
5739,2,1,0.36588868
5740,11,0,0.38279474
5741,12,1,0.8449146
5742,20,1,0.46880016
5743,2,0,0.123904
5744,9,1,0.31708533
5745,6,1,0.6519729
5746,11,0,0.60856074
5747,13,1,0.6028693
5748,17,0,0.40079296
5749,25,0,0.3555786
5750,26,1,0.9174774
5751,15,0,0.20346895
5752,16,1,0.9555726
5753,9,0,0.27463517
5754,9,0,0.49161634
5755,16,0,0.2983825
5756,26,0,0.1361755
5757,26,1,0.79704463
5758,4,1,0.98203224
5759,14,0,0.38690415
5760,28,1,0.7347936
5761,11,0,0.2782957
5762,16,0,0.29470798
5763,1,1,0.696364
5764,9,0,0.39443842
5765,10,0,0.57350355
5766,22,1,0.6384697
5767,21,0,0.3648778
5768,18,1,0.6366528
5769,24,0,0.17280142
5770,15,0,0.8247534
5771,25,1,0.3999571
5772,22,0,0.37418854
5773,27,1,0.48048317
5774,19,1,0.3621186
5775,8,1,0.3679125
5776,14,0,0.5600141
5777,8,0,0.2540737
5778,26,1,0.45167047
5779,5,0,0.044125162
5780,0,0,0.03094752
5781,24,1,0.48182422
5782,6,1,0.701695
5783,22,0,0.23565973
5784,0,0,0.48291305
5785,15,0,0.3092968
5786,15,0,0.02901206
5787,11,0,0.5629434
5788,17,0,0.55392784
5789,20,0,0.18521293
5790,22,0,0.43242863
5791,23,1,0.47048262
5792,8,1,0.7441217
5793,11,0,0.4215689
5794,7,0,0.2194398
5795,28,1,0.47848332
5796,1,0,0.3885192
5797,10,1,0.176318
5798,17,1,0.46890703
5799,5,0,0.723786
5800,6,0,0.044374898
5801,19,0,0.32250163
5802,2,1,0.9747624
5803,10,1,0.21333463
5804,6,0,0.3035667
5805,8,1,0.5097979
5806,3,1,0.97968584
5807,17,0,0.701175
5808,15,0,0.4772047
5809,14,1,0.9058701
5810,20,1,0.39656153
5811,12,1,0.5974881
5812,8,1,0.5333506
5813,20,0,0.010488413
5814,16,1,0.80306184
5815,26,1,0.3860964
5816,16,0,0.34718037
5817,13,0,0.34520963
5818,28,0,0.443131
5819,26,1,0.7503474
5820,10,0,0.2338311
5821,27,1,0.7639804
5822,13,0,0.22183292
5823,12,0,0.23471303
5824,23,0,0.42192227
5825,10,1,0.87906677
5826,26,0,0.00015253006
5827,10,1,0.92367536
5828,17,0,0.574301
5829,26,1,0.98639596
5830,26,1,0.34520167
5831,27,0,0.52788246
5832,11,0,0.3834664
5833,24,1,0.4777575
5834,2,1,0.6259128
5835,13,1,0.92832786
5836,1,1,0.831955
5837,22,0,0.21737978
5838,23,1,0.2768906
5839,8,1,0.9176006
5840,20,0,0.26181564
5841,20,0,0.9193994
5842,11,0,0.5301438
5843,14,1,0.9458364
5844,5,1,0.6850261
5845,25,0,0.34861162
5846,8,1,0.9403392
5847,13,0,0.14919765
5848,1,0,0.07501693
5849,20,0,0.25442156
5850,2,1,0.35033384
5851,21,1,0.9664618
5852,5,1,0.66748714
5853,5,0,0.36233947
5854,2,1,0.5144478
5855,10,1,0.5497076
5856,18,1,0.85375696
5857,3,0,0.011389939
5858,4,1,0.8619074
5859,17,1,0.382916
5860,0,1,0.536997
5861,15,0,0.32551256
5862,28,1,0.3246025
5863,13,1,0.73287904
5864,3,1,0.6365978
5865,15,0,0.21893682
5866,16,1,0.84494704
5867,16,0,0.5977979
5868,15,1,0.77664286
5869,6,1,0.64420056
5870,15,1,0.6357245
5871,20,0,0.6058587
5872,25,0,0.27818236
5873,7,1,0.4899777
5874,1,1,0.8794051
5875,14,0,0.14183623
5876,22,0,0.3957425
5877,22,1,0.49184442
5878,2,0,0.20664786
5879,10,0,0.500192
5880,11,1,0.4386714
5881,8,0,0.20710367
5882,14,1,0.9159885
5883,25,0,0.015001355
5884,10,1,0.48731557
5885,24,0,0.38678095
5886,14,0,0.6161482
5887,26,1,0.5416358
5888,1,0,0.19106995
5889,8,1,0.47093448
5890,28,0,0.139407
5891,23,1,0.784176
5892,18,1,0.80999315
5893,24,0,0.1040001
5894,13,1,0.9058107
5895,8,0,0.40356457
5896,28,1,0.3304192
5897,24,1,0.5909225
5898,19,1,0.47736254
5899,7,1,0.81302047
5900,14,1,0.29922146
5901,28,0,0.1541376
5902,8,0,0.54754335
5903,23,1,0.82069165
5904,8,1,0.68542826
5905,28,1,0.30225733
5906,28,0,0.55940396
5907,23,1,0.53551424
5908,6,1,0.65375596
5909,16,1,0.67415416
5910,3,1,0.6159622
5911,18,1,0.44724548
5912,16,0,0.44383842
5913,9,1,0.87721884
5914,20,0,0.3768285
5915,18,1,0.5801927
5916,9,0,0.6046175
5917,1,0,0.56083614
5918,23,0,0.22500876
5919,28,1,0.7969488
5920,19,0,0.010875237
5921,28,0,0.36685452
5922,0,1,0.97020984
5923,26,1,0.96428764
5924,2,1,0.4155976
5925,27,0,0.14976993
5926,26,1,0.96230686
5927,4,1,0.5944686
5928,23,1,0.91736406
5929,8,0,0.45757374
5930,9,0,0.013819941
5931,19,0,0.16525432
5932,13,0,0.64499164
5933,16,0,0.23297475
5934,19,1,0.4338572
5935,8,1,0.56331146
5936,15,0,0.6823866
5937,25,1,0.96769327
5938,10,1,0.9431727
5939,21,0,0.45206633
5940,26,0,0.17078015
5941,16,0,0.12891884
5942,27,0,0.34902164
5943,12,1,0.91181076
5944,15,1,0.58676684
5945,17,1,0.6405083
5946,0,1,0.99479204
5947,6,1,0.3195721
5948,20,1,0.9804772
5949,24,1,0.6234607
5950,26,0,0.39179283
5951,6,1,0.6239791
5952,11,0,0.14815813
5953,19,0,0.23899144
5954,18,0,0.35204786
5955,26,0,0.46758214
5956,1,1,0.89419484
5957,16,1,0.53428465
5958,17,0,0.108590506
5959,17,1,0.9961253
5960,2,1,0.46894798
5961,24,1,0.393144
5962,21,1,0.24538666
5963,3,1,0.41254333
5964,8,0,0.33640864
5965,10,1,0.32788464
5966,0,0,0.3135726
5967,27,0,0.56230414
5968,16,0,0.44393674
5969,1,1,0.36315665
5970,25,1,0.5415302
5971,4,1,0.52950984
5972,27,0,0.046697546
5973,20,0,0.4009016
5974,12,1,0.84718883
5975,1,1,0.7569862
5976,2,1,0.92647016
5977,1,0,0.5352775
5978,12,1,0.2809881
5979,14,0,0.039485008
5980,18,1,0.9439177
5981,25,0,0.30134416
5982,8,1,0.90658945
5983,11,1,0.7606937
5984,7,1,0.9092298
5985,1,0,0.39925975
5986,11,0,0.156265
5987,6,0,0.055614427
5988,22,1,0.5480459
5989,27,0,0.43354246
5990,15,0,0.07403124
5991,20,0,0.17744577
5992,12,1,0.81321007
5993,19,0,0.40527943
5994,10,1,0.9999341
5995,7,0,0.037279263
5996,13,1,0.89901394
5997,20,1,0.9857955
5998,28,1,0.31729406
5999,26,1,0.390003
6000,8,0,0.5339022
6001,19,1,0.41730314
6002,15,1,0.8532267
6003,13,0,0.66635287
6004,15,1,0.40909487
6005,10,1,0.6471537
6006,25,0,0.6534155
6007,11,0,0.280214
6008,23,1,0.7928044
6009,11,0,0.25734305
6010,25,0,0.14599259
6011,17,0,0.42777684
6012,21,1,0.60767126
6013,8,0,0.5424515
6014,26,0,0.35563612
6015,11,0,0.4018158
6016,19,1,0.86669445
6017,2,0,0.34768197
6018,26,1,0.4004878
6019,10,1,0.95818937
6020,16,0,0.47243688
6021,8,1,0.8852336
6022,20,1,0.38816276
6023,18,0,0.24402063
6024,21,0,0.3156045
6025,26,1,0.68790436
6026,6,0,0.52077276
6027,3,1,0.38845423
6028,13,0,0.38548136
6029,19,0,0.53583586
6030,13,0,0.086942084
6031,3,0,0.49913865
6032,25,0,0.21645267
6033,8,1,0.59411633
6034,27,1,0.60100466
6035,22,0,0.016142335
6036,10,0,0.033899345
6037,18,1,0.89540976
6038,26,0,0.2911438
6039,8,0,0.3022
6040,28,0,0.2538717
6041,27,1,0.5999859
6042,9,1,0.39148656
6043,22,0,0.7009143
6044,20,0,0.14507487
6045,23,0,0.51577425
6046,11,1,0.5893881
6047,10,1,0.6981265
6048,1,1,0.97728693
6049,8,0,0.17302488
6050,1,1,0.58042824
6051,2,0,0.4541435
6052,10,0,0.48966455
6053,26,1,0.60021764
6054,22,0,0.31965622
6055,5,0,0.32396084
6056,21,1,0.39134818
6057,13,0,0.6541643
6058,6,0,0.33632913
6059,16,0,0.0504298
6060,20,1,0.80783767
6061,1,1,0.94790536
6062,7,1,0.3884724
6063,17,1,0.28726044
6064,7,1,0.46125025
6065,7,0,0.38794917
6066,8,1,0.5778831
6067,4,0,0.6720818
6068,22,0,0.6629077
6069,24,0,0.6112494
6070,16,0,0.51646686
6071,18,1,0.85485226
6072,0,1,0.40663126
6073,21,0,0.4329718
6074,16,1,0.5112569
6075,15,0,0.5449406
6076,8,1,0.95245886
6077,27,1,0.32125795
6078,15,0,0.09563193
6079,12,0,0.092705294
6080,17,0,0.45635965
6081,18,1,0.5398613
6082,22,1,0.6854738
6083,27,1,0.58246005
6084,24,0,0.00015069194
6085,25,1,0.7683092
6086,15,0,0.31661612
6087,12,1,0.7647313
6088,6,1,0.79262805
6089,4,0,0.4752999
6090,24,0,0.23670341
6091,16,1,0.79361355
6092,20,1,0.37089536
6093,22,1,0.4259698
6094,13,1,0.43888777
6095,6,1,0.91164786
6096,19,0,0.3360826
6097,13,0,0.42359075
6098,7,1,0.93349946
6099,15,1,0.70523286
6100,3,0,0.21634246
6101,26,0,0.5557878
6102,28,0,0.22521901
6103,16,0,0.03056225
6104,8,0,0.82571214
6105,15,0,0.4047248
6106,13,1,0.4399418
6107,11,1,0.9243697
6108,1,0,0.61808205
6109,1,0,0.18425357
6110,0,1,0.71377724
6111,18,0,0.39657813
6112,11,1,0.8759272
6113,7,1,0.5531019
6114,13,1,0.61800045
6115,20,1,0.7426864
6116,12,0,0.41842827
6117,11,1,0.63199097
6118,8,1,0.5513562
6119,13,1,0.6037081
6120,20,1,0.5164862
6121,20,1,0.99538136
6122,28,0,0.007463878
6123,8,0,0.49641275
6124,18,1,0.94740766
6125,19,1,0.90694624
6126,6,0,0.22678798
6127,18,1,0.81541336
6128,8,0,0.047518026
6129,11,1,0.83361626
6130,25,0,0.3906444
6131,23,0,0.28355914
6132,16,0,0.14889754
6133,18,0,0.32339275
6134,2,1,0.90332603
6135,11,0,0.3042541
6136,10,0,0.27363196
6137,13,1,0.8541419
6138,2,1,0.7464658
6139,15,0,0.5031601
6140,19,1,0.8671502
6141,7,1,0.28256664
6142,25,1,0.79196954
6143,25,0,0.34124336
6144,20,0,0.2227495
6145,8,0,0.016457483
6146,9,1,0.85049444
6147,12,1,0.7241712
6148,2,1,0.39427653
6149,20,0,0.5619561
6150,28,0,0.29220232
6151,13,0,0.25316864
6152,12,1,0.60326296
6153,3,1,0.9428803
6154,12,0,0.6393933
6155,6,0,0.423049
6156,9,0,0.077544294
6157,10,1,0.90730363
6158,19,1,0.550717
6159,0,0,0.5949907
6160,10,1,0.713871
6161,25,1,0.54056305
6162,12,0,0.40227923
6163,6,1,0.87825996
6164,5,0,0.56864226
6165,13,0,0.11381587
6166,3,1,0.87257755
6167,7,0,0.6518643
6168,16,1,0.7496302
6169,20,1,0.88635415
6170,3,0,0.48381215
6171,11,1,0.7405191
6172,15,1,0.6241822
6173,28,0,0.43337646
6174,7,0,0.051278714
6175,16,1,0.51049143
6176,9,1,0.8982487
6177,1,1,0.812006
6178,27,1,0.9247528
6179,3,1,0.48458606
6180,16,0,0.61750674
6181,25,1,0.50362605
6182,8,1,0.97146755
6183,26,1,0.6448998
6184,18,1,0.44335425
6185,20,0,0.4247916
6186,25,0,0.17602362
6187,11,0,0.18086854
6188,27,1,0.3853895
6189,3,0,0.19567244
6190,12,0,0.53146225
6191,8,1,0.71030796
6192,11,1,0.14686812
6193,1,0,0.36254287
6194,22,0,0.3277411
6195,21,1,0.7231086
6196,7,0,0.0034845285
6197,2,1,0.60466045
6198,27,1,0.8226707
6199,3,0,0.23327409
6200,3,1,0.8230107
6201,12,0,0.09574873
6202,0,0,0.44291276
6203,27,1,0.626482
6204,26,1,0.13384631
6205,17,0,0.31291306
6206,25,0,0.83895576
6207,26,1,0.8408209
6208,22,0,0.50839114
6209,22,1,0.8242816
6210,7,0,0.36237302
6211,13,0,0.27937776
6212,13,1,0.8689808
6213,11,1,0.21812628
6214,10,1,0.7344348
6215,15,1,0.9261424
6216,27,1,0.8838362
6217,5,1,0.84982437
6218,20,0,0.2704592
6219,9,1,0.7797323
6220,11,1,0.7174634
6221,0,1,0.6801469
6222,1,0,0.12086016
6223,7,1,0.45329
6224,6,0,0.21509251
6225,26,0,0.5132015
6226,15,1,0.9460521
6227,19,0,0.55295074
6228,20,0,0.29476848
6229,18,0,0.59026194
6230,6,1,0.9870194
6231,1,1,0.575107
6232,20,0,0.4611288
6233,20,0,0.06519914
6234,15,1,0.5662911
6235,14,1,0.64846224
6236,24,0,0.12717214
6237,13,1,0.34901708
6238,6,1,0.105975956
6239,28,1,0.9781913
6240,28,0,0.58206856
6241,17,0,0.36995628
6242,20,0,0.387129
6243,20,1,0.6245402
6244,16,0,0.18669766
6245,2,0,0.092945136
6246,16,0,0.022534672
6247,16,0,0.445377
6248,3,0,0.29845324
6249,28,0,0.46975717
6250,10,1,0.56450564
6251,17,1,0.5616117
6252,10,1,0.59646994
6253,10,0,0.20169221
6254,6,0,0.30826032
6255,17,0,0.3797478
6256,27,1,0.91419065
6257,16,1,0.57946956
6258,12,1,0.5489878
6259,5,1,0.87773204
6260,7,0,0.33900988
6261,5,1,0.57507765
6262,19,0,0.12304887
6263,12,1,0.9070401
6264,18,0,0.64851415
6265,1,1,0.98541856
6266,15,0,0.14298208
6267,23,1,0.32882383
6268,11,1,0.86971444
6269,12,1,0.49240535
6270,1,0,0.19989327
6271,3,1,0.45035443
6272,3,1,0.83646315
6273,16,0,0.33889815
6274,11,0,0.41580358
6275,13,0,0.41118675
6276,17,1,0.64542866
6277,5,0,0.30143765
6278,12,1,0.34416917
6279,10,0,0.6059724
6280,9,0,0.5053279
6281,2,1,0.82170385
6282,25,1,0.5450824
6283,19,0,0.39993662
6284,24,1,0.5543975
6285,17,1,0.29208484
6286,28,1,0.9931365
6287,13,0,0.25268573
6288,10,1,0.8482668
6289,16,0,0.29578784
6290,12,0,0.30974182
6291,12,0,0.26961562
6292,26,0,0.42574912
6293,10,0,0.13809161
6294,5,1,0.8783187
6295,25,0,0.088843025
6296,22,1,0.5369929
6297,11,1,0.6014438
6298,8,0,0.1460013
6299,3,1,0.55133694
6300,13,0,0.24054836
6301,1,1,0.30371666
6302,16,1,0.5821975
6303,11,0,0.45852938
6304,11,0,0.49762678
6305,24,0,0.26122734
6306,16,0,0.1345547
6307,28,0,0.2607575
6308,20,0,0.8708599
6309,22,1,0.35128158
6310,16,1,0.5084007
6311,15,0,0.37501886
6312,17,0,0.5461595
6313,14,0,0.5850948
6314,27,0,0.3336786
6315,1,1,0.17378236
6316,10,0,0.18006337
6317,13,0,0.024237629
6318,1,0,0.19410436
6319,25,0,0.5846729
6320,18,1,0.5186406
6321,5,1,0.7457178
6322,4,0,0.27821964
6323,25,0,0.33115396
6324,28,0,0.111191854
6325,14,1,0.13376914
6326,16,1,0.7439366
6327,9,1,0.75921845
6328,25,0,0.43238047
6329,18,0,0.0068006646
6330,2,1,0.30576816
6331,5,0,0.4086901
6332,11,1,0.28637248
6333,20,1,0.6189781
6334,17,1,0.6147515
6335,23,1,0.6228236
6336,16,0,0.6084855
6337,26,1,0.914367
6338,16,1,0.6638238
6339,15,0,0.19610177
6340,26,1,0.5264025
6341,28,0,0.5835486
6342,15,1,0.6342891
6343,26,0,0.12429164
6344,6,1,0.9947865
6345,20,1,0.63576955
6346,11,0,0.33081132
6347,25,0,0.1729976
6348,13,0,0.14999415
6349,1,0,0.0074279895
6350,8,1,0.8404046
6351,18,1,0.8359133
6352,3,1,0.9984401
6353,23,1,0.5485324
6354,24,1,0.77370656
6355,27,0,0.3009133
6356,7,0,0.57954687
6357,1,0,0.7478779
6358,16,0,0.50019646
6359,14,1,0.65737617
6360,18,1,0.822089
6361,22,0,0.522742
6362,4,0,0.4289937
6363,2,1,0.42840472
6364,12,0,0.22101513
6365,24,1,0.43055508
6366,26,0,0.108197674
6367,17,0,0.11610458
6368,20,0,0.06211759
6369,24,0,0.41985735
6370,15,1,0.3636735
6371,28,1,0.63546383
6372,22,0,0.22173996
6373,11,1,0.76637405
6374,8,1,0.7180692
6375,28,1,0.6248411
6376,25,1,0.8028989
6377,3,0,0.46204725
6378,11,1,0.8476645
6379,25,0,0.54271775
6380,27,1,0.55208164
6381,17,1,0.8354027
6382,17,0,0.6067275
6383,6,1,0.6757656
6384,22,1,0.50897497
6385,10,0,0.7432316
6386,5,0,0.2906978
6387,16,0,0.06674387
6388,21,1,0.78784966
6389,17,1,0.5960126
6390,22,0,0.42749676
6391,6,1,0.99615234
6392,16,0,0.55557096
6393,12,1,0.9533585
6394,22,1,0.58984095
6395,2,0,0.3402554
6396,21,1,0.6268923
6397,18,1,0.5205849
6398,2,0,0.3761898
6399,14,1,0.9762431
6400,10,0,0.2985471
6401,7,1,0.4574894
6402,27,1,0.6898978
6403,14,1,0.44863147
6404,4,0,0.17784032
6405,11,0,0.5684845
6406,20,1,0.1997737
6407,2,0,0.4003063
6408,24,0,0.2575579
6409,13,0,0.33154276
6410,14,0,0.36970383
6411,12,0,0.82310903
6412,24,1,0.71931046
6413,14,1,0.9764499
6414,27,0,0.18680447
6415,4,0,0.15789813
6416,20,0,0.21404558
6417,3,1,0.99450326
6418,10,1,0.5334877
6419,1,0,0.553343
6420,22,1,0.8336562
6421,5,0,0.32724217
6422,2,1,0.3990547
6423,22,1,0.64541507
6424,12,1,0.9741555
6425,21,1,0.59596205
6426,26,1,0.6235249
6427,7,1,0.6544618
6428,2,0,0.40917706
6429,9,1,0.62495756
6430,25,0,0.44172478
6431,5,0,0.07848974
6432,1,1,0.90937275
6433,16,0,0.13832091
6434,7,1,0.7843379
6435,1,1,0.9456152
6436,15,0,0.12486792
6437,5,1,0.55056727
6438,16,0,0.2534935
6439,27,1,0.9032691
6440,10,0,0.46510524
6441,3,1,0.48398018
6442,22,0,0.3824086
6443,11,1,0.6769888
6444,27,0,0.7428188
6445,19,0,0.48331887
6446,5,0,0.5760245
6447,10,1,0.53349704
6448,8,0,0.09262234
6449,17,0,0.07792534
6450,0,0,0.12950338
6451,8,0,0.16235463
6452,13,1,0.4468106
6453,20,0,0.8443022
6454,1,0,0.3275973
6455,5,0,0.16363722
6456,16,0,0.023972739
6457,25,1,0.5254524
6458,3,1,0.90085477
6459,5,1,0.8504228
6460,12,1,0.4247067
6461,18,0,0.25908053
6462,17,0,0.5992434
6463,17,0,0.4655524
6464,8,1,0.30093926
6465,13,0,0.3030302
6466,15,1,0.48907954
6467,11,0,0.23715366
6468,12,1,0.98191315
6469,6,1,0.5660261
6470,6,0,0.42589727
6471,18,1,0.31019658
6472,15,0,0.23452346
6473,4,0,0.46105596
6474,16,1,0.81033
6475,10,1,0.76121914
6476,17,1,0.9826707
6477,28,1,0.92976123
6478,27,1,0.7739088
6479,21,1,0.4441081
6480,9,0,0.24461712
6481,11,0,0.028116368
6482,17,1,0.87314475
6483,12,0,0.420996
6484,12,0,0.4090718
6485,3,1,0.36981133
6486,3,0,0.7043617
6487,1,0,0.30101207
6488,11,0,0.37799934
6489,10,1,0.83426607
6490,0,0,0.14632545
6491,13,1,0.7082168
6492,25,0,0.12254908
6493,7,1,0.7612971
6494,25,1,0.9455519
6495,28,0,0.3756744
6496,27,1,0.40818685
6497,26,1,0.9018868
6498,13,1,0.60836744
6499,14,0,0.26134175
6500,23,1,0.5833713
6501,26,0,0.33677697
6502,17,0,0.383976
6503,4,0,0.52033675
6504,16,1,0.30512998
6505,12,0,0.52669305
6506,27,1,0.89804137
6507,25,0,0.06868743
6508,19,1,0.60447615
6509,5,0,0.14895494
6510,21,0,0.35152468
6511,11,1,0.91974664
6512,8,1,0.58647656
6513,12,1,0.4303474
6514,7,1,0.49785218
6515,16,0,0.3418637
6516,18,1,0.5126617
6517,25,1,0.891181
6518,8,1,0.6352471
6519,0,0,0.38046202
6520,7,1,0.5910668
6521,13,0,0.062764235
6522,15,0,0.45331258
6523,23,1,0.7171289
6524,10,0,0.19106698
6525,11,1,0.52663565
6526,14,0,0.4989318
6527,18,1,0.6501366
6528,9,1,0.38481033
6529,14,0,0.34195802
6530,26,0,0.21085128
6531,9,0,0.8081488
6532,13,0,0.45733228
6533,26,1,0.77077895
6534,28,0,0.4768823
6535,16,0,0.6459998
6536,15,1,0.98832464
6537,1,0,0.6141796
6538,25,1,0.6961287
6539,26,1,0.52163815
6540,13,1,0.62248826
6541,13,0,0.45434323
6542,16,1,0.54573435
6543,11,0,0.1118152
6544,16,0,0.143316
6545,15,0,0.17321132
6546,20,0,0.74701977
6547,10,1,0.6315739
6548,7,1,0.4422022
6549,1,1,0.5072298
6550,10,0,0.5469613
6551,2,1,0.97949034
6552,20,1,0.9517988
6553,22,0,0.42385623
6554,16,0,0.30110937
6555,25,1,0.4679479
6556,8,0,0.38082826
6557,4,0,0.048226703
6558,23,0,0.40293768
6559,4,0,0.19066016
6560,13,0,0.25788027
6561,11,1,0.707497
6562,10,1,0.53637046
6563,21,0,0.41379753
6564,25,1,0.5048456
6565,27,0,0.14408226
6566,8,1,0.78864837
6567,25,1,0.92179984
6568,7,0,0.15180388
6569,16,1,0.56918883
6570,7,1,0.69579786
6571,22,1,0.5343041
6572,1,0,0.6399328
6573,2,0,0.18556061
6574,3,0,0.12529854
6575,28,1,0.9162126
6576,28,0,0.06519258
6577,9,0,0.31914294
6578,7,1,0.80599964
6579,10,1,0.29235503
6580,20,0,0.045556713
6581,26,1,0.9349617
6582,7,0,0.38498354
6583,9,0,0.41413644
6584,15,1,0.29574966
6585,2,1,0.3929605
6586,27,1,0.9668149
6587,9,0,0.47905022
6588,23,1,0.882356
6589,16,1,0.6662926
6590,16,0,0.3786612
6591,16,0,0.35309383
6592,8,0,0.20989554
6593,26,1,0.67341983
6594,6,1,0.34025863
6595,17,1,0.79332733
6596,3,0,0.088275164
6597,2,1,0.97146916
6598,26,1,0.51513225
6599,28,0,0.033365846
6600,12,0,0.24024968
6601,2,1,0.91285044
6602,13,0,0.5134664
6603,27,1,0.54174364
6604,8,0,0.19063425
6605,28,0,0.15686512
6606,10,1,0.34892356
6607,28,1,0.526328
6608,15,0,0.19844902
6609,8,0,0.40007922
6610,17,0,0.44249174
6611,25,0,0.48128793
6612,16,1,0.095742375
6613,15,0,0.12726508
6614,14,0,0.61994195
6615,3,1,0.5539581
6616,6,0,0.19712563
6617,1,1,0.46150285
6618,26,1,0.38410595
6619,21,1,0.5532475
6620,0,1,0.29150838
6621,5,0,0.475294
6622,11,1,0.46147645
6623,26,0,0.22401236
6624,7,1,0.323705
6625,27,1,0.5719714
6626,14,0,0.36142254
6627,10,1,0.9371429
6628,8,0,0.018500963
6629,25,0,0.4888837
6630,17,1,0.51212484
6631,18,1,0.93723255
6632,4,0,0.38396943
6633,3,0,0.43613338
6634,10,1,0.51368135
6635,3,0,0.39735463
6636,6,0,0.6180574
6637,8,1,0.9118847
6638,5,0,0.026649699
6639,7,0,0.30645448
6640,25,1,0.51422393
6641,8,1,0.6489274
6642,7,1,0.69318
6643,1,0,0.41817337
6644,6,0,0.05045318
6645,8,1,0.931773
6646,17,0,0.38516715
6647,18,1,0.53401303
6648,14,0,0.46242818
6649,12,0,0.48606223
6650,18,1,0.46585742
6651,3,1,0.18463203
6652,11,1,0.67822754
6653,26,0,0.6247729
6654,12,1,0.5303254
6655,1,0,0.5392101
6656,26,1,0.9016824
6657,16,0,0.56147134
6658,2,1,0.6716117
6659,13,1,0.50353026
6660,11,0,0.13752143
6661,25,1,0.40392476
6662,10,0,0.5331247
6663,18,0,0.5113243
6664,17,1,0.68662834
6665,14,1,0.54213506
6666,3,1,0.5517309
6667,8,1,0.9875322
6668,16,1,0.91336
6669,22,1,0.20135808
6670,13,0,0.45888466
6671,20,1,0.36628366
6672,23,0,0.49462345
6673,23,0,0.2575327
6674,15,1,0.6502959
6675,16,0,0.33941314
6676,8,0,0.4564878
6677,25,1,0.34230113
6678,16,0,0.44034594
6679,17,0,0.23546542
6680,13,1,0.6954778
6681,21,0,0.24209446
6682,20,0,0.30859336
6683,7,1,0.56563556
6684,23,0,0.36881545
6685,23,0,0.0634202
6686,13,1,0.6000173
6687,26,1,0.823539
6688,7,1,0.6378558
6689,8,0,0.10272928
6690,25,0,0.5333255
6691,15,0,0.45950347
6692,26,1,0.78123355
6693,1,0,0.5271309
6694,10,1,0.6304932
6695,7,0,0.09600922
6696,27,0,0.5195427
6697,24,1,0.99312097
6698,25,0,0.38565263
6699,27,0,0.11626664
6700,11,0,0.40700665
6701,11,1,0.46622875
6702,7,0,0.6797698
6703,13,1,0.368102
6704,28,1,0.7813738
6705,27,1,0.19352135
6706,8,0,0.24157558
6707,17,1,0.88870007
6708,11,0,0.75945145
6709,2,1,0.95847154
6710,16,0,0.10990499
6711,24,1,0.94325644
6712,9,1,0.8918072
6713,11,0,0.37286156
6714,27,1,0.5030595
6715,1,1,0.34777805
6716,3,1,0.93332607
6717,19,0,0.33765095
6718,27,0,0.55406654
6719,15,1,0.62487733
6720,17,0,0.10947159
6721,16,1,0.3448962
6722,22,0,0.56168514
6723,10,0,0.17622785
6724,17,1,0.35627046
6725,28,0,0.047989603
6726,20,1,0.5929048
6727,2,1,0.36551797
6728,15,0,0.12039884
6729,17,1,0.8313663
6730,8,1,0.78378487
6731,27,0,0.34665668
6732,11,1,0.52067375
6733,14,0,0.10761719
6734,14,0,0.6360531
6735,13,1,0.5586839
6736,4,1,0.99085885
6737,3,0,0.46322852
6738,7,1,0.35975316
6739,16,0,0.22989313
6740,5,1,0.6356682
6741,22,1,0.47024402
6742,6,0,0.25657654
6743,27,0,0.025769727
6744,10,1,0.970116
6745,2,0,0.90858686
6746,12,1,0.635943
6747,25,0,0.15852545
6748,6,0,0.78330827
6749,13,1,0.9610147
6750,13,1,0.88503337
6751,18,0,0.3304583
6752,19,1,0.5845403
6753,0,0,0.03766985
6754,7,0,0.14400126
6755,17,0,0.16585834
6756,10,0,0.6325801
6757,13,1,0.535793
6758,16,0,0.13036336
6759,11,0,0.5531589
6760,4,1,0.8763881
6761,5,1,0.96754575
6762,12,1,0.8904573
6763,19,1,0.4905489
6764,27,1,0.9968298
6765,16,1,0.6843092
6766,1,1,0.65733933
6767,14,1,0.67995876
6768,26,0,0.056468736
6769,24,0,0.63792527
6770,16,0,0.41319326
6771,9,0,0.30632475
6772,23,0,0.4288354
6773,5,1,0.85233366
6774,22,1,0.36109528
6775,12,1,0.8713539
6776,16,1,0.51124454
6777,3,0,0.5739991
6778,28,1,0.4840451
6779,10,0,0.2304073
6780,4,1,0.5204245
6781,5,0,0.42642194
6782,12,0,0.495958
6783,1,0,0.35084257
6784,15,1,0.7139024
6785,2,1,0.3530685
6786,2,1,0.46600127
6787,26,1,0.99206126
6788,6,1,0.6348978
6789,24,0,0.34427145
6790,15,1,0.54792815
6791,13,0,0.67289186
6792,26,1,0.6061882
6793,21,0,0.23425165
6794,3,0,0.03324877
6795,0,0,0.08243082
6796,18,1,0.8902547
6797,13,0,0.2937551
6798,19,1,0.43354157
6799,20,0,0.17470443
6800,13,1,0.6169055
6801,7,1,0.8274744
6802,6,0,0.11765464
6803,13,1,0.3674137
6804,18,1,0.69175863
6805,15,0,0.16757235
6806,1,1,0.55435765
6807,16,1,0.51040983
6808,20,1,0.25194037
6809,2,0,0.156956
6810,14,0,0.43606335
6811,13,1,0.5489036
6812,10,0,0.036612347
6813,11,0,0.069635674
6814,7,1,0.82688266
6815,10,0,0.20103212
6816,27,1,0.66132724
6817,11,0,0.35702395
6818,16,0,0.45405057
6819,11,0,0.005096096
6820,16,0,0.05995463
6821,11,1,0.60493064
6822,2,0,0.46350956
6823,8,1,0.5170495
6824,1,1,0.58602035
6825,4,0,0.32926232
6826,4,1,0.999866
6827,24,0,0.19878891
6828,20,1,0.5395254
6829,11,0,0.0149258915
6830,20,0,0.26500976
6831,13,1,0.36105984
6832,8,0,0.22832184
6833,26,0,0.38246897
6834,22,0,0.026323378
6835,17,0,0.43979603
6836,8,0,0.5403664
6837,13,0,0.313313
6838,20,0,0.17992832
6839,15,1,0.60319114
6840,1,0,0.15134215
6841,16,1,0.5305231
6842,18,1,0.5324375
6843,13,0,0.12869614
6844,14,1,0.52142733
6845,26,1,0.4099416
6846,18,0,0.00073108973
6847,12,0,0.28375626
6848,3,0,0.15261343
6849,9,0,0.39594993
6850,23,1,0.66579044
6851,13,0,0.25341234
6852,27,1,0.3843379
6853,13,0,0.5272063
6854,9,1,0.81394285
6855,15,0,0.44473925
6856,13,1,0.48302633
6857,8,1,0.99996114
6858,2,0,0.19797935
6859,17,0,0.36771336
6860,18,0,0.002561258
6861,8,0,0.42273274
6862,10,1,0.6550864
6863,11,0,0.77254295
6864,16,0,0.0494124
6865,1,0,0.34765834
6866,26,0,0.31028318
6867,16,1,0.98179984
6868,14,0,0.09735989
6869,20,1,0.91216344
6870,8,1,0.60786414
6871,23,1,0.68097895
6872,9,0,0.47561046
6873,8,1,0.86408204
6874,0,1,0.6014119
6875,10,1,0.3110647
6876,12,1,0.7128183
6877,24,0,0.44821423
6878,21,0,0.52300406
6879,13,0,0.070200525
6880,11,1,0.96757084
6881,1,1,0.54534703
6882,10,0,0.73050237
6883,2,0,0.18985303
6884,6,0,0.062210817
6885,1,0,0.1886352
6886,27,0,0.16735275
6887,13,1,0.43401074
6888,11,1,0.5163426
6889,26,1,0.85653514
6890,22,0,0.46590862
6891,21,0,0.40260914
6892,13,0,0.37444255
6893,27,1,0.6296534
6894,11,1,0.46243638
6895,16,1,0.49542707
6896,15,1,0.8639735
6897,16,0,0.30850598
6898,21,1,0.951125
6899,4,1,0.4735737
6900,12,1,0.6844183
6901,10,0,0.38044816
6902,16,0,0.11838658
6903,9,1,0.64763194
6904,5,1,0.96573615
6905,9,1,0.691471
6906,20,1,0.3128001
6907,27,0,0.69808006
6908,15,1,0.62321675
6909,2,0,0.04098237
6910,17,1,0.54389626
6911,7,0,0.06220193
6912,5,1,0.70311916
6913,20,1,0.88903
6914,21,1,0.9272696
6915,19,0,0.31206125
6916,3,1,0.74011195
6917,22,0,0.11808734
6918,10,1,0.38752738
6919,1,0,0.054268267
6920,14,1,0.5349378
6921,22,1,0.53068745
6922,26,0,0.28950918
6923,18,0,0.31183636
6924,8,1,0.4875167
6925,15,0,0.20417114
6926,10,1,0.7569421
6927,28,1,0.51096135
6928,16,1,0.7235897
6929,5,1,0.5341899
6930,16,1,0.8124745
6931,13,1,0.5447094
6932,25,1,0.9499317
6933,7,0,0.37946218
6934,22,1,0.54783875
6935,8,1,0.97915685
6936,1,1,0.91445214
6937,13,0,0.20128815
6938,8,0,0.069711074
6939,5,1,0.73680675
6940,11,1,0.9779724
6941,16,1,0.52079713
6942,10,1,0.5703015
6943,26,0,0.65077215
6944,7,1,0.6857218
6945,11,0,0.09035263
6946,15,0,0.5493062
6947,22,0,0.11966139
6948,10,1,0.51345694
6949,7,1,0.96637315
6950,23,1,0.85343283
6951,25,1,0.8544841
6952,14,1,0.9955557
6953,18,0,0.118012846
6954,13,0,0.018120317
6955,20,1,0.437673
6956,14,1,0.5715294
6957,13,1,0.44289988
6958,2,0,0.14827634
6959,18,1,0.4312957
6960,8,1,0.40009463
6961,2,1,0.43123546
6962,8,1,0.9998647
6963,16,1,0.868697
6964,24,0,0.13130325
6965,8,0,0.581725
6966,8,1,0.24488734
6967,9,1,0.9275037
6968,10,1,0.97921693
6969,28,1,0.34129184
6970,4,1,0.842018
6971,9,1,0.38095087
6972,14,0,0.67374057
6973,3,0,0.8839925
6974,4,1,0.5228287
6975,1,1,0.53260845
6976,11,1,0.43850785
6977,10,0,0.33572266
6978,16,0,0.8039224
6979,28,1,0.6951406
6980,14,0,0.37382448
6981,9,1,0.9445361
6982,13,0,0.57459193
6983,12,0,0.8157988
6984,26,0,0.021470096
6985,7,1,0.95414835
6986,10,1,0.61060184
6987,23,1,0.8483109
6988,15,1,0.65903527
6989,2,1,0.9629101
6990,13,0,0.047787707
6991,15,1,0.73922783
6992,8,1,0.7877214
6993,13,1,0.47388682
6994,3,0,0.11994753
6995,14,0,0.06902614
6996,11,0,0.326367
6997,13,0,0.31430253
6998,18,1,0.7461606
6999,13,1,0.43216193
7000,18,0,0.12790005
7001,25,0,0.012605366
7002,5,0,0.5669854
7003,2,1,0.19694862
7004,11,1,0.74923486
7005,26,0,0.09884804
7006,16,1,0.62220967
7007,14,1,0.98002887
7008,16,1,0.942803
7009,2,1,0.45986524
7010,27,1,0.9248176
7011,1,0,0.16533406
7012,28,0,0.08267246
7013,1,1,0.6213937
7014,11,0,0.6898844
7015,12,0,0.29127717
7016,27,0,0.65534353
7017,15,1,0.21298447
7018,10,1,0.95162815
7019,19,0,0.44774106
7020,11,0,0.25472885
7021,8,0,0.0777253
7022,3,1,0.55604565
7023,1,0,0.55610305
7024,8,0,0.28149393
7025,24,0,0.24630035
7026,16,1,0.44352403
7027,16,1,0.63503903
7028,22,0,0.022937283
7029,12,1,0.95457137
7030,15,0,0.08378296
7031,8,0,0.26255772
7032,27,0,0.18385798
7033,15,0,0.19025686
7034,11,1,0.5811304
7035,16,1,0.8253382
7036,27,1,0.8341023
7037,14,0,0.44889674
7038,25,0,0.5119779
7039,8,0,0.27948514
7040,0,0,0.6002666
7041,14,0,0.40541738
7042,25,1,0.27922976
7043,5,0,0.12913254
7044,22,0,0.28895462
7045,16,0,0.56313026
7046,27,1,0.79550594
7047,4,1,0.70235753
7048,28,0,0.31565762
7049,21,0,0.11316307
7050,7,1,0.45368248
7051,26,1,0.3878724
7052,26,1,0.48827252
7053,25,1,0.92641306
7054,12,0,0.007895768
7055,25,0,0.09495388
7056,0,1,0.10799342
7057,0,0,0.26698774
7058,10,0,0.2528702
7059,13,0,0.3292778
7060,13,0,0.1958567
7061,15,1,0.5740732
7062,16,0,0.04581452
7063,15,0,0.47000974
7064,25,1,0.73518205
7065,21,0,0.19608125
7066,6,1,0.5183785
7067,11,0,0.507964
7068,13,1,0.96805084
7069,16,0,0.37056288
7070,1,1,0.4582058
7071,12,0,0.05713649
7072,26,1,0.8723536
7073,15,0,0.56339747
7074,28,1,0.7425646
7075,3,1,0.24327978
7076,14,1,0.48460805
7077,9,0,0.31941554
7078,8,1,0.7552916
7079,26,1,0.54449797
7080,9,1,0.7145475
7081,24,1,0.35735866
7082,14,0,0.04609522
7083,2,0,0.5254206
7084,1,0,0.07001812
7085,1,0,0.06662119
7086,7,1,0.5276184
7087,4,1,0.45077127
7088,22,1,0.85962963
7089,13,1,0.93132603
7090,2,1,0.9801388
7091,21,1,0.5227719
7092,15,1,0.57455474
7093,12,1,0.6072867
7094,28,0,0.36454526
7095,10,1,0.67262775
7096,14,1,0.6937899
7097,2,0,0.38394314
7098,2,1,0.5667743
7099,0,0,0.5243375
7100,9,0,0.4400824
7101,28,1,0.8815015
7102,18,1,0.9424906
7103,20,0,0.31669208
7104,0,1,0.6207407
7105,10,1,0.3906895
7106,8,0,0.4306198
7107,22,1,0.3092332
7108,22,0,0.55779797
7109,21,0,0.19956978
7110,5,1,0.3741876
7111,13,1,0.28362048
7112,3,1,0.83044654
7113,27,0,0.10157793
7114,11,0,0.19931126
7115,1,1,0.76432437
7116,8,0,0.25284055
7117,17,1,0.35239664
7118,12,1,0.9782985
7119,10,1,0.87908936
7120,8,0,0.28474814
7121,8,0,0.31499964
7122,1,0,0.112483315
7123,18,0,0.013612842
7124,12,1,0.4873266
7125,13,0,0.39818507
7126,16,0,0.036214173
7127,25,1,0.629812
7128,13,1,0.7202651
7129,23,0,0.052298915
7130,15,1,0.9513099
7131,15,1,0.7450438
7132,20,0,0.70757127
7133,18,0,0.60444456
7134,9,0,0.39872038
7135,16,1,0.961985
7136,14,1,0.6219896
7137,22,0,0.47115523
7138,9,1,0.9025224
7139,26,0,0.38573867
7140,0,1,0.73060757
7141,12,1,0.6360725
7142,4,0,0.100306675
7143,16,0,0.3228803
7144,20,1,0.61810946
7145,27,1,0.44564617
7146,25,0,0.09937255
7147,1,0,0.48118585
7148,15,1,0.90987766
7149,10,1,0.38305876
7150,2,1,0.08511192
7151,11,0,0.4870163
7152,25,1,0.97396344
7153,14,0,0.18535753
7154,16,0,0.4216041
7155,25,0,0.049862117
7156,12,1,0.35012302
7157,21,1,0.56173337
7158,8,0,0.16928525
7159,27,0,0.08173888
7160,27,0,0.5099642
7161,2,1,0.87349504
7162,1,1,0.3592788
7163,3,1,0.91994363
7164,23,0,0.14374287
7165,16,0,0.12955615
7166,5,0,0.19679241
7167,14,0,0.6154452
7168,6,0,0.18178621
7169,12,1,0.75043416
7170,4,0,0.5402785
7171,14,0,0.45072
7172,16,1,0.76855755
7173,4,1,0.4004066
7174,9,0,0.118066035
7175,13,0,0.582334
7176,1,1,0.7975269
7177,4,0,0.19796546
7178,23,1,0.76457715
7179,13,0,0.32072097
7180,17,1,0.71163464
7181,14,0,0.0012530199
7182,18,1,0.7195049
7183,15,1,0.45909914
7184,13,1,0.79388994
7185,13,1,0.49292925
7186,15,0,0.35253054
7187,12,0,0.31591615
7188,2,0,0.123328395
7189,24,1,0.8467137
7190,10,0,0.22313194
7191,19,0,0.4488669
7192,8,0,0.12839884
7193,13,0,0.58102065
7194,5,0,0.68651253
7195,13,1,0.24660684
7196,16,1,0.5042156
7197,10,0,0.28199425
7198,16,1,0.7743496
7199,21,1,0.2539766
7200,1,1,0.8628161
7201,23,1,0.09358634
7202,26,0,0.42338413
7203,2,0,0.06020696
7204,15,1,0.9563594
7205,2,0,0.41575694
7206,2,1,0.6325764
7207,13,0,0.15372564
7208,13,0,0.08875429
7209,19,1,0.5283388
7210,26,0,0.3271975
7211,11,1,0.4020524
7212,6,0,0.34068057
7213,16,0,0.11578703
7214,16,1,0.65965295
7215,11,0,0.41867566
7216,14,1,0.5118351
7217,16,1,0.84751934
7218,22,1,0.97632056
7219,8,1,0.48565656
7220,10,0,0.18946704
7221,5,0,0.81557626
7222,18,1,0.50782543
7223,6,1,0.46582443
7224,19,1,0.34482586
7225,15,1,0.53614014
7226,13,1,0.1413038
7227,22,1,0.59829926
7228,19,0,0.14603117
7229,1,0,0.59507364
7230,27,0,0.34453934
7231,23,1,0.74291515
7232,16,1,0.8289484
7233,27,1,0.4729199
7234,27,0,0.22034384
7235,13,0,0.32889426
7236,8,1,0.81637275
7237,2,1,0.25641748
7238,25,1,0.39894688
7239,25,1,0.17272837
7240,13,1,0.53100413
7241,7,1,0.8264917
7242,11,1,0.53672045
7243,19,1,0.8226444
7244,16,0,0.4880526
7245,1,1,0.56251717
7246,6,1,0.5097219
7247,16,1,0.87973523
7248,14,0,0.61587405
7249,10,1,0.5949264
7250,12,1,0.4359647
7251,15,0,0.046544746
7252,3,0,0.49813586
7253,13,1,0.62456393
7254,16,1,0.46637133
7255,10,1,0.9479799
7256,10,0,0.06496133
7257,16,1,0.33646947
7258,27,0,0.31897303
7259,20,0,0.23213036
7260,3,0,0.036162242
7261,0,1,0.49327633
7262,2,0,0.33389127
7263,9,0,0.39557666
7264,4,0,0.003909897
7265,27,1,0.71996975
7266,25,1,0.48246694
7267,6,1,0.69246006
7268,11,0,0.5434905
7269,26,1,0.55358386
7270,25,1,0.5126275
7271,17,1,0.70693904
7272,2,0,0.065113015
7273,16,1,0.8996519
7274,21,1,0.9919453
7275,23,1,0.7502065
7276,20,1,0.91493237
7277,15,0,0.08863856
7278,21,0,0.5425743
7279,20,0,0.17464383
7280,8,1,0.75561434
7281,13,1,0.88518715
7282,13,0,0.6502685
7283,12,0,0.0054063764
7284,27,1,0.59070224
7285,20,0,0.11598059
7286,2,0,0.43107015
7287,13,0,0.29361835
7288,6,1,0.8795275
7289,15,0,0.32138863
7290,27,0,0.706786
7291,4,0,0.4858503
7292,15,1,0.7046103
7293,19,0,0.29860517
7294,16,1,0.75590014
7295,6,1,0.8075792
7296,0,1,0.79793113
7297,20,0,0.20786466
7298,20,0,0.14031479
7299,1,0,0.21433467
7300,26,0,0.4361974
7301,8,0,0.24886435
7302,13,0,0.22117382
7303,17,0,0.376153
7304,1,0,0.13240606
7305,6,0,0.67414856
7306,20,1,0.47271746
7307,25,0,0.31240067
7308,13,0,0.0276787
7309,22,0,0.20215972
7310,22,0,0.24978279
7311,8,0,0.12809876
7312,28,0,0.43698022
7313,7,0,0.053325295
7314,27,1,0.92494035
7315,9,0,0.39417335
7316,26,0,0.13034447
7317,2,0,0.32047695
7318,3,0,0.36297852
7319,28,0,0.53607374
7320,16,1,0.4726036
7321,25,0,0.16814406
7322,3,1,0.37032554
7323,20,0,0.14371344
7324,12,1,0.7401411
7325,8,1,0.631557
7326,8,1,0.9508468
7327,8,0,0.10090347
7328,10,1,0.5329839
7329,15,1,0.68596077
7330,11,1,0.6391451
7331,16,1,0.8096832
7332,1,1,0.72929394
7333,27,0,0.6956374
7334,18,0,0.62091726
7335,28,0,0.6585512
7336,10,0,0.42840695
7337,18,0,0.26124078
7338,13,1,0.592678
7339,2,0,0.22124583
7340,17,0,0.3460822
7341,13,1,0.73352975
7342,28,1,0.6927918
7343,17,0,0.2237575
7344,24,1,0.7762255
7345,11,1,0.9128578
7346,5,0,0.49898878
7347,20,1,0.64449704
7348,18,1,0.5668527
7349,26,0,0.07792832
7350,2,1,0.93630457
7351,16,0,0.51849777
7352,7,1,0.6463429
7353,27,0,0.3564458
7354,0,1,0.4027015
7355,16,1,0.7149792
7356,0,0,0.61614645
7357,15,0,0.3308033
7358,13,1,0.6786549
7359,27,0,0.45728594
7360,22,1,0.3837687
7361,16,1,0.90529144
7362,11,1,0.94124067
7363,11,0,0.41473535
7364,17,0,0.12880859
7365,20,0,0.35376468
7366,2,1,0.7719936
7367,25,0,0.1163141
7368,15,0,0.14031166
7369,13,0,0.33022776
7370,1,1,0.6106601
7371,11,1,0.8565346
7372,4,0,0.2558377
7373,10,0,0.3689189
7374,15,1,0.7836858
7375,15,0,0.2680978
7376,10,1,0.8708904
7377,16,0,0.5043623
7378,8,1,0.5759688
7379,22,1,0.49491736
7380,22,1,0.98910916
7381,28,0,0.37874746
7382,28,0,0.49855882
7383,12,1,0.40735537
7384,0,0,0.3425631
7385,8,0,0.0179145
7386,15,0,0.0760765
7387,19,1,0.9263622
7388,7,1,0.38269547
7389,13,1,0.6004823
7390,26,0,0.28199258
7391,0,1,0.53812915
7392,17,1,0.36173928
7393,10,1,0.34718317
7394,15,0,0.77441156
7395,28,1,0.78938335
7396,26,0,0.10096808
7397,22,1,0.9659091
7398,3,1,0.6185994
7399,28,0,0.3533507
7400,18,1,0.9393942
7401,11,0,0.2849586
7402,25,1,0.28293514
7403,13,0,0.25700808
7404,10,0,0.38602218
7405,6,0,0.21037985
7406,25,1,0.7679836
7407,8,1,0.5901048
7408,12,1,0.8679269
7409,8,1,0.47126016
7410,21,0,0.5379262
7411,18,1,0.55844504
7412,16,0,0.09061794
7413,12,1,0.59604615
7414,0,1,0.35138917
7415,28,1,0.5621691
7416,1,1,0.46833435
7417,13,1,0.67007226
7418,24,1,0.6144656
7419,27,0,0.4619621
7420,23,0,0.09463031
7421,8,1,0.33827645
7422,2,0,0.47616237
7423,15,1,0.8835419
7424,1,1,0.59650636
7425,26,0,0.47184417
7426,17,0,0.5951583
7427,16,1,0.65894985
7428,8,1,0.810808
7429,2,0,0.7216235
7430,25,0,0.5520623
7431,1,0,0.60852116
7432,2,0,0.07405093
7433,18,1,0.9990085
7434,24,1,0.83437186
7435,17,1,0.85704577
7436,13,1,0.9118413
7437,10,0,0.6833235
7438,7,1,0.50701666
7439,16,0,0.49169174
7440,17,0,0.19205867
7441,24,0,0.35119772
7442,12,0,0.295097
7443,15,1,0.90716153
7444,2,0,0.18775912
7445,14,1,0.5307927
7446,25,1,0.9116953
7447,16,1,0.55193853
7448,5,0,0.48961025
7449,8,0,0.35724688
7450,17,0,0.111616015
7451,21,1,0.3918588
7452,12,0,0.17044601
7453,11,1,0.36789095
7454,27,0,0.19924332
7455,27,1,0.4466521
7456,10,0,0.3265851
7457,8,1,0.93296206
7458,10,1,0.84894025
7459,4,0,0.17971875
7460,10,1,0.4811586
7461,23,1,0.25301436
7462,9,1,0.6002975
7463,13,0,0.17634943
7464,23,1,0.88793576
7465,22,1,0.72837484
7466,21,0,0.54361326
7467,14,1,0.5171806
7468,0,0,0.12163456
7469,23,1,0.6846747
7470,10,0,0.43675753
7471,9,1,0.9339345
7472,8,0,0.35138574
7473,2,1,0.58947843
7474,12,0,0.4221655
7475,21,0,0.4931355
7476,8,0,0.03496629
7477,22,0,0.6560932
7478,5,1,0.6473125
7479,18,1,0.3597358
7480,26,1,0.5306689
7481,20,0,0.4753734
7482,7,1,0.69786954
7483,18,0,0.0654474
7484,5,0,0.21715494
7485,18,0,0.36532903
7486,13,1,0.4065973
7487,2,1,0.6970826
7488,10,1,0.3376959
7489,12,0,0.43501183
7490,12,1,0.55468184
7491,18,1,0.5586862
7492,25,0,0.0014366714
7493,20,1,0.89353573
7494,25,1,0.41952166
7495,3,1,0.86887765
7496,21,1,0.7096896
7497,1,0,0.13728277
7498,26,0,0.5998145
7499,15,0,0.44098163
7500,3,0,0.15356067
7501,17,0,0.56713736
7502,14,0,0.19451775
7503,23,1,0.57629544
7504,18,0,0.30926052
7505,10,1,0.493305
7506,13,0,0.17158963
7507,11,0,0.82861006
7508,7,0,0.009101996
7509,24,1,0.7671187
7510,2,1,0.630924
7511,26,1,0.7505818
7512,10,1,0.5791306
7513,16,0,0.0963971
7514,15,0,0.14699462
7515,2,1,0.99290645
7516,6,0,0.14596651
7517,20,1,0.9094829
7518,17,0,0.10934217
7519,10,0,0.503938
7520,16,1,0.50219095
7521,1,0,0.1088745
7522,19,1,0.8854072
7523,14,0,0.137238
7524,0,1,0.20001847
7525,25,1,0.26870403
7526,22,1,0.8414699
7527,13,1,0.91509837
7528,10,0,0.28082395
7529,2,1,0.9991825
7530,7,0,0.50254595
7531,16,1,0.82870656
7532,4,0,0.42738518
7533,1,0,0.028670652
7534,1,1,0.6191781
7535,16,0,0.05187155
7536,0,1,0.46726382
7537,16,1,0.49703613
7538,13,1,0.43054152
7539,13,1,0.35982236
7540,5,0,0.63058966
7541,14,1,0.8362874
7542,13,1,0.21048719
7543,7,0,0.09578746
7544,2,1,0.5497481
7545,21,0,0.26915494
7546,1,0,0.2355334
7547,9,1,0.9113655
7548,24,1,0.96811926
7549,16,1,0.9171242
7550,28,1,0.58283937
7551,6,0,0.34625438
7552,9,0,0.4855023
7553,17,0,0.26805574
7554,5,0,0.099901356
7555,20,0,0.01354405
7556,1,0,0.1505356
7557,22,0,0.63801175
7558,14,1,0.10775913
7559,8,0,0.18633623
7560,7,0,0.26208594
7561,13,1,0.67478406
7562,6,1,0.84298426
7563,25,1,0.71643203
7564,3,0,0.60789853
7565,27,1,0.87635887
7566,27,0,0.3609259
7567,26,1,0.47277728
7568,17,0,0.2127165
7569,11,1,0.60949624
7570,16,1,0.7613996
7571,24,0,0.20400296
7572,12,1,0.24604705
7573,16,1,0.64216214
7574,26,1,0.6044594
7575,26,1,0.6630732
7576,19,0,0.4813245
7577,12,1,0.73337996
7578,8,1,0.58369863
7579,7,0,0.0126250675
7580,4,0,0.2562616
7581,8,0,0.011888459
7582,20,1,0.4850234
7583,2,0,5.3235266e-07
7584,3,0,0.2098721
7585,1,1,0.7932837
7586,8,1,0.94662434
7587,26,1,0.56835747
7588,2,0,0.23574652
7589,11,1,0.7471571
7590,19,1,0.6512574
7591,26,0,0.2405704
7592,3,0,0.101671726
7593,13,1,0.39144096
7594,11,1,0.24886827
7595,5,1,0.90914536
7596,26,1,0.69102126
7597,12,1,0.7731232
7598,11,1,0.93988323
7599,0,0,0.409097
7600,24,1,0.43347874
7601,14,1,0.35543585
7602,9,1,0.5824471
7603,16,0,0.1821016
7604,25,1,0.52539515
7605,8,1,0.93929344
7606,8,0,0.39978686
7607,18,0,0.6687821
7608,26,0,0.50321716
7609,6,0,0.33457145
7610,6,1,0.65841174
7611,28,1,0.6038041
7612,9,1,0.37782115
7613,15,0,0.1362528
7614,7,0,0.10579157
7615,0,0,0.18658327
7616,27,1,0.7483095
7617,10,1,0.6152692
7618,11,1,0.57818174
7619,12,1,0.7671461
7620,12,1,0.90330005
7621,22,0,0.68820775
7622,15,0,0.43728295
7623,1,0,0.08827799
7624,8,1,0.7952614
7625,10,0,0.24051732
7626,3,0,0.26229027
7627,27,0,0.48052493
7628,0,0,0.25005543
7629,9,1,0.9444109
7630,15,1,0.46986437
7631,15,1,0.75890905
7632,13,0,0.48108268
7633,11,0,0.43024772
7634,28,1,0.90602213
7635,25,0,0.47324935
7636,25,1,0.99936885
7637,24,1,0.9460138
7638,2,1,0.87604713
7639,8,1,0.6992561
7640,7,0,0.051923368
7641,18,0,0.5402235
7642,10,1,0.9168933
7643,5,0,0.26893386
7644,20,0,0.5895169
7645,26,1,0.45641598
7646,3,1,0.87910056
7647,25,0,0.27826187
7648,3,0,0.27454647
7649,25,1,0.68368477
7650,28,0,0.49407837
7651,8,1,0.6338211
7652,21,1,0.40727574
7653,13,1,0.77763104
7654,18,0,0.33472505
7655,14,1,0.25402105
7656,22,1,0.9351826
7657,15,0,0.09734466
7658,11,1,0.58629155
7659,27,1,0.71193403
7660,18,0,0.2855236
7661,23,1,0.9077566
7662,18,1,0.8278329
7663,17,0,0.7058053
7664,15,0,0.28172362
7665,25,1,0.9278124
7666,22,0,0.55708015
7667,22,1,0.23719358
7668,7,1,0.9447504
7669,1,1,0.34215212
7670,27,0,0.18597922
7671,8,0,0.36431277
7672,16,1,0.96392
7673,1,1,0.331028
7674,15,0,0.7521343
7675,28,0,0.44693664
7676,8,1,0.42899415
7677,6,0,0.43289152
7678,2,1,0.9854891
7679,5,0,0.41226763
7680,15,1,0.4378005
7681,12,1,0.8956198
7682,0,1,0.72036743
7683,15,1,0.4680419
7684,11,1,0.6258948
7685,8,0,0.2514392
7686,25,1,0.69779235
7687,11,1,0.81065595
7688,8,0,0.20238452
7689,17,1,0.8141488
7690,13,0,0.09856167
7691,17,0,0.89048296
7692,9,1,0.85468405
7693,7,1,0.87423205
7694,9,1,0.69552416
7695,13,0,0.5096424
7696,19,0,0.058763683
7697,21,0,0.19229308
7698,23,1,0.7144798
7699,15,1,0.7309813
7700,0,0,0.22376041
7701,20,1,0.35615224
7702,10,0,0.55283785
7703,28,0,0.13376594
7704,1,1,0.57034624
7705,16,1,0.5126895
7706,1,1,0.6401088
7707,9,0,0.6433754
7708,16,0,0.5233442
7709,3,0,0.52723724
7710,20,1,0.9049348
7711,15,1,0.8233691
7712,12,1,0.7901863
7713,14,0,0.09645928
7714,27,1,0.50394547
7715,16,0,0.1727882
7716,25,1,0.9472549
7717,9,1,0.87555027
7718,9,1,0.28763935
7719,15,1,0.91661257
7720,20,1,0.36105648
7721,18,1,0.71568036
7722,24,0,0.6579954
7723,19,1,0.9910981
7724,25,1,0.89291626
7725,9,0,0.60102165
7726,0,0,0.14252168
7727,1,0,0.43328387
7728,15,0,0.13961512
7729,27,0,0.098338336
7730,26,0,0.29810375
7731,13,1,0.9666804
7732,3,1,0.7058689
7733,22,0,0.7573965
7734,18,1,0.7614553
7735,26,0,0.6956042
7736,21,1,0.3497184
7737,20,0,0.12679568
7738,17,1,0.7883236
7739,16,0,0.12321973
7740,6,0,0.31153685
7741,10,1,0.71496934
7742,28,0,0.24810791
7743,10,0,0.40429023
7744,16,1,0.69683146
7745,7,1,0.9561467
7746,26,1,0.7280322
7747,28,1,0.7517477
7748,15,1,0.4520578
7749,14,1,0.536417
7750,16,0,0.1997193
7751,28,0,0.15589094
7752,10,1,0.6332627
7753,1,1,0.27877703
7754,2,0,0.40182447
7755,25,1,0.8415129
7756,6,0,9.834687e-07
7757,26,0,0.37186804
7758,14,1,0.8260911
7759,9,1,0.79949015
7760,2,1,0.9993506
7761,21,0,0.5214621
7762,18,1,0.33734116
7763,17,0,0.43927482
7764,16,1,0.8771114
7765,25,1,0.69655704
7766,16,1,0.9950452
7767,26,1,0.77840185
7768,12,0,0.7458194
7769,1,0,0.33039984
7770,1,1,0.37275365
7771,18,1,0.94989413
7772,5,0,0.08417099
7773,2,1,0.5769768
7774,13,0,0.1453538
7775,11,0,0.14871176
7776,2,0,0.24195288
7777,6,1,0.9517004
7778,26,1,0.4217277
7779,7,1,0.8529167
7780,20,1,0.79463434
7781,22,0,0.29991946
7782,25,0,0.40575287
7783,28,1,0.44068787
7784,9,0,0.32794213
7785,0,0,0.13275966
7786,22,1,0.7853693
7787,25,1,0.97770417
7788,22,1,0.99433243
7789,16,1,0.8708016
7790,5,0,0.43038622
7791,2,0,0.28312314
7792,18,0,0.16248803
7793,7,0,0.22852413
7794,16,0,0.42032048
7795,21,0,0.17173688
7796,6,0,0.2829038
7797,2,0,0.4572591
7798,8,0,0.4673997
7799,16,0,0.39589462
7800,13,1,0.74135613
7801,6,0,0.15770945
7802,26,0,0.18293104
7803,2,1,0.5783067
7804,28,1,0.6492413
7805,3,1,0.8835668
7806,21,0,0.09348289
7807,2,1,0.69979596
7808,4,1,0.5631218
7809,16,0,0.7678369
7810,9,1,0.5842244
7811,17,1,0.9455838
7812,4,1,0.599622
7813,27,0,0.6369825
7814,5,1,0.49586883
7815,2,1,0.48134273
7816,13,0,0.48412198
7817,21,0,0.3154915
7818,10,0,0.6008131
7819,27,0,0.19469738
7820,26,0,0.18401064
7821,24,1,0.94476306
7822,15,0,0.44742766
7823,25,1,0.7950564
7824,23,0,0.21855383
7825,15,0,0.3618118
7826,9,0,0.15300524
7827,20,0,0.23520081
7828,21,0,0.72314614
7829,27,0,0.21807632
7830,22,0,0.41664034
7831,18,0,0.051446114
7832,15,1,0.67170787
7833,17,0,0.21473451
7834,15,1,0.7484953
7835,21,0,0.38501918
7836,20,1,0.7729622
7837,2,1,0.54702044
7838,18,1,0.8508778
7839,19,1,0.72845733
7840,0,0,0.20284429
7841,4,0,0.07417497
7842,26,0,0.59922504
7843,11,1,0.33765876
7844,10,0,0.23216233
7845,5,0,0.42944032
7846,11,1,0.6349094
7847,11,1,0.726112
7848,2,0,0.3277023
7849,3,1,0.78173023
7850,13,0,0.29948688
7851,9,0,0.3925761
7852,11,0,0.75153816
7853,23,0,0.18913622
7854,13,1,0.75815725
7855,11,1,0.8373599
7856,1,0,0.40959048
7857,13,0,0.12745081
7858,11,0,0.15082486
7859,5,1,0.9406665
7860,15,0,0.4029668
7861,6,0,0.52572256
7862,2,0,0.18770535
7863,6,1,0.64685416
7864,24,0,0.8638104
7865,15,0,0.39973104
7866,25,1,0.43195844
7867,1,1,0.8588461
7868,18,0,0.43850145
7869,9,0,0.3158685
7870,3,0,0.70553553
7871,8,1,0.66383016
7872,19,0,0.3618477
7873,4,1,0.5237472
7874,0,1,0.44211936
7875,3,1,0.79244214
7876,19,1,0.6182719
7877,23,0,0.16026543
7878,21,1,0.5347599
7879,16,1,0.668545
7880,0,0,0.61878926
7881,9,1,0.44349524
7882,7,0,0.42231268
7883,13,0,0.15796103
7884,23,1,0.30771837
7885,8,0,0.12425712
7886,8,1,0.7747864
7887,22,0,0.33555844
7888,2,1,0.79105186
7889,27,0,0.26891813
7890,0,1,0.4431283
7891,9,0,0.6866465
7892,2,1,0.892221
7893,17,1,0.8193691
7894,28,0,0.47522482
7895,26,0,0.43294755
7896,13,0,0.11425925
7897,23,0,0.29194605
7898,25,1,0.72926867
7899,8,0,0.41130966
7900,10,1,0.6100065
7901,26,1,0.4708715
7902,18,0,0.314839
7903,12,0,0.4485731
7904,7,1,0.7339763
7905,8,1,0.5496054
7906,23,1,0.6890333
7907,8,1,0.69050246
7908,20,0,0.17946362
7909,3,1,0.99964476
7910,2,1,0.43758282
7911,11,1,0.9129796
7912,21,1,0.47723958
7913,27,1,0.3482247
7914,8,1,0.745055
7915,8,0,0.2874658
7916,17,1,0.60813373
7917,22,0,0.3381231
7918,3,0,0.201521
7919,16,0,0.34231815
7920,13,0,0.7827634
7921,5,1,0.61943793
7922,2,0,0.29680178
7923,27,0,0.12922019
7924,11,0,0.27458555
7925,2,0,0.39251655
7926,15,1,0.59947276
7927,12,1,0.7720166
7928,4,1,0.44099498
7929,26,1,0.5062115
7930,11,0,0.6885423
7931,12,0,0.008442855
7932,23,1,0.71315557
7933,1,1,0.4916646
7934,8,0,0.017282099
7935,1,1,0.6931303
7936,2,0,0.18297124
7937,8,0,0.490317
7938,14,1,0.6213117
7939,19,0,0.5635223
7940,10,1,0.3667195
7941,16,1,0.7034713
7942,15,1,0.58981305
7943,1,0,0.78152674
7944,25,1,0.87104297
7945,2,1,0.3337971
7946,15,1,0.5029202
7947,12,1,0.9072844
7948,3,1,0.8045846
7949,4,0,0.78665465
7950,2,0,0.49525994
7951,18,0,0.2194497
7952,7,1,0.9628229
7953,18,1,0.81862706
7954,16,1,0.9310666
7955,1,0,0.077900656
7956,14,0,0.10174024
7957,25,0,0.4285028
7958,10,0,0.27474836
7959,4,1,0.33925176
7960,27,0,0.35036728
7961,21,1,0.7083239
7962,7,1,0.82055783
7963,8,1,0.3635952
7964,22,0,0.44574305
7965,3,1,0.7445879
7966,27,0,0.19035028
7967,2,0,0.56326956
7968,4,1,0.60310173
7969,17,0,0.3169167
7970,16,0,0.59111863
7971,2,1,0.60889536
7972,7,1,0.66643244
7973,21,1,0.71002746
7974,18,1,0.49034968
7975,1,0,0.70535314
7976,15,1,0.8354347
7977,14,1,0.77711874
7978,13,0,0.5732607
7979,22,0,0.391416
7980,16,0,0.23427589
7981,3,0,0.67580056
7982,22,1,0.4298268
7983,25,0,0.29416332
7984,27,1,0.8512235
7985,10,1,0.8164057
7986,18,0,0.43874583
7987,15,1,0.99052644
7988,12,0,0.60121197
7989,15,1,0.49013856
7990,7,0,0.099113435
7991,15,0,0.3265145
7992,10,0,0.12276589
7993,3,1,0.45865217
7994,10,1,0.7504588
7995,2,0,0.46939024
7996,21,1,0.7711058
7997,2,1,0.90459853
7998,14,0,0.08233894
7999,25,1,0.38790312
8000,13,0,0.31660417
8001,12,0,0.43104675
8002,1,0,0.18749538
8003,12,0,0.10351453
8004,0,1,0.5669733
8005,13,1,0.55597657
8006,25,1,0.5031357
8007,22,1,0.74977976
8008,15,0,0.16343956
8009,16,1,0.64098895
8010,15,0,0.012663101
8011,11,0,0.35755914
8012,10,1,0.44224632
8013,3,1,0.87890226
8014,4,0,0.25590172
8015,0,1,0.769337
8016,13,0,0.124985665
8017,0,1,0.73714525
8018,14,0,0.060555827
8019,4,1,0.34159958
8020,5,1,0.7993409
8021,26,1,0.8918815
8022,23,0,0.27199313
8023,16,1,0.42266655
8024,1,0,0.09651694
8025,2,1,0.40404734
8026,3,0,0.29912537
8027,17,0,0.09793216
8028,10,0,0.10854629
8029,2,1,0.48032686
8030,5,0,0.20222694
8031,14,1,0.99904376
8032,27,1,0.5369303
8033,1,1,0.96659
8034,27,0,0.10232715
8035,20,0,0.68907315
8036,6,0,0.005390549
8037,27,0,0.34274885
8038,21,0,0.082280405
8039,0,1,0.4896346
8040,0,1,0.6551162
8041,17,0,0.04723746
8042,11,0,0.08264695
8043,19,1,0.67811817
8044,22,1,0.931341
8045,14,1,0.59666353
8046,26,1,0.5955532
8047,6,0,0.33661467
8048,3,0,0.5036796
8049,6,0,0.46933287
8050,27,1,0.46625674
8051,13,1,0.58022654
8052,23,1,0.5625238
8053,25,1,0.37709397
8054,25,0,0.11420309
8055,20,0,0.17597437
8056,17,1,0.51549447
8057,2,0,0.39131284
8058,26,0,0.38430274
8059,1,1,0.7007509
8060,9,1,0.4001964
8061,20,0,0.28271282
8062,24,0,0.4335241
8063,7,0,0.20990433
8064,1,1,0.45971465
8065,13,1,0.96750265
8066,2,1,0.57878345
8067,27,1,0.5027444
8068,13,0,0.7659227
8069,23,1,0.44764692
8070,28,0,0.0009122134
8071,2,1,0.6290796
8072,13,0,0.10702529
8073,28,1,0.9809576
8074,3,1,0.4893604
8075,15,0,0.68426675
8076,8,1,0.47696915
8077,3,0,0.023098692
8078,25,0,0.16083334
8079,2,0,0.22566745
8080,13,1,0.56197786
8081,7,0,0.44418755
8082,22,1,0.34170738
8083,25,1,0.62634677
8084,7,1,0.77626354
8085,26,1,0.40649396
8086,10,0,0.0734924
8087,12,1,0.9624842
8088,8,0,0.058947936
8089,12,0,0.27439076
8090,26,0,0.76457417
8091,3,1,0.7682468
8092,12,1,0.8296449
8093,20,1,0.632345
8094,14,0,0.39387614
8095,24,0,0.12700473
8096,28,1,0.86309034
8097,24,1,0.49925712
8098,11,1,0.8545649
8099,13,1,0.90303576
8100,26,0,0.21147138
8101,0,1,0.4557422
8102,25,1,0.33687517
8103,8,0,0.06868456
8104,17,1,0.9789119
8105,13,0,0.49580792
8106,23,1,0.86919034
8107,9,0,0.016670588
8108,10,1,0.7153567
8109,24,1,0.8073534
8110,13,1,0.98134065
8111,3,0,0.2514853
8112,7,0,0.08374663
8113,8,0,0.29579514
8114,19,0,0.47507456
8115,8,0,0.3629265
8116,4,1,0.5005996
8117,17,0,0.13746436
8118,8,0,0.17018083
8119,26,0,0.1513609
8120,18,0,0.14932543
8121,3,0,0.35023445
8122,7,1,0.6420213
8123,13,1,0.4760617
8124,27,0,0.14718053
8125,14,0,0.015492531
8126,28,0,0.21171686
8127,7,1,0.9922937
8128,5,0,0.47694007
8129,27,0,0.17031038
8130,14,1,0.9038447
8131,26,0,0.14340137
8132,25,0,0.48417774
8133,1,1,0.83834445
8134,23,1,0.43268153
8135,6,0,0.12388656
8136,13,0,0.3014261
8137,15,0,0.6895586
8138,13,0,0.12018366
8139,28,1,0.7596545
8140,1,0,0.44260544
8141,27,1,0.7539615
8142,17,0,0.09020795
8143,9,1,0.8181653
8144,14,1,0.6921351
8145,8,0,0.48789164
8146,5,1,0.94870895
8147,26,0,0.455678
8148,2,1,0.749078
8149,6,1,0.70167863
8150,13,1,0.9036198
8151,18,1,0.74235135
8152,11,0,0.52643377
8153,26,1,0.6100636
8154,20,1,0.7361849
8155,27,0,0.4436924
8156,8,1,0.71598434
8157,14,0,0.08454229
8158,28,1,0.30138683
8159,18,1,0.30820507
8160,24,1,0.68677115
8161,10,1,0.39632058
8162,16,1,0.860806
8163,14,0,0.0060497266
8164,12,1,0.55779433
8165,13,1,0.98515594
8166,10,0,0.022752244
8167,13,0,0.36830223
8168,15,0,0.06596019
8169,1,0,0.49869224
8170,28,1,0.9014195
8171,20,1,0.529201
8172,10,1,0.93501616
8173,3,0,0.55939215
8174,2,0,0.18030255
8175,11,0,0.38611886
8176,6,1,0.98395145
8177,3,1,0.3846594
8178,18,0,0.28859824
8179,20,1,0.69745106
8180,14,0,0.4281702
8181,16,1,0.38105816
8182,26,1,0.70132816
8183,10,1,0.56208646
8184,25,0,0.37922853
8185,2,1,0.36056387
8186,15,1,0.1912651
8187,12,1,0.8739795
8188,13,1,0.79541856
8189,16,0,0.31175798
8190,16,1,0.726012
8191,24,0,0.48557672
8192,0,1,0.49865857
8193,3,0,0.48455516
8194,11,1,0.5330991
8195,12,1,0.7787088
8196,25,0,0.3836567
8197,8,0,0.1745901
8198,8,1,0.22673056
8199,19,1,0.99969435
8200,15,1,0.3300118
8201,18,0,0.22708458
8202,11,0,0.5865019
8203,23,1,0.80878896
8204,27,0,0.58837366
8205,1,0,0.171954
8206,24,0,0.08845157
8207,12,0,0.31018037
8208,9,1,0.6583823
8209,16,1,0.97640926
8210,28,1,0.87231594
8211,21,1,0.6076344
8212,16,0,0.0036482445
8213,10,1,0.6441224
8214,3,1,0.7699625
8215,15,1,0.61429936
8216,21,1,0.9834873
8217,17,0,0.15335242
8218,16,1,0.98909
8219,3,1,0.5559872
8220,21,0,0.21674852
8221,8,0,0.3827511
8222,23,1,0.8196811
8223,4,1,0.816919
8224,19,1,0.99371225
8225,28,1,0.92365795
8226,28,0,0.6377943
8227,2,1,0.9014403
8228,2,0,0.06659835
8229,27,1,0.49551633
8230,2,1,0.7366002
8231,26,1,0.47226548
8232,14,0,0.28041714
8233,22,0,0.50798166
8234,5,0,0.25159243
8235,16,0,0.113378786
8236,12,0,0.11748419
8237,18,0,0.37765694
8238,12,0,0.3480578
8239,12,0,0.35726592
8240,3,0,0.35681784
8241,16,1,0.92946804
8242,25,0,0.0074647893
8243,1,0,0.13217142
8244,16,0,0.61369634
8245,8,0,0.62328416
8246,2,1,0.47074726
8247,26,1,0.55265224
8248,13,1,0.45183802
8249,11,0,0.3216009
8250,6,0,0.6634495
8251,21,0,0.49991566
8252,1,1,0.9813238
8253,8,0,0.34067625
8254,20,1,0.6627408
8255,19,0,0.09867002
8256,2,0,0.19611336
8257,15,0,0.39019188
8258,6,1,0.56652474
8259,25,0,0.71878207
8260,7,1,0.7764085
8261,12,1,0.96808785
8262,16,1,0.58610064
8263,4,1,0.45437127
8264,16,1,0.615514
8265,18,1,0.8139205
8266,23,0,0.2895888
8267,3,0,0.10923681
8268,19,0,0.3439036
8269,12,1,0.7789229
8270,23,1,0.6929462
8271,18,1,0.6525582
8272,9,1,0.6105086
8273,17,0,0.6233103
8274,13,0,0.2729066
8275,20,1,0.6721557
8276,16,0,0.24350548
8277,25,0,0.15043207
8278,27,1,0.9723008
8279,18,1,0.83761126
8280,2,0,0.15945224
8281,13,1,0.5957654
8282,26,0,0.5239151
8283,23,1,0.99251306
8284,22,1,0.8319841
8285,20,1,0.81223124
8286,24,0,0.42717603
8287,16,0,0.13628052
8288,13,1,0.99827003
8289,13,0,0.25675836
8290,16,0,0.45367292
8291,12,1,0.44657606
8292,13,0,0.02075221
8293,28,0,0.50313514
8294,5,0,0.20389177
8295,9,0,0.3610161
8296,26,0,0.5110068
8297,15,1,0.5329127
8298,7,0,0.28883678
8299,10,0,0.17150263
8300,15,0,0.13889553
8301,6,0,0.27025315
8302,25,0,0.07994973
8303,13,0,0.29570565
8304,11,0,0.32945442
8305,13,1,0.48375267
8306,2,0,0.35769448
8307,8,0,0.30973592
8308,16,1,0.5548719
8309,13,0,0.4848083
8310,6,1,0.47350264
8311,4,0,0.32467702
8312,1,1,0.9431675
8313,14,1,0.43683395
8314,5,0,0.28737313
8315,20,1,0.88897157
8316,15,1,0.72371525
8317,10,1,0.4842447
8318,2,0,0.038651954
8319,10,1,0.973584
8320,18,1,0.34299445
8321,14,0,0.6397459
8322,8,0,0.27623987
8323,1,0,0.4044477
8324,25,0,0.5869205
8325,13,1,0.7278993
8326,25,1,0.8339117
8327,27,0,0.4260735
8328,4,0,0.16722886
8329,2,0,0.03551951
8330,8,0,0.69441843
8331,13,1,0.63990337
8332,27,1,0.6853653
8333,12,1,0.5664772
8334,2,0,0.18667997
8335,5,1,0.8922163
8336,18,0,0.05567761
8337,2,0,0.13650812
8338,14,1,0.9948382
8339,21,1,0.6879921
8340,11,0,0.633769
8341,13,0,0.25094384
8342,16,1,0.46963936
8343,12,1,0.74874127
8344,0,0,0.8688143
8345,11,1,0.2934038
8346,0,0,0.03328043
8347,13,0,0.23928192
8348,4,1,0.7670034
8349,22,0,0.17673247
8350,12,1,0.89238536
8351,26,1,0.7246811
8352,5,0,0.48233533
8353,13,0,0.37590474
8354,20,0,0.55016667
8355,15,0,0.35876203
8356,8,0,0.30212912
8357,22,1,0.5807595
8358,15,0,0.47128803
8359,16,0,0.20775202
8360,25,0,0.18388805
8361,1,0,0.29988715
8362,8,1,0.6968268
8363,0,1,0.9287869
8364,17,0,0.02117753
8365,25,1,0.60828495
8366,13,0,0.6480303
8367,26,0,0.7931536
8368,14,0,0.45748207
8369,18,1,0.7200998
8370,23,0,0.48888606
8371,10,1,0.67588097
8372,13,0,0.23252079
8373,9,1,0.88266176
8374,13,1,0.49965405
8375,0,1,0.9665387
8376,15,0,0.6270795
8377,18,0,0.30592036
8378,25,0,0.2245791
8379,15,1,0.42715934
8380,21,1,0.99999714
8381,2,0,0.28843734
8382,0,1,0.4807532
8383,25,0,0.22890547
8384,7,0,0.013843311
8385,9,0,0.029377358
8386,21,1,0.3479433
8387,0,0,0.5367417
8388,27,1,0.82911307
8389,20,1,0.8985597
8390,14,1,0.9999472
8391,10,0,0.059499778
8392,23,1,0.7000635
8393,2,1,0.74569356
8394,0,0,0.09777318
8395,8,0,0.5422073
8396,3,0,0.6101528
8397,6,1,0.875841
8398,8,0,0.23626862
8399,17,0,0.2727534
8400,6,1,0.90367556
8401,9,1,0.7959304
8402,24,0,0.5408833
8403,1,1,0.7537732
8404,12,0,0.6869145
8405,11,0,0.22999986
8406,21,1,0.92465734
8407,2,0,0.11287431
8408,16,1,0.37984106
8409,13,1,0.6607431
8410,25,0,0.33082542
8411,2,1,0.25000888
8412,18,0,0.25448987
8413,15,1,0.61868525
8414,16,0,0.05199867
8415,6,1,0.45248398
8416,3,1,0.62444454
8417,13,0,0.5672755
8418,17,1,0.6646024
8419,16,1,0.54309916
8420,12,1,0.79655164
8421,16,1,0.37453994
8422,21,1,0.9214892
8423,23,0,0.07267298
8424,15,1,0.8508325
8425,23,1,0.7148778
8426,2,1,0.5563886
8427,23,0,0.008989179
8428,17,1,0.99035734
8429,2,1,0.54983735
8430,24,0,0.09880645
8431,2,1,0.30450332
8432,16,1,0.87779015
8433,7,0,0.18284655
8434,25,0,0.41164893
8435,8,1,0.36076817
8436,12,0,0.4489791
8437,16,1,0.57835126
8438,8,0,0.4306839
8439,13,0,0.20273727
8440,6,1,0.14851311
8441,20,0,0.0383929
8442,3,1,0.91880685
8443,20,0,0.3823638
8444,13,0,0.65262365
8445,20,1,0.40691167
8446,18,1,0.66108143
8447,13,0,0.079211436
8448,16,0,0.31516263
8449,18,0,0.24599421
8450,18,1,0.75708026
8451,13,0,0.5041181
8452,15,1,0.5694729
8453,24,0,0.13270608
8454,2,1,0.3882299
8455,13,1,0.6710552
8456,8,1,0.9718202
8457,10,0,0.09581877
8458,23,1,0.54765177
8459,9,0,0.122260556
8460,23,1,0.7767194
8461,15,0,0.1599224
8462,16,0,0.033435617
8463,26,0,0.07662293
8464,20,0,0.08452618
8465,2,0,0.15112063
8466,23,0,0.53479576
8467,23,1,0.601035
8468,28,1,0.3393198
8469,27,0,0.19885392
8470,10,0,0.3477525
8471,10,0,2.9677894e-05
8472,2,1,0.64643604
8473,15,1,0.7243211
8474,12,0,0.14361711
8475,10,1,0.45632893
8476,8,1,0.56330293
8477,8,0,0.09217477
8478,24,0,0.51749426
8479,26,0,0.13482818
8480,8,1,0.6264871
8481,11,1,0.84626585
8482,2,0,0.14528134
8483,8,0,0.28527993
8484,22,0,0.25422642
8485,15,1,0.69435966
8486,25,0,0.5573383
8487,20,1,0.7475168
8488,8,1,0.09295686
8489,20,1,0.46605667
8490,25,0,0.3725278
8491,17,1,0.03890712
8492,10,1,0.7594252
8493,10,1,0.41080526
8494,1,0,0.47385582
8495,24,0,0.17535552
8496,12,1,0.48340622
8497,2,1,0.30366343
8498,22,0,0.0054704444
8499,3,0,0.4022333
8500,15,1,0.4536424
8501,6,0,0.054538492
8502,16,0,0.4416902
8503,8,1,0.7422179
8504,7,0,0.19281387
8505,26,1,0.45048916
8506,28,1,0.8602273
8507,2,1,0.9802801
8508,2,1,0.8137469
8509,2,0,0.281004
8510,15,0,0.46348852
8511,10,0,0.20095797
8512,3,1,0.28775027
8513,18,1,0.4398922
8514,1,0,0.48740304
8515,10,0,0.15712383
8516,15,0,0.19491482
8517,27,1,0.6405351
8518,13,0,0.18671861
8519,1,0,0.37401217
8520,12,0,0.17051733
8521,14,1,0.7952665
8522,22,1,0.7528277
8523,17,0,0.7041798
8524,18,0,0.55640566
8525,25,0,0.13241751
8526,27,1,0.8385296
8527,18,0,0.56535304
8528,14,1,0.57360804
8529,10,1,0.5431631
8530,7,0,0.515764
8531,2,0,0.105330065
8532,11,0,0.19296922
8533,25,1,0.99943167
8534,18,0,0.04329148
8535,26,0,0.4711108
8536,21,1,0.6998522
8537,6,1,0.87382543
8538,10,0,0.21123202
8539,13,1,0.30889466
8540,6,0,0.20583464
8541,21,1,0.73846734
8542,11,0,0.5628665
8543,25,0,0.48573825
8544,25,0,0.49047893
8545,18,0,0.045466937
8546,22,0,0.19256602
8547,19,1,0.5330111
8548,16,0,0.22361375
8549,1,1,0.50936484
8550,21,0,0.68664575
8551,23,0,0.24568412
8552,27,0,0.5095894
8553,27,0,0.40692875
8554,8,0,0.23484218
8555,15,0,0.24224128
8556,21,1,0.7638242
8557,8,0,0.69242156
8558,19,0,0.6137362
8559,1,0,0.2632672
8560,25,0,0.36428785
8561,19,0,0.5854635
8562,20,0,0.48707
8563,11,1,0.72091085
8564,16,1,0.9530551
8565,10,1,0.59271085
8566,17,0,0.388886
8567,16,0,0.41638985
8568,25,0,0.5757773
8569,0,0,0.36709705
8570,20,1,0.45412934
8571,12,1,0.89791715
8572,15,0,0.31200436
8573,13,0,0.19300126
8574,16,1,0.36708772
8575,16,1,0.965177
8576,12,1,0.11471093
8577,10,1,0.443618
8578,8,1,0.525883
8579,6,0,0.3435273
8580,17,1,0.36788857
8581,26,0,0.57032585
8582,23,0,0.34647778
8583,8,1,0.4600287
8584,17,0,0.015933195
8585,27,0,0.19741301
8586,27,0,0.20606415
8587,24,1,0.37000948
8588,3,1,0.47493693
8589,8,1,0.3984789
8590,18,1,0.4814708
8591,1,0,0.5826839
8592,8,0,0.65130913
8593,13,0,0.46543005
8594,15,1,0.8732703
8595,13,0,0.44975954
8596,22,1,0.73401433
8597,20,0,0.34188974
8598,1,1,0.30280027
8599,25,0,0.48631033
8600,23,0,0.420258
8601,24,0,0.3967215
8602,14,0,0.6393957
8603,0,1,0.76804364
8604,27,1,0.76465875
8605,12,0,0.5108951
8606,10,1,0.6533961
8607,15,0,0.37733573
8608,3,0,0.13432224
8609,16,0,0.26434427
8610,10,1,0.9926939
8611,2,1,0.9913093
8612,21,1,0.91587996
8613,13,0,0.33504245
8614,27,0,0.3470055
8615,8,0,0.41993198
8616,26,0,0.4606827
8617,16,0,0.14802799
8618,1,1,0.62351894
8619,28,1,0.6739481
8620,1,1,0.50899994
8621,5,1,0.3368756
8622,25,1,0.55203986
8623,17,1,0.52072954
8624,11,0,0.43295756
8625,12,1,0.80093193
8626,18,1,0.71214813
8627,17,1,0.44636434
8628,26,0,0.8194753
8629,1,0,0.33486015
8630,17,0,0.051774316
8631,14,0,0.55066633
8632,7,1,0.6596463
8633,15,1,0.7340516
8634,2,0,0.029990135
8635,16,1,0.6600307
8636,10,0,0.2672547
8637,17,0,0.21580127
8638,1,0,0.20298071
8639,9,1,0.6954858
8640,28,0,0.7981094
8641,11,1,0.5901286
8642,27,0,0.64945996
8643,22,0,0.5441622
8644,12,1,0.61002576
8645,13,0,0.35321873
8646,17,1,0.8045098
8647,1,0,0.0058337185
8648,1,1,0.79831636
8649,1,0,0.31372076
8650,9,1,0.9286897
8651,12,1,0.37884256
8652,9,0,0.4213703
8653,4,0,0.20893267
8654,15,1,0.4118116
8655,22,1,0.5947555
8656,2,1,0.74321026
8657,23,1,0.6652569
8658,21,0,0.13934135
8659,16,0,0.417946
8660,16,0,0.050569624
8661,15,0,0.45860472
8662,18,0,0.27934638
8663,16,1,0.994827
8664,3,1,0.4715573
8665,13,0,0.4679554
8666,18,0,0.10808035
8667,16,1,0.537689
8668,19,1,0.42597622
8669,4,0,0.57132834
8670,1,1,0.6262119
8671,23,0,0.12968938
8672,22,0,0.28642514
8673,11,1,0.697897
8674,21,0,0.30389377
8675,25,1,0.9550464
8676,11,0,0.81663567
8677,21,1,0.6882242
8678,2,1,0.95555687
8679,17,1,0.99594986
8680,18,1,0.6280985
8681,27,1,0.8974556
8682,2,0,0.5562847
8683,23,1,0.5849374
8684,6,0,0.31722236
8685,25,0,0.31695673
8686,22,0,0.2622414
8687,24,0,0.04034891
8688,19,0,0.22704527
8689,2,1,0.30283853
8690,20,0,0.09039469
8691,25,0,0.20041884
8692,15,1,0.73927426
8693,10,0,0.36491445
8694,20,0,0.0650098
8695,12,0,0.53052235
8696,19,0,0.37766495
8697,6,1,0.8792462
8698,6,1,0.7838536
8699,8,0,0.20483002
8700,16,1,0.54437417
8701,11,1,0.49666062
8702,18,1,0.71489215
8703,17,0,0.12968312
8704,18,0,0.2752516
8705,0,1,0.49161467
8706,17,0,0.2899968
8707,2,1,0.4372997
8708,13,0,0.07594593
8709,8,1,0.22538577
8710,4,1,0.68304086
8711,1,0,0.011366038
8712,20,1,0.5075678
8713,14,1,0.69801885
8714,25,1,0.4805885
8715,28,0,0.1788945
8716,25,1,0.9702324
8717,24,0,0.2595222
8718,15,1,0.9921895
8719,14,0,0.62793887
8720,2,1,0.48646206
8721,18,1,0.5979034
8722,5,0,0.04194398
8723,10,1,0.50251245
8724,2,1,0.47636157
8725,18,0,0.7101326
8726,8,0,0.053558286
8727,7,0,0.5536676
8728,21,1,0.4435124
8729,2,1,0.63200355
8730,23,0,0.45938385
8731,6,0,0.22404829
8732,15,1,0.7742907
8733,1,0,0.1553736
8734,10,0,0.0030581963
8735,4,1,0.5565302
8736,15,0,0.20348385
8737,5,1,0.9553776
8738,13,1,0.6544909
8739,13,1,0.94530815
8740,22,1,0.6464362
8741,1,1,0.42738163
8742,2,1,0.71627223
8743,12,1,0.9933735
8744,1,1,0.4927381
8745,13,0,0.17159988
8746,11,1,0.33090422
8747,1,1,0.66321987
8748,10,0,0.5757479
8749,18,0,0.4857352
8750,15,1,0.46455076
8751,7,0,0.2180435
8752,1,0,0.37959558
8753,17,1,0.8851326
8754,16,1,0.44957963
8755,8,1,0.996861
8756,5,0,0.41890576
8757,18,1,0.72364676
8758,18,1,0.85795105
8759,2,0,0.21658058
8760,3,1,0.8843472
8761,11,1,0.96201897
8762,23,0,0.35507992
8763,27,0,0.24392335
8764,27,0,0.07581073
8765,24,1,0.9388742
8766,2,1,0.8467292
8767,13,0,0.17105587
8768,1,1,0.9098552
8769,20,0,0.26137424
8770,3,1,0.9952578
8771,27,0,0.3740626
8772,3,0,0.2680589
8773,4,0,0.37118992
8774,5,1,0.47502935
8775,20,0,0.17278804
8776,13,1,0.61456203
8777,11,1,0.56782293
8778,1,0,0.0020823881
8779,16,1,0.503811
8780,18,1,0.5521834
8781,3,1,0.8120288
8782,28,1,0.6688075
8783,17,0,0.5055481
8784,0,0,0.509307
8785,18,0,0.5058663
8786,9,1,0.42791414
8787,3,0,0.22578329
8788,10,1,0.6983255
8789,21,1,0.5938907
8790,24,0,0.3734449
8791,11,0,0.45653626
8792,18,0,0.17250903
8793,5,0,0.44594425
8794,15,0,0.32207438
8795,12,1,0.71802765
8796,2,0,0.07251338
8797,11,0,0.28409138
8798,24,1,0.5382453
8799,18,1,0.78373003
8800,9,1,0.19200872
8801,10,0,0.026424507
8802,23,1,0.3855713
8803,17,0,0.5030175
8804,8,0,6.967708e-05
8805,10,0,0.13729528
8806,27,1,0.8740865
8807,24,0,0.14675102
8808,13,0,0.6208695
8809,26,0,0.5504612
8810,22,0,0.2304065
8811,23,1,0.4700886
8812,11,0,0.22367631
8813,28,1,0.88502055
8814,15,0,0.5074617
8815,1,0,0.53462464
8816,25,0,0.1685418
8817,13,1,0.6917266
8818,16,0,0.06453971
8819,10,0,0.048525285
8820,26,1,0.6119519
8821,26,1,0.3599001
8822,2,0,0.5283257
8823,11,1,0.8361796
8824,26,0,0.6015668
8825,3,0,0.15386017
8826,3,0,0.11506845
8827,7,0,0.21837333
8828,20,1,0.8223257
8829,28,1,0.95844984
8830,21,1,0.43526518
8831,26,0,0.22684827
8832,26,1,0.78128904
8833,14,1,0.86962545
8834,26,1,0.6591616
8835,27,1,0.6759761
8836,13,0,0.1445174
8837,8,0,0.17765082
8838,16,0,0.20308244
8839,8,0,0.105637796
8840,15,1,0.70283335
8841,12,1,0.6742703
8842,18,0,0.5698893
8843,20,0,0.29012978
8844,19,1,0.90792984
8845,27,0,0.32124373
8846,28,1,0.8845852
8847,14,1,0.998211
8848,23,1,0.39557287
8849,16,0,0.738636
8850,16,1,0.85487664
8851,26,1,0.9327142
8852,1,0,0.21915129
8853,1,1,0.89365906
8854,18,1,0.54792374
8855,13,1,0.98215437
8856,28,1,0.92407084
8857,12,1,0.45678738
8858,16,0,0.17027275
8859,28,0,0.23775654
8860,1,1,0.337348
8861,19,1,0.24260406
8862,23,0,0.11584149
8863,7,1,0.9044663
8864,6,0,0.033229284
8865,18,1,0.8560999
8866,16,0,0.75788224
8867,13,0,0.10099007
8868,19,0,0.46448034
8869,6,1,0.46005222
8870,3,1,0.4362964
8871,12,1,0.99583375
8872,9,1,0.95528775
8873,1,0,0.36441377
8874,13,1,0.33947754
8875,11,0,0.5364229
8876,8,0,0.16310997
8877,8,0,0.39871827
8878,13,1,0.7010897
8879,8,0,0.085238196
8880,13,1,0.75665337
8881,18,1,0.6942819
8882,1,0,0.045263972
8883,25,0,0.4413651
8884,4,0,0.031595226
8885,20,1,0.9878115
8886,6,0,0.11473154
8887,26,1,0.975827
8888,21,1,0.71975267
8889,24,0,0.25445753
8890,17,0,0.45261765
8891,19,0,0.40040645
8892,16,0,0.64383394
8893,26,1,0.4019087
8894,28,0,0.27743253
8895,23,0,0.110257335
8896,22,0,0.16990769
8897,15,1,0.398266
8898,5,0,0.49814698
8899,9,1,0.32713652
8900,11,0,0.5938289
8901,27,1,0.8687103
8902,14,0,0.46033573
8903,2,1,0.37173793
8904,2,0,0.46817115
8905,20,1,0.909659
8906,3,1,0.99723476
8907,20,0,0.09157738
8908,22,1,0.8766183
8909,23,1,0.7319086
8910,8,1,0.55778277
8911,8,1,0.5092791
8912,15,1,0.9007784
8913,3,1,0.37506965
8914,2,0,0.03637887
8915,2,0,0.51933956
8916,15,0,0.31088242
8917,20,1,0.46786582
8918,26,0,0.34452355
8919,8,0,0.2507496
8920,10,1,0.78447443
8921,4,1,0.8624754
8922,12,1,0.64341444
8923,14,0,0.23399535
8924,17,1,0.50105405
8925,10,0,0.12088715
8926,1,0,0.24116062
8927,5,0,0.38887787
8928,5,0,0.00052641064
8929,4,0,0.628134
8930,18,1,0.8506599
8931,19,1,0.978559
8932,14,1,0.6901576
8933,20,1,0.41568148
8934,1,0,0.3547583
8935,13,1,0.4850223
8936,2,1,0.53535837
8937,23,1,0.41696078
8938,25,1,0.7662137
8939,28,1,0.6340967
8940,15,0,0.4541925
8941,18,1,0.964784
8942,11,0,0.6823778
8943,20,1,0.67510325
8944,1,0,0.25597516
8945,6,1,0.76871765
8946,12,0,0.66196066
8947,22,1,0.47150406
8948,15,1,0.76869553
8949,15,0,0.12934145
8950,16,1,0.9999435
8951,10,0,0.15652458
8952,25,0,0.3893429
8953,13,0,0.36091304
8954,12,0,0.29758975
8955,17,0,0.267789
8956,26,1,0.7090972
8957,27,0,0.29277092
8958,26,1,0.38576436
8959,1,0,0.683209
8960,12,1,0.9260238
8961,24,0,0.5135477
8962,3,0,0.18437363
8963,16,1,0.9884282
8964,10,0,0.5743867
8965,27,0,0.21545291
8966,22,1,0.9723302
8967,4,0,0.5429333
8968,24,1,0.92553544
8969,10,0,0.56059575
8970,4,1,0.59790665
8971,12,0,0.71760964
8972,5,0,0.17377262
8973,13,0,0.61918473
8974,28,0,0.4814477
8975,13,0,0.23567827
8976,22,0,0.24277297
8977,18,1,0.37610766
8978,16,1,0.3747816
8979,26,1,0.48234487
8980,28,0,0.104157545
8981,8,0,0.53081065
8982,1,1,0.54271203
8983,18,1,0.83379525
8984,12,1,0.9468302
8985,26,1,0.42585918
8986,14,0,0.09716275
8987,26,0,0.6599002
8988,11,1,0.99087125
8989,21,0,0.11989072
8990,10,0,0.35090116
8991,10,1,1.0
8992,9,0,0.22376677
8993,17,1,0.5002198
8994,3,1,0.10100856
8995,1,1,0.96333724
8996,16,1,0.43413848
8997,20,1,0.68459284
8998,15,1,0.3488226
8999,20,0,0.8243807
9000,20,1,0.5624831
9001,22,1,0.5484862
9002,12,0,0.18821801
9003,20,1,0.4719595
9004,20,1,0.9959895
9005,15,0,0.16008276
9006,11,0,0.7818445
9007,16,0,0.5895934
9008,2,1,0.80362046
9009,13,0,0.28206447
9010,8,0,0.16594012
9011,17,1,0.741235
9012,1,1,0.9997665
9013,1,0,0.33563232
9014,12,1,0.24924761
9015,22,0,0.2754094
9016,7,1,0.7295435
9017,18,0,0.34794804
9018,8,0,0.35847238
9019,3,1,0.78936636
9020,19,1,0.8598936
9021,23,1,0.8823776
9022,12,1,0.83346546
9023,6,1,0.76323724
9024,19,1,0.40360892
9025,9,0,0.34687486
9026,10,0,0.4645918
9027,5,1,0.99675035
9028,4,1,0.7957782
9029,2,1,0.6912146
9030,10,1,0.46849775
9031,27,1,0.4592304
9032,8,1,0.6663177
9033,2,0,0.22849129
9034,4,0,0.64690495
9035,19,0,0.4266132
9036,24,0,0.7237748
9037,14,0,0.28840753
9038,5,0,0.3227791
9039,22,0,0.15278159
9040,2,0,0.42777607
9041,3,1,0.7943141
9042,16,0,0.15752314
9043,28,1,0.7786229
9044,14,1,0.6211525
9045,25,0,0.14844626
9046,1,1,0.57189614
9047,11,1,0.56022745
9048,16,0,0.23469248
9049,16,0,0.064411655
9050,12,0,0.38492376
9051,11,0,0.094480045
9052,21,0,0.0029917208
9053,2,1,0.74409163
9054,18,0,0.33041728
9055,20,1,0.5542764
9056,17,0,0.14760733
9057,26,0,0.04948196
9058,26,1,0.46503982
9059,2,0,0.33163267
9060,6,1,0.7679002
9061,11,1,0.63347375
9062,2,1,0.6142009
9063,10,1,0.4092332
9064,17,1,0.8738793
9065,8,1,0.55986947
9066,19,0,0.32059565
9067,2,0,0.16697015
9068,8,1,0.9190476
9069,28,0,0.1553931
9070,10,1,0.6511646
9071,15,0,0.3429042
9072,15,0,0.3462822
9073,25,0,0.3278525
9074,27,1,0.8690715
9075,22,1,0.8615745
9076,21,0,0.54452074
9077,23,1,0.836111
9078,0,1,0.8502176
9079,14,0,0.20303392
9080,25,1,0.8751799
9081,6,1,0.6930965
9082,17,1,0.17074887
9083,16,0,0.104285814
9084,1,0,0.7582377
9085,3,1,0.3555288
9086,25,0,0.11095113
9087,22,1,0.9478024
9088,7,0,0.45283642
9089,25,0,0.42888078
9090,15,0,0.6038284
9091,20,1,0.6683275
9092,20,0,0.07063698
9093,23,1,0.47708952
9094,16,1,0.7168258
9095,2,1,0.4736414
9096,16,0,0.09864405
9097,27,1,0.5050417
9098,11,1,0.20235151
9099,2,1,0.9093162
9100,12,0,0.6058176
9101,5,0,0.27261648
9102,24,1,0.74655396
9103,6,1,0.821971
9104,0,1,0.68252414
9105,16,1,0.44240016
9106,28,0,0.23195794
9107,2,1,0.46499926
9108,7,1,0.47315133
9109,18,1,0.5086107
9110,10,1,0.5814287
9111,22,0,0.39359343
9112,3,1,0.95206535
9113,15,1,0.5980625
9114,2,1,0.67899865
9115,13,1,0.47584128
9116,16,1,0.9947582
9117,21,0,0.7173218
9118,18,0,0.51554745
9119,15,1,0.91956174
9120,21,0,0.60298276
9121,10,0,0.16008896
9122,10,1,0.81880003
9123,28,0,0.7504246
9124,22,1,0.9780692
9125,28,0,0.4339029
9126,13,0,0.39875722
9127,21,0,0.10199106
9128,20,0,0.25408792
9129,20,1,0.8114918
9130,15,1,0.62650084
9131,5,1,0.5018201
9132,11,1,0.51250213
9133,9,1,0.5120653
9134,7,1,0.6420001
9135,2,1,0.8179102
9136,28,0,0.24321012
9137,26,1,0.5160221
9138,15,1,0.64893717
9139,10,1,0.46878952
9140,16,1,0.36162308
9141,23,1,0.49262848
9142,1,0,0.3330469
9143,9,0,0.16182351
9144,26,1,0.4801746
9145,23,1,0.95871145
9146,0,0,0.3708929
9147,3,0,0.021025462
9148,12,1,0.18570687
9149,17,0,0.17553233
9150,10,0,0.27259257
9151,26,1,0.7475706
9152,22,1,0.7809681
9153,1,1,0.9337469
9154,2,1,0.9152439
9155,19,0,0.14048578
9156,8,1,0.3676519
9157,26,0,0.10544633
9158,18,1,0.97285503
9159,3,0,0.38197306
9160,12,1,0.46276867
9161,15,1,0.6076654
9162,0,1,0.6016388
9163,10,0,0.053058736
9164,13,0,0.25814518
9165,2,0,0.4284142
9166,8,1,0.77294576
9167,22,1,0.598693
9168,15,1,0.8767619
9169,15,1,0.88386697
9170,11,1,0.7988863
9171,11,1,0.3582381
9172,18,1,0.66391546
9173,13,1,0.7130219
9174,28,0,0.31550232
9175,16,1,0.46798903
9176,22,0,0.37877277
9177,20,1,0.20263195
9178,7,0,0.41821373
9179,15,1,0.9993243
9180,13,0,0.0013367516
9181,15,1,0.41438922
9182,8,1,0.70023316
9183,1,1,0.6737376
9184,2,0,0.16799295
9185,2,1,0.64688766
9186,0,1,0.9627872
9187,12,0,0.49818668
9188,26,0,0.68083125
9189,24,0,0.22001508
9190,11,1,0.8779301
9191,6,0,0.350252
9192,16,0,0.86526346
9193,6,1,0.8807677
9194,26,1,0.30248526
9195,12,1,0.46592227
9196,10,1,0.44122338
9197,1,0,0.22173502
9198,13,0,0.08977266
9199,13,1,0.9684381
9200,1,0,0.6127465
9201,10,1,0.6178888
9202,16,0,0.52222896
9203,17,1,0.9906378
9204,27,0,0.4529975
9205,19,1,0.62836444
9206,1,0,0.42676967
9207,10,0,0.14078614
9208,26,1,0.8930691
9209,19,0,0.3733715
9210,6,1,0.9725054
9211,16,0,0.5474965
9212,21,0,0.8108654
9213,26,0,0.23586164
9214,6,1,0.42989334
9215,25,0,0.21518911
9216,10,1,0.6890978
9217,27,1,0.31803423
9218,0,0,0.6305537
9219,25,0,0.29751024
9220,22,0,0.6828078
9221,8,1,0.9837197
9222,18,0,0.31943265
9223,12,1,0.91569614
9224,25,0,0.23800899
9225,28,1,0.7099204
9226,28,0,0.056470275
9227,13,0,0.25550082
9228,17,1,0.9553379
9229,11,1,0.7757846
9230,22,0,0.034788728
9231,8,0,0.24035999
9232,17,0,0.013797713
9233,12,1,0.8670014
9234,8,1,0.61336696
9235,8,1,0.5234602
9236,13,0,0.6198353
9237,8,0,0.05439472
9238,20,1,0.787882
9239,27,0,0.29355213
9240,11,0,0.54804635
9241,26,0,0.4059948
9242,25,1,0.9477369
9243,21,1,0.6382975
9244,1,0,0.29940075
9245,11,0,0.28331202
9246,17,0,0.061899174
9247,2,0,0.30564487
9248,17,0,0.23123783
9249,17,0,0.104471706
9250,13,1,0.8891701
9251,13,1,0.71790785
9252,6,0,0.2780419
9253,1,0,0.13077913
9254,20,0,0.43899244
9255,14,0,0.0574251
9256,11,1,0.536275
9257,15,1,0.48857597
9258,16,0,0.82274175
9259,23,1,0.9620141
9260,3,1,0.5665822
9261,28,0,0.56699675
9262,27,1,0.6252354
9263,12,1,0.75768095
9264,10,1,0.9811458
9265,26,0,0.6391743
9266,10,1,0.3430241
9267,13,0,0.57803875
9268,13,0,0.006617013
9269,11,0,0.13574287
9270,15,0,0.27341577
9271,9,1,0.6685117
9272,23,1,0.45823607
9273,8,0,0.6318966
9274,17,0,0.23861553
9275,20,1,0.5951402
9276,5,1,0.49761254
9277,12,0,0.56760824
9278,12,0,0.21399754
9279,12,1,0.6796966
9280,25,0,0.2787717
9281,13,1,0.7693094
9282,5,0,0.12453368
9283,9,1,0.7920917
9284,14,0,0.0001258123
9285,7,0,0.6729693
9286,22,1,0.99386394
9287,22,1,0.91051716
9288,14,0,0.16504723
9289,15,0,0.35860774
9290,1,1,0.692263
9291,26,1,0.62907
9292,12,1,0.68891174
9293,15,1,0.8518699
9294,4,0,0.4766247
9295,4,0,0.72784036
9296,28,1,0.59730256
9297,14,1,0.9014416
9298,10,1,0.89639264
9299,3,0,0.45166695
9300,2,1,0.9123961
9301,13,0,0.02598836
9302,3,0,0.0005996076
9303,24,1,0.5369715
9304,15,0,0.3954045
9305,10,0,0.46488777
9306,15,1,0.45603773
9307,11,0,0.21096727
9308,12,0,0.15272315
9309,4,1,0.8046121
9310,0,0,0.011067348
9311,17,1,0.32487664
9312,11,0,0.14946763
9313,11,1,0.62602353
9314,17,0,0.4027488
9315,17,1,0.74709886
9316,15,0,0.5032342
9317,2,0,0.41557068
9318,9,0,0.33860683
9319,23,1,0.7340055
9320,28,1,0.84074694
9321,27,0,0.4765284
9322,13,1,0.9698186
9323,12,1,0.81894106
9324,8,0,0.6421433
9325,0,0,0.44651553
9326,13,1,0.46346322
9327,11,1,0.59738463
9328,10,1,0.72968006
9329,1,0,0.15435906
9330,4,0,0.27054504
9331,5,0,0.51655465
9332,8,0,0.13717565
9333,27,0,0.49757513
9334,21,0,0.6881295
9335,15,0,0.20974725
9336,16,1,0.28522357
9337,22,1,0.33202463
9338,14,1,0.77017194
9339,13,1,0.9004614
9340,8,0,0.17579073
9341,6,0,0.15499024
9342,22,1,0.7432399
9343,19,0,0.18983477
9344,0,0,0.32566178
9345,16,1,0.62664425
9346,1,0,0.26593128
9347,27,1,0.4404183
9348,15,0,0.5875668
9349,18,1,0.47605547
9350,8,0,0.5572074
9351,25,0,0.34716243
9352,17,0,0.6791752
9353,1,1,0.40501618
9354,8,1,0.41946724
9355,2,1,0.671726
9356,3,1,0.5326207
9357,6,0,0.37445801
9358,20,0,0.34094915
9359,20,1,0.89441687
9360,8,1,0.98911965
9361,15,0,0.2963019
9362,2,1,0.977798
9363,23,1,0.6595545
9364,2,1,0.7496641
9365,10,1,0.98631984
9366,26,0,0.4662748
9367,13,0,0.46113697
9368,10,0,0.12041712
9369,16,1,0.79686195
9370,13,1,0.5019367
9371,20,1,0.6838489
9372,17,0,0.29733703
9373,1,0,0.3320155
9374,23,0,0.3015912
9375,7,0,0.19104488
9376,4,0,0.44530177
9377,28,1,0.96883005
9378,11,1,0.544638
9379,25,1,0.7891738
9380,10,1,0.9338306
9381,3,1,0.8892469
9382,18,1,0.7270288
9383,15,0,0.33452773
9384,19,0,0.13071674
9385,10,0,0.0139248315
9386,12,1,0.2079514
9387,26,1,0.33358917
9388,19,1,0.802487
9389,2,1,0.45815423
9390,15,1,0.61710745
9391,23,0,0.06650473
9392,0,1,0.4794836
9393,25,1,0.9071216
9394,22,0,0.13140337
9395,24,1,0.84650826
9396,8,0,0.539382
9397,17,0,0.109776795
9398,13,0,0.05848327
9399,25,0,0.08590652
9400,20,0,0.51995796
9401,8,0,0.44442466
9402,1,1,0.9720991
9403,15,0,0.34238645
9404,13,1,0.40455234
9405,16,1,0.92143905
9406,6,1,0.74513674
9407,1,1,0.5474953
9408,22,1,0.10231448
9409,28,1,0.24823244
9410,0,1,0.4789604
9411,16,0,0.5196064
9412,18,0,0.34252983
9413,22,0,0.6615674
9414,25,0,0.6226567
9415,1,1,0.987598
9416,5,0,0.15689345
9417,6,0,0.4309672
9418,20,1,0.62892985
9419,2,0,0.2665668
9420,6,1,0.5959051
9421,1,1,0.7684037
9422,10,1,0.54727936
9423,19,0,0.060749345
9424,8,1,0.5282645
9425,15,0,0.82107884
9426,2,1,0.64077663
9427,19,1,0.93188596
9428,2,1,0.97711754
9429,14,1,0.38615277
9430,22,1,0.7754163
9431,20,0,0.19884373
9432,8,1,0.88521725
9433,9,1,0.80308026
9434,10,0,0.41383234
9435,26,1,0.9845823
9436,4,1,0.54165506
9437,17,1,0.8936789
9438,13,1,0.99862504
9439,2,1,0.69211006
9440,1,1,0.9306482
9441,1,1,0.93588775
9442,17,1,0.9288104
9443,12,1,0.97181624
9444,16,1,0.35609066
9445,21,0,0.5290377
9446,16,0,0.32622686
9447,2,1,0.9947994
9448,26,0,0.46006677
9449,11,1,0.76439434
9450,10,1,0.54856074
9451,25,0,0.16527174
9452,4,0,0.3086713
9453,27,1,0.46626213
9454,24,0,0.4676971
9455,16,0,0.15213716
9456,26,1,0.8960035
9457,4,0,0.40222013
9458,8,1,0.47069925
9459,11,1,0.55354464
9460,2,1,0.30410904
9461,16,0,0.09275306
9462,26,1,0.3612391
9463,16,1,0.7460755
9464,19,1,0.9065622
9465,19,1,0.9893629
9466,10,1,0.51037467
9467,21,0,0.22800855
9468,20,0,0.52270645
9469,16,0,0.38661
9470,1,1,0.6064724
9471,21,0,0.26746824
9472,13,0,0.22007677
9473,7,0,0.26704925
9474,16,1,0.37374458
9475,16,1,0.80374193
9476,9,1,0.5812027
9477,12,0,0.14642584
9478,17,0,0.041042272
9479,20,0,0.22768845
9480,10,1,0.5011836
9481,8,0,0.5608205
9482,11,1,0.9866593
9483,18,1,0.4542046
9484,1,1,0.77528167
9485,17,0,0.52997905
9486,16,0,0.385983
9487,11,0,0.56871
9488,24,1,0.6911406
9489,16,0,0.3585089
9490,17,0,0.40106207
9491,21,0,0.19511107
9492,5,1,0.97381264
9493,26,0,0.22149885
9494,5,0,0.18886738
9495,9,1,0.9711358
9496,6,0,0.52409494
9497,1,1,0.4234892
9498,18,0,0.268084
9499,16,0,0.12092945
9500,10,0,0.33340847
9501,3,1,0.2575042
9502,8,1,0.4371414
9503,7,1,0.7413505
9504,8,1,0.7119126
9505,13,1,0.33036777
9506,26,0,0.52542245
9507,8,1,0.59033483
9508,3,1,0.66069746
9509,0,1,0.99580956
9510,6,0,0.51844126
9511,20,0,0.670298
9512,19,0,0.15479395
9513,5,0,0.5392525
9514,28,0,0.5361587
9515,2,0,0.0014768954
9516,2,1,0.7615367
9517,15,1,0.83743376
9518,6,0,0.2807034
9519,25,1,0.7164678
9520,15,1,0.62262905
9521,21,1,0.43169725
9522,13,1,0.99422824
9523,9,0,0.2881408
9524,8,1,0.9888571
9525,9,0,0.10457668
9526,7,0,0.44171298
9527,10,0,0.44222128
9528,6,0,0.1444146
9529,21,1,0.60867035
9530,2,0,0.3538545
9531,27,0,0.45523503
9532,16,1,0.80984974
9533,8,0,0.45325413
9534,2,0,0.30274293
9535,10,1,0.5906712
9536,26,1,0.3301658
9537,7,0,0.4075572
9538,15,1,0.65935963
9539,16,0,0.27944282
9540,2,0,0.5666752
9541,28,0,0.6371218
9542,27,1,0.55614775
9543,12,1,0.45598438
9544,3,0,0.29529953
9545,26,0,0.23327364
9546,14,1,0.28804612
9547,19,1,0.45651388
9548,8,1,0.41548595
9549,8,1,0.72018445
9550,1,1,0.9216934
9551,11,1,0.5950256
9552,6,0,0.33393008
9553,0,1,0.06631029
9554,9,1,0.7648473
9555,12,0,0.27736473
9556,17,0,0.13786134
9557,22,0,0.1499124
9558,18,1,0.46903855
9559,0,0,0.47623652
9560,18,1,0.36728543
9561,5,0,0.17609279
9562,15,0,0.20212886
9563,10,1,0.46373874
9564,15,1,0.22459161
9565,5,0,0.2719368
9566,24,0,0.13066195
9567,5,0,0.47240463
9568,16,0,0.13857329
9569,8,1,0.98478544
9570,23,1,0.86887336
9571,24,1,0.9372167
9572,7,1,0.7041639
9573,23,1,0.4301035
9574,11,1,0.54800963
9575,27,1,0.42291543
9576,26,0,0.44247773
9577,11,0,0.3063467
9578,11,0,0.3000166
9579,17,0,0.4627459
9580,10,1,0.99259055
9581,9,0,0.22895022
9582,1,0,0.02789857
9583,0,1,0.88391316
9584,16,1,0.4444081
9585,10,0,0.16149391
9586,4,1,0.5223743
9587,6,0,0.5650395
9588,13,1,0.63306916
9589,19,0,0.21944132
9590,13,1,0.49492636
9591,21,0,0.12132008
9592,16,0,0.42925802
9593,10,0,0.3320406
9594,11,1,0.77583414
9595,11,1,0.9111191
9596,26,1,0.75365394
9597,21,1,0.8559714
9598,16,1,0.34662914
9599,0,1,0.8166476
9600,4,0,0.06409921
9601,15,1,0.4492951
9602,13,1,0.9213639
9603,18,1,0.6426917
9604,4,0,0.45642263
9605,20,0,0.33543062
9606,18,0,0.2938562
9607,15,1,0.52331716
9608,19,0,0.18218394
9609,25,0,0.2979154
9610,11,1,0.3836895
9611,26,0,0.17668165
9612,1,1,0.7063812
9613,21,1,0.9531785
9614,9,1,0.69139814
9615,13,0,0.23967397
9616,18,0,0.18081011
9617,8,0,0.031139245
9618,11,1,0.55627346
9619,27,1,0.91308683
9620,12,1,0.6866206
9621,20,1,0.61093694
9622,8,1,0.93532234
9623,0,0,0.36032084
9624,1,0,0.7404785
9625,10,1,0.8404149
9626,17,1,0.9705569
9627,13,1,0.6355633
9628,2,0,0.26896212
9629,20,1,0.9148626
9630,28,0,0.5760836
9631,16,1,0.5995503
9632,13,1,0.22504036
9633,26,1,0.5192531
9634,3,0,0.32104
9635,18,0,0.12920472
9636,17,0,0.15149903
9637,10,1,0.9943668
9638,10,1,0.4536836
9639,28,1,0.689355
9640,27,1,0.83198076
9641,28,1,0.5039789
9642,1,0,0.37322727
9643,16,1,0.9094056
9644,16,0,0.74707437
9645,28,0,0.19765942
9646,22,0,0.16381963
9647,3,0,0.42805257
9648,13,1,0.9949321
9649,17,0,0.39355347
9650,8,1,0.72915685
9651,1,0,0.35560235
9652,2,1,0.4346947
9653,14,0,0.0063840696
9654,20,1,0.96337277
9655,13,1,0.97005
9656,27,1,0.71997184
9657,5,1,0.7465843
9658,3,1,0.8310717
9659,12,1,0.9550657
9660,15,0,0.3645891
9661,13,1,0.9931445
9662,12,1,0.6166635
9663,26,1,0.57520807
9664,15,0,0.19813707
9665,27,0,0.47674528
9666,18,1,0.9864195
9667,1,0,0.2375012
9668,10,1,0.72040135
9669,21,1,0.5315744
9670,19,1,0.9344939
9671,25,0,0.28203005
9672,4,0,0.77180487
9673,6,0,0.038317095
9674,2,1,0.33428413
9675,2,1,0.29392123
9676,9,1,0.531022
9677,16,1,0.8663501
9678,8,1,0.9038423
9679,26,0,0.23902458
9680,27,0,0.05788707
9681,8,1,0.28488582
9682,27,1,0.93556166
9683,18,0,0.10644036
9684,7,0,0.07981681
9685,3,1,0.24747477
9686,25,0,0.2180782
9687,16,1,0.86309654
9688,22,1,0.87623155
9689,22,1,0.4756314
9690,25,1,0.461872
9691,11,1,0.7037939
9692,6,1,0.8110406
9693,16,1,0.89248353
9694,13,0,0.0006792966
9695,5,0,0.54669315
9696,10,1,0.613343
9697,15,0,0.36431578
9698,25,1,0.87610596
9699,13,1,0.43990365
9700,1,1,0.7773562
9701,21,1,0.4000126
9702,19,0,0.08743295
9703,13,0,0.24408953
9704,22,1,0.41758177
9705,13,1,0.69139963
9706,8,1,0.9264348
9707,25,0,0.2923602
9708,4,0,0.3255595
9709,13,0,0.37273577
9710,22,0,0.36573705
9711,22,1,0.6210617
9712,17,1,0.48793852
9713,1,0,0.20405877
9714,20,0,0.41420397
9715,21,0,0.23702723
9716,10,0,0.117556274
9717,24,0,0.19574429
9718,26,0,0.09196442
9719,19,0,0.43122333
9720,27,1,0.4511008
9721,15,0,0.52915746
9722,13,0,0.23264569
9723,25,0,0.315042
9724,16,0,0.15093756
9725,18,0,0.4577924
9726,1,0,0.585716
9727,15,1,0.7778808
9728,15,1,0.97089785
9729,8,0,0.4224559
9730,2,1,0.4432337
9731,11,1,0.98822033
9732,5,1,0.50840706
9733,8,1,0.720706
9734,15,1,0.5554785
9735,28,0,0.29441878
9736,1,0,0.19637327
9737,18,1,0.29715103
9738,8,0,0.28195822
9739,2,1,0.656668
9740,10,1,0.9564163
9741,23,0,0.39592245
9742,19,1,0.8776739
9743,14,0,0.7165746
9744,14,0,0.164933
9745,13,1,0.8446261
9746,13,0,0.037611034
9747,13,0,0.2620207
9748,25,1,0.81619847
9749,27,1,0.6744252
9750,21,1,0.87405425
9751,0,0,0.38038495
9752,13,1,0.9946996
9753,2,1,0.6954034
9754,22,1,0.6760441
9755,1,1,0.6160058
9756,12,0,0.7086198
9757,20,0,0.372995
9758,25,0,0.48157594
9759,10,0,0.09663902
9760,25,0,0.12073001
9761,13,0,0.39876413
9762,16,0,0.11215069
9763,13,1,0.5146984
9764,16,0,0.0047177603
9765,26,0,0.6128447
9766,8,1,0.2940424
9767,27,1,0.9127421
9768,25,0,0.44393536
9769,5,1,0.8773122
9770,15,0,0.22793837
9771,2,1,0.95017236
9772,15,0,0.25898767
9773,10,1,0.99307233
9774,2,1,0.5635
9775,27,1,0.8057111
9776,6,0,0.33633852
9777,25,0,0.24381094
9778,7,1,0.53046554
9779,20,0,0.20357817
9780,8,1,0.8209996
9781,18,1,0.89599115
9782,8,0,0.118137665
9783,24,1,0.9012424
9784,11,1,0.4018932
9785,13,0,0.2619494
9786,1,1,0.567224
9787,1,0,0.45832556
9788,13,0,0.47072184
9789,26,1,0.46518373
9790,18,1,0.77298814
9791,10,1,0.2581857
9792,23,1,0.7720951
9793,11,1,0.60281396
9794,13,0,0.32466194
9795,7,1,0.9843471
9796,17,1,0.5986045
9797,27,1,0.672403
9798,7,0,0.4024597
9799,20,0,0.6509731
9800,8,0,0.016982635
9801,12,0,0.2313286
9802,23,1,0.43935537
9803,26,0,0.40994516
9804,5,1,0.81733495
9805,5,0,0.3196381
9806,19,1,0.6238036
9807,20,0,0.4720202
9808,27,0,0.1737692
9809,7,0,0.4180064
9810,26,1,0.5652641
9811,28,0,0.65416473
9812,15,1,0.4834645
9813,25,1,0.90751654
9814,1,1,0.59539014
9815,19,0,0.7917831
9816,0,1,0.5366387
9817,26,1,0.5011527
9818,10,1,0.8541975
9819,8,1,0.48094907
9820,16,1,0.9351273
9821,16,1,0.7132689
9822,6,1,0.7369187
9823,12,1,0.5858353
9824,14,1,0.49013072
9825,25,1,0.8686091
9826,11,1,0.7079624
9827,10,1,0.8183547
9828,6,1,0.71576595
9829,2,0,0.42779905
9830,0,0,0.41151014
9831,2,1,0.83255154
9832,13,0,0.46592444
9833,17,1,0.6456152
9834,2,0,0.064556666
9835,8,0,0.24305174
9836,13,1,0.81259
9837,12,1,0.8498441
9838,2,1,0.9330534
9839,27,0,0.24197836
9840,5,0,0.036985606
9841,15,1,0.5749962
9842,3,0,0.08434664
9843,10,1,0.64927036
9844,14,1,0.7516518
9845,13,0,0.4589406
9846,27,1,0.5996489
9847,18,0,0.43587333
9848,28,1,0.8815752
9849,12,0,0.045395017
9850,24,0,0.27965873
9851,20,0,0.36195883
9852,14,1,0.8579659
9853,25,0,0.6063236
9854,11,1,0.9784777
9855,17,1,0.923127
9856,27,1,0.5265356
9857,16,0,0.1791806
9858,1,1,0.9194662
9859,27,0,0.5353859
9860,8,0,0.4752753
9861,11,0,0.62406033
9862,27,0,0.6161882
9863,17,0,0.059975367
9864,23,1,0.49535728
9865,8,1,0.85923237
9866,7,1,0.5077011
9867,1,1,0.8704698
9868,25,1,0.76378304
9869,4,0,0.15471748
9870,25,0,0.28889984
9871,17,0,0.42373976
9872,28,0,0.1664401
9873,0,0,0.478442
9874,17,1,0.81016695
9875,25,1,0.9983531
9876,11,0,0.42040735
9877,6,0,0.09697259
9878,20,1,0.14119463
9879,12,1,0.44399807
9880,4,1,0.93077904
9881,25,0,0.29777104
9882,13,1,0.77959317
9883,13,0,0.23224935
9884,24,1,0.6472622
9885,22,0,0.04105284
9886,25,1,0.70634365
9887,8,0,0.0039626616
9888,13,0,0.17155287
9889,17,0,0.18565716
9890,12,0,0.4876566
9891,9,1,0.7890427
9892,28,1,0.87559885
9893,16,1,0.48577058
9894,12,0,0.30202743
9895,5,1,0.95267326
9896,7,0,0.27966982
9897,7,1,0.46469277
9898,24,1,0.9618333
9899,6,0,0.6539027
9900,14,1,0.8962187
9901,24,1,0.51409334
9902,25,0,0.18669856
9903,1,1,0.98288155
9904,12,0,0.38352868
9905,21,1,0.90900034
9906,10,1,0.8236304
9907,3,0,0.031122573
9908,16,1,0.848421
9909,2,0,0.60188085
9910,11,0,0.30114672
9911,10,1,0.8218801
9912,19,1,0.9897593
9913,13,1,0.7628805
9914,13,1,0.679441
9915,24,0,0.26474527
9916,5,0,0.041091736
9917,22,1,0.6154331
9918,6,0,0.43226218
9919,26,1,0.9355558
9920,6,1,0.93677986
9921,17,0,0.28116903
9922,5,0,0.039089706
9923,14,0,0.52423733
9924,18,0,0.025337458
9925,13,0,0.13831136
9926,15,1,0.5265479
9927,11,1,0.6521552
9928,11,1,0.71235406
9929,18,1,0.36069515
9930,28,0,0.34087855
9931,12,1,0.32661328
9932,11,1,0.7239416
9933,6,1,0.5382925
9934,22,0,0.36168543
9935,14,0,0.3808719
9936,10,0,0.11907712
9937,16,1,0.95877683
9938,21,1,0.70053905
9939,7,0,0.22416477
9940,28,1,0.91223633
9941,11,1,0.49624836
9942,17,1,0.66525173
9943,14,1,0.4163211
9944,2,1,0.85434806
9945,25,1,0.5780538
9946,9,0,0.2598673
9947,6,0,0.52153534
9948,13,0,0.15818703
9949,2,1,0.55882627
9950,16,0,0.3053632
9951,7,0,0.36514512
9952,16,0,0.27763388
9953,6,1,0.8080939
9954,9,1,0.6413302
9955,25,0,0.14872319
9956,26,1,0.64243037
9957,12,1,0.26107544
9958,13,0,0.46527144
9959,26,1,0.35095412
9960,10,0,0.38777643
9961,2,0,0.13401964
9962,11,0,0.118610784
9963,8,1,0.46694162
9964,13,0,0.54931945
9965,16,1,0.6944549
9966,1,0,0.555039
9967,7,0,0.25207508
9968,12,0,0.24739265
9969,16,0,0.02349457
9970,2,1,0.554338
9971,21,0,0.19585072
9972,6,1,0.49445447
9973,21,0,0.19294553
9974,8,1,0.65876186
9975,24,0,0.3601745
9976,26,0,0.8558487
9977,11,1,0.6184172
9978,15,1,0.9151493
9979,4,1,0.29146728
9980,20,1,0.52407914
9981,26,1,0.46840724
9982,24,0,0.31126225
9983,4,0,0.3408725
9984,23,0,0.71823823
9985,6,1,0.60385674
9986,25,1,0.6935507
9987,14,0,0.06398208
9988,11,1,0.40372983
9989,16,0,0.5001312
9990,2,1,0.62659657
9991,11,1,0.9511526
9992,26,0,0.14767852
9993,2,0,0.6054058
9994,8,1,0.61703724
9995,27,1,0.8310588
9996,10,0,0.6244992
9997,25,1,0.81958306
9998,7,0,0.23844956
9999,2,1,0.781918
10000,3,1,0.8912933
10001,15,1,0.8882074
10002,1,1,0.34313652
10003,11,0,0.3398197
10004,27,1,0.4384708
10005,4,1,0.33705306
10006,7,0,0.0023096951
10007,12,0,0.24464628
10008,19,0,0.7737369
10009,6,0,0.27212936
10010,0,0,0.26788715
10011,4,1,0.9746509
10012,4,1,0.39745286
10013,11,0,0.48745838
10014,10,1,0.45032707
10015,21,0,0.2987619
10016,21,0,0.29478502
10017,0,0,0.20309892
10018,27,0,0.6591931
10019,10,0,0.10560711
10020,8,1,0.65193874
10021,2,0,0.3826359
10022,16,0,0.047765546
10023,4,1,0.5800359
10024,10,0,0.5232348
10025,13,1,0.5929143
10026,25,1,0.9037585
10027,16,1,0.7350394
10028,20,1,0.35457712
10029,1,1,0.50016135
10030,1,1,0.56355876
10031,16,0,0.3248134
10032,2,0,0.14549725
10033,4,1,0.804004
10034,4,0,0.09089853
10035,20,1,0.058158338
10036,4,1,0.6325669
10037,23,1,0.32027292
10038,15,0,0.34824398
10039,2,1,0.86956984
10040,20,1,0.7778322
10041,24,0,0.24637137
10042,1,1,0.44843376
10043,0,1,0.55034196
10044,15,1,0.641017
10045,17,0,0.2688386
10046,9,1,0.7116038
10047,6,0,0.5966497
10048,23,1,0.92935467
10049,16,0,0.1963106
10050,25,1,0.73161405
10051,12,0,0.6225213
10052,2,1,0.5097741
10053,15,1,0.43981615
10054,27,0,0.4280562
10055,25,1,0.5605261
10056,7,1,0.63485855
10057,12,0,0.3936566
10058,25,0,0.29100463
10059,28,0,0.69457155
10060,27,1,0.6961699
10061,21,0,0.13993572
10062,25,1,0.800584
10063,11,1,0.4206651
10064,28,1,0.6111296
10065,25,1,0.7881975
10066,16,0,0.5657975
10067,6,1,0.95595074
10068,6,1,0.6628691
10069,25,0,0.52796465
10070,28,0,0.13189167
10071,14,1,0.8792536
10072,10,1,0.36121556
10073,16,0,0.24569125
10074,24,1,0.5220045
10075,6,1,0.7565523
10076,13,1,0.6826219
10077,21,0,0.36333925
10078,2,1,0.5933896
10079,9,0,0.2563169
10080,17,0,0.06873663
10081,13,1,0.51074487
10082,25,1,0.9998555
10083,11,0,0.055315822
10084,16,0,0.32630312
10085,17,1,0.55570287
10086,12,0,0.023063589
10087,15,0,0.36170915
10088,13,1,0.45022035
10089,8,0,0.6802043
10090,2,0,0.24996254
10091,14,0,0.17364101
10092,2,1,0.7501845
10093,16,0,0.12975006
10094,27,0,0.36791018
10095,20,0,0.17303598
10096,22,0,0.43496925
10097,28,0,0.13699597
10098,3,0,0.4125697
10099,16,0,0.33137342
10100,8,0,0.17044382
10101,6,1,0.5282847
10102,25,0,0.6000472
10103,19,0,0.1684898
10104,22,1,0.34284478
10105,1,0,0.30853823
10106,13,0,0.07830037
10107,22,0,0.6618061
10108,12,0,0.15225644
10109,27,0,0.27069756
10110,20,1,0.880425
10111,13,0,0.091316506
10112,10,0,0.4263114
10113,2,1,0.6235515
10114,14,1,0.804465
10115,18,1,0.4480872
10116,15,0,0.1884218
10117,14,1,0.45442444
10118,26,0,0.65667576
10119,4,0,0.318217
10120,1,0,0.24099149
10121,14,0,0.12777899
10122,22,1,0.24591392
10123,7,0,0.79636455
10124,13,0,0.26666597
10125,16,0,0.52438766
10126,27,0,0.22463532
10127,1,1,0.8684636
10128,7,0,0.64889044
10129,12,0,0.50999403
10130,12,1,0.6521015
10131,22,0,0.16631319
10132,6,1,0.5221748
10133,15,1,0.6509383
10134,25,1,0.99252456
10135,16,0,0.072130054
10136,16,1,0.80938596
10137,6,1,0.85592425
10138,16,1,0.35076365
10139,16,0,0.04345232
10140,8,1,0.5000152
10141,25,1,0.29742697
10142,26,1,0.31234303
10143,16,0,0.59463817
10144,13,0,0.3822826
10145,10,1,0.70116395
10146,12,1,0.72376233
10147,25,1,0.83168805
10148,7,0,0.34817165
10149,10,0,0.17810857
10150,19,0,0.26542103
10151,2,1,0.8438769
10152,16,0,0.24717027
10153,27,0,0.17778352
10154,16,0,0.17079963
10155,7,0,0.45713818
10156,27,1,0.72615933
10157,19,0,3.7896512e-05
10158,9,0,0.23603058
10159,26,1,0.99980587
10160,15,1,0.862692
10161,18,1,0.33679715
10162,13,1,0.2955184
10163,1,1,0.54612297
10164,25,0,0.09142167
10165,17,0,0.14359343
10166,5,0,0.00013292984
10167,0,1,0.6517144
10168,4,0,0.47004974
10169,2,0,0.5297935
10170,27,0,0.32873285
10171,19,0,0.46937835
10172,8,1,0.7398016
10173,28,1,0.76834154
10174,10,0,0.10831998
10175,2,1,0.72684854
10176,25,1,0.1841621
10177,27,1,0.90683174
10178,20,0,0.29804066
10179,14,1,0.7409884
10180,10,0,0.47728
10181,7,1,0.6222962
10182,19,0,0.5753313
10183,7,0,0.50868446
10184,16,0,0.1320189
10185,14,0,0.51944697
10186,22,0,0.63534665
10187,27,0,0.23778339
10188,11,1,0.8710068
10189,4,0,0.7773721
10190,17,1,0.77636826
10191,1,1,0.756028
10192,13,0,0.22722648
10193,13,1,0.95633435
10194,27,1,0.92012805
10195,11,1,0.7619179
10196,7,1,0.55418175
10197,15,1,0.7796549
10198,22,1,0.83588505
10199,21,1,0.89350694
10200,11,1,0.53564805
10201,19,1,0.60346806
10202,3,0,0.40609074
10203,8,1,0.66494393
10204,18,1,0.77385837
10205,15,0,0.52872676
10206,8,0,0.21892881
10207,13,0,0.42825335
10208,13,1,0.7850959
10209,19,1,0.50238794
10210,10,0,0.8930846
10211,15,0,0.62082964
10212,3,1,0.2205525
10213,12,1,0.59094405
10214,10,1,0.9604828
10215,10,1,0.87487066
10216,12,1,0.9881528
10217,20,0,0.32278907
10218,2,0,0.34115136
10219,25,0,0.44903058
10220,10,0,0.32936668
10221,24,0,0.5913942
10222,0,0,0.45116994
10223,22,1,0.37638268
10224,12,0,0.4523663
10225,15,0,0.47336268
10226,21,0,0.6741858
10227,12,1,0.74343663
10228,2,1,0.7744288
10229,17,1,0.9976974
10230,13,1,0.8918315
10231,8,0,0.21585101
10232,9,0,0.5958546
10233,27,1,0.39726132
10234,26,0,0.058529526
10235,8,0,0.54265875
10236,13,0,0.17700414
10237,6,1,0.73664004
10238,8,1,0.378818
10239,4,0,0.37902245
10240,6,0,0.077658445
10241,20,0,0.51536435
10242,13,0,0.36670825
10243,11,1,0.7841432
10244,13,1,0.847176
10245,2,0,0.41968673
10246,13,1,0.6568661
10247,19,0,0.069686
10248,13,0,0.10024162
10249,27,1,0.74531776
10250,27,1,0.55190575
10251,20,1,0.47434527
10252,16,0,0.27682912
10253,15,1,0.87461954
10254,2,1,0.47355762
10255,18,0,0.1687668
10256,16,1,0.7295198
10257,11,0,0.30839542
10258,22,1,0.98626256
10259,25,1,0.99579537
10260,26,1,0.8007681
10261,4,0,0.5150108
10262,28,1,0.56869256
10263,19,0,0.12866274
10264,9,1,0.5320922
10265,16,0,0.78193027
10266,13,0,0.31518322
10267,16,0,0.5034874
10268,9,0,0.45407054
10269,5,1,0.64361936
10270,12,0,0.4689625
10271,27,0,0.54263306
10272,12,1,0.8284581
10273,3,1,0.8002897
10274,16,1,0.56355524
10275,16,1,0.5032171
10276,8,1,0.7741557
10277,17,0,0.26188183
10278,6,1,0.40549892
10279,2,1,0.4473847
10280,26,1,0.60507315
10281,3,0,0.43407863
10282,2,0,0.14080337
10283,15,1,0.8745607
10284,0,1,0.7896234
10285,2,1,0.9296135
10286,13,1,0.83432525
10287,12,1,0.61967355
10288,14,0,0.107824475
10289,13,0,0.17517988
10290,16,1,0.99186534
10291,3,0,0.4623905
10292,5,0,0.5702668
10293,10,1,0.8104157
10294,16,0,0.1531244
10295,25,0,0.672094
10296,4,1,0.77262396
10297,22,0,0.37539425
10298,0,0,0.21640569
10299,13,0,0.39480618
10300,27,1,0.3344796
10301,27,1,0.80597126
10302,2,1,0.968712
10303,28,1,0.5507199
10304,25,0,0.57392365
10305,25,1,0.7779099
10306,10,0,0.041467562
10307,6,1,0.8849716
10308,18,1,0.6123793
10309,14,0,0.23562834
10310,4,1,0.8522319
10311,14,1,0.6076432
10312,2,1,0.94647413
10313,2,0,0.07017713
10314,16,1,0.41747922
10315,3,0,0.49159622
10316,27,1,0.7126026
10317,15,0,0.3274829
10318,28,0,0.55682933
10319,3,1,0.8962419
10320,17,1,0.24560088
10321,5,1,0.6961546
10322,18,0,0.29378855
10323,18,1,0.7780248
10324,18,0,0.31130192
10325,15,0,0.21418199
10326,16,1,0.7727294
10327,14,1,0.9523372
10328,10,1,0.21618254
10329,12,1,0.99638003
10330,0,0,0.59180886
10331,1,1,0.9503839
10332,26,0,0.546535
10333,15,1,0.49689168
10334,8,1,0.3725487
10335,13,0,0.2593638
10336,13,1,0.9196163
10337,24,0,0.5940314
10338,2,1,0.9097786
10339,18,1,0.21750925
10340,22,1,0.73744375
10341,27,0,0.23572712
10342,12,1,0.67563474
10343,20,1,0.83370864
10344,22,0,0.39263704
10345,13,0,0.5892819
10346,8,0,0.10953424
10347,1,0,0.7502414
10348,22,1,0.9144951
10349,17,0,0.23416895
10350,16,1,0.71653485
10351,4,1,0.28578445
10352,15,1,0.544976
10353,25,0,0.4335622
10354,17,0,0.18360327
10355,16,1,0.4977236
10356,6,0,0.646359
10357,27,1,0.861383
10358,22,0,0.5103121
10359,22,1,0.7416177
10360,2,1,0.6246989
10361,26,0,0.1990204
10362,12,1,0.8006231
10363,16,0,0.018463613
10364,12,1,0.97616196
10365,26,0,0.51373506
10366,8,0,0.3193194
10367,15,1,0.7602057
10368,8,0,0.20823824
10369,7,0,0.13282794
10370,20,1,0.7452605
10371,27,0,0.56674975
10372,18,0,0.03468344
10373,16,1,0.5389717
10374,18,0,0.10347794
10375,20,0,0.42149967
10376,1,0,0.6102641
10377,20,1,0.4313779
10378,16,1,0.43278822
10379,26,1,0.60462606
10380,3,0,0.30406195
10381,11,1,0.96116084
10382,6,0,0.32166514
10383,22,1,0.3082041
10384,16,0,0.30858052
10385,13,1,0.66449124
10386,10,0,0.11527415
10387,12,0,0.6533658
10388,24,1,0.8577877
10389,1,1,0.227195
10390,26,1,0.6286878
10391,5,1,0.574924
10392,11,0,0.31452945
10393,10,0,0.2460194
10394,0,0,0.19383542
10395,19,0,0.20826131
10396,25,1,0.18972817
10397,0,0,0.29591063
10398,16,0,0.43567947
10399,6,0,0.557151
10400,27,0,0.3694351
10401,25,0,0.6441567
10402,21,1,0.7775948
10403,10,1,0.98937035
10404,25,0,0.341665
10405,11,1,0.7866224
10406,10,1,0.34929788
10407,2,1,0.5480257
10408,15,0,0.20616822
10409,22,0,0.6018012
10410,8,0,3.5057335e-05
10411,8,1,0.99255365
10412,22,1,0.51367515
10413,13,0,0.3609003
10414,21,0,0.03252927
10415,16,0,0.15032068
10416,9,0,0.1261196
10417,24,1,0.54989284
10418,10,0,0.0007599537
10419,22,0,0.1908018
10420,23,0,0.07553518
10421,6,1,0.5819288
10422,10,1,0.63316673
10423,12,0,0.39991698
10424,19,1,0.26274747
10425,4,0,0.34160152
10426,13,1,0.9140511
10427,12,0,0.16331281
10428,1,0,0.69706833
10429,16,1,0.11114095
10430,13,0,0.37468567
10431,19,0,0.024217254
10432,13,1,0.7994685
10433,6,0,0.29524028
10434,9,0,0.47441736
10435,0,1,0.45744523
10436,24,0,0.3478498
10437,11,0,0.35243374
10438,22,0,0.048541572
10439,2,1,0.6036951
10440,15,0,0.062552296
10441,8,1,0.9519758
10442,16,0,0.13375835
10443,23,1,0.53703535
10444,7,1,0.9900905
10445,3,1,0.30443972
10446,2,0,0.22481367
10447,24,0,0.61673456
10448,24,0,0.3918088
10449,8,1,0.040631775
10450,22,0,0.40624672
10451,25,1,0.4748538
10452,11,1,0.67709833
10453,22,1,0.91539705
10454,25,1,0.57841057
10455,3,1,0.8949667
10456,23,0,0.4022515
10457,15,0,0.5303669
10458,10,1,0.6660666
10459,5,1,0.6452167
10460,6,0,0.112638146
10461,13,1,0.5517825
10462,13,0,0.54738635
10463,8,0,0.08328046
10464,27,1,0.9690177
10465,15,0,0.21975507
10466,13,0,0.8180413
10467,21,0,0.5637297
10468,17,1,0.9253285
10469,1,0,0.49751735
10470,12,1,0.6781167
10471,4,1,0.8139613
10472,17,1,0.84592545
10473,1,1,0.8606729
10474,12,1,0.37818098
10475,28,0,0.11981951
10476,23,0,0.42056024
10477,9,0,0.44539514
10478,11,1,0.9666969
10479,2,0,0.49214804
10480,9,0,0.14818886
10481,3,1,0.67547417
10482,24,0,0.5794553
10483,22,1,0.35651553
10484,24,0,0.52994
10485,1,1,0.98706126
10486,20,1,0.88316596
10487,10,1,0.5237018
10488,15,0,0.47054622
10489,15,0,0.20169504
10490,8,1,0.7777545
10491,20,0,0.066428676
10492,24,1,0.39871478
10493,7,0,0.26167524
10494,12,1,0.98755556
10495,18,1,0.9939668
10496,26,0,0.38473335
10497,9,0,0.40598032
10498,20,0,0.41105035
10499,7,0,0.1238653
10500,8,1,0.7173972
10501,3,0,0.43209022
10502,5,0,0.4171149
10503,11,0,0.5970316
10504,4,1,0.8744485
10505,8,0,0.557547
10506,6,0,0.3865514
10507,16,0,0.44657478
10508,24,0,0.4449412
10509,2,0,0.21354336
10510,24,1,0.31995127
10511,27,1,0.46850008
10512,16,0,0.25853077
10513,18,1,0.7204844
10514,6,0,0.02646027
10515,8,1,0.28927222
10516,22,1,0.45310616
10517,2,0,0.0033511785
10518,3,1,0.56482935
10519,15,0,0.1820152
10520,11,0,0.4740954
10521,16,1,0.86855793
10522,13,1,0.9679941
10523,12,0,0.26601064
10524,13,0,0.3739758
10525,16,1,0.4739363
10526,13,0,0.39123592
10527,25,1,0.4742558
10528,10,0,0.42157847
10529,14,0,0.12809484
10530,20,1,0.5827042
10531,21,0,0.5589232
10532,11,1,0.96366996
10533,9,1,0.7092352
10534,25,0,0.49740884
10535,6,0,0.29874277
10536,17,0,0.6837008
10537,3,0,0.14281502
10538,2,1,0.6910027
10539,22,0,0.36192656
10540,28,1,0.48055664
10541,11,1,0.57049304
10542,16,0,0.15585731
10543,18,0,0.760475
10544,26,0,0.77307475
10545,13,1,0.81877404
10546,9,1,0.52262104
10547,7,1,0.9479072
10548,15,0,0.1103639
10549,19,1,0.97692174
10550,17,0,0.37611914
10551,10,1,0.62121797
10552,0,0,0.2990376
10553,2,0,0.07661234
10554,7,0,0.37103274
10555,15,1,0.7969034
10556,23,1,0.8333834
10557,14,0,0.12645213
10558,25,0,0.23852654
10559,23,1,0.7411623
10560,16,0,0.07089397
10561,28,0,0.16770178
10562,10,0,0.48355144
10563,16,1,0.5024903
10564,28,0,0.019639753
10565,24,0,0.5612844
10566,24,1,0.62329113
10567,10,0,0.07204949
10568,8,0,0.1955367
10569,3,1,0.99951637
10570,17,1,0.999843
10571,10,0,0.12527551
10572,11,0,0.36389393
10573,25,0,0.28926829
10574,21,0,0.56907994
10575,25,0,0.4916545
10576,8,1,0.3401734
10577,2,0,0.45524484
10578,1,0,0.3714389
10579,14,1,0.9560697
10580,13,1,0.6080866
10581,14,1,0.87904143
10582,16,1,0.27793682
10583,27,0,0.43314248
10584,9,1,0.31562927
10585,4,1,0.35606337
10586,26,0,0.18076384
10587,7,0,0.14390966
10588,28,1,0.6697049
10589,17,0,0.74813384
10590,8,0,0.045692824
10591,2,0,0.3290605
10592,9,0,0.33344498
10593,13,0,0.29109064
10594,24,1,0.77664715
10595,8,1,0.42101932
10596,12,1,0.5497719
10597,5,0,0.17201047
10598,26,1,0.88473046
10599,4,0,0.43105766
10600,8,0,0.55630946
10601,1,1,0.9312547
10602,22,1,0.7944373
10603,27,0,0.4138168
10604,23,1,0.62558436
10605,13,0,0.28100663
10606,1,0,0.4170751
10607,25,0,0.5473078
10608,25,1,0.855864
10609,15,0,0.12874381
10610,17,1,0.3174884
10611,10,0,0.48883626
10612,28,1,0.49161646
10613,8,0,0.17971945
10614,0,1,0.76088727
10615,22,1,0.88152325
10616,16,1,0.7059168
10617,16,1,0.8974306
10618,25,0,0.38911414
10619,11,0,0.13051234
10620,19,0,0.23642147
10621,13,0,0.2131158
10622,11,0,0.12836182
10623,4,0,0.3180441
10624,8,1,0.62753177
10625,6,0,0.55605763
10626,12,1,0.84523505
10627,7,0,0.37630075
10628,2,0,0.47342867
10629,6,0,0.15129
10630,23,0,0.4973727
10631,13,0,0.24325277
10632,27,0,0.71475935
10633,16,1,0.7906915
10634,19,0,0.36238375
10635,17,0,0.0073026046
10636,24,1,0.77505994
10637,10,0,0.027658546
10638,13,1,0.9860882
10639,18,1,0.69274217
10640,7,0,0.09261121
10641,12,0,0.68271655
10642,18,1,0.48631084
10643,1,1,0.8054519
10644,1,0,0.28333893
10645,13,1,0.41528195
10646,10,0,0.30143085
10647,6,0,0.572805
10648,7,0,0.10421181
10649,5,1,0.5178309
10650,25,1,0.9782738
10651,13,0,0.065198794
10652,6,0,0.33004525
10653,14,1,0.88061506
10654,13,1,0.70918596
10655,20,1,0.7771706
10656,23,0,0.3296506
10657,1,0,0.7143118
10658,15,0,0.023843186
10659,2,1,0.8666315
10660,3,0,0.39118373
10661,2,0,0.32407486
10662,27,1,0.4689798
10663,19,1,0.6047563
10664,11,0,0.056076046
10665,20,0,0.9211482
10666,20,1,0.9146845
10667,2,0,0.2543459
10668,14,0,0.43267733
10669,9,0,0.00047705718
10670,4,1,0.9480334
10671,13,1,0.7121374
10672,27,1,0.5882085
10673,17,1,0.5741511
10674,22,1,0.41720244
10675,10,1,0.61056083
10676,4,1,0.9990133
10677,19,1,0.96862566
10678,15,0,0.54954135
10679,5,1,0.38458675
10680,9,0,0.08423014
10681,23,1,0.9858606
10682,4,1,0.69018257
10683,27,1,0.72578377
10684,14,1,0.8757097
10685,25,1,0.5132474
10686,20,1,0.6472604
10687,7,1,0.6304193
10688,6,1,0.79277563
10689,18,0,0.0655504
10690,21,1,0.7135918
10691,22,0,0.5815857
10692,6,0,0.444963
10693,7,0,0.5772972
10694,2,0,0.288224
10695,15,0,0.009307018
10696,1,1,0.953486
10697,22,1,0.93609494
10698,13,1,0.8644089
10699,26,0,0.440691
10700,14,0,0.52974916
10701,13,1,0.732517
10702,22,1,0.89893425
10703,8,1,0.55030984
10704,11,1,0.2550686
10705,15,0,0.52047306
10706,2,0,0.12564749
10707,2,1,0.7662117
10708,16,0,0.24213879
10709,25,1,0.9125958
10710,6,0,0.32915056
10711,7,1,0.43231034
10712,21,0,0.34711117
10713,7,1,0.9857006
10714,13,1,0.24533856
10715,22,1,0.3032809
10716,12,0,0.16166946
10717,2,0,0.55855554
10718,23,0,0.15464
10719,26,1,0.7325787
10720,13,0,0.66679555
10721,28,1,0.90396804
10722,15,0,0.25661454
10723,15,1,0.5993652
10724,12,1,0.66238993
10725,8,0,0.59002936
10726,10,0,0.056920946
10727,12,1,0.9086071
10728,7,0,0.20138426
10729,8,0,0.026913002
10730,11,0,0.40450075
10731,24,0,0.37565616
10732,6,0,0.055292975
10733,11,0,0.4351132
10734,8,0,0.45122918
10735,18,1,0.6012978
10736,25,0,0.5182592
10737,19,0,0.42876315
10738,25,1,0.7603051
10739,20,1,0.904277
10740,8,0,0.5333847
10741,8,1,0.8562338
10742,7,0,0.46507213
10743,22,1,0.7625335
10744,11,0,0.030018143
10745,15,1,0.40171778
10746,26,0,0.24811514
10747,3,0,0.4104482
10748,18,1,0.85725814
10749,25,0,0.37079388
10750,21,0,0.4503277
10751,1,1,0.59190434
10752,3,0,0.61254656
10753,8,1,0.43514735
10754,14,1,0.43246114
10755,22,0,0.59777147
10756,10,0,0.36311272
10757,12,0,0.5255162
10758,9,1,0.6412041
10759,2,0,0.4908404
10760,27,0,0.16750014
10761,3,1,0.8002221
10762,25,1,0.9634759
10763,16,0,0.38947433
10764,11,0,0.27537933
10765,22,1,0.57360005
10766,22,1,0.42870596
10767,23,0,0.5389025
10768,20,0,0.69538146
10769,10,1,0.5457381
10770,5,0,0.19110161
10771,11,0,0.14838937
10772,1,0,0.14137176
10773,2,0,0.7317787
10774,6,1,0.8317086
10775,6,1,0.940928
10776,21,0,0.43853307
10777,16,1,0.47911894
10778,7,1,0.6780869
10779,21,1,0.642296
10780,13,0,0.5739711
10781,15,1,0.8685108
10782,25,0,0.4189123
10783,13,1,0.647721
10784,15,1,0.7578719
10785,20,1,0.81389046
10786,12,0,0.2395006
10787,2,1,0.41876462
10788,12,1,0.80572253
10789,18,1,0.94260037
10790,2,1,0.90879023
10791,5,1,0.43375444
10792,10,1,0.3618705
10793,28,0,0.27737784
10794,6,1,0.7275841
10795,12,0,0.1575636
10796,22,1,0.4092276
10797,13,0,0.13036777
10798,1,0,0.4469851
10799,23,0,0.39948857
10800,27,1,0.91967857
10801,16,1,0.39529467
10802,3,1,0.5529799
10803,27,1,0.45637843
10804,13,0,0.1331491
10805,18,1,0.4679552
10806,13,1,0.7290198
10807,18,1,0.28308916
10808,0,0,0.2949837
10809,4,1,0.9749195
10810,4,1,0.98733866
10811,4,0,0.6001553
10812,9,1,0.93920475
10813,17,0,0.09360298
10814,22,0,0.6028545
10815,15,0,0.0092163775
10816,9,1,0.56290174
10817,15,1,0.9101758
10818,23,1,0.94628954
10819,1,1,0.9081969
10820,17,0,0.07780778
10821,12,0,0.18129538
10822,1,0,0.29619554
10823,10,0,0.13603222
10824,10,1,0.6433982
10825,27,0,0.22738086
10826,7,1,0.42032644
10827,27,1,0.78403616
10828,5,1,0.17549172
10829,23,0,0.2757661
10830,21,1,0.9574804
10831,17,1,0.5827959
10832,27,0,0.23027726
10833,27,1,0.8726888
10834,15,0,0.24609445
10835,13,0,0.45343223
10836,7,0,0.501849
10837,2,1,0.38394588
10838,24,1,0.89901555
10839,13,0,0.19938624
10840,12,1,0.74337435
10841,13,0,0.22525859
10842,11,0,0.29465416
10843,12,1,0.87396365
10844,21,0,0.48662212
10845,15,1,0.4375173
10846,3,1,0.7640252
10847,10,0,0.031334877
10848,2,1,0.9841977
10849,14,1,0.4357603
10850,13,0,0.41138843
10851,27,1,0.58550596
10852,13,1,0.99897826
10853,1,0,0.3606348
10854,6,1,0.6179709
10855,18,1,0.78133076
10856,18,1,0.5769283
10857,22,1,0.91825795
10858,9,1,0.39092934
10859,13,0,0.628377
10860,16,0,0.22202982
10861,26,0,0.28546295
10862,10,0,0.9630298
10863,20,0,0.059819143
10864,15,0,0.47184312
10865,23,1,0.35129264
10866,16,1,0.42472667
10867,22,1,0.3713202
10868,20,1,0.80561113
10869,16,1,0.9779679
10870,7,0,0.35462213
10871,12,0,0.64827377
10872,1,0,0.40156016
10873,21,1,0.43403196
10874,2,1,0.75590736
10875,15,0,0.33052665
10876,12,0,0.37877223
10877,24,1,0.85867655
10878,9,1,0.6189687
10879,1,1,0.6931215
10880,25,0,0.40067944
10881,6,0,0.049662042
10882,6,1,0.7704518
10883,13,1,0.8968537
10884,2,0,0.40129742
10885,17,0,0.3311929
10886,24,1,0.6868114
10887,28,0,0.06472075
10888,11,0,0.32824662
10889,25,1,0.6464848
10890,28,1,0.872899
10891,8,0,0.07706163
10892,28,0,0.13722591
10893,10,1,0.5152404
10894,13,1,0.8482314
10895,3,0,0.34871662
10896,28,0,0.440137
10897,28,0,0.5678778
10898,4,0,0.04770234
10899,10,0,0.794465
10900,25,1,0.3262907
10901,21,0,0.37757146
10902,16,0,0.7010411
10903,8,1,0.8473308
10904,28,0,0.2101893
10905,18,1,0.97137356
10906,8,1,0.76913136
10907,2,0,0.5837352
10908,18,1,0.47252342
10909,23,1,0.8625483
10910,1,1,0.76716787
10911,0,0,0.35517326
10912,27,0,0.17973407
10913,18,0,0.6128092
10914,25,0,0.076805666
10915,2,1,0.81024283
10916,16,1,0.9291873
10917,12,0,0.21758406
10918,28,0,0.34759814
10919,8,0,0.3299041
10920,1,0,0.181767
10921,11,0,0.19396542
10922,10,1,0.10860362
10923,15,1,0.5724542
10924,9,0,0.66604227
10925,26,0,0.14664306
10926,18,0,0.22879142
10927,16,1,0.49027893
10928,21,1,0.38331032
10929,4,0,0.05486084
10930,19,0,0.7125311
10931,12,1,0.7304896
10932,8,1,0.6458604
10933,27,1,0.86623067
10934,13,1,0.76181054
10935,10,0,0.5587008
10936,5,1,0.9997365
10937,25,0,0.35077566
10938,13,0,0.07179698
10939,2,1,0.8531981
10940,15,0,0.3725213
10941,19,1,0.50901455
10942,16,0,0.37711275
10943,8,1,0.7317577
10944,2,0,0.14033435
10945,0,0,0.38386956
10946,4,1,0.40323898
10947,16,0,0.2510884
10948,20,0,0.32269913
10949,15,0,0.36983934
10950,28,1,0.56437147
10951,18,0,0.29465982
10952,22,1,0.51146114
10953,26,1,0.4324572
10954,1,1,0.7630618
10955,12,0,0.6776028
10956,8,0,0.2908253
10957,12,0,0.23958787
10958,18,1,0.6180321
10959,8,1,0.8603233
10960,25,1,0.82147866
10961,26,1,0.61789984
10962,26,0,0.017140884
10963,18,0,0.84521425
10964,26,0,0.7356674
10965,18,1,0.61117625
10966,15,0,0.09200962
10967,28,1,0.5613359
10968,13,0,0.44425446
10969,23,0,0.48181438
10970,19,0,0.4558432
10971,14,1,0.9890953
10972,25,1,0.7940348
10973,20,1,0.41930202
10974,13,0,0.48079416
10975,24,1,0.9386175
10976,27,1,0.5212922
10977,20,1,0.6124721
10978,13,0,0.28253365
10979,8,1,0.92595136
10980,21,0,0.18573868
10981,27,0,0.23540795
10982,11,0,0.11585469
10983,16,0,0.7850959
10984,11,0,0.1385335
10985,12,1,0.4909614
10986,18,0,0.7331662
10987,25,1,0.4619016
10988,11,0,0.6291433
10989,11,0,0.10880454
10990,7,0,0.12327348
10991,8,0,0.23534027
10992,2,0,0.4226111
10993,12,0,0.59113467
10994,22,1,0.9906447
10995,4,0,0.30069432
10996,4,0,0.46393156
10997,23,0,0.17104389
10998,13,0,0.5119738
10999,3,1,0.7051848
11000,7,0,0.3574945
11001,17,1,0.97455627
11002,2,1,0.5085528
11003,3,1,0.99916434
11004,10,1,0.2997342
11005,8,0,0.051834542
11006,8,1,0.3659614
11007,27,0,0.45801887
11008,3,1,0.7195639
11009,20,1,0.62093973
11010,4,0,0.37939477
11011,0,1,0.9518034
11012,3,1,0.965698
11013,15,0,0.2606504
11014,20,0,0.2178706
11015,27,1,0.63829243
11016,19,1,0.66426575
11017,25,0,0.16942473
11018,16,0,0.23429732
11019,20,1,0.94225025
11020,22,1,0.4496524
11021,10,1,0.48310676
11022,27,0,0.5006515
11023,10,1,0.44475228
11024,2,0,0.18630934
11025,20,0,0.30636355
11026,1,0,0.33945742
11027,14,1,0.70733577
11028,18,1,0.9581408
11029,13,1,0.6599243
11030,10,1,0.7616316
11031,21,1,0.94928235
11032,8,1,0.87797475
11033,1,1,0.57308173
11034,28,0,0.3447431
11035,6,1,0.61298585
11036,28,0,0.4643306
11037,2,0,0.21333402
11038,12,1,0.5990338
11039,13,0,0.5884003
11040,5,1,0.40418664
11041,11,0,0.107458286
11042,15,1,0.99859446
11043,16,1,0.4480355
11044,1,0,0.5982578
11045,11,0,0.4338652
11046,11,0,0.53563744
11047,10,0,0.0441103
11048,28,0,0.28353506
11049,1,0,0.50718755
11050,3,1,0.8531705
11051,23,0,0.6832044
11052,3,0,0.005611755
11053,6,0,0.39606148
11054,10,1,0.49678165
11055,13,0,0.1840188
11056,6,0,0.50524795
11057,24,1,0.8798591
11058,1,1,0.6233273
11059,15,1,0.7606027
11060,1,0,0.084138244
11061,10,0,0.33040795
11062,22,1,0.8642871
11063,18,0,0.76024103
11064,4,0,0.44338578
11065,16,0,0.05176792
11066,8,1,0.8944962
11067,10,0,0.06779793
11068,13,1,0.7222005
11069,28,1,0.19605312
11070,27,0,0.19619969
11071,16,0,0.08926652
11072,14,0,0.35472387
11073,9,0,0.27135727
11074,9,1,0.81902516
11075,1,0,0.29243478
11076,2,1,0.43110618
11077,9,1,0.40877742
11078,7,0,0.07661199
11079,13,0,0.45627636
11080,11,0,0.67955124
11081,17,0,0.22325061
11082,26,1,0.93901175
11083,11,0,0.23139617
11084,11,1,0.86751175
11085,4,1,0.44823736
11086,12,0,0.3935848
11087,10,0,0.43995428
11088,25,1,0.9856473
11089,1,1,0.9919585
11090,13,0,0.4309103
11091,2,0,0.6153856
11092,0,1,0.98469794
11093,5,1,0.9329689
11094,6,0,0.49786907
11095,25,0,0.48823762
11096,2,1,0.9565498
11097,9,0,0.5225641
11098,24,1,0.9776309
11099,12,0,0.35906437
11100,1,0,0.17532903
11101,1,0,0.08501748
11102,25,1,0.6520034
11103,25,0,0.9589304
11104,15,0,0.2648674
11105,26,1,0.7940032
11106,12,1,0.7619244
11107,25,1,0.5880895
11108,13,0,0.36449787
11109,5,1,0.69690585
11110,19,1,0.68551403
11111,25,0,0.26385313
11112,3,1,0.68047994
11113,2,1,0.76772094
11114,2,0,0.33576903
11115,22,0,0.045447033
11116,15,0,0.569194
11117,13,1,0.63038456
11118,20,0,0.3839498
11119,12,1,0.90527266
11120,6,1,0.2333491
11121,12,1,0.6271209
11122,3,0,0.2437864
11123,1,1,0.56018245
11124,20,1,0.4387507
11125,19,0,0.22794363
11126,25,1,0.97640353
11127,17,0,0.03791777
11128,16,0,1.0494054e-07
11129,20,1,0.48558965
11130,12,0,0.37929246
11131,1,0,0.7278548
11132,20,0,0.074380346
11133,3,1,0.95551604
11134,1,0,0.5854865
11135,16,1,0.63535064
11136,0,1,0.70032036
11137,16,0,0.41618085
11138,12,0,0.3495339
11139,10,1,0.5912278
11140,27,1,0.47364604
11141,11,0,0.08984834
11142,28,0,0.51223165
11143,4,1,0.8268898
11144,15,0,0.08981877
11145,8,0,0.25903544
11146,17,1,0.27393356
11147,16,1,0.5566807
11148,28,1,0.92673165
11149,16,0,0.35123813
11150,15,0,0.5443557
11151,16,0,0.08135665
11152,10,1,0.9286715
11153,28,1,0.71531236
11154,12,0,0.19061369
11155,14,1,0.9704198
11156,26,1,0.31168807
11157,6,1,0.8505524
11158,11,1,0.95290536
11159,18,1,0.5861943
11160,17,0,0.34307906
11161,6,0,0.35767302
11162,6,1,0.70467764
11163,13,1,0.5962725
11164,7,1,0.36509848
11165,11,0,0.37761572
11166,1,1,0.55791426
11167,12,1,0.64458513
11168,10,1,0.99996877
11169,25,0,0.08770655
11170,26,0,0.34668005
11171,10,0,0.10521361
11172,16,0,0.64629954
11173,14,0,0.46223354
11174,8,0,0.65139884
11175,12,1,0.8739253
11176,8,0,0.32967046
11177,0,1,0.9926029
11178,11,1,0.74328625
11179,22,0,0.52532965
11180,20,1,0.48191473
11181,26,0,0.29953218
11182,13,1,0.6476466
11183,10,1,0.5667608
11184,19,0,0.16622555
11185,28,0,0.24570538
11186,11,1,0.43130714
11187,19,0,0.23043089
11188,2,0,0.19008921
11189,2,1,0.56620544
11190,4,0,0.3417695
11191,4,0,0.47133642
11192,21,1,0.6944594
11193,15,1,0.38436726
11194,26,1,0.6292015
11195,12,0,0.4689734
11196,2,0,0.3199659
11197,16,1,0.9990464
11198,0,0,0.12968978
11199,12,0,0.43420133
11200,12,0,0.4197642
11201,14,0,0.115972705
11202,10,0,0.20270987
11203,6,0,0.053682562
11204,28,1,0.5124761
11205,27,0,0.52403
11206,16,1,0.8679611
11207,26,1,0.9636483
11208,11,0,0.3353899
11209,21,0,0.8273524
11210,16,0,0.6064986
11211,9,1,0.8038104
11212,13,1,0.75528234
11213,8,1,0.48482746
11214,3,0,0.16173612
11215,2,0,0.6739083
11216,4,0,0.015159988
11217,19,0,0.6522234
11218,18,0,0.013456826
11219,8,0,0.11924379
11220,25,1,0.65143627
11221,21,0,0.19332467
11222,15,1,0.68381184
11223,20,1,0.60426444
11224,27,1,0.8076233
11225,15,0,0.3429431
11226,13,0,0.14389285
11227,27,0,0.2333429
11228,25,0,0.46078917
11229,1,1,0.36276132
11230,28,1,0.7920975
11231,25,1,0.5502521
11232,13,1,0.6318428
11233,0,1,0.74987507
11234,13,0,0.20164604
11235,19,0,0.2931449
11236,9,0,0.22107473
11237,23,0,0.36308083
11238,7,1,0.4166973
11239,25,0,0.1637883
11240,24,1,0.6849315
11241,13,1,0.53961694
11242,17,1,0.9671264
11243,14,1,0.92019755
11244,26,1,0.70150834
11245,15,1,0.4498826
11246,15,1,0.9320047
11247,11,1,0.6307298
11248,1,1,0.9797925
11249,22,1,0.47425205
11250,8,0,0.23780806
11251,20,0,0.1261052
11252,15,1,0.6694933
11253,19,0,0.416969
11254,7,1,0.28102842
11255,1,0,0.17531092
11256,8,0,0.44157216
11257,7,0,0.052116316
11258,8,0,0.1987883
11259,3,1,0.9850589
11260,17,0,0.3998859
11261,23,1,0.45494208
11262,16,0,0.08779733
11263,27,0,0.22994967
11264,0,0,0.62084216
11265,3,0,0.48570493
11266,11,1,0.858854
11267,10,0,0.31542164
11268,12,1,0.7601668
11269,15,0,0.33733657
11270,16,1,0.80029047
11271,2,1,0.70625865
11272,16,0,0.34791258
11273,5,1,0.8049185
11274,21,1,0.75482726
11275,28,1,0.23857304
11276,7,0,0.15475227
11277,16,0,0.37539312
11278,27,0,0.36302742
11279,0,1,0.9693653
11280,20,0,0.21572566
11281,3,1,0.53858674
11282,11,1,0.43114203
11283,1,0,0.18827923
11284,18,1,0.29608545
11285,20,1,0.6674981
11286,11,0,0.4278394
11287,19,0,0.074159496
11288,20,0,0.37536463
11289,26,0,0.013319901
11290,25,0,0.33813992
11291,0,0,0.28399613
11292,27,0,0.115000054
11293,23,1,0.605891
11294,14,1,0.35431772
11295,3,1,0.99414563
11296,10,0,0.28078347
11297,15,0,0.14025009
11298,16,1,0.7051717
11299,9,1,0.75564224
11300,25,1,0.6774027
11301,16,0,0.22858049
11302,16,0,0.07316007
11303,15,1,0.88887835
11304,17,1,0.79875994
11305,12,0,0.15743224
11306,11,0,0.3610687
11307,18,1,0.53194314
11308,3,1,0.90157187
11309,25,0,0.08900958
11310,20,0,0.31100756
11311,2,0,0.13110265
11312,25,1,0.830402
11313,26,0,0.19758897
11314,16,0,0.06686733
11315,25,0,0.5491192
11316,25,0,0.18837166
11317,1,0,0.15082906
11318,26,0,0.24812773
11319,14,0,0.032511834
11320,17,0,0.29019764
11321,17,1,0.78886896
11322,24,0,0.348422
11323,22,1,0.9511723
11324,16,0,0.058409814
11325,13,0,0.076083995
11326,18,0,0.11089452
11327,10,0,0.22188215
11328,23,1,0.7103499
11329,1,0,0.22812964
11330,22,0,0.21285018
11331,25,1,0.7824741
11332,1,1,0.9541018
11333,4,1,0.70423496
11334,26,1,0.991899
11335,18,1,0.31148008
11336,28,0,0.20197025
11337,1,1,0.35861143
11338,25,1,0.59133524
11339,13,1,0.43716627
11340,4,1,0.5297288
11341,9,0,0.44645998
11342,17,0,0.70299953
11343,11,1,0.7433028
11344,8,0,0.15065792
11345,11,0,0.48276052
11346,8,1,0.5544836
11347,20,0,0.4829056
11348,13,1,0.23995116
11349,26,0,0.05274882
11350,13,0,0.3756618
11351,10,0,0.50349885
11352,16,0,0.86488396
11353,26,1,0.9821092
11354,6,0,0.32087827
11355,1,1,0.28186786
11356,13,0,0.42825297
11357,3,0,0.6084285
11358,27,1,0.8827312
11359,0,1,0.9185376
11360,12,0,0.04770603
11361,15,0,0.19569592
11362,6,0,0.5189534
11363,1,0,0.3660941
11364,28,1,0.79340255
11365,10,0,0.23002134
11366,27,0,0.39596564
11367,27,1,0.9453005
11368,10,1,0.54561734
11369,18,0,0.23265782
11370,19,1,0.4858699
11371,22,0,0.3377585
11372,13,0,0.35856572
11373,27,1,0.23084602
11374,8,0,0.22210562
11375,26,1,0.9073084
11376,11,0,0.35808024
11377,14,1,0.6493606
11378,4,1,0.93546724
11379,15,0,0.361806
11380,6,0,0.04616534
11381,28,1,0.9766407
11382,6,1,0.99814105
11383,10,0,0.05128659
11384,20,1,0.54765767
11385,25,0,0.2349181
11386,8,1,0.5665215
11387,11,1,0.50709033
11388,10,1,0.9253544
11389,3,0,0.3937716
11390,16,1,0.87370586
11391,13,0,0.23327531
11392,18,0,0.2575628
11393,15,0,0.9621696
11394,22,0,0.4214056
11395,26,0,0.29388836
11396,1,1,0.29707584
11397,2,1,0.45172864
11398,1,0,0.030013043
11399,20,1,0.84525704
11400,11,0,0.53786236
11401,22,0,0.45315775
11402,18,0,0.20483753
11403,12,1,0.37122563
11404,15,1,0.7900499
11405,15,0,0.1939404
11406,17,1,0.35716167
11407,16,1,0.5115254
11408,1,1,0.76322895
11409,1,1,0.7908886
11410,3,0,0.73218125
11411,23,0,0.28023934
11412,9,0,0.07732675
11413,21,0,0.2546374
11414,12,1,0.7948996
11415,22,0,0.81686395
11416,28,0,0.22315218
11417,7,0,0.55707765
11418,1,0,0.1305573
11419,3,1,0.73118854
11420,26,1,0.75364417
11421,25,1,0.315712
11422,2,0,0.4065353
11423,14,1,0.7111542
11424,27,1,0.99981946
11425,18,1,0.61397684
11426,2,1,0.5885666
11427,15,1,0.47236532
11428,8,1,0.6100941
11429,13,1,0.67047346
11430,13,0,0.07017115
11431,14,1,0.9019069
11432,23,1,0.6827269
11433,0,1,0.7982635
11434,23,0,0.16303074
11435,28,1,0.68617547
11436,26,0,0.24491946
11437,0,1,0.930532
11438,10,0,0.38829342
11439,22,0,0.6694817
11440,16,1,0.9549521
11441,3,1,0.34297866
11442,10,0,0.042698655
11443,18,1,0.32645547
11444,24,1,0.25180954
11445,17,1,0.34635487
11446,8,1,0.9779574
11447,15,0,0.25522336
11448,1,0,0.46710354
11449,16,0,0.24037465
11450,28,1,0.78309625
11451,20,1,0.7951842
11452,4,1,0.34509808
11453,8,1,0.9565593
11454,27,0,0.08261388
11455,17,1,0.9818526
11456,20,1,0.2910596
11457,11,1,0.89008474
11458,7,1,0.12873343
11459,19,1,0.9851981
11460,12,0,0.57090324
11461,15,1,0.88240457
11462,6,1,0.8163768
11463,4,0,0.2301526
11464,28,0,0.53247786
11465,16,0,0.178725
11466,19,1,0.45713443
11467,9,0,0.31181452
11468,28,1,0.71803623
11469,19,0,0.09367432
11470,18,1,0.89017314
11471,21,0,0.15095271
11472,22,0,0.3994121
11473,16,1,0.8168637
11474,10,1,0.45688844
11475,11,1,0.9157152
11476,15,0,0.14737739
11477,8,1,0.32904065
11478,6,1,0.96512955
11479,11,0,0.37712023
11480,8,1,0.42112544
11481,17,1,0.5785099
11482,26,0,0.053588904
11483,11,1,0.47639883
11484,12,1,0.97028506
11485,20,1,0.6392966
11486,15,0,0.008102547
11487,20,1,0.5600353
11488,14,1,0.6058615
11489,12,0,0.5086159
11490,12,0,0.47266752
11491,15,1,0.9893072
11492,4,0,0.015938519
11493,27,1,0.66995114
11494,7,0,0.18035749
11495,26,1,0.33754718
11496,22,0,0.42151046
11497,8,1,0.72258264
11498,1,0,0.06371583
11499,8,1,0.9248346
11500,22,0,0.4306389
11501,4,1,0.884409
11502,6,0,0.009467411
11503,27,1,0.68333006
11504,22,1,0.51087177
11505,26,1,0.6996619
11506,25,0,0.49221605
11507,4,0,0.55505913
11508,1,0,0.12707254
11509,13,0,0.630171
11510,8,0,0.17476882
11511,26,1,0.2914378
11512,4,0,0.005153412
11513,21,1,0.38361225
11514,11,0,0.3766195
11515,4,1,0.9174404
11516,2,1,0.45747522
11517,28,0,0.24906243
11518,13,0,0.065633036
11519,8,0,0.14330186
11520,26,1,0.76286495
11521,21,1,0.9659705
11522,3,0,0.63804895
11523,19,1,0.9534028
11524,21,1,0.42899993
11525,14,1,0.30755767
11526,27,1,0.8609886
11527,11,0,0.104517385
11528,22,1,0.73331696
11529,11,1,0.6660835
11530,22,1,0.7645682
11531,25,1,0.62652516
11532,15,1,0.7854119
11533,25,0,0.14389916
11534,0,1,0.5236145
11535,16,0,0.15440421
11536,28,1,0.13719799
11537,28,0,0.2555361
11538,19,0,0.28891137
11539,17,0,0.18032914
11540,23,1,0.5681443
11541,25,1,0.124797404
11542,13,1,0.97276264
11543,13,1,0.961876
11544,5,0,0.19464998
11545,18,1,0.50816035
11546,22,0,0.1769147
11547,1,1,0.30887154
11548,7,0,0.020878486
11549,1,1,0.610484
11550,9,1,0.39801335
11551,25,1,0.42955035
11552,16,1,0.21226016
11553,13,0,0.15503857
11554,1,1,0.5857653
11555,18,0,0.63134974
11556,20,1,0.95125705
11557,19,0,0.11553327
11558,10,1,0.79713726
11559,22,0,0.22183113
11560,13,1,0.4248545
11561,1,1,0.88828546
11562,8,1,0.69658697
11563,14,0,0.17488019
11564,16,1,0.29326645
11565,21,1,0.40365803
11566,23,0,0.21632808
11567,13,1,0.7050743
11568,20,0,0.49739173
11569,2,1,0.6864102
11570,12,0,0.06781271
11571,14,1,0.9616413
11572,24,0,0.16439882
11573,22,0,0.045476243
11574,10,1,0.92174846
11575,16,0,0.69225997
11576,14,1,0.75365216
11577,6,0,0.25532702
11578,10,0,0.39471373
11579,8,1,0.93238425
11580,6,0,0.41485295
11581,21,1,0.8245363
11582,10,0,0.49754083
11583,26,1,0.61535937
11584,21,0,0.20626055
11585,8,0,0.099951014
11586,22,1,0.6456421
11587,12,1,0.54619
11588,22,1,0.51649994
11589,6,0,0.37383375
11590,12,1,0.7369577
11591,16,0,0.3820607
11592,1,1,0.67802817
11593,16,0,0.34938368
11594,10,0,0.5391703
11595,28,0,0.5972477
11596,24,1,0.98726207
11597,17,0,0.37601373
11598,8,1,0.68250257
11599,2,1,0.9155878
11600,2,1,0.6529023
11601,9,0,0.28755233
11602,13,0,0.18717678
11603,6,0,0.033929072
11604,11,1,0.95087653
11605,12,0,0.13341679
11606,13,0,0.21178643
11607,5,0,0.22666816
11608,22,1,0.27332592
11609,27,0,0.3302259
11610,20,1,0.3035037
11611,16,0,0.54582864
11612,8,1,0.51146924
11613,1,0,0.33592728
11614,7,1,0.39987713
11615,16,1,0.6606452
11616,17,1,0.8463471
11617,16,0,0.13631229
11618,3,1,0.5763517
11619,21,0,0.3600183
11620,7,0,0.048805512
11621,13,0,0.034491878
11622,5,1,0.5023127
11623,23,0,0.3496361
11624,26,1,0.5343552
11625,3,0,0.4622448
11626,18,1,0.61000675
11627,24,1,0.40805092
11628,12,0,0.17580134
11629,15,0,0.6534818
11630,22,1,0.6176808
11631,13,1,0.9928438
11632,28,1,0.38651702
11633,9,0,0.40397248
11634,25,1,0.6797972
11635,19,0,0.087079294
11636,9,0,0.47688958
11637,5,0,0.061402723
11638,1,1,0.7241752
11639,24,0,0.21870439
11640,3,1,0.99326795
11641,27,1,0.96520644
11642,28,0,0.21378177
11643,27,1,0.34153563
11644,3,1,0.5660691
11645,27,0,0.5325832
11646,13,0,0.65420645
11647,16,1,0.95144695
11648,11,0,0.5096867
11649,25,0,0.21117984
11650,1,1,0.7403549
11651,22,1,0.671645
11652,5,1,0.8601975
11653,9,0,0.42300546
11654,11,0,0.60254544
11655,3,1,0.88829064
11656,13,0,0.13607746
11657,5,1,0.93109
11658,19,1,0.79518735
11659,25,1,0.4335703
11660,25,0,0.43376592
11661,27,0,0.64192057
11662,25,1,0.34598842
11663,12,1,0.77954066
11664,27,0,0.08286023
11665,10,0,0.22535284
11666,23,0,0.30589086
11667,12,0,0.48199067
11668,22,0,0.36950764
11669,12,0,0.2431295
11670,8,1,0.9544752
11671,4,0,0.24943456
11672,4,0,0.05833037
11673,6,0,0.35242888
11674,26,1,0.16007417
11675,0,0,0.6443571
11676,21,1,0.4192574
11677,2,0,0.38178363
11678,28,0,0.6174144
11679,15,0,0.1735759
11680,28,1,0.61225134
11681,2,0,0.49750388
11682,4,1,0.7630425
11683,2,0,0.10208727
11684,12,0,0.06534041
11685,23,1,0.8006183
11686,10,1,0.5140736
11687,16,0,0.106811054
11688,2,1,0.9056518
11689,15,1,0.9357519
11690,9,0,0.39093962
11691,27,1,0.49427512
11692,24,1,0.7121481
11693,16,1,0.9983814
11694,17,0,0.4893263
11695,25,0,0.046022385
11696,9,0,0.6552659
11697,21,0,0.7036563
11698,16,0,0.18691437
11699,16,0,0.57005674
11700,9,1,0.26699084
11701,1,1,0.45641658
11702,25,1,0.9067741
11703,0,1,0.49172926
11704,18,0,0.5898096
11705,28,1,0.6959345
11706,20,1,0.5321462
11707,10,1,0.8490447
11708,3,1,0.4389361
11709,3,1,0.31714344
11710,11,1,0.748553
11711,28,0,0.30826622
11712,2,1,0.6246426
11713,16,1,0.9567807
11714,26,0,0.50827324
11715,12,0,0.22534494
11716,4,0,0.5731648
11717,11,1,0.8507257
11718,8,0,0.4553105
11719,27,0,0.6555003
11720,8,1,0.48510846
11721,15,1,0.42451194
11722,2,1,0.99556607
11723,20,1,0.8316148
11724,15,0,0.16677457
11725,2,1,0.8612133
11726,27,1,0.9151327
11727,13,1,0.5863791
11728,8,0,0.0120877605
11729,2,0,0.39654702
11730,13,0,0.49497095
11731,14,0,0.5029675
11732,20,0,0.3450789
11733,9,0,0.7473258
11734,3,0,0.5144549
11735,16,1,0.5388046
11736,6,0,0.06287137
11737,28,0,0.76655895
11738,4,0,0.59436625
11739,15,0,0.28213906
11740,18,1,0.35882223
11741,6,0,0.45138803
11742,13,0,0.38225174
11743,3,0,0.16169588
11744,15,0,0.27886832
11745,10,0,0.5123023
11746,15,0,0.3428926
11747,9,1,0.85705245
11748,12,0,0.14654389
11749,8,1,0.91297424
11750,4,0,0.6610794
11751,3,1,0.6202939
11752,8,1,0.40938914
11753,23,1,0.731039
11754,25,1,0.97181875
11755,18,1,0.89659774
11756,27,1,0.8046685
11757,19,1,0.8484881
11758,7,1,0.95956254
11759,25,1,0.43186828
11760,11,1,0.8251244
11761,5,0,0.2845345
11762,1,1,0.71324146
11763,11,1,0.25186282
11764,9,1,0.8828493
11765,2,0,0.42265862
11766,3,0,0.52583194
11767,2,1,0.68683094
11768,21,1,0.30287078
11769,13,0,0.47853094
11770,28,1,0.70555836
11771,16,1,0.6834136
11772,5,1,0.70621854
11773,27,1,0.3535502
11774,25,0,0.24224734
11775,2,0,0.13181326
11776,21,0,0.32371998
11777,26,1,0.8571646
11778,20,0,0.51548207
11779,25,1,0.6596332
11780,3,0,0.44537753
11781,19,1,0.6689279
11782,1,0,0.09534442
11783,21,1,0.31351903
11784,14,1,0.80824214
11785,25,0,0.721722
11786,20,1,0.33126694
11787,19,0,0.49670228
11788,9,1,0.5455975
11789,12,1,0.5416599
11790,24,1,0.64777595
11791,17,0,0.5360006
11792,11,1,0.9675424
11793,25,1,0.8278019
11794,26,1,0.5525981
11795,25,0,0.12827912
11796,26,1,0.49826652
11797,2,1,0.39871746
11798,16,0,0.39252147
11799,16,1,0.34102738
11800,16,1,0.8484257
11801,23,1,0.5918253
11802,2,0,0.22925186
11803,22,0,0.44169468
11804,11,0,0.030522104
11805,17,0,0.29156774
11806,3,0,0.531022
11807,24,0,0.15707256
11808,8,1,0.7898377
11809,13,1,0.38708574
11810,7,0,0.25383276
11811,10,1,0.7282374
11812,2,0,0.47675678
11813,16,1,0.5508848
11814,1,1,0.54687744
11815,19,0,0.19459675
11816,8,0,0.3835495
11817,10,1,0.95715296
11818,19,1,0.5863935
11819,13,1,0.82430387
11820,21,1,0.5413108
11821,27,1,0.91052306
11822,11,0,0.4632788
11823,13,0,0.36780393
11824,28,1,0.5209241
11825,26,1,0.5783204
11826,15,0,0.29803514
11827,8,1,0.67723584
11828,25,0,0.12881525
11829,4,1,0.4110479
11830,25,0,0.11477805
11831,8,1,0.78841376
11832,1,0,0.043191984
11833,26,0,0.025598025
11834,20,0,0.3954766
11835,4,0,0.6085799
11836,24,0,0.40005517
11837,10,1,0.5789941
11838,16,1,0.85909945
11839,12,0,0.6109322
11840,16,0,0.4492884
11841,10,1,0.49652028
11842,11,1,0.7932761
11843,14,0,0.45518154
11844,18,0,0.49212897
11845,2,1,0.49197876
11846,19,1,0.50623363
11847,0,1,0.60576516
11848,2,0,0.10350935
11849,19,1,0.28010654
11850,13,0,0.33684963
11851,21,0,0.7080791
11852,3,0,0.017665286
11853,27,1,0.8382461
11854,1,1,0.8926289
11855,26,0,0.026868334
11856,6,1,0.45634001
11857,24,0,0.21358846
11858,22,0,0.42747
11859,28,0,0.57271117
11860,22,1,0.6223011
11861,7,1,0.79191566
11862,10,1,0.2385889
11863,7,1,0.6579043
11864,15,0,0.11915665
11865,18,0,0.033749085
11866,12,0,0.16407923
11867,21,1,0.18184018
11868,2,0,0.4811478
11869,21,0,0.4164822
11870,20,1,0.8288991
11871,16,0,0.2748637
11872,9,0,0.12851799
11873,9,1,0.9558544
11874,8,0,0.27391428
11875,15,1,0.6662698
11876,16,1,0.35506853
11877,2,1,0.5898054
11878,4,1,0.43932995
11879,18,0,0.19885074
11880,15,1,0.5609772
11881,28,0,0.17449763
11882,5,1,0.80241096
11883,25,1,0.79869324
11884,15,1,0.8016902
11885,10,1,0.92972827
11886,17,0,0.45730147
11887,11,0,0.55333364
11888,16,0,0.22749335
11889,13,0,0.72861296
11890,2,0,0.035312265
11891,9,1,0.53486365
11892,0,1,0.46546075
11893,15,0,0.3402595
11894,15,1,0.6687568
11895,4,0,0.078650236
11896,28,1,0.3231278
11897,13,0,0.43649933
11898,19,1,0.22101834
11899,27,0,0.35760793
11900,24,0,0.023173766
11901,0,1,0.61755073
11902,12,0,0.26976585
11903,1,1,0.97506726
11904,25,0,0.4982174
11905,26,1,0.5843483
11906,6,0,0.15142648
11907,23,0,0.5456304
11908,15,0,0.2283459
11909,2,1,0.44857743
11910,22,0,0.2637585
11911,21,0,0.6298254
11912,16,0,0.27874124
11913,2,0,0.2021395
11914,7,1,0.8955897
11915,16,0,0.51548827
11916,13,1,0.50732034
11917,8,1,0.579962
11918,1,0,0.13037425
11919,8,1,0.25839713
11920,8,1,0.6290841
11921,4,1,0.46226048
11922,25,1,0.989888
11923,1,0,0.35638154
11924,2,1,0.72545797
11925,15,1,0.92137367
11926,2,0,0.7647597
11927,15,1,0.97539175
11928,10,1,0.57834494
11929,25,0,0.23125738
11930,1,0,0.53292865
11931,6,1,0.9340538
11932,2,0,0.26420602
11933,13,1,0.8666323
11934,24,1,0.99261236
11935,20,0,0.6520704
11936,16,0,0.5539507
11937,0,0,0.579342
11938,19,1,0.96731704
11939,26,0,0.04549971
11940,25,0,0.18576226
11941,22,1,0.66691285
11942,26,1,0.68460494
11943,23,1,0.49107292
11944,6,0,0.35333553
11945,18,0,0.3963388
11946,26,1,0.76060075
11947,8,0,0.23980288
11948,15,1,0.6620867
11949,25,0,0.33360153
11950,14,0,0.29785225
11951,1,0,0.30990165
11952,25,1,0.54258746
11953,21,0,0.23902349
11954,21,0,0.74822354
11955,2,0,0.6091802
11956,11,1,0.6359689
11957,13,1,0.83761567
11958,25,1,0.75974417
11959,11,1,0.8846559
11960,2,1,0.98724824
11961,27,0,0.19516641
11962,13,1,0.9581607
11963,27,0,0.13240722
11964,18,0,0.18138999
11965,22,1,0.6806938
11966,1,0,0.39150235
11967,23,0,0.68676144
11968,2,1,0.17634241
11969,11,1,0.67489904
11970,27,1,0.75240636
11971,26,1,0.4011564
11972,25,1,0.46871546
11973,2,0,0.44543847
11974,1,0,0.5877254
11975,11,1,0.82696897
11976,11,1,0.5145665
11977,26,1,0.81873596
11978,19,0,0.40941152
11979,4,0,0.0819412
11980,18,0,0.33438995
11981,7,1,0.40235478
11982,20,1,0.62631834
11983,26,0,0.057539728
11984,2,0,0.029703716
11985,19,1,0.6016096
11986,10,0,0.051816463
11987,20,1,0.4711578
11988,21,1,0.65684044
11989,10,1,0.6872404
11990,26,1,0.7036427
11991,17,1,0.95213217
11992,15,1,0.9420803
11993,27,0,0.112650044
11994,0,1,0.44677663
11995,27,0,0.30968884
11996,25,0,0.35906976
11997,10,1,0.58486736
11998,15,0,0.1637849
11999,13,1,0.7401913
12000,27,1,0.9052156
12001,21,1,0.9145261
12002,16,1,0.93086374
12003,16,1,0.9535141
12004,8,1,0.41083935
12005,27,0,0.22726117
12006,9,1,0.122180045
12007,15,1,0.9566841
12008,5,1,0.4198807
12009,3,0,0.4154731
12010,15,1,0.7609873
12011,6,0,0.41295165
12012,10,1,0.5926495
12013,6,0,0.36498055
12014,17,1,0.5398594
12015,25,1,0.98431695
12016,6,1,0.99985826
12017,22,0,0.16730718
12018,21,1,0.42978218
12019,26,1,0.9980254
12020,25,0,0.60396445
12021,17,0,0.33158365
12022,7,1,0.7810863
12023,15,1,0.59664136
12024,25,1,0.8543507
12025,12,0,0.46792105
12026,11,0,0.37170473
12027,14,1,0.95564216
12028,15,0,0.12066513
12029,10,0,0.2497116
12030,6,0,0.33894703
12031,12,0,0.49514243
12032,25,1,0.94288313
12033,6,0,0.18747498
12034,8,0,0.25693616
12035,11,1,0.91960114
12036,12,1,0.9872967
12037,28,0,0.3606631
12038,8,1,0.8169499
12039,20,1,0.83943576
12040,8,1,0.73428965
12041,12,1,0.25564438
12042,17,0,0.75747526
12043,18,1,0.23323992
12044,21,1,0.99662906
12045,13,1,0.17448635
12046,17,1,0.46335158
12047,16,0,0.34178203
12048,12,1,0.85800856
12049,6,0,0.052205484
12050,5,1,0.9168048
12051,17,1,0.5087836
12052,10,0,0.09552241
12053,7,0,0.30722582
12054,11,1,0.29535732
12055,3,1,0.9853814
12056,9,0,0.24790338
12057,13,1,0.9410903
12058,14,0,0.029645557
12059,25,1,0.8219685
12060,2,1,0.5360155
12061,18,1,0.7197034
12062,7,0,0.074687876
12063,11,1,0.7439388
12064,17,0,0.3821836
12065,27,1,0.5317537
12066,1,1,0.6687003
12067,11,0,0.005179509
12068,25,1,0.9988689
12069,1,0,0.5601787
12070,13,1,0.60133564
12071,19,0,0.17250617
12072,20,0,0.74542713
12073,11,0,0.53548396
12074,15,0,0.6174402
12075,26,0,0.00033450554
12076,22,0,0.28937167
12077,18,0,0.016483514
12078,2,1,0.79046774
12079,15,1,0.7570198
12080,5,0,0.06799556
12081,11,1,0.9818683
12082,1,1,0.054476533
12083,2,1,0.87082976
12084,5,1,0.33267552
12085,18,0,0.61752397
12086,13,0,0.56360775
12087,7,1,0.31892097
12088,8,1,0.62686247
12089,10,0,0.21382631
12090,28,1,0.9050741
12091,16,0,0.02473542
12092,23,0,0.63953346
12093,23,0,0.7890261
12094,15,0,0.41154698
12095,6,0,0.68015695
12096,5,0,0.6735195
12097,10,0,0.06308494
12098,16,0,0.46526414
12099,26,1,0.65232253
12100,20,1,0.9642001
12101,15,1,0.27730614
12102,1,1,0.48189536
12103,16,0,0.38681972
12104,10,0,0.32749334
12105,4,1,0.54989386
12106,4,0,0.16106316
12107,22,0,0.36858052
12108,14,0,0.24295324
12109,6,0,0.03755219
12110,12,1,0.76953477
12111,10,0,0.2857487
12112,16,1,0.82107484
12113,21,1,0.48925206
12114,11,0,0.41461957
12115,22,0,0.12893353
12116,9,0,0.3579715
12117,13,1,0.6949933
12118,27,1,0.36539596
12119,26,0,0.40558103
12120,16,1,0.73350036
12121,8,0,0.016640857
12122,23,0,0.4555879
12123,24,1,0.28909642
12124,3,1,0.88344824
12125,9,0,0.655217
12126,21,1,0.9054164
12127,13,1,0.66035545
12128,7,1,0.6545544
12129,10,0,0.16808674
12130,4,0,0.03500696
12131,18,1,0.76159334
12132,1,1,0.99056304
12133,1,1,0.69448406
12134,2,1,0.46940982
12135,0,0,0.60112876
12136,6,1,0.82974464
12137,11,0,0.420516
12138,13,1,0.82202786
12139,10,1,0.7053985
12140,25,1,0.5909462
12141,1,1,0.53946537
12142,26,0,0.5487805
12143,27,1,0.73708737
12144,2,0,0.2894006
12145,14,1,0.9509519
12146,26,0,0.5944172
12147,2,1,0.9713967
12148,18,1,0.82866436
12149,15,0,0.2946362
12150,5,1,0.5748144
12151,24,1,0.42883804
12152,1,0,0.27940264
12153,12,0,0.27580968
12154,10,0,0.0718709
12155,15,1,0.6485706
12156,12,1,0.7935754
12157,4,1,0.69589263
12158,13,1,0.6740158
12159,26,1,0.6819977
12160,9,1,0.3704035
12161,11,1,0.49513835
12162,3,1,0.37549138
12163,7,0,0.49380097
12164,3,0,0.39518526
12165,26,1,0.35859996
12166,8,0,0.33685562
12167,13,0,0.13309185
12168,0,1,0.90419114
12169,8,0,0.48858798
12170,3,1,0.9170752
12171,16,0,0.6452892
12172,10,0,0.08939894
12173,13,0,0.013876517
12174,23,1,0.33945268
12175,0,0,0.19965547
12176,15,0,0.62016416
12177,11,0,0.5079491
12178,9,0,0.19402726
12179,17,0,0.5132116
12180,1,1,0.37700477
12181,22,0,0.093362235
12182,0,0,0.04885816
12183,16,1,0.3041406
12184,15,0,0.2850573
12185,0,1,0.42427117
12186,6,1,0.42893535
12187,15,1,0.9999695
12188,12,1,0.93713504
12189,20,1,0.68874127
12190,3,1,0.89220804
12191,13,1,0.45897353
12192,10,0,0.17965262
12193,27,0,0.44838667
12194,6,1,0.48976323
12195,10,1,0.9925875
12196,6,1,0.9520686
12197,16,1,0.47135422
12198,22,1,0.63176984
12199,20,1,0.6136283
12200,1,0,0.5287341
12201,15,0,0.115622684
12202,14,0,0.49987116
12203,13,1,0.7159901
12204,3,0,0.39844555
12205,1,1,0.62571996
12206,0,0,0.20096986
12207,13,0,0.45422342
12208,2,0,0.28627464
12209,14,0,0.36131167
12210,27,1,0.88838995
12211,16,1,0.99784434
12212,17,0,0.2170651
12213,2,0,0.47625393
12214,9,0,0.23762871
12215,17,0,0.25118378
12216,15,1,0.9931544
12217,17,0,0.6392873
12218,1,1,0.5160951
12219,9,0,0.030860335
12220,9,1,0.97691685
12221,27,1,0.44543895
12222,14,1,0.92103845
12223,13,0,0.4026121
12224,6,1,0.5813233
12225,12,1,0.7294754
12226,14,1,0.52964
12227,24,1,0.86023736
12228,25,0,0.10965942
12229,26,0,0.331837
12230,23,1,0.791073
12231,7,1,0.43986845
12232,6,0,0.27950624
12233,24,0,0.6570856
12234,14,0,0.5451295
12235,14,1,0.6917911
12236,25,1,0.7309149
12237,13,0,0.3920968
12238,9,0,0.3851048
12239,20,0,0.13725264
12240,19,0,0.6112319
12241,17,1,0.44493732
12242,26,1,0.12846665
12243,2,0,0.48011544
12244,24,1,0.5379208
12245,10,0,0.23094027
12246,19,0,0.108432755
12247,24,0,0.27047443
12248,10,0,0.12440956
12249,28,1,0.73617774
12250,16,0,0.092723556
12251,17,1,0.6926
12252,21,1,0.892707
12253,0,0,0.5270017
12254,14,1,0.9261298
12255,13,0,0.41018796
12256,3,1,0.5786219
12257,27,0,0.20443888
12258,25,0,0.41496956
12259,9,1,0.99323446
12260,7,1,0.47176123
12261,18,0,0.43585634
12262,22,1,0.585861
12263,12,0,0.42682377
12264,18,1,0.43107167
12265,26,1,0.8637432
12266,10,0,0.1938509
12267,27,0,0.23064347
12268,14,0,0.14694904
12269,11,0,0.21917927
12270,22,1,0.4367227
12271,20,0,0.43533817
12272,17,0,0.10677226
12273,25,0,0.90100247
12274,4,1,0.6195748
12275,18,0,0.64579993
12276,0,1,0.6425817
12277,4,0,0.05988842
12278,21,0,0.25143996
12279,28,1,0.46171185
12280,12,1,0.39707762
12281,24,0,0.11109974
12282,12,1,0.7405766
12283,13,1,0.49895617
12284,15,0,0.7127831
12285,15,0,0.3399527
12286,2,1,0.34886208
12287,14,1,0.89128983
12288,6,0,0.15852924
12289,25,0,0.5079924
12290,17,1,0.4695831
12291,27,0,0.6717493
12292,1,1,0.8831131
12293,6,1,0.6592478
12294,15,0,0.31579027
12295,3,0,0.87291485
12296,12,0,0.022641553
12297,1,0,0.16331413
12298,10,1,0.93805736
12299,27,0,0.18091963
12300,28,1,0.6668332
12301,27,0,0.6263959
12302,10,0,0.018735694
12303,20,1,0.9417131
12304,10,1,0.9175613
12305,16,1,0.98013103
12306,13,0,0.510163
12307,17,0,0.58061945
12308,25,1,0.8050467
12309,21,0,0.0019855846
12310,13,0,0.30546504
12311,27,1,0.576851
12312,10,1,0.8725201
12313,3,0,0.18783717
12314,13,1,0.99468744
12315,22,1,0.946833
12316,8,0,0.35619968
12317,8,0,0.087299496
12318,25,0,0.08478325
12319,25,1,0.6473752
12320,23,1,0.9076513
12321,26,1,0.93120515
12322,15,1,0.753747
12323,15,0,0.20188983
12324,10,0,0.23946494
12325,2,1,0.61048
12326,18,1,0.89312625
12327,13,0,0.54903626
12328,14,0,0.1654931
12329,1,0,0.24801438
12330,10,1,0.94951606
12331,13,0,0.14636375
12332,2,0,0.34289744
12333,15,0,0.0043548103
12334,15,0,0.13907808
12335,25,0,0.79144496
12336,15,1,0.660417
12337,18,1,0.29552048
12338,27,1,0.5209598
12339,25,0,0.5222645
12340,28,1,0.9178281
12341,26,1,0.99506783
12342,16,1,0.93097925
12343,13,0,0.101119995
12344,9,1,0.84475976
12345,11,1,0.9578346
12346,28,0,0.38043043
12347,20,1,0.8719384
12348,17,0,0.60373396
12349,2,0,0.5920938
12350,15,1,0.38919464
12351,5,0,0.4204137
12352,17,1,0.411811
12353,10,0,0.15861629
12354,11,0,0.1936598
12355,9,0,0.43720844
12356,9,1,0.68069315
12357,8,0,0.894462
12358,26,1,0.45480308
12359,1,1,0.5655712
12360,2,0,0.18575549
12361,1,0,0.13491268
12362,2,1,0.70092803
12363,16,0,0.16498502
12364,14,1,0.44549748
12365,4,1,0.8204987
12366,19,1,0.89545
12367,9,0,0.505515
12368,10,1,0.85510695
12369,8,0,0.38581908
12370,25,0,0.5274202
12371,2,0,0.46997163
12372,10,0,0.5082729
12373,13,0,0.50976896
12374,12,1,0.69181156
12375,16,1,0.9204417
12376,8,0,0.5841998
12377,27,0,0.44332725
12378,9,0,0.20374082
12379,1,0,0.04409378
12380,27,0,0.016627574
12381,28,1,0.46816373
12382,21,1,0.44134688
12383,8,1,0.35826197
12384,14,1,0.5642099
12385,0,0,0.18809332
12386,24,1,0.94608814
12387,22,1,0.37021592
12388,2,0,0.8236741
12389,16,0,0.1464967
12390,10,0,0.36636946
12391,15,0,0.12439471
12392,6,0,0.111947626
12393,26,0,0.27701023
12394,20,0,0.15807928
12395,5,1,0.96650153
12396,7,1,0.6974079
12397,10,1,0.94881713
12398,13,1,0.45840278
12399,10,0,0.37397975
12400,15,1,0.8962188
12401,19,0,0.14194815
12402,20,0,0.44983163
12403,6,0,0.21387967
12404,6,1,0.328128
12405,15,1,0.90185773
12406,6,0,0.1799357
12407,4,0,0.2270731
12408,13,0,0.45246163
12409,10,1,0.6978482
12410,7,0,0.22903174
12411,18,0,0.5197874
12412,3,1,0.29511783
12413,22,0,0.38249987
12414,12,0,0.34257114
12415,10,1,0.71048194
12416,1,0,0.3794534
12417,0,0,0.21070628
12418,11,1,0.8130729
12419,28,0,0.7060226
12420,21,0,0.4247581
12421,11,0,0.25389296
12422,28,1,0.5684466
12423,13,0,0.41330743
12424,1,0,0.002799549
12425,7,1,0.3814245
12426,0,0,0.4980287
12427,0,1,0.9739725
12428,4,1,0.72581345
12429,2,0,0.17012502
12430,24,1,0.82207793
12431,12,0,0.46969038
12432,1,0,0.40331534
12433,12,1,0.88428026
12434,1,1,0.6088962
12435,0,1,0.48851103
12436,15,1,0.7854121
12437,7,1,0.03533672
12438,25,0,0.20062976
12439,11,1,0.7181775
12440,8,0,0.28911662
12441,13,0,0.3169066
12442,11,1,0.55549437
12443,3,0,0.5626506
12444,1,0,0.23593284
12445,22,0,0.6002819
12446,3,1,0.5802686
12447,0,0,0.12445132
12448,1,1,0.95244056
12449,10,0,0.11566509
12450,8,0,0.24465999
12451,11,0,0.15200876
12452,9,1,0.52661836
12453,15,1,0.82370967
12454,10,0,0.61170447
12455,11,1,0.53468454
12456,1,1,0.44660023
12457,11,1,0.6699264
12458,6,1,0.6202547
12459,10,1,0.5555723
12460,10,1,0.25709164
12461,7,1,0.36025727
12462,4,0,0.584571
12463,23,0,0.7058586
12464,28,1,0.5814218
12465,8,1,0.62836194
12466,19,1,0.7922233
12467,9,0,0.168709
12468,3,0,0.5110476
12469,13,1,0.56369114
12470,11,1,0.6422722
12471,25,0,0.0019831737
12472,27,0,0.47960994
12473,20,0,0.23556018
12474,11,1,0.8069285
12475,1,1,0.72224444
12476,0,0,0.32720208
12477,6,1,0.87039614
12478,15,1,0.4657235
12479,15,1,0.90457374
12480,20,0,0.29387343
12481,17,0,0.5617455
12482,13,0,0.19745176
12483,22,0,0.4727378
12484,13,0,0.041589163
12485,10,0,0.20358352
12486,26,1,0.8975731
12487,11,0,0.80329
12488,3,1,0.6256677
12489,19,0,0.48295462
12490,13,1,0.38208953
12491,13,1,0.9151325
12492,10,0,0.3301756
12493,13,0,0.48906723
12494,1,1,0.71034694
12495,22,1,0.41018298
12496,2,1,0.4680927
12497,13,1,0.28634974
12498,10,0,0.6010346
12499,27,1,0.9726863
12500,12,1,0.7140889
12501,10,1,0.92284656
12502,10,1,0.41529116
12503,2,0,0.3604356
12504,17,1,0.98088235
12505,13,1,0.7738256
12506,7,1,0.95429945
12507,19,0,0.24311085
12508,12,1,0.8081414
12509,3,1,0.7982975
12510,4,1,0.8553785
12511,9,0,0.007488296
12512,8,1,0.69077134
12513,1,0,0.34159482
12514,18,1,0.518516
12515,13,0,0.24823144
12516,24,1,0.60614794
12517,8,0,0.523192
12518,11,1,0.8521179
12519,2,0,0.27665472
12520,25,0,0.51511484
12521,11,0,0.3278575
12522,3,1,0.90276384
12523,4,0,0.08377361
12524,23,0,0.04443357
12525,16,1,0.7935443
12526,23,0,0.29485387
12527,16,0,0.50535744
12528,7,1,0.4307518
12529,7,0,0.22132829
12530,13,0,0.096978694
12531,3,0,0.21557924
12532,4,1,0.68796366
12533,14,0,0.70664036
12534,27,1,0.9756123
12535,19,1,0.77490425
12536,16,1,0.40511203
12537,15,1,0.6722996
12538,12,1,0.79753137
12539,2,0,0.357675
12540,28,1,0.951789
12541,25,0,0.24927303
12542,8,1,0.7489227
12543,3,1,0.50455827
12544,27,0,0.11941794
12545,2,0,0.56819504
12546,17,0,0.3953448
12547,10,1,0.60677034
12548,6,1,0.54306006
12549,10,1,0.58165246
12550,9,0,0.05170926
12551,13,1,0.9821134
12552,16,1,0.6887286
12553,5,1,0.7950577
12554,25,1,0.613271
12555,16,1,0.5037109
12556,10,0,0.27370384
12557,1,0,0.28766185
12558,15,1,0.72201043
12559,9,0,0.5672714
12560,12,0,0.27798244
12561,19,0,0.19890477
12562,2,0,0.34253454
12563,0,1,0.67383814
12564,7,1,0.55943006
12565,20,1,0.72545415
12566,16,0,0.41257456
12567,15,0,0.7476096
12568,1,0,0.37953764
12569,8,1,0.8097111
12570,7,0,0.047002736
12571,26,0,0.043828387
12572,16,0,0.21550785
12573,26,0,0.35339513
12574,9,1,0.6313244
12575,18,0,0.65061456
12576,2,1,0.91949034
12577,19,1,0.2992095
12578,12,0,0.38705665
12579,1,1,0.46324354
12580,10,0,0.8411817
12581,23,0,0.30644724
12582,23,1,0.92019105
12583,10,1,0.29357246
12584,16,0,0.4337322
12585,11,0,0.48373806
12586,0,0,0.19244604
12587,2,0,0.5844227
12588,3,0,0.22153558
12589,22,0,0.37818605
12590,10,1,0.54143465
12591,4,0,0.2291686
12592,13,0,0.37481463
12593,12,0,0.89013195
12594,10,1,0.5300741
12595,27,1,0.76758695
12596,3,0,0.4659791
12597,17,0,0.19987416
12598,12,0,0.3742181
12599,16,0,0.5257067
12600,10,1,0.7979449
12601,17,1,0.39523715
12602,19,1,0.5651162
12603,2,0,0.35465327
12604,28,0,0.15716143
12605,8,1,0.49330336
12606,12,1,0.8088633
12607,25,0,0.3898023
12608,0,0,0.13541278
12609,16,1,0.78997195
12610,17,0,0.11200272
12611,19,1,0.5318947
12612,10,1,0.5931326
12613,6,0,0.002276164
12614,22,0,0.51836115
12615,16,1,0.883147
12616,6,1,0.28541857
12617,8,1,0.26243865
12618,19,0,0.5006262
12619,16,1,0.39461064
12620,4,1,0.7122574
12621,1,0,0.5376418
12622,16,0,0.31816453
12623,26,0,0.08294383
12624,13,1,0.58534384
12625,12,1,0.5295089
12626,2,0,0.06517579
12627,26,1,0.5810585
12628,20,1,0.7751067
12629,3,0,0.8266654
12630,22,1,0.5704353
12631,27,1,0.6438385
12632,3,1,0.98515564
12633,16,0,0.08824029
12634,3,0,0.36883208
12635,10,0,0.37385127
12636,23,1,0.40188366
12637,25,1,0.5582246
12638,27,1,0.4637139
12639,8,0,0.03835499
12640,15,0,0.45228225
12641,28,0,0.4998745
12642,20,1,0.607263
12643,11,0,0.27148983
12644,25,0,0.16873161
12645,15,1,0.6704472
12646,28,1,0.51332283
12647,3,1,0.7349253
12648,2,0,0.29710156
12649,2,0,0.3687257
12650,16,1,0.3683116
12651,28,1,0.9733147
12652,8,0,0.041347664
12653,25,1,0.5311063
12654,28,0,0.3733385
12655,21,0,0.2948966
12656,14,1,0.46130696
12657,22,1,0.52717125
12658,6,1,0.737354
12659,24,1,0.2676649
12660,19,0,0.1399975
12661,26,1,0.99999714
12662,7,0,0.3636821
12663,20,1,0.84193933
12664,5,0,0.29055545
12665,13,0,0.24451467
12666,16,0,0.16838238
12667,20,1,0.2929282
12668,3,1,0.70847154
12669,12,1,0.8747307
12670,11,1,0.99902403
12671,18,1,0.77365583
12672,27,1,0.9173854
12673,8,1,0.6738903
12674,16,1,0.45867264
12675,2,1,0.46461758
12676,17,1,0.69169015
12677,1,0,0.35372254
12678,20,0,0.39775103
12679,15,1,0.6890328
12680,12,1,0.69267106
12681,0,1,0.3131692
12682,5,1,0.4028235
12683,3,1,0.36777
12684,7,1,0.30614927
12685,28,1,0.99878865
12686,16,0,0.5421862
12687,22,1,0.8852583
12688,20,1,0.6140666
12689,11,1,0.8098179
12690,26,0,0.5412811
12691,24,0,0.49462152
12692,13,1,0.83556473
12693,13,1,0.5984517
12694,16,1,0.74344695
12695,22,1,0.7036275
12696,9,1,0.9972146
12697,21,0,0.3931294
12698,11,0,0.31775883
12699,1,1,0.5951917
12700,8,1,0.6617867
12701,26,0,0.07593942
12702,22,0,0.35811505
12703,27,1,0.5745952
12704,10,0,0.62725645
12705,26,1,0.47762957
12706,19,1,0.76752687
12707,12,0,9.677496e-09
12708,1,1,0.7200107
12709,10,1,0.733173
12710,3,0,0.26638466
12711,28,0,0.20704676
12712,15,0,0.00017833897
12713,7,0,0.1401425
12714,8,1,0.83270985
12715,16,1,0.71711284
12716,15,1,0.90490687
12717,22,0,0.21740223
12718,10,1,0.23196357
12719,11,1,0.5799936
12720,20,1,0.50106174
12721,13,0,0.06487964
12722,12,1,0.49856326
12723,25,0,0.4989215
12724,24,1,0.24292736
12725,8,0,0.51984644
12726,1,1,0.62043613
12727,6,1,0.6004297
12728,18,0,0.29162306
12729,28,1,0.76943225
12730,1,0,0.10304876
12731,16,0,0.20986125
12732,10,0,0.13602524
12733,8,0,0.45881268
12734,15,0,0.6048802
12735,2,0,0.3387351
12736,14,0,0.17152363
12737,10,0,0.2282617
12738,22,0,0.46215883
12739,25,1,0.42373478
12740,11,0,0.4587523
12741,19,0,0.53638107
12742,14,1,0.21424077
12743,11,0,0.47193873
12744,8,0,5.623391e-05
12745,22,0,0.32906714
12746,15,1,0.76598287
12747,8,0,0.39598653
12748,16,0,0.0839492
12749,9,0,0.3380433
12750,13,1,0.38800415
12751,21,0,0.29228258
12752,27,1,0.5696928
12753,16,1,0.92649305
12754,12,1,0.6043786
12755,16,0,0.48787487
12756,16,1,0.6142686
12757,16,0,0.39614776
12758,6,1,0.42339012
12759,13,0,0.78598595
12760,12,0,0.14003429
12761,13,1,0.68843734
12762,20,1,0.89198303
12763,27,1,0.29161286
12764,11,1,0.6261826
12765,4,1,0.39063105
12766,13,0,0.27672246
12767,22,1,0.5191563
12768,10,1,0.9947811
12769,26,0,0.42818135
12770,16,0,0.47257805
12771,28,0,0.049711004
12772,15,0,0.54001147
12773,3,1,0.8446309
12774,25,0,0.4445771
12775,16,0,0.03414546
12776,12,0,0.124631956
12777,1,1,0.85019636
12778,14,1,0.5198866
12779,1,0,0.14354064
12780,9,1,0.96913683
12781,12,1,0.6233507
12782,25,1,0.73541135
12783,18,1,0.44428626
12784,20,1,0.59343654
12785,14,0,0.107901014
12786,19,1,0.8635257
12787,16,1,0.60563207
12788,27,0,0.28203005
12789,15,1,0.52815455
12790,16,0,0.33221543
12791,15,0,0.7051731
12792,13,0,0.025573755
12793,10,0,0.25162858
12794,15,1,0.6518814
12795,25,1,0.84935623
12796,3,0,0.11098728
12797,17,1,0.9896578
12798,22,0,0.34718037
12799,22,0,0.07381874
12800,19,1,0.9726307
12801,11,1,0.585514
12802,3,1,0.45283875
12803,10,0,0.44761732
12804,10,0,0.036783352
12805,15,1,0.32490683
12806,22,1,0.9884593
12807,15,0,0.4148455
12808,3,0,0.81281257
12809,11,1,0.67379
12810,8,1,0.7864363
12811,19,0,0.006350877
12812,17,1,0.6753758
12813,28,0,0.0010084296
12814,7,0,0.5819541
12815,27,1,0.8799202
12816,26,0,0.1863159
12817,10,0,0.31215307
12818,2,1,0.868783
12819,2,1,0.6687173
12820,22,1,0.8924235
12821,26,0,0.0040199817
12822,3,1,0.985871
12823,6,0,0.15065688
12824,10,1,0.9743448
12825,13,1,0.77699083
12826,5,0,0.7068835
12827,9,1,0.6499973
12828,8,1,0.7546248
12829,22,0,0.25920764
12830,13,1,0.94055164
12831,2,1,0.48676476
12832,13,1,0.88100016
12833,17,0,0.7575983
12834,12,0,0.33592394
12835,25,0,0.058085103
12836,13,0,0.34686714
12837,14,1,0.6581709
12838,20,0,0.21271178
12839,0,0,0.7230389
12840,19,1,0.6294272
12841,6,0,0.054861635
12842,8,0,0.6717075
12843,24,1,0.6957693
12844,21,0,0.22871806
12845,15,1,0.61608416
12846,10,1,0.7058937
12847,10,1,0.658985
12848,16,0,0.13248122
12849,18,1,0.96197844
12850,6,0,0.047295824
12851,3,1,0.46099633
12852,26,1,0.65712196
12853,2,1,0.811669
12854,1,0,0.15127555
12855,26,1,0.35759467
12856,18,0,0.617982
12857,18,1,0.8191672
12858,1,1,0.79869515
12859,28,0,0.27068427
12860,0,0,0.44614285
12861,11,0,0.0147877345
12862,10,1,0.87450325
12863,7,1,0.85933137
12864,9,1,0.8736609
12865,13,1,0.8059834
12866,16,0,0.32765028
12867,2,0,0.3946515
12868,21,1,0.423723
12869,12,0,0.27419016
12870,26,0,0.21943548
12871,12,0,0.38686103
12872,3,0,0.40167707
12873,8,1,0.41748774
12874,25,0,0.17382118
12875,6,1,0.72483885
12876,25,1,0.6464575
12877,1,0,0.5146103
12878,13,0,0.22841409
12879,10,0,0.5660317
12880,11,0,0.5262396
12881,12,1,0.439899
12882,24,0,0.6838976
12883,21,0,0.32473063
12884,24,0,0.41952208
12885,11,0,0.2835926
12886,26,0,0.36017027
12887,5,0,0.09792101
12888,7,0,0.14407085
12889,8,0,0.45097682
12890,27,1,0.47204682
12891,7,1,0.45380494
12892,15,1,0.46778616
12893,15,1,0.6570347
12894,7,1,0.90961057
12895,22,1,0.58524907
12896,20,0,0.33309665
12897,1,1,0.8465959
12898,8,1,0.833358
12899,1,1,0.920798
12900,13,0,0.43864006
12901,16,0,0.28729245
12902,17,1,0.93133223
12903,25,1,0.85839826
12904,5,1,0.6178499
12905,0,1,0.55931795
12906,12,0,0.119380176
12907,6,0,0.12245508
12908,25,0,0.22025703
12909,16,0,0.1527881
12910,1,0,0.08291638
12911,16,1,0.6554367
12912,8,0,0.18964908
12913,13,1,0.28364345
12914,8,1,0.8068373
12915,2,0,0.33473352
12916,19,0,0.11352615
12917,20,0,0.12166096
12918,7,1,0.6227053
12919,14,0,0.33667535
12920,3,0,0.3667456
12921,16,0,0.40032208
12922,4,0,0.36923453
12923,16,1,0.8332603
12924,24,0,0.1622024
12925,13,0,0.40711161
12926,27,0,0.033917446
12927,27,0,0.07268955
12928,15,1,0.9583008
12929,20,1,0.4281361
12930,27,1,0.9176731
12931,23,1,0.8991656
12932,2,1,0.7167635
12933,18,1,0.42368287
12934,15,1,0.52291316
12935,17,1,0.56369364
12936,16,0,0.2130675
12937,16,1,0.42144448
12938,20,1,0.6263688
12939,6,1,0.07129168
12940,24,1,0.8193714
12941,13,0,0.49612656
12942,13,1,0.8825303
12943,7,1,0.77937293
12944,22,1,0.501043
12945,15,0,0.3166281
12946,1,0,0.24567713
12947,24,0,0.10086584
12948,22,0,0.25996748
12949,13,1,0.5590912
12950,27,1,0.41604802
12951,16,1,0.45175502
12952,3,1,0.98500246
12953,12,1,0.38095433
12954,17,0,0.04921974
12955,7,0,0.8531252
12956,19,0,0.053255484
12957,2,1,0.161475
12958,23,0,0.35896504
12959,13,0,0.22821966
12960,24,1,0.19124913
12961,27,0,0.43722776
12962,2,1,0.6731705
12963,2,0,0.15639393
12964,26,0,0.25128734
12965,0,0,0.33800942
12966,27,0,0.1881011
12967,15,1,0.6494143
12968,5,1,0.7733774
12969,13,0,0.06676054
12970,12,1,0.71957004
12971,16,0,0.52240014
12972,11,0,0.036730677
12973,8,0,0.027331635
12974,15,0,0.9081641
12975,11,1,0.83640313
12976,10,1,0.82123256
12977,13,1,0.98054576
12978,13,0,0.12744488
12979,12,1,0.33812425
12980,0,0,0.2120077
12981,7,1,0.4443808
12982,27,1,0.94660723
12983,11,0,0.07321287
12984,5,0,0.3191116
12985,27,0,0.48357219
12986,22,1,0.8724211
12987,11,0,0.8781097
12988,8,1,0.35680008
12989,12,0,0.15090328
12990,26,1,0.7311542
12991,10,0,0.40833798
12992,1,0,0.24110073
12993,15,0,0.7161942
12994,15,0,0.6524818
12995,8,0,0.34228882
12996,12,1,0.9320364
12997,11,1,0.92666477
12998,25,0,0.0910308
12999,20,0,0.36090118
13000,25,0,0.020051535
13001,16,0,0.49736872
13002,10,1,0.71773183
13003,27,0,0.43492016
13004,0,0,0.4191122
13005,13,0,0.18523443
13006,16,0,0.035385318
13007,8,1,0.69452596
13008,27,1,0.9263454
13009,26,1,0.49665946
13010,8,0,0.0032060975
13011,11,0,0.35838982
13012,13,0,0.4621679
13013,4,0,0.14928432
13014,13,0,0.29531634
13015,14,1,0.40885404
13016,17,0,0.23532733
13017,21,0,0.043043077
13018,15,0,0.39648658
13019,1,1,0.7177776
13020,16,0,0.10546231
13021,9,0,0.090634234
13022,15,1,0.94798476
13023,4,1,0.67646545
13024,12,0,0.25332853
13025,27,1,0.61139274
13026,3,0,0.7483412
13027,2,0,0.14318769
13028,11,0,0.27991933
13029,28,1,0.76842767
13030,7,0,0.18307747
13031,5,0,0.08269425
13032,17,1,0.86809564
13033,16,1,0.9444968
13034,10,0,0.22338673
13035,10,0,0.015604684
13036,0,1,0.610941
13037,23,1,0.9527294
13038,0,1,0.44609648
13039,3,0,0.3075473
13040,7,1,0.9773647
13041,3,1,0.5829514
13042,10,1,0.65075165
13043,13,1,0.39353052
13044,15,1,0.49256647
13045,12,0,0.36386025
13046,3,1,0.7722799
13047,2,1,0.6414801
13048,26,1,0.92744744
13049,3,0,0.30571073
13050,10,1,0.8087681
13051,3,0,0.39171386
13052,12,1,0.60477406
13053,26,0,0.12994985
13054,6,1,0.5841642
13055,10,1,0.59716696
13056,16,0,0.6290219
13057,13,1,0.2503989
13058,14,1,0.38343602
13059,21,1,0.88444537
13060,13,0,0.23174822
13061,16,1,0.638859
13062,16,1,0.93086356
13063,26,0,0.29965872
13064,14,1,0.9160441
13065,2,1,0.936439
13066,24,1,0.852403
13067,26,1,0.960673
13068,22,0,0.37692058
13069,25,0,0.265864
13070,15,0,0.32384068
13071,1,0,0.10133466
13072,23,1,0.81437844
13073,13,0,0.026881533
13074,8,0,0.25804237
13075,8,1,0.9884802
13076,18,1,0.21704078
13077,1,1,0.43465745
13078,15,1,0.7544243
13079,16,1,0.48014888
13080,1,1,0.6662865
13081,8,0,0.28983063
13082,28,1,0.80847603
13083,21,1,0.80140936
13084,13,1,0.4910489
13085,17,1,0.99930084
13086,15,0,0.55933344
13087,5,0,0.6209514
13088,10,1,0.69294393
13089,16,1,0.5931914
13090,1,0,0.04604391
13091,7,0,0.24848603
13092,18,1,0.8103657
13093,14,0,0.22619724
13094,11,1,0.817236
13095,7,1,0.9681694
13096,18,1,0.51373035
13097,6,0,0.07076329
13098,23,1,0.835826
13099,26,1,0.79734087
13100,28,1,0.8413385
13101,8,1,0.6648423
13102,4,1,0.9968309
13103,2,0,0.5537686
13104,11,0,0.53170097
13105,23,1,0.9963744
13106,6,1,0.80227995
13107,20,0,0.3317128
13108,21,1,0.24581236
13109,24,0,0.11211561
13110,13,0,0.47735238
13111,25,0,0.16163327
13112,22,0,0.4508847
13113,1,0,0.51081717
13114,27,0,0.79453814
13115,10,0,0.08600884
13116,18,0,0.052638497
13117,27,1,0.48853105
13118,25,0,0.59084785
13119,13,0,0.013116413
13120,9,1,0.8557686
13121,27,0,0.122777805
13122,15,1,0.10337381
13123,13,1,0.90670395
13124,8,1,0.52585536
13125,4,1,0.42749074
13126,14,0,0.37633446
13127,8,0,0.32952237
13128,6,1,0.567775
13129,0,0,0.16201258
13130,7,0,0.023745313
13131,13,0,0.45981362
13132,21,0,0.26887736
13133,18,1,0.49710894
13134,17,1,0.38170353
13135,28,1,0.9491578
13136,10,0,0.42771465
13137,13,1,0.7790662
13138,27,1,0.8888711
13139,15,0,0.49206713
13140,14,0,0.08901094
13141,6,0,0.19816758
13142,11,0,0.6314258
13143,1,1,0.7574771
13144,25,0,0.107982695
13145,16,1,0.89349496
13146,24,0,0.15079316
13147,10,0,0.17964181
13148,8,0,0.28257668
13149,20,0,0.44600403
13150,9,1,0.95585483
13151,8,0,0.24470457
13152,8,1,0.73866796
13153,2,0,0.0061927144
13154,14,1,0.9130139
13155,20,1,0.64721227
13156,13,0,0.005322157
13157,15,0,0.39894938
13158,18,0,0.117537685
13159,19,1,0.98247427
13160,14,0,0.4004599
13161,16,1,0.9015172
13162,3,1,0.5892999
13163,27,1,0.8753858
13164,6,1,0.87970394
13165,13,1,0.93202585
13166,2,1,0.6277752
13167,28,0,0.27317482
13168,6,1,0.710861
13169,2,0,0.08181489
13170,18,1,0.8370892
13171,6,0,0.6236463
13172,25,1,0.95426416
13173,17,0,0.14703271
13174,2,1,0.9966272
13175,26,1,0.70035803
13176,26,0,0.50363076
13177,8,1,0.8692032
13178,15,0,0.32070586
13179,1,1,0.9562878
13180,11,1,0.9823369
13181,16,1,0.7154055
13182,7,0,0.48512265
13183,25,0,0.05916961
13184,11,1,0.5576539
13185,16,0,0.6510351
13186,5,1,0.54394794
13187,13,0,0.4621696
13188,2,0,0.13422148
13189,26,1,0.8511434
13190,23,0,0.20902033
13191,16,1,0.21002272
13192,14,0,0.5224112
13193,24,0,0.047227707
13194,13,0,0.32045463
13195,25,0,0.5005618
13196,12,0,0.2815659
13197,17,1,0.8781173
13198,9,0,0.18890797
13199,13,0,0.24123985
13200,12,1,0.6893669
13201,22,1,0.9172868
13202,8,0,0.33504096
13203,1,0,0.096606664
13204,5,0,0.31888783
13205,15,0,0.120781384
13206,14,1,0.75615156
13207,15,1,0.6220585
13208,5,1,0.8099328
13209,15,1,0.9564172
13210,19,1,0.34080848
13211,13,1,0.72173357
13212,13,0,0.21769315
13213,12,0,0.28173774
13214,1,1,0.76013446
13215,1,0,0.21902467
13216,4,1,0.53032744
13217,6,0,0.05800015
13218,6,0,0.2550482
13219,3,1,0.9677184
13220,3,0,0.662562
13221,12,1,0.71476865
13222,19,1,0.5335049
13223,16,1,0.6714835
13224,19,1,0.72533
13225,16,0,0.28481856
13226,23,0,0.12528451
13227,22,0,0.9140277
13228,15,0,0.09103092
13229,11,0,0.373975
13230,16,1,0.70767343
13231,3,0,0.19003776
13232,3,0,0.17963782
13233,11,0,0.22179134
13234,2,0,0.52277684
13235,22,1,0.8041264
13236,12,1,0.9991824
13237,13,0,0.12886412
13238,24,1,0.7543739
13239,25,1,0.3350363
13240,11,1,0.36148837
13241,14,1,0.8354893
13242,10,1,0.44124335
13243,14,0,0.33583596
13244,20,0,0.19493558
13245,10,1,0.5017825
13246,6,0,0.21481557
13247,17,1,0.22379628
13248,18,0,0.5653183
13249,13,1,0.37898034
13250,5,0,0.09566862
13251,17,1,0.18847772
13252,3,0,0.030274661
13253,26,1,0.6598582
13254,23,0,0.33360866
13255,26,0,0.10877953
13256,8,1,0.25662816
13257,4,0,0.21442977
13258,12,1,0.9584271
13259,8,0,0.42537138
13260,1,1,0.7189224
13261,20,1,0.5713459
13262,15,1,0.24890943
13263,15,1,0.89631325
13264,10,1,0.5498351
13265,1,0,0.45185098
13266,2,1,0.49885607
13267,12,0,0.12271398
13268,2,1,0.35738483
13269,26,0,0.041993063
13270,19,0,0.2779355
13271,2,1,0.9033089
13272,13,1,0.45574492
13273,13,1,0.99842787
13274,24,1,0.65131664
13275,17,0,0.1308774
13276,16,0,0.6388382
13277,25,0,0.14737497
13278,13,0,0.15770498
13279,20,0,0.18800619
13280,6,1,0.71802956
13281,17,0,0.07542875
13282,25,0,0.16159202
13283,24,0,0.4384456
13284,19,1,0.5649322
13285,16,1,0.54277056
13286,9,1,0.37314042
13287,13,0,0.33918253
13288,20,0,0.43392164
13289,1,1,0.7326615
13290,16,0,0.07883223
13291,9,0,0.42895856
13292,14,0,0.4303357
13293,21,0,0.24082723
13294,27,0,0.07385731
13295,22,0,0.50890756
13296,12,1,0.8618058
13297,2,0,0.31734157
13298,10,1,0.8709725
13299,2,1,0.3229201
13300,4,1,0.75176126
13301,23,1,0.46757036
13302,20,1,0.56189424
13303,13,0,0.10884605
13304,14,0,0.37646058
13305,20,1,0.47774947
13306,26,1,0.6631273
13307,13,1,0.21225156
13308,21,0,0.0015091484
13309,11,1,0.80354476
13310,8,0,0.2769949
13311,12,0,0.25259498
13312,25,0,0.051729336
13313,8,0,0.21267073
13314,10,0,0.50867105
13315,22,1,0.5084627
13316,6,0,0.077215135
13317,1,0,0.50009006
13318,15,0,0.24507055
13319,4,1,0.8009412
13320,22,0,0.3068036
13321,10,0,0.077019595
13322,17,0,0.69991124
13323,25,1,0.44205272
13324,1,0,0.17945199
13325,1,0,0.10192011
13326,7,0,0.04779923
13327,27,1,0.89477503
13328,26,1,0.9144659
13329,11,0,0.27755052
13330,17,0,0.053638503
13331,4,0,0.6158587
13332,28,0,0.6331118
13333,28,1,0.8222866
13334,16,0,0.007260547
13335,25,1,0.34495422
13336,20,1,0.6751105
13337,11,0,0.3948336
13338,0,0,0.19954002
13339,25,0,0.2968866
13340,7,1,0.40698022
13341,5,1,0.45885128
13342,25,0,0.12795909
13343,3,1,0.7046478
13344,1,1,0.68798137
13345,10,1,0.9441603
13346,17,1,0.9356823
13347,25,0,0.5579979
13348,16,0,0.29100728
13349,7,1,0.25059578
13350,12,1,0.5458657
13351,27,1,0.9989588
13352,27,1,0.80292916
13353,20,1,0.8035607
13354,8,0,0.2694394
13355,3,1,0.9217841
13356,28,1,0.50839484
13357,13,0,0.16522591
13358,25,1,0.5243449
13359,24,1,0.52143073
13360,21,1,0.94853735
13361,8,0,0.71622795
13362,16,0,0.45703596
13363,16,0,0.06823977
13364,12,0,0.23438643
13365,16,1,0.7315939
13366,26,1,0.46360776
13367,5,0,0.17482938
13368,22,0,0.03357475
13369,19,1,0.9975842
13370,14,1,0.4270459
13371,2,1,0.8416503
13372,27,1,0.6263774
13373,22,0,0.3650772
13374,8,1,0.88044244
13375,17,0,0.1797559
13376,27,1,0.99525625
13377,7,0,0.5590298
13378,3,0,0.23935047
13379,2,1,0.8478711
13380,2,0,0.25278288
13381,15,0,0.3900318
13382,2,1,0.9603531
13383,18,1,0.99998844
13384,22,0,0.2792212
13385,25,1,0.49178916
13386,17,1,0.22535148
13387,5,0,0.28580412
13388,0,0,0.38347018
13389,12,0,0.035237085
13390,17,0,0.3443699
13391,25,0,0.18710731
13392,23,1,0.4958227
13393,25,1,0.8259605
13394,26,0,0.4985776
13395,16,1,0.63489956
13396,1,1,0.3531203
13397,20,1,0.24950208
13398,13,1,0.8429601
13399,2,0,0.34467304
13400,22,1,0.4855139
13401,3,0,0.37808007
13402,0,0,0.25191057
13403,7,1,0.8723354
13404,9,0,0.102972776
13405,15,1,0.82042
13406,11,1,0.5149084
13407,5,1,0.56416184
13408,12,1,0.8091878
13409,6,1,0.76632637
13410,21,1,0.67597014
13411,24,1,0.6157462
13412,11,1,0.6575629
13413,10,0,0.20545569
13414,15,1,0.51739895
13415,0,0,0.15135834
13416,26,0,0.5319576
13417,0,0,0.29748055
13418,16,1,0.5304344
13419,16,1,0.61550313
13420,26,0,0.57841855
13421,25,0,0.32788512
13422,10,0,0.45535716
13423,20,1,0.65763307
13424,28,0,0.28636506
13425,15,1,0.6840244
13426,26,0,0.44867206
13427,6,1,0.538614
13428,12,1,0.5959746
13429,6,1,0.6155801
13430,24,1,0.99972385
13431,3,0,0.48501232
13432,7,0,0.066325456
13433,2,0,0.728955
13434,10,0,0.48405576
13435,25,0,0.5708894
13436,22,0,0.56152856
13437,21,1,0.5377123
13438,2,0,0.44135508
13439,10,1,0.67081225
13440,16,0,0.2108946
13441,19,0,0.000190845
13442,12,0,0.0019138604
13443,19,1,0.8994096
13444,10,1,0.41256365
13445,26,0,0.09713938
13446,1,0,0.17938799
13447,10,0,0.28995788
13448,10,1,0.8967654
13449,10,1,0.5067539
13450,20,0,0.053987067
13451,5,1,0.64070207
13452,26,1,0.5758145
13453,17,1,0.934612
13454,13,0,0.67857265
13455,18,0,0.46363902
13456,17,1,0.8903623
13457,23,1,0.9973105
13458,25,1,0.4804504
13459,26,1,0.82102156
13460,18,0,0.13313475
13461,22,1,0.9369214
13462,24,0,0.75675476
13463,16,1,0.16752231
13464,15,1,0.8007935
13465,13,1,0.9096074
13466,8,0,0.31601337
13467,18,0,0.5690813
13468,15,1,0.63579714
13469,25,0,0.603636
13470,20,0,0.28959265
13471,13,1,0.72896075
13472,0,1,0.6942591
13473,26,0,0.25984225
13474,7,1,0.78661764
13475,9,0,0.07713342
13476,13,1,0.49035937
13477,13,1,0.4550388
13478,27,1,0.9948073
13479,11,0,0.41316208
13480,6,0,0.7986368
13481,8,1,0.2845993
13482,20,0,0.22378305
13483,2,1,0.6016226
13484,28,0,0.04310122
13485,6,1,0.41276938
13486,26,0,0.076656625
13487,4,1,0.786338
13488,20,1,0.55302024
13489,25,0,0.2927358
13490,18,1,0.48909932
13491,25,1,0.3886539
13492,12,0,0.40517727
13493,5,1,0.7461012
13494,8,1,0.50143564
13495,9,1,0.6004994
13496,8,0,0.6148497
13497,2,0,0.6491671
13498,14,0,0.45418343
13499,10,1,0.6826687
13500,5,1,0.66429627
13501,16,0,0.3414915
13502,20,0,0.0492476
13503,7,1,0.47469786
13504,2,1,0.85951495
13505,0,1,0.88687336
13506,15,1,0.8427515
13507,16,0,0.5347161
13508,11,1,0.5190918
13509,16,1,0.6062706
13510,22,1,0.52825797
13511,12,0,0.09318103
13512,18,0,0.4450342
13513,10,1,0.66713387
13514,3,0,0.32059225
13515,22,1,0.9519801
13516,13,1,0.97991186
13517,6,0,0.97116077
13518,26,1,0.75147855
13519,10,0,0.5505672
13520,13,1,0.9806145
13521,1,0,0.040631298
13522,9,0,0.40318653
13523,13,0,0.41987416
13524,12,0,0.8868294
13525,8,1,0.9521242
13526,1,1,0.29015377
13527,2,1,0.59076333
13528,27,1,0.72346324
13529,12,0,0.091396816
13530,9,1,0.47140878
13531,17,1,0.6946076
13532,2,0,0.37270498
13533,23,0,0.06299457
13534,14,0,0.32973692
13535,22,0,0.4395965
13536,2,0,0.016293043
13537,26,1,0.35722467
13538,4,0,0.21146968
13539,4,0,0.5849742
13540,10,1,0.78974307
13541,16,0,0.5802372
13542,22,0,0.043029558
13543,14,0,0.3490304
13544,2,0,0.05267393
13545,27,0,0.08652714
13546,24,1,0.9658711
13547,28,0,0.18702544
13548,8,0,0.07637702
13549,4,0,0.6839431
13550,27,0,0.39616618
13551,12,1,0.66547066
13552,16,1,0.67599976
13553,17,1,0.8552657
13554,13,1,0.4321057
13555,10,0,0.1809872
13556,4,1,0.91724396
13557,15,0,0.16649295
13558,13,0,0.2982293
13559,26,1,0.97732097
13560,8,1,0.9843278
13561,23,1,0.9243305
13562,16,1,0.37780628
13563,8,0,0.15215838
13564,6,0,0.47465026
13565,26,0,0.24872598
13566,15,0,0.6694907
13567,15,0,0.37742797
13568,5,0,0.26514
13569,1,0,0.14017688
13570,8,0,0.21575736
13571,13,0,0.22664705
13572,2,1,0.7823339
13573,26,0,0.7195627
13574,4,0,0.17052746
13575,11,0,0.5091383
13576,10,1,0.5183301
13577,16,0,0.084705584
13578,28,0,0.27992404
13579,10,1,0.6804159
13580,27,0,0.56321955
13581,8,1,0.5738466
13582,8,1,0.894363
13583,22,0,0.29945344
13584,10,1,0.040820885
13585,10,0,0.23078342
13586,23,0,0.19105525
13587,10,0,0.2697998
13588,5,1,0.85984135
13589,15,0,0.30670372
13590,5,0,0.12960845
13591,17,1,0.40415162
13592,8,0,0.27043614
13593,26,0,0.25705943
13594,25,1,0.81136996
13595,27,1,0.4430566
13596,20,1,0.58311754
13597,4,1,0.43738014
13598,22,1,0.41551697
13599,0,1,0.80042845
13600,4,1,0.5420304
13601,21,0,0.043465488
13602,7,1,0.5391665
13603,18,1,0.3635725
13604,16,1,0.5477923
13605,2,0,0.318321
13606,20,1,0.19622205
13607,12,0,0.74937695
13608,20,0,0.38821754
13609,23,0,0.28286147
13610,17,0,0.21056265
13611,15,1,0.44113597
13612,1,0,0.24086706
13613,8,1,0.999984
13614,15,0,0.015852919
13615,13,1,0.9138193
13616,25,1,0.9779374
13617,8,1,0.965444
13618,2,0,0.2097249
13619,23,1,0.6928064
13620,16,1,0.6401074
13621,9,0,0.5659236
13622,13,1,0.73269254
13623,23,0,0.43357572
13624,22,1,0.849949
13625,22,1,0.6533069
13626,19,1,0.6970526
13627,6,1,0.99997866
13628,21,0,0.66075957
13629,8,1,0.48803517
13630,21,0,0.6178467
13631,18,0,0.48238403
13632,24,0,0.36084974
13633,8,0,0.6503985
13634,6,1,0.77552545
13635,16,1,0.38714442
13636,10,1,0.50782484
13637,15,1,0.7666081
13638,21,1,0.43547252
13639,26,1,0.1860479
13640,12,1,0.5460937
13641,11,0,0.47498512
13642,14,1,0.7788185
13643,14,1,0.34565115
13644,2,0,0.28582433
13645,10,1,0.89696467
13646,7,0,0.24308988
13647,17,1,0.6442871
13648,13,1,0.61843354
13649,23,1,0.9080478
13650,15,1,0.55922186
13651,17,0,0.218344
13652,27,1,0.88071334
13653,10,1,0.8144892
13654,12,1,0.9149814
13655,13,0,0.15339135
13656,1,0,0.67495173
13657,10,0,0.6856578
13658,1,1,0.7290999
13659,15,0,0.04933607
13660,13,0,0.32902676
13661,11,0,0.057246167
13662,12,0,0.20538671
13663,1,0,0.21043074
13664,5,0,0.38514793
13665,15,0,0.09095681
13666,1,0,0.66747946
13667,0,0,0.13454945
13668,19,1,0.5432421
13669,26,1,0.7257559
13670,16,0,0.32548285
13671,25,0,0.13004646
13672,25,1,0.56824696
13673,6,0,0.19591399
13674,12,1,0.89098656
13675,8,1,0.9999881
13676,20,1,0.681494
13677,16,0,0.19579414
13678,11,0,0.016190039
13679,12,1,0.7968487
13680,4,1,0.55245954
13681,25,0,0.33890173
13682,11,1,0.45996743
13683,16,1,0.7125648
13684,8,0,0.20530099
13685,26,1,0.64158607
13686,13,1,0.40047577
13687,2,0,0.16109079
13688,4,0,0.27840465
13689,4,1,0.92234665
13690,16,0,0.4594073
13691,25,0,0.4978998
13692,20,0,0.48398462
13693,13,1,0.7477214
13694,2,1,0.9925056
13695,15,0,0.27315798
13696,9,0,0.044088513
13697,20,1,0.72111416
13698,14,1,0.3260784
13699,4,1,0.96109915
13700,25,1,0.9696596
13701,16,0,0.07731259
13702,13,0,0.52108437
13703,28,1,0.23075561
13704,10,1,0.6485674
13705,1,1,0.42642137
13706,6,1,0.1966003
13707,15,0,0.58745426
13708,2,1,0.42665797
13709,2,0,0.23646729
13710,8,1,0.6562094
13711,1,1,0.47678247
13712,1,0,0.44471833
13713,17,0,0.47342992
13714,2,0,0.24283275
13715,2,1,0.2863455
13716,14,0,0.29323402
13717,10,1,0.72911805
13718,16,0,0.32154045
13719,5,0,0.0019006524
13720,1,0,0.66551805
13721,7,0,0.68261284
13722,8,1,0.87367666
13723,27,0,0.13009539
13724,17,1,0.941563
13725,13,1,0.28935474
13726,8,0,0.33396754
13727,16,1,0.5004006
13728,9,0,0.19340165
13729,28,1,0.9284382
13730,0,0,0.17659152
13731,23,0,0.21547139
13732,0,1,0.89534
13733,0,1,0.7217094
13734,26,1,0.5693907
13735,8,1,0.64754796
13736,18,0,0.49271974
13737,16,0,0.62846464
13738,16,1,0.40029013
13739,12,0,0.4045687
13740,11,1,0.6660711
13741,8,0,0.20828535
13742,12,0,0.23283155
13743,24,0,0.20855883
13744,16,0,0.7133359
13745,20,1,0.84189737
13746,6,1,0.5185414
13747,26,1,0.80618334
13748,21,0,0.78249806
13749,14,0,0.5858288
13750,25,0,0.44425008
13751,24,0,0.21397707
13752,6,0,0.020499578
13753,16,0,0.18076175
13754,13,1,0.57672846
13755,24,1,0.6635837
13756,24,1,0.8732197
13757,2,1,0.90013427
13758,12,0,0.2892012
13759,26,0,0.525498
13760,15,0,0.6984992
13761,17,0,0.24139652
13762,11,1,0.59940976
13763,16,1,0.20295136
13764,20,1,0.8992422
13765,27,0,0.51192296
13766,4,1,0.6257305
13767,10,1,0.59198594
13768,13,1,0.6286405
13769,11,0,0.089599095
13770,10,1,0.970463
13771,20,1,0.92526805
13772,10,1,0.91933024
13773,15,0,0.20461746
13774,8,0,0.17250788
13775,2,0,0.3173819
13776,3,0,0.5914394
13777,25,1,0.964567
13778,13,0,0.24666657
13779,22,1,0.788836
13780,26,0,0.87211597
13781,17,0,0.023772724
13782,17,0,0.16077362
13783,26,1,0.34904662
13784,15,1,0.92722803
13785,16,0,0.5397178
13786,27,0,0.0022693984
13787,1,0,0.41888952
13788,7,1,0.3921452
13789,13,0,0.36696792
13790,17,0,0.43922743
13791,10,1,0.5028462
13792,4,1,0.94983774
13793,11,1,0.7914693
13794,28,0,0.67984945
13795,4,0,0.05781473
13796,25,0,0.42586094
13797,1,1,0.61236876
13798,22,0,0.10266145
13799,2,0,0.5265735
13800,28,1,0.3065005
13801,8,1,0.5995532
13802,9,1,0.818704
13803,13,0,0.12759012
13804,25,1,0.9473148
13805,13,1,0.8844961
13806,14,0,0.19461857
13807,17,1,0.98927563
13808,17,1,0.45757744
13809,1,0,0.0491567
13810,8,0,0.3304571
13811,16,0,0.44666708
13812,15,0,0.36559042
13813,13,1,0.612084
13814,23,1,0.7331783
13815,23,1,0.7276169
13816,28,0,0.23702739
13817,16,1,0.75205934
13818,21,0,0.46772853
13819,13,1,0.37878424
13820,6,1,0.46757287
13821,20,1,0.47375226
13822,9,0,0.6128252
13823,16,0,0.36580858
13824,22,1,0.8659822
13825,7,0,0.038395982
13826,17,0,0.25392938
13827,19,0,0.33907905
13828,27,0,0.31970742
13829,15,1,0.7828815
13830,6,1,0.58748084
13831,11,1,0.9950669
13832,14,1,0.92325145
13833,16,1,0.84509504
13834,13,1,0.20264226
13835,13,1,0.43224686
13836,15,1,0.829174
13837,28,0,0.21188264
13838,2,1,0.82523274
13839,17,0,0.24887708
13840,1,1,0.45131245
13841,1,1,0.46409038
13842,18,1,0.66578513
13843,17,1,0.71483773
13844,18,1,0.31057256
13845,17,1,0.44861567
13846,0,1,0.7138017
13847,8,0,0.13001578
13848,13,1,0.8894566
13849,0,1,0.94878495
13850,16,0,0.53944004
13851,26,1,0.93396723
13852,11,1,0.9621209
13853,14,0,0.7078859
13854,8,1,0.9364971
13855,11,0,0.68159956
13856,27,0,0.2877635
13857,20,1,0.86515236
13858,13,0,0.6030486
13859,8,1,0.90358615
13860,13,1,0.8223958
13861,27,1,0.7113737
13862,1,1,0.65586174
13863,11,0,0.19226998
13864,4,0,0.17485541
13865,7,0,0.38353667
13866,3,0,0.23951265
13867,9,0,0.5548139
13868,17,0,0.32907635
13869,9,0,0.12921993
13870,16,1,0.7857398
13871,15,0,0.05462631
13872,14,0,0.14002113
13873,18,0,0.16231923
13874,12,0,0.41924995
13875,19,0,0.35370222
13876,22,0,0.2879852
13877,8,1,0.8083177
13878,25,1,0.57677597
13879,6,1,0.80185103
13880,5,0,0.16835876
13881,18,0,0.058394928
13882,17,0,0.6643988
13883,3,0,0.75594974
13884,24,1,0.67751956
13885,10,0,0.24335957
13886,8,0,0.112985454
13887,8,1,0.6318819
13888,12,1,0.6733555
13889,6,1,0.6608547
13890,27,1,0.57734823
13891,2,1,0.8426528
13892,0,1,0.766231
13893,28,1,0.28200075
13894,11,0,0.29135466
13895,16,0,0.8418096
13896,0,0,0.08169607
13897,6,1,0.5975761
13898,28,0,0.40058342
13899,7,1,0.76734924
13900,3,0,0.11099406
13901,4,1,0.9825899
13902,10,1,0.5078834
13903,9,1,0.5268744
13904,8,0,0.62781274
13905,23,0,0.66224724
13906,12,0,0.08239381
13907,13,1,0.6114669
13908,15,1,0.5748848
13909,17,1,0.7253301
13910,16,0,0.14329967
13911,11,0,0.6704834
13912,9,1,0.9690185
13913,6,1,0.8642818
13914,15,1,0.48022386
13915,1,0,0.42031652
13916,3,1,0.9991059
13917,25,0,0.21277092
13918,0,0,0.19449484
13919,15,0,0.29855278
13920,11,0,0.49633592
13921,15,1,0.6088814
13922,27,0,0.20992094
13923,23,0,0.5040056
13924,18,0,0.17734595
13925,25,0,0.23922215
13926,28,0,0.24078874
13927,26,0,0.2744163
13928,2,1,0.35388175
13929,13,0,0.025181629
13930,20,1,0.81827223
13931,11,1,0.6928473
13932,14,1,0.73978364
13933,22,1,0.35415238
13934,11,1,0.5762402
13935,12,0,0.16222586
13936,3,0,0.32540464
13937,7,1,0.61955917
13938,8,0,0.10010267
13939,17,0,0.37347278
13940,11,1,0.91834825
13941,15,1,0.7754631
13942,2,1,0.95762193
13943,1,0,0.2370471
13944,16,1,0.40477887
13945,1,1,0.66160744
13946,13,0,0.5109644
13947,8,1,0.93713933
13948,10,0,0.2872799
13949,22,0,0.1212323
13950,16,0,0.43495828
13951,9,0,0.48920858
13952,12,1,0.59896684
13953,19,0,0.55737895
13954,6,0,0.2623202
13955,18,0,0.2472839
13956,8,1,0.5147321
13957,2,1,0.49046567
13958,18,1,0.848022
13959,15,0,0.5766401
13960,24,1,0.9568495
13961,22,1,0.3881914
13962,13,1,0.5619431
13963,9,1,0.99324965
13964,1,0,0.6054241
13965,4,0,0.2858078
13966,19,0,0.43615425
13967,11,0,0.49680522
13968,5,1,0.573871
13969,12,0,0.17542714
13970,26,0,0.009064879
13971,13,0,0.3429796
13972,16,1,0.86574113
13973,13,0,0.1399307
13974,16,0,0.44113374
13975,18,0,0.089440115
13976,16,0,0.28248286
13977,6,0,0.5334544
13978,16,0,0.031790383
13979,12,1,0.6214823
13980,8,0,0.33232656
13981,26,1,0.6466548
13982,15,1,0.77359587
13983,16,0,0.2953386
13984,6,1,0.8527316
13985,11,0,0.27461016
13986,12,1,0.77881217
13987,2,1,0.991698
13988,2,1,0.18919262
13989,14,0,0.51276934
13990,8,1,0.9797076
13991,8,1,0.6455129
13992,26,0,0.3274307
13993,16,0,0.32972008
13994,2,1,0.9388852
13995,0,1,0.28835416
13996,13,1,0.91156423
13997,20,0,0.40344268
13998,2,0,0.19572166
13999,13,0,0.5571426
14000,22,1,0.8264893
14001,1,0,0.16405864
14002,1,0,0.13111952
14003,6,0,0.35397032
14004,26,0,0.62035346
14005,2,1,0.75933945
14006,9,1,0.82774466
14007,19,1,0.44330892
14008,8,0,0.18056701
14009,22,1,0.9214605
14010,6,1,0.7349301
14011,23,1,0.5467073
14012,14,0,0.2412689
14013,11,0,0.5622505
14014,8,1,0.334543
14015,27,0,0.25353515
14016,28,1,0.8843802
14017,10,0,0.34090084
14018,17,0,0.45183092
14019,25,1,0.92637527
14020,8,1,0.2807552
14021,8,1,0.41641378
14022,24,1,0.8747525
14023,1,1,0.81701857
14024,25,1,0.15868352
14025,5,1,0.87243396
14026,1,0,0.355008
14027,28,1,0.33341944
14028,15,0,0.26460904
14029,16,1,0.86851645
14030,0,0,0.10974504
14031,22,1,0.79645115
14032,13,0,0.01006555
14033,18,1,0.93595695
14034,13,0,0.32484537
14035,13,0,0.32914814
14036,7,0,0.002084336
14037,11,0,0.25079012
14038,5,1,0.9839818
14039,8,1,0.9572557
14040,14,1,0.928446
14041,18,1,0.7900169
14042,7,0,0.52746856
14043,16,1,0.75223655
14044,6,0,0.37255502
14045,11,0,0.7923701
14046,26,0,0.36281273
14047,13,1,0.78886724
14048,13,1,0.33765492
14049,16,1,0.7553803
14050,20,0,0.91384876
14051,17,0,0.27012947
14052,16,1,0.6165029
14053,12,1,0.5770686
14054,15,0,0.021792514
14055,17,1,0.3955401
14056,25,1,0.7055895
14057,8,0,0.07057315
14058,25,1,0.69925696
14059,4,1,0.6578117
14060,2,1,0.58859384
14061,11,1,0.66435385
14062,11,0,0.6292908
14063,26,0,0.10027404
14064,28,0,0.08840502
14065,7,1,0.76722413
14066,13,1,0.489525
14067,16,0,0.35010773
14068,8,0,0.53197956
14069,26,1,0.8917031
14070,26,0,0.16422257
14071,22,1,0.7799538
14072,11,0,0.34473762
14073,10,0,0.02450998
14074,24,1,0.95503086
14075,25,0,0.41768497
14076,7,1,0.96139675
14077,1,1,0.88340276
14078,4,0,0.21260743
14079,7,1,0.45731595
14080,26,0,0.037042465
14081,12,1,0.8604225
14082,12,0,0.50926006
14083,27,0,0.55842215
14084,22,1,0.8370523
14085,9,0,0.02225512
14086,20,0,0.11261018
14087,20,0,0.27028027
14088,23,0,0.28816664
14089,1,0,0.3591756
14090,25,1,0.26937842
14091,25,0,0.4609097
14092,26,1,0.7738731
14093,19,0,0.3123451
14094,19,1,0.83343595
14095,2,0,0.06978138
14096,10,1,0.38687688
14097,11,0,0.33431917
14098,16,0,0.19600251
14099,11,1,0.5675397
14100,20,0,0.7470173
14101,16,0,0.0019655658
14102,4,0,0.27285177
14103,28,0,0.4831448
14104,2,0,0.2095237
14105,2,1,0.5812013
14106,22,0,0.11491546
14107,3,0,0.43054372
14108,11,1,0.6747672
14109,10,1,0.8850995
14110,22,0,0.57768506
14111,23,0,0.23704277
14112,8,0,0.3968993
14113,10,0,0.4667838
14114,1,0,0.13009675
14115,2,1,0.8633722
14116,20,1,0.8856362
14117,27,0,0.5715731
14118,22,1,0.8200346
14119,19,1,0.8314383
14120,21,0,0.4813898
14121,4,1,0.39502037
14122,10,0,0.2847558
14123,25,0,0.29818702
14124,4,1,0.37939003
14125,2,0,0.20715436
14126,15,0,0.23889773
14127,11,0,0.306459
14128,3,0,0.49346825
14129,18,0,0.4822175
14130,16,1,0.7345537
14131,13,1,0.605951
14132,1,0,0.011804089
14133,16,0,0.4383416
14134,10,0,0.29086506
14135,18,1,0.6217395
14136,26,1,0.9233057
14137,21,0,0.65749055
14138,21,0,0.12905717
14139,10,1,0.6262535
14140,3,1,0.72781885
14141,3,0,0.38342306
14142,26,1,0.43916026
14143,3,1,0.36549523
14144,15,1,0.65932876
14145,15,1,0.5856301
14146,16,0,0.34924465
14147,15,1,0.9214432
14148,8,0,0.09027033
14149,4,0,0.05001417
14150,8,1,0.9254477
14151,10,1,0.8603208
14152,7,0,0.45661885
14153,8,0,0.45739037
14154,9,1,0.47281542
14155,18,1,0.45082185
14156,24,1,0.8574289
14157,22,0,0.24507399
14158,3,1,0.8579333
14159,1,0,0.40503344
14160,0,1,0.90201414
14161,24,1,0.9437068
14162,25,0,0.55225617
14163,8,1,0.34823588
14164,13,1,0.5313812
14165,18,1,0.7100232
14166,26,1,0.9595405
14167,16,0,0.30630973
14168,16,1,0.5563015
14169,13,1,0.9427326
14170,26,1,0.8406844
14171,5,0,0.3445005
14172,17,1,0.9999999
14173,25,1,0.6157841
14174,6,1,0.96543115
14175,11,1,0.5122618
14176,15,0,0.287933
14177,15,0,0.17195201
14178,7,1,0.62244093
14179,23,0,0.22038913
14180,7,0,0.72767454
14181,19,1,0.6509783
14182,7,1,0.18827458
14183,11,1,0.76365507
14184,4,0,0.052545607
14185,6,1,0.34105197
14186,22,0,0.24670792
14187,13,0,0.5007798
14188,18,1,0.68942744
14189,12,0,0.26338786
14190,3,1,0.490949
14191,25,0,0.6927747
14192,9,0,0.24814667
14193,19,1,0.90099156
14194,14,0,0.13954668
14195,18,0,0.100274906
14196,16,0,0.4389459
14197,12,1,0.71661663
14198,27,1,0.84265274
14199,5,0,0.19151787
14200,2,1,0.68027014
14201,8,1,0.9982436
14202,16,1,0.45060414
14203,14,0,0.054106947
14204,16,0,0.40214717
14205,2,0,0.15086862
14206,17,0,0.00010074839
14207,15,0,0.53406996
14208,0,0,0.1844467
14209,2,0,0.5952205
14210,6,1,0.57888967
14211,16,1,0.41853607
14212,3,0,0.72670054
14213,16,1,0.7475763
14214,0,1,0.8437424
14215,0,1,0.80537903
14216,4,1,0.4323332
14217,25,0,0.53511876
14218,3,1,0.57089496
14219,11,0,0.16852397
14220,8,1,0.48519084
14221,12,0,0.3536275
14222,18,0,0.42072555
14223,7,0,0.20246208
14224,5,1,0.34450197
14225,15,1,0.42656878
14226,2,1,0.60373056
14227,14,1,0.8428686
14228,0,0,0.38925907
14229,9,0,0.16888948
14230,19,0,0.6325461
14231,19,0,0.5255772
14232,10,0,0.28530595
14233,9,0,0.15776695
14234,25,1,0.9679043
14235,2,1,0.9605261
14236,21,1,0.54172224
14237,25,1,0.929234
14238,16,1,0.58827597
14239,10,0,0.28111398
14240,6,0,0.11950031
14241,12,1,0.09993131
14242,1,0,0.32145196
14243,11,0,0.30911037
14244,23,0,0.5447629
14245,20,0,0.5121953
14246,26,0,0.5723408
14247,17,0,0.3215937
14248,12,1,0.8944347
14249,3,1,0.46092564
14250,10,0,0.16423748
14251,5,0,0.3475121
14252,16,1,0.6310437
14253,13,1,0.84462017
14254,11,0,0.36265618
14255,21,0,0.08245647
14256,12,1,0.7412343
14257,2,0,0.48759678
14258,25,0,0.23361859
14259,16,1,0.61325455
14260,11,0,0.31680116
14261,16,0,0.023966156
14262,17,1,0.8814773
14263,27,0,0.22732729
14264,15,0,0.15691587
14265,28,0,0.2743762
14266,3,0,0.059886284
14267,3,1,0.7872254
14268,16,1,0.49681428
14269,24,1,0.31139907
14270,24,1,0.4636701
14271,18,0,0.06230809
14272,26,0,0.04767091
14273,7,0,0.11860246
14274,27,0,0.4231696
14275,13,1,0.6353818
14276,16,1,0.44687685
14277,12,1,0.2976675
14278,7,0,0.44661915
14279,8,0,0.3940759
14280,26,0,0.38559657
14281,13,0,0.08121263
14282,8,1,0.7264679
14283,15,1,0.99876356
14284,10,1,0.31121048
14285,15,0,0.458733
14286,15,1,0.70238805
14287,10,0,0.6524803
14288,10,0,0.59973127
14289,11,1,0.934655
14290,13,1,0.85488015
14291,22,0,0.20411424
14292,13,0,0.07780311
14293,16,0,0.29123566
14294,0,0,0.18273076
14295,18,0,0.18495235
14296,17,1,0.8125569
14297,6,1,0.7995015
14298,8,1,0.68690795
14299,8,1,0.35562164
14300,13,0,0.039725643
14301,25,0,0.22367518
14302,15,0,0.09028274
14303,25,0,0.67870027
14304,23,1,0.5669161
14305,21,1,0.87965435
14306,2,1,0.5658456
14307,25,0,0.66430247
14308,16,0,0.0177442
14309,1,0,0.16515811
14310,21,1,0.5281414
14311,17,0,0.67863446
14312,18,0,0.28887212
14313,16,0,0.46529406
14314,2,1,0.86902755
14315,5,0,0.51193404
14316,13,0,0.17099567
14317,26,0,0.22689772
14318,16,0,0.2792886
14319,1,0,0.33080754
14320,7,0,0.40476602
14321,0,0,0.18472531
14322,28,0,0.74909174
14323,26,0,0.043919962
14324,13,0,0.0005893276
14325,20,0,0.46012464
14326,18,1,0.69292283
14327,20,0,0.24234205
14328,11,0,0.65385306
14329,10,0,0.48498487
14330,16,0,0.37544045
14331,26,1,0.28954417
14332,10,1,0.27528426
14333,11,0,0.51129097
14334,2,0,0.14254369
14335,13,0,0.4681213
14336,2,0,0.44037047
14337,6,1,0.79604745
14338,28,0,0.4163967
14339,20,1,0.44010097
14340,16,1,0.7353893
14341,26,0,0.64987034
14342,13,1,0.68559706
14343,10,1,0.4999317
14344,20,1,0.5341798
14345,10,0,0.1500044
14346,13,0,0.29995742
14347,12,0,0.03733881
14348,16,1,0.66262233
14349,7,0,0.1839743
14350,27,0,0.49286154
14351,1,1,0.37714612
14352,4,1,0.7110153
14353,10,1,0.79212785
14354,4,1,0.98095256
14355,22,0,0.6746851
14356,26,1,0.69717366
14357,26,0,0.78056335
14358,17,1,0.33119398
14359,18,1,0.93905747
14360,3,0,0.61815965
14361,27,1,0.9761588
14362,16,0,0.71093833
14363,8,1,0.22324221
14364,2,0,0.51489115
14365,27,0,0.11648401
14366,22,0,7.158757e-05
14367,27,0,0.28766656
14368,1,0,0.024263704
14369,11,0,0.39460123
14370,17,0,0.003737245
14371,11,1,0.8562789
14372,10,0,0.64814526
14373,9,1,0.8047955
14374,11,1,0.6999542
14375,11,0,0.51466274
14376,7,1,0.41679856
14377,17,0,0.09199587
14378,11,0,0.405322
14379,8,1,0.9819577
14380,16,0,0.43923607
14381,12,1,0.5336036
14382,8,1,0.37573737
14383,13,1,0.5380504
14384,1,0,0.42255384
14385,22,1,0.9915553
14386,25,0,0.46040326
14387,22,1,0.76131374
14388,9,0,0.58570576
14389,11,1,0.7662846
14390,21,0,0.12090827
14391,10,1,0.68938994
14392,14,0,0.2497696
14393,20,1,0.9072662
14394,25,0,0.3005162
14395,4,0,0.3987165
14396,16,0,0.43852487
14397,28,0,0.37945065
14398,2,1,0.8476505
14399,28,0,0.2178691
14400,16,0,0.5812899
14401,20,0,0.77319676
14402,7,1,0.4285513
14403,14,0,0.5291648
14404,8,0,0.44227925
14405,11,0,0.36604342
14406,2,0,0.35296527
14407,2,0,0.053004555
14408,26,1,0.9337591
14409,4,1,0.25992134
14410,17,0,0.27349502
14411,2,0,0.3150243
14412,16,1,0.806893
14413,25,0,0.3601166
14414,9,0,0.25568268
14415,13,1,0.79391444
14416,27,1,0.71686196
14417,1,1,0.913978
14418,25,1,0.9190851
14419,4,0,0.17471571
14420,0,0,0.55243427
14421,13,1,0.72083926
14422,13,0,0.08798958
14423,26,1,0.8129517
14424,18,0,0.40353414
14425,23,0,0.24403268
14426,2,0,0.22343855
14427,11,0,0.065581925
14428,3,0,0.40287182
14429,6,1,0.68273157
14430,13,1,0.7070319
14431,15,0,0.24265672
14432,19,1,0.44507325
14433,6,0,0.064854495
14434,28,1,0.8964637
14435,20,0,0.46761182
14436,10,1,0.6171297
14437,3,1,0.45784906
14438,22,0,0.43514633
14439,17,0,0.20911577
14440,11,1,0.8426819
14441,23,1,0.7196031
14442,28,1,0.9696405
14443,12,1,0.81390405
14444,24,0,0.012313097
14445,8,0,0.31430665
14446,27,0,0.3044032
14447,28,0,0.25011796
14448,25,1,0.6880457
14449,20,1,0.81877685
14450,13,1,0.6106518
14451,3,1,0.45546734
14452,28,1,0.49192926
14453,11,1,0.7144625
14454,2,0,0.5642373
14455,15,1,0.58755964
14456,2,0,0.048052497
14457,21,0,0.42012513
14458,15,0,0.36078173
14459,24,0,0.14797202
14460,0,1,0.8040964
14461,20,1,0.59505814
14462,27,1,0.94482553
14463,2,0,0.07035136
14464,15,1,0.39204094
14465,19,0,0.4085085
14466,22,0,0.26410943
14467,19,0,0.055889048
14468,14,1,0.71732163
14469,23,1,0.99748766
14470,26,0,0.56720275
14471,13,0,0.60039926
14472,7,1,0.63314265
14473,2,0,0.39973208
14474,2,1,0.6930552
14475,23,0,0.22251906
14476,22,0,0.066802666
14477,27,0,0.28820613
14478,24,0,0.052582856
14479,10,0,0.43818086
14480,8,0,0.23705707
14481,6,0,0.06992396
14482,6,1,0.8721915
14483,17,0,0.09125847
14484,12,1,0.48847082
14485,25,0,0.4942247
14486,25,0,0.100102775
14487,26,1,0.94541055
14488,25,1,0.44037393
14489,26,0,0.21781433
14490,25,1,0.63362277
14491,1,1,0.9616021
14492,17,0,0.7867529
14493,4,0,0.44540793
14494,6,1,0.56302816
14495,8,1,0.28177065
14496,24,0,0.5333589
14497,9,1,0.98118603
14498,15,1,0.7064504
14499,22,1,0.79047817
14500,28,1,0.85910404
14501,4,0,0.44313765
14502,13,0,0.31132072
14503,11,1,0.43742228
14504,2,0,0.24169926
14505,5,0,0.50681216
14506,11,0,0.1423187
14507,1,1,0.68136734
14508,17,0,0.5845888
14509,28,1,0.3330147
14510,10,1,0.5646684
14511,19,0,0.52741563
14512,8,0,0.31140727
14513,4,1,0.92358464
14514,13,0,0.52435076
14515,15,1,0.8674095
14516,27,1,0.84948516
14517,13,1,0.7582605
14518,22,0,0.81731015
14519,22,1,0.6446418
14520,8,1,0.7829711
14521,24,1,0.6744039
14522,1,0,0.17730632
14523,28,0,0.18281297
14524,4,1,0.5788571
14525,2,0,0.42221743
14526,23,0,0.37131307
14527,17,1,0.4731816
14528,16,1,0.87017375
14529,1,1,0.5391728
14530,16,0,0.34861025
14531,10,0,0.24554342
14532,13,1,0.8073589
14533,13,1,0.567802
14534,8,0,0.15076633
14535,8,1,0.35926846
14536,23,0,0.060509406
14537,26,0,0.2875345
14538,28,1,0.6554328
14539,11,1,0.8046619
14540,6,0,0.011338529
14541,15,0,0.12807065
14542,14,0,0.11205395
14543,13,1,0.31279647
14544,14,0,0.7420592
14545,25,1,0.9130102
14546,15,1,0.6368662
14547,19,1,0.31025064
14548,8,1,0.83006173
14549,10,1,0.24600503
14550,28,0,0.41821602
14551,13,1,0.60992754
14552,4,1,0.9930275
14553,14,0,0.21872254
14554,16,1,0.9922998
14555,16,0,0.48287818
14556,2,0,0.0004605699
14557,26,1,0.2596009
14558,28,0,0.50884944
14559,10,1,0.69210386
14560,14,0,0.14377308
14561,12,1,0.19476879
14562,11,1,0.8576238
14563,16,0,0.59343415
14564,2,0,0.19326594
14565,20,0,0.34847426
14566,12,1,0.96108586
14567,5,0,0.12506843
14568,18,1,0.93398833
14569,15,1,0.43092296
14570,17,1,0.47687647
14571,1,0,0.00029531927
14572,2,0,0.2172784
14573,2,1,0.6957917
14574,20,1,0.5090761
14575,15,0,0.16614036
14576,2,0,0.23109974
14577,7,0,0.4074192
14578,27,1,0.7211574
14579,20,0,0.2908761
14580,6,0,0.81962824
14581,6,0,0.35981026
14582,22,1,0.5308709
14583,13,0,0.44077137
14584,22,1,0.733513
14585,8,0,0.16381603
14586,19,0,0.26781362
14587,26,1,0.8159675
14588,6,0,0.16446304
14589,1,1,0.3696281
14590,10,0,0.596535
14591,13,1,0.96985817
14592,7,1,0.7949887
14593,2,1,0.55337405
14594,10,1,0.9768346
14595,26,0,0.14617303
14596,15,1,0.22481118
14597,2,1,0.94265914
14598,8,0,0.029111579
14599,13,0,0.727437
14600,11,0,0.32044795
14601,8,0,0.10145844
14602,14,1,0.6341435
14603,2,1,0.9355316
14604,18,1,0.5954807
14605,15,1,0.6197427
14606,25,1,0.508199
14607,13,1,0.950746
14608,13,1,0.7504927
14609,18,1,0.53506094
14610,13,1,0.2846092
14611,15,1,0.97336924
14612,22,0,0.3037612
14613,3,1,0.9470764
14614,25,0,0.26250163
14615,6,0,0.26223877
14616,19,1,0.72834074
14617,13,0,0.38358527
14618,14,1,0.6828426
14619,16,1,0.4117543
14620,0,0,0.6738532
14621,28,1,0.423312
14622,24,1,0.4767154
14623,25,0,0.06434901
14624,15,1,0.9336348
14625,10,0,0.4675574
14626,7,1,0.5387287
14627,13,1,0.88744235
14628,10,1,0.6246391
14629,10,1,0.48147726
14630,11,0,0.47423348
14631,25,1,0.92474246
14632,1,1,0.7662632
14633,28,1,0.62390614
14634,1,0,0.30744135
14635,3,0,0.35445222
14636,14,0,0.123619415
14637,21,1,0.2847424
14638,11,0,0.32248163
14639,18,0,0.42920318
14640,6,1,0.722884
14641,27,1,0.56527895
14642,12,1,0.5631661
14643,18,0,0.5644292
14644,7,1,0.5760113
14645,16,0,0.56461596
14646,1,1,0.90483505
14647,22,0,0.42695957
14648,8,1,0.47228223
14649,22,0,0.74813384
14650,25,0,0.46195456
14651,26,1,0.73538524
14652,4,0,0.20825674
14653,28,0,0.36327198
14654,23,1,0.6121304
14655,16,0,0.51043504
14656,8,1,0.91732675
14657,7,0,0.28834572
14658,26,0,0.48385647
14659,18,0,0.51628554
14660,12,0,0.091334075
14661,11,0,0.22576171
14662,16,1,0.96364105
14663,19,0,0.4094012
14664,14,1,0.2529914
14665,23,1,0.71000177
14666,27,0,0.7101091
14667,19,1,0.77734584
14668,20,0,0.15436006
14669,13,0,0.17747177
14670,2,0,0.31737623
14671,6,1,0.720559
14672,12,0,0.6661141
14673,5,0,0.2793382
14674,26,1,0.85019416
14675,11,0,0.44012952
14676,16,0,0.3598428
14677,1,1,0.7732452
14678,1,0,0.31461614
14679,25,1,0.70116466
14680,15,0,0.09221035
14681,26,0,0.3382532
14682,16,0,0.45502475
14683,3,0,0.051131885
14684,25,1,0.5697395
14685,1,0,0.2115008
14686,25,0,0.23992607
14687,11,0,0.21335989
14688,6,1,0.29954693
14689,13,1,0.94355077
14690,16,1,0.6775378
14691,20,1,0.97568
14692,14,1,0.536481
14693,0,0,0.6716284
14694,1,0,0.24731295
14695,6,0,0.4137175
14696,16,1,0.6815949
14697,5,1,0.6726944
14698,4,1,0.373275
14699,25,1,0.364853
14700,19,0,0.43071523
14701,27,0,0.082162306
14702,28,0,0.12650678
14703,13,0,0.20079881
14704,9,0,0.5220266
14705,24,1,0.26600683
14706,11,1,0.85589904
14707,20,1,0.6754498
14708,0,0,0.09974812
14709,12,1,0.34417102
14710,23,1,0.7974075
14711,1,0,0.04614222
14712,21,0,0.27984378
14713,3,0,0.38036004
14714,19,0,0.6744179
14715,15,0,0.09566396
14716,25,1,0.95297074
14717,1,0,0.17927217
14718,25,0,0.49717858
14719,11,0,0.032095127
14720,2,1,0.40323913
14721,4,1,0.17494531
14722,23,1,0.31865716
14723,18,1,0.4079714
14724,22,1,0.7507463
14725,17,1,0.9963954
14726,27,0,0.79926336
14727,13,0,0.2056372
14728,8,1,0.9301408
14729,6,1,0.8446393
14730,3,0,0.44668958
14731,3,1,0.7540248
14732,21,0,0.073588595
14733,2,0,0.6009227
14734,1,1,0.51420057
14735,17,0,0.037035033
14736,21,1,0.87001073
14737,16,0,0.037417755
14738,4,1,0.78512126
14739,22,1,0.8672895
14740,3,0,0.20001213
14741,16,1,0.92667156
14742,0,1,0.38393956
14743,19,1,0.5666805
14744,8,0,0.4816454
14745,17,0,0.3901042
14746,8,0,0.2991963
14747,11,1,0.69722307
14748,19,0,0.03987472
14749,25,1,0.9546217
14750,27,1,0.5114318
14751,2,0,0.35259995
14752,25,0,0.3966301
14753,28,1,0.99908054
14754,25,1,0.37158456
14755,1,0,0.3816937
14756,11,0,0.5112149
14757,18,0,0.55113345
14758,21,0,0.31105456
14759,26,0,0.38676316
14760,15,0,0.36133096
14761,10,1,0.8442995
14762,10,1,0.5558938
14763,6,1,0.7032705
14764,10,0,0.70344615
14765,23,1,0.44867927
14766,25,1,0.59092164
14767,1,1,0.7647985
14768,8,0,0.0032210802
14769,22,0,0.4180502
14770,8,1,0.22009562
14771,22,1,0.99796766
14772,27,1,0.89167756
14773,14,0,0.44190758
14774,28,1,0.61523145
14775,5,0,0.32135895
14776,11,1,0.65247065
14777,5,0,0.20855571
14778,11,0,0.0068559973
14779,17,0,0.12023302
14780,8,0,0.3971294
14781,26,0,0.2833374
14782,16,0,0.19774853
14783,22,1,0.891361
14784,25,1,0.57276213
14785,22,1,0.570959
14786,16,1,0.61622095
14787,15,1,0.9301769
14788,11,1,0.42117727
14789,3,0,0.14544916
14790,1,1,0.70960265
14791,12,0,0.7096698
14792,2,0,0.46915007
14793,15,1,0.7090911
14794,26,0,0.19887531
14795,0,0,0.3942093
14796,26,0,0.25106695
14797,2,0,0.4921805
14798,22,0,0.15117092
14799,15,0,0.22923031
14800,0,1,0.6413171
14801,12,0,0.030069258
14802,21,0,0.59449464
14803,5,0,0.017322281
14804,2,0,0.43285036
14805,13,1,0.98187387
14806,8,0,0.3514921
14807,23,1,0.6624603
14808,27,1,0.5671208
14809,17,1,0.7951652
14810,16,0,0.47315273
14811,2,1,0.58848035
14812,25,1,0.47872576
14813,8,0,0.14863469
14814,21,0,0.013098327
14815,17,0,0.10686338
14816,10,1,0.70886815
14817,11,0,0.43465745
14818,12,1,0.6814419
14819,1,1,0.54922557
14820,14,1,0.91369617
14821,11,0,0.17713921
14822,16,0,0.4937697
14823,15,1,0.94252294
14824,1,0,0.30001852
14825,6,0,0.087434486
14826,2,0,0.4223581
14827,24,1,0.92817867
14828,0,1,0.63806444
14829,20,1,0.9568157
14830,2,0,0.08784308
14831,8,1,0.9934208
14832,12,1,0.6331154
14833,2,0,0.6588748
14834,7,0,0.39753
14835,20,0,0.28900605
14836,8,1,0.4702242
14837,8,0,0.007211263
14838,11,0,0.15717617
14839,18,0,0.61245173
14840,10,0,0.084529944
14841,15,1,0.24473467
14842,15,0,0.30331954
14843,15,1,0.56069213
14844,23,0,0.33216494
14845,18,0,0.6098166
14846,11,0,0.15071844
14847,0,1,0.98693013
14848,13,0,0.32281762
14849,16,0,0.5784333
14850,18,0,0.169298
14851,22,1,0.39714447
14852,8,1,0.92999345
14853,17,1,0.99992263
14854,18,0,0.26790857
14855,12,0,0.10765637
14856,2,1,0.7088589
14857,13,0,0.6798535
14858,21,1,0.41764048
14859,18,0,0.45491308
14860,28,0,0.24455197
14861,22,0,0.15529637
14862,6,0,0.698775
14863,1,0,0.365738
14864,16,1,0.50560355
14865,7,1,0.7582008
14866,28,0,0.25619218
14867,4,0,0.44536692
14868,8,0,0.3843461
14869,1,1,0.7585678
14870,18,1,0.4318612
14871,1,1,0.9165823
14872,16,1,0.6271205
14873,20,1,0.49435866
14874,1,0,0.38069227
14875,14,0,0.33794
14876,7,0,0.480331
14877,8,1,0.77769595
14878,10,1,0.9751441
14879,9,1,0.67596716
14880,25,0,0.3488382
14881,6,0,0.09588917
14882,3,1,0.6473793
14883,7,1,0.5837262
14884,10,0,0.27742738
14885,6,1,0.32735208
14886,11,1,0.24922629
14887,11,1,0.5300632
14888,11,0,0.3344221
14889,18,1,0.5263712
14890,8,1,0.85959244
14891,1,1,0.7795946
14892,17,1,0.6008692
14893,10,0,0.35900548
14894,12,1,0.9872385
14895,12,1,0.9991659
14896,15,0,0.32334957
14897,13,1,0.823681
14898,21,0,0.079315804
14899,3,1,0.85703385
14900,10,1,0.8126988
14901,10,1,0.52527696
14902,27,1,0.67523354
14903,28,1,0.6115875
14904,6,0,0.35491693
14905,9,0,0.35829642
14906,23,0,0.13207714
14907,11,0,0.081827365
14908,2,0,0.3683797
14909,26,1,0.9864826
14910,16,1,0.8483173
14911,2,1,0.7394248
14912,8,1,0.6313486
14913,28,0,0.30641803
14914,18,1,0.2350153
14915,12,1,0.98756814
14916,14,0,0.28111297
14917,4,0,0.38265288
14918,6,0,0.25920123
14919,19,1,0.5602098
14920,16,0,0.12482631
14921,19,0,0.6887133
14922,8,1,0.9578953
14923,22,0,0.4863693
14924,8,1,0.7312564
14925,10,0,0.17119662
14926,3,1,0.8385255
14927,12,1,0.93600124
14928,4,1,0.5198243
14929,25,1,0.9994266
14930,13,1,0.42502415
14931,25,0,0.7279134
14932,15,0,0.51092064
14933,8,1,0.3754745
14934,13,0,0.73427
14935,20,0,0.021827213
14936,6,1,0.5195968
14937,1,0,0.35854784
14938,3,1,0.74173975
14939,15,1,0.85766906
14940,13,1,0.7984073
14941,13,0,0.043694653
14942,7,1,0.8675273
14943,1,0,0.31067085
14944,18,1,0.89769936
14945,13,1,0.7331184
14946,8,1,0.92999595
14947,16,1,0.5504044
14948,12,0,0.3064429
14949,22,1,0.63398933
14950,23,0,0.33177787
14951,6,1,0.67369056
14952,1,0,0.30758068
14953,16,0,0.66704905
14954,7,1,0.67270875
14955,26,1,0.72746277
14956,25,0,0.07543232
14957,1,1,0.458612
14958,23,1,0.74519116
14959,5,0,0.18077332
14960,25,0,0.5493447
14961,28,0,0.55074424
14962,4,0,0.42368907
14963,25,0,0.46954292
14964,2,1,0.7982283
14965,8,0,0.19019434
14966,15,0,0.3336422
14967,16,0,0.5604937
14968,3,1,0.62543786
14969,4,0,0.04716852
14970,27,0,0.4929714
14971,18,0,0.72702515
14972,9,1,0.81533086
14973,12,1,0.6001348
14974,15,1,0.49940923
14975,8,1,0.506833
14976,15,0,0.1594274
14977,25,0,0.45152283
14978,12,0,0.2868483
14979,7,1,0.7619215
14980,1,1,0.9996138
14981,1,0,0.5925116
14982,15,1,0.9787062
14983,11,0,0.07826668
14984,10,1,0.47155544
14985,17,0,0.8916424
14986,10,1,0.80214673
14987,25,0,0.4758138
14988,15,1,0.858311
14989,23,0,0.25147304
14990,10,1,0.24664463
14991,12,0,0.4648645
14992,16,1,0.90923524
14993,15,1,0.59401155
14994,13,0,0.4285094
14995,17,0,0.19028609
14996,6,0,0.09871372
14997,28,0,0.055412486
14998,8,1,0.02999485
14999,20,1,0.8716233
15000,23,1,0.9995396
15001,6,0,0.6951344
15002,16,1,0.48453012
15003,18,1,0.5188778
15004,15,1,0.750148
15005,13,0,0.4325407
15006,24,0,0.40677777
15007,8,0,0.40523306
15008,14,0,0.3736706
15009,20,0,0.055091072
15010,22,1,0.6486247
15011,15,0,0.6231822
15012,6,1,0.3692575
15013,4,1,0.83109206
15014,2,0,0.5923532
15015,27,0,0.47698992
15016,26,0,0.25084558
15017,18,1,0.9546543
15018,16,0,0.7013416
15019,14,0,0.6088212
15020,27,1,0.538089
15021,15,0,0.59554803
15022,3,0,0.6405815
15023,11,0,0.08801012
15024,10,0,0.36059928
15025,20,0,0.4948499
15026,28,0,0.29891187
15027,4,1,0.53454953
15028,11,1,0.63594663
15029,10,1,0.6294146
15030,10,1,0.391002
15031,2,0,0.1321862
15032,26,0,0.0034886538
15033,1,0,0.3883773
15034,13,0,0.10708445
15035,1,0,0.16451024
15036,15,0,0.20834494
15037,27,1,0.9113555
15038,14,0,0.4754792
15039,8,1,0.5327677
15040,1,0,0.25179145
15041,4,0,0.06836752
15042,15,1,0.78203094
15043,26,1,0.71056527
15044,11,1,0.2883619
15045,17,0,0.12274208
15046,21,0,0.026023254
15047,12,0,0.542186
15048,26,1,0.49299502
15049,4,1,0.8781372
15050,0,0,0.273046
15051,27,0,0.36023766
15052,2,1,0.7212184
15053,4,0,0.14943051
15054,11,1,0.5362067
15055,10,1,0.47010815
15056,9,0,0.5886905
15057,6,1,0.6027664
15058,20,1,0.9783343
15059,13,1,0.8708602
15060,25,1,0.9482819
15061,15,0,0.07094928
15062,13,1,0.56975913
15063,3,0,0.39963877
15064,28,0,0.10221865
15065,20,1,0.5341618
15066,11,0,0.6447031
15067,1,1,0.49797228
15068,7,0,0.30703962
15069,2,0,0.06747639
15070,9,1,0.2340521
15071,21,0,0.10809635
15072,11,0,0.6392338
15073,20,1,0.55791175
15074,12,0,0.37395728
15075,12,0,0.111628175
15076,4,0,0.29145843
15077,8,1,0.90591645
15078,9,1,0.89269686
15079,26,1,0.56457
15080,10,1,0.66338855
15081,26,0,0.7564364
15082,1,0,0.3731763
15083,0,0,0.09879485
15084,27,1,0.89489555
15085,28,0,0.4884131
15086,3,1,0.49003407
15087,17,1,0.96566
15088,23,0,0.2785489
15089,8,1,0.8576102
15090,11,1,0.9292601
15091,13,1,0.77016824
15092,16,0,0.27322805
15093,14,1,0.6699182
15094,8,0,0.24578816
15095,24,0,0.3132091
15096,15,0,0.25486967
15097,19,0,0.47598752
15098,2,1,0.47363457
15099,16,0,0.3264062
15100,15,0,0.3202824
15101,2,1,0.4486916
15102,22,0,0.5046961
15103,13,1,0.43392926
15104,23,0,0.28366014
15105,17,1,0.8956989
15106,20,0,0.053134095
15107,1,1,0.95470196
15108,25,1,0.6583861
15109,16,0,0.18987747
15110,14,0,0.36761203
15111,13,0,0.25864035
15112,5,1,0.5036483
15113,17,1,0.9355005
15114,13,0,0.19435976
15115,11,0,0.20106074
15116,24,0,0.49415353
15117,27,0,0.49877414
15118,8,1,0.8584577
15119,25,1,0.9158641
15120,15,0,0.6306383
15121,16,0,0.08887553
15122,25,0,0.16975883
15123,17,0,0.19134113
15124,25,1,0.97623515
15125,2,1,0.8741983
15126,7,0,0.5927764
15127,17,1,0.7984583
15128,17,1,0.7582655
15129,1,0,0.38967434
15130,7,1,0.7862295
15131,12,1,0.97885484
15132,26,1,0.5789023
15133,13,0,0.11056767
15134,22,1,0.8289164
15135,14,1,0.71830654
15136,2,0,0.25589195
15137,19,1,0.2936053
15138,14,0,0.11915654
15139,4,0,0.8807714
15140,1,0,0.35649794
15141,7,0,0.7354735
15142,12,0,0.06008968
15143,1,0,0.08708963
15144,20,1,0.6979182
15145,11,0,0.53999126
15146,18,1,0.73667645
15147,28,1,0.50056225
15148,7,0,0.18667349
15149,19,1,0.9147052
15150,25,0,0.88848734
15151,17,1,0.8340341
15152,2,1,0.810814
15153,26,1,0.91466194
15154,27,0,0.12581505
15155,14,0,0.5958904
15156,10,1,0.80907315
15157,10,0,0.60559195
15158,3,1,0.33071166
15159,6,1,0.32033685
15160,1,1,0.3954122
15161,15,0,0.6218831
15162,25,1,0.86102355
15163,11,0,0.062428422
15164,20,1,0.7887753
15165,13,1,0.57614195
15166,26,1,0.7841386
15167,27,0,0.047271118
15168,10,1,0.7870895
15169,2,0,0.3857401
15170,13,1,0.7223427
15171,2,1,0.99980325
15172,13,0,0.4278361
15173,8,1,0.7699467
15174,12,0,0.295341
15175,25,1,0.8757447
15176,12,0,0.50702906
15177,16,0,0.057582963
15178,2,0,0.13602935
15179,20,0,0.58471185
15180,13,1,0.35574716
15181,11,1,0.69162154
15182,21,0,0.05344231
15183,13,0,0.13181971
15184,1,1,0.841945
15185,1,0,0.22053228
15186,10,1,0.6090111
15187,0,0,0.2935557
15188,28,1,0.39527
15189,16,1,0.74539393
15190,19,1,0.603295
15191,15,0,0.1717968
15192,7,0,0.6543128
15193,25,1,0.99804485
15194,25,0,0.52597106
15195,0,0,0.079116315
15196,0,0,0.6028362
15197,21,1,0.5184264
15198,16,0,0.36076844
15199,5,0,0.56044215
15200,16,1,0.49351487
15201,9,0,0.5560515
15202,13,1,0.62407595
15203,3,0,0.26060915
15204,11,1,0.81465125
15205,13,1,0.62852937
15206,22,1,0.69848937
15207,28,0,0.4367004
15208,22,0,0.5361872
15209,10,1,0.34074977
15210,19,0,0.30520505
15211,12,0,0.5500138
15212,21,1,0.47168648
15213,17,0,0.11173781
15214,1,1,0.9110833
15215,23,0,0.3300112
15216,24,0,0.47329372
15217,16,1,0.55684197
15218,11,0,0.2813314
15219,12,1,0.38684368
15220,22,1,0.9346368
15221,20,0,0.6543104
15222,19,0,0.101022154
15223,15,1,0.9136143
15224,26,0,0.502725
15225,7,0,0.14611048
15226,11,1,0.6885323
15227,13,0,0.06567312
15228,8,1,0.8709129
15229,20,1,0.7080324
15230,2,0,0.82801056
15231,13,0,0.20466372
15232,26,0,0.67932224
15233,14,1,0.95544857
15234,13,0,0.30276072
15235,26,1,0.46171692
15236,5,1,0.4988309
15237,23,0,0.28516006
15238,28,0,0.37818098
15239,15,1,0.8587345
15240,18,0,0.20197919
15241,11,0,0.3921752
15242,16,0,0.07499559
15243,25,0,0.5299768
15244,16,1,0.74461055
15245,18,0,0.33995298
15246,16,0,0.23378588
15247,25,1,0.8901431
15248,18,0,0.4442361
15249,20,0,0.09849285
15250,8,0,0.44058302
15251,26,1,0.7425793
15252,12,1,0.65124583
15253,16,1,0.552432
15254,26,1,0.6778606
15255,26,0,0.19504702
15256,8,1,0.7528834
15257,19,0,0.40584287
15258,18,1,0.8813863
15259,13,1,0.6088863
15260,14,1,0.5046516
15261,26,0,0.22381106
15262,2,1,0.9914659
15263,25,0,0.058890264
15264,15,1,0.48129433
15265,14,1,0.29256585
15266,16,0,0.6874818
15267,6,0,0.50212747
15268,15,1,0.9377846
15269,25,1,0.9438148
15270,14,1,0.80841726
15271,12,0,0.09676604
15272,15,0,0.48860162
15273,2,1,0.5248992
15274,23,1,0.63129
15275,10,0,0.36943185
15276,8,1,0.53901935
15277,1,0,0.0873508
15278,8,1,0.81170726
15279,11,0,0.28471932
15280,1,1,0.6262423
15281,8,0,0.53282994
15282,8,1,0.6015765
15283,6,1,0.9056416
15284,16,0,0.47395086
15285,11,1,0.84590423
15286,1,1,0.21136583
15287,21,0,0.7179202
15288,19,1,0.56002283
15289,13,1,0.61968404
15290,26,0,0.0031749562
15291,2,1,0.41151
15292,2,1,0.40020144
15293,7,1,0.8118565
15294,20,1,0.6601733
15295,15,0,0.10943295
15296,15,0,0.5017045
15297,11,1,0.44559616
15298,4,1,0.49863124
15299,11,0,0.4327148
15300,25,1,0.75960225
15301,17,0,0.40935987
15302,22,1,0.8652044
15303,9,0,0.5895841
15304,8,1,0.75795406
15305,26,1,0.6003426
15306,20,1,0.8883382
15307,17,1,0.874779
15308,7,1,0.7794532
15309,15,0,0.62568986
15310,4,0,0.24577829
15311,23,1,0.5638119
15312,8,0,0.2696853
15313,25,0,0.5700688
15314,13,0,0.22910035
15315,12,0,0.063854344
15316,11,0,0.3227598
15317,25,1,0.703713
15318,17,1,0.7150421
15319,14,0,0.54830086
15320,11,0,0.3561172
15321,1,0,0.124957755
15322,2,0,0.43003276
15323,10,0,0.16833387
15324,12,0,0.4143615
15325,17,0,0.25596276
15326,16,1,0.97655904
15327,22,0,0.07170177
15328,2,0,0.028735999
15329,14,0,0.20219582
15330,25,1,0.9997818
15331,10,1,0.92788035
15332,16,1,0.97646254
15333,13,0,0.3459386
15334,1,0,0.14339711
15335,21,0,0.41609007
15336,23,0,0.0633508
15337,16,1,0.82957256
15338,6,1,0.9104694
15339,20,0,0.10962428
15340,27,1,0.9164549
15341,10,1,0.25377303
15342,24,0,0.067603126
15343,24,1,0.82806283
15344,8,1,0.37782657
15345,25,1,0.7963257
15346,0,1,0.72998846
15347,14,0,0.21309523
15348,6,0,0.5350116
15349,18,0,0.36700436
15350,8,0,0.58387655
15351,20,1,0.51236147
15352,2,0,0.07506939
15353,15,0,0.36249766
15354,10,0,0.50004524
15355,10,1,0.8920851
15356,25,0,0.27653888
15357,2,1,0.6385845
15358,11,1,0.8490855
15359,16,1,0.25199258
15360,18,0,0.1254353
15361,22,1,0.5762545
15362,28,1,0.5724233
15363,28,1,0.9260047
15364,8,1,0.73899454
15365,23,1,0.6416143
15366,28,1,0.38671446
15367,19,0,0.034455657
15368,13,0,0.37134093
15369,23,1,0.39656174
15370,27,1,0.6866322
15371,25,0,0.11281049
15372,24,1,0.43039948
15373,28,0,0.35075825
15374,14,1,0.8013077
15375,17,0,0.15953593
15376,14,0,0.55588967
15377,2,1,0.7864428
15378,26,0,0.12637615
15379,10,0,0.6937604
15380,7,1,0.79612595
15381,15,1,0.9499179
15382,15,0,0.31984586
15383,17,0,0.46362427
15384,3,1,0.6041705
15385,10,1,0.44656608
15386,2,1,0.99326867
15387,13,1,0.12817451
15388,24,1,0.2474405
15389,1,1,0.5088975
15390,12,1,0.5206062
15391,17,0,0.3310128
15392,23,1,0.61782736
15393,6,1,0.76168007
15394,15,1,0.95072263
15395,18,1,0.3284287
15396,22,1,0.48687494
15397,8,0,0.06836864
15398,24,0,0.24156374
15399,2,1,0.8466363
15400,22,0,0.8936014
15401,23,0,0.8566964
15402,14,0,0.23693897
15403,20,0,0.13212961
15404,16,1,0.64732677
15405,26,1,0.38203108
15406,18,1,0.8274487
15407,20,1,0.98219794
15408,20,0,0.29337838
15409,22,1,0.9559395
15410,7,1,0.5890155
15411,8,1,0.48753697
15412,23,1,0.95756483
15413,27,1,0.9999995
15414,7,1,0.35423523
15415,1,1,0.82960045
15416,12,1,0.27961037
15417,3,0,0.031802937
15418,13,0,0.71764
15419,11,1,0.42973086
15420,13,1,0.8781364
15421,26,1,0.91312426
15422,8,1,0.8404603
15423,25,1,0.5828948
15424,24,1,0.34926838
15425,11,1,0.924801
15426,4,0,0.12928191
15427,25,0,0.18209475
15428,12,1,0.94317216
15429,20,0,0.357547
15430,7,1,0.3716661
15431,3,1,0.8224076
15432,11,1,0.8176428
15433,18,0,0.27019653
15434,24,0,0.54433507
15435,8,1,0.92560416
15436,15,0,0.2666602
15437,27,1,0.51318777
15438,12,0,0.39793694
15439,7,1,0.9665141
15440,26,1,0.6585918
15441,11,1,0.80213416
15442,15,0,0.30051124
15443,8,1,0.8786062
15444,28,1,0.8677756
15445,2,1,0.69917536
15446,16,1,0.8968548
15447,16,1,0.56633556
15448,16,0,0.4213576
15449,16,1,0.7549848
15450,6,0,0.26035073
15451,12,1,0.9764697
15452,9,0,0.21565822
15453,4,1,0.8436439
15454,5,0,0.11867934
15455,16,0,0.47586417
15456,8,1,0.8038716
15457,10,1,0.5833642
15458,1,1,0.35893622
15459,17,0,0.26273233
15460,2,0,0.15799072
15461,5,0,0.24551606
15462,15,1,0.7010792
15463,17,1,0.570167
15464,6,0,0.04372572
15465,11,0,0.27517253
15466,16,0,0.2938703
15467,14,0,0.4312421
15468,23,1,0.2933505
15469,2,0,0.50815624
15470,7,0,0.1671581
15471,13,1,0.89954144
15472,3,0,0.2621908
15473,26,1,0.7007988
15474,4,1,0.34302247
15475,25,0,0.2597722
15476,16,0,0.33984727
15477,16,0,0.12927148
15478,1,1,0.5556125
15479,6,0,0.2725017
15480,14,1,0.6452828
15481,6,1,0.3682049
15482,6,1,0.66664535
15483,8,0,0.34231493
15484,19,1,0.9903081
15485,17,0,0.39871296
15486,13,1,0.6130051
15487,23,1,0.90805054
15488,20,1,0.83480746
15489,13,1,0.55276406
15490,20,1,0.57904845
15491,18,1,0.39568457
15492,16,0,0.28795815
15493,11,0,0.04670729
15494,14,0,0.47598794
15495,19,1,0.9157552
15496,16,1,0.80709475
15497,15,0,0.019630827
15498,13,1,0.65534353
15499,2,1,0.47572514
15500,18,1,0.4091177
15501,10,1,0.48108843
15502,23,0,0.38876712
15503,27,0,0.50554687
15504,4,1,0.8700883
15505,11,1,0.42892087
15506,6,0,0.09071467
15507,15,0,0.51807237
15508,12,1,0.5244172
15509,19,1,0.935735
15510,6,1,0.30116084
15511,2,0,0.4756533
15512,23,0,0.44150665
15513,26,0,0.028900081
15514,10,0,0.23309028
15515,5,0,0.39954793
15516,13,0,0.08890158
15517,6,1,0.9701867
15518,13,0,0.68996215
15519,2,1,0.5756297
15520,1,1,0.22091953
15521,16,0,0.54130125
15522,26,0,0.51543874
15523,24,0,0.5644744
15524,19,1,0.8553877
15525,24,1,0.51609504
15526,28,1,0.90427107
15527,7,0,0.23939845
15528,10,0,0.42092788
15529,17,0,0.22944622
15530,0,0,0.28414717
15531,8,0,0.34313878
15532,26,0,0.5455969
15533,7,1,0.8366628
15534,8,0,0.24792448
15535,1,1,0.79956466
15536,21,0,0.087603316
15537,16,1,0.52399254
15538,26,0,0.47542027
15539,10,0,0.5873895
15540,12,1,0.95542365
15541,12,0,0.016738825
15542,14,1,0.6466531
15543,28,0,0.44117415
15544,6,1,0.72380173
15545,4,1,0.9455627
15546,24,1,0.43848825
15547,25,0,0.27689424
15548,12,0,0.006870005
15549,14,1,0.97214925
15550,2,1,0.66448104
15551,27,1,0.42134714
15552,15,1,0.96371275
15553,2,1,0.89363414
15554,23,0,0.122396365
15555,28,0,0.30723152
15556,0,0,0.089896
15557,13,0,0.2673346
15558,21,0,0.03674842
15559,26,1,0.9575927
15560,23,0,0.36031526
15561,16,1,0.9534418
15562,25,1,0.34514105
15563,18,0,0.5392929
15564,7,0,0.64727455
15565,4,1,0.48370034
15566,8,0,0.23661195
15567,13,1,0.73547703
15568,11,0,0.244346
15569,15,1,0.62164825
15570,16,0,0.5122557
15571,3,0,0.3850943
15572,14,1,0.43555617
15573,25,0,0.16961469
15574,26,1,0.34311652
15575,13,1,0.6188957
15576,19,1,0.43658388
15577,20,0,0.2751029
15578,7,1,0.7904655
15579,3,0,0.15626024
15580,21,0,0.46395794
15581,28,0,0.6630729
15582,7,0,0.15075013
15583,15,0,0.43969244
15584,16,0,0.8888259
15585,19,1,0.56044257
15586,4,1,0.4797518
15587,28,1,0.7063908
15588,12,1,0.99996865
15589,26,1,0.9820386
15590,17,1,0.38736314
15591,12,1,0.594226
15592,14,1,0.5619374
15593,8,1,0.33363357
15594,27,0,0.13087581
15595,11,0,0.010902358
15596,17,0,0.12417068
15597,21,0,0.49496952
15598,2,1,0.27088892
15599,8,1,0.9796666
15600,1,0,0.48938894
15601,1,0,0.33891338
15602,25,1,0.6690363
15603,2,0,0.7441217
15604,8,1,0.95351833
15605,1,0,0.39542606
15606,13,1,0.5736529
15607,1,1,0.41965222
15608,21,1,0.69934344
15609,2,1,0.480351
15610,14,0,0.4608572
15611,6,0,0.51718765
15612,8,1,0.63395345
15613,22,1,0.96152514
15614,13,0,0.43570042
15615,11,0,0.14010942
15616,11,0,0.40039995
15617,1,0,0.6746004
15618,26,0,0.28372857
15619,27,1,0.950454
15620,26,1,0.92821884
15621,0,1,0.6063329
15622,10,1,0.82999563
15623,28,1,0.38371956
15624,9,0,0.3184293
15625,22,1,0.5061557
15626,11,1,0.24412917
15627,26,1,0.83955175
15628,25,0,0.62943465
15629,3,1,0.86968154
15630,12,0,0.59188586
15631,1,0,0.3432557
15632,25,0,0.35092083
15633,18,0,0.5818665
15634,16,0,0.4582194
15635,7,0,0.42006975
15636,25,1,0.9324698
15637,1,0,0.5915498
15638,13,1,0.4413926
15639,1,1,0.70076746
15640,6,1,0.9670575
15641,27,1,0.9957599
15642,17,0,0.22660998
15643,22,1,0.7501444
15644,16,1,0.83809394
15645,26,0,0.49961436
15646,6,1,0.8154898
15647,8,1,0.38229766
15648,8,0,0.37459216
15649,15,0,0.30753976
15650,28,0,0.24872604
15651,13,1,0.5454048
15652,19,1,0.5458705
15653,1,1,0.6023026
15654,26,1,0.31582567
15655,3,0,0.70168495
15656,1,1,0.2802487
15657,2,0,0.5659561
15658,1,1,0.74474525
15659,16,1,0.82181215
15660,6,0,0.24070276
15661,7,0,0.10762599
15662,7,0,0.1296915
15663,18,0,0.04766603
15664,8,0,0.56217474
15665,4,0,0.43418667
15666,3,1,0.6979703
15667,12,0,0.30421594
15668,13,1,0.9829639
15669,18,0,0.082699515
15670,27,1,0.39149618
15671,28,1,0.8644723
15672,8,1,0.424051
15673,23,0,0.3778681
15674,19,1,0.8556985
15675,12,1,0.29592687
15676,15,0,0.30843493
15677,18,1,0.9261872
15678,8,0,0.17791215
15679,13,0,0.30193457
15680,15,1,0.5046887
15681,17,1,0.895011
15682,17,1,0.90721315
15683,15,1,0.7147714
15684,13,1,0.57210904
15685,18,1,0.7947095
15686,20,1,0.46465236
15687,14,0,0.41377705
15688,28,0,0.30973282
15689,15,0,0.5717648
15690,25,0,0.43839028
15691,1,0,0.08108489
15692,25,0,0.49238324
15693,7,0,0.2845495
15694,12,1,0.5213821
15695,10,0,0.3706985
15696,2,1,0.62709194
15697,8,1,0.8246845
15698,27,1,0.8275449
15699,2,1,0.6003566
15700,1,1,0.36782435
15701,15,1,0.88343805
15702,15,1,0.37646562
15703,27,1,0.65884733
15704,26,1,0.7886005
15705,9,0,0.37441114
15706,16,0,0.7831516
15707,2,1,0.67495114
15708,10,0,0.1309318
15709,19,1,0.9230514
15710,26,0,0.6282176
15711,7,1,0.602077
15712,12,0,0.8151761
15713,8,1,0.7740771
15714,11,0,0.27213213
15715,7,0,0.44143268
15716,27,1,0.43956032
15717,6,0,0.30002853
15718,1,1,0.5836184
15719,20,1,0.8021165
15720,20,1,0.43729147
15721,3,0,0.04947994
15722,16,0,0.563356
15723,3,0,0.15693413
15724,13,0,0.09128582
15725,2,0,0.10771146
15726,11,0,0.31017953
15727,4,0,0.3636899
15728,0,0,0.6264778
15729,27,0,0.1568537
15730,25,1,0.9906647
15731,11,1,0.9214927
15732,7,1,0.6215021
15733,27,1,0.41861948
15734,20,1,0.6372333
15735,20,1,0.4880041
15736,22,1,0.7278823
15737,11,0,0.52496725
15738,15,0,0.77150923
15739,6,1,0.6880012
15740,5,1,0.8327185
15741,6,1,0.9289047
15742,19,0,0.14885049
15743,22,0,0.4026941
15744,1,1,0.44227174
15745,5,1,0.7864162
15746,25,1,0.494449
15747,20,0,0.030757902
15748,14,1,0.78638273
15749,1,1,0.8644842
15750,10,0,0.28510615
15751,17,0,0.13040675
15752,12,0,0.18912248
15753,6,0,0.27007785
15754,6,0,0.39987743
15755,16,0,0.25236356
15756,6,1,0.5563546
15757,23,0,0.27820617
15758,5,0,3.0812205e-06
15759,16,1,0.42559844
15760,10,1,0.93342435
15761,21,1,0.82842356
15762,4,0,0.36478996
15763,26,0,0.056210894
15764,10,1,0.44922632
15765,25,1,0.83474517
15766,13,1,0.5569214
15767,3,1,0.81504613
15768,1,1,0.9230125
15769,20,1,0.651335
15770,20,0,0.2359802
15771,16,1,0.5731291
15772,13,1,0.772393
15773,4,1,0.96748203
15774,13,0,0.05995316
15775,27,1,0.51699024
15776,16,0,0.23042548
15777,26,0,0.32319358
15778,14,1,0.98185766
15779,6,1,0.3801917
15780,17,0,0.1999317
15781,28,0,0.52024496
15782,11,0,0.23966093
15783,22,0,0.2653097
15784,10,1,0.78943914
15785,24,0,0.5135111
15786,8,1,0.91080105
15787,16,0,0.45730573
15788,24,1,0.5213284
15789,8,0,0.32727265
15790,25,1,0.77472985
15791,3,0,0.44808552
15792,15,0,0.034024037
15793,10,0,0.42468426
15794,9,0,0.21583161
15795,10,1,0.18729517
15796,15,0,0.034853727
15797,6,1,0.9772421
15798,17,0,0.02635521
15799,16,0,0.42995444
15800,15,0,0.5694445
15801,26,0,0.28705156
15802,13,0,0.16147098
15803,21,1,0.49326578
15804,0,1,0.9537576
15805,6,0,0.5448965
15806,15,0,7.207335e-08
15807,14,0,0.14988993
15808,13,0,0.10676532
15809,6,1,0.88731927
15810,21,1,0.25359368
15811,19,0,0.03142231
15812,4,1,0.94047487
15813,11,1,0.8319173
15814,18,1,0.8823705
15815,14,1,0.9661202
15816,25,1,0.7098895
15817,22,1,0.82864124
15818,13,0,0.539855
15819,21,1,0.94915175
15820,16,0,0.12136777
15821,9,0,0.55192816
15822,16,1,0.9577704
15823,6,1,0.7328225
15824,28,1,0.4278437
15825,2,1,0.39104262
15826,7,0,0.026477652
15827,9,0,0.28140196
15828,17,0,0.4298236
15829,12,0,0.19235402
15830,6,1,0.9069233
15831,20,1,0.705577
15832,25,0,0.09499196
15833,13,0,0.24175647
15834,24,1,0.5307597
15835,11,1,0.67306465
15836,2,0,0.12683153
15837,13,1,0.992405
15838,15,1,0.6167925
15839,2,0,0.3834749
15840,16,0,0.2270364
15841,7,0,0.48508468
15842,20,1,0.4801503
15843,18,1,0.9999585
15844,3,1,0.7315219
15845,2,1,0.26318738
15846,16,1,0.51043844
15847,8,0,0.07650721
15848,22,1,0.9346098
15849,12,0,0.55791193
15850,9,1,0.7672322
15851,26,0,0.6884533
15852,22,0,0.22802725
15853,17,0,0.3848143
15854,20,0,0.18979427
15855,26,0,0.20094094
15856,17,1,0.761364
15857,7,1,0.42722207
15858,5,1,0.6418586
15859,22,0,0.18028244
15860,6,0,0.29326528
15861,13,1,0.16148728
15862,27,1,0.44558287
15863,8,0,0.23301966
15864,1,1,0.9457628
15865,2,0,0.2610007
15866,27,0,0.55080956
15867,15,1,0.69648653
15868,15,0,0.20652588
15869,26,1,0.6339452
15870,26,1,0.7236403
15871,0,1,0.1752084
15872,26,0,0.32058337
15873,2,1,0.9883995
15874,10,1,0.39675465
15875,20,0,0.41176862
15876,25,1,0.52253574
15877,9,1,0.9927182
15878,11,0,0.12864846
15879,13,1,0.8990357
15880,9,1,0.31081036
15881,6,0,0.56620425
15882,8,1,0.55479425
15883,2,0,0.03998452
15884,0,1,0.7192006
15885,13,0,0.49568284
15886,28,0,0.20565762
15887,15,0,0.015708042
15888,1,1,0.82210684
15889,28,0,0.35188568
15890,17,1,0.76190704
15891,18,1,0.91876477
15892,0,0,0.00146553
15893,16,1,0.6159402
15894,13,1,0.18927467
15895,25,1,0.6776705
15896,9,1,0.70182747
15897,25,0,0.07271491
15898,17,1,0.44881225
15899,1,0,0.29446813
15900,28,0,0.5117126
15901,13,0,0.7274973
15902,8,0,0.4123557
15903,21,1,0.80550665
15904,0,0,0.10443256
15905,7,1,0.68264145
15906,15,0,0.2756688
15907,20,0,0.030057136
15908,11,0,0.6106323
15909,13,1,0.304867
15910,18,1,0.7733677
15911,26,1,0.650506
15912,24,0,0.053229786
15913,9,1,0.11304256
15914,16,1,0.80788517
15915,10,0,0.3526136
15916,5,1,0.5025014
15917,6,0,0.07872582
15918,3,1,0.36260736
15919,24,0,0.2642872
15920,26,0,0.04070776
15921,14,1,0.9827747
15922,19,1,0.53058547
15923,26,1,0.8807851
15924,23,1,0.7927998
15925,12,0,0.26163968
15926,1,0,0.086361766
15927,26,1,0.42117414
15928,16,0,0.50213265
15929,2,0,0.47937202
15930,11,0,0.13467018
15931,13,1,0.756573
15932,26,0,0.45511615
15933,13,1,0.29719692
15934,2,1,0.971972
15935,11,1,0.96333957
15936,3,0,0.22109123
15937,23,0,0.24970227
15938,0,1,0.72031146
15939,10,0,0.11016964
15940,14,0,0.22129023
15941,16,1,0.67081994
15942,26,1,0.61305314
15943,9,1,0.80881375
15944,25,0,0.3056025
15945,5,0,0.3326773
15946,17,0,0.41762158
15947,6,1,0.4062154
15948,1,1,0.8676149
15949,8,1,0.40506494
15950,12,1,0.7762904
15951,10,1,0.9187288
15952,11,1,0.68020374
15953,27,1,0.8319251
15954,13,1,0.6452728
15955,2,1,0.58983046
15956,28,0,0.07870702
15957,28,0,0.67944187
15958,26,1,0.7239553
15959,9,1,0.7572221
15960,11,1,0.7630801
15961,6,1,0.9879732
15962,18,1,0.6541306
15963,8,1,0.84487635
15964,11,1,0.8682608
15965,26,0,0.4210762
15966,13,0,0.34601495
15967,12,0,0.07717764
15968,4,1,0.7573847
15969,16,0,0.122477196
15970,13,1,0.85384536
15971,9,0,0.10582247
15972,19,1,0.7780597
15973,12,0,0.3866141
15974,17,1,0.7292137
15975,8,0,0.34400532
15976,6,0,0.29349965
15977,26,0,0.5536905
15978,6,1,0.7245629
15979,25,1,0.7643288
15980,2,1,0.80920374
15981,24,0,0.2511157
15982,6,1,0.4650965
15983,11,1,0.95578516
15984,2,1,0.7306042
15985,26,0,0.22901464
15986,18,0,0.6621773
15987,25,1,0.9515676
15988,22,0,0.250109
15989,11,1,0.92980814
15990,26,1,0.31992793
15991,3,1,0.72673726
15992,21,0,0.092212126
15993,13,0,0.09305442
15994,25,1,0.6265557
15995,18,1,0.97203887
15996,26,0,0.41630998
15997,11,0,0.20709176
15998,6,1,0.539567
15999,9,0,0.43547052
16000,1,0,0.42210957
16001,19,1,0.770883
16002,27,1,0.4624716
16003,4,0,0.5010246
16004,5,1,0.89453346
16005,17,0,0.19108072
16006,28,1,0.9511987
16007,18,0,0.12152128
16008,1,0,0.5735793
16009,18,1,0.45484737
16010,16,0,0.6953932
16011,13,1,0.8190809
16012,16,1,0.9955558
16013,13,1,0.8380109
16014,16,1,0.7035903
16015,22,0,0.58937174
16016,1,0,0.094291195
16017,0,1,0.9562468
16018,28,1,0.7817987
16019,23,0,0.11777906
16020,20,0,0.14293516
16021,1,1,0.6588926
16022,12,0,0.43553224
16023,1,1,0.5824404
16024,28,1,0.8631079
16025,8,1,0.5733103
16026,23,1,0.84667075
16027,15,0,0.19459745
16028,13,0,0.6037609
16029,28,1,0.64312315
16030,17,0,0.13406491
16031,16,0,0.3836393
16032,12,1,0.708006
16033,8,0,0.11230805
16034,14,1,0.43373936
16035,16,1,0.84560895
16036,2,0,0.523443
16037,16,1,0.3555619
16038,26,1,0.51896036
16039,28,1,0.25780365
16040,8,0,0.30508107
16041,22,1,0.4635005
16042,14,0,0.35301548
16043,16,1,0.43862104
16044,16,1,0.84011894
16045,21,0,0.09098117
16046,10,1,0.39659297
16047,4,1,0.76107925
16048,27,1,0.86850417
16049,13,1,0.55401623
16050,20,1,0.5671778
16051,12,1,0.962139
16052,17,0,0.23555164
16053,13,0,0.45384035
16054,9,1,0.17318597
16055,7,1,0.4353561
16056,13,0,0.33221236
16057,13,1,0.16726929
16058,28,0,0.47161588
16059,18,1,0.8812733
16060,16,0,0.24096319
16061,4,0,0.036168467
16062,26,0,0.41273102
16063,15,1,0.53309363
16064,6,1,0.62982285
16065,4,1,0.6404601
16066,15,0,0.2576729
16067,27,0,0.47794947
16068,17,0,0.14001636
16069,20,1,0.9073477
16070,10,1,0.71453243
16071,25,0,0.41765803
16072,3,1,0.77092206
16073,10,0,0.36404377
16074,15,1,0.9969014
16075,10,1,0.7590313
16076,28,0,0.54804593
16077,23,0,0.55986196
16078,6,0,0.12154921
16079,0,0,0.14808318
16080,19,1,0.78283095
16081,1,1,0.94633126
16082,10,0,0.70528567
16083,18,0,0.31167597
16084,3,1,0.8296435
16085,19,0,0.23214228
16086,27,0,0.35855994
16087,23,1,0.82210577
16088,23,1,0.32749712
16089,10,0,0.27342445
16090,18,1,0.70251745
16091,6,1,0.7999196
16092,22,0,0.13007161
16093,15,0,0.03758387
16094,13,0,0.26776412
16095,13,1,0.4439553
16096,26,0,0.35249594
16097,25,1,0.834843
16098,26,0,0.51709646
16099,28,0,0.8077329
16100,14,1,0.8341273
16101,10,1,0.49933764
16102,16,1,0.47121727
16103,2,0,0.5966984
16104,4,0,0.31463245
16105,8,0,0.6053602
16106,1,1,0.44876102
16107,4,0,0.0032803954
16108,17,0,0.4929149
16109,18,0,0.6474258
16110,26,1,0.86480683
16111,15,0,0.5662762
16112,13,1,0.43850163
16113,28,0,0.32115662
16114,26,1,0.5598904
16115,25,0,0.20030622
16116,12,1,0.8087709
16117,19,1,0.35497677
16118,16,1,0.5139609
16119,7,0,0.45251095
16120,17,1,0.5241188
16121,6,1,0.3112844
16122,24,1,0.90388864
16123,16,0,0.30807903
16124,6,0,0.36594677
16125,12,0,0.19657978
16126,13,1,0.24049859
16127,13,0,0.56652355
16128,19,1,0.31559652
16129,13,0,0.18045367
16130,18,0,0.38364914
16131,26,1,0.82179016
16132,13,0,0.24893348
16133,18,1,0.5657322
16134,25,0,0.07071633
16135,19,0,0.30498064
16136,13,0,0.15275629
16137,7,0,0.24408314
16138,1,1,0.8740499
16139,13,0,0.07975506
16140,13,0,0.34570536
16141,23,0,0.4399418
16142,12,0,0.14390372
16143,6,0,0.23600875
16144,12,1,0.85058707
16145,20,1,0.93491554
16146,23,0,0.12103446
16147,16,0,0.4005138
16148,25,0,0.42439625
16149,26,1,0.86194736
16150,17,0,0.074327245
16151,25,1,0.90831184
16152,1,1,0.9864057
16153,24,1,0.60969776
16154,7,1,0.93523157
16155,22,0,0.40581623
16156,3,1,0.22792831
16157,20,1,0.58599466
16158,1,1,0.98966646
16159,7,1,0.6274226
16160,16,0,0.04163211
16161,26,1,0.74704707
16162,8,1,0.6376315
16163,1,0,0.65684724
16164,20,1,0.6080489
16165,25,0,0.17969248
16166,19,0,0.07270968
16167,16,1,0.27901387
16168,18,1,0.7734301
16169,28,0,0.09649328
16170,0,1,0.8384809
16171,8,0,0.451543
16172,25,0,0.38985434
16173,19,0,0.15318617
16174,7,1,0.47693795
16175,3,0,0.5724506
16176,19,1,0.6479286
16177,5,0,0.16948879
16178,27,1,0.94304377
16179,24,0,0.1389379
16180,13,0,0.13770963
16181,25,1,0.9202394
16182,8,1,0.6835443
16183,8,1,0.6405647
16184,22,1,0.86130184
16185,11,1,0.49241218
16186,13,0,0.117340386
16187,18,1,0.3295549
16188,26,0,0.112128556
16189,17,1,0.43769178
16190,2,0,0.19967988
16191,4,1,0.6864486
16192,14,0,0.105602466
16193,15,1,0.6151242
16194,14,0,0.63214666
16195,15,1,0.9257421
16196,12,0,0.44960567
16197,2,0,0.4195874
16198,5,0,0.0741746
16199,16,1,0.95448667
16200,16,0,0.6183459
16201,12,1,0.8502785
16202,8,1,0.861692
16203,15,0,0.29738918
16204,2,1,0.95790523
16205,16,1,0.9621109
16206,15,0,0.11293703
16207,19,1,0.5905005
16208,12,1,0.703427
16209,14,0,0.7735156
16210,14,0,0.47102693
16211,9,1,0.9761643
16212,6,0,0.289517
16213,15,0,0.13616966
16214,11,0,0.43118173
16215,2,0,0.2666211
16216,17,0,0.16327918
16217,28,0,0.32804033
16218,0,0,0.19649315
16219,11,0,0.36630228
16220,27,1,0.94989055
16221,15,0,0.21188839
16222,11,1,0.45866808
16223,26,0,0.22496794
16224,13,0,0.25557023
16225,13,1,0.47795755
16226,2,1,0.95854163
16227,25,1,0.60425365
16228,27,0,0.40438378
16229,27,1,0.49168736
16230,23,0,0.055398844
16231,3,1,0.92947894
16232,8,0,0.24043931
16233,11,1,0.85740125
16234,5,1,0.90278745
16235,15,1,0.7919075
16236,20,1,0.64416
16237,10,1,0.7341874
16238,8,0,0.6054177
16239,26,1,0.46867493
16240,4,1,0.7549135
16241,13,1,0.56737846
16242,15,1,0.9336998
16243,24,0,0.5513487
16244,10,1,0.99505806
16245,3,1,0.4097105
16246,15,1,0.9682643
16247,7,1,0.30667478
16248,17,1,0.6992716
16249,3,0,0.18419385
16250,17,1,0.9353572
16251,13,0,0.27014244
16252,19,0,0.31880596
16253,13,0,0.3354101
16254,26,1,0.6782825
16255,25,0,0.03652102
16256,16,0,0.14837189
16257,25,0,0.4274549
16258,1,0,0.7246332
16259,6,1,0.98273325
16260,25,1,0.70605296
16261,26,1,0.48697338
16262,9,0,0.074251376
16263,10,1,0.9239691
16264,13,1,0.8458654
16265,24,1,0.9979261
16266,13,0,0.4698408
16267,7,1,0.9189092
16268,11,1,0.9504189
16269,13,0,0.38002846
16270,25,1,0.9087942
16271,18,1,0.6000539
16272,27,1,0.94004416
16273,3,0,0.42928374
16274,13,1,0.6390937
16275,12,0,0.30865496
16276,3,1,0.7413606
16277,20,1,0.8878336
16278,17,1,0.9994122
16279,2,1,0.62680155
16280,7,0,0.26027548
16281,22,0,0.12703103
16282,10,0,0.032419838
16283,11,1,0.7853799
16284,25,0,0.3969374
16285,13,0,0.43958285
16286,8,0,0.08627545
16287,15,1,0.57235307
16288,5,1,0.945687
16289,17,1,0.72701573
16290,20,1,0.9113901
16291,21,1,0.62385035
16292,15,1,0.63301295
16293,25,0,0.39645797
16294,12,1,0.59039915
16295,14,1,0.45959848
16296,28,0,0.10814412
16297,8,0,0.41105193
16298,16,0,0.13457313
16299,19,1,0.60820746
16300,15,0,0.40813804
16301,1,0,0.38563552
16302,19,1,0.28623173
16303,13,0,0.21676156
16304,8,0,0.45409274
16305,0,0,0.33471733
16306,16,1,0.7631984
16307,27,0,0.48083815
16308,9,0,0.23187503
16309,10,1,0.35106352
16310,3,1,0.73913515
16311,4,0,0.50637746
16312,22,0,0.073158234
16313,14,1,0.8737964
16314,20,1,0.9473918
16315,3,1,0.9688983
16316,17,0,0.054741062
16317,1,0,0.61623496
16318,26,1,0.7942112
16319,15,1,0.77918434
16320,9,0,0.14545149
16321,3,0,0.4226442
16322,10,1,0.8188743
16323,19,0,0.43885517
16324,21,0,0.10041007
16325,2,0,0.26451594
16326,26,0,0.26544634
16327,22,0,0.49725333
16328,13,0,0.3097759
16329,22,0,0.84502316
16330,16,0,0.56637996
16331,19,0,0.0023670178
16332,8,0,0.2824661
16333,22,1,0.73987883
16334,11,0,0.55079776
16335,12,1,0.65972984
16336,27,1,0.83754015
16337,10,1,0.8276939
16338,3,1,0.957073
16339,10,1,0.3901083
16340,26,0,0.017144104
16341,6,0,0.15698753
16342,25,1,0.42674923
16343,15,1,0.71041495
16344,26,1,0.53349155
16345,6,1,0.3341431
16346,18,1,0.8678356
16347,7,0,0.57014096
16348,25,0,0.6651597
16349,21,0,0.55802554
16350,1,1,0.32435176
16351,2,1,0.76908976
16352,7,1,0.6687675
16353,10,1,0.7026897
16354,3,0,0.55813295
16355,27,0,0.008301521
16356,12,1,0.9995183
16357,21,1,0.99129593
16358,11,0,0.119256906
16359,1,1,0.8417723
16360,8,0,0.0730101
16361,13,1,0.68793404
16362,16,0,0.38892782
16363,9,0,0.114667244
16364,8,0,0.85141766
16365,6,1,0.9200666
16366,25,1,0.92529154
16367,6,1,0.6105741
16368,28,1,0.59863067
16369,13,0,0.2031861
16370,15,0,0.20650809
16371,16,0,0.46705592
16372,11,1,0.6432393
16373,16,0,0.30929953
16374,26,0,0.05453936
16375,2,0,0.24951142
16376,25,1,0.753908
16377,17,0,0.22181161
16378,28,0,0.10836957
16379,28,0,0.04439347
16380,3,1,0.7871802
16381,15,1,0.39194408
16382,10,1,0.3724265
16383,26,0,0.18682352
16384,1,1,0.7459704
16385,19,1,0.8714774
16386,16,0,0.48608342
16387,19,0,0.49880826
16388,14,1,0.6333421
16389,12,1,0.6945086
16390,5,0,0.3519215
16391,6,1,0.8728014
16392,17,1,0.95895255
16393,19,0,0.3511965
16394,2,0,0.47240144
16395,10,1,0.8002271
16396,19,0,0.41432008
16397,1,1,0.29469633
16398,13,0,0.29383522
16399,12,1,0.42436242
16400,9,1,0.8360801
16401,2,1,0.51091605
16402,10,0,0.21870986
16403,20,1,0.32395226
16404,13,1,0.46702334
16405,11,0,0.4543708
16406,15,0,0.52941155
16407,11,1,0.8585756
16408,16,0,0.19199443
16409,22,0,0.1273965
16410,12,1,0.43869123
16411,16,1,0.8710809
16412,1,1,0.9006142
16413,3,1,0.95461386
16414,28,1,0.27013576
16415,22,0,0.35916287
16416,13,1,0.5239154
16417,16,0,0.2243306
16418,13,0,0.59644645
16419,28,0,0.05041677
16420,23,1,0.4383107
16421,19,0,0.3636718
16422,13,0,0.12887527
16423,6,1,0.96389717
16424,27,1,0.14963098
16425,28,0,0.5632433
16426,12,0,0.23262422
16427,14,1,0.7672216
16428,14,1,0.7776152
16429,25,0,0.74787444
16430,16,1,0.74812096
16431,18,0,0.38548395
16432,10,0,0.18045981
16433,0,1,0.49466282
16434,2,0,0.120897114
16435,10,1,0.70348245
16436,20,0,0.24290462
16437,1,0,0.18196149
16438,6,0,0.1887852
16439,22,1,0.82343715
16440,8,0,0.08086934
16441,28,0,0.29390165
16442,24,1,0.9979875
16443,1,1,0.7337422
16444,12,0,0.00012590783
16445,2,0,0.76597553
16446,11,0,0.13414584
16447,18,0,0.3753662
16448,22,0,0.28818566
16449,3,1,0.59286636
16450,2,1,0.54356605
16451,8,0,0.26350147
16452,0,1,0.6965394
16453,20,1,0.7482033
16454,20,0,0.34870568
16455,8,0,0.12973341
16456,10,0,0.5573714
16457,6,1,0.9679235
16458,15,0,0.28718072
16459,2,0,0.3256894
16460,11,1,0.8647741
16461,10,1,0.8310326
16462,25,0,0.15254982
16463,10,0,0.06605222
16464,28,0,0.5440333
16465,26,0,0.41193444
16466,9,0,0.37759078
16467,28,1,0.5744924
16468,1,0,0.120102994
16469,3,0,0.68246883
16470,27,0,0.25419396
16471,16,0,0.08902268
16472,25,1,0.5233441
16473,16,0,0.31954384
16474,2,1,0.556415
16475,22,0,0.15055944
16476,22,1,0.9033737
16477,13,0,0.80818284
16478,16,0,0.112326525
16479,25,0,0.35683626
16480,11,1,0.6211982
16481,12,0,0.34440315
16482,6,1,0.5496938
16483,28,0,0.2452244
16484,8,1,0.5662229
16485,18,1,0.7905248
16486,13,0,0.23637323
16487,7,1,0.5828165
16488,15,0,0.021629164
16489,27,0,0.255704
16490,22,0,0.1713534
16491,22,1,0.72642374
16492,1,0,0.21302043
16493,13,0,0.04510267
16494,17,0,0.3023577
16495,23,0,0.47092173
16496,18,1,0.406646
16497,14,1,0.663663
16498,27,0,0.34827834
16499,2,0,0.17530362
16500,24,1,0.36769536
16501,10,0,0.54607475
16502,14,1,0.4523987
16503,2,0,0.3890312
16504,20,1,0.8683983
16505,7,1,0.5527255
16506,2,1,0.9082927
16507,14,0,0.32220435
16508,2,1,0.80751723
16509,2,0,0.13086754
16510,16,0,0.10618864
16511,8,1,0.8276308
16512,5,1,0.76861084
16513,16,1,0.720137
16514,26,0,0.18286932
16515,8,1,0.8639625
16516,28,1,0.9303755
16517,10,1,0.47105902
16518,4,0,0.40477097
16519,12,0,0.4094137
16520,16,0,0.442461
16521,10,1,0.91046804
16522,5,0,0.23852429
16523,13,1,0.9182239
16524,14,1,0.2946737
16525,26,0,0.08644791
16526,5,0,0.07412075
16527,22,0,0.15427984
16528,25,1,0.34185696
16529,27,1,0.92353016
16530,25,1,0.9982957
16531,12,1,0.37673226
16532,28,0,0.08818597
16533,3,0,0.29675037
16534,2,1,0.9889233
16535,6,0,0.04060879
16536,0,0,0.7106158
16537,27,0,0.05214332
16538,2,1,0.9974093
16539,17,1,0.48249412
16540,20,1,0.65638375
16541,20,0,0.20745869
16542,10,0,0.39556018
16543,20,0,0.27230117
16544,20,0,0.5456753
16545,10,1,0.8268277
16546,7,0,0.1731365
