,tissue_ids,target,prediction
0,20,0,0.36785144
1,9,1,0.40746966
2,16,0,0.4329598
3,20,1,0.5150486
4,12,0,0.22437191
5,27,0,0.70048547
6,16,1,0.97971076
7,9,0,0.79144603
8,18,0,0.45866683
9,5,0,0.21177785
10,28,1,0.45066965
11,26,0,0.4298481
12,26,1,0.664781
13,26,1,0.7880141
14,10,1,0.33037812
15,11,0,0.36854056
16,10,1,0.7077384
17,14,1,0.76419985
18,16,1,0.8868871
19,25,1,0.49119428
20,15,1,0.70902526
21,13,0,0.38208526
22,27,0,0.26593098
23,15,0,0.82888424
24,22,1,0.91537815
25,16,0,0.31341788
26,16,0,0.43563768
27,0,1,0.32365543
28,11,1,0.7573764
29,11,1,0.73660815
30,3,0,0.48642233
31,19,0,0.35761258
32,11,1,0.6564946
33,0,1,0.8409438
34,24,0,0.1876363
35,8,1,0.6703012
36,6,1,0.5804486
37,18,1,0.7883436
38,13,0,0.37560162
39,7,1,0.52414256
40,24,1,0.695667
41,28,1,0.48228174
42,1,1,0.6658421
43,3,0,0.52147263
44,10,1,0.36000898
45,8,0,0.18788315
46,8,1,0.7926451
47,11,0,0.6565801
48,14,0,0.47742003
49,23,1,0.7377646
50,28,1,0.58748454
51,28,1,0.69719577
52,23,0,0.60697335
53,20,0,0.23498854
54,13,1,0.7121862
55,18,0,0.49627066
56,1,0,0.42576084
57,27,1,0.6233952
58,27,0,0.1287336
59,25,0,0.24039264
60,13,0,0.5503382
61,22,0,0.7337962
62,15,1,0.42430884
63,9,1,0.6949915
64,16,1,0.7417802
65,10,0,0.330295
66,17,1,0.6722089
67,0,1,0.56626415
68,1,0,0.29101345
69,13,0,0.09880538
70,23,0,0.40273386
71,20,1,0.6574172
72,26,0,0.5492937
73,5,0,0.8102988
74,20,1,0.6300385
75,13,1,0.6822002
76,8,0,0.28431246
77,10,1,0.28903723
78,12,1,0.41537464
79,0,0,0.34199223
80,3,0,0.16054803
81,13,1,0.7489604
82,10,1,0.65921676
83,26,1,0.6586363
84,19,1,0.3134967
85,1,0,0.4521006
86,27,0,0.771579
87,7,1,0.6275898
88,11,0,0.5428707
89,10,0,0.13820213
90,21,1,0.6777425
91,16,1,0.4610053
92,3,0,0.7056215
93,15,1,0.8715294
94,15,0,0.72589874
95,14,1,0.642956
96,15,1,0.53092706
97,2,1,0.35822374
98,2,0,0.73329556
99,13,1,0.26214436
100,7,0,0.12484956
101,1,1,0.4240372
102,21,0,0.27754584
103,21,0,0.6142247
104,28,0,0.09717215
105,26,1,0.638953
106,10,1,0.5950858
107,19,1,0.3141161
108,15,1,0.75308096
109,27,1,0.1534006
110,15,0,0.6205901
111,6,1,0.7762124
112,28,0,0.46440288
113,26,0,0.60339403
114,5,1,0.770437
115,2,0,0.39602762
116,17,1,0.7075455
117,20,0,0.18968514
118,15,1,0.4146154
119,15,1,0.3231727
120,11,1,0.8605187
121,1,0,0.32754123
122,20,1,0.480196
123,23,0,0.47760618
124,13,1,0.6057647
125,20,0,0.25378972
126,4,0,0.34117222
127,28,1,0.6029939
128,16,1,0.44459444
129,16,1,0.33912802
130,13,0,0.5058276
131,26,1,0.64625615
132,16,1,0.47299638
133,28,1,0.55728525
134,18,1,0.5335857
135,1,0,0.08051934
136,3,0,0.3610017
137,25,1,0.4554719
138,4,0,0.19338022
139,15,0,0.5209093
140,12,1,0.6396786
141,17,0,0.5209018
142,7,1,0.5154605
143,24,0,0.13067643
144,16,1,0.6906055
145,10,1,0.74769276
146,21,1,0.5834132
147,7,1,0.40074584
148,15,0,0.2160652
149,2,0,0.2968067
150,25,1,0.83493537
151,18,0,0.21599005
152,22,0,0.25955608
153,17,0,0.55733913
154,4,1,0.3569389
155,11,0,0.5482382
156,16,1,0.48367307
157,15,0,0.586899
158,6,1,0.8228747
159,16,1,0.8077732
160,11,0,0.57796353
161,12,1,0.36517617
162,1,0,0.36174434
163,2,1,0.3413237
164,5,0,0.39419532
165,23,1,0.6994428
166,11,0,0.32917902
167,0,1,0.7078034
168,25,1,0.8302755
169,16,1,0.8663062
170,3,0,0.44215775
171,8,1,0.57048756
172,22,0,0.31377256
173,1,1,0.77706236
174,28,1,0.450846
175,3,1,0.21882465
176,28,1,0.8913979
177,8,1,0.323645
178,22,1,0.60978186
179,20,0,0.7563359
180,6,0,0.22973558
181,25,0,0.25190562
182,1,1,0.4122226
183,8,1,0.50374764
184,20,1,0.6063524
185,18,1,0.9311521
186,3,0,0.30929554
187,6,0,0.23413007
188,17,0,0.32441562
189,17,1,0.40348625
190,25,0,0.2636986
191,1,0,0.6177727
192,1,1,0.84859246
193,20,0,0.6430684
194,14,0,0.20116425
195,22,1,0.86291677
196,4,0,0.024265373
197,25,1,0.7104309
198,28,0,0.22057448
199,16,1,0.45451918
200,9,0,0.35626233
201,15,0,0.33428577
202,10,0,0.15017481
203,5,0,0.2621201
204,17,0,0.48814076
205,1,0,0.37640005
206,10,0,0.65874046
207,13,1,0.49126515
208,15,1,0.5360269
209,18,1,0.8334685
210,1,1,0.70697
211,15,1,0.6266324
212,27,0,0.65875787
213,15,0,0.560627
214,1,0,0.47123602
215,5,0,0.68002665
216,10,0,0.34550896
217,25,0,0.53510296
218,10,1,0.6408057
219,0,1,0.4902127
220,16,1,0.22867626
221,16,0,0.21585433
222,10,0,0.61787933
223,26,1,0.8411831
224,2,1,0.802236
225,4,1,0.45196083
226,1,0,0.8694622
227,13,1,0.8879046
228,2,0,0.24681282
229,4,1,0.5212441
230,28,1,0.8397142
231,20,0,0.30753836
232,13,0,0.32830682
233,8,1,0.5834872
234,6,0,0.56655765
235,28,0,0.1486345
236,1,0,0.2781659
237,12,0,0.40386698
238,22,1,0.7594356
239,11,1,0.8333348
240,8,0,0.41290313
241,10,0,0.43970013
242,20,1,0.54820436
243,4,0,0.29920092
244,18,0,0.24809743
245,7,0,0.6363055
246,11,1,0.4049169
247,15,0,0.399617
248,25,1,0.4105176
249,2,1,0.5666693
250,1,0,0.3195672
251,27,0,0.3125355
252,13,0,0.18373333
253,4,0,0.50488013
254,10,1,0.50270826
255,8,0,0.21490704
256,11,0,0.3673062
257,9,1,0.63784254
258,23,1,0.6235091
259,8,0,0.7291368
260,9,1,0.46507078
261,8,1,0.67754686
262,10,0,0.4549808
263,28,0,0.53684694
264,15,0,0.1834855
265,27,1,0.59018904
266,14,1,0.7905692
267,6,0,0.37599513
268,10,0,0.4525563
269,7,1,0.72918886
270,3,0,0.87993973
271,3,0,0.2853161
272,7,1,0.7691436
273,16,0,0.5011504
274,17,0,0.23022705
275,1,0,0.20131092
276,18,0,0.39649078
277,16,1,0.97861266
278,18,1,0.7729985
279,24,0,0.3359691
280,6,0,0.42773357
281,21,1,0.7768877
282,10,0,0.23848124
283,15,0,0.407271
284,15,1,0.36123177
285,15,0,0.43796617
286,12,0,0.38232547
287,20,1,0.84296215
288,27,1,0.43753737
289,11,1,0.82014894
290,6,1,0.38178378
291,20,0,0.8151045
292,28,0,0.34695503
293,24,1,0.73693633
294,26,0,0.47137597
295,11,1,0.94026554
296,16,1,0.7387696
297,7,0,0.53650624
298,2,0,0.1945945
299,3,0,0.44310755
300,14,1,0.48714253
301,0,1,0.814351
302,13,0,0.24769239
303,16,1,0.47198498
304,25,0,0.09743133
305,10,1,0.622837
306,27,0,0.45392236
307,28,1,0.89451367
308,4,1,0.5797563
309,1,0,0.3695439
310,27,0,0.52031493
311,18,1,0.96059895
312,24,0,0.60961676
313,12,0,0.6687936
314,10,0,0.5798874
315,24,0,0.7372453
316,10,0,0.46274072
317,25,1,0.31557465
318,13,1,0.47560236
319,23,0,0.21317804
320,26,1,0.639412
321,16,0,0.41526678
322,13,0,0.292897
323,16,1,0.8669779
324,7,0,0.6261359
325,19,0,0.4316659
326,13,1,0.540172
327,11,1,0.26550215
328,19,0,0.51786923
329,18,1,0.57323796
330,12,0,0.546403
331,27,1,0.73679495
332,16,0,0.30428028
333,2,1,0.5366989
334,28,0,0.38005438
335,14,0,0.46810895
336,13,0,0.5807077
337,6,1,0.9829323
338,26,1,0.38987094
339,12,0,0.61172813
340,11,0,0.33459115
341,8,1,0.18571964
342,5,1,0.5445526
343,27,1,0.5565148
344,6,0,0.18922698
345,18,0,0.3272037
346,13,0,0.4002987
347,21,1,0.8377485
348,20,0,0.2653405
349,18,1,0.50051993
350,1,0,0.6226056
351,10,1,0.7472248
352,6,0,0.7383801
353,6,0,0.44182286
354,15,0,0.4751328
355,0,1,0.7962377
356,4,1,0.58147514
357,25,0,0.060371824
358,25,0,0.4832707
359,8,0,0.46870488
360,4,0,0.6084685
361,8,1,0.7050638
362,13,0,0.16563533
363,21,0,0.31298482
364,4,0,0.6307986
365,15,0,0.43054262
366,2,1,0.6078422
367,25,1,0.71755195
368,3,0,0.23130895
369,12,0,0.21813405
370,16,1,0.77667713
371,1,1,0.22651774
372,16,1,0.68063676
373,18,0,0.46128187
374,21,1,0.7384003
375,19,0,0.6070151
376,7,1,0.68287927
377,12,1,0.6006121
378,2,0,0.6288475
379,18,0,0.72902274
380,8,0,0.31824994
381,13,0,0.32342982
382,21,1,0.6366475
383,25,1,0.931746
384,26,0,0.74699944
385,16,1,0.7226972
386,25,0,0.4693372
387,14,1,0.9039953
388,1,1,0.73294294
389,14,1,0.31929803
390,16,0,0.3801279
391,8,1,0.3824894
392,22,0,0.20571907
393,25,0,0.45802647
394,15,0,0.8094216
395,11,1,0.7450398
396,3,0,0.15796347
397,1,1,0.4179395
398,11,1,0.65522397
399,21,0,0.2890846
400,7,1,0.95521146
401,0,0,0.57591766
402,25,1,0.55597633
403,1,0,0.58101755
404,26,0,0.5066587
405,22,0,0.4839448
406,17,1,0.48979276
407,27,1,0.5953485
408,28,0,0.52432525
409,25,0,0.46539986
410,28,1,0.781086
411,28,1,0.6455006
412,7,1,0.56068027
413,6,0,0.65698874
414,26,1,0.6688837
415,2,1,0.5213088
416,14,0,0.40991223
417,0,0,0.37288696
418,2,1,0.8865464
419,11,1,0.7601561
420,8,1,0.7968972
421,28,0,0.100727886
422,19,0,0.24007988
423,17,1,0.39955875
424,16,0,0.5853524
425,3,1,0.5862435
426,8,1,0.83334935
427,11,0,0.7154938
428,1,1,0.72986966
429,22,0,0.36175144
430,3,1,0.57290566
431,6,0,0.21701008
432,2,0,0.34803113
433,7,1,0.5352233
434,4,0,0.32217014
435,0,0,0.2501061
436,28,0,0.57689005
437,18,0,0.24167097
438,19,1,0.71457994
439,10,0,0.5957192
440,15,1,0.77576095
441,10,1,0.6447452
442,16,1,0.79019463
443,15,1,0.8018753
444,8,0,0.268728
445,15,0,0.44767642
446,19,1,0.5914348
447,7,0,0.5896248
448,18,1,0.4035824
449,28,1,0.53983444
450,2,1,0.6573549
451,16,0,0.5014619
452,8,0,0.44381362
453,18,1,0.69559115
454,7,0,0.62920445
455,16,0,0.39018312
456,6,1,0.637017
457,13,0,0.3764142
458,23,1,0.5555474
459,6,1,0.3000753
460,28,1,0.15957081
461,25,1,0.8244721
462,8,0,0.37346062
463,20,1,0.48223755
464,27,1,0.3628756
465,14,1,0.41090807
466,10,1,0.5897625
467,14,1,0.62211925
468,11,0,0.49706754
469,15,0,0.22466138
470,10,0,0.5427902
471,12,1,0.6434453
472,3,1,0.21515073
473,2,1,0.33630866
474,17,0,0.2842063
475,11,0,0.78303736
476,4,1,0.49718866
477,26,1,0.8625467
478,21,0,0.2718849
479,8,1,0.6042162
480,9,0,0.17231323
481,9,1,0.6446859
482,20,0,0.6821788
483,1,0,0.33962965
484,1,0,0.47366703
485,8,0,0.41863674
486,20,0,0.38643375
487,10,0,0.6306125
488,21,0,0.2679517
489,10,0,0.44872242
490,16,1,0.50007504
491,9,1,0.63532495
492,22,0,0.3151159
493,23,1,0.30270374
494,8,0,0.2708044
495,15,1,0.6788316
496,16,1,0.94453883
497,7,1,0.5667403
498,24,1,0.81256175
499,21,0,0.4921858
500,16,0,0.63473123
501,8,1,0.60135573
502,8,1,0.77886283
503,23,0,0.3522481
504,22,0,0.3177087
505,17,1,0.88364685
506,4,1,0.8785524
507,1,1,0.56464404
508,2,0,0.15486978
509,13,0,0.44645247
510,22,1,0.38310745
511,26,1,0.5111749
512,9,1,0.32456005
513,13,0,0.2670809
514,13,1,0.34861854
515,11,0,0.4118426
516,13,1,0.82991606
517,17,1,0.7417049
518,15,0,0.116181925
519,20,1,0.47382987
520,22,0,0.686382
521,12,0,0.55236095
522,26,1,0.43136746
523,12,1,0.4528236
524,0,1,0.648638
525,26,1,0.87976015
526,25,0,0.512024
527,20,1,0.6696809
528,8,0,0.422235
529,15,1,0.6518863
530,2,0,0.059163995
531,8,1,0.84704375
532,15,1,0.8860315
533,16,0,0.26041853
534,26,0,0.58771646
535,16,1,0.6728258
536,7,1,0.40186498
537,5,1,0.22255427
538,26,0,0.7124931
539,14,1,0.768647
540,26,0,0.24578474
541,24,0,0.4920616
542,19,0,0.66483694
543,2,1,0.6546996
544,7,1,0.52018964
545,25,1,0.277671
546,10,0,0.23985423
547,27,0,0.35161582
548,4,1,0.7707287
549,14,0,0.62918806
550,2,1,0.89395124
551,28,0,0.47417933
552,16,1,0.3966957
553,21,0,0.7410582
554,26,0,0.37624487
555,28,1,0.34422967
556,20,1,0.8917598
557,4,1,0.6698431
558,10,1,0.5138923
559,20,1,0.36199427
560,10,1,0.28687614
561,26,1,0.5082312
562,8,1,0.41326392
563,11,0,0.40420964
564,26,1,0.47719744
565,7,1,0.73664236
566,26,1,0.8301862
567,6,1,0.62165385
568,3,1,0.7636981
569,22,0,0.16991071
570,10,0,0.7295119
571,8,1,0.42850074
572,7,0,0.30078417
573,27,1,0.55823404
574,27,1,0.52545404
575,2,1,0.78408855
576,18,0,0.33170876
577,10,1,0.52677727
578,28,0,0.26328024
579,13,0,0.733238
580,10,0,0.28406444
581,16,0,0.1822153
582,22,1,0.45144597
583,13,1,0.4204427
584,12,1,0.6945967
585,20,0,0.2392296
586,13,0,0.34574637
587,11,1,0.39395192
588,11,1,0.7198369
589,13,0,0.15466093
590,2,1,0.44623575
591,1,0,0.539486
592,2,0,0.4933105
593,27,0,0.63757044
594,27,1,0.3547659
595,24,0,0.2446295
596,10,0,0.4740393
597,23,1,0.74713737
598,12,0,0.4387305
599,13,0,0.36622533
600,23,1,0.9273568
601,10,1,0.8638366
602,13,0,0.6962984
603,2,1,0.5084775
604,27,1,0.8142536
605,16,1,0.44110626
606,28,1,0.6792184
607,19,1,0.49760577
608,8,1,0.58251196
609,16,1,0.87194085
610,28,0,0.49707207
611,8,1,0.551172
612,13,1,0.39273334
613,13,1,0.8279468
614,9,1,0.17122436
615,26,0,0.26006317
616,26,1,0.81367093
617,27,1,0.92451733
618,28,1,0.63745844
619,3,1,0.6423352
620,26,1,0.9338344
621,12,1,0.80677956
622,1,1,0.31923735
623,18,1,0.94933105
624,15,1,0.624577
625,13,0,0.46073827
626,1,0,0.6977401
627,7,0,0.2804213
628,15,0,0.536173
629,24,0,0.49377638
630,26,0,0.54022187
631,22,0,0.7113432
632,25,1,0.5418882
633,15,0,0.38015398
634,2,1,0.5973113
635,16,1,0.62558424
636,26,0,0.40144515
637,17,1,0.7622545
638,25,1,0.6606804
639,7,1,0.30069992
640,15,0,0.27028954
641,24,1,0.96289796
642,16,1,0.5585292
643,7,0,0.2983518
644,21,0,0.13504933
645,16,0,0.2654842
646,12,1,0.48085243
647,1,1,0.49004775
648,28,1,0.6535655
649,19,1,0.72457504
650,1,0,0.4117735
651,8,0,0.26718184
652,11,0,0.3733022
653,5,0,0.21676129
654,18,0,0.20291343
655,28,1,0.44808394
656,7,0,0.7226422
657,2,1,0.5808733
658,0,0,0.21577822
659,26,0,0.09426196
660,15,1,0.51626945
661,12,1,0.6164152
662,11,0,0.43898103
663,25,0,0.23910598
664,8,0,0.29220355
665,24,1,0.7362663
666,4,1,0.33549845
667,15,0,0.34675395
668,25,1,0.50485104
669,11,0,0.3066693
670,9,1,0.5975882
671,2,1,0.8087576
672,15,0,0.68795353
673,17,0,0.72213334
674,12,1,0.96991706
675,25,1,0.377129
676,14,1,0.73157513
677,15,0,0.5394267
678,13,0,0.15482092
679,15,1,0.64146495
680,13,1,0.8153278
681,12,0,0.28399724
682,25,1,0.6406774
683,22,1,0.39016548
684,16,1,0.6008388
685,7,1,0.6909451
686,27,1,0.40239555
687,18,0,0.30553508
688,16,0,0.27086562
689,0,0,0.69559854
690,18,1,0.58690464
691,13,0,0.58237946
692,11,1,0.39276364
693,1,1,0.38566834
694,16,1,0.9033415
695,21,1,0.6309659
696,15,0,0.3188346
697,16,0,0.4076296
698,6,1,0.5936457
699,15,1,0.19053274
700,18,1,0.5962261
701,6,1,0.22157271
702,25,0,0.23938455
703,10,1,0.55698425
704,12,0,0.60943943
705,8,0,0.4985321
706,12,1,0.50704783
707,15,1,0.7722215
708,3,1,0.57619804
709,19,1,0.36424953
710,15,1,0.7020813
711,12,0,0.541626
712,11,0,0.73026764
713,2,1,0.7054325
714,2,0,0.53341097
715,13,0,0.18716933
716,16,0,0.3374175
717,2,0,0.3927981
718,5,0,0.6724491
719,15,0,0.48481473
720,15,1,0.821797
721,19,0,0.36983016
722,10,0,0.33683193
723,2,0,0.32686126
724,27,0,0.3193406
725,0,0,0.24927135
726,0,0,0.39062297
727,6,0,0.5386699
728,13,1,0.60636485
729,4,0,0.17695336
730,9,1,0.5298513
731,12,1,0.3699095
732,13,1,0.47752908
733,9,1,0.9642486
734,12,0,0.34248537
735,7,1,0.39525837
736,27,1,0.5516239
737,16,0,0.16538525
738,12,0,0.6255283
739,8,1,0.6739601
740,1,1,0.5183676
741,18,0,0.4280568
742,24,1,0.424085
743,26,1,0.60856456
744,0,1,0.3515377
745,15,0,0.42374703
746,16,1,0.88458884
747,9,0,0.24518009
748,8,1,0.89035463
749,6,1,0.44958496
750,27,0,0.5419341
751,10,0,0.6472875
752,15,1,0.549368
753,12,0,0.62004155
754,28,1,0.8541339
755,27,1,0.9676783
756,28,0,0.29428226
757,1,0,0.8722988
758,1,0,0.45529667
759,12,0,0.04196619
760,25,0,0.66041946
761,20,1,0.38350135
762,4,0,0.67003334
763,0,1,0.77856475
764,16,1,0.40348524
765,4,0,0.8484579
766,18,0,0.2178536
767,10,0,0.3203384
768,21,0,0.5450707
769,4,0,0.28158358
770,22,1,0.5567422
771,3,1,0.6608218
772,21,0,0.45658666
773,18,1,0.9103123
774,25,0,0.6866407
775,16,1,0.57377905
776,10,0,0.58897626
777,15,0,0.5202993
778,20,1,0.6343811
779,28,1,0.59149057
780,17,1,0.8193238
781,13,0,0.672142
782,3,1,0.32106844
783,5,0,0.43293196
784,26,0,0.8512041
785,9,1,0.49222872
786,18,0,0.61749494
787,15,1,0.37683433
788,8,1,0.41880086
789,12,0,0.18080491
790,16,1,0.46816373
791,18,0,0.61206007
792,16,1,0.4103382
793,2,1,0.37252608
794,28,1,0.60601664
795,27,1,0.5872114
796,10,0,0.25390697
797,19,0,0.4974227
798,28,1,0.9202181
799,24,1,0.7661825
800,2,0,0.6269162
801,10,1,0.80035836
802,28,0,0.53712195
803,27,0,0.43192798
804,0,1,0.8214155
805,23,0,0.44173956
806,25,1,0.35123575
807,4,0,0.37531862
808,8,1,0.34821793
809,13,0,0.20284912
810,5,0,0.16974457
811,14,0,0.17279233
812,16,0,0.6930519
813,4,1,0.86120766
814,10,1,0.3801853
815,8,1,0.7463908
816,10,0,0.24264964
817,14,1,0.2809719
818,17,0,0.41475654
819,2,0,0.75484073
820,17,1,0.6959166
821,0,1,0.3271405
822,13,1,0.85655797
823,10,1,0.43363318
824,13,1,0.88616705
825,9,0,0.16243944
826,6,0,0.4565152
827,2,1,0.322968
828,0,0,0.29568204
829,22,1,0.7475428
830,8,1,0.81937695
831,22,0,0.23570171
832,7,1,0.36774328
833,27,0,0.29597998
834,28,1,0.40422788
835,11,1,0.5087123
836,27,0,0.36541855
837,17,1,0.24045761
838,6,1,0.21177264
839,13,1,0.47502807
840,10,0,0.28228173
841,12,0,0.29471466
842,22,0,0.2368991
843,11,1,0.61284107
844,6,1,0.61093485
845,17,1,0.4061409
846,10,1,0.78652734
847,16,0,0.5377862
848,10,0,0.55304825
849,10,1,0.5913416
850,7,1,0.7704211
851,27,1,0.62105584
852,26,1,0.7230709
853,16,0,0.2524797
854,5,1,0.18305565
855,12,0,0.4710429
856,18,1,0.6956094
857,28,0,0.40994534
858,13,0,0.43735918
859,11,1,0.38882032
860,16,0,0.70680064
861,2,0,0.19691186
862,14,1,0.39647716
863,27,1,0.25952798
864,27,1,0.6737408
865,16,0,0.14708139
866,2,0,0.62261796
867,16,1,0.5423251
868,19,1,0.9652564
869,13,1,0.7627411
870,0,1,0.54862523
871,23,1,0.9570099
872,0,0,0.31145298
873,1,1,0.67619604
874,16,0,0.41030642
875,17,0,0.34412742
876,12,1,0.77443737
877,13,0,0.33592895
878,1,0,0.63370866
879,13,0,0.21824196
880,6,0,0.19456476
881,22,1,0.67022467
882,4,1,0.36991417
883,11,1,0.41728082
884,16,0,0.43636125
885,22,1,0.6999136
886,26,0,0.44015223
887,2,0,0.22875927
888,16,0,0.8430267
889,3,0,0.43907133
890,1,1,0.6826452
891,7,0,0.20679566
892,9,0,0.4878086
893,26,1,0.75754863
894,10,1,0.50973177
895,16,0,0.293326
896,17,0,0.26768157
897,16,1,0.6975407
898,13,1,0.76687586
899,2,0,0.3723089
900,16,1,0.5648967
901,22,1,0.6518649
902,6,0,0.37114844
903,28,0,0.16856305
904,8,0,0.3997003
905,12,0,0.09092726
906,15,0,0.14629707
907,13,0,0.6140169
908,11,1,0.59160566
909,15,1,0.20183696
910,6,0,0.26968545
911,14,0,0.7529893
912,20,1,0.52277553
913,13,1,0.76913464
914,2,1,0.5762444
915,28,0,0.5853139
916,25,0,0.2888223
917,16,1,0.70193744
918,19,0,0.21254373
919,11,0,0.34252158
920,28,1,0.43280736
921,13,0,0.38760647
922,23,0,0.3485087
923,6,0,0.5879686
924,7,0,0.34585473
925,15,0,0.41182563
926,6,0,0.20932418
927,11,1,0.8644318
928,11,0,0.5031007
929,10,1,0.61976796
930,23,0,0.37764907
931,12,0,0.044975054
932,14,1,0.6947469
933,13,0,0.56417775
934,21,0,0.1667857
935,21,0,0.24530905
936,16,0,0.248067
937,14,0,0.3993751
938,19,0,0.18222336
939,13,1,0.719881
940,9,0,0.52854395
941,25,0,0.2729918
942,26,1,0.3112509
943,2,1,0.44365546
944,23,1,0.6281107
945,22,0,0.48686817
946,20,0,0.47593287
947,28,1,0.39654088
948,14,1,0.49156973
949,16,0,0.9119822
950,13,0,0.77073014
951,14,1,0.87999094
952,22,0,0.3853537
953,2,0,0.25760776
954,10,1,0.47656035
955,27,1,0.719547
956,15,0,0.29935122
957,13,1,0.485197
958,2,0,0.38258934
959,23,1,0.6653569
960,2,0,0.47419563
961,17,0,0.44425464
962,25,0,0.60265857
963,9,0,0.586907
964,1,1,0.4345181
965,13,1,0.6448255
966,7,1,0.42294064
967,16,0,0.468519
968,21,0,0.3544025
969,3,0,0.3102534
970,28,0,0.222854
971,12,1,0.5120595
972,8,1,0.564879
973,9,1,0.7018536
974,21,1,0.67953056
975,11,0,0.62201035
976,7,1,0.6873605
977,21,1,0.39013153
978,0,0,0.26169795
979,5,1,0.7052962
980,11,0,0.4946221
981,0,0,0.40250102
982,15,0,0.50153106
983,16,1,0.70487183
984,25,1,0.35501248
985,10,1,0.51527566
986,21,1,0.5986499
987,11,1,0.76295775
988,16,0,0.21043725
989,18,1,0.8995258
990,0,1,0.6484955
991,11,0,0.6086541
992,1,1,0.8859003
993,21,1,0.45169088
994,13,1,0.5371444
995,24,0,0.716459
996,14,1,0.52057356
997,16,0,0.41795602
998,0,1,0.83956504
999,17,1,0.76133525
1000,12,0,0.6829549
1001,16,0,0.8347819
1002,2,0,0.43102524
1003,11,1,0.1021537
1004,25,1,0.7619975
1005,18,1,0.6674344
1006,12,1,0.40402502
1007,28,0,0.2613393
1008,4,0,0.5064741
1009,7,0,0.3360831
1010,16,1,0.35176018
1011,4,1,0.24732584
1012,14,1,0.6082551
1013,16,0,0.5966896
1014,23,1,0.5277454
1015,17,1,0.8896503
1016,1,0,0.074624516
1017,26,0,0.24016693
1018,4,1,0.91509247
1019,1,0,0.22385623
1020,22,1,0.6871795
1021,5,0,0.30945745
1022,0,1,0.3088015
1023,9,0,0.58481985
1024,8,0,0.36565453
1025,6,1,0.7773997
1026,13,0,0.5761917
1027,22,1,0.75206316
1028,11,0,0.30992883
1029,1,1,0.5241716
1030,25,0,0.39721113
1031,24,0,0.19879083
1032,20,1,0.7600562
1033,22,1,0.78385764
1034,2,1,0.64402664
1035,1,1,0.34559858
1036,5,0,0.19871119
1037,15,0,0.13645454
1038,20,0,0.53903353
1039,16,1,0.59494233
1040,23,1,0.45473158
1041,13,1,0.53924793
1042,1,1,0.8706187
1043,26,0,0.2767562
1044,18,0,0.82788277
1045,22,0,0.8665591
1046,26,1,0.39697805
1047,22,0,0.33392134
1048,8,0,0.09433205
1049,22,1,0.61480993
1050,7,1,0.41224188
1051,13,0,0.03751605
1052,22,0,0.6967329
1053,3,1,0.5708975
1054,3,1,0.45013008
1055,22,0,0.50340647
1056,25,0,0.68369156
1057,11,1,0.7394966
1058,23,0,0.3039283
1059,13,1,0.91893363
1060,11,0,0.5521705
1061,20,0,0.5792349
1062,25,0,0.49768955
1063,28,1,0.54377925
1064,17,0,0.3795069
1065,2,1,0.47658333
1066,8,1,0.78310376
1067,27,0,0.4881233
1068,17,0,0.4043545
1069,20,0,0.44432023
1070,8,0,0.32082888
1071,15,0,0.28947303
1072,13,1,0.20087501
1073,12,0,0.18832716
1074,15,1,0.8718578
1075,7,1,0.41994333
1076,11,0,0.14580293
1077,11,0,0.10901308
1078,11,1,0.61721325
1079,18,1,0.55459416
1080,1,0,0.3649977
1081,11,0,0.30667132
1082,11,0,0.6473393
1083,20,1,0.42375067
1084,10,1,0.8546806
1085,9,1,0.7112184
1086,18,0,0.5623163
1087,10,0,0.37535647
1088,18,1,0.509372
1089,27,0,0.1612132
1090,3,1,0.85136265
1091,11,1,0.85795695
1092,3,0,0.3897337
1093,26,0,0.31059384
1094,23,1,0.53160375
1095,25,0,0.25700805
1096,2,1,0.72976047
1097,16,0,0.1414168
1098,6,0,0.8041799
1099,4,0,0.44437513
1100,10,1,0.54515433
1101,15,0,0.260784
1102,19,0,0.25769946
1103,10,0,0.28799322
1104,11,0,0.13348098
1105,11,0,0.41710266
1106,28,1,0.47520977
1107,8,1,0.6554544
1108,15,0,0.18793797
1109,17,1,0.6202565
1110,25,0,0.4613063
1111,4,0,0.31756735
1112,26,1,0.5883067
1113,10,1,0.6726724
1114,13,0,0.6088173
1115,15,1,0.45606926
1116,26,0,0.45209488
1117,10,0,0.40753257
1118,10,1,0.55122834
1119,17,1,0.6692205
1120,15,1,0.6387699
1121,11,1,0.49726018
1122,20,1,0.3433716
1123,10,0,0.30717883
1124,28,0,0.3909689
1125,12,1,0.65285707
1126,13,1,0.9089863
1127,25,0,0.6020047
1128,1,1,0.19923386
1129,8,0,0.6554323
1130,18,0,0.6320781
1131,16,1,0.87069315
1132,6,1,0.6221373
1133,0,0,0.11531298
1134,12,1,0.6466289
1135,17,1,0.9694761
1136,26,0,0.4699616
1137,8,0,0.08852286
1138,8,1,0.5818297
1139,6,1,0.6359317
1140,16,1,0.33980924
1141,9,0,0.4150865
1142,16,0,0.55967844
1143,2,1,0.38490582
1144,18,1,0.72525465
1145,16,0,0.3249771
1146,16,1,0.30476803
1147,9,0,0.26943952
1148,21,0,0.6127627
1149,2,1,0.9018008
1150,20,1,0.9213857
1151,22,1,0.49050635
1152,24,1,0.3465139
1153,10,0,0.2149452
1154,13,0,0.41730374
1155,18,0,0.4402318
1156,0,1,0.7145315
1157,10,0,0.5248842
1158,15,1,0.6767956
1159,13,0,0.5652428
1160,4,0,0.55679935
1161,16,1,0.8160612
1162,2,0,0.39652032
1163,2,1,0.4213884
1164,14,1,0.6624379
1165,24,0,0.48262858
1166,4,1,0.5195115
1167,14,1,0.6552535
1168,25,0,0.80174696
1169,16,0,0.42235538
1170,27,0,0.19198386
1171,2,0,0.5019079
1172,2,1,0.85966855
1173,0,0,0.5990182
1174,4,1,0.5122328
1175,26,0,0.28331494
1176,5,1,0.84431154
1177,14,1,0.91394866
1178,15,1,0.5455425
1179,9,0,0.53216887
1180,1,1,0.856199
1181,11,1,0.2570306
1182,14,0,0.5840676
1183,8,0,0.16410004
1184,7,1,0.58894354
1185,23,0,0.7853793
1186,17,0,0.47667465
1187,2,0,0.5465133
1188,17,0,0.57298577
1189,14,1,0.90870064
1190,14,1,0.66987944
1191,22,1,0.61196685
1192,13,0,0.80640113
1193,18,0,0.43585452
1194,12,1,0.6651086
1195,28,1,0.53568614
1196,28,1,0.90381616
1197,11,1,0.7553711
1198,7,0,0.5680949
1199,1,1,0.549197
1200,16,0,0.6532514
1201,28,1,0.5730891
1202,21,0,0.59037966
1203,10,0,0.7865211
1204,6,1,0.45210835
1205,23,1,0.64594686
1206,1,1,0.30911762
1207,1,0,0.45964563
1208,26,1,0.52448076
1209,10,0,0.5056198
1210,16,0,0.43932793
1211,22,1,0.37178752
1212,26,0,0.39572647
1213,6,1,0.76313686
1214,1,1,0.67164695
1215,15,0,0.06898828
1216,16,0,0.17427133
1217,13,0,0.68868244
1218,27,0,0.1983579
1219,16,1,0.67630595
1220,13,1,0.4876711
1221,12,1,0.8906608
1222,6,1,0.2930642
1223,18,1,0.46012536
1224,19,0,0.7472894
1225,12,1,0.614676
1226,25,1,0.48503765
1227,27,0,0.2770983
1228,21,1,0.63630676
1229,11,0,0.3764833
1230,8,1,0.7472262
1231,5,0,0.60094327
1232,15,0,0.38423255
1233,25,0,0.3443617
1234,20,1,0.76873195
1235,27,0,0.61571497
1236,1,0,0.10973023
1237,13,0,0.29898056
1238,16,0,0.24482375
1239,16,1,0.8947232
1240,9,1,0.3682736
1241,20,1,0.4427061
1242,7,0,0.7795401
1243,2,1,0.21085826
1244,1,0,0.33984536
1245,16,1,0.7392573
1246,2,1,0.71578383
1247,3,1,0.41797277
1248,4,0,0.58404076
1249,10,0,0.49995542
1250,2,1,0.78795844
1251,12,0,0.26998034
1252,2,1,0.6859316
1253,25,1,0.47918814
1254,20,0,0.23693626
1255,8,0,0.41153985
1256,15,1,0.34712762
1257,6,1,0.6404292
1258,26,0,0.2834557
1259,12,1,0.6952875
1260,8,1,0.766877
1261,7,0,0.43052998
1262,8,0,0.27779698
1263,20,0,0.372563
1264,25,0,0.44589153
1265,13,1,0.6613516
1266,22,1,0.7336562
1267,1,1,0.74669546
1268,25,0,0.07506545
1269,2,0,0.7176802
1270,19,0,0.4053246
1271,10,1,0.6114374
1272,10,1,0.36667818
1273,1,0,0.26406968
1274,0,0,0.5142537
1275,23,0,0.38924536
1276,22,1,0.46971413
1277,17,1,0.61766016
1278,17,1,0.8277402
1279,3,1,0.45374545
1280,14,1,0.7270912
1281,7,0,0.50663275
1282,14,0,0.53815484
1283,1,0,0.5957205
1284,5,1,0.3433005
1285,1,0,0.12900518
1286,17,1,0.75955135
1287,19,1,0.3206391
1288,8,1,0.6683318
1289,20,0,0.37470007
1290,12,0,0.1529819
1291,7,0,0.71855646
1292,16,0,0.2673117
1293,1,1,0.9382673
1294,21,1,0.50076723
1295,26,0,0.2780974
1296,7,1,0.8025346
1297,16,1,0.7145181
1298,14,0,0.2870739
1299,14,0,0.36836907
1300,1,1,0.6587658
1301,19,1,0.7903477
1302,6,0,0.42906848
1303,4,1,0.16136158
1304,25,1,0.9176841
1305,13,0,0.30825445
1306,9,0,0.46212187
1307,26,0,0.28916344
1308,9,0,0.3639012
1309,26,1,0.5572254
1310,19,0,0.31398764
1311,12,1,0.92937744
1312,12,0,0.43078884
1313,16,1,0.3715792
1314,1,1,0.9396981
1315,10,0,0.66320825
1316,2,1,0.5090946
1317,7,0,0.42535412
1318,15,0,0.27215102
1319,6,1,0.5773405
1320,28,0,0.5798062
1321,16,1,0.7676926
1322,27,0,0.53358835
1323,16,1,0.36871517
1324,2,1,0.83499944
1325,6,1,0.60265064
1326,27,1,0.44177562
1327,18,0,0.20447356
1328,6,1,0.7396401
1329,14,0,0.76960593
1330,12,0,0.33395618
1331,23,1,0.3397731
1332,17,0,0.30967084
1333,15,0,0.4260376
1334,28,0,0.5422583
1335,12,0,0.59895253
1336,13,1,0.31575784
1337,18,1,0.23743363
1338,9,1,0.46059862
1339,19,0,0.4119517
1340,0,0,0.4855479
1341,7,0,0.33675566
1342,17,0,0.51334757
1343,26,0,0.17939064
1344,2,0,0.3140224
1345,20,0,0.8005245
1346,25,1,0.8154108
1347,8,0,0.41396025
1348,16,0,0.15854381
1349,16,0,0.16634119
1350,22,0,0.37535515
1351,15,0,0.19486955
1352,7,0,0.38892493
1353,4,1,0.6419187
1354,26,1,0.61324763
1355,19,0,0.6307983
1356,16,1,0.547185
1357,8,1,0.4622649
1358,25,1,0.6024635
1359,25,0,0.5649311
1360,23,1,0.43410873
1361,17,1,0.3558541
1362,0,1,0.7652359
1363,15,0,0.49372587
1364,11,0,0.5510199
1365,22,1,0.985556
1366,26,1,0.58427954
1367,8,0,0.58690095
1368,5,0,0.22215283
1369,14,0,0.54856586
1370,12,0,0.36084363
1371,6,0,0.6136444
1372,16,0,0.4000067
1373,18,0,0.37437293
1374,11,0,0.2855721
1375,19,0,0.2580213
1376,24,1,0.88848555
1377,10,1,0.8924547
1378,2,0,0.4036675
1379,12,1,0.7247826
1380,6,1,0.60207254
1381,16,1,0.55816984
1382,18,0,0.54927534
1383,2,0,0.6337499
1384,27,1,0.46379006
1385,20,1,0.8999575
1386,25,1,0.9221478
1387,26,1,0.30973372
1388,23,0,0.42675245
1389,2,0,0.38020295
1390,13,0,0.292148
1391,14,1,0.37416765
1392,19,0,0.3855881
1393,4,1,0.6355914
1394,28,0,0.6491023
1395,27,0,0.5694183
1396,11,1,0.23539379
1397,2,1,0.7896736
1398,19,1,0.2402702
1399,5,1,0.8072174
1400,13,0,0.14093979
1401,26,1,0.34179762
1402,16,0,0.7953185
1403,9,0,0.37931332
1404,26,1,0.8177192
1405,6,1,0.63648516
1406,4,1,0.3711037
1407,1,0,0.28086507
1408,13,0,0.39897078
1409,10,1,0.55211914
1410,1,1,0.5004613
1411,3,1,0.60353345
1412,27,0,0.46740818
1413,2,1,0.6993795
1414,5,1,0.8000104
1415,8,1,0.4861986
1416,8,0,0.27075475
1417,10,1,0.90642756
1418,27,1,0.56323415
1419,19,1,0.6695413
1420,15,0,0.54865766
1421,4,0,0.35658216
1422,8,1,0.2704284
1423,20,1,0.38134834
1424,8,1,0.65665674
1425,5,0,0.17775184
1426,19,1,0.5222027
1427,5,0,0.7061558
1428,12,0,0.35677755
1429,10,0,0.35144082
1430,13,0,0.44656128
1431,8,1,0.2601702
1432,18,1,0.56604964
1433,13,0,0.4421626
1434,11,1,0.60925573
1435,1,0,0.37226093
1436,17,1,0.69022405
1437,18,1,0.44616058
1438,3,1,0.1426315
1439,1,1,0.6274032
1440,9,1,0.9133104
1441,26,1,0.7540488
1442,10,0,0.107583836
1443,12,0,0.3984152
1444,18,1,0.843427
1445,28,1,0.5173896
1446,20,0,0.6402799
1447,14,1,0.53660214
1448,8,0,0.6550324
1449,2,1,0.6278444
1450,20,0,0.39281395
1451,21,1,0.40856868
1452,15,1,0.73044366
1453,3,0,0.0737424
1454,15,0,0.3615746
1455,13,0,0.553204
1456,15,0,0.6229741
1457,10,0,0.4578498
1458,26,1,0.7663898
1459,22,1,0.6876898
1460,12,1,0.75447977
1461,26,1,0.28992057
1462,8,0,0.17155387
1463,27,0,0.35285458
1464,26,1,0.25030255
1465,11,0,0.8574374
1466,16,0,0.4887612
1467,15,0,0.36348635
1468,11,1,0.9051283
1469,6,0,0.52023554
1470,1,1,0.35630122
1471,11,0,0.11783131
1472,1,0,0.38628128
1473,2,0,0.33856368
1474,16,0,0.19234514
1475,13,1,0.85239
1476,0,1,0.32854667
1477,10,1,0.57881755
1478,7,1,0.8263016
1479,26,1,0.60551375
1480,27,1,0.54381365
1481,21,1,0.34187365
1482,21,0,0.48288196
1483,13,1,0.79511774
1484,8,1,0.92962605
1485,13,0,0.3746129
1486,27,0,0.3823439
1487,2,1,0.62206984
1488,10,1,0.7968143
1489,22,0,0.28426144
1490,11,1,0.30819947
1491,1,1,0.3219496
1492,0,1,0.59889054
1493,13,0,0.3156205
1494,20,0,0.6998657
1495,16,0,0.28475752
1496,17,1,0.8472585
1497,18,0,0.2977754
1498,20,0,0.31719047
1499,20,1,0.74138904
1500,26,1,0.25857928
1501,4,1,0.6176799
1502,10,1,0.77868766
1503,1,1,0.49912724
1504,1,1,0.7211875
1505,28,1,0.70652586
1506,21,1,0.6156144
1507,27,0,0.2555132
1508,22,0,0.30342835
1509,8,0,0.4411587
1510,1,0,0.48671064
1511,7,1,0.40041563
1512,1,0,0.3207318
1513,20,1,0.6732031
1514,2,0,0.22608556
1515,12,1,0.39561945
1516,2,1,0.8758979
1517,6,0,0.22843982
1518,7,0,0.13919955
1519,6,0,0.24714752
1520,17,0,0.21196593
1521,12,0,0.19698231
1522,22,0,0.24435388
1523,16,0,0.22982599
1524,19,1,0.43086973
1525,12,0,0.8075014
1526,10,0,0.65613836
1527,17,0,0.34811577
1528,2,1,0.59674084
1529,17,1,0.6391743
1530,17,0,0.7216173
1531,21,1,0.28718135
1532,3,1,0.8556992
1533,3,0,0.25552374
1534,25,0,0.66848135
1535,17,0,0.44917282
1536,17,0,0.41835272
1537,15,0,0.17515974
1538,27,1,0.5685632
1539,20,1,0.4983462
1540,22,1,0.37399566
1541,21,0,0.53718203
1542,14,0,0.43026507
1543,4,0,0.20331138
1544,25,1,0.5138903
1545,20,0,0.31722984
1546,8,1,0.7766785
1547,15,0,0.5021019
1548,10,1,0.62231773
1549,14,0,0.35005033
1550,23,0,0.29413798
1551,13,1,0.56710577
1552,2,1,0.64114636
1553,26,0,0.4595736
1554,6,0,0.38169843
1555,2,0,0.5514272
1556,9,0,0.30611235
1557,4,0,0.21196312
1558,22,0,0.3029426
1559,19,1,0.45958957
1560,0,0,0.6182667
1561,1,0,0.44282812
1562,26,1,0.61256033
1563,12,1,0.62284416
1564,22,1,0.59915847
1565,5,1,0.66034824
1566,15,1,0.44179392
1567,15,1,0.9213839
1568,3,0,0.6864781
1569,28,1,0.52834624
1570,25,0,0.36467966
1571,25,1,0.5800554
1572,17,1,0.6364613
1573,2,1,0.5974792
1574,26,1,0.72968835
1575,14,0,0.34324574
1576,8,0,0.15690464
1577,23,0,0.5994505
1578,3,1,0.8723565
1579,13,0,0.2817312
1580,12,0,0.48648918
1581,23,0,0.54036
1582,22,0,0.37558573
1583,9,1,0.65622795
1584,13,0,0.3581114
1585,17,1,0.3989496
1586,13,1,0.8137652
1587,27,0,0.43448105
1588,20,1,0.75204515
1589,11,0,0.6797127
1590,18,1,0.8906921
1591,26,0,0.15158133
1592,16,1,0.64616597
1593,11,1,0.6352877
1594,19,0,0.33244538
1595,8,0,0.45513722
1596,14,1,0.50748616
1597,8,0,0.65811485
1598,25,0,0.23842669
1599,13,1,0.56223774
1600,8,0,0.55412704
1601,15,1,0.6302196
1602,6,0,0.16534914
1603,1,0,0.54563475
1604,8,0,0.5204107
1605,4,0,0.48251072
1606,19,1,0.63606936
1607,14,1,0.7743824
1608,2,0,0.120629996
1609,16,1,0.824764
1610,27,1,0.28515708
1611,20,0,0.51514375
1612,6,1,0.366718
1613,5,0,0.23176523
1614,22,1,0.8170922
1615,28,1,0.4131388
1616,8,0,0.7087443
1617,2,1,0.33844393
1618,14,0,0.16489162
1619,9,1,0.5629101
1620,11,1,0.73753035
1621,11,1,0.9575878
1622,27,1,0.3866372
1623,10,0,0.27826574
1624,14,0,0.64374375
1625,1,1,0.58121043
1626,7,0,0.43330052
1627,4,0,0.22819684
1628,12,1,0.8303923
1629,24,1,0.5771965
1630,12,0,0.59556955
1631,7,1,0.48985603
1632,5,1,0.6457729
1633,14,0,0.44062063
1634,12,0,0.30057812
1635,7,1,0.34622577
1636,2,0,0.53874904
1637,18,0,0.4467431
1638,16,1,0.44287053
1639,23,0,0.1566102
1640,13,1,0.69733846
1641,7,1,0.7701545
1642,26,0,0.38016978
1643,24,1,0.61788666
1644,7,1,0.25835502
1645,27,0,0.5820575
1646,19,1,0.83876437
1647,17,0,0.16645144
1648,5,1,0.58795077
1649,11,0,0.462954
1650,27,1,0.9526803
1651,13,1,0.8106873
1652,23,1,0.57868534
1653,21,0,0.3110237
1654,18,1,0.8918694
1655,18,0,0.2775768
1656,28,0,0.8198861
1657,4,0,0.43397778
1658,12,1,0.6243804
1659,16,0,0.16123646
1660,19,0,0.32261848
1661,22,1,0.4697142
1662,2,1,0.82871765
1663,14,1,0.8051225
1664,13,0,0.4816863
1665,7,1,0.58428365
1666,6,1,0.31059292
1667,18,0,0.4950626
1668,28,1,0.5034212
1669,13,1,0.8274148
1670,9,0,0.20757928
1671,13,0,0.48649654
1672,20,0,0.3931886
1673,13,0,0.29154962
1674,25,0,0.16617233
1675,25,0,0.41964388
1676,16,0,0.42667153
1677,17,1,0.8364098
1678,19,1,0.44506994
1679,3,0,0.4089638
1680,15,0,0.38223514
1681,2,0,0.5672629
1682,20,0,0.49294508
1683,27,0,0.30653453
1684,22,1,0.6793717
1685,24,0,0.4567493
1686,26,1,0.5191347
1687,14,1,0.84724027
1688,1,0,0.46092388
1689,19,1,0.7945726
1690,25,1,0.9366845
1691,15,0,0.31535685
1692,8,1,0.72823817
1693,14,0,0.36773574
1694,8,1,0.37628612
1695,18,1,0.5770241
1696,21,0,0.73627514
1697,0,0,0.17999567
1698,8,0,0.69458336
1699,11,0,0.71300095
1700,23,0,0.4075169
1701,2,0,0.3815878
1702,2,1,0.41212693
1703,18,0,0.4981543
1704,18,1,0.22145326
1705,20,0,0.23748764
1706,8,1,0.61672354
1707,8,1,0.54399943
1708,22,0,0.3907773
1709,2,1,0.4521854
1710,18,0,0.36375633
1711,6,0,0.2933198
1712,8,1,0.6045212
1713,4,0,0.41834512
1714,1,0,0.29329288
1715,8,1,0.5661376
1716,20,1,0.537245
1717,0,0,0.32199568
1718,11,0,0.22837365
1719,1,1,0.6894666
1720,21,1,0.4920321
1721,16,1,0.9008709
1722,0,1,0.5991374
1723,15,1,0.16431877
1724,3,1,0.46590954
1725,11,1,0.91066915
1726,11,0,0.19364953
1727,2,1,0.7035013
1728,10,1,0.79993427
1729,13,0,0.49734813
1730,4,0,0.40630308
1731,13,0,0.21299693
1732,14,0,0.29459926
1733,10,1,0.47978693
1734,4,1,0.786154
1735,28,0,0.1563403
1736,13,1,0.56913936
1737,9,0,0.17665549
1738,14,0,0.5430841
1739,13,1,0.4559248
1740,27,0,0.53308326
1741,4,0,0.14084373
1742,27,0,0.40933284
1743,18,0,0.29476154
1744,3,1,0.71794045
1745,9,1,0.64252985
1746,13,1,0.595295
1747,3,1,0.36811328
1748,6,1,0.78055984
1749,19,0,0.5406637
1750,10,0,0.64116454
1751,16,0,0.18683779
1752,6,0,0.44503707
1753,10,0,0.41880202
1754,17,0,0.19787878
1755,12,0,0.24917433
1756,11,1,0.41905215
1757,11,0,0.7167583
1758,5,1,0.66296905
1759,23,0,0.48116502
1760,2,1,0.34605545
1761,3,1,0.23741165
1762,16,0,0.8158894
1763,8,0,0.20749515
1764,13,1,0.88664997
1765,10,1,0.6652338
1766,16,1,0.74857056
1767,21,1,0.47360653
1768,8,1,0.72387177
1769,1,1,0.92479354
1770,1,1,0.40010646
1771,10,0,0.5529756
1772,7,0,0.43179795
1773,11,0,0.33364376
1774,16,0,0.4963583
1775,1,1,0.6384979
1776,18,0,0.68989575
1777,18,1,0.95238173
1778,2,0,0.62122184
1779,1,1,0.4902535
1780,14,0,0.523758
1781,25,0,0.43968755
1782,14,1,0.4854986
1783,23,1,0.35970813
1784,27,1,0.46870282
1785,7,0,0.40952653
1786,2,1,0.49918607
1787,10,1,0.49112573
1788,17,1,0.58222
1789,6,0,0.18033163
1790,15,1,0.7354819
1791,26,0,0.35347602
1792,12,0,0.55420965
1793,16,0,0.258705
1794,12,1,0.20872551
1795,15,1,0.54873276
1796,16,0,0.25326863
1797,18,1,0.4588415
1798,12,1,0.771188
1799,26,1,0.78574777
1800,23,0,0.3971924
1801,20,0,0.5678864
1802,8,0,0.554677
1803,25,0,0.4367813
1804,16,0,0.1641168
1805,3,1,0.38085982
1806,25,1,0.56382865
1807,9,1,0.65001476
1808,24,0,0.18670751
1809,18,0,0.6822265
1810,28,0,0.5313502
1811,11,0,0.40428358
1812,5,1,0.3523207
1813,13,1,0.58686054
1814,1,1,0.5481297
1815,2,0,0.42894086
1816,12,1,0.44776464
1817,4,0,0.54638726
1818,25,1,0.78771555
1819,8,1,0.61888486
1820,13,1,0.3182081
1821,19,1,0.42779508
1822,28,1,0.5905553
1823,8,1,0.7228311
1824,20,0,0.4509756
1825,24,0,0.6723838
1826,26,0,0.4424065
1827,16,1,0.86432594
1828,12,1,0.92229545
1829,16,0,0.2728613
1830,5,1,0.8546595
1831,2,1,0.7776165
1832,25,0,0.30832085
1833,18,1,0.7162977
1834,11,0,0.2503156
1835,11,0,0.47581473
1836,6,0,0.2773815
1837,8,1,0.487003
1838,16,0,0.76480395
1839,10,1,0.67568666
1840,10,0,0.17740548
1841,10,1,0.6015028
1842,2,0,0.61129516
1843,0,0,0.17895928
1844,3,1,0.84476435
1845,26,1,0.77966803
1846,11,1,0.66069067
1847,26,0,0.33543655
1848,18,0,0.8356577
1849,5,0,0.66413647
1850,5,1,0.66425085
1851,2,0,0.24558328
1852,28,1,0.7834503
1853,1,0,0.51714855
1854,3,0,0.4246876
1855,8,1,0.6135269
1856,11,0,0.53791666
1857,8,1,0.4564353
1858,13,0,0.18299703
1859,9,1,0.8154698
1860,9,0,0.32247132
1861,15,0,0.6076544
1862,10,1,0.4416443
1863,10,0,0.32196504
1864,12,0,0.6469039
1865,19,1,0.649142
1866,18,0,0.5616163
1867,25,0,0.26411566
1868,20,0,0.2128323
1869,4,0,0.55072314
1870,3,1,0.4730698
1871,1,1,0.550012
1872,9,0,0.2564906
1873,22,0,0.26576537
1874,13,0,0.75228447
1875,10,1,0.7880789
1876,25,1,0.8317613
1877,16,1,0.5873273
1878,25,1,0.48715538
1879,2,0,0.6362902
1880,8,1,0.7193023
1881,26,0,0.4644927
1882,7,0,0.58464617
1883,25,1,0.19786726
1884,26,0,0.109646335
1885,15,1,0.8392329
1886,16,0,0.40521592
1887,6,1,0.6319223
1888,26,1,0.7262273
1889,6,0,0.14410192
1890,3,0,0.47972348
1891,14,1,0.9002545
1892,26,1,0.6313891
1893,12,0,0.61110914
1894,12,1,0.54651594
1895,10,1,0.37943897
1896,7,0,0.54702276
1897,3,1,0.71832496
1898,2,1,0.45699432
1899,19,0,0.42909175
1900,6,1,0.643838
1901,3,0,0.2048442
1902,16,1,0.7501492
1903,8,0,0.53190464
1904,16,1,0.41707906
1905,5,1,0.7266334
1906,3,0,0.14608823
1907,16,0,0.2041643
1908,16,1,0.82268906
1909,1,1,0.9071419
1910,15,1,0.70290035
1911,13,0,0.2836683
1912,2,0,0.30689588
1913,10,0,0.21516949
1914,11,1,0.70979077
1915,26,0,0.34859836
1916,3,0,0.28177923
1917,28,1,0.70997065
1918,8,0,0.30069548
1919,2,1,0.63918036
1920,17,0,0.7427355
1921,7,1,0.45226073
1922,5,0,0.57793665
1923,2,1,0.7569044
1924,3,0,0.13935824
1925,12,1,0.29654637
1926,3,0,0.18939224
1927,17,0,0.10002257
1928,15,0,0.37123427
1929,2,1,0.52634656
1930,14,1,0.56916314
1931,15,0,0.52570677
1932,13,0,0.5642285
1933,13,1,0.5148607
1934,20,0,0.5570092
1935,2,1,0.7321973
1936,4,0,0.35046375
1937,28,0,0.11768765
1938,25,1,0.64144605
1939,1,1,0.66534644
1940,22,0,0.8077206
1941,17,1,0.744539
1942,17,0,0.33516094
1943,26,1,0.7067335
1944,1,1,0.44809878
1945,12,0,0.3901229
1946,25,1,0.8449047
1947,3,1,0.93114084
1948,9,1,0.36407351
1949,10,1,0.67620325
1950,23,1,0.92000717
1951,26,1,0.2671541
1952,25,1,0.31692788
1953,4,0,0.65561545
1954,3,1,0.8393857
1955,18,0,0.57702565
1956,16,0,0.4307232
1957,13,1,0.35432118
1958,13,0,0.22964805
1959,20,1,0.31772122
1960,16,1,0.6195699
1961,26,0,0.30267087
1962,7,1,0.63922095
1963,18,1,0.5163494
1964,3,0,0.6047856
1965,18,0,0.44011515
1966,26,0,0.54086107
1967,8,1,0.7278129
1968,26,0,0.20496072
1969,11,1,0.6653152
1970,3,0,0.456837
1971,13,0,0.18931872
1972,1,1,0.44009885
1973,26,0,0.59923756
1974,13,1,0.65643764
1975,20,1,0.51077455
1976,19,0,0.23496495
1977,13,0,0.87866914
1978,25,0,0.7653672
1979,8,0,0.39934015
1980,16,0,0.6027513
1981,6,1,0.689626
1982,26,0,0.35960272
1983,16,0,0.4087871
1984,16,0,0.33998895
1985,25,0,0.7255412
1986,22,1,0.57724965
1987,28,1,0.85258245
1988,21,0,0.4809527
1989,21,0,0.10710186
1990,16,0,0.4774835
1991,19,0,0.2749631
1992,3,1,0.62851053
1993,10,1,0.7448593
1994,1,1,0.46129525
1995,11,0,0.19330738
1996,26,1,0.75152314
1997,25,1,0.68536955
1998,16,0,0.42044568
1999,15,0,0.27697694
2000,5,0,0.68017113
2001,13,0,0.52010727
2002,10,1,0.8126472
2003,21,0,0.4198625
2004,1,1,0.60485536
2005,16,0,0.24148196
2006,2,0,0.3769717
2007,10,1,0.7234676
2008,22,1,0.6425041
2009,5,1,0.6813823
2010,3,0,0.21514794
2011,12,1,0.70271236
2012,17,1,0.72041947
2013,25,0,0.4168101
2014,13,1,0.69296473
2015,1,0,0.24216357
2016,9,0,0.16924256
2017,26,1,0.49129555
2018,25,1,0.7292415
2019,25,0,0.33520377
2020,11,1,0.20506038
2021,16,0,0.37491462
2022,21,0,0.29091725
2023,22,1,0.76584685
2024,11,0,0.31932288
2025,12,1,0.788779
2026,28,0,0.5470042
2027,6,1,0.6530739
2028,15,1,0.5733421
2029,1,1,0.6207138
2030,6,0,0.43112272
2031,8,1,0.55595064
2032,15,0,0.28835446
2033,3,0,0.24164245
2034,20,1,0.71999127
2035,4,0,0.5063056
2036,17,1,0.7295688
2037,16,0,0.18110134
2038,8,1,0.7560056
2039,12,1,0.63153315
2040,13,0,0.56342113
2041,8,0,0.38149118
2042,17,1,0.4506278
2043,5,1,0.5874316
2044,28,1,0.2929243
2045,26,1,0.58625156
2046,10,0,0.4141922
2047,27,0,0.18374598
2048,4,0,0.52999663
2049,16,0,0.733713
2050,23,1,0.7148545
2051,2,0,0.19697782
2052,18,1,0.7710079
2053,25,1,0.7009525
2054,1,1,0.61952555
2055,28,1,0.33371955
2056,20,1,0.4280048
2057,20,0,0.6483266
2058,27,1,0.32383427
2059,26,1,0.7750059
2060,20,1,0.8148919
2061,7,0,0.20713298
2062,25,1,0.838322
2063,18,1,0.6819405
2064,1,0,0.3910296
2065,2,1,0.9686557
2066,0,0,0.45038414
2067,24,0,0.39579028
2068,2,1,0.24156672
2069,3,1,0.33768564
2070,15,1,0.7371296
2071,22,0,0.7549676
2072,13,1,0.56931615
2073,20,1,0.57426536
2074,16,0,0.6520917
2075,18,0,0.34992215
2076,6,1,0.5409187
2077,11,1,0.50853485
2078,17,0,0.3019953
2079,28,0,0.54344195
2080,28,0,0.4448332
2081,24,0,0.49908948
2082,10,1,0.65660053
2083,13,0,0.8348
2084,10,1,0.7731235
2085,18,1,0.5071392
2086,17,1,0.33397767
2087,8,1,0.26491725
2088,16,1,0.1633412
2089,15,1,0.35581657
2090,26,0,0.4214069
2091,13,1,0.63112116
2092,8,1,0.9028929
2093,4,1,0.9274795
2094,27,1,0.64332426
2095,16,1,0.25540358
2096,10,0,0.31057233
2097,13,1,0.61737686
2098,4,1,0.78046036
2099,23,0,0.25280696
2100,14,1,0.56525046
2101,28,0,0.49272016
2102,5,0,0.6641698
2103,13,0,0.19987959
2104,17,1,0.79215044
2105,28,0,0.2433429
2106,28,1,0.8756695
2107,1,0,0.3087919
2108,6,0,0.22193743
2109,12,0,0.28126252
2110,13,1,0.9136268
2111,11,1,0.26767084
2112,25,1,0.38269624
2113,2,1,0.55602866
2114,27,1,0.39475614
2115,15,0,0.38801953
2116,4,1,0.5472211
2117,19,0,0.12352261
2118,28,1,0.65705353
2119,21,0,0.57453465
2120,22,0,0.50821847
2121,2,1,0.7798289
2122,12,1,0.27492303
2123,6,0,0.58011913
2124,1,1,0.21551976
2125,0,1,0.43682796
2126,27,1,0.8951118
2127,8,0,0.63692766
2128,3,0,0.23469499
2129,3,1,0.4859031
2130,16,1,0.72786933
2131,20,0,0.5877096
2132,16,0,0.35588887
2133,26,1,0.61111176
2134,15,1,0.60892254
2135,28,0,0.41755095
2136,25,1,0.8913155
2137,17,1,0.7513076
2138,22,0,0.21563058
2139,2,0,0.6491959
2140,8,1,0.57118964
2141,1,1,0.8437832
2142,24,1,0.7989568
2143,6,0,0.3582654
2144,12,0,0.2131755
2145,19,1,0.5329322
2146,14,1,0.837243
2147,21,1,0.3534718
2148,10,0,0.35204208
2149,25,1,0.91565734
2150,12,1,0.7414095
2151,26,1,0.2411686
2152,25,1,0.9112279
2153,26,0,0.22407213
2154,27,0,0.2319762
2155,16,0,0.18959354
2156,24,0,0.2067789
2157,11,1,0.9161046
2158,5,1,0.6083
2159,5,1,0.63640857
2160,7,1,0.664734
2161,15,1,0.67783993
2162,25,1,0.59852433
2163,15,1,0.37390268
2164,14,0,0.547487
2165,20,0,0.40394253
2166,16,1,0.76438034
2167,8,1,0.3813462
2168,18,0,0.5674029
2169,18,1,0.6066949
2170,0,1,0.4467413
2171,5,1,0.67396116
2172,11,1,0.33611417
2173,27,0,0.26259467
2174,26,0,0.45485753
2175,15,1,0.7303032
2176,24,0,0.4354865
2177,2,0,0.26532847
2178,28,1,0.41755366
2179,13,1,0.4126654
2180,1,0,0.5258614
2181,1,0,0.41569957
2182,10,1,0.6921568
2183,8,0,0.4147038
2184,1,0,0.24048193
2185,22,1,0.5205677
2186,6,0,0.68076414
2187,20,1,0.51016796
2188,8,0,0.25220188
2189,14,0,0.778866
2190,8,0,0.29056543
2191,28,1,0.88289773
2192,28,0,0.54586333
2193,13,1,0.40064213
2194,1,1,0.2728668
2195,17,0,0.108106494
2196,8,0,0.25986418
2197,27,0,0.6218009
2198,2,1,0.6591601
2199,13,0,0.90118223
2200,8,1,0.5662869
2201,16,1,0.53100073
2202,8,1,0.9324875
2203,8,0,0.13576964
2204,4,1,0.658386
2205,18,1,0.68502957
2206,6,0,0.07749178
2207,20,1,0.47212052
2208,27,0,0.2652451
2209,24,0,0.19011001
2210,10,0,0.33919302
2211,3,1,0.8855899
2212,5,1,0.3495479
2213,28,1,0.8440429
2214,1,1,0.659142
2215,6,1,0.4619852
2216,20,0,0.46756098
2217,16,1,0.5536215
2218,16,1,0.71548384
2219,0,1,0.7376776
2220,8,1,0.4341216
2221,4,1,0.92226064
2222,10,0,0.35570946
2223,10,0,0.50536275
2224,27,1,0.714872
2225,6,0,0.2312364
2226,1,0,0.6211072
2227,16,1,0.8633178
2228,2,1,0.33070958
2229,2,1,0.469273
2230,26,1,0.37378085
2231,4,0,0.4015239
2232,25,0,0.046456065
2233,27,0,0.37506366
2234,20,0,0.250321
2235,8,0,0.5856897
2236,25,0,0.6049964
2237,26,0,0.31651685
2238,14,1,0.85453504
2239,15,0,0.2778898
2240,2,0,0.21897623
2241,25,0,0.6550147
2242,15,0,0.4200287
2243,20,1,0.8445703
2244,27,1,0.6484233
2245,11,1,0.4533765
2246,17,0,0.21399693
2247,27,0,0.18556894
2248,14,0,0.4182675
2249,16,1,0.19940409
2250,9,0,0.69027644
2251,14,0,0.6698381
2252,12,0,0.5122024
2253,16,1,0.52991503
2254,19,1,0.41896042
2255,13,1,0.6364259
2256,2,1,0.55391014
2257,18,1,0.32493716
2258,12,0,0.20883839
2259,18,1,0.6846691
2260,0,0,0.34926915
2261,11,0,0.17099622
2262,25,0,0.31954095
2263,18,0,0.29572302
2264,1,1,0.39780682
2265,20,0,0.33670282
2266,16,0,0.22930202
2267,16,1,0.55113614
2268,1,1,0.78429526
2269,7,1,0.6367904
2270,20,1,0.630059
2271,26,0,0.7332369
2272,16,0,0.02982708
2273,5,1,0.64929676
2274,5,1,0.511276
2275,10,1,0.85397285
2276,11,1,0.4822855
2277,0,0,0.30557284
2278,1,0,0.31207365
2279,26,0,0.3878371
2280,24,1,0.84057397
2281,10,0,0.28603074
2282,13,1,0.3587103
2283,16,1,0.9792245
2284,2,1,0.51227313
2285,18,1,0.89569104
2286,10,1,0.48074666
2287,15,1,0.5929355
2288,14,1,0.7458882
2289,18,1,0.55933034
2290,8,0,0.45134068
2291,13,0,0.46530882
2292,8,0,0.4812543
2293,15,1,0.27601373
2294,0,0,0.10273599
2295,2,0,0.24027953
2296,11,0,0.52845824
2297,23,0,0.20212798
2298,27,0,0.5328754
2299,27,0,0.33687642
2300,25,1,0.8766481
2301,2,1,0.26829037
2302,8,1,0.4317801
2303,7,1,0.5583439
2304,15,1,0.8344399
2305,24,1,0.83781075
2306,10,1,0.4064268
2307,25,1,0.64292854
2308,1,1,0.7224085
2309,8,1,0.8058578
2310,8,1,0.6804595
2311,13,0,0.18207076
2312,2,0,0.19422764
2313,25,0,0.65513396
2314,7,0,0.5482846
2315,12,1,0.78595436
2316,22,1,0.28802684
2317,15,1,0.5510453
2318,16,1,0.28861943
2319,20,0,0.36129588
2320,21,0,0.23539302
2321,2,0,0.23516135
2322,13,1,0.53150105
2323,12,1,0.82289
2324,27,1,0.79237187
2325,13,0,0.05263123
2326,21,0,0.23532741
2327,13,0,0.3281571
2328,13,1,0.608346
2329,8,1,0.4465736
2330,13,0,0.7948022
2331,4,0,0.27643114
2332,6,0,0.24214277
2333,26,0,0.057644688
2334,6,1,0.6066377
2335,0,1,0.53567463
2336,20,1,0.6134158
2337,9,0,0.2188999
2338,8,0,0.25080422
2339,11,1,0.56254876
2340,0,1,0.80168384
2341,26,1,0.4464312
2342,4,0,0.4133818
2343,26,1,0.71259713
2344,11,0,0.4521551
2345,15,1,0.32857063
2346,6,1,0.73339695
2347,16,1,0.67931706
2348,11,0,0.23157024
2349,20,1,0.84690076
2350,8,0,0.36880833
2351,1,0,0.31175885
2352,26,1,0.7940369
2353,14,0,0.48332277
2354,19,1,0.61415493
2355,15,1,0.465289
2356,1,0,0.39245248
2357,15,0,0.63564706
2358,17,0,0.4084332
2359,13,0,0.5575927
2360,9,0,0.4774896
2361,18,1,0.5424842
2362,21,1,0.9237056
2363,13,0,0.041310504
2364,25,1,0.6857686
2365,23,1,0.8258472
2366,11,0,0.8308321
2367,26,0,0.6596659
2368,13,0,0.11397453
2369,25,1,0.4155768
2370,28,1,0.96045685
2371,8,1,0.52819526
2372,15,1,0.42475668
2373,13,0,0.4690843
2374,13,0,0.23844072
2375,8,1,0.5208142
2376,10,0,0.114101276
2377,10,0,0.7602946
2378,1,1,0.5138437
2379,1,0,0.5516988
2380,22,0,0.59004104
2381,10,1,0.49988332
2382,11,0,0.42410925
2383,10,0,0.40432778
2384,10,1,0.68808526
2385,20,0,0.3991116
2386,13,1,0.47571534
2387,13,0,0.7514118
2388,16,1,0.636442
2389,16,0,0.6400361
2390,15,0,0.3634446
2391,14,0,0.49434644
2392,26,0,0.43668896
2393,1,0,0.57442325
2394,2,1,0.5498184
2395,12,0,0.77299464
2396,15,1,0.49281856
2397,25,1,0.5433447
2398,9,1,0.52791804
2399,25,1,0.8026665
2400,11,1,0.63344353
2401,27,1,0.45632908
2402,26,0,0.5511605
2403,16,1,0.5703781
2404,25,0,0.3028234
2405,7,1,0.5996924
2406,25,0,0.56042325
2407,28,1,0.963514
2408,25,1,0.55858237
2409,1,0,0.38492197
2410,25,0,0.5095385
2411,8,1,0.6352819
2412,5,0,0.14542748
2413,9,0,0.4645424
2414,14,0,0.62157273
2415,26,0,0.3072945
2416,3,1,0.8667969
2417,4,0,0.40115854
2418,8,0,0.3132115
2419,23,1,0.6977168
2420,18,0,0.23997746
2421,10,1,0.34298953
2422,8,1,0.8471106
2423,8,0,0.19675948
2424,6,1,0.8749408
2425,13,0,0.17229195
2426,4,0,0.22406304
2427,15,1,0.8316937
2428,15,0,0.3716218
2429,15,1,0.29337335
2430,18,1,0.6568993
2431,9,0,0.38521144
2432,10,1,0.23317185
2433,21,0,0.05220945
2434,25,0,0.26307878
2435,1,1,0.73067904
2436,23,1,0.8451993
2437,10,1,0.62137383
2438,27,1,0.54542154
2439,3,1,0.6291667
2440,2,1,0.84701794
2441,15,1,0.46508893
2442,20,1,0.59782225
2443,9,1,0.28101468
2444,6,1,0.2800729
2445,0,1,0.5690978
2446,7,0,0.29183552
2447,4,0,0.2876295
2448,11,0,0.11168474
2449,0,1,0.2787991
2450,0,1,0.76340663
2451,13,0,0.6537159
2452,8,0,0.43536457
2453,4,0,0.59737045
2454,14,0,0.2833228
2455,7,0,0.5518192
2456,17,1,0.85615975
2457,27,0,0.45641917
2458,28,1,0.33844107
2459,28,0,0.5638575
2460,13,1,0.45921907
2461,10,0,0.6908679
2462,10,1,0.66245973
2463,10,1,0.6824393
2464,21,0,0.80129343
2465,13,1,0.58070374
2466,7,0,0.39571366
2467,18,0,0.38227043
2468,21,0,0.14627299
2469,19,1,0.51808333
2470,15,1,0.8770925
2471,8,1,0.7845448
2472,13,0,0.3687147
2473,16,0,0.68597215
2474,4,1,0.75695574
2475,11,0,0.46212548
2476,12,1,0.296509
2477,21,1,0.75329804
2478,22,1,0.8286732
2479,1,1,0.64808685
2480,2,1,0.5491914
2481,13,0,0.22352989
2482,8,1,0.79432446
2483,23,1,0.83717453
2484,13,0,0.55252236
2485,26,0,0.26702717
2486,11,0,0.21745224
2487,23,1,0.8066187
2488,22,1,0.78996265
2489,20,0,0.5122066
2490,20,1,0.964992
2491,13,0,0.6349795
2492,2,0,0.26207057
2493,14,0,0.16799726
2494,25,1,0.4647248
2495,8,1,0.20391639
2496,13,0,0.5942439
2497,23,0,0.45877212
2498,13,1,0.45713198
2499,17,0,0.24992034
2500,26,0,0.5208542
2501,12,1,0.538286
2502,16,1,0.46846113
2503,12,1,0.6029826
2504,19,0,0.22198838
2505,16,1,0.38048396
2506,26,1,0.24498037
2507,27,1,0.63890725
2508,10,0,0.44158313
2509,7,0,0.52087176
2510,26,1,0.28353754
2511,8,1,0.49222195
2512,23,1,0.74624956
2513,10,0,0.5368496
2514,13,0,0.15436599
2515,0,1,0.8606466
2516,20,1,0.68408954
2517,16,0,0.41331825
2518,11,1,0.32111308
2519,3,1,0.59652007
2520,12,0,0.52908427
2521,28,1,0.6721053
2522,15,1,0.8691497
2523,1,0,0.18834497
2524,11,1,0.47867674
2525,19,1,0.7148683
2526,10,1,0.8898342
2527,16,1,0.4040694
2528,18,1,0.724114
2529,15,0,0.35578555
2530,1,0,0.3959634
2531,6,1,0.8814015
2532,13,1,0.6985682
2533,5,0,0.6627377
2534,20,0,0.5392839
2535,22,0,0.4317065
2536,2,1,0.8601896
2537,22,1,0.637605
2538,9,1,0.56355655
2539,26,0,0.34692794
2540,26,1,0.9482459
2541,9,0,0.55163544
2542,3,0,0.3145994
2543,21,0,0.8236693
2544,1,0,0.22928123
2545,0,0,0.33074126
2546,25,1,0.9114048
2547,2,0,0.3475262
2548,13,1,0.30623633
2549,12,1,0.70630425
2550,1,0,0.17164248
2551,5,0,0.24834214
2552,22,0,0.29913658
2553,22,1,0.6875677
2554,15,0,0.38657022
2555,8,0,0.14945294
2556,20,1,0.8600647
2557,13,1,0.36446482
2558,3,1,0.5901429
2559,14,1,0.7665876
2560,8,0,0.063430175
2561,16,1,0.882489
2562,11,1,0.9274926
2563,1,0,0.75595665
2564,22,1,0.78446984
2565,2,0,0.66286343
2566,15,0,0.13398585
2567,3,1,0.40533677
2568,15,1,0.6002951
2569,2,0,0.07830622
2570,2,1,0.6543282
2571,6,0,0.3120163
2572,16,0,0.48551968
2573,11,1,0.48428306
2574,13,1,0.3888301
2575,27,0,0.49744123
2576,1,0,0.40213344
2577,22,1,0.90197897
2578,22,0,0.7350808
2579,6,0,0.3586419
2580,27,0,0.25959957
2581,23,0,0.5898928
2582,28,1,0.5433808
2583,25,1,0.34526777
2584,14,1,0.819206
2585,17,0,0.40423277
2586,16,0,0.2340862
2587,13,1,0.3165175
2588,28,0,0.6905799
2589,6,0,0.52028066
2590,6,1,0.5209116
2591,26,0,0.24419738
2592,0,0,0.68585414
2593,18,1,0.6574479
2594,0,0,0.23696226
2595,0,1,0.5377087
2596,3,1,0.8651779
2597,12,1,0.63798374
2598,21,1,0.6467611
2599,20,0,0.64086574
2600,25,1,0.85186964
2601,6,0,0.3387461
2602,0,1,0.61742616
2603,20,0,0.1373819
2604,1,0,0.29487336
2605,27,0,0.64757663
2606,3,0,0.20067334
2607,10,1,0.3152741
2608,22,1,0.6543046
2609,28,1,0.24393336
2610,15,1,0.58364767
2611,9,1,0.52201337
2612,25,1,0.9420906
2613,27,0,0.30615032
2614,9,1,0.3515779
2615,5,1,0.20384721
2616,24,0,0.38175085
2617,8,1,0.43394893
2618,8,1,0.38742405
2619,18,1,0.8444525
2620,13,1,0.2828052
2621,26,0,0.591917
2622,7,1,0.8433742
2623,5,0,0.24349748
2624,22,1,0.9011745
2625,11,1,0.5500607
2626,1,1,0.7644138
2627,17,0,0.4939156
2628,2,1,0.36191896
2629,15,1,0.7024769
2630,4,0,0.42346305
2631,25,0,0.6527332
2632,7,1,0.7976921
2633,1,1,0.8845448
2634,9,1,0.7543218
2635,15,1,0.50894123
2636,18,1,0.5561755
2637,10,0,0.46215752
2638,27,1,0.3184019
2639,28,0,0.24525672
2640,2,0,0.55270284
2641,17,1,0.40795514
2642,16,1,0.5227343
2643,2,1,0.48104793
2644,27,1,0.44546896
2645,13,0,0.3437962
2646,10,1,0.6027677
2647,13,1,0.42174053
2648,11,0,0.40005872
2649,16,1,0.5852806
2650,6,1,0.4370529
2651,2,1,0.54000795
2652,17,0,0.6966146
2653,15,0,0.5323058
2654,2,1,0.35656506
2655,14,0,0.5397837
2656,21,0,0.3873643
2657,16,1,0.5821297
2658,2,1,0.59230405
2659,1,0,0.17310964
2660,18,0,0.2533179
2661,23,1,0.31318226
2662,8,0,0.553565
2663,23,1,0.72640246
2664,8,1,0.8160192
2665,2,0,0.18163724
2666,28,0,0.4819613
2667,15,0,0.23023137
2668,16,0,0.3822232
2669,13,1,0.9348295
2670,24,1,0.44750202
2671,25,0,0.28273153
2672,3,1,0.6493757
2673,18,0,0.20053545
2674,5,1,0.67132854
2675,13,0,0.31316662
2676,13,0,0.15337616
2677,25,1,0.32660067
2678,2,0,0.39246157
2679,8,0,0.38857383
2680,13,1,0.564444
2681,21,1,0.54095966
2682,12,1,0.8747839
2683,27,0,0.6710078
2684,14,1,0.53313404
2685,3,1,0.81189305
2686,13,0,0.34544346
2687,1,1,0.34820798
2688,13,0,0.23384397
2689,26,0,0.40078726
2690,15,1,0.69153
2691,16,0,0.727581
2692,10,0,0.26957142
2693,2,1,0.45424047
2694,21,0,0.7581453
2695,26,0,0.42045164
2696,23,1,0.8452916
2697,27,0,0.3593986
2698,26,0,0.3065433
2699,23,0,0.17534229
2700,21,0,0.16970287
2701,3,1,0.85776716
2702,26,1,0.848433
2703,13,0,0.2331402
2704,26,1,0.4583018
2705,25,0,0.26183328
2706,7,1,0.7547164
2707,16,1,0.32592934
2708,4,1,0.44050273
2709,2,0,0.12250258
2710,10,1,0.42076144
2711,1,1,0.7704482
2712,11,1,0.24770728
2713,12,1,0.7280568
2714,20,1,0.70965695
2715,20,1,0.42157114
2716,12,1,0.4415746
2717,1,0,0.6214847
2718,0,1,0.31305286
2719,16,0,0.28057852
2720,13,1,0.7940631
2721,16,1,0.6426176
2722,24,1,0.22459678
2723,4,0,0.22880869
2724,5,0,0.5279418
2725,10,0,0.33191913
2726,18,0,0.3766715
2727,4,0,0.6978297
2728,7,0,0.28610617
2729,25,0,0.09081449
2730,19,1,0.33750293
2731,23,1,0.27046263
2732,11,1,0.56611174
2733,12,0,0.67970526
2734,2,0,0.44314635
2735,25,1,0.5486816
2736,8,1,0.28874677
2737,2,0,0.18695883
2738,0,1,0.49917418
2739,1,0,0.35712188
2740,14,0,0.10494752
2741,4,1,0.23880042
2742,3,1,0.6329082
2743,23,1,0.43872777
2744,22,0,0.3828635
2745,20,1,0.6131569
2746,9,0,0.10212331
2747,10,1,0.9107119
2748,21,1,0.44999602
2749,6,1,0.7561741
2750,18,1,0.7867411
2751,16,1,0.6701666
2752,0,1,0.2288944
2753,6,0,0.5827081
2754,13,1,0.72359484
2755,9,1,0.8289602
2756,20,0,0.333037
2757,11,0,0.091758676
2758,19,1,0.5693101
2759,9,1,0.635555
2760,18,0,0.2870204
2761,26,0,0.52541447
2762,11,1,0.47883156
2763,2,1,0.76808536
2764,6,1,0.7062369
2765,26,0,0.3012816
2766,13,1,0.56163925
2767,1,1,0.51760477
2768,0,0,0.2027165
2769,24,0,0.1305227
2770,12,0,0.61959964
2771,0,0,0.56044346
2772,27,1,0.6852301
2773,1,1,0.65245897
2774,13,1,0.68297285
2775,13,0,0.22023985
2776,1,1,0.47481683
2777,11,0,0.25410476
2778,7,0,0.442277
2779,27,0,0.52135074
2780,3,1,0.9009858
2781,20,0,0.6325744
2782,5,0,0.28256
2783,25,0,0.36114046
2784,12,0,0.42051104
2785,11,0,0.16485552
2786,28,0,0.4132156
2787,23,0,0.52441
2788,2,0,0.24607612
2789,13,1,0.86501646
2790,19,0,0.46010754
2791,13,0,0.29680866
2792,11,1,0.32387316
2793,16,0,0.25807405
2794,13,0,0.1773535
2795,7,0,0.5347426
2796,28,0,0.25271496
2797,22,0,0.61898774
2798,8,0,0.40262052
2799,26,1,0.43432525
2800,15,1,0.7085385
2801,19,1,0.8372981
2802,11,1,0.4634256
2803,6,1,0.38701952
2804,0,1,0.8499642
2805,10,0,0.55619997
2806,23,1,0.43830734
2807,19,1,0.6982077
2808,23,0,0.18858825
2809,4,0,0.23256159
2810,9,0,0.6609305
2811,18,0,0.27171552
2812,10,0,0.28192085
2813,28,1,0.8734025
2814,13,1,0.2740302
2815,17,1,0.28968546
2816,3,0,0.38083968
2817,16,1,0.5118938
2818,25,1,0.60692406
2819,27,1,0.80868036
2820,2,1,0.25747105
2821,2,1,0.8529053
2822,13,1,0.652439
2823,6,0,0.35831967
2824,28,0,0.3199435
2825,3,1,0.9043867
2826,28,1,0.48139548
2827,10,0,0.3128688
2828,15,0,0.86518365
2829,16,0,0.4235212
2830,9,0,0.7253841
2831,17,0,0.33076775
2832,1,0,0.78084147
2833,20,1,0.63701874
2834,0,0,0.5126616
2835,8,0,0.31679714
2836,6,1,0.57267916
2837,17,0,0.57569766
2838,19,1,0.7685666
2839,1,1,0.541865
2840,26,0,0.37793544
2841,18,0,0.7017811
2842,11,0,0.41265437
2843,0,1,0.42750615
2844,13,1,0.29587418
2845,28,1,0.66773695
2846,14,1,0.4114009
2847,23,1,0.9564751
2848,16,1,0.79505485
2849,22,1,0.7200622
2850,20,1,0.5241181
2851,10,0,0.23079711
2852,20,0,0.37704965
2853,0,1,0.6517093
2854,21,0,0.5048085
2855,16,0,0.3354415
2856,11,0,0.25003588
2857,3,1,0.22465816
2858,10,0,0.37791106
2859,28,0,0.17328136
2860,26,1,0.59655696
2861,2,1,0.4583501
2862,16,1,0.4353096
2863,15,0,0.35300457
2864,13,1,0.38611555
2865,8,1,0.5686293
2866,20,0,0.45833418
2867,13,0,0.41638106
2868,25,1,0.88302064
2869,12,1,0.73098123
2870,23,1,0.46563375
2871,6,0,0.25250173
2872,26,1,0.88047653
2873,1,1,0.3679301
2874,28,0,0.3748042
2875,26,0,0.8681206
2876,14,1,0.37853998
2877,26,1,0.26284835
2878,22,1,0.8027617
2879,4,0,0.8227767
2880,6,0,0.459158
2881,5,0,0.20724075
2882,15,0,0.35825077
2883,2,1,0.53627425
2884,8,0,0.64374316
2885,13,1,0.63605803
2886,17,0,0.36860856
2887,10,0,0.54615206
2888,15,1,0.627081
2889,12,0,0.35704547
2890,21,1,0.37926176
2891,0,0,0.16135596
2892,10,1,0.60385966
2893,2,1,0.41679662
2894,20,1,0.6012031
2895,14,1,0.55128884
2896,24,0,0.6366122
2897,12,1,0.93712854
2898,7,1,0.68259865
2899,15,1,0.33069205
2900,10,1,0.7863279
2901,12,0,0.17442717
2902,16,1,0.5934573
2903,8,0,0.47963133
2904,18,0,0.47899184
2905,11,1,0.39695907
2906,23,0,0.70568943
2907,10,1,0.47750607
2908,2,1,0.5814152
2909,26,1,0.7501684
2910,2,0,0.22974768
2911,16,1,0.45456722
2912,18,1,0.65443134
2913,27,1,0.89305896
2914,27,1,0.75214493
2915,0,0,0.28448126
2916,1,0,0.46988004
2917,28,0,0.29115397
2918,26,0,0.46525288
2919,25,0,0.37264955
2920,16,0,0.728659
2921,18,0,0.18883128
2922,0,0,0.1265031
2923,26,1,0.5048595
2924,5,1,0.48714203
2925,27,0,0.3506344
2926,23,0,0.2689364
2927,21,0,0.7749008
2928,8,0,0.39102757
2929,3,1,0.18630959
2930,16,1,0.8891167
2931,19,0,0.22245435
2932,15,0,0.6590398
2933,13,1,0.8788395
2934,3,1,0.38045448
2935,3,1,0.44390237
2936,4,0,0.31168967
2937,24,0,0.11396378
2938,23,1,0.6753709
2939,18,1,0.62573993
2940,4,1,0.5320343
2941,8,0,0.29340026
2942,20,1,0.68490195
2943,11,0,0.28753355
2944,13,1,0.7934927
2945,1,1,0.64272976
2946,10,0,0.50234944
2947,16,0,0.12806697
2948,5,1,0.35449994
2949,24,0,0.7201795
2950,12,1,0.83374196
2951,13,1,0.6961822
2952,11,0,0.20246622
2953,10,1,0.6470896
2954,18,0,0.46051016
2955,2,1,0.366729
2956,2,1,0.3292231
2957,22,1,0.6112899
2958,2,0,0.32680956
2959,15,0,0.24236222
2960,25,0,0.54100114
2961,6,0,0.57394737
2962,16,1,0.9481786
2963,26,1,0.4202931
2964,24,1,0.42990476
2965,6,1,0.44741943
2966,18,1,0.69346035
2967,11,1,0.5644301
2968,17,1,0.62078685
2969,0,1,0.75119877
2970,8,1,0.6532508
2971,15,0,0.35027695
2972,2,1,0.5452547
2973,25,0,0.35254776
2974,16,0,0.20912586
2975,9,0,0.5998367
2976,8,1,0.57975376
2977,20,1,0.36897394
2978,27,0,0.2724896
2979,13,1,0.73371416
2980,19,1,0.5046654
2981,25,0,0.363389
2982,27,0,0.36683547
2983,11,0,0.16002567
2984,13,0,0.7385304
2985,25,1,0.37280503
2986,26,1,0.5710819
2987,13,1,0.16766156
2988,1,1,0.3353822
2989,14,0,0.17952189
2990,16,0,0.32281032
2991,1,1,0.6909919
2992,20,0,0.7091818
2993,17,0,0.18954217
2994,6,0,0.23355432
2995,2,0,0.48133633
2996,3,1,0.7770385
2997,23,0,0.26024023
2998,26,1,0.786644
2999,17,1,0.7920174
3000,25,0,0.27985388
3001,13,0,0.8755407
3002,24,0,0.044963885
3003,7,1,0.45755318
3004,16,0,0.15193214
3005,26,0,0.36199984
3006,6,1,0.4364366
3007,17,0,0.21258807
3008,13,0,0.45363778
3009,3,0,0.11511865
3010,8,0,0.046376888
3011,14,0,0.26152655
3012,8,1,0.38504615
3013,11,0,0.31939682
3014,18,0,0.10528303
3015,8,0,0.7383415
3016,15,1,0.56160235
3017,5,1,0.82321787
3018,26,1,0.41246283
3019,17,1,0.37426713
3020,28,1,0.7625097
3021,27,0,0.13044779
3022,9,0,0.57089525
3023,12,1,0.96121985
3024,1,0,0.19880061
3025,23,1,0.21930407
3026,12,1,0.75877964
3027,22,1,0.79486966
3028,10,1,0.91316146
3029,15,0,0.1741217
3030,2,1,0.29585436
3031,18,1,0.78195614
3032,15,1,0.5994183
3033,14,0,0.1357491
3034,2,0,0.28328592
3035,11,1,0.51172423
3036,19,0,0.5153441
3037,19,0,0.497745
3038,1,0,0.26560932
3039,23,0,0.18011351
3040,2,0,0.6659806
3041,23,1,0.6239739
3042,10,0,0.5837536
3043,3,1,0.28245682
3044,13,0,0.67779785
3045,9,1,0.90628767
3046,24,1,0.8696827
3047,5,0,0.58893365
3048,1,1,0.41195983
3049,6,0,0.32163578
3050,13,1,0.18851349
3051,23,1,0.31857166
3052,26,1,0.9085107
3053,25,1,0.554933
3054,5,1,0.7651889
3055,11,1,0.81020147
3056,11,0,0.24715474
3057,11,1,0.606985
3058,17,1,0.58158344
3059,15,0,0.68274456
3060,27,1,0.94916886
3061,3,1,0.786013
3062,28,0,0.44482926
3063,8,1,0.40005264
3064,27,0,0.3191549
3065,4,0,0.36541364
3066,9,1,0.25552586
3067,13,0,0.5853479
3068,26,0,0.2266058
3069,9,0,0.4409888
3070,26,1,0.34173715
3071,18,0,0.3140879
3072,25,0,0.3322968
3073,13,1,0.7075083
3074,10,0,0.8891496
3075,21,0,0.27295384
3076,2,1,0.31972682
3077,15,0,0.63243866
3078,24,1,0.27458894
3079,25,1,0.41916564
3080,16,1,0.88482153
3081,17,1,0.49240232
3082,12,0,0.49063498
3083,6,1,0.6446957
3084,8,1,0.63149035
3085,7,0,0.13586347
3086,14,0,0.7607061
3087,1,1,0.5999656
3088,13,1,0.44908434
3089,6,0,0.28072435
3090,6,0,0.45127276
3091,11,0,0.3196145
3092,18,0,0.7055953
3093,3,0,0.24457182
3094,5,0,0.3759785
3095,16,1,0.9484425
3096,11,0,0.5380256
3097,16,0,0.25585467
3098,5,1,0.31458893
3099,2,1,0.8138857
3100,7,0,0.63243616
3101,13,0,0.21196586
3102,28,0,0.38919473
3103,26,0,0.56427544
3104,10,0,0.28369525
3105,13,0,0.69265115
3106,8,0,0.27993914
3107,17,0,0.42325988
3108,13,0,0.27124548
3109,0,1,0.8139459
3110,5,0,0.12643847
3111,12,1,0.5331322
3112,13,1,0.60603344
3113,16,0,0.2232576
3114,10,1,0.6525914
3115,15,0,0.7451332
3116,25,0,0.65781057
3117,12,1,0.7090968
3118,8,1,0.49780986
3119,13,1,0.46305898
3120,10,0,0.2761934
3121,10,1,0.5353344
3122,10,0,0.6557768
3123,1,0,0.27699664
3124,0,1,0.36282137
3125,3,0,0.4369794
3126,9,0,0.24717872
3127,11,1,0.66712624
3128,11,1,0.5212988
3129,10,1,0.4156599
3130,14,1,0.57626104
3131,15,1,0.74495935
3132,13,1,0.46528333
3133,9,0,0.3712903
3134,5,0,0.42200354
3135,8,1,0.4838812
3136,8,0,0.2916799
3137,28,1,0.6997013
3138,2,0,0.2578809
3139,13,0,0.38753474
3140,11,0,0.23603566
3141,11,0,0.36332378
3142,25,0,0.6492365
3143,20,0,0.24808726
3144,20,1,0.73429304
3145,8,1,0.79907846
3146,11,1,0.5723202
3147,12,1,0.60195893
3148,15,1,0.7083652
3149,2,0,0.28958797
3150,11,0,0.47089645
3151,24,1,0.72226244
3152,18,1,0.6331227
3153,16,0,0.15941228
3154,12,1,0.5290326
3155,8,1,0.7388024
3156,6,1,0.764296
3157,25,0,0.22692457
3158,1,1,0.7835562
3159,16,1,0.75528294
3160,2,0,0.26005343
3161,1,1,0.31562775
3162,15,0,0.21802013
3163,6,0,0.3753503
3164,2,0,0.15361841
3165,18,0,0.33161318
3166,25,1,0.5583011
3167,10,0,0.5100139
3168,27,0,0.5391805
3169,13,0,0.42673048
3170,11,1,0.64993024
3171,3,1,0.70898867
3172,7,0,0.69770825
3173,13,0,0.23049401
3174,16,0,0.16136056
3175,28,0,0.6208715
3176,2,1,0.5932595
3177,8,1,0.9026088
3178,10,0,0.37439045
3179,16,1,0.18646915
3180,12,1,0.85351807
3181,19,0,0.3325813
3182,2,1,0.8928138
3183,2,0,0.6988857
3184,20,0,0.2904016
3185,21,0,0.28319177
3186,18,1,0.7429547
3187,1,1,0.55717504
3188,23,0,0.6001408
3189,21,0,0.35029897
3190,10,1,0.49805626
3191,1,1,0.610862
3192,13,0,0.83442116
3193,11,0,0.1930881
3194,8,1,0.5101726
3195,4,0,0.5042528
3196,7,1,0.29695424
3197,18,0,0.078110516
3198,16,1,0.5555937
3199,11,1,0.50511515
3200,14,1,0.6673673
3201,13,0,0.22905898
3202,13,0,0.08299765
3203,7,0,0.22532877
3204,28,1,0.6925007
3205,3,0,0.43423584
3206,1,1,0.40976927
3207,16,0,0.5446726
3208,2,0,0.73613167
3209,14,1,0.3396036
3210,16,0,0.46810588
3211,9,1,0.32892716
3212,6,0,0.7388997
3213,17,1,0.8249041
3214,28,0,0.3744168
3215,12,0,0.60210884
3216,16,1,0.4455066
3217,11,1,0.91994566
3218,1,0,0.5576349
3219,7,1,0.7262889
3220,18,0,0.4776424
3221,25,1,0.7990546
3222,17,0,0.692601
3223,2,0,0.23889281
3224,13,1,0.49245265
3225,20,1,0.71374583
3226,12,0,0.20469457
3227,9,0,0.3298658
3228,13,1,0.41632107
3229,20,0,0.50827134
3230,20,1,0.3351869
3231,25,0,0.06850324
3232,13,0,0.5802485
3233,15,0,0.9028342
3234,18,0,0.40178496
3235,5,0,0.14810593
3236,16,0,0.28842315
3237,25,0,0.2345615
3238,24,1,0.4596468
3239,1,0,0.2376191
3240,3,0,0.334141
3241,23,1,0.38236716
3242,1,1,0.75838876
3243,16,1,0.69646955
3244,16,1,0.28444225
3245,1,0,0.6206271
3246,28,1,0.49131095
3247,11,0,0.72238326
3248,8,0,0.52515787
3249,17,1,0.45173487
3250,25,1,0.59102815
3251,27,1,0.5103456
3252,13,0,0.3921973
3253,25,1,0.35967514
3254,6,0,0.35541123
3255,20,1,0.78610945
3256,11,0,0.5935762
3257,27,1,0.36639994
3258,22,0,0.81135786
3259,2,1,0.48195615
3260,11,0,0.34455144
3261,25,0,0.63160324
3262,11,0,0.66508245
3263,2,1,0.5991148
3264,17,1,0.52405834
3265,26,0,0.42112923
3266,8,0,0.53365254
3267,16,1,0.60204166
3268,3,0,0.36635402
3269,12,0,0.16583477
3270,25,1,0.8044549
3271,3,1,0.55399257
3272,13,0,0.4951845
3273,10,1,0.8811239
3274,15,0,0.1857092
3275,8,1,0.5320405
3276,12,1,0.9105858
3277,16,1,0.915843
3278,13,1,0.85049695
3279,8,1,0.76891357
3280,1,1,0.61203
3281,18,0,0.23265074
3282,6,0,0.6764353
3283,7,0,0.5298802
3284,27,1,0.49292898
3285,16,1,0.80379736
3286,17,1,0.70506376
3287,13,1,0.38795808
3288,28,1,0.34810963
3289,20,0,0.6227495
3290,15,0,0.59390867
3291,10,0,0.3974725
3292,18,0,0.5339582
3293,1,1,0.42962083
3294,27,0,0.38773817
3295,4,1,0.80798537
3296,15,0,0.22643943
3297,24,1,0.6302457
3298,16,1,0.44824982
3299,19,1,0.77852863
3300,0,1,0.49714524
3301,2,1,0.44194523
3302,5,0,0.41969728
3303,16,0,0.21152881
3304,17,0,0.2612773
3305,16,0,0.16674452
3306,8,0,0.32354948
3307,26,1,0.7943777
3308,8,0,0.31239992
3309,16,0,0.29561886
3310,4,1,0.87737775
3311,25,0,0.64269364
3312,15,1,0.6878411
3313,18,0,0.7580238
3314,27,1,0.59909135
3315,12,1,0.722534
3316,25,0,0.35152623
3317,2,0,0.5532324
3318,1,1,0.4296549
3319,12,0,0.12545393
3320,22,0,0.25304967
3321,8,1,0.8994533
3322,6,0,0.22916514
3323,6,0,0.42880887
3324,25,0,0.36290246
3325,18,1,0.5398173
3326,25,0,0.1543089
3327,3,1,0.6105708
3328,14,1,0.76090145
3329,13,1,0.8987338
3330,1,0,0.40194294
3331,15,0,0.26773146
3332,3,1,0.28301466
3333,13,1,0.53999585
3334,28,1,0.7301334
3335,16,0,0.55079484
3336,15,0,0.7436893
3337,6,0,0.5288111
3338,25,0,0.27591294
3339,9,1,0.791712
3340,12,1,0.6863565
3341,20,0,0.25372097
3342,0,0,0.28451976
3343,1,1,0.9425775
3344,17,1,0.50060743
3345,27,0,0.19213352
3346,4,1,0.4512916
3347,25,0,0.21204568
3348,8,0,0.6291493
3349,3,1,0.79741675
3350,0,0,0.6274938
3351,22,1,0.541132
3352,2,0,0.3573615
3353,27,0,0.19906011
3354,22,0,0.605026
3355,16,1,0.88293207
3356,26,1,0.41763955
3357,22,1,0.430166
3358,11,0,0.2630472
3359,14,0,0.1475891
3360,8,0,0.5810586
3361,2,1,0.34440076
3362,4,0,0.3590236
3363,14,0,0.6597324
3364,6,0,0.26162255
3365,18,0,0.17878859
3366,0,1,0.3254635
3367,11,1,0.7495343
3368,4,0,0.3740673
3369,7,1,0.6706626
3370,11,0,0.20527558
3371,25,0,0.7010284
3372,17,1,0.7243868
3373,16,0,0.51243
3374,22,0,0.33101794
3375,6,1,0.8258944
3376,13,0,0.6369871
3377,6,0,0.4431767
3378,13,1,0.93029153
3379,20,0,0.22475249
3380,18,0,0.4239845
3381,26,0,0.8347517
3382,15,1,0.75263774
3383,14,0,0.5625353
3384,13,0,0.3326608
3385,25,0,0.3321316
3386,13,0,0.19706264
3387,3,1,0.8571895
3388,2,1,0.5251002
3389,25,0,0.24023889
3390,12,0,0.655189
3391,2,0,0.64303344
3392,14,1,0.8341794
3393,0,0,0.45335093
3394,7,0,0.59386593
3395,1,1,0.61332333
3396,11,0,0.36963543
3397,23,0,0.301704
3398,16,0,0.123377904
3399,12,0,0.7052306
3400,8,0,0.5467152
3401,2,0,0.3425719
3402,11,1,0.8788791
3403,18,1,0.47896641
3404,25,0,0.23356198
3405,2,1,0.8688123
3406,9,1,0.6405406
3407,2,1,0.5399426
3408,21,1,0.7372669
3409,7,0,0.23660353
3410,25,1,0.43528712
3411,3,0,0.15291321
3412,2,0,0.35297847
3413,18,0,0.33611837
3414,14,0,0.3027221
3415,2,0,0.4573537
3416,28,1,0.3040367
3417,20,0,0.20565158
3418,11,0,0.49137807
3419,9,1,0.41286713
3420,14,0,0.41793856
3421,10,1,0.90199804
3422,10,0,0.40157393
3423,23,1,0.37532243
3424,19,1,0.5378963
3425,14,1,0.53463614
3426,5,0,0.43711713
3427,1,0,0.37433422
3428,22,0,0.5822177
3429,4,0,0.6359184
3430,15,0,0.42057517
3431,6,0,0.19446944
3432,12,0,0.40262267
3433,25,1,0.4036048
3434,26,1,0.7175971
3435,3,1,0.3779252
3436,26,1,0.6375039
3437,13,0,0.3735163
3438,2,0,0.17018121
3439,15,0,0.46947998
3440,1,1,0.47351703
3441,28,0,0.27353403
3442,2,1,0.5873838
3443,8,0,0.220132
3444,10,1,0.3715814
3445,28,0,0.31178728
3446,8,0,0.28101847
3447,19,1,0.6678407
3448,6,1,0.75826854
3449,24,1,0.395068
3450,25,0,0.34882623
3451,14,1,0.35871845
3452,25,0,0.46975845
3453,19,0,0.09694014
3454,6,0,0.6733884
3455,19,1,0.73419803
3456,6,1,0.7445015
3457,18,0,0.25057268
3458,4,0,0.6670772
3459,25,0,0.29959536
3460,26,0,0.29124236
3461,20,0,0.648043
3462,11,1,0.3619299
3463,16,0,0.18754205
3464,20,1,0.6790591
3465,9,1,0.44153777
3466,25,0,0.40495473
3467,27,0,0.72661626
3468,20,0,0.5040769
3469,26,0,0.55294335
3470,8,0,0.7000903
3471,10,1,0.8616214
3472,7,0,0.2572469
3473,5,1,0.5506509
3474,3,0,0.68242466
3475,9,1,0.7027265
3476,25,1,0.5542775
3477,27,0,0.55009377
3478,1,0,0.49541983
3479,15,0,0.37368828
3480,24,1,0.7351789
3481,16,1,0.57344717
3482,12,1,0.72454417
3483,6,1,0.67935115
3484,12,1,0.71961015
3485,10,0,0.53758234
3486,19,0,0.46451172
3487,18,0,0.5951848
3488,17,0,0.15555145
3489,26,0,0.21885493
3490,12,1,0.57240915
3491,10,1,0.23353167
3492,4,0,0.3069274
3493,12,1,0.62490827
3494,14,1,0.4705329
3495,12,1,0.46260986
3496,23,0,0.59531397
3497,22,1,0.18005387
3498,11,0,0.16377681
3499,16,1,0.52311015
3500,1,0,0.49578846
3501,20,1,0.785512
3502,0,1,0.3950005
3503,8,1,0.85355216
3504,20,0,0.39342058
3505,2,0,0.43858436
3506,3,0,0.42868322
3507,24,0,0.4381615
3508,17,1,0.67090124
3509,1,0,0.5626203
3510,25,0,0.39643604
3511,20,1,0.47467262
3512,2,1,0.43469694
3513,18,1,0.4718551
3514,18,1,0.4886269
3515,25,1,0.5067602
3516,19,1,0.66483724
3517,3,1,0.44418648
3518,4,0,0.84136945
3519,1,1,0.7531739
3520,17,1,0.6939172
3521,23,0,0.6767657
3522,5,1,0.72751904
3523,27,1,0.35886604
3524,21,1,0.5587737
3525,3,0,0.539858
3526,14,0,0.20526798
3527,23,1,0.66316324
3528,19,1,0.56961644
3529,10,1,0.30335933
3530,27,0,0.25284973
3531,16,1,0.4147771
3532,8,0,0.10004661
3533,23,1,0.5510567
3534,8,1,0.655833
3535,21,1,0.54061145
3536,0,1,0.7299256
3537,0,0,0.3336335
3538,26,0,0.24399482
3539,21,1,0.5493996
3540,28,1,0.20183799
3541,26,1,0.60401577
3542,0,1,0.45765603
3543,12,1,0.7568869
3544,10,1,0.5020716
3545,16,1,0.460114
3546,15,0,0.446385
3547,6,0,0.70213157
3548,6,1,0.6393394
3549,28,1,0.28831416
3550,10,1,0.2604314
3551,22,1,0.57899183
3552,16,0,0.48646882
3553,1,0,0.31190106
3554,15,0,0.26838037
3555,13,1,0.7037596
3556,11,0,0.45776337
3557,2,1,0.707402
3558,11,0,0.20563631
3559,2,1,0.42411909
3560,24,1,0.6780715
3561,27,1,0.65273124
3562,11,1,0.75858325
3563,1,1,0.84163857
3564,17,0,0.67130667
3565,8,0,0.5561737
3566,14,1,0.6716335
3567,10,1,0.3103269
3568,16,1,0.6786563
3569,13,0,0.08704185
3570,12,1,0.60521024
3571,10,1,0.9159755
3572,9,0,0.42179397
3573,13,0,0.8019373
3574,16,1,0.4630557
3575,25,0,0.33975825
3576,25,0,0.70457137
3577,7,1,0.76822186
3578,14,1,0.73084706
3579,8,0,0.36632296
3580,15,0,0.48991174
3581,16,0,0.41323
3582,6,1,0.60115457
3583,6,1,0.6813494
3584,5,1,0.64682275
3585,5,0,0.29968995
3586,15,1,0.40570655
3587,13,1,0.65769
3588,25,0,0.29814884
3589,21,1,0.69858634
3590,16,0,0.29391786
3591,18,0,0.40793034
3592,5,1,0.40546334
3593,20,1,0.6475379
3594,12,0,0.5713067
3595,0,1,0.79350406
3596,0,1,0.933648
3597,2,0,0.49404886
3598,11,1,0.6691578
3599,25,0,0.47110507
3600,15,0,0.5169605
3601,14,1,0.7456944
3602,8,1,0.6728591
3603,11,0,0.5155508
3604,15,1,0.35849524
3605,3,1,0.92609864
3606,5,0,0.4310566
3607,3,0,0.26752603
3608,0,0,0.44456297
3609,9,1,0.34021932
3610,9,1,0.68722713
3611,10,0,0.2105045
3612,22,0,0.5682216
3613,28,1,0.6334587
3614,15,0,0.49342012
3615,15,0,0.2974118
3616,21,1,0.2607841
3617,6,0,0.41671634
3618,26,0,0.36314553
3619,15,1,0.838172
3620,10,1,0.5343132
3621,13,1,0.37978062
3622,13,1,0.8860478
3623,6,0,0.33499342
3624,13,0,0.542849
3625,13,1,0.52331233
3626,27,1,0.21682125
3627,26,1,0.62220246
3628,6,0,0.63355714
3629,1,0,0.44121963
3630,6,0,0.30857798
3631,26,0,0.61520654
3632,6,1,0.831334
3633,15,0,0.2541617
3634,13,0,0.5955403
3635,20,1,0.38893646
3636,10,0,0.576383
3637,2,0,0.4688957
3638,2,0,0.4066873
3639,3,1,0.71991974
3640,16,1,0.5810374
3641,18,1,0.8675426
3642,2,0,0.5254659
3643,2,1,0.82714945
3644,16,0,0.7612371
3645,7,1,0.57998353
3646,26,1,0.81539315
3647,28,1,0.51333576
3648,14,1,0.7974627
3649,8,1,0.37898836
3650,14,1,0.47170073
3651,16,1,0.40460896
3652,13,1,0.9727811
3653,8,0,0.5601058
3654,19,0,0.71125746
3655,24,1,0.4514086
3656,1,1,0.54979193
3657,21,1,0.6312882
3658,5,0,0.7521764
3659,2,0,0.5744583
3660,0,0,0.30476364
3661,13,1,0.47432187
3662,18,0,0.268495
3663,10,1,0.6703419
3664,21,1,0.43740076
3665,1,0,0.7798076
3666,13,0,0.5285694
3667,24,0,0.39209127
3668,22,0,0.15777814
3669,4,0,0.8318765
3670,13,1,0.5816119
3671,25,0,0.49744135
3672,14,0,0.10455822
3673,2,0,0.80830127
3674,15,0,0.42001608
3675,16,1,0.75316393
3676,17,0,0.15076679
3677,17,1,0.34709188
3678,23,1,0.50609523
3679,25,0,0.30687618
3680,1,0,0.48546517
3681,12,1,0.8188173
3682,7,0,0.3882614
3683,0,1,0.8196678
3684,23,0,0.23262773
3685,26,0,0.47540066
3686,26,0,0.4545643
3687,8,1,0.9190375
3688,6,0,0.26292193
3689,13,1,0.46038932
3690,13,1,0.8018377
3691,4,0,0.3178366
3692,24,1,0.4271167
3693,26,0,0.32650647
3694,13,0,0.4315925
3695,0,0,0.6513625
3696,11,1,0.83966905
3697,14,0,0.4993977
3698,27,0,0.23682822
3699,13,0,0.22572088
3700,26,0,0.3306081
3701,11,0,0.6964257
3702,10,0,0.2334783
3703,27,1,0.71274054
3704,3,0,0.27035642
3705,27,0,0.40276423
3706,28,0,0.35962293
3707,2,0,0.22781934
3708,3,1,0.24193153
3709,26,1,0.28955927
3710,8,0,0.32993326
3711,26,0,0.44220683
3712,5,0,0.53990763
3713,16,1,0.40642536
3714,10,0,0.40150344
3715,7,0,0.4921016
3716,16,0,0.6552847
3717,15,0,0.33620915
3718,2,1,0.640961
3719,3,0,0.678517
3720,23,0,0.7920606
3721,27,0,0.6823176
3722,21,1,0.31572214
3723,18,1,0.56113255
3724,15,0,0.6063167
3725,25,0,0.09045638
3726,16,0,0.55291605
3727,15,1,0.66485
3728,24,0,0.58721095
3729,11,0,0.2052921
3730,8,0,0.2483015
3731,22,1,0.8602376
3732,20,0,0.6547159
3733,25,0,0.39064327
3734,13,1,0.66395146
3735,17,1,0.665276
3736,25,0,0.26590508
3737,25,1,0.3183373
3738,8,0,0.4050324
3739,18,0,0.2729528
3740,11,0,0.27208272
3741,25,1,0.7510852
3742,8,0,0.18681493
3743,8,1,0.78076553
3744,8,1,0.37204945
3745,7,1,0.49144718
3746,2,0,0.86397177
3747,24,1,0.86220634
3748,0,0,0.5089263
3749,22,1,0.39840743
3750,10,1,0.5427699
3751,3,1,0.45111966
3752,24,0,0.5135768
3753,6,0,0.28461674
3754,18,0,0.24054869
3755,25,0,0.29273635
3756,20,0,0.53380686
3757,7,0,0.14302844
3758,8,0,0.47451037
3759,20,1,0.6972961
3760,24,1,0.4546361
3761,18,1,0.81654567
3762,16,0,0.9275149
3763,21,0,0.3196105
3764,23,1,0.40964496
3765,8,1,0.5375933
3766,20,0,0.4399852
3767,27,1,0.8748856
3768,8,1,0.6590793
3769,26,1,0.65674645
3770,2,1,0.5483173
3771,13,1,0.42422134
3772,25,0,0.6937239
3773,23,0,0.3203677
3774,0,1,0.62784845
3775,26,1,0.5397161
3776,25,0,0.46402538
3777,10,0,0.35741845
3778,2,1,0.77588826
3779,9,0,0.6068166
3780,2,1,0.7709001
3781,26,0,0.277426
3782,10,0,0.23881117
3783,19,0,0.30927774
3784,8,1,0.39552307
3785,25,1,0.6701873
3786,1,1,0.33202994
3787,20,0,0.16286054
3788,15,1,0.5713742
3789,20,1,0.9109821
3790,13,0,0.65544903
3791,13,0,0.782376
3792,15,0,0.17284892
3793,10,1,0.5486396
3794,27,1,0.6254794
3795,25,0,0.3498278
3796,1,1,0.8212673
3797,17,1,0.8137961
3798,7,1,0.39084053
3799,13,0,0.22202995
3800,15,0,0.32902354
3801,15,1,0.867108
3802,2,1,0.45528114
3803,11,0,0.40892404
3804,12,1,0.33641452
3805,25,0,0.31527752
3806,5,1,0.36590743
3807,12,1,0.3506621
3808,25,0,0.21062997
3809,13,1,0.64657295
3810,8,1,0.5820835
3811,24,0,0.20798802
3812,8,1,0.5851028
3813,6,1,0.68325037
3814,11,1,0.65768707
3815,20,0,0.10501062
3816,19,1,0.26767328
3817,25,0,0.5005223
3818,20,1,0.30068216
3819,1,1,0.76376414
3820,18,0,0.543938
3821,15,0,0.24477004
3822,9,0,0.34296015
3823,20,0,0.6490814
3824,1,1,0.651359
3825,13,1,0.6507074
3826,28,1,0.7844737
3827,25,1,0.34021562
3828,20,0,0.20678417
3829,7,1,0.4570022
3830,25,0,0.371913
3831,6,1,0.33126947
3832,7,1,0.7260737
3833,20,1,0.2701804
3834,3,0,0.1930398
3835,11,0,0.19812939
3836,13,1,0.38339582
3837,6,0,0.34622446
3838,13,1,0.7720163
3839,10,0,0.124009535
3840,16,0,0.18389718
3841,3,0,0.6178218
3842,27,0,0.44648156
3843,12,0,0.37101078
3844,28,0,0.24461119
3845,2,1,0.5806756
3846,14,0,0.6451957
3847,12,1,0.31900498
3848,24,0,0.10006521
3849,27,1,0.7341779
3850,18,0,0.548227
3851,17,0,0.46877035
3852,8,0,0.44949314
3853,5,0,0.3459878
3854,17,1,0.603475
3855,12,1,0.4859611
3856,9,0,0.12910649
3857,17,0,0.35109615
3858,17,0,0.4967988
3859,15,1,0.48019275
3860,12,0,0.5484579
3861,0,0,0.50816727
3862,7,1,0.31841347
3863,18,0,0.24885266
3864,11,1,0.40002015
3865,10,0,0.21971178
3866,16,1,0.4794293
3867,8,1,0.4115595
3868,16,1,0.4846749
3869,4,0,0.16352731
3870,19,0,0.5317967
3871,11,1,0.7921305
3872,17,1,0.29172927
3873,6,0,0.6861562
3874,2,1,0.43876714
3875,13,1,0.7451662
3876,21,1,0.92569816
3877,16,0,0.6570273
3878,26,1,0.41277263
3879,22,1,0.63254696
3880,19,0,0.609979
3881,15,0,0.36475787
3882,12,0,0.47254184
3883,12,0,0.60336655
3884,8,0,0.76664543
3885,19,1,0.46293908
3886,23,1,0.54740095
3887,15,0,0.64043057
3888,15,0,0.671474
3889,11,1,0.6572797
3890,12,1,0.70774317
3891,17,1,0.5827182
3892,3,1,0.75786144
3893,15,1,0.85343015
3894,13,1,0.52142096
3895,16,1,0.37459952
3896,23,1,0.5114407
3897,7,1,0.6361059
3898,16,0,0.35727635
3899,4,1,0.47702128
3900,2,0,0.19202775
3901,2,0,0.51003736
3902,4,1,0.53677046
3903,17,1,0.5108158
3904,20,1,0.6606956
3905,16,0,0.60910255
3906,11,1,0.30959794
3907,4,0,0.09658546
3908,22,0,0.1788468
3909,9,1,0.7065135
3910,17,0,0.23902
3911,11,1,0.84911317
3912,15,1,0.5329199
3913,15,0,0.5842901
3914,16,0,0.8785342
3915,16,1,0.49886426
3916,21,1,0.7240213
3917,9,1,0.3732256
3918,11,0,0.21790172
3919,27,1,0.6266257
3920,14,0,0.6097881
3921,24,1,0.74420035
3922,26,1,0.51042086
3923,16,0,0.47876084
3924,4,1,0.5487059
3925,8,1,0.56570977
3926,28,0,0.22965102
3927,23,0,0.7413806
3928,6,1,0.6285129
3929,24,0,0.37997758
3930,18,1,0.324821
3931,18,0,0.16477828
3932,17,1,0.41326043
3933,12,1,0.6941885
3934,15,0,0.21336776
3935,26,0,0.5566077
3936,22,0,0.30416495
3937,12,1,0.38374257
3938,22,0,0.46341518
3939,4,0,0.16453625
3940,2,0,0.40018415
3941,15,1,0.9482463
3942,7,1,0.5676361
3943,12,0,0.35809088
3944,18,1,0.53376096
3945,6,1,0.39287865
3946,18,1,0.6539034
3947,10,0,0.6582751
3948,7,0,0.40599686
3949,3,0,0.37972197
3950,11,0,0.24674386
3951,26,0,0.29488027
3952,0,1,0.32051072
3953,12,1,0.48546073
3954,10,1,0.6895844
3955,4,1,0.2697629
3956,6,1,0.37650716
3957,27,1,0.43082345
3958,15,1,0.6148867
3959,0,1,0.62679935
3960,27,0,0.4777019
3961,13,1,0.43459713
3962,26,0,0.19741026
3963,13,0,0.30733755
3964,6,1,0.4948362
3965,13,0,0.501827
3966,24,0,0.43345442
3967,26,1,0.8780407
3968,8,0,0.10377011
3969,12,1,0.95673376
3970,4,1,0.49298203
3971,26,0,0.34509647
3972,13,1,0.68971115
3973,25,1,0.8742203
3974,9,1,0.7065054
3975,24,0,0.43704706
3976,3,0,0.3884547
3977,21,0,0.6874728
3978,10,1,0.6322063
3979,27,0,0.28571388
3980,8,0,0.56239724
3981,23,0,0.3988548
3982,6,0,0.31751284
3983,27,0,0.7069436
3984,4,1,0.41964895
3985,14,1,0.84170896
3986,0,1,0.60235614
3987,3,1,0.6615092
3988,7,1,0.470193
3989,22,1,0.65630734
3990,16,0,0.64179724
3991,5,0,0.45609838
3992,13,0,0.40968505
3993,3,1,0.5117911
3994,8,0,0.4622168
3995,11,0,0.34750938
3996,2,1,0.59409547
3997,2,0,0.42303646
3998,11,1,0.2959388
3999,26,0,0.19836959
4000,8,1,0.81912696
4001,13,0,0.25313365
4002,22,0,0.50447196
4003,8,0,0.69877
4004,28,0,0.22205798
4005,1,1,0.85809344
4006,21,1,0.6914449
4007,2,1,0.8788368
4008,28,1,0.70442
4009,15,0,0.33620432
4010,21,0,0.4657475
4011,10,0,0.4396858
4012,15,0,0.34133467
4013,24,1,0.7506309
4014,26,1,0.74474585
4015,27,0,0.3453319
4016,9,0,0.28314498
4017,28,0,0.684639
4018,8,1,0.38515174
4019,19,1,0.893435
4020,14,1,0.6196345
4021,22,0,0.65912414
4022,26,1,0.5097399
4023,19,1,0.284919
4024,13,1,0.35294145
4025,22,1,0.7338536
4026,26,0,0.19286618
4027,8,1,0.6443289
4028,20,1,0.34551746
4029,11,1,0.39859498
4030,14,1,0.3887762
4031,8,1,0.55690664
4032,8,1,0.80950093
4033,15,1,0.6344285
4034,23,1,0.451242
4035,25,1,0.52218467
4036,1,1,0.9002936
4037,3,0,0.6521146
4038,13,0,0.08828083
4039,16,1,0.8208212
4040,17,1,0.5927686
4041,1,0,0.5295092
4042,19,0,0.28255758
4043,4,0,0.40006357
4044,10,0,0.11514352
4045,4,0,0.5779962
4046,8,0,0.5926549
4047,11,1,0.8810917
4048,24,1,0.3615375
4049,2,1,0.6134401
4050,25,0,0.42266995
4051,8,0,0.63577247
4052,6,0,0.61130434
4053,6,1,0.5157555
4054,15,1,0.887975
4055,17,1,0.7006621
4056,27,1,0.36501232
4057,1,1,0.52311933
4058,6,1,0.48548648
4059,14,0,0.33133817
4060,13,1,0.92294455
4061,7,1,0.6054724
4062,22,0,0.38243634
4063,13,0,0.7588601
4064,1,1,0.89475834
4065,16,0,0.59832776
4066,7,0,0.38394326
4067,16,1,0.59361804
4068,16,1,0.29700205
4069,23,0,0.2966444
4070,27,1,0.6287186
4071,7,1,0.5637069
4072,25,1,0.6543957
4073,14,0,0.20703478
4074,17,0,0.53023934
4075,1,1,0.9573024
4076,17,0,0.5405162
4077,10,0,0.6121186
4078,18,1,0.6484608
4079,15,0,0.39490727
4080,12,1,0.33127165
4081,23,1,0.31566477
4082,12,1,0.8025139
4083,8,0,0.084922396
4084,16,1,0.36529863
4085,3,1,0.83182734
4086,11,0,0.33930522
4087,10,0,0.6043874
4088,16,1,0.6300014
4089,21,0,0.16454774
4090,8,0,0.3440359
4091,13,1,0.5887777
4092,11,0,0.25403485
4093,2,0,0.8515855
4094,20,1,0.53594774
4095,27,0,0.6582431
4096,22,0,0.32281923
4097,17,0,0.5933835
4098,2,0,0.41642264
4099,8,0,0.29272777
4100,15,0,0.52505374
4101,23,0,0.4268393
4102,4,1,0.5402278
4103,28,0,0.8314693
4104,1,1,0.35173786
4105,16,0,0.15621093
4106,19,0,0.46313056
4107,22,1,0.285265
4108,13,1,0.92233944
4109,1,0,0.35514233
4110,4,1,0.6743424
4111,25,1,0.76279116
4112,4,1,0.17374976
4113,6,0,0.6005438
4114,13,0,0.7307517
4115,20,1,0.3996853
4116,4,0,0.76155776
4117,5,0,0.4821103
4118,22,1,0.7639566
4119,15,0,0.28277412
4120,20,1,0.8728719
4121,13,1,0.5202813
4122,14,0,0.4878764
4123,6,0,0.45622772
4124,26,0,0.6458389
4125,9,0,0.47723174
4126,4,0,0.49495935
4127,20,1,0.744901
4128,13,0,0.7330109
4129,5,1,0.7976528
4130,17,0,0.45452708
4131,16,0,0.5338939
4132,17,1,0.62245035
4133,12,0,0.5008411
4134,28,0,0.42396474
4135,10,0,0.2708471
4136,8,1,0.6195959
4137,20,1,0.41594177
4138,11,0,0.3000551
4139,13,0,0.2166
4140,22,0,0.27668682
4141,12,0,0.3239221
4142,27,1,0.5808718
4143,4,0,0.52362597
4144,25,0,0.5283869
4145,0,0,0.369197
4146,28,0,0.09961912
4147,12,0,0.30793718
4148,18,1,0.7345173
4149,28,1,0.73158485
4150,27,1,0.8564865
4151,10,1,0.45571458
4152,14,1,0.67205215
4153,19,1,0.6798135
4154,7,0,0.30019984
4155,3,1,0.4338003
4156,2,0,0.6226225
4157,28,0,0.49347794
4158,2,0,0.5643162
4159,2,0,0.28980985
4160,11,0,0.60686123
4161,14,0,0.26491103
4162,14,0,0.6442883
4163,4,0,0.5815777
4164,12,0,0.32016385
4165,25,1,0.5777911
4166,24,1,0.7978841
4167,25,1,0.6114336
4168,16,1,0.4147912
4169,10,1,0.68427926
4170,11,0,0.635206
4171,16,0,0.74201155
4172,13,0,0.3666465
4173,25,1,0.43760118
4174,13,0,0.29270852
4175,2,1,0.73868936
4176,17,0,0.36216295
4177,3,1,0.57850796
4178,26,0,0.32950643
4179,21,0,0.07310392
4180,22,0,0.19147962
4181,15,0,0.54837376
4182,19,1,0.13355395
4183,28,1,0.46745756
4184,6,1,0.7152184
4185,13,1,0.9268749
4186,23,1,0.6102257
4187,3,1,0.8968926
4188,11,1,0.399288
4189,1,1,0.60216033
4190,17,0,0.23329099
4191,26,0,0.6239643
4192,22,1,0.53946114
4193,8,0,0.43916377
4194,25,0,0.3550787
4195,6,1,0.53385246
4196,2,1,0.59137005
4197,16,1,0.66198283
4198,2,0,0.06830909
4199,4,0,0.557336
4200,10,0,0.601729
4201,5,1,0.7205796
4202,27,0,0.48488975
4203,12,0,0.19166884
4204,15,1,0.485324
4205,13,1,0.24785595
4206,26,1,0.33790407
4207,24,0,0.6021515
4208,26,1,0.403895
4209,15,1,0.4778679
4210,10,0,0.33348367
4211,10,0,0.4240813
4212,13,0,0.8385747
4213,10,1,0.8480973
4214,10,0,0.50007254
4215,21,1,0.5271201
4216,15,1,0.7394161
4217,13,1,0.57613844
4218,15,1,0.5424875
4219,20,0,0.7109079
4220,18,0,0.36466768
4221,28,1,0.6315593
4222,12,1,0.89915395
4223,1,0,0.2531905
4224,5,1,0.76373154
4225,4,1,0.6217176
4226,2,0,0.27993813
4227,14,1,0.56009096
4228,27,0,0.6653515
4229,8,0,0.30303824
4230,10,0,0.1930898
4231,10,1,0.3136653
4232,10,1,0.6640796
4233,1,1,0.9062634
4234,8,0,0.23915786
4235,6,1,0.86162597
4236,22,0,0.3307378
4237,5,1,0.7159525
4238,0,1,0.67750126
4239,22,0,0.3426393
4240,11,0,0.63499945
4241,15,0,0.44778538
4242,2,1,0.5148256
4243,20,0,0.67521
4244,1,1,0.81019
4245,18,1,0.19453119
4246,7,1,0.78670007
4247,13,0,0.18586569
4248,14,1,0.7099654
4249,18,1,0.7873251
4250,25,0,0.49372214
4251,18,1,0.614659
4252,22,0,0.23216566
4253,15,1,0.89741284
4254,16,1,0.90781873
4255,15,1,0.7457446
4256,25,1,0.65391564
4257,15,1,0.74452084
4258,2,0,0.67788935
4259,20,1,0.6906932
4260,1,1,0.5666048
4261,6,0,0.4349575
4262,1,1,0.8277283
4263,9,0,0.05008874
4264,13,0,0.2947791
4265,13,0,0.5854071
4266,16,1,0.5160668
4267,26,0,0.21938188
4268,10,0,0.6779237
4269,13,1,0.64026594
4270,1,0,0.14455412
4271,20,1,0.74802923
4272,10,0,0.47462422
4273,13,1,0.7126792
4274,10,1,0.6350781
4275,27,1,0.9045006
4276,11,1,0.8567669
4277,9,0,0.2961041
4278,19,0,0.4773783
4279,0,0,0.3214567
4280,27,1,0.6506751
4281,14,1,0.41246834
4282,2,1,0.4467019
4283,2,1,0.6235355
4284,0,1,0.40052873
4285,16,0,0.684778
4286,1,0,0.34658027
4287,25,1,0.5511599
4288,20,0,0.5081441
4289,5,1,0.4401321
4290,11,1,0.382097
4291,19,0,0.46066195
4292,22,0,0.18807687
4293,26,1,0.44057307
4294,27,0,0.28892803
4295,28,0,0.12789442
4296,8,1,0.6173658
4297,10,0,0.7036998
4298,4,0,0.4733531
4299,5,0,0.35258433
4300,22,1,0.522335
4301,13,0,0.74077535
4302,16,0,0.46669388
4303,21,0,0.24919958
4304,12,1,0.18654302
4305,1,0,0.13290893
4306,26,0,0.69621754
4307,12,1,0.7492252
4308,16,0,0.3513485
4309,10,0,0.26892376
4310,27,1,0.7386918
4311,10,0,0.66138846
4312,14,1,0.3210421
4313,18,1,0.35857707
4314,11,0,0.37666342
4315,16,1,0.27828223
4316,2,1,0.75186336
4317,10,1,0.4936031
4318,18,0,0.6431406
4319,18,0,0.20713826
4320,7,0,0.16161999
4321,16,1,0.59876555
4322,10,0,0.6254764
4323,27,1,0.37927386
4324,26,0,0.38499558
4325,17,0,0.43963423
4326,11,1,0.62718886
4327,27,1,0.5688926
4328,16,1,0.5951948
4329,11,1,0.15816286
4330,11,0,0.3525602
4331,1,0,0.4983774
4332,20,0,0.20966879
4333,12,1,0.5270002
4334,13,1,0.57715183
4335,3,0,0.15434146
4336,26,0,0.377484
4337,18,1,0.7035955
4338,16,1,0.6548117
4339,2,1,0.37846243
4340,13,0,0.6171555
4341,10,1,0.505205
4342,25,0,0.3631506
4343,8,1,0.5953947
4344,16,0,0.38536045
4345,22,1,0.58901405
4346,10,0,0.08947072
4347,13,1,0.74220574
4348,25,0,0.32690382
4349,2,0,0.3536593
4350,27,0,0.2597172
4351,15,0,0.80276734
4352,10,1,0.56990856
4353,13,1,0.43770045
4354,2,1,0.49767107
4355,13,0,0.32143182
4356,15,1,0.7077976
4357,12,0,0.47243315
4358,13,0,0.3001997
4359,22,1,0.68006796
4360,10,0,0.30470008
4361,12,0,0.6064822
4362,11,0,0.43673888
4363,11,1,0.5791746
4364,16,0,0.2530182
4365,27,1,0.6939554
4366,27,0,0.60611665
4367,16,1,0.2685477
4368,23,0,0.38282332
4369,15,1,0.51398736
4370,8,0,0.5550764
4371,10,0,0.24260972
4372,4,1,0.66755503
4373,6,1,0.94043374
4374,22,0,0.38351232
4375,3,1,0.7098996
4376,11,1,0.8983499
4377,1,1,0.679164
4378,12,1,0.7225686
4379,13,1,0.34626624
4380,6,0,0.3479082
4381,11,1,0.6895148
4382,15,0,0.4997842
4383,28,1,0.96654665
4384,25,1,0.6126666
4385,15,1,0.31573796
4386,25,0,0.41440648
4387,27,0,0.29357573
4388,22,0,0.38145733
4389,16,1,0.38937035
4390,22,0,0.57136565
4391,13,0,0.3734253
4392,1,1,0.36409295
4393,4,0,0.2427782
4394,20,1,0.49632552
4395,11,1,0.7714257
4396,9,1,0.558534
4397,25,1,0.40664136
4398,14,1,0.7269171
4399,25,1,0.4602415
4400,14,0,0.1761728
4401,22,1,0.73517287
4402,25,1,0.61618954
4403,13,1,0.6160073
4404,2,1,0.31585145
4405,21,1,0.46102384
4406,21,1,0.88671637
4407,1,0,0.52989924
4408,27,1,0.88639385
4409,3,1,0.7591094
4410,11,1,0.5507395
4411,1,0,0.60699886
4412,1,1,0.932596
4413,8,0,0.35779053
4414,11,1,0.69339836
4415,11,0,0.2555854
4416,26,1,0.5311306
4417,8,0,0.653116
4418,18,0,0.39479518
4419,26,0,0.33082643
4420,16,1,0.43934825
4421,25,0,0.16808914
4422,8,0,0.560456
4423,15,0,0.2913704
4424,18,0,0.5770881
4425,26,1,0.80810326
4426,8,1,0.665951
4427,22,1,0.58288294
4428,18,1,0.79174244
4429,2,1,0.46426594
4430,5,1,0.79106176
4431,12,0,0.18063603
4432,25,1,0.6338397
4433,16,1,0.8362224
4434,7,1,0.63030094
4435,10,1,0.42746642
4436,5,0,0.09513635
4437,4,1,0.2557352
4438,8,1,0.72196996
4439,12,0,0.6053719
4440,8,0,0.59877115
4441,16,1,0.70736843
4442,6,0,0.39818564
4443,2,1,0.27681938
4444,25,1,0.23900115
4445,17,1,0.76433784
4446,25,1,0.5952545
4447,18,0,0.54432523
4448,13,1,0.8211835
4449,4,1,0.6352926
4450,15,0,0.24352923
4451,20,0,0.29209572
4452,1,1,0.6886034
4453,13,1,0.70122695
4454,9,0,0.15329748
4455,14,0,0.2452719
4456,0,1,0.3266088
4457,0,1,0.32527685
4458,15,0,0.25739136
4459,21,1,0.70574135
4460,23,0,0.74432707
4461,23,1,0.6171826
4462,25,1,0.69047576
4463,10,1,0.643822
4464,28,0,0.22397432
4465,23,0,0.34756678
4466,1,1,0.7223218
4467,4,1,0.74454105
4468,3,0,0.39417952
4469,28,1,0.40872803
4470,27,1,0.9829472
4471,4,1,0.9355244
4472,16,0,0.32544127
4473,22,1,0.7292786
4474,2,1,0.77719593
4475,4,0,0.28101513
4476,16,0,0.31955865
4477,1,0,0.59430844
4478,19,0,0.30450097
4479,19,1,0.9547215
4480,10,1,0.21123964
4481,27,0,0.51575875
4482,9,1,0.8904695
4483,20,0,0.6974997
4484,16,1,0.47814924
4485,9,1,0.67462605
4486,11,1,0.62826914
4487,5,1,0.89145875
4488,9,1,0.3199777
4489,8,0,0.4512538
4490,19,0,0.3554897
4491,13,1,0.6158571
4492,15,0,0.113691844
4493,6,1,0.44824207
4494,24,1,0.46653152
4495,24,0,0.26861644
4496,17,1,0.64237154
4497,22,1,0.7166546
4498,8,1,0.29734296
4499,4,0,0.55308443
4500,26,1,0.7360898
4501,27,0,0.29033574
4502,12,0,0.42131022
4503,13,0,0.16289192
4504,20,0,0.33578867
4505,16,0,0.8912321
4506,25,0,0.46119046
4507,16,0,0.6158163
4508,24,0,0.17530605
4509,2,1,0.22144449
4510,16,0,0.7169232
4511,1,0,0.56798947
4512,1,1,0.5665487
4513,27,0,0.44311032
4514,16,0,0.40346342
4515,17,0,0.6383074
4516,21,1,0.15690051
4517,2,1,0.4352773
4518,1,0,0.32135674
4519,14,0,0.38923648
4520,22,1,0.6663718
4521,3,0,0.20872647
4522,5,0,0.4532052
4523,11,0,0.3586575
4524,2,0,0.17390577
4525,8,0,0.32792568
4526,18,0,0.4802805
4527,8,1,0.8988509
4528,27,0,0.26619774
4529,24,1,0.8643048
4530,3,1,0.54058474
4531,20,0,0.17470363
4532,20,0,0.4181505
4533,17,0,0.4344329
4534,15,0,0.30945945
4535,20,1,0.85484457
4536,16,0,0.6010283
4537,7,1,0.44869807
4538,23,0,0.35641155
4539,8,0,0.48634756
4540,16,1,0.8381926
4541,18,0,0.1562165
4542,15,1,0.8330331
4543,9,1,0.63766867
4544,1,0,0.51060283
4545,12,1,0.6004572
4546,22,0,0.35923657
4547,1,0,0.3721104
4548,27,0,0.36450288
4549,8,1,0.4183166
4550,13,1,0.7739002
4551,17,0,0.6243555
4552,2,0,0.31580555
4553,13,1,0.34797558
4554,6,0,0.33000487
4555,15,0,0.2104299
4556,2,1,0.6791141
4557,18,0,0.117448315
4558,15,0,0.37893513
4559,8,1,0.65344864
4560,24,1,0.43044356
4561,7,1,0.37855706
4562,13,1,0.5168523
4563,8,1,0.70867944
4564,16,0,0.36413506
4565,28,0,0.14406969
4566,18,1,0.69315624
4567,1,1,0.7053389
4568,1,1,0.2785357
4569,5,1,0.6365837
4570,21,0,0.5636323
4571,25,0,0.35307112
4572,8,0,0.28146815
4573,2,1,0.75113547
4574,18,1,0.36059693
4575,18,0,0.19216086
4576,27,1,0.59051824
4577,17,0,0.35283104
4578,11,1,0.7606941
4579,19,0,0.5241996
4580,12,0,0.37860635
4581,8,1,0.67709064
4582,27,1,0.7285872
4583,7,0,0.21290909
4584,12,0,0.30978987
4585,10,0,0.07172807
4586,25,1,0.69005865
4587,7,1,0.8677061
4588,13,0,0.4386981
4589,21,1,0.6051506
4590,12,1,0.28957868
4591,25,0,0.30543828
4592,16,1,0.7372519
4593,25,1,0.3479159
4594,9,0,0.54058766
4595,2,0,0.6154198
4596,13,0,0.3873389
4597,15,1,0.70948136
4598,12,1,0.7525844
4599,8,0,0.35889623
4600,21,1,0.46637413
4601,12,0,0.20572008
4602,2,1,0.24723604
4603,24,1,0.778589
4604,13,0,0.2544873
4605,16,0,0.23774959
4606,6,0,0.58882606
4607,28,1,0.940101
4608,13,0,0.4924869
4609,19,0,0.30901474
4610,26,1,0.34435728
4611,6,1,0.58814436
4612,6,1,0.70977575
4613,11,0,0.210576
4614,26,0,0.30321392
4615,7,0,0.3463401
4616,16,0,0.36092854
4617,16,0,0.42009416
4618,21,0,0.37564066
4619,23,1,0.51352656
4620,12,1,0.64815474
4621,8,0,0.13135003
4622,2,1,0.6266226
4623,19,0,0.20898749
4624,8,0,0.57932246
4625,22,0,0.49399364
4626,8,1,0.22070466
4627,16,1,0.5315051
4628,13,0,0.534587
4629,2,0,0.4480491
4630,10,1,0.3534065
4631,20,1,0.7748251
4632,12,1,0.74627924
4633,6,1,0.43836483
4634,1,0,0.8040671
4635,12,0,0.5883408
4636,12,1,0.85844547
4637,25,1,0.5349762
4638,25,1,0.53758335
4639,13,1,0.4237901
4640,14,0,0.5644019
4641,25,1,0.6738764
4642,26,0,0.22024179
4643,18,0,0.37769493
4644,7,0,0.31118074
4645,25,0,0.262314
4646,11,0,0.24782404
4647,16,1,0.85050327
4648,28,1,0.5649162
4649,24,0,0.41871306
4650,15,0,0.81802833
4651,13,0,0.17423259
4652,10,1,0.7750281
4653,11,0,0.16388452
4654,8,1,0.9222971
4655,24,0,0.2740475
4656,16,1,0.7879683
4657,25,0,0.2829655
4658,19,0,0.23590448
4659,0,0,0.6160162
4660,25,1,0.4878779
4661,15,0,0.33616585
4662,22,0,0.55952567
4663,11,1,0.50947267
4664,17,1,0.6789134
4665,17,1,0.96824014
4666,15,0,0.3935399
4667,15,1,0.14731242
4668,23,0,0.64626944
4669,22,1,0.6370697
4670,2,1,0.86709625
4671,20,1,0.38918728
4672,2,0,0.41111502
4673,18,0,0.48534748
4674,2,1,0.6381128
4675,12,1,0.75251323
4676,4,0,0.61068565
4677,10,1,0.8876302
4678,20,0,0.8667298
4679,26,1,0.30800024
4680,20,0,0.35723028
4681,23,0,0.23169789
4682,8,1,0.58435386
4683,22,0,0.3570987
4684,15,1,0.6430378
4685,13,0,0.400342
4686,18,0,0.3082673
4687,17,0,0.2837583
4688,14,0,0.40960696
4689,11,0,0.43196702
4690,16,1,0.59642994
4691,18,0,0.066037685
4692,1,0,0.3694329
4693,9,0,0.35698605
4694,13,1,0.4026569
4695,24,1,0.36884663
4696,12,1,0.7478336
4697,4,0,0.30901065
4698,21,1,0.47188705
4699,13,0,0.44031507
4700,15,0,0.3795929
4701,15,0,0.36751676
4702,20,0,0.1984498
4703,27,1,0.296933
4704,9,0,0.4254306
4705,9,0,0.25704026
4706,1,1,0.8272678
4707,16,0,0.30345723
4708,24,1,0.64525133
4709,7,1,0.6755122
4710,3,1,0.3408063
4711,6,1,0.59156626
4712,12,0,0.37742293
4713,5,0,0.32172817
4714,26,1,0.65224266
4715,18,1,0.113917924
4716,26,0,0.33577818
4717,21,1,0.7338804
4718,12,1,0.33664787
4719,1,0,0.40641087
4720,0,1,0.29645482
4721,7,0,0.49823427
4722,26,1,0.8563607
4723,26,1,0.8969105
4724,17,0,0.542195
4725,18,1,0.56173044
4726,13,0,0.3518875
4727,8,0,0.22903274
4728,18,0,0.4405225
4729,13,0,0.5984632
4730,9,0,0.26115778
4731,25,1,0.42520002
4732,23,0,0.4263243
4733,16,1,0.90851504
4734,11,0,0.641143
4735,27,0,0.7457615
4736,17,1,0.8855685
4737,25,1,0.88035697
4738,16,0,0.16166387
4739,20,0,0.22048427
4740,23,0,0.24709551
4741,28,1,0.8884278
4742,15,1,0.582241
4743,9,1,0.86078846
4744,27,1,0.7408645
4745,21,1,0.75318944
4746,3,1,0.8586452
4747,17,0,0.24002811
4748,10,0,0.38182887
4749,11,0,0.19172585
4750,20,0,0.19324563
4751,22,0,0.20506237
4752,27,0,0.19739142
4753,4,0,0.6208268
4754,15,1,0.64162284
4755,10,1,0.56931347
4756,20,1,0.4839382
4757,2,0,0.50883687
4758,2,0,0.49022782
4759,16,0,0.50388575
4760,19,1,0.5393526
4761,24,1,0.58798265
4762,2,1,0.63724494
4763,1,1,0.9043465
4764,9,0,0.7251522
4765,1,0,0.6937171
4766,10,0,0.43315426
4767,11,0,0.5792363
4768,21,1,0.87991303
4769,8,0,0.62950504
4770,15,0,0.50658464
4771,13,1,0.6126901
4772,25,0,0.14219642
4773,15,1,0.3355717
4774,8,1,0.65592223
4775,4,1,0.49874324
4776,21,1,0.9508888
4777,15,0,0.36380383
4778,6,0,0.4782071
4779,14,0,0.3515963
4780,24,1,0.87715054
4781,8,0,0.37852317
4782,13,1,0.5459977
4783,16,1,0.47621265
4784,19,1,0.48037136
4785,2,0,0.75204164
4786,17,1,0.8611532
4787,21,1,0.56291986
4788,2,1,0.4847731
4789,20,0,0.1503189
4790,1,0,0.34857827
4791,9,0,0.3072377
4792,13,1,0.39569616
4793,21,1,0.5904824
4794,2,0,0.38853073
4795,16,1,0.5862307
4796,13,0,0.5295807
4797,20,1,0.8747543
4798,0,1,0.33147824
4799,22,1,0.43859985
4800,13,0,0.35974813
4801,5,0,0.26909867
4802,1,1,0.4502026
4803,16,1,0.6183797
4804,17,0,0.40652892
4805,8,0,0.42064098
4806,2,1,0.7959742
4807,11,1,0.45261398
4808,22,1,0.8022409
4809,12,0,0.35967743
4810,15,1,0.9115378
4811,16,1,0.6998298
4812,3,0,0.3720929
4813,2,1,0.70642734
4814,16,0,0.31555334
4815,10,1,0.31983504
4816,25,0,0.51699483
4817,12,0,0.17884642
4818,21,1,0.294961
4819,18,0,0.47280374
4820,23,1,0.7179337
4821,22,0,0.15434615
4822,11,0,0.8791367
4823,15,1,0.45222172
4824,10,0,0.48251748
4825,1,0,0.35701582
4826,20,1,0.59209454
4827,7,0,0.36670095
4828,17,1,0.2638918
4829,2,1,0.5779781
4830,7,1,0.8976133
4831,10,0,0.28253275
4832,12,0,0.31874606
4833,15,0,0.46980286
4834,16,0,0.27566952
4835,11,0,0.3534643
4836,2,1,0.67783743
4837,21,0,0.5768626
4838,16,0,0.21499452
4839,12,1,0.81861025
4840,4,1,0.8311373
4841,4,0,0.24667057
4842,10,0,0.716347
4843,12,0,0.08303035
4844,17,0,0.39887434
4845,25,1,0.45069566
4846,13,1,0.8717081
4847,13,0,0.37534335
4848,19,0,0.21640928
4849,15,1,0.33649194
4850,0,1,0.7710198
4851,28,1,0.74989796
4852,5,0,0.25995916
4853,16,1,0.4830379
4854,3,1,0.63907653
4855,25,0,0.59953254
4856,15,1,0.6994565
4857,0,1,0.3411665
4858,13,1,0.80255216
4859,16,0,0.1981458
4860,28,1,0.7639371
4861,10,1,0.40910628
4862,28,0,0.90130204
4863,16,0,0.39150095
4864,26,0,0.5435306
4865,16,1,0.4327079
4866,1,0,0.5817009
4867,16,1,0.83487576
4868,3,0,0.5691138
4869,19,1,0.8307033
4870,19,1,0.33267114
4871,18,0,0.2582338
4872,10,0,0.651959
4873,18,1,0.25231972
4874,8,0,0.21494474
4875,12,1,0.46726108
4876,1,1,0.822066
4877,4,1,0.643554
4878,28,0,0.3490514
4879,1,1,0.86779094
4880,25,1,0.68132967
4881,16,0,0.79552716
4882,8,1,0.6685735
4883,1,0,0.25555497
4884,28,1,0.65683985
4885,26,1,0.37348077
4886,21,1,0.36712474
4887,16,0,0.27322617
4888,7,0,0.19127108
4889,2,1,0.5249735
4890,12,0,0.47201058
4891,9,0,0.4447041
4892,16,0,0.24609838
4893,20,1,0.65420705
4894,14,0,0.20032698
4895,16,1,0.28818548
4896,4,1,0.5432801
4897,25,1,0.7407234
4898,9,0,0.468055
4899,16,1,0.6646127
4900,20,1,0.59485716
4901,11,0,0.4022934
4902,11,0,0.32443017
4903,16,0,0.55884475
4904,8,0,0.3652214
4905,25,1,0.3481331
4906,14,0,0.3816309
4907,17,1,0.8908154
4908,13,0,0.48798066
4909,12,1,0.6225412
4910,3,0,0.64115167
4911,2,1,0.6516621
4912,15,1,0.8118274
4913,12,1,0.43728378
4914,0,0,0.2839461
4915,26,1,0.8122138
4916,11,0,0.5186776
4917,27,0,0.25452137
4918,13,1,0.9351052
4919,4,1,0.87690324
4920,25,0,0.3040139
4921,10,1,0.94698554
4922,12,1,0.5841522
4923,28,1,0.76048857
4924,15,1,0.32670662
4925,13,0,0.35312396
4926,1,0,0.071303464
4927,7,0,0.16924025
4928,25,1,0.5441417
4929,13,1,0.77010953
4930,18,0,0.38052613
4931,14,1,0.5252272
4932,23,1,0.33952385
4933,5,1,0.51227057
4934,10,1,0.2824139
4935,14,0,0.75553864
4936,17,1,0.25281876
4937,28,1,0.6671222
4938,2,1,0.8164953
4939,2,0,0.312817
4940,15,0,0.41631678
4941,10,1,0.77682656
4942,12,1,0.6258003
4943,9,0,0.6454504
4944,2,0,0.16585052
4945,10,1,0.58798677
4946,16,0,0.3651124
4947,10,1,0.74601454
4948,20,1,0.3726367
4949,21,0,0.38335043
4950,2,0,0.23364787
4951,15,1,0.73307794
4952,13,0,0.7534042
4953,13,0,0.51995766
4954,8,1,0.5183583
4955,3,0,0.20654011
4956,2,0,0.43352014
4957,20,1,0.6016383
4958,13,1,0.4556726
4959,11,1,0.72505856
4960,14,1,0.88072574
4961,17,1,0.17594586
4962,3,0,0.3101899
4963,16,0,0.4079648
4964,2,0,0.16770726
4965,21,0,0.6081315
4966,8,1,0.5935006
4967,1,0,0.32741332
4968,16,1,0.9279692
4969,2,1,0.6099833
4970,10,0,0.37922916
4971,1,0,0.18537913
4972,8,0,0.57832855
4973,6,0,0.20472355
4974,2,0,0.66655266
4975,26,1,0.47719154
4976,2,0,0.34624627
4977,6,1,0.42281353
4978,6,1,0.7433151
4979,8,0,0.27622107
4980,16,1,0.63846993
4981,1,0,0.27948222
4982,16,0,0.48219785
4983,11,1,0.8710181
4984,0,1,0.62835777
4985,11,0,0.2390998
4986,18,0,0.26726574
4987,21,1,0.68969357
4988,14,0,0.34477922
4989,1,0,0.21716617
4990,17,0,0.52598464
4991,13,0,0.3846913
4992,10,0,0.6694536
4993,1,1,0.48089537
4994,2,1,0.45198196
4995,21,0,0.39532244
4996,17,1,0.25253823
4997,19,0,0.6059413
4998,20,1,0.78081256
4999,13,1,0.5137863
5000,8,0,0.10625998
5001,6,1,0.41703853
5002,9,0,0.65856576
5003,22,1,0.93205696
5004,19,1,0.7913084
5005,3,1,0.6312077
5006,23,1,0.34449956
5007,13,1,0.9105053
5008,1,0,0.14294168
5009,25,0,0.7738962
5010,0,0,0.15787894
5011,7,0,0.14949028
5012,13,1,0.45165494
5013,25,0,0.4442927
5014,25,1,0.77731115
5015,6,1,0.67026925
5016,11,0,0.44076326
5017,2,1,0.84644
5018,9,1,0.55196786
5019,20,1,0.8687902
5020,12,1,0.59607714
5021,14,1,0.6111152
5022,17,0,0.65551734
5023,8,0,0.504716
5024,21,1,0.64302737
5025,20,0,0.24606125
5026,11,1,0.92404234
5027,8,1,0.51316696
5028,15,1,0.46159828
5029,28,0,0.21883406
5030,10,1,0.85271937
5031,24,0,0.19247834
5032,23,1,0.75878704
5033,16,1,0.7666392
5034,11,0,0.35426697
5035,1,0,0.624775
5036,2,1,0.5610235
5037,2,1,0.8363461
5038,2,0,0.7941132
5039,23,1,0.75942105
5040,1,0,0.49913454
5041,11,1,0.5223995
5042,16,0,0.4661581
5043,13,1,0.45627865
5044,9,1,0.699318
5045,5,0,0.29642272
5046,12,0,0.544119
5047,2,1,0.8376915
5048,20,0,0.34882876
5049,9,0,0.3040676
5050,23,0,0.5511872
5051,9,0,0.307734
5052,25,0,0.5698719
5053,16,0,0.314573
5054,26,1,0.32577354
5055,8,0,0.394929
5056,2,1,0.49354658
5057,25,0,0.34426168
5058,19,0,0.30126265
5059,27,0,0.40776142
5060,25,1,0.8784939
5061,10,0,0.19466916
5062,12,1,0.93783367
5063,16,0,0.2892317
5064,25,0,0.37656745
5065,9,0,0.4397087
5066,27,1,0.7766875
5067,10,1,0.5197912
5068,26,0,0.44501638
5069,18,1,0.8012424
5070,8,0,0.25903714
5071,9,1,0.9201557
5072,6,1,0.35041112
5073,10,0,0.4413919
5074,28,1,0.8423944
5075,8,1,0.70718324
5076,12,0,0.49284747
5077,8,1,0.51190835
5078,1,0,0.44397455
5079,28,1,0.41863278
5080,25,0,0.44001538
5081,9,0,0.22001374
5082,20,1,0.77286774
5083,10,1,0.21520385
5084,25,0,0.55748963
5085,9,0,0.27441815
5086,1,0,0.20285167
5087,9,1,0.36857736
5088,21,0,0.43447414
5089,16,0,0.60338575
5090,27,1,0.7898073
5091,12,1,0.44395286
5092,10,1,0.7967644
5093,21,0,0.36330974
5094,21,1,0.7730279
5095,10,1,0.66188943
5096,1,0,0.2792998
5097,2,0,0.5364944
5098,13,0,0.47890842
5099,27,0,0.29868934
5100,28,1,0.9026529
5101,1,1,0.8647779
5102,19,1,0.5268226
5103,13,1,0.47346744
5104,21,0,0.53507197
5105,2,1,0.69411564
5106,13,1,0.7636018
5107,2,0,0.37965804
5108,19,1,0.7295854
5109,26,1,0.50586206
5110,2,0,0.25385144
5111,28,1,0.72923154
5112,16,1,0.6947779
5113,8,1,0.5797665
5114,27,1,0.38205117
5115,15,0,0.50597495
5116,25,1,0.8000557
5117,27,0,0.3129879
5118,2,1,0.24325106
5119,2,1,0.94102985
5120,12,1,0.7586435
5121,16,0,0.32651985
5122,22,0,0.18708624
5123,27,0,0.34055308
5124,11,1,0.32415783
5125,12,1,0.36621684
5126,15,1,0.5613514
5127,13,0,0.46723646
5128,8,1,0.41583633
5129,28,1,0.2941965
5130,21,0,0.3143942
5131,5,1,0.9741107
5132,19,1,0.2733381
5133,23,0,0.49407193
5134,15,0,0.65691227
5135,25,0,0.37177786
5136,26,1,0.8610065
5137,11,1,0.8584887
5138,17,0,0.2647732
5139,11,0,0.5121272
5140,11,1,0.5207872
5141,1,0,0.36258534
5142,7,0,0.4213029
5143,24,0,0.38835934
5144,22,0,0.30208755
5145,8,1,0.54459393
5146,10,1,0.74532753
5147,12,0,0.62837166
5148,23,1,0.51553684
5149,8,1,0.34983075
5150,13,0,0.35143515
5151,17,1,0.39040408
5152,0,0,0.39088354
5153,0,1,0.8807923
5154,13,1,0.47955516
5155,2,1,0.84077215
5156,20,0,0.38332558
5157,13,0,0.19850455
5158,26,0,0.16962796
5159,17,0,0.25882608
5160,21,1,0.56390405
5161,23,1,0.7388081
5162,10,0,0.37851137
5163,8,1,0.7390808
5164,19,0,0.39962354
5165,8,0,0.62824446
5166,14,1,0.6127192
5167,14,1,0.7726127
5168,2,1,0.86246276
5169,1,0,0.725744
5170,2,1,0.35149157
5171,16,1,0.8099015
5172,13,1,0.22094277
5173,16,1,0.41660392
5174,4,0,0.6547091
5175,8,1,0.6699428
5176,28,0,0.18697216
5177,22,0,0.3928023
5178,13,1,0.6869375
5179,25,0,0.32864487
5180,10,1,0.40501228
5181,3,1,0.8294033
5182,2,0,0.44936743
5183,17,1,0.80438423
5184,19,0,0.21520868
5185,7,1,0.547505
5186,25,0,0.46878603
5187,9,0,0.41352254
5188,1,0,0.49072635
5189,13,0,0.38209867
5190,28,1,0.4190371
5191,10,1,0.41139656
5192,16,0,0.48325217
5193,6,0,0.22899498
5194,7,1,0.8145457
5195,10,0,0.158371
5196,10,1,0.81928664
5197,2,1,0.5637073
5198,15,0,0.66715115
5199,11,0,0.22831912
5200,14,0,0.38414922
5201,12,1,0.76292574
5202,11,0,0.57402366
5203,11,1,0.2627309
5204,10,1,0.6547793
5205,8,0,0.33388415
5206,19,1,0.76416516
5207,2,1,0.7398009
5208,20,1,0.8485072
5209,11,0,0.35300496
5210,21,0,0.4603261
5211,26,1,0.5841485
5212,26,1,0.9330538
5213,11,1,0.47026992
5214,6,1,0.86797
5215,7,0,0.50544584
5216,25,0,0.4294026
5217,16,1,0.57607985
5218,9,1,0.6456629
5219,9,1,0.8047892
5220,13,0,0.56830984
5221,15,1,0.5628963
5222,12,0,0.20262451
5223,6,1,0.5438269
5224,13,0,0.28915927
5225,14,1,0.422727
5226,25,1,0.59868115
5227,8,1,0.7182285
5228,12,0,0.053146474
5229,19,1,0.5949331
5230,11,0,0.7690935
5231,16,0,0.22641134
5232,18,1,0.8067838
5233,15,0,0.45726657
5234,9,0,0.33348066
5235,25,0,0.3434397
5236,4,0,0.36570212
5237,11,1,0.8119375
5238,18,0,0.6195908
5239,25,0,0.5590262
5240,15,1,0.8605094
5241,4,1,0.3257938
5242,22,0,0.6370764
5243,23,1,0.49874514
5244,1,0,0.47904748
5245,17,0,0.3849603
5246,17,1,0.38722423
5247,17,1,0.64352995
5248,21,0,0.34195787
5249,3,0,0.5158781
5250,6,0,0.24896745
5251,8,1,0.53872156
5252,16,0,0.3061301
5253,1,1,0.73847574
5254,25,0,0.42075586
5255,23,0,0.2997136
5256,2,0,0.273878
5257,12,1,0.89134175
5258,13,1,0.46199247
5259,19,0,0.3654607
5260,0,0,0.24724157
5261,27,0,0.24487747
5262,17,1,0.8800049
5263,22,1,0.9061557
5264,25,0,0.47038975
5265,16,0,0.3074418
5266,26,1,0.52832633
5267,9,0,0.7044519
5268,2,0,0.09549762
5269,11,0,0.48902985
5270,2,0,0.23406869
5271,13,1,0.80157906
5272,13,0,0.49212903
5273,13,1,0.3649348
5274,2,0,0.49080044
5275,10,0,0.60147095
5276,22,0,0.2567334
5277,13,1,0.77045304
5278,22,0,0.39474744
5279,11,1,0.47160178
5280,11,0,0.3922319
5281,11,1,0.748246
5282,9,0,0.38971472
5283,20,0,0.38913438
5284,8,0,0.25911954
5285,14,1,0.29264456
5286,18,1,0.24459293
5287,25,1,0.30244175
5288,10,1,0.6008678
5289,25,1,0.79154074
5290,7,1,0.36041853
5291,2,1,0.7196351
5292,26,1,0.41399497
5293,17,0,0.29138222
5294,17,1,0.82162344
5295,11,1,0.47198933
5296,17,0,0.2508916
5297,3,1,0.50538486
5298,14,0,0.687553
5299,12,1,0.30562425
5300,17,1,0.35526806
5301,7,0,0.23493733
5302,16,0,0.2290159
5303,18,0,0.38509238
5304,15,1,0.41909474
5305,1,0,0.31537074
5306,15,0,0.5897862
5307,2,1,0.44669792
5308,16,1,0.7821371
5309,24,0,0.3490323
5310,13,1,0.9426273
5311,27,0,0.45711505
5312,28,1,0.5253926
5313,22,1,0.60961205
5314,5,1,0.5099496
5315,1,1,0.95530874
5316,1,0,0.25134134
5317,12,0,0.4097171
5318,1,1,0.20786984
5319,11,0,0.2219054
5320,18,1,0.48328713
5321,17,0,0.49215195
5322,0,0,0.55861235
5323,8,1,0.5138854
5324,14,0,0.3248123
5325,21,0,0.12841912
5326,18,0,0.3417519
5327,8,1,0.29401943
5328,12,0,0.81771874
5329,7,0,0.2391239
5330,26,1,0.5603606
5331,26,1,0.46355703
5332,3,1,0.48574916
5333,13,0,0.46627998
5334,11,1,0.36041522
5335,20,0,0.67116874
5336,12,0,0.5258374
5337,14,1,0.81285787
5338,4,0,0.47819817
5339,11,1,0.48264524
5340,24,1,0.6238706
5341,8,1,0.79889727
5342,15,0,0.190209
5343,13,1,0.51530814
5344,27,1,0.4480519
5345,8,1,0.74084365
5346,22,1,0.8715465
5347,2,0,0.5658444
5348,2,1,0.8460121
5349,4,0,0.35168815
5350,2,0,0.16829978
5351,4,1,0.50373966
5352,22,0,0.52473015
5353,1,1,0.36294
5354,2,1,0.7087123
5355,8,0,0.16652696
5356,12,0,0.69505435
5357,1,0,0.095434986
5358,27,1,0.7969535
5359,2,0,0.38199225
5360,15,0,0.35483
5361,16,0,0.6984644
5362,11,0,0.3611316
5363,9,0,0.45014027
5364,2,0,0.16080484
5365,19,1,0.6572252
5366,27,1,0.30395332
5367,17,1,0.89747614
5368,14,0,0.23322675
5369,26,0,0.52424365
5370,16,1,0.811345
5371,13,1,0.757606
5372,16,0,0.24352567
5373,10,0,0.6662825
5374,23,0,0.5697081
5375,21,1,0.98480487
5376,12,1,0.32470858
5377,0,0,0.4253728
5378,15,1,0.4403943
5379,22,0,0.29993963
5380,22,0,0.5330098
5381,22,1,0.74948883
5382,7,0,0.44011018
5383,25,1,0.71829635
5384,8,0,0.41671476
5385,17,0,0.65773433
5386,3,0,0.46003422
5387,6,0,0.6705551
5388,25,1,0.5838946
5389,10,0,0.16350892
5390,3,1,0.42402694
5391,9,1,0.6309481
5392,15,1,0.65072715
5393,3,0,0.630686
5394,16,1,0.9067008
5395,13,1,0.683648
5396,15,0,0.2652702
5397,17,0,0.17022333
5398,2,1,0.66427946
5399,26,1,0.27535266
5400,7,0,0.48167062
5401,7,1,0.8419379
5402,15,0,0.11140471
5403,24,1,0.6509595
5404,20,1,0.31712627
5405,2,1,0.47274157
5406,22,1,0.7067028
5407,20,1,0.85623956
5408,18,0,0.353279
5409,22,0,0.23020498
5410,26,1,0.42173985
5411,12,1,0.7090055
5412,6,1,0.6810298
5413,20,1,0.8377577
5414,20,1,0.40855396
5415,16,1,0.5904062
5416,12,0,0.3086552
5417,10,1,0.46647102
5418,13,1,0.9164211
5419,27,1,0.32263607
5420,15,0,0.8211658
5421,1,1,0.55216277
5422,22,1,0.79774517
5423,16,1,0.62664807
5424,9,0,0.26925388
5425,6,0,0.14806192
5426,17,0,0.30384716
5427,6,0,0.26503953
5428,22,0,0.72754925
5429,15,1,0.85862356
5430,11,0,0.39244035
5431,27,0,0.43315524
5432,5,1,0.5289219
5433,11,0,0.25658637
5434,2,1,0.74590385
5435,11,0,0.22001849
5436,18,0,0.8614278
5437,27,1,0.9683732
5438,4,1,0.76640356
5439,13,0,0.24481064
5440,18,0,0.49613106
5441,3,0,0.3627096
5442,16,0,0.7052088
5443,2,1,0.2089534
5444,13,0,0.4680457
5445,16,0,0.35770792
5446,28,1,0.37412855
5447,13,0,0.657029
5448,16,0,0.4352211
5449,0,0,0.39457747
5450,16,1,0.63653874
5451,27,1,0.61117584
5452,28,1,0.46118814
5453,28,1,0.76473206
5454,13,1,0.75822437
5455,7,0,0.5307995
5456,23,0,0.22571476
5457,16,1,0.73521245
5458,9,0,0.18357264
5459,15,0,0.30015582
5460,10,1,0.5840941
5461,11,0,0.3055549
5462,2,1,0.8010966
5463,12,1,0.65686935
5464,8,1,0.5987899
5465,13,0,0.2716744
5466,28,0,0.46487156
5467,25,1,0.5338056
5468,10,1,0.42689613
5469,9,0,0.41183653
5470,1,0,0.63664645
5471,3,0,0.48482898
5472,15,1,0.52772665
5473,28,0,0.2964211
5474,8,0,0.14732143
5475,8,1,0.22116846
5476,3,1,0.70471597
5477,24,1,0.6829477
5478,1,1,0.4248621
5479,26,0,0.46012405
5480,8,1,0.4405117
5481,7,1,0.4363943
5482,13,1,0.6930845
5483,20,0,0.1528582
5484,3,0,0.5679606
5485,17,0,0.80788225
5486,8,1,0.5413497
5487,9,0,0.86183095
5488,15,0,0.21660018
5489,16,0,0.25386584
5490,3,1,0.4806465
5491,28,0,0.5806338
5492,18,0,0.38769865
5493,3,1,0.6953085
5494,23,1,0.91342574
5495,13,1,0.26910892
5496,25,1,0.69445455
5497,8,1,0.8761331
5498,13,0,0.24816217
5499,5,1,0.4771481
5500,7,0,0.29162425
5501,20,1,0.60822445
5502,23,0,0.31901878
5503,26,1,0.4040482
5504,27,1,0.7947778
5505,26,0,0.630323
5506,26,1,0.8847462
5507,25,1,0.23601735
5508,20,1,0.70759606
5509,15,0,0.37794113
5510,16,1,0.62280864
5511,19,0,0.33355564
5512,20,1,0.89774615
5513,17,0,0.23185578
5514,16,0,0.466404
5515,7,0,0.28824914
5516,13,0,0.31414893
5517,15,1,0.6716089
5518,13,1,0.36985686
5519,1,0,0.4642047
5520,24,0,0.29022717
5521,7,0,0.24688265
5522,16,0,0.74857193
5523,17,1,0.8766013
5524,13,1,0.8682608
5525,10,0,0.4935998
5526,10,0,0.62350243
5527,12,1,0.90726286
5528,18,0,0.71411324
5529,27,1,0.7171627
5530,25,0,0.17231101
5531,16,1,0.41482362
5532,6,0,0.43379954
5533,3,0,0.22534765
5534,2,1,0.652493
5535,22,0,0.7137433
5536,25,0,0.649872
5537,22,1,0.46823394
5538,26,1,0.66170305
5539,3,1,0.656646
5540,8,0,0.7332237
5541,7,1,0.9305241
5542,9,0,0.33499038
5543,8,0,0.24123335
5544,16,0,0.7484698
5545,14,1,0.7052905
5546,28,1,0.385854
5547,2,1,0.5475177
5548,26,1,0.9062828
5549,21,1,0.4357363
5550,19,1,0.5119715
5551,7,1,0.67927253
5552,5,1,0.461862
5553,2,0,0.34003854
5554,23,0,0.5544189
5555,2,1,0.94957036
5556,8,0,0.3735255
5557,5,0,0.16350752
5558,2,0,0.34317482
5559,2,1,0.43214625
5560,2,0,0.46719792
5561,7,0,0.105500445
5562,14,1,0.47700217
5563,12,1,0.72139305
5564,13,0,0.47701564
5565,2,1,0.52291983
5566,26,1,0.51078004
5567,24,1,0.47390625
5568,16,1,0.47216958
5569,13,0,0.20539267
5570,27,1,0.48783943
5571,14,0,0.10374027
5572,19,1,0.7331887
5573,8,1,0.29689696
5574,2,0,0.44656825
5575,13,1,0.32349554
5576,3,1,0.72451663
5577,15,0,0.5117682
5578,1,0,0.240665
5579,22,0,0.43772402
5580,10,1,0.2436648
5581,11,0,0.49807435
5582,17,1,0.5255194
5583,15,0,0.46944275
5584,16,1,0.5332078
5585,9,1,0.40015692
5586,25,0,0.3126627
5587,13,0,0.3917963
5588,19,0,0.3599682
5589,11,1,0.93464196
5590,12,0,0.2209429
5591,13,1,0.37551075
5592,19,0,0.74560577
5593,20,1,0.62565637
5594,0,1,0.65133214
5595,8,1,0.8625341
5596,5,0,0.3770985
5597,8,1,0.92347604
5598,10,1,0.6337783
5599,10,0,0.4954694
5600,11,1,0.6891624
5601,14,1,0.5500584
5602,1,1,0.7650313
5603,16,0,0.1388517
5604,6,0,0.17412305
5605,14,1,0.65424615
5606,3,0,0.31615874
5607,26,0,0.20438504
5608,8,0,0.44665214
5609,4,0,0.49711826
5610,20,1,0.5973735
5611,15,0,0.17193314
5612,6,0,0.5400889
5613,15,1,0.71151155
5614,13,1,0.64341474
5615,18,1,0.7765721
5616,5,0,0.22297964
5617,15,0,0.31284922
5618,4,0,0.21760681
5619,12,1,0.41409075
5620,28,0,0.7734211
5621,18,0,0.44311914
5622,12,0,0.4296041
5623,27,0,0.3046229
5624,9,1,0.18279463
5625,10,0,0.66649157
5626,16,1,0.5220794
5627,9,1,0.8522999
5628,23,1,0.20576571
5629,19,0,0.74674433
5630,17,0,0.46950445
5631,6,1,0.5231917
5632,23,0,0.7115732
5633,15,0,0.730259
5634,12,0,0.23112403
5635,3,0,0.4434362
5636,26,0,0.30253413
5637,13,1,0.8599265
5638,8,1,0.47222692
5639,8,1,0.2797346
5640,3,1,0.75052345
5641,13,0,0.30795348
5642,14,0,0.35368454
5643,2,1,0.74136794
5644,14,1,0.19961482
5645,11,1,0.71812755
5646,11,0,0.4052001
5647,27,1,0.7585543
5648,2,0,0.4357082
5649,8,0,0.17871587
5650,24,1,0.6497083
5651,25,0,0.22052558
5652,11,1,0.47256845
5653,28,1,0.81294495
5654,22,0,0.1750231
5655,3,0,0.25861686
5656,19,1,0.49982518
5657,20,0,0.5447721
5658,20,1,0.62813777
5659,18,0,0.51337403
5660,8,1,0.9162981
5661,16,1,0.72145766
5662,11,1,0.37041298
5663,2,1,0.38997534
5664,17,1,0.71035326
5665,15,1,0.6034493
5666,13,1,0.7850267
5667,10,1,0.32250005
5668,6,1,0.61145395
5669,5,0,0.21194924
5670,22,0,0.6527199
5671,2,1,0.6394621
5672,8,1,0.8753366
5673,7,0,0.3900802
5674,13,0,0.6225288
5675,2,0,0.31101406
5676,10,0,0.48331854
5677,10,1,0.8929342
5678,10,0,0.18894264
5679,15,1,0.3547803
5680,12,0,0.7183787
5681,14,1,0.58279973
5682,24,1,0.6836207
5683,8,0,0.40217423
5684,25,1,0.5446348
5685,5,0,0.3333002
5686,10,1,0.5066692
5687,2,1,0.74283916
5688,8,0,0.42981344
5689,25,0,0.3634817
5690,12,0,0.34067377
5691,10,0,0.29340655
5692,15,0,0.42322642
5693,18,1,0.44442654
5694,18,1,0.6066812
5695,16,1,0.41576517
5696,17,0,0.43357912
5697,13,0,0.43677345
5698,12,0,0.42970288
5699,15,1,0.5897937
5700,28,1,0.70832354
5701,1,1,0.5815587
5702,7,0,0.13825029
5703,17,0,0.16959588
5704,1,1,0.37326992
5705,8,0,0.43990085
5706,3,0,0.3479228
5707,16,1,0.91856086
5708,11,0,0.31818
5709,24,0,0.28105327
5710,7,0,0.5183807
5711,28,0,0.4310859
5712,20,0,0.60084254
5713,21,0,0.20997474
5714,2,0,0.53566724
5715,1,0,0.47034368
5716,18,1,0.3556894
5717,14,0,0.14610036
5718,27,1,0.8257541
5719,26,1,0.6499082
5720,18,1,0.6101558
5721,8,0,0.2679953
5722,28,1,0.557346
5723,13,1,0.6598841
5724,12,1,0.8015
5725,11,0,0.37422064
5726,13,1,0.4713121
5727,18,1,0.61750984
5728,25,1,0.4694888
5729,6,1,0.9410607
5730,15,0,0.31350532
5731,15,0,0.14066432
5732,10,1,0.8763921
5733,16,0,0.67488414
5734,16,1,0.65206116
5735,26,1,0.70702994
5736,9,0,0.42146215
5737,25,0,0.15619323
5738,15,0,0.25799033
5739,12,0,0.22529367
5740,15,1,0.67668056
5741,14,0,0.20507613
5742,24,1,0.6763849
5743,11,0,0.14913978
5744,8,1,0.6022686
5745,16,0,0.32038352
5746,27,0,0.31489956
5747,15,0,0.23674665
5748,22,0,0.60474205
5749,12,0,0.17966306
5750,7,0,0.1973447
5751,20,1,0.51019144
5752,8,1,0.6909714
5753,0,1,0.685121
5754,12,1,0.3584091
5755,2,1,0.9214389
5756,8,0,0.23546468
5757,17,1,0.6307654
5758,18,1,0.87190956
5759,10,1,0.46239462
5760,14,1,0.4691503
5761,12,1,0.17542867
5762,26,0,0.22652929
5763,23,0,0.6152721
5764,15,1,0.2101623
5765,10,1,0.359733
5766,13,0,0.3354115
5767,6,0,0.23537253
5768,20,0,0.19146474
5769,25,0,0.50661033
5770,14,0,0.5191662
5771,7,0,0.51588845
5772,16,1,0.28687212
5773,15,1,0.34229922
5774,1,1,0.8188933
5775,25,0,0.45544216
5776,4,0,0.040965416
5777,11,1,0.4157717
5778,18,1,0.7174791
5779,21,0,0.60159767
5780,22,1,0.4671391
5781,11,1,0.5212356
5782,2,0,0.08252672
5783,28,1,0.6550544
5784,20,1,0.4174115
5785,1,1,0.7264569
5786,22,1,0.8387993
5787,8,1,0.70216024
5788,19,1,0.36580923
5789,28,0,0.55865103
5790,1,0,0.25066257
5791,14,1,0.5919446
5792,1,1,0.4585035
5793,15,1,0.28430304
5794,2,0,0.023980828
5795,13,0,0.7296975
5796,14,1,0.67086494
5797,17,1,0.70294565
5798,2,1,0.840597
5799,10,1,0.48800752
5800,24,1,0.4484985
5801,28,1,0.56931114
5802,5,0,0.18216167
5803,19,0,0.35513422
5804,18,1,0.21572176
5805,24,1,0.94752324
5806,8,1,0.5445502
5807,7,1,0.67602915
5808,26,0,0.65981424
5809,15,0,0.17379747
5810,19,0,0.38849306
5811,13,0,0.90454006
5812,16,1,0.92475724
5813,7,0,0.70047134
5814,2,1,0.8427581
5815,2,1,0.84748924
5816,15,1,0.5893547
5817,23,1,0.85003287
5818,17,0,0.4441596
5819,24,1,0.7360657
5820,13,1,0.6110654
5821,7,0,0.5687368
5822,13,1,0.5255622
5823,10,1,0.6319224
5824,2,0,0.23568662
5825,18,1,0.68854475
5826,20,0,0.8513561
5827,15,0,0.47783747
5828,0,0,0.7065276
5829,6,0,0.23222804
5830,6,0,0.20246108
5831,15,0,0.27826935
5832,10,0,0.4367112
5833,13,0,0.5689987
5834,13,1,0.57472706
5835,15,0,0.5513192
5836,3,0,0.036175516
5837,2,0,0.13791364
5838,7,0,0.19546422
5839,0,0,0.46403405
5840,23,0,0.83166254
5841,13,1,0.23402977
5842,11,0,0.39028755
5843,8,1,0.43792653
5844,26,0,0.40331763
5845,12,1,0.57061756
5846,2,1,0.67797834
5847,3,1,0.47143146
5848,16,0,0.1983539
5849,11,0,0.3959747
5850,10,1,0.09535876
5851,3,0,0.5187397
5852,27,0,0.0402005
5853,25,0,0.33742663
5854,8,1,0.53284943
5855,0,0,0.5402681
5856,7,1,0.96196467
5857,15,0,0.59915274
5858,2,1,0.9564969
5859,16,1,0.25328133
5860,22,0,0.515397
5861,9,1,0.20851776
5862,1,1,0.7763543
5863,22,0,0.55993015
5864,6,0,0.37247893
5865,15,1,0.67782176
5866,25,1,0.6235409
5867,2,1,0.4293406
5868,18,1,0.6271082
5869,16,0,0.45196962
5870,20,0,0.35136154
5871,12,0,0.24568374
5872,15,0,0.4029918
5873,19,1,0.31016323
5874,16,0,0.68643916
5875,20,1,0.6169775
5876,12,1,0.7210816
5877,25,0,0.1615859
5878,22,1,0.8636147
5879,8,0,0.7651872
5880,26,0,0.44122046
5881,28,0,0.3070129
5882,22,0,0.35308486
5883,26,1,0.46841508
5884,20,1,0.80103576
5885,8,0,0.35070083
5886,12,1,0.7610169
5887,13,1,0.91063404
5888,10,0,0.29399613
5889,20,1,0.75623745
5890,10,0,0.4169246
5891,7,0,0.18090907
5892,19,1,0.21936959
5893,19,1,0.83823675
5894,1,0,0.49993837
5895,8,1,0.5483216
5896,17,1,0.7137012
5897,2,1,0.7810422
5898,25,1,0.09170275
5899,10,0,0.5276987
5900,16,1,0.8802858
5901,8,0,0.38862452
5902,0,0,0.22943771
5903,6,0,0.44624192
5904,0,1,0.30597135
5905,22,0,0.5302335
5906,25,1,0.36336705
5907,3,0,0.4652626
5908,20,0,0.27757657
5909,11,1,0.5279044
5910,26,0,0.66547024
5911,11,1,0.6267344
5912,23,0,0.38478124
5913,12,1,0.77544254
5914,2,1,0.67993194
5915,26,0,0.37374514
5916,25,1,0.9071586
5917,15,1,0.701462
5918,7,1,0.5563062
5919,0,1,0.3702386
5920,10,0,0.17116366
5921,2,1,0.3570906
5922,14,0,0.12595926
5923,22,0,0.7433912
5924,23,0,0.2162049
5925,7,1,0.3406616
5926,16,0,0.08656472
5927,2,1,0.5628224
5928,17,0,0.4881157
5929,20,0,0.40035722
5930,26,0,0.3282172
5931,22,1,0.45217198
5932,8,0,0.60636127
5933,14,0,0.20998171
5934,19,1,0.71432245
5935,10,1,0.78506935
5936,12,0,0.4850197
5937,3,1,0.9543772
5938,16,1,0.6342513
5939,26,1,0.16844296
5940,15,1,0.6690749
5941,24,0,0.31023037
5942,1,0,0.5667756
5943,6,1,0.83934224
5944,14,0,0.38526404
5945,4,1,0.8596496
5946,8,1,0.76445454
5947,21,0,0.23904322
5948,8,0,0.73765314
5949,3,0,0.56787765
5950,13,1,0.8043378
5951,1,0,0.22874697
5952,12,1,0.45077533
5953,17,1,0.9020449
5954,19,1,0.5269375
5955,5,1,0.7280188
5956,3,1,0.8716098
5957,13,1,0.66233104
5958,6,1,0.5678596
5959,1,0,0.56611913
5960,10,0,0.4794093
5961,2,1,0.8565585
5962,14,0,0.5373227
5963,16,1,0.62910205
5964,16,1,0.42372563
5965,8,0,0.18388298
5966,16,0,0.31694937
5967,12,0,0.3656642
5968,15,0,0.3419183
5969,26,1,0.33695886
5970,0,0,0.16955137
5971,6,0,0.4992879
5972,15,1,0.8112392
5973,1,1,0.8381152
5974,19,1,0.2764385
5975,2,1,0.473228
5976,20,0,0.45922637
5977,15,0,0.2957594
5978,11,1,0.51948607
5979,12,0,0.3173386
5980,10,0,0.24855217
5981,25,1,0.7447573
5982,5,0,0.16383994
5983,13,0,0.19442472
5984,4,0,0.7507648
5985,25,0,0.46719477
5986,17,1,0.4805325
5987,27,0,0.4324579
5988,24,0,0.42849687
5989,24,1,0.59101385
5990,19,1,0.11119727
5991,6,0,0.41524902
5992,19,0,0.43974
5993,13,0,0.34482142
5994,2,0,0.23412743
5995,22,1,0.6201108
5996,20,1,0.84556216
5997,10,1,0.7664783
5998,16,0,0.7481849
5999,16,0,0.38928533
6000,15,1,0.7233549
6001,18,1,0.90008706
6002,13,1,0.8708747
6003,14,1,0.6944135
6004,26,1,0.82351786
6005,1,0,0.35598552
6006,1,1,0.9616667
6007,8,1,0.88980293
6008,26,1,0.94321203
6009,26,1,0.929508
6010,11,1,0.58651966
6011,16,0,0.42521614
6012,20,1,0.96279836
6013,21,1,0.72905964
6014,4,0,0.35030675
6015,26,0,0.4812972
6016,11,1,0.5530761
6017,1,1,0.755602
6018,11,1,0.23938589
6019,8,0,0.4040261
6020,20,0,0.25543746
6021,6,1,0.64293164
6022,10,0,0.41532952
6023,16,1,0.6969558
6024,20,0,0.46163857
6025,9,0,0.3054942
6026,8,0,0.35855266
6027,12,0,0.5119418
6028,11,1,0.9610117
6029,13,1,0.75816697
6030,3,0,0.5232242
6031,11,1,0.6247433
6032,12,1,0.6816925
6033,27,0,0.17214556
6034,26,1,0.42322546
6035,22,0,0.44519475
6036,25,0,0.3882871
6037,18,1,0.30470586
6038,8,1,0.66471475
6039,2,0,0.4147772
6040,26,1,0.22170027
6041,12,1,0.60780346
6042,2,1,0.1897017
6043,5,0,0.26350942
6044,8,1,0.85121155
6045,6,1,0.37941253
6046,11,0,0.37859154
6047,26,0,0.294961
6048,15,1,0.8286888
6049,8,1,0.5997775
6050,18,1,0.3421899
6051,16,0,0.32178676
6052,20,0,0.27160394
6053,1,0,0.3365029
6054,16,1,0.71262455
6055,22,0,0.3258368
6056,12,0,0.71205944
6057,27,1,0.4464086
6058,18,1,0.6811622
6059,19,1,0.9450689
6060,0,0,0.50952554
6061,12,1,0.8139685
6062,28,1,0.45182145
6063,17,1,0.87559855
6064,12,1,0.6172587
6065,11,0,0.22203852
6066,13,1,0.7963253
6067,11,0,0.59502554
6068,22,1,0.5135491
6069,16,0,0.27311036
6070,8,1,0.42965007
6071,17,0,0.8151955
6072,15,1,0.62895656
6073,17,1,0.85264736
6074,13,1,0.52165246
6075,10,0,0.44949415
6076,20,0,0.4541971
6077,1,0,0.28618097
6078,17,1,0.47794175
6079,15,1,0.94310683
6080,19,1,0.6310412
6081,16,0,0.20963296
6082,12,1,0.9884694
6083,17,0,0.2566463
6084,8,1,0.90281546
6085,13,0,0.3452893
6086,2,1,0.5263918
6087,13,0,0.31933323
6088,10,0,0.6278131
6089,27,0,0.33972648
6090,25,1,0.66823184
6091,23,0,0.64160794
6092,25,0,0.5441773
6093,25,0,0.7687123
6094,28,0,0.2734976
6095,20,0,0.5721332
6096,27,1,0.93745345
6097,26,1,0.27587336
6098,15,1,0.88434607
6099,12,0,0.20023282
6100,21,1,0.39006644
6101,1,0,0.50298786
6102,19,0,0.5623898
6103,26,1,0.5567666
6104,27,0,0.3127822
6105,2,1,0.44943592
6106,27,0,0.5162714
6107,12,0,0.2398576
6108,15,1,0.9249465
6109,13,1,0.82809424
6110,8,1,0.6122948
6111,18,1,0.63440114
6112,19,0,0.5136141
6113,9,1,0.8344079
6114,8,0,0.22375192
6115,3,1,0.75957566
6116,13,1,0.7453576
6117,1,0,0.6013597
6118,22,1,0.53407484
6119,12,0,0.5939419
6120,10,1,0.76503736
6121,8,0,0.37095106
6122,15,0,0.35050926
6123,0,1,0.7369696
6124,6,0,0.17128022
6125,16,0,0.24185489
6126,12,0,0.30001417
6127,25,0,0.49824473
6128,27,0,0.47623906
6129,2,0,0.34916314
6130,23,0,0.52137935
6131,13,1,0.7109638
6132,11,0,0.57073194
6133,11,0,0.67025036
6134,27,0,0.52111685
6135,6,1,0.85723776
6136,23,1,0.8771645
6137,7,1,0.5616789
6138,16,0,0.5928676
6139,10,0,0.21397458
6140,16,1,0.85697836
6141,14,1,0.90688044
6142,5,0,0.32556316
6143,13,1,0.80598277
6144,27,0,0.46238515
6145,24,0,0.4320762
6146,12,0,0.43810886
6147,12,0,0.24759015
6148,15,1,0.5489904
6149,25,0,0.6108841
6150,8,1,0.93002236
6151,22,1,0.66801256
6152,11,1,0.64225024
6153,25,1,0.5822363
6154,18,1,0.7244097
6155,18,0,0.46785206
6156,16,1,0.78280264
6157,20,1,0.2763487
6158,12,0,0.23469217
6159,0,0,0.6442877
6160,10,1,0.69272006
6161,3,1,0.34088364
6162,11,0,0.42476055
6163,14,0,0.41203383
6164,26,0,0.37353003
6165,20,0,0.26722237
6166,11,1,0.3507936
6167,13,0,0.4834724
6168,28,1,0.72626895
6169,8,1,0.6402495
6170,0,1,0.7322236
6171,28,1,0.64288235
6172,8,1,0.73551095
6173,18,0,0.53307456
6174,14,1,0.8578614
6175,6,0,0.5490903
6176,27,0,0.31968725
6177,23,0,0.5976186
6178,10,0,0.3740487
6179,27,0,0.16809559
6180,19,1,0.5336081
6181,27,1,0.68400264
6182,18,1,0.42845502
6183,16,1,0.5124496
6184,18,1,0.85043323
6185,3,1,0.42799255
6186,19,0,0.2592694
6187,3,0,0.20900735
6188,28,1,0.8907735
6189,26,0,0.50260705
6190,12,0,0.26155376
6191,15,0,0.41958585
6192,12,1,0.44807607
6193,21,0,0.32277778
6194,13,0,0.18939525
6195,17,1,0.22334515
6196,3,1,0.5046957
6197,8,0,0.199553
6198,3,0,0.51141924
6199,26,0,0.38816467
6200,15,0,0.4556623
6201,13,0,0.42610127
6202,10,1,0.5929455
6203,1,0,0.34867412
6204,8,1,0.788625
6205,8,0,0.4475492
6206,17,0,0.42373496
6207,13,1,0.4794141
6208,27,1,0.7004544
6209,10,1,0.8738208
6210,17,1,0.57991236
6211,1,0,0.4046253
6212,19,1,0.4237997
6213,16,0,0.31686348
6214,27,0,0.40744483
6215,27,1,0.6418834
6216,14,1,0.24728116
6217,0,1,0.46516392
6218,1,0,0.50941044
6219,3,0,0.75724345
6220,7,0,0.3588236
6221,24,0,0.37407503
6222,10,1,0.37031963
6223,13,0,0.100803934
6224,16,0,0.14062554
6225,8,1,0.32114807
6226,2,1,0.5034075
6227,1,0,0.7219864
6228,23,0,0.30656978
6229,19,0,0.18431835
6230,5,1,0.15427251
6231,12,1,0.50977486
6232,20,0,0.6809826
6233,22,1,0.44577858
6234,23,0,0.37416932
6235,3,1,0.47820953
6236,7,0,0.38387364
6237,0,0,0.27728286
6238,15,1,0.702722
6239,6,1,0.4396941
6240,18,0,0.3309185
6241,4,1,0.9257158
6242,22,0,0.18571766
6243,28,1,0.9250238
6244,18,1,0.4076888
6245,16,1,0.5733348
6246,28,1,0.55487394
6247,25,0,0.14277127
6248,25,0,0.5569964
6249,15,1,0.4858745
6250,4,1,0.913535
6251,26,0,0.14067724
6252,15,1,0.6704166
6253,15,1,0.51569873
6254,18,0,0.2280636
6255,8,1,0.6659547
6256,8,1,0.70076287
6257,11,0,0.5657352
6258,17,1,0.6407546
6259,2,0,0.5489529
6260,9,1,0.5863743
6261,14,1,0.70494163
6262,25,0,0.3688336
6263,20,1,0.461877
6264,8,1,0.47189927
6265,18,1,0.59619486
6266,6,1,0.67723
6267,10,1,0.63982224
6268,24,1,0.61760527
6269,14,0,0.15563624
6270,7,0,0.554078
6271,11,0,0.2132797
6272,24,1,0.5635767
6273,27,0,0.20632532
6274,26,1,0.9526741
6275,18,0,0.32613
6276,25,1,0.46918693
6277,0,1,0.96347857
6278,16,0,0.40079665
6279,8,1,0.68107367
6280,14,0,0.2990911
6281,13,0,0.32491925
6282,10,0,0.8529236
6283,2,1,0.28632954
6284,17,1,0.5455898
6285,3,1,0.47481862
6286,3,0,0.78965837
6287,15,0,0.25008404
6288,1,1,0.7355277
6289,24,1,0.90882075
6290,21,0,0.49535623
6291,27,1,0.69385827
6292,10,0,0.5508202
6293,12,0,0.1567132
6294,23,0,0.42609712
6295,26,0,0.28717643
6296,18,0,0.2606578
6297,4,1,0.75298184
6298,16,0,0.40440845
6299,18,1,0.61574745
6300,14,0,0.3089713
6301,4,0,0.41787148
6302,10,1,0.4602197
6303,5,0,0.116310805
6304,12,0,0.44611874
6305,2,1,0.90266085
6306,20,0,0.48733407
6307,13,0,0.4148584
6308,19,0,0.43134755
6309,7,0,0.13452087
6310,7,0,0.096891955
6311,14,0,0.23635876
6312,15,0,0.60421723
6313,8,0,0.15928748
6314,6,1,0.44606817
6315,17,0,0.7018501
6316,4,0,0.45527798
6317,13,1,0.7415476
6318,13,1,0.4050434
6319,3,0,0.85113764
6320,25,1,0.5195586
6321,12,0,0.47052383
6322,22,1,0.6667266
6323,1,0,0.7330697
6324,26,0,0.4644493
6325,18,1,0.64225173
6326,17,0,0.33472833
6327,12,0,0.20536917
6328,0,1,0.47654662
6329,25,0,0.34661713
6330,13,1,0.79191273
6331,20,1,0.7789619
6332,14,1,0.52355033
6333,6,0,0.73961836
6334,16,1,0.52365893
6335,23,1,0.4525092
6336,21,0,0.11512108
6337,0,1,0.8471938
6338,22,1,0.8028947
6339,3,1,0.41419092
6340,13,0,0.22205445
6341,28,1,0.77689
6342,21,1,0.6866533
6343,26,1,0.30190527
6344,13,0,0.8520854
6345,1,1,0.6353878
6346,11,1,0.85025454
6347,17,0,0.48312664
6348,6,0,0.65078
6349,12,0,0.27619642
6350,16,1,0.6881029
6351,25,1,0.34209812
6352,13,1,0.79519504
6353,12,0,0.41993347
6354,2,0,0.2544863
6355,6,1,0.8824172
6356,13,0,0.521016
6357,1,1,0.65942955
6358,13,1,0.83350104
6359,16,0,0.5318723
6360,2,0,0.8718143
6361,14,0,0.47352234
6362,12,0,0.32804075
6363,3,1,0.31011814
6364,8,1,0.64100003
6365,10,1,0.8696147
6366,15,0,0.3890612
6367,11,1,0.45637372
6368,21,1,0.7993495
6369,16,0,0.76310873
6370,4,1,0.71636546
6371,4,1,0.61683035
6372,11,0,0.47210357
6373,20,0,0.61367095
6374,16,0,0.23888287
6375,10,1,0.46573913
6376,14,1,0.7005555
6377,20,1,0.6145022
6378,27,1,0.8353485
6379,2,1,0.5773608
6380,17,1,0.6582152
6381,23,0,0.5470006
6382,11,0,0.35424757
6383,23,0,0.41343322
6384,28,1,0.64888823
6385,1,1,0.5886744
6386,9,1,0.4371556
6387,21,0,0.36085662
6388,22,1,0.81396496
6389,11,0,0.5863027
6390,12,0,0.33442545
6391,3,1,0.67392737
6392,4,0,0.37763062
6393,1,0,0.36597437
6394,7,0,0.6189341
6395,8,1,0.68136406
6396,15,1,0.3841906
6397,0,1,0.7032175
6398,20,0,0.63602656
6399,25,1,0.48522383
6400,14,1,0.5555726
6401,23,1,0.8950873
6402,20,1,0.44794554
6403,0,0,0.3514362
6404,12,0,0.34269345
6405,1,0,0.09748586
6406,17,1,0.36873022
6407,10,0,0.63655454
6408,4,0,0.1583175
6409,15,1,0.4555646
6410,6,0,0.3814155
6411,13,0,0.5627137
6412,0,1,0.30033427
6413,11,1,0.5634334
6414,3,1,0.97849727
6415,25,0,0.25149527
6416,14,1,0.87097883
6417,19,1,0.3366806
6418,15,0,0.6366481
6419,13,0,0.8204244
6420,12,0,0.15689349
6421,23,1,0.5849554
6422,9,0,0.3041402
6423,12,0,0.3016664
6424,12,0,0.33946335
6425,13,0,0.1462285
6426,16,0,0.34236985
6427,25,0,0.29162484
6428,12,0,0.2618092
6429,23,0,0.32911667
6430,13,1,0.8046998
6431,26,0,0.42123103
6432,10,1,0.9036571
6433,16,1,0.5695539
6434,15,1,0.75522715
6435,26,1,0.40020412
6436,26,1,0.72793764
6437,26,1,0.6591087
6438,4,0,0.18511023
6439,17,1,0.48513007
6440,18,1,0.5301723
6441,20,0,0.3973702
6442,13,0,0.6088812
6443,28,0,0.50868225
6444,3,1,0.6120242
6445,9,0,0.14506544
6446,25,1,0.40954953
6447,25,0,0.46328998
6448,10,1,0.5237738
6449,10,1,0.5499696
6450,1,1,0.66051733
6451,18,0,0.6485636
6452,27,1,0.3770041
6453,25,0,0.50224805
6454,27,1,0.8655463
6455,13,0,0.6737817
6456,15,1,0.4326294
6457,7,1,0.47657943
6458,14,1,0.4342843
6459,11,0,0.5746678
6460,1,1,0.82099473
6461,28,1,0.60362107
6462,15,1,0.88080895
6463,17,1,0.9657993
6464,3,1,0.6247512
6465,20,0,0.46652094
6466,24,1,0.7293012
6467,2,1,0.55894005
6468,17,1,0.6739644
6469,9,1,0.77404606
6470,13,1,0.24502832
6471,18,1,0.46837732
6472,14,0,0.3678435
6473,2,0,0.3018623
6474,16,1,0.38026315
6475,2,1,0.77541953
6476,26,1,0.3581405
6477,7,1,0.5077289
6478,7,0,0.17487691
6479,9,0,0.58654904
6480,4,1,0.4603905
6481,4,0,0.23456748
6482,14,1,0.89603156
6483,19,1,0.9050392
6484,14,1,0.7261129
6485,18,1,0.6534184
6486,6,1,0.4355862
6487,27,0,0.38808796
6488,8,0,0.7409517
6489,26,0,0.23720989
6490,13,0,0.36165768
6491,2,1,0.65437096
6492,15,0,0.39575362
6493,24,0,0.46028203
6494,17,0,0.066806644
6495,17,0,0.44271573
6496,8,0,0.59179515
6497,28,0,0.30778873
6498,15,0,0.63067895
6499,17,0,0.47188535
6500,28,0,0.5947317
6501,27,1,0.66595966
6502,1,1,0.60635775
6503,11,1,0.50031203
6504,4,1,0.26823357
6505,15,0,0.38080144
6506,11,1,0.7796049
6507,10,0,0.3436414
6508,28,1,0.5233869
6509,5,1,0.36780113
6510,0,0,0.12510546
6511,6,1,0.30118757
6512,15,1,0.4385229
6513,13,0,0.5711107
6514,25,1,0.65439004
6515,16,1,0.65172625
6516,22,0,0.29099032
6517,13,1,0.51439685
6518,25,0,0.44972456
6519,18,0,0.43339
6520,0,0,0.18285212
6521,22,1,0.18973722
6522,26,1,0.76250184
6523,16,1,0.42598656
6524,19,0,0.46682712
6525,4,1,0.73340213
6526,8,1,0.66133696
6527,2,1,0.34054172
6528,1,0,0.11228977
6529,2,0,0.31738108
6530,25,0,0.24125832
6531,8,0,0.7933642
6532,17,1,0.51391625
6533,8,0,0.3942276
6534,26,0,0.1747497
6535,5,0,0.21837063
6536,16,0,0.74917257
6537,26,0,0.22961758
6538,13,1,0.41064683
6539,17,0,0.33676523
6540,0,1,0.79866624
6541,23,1,0.52934235
6542,20,1,0.77724826
6543,25,1,0.5153918
6544,27,1,0.48595303
6545,1,1,0.6893768
6546,13,1,0.6060805
6547,10,0,0.7103897
6548,13,1,0.82846874
6549,16,0,0.5073212
6550,8,1,0.5437486
6551,17,1,0.8758169
6552,5,1,0.7841129
6553,27,0,0.21805207
6554,22,1,0.46826825
6555,2,0,0.40056184
6556,16,0,0.43901205
6557,12,0,0.50607866
6558,20,1,0.8206247
6559,25,1,0.35940224
6560,21,0,0.50215024
6561,6,0,0.44718993
6562,25,0,0.43792772
6563,13,0,0.538206
6564,7,1,0.36838758
6565,26,0,0.3145119
6566,17,1,0.3885309
6567,7,0,0.26302397
6568,20,1,0.617531
6569,7,1,0.48142537
6570,3,1,0.7419386
6571,26,1,0.73156154
6572,14,1,0.7708762
6573,19,0,0.4504478
6574,8,1,0.8470782
6575,19,1,0.8106148
6576,17,1,0.30213797
6577,11,0,0.32563275
6578,15,1,0.9225832
6579,16,1,0.06160222
6580,4,1,0.6036572
6581,18,1,0.5206811
6582,2,0,0.16265912
6583,18,1,0.52536243
6584,15,0,0.87052405
6585,28,1,0.81444275
6586,18,1,0.5891529
6587,16,0,0.16996506
6588,21,1,0.46475878
6589,8,1,0.87285584
6590,11,0,0.56897724
6591,28,0,0.29007024
6592,4,1,0.59702885
6593,22,0,0.20612313
6594,28,0,0.5705707
6595,27,0,0.26590297
6596,25,0,0.30864134
6597,28,0,0.78833413
6598,11,0,0.6569572
6599,27,1,0.5833295
6600,1,1,0.829744
6601,16,0,0.25722346
6602,6,1,0.64836687
6603,25,1,0.29961023
6604,25,1,0.30002978
6605,24,0,0.64241534
6606,6,1,0.62290204
6607,26,0,0.08071869
6608,0,1,0.44785094
6609,7,0,0.4079242
6610,15,1,0.6510446
6611,20,0,0.1797854
6612,14,1,0.5313452
6613,13,1,0.61092967
6614,23,0,0.31435126
6615,25,1,0.87953395
6616,5,1,0.60510826
6617,13,0,0.32187003
6618,2,1,0.96589667
6619,16,1,0.6845016
6620,2,0,0.24741
6621,17,0,0.2772447
6622,10,1,0.6526306
6623,19,0,0.32955852
6624,15,0,0.80349576
6625,1,1,0.9349827
6626,19,1,0.78260773
6627,16,0,0.43328458
6628,2,0,0.3704368
6629,10,1,0.43470886
6630,10,0,0.21044807
6631,1,1,0.60796934
6632,4,1,0.7699961
6633,10,0,0.41953343
6634,8,0,0.28722018
6635,3,1,0.20190057
6636,7,1,0.88213927
6637,26,0,0.42247468
6638,24,1,0.61895347
6639,25,0,0.56360406
6640,13,0,0.28716072
6641,5,0,0.29554364
6642,12,1,0.8551233
6643,19,0,0.2166587
6644,16,1,0.33804336
6645,2,1,0.58507043
6646,13,0,0.3838931
6647,10,1,0.7738652
6648,25,0,0.33312333
6649,25,0,0.38037232
6650,24,1,0.47243303
6651,10,0,0.4455324
6652,21,0,0.30645788
6653,7,0,0.71515673
6654,3,0,0.50883895
6655,12,0,0.4358068
6656,12,0,0.42921162
6657,4,0,0.26625174
6658,25,0,0.2948562
6659,5,0,0.104591705
6660,22,0,0.14363141
6661,7,0,0.5196746
6662,26,0,0.2904103
6663,12,1,0.23848438
6664,25,1,0.301255
6665,27,0,0.24635331
6666,9,1,0.8639531
6667,17,0,0.16421849
6668,8,1,0.9551026
6669,6,0,0.56977934
6670,25,0,0.24365695
6671,22,0,0.5897933
6672,2,1,0.7273727
6673,11,0,0.25006145
6674,22,0,0.35373682
6675,10,1,0.7883968
6676,8,1,0.8730379
6677,16,0,0.10388234
6678,12,1,0.85993534
6679,22,1,0.3525069
6680,2,1,0.50504625
6681,21,1,0.3178753
6682,27,1,0.46640432
6683,11,0,0.3071052
6684,1,1,0.60488856
6685,28,1,0.7629109
6686,21,0,0.5660727
6687,14,1,0.8655898
6688,22,1,0.6802126
6689,24,1,0.9256557
6690,3,1,0.67102313
6691,24,1,0.6505583
6692,13,1,0.8382916
6693,22,0,0.06582872
6694,14,1,0.49678564
6695,16,0,0.30831063
6696,3,1,0.8277559
6697,9,1,0.90934545
6698,14,0,0.22651562
6699,18,1,0.57012707
6700,6,1,0.66442
6701,20,1,0.2928431
6702,26,1,0.5307144
6703,4,1,0.794732
6704,13,0,0.28320172
6705,14,1,0.8847391
6706,25,1,0.4700255
6707,3,0,0.21551964
6708,27,1,0.7352203
6709,11,0,0.41948092
6710,2,1,0.7618068
6711,28,1,0.70985574
6712,6,1,0.48218682
6713,16,0,0.10553598
6714,16,1,0.5973519
6715,17,1,0.393793
6716,18,1,0.6930842
6717,13,0,0.58321494
6718,17,0,0.27719522
6719,25,1,0.75609046
6720,16,1,0.24068208
6721,16,1,0.49974358
6722,9,0,0.4823642
6723,26,1,0.745531
6724,22,1,0.61098754
6725,1,1,0.6507394
6726,6,0,0.052353766
6727,25,1,0.7077597
6728,13,1,0.6437003
6729,27,1,0.67311645
6730,16,1,0.5358056
6731,27,1,0.46335834
6732,2,1,0.6022835
6733,21,0,0.6189588
6734,23,1,0.5905978
6735,8,0,0.367758
6736,8,1,0.7978227
6737,10,0,0.3248305
6738,9,0,0.5593068
6739,22,0,0.33392328
6740,11,0,0.09483589
6741,15,1,0.56303495
6742,1,1,0.52556604
6743,6,0,0.36933663
6744,15,1,0.7195166
6745,1,0,0.8057871
6746,26,0,0.13512321
6747,13,1,0.55020887
6748,2,0,0.42127562
6749,15,1,0.83934367
6750,10,0,0.335339
6751,17,1,0.5819971
6752,22,1,0.6819167
6753,24,0,0.27671322
6754,2,1,0.18585922
6755,25,0,0.40855977
6756,16,1,0.45118567
6757,19,0,0.15695281
6758,15,1,0.44379026
6759,23,0,0.22325243
6760,15,1,0.38539076
6761,27,1,0.46150032
6762,23,1,0.9074251
6763,19,1,0.8007798
6764,28,1,0.8975797
6765,23,0,0.3854152
6766,5,0,0.2243517
6767,7,1,0.5685317
6768,23,0,0.2306735
6769,2,1,0.3497445
6770,27,1,0.35824704
6771,2,1,0.5739808
6772,24,0,0.6100777
6773,6,1,0.5311598
6774,19,0,0.29457396
6775,2,1,0.888546
6776,12,0,0.44010633
6777,15,0,0.8381903
6778,2,0,0.15758957
6779,10,1,0.7293717
6780,18,0,0.48747748
6781,13,0,0.60035765
6782,25,0,0.2161023
6783,27,0,0.31388545
6784,27,0,0.44743165
6785,10,0,0.45524567
6786,21,1,0.90521544
6787,10,0,0.31800535
6788,20,0,0.6417971
6789,24,0,0.59218633
6790,1,0,0.1228497
6791,24,0,0.3752052
6792,10,1,0.48322326
6793,3,0,0.785838
6794,11,1,0.37539792
6795,1,0,0.3242071
6796,23,1,0.8591317
6797,7,0,0.5208547
6798,28,1,0.82767385
6799,9,1,0.57817924
6800,9,1,0.32966954
6801,4,0,0.8090063
6802,3,0,0.15653555
6803,18,1,0.7083312
6804,6,1,0.41895154
6805,2,1,0.30274916
6806,18,0,0.25530076
6807,2,0,0.36151025
6808,13,0,0.46282414
6809,20,0,0.19173826
6810,26,1,0.88681984
6811,19,0,0.4522841
6812,6,0,0.3342347
6813,19,0,0.30231065
6814,2,1,0.565379
6815,25,0,0.37850142
6816,1,0,0.50349855
6817,16,0,0.36872354
6818,9,1,0.85659766
6819,26,0,0.4532163
6820,10,0,0.2518438
6821,19,1,0.44121614
6822,28,0,0.2128695
6823,13,1,0.75677276
6824,0,1,0.48403883
6825,10,1,0.35306567
6826,0,1,0.36610502
6827,16,0,0.24564283
6828,4,1,0.6780801
6829,21,0,0.20499401
6830,2,1,0.36240909
6831,16,1,0.48704445
6832,3,0,0.60995495
6833,10,1,0.731697
6834,26,0,0.37041864
6835,13,0,0.16124806
6836,20,0,0.16820179
6837,4,0,0.57462215
6838,3,1,0.4644503
6839,22,1,0.68394357
6840,2,1,0.5587286
6841,12,0,0.41830665
6842,20,1,0.92571795
6843,18,0,0.44538665
6844,16,0,0.6257177
6845,18,1,0.711442
6846,2,0,0.36652857
6847,1,1,0.26055747
6848,10,1,0.9086201
6849,2,1,0.7944079
6850,3,0,0.51556164
6851,0,0,0.61103123
6852,13,1,0.8667325
6853,25,0,0.5514595
6854,2,0,0.3809629
6855,13,1,0.5013971
6856,23,0,0.65952605
6857,10,0,0.43348494
6858,20,1,0.64299774
6859,23,1,0.5258031
6860,0,0,0.53147566
6861,7,0,0.7283401
6862,9,1,0.27165657
6863,26,1,0.9208828
6864,19,1,0.26585487
6865,0,0,0.28754738
6866,11,0,0.3456607
6867,6,1,0.6347502
6868,8,0,0.43354255
6869,24,0,0.11144422
6870,26,1,0.3160719
6871,25,0,0.30017632
6872,11,1,0.6475206
6873,2,1,0.66061604
6874,14,0,0.3053604
6875,6,1,0.88770556
6876,22,1,0.17098153
6877,9,0,0.40070283
6878,21,1,0.76042134
6879,16,1,0.86334693
6880,12,0,0.57123023
6881,23,1,0.38611594
6882,16,1,0.7336717
6883,12,1,0.44826257
6884,24,1,0.7290742
6885,11,0,0.21641754
6886,10,1,0.46690217
6887,23,0,0.50308466
6888,8,1,0.5594101
6889,14,0,0.65987915
6890,15,0,0.27646884
6891,2,1,0.62441134
6892,16,1,0.43026286
6893,22,1,0.69495684
6894,14,0,0.115280755
6895,20,0,0.3009109
6896,11,0,0.16512226
6897,4,0,0.3611352
6898,15,1,0.79645884
6899,19,1,0.67103773
6900,7,1,0.6415632
6901,1,1,0.77907634
6902,20,1,0.7963819
6903,3,0,0.3284683
6904,19,0,0.17830697
6905,8,1,0.7966344
6906,3,0,0.37174007
6907,1,0,0.29619235
6908,7,1,0.54905945
6909,16,0,0.3327099
6910,3,1,0.40842366
6911,12,0,0.46945727
6912,15,0,0.6975364
6913,11,0,0.36048368
6914,0,0,0.47458908
6915,26,1,0.6367771
6916,28,1,0.5871652
6917,4,0,0.4649389
6918,11,0,0.61156183
6919,25,1,0.32971013
6920,23,1,0.7732123
6921,15,0,0.2873237
6922,28,1,0.76130235
6923,2,0,0.5354428
6924,27,1,0.7537466
6925,12,1,0.52746284
6926,1,1,0.8013028
6927,2,1,0.87209475
6928,27,1,0.65309864
6929,17,0,0.14568122
6930,27,0,0.3998826
6931,3,0,0.6284863
6932,11,1,0.73422945
6933,1,1,0.6859445
6934,19,0,0.79479575
6935,22,1,0.30549395
6936,14,0,0.5750584
6937,20,0,0.50983775
6938,26,1,0.76052684
6939,17,0,0.10617628
6940,1,1,0.45340642
6941,12,0,0.55723536
6942,8,1,0.3393658
6943,17,0,0.8928269
6944,15,1,0.9431239
6945,22,0,0.5322549
6946,13,1,0.9408921
6947,20,1,0.6278034
6948,10,1,0.79303193
6949,10,0,0.21392313
6950,27,1,0.7379523
6951,8,0,0.56152564
6952,1,0,0.5734879
6953,23,0,0.20316607
6954,18,0,0.4605796
6955,1,0,0.30351272
6956,15,1,0.90180993
6957,0,1,0.63037187
6958,19,1,0.97511387
6959,19,1,0.5374284
6960,27,1,0.9792972
6961,18,0,0.2902027
6962,12,0,0.33300182
6963,19,0,0.45620772
6964,17,0,0.37716153
6965,9,0,0.83483964
6966,4,0,0.5359129
6967,11,1,0.5026763
6968,22,1,0.8971877
6969,14,0,0.4296371
6970,13,1,0.6071573
6971,16,1,0.82369256
6972,13,1,0.19566582
6973,2,0,0.22918326
6974,6,1,0.84346104
6975,7,1,0.34654555
6976,27,1,0.72073054
6977,27,0,0.52047426
6978,17,0,0.5372382
6979,3,1,0.6692352
6980,19,0,0.13186948
6981,16,1,0.5362051
6982,3,1,0.47595447
6983,25,0,0.09830201
6984,16,0,0.6194292
6985,8,1,0.8003619
6986,16,1,0.50109524
6987,5,0,0.3454508
6988,14,0,0.4720803
6989,13,1,0.61123425
6990,28,1,0.8925458
6991,20,1,0.85351306
6992,22,1,0.65564525
6993,23,1,0.7082915
6994,1,1,0.9380125
6995,1,0,0.34432995
6996,1,1,0.49299443
6997,13,1,0.5836018
6998,13,0,0.3923321
6999,1,0,0.58868843
7000,7,1,0.3651254
7001,27,1,0.6880728
7002,25,1,0.32765493
7003,23,0,0.44914463
7004,26,0,0.36385983
7005,8,1,0.5332241
7006,28,0,0.499605
7007,23,0,0.30338675
7008,13,0,0.12513676
7009,8,1,0.78919965
7010,8,1,0.7681257
7011,16,0,0.40359747
7012,9,0,0.84563595
7013,11,1,0.46901473
7014,18,1,0.5968475
7015,13,1,0.7559407
7016,8,0,0.3436898
7017,22,1,0.8981248
7018,13,0,0.27135178
7019,13,1,0.7992348
7020,28,1,0.72944283
7021,16,0,0.314524
7022,28,0,0.16536234
7023,18,0,0.19117524
7024,26,1,0.77076215
7025,1,1,0.5595803
7026,3,1,0.8427058
7027,10,1,0.70102066
7028,1,1,0.46041417
7029,12,1,0.3604998
7030,3,1,0.32488027
7031,17,0,0.18483771
7032,1,1,0.909692
7033,13,1,0.61896336
7034,15,0,0.7238234
7035,8,0,0.03481477
7036,2,0,0.49442405
7037,6,1,0.714695
7038,25,0,0.41228688
7039,17,0,0.15090705
7040,5,0,0.67739064
7041,16,1,0.23865457
7042,3,1,0.8052917
7043,9,0,0.43345922
7044,13,0,0.5307141
7045,26,0,0.6354063
7046,13,0,0.117380425
7047,28,0,0.3520237
7048,25,1,0.8988828
7049,10,0,0.29862314
7050,0,1,0.55054355
7051,22,1,0.5897226
7052,24,0,0.08729553
7053,14,0,0.21022786
7054,11,0,0.69345516
7055,15,1,0.77040577
7056,2,1,0.71553403
7057,13,1,0.5944109
7058,2,0,0.42351854
7059,8,1,0.43937337
7060,4,1,0.32793462
7061,6,0,0.35149294
7062,2,0,0.27947393
7063,21,1,0.42695245
7064,2,0,0.49573138
7065,2,0,0.48022816
7066,13,0,0.39830586
7067,4,0,0.36159346
7068,12,1,0.92682296
7069,6,0,0.17332599
7070,10,1,0.46006984
7071,5,0,0.44050762
7072,6,0,0.2732608
7073,26,0,0.71495765
7074,21,0,0.43915054
7075,19,0,0.43399313
7076,22,1,0.29963374
7077,22,0,0.23053941
7078,23,1,0.61720395
7079,25,1,0.61767
7080,16,0,0.47906116
7081,14,0,0.7210198
7082,23,0,0.19919366
7083,13,0,0.41807133
7084,15,0,0.29267025
7085,10,1,0.86568516
7086,23,0,0.4111737
7087,17,1,0.40677786
7088,13,0,0.2666075
7089,12,1,0.29746532
7090,22,0,0.4531522
7091,11,0,0.4061309
7092,28,1,0.766545
7093,21,1,0.5404971
7094,13,0,0.13946363
7095,15,0,0.57442135
7096,7,1,0.61506325
7097,2,1,0.538398
7098,15,1,0.4182696
7099,11,0,0.37705186
7100,16,0,0.32922575
7101,4,1,0.6062202
7102,11,1,0.22665189
7103,23,0,0.6553053
7104,3,0,0.40971956
7105,8,0,0.27589485
7106,25,1,0.6364821
7107,5,1,0.7448934
7108,13,1,0.6291604
7109,6,1,0.16812013
7110,22,0,0.4303235
7111,11,1,0.8267282
7112,20,1,0.83695537
7113,13,0,0.17684169
7114,11,0,0.2701655
7115,22,0,0.3718591
7116,16,0,0.509655
7117,27,1,0.30166635
7118,17,0,0.3164944
7119,20,1,0.35785872
7120,15,1,0.90565073
7121,6,0,0.38606027
7122,16,0,0.3517946
7123,24,0,0.44042224
7124,16,1,0.5322357
7125,19,1,0.75297713
7126,1,1,0.59083295
7127,28,1,0.7897897
7128,11,0,0.83542514
7129,11,1,0.82701963
7130,1,1,0.69386774
7131,22,0,0.48910007
7132,15,0,0.545028
7133,26,0,0.5990053
7134,1,1,0.37327912
7135,26,1,0.8345658
7136,28,1,0.7768812
7137,15,0,0.85231197
7138,6,0,0.1553165
7139,27,1,0.4190507
7140,11,0,0.5992917
7141,28,1,0.6324029
7142,13,1,0.4234485
7143,13,1,0.8121123
7144,14,0,0.42463213
7145,20,0,0.6208028
7146,23,1,0.8513238
7147,13,1,0.94133574
7148,14,1,0.76350206
7149,17,0,0.15748544
7150,1,1,0.6160693
7151,16,0,0.28950027
7152,11,0,0.63131094
7153,25,0,0.24686544
7154,19,0,0.27376825
7155,16,0,0.4829735
7156,25,0,0.30763793
7157,12,0,0.45949003
7158,20,0,0.29959643
7159,6,1,0.60157835
7160,26,0,0.14246307
7161,13,0,0.25928578
7162,22,0,0.23475465
7163,26,0,0.5057316
7164,24,0,0.6932826
7165,10,0,0.4119219
7166,13,1,0.75504875
7167,13,1,0.38037536
7168,4,0,0.29696313
7169,15,1,0.4779411
7170,13,1,0.5740406
7171,12,1,0.8198635
7172,7,0,0.18812872
7173,11,1,0.9369678
7174,16,0,0.2504094
7175,10,0,0.637875
7176,16,1,0.46650687
7177,2,1,0.3699573
7178,16,0,0.29618123
7179,27,1,0.3763822
7180,16,0,0.56992084
7181,16,0,0.6100514
7182,23,0,0.060905118
7183,6,1,0.40773755
7184,12,1,0.57907647
7185,13,0,0.410548
7186,16,0,0.5047827
7187,20,0,0.47503436
7188,22,0,0.40704095
7189,14,0,0.37999928
7190,0,0,0.57050496
7191,6,0,0.42990172
7192,17,1,0.6078392
7193,2,0,0.3554463
7194,16,1,0.660639
7195,22,1,0.59900683
7196,28,0,0.64245576
7197,15,1,0.38551232
7198,8,0,0.39181665
7199,2,0,0.37539506
7200,27,1,0.5206016
7201,27,1,0.57381684
7202,11,0,0.28417578
7203,2,0,0.2795128
7204,5,0,0.62923306
7205,11,0,0.23241764
7206,1,0,0.34509897
7207,12,0,0.6176901
7208,8,0,0.44847077
7209,15,1,0.483198
7210,2,0,0.48212454
7211,11,0,0.30149552
7212,28,0,0.590788
7213,1,0,0.59003085
7214,14,0,0.14072512
7215,14,0,0.15042074
7216,8,1,0.23767468
7217,20,0,0.6979988
7218,15,1,0.62080604
7219,25,0,0.58309054
7220,10,1,0.6544975
7221,8,0,0.5000182
7222,24,0,0.27250475
7223,16,1,0.65466505
7224,15,1,0.6780089
7225,21,1,0.67045957
7226,12,0,0.5437044
7227,13,0,0.28705168
7228,20,1,0.9296992
7229,18,1,0.55699426
7230,16,1,0.8782875
7231,15,1,0.523074
7232,11,1,0.7080313
7233,24,0,0.71049315
7234,12,0,0.4819613
7235,20,0,0.7559402
7236,12,0,0.1547709
7237,27,1,0.6964432
7238,10,1,0.8736287
7239,15,0,0.6244844
7240,25,0,0.18636225
7241,7,0,0.36073232
7242,11,1,0.6795134
7243,8,0,0.5694285
7244,16,1,0.53124255
7245,16,0,0.11701887
7246,10,0,0.22499977
7247,16,0,0.5707491
7248,27,0,0.5335322
7249,3,0,0.4483541
7250,9,1,0.5118266
7251,11,0,0.7986073
7252,26,0,0.47527838
7253,7,0,0.49224234
7254,18,1,0.8244645
7255,3,1,0.5353001
7256,16,0,0.2193927
7257,10,1,0.6464612
7258,15,0,0.7120016
7259,25,1,0.8264068
7260,13,1,0.5898306
7261,8,0,0.32028303
7262,19,1,0.8404481
7263,8,0,0.6957391
7264,17,0,0.262335
7265,25,1,0.93362015
7266,25,0,0.31750265
7267,19,0,0.2589015
7268,12,0,0.40026993
7269,14,1,0.6696023
7270,11,1,0.60615826
7271,15,1,0.5819422
7272,3,0,0.4224848
7273,2,0,0.43032438
7274,2,0,0.39441234
7275,9,0,0.2812335
7276,2,1,0.7577373
7277,16,0,0.64792687
7278,25,1,0.64898884
7279,3,1,0.8903411
7280,12,0,0.22874814
7281,21,1,0.8278182
7282,8,0,0.40833306
7283,28,1,0.38894695
7284,8,1,0.30430275
7285,12,1,0.7452853
7286,20,1,0.4710849
7287,10,1,0.69494677
7288,16,0,0.7610289
7289,9,0,0.6019323
7290,16,0,0.32220772
7291,23,1,0.5132797
7292,9,0,0.5643214
7293,8,1,0.62688184
7294,5,1,0.96263474
7295,10,1,0.36521375
7296,13,1,0.5367151
7297,15,0,0.35211706
7298,10,0,0.5691222
7299,27,1,0.6605634
7300,8,0,0.54005265
7301,27,0,0.43747967
7302,6,0,0.407005
7303,7,1,0.41984862
7304,20,1,0.91231215
7305,10,1,0.8510128
7306,23,0,0.8401817
7307,0,0,0.19070022
7308,16,0,0.16732673
7309,16,1,0.48809847
7310,3,1,0.6813001
7311,15,0,0.57517976
7312,15,0,0.31401652
7313,7,1,0.7251955
7314,9,0,0.43634588
7315,15,0,0.15019639
7316,28,0,0.3526639
7317,1,0,0.3833351
7318,10,1,0.72719103
7319,24,1,0.48811728
7320,26,1,0.8641092
7321,8,1,0.71006167
7322,25,0,0.20146225
7323,17,0,0.7404005
7324,6,1,0.95221776
7325,12,0,0.43238991
7326,1,1,0.33496362
7327,7,0,0.65207285
7328,18,0,0.35136798
7329,3,1,0.34288013
7330,15,0,0.531811
7331,21,0,0.13972132
7332,13,1,0.6153793
7333,0,1,0.3148196
7334,2,1,0.5524472
7335,12,0,0.05484334
7336,2,0,0.37773946
7337,27,0,0.37408823
7338,26,1,0.88090366
7339,28,1,0.31714943
7340,21,0,0.41870037
7341,25,1,0.63591415
7342,28,1,0.59601533
7343,26,1,0.5553674
7344,10,1,0.3779669
7345,1,0,0.43108195
7346,2,1,0.41118202
7347,19,0,0.5381412
7348,26,0,0.59307563
7349,22,1,0.653017
7350,20,1,0.970531
7351,20,1,0.5958822
7352,18,1,0.65736115
7353,26,1,0.38934585
7354,20,1,0.8906932
7355,2,1,0.30621365
7356,5,0,0.096449226
7357,13,1,0.7731458
7358,5,0,0.62929326
7359,23,1,0.5193886
7360,4,0,0.3791209
7361,11,0,0.35871536
7362,10,1,0.5654612
7363,14,1,0.85607433
7364,12,0,0.3177212
7365,27,0,0.16496393
7366,27,1,0.7848108
7367,7,1,0.47890866
7368,15,1,0.5375946
7369,17,1,0.68017364
7370,4,1,0.8299728
7371,13,1,0.7601651
7372,6,1,0.39335823
7373,5,0,0.31861818
7374,10,0,0.20625813
7375,14,1,0.4748271
7376,27,0,0.22741291
7377,18,0,0.5199375
7378,25,1,0.6225916
7379,20,1,0.38374072
7380,4,0,0.47626275
7381,16,1,0.60014033
7382,24,0,0.56817865
7383,15,0,0.47992802
7384,28,0,0.4251001
7385,17,1,0.17418824
7386,13,0,0.43211403
7387,12,1,0.44460264
7388,10,0,0.8482833
7389,27,1,0.6287603
7390,12,1,0.32014158
7391,21,0,0.41134676
7392,14,1,0.5729744
7393,20,1,0.84203655
7394,2,0,0.18158571
7395,10,0,0.11395437
7396,26,0,0.33331507
7397,26,1,0.6065007
7398,19,1,0.9175906
7399,8,0,0.29407468
7400,14,1,0.6578898
7401,2,1,0.5743296
7402,21,0,0.46169883
7403,13,1,0.3389333
7404,10,0,0.18604194
7405,11,1,0.6046738
7406,16,1,0.76610976
7407,4,0,0.3109155
7408,6,1,0.56450456
7409,11,0,0.32983556
7410,10,1,0.8996325
7411,10,0,0.75174594
7412,12,1,0.80297714
7413,15,0,0.18928158
7414,20,0,0.4601225
7415,25,0,0.26757064
7416,8,1,0.71011806
7417,2,0,0.7395767
7418,8,0,0.32681605
7419,10,1,0.7021918
7420,16,0,0.5489635
7421,0,1,0.9628513
7422,10,0,0.42829588
7423,4,0,0.3588716
7424,1,1,0.70300835
7425,17,0,0.4448709
7426,5,1,0.46288794
7427,27,1,0.4083869
7428,21,0,0.36657593
7429,4,1,0.85684013
7430,22,1,0.5318374
7431,19,1,0.3928778
7432,25,0,0.42821315
7433,6,0,0.5004381
7434,12,1,0.77892387
7435,11,1,0.78524536
7436,1,0,0.14934312
7437,10,0,0.3814918
7438,10,0,0.39765918
7439,15,1,0.51263493
7440,16,0,0.43464875
7441,16,0,0.6159617
7442,0,0,0.15880683
7443,3,0,0.25611174
7444,13,1,0.599212
7445,0,1,0.7313435
7446,6,0,0.7024541
7447,7,1,0.4632389
7448,22,1,0.33205342
7449,25,0,0.5390219
7450,6,0,0.35940677
7451,26,1,0.87431014
7452,16,0,0.36495554
7453,14,0,0.6822893
7454,9,0,0.5160542
7455,28,1,0.5790745
7456,3,0,0.28477424
7457,26,0,0.535959
7458,4,0,0.67763686
7459,17,1,0.90110993
7460,11,0,0.2389149
7461,13,1,0.54110646
7462,11,0,0.48150066
7463,25,1,0.8460765
7464,24,0,0.43673733
7465,20,0,0.33010188
7466,5,1,0.42421958
7467,17,0,0.74633145
7468,15,1,0.92468876
7469,8,0,0.80970407
7470,2,1,0.7717802
7471,23,1,0.37255752
7472,0,0,0.20061103
7473,27,0,0.41879156
7474,28,0,0.19345126
7475,26,0,0.3402846
7476,8,1,0.46030405
7477,26,1,0.33972752
7478,25,1,0.50184053
7479,1,1,0.4115157
7480,1,0,0.34456453
7481,22,0,0.37290943
7482,28,1,0.5858514
7483,13,0,0.6767438
7484,11,1,0.41039357
7485,3,1,0.88407636
7486,12,0,0.28436512
7487,9,0,0.5723209
7488,7,0,0.24372123
7489,18,0,0.7093876
7490,5,0,0.16068248
7491,21,1,0.5132316
7492,8,0,0.512189
7493,13,1,0.57481754
7494,16,1,0.37270352
7495,26,0,0.43091258
7496,13,0,0.2581905
7497,15,0,0.24229859
7498,14,1,0.1460706
7499,19,0,0.49542525
7500,21,0,0.6371791
7501,18,1,0.68430835
7502,16,1,0.8029536
7503,23,1,0.25884762
7504,10,1,0.5288113
7505,9,0,0.30948728
7506,16,0,0.36123145
7507,20,1,0.7579062
7508,6,1,0.47561565
7509,13,1,0.9403347
7510,11,0,0.40130147
7511,23,0,0.65322846
7512,16,0,0.36555868
7513,13,0,0.42724714
7514,10,0,0.29713038
7515,19,1,0.7863722
7516,14,1,0.41394255
7517,25,0,0.21487316
7518,16,1,0.33261827
7519,20,0,0.2251124
7520,18,0,0.67221665
7521,3,0,0.39415923
7522,24,1,0.70030445
7523,15,1,0.3256122
7524,25,1,0.6119437
7525,17,0,0.27306756
7526,23,0,0.25550616
7527,0,1,0.75626105
7528,13,0,0.70154154
7529,16,1,0.440333
7530,16,0,0.27430952
7531,2,1,0.64316833
7532,24,0,0.40209913
7533,13,1,0.4180009
7534,28,0,0.10480571
7535,16,0,0.53545356
7536,11,1,0.71442086
7537,8,1,0.45469445
7538,15,0,0.43254304
7539,11,0,0.21908471
7540,6,0,0.44422165
7541,14,0,0.23220073
7542,23,1,0.45141137
7543,13,1,0.3337701
7544,22,0,0.6337705
7545,10,0,0.38586792
7546,14,0,0.3261182
7547,10,0,0.30524838
7548,4,0,0.1934582
7549,4,0,0.7050284
7550,17,0,0.48784193
7551,25,1,0.39266384
7552,14,1,0.8649589
7553,2,1,0.21638775
7554,9,1,0.81371623
7555,2,0,0.49373803
7556,2,0,0.29965112
7557,2,1,0.9338947
7558,2,1,0.570644
7559,11,0,0.2829065
7560,11,0,0.09228219
7561,0,1,0.91833013
7562,19,1,0.32496917
7563,7,0,0.36123544
7564,15,0,0.41491103
7565,10,0,0.48343164
7566,0,0,0.5306064
7567,16,1,0.7890216
7568,13,0,0.46407866
7569,3,1,0.41890484
7570,9,1,0.38383868
7571,21,0,0.12341403
7572,8,0,0.6423461
7573,8,0,0.48838574
7574,27,1,0.34193677
7575,0,1,0.6678619
7576,16,1,0.793732
7577,23,1,0.34678927
7578,22,1,0.92940986
7579,9,1,0.38928583
7580,9,1,0.85218126
7581,12,0,0.09951526
7582,27,0,0.2610013
7583,22,1,0.21843445
7584,20,0,0.714953
7585,2,0,0.34060007
7586,25,0,0.106310986
7587,2,1,0.47290918
7588,4,1,0.7443135
7589,16,1,0.15731302
7590,23,0,0.09165891
7591,14,1,0.6393968
7592,26,1,0.49233833
7593,11,0,0.48076186
7594,12,1,0.89941925
7595,21,0,0.42066073
7596,23,1,0.24784446
7597,8,1,0.86844176
7598,2,1,0.31314078
7599,1,1,0.5102976
7600,1,0,0.31070217
7601,12,1,0.4498632
7602,7,1,0.53042006
7603,20,1,0.47681034
7604,14,1,0.49382702
7605,23,0,0.51109785
7606,27,1,0.62502855
7607,12,1,0.63255465
7608,27,1,0.8655764
7609,15,0,0.16976656
7610,1,0,0.44757298
7611,17,1,0.58516365
7612,8,1,0.7779289
7613,8,0,0.23977216
7614,11,1,0.43832833
7615,1,1,0.8754634
7616,20,0,0.47951892
7617,16,0,0.49538267
7618,14,0,0.35041937
7619,4,0,0.20353697
7620,4,1,0.81843996
7621,25,0,0.42154232
7622,10,1,0.33734465
7623,11,1,0.58379704
7624,13,0,0.38276866
7625,8,1,0.4510474
7626,18,1,0.5745733
7627,16,0,0.0967033
7628,13,1,0.42246047
7629,7,0,0.60087156
7630,7,1,0.47811097
7631,10,0,0.41655502
7632,12,0,0.7961956
7633,6,0,0.42735884
7634,11,0,0.5936934
7635,26,0,0.4161102
7636,7,1,0.55615723
7637,8,1,0.22305652
7638,12,0,0.66622055
7639,19,0,0.36966193
7640,18,1,0.8279914
7641,9,0,0.2634056
7642,19,1,0.6618219
7643,18,0,0.52054346
7644,2,1,0.62334013
7645,21,0,0.24746309
7646,8,1,0.52400154
7647,25,1,0.46369794
7648,16,1,0.34795833
7649,12,1,0.74311674
7650,6,0,0.40512738
7651,16,0,0.56373835
7652,8,0,0.4058548
7653,28,1,0.5015244
7654,20,1,0.7023114
7655,9,1,0.5210595
7656,13,0,0.47324145
7657,21,1,0.5256738
7658,14,0,0.14968795
7659,9,1,0.7885699
7660,8,0,0.1756365
7661,12,1,0.36559162
7662,25,1,0.4875995
7663,21,0,0.636479
7664,28,1,0.41108248
7665,13,1,0.6721569
7666,2,0,0.22819835
7667,2,0,0.4064371
7668,6,0,0.620664
7669,13,1,0.57877654
7670,20,0,0.095284514
7671,16,0,0.2976561
7672,22,1,0.81031907
7673,10,1,0.9238616
7674,9,0,0.29520616
7675,1,0,0.14251
7676,0,0,0.19958702
7677,7,0,0.30466983
7678,0,0,0.2402018
7679,10,0,0.8212732
7680,5,0,0.66721135
7681,16,1,0.68561476
7682,18,1,0.60832983
7683,28,1,0.80125844
7684,0,0,0.2058764
7685,0,1,0.8840347
7686,15,0,0.4636101
7687,23,1,0.53976804
7688,20,1,0.8311974
7689,2,0,0.39860764
7690,11,0,0.13722666
7691,8,1,0.85294044
7692,6,1,0.1702247
7693,25,0,0.45673263
7694,4,0,0.6694029
7695,19,0,0.370542
7696,12,0,0.35364312
7697,6,1,0.8693604
7698,24,1,0.39790076
7699,25,1,0.53253263
7700,8,0,0.42982793
7701,14,1,0.4434672
7702,18,0,0.38148645
7703,0,0,0.21543075
7704,10,1,0.3680002
7705,11,0,0.72251546
7706,28,1,0.7190767
7707,0,0,0.29375833
7708,19,0,0.23129258
7709,13,1,0.5464927
7710,28,1,0.79665816
7711,13,1,0.77731025
7712,17,0,0.20798035
7713,25,1,0.8989316
7714,15,0,0.54117256
7715,1,0,0.6679907
7716,26,1,0.80873835
7717,26,1,0.6556508
7718,13,0,0.5279321
7719,22,0,0.29198593
7720,16,1,0.3790347
7721,2,0,0.7326786
7722,16,1,0.34256038
7723,27,0,0.105375096
7724,4,1,0.69151044
7725,11,1,0.6400115
7726,17,0,0.3038386
7727,23,0,0.62263566
7728,19,1,0.30915362
7729,16,0,0.21794976
7730,12,1,0.93341976
7731,8,0,0.5132303
7732,10,1,0.33948335
7733,1,1,0.65445673
7734,13,0,0.30214098
7735,19,0,0.3027926
7736,3,1,0.63380295
7737,23,1,0.6759443
7738,13,1,0.5259332
7739,2,1,0.5407
7740,25,1,0.8762245
7741,27,0,0.41364026
7742,14,0,0.61674464
7743,13,0,0.37708297
7744,2,1,0.9154102
7745,1,1,0.6855576
7746,16,0,0.08484449
7747,15,1,0.3902187
7748,18,1,0.39086396
7749,11,1,0.7077569
7750,24,1,0.80515605
7751,20,1,0.46898127
7752,22,1,0.81253445
7753,4,0,0.21093279
7754,16,1,0.5390978
7755,28,0,0.5185365
7756,16,1,0.6881161
7757,26,0,0.45537427
7758,16,1,0.7642503
7759,6,0,0.43482584
7760,0,1,0.42593324
7761,17,0,0.5676169
7762,17,0,0.8916983
7763,1,1,0.47762683
7764,25,1,0.8076952
7765,26,0,0.41879725
7766,26,0,0.35416836
7767,28,1,0.6906876
7768,2,0,0.5045232
7769,12,1,0.37975585
7770,20,0,0.8540246
7771,26,0,0.2860716
7772,18,0,0.53508097
7773,17,1,0.7332886
7774,10,1,0.29150176
7775,8,1,0.37127224
7776,10,0,0.49619564
7777,6,1,0.7451627
7778,10,0,0.3336496
7779,27,0,0.6938561
7780,27,0,0.41412452
7781,11,1,0.21705715
7782,15,0,0.328049
7783,16,1,0.7698072
7784,18,1,0.5066968
7785,14,1,0.67339057
7786,10,1,0.6948653
7787,2,1,0.4026117
7788,20,0,0.6892757
7789,2,0,0.23746696
7790,8,1,0.50760597
7791,16,0,0.5222236
7792,25,0,0.4278545
7793,25,0,0.60007805
7794,3,1,0.958252
7795,14,0,0.64384264
7796,0,1,0.55905664
7797,25,1,0.55673414
7798,13,0,0.37417004
7799,3,1,0.777169
7800,1,0,0.45919755
7801,5,1,0.6158255
7802,19,1,0.32061926
7803,7,1,0.7094708
7804,25,1,0.16464914
7805,26,0,0.8818091
7806,15,1,0.43642378
7807,10,1,0.66687876
7808,14,0,0.35176924
7809,25,1,0.6410278
7810,13,1,0.55025685
7811,19,1,0.64651483
7812,24,0,0.101922736
7813,5,0,0.18973547
7814,6,1,0.83131856
7815,28,0,0.5215545
7816,26,1,0.2267182
7817,7,1,0.2566465
7818,17,1,0.52132124
7819,13,1,0.48905843
7820,6,0,0.3877272
7821,20,1,0.32125214
7822,2,1,0.7448109
7823,20,1,0.78903866
7824,23,1,0.525836
7825,18,0,0.38324443
7826,13,1,0.84911513
7827,7,1,0.924903
7828,9,0,0.46906844
7829,23,1,0.61498004
7830,12,0,0.6491577
7831,8,0,0.27072167
7832,1,1,0.22499245
7833,1,1,0.46442717
7834,15,0,0.56624913
7835,10,0,0.3779734
7836,25,0,0.6479388
7837,20,1,0.7736259
7838,2,1,0.9224641
7839,0,0,0.4264359
7840,25,1,0.59302896
7841,10,1,0.8880755
7842,24,1,0.5383599
7843,27,1,0.67257077
7844,21,1,0.24688685
7845,2,1,0.86290574
7846,10,0,0.339339
7847,15,1,0.36114243
7848,10,0,0.631742
7849,15,0,0.3352822
7850,22,1,0.83807737
7851,26,0,0.2312156
7852,15,1,0.37709275
7853,20,0,0.38741285
7854,9,0,0.13516854
7855,15,0,0.42531338
7856,27,1,0.36810142
7857,15,1,0.47221145
7858,3,1,0.46088654
7859,1,0,0.21063556
7860,18,0,0.20537913
7861,28,1,0.8362101
7862,27,1,0.22992244
7863,25,1,0.27311903
7864,2,1,0.56783414
7865,12,0,0.49736094
7866,26,0,0.10440078
7867,3,1,0.5689746
7868,28,1,0.65558946
7869,17,0,0.1467129
7870,11,1,0.9150143
7871,17,0,0.4946073
7872,2,1,0.63874984
7873,24,1,0.2912458
7874,11,1,0.7321289
7875,20,1,0.59389853
7876,1,0,0.46865785
7877,7,1,0.76407176
7878,6,0,0.367636
7879,18,0,0.43286926
7880,16,0,0.4454911
7881,22,0,0.36096984
7882,18,1,0.49283156
7883,4,1,0.9076648
7884,0,1,0.5005699
7885,6,0,0.25911075
7886,4,0,0.609863
7887,13,0,0.38159987
7888,13,1,0.69451386
7889,25,1,0.86121637
7890,3,0,0.8852471
7891,9,0,0.479867
7892,11,0,0.5367594
7893,10,0,0.17403266
7894,7,1,0.27955383
7895,10,0,0.23072705
7896,10,1,0.70229197
7897,22,0,0.17799248
7898,19,1,0.79014045
7899,16,0,0.4717592
7900,10,1,0.4317662
7901,16,1,0.9469167
7902,8,1,0.47035962
7903,20,0,0.68802977
7904,20,0,0.19804934
7905,7,0,0.43376935
7906,4,0,0.4468275
7907,18,0,0.3051752
7908,16,0,0.1051691
7909,5,0,0.2233462
7910,28,0,0.24122997
7911,6,1,0.8507979
7912,28,1,0.54478043
7913,8,0,0.20729302
7914,16,0,0.14165653
7915,13,0,0.21526031
7916,13,0,0.5115888
7917,12,1,0.9017177
7918,5,0,0.46670738
7919,6,1,0.4327122
7920,8,0,0.3336784
7921,2,1,0.7067205
7922,8,0,0.55061257
7923,15,0,0.19541658
7924,21,1,0.40567267
7925,1,1,0.58074975
7926,10,0,0.30683514
7927,2,1,0.77878255
7928,13,1,0.4943138
7929,26,0,0.4829052
7930,0,0,0.28393424
7931,8,1,0.6623731
7932,27,1,0.6619908
7933,19,1,0.5958222
7934,4,0,0.3254008
7935,15,0,0.5624725
7936,16,0,0.54166526
7937,20,0,0.6643096
7938,2,1,0.8854273
7939,17,0,0.44313577
7940,13,0,0.25706533
7941,17,1,0.7598252
7942,4,0,0.44634378
7943,23,0,0.25555867
7944,1,1,0.92179507
7945,5,0,0.7408854
7946,16,0,0.23364435
7947,15,0,0.35460073
7948,23,1,0.5263918
7949,11,1,0.56593037
7950,13,0,0.22322348
7951,18,1,0.6856599
7952,13,1,0.6561448
7953,11,1,0.6715641
7954,26,1,0.4343895
7955,18,0,0.7789576
7956,5,1,0.9154873
7957,6,1,0.8519518
7958,23,1,0.79831934
7959,12,1,0.49931407
7960,16,1,0.43298733
7961,8,1,0.31060225
7962,6,0,0.21762612
7963,2,0,0.3002396
7964,6,1,0.59388995
7965,10,1,0.61553895
7966,27,1,0.3568652
7967,16,1,0.655002
7968,7,1,0.5239871
7969,20,1,0.9093269
7970,28,0,0.37004673
7971,2,0,0.45539466
7972,16,1,0.53131765
7973,8,1,0.9542889
7974,25,0,0.27354226
7975,8,0,0.20502448
7976,27,0,0.43671334
7977,18,0,0.69342256
7978,28,0,0.45882764
7979,6,0,0.2703117
7980,23,1,0.62555236
7981,15,0,0.15851769
7982,27,1,0.5411372
7983,9,1,0.8814811
7984,7,1,0.394608
7985,16,0,0.4388965
7986,25,0,0.4204193
7987,16,0,0.62578726
7988,5,1,0.78657174
7989,16,0,0.49899083
7990,22,1,0.7944698
7991,9,1,0.7057589
7992,15,1,0.46172413
7993,8,1,0.60450613
7994,12,0,0.29698363
7995,16,1,0.6088316
7996,20,0,0.3930095
7997,17,0,0.28824022
7998,13,1,0.76332897
7999,14,0,0.44957623
8000,25,0,0.52790505
8001,11,0,0.22758003
8002,26,0,0.3605583
8003,1,1,0.92612183
8004,22,1,0.6664303
8005,18,1,0.4344531
8006,3,0,0.3429831
8007,7,0,0.39153263
8008,0,0,0.6352661
8009,26,1,0.84823513
8010,13,0,0.73776144
8011,1,1,0.5086188
8012,6,0,0.43543273
8013,2,0,0.5937162
8014,24,0,0.18348616
8015,11,1,0.33757544
8016,16,1,0.2535662
8017,22,0,0.4906476
8018,27,0,0.6916569
8019,4,0,0.56232786
8020,13,0,0.32591474
8021,26,1,0.4843861
8022,16,1,0.6278151
8023,8,0,0.08304814
8024,15,1,0.50229025
8025,27,0,0.6684856
8026,22,0,0.21506776
8027,27,0,0.6786781
8028,12,1,0.8169238
8029,14,0,0.7467868
8030,2,1,0.5760918
8031,8,1,0.8396227
8032,11,0,0.2884776
8033,20,0,0.44319397
8034,26,0,0.4038951
8035,1,0,0.30827832
8036,15,1,0.7289633
8037,2,0,0.33119407
8038,13,1,0.46588662
8039,22,1,0.77520186
8040,22,1,0.73816854
8041,15,1,0.54634464
8042,26,1,0.6041058
8043,2,1,0.34746757
8044,2,0,0.504346
8045,0,1,0.54722065
8046,13,0,0.7840338
8047,16,0,0.5988188
8048,25,1,0.82274866
8049,2,0,0.34881774
8050,3,1,0.64450943
8051,4,0,0.26429346
8052,23,1,0.34186047
8053,27,0,0.3745369
8054,15,1,0.5785386
8055,4,1,0.868007
8056,10,0,0.6806043
8057,16,1,0.46597278
8058,8,1,0.496625
8059,25,1,0.54849917
8060,1,0,0.04195485
8061,12,1,0.63799673
8062,18,0,0.1763491
8063,18,0,0.20227964
8064,28,1,0.5394073
8065,6,0,0.426288
8066,9,1,0.73519903
8067,19,1,0.29813778
8068,17,1,0.4485041
8069,14,1,0.6137523
8070,2,1,0.43065742
8071,2,1,0.90285975
8072,1,1,0.36049274
8073,10,1,0.7473142
8074,13,0,0.5416492
8075,18,1,0.32142624
8076,3,1,0.34058088
8077,2,0,0.2150566
8078,15,1,0.8658493
8079,10,0,0.25751504
8080,22,1,0.24003942
8081,11,0,0.2355478
8082,4,0,0.44228402
8083,5,0,0.41538888
8084,2,0,0.5526836
8085,20,1,0.6128371
8086,10,1,0.66490537
8087,20,1,0.8387341
8088,7,1,0.57248
8089,15,0,0.3415963
8090,19,1,0.58192
8091,23,0,0.3072807
8092,21,1,0.82493556
8093,24,0,0.30320114
8094,14,0,0.8220516
8095,7,1,0.8277512
8096,6,0,0.39965808
8097,18,1,0.3449249
8098,1,0,0.44601196
8099,11,1,0.6700938
8100,3,0,0.28352377
8101,12,1,0.2711277
8102,12,1,0.71724784
8103,26,0,0.5725344
8104,2,0,0.39717022
8105,22,0,0.25619444
8106,16,1,0.46926466
8107,2,0,0.5004626
8108,5,0,0.07760891
8109,25,0,0.5971115
8110,27,0,0.3805634
8111,10,1,0.883616
8112,1,0,0.1261366
8113,6,1,0.6750737
8114,4,0,0.34804446
8115,2,1,0.9090758
8116,3,0,0.81464475
8117,17,0,0.39173812
8118,9,0,0.5234138
8119,9,0,0.39060667
8120,1,0,0.57161605
8121,2,1,0.9199949
8122,13,0,0.44429794
8123,13,0,0.6079607
8124,20,1,0.5838625
8125,8,0,0.32265365
8126,2,1,0.8173912
8127,5,1,0.3318997
8128,2,1,0.7895461
8129,9,0,0.65642965
8130,21,1,0.52269024
8131,20,0,0.54056275
8132,13,1,0.89141726
8133,26,1,0.68062747
8134,2,1,0.6473931
8135,3,1,0.6139361
8136,15,1,0.4736075
8137,15,1,0.6273264
8138,7,0,0.57176095
8139,0,0,0.29446027
8140,4,1,0.58298105
8141,10,0,0.31326967
8142,2,0,0.44609132
8143,19,1,0.27975106
8144,19,1,0.33709732
8145,17,1,0.77039355
8146,17,0,0.5789298
8147,6,0,0.36141717
8148,23,0,0.23330377
8149,10,0,0.68549144
8150,6,0,0.19603468
8151,12,1,0.5821126
8152,6,1,0.65579265
8153,13,0,0.675128
8154,1,0,0.9053956
8155,20,0,0.5401986
8156,18,0,0.5216638
8157,1,1,0.90627486
8158,15,0,0.3865663
8159,10,0,0.17832437
8160,1,0,0.4590081
8161,15,0,0.430803
8162,13,1,0.40814778
8163,22,1,0.89791775
8164,2,1,0.7115371
8165,28,0,0.54666513
8166,20,1,0.43996164
8167,17,0,0.16171987
8168,2,1,0.49961394
8169,12,1,0.94997674
8170,1,0,0.29737663
8171,9,1,0.5349018
8172,25,1,0.8070585
8173,13,0,0.4322384
8174,20,0,0.39327908
8175,2,1,0.84876883
8176,2,0,0.50646114
8177,12,0,0.5419541
8178,25,1,0.31290296
8179,15,0,0.5608212
8180,6,0,0.61014473
8181,14,1,0.7014214
8182,13,1,0.6374308
8183,13,1,0.56501156
8184,11,1,0.87899774
8185,16,1,0.33098328
8186,26,0,0.3129084
8187,27,1,0.6115226
8188,21,1,0.8022252
8189,27,0,0.45392743
8190,10,1,0.9255185
8191,26,0,0.49457738
8192,16,0,0.109094046
8193,15,1,0.49225593
8194,18,0,0.49545535
8195,11,1,0.82879806
8196,4,1,0.59016085
8197,25,0,0.16892865
8198,16,0,0.44892758
8199,9,1,0.6263591
8200,15,0,0.2623719
8201,3,1,0.4288909
8202,18,0,0.23651628
8203,18,1,0.58826554
8204,2,1,0.5377671
8205,11,1,0.45886916
8206,16,1,0.47450355
8207,21,0,0.51973677
8208,3,0,0.513524
8209,11,0,0.33374643
8210,13,1,0.49579597
8211,23,0,0.1813851
8212,15,1,0.39464295
8213,2,1,0.5691728
8214,3,0,0.46235415
8215,27,1,0.7775031
8216,11,1,0.6667257
8217,20,1,0.6742229
8218,21,1,0.6272901
8219,3,1,0.5166684
8220,16,0,0.64968807
8221,3,1,0.7062531
8222,17,0,0.17886487
8223,26,0,0.6173038
8224,20,0,0.30600724
8225,13,1,0.41143242
8226,8,1,0.42609563
8227,1,0,0.5011165
8228,19,0,0.20060143
8229,13,1,0.73668355
8230,7,0,0.29861185
8231,5,1,0.56763846
8232,25,1,0.8630158
8233,22,0,0.0457573
8234,15,0,0.27267516
8235,24,0,0.55252105
8236,25,1,0.7499225
8237,17,0,0.33415487
8238,13,0,0.7079282
8239,17,0,0.4078485
8240,1,0,0.53075445
8241,8,1,0.7355193
8242,25,0,0.36252764
8243,10,0,0.66870713
8244,1,0,0.3695427
8245,16,1,0.78574526
8246,21,0,0.6659566
8247,8,0,0.3194957
8248,25,0,0.64707136
8249,16,1,0.30625594
8250,18,0,0.72418094
8251,0,0,0.43664587
8252,19,0,0.085829675
8253,8,0,0.389965
8254,13,1,0.76892406
8255,9,1,0.5111687
8256,2,0,0.7999032
8257,10,1,0.59908
8258,26,0,0.3068104
8259,20,1,0.2972357
8260,3,0,0.2702302
8261,22,1,0.72434485
8262,25,0,0.4580021
8263,21,1,0.835399
8264,24,1,0.60019237
8265,2,0,0.11187651
8266,4,1,0.84596634
8267,13,1,0.34914893
8268,3,0,0.5165751
8269,26,1,0.63320524
8270,9,0,0.5208313
8271,25,1,0.18830483
8272,1,0,0.45258877
8273,1,1,0.35679486
8274,9,1,0.8145113
8275,5,0,0.38352618
8276,19,0,0.35696337
8277,2,1,0.7257047
8278,19,0,0.17789398
8279,1,1,0.59846026
8280,6,1,0.5954702
8281,28,0,0.41242123
8282,26,0,0.6924538
8283,8,1,0.7971034
8284,18,0,0.36589715
8285,21,1,0.74220353
8286,14,0,0.3015554
8287,9,0,0.27522507
8288,16,1,0.5226003
8289,7,0,0.39536336
8290,26,0,0.14180788
8291,18,0,0.39078322
8292,17,1,0.5453324
8293,25,1,0.786617
8294,15,1,0.7126445
8295,22,1,0.62315804
8296,10,0,0.32455233
8297,4,1,0.5996577
8298,19,1,0.5298449
8299,26,0,0.1402734
8300,8,1,0.45286378
8301,13,0,0.5968849
8302,10,0,0.6693155
8303,19,0,0.13009399
8304,23,1,0.45264012
8305,28,1,0.4154527
8306,20,1,0.2833907
8307,25,0,0.44758302
8308,6,0,0.434368
8309,6,0,0.65222585
8310,3,1,0.73527884
8311,25,1,0.66363573
8312,13,1,0.8947314
8313,10,1,0.6062824
8314,14,0,0.6992015
8315,28,1,0.32657176
8316,26,0,0.24891277
8317,25,0,0.17696753
8318,22,1,0.34861967
8319,0,0,0.35249245
8320,23,1,0.7251938
8321,10,1,0.22820956
8322,15,1,0.7760959
8323,10,1,0.6363055
8324,6,0,0.35212946
8325,27,1,0.9496604
8326,28,0,0.14127624
8327,22,0,0.5789501
8328,1,0,0.5968602
8329,5,1,0.36566386
8330,20,1,0.42401576
8331,7,0,0.17141448
8332,0,0,0.18330465
8333,16,1,0.14699295
8334,10,1,0.26285684
8335,27,1,0.51395935
8336,23,0,0.7517627
8337,8,1,0.5857566
8338,21,0,0.24272205
8339,3,0,0.31016418
8340,8,1,0.7129156
8341,20,0,0.33447686
8342,12,1,0.7076625
8343,25,1,0.6523675
8344,7,1,0.42787847
8345,6,1,0.41791195
8346,8,0,0.40317503
8347,2,1,0.30051968
8348,2,0,0.16193815
8349,27,1,0.87046665
8350,2,0,0.287573
8351,2,1,0.6042102
8352,8,1,0.9101526
8353,9,1,0.4415423
8354,20,0,0.44492793
8355,15,1,0.6483033
8356,23,1,0.591129
8357,16,1,0.8775411
8358,26,0,0.33866075
8359,3,1,0.17993206
8360,17,1,0.3561269
8361,28,1,0.5757551
8362,26,1,0.8239436
8363,10,1,0.64994365
8364,2,0,0.205843
8365,2,1,0.6386946
8366,5,1,0.49076173
8367,12,1,0.600414
8368,1,1,0.5270746
8369,13,1,0.55956244
8370,2,1,0.35621977
8371,28,0,0.28607172
8372,20,0,0.63218004
8373,15,1,0.51791126
8374,4,1,0.30794877
8375,20,1,0.6895112
8376,15,0,0.28229284
8377,3,0,0.20869963
8378,16,0,0.28801483
8379,16,0,0.49636024
8380,13,0,0.41264182
8381,14,0,0.4147205
8382,12,1,0.35077032
8383,6,0,0.647417
8384,20,0,0.2436432
8385,11,1,0.7712854
8386,25,1,0.5471192
8387,9,0,0.3617263
8388,27,0,0.36586186
8389,15,0,0.36102143
8390,7,0,0.7159431
8391,11,0,0.11431983
8392,17,0,0.41125602
8393,19,0,0.4273876
8394,24,0,0.5220232
8395,27,0,0.3229455
8396,16,1,0.59592366
8397,1,0,0.5917094
8398,15,1,0.43572876
8399,2,1,0.78396314
8400,14,0,0.35487625
8401,21,0,0.4051535
8402,27,0,0.1802258
8403,5,1,0.313726
8404,21,1,0.91380566
8405,1,0,0.5969599
8406,15,0,0.4884001
8407,16,0,0.1113009
8408,22,1,0.8820555
8409,17,1,0.5220703
8410,22,1,0.66810685
8411,26,0,0.45474237
8412,28,0,0.18885374
8413,2,0,0.10293223
8414,9,1,0.91564894
8415,19,0,0.6035353
8416,27,1,0.61648256
8417,13,0,0.19733027
8418,18,0,0.2035293
8419,15,1,0.40783706
8420,25,1,0.67176634
8421,8,0,0.2790863
8422,28,1,0.57529503
8423,12,1,0.9252744
8424,25,1,0.7990194
8425,0,0,0.11583764
8426,26,1,0.76697415
8427,11,1,0.60787374
8428,4,1,0.71831703
8429,12,1,0.80895066
8430,0,0,0.24456172
8431,8,1,0.660248
8432,8,0,0.44073746
8433,10,1,0.4714482
8434,6,0,0.67748076
8435,17,1,0.66111535
8436,16,1,0.5346266
8437,27,0,0.297118
8438,18,0,0.2092265
8439,6,0,0.21436241
8440,6,0,0.36637324
8441,28,1,0.80208087
8442,28,0,0.21329927
8443,26,1,0.8859975
8444,28,1,0.8227697
8445,26,1,0.9520669
8446,14,1,0.52877843
8447,9,1,0.78067595
8448,17,0,0.7420716
8449,14,0,0.32493052
8450,2,0,0.21749604
8451,1,1,0.50473595
8452,23,0,0.34353578
8453,20,0,0.39125094
8454,16,0,0.44902006
8455,25,1,0.82834136
8456,8,1,0.47115883
8457,26,1,0.5589036
8458,12,1,0.5526556
8459,10,1,0.89403003
8460,23,1,0.62356526
8461,19,0,0.53210896
8462,10,0,0.4292233
8463,6,0,0.8323829
8464,27,0,0.6643391
8465,7,0,0.40763333
8466,23,1,0.71700275
8467,14,1,0.5049764
8468,8,1,0.62173074
8469,23,0,0.31127977
8470,20,0,0.32754028
8471,4,1,0.51179206
8472,13,0,0.53379965
8473,8,1,0.5527866
8474,8,1,0.519005
8475,11,0,0.37843066
8476,25,1,0.64773387
8477,13,0,0.6105286
8478,20,1,0.9635773
8479,5,1,0.4014873
8480,3,0,0.2633903
8481,26,0,0.34311718
8482,5,0,0.53232354
8483,8,1,0.4690756
8484,15,0,0.19114298
8485,15,1,0.8765771
8486,24,1,0.6758649
8487,26,1,0.39380142
8488,15,1,0.6520854
8489,21,0,0.659734
8490,12,0,0.13778909
8491,12,1,0.85800076
8492,8,0,0.29877752
8493,25,1,0.97175455
8494,12,1,0.708847
8495,24,1,0.5620252
8496,14,1,0.3689621
8497,27,0,0.6163307
8498,11,1,0.31135827
8499,16,0,0.27055192
8500,11,1,0.8763957
8501,14,0,0.52559334
8502,12,0,0.91716737
8503,27,1,0.75606996
8504,20,0,0.50949055
8505,11,0,0.6028714
8506,13,1,0.6410091
8507,12,1,0.89051634
8508,3,1,0.37750322
8509,20,1,0.84306616
8510,22,1,0.23568992
8511,11,1,0.1435539
8512,9,1,0.5483829
8513,9,1,0.43366447
8514,11,1,0.4863444
8515,8,0,0.6891744
8516,27,0,0.3896319
8517,1,1,0.33720326
8518,28,0,0.10474668
8519,8,0,0.15609987
8520,1,1,0.6096942
8521,13,0,0.44062856
8522,13,1,0.50258106
8523,9,1,0.5343809
8524,1,1,0.4963689
8525,22,1,0.3613265
8526,25,1,0.81044054
8527,8,1,0.7759604
8528,5,0,0.6609041
8529,1,1,0.8823676
8530,16,0,0.28240708
8531,13,0,0.66787905
8532,24,1,0.610682
8533,5,0,0.26514673
8534,5,0,0.5440098
8535,22,1,0.9067481
8536,24,0,0.8838779
8537,10,0,0.48371017
8538,14,1,0.39727366
8539,3,0,0.54363716
8540,19,1,0.3657294
8541,22,1,0.6611623
8542,10,0,0.28172737
8543,9,1,0.5576798
8544,7,1,0.75622934
8545,6,0,0.6303959
8546,13,0,0.10675835
8547,3,1,0.45887196
8548,12,0,0.29870734
8549,25,1,0.6737411
8550,22,0,0.33121246
8551,23,1,0.76622945
8552,25,1,0.6312634
8553,19,1,0.911029
8554,6,0,0.5522673
8555,18,1,0.9201306
8556,18,1,0.46167886
8557,26,0,0.26062173
8558,28,1,0.44135386
8559,16,0,0.34117964
8560,26,1,0.41721967
8561,22,1,0.84202355
8562,20,1,0.42727754
8563,2,0,0.27780837
8564,9,0,0.23512748
8565,1,0,0.511653
8566,3,1,0.84324133
8567,14,1,0.4524329
8568,22,1,0.9701774
8569,23,0,0.31100416
8570,15,0,0.14177154
8571,10,1,0.7860445
8572,22,0,0.4105686
8573,13,1,0.49729997
8574,2,1,0.82806206
8575,27,0,0.4907143
8576,0,1,0.711144
8577,2,1,0.3925777
8578,12,1,0.69823873
8579,20,0,0.32443956
8580,27,0,0.37690842
8581,21,0,0.587649
8582,23,0,0.27754697
8583,15,0,0.26374123
8584,16,1,0.5527763
8585,21,1,0.71066236
8586,13,0,0.24607101
8587,16,0,0.24584992
8588,13,1,0.5493346
8589,23,1,0.40027383
8590,21,1,0.8436645
8591,21,1,0.27986202
8592,25,0,0.39745367
8593,1,1,0.61433786
8594,26,1,0.35402548
8595,10,0,0.3334475
8596,2,1,0.48061526
8597,15,1,0.23820515
8598,3,0,0.26451206
8599,8,0,0.49364215
8600,17,1,0.7423435
8601,4,1,0.64495355
8602,19,1,0.5471383
8603,16,1,0.67744964
8604,14,0,0.2563744
8605,16,0,0.19532506
8606,2,0,0.59144634
8607,13,1,0.7393858
8608,20,0,0.5603982
8609,13,1,0.7331424
8610,28,1,0.67214054
8611,15,1,0.5126601
8612,11,0,0.65793014
8613,10,0,0.5570336
8614,16,1,0.4732108
8615,13,1,0.5961582
8616,5,1,0.62601584
8617,5,0,0.10759973
8618,11,1,0.5903092
8619,10,0,0.6093632
8620,0,1,0.45280948
8621,3,0,0.44142085
8622,14,0,0.18515292
8623,13,0,0.16541389
8624,3,0,0.5307291
8625,9,1,0.94781077
8626,23,1,0.7135343
8627,25,1,0.53477705
8628,19,1,0.36499533
8629,6,1,0.48777294
8630,17,1,0.6595136
8631,13,0,0.69807523
8632,26,1,0.9824593
8633,22,1,0.43591177
8634,15,0,0.5162582
8635,12,0,0.37045145
8636,15,1,0.41709906
8637,26,1,0.8065364
8638,26,1,0.57776636
8639,24,0,0.18590271
8640,3,1,0.8834356
8641,10,0,0.27572873
8642,28,1,0.8532548
8643,10,0,0.5179157
8644,26,0,0.6977488
8645,16,0,0.45609546
8646,1,0,0.42816776
8647,14,0,0.2623387
8648,20,1,0.5822499
8649,11,1,0.864382
8650,26,0,0.6013451
8651,7,1,0.90944916
8652,13,0,0.31657755
8653,11,1,0.73383343
8654,11,1,0.5564495
8655,2,1,0.4851677
8656,10,0,0.15504372
8657,7,1,0.20311162
8658,2,0,0.53485996
8659,26,1,0.610112
8660,2,1,0.8563287
8661,2,1,0.96636325
8662,14,0,0.49300498
8663,8,0,0.26635388
8664,4,1,0.39358044
8665,2,0,0.38386437
8666,10,0,0.16812418
8667,4,1,0.88855815
8668,10,1,0.68277955
8669,4,0,0.61584705
8670,15,0,0.4017317
8671,26,1,0.6342393
8672,12,0,0.50425684
8673,15,0,0.26260576
8674,2,1,0.91435957
8675,17,1,0.6683185
8676,9,0,0.271117
8677,2,1,0.5592481
8678,24,1,0.81012565
8679,25,0,0.5934437
8680,25,0,0.4480041
8681,12,1,0.59158194
8682,1,0,0.448089
8683,25,1,0.9090774
8684,16,0,0.15983957
8685,2,1,0.827928
8686,6,0,0.32646883
8687,11,0,0.48796567
8688,16,0,0.138273
8689,6,0,0.18648787
8690,2,1,0.41450596
8691,6,0,0.55318224
8692,2,0,0.32907256
8693,8,0,0.39427906
8694,25,0,0.17515025
8695,7,1,0.3069265
8696,15,1,0.78653353
8697,13,1,0.6791799
8698,19,0,0.23664123
8699,27,1,0.40125975
8700,10,1,0.4119263
8701,21,0,0.2849048
8702,13,1,0.7907486
8703,0,0,0.21609822
8704,0,1,0.3919196
8705,13,0,0.34376317
8706,26,1,0.97343284
8707,14,1,0.6889926
8708,11,0,0.318785
8709,27,0,0.31880215
8710,17,0,0.28635898
8711,26,1,0.8741272
8712,26,0,0.2636187
8713,6,0,0.22927925
8714,13,0,0.2644916
8715,8,0,0.4101383
8716,11,0,0.58944076
8717,15,1,0.71019167
8718,11,1,0.8329102
8719,27,1,0.7354341
8720,12,1,0.38118458
8721,7,1,0.34538525
8722,18,0,0.93432415
8723,1,0,0.15023541
8724,18,0,0.48234886
8725,2,1,0.8664107
8726,18,0,0.33645025
8727,4,0,0.5100973
8728,13,1,0.750963
8729,24,1,0.23723109
8730,21,0,0.6871943
8731,6,0,0.4434528
8732,6,0,0.5534288
8733,12,0,0.23958479
8734,6,1,0.84597623
8735,4,1,0.72238696
8736,17,0,0.20572302
8737,19,1,0.77536047
8738,13,1,0.26406237
8739,9,1,0.36609277
8740,28,1,0.33854502
8741,15,1,0.66155547
8742,21,1,0.2585808
8743,20,1,0.77756965
8744,26,0,0.33904085
8745,0,1,0.20267315
8746,3,0,0.21228787
8747,14,1,0.69877553
8748,16,0,0.7288188
8749,18,0,0.21042378
8750,3,1,0.39355874
8751,15,1,0.4125533
8752,27,0,0.2858443
8753,23,0,0.4961732
8754,22,0,0.20851098
8755,22,1,0.33795717
8756,11,1,0.4991579
8757,28,1,0.44931775
8758,14,0,0.74333197
8759,16,0,0.3051398
8760,2,1,0.44857177
8761,21,0,0.06556627
8762,26,1,0.45869836
8763,3,1,0.7323662
8764,15,1,0.90957814
8765,12,0,0.23012392
8766,13,0,0.7131715
8767,19,0,0.60857296
8768,10,0,0.5940916
8769,5,1,0.48677483
8770,15,1,0.5697906
8771,15,0,0.27031592
8772,16,0,0.31509334
8773,16,0,0.31061724
8774,1,1,0.63160807
8775,1,1,0.3451189
8776,27,0,0.3085588
8777,26,1,0.642295
8778,1,1,0.7045108
8779,2,0,0.38485733
8780,27,0,0.32976863
8781,12,0,0.11931855
8782,16,0,0.29395917
8783,26,1,0.31435874
8784,9,0,0.20554972
8785,4,0,0.43036494
8786,18,0,0.82413316
8787,15,1,0.28660154
8788,4,1,0.61721885
8789,6,0,0.52531147
8790,26,1,0.36805004
8791,18,0,0.16763958
8792,24,0,0.26084322
8793,4,0,0.34143788
8794,2,0,0.20544703
8795,14,1,0.634562
8796,15,0,0.5407541
8797,16,0,0.58915854
8798,23,1,0.34652022
8799,2,1,0.827192
8800,3,0,0.3156677
8801,2,1,0.4461941
8802,8,1,0.87687755
8803,1,0,0.28547108
8804,11,0,0.43524376
8805,22,0,0.3115524
8806,13,0,0.17032234
8807,6,0,0.50580645
8808,27,1,0.31570688
8809,21,1,0.43317425
8810,14,0,0.56826764
8811,28,1,0.6623589
8812,13,1,0.5770377
8813,10,1,0.282468
8814,10,1,0.6270511
8815,25,1,0.7674144
8816,1,1,0.6363969
8817,14,1,0.82257634
8818,16,0,0.6513491
8819,2,0,0.3522753
8820,1,1,0.44012308
8821,10,1,0.59477377
8822,10,1,0.42686602
8823,28,1,0.87748086
8824,16,0,0.26311845
8825,11,0,0.32923496
8826,6,0,0.7921764
8827,7,1,0.6587255
8828,10,0,0.5036147
8829,24,0,0.616153
8830,24,1,0.56214285
8831,0,1,0.73961276
8832,0,0,0.41473326
8833,19,0,0.27412137
8834,0,1,0.40300295
8835,2,0,0.54979485
8836,16,1,0.55930436
8837,25,0,0.21379435
8838,19,0,0.46540052
8839,10,1,0.7733213
8840,2,0,0.13331018
8841,18,0,0.58380777
8842,23,1,0.655069
8843,19,1,0.698969
8844,1,0,0.49272317
8845,12,1,0.5088322
8846,1,1,0.4239433
8847,2,1,0.46493623
8848,10,1,0.37595147
8849,11,1,0.8343729
8850,3,1,0.5548338
8851,11,0,0.08780043
8852,25,1,0.40524057
8853,6,0,0.27846277
8854,17,1,0.107632615
8855,16,1,0.61551666
8856,22,0,0.442912
8857,6,0,0.47692618
8858,9,0,0.32107994
8859,21,1,0.96688175
8860,3,0,0.12870842
8861,21,0,0.39282992
8862,13,0,0.61726385
8863,12,1,0.6982374
8864,23,0,0.774885
8865,20,1,0.69602746
8866,11,1,0.68466
8867,7,0,0.46573964
8868,27,1,0.84438926
8869,13,1,0.8867265
8870,14,0,0.07737072
8871,16,0,0.4449774
8872,27,0,0.07943858
8873,18,0,0.16319798
8874,3,1,0.4423111
8875,12,0,0.19451955
8876,15,1,0.90584135
8877,7,0,0.46516588
8878,16,1,0.66090876
8879,18,0,0.53588337
8880,13,1,0.6583126
8881,10,1,0.7799117
8882,20,0,0.5850536
8883,9,0,0.18223172
8884,17,0,0.5746984
8885,9,1,0.5607481
8886,27,1,0.564038
8887,1,1,0.4790266
8888,14,0,0.676518
8889,4,1,0.2949561
8890,22,0,0.42277822
8891,1,1,0.32865375
8892,2,0,0.2201553
8893,13,1,0.2678359
8894,2,0,0.3249088
8895,5,0,0.25384226
8896,25,1,0.8708557
8897,16,1,0.6382686
8898,2,1,0.87182593
8899,1,1,0.59688836
8900,17,1,0.4140823
8901,1,1,0.40952474
8902,9,0,0.47936958
8903,12,1,0.15390708
8904,3,0,0.16746528
8905,0,1,0.54600406
8906,22,0,0.22342655
8907,15,0,0.17606479
8908,0,1,0.62298936
8909,21,0,0.45895922
8910,14,1,0.48224404
8911,16,0,0.48234403
8912,16,1,0.6041359
8913,2,0,0.62786263
8914,1,0,0.15019137
8915,5,1,0.76795876
8916,26,1,0.8629671
8917,23,1,0.80498636
8918,20,0,0.8258306
8919,28,0,0.7860577
8920,1,0,0.22405642
8921,28,0,0.43625692
8922,18,0,0.40004957
8923,8,0,0.32253253
8924,16,1,0.481824
8925,2,0,0.14525132
8926,15,1,0.6859725
8927,5,0,0.64914393
8928,26,0,0.14831568
8929,1,1,0.68328977
8930,12,1,0.51931953
8931,11,0,0.4368137
8932,2,0,0.48153603
8933,8,0,0.4435397
8934,26,0,0.15655433
8935,28,0,0.2466532
8936,20,1,0.55841935
8937,13,1,0.27295884
8938,15,1,0.9212978
8939,22,1,0.7835957
8940,16,1,0.3174182
8941,1,0,0.85989475
8942,2,0,0.29354575
8943,11,0,0.6284626
8944,5,0,0.46818963
8945,22,0,0.31601948
8946,17,0,0.45369264
8947,15,1,0.46616265
8948,27,1,0.4200223
8949,15,0,0.37845832
8950,25,0,0.45216155
8951,25,0,0.36130807
8952,13,1,0.86818206
8953,3,0,0.27482265
8954,15,1,0.23442395
8955,27,0,0.25750828
8956,27,1,0.36425498
8957,12,0,0.12515421
8958,8,1,0.5440799
8959,22,1,0.7661925
8960,16,1,0.43244973
8961,26,0,0.33289498
8962,17,0,0.65519285
8963,4,1,0.12623976
8964,12,0,0.1393943
8965,18,0,0.15176366
8966,26,1,0.6709285
8967,5,1,0.51461893
8968,3,1,0.671922
8969,16,0,0.579361
8970,18,0,0.1286305
8971,12,1,0.6370867
8972,21,1,0.67233294
8973,7,0,0.73105824
8974,11,0,0.28266227
8975,19,1,0.74690294
8976,8,0,0.49019676
8977,19,0,0.7323475
8978,5,0,0.533912
8979,9,0,0.09633899
8980,14,0,0.75571257
8981,20,1,0.46976212
8982,25,0,0.46017823
8983,7,1,0.9160018
8984,10,1,0.5022425
8985,16,0,0.15648486
8986,13,0,0.4345079
8987,15,1,0.79055035
8988,16,0,0.49463594
8989,18,0,0.39987224
8990,2,0,0.2882344
8991,22,1,0.9494794
8992,1,0,0.334194
8993,6,1,0.6851993
8994,10,1,0.82197374
8995,1,0,0.14983517
8996,22,1,0.86518824
8997,11,0,0.13947973
8998,2,0,0.31758225
8999,20,1,0.2810958
9000,26,0,0.23210952
9001,8,0,0.122062705
9002,1,0,0.52892214
9003,13,0,0.22959626
9004,13,1,0.6687228
9005,25,0,0.7582677
9006,16,0,0.30696142
9007,28,1,0.57679147
9008,15,0,0.8766763
9009,25,1,0.5313058
9010,16,1,0.3031746
9011,22,0,0.112966344
9012,2,0,0.49079728
9013,12,1,0.40638122
9014,28,1,0.821722
9015,23,0,0.28525105
9016,1,0,0.62382334
9017,23,1,0.5518011
9018,26,1,0.95544624
9019,19,0,0.29262125
9020,15,1,0.2833319
9021,21,0,0.23767702
9022,26,0,0.28908518
9023,2,0,0.29053584
9024,26,1,0.48241243
9025,10,1,0.596448
9026,1,0,0.2350701
9027,20,1,0.5311285
9028,7,0,0.57261574
9029,17,0,0.39358696
9030,23,1,0.7190701
9031,7,0,0.682073
9032,14,0,0.74358165
9033,22,0,0.29739913
9034,23,1,0.5670763
9035,3,0,0.38419577
9036,11,1,0.948311
9037,25,1,0.67690086
9038,16,1,0.7149544
9039,13,0,0.44549966
9040,5,1,0.51965123
9041,13,0,0.26889846
9042,18,1,0.6923802
9043,25,1,0.22789004
9044,27,1,0.832578
9045,17,1,0.52759004
9046,21,1,0.94330716
9047,14,0,0.14234953
9048,6,0,0.2056546
9049,8,0,0.158551
9050,19,1,0.33317697
9051,5,0,0.40631607
9052,7,0,0.27088326
9053,1,0,0.1585786
9054,13,1,0.8001215
9055,7,1,0.5982643
9056,9,0,0.6609833
9057,6,0,0.27592608
9058,4,0,0.26931196
9059,16,0,0.2508759
9060,13,1,0.29497656
9061,10,0,0.30597734
9062,11,0,0.096347846
9063,9,0,0.5893288
9064,16,1,0.8917287
9065,17,1,0.5616642
9066,12,0,0.586572
9067,28,1,0.7613625
9068,27,1,0.28367767
9069,25,1,0.5872647
9070,3,0,0.4388947
9071,22,1,0.41619787
9072,4,1,0.678414
9073,27,1,0.8623921
9074,24,1,0.65208673
9075,27,1,0.6820238
9076,11,0,0.21416853
9077,14,0,0.24252258
9078,10,0,0.33009207
9079,16,0,0.28806645
9080,4,0,0.35487062
9081,10,1,0.7966091
9082,1,0,0.435847
9083,27,1,0.48537353
9084,9,1,0.6837585
9085,14,0,0.2711124
9086,24,0,0.5430667
9087,0,0,0.29977834
9088,15,0,0.38542774
9089,2,0,0.19605334
9090,8,0,0.29561976
9091,8,1,0.80157644
9092,18,0,0.5220581
9093,24,0,0.18941902
9094,26,0,0.4440586
9095,0,1,0.7551682
9096,5,1,0.6516961
9097,23,1,0.90912604
9098,15,1,0.8544195
9099,25,0,0.69185174
9100,1,1,0.72100925
9101,24,0,0.5269185
9102,13,0,0.19253026
9103,0,1,0.30225742
9104,8,0,0.22778828
9105,24,1,0.59192884
9106,8,0,0.3928792
9107,28,0,0.381296
9108,25,1,0.57955337
9109,3,0,0.29945087
9110,2,0,0.4307577
9111,14,0,0.38301644
9112,6,1,0.953716
9113,20,1,0.6329081
9114,11,1,0.66876084
9115,16,0,0.72624063
9116,28,1,0.62870574
9117,2,0,0.3895507
9118,20,1,0.51422906
9119,4,1,0.6628834
9120,11,0,0.40157765
9121,0,0,0.35084194
9122,2,0,0.72771454
9123,2,1,0.18562898
9124,12,1,0.49400598
9125,9,0,0.29927555
9126,13,1,0.37569183
9127,12,0,0.44739157
9128,26,0,0.48455274
9129,4,0,0.28698936
9130,16,0,0.7812383
9131,26,1,0.42041972
9132,26,0,0.323966
9133,26,0,0.42100674
9134,27,0,0.14371093
9135,13,1,0.5361791
9136,3,0,0.2561744
9137,2,1,0.67683977
9138,0,1,0.63744193
9139,22,0,0.3370538
9140,20,0,0.42669967
9141,13,0,0.25415364
9142,8,1,0.8787421
9143,15,1,0.31051046
9144,5,0,0.48970333
9145,18,1,0.90605044
9146,25,0,0.15117821
9147,14,0,0.30529165
9148,20,1,0.85292876
9149,8,0,0.5251011
9150,2,1,0.5750582
9151,15,1,0.74547
9152,16,1,0.36082032
9153,3,0,0.38930416
9154,17,1,0.38077304
9155,4,0,0.2238902
9156,25,0,0.38551
9157,25,0,0.43967542
9158,5,1,0.89776593
9159,26,0,0.19954841
9160,23,1,0.8099734
9161,10,1,0.65508044
9162,8,1,0.8846166
9163,9,1,0.45818877
9164,7,0,0.8992436
9165,15,0,0.07530088
9166,18,1,0.9043602
9167,6,1,0.49609393
9168,8,0,0.44574827
9169,11,1,0.7562331
9170,17,1,0.93174416
9171,3,1,0.7307621
9172,26,1,0.5186844
9173,17,0,0.06475966
9174,2,1,0.4599305
9175,2,0,0.27853397
9176,13,0,0.27855453
9177,22,0,0.31293213
9178,7,0,0.7417935
9179,16,1,0.76486605
9180,22,1,0.7035836
9181,25,0,0.47978002
9182,15,1,0.83197606
9183,25,0,0.4892441
9184,15,0,0.2667583
9185,16,0,0.67325056
9186,1,1,0.4896286
9187,3,0,0.3387097
9188,27,0,0.33881876
9189,10,1,0.6460734
9190,10,0,0.59782195
9191,22,0,0.34527522
9192,2,1,0.6080491
9193,3,0,0.63341415
9194,11,0,0.42191264
9195,25,0,0.4550667
9196,20,1,0.7255432
9197,7,1,0.43645403
9198,2,1,0.91765285
9199,2,0,0.24061525
9200,21,0,0.3998907
9201,14,1,0.7530542
9202,5,0,0.45171726
9203,4,0,0.38397568
9204,8,1,0.80629283
9205,15,1,0.5397397
9206,18,1,0.6205292
9207,1,1,0.45648518
9208,15,1,0.91842836
9209,2,1,0.30775633
9210,24,1,0.8179376
9211,22,1,0.4920761
9212,22,1,0.6834253
9213,12,1,0.5869857
9214,11,1,0.5026034
9215,16,0,0.32335845
9216,22,1,0.6052513
9217,22,0,0.49886924
9218,7,1,0.9287441
9219,20,0,0.40615773
9220,28,1,0.2938131
9221,12,0,0.40467817
9222,12,0,0.33430186
9223,12,1,0.7158181
9224,21,0,0.5252615
9225,3,1,0.4182519
9226,15,0,0.31037447
9227,8,0,0.74491084
9228,16,0,0.59917057
9229,24,1,0.6779604
9230,16,1,0.8148044
9231,16,0,0.33366784
9232,28,1,0.5257727
9233,18,0,0.476089
9234,25,0,0.18990278
9235,13,0,0.29089156
9236,5,1,0.5254064
9237,26,0,0.6301128
9238,28,1,0.7261379
9239,27,1,0.2744618
9240,26,0,0.44228876
9241,3,1,0.48895934
9242,19,1,0.43242574
9243,8,1,0.70194286
9244,8,1,0.3412104
9245,18,1,0.7511476
9246,2,1,0.5187979
9247,18,0,0.34940213
9248,24,0,0.38289073
9249,1,0,0.4373965
9250,27,0,0.23412032
9251,11,1,0.5381039
9252,26,1,0.72293824
9253,16,1,0.31438506
9254,18,0,0.36154765
9255,25,1,0.68292844
9256,16,0,0.27564117
9257,22,1,0.23854819
9258,0,1,0.5960756
9259,13,1,0.8254262
9260,13,0,0.6099572
9261,16,1,0.63351923
9262,26,1,0.79966795
9263,12,0,0.2829368
9264,6,0,0.19558316
9265,26,1,0.8210287
9266,20,0,0.2532427
9267,28,0,0.416679
9268,0,1,0.934977
9269,12,1,0.62331796
9270,27,1,0.83819443
9271,4,1,0.78528607
9272,12,0,0.18881612
9273,19,1,0.7993416
9274,8,1,0.9587448
9275,8,1,0.86678463
9276,8,1,0.3908555
9277,13,0,0.24798681
9278,12,0,0.47622326
9279,4,0,0.511996
9280,2,1,0.63775676
9281,16,0,0.611403
9282,24,0,0.2115977
9283,19,1,0.9003054
9284,7,1,0.80085033
9285,17,0,0.53255934
9286,24,0,0.16159433
9287,22,1,0.8187258
9288,0,0,0.3380529
9289,17,0,0.44512266
9290,15,0,0.48207173
9291,15,0,0.4865643
9292,1,1,0.4886408
9293,0,1,0.7370126
9294,15,0,0.16270192
9295,25,1,0.72663385
9296,7,0,0.20724213
9297,0,0,0.62599903
9298,16,1,0.91413146
9299,16,1,0.54442096
9300,17,0,0.30197027
9301,8,1,0.7199329
9302,14,1,0.8939327
9303,20,1,0.66242474
9304,13,0,0.5423625
9305,27,0,0.38505614
9306,8,1,0.5656294
9307,2,0,0.26742962
9308,1,1,0.53992856
9309,21,1,0.38960916
9310,15,0,0.304488
9311,17,1,0.5706491
9312,19,0,0.17452182
9313,17,0,0.47547174
9314,15,1,0.5039688
9315,13,0,0.14677215
9316,2,1,0.12858325
9317,11,0,0.16872843
9318,10,1,0.7103879
9319,25,1,0.37849164
9320,25,0,0.58185565
9321,14,0,0.69526273
9322,17,1,0.6887392
9323,13,1,0.65127265
9324,17,0,0.30126324
9325,11,1,0.50708157
9326,27,1,0.30828607
9327,12,1,0.78660893
9328,2,0,0.5913326
9329,7,0,0.28541696
9330,24,0,0.19732356
9331,20,0,0.5894455
9332,22,0,0.81679475
9333,16,1,0.28740603
9334,12,1,0.86498535
9335,11,0,0.32604894
9336,13,1,0.6482773
9337,8,1,0.31691566
9338,20,0,0.54749155
9339,24,0,0.62844163
9340,25,0,0.34734696
9341,22,0,0.3634909
9342,10,0,0.7382274
9343,2,1,0.38421297
9344,26,1,0.5351019
9345,10,1,0.66369903
9346,3,1,0.5520457
9347,1,1,0.4455762
9348,1,1,0.52321947
9349,14,0,0.37868991
9350,18,1,0.7618613
9351,28,0,0.3919995
9352,1,1,0.50182885
9353,22,1,0.28461367
9354,22,0,0.451249
9355,11,0,0.3333251
9356,21,0,0.3757912
9357,13,1,0.42609042
9358,16,0,0.7034129
9359,25,1,0.37518892
9360,12,1,0.8787506
9361,25,0,0.3325951
9362,2,0,0.35043064
9363,1,0,0.37075856
9364,8,1,0.916881
9365,15,1,0.97279716
9366,16,0,0.29284486
9367,11,1,0.14738163
9368,8,0,0.4427122
9369,1,1,0.516049
9370,22,0,0.71762395
9371,11,0,0.36494735
9372,18,1,0.82139516
9373,7,1,0.398118
9374,16,1,0.7221652
9375,27,1,0.5208319
9376,7,0,0.8133486
9377,10,1,0.68172663
9378,13,0,0.24937353
9379,13,1,0.8223222
9380,22,0,0.2035411
9381,15,1,0.57197446
9382,8,1,0.8957453
9383,12,0,0.3184689
9384,24,1,0.9282217
9385,15,0,0.32353833
9386,13,1,0.50059813
9387,24,0,0.54523414
9388,1,0,0.30685374
9389,13,0,0.22079779
9390,24,0,0.61084193
9391,22,1,0.72257364
9392,24,1,0.6681367
9393,9,0,0.37341028
9394,11,0,0.3023116
9395,13,0,0.35435203
9396,3,0,0.77647465
9397,2,1,0.7496736
9398,1,0,0.5753624
9399,0,0,0.21185347
9400,18,1,0.18787462
9401,0,1,0.5593189
9402,12,1,0.81087977
9403,12,1,0.62070256
9404,15,0,0.39050582
9405,21,0,0.54101104
9406,11,0,0.17423007
9407,16,1,0.550501
9408,20,0,0.19379951
9409,1,1,0.38379496
9410,15,0,0.6094011
9411,27,1,0.83737445
9412,11,0,0.7150638
9413,12,0,0.28264257
9414,2,1,0.6139243
9415,6,0,0.36561114
9416,17,1,0.48577222
9417,13,1,0.35421026
9418,2,1,0.6549218
9419,5,1,0.31985945
9420,4,1,0.25053313
9421,10,0,0.28480306
9422,4,1,0.5321319
9423,23,0,0.16308022
9424,25,1,0.68890154
9425,25,1,0.6132075
9426,0,0,0.63849634
9427,21,1,0.20871869
9428,0,0,0.4959543
9429,13,1,0.6901966
9430,23,0,0.64141345
9431,21,1,0.43377787
9432,9,1,0.17997335
9433,18,0,0.26785067
9434,13,1,0.9349001
9435,24,1,0.548266
9436,16,1,0.66385466
9437,27,0,0.77065724
9438,16,0,0.51486796
9439,6,0,0.29807836
9440,27,0,0.49432987
9441,13,1,0.8085375
9442,22,1,0.41606167
9443,16,1,0.49682724
9444,27,0,0.5428458
9445,23,0,0.2660133
9446,16,0,0.2759067
9447,2,1,0.31370544
9448,27,0,0.5930687
9449,8,0,0.24869376
9450,24,1,0.604952
9451,16,0,0.40826556
9452,2,1,0.3120277
9453,16,1,0.4867224
9454,1,1,0.61783576
9455,10,0,0.2314659
9456,27,1,0.65779406
9457,17,1,0.5442794
9458,17,1,0.3977221
9459,6,0,0.33506328
9460,6,0,0.25099674
9461,27,0,0.86354613
9462,19,0,0.3909701
9463,1,1,0.6509863
9464,13,1,0.34131315
9465,26,1,0.81506705
9466,13,0,0.20678069
9467,8,1,0.7318029
9468,27,0,0.109433785
9469,19,0,0.39457896
9470,19,1,0.2423583
9471,25,0,0.07622603
9472,21,0,0.6848725
9473,2,1,0.7492491
9474,26,0,0.2112888
9475,27,1,0.60747063
9476,11,0,0.3710215
9477,8,1,0.4218924
9478,19,0,0.5087994
9479,20,1,0.37281436
9480,2,0,0.6306634
9481,8,1,0.8913237
9482,20,1,0.6349898
9483,25,1,0.42623374
9484,1,1,0.8419898
9485,27,0,0.58018464
9486,27,0,0.20708734
9487,9,0,0.17134003
9488,15,0,0.20524962
9489,10,0,0.18874362
9490,16,1,0.6568325
9491,2,0,0.40573585
9492,17,0,0.6731385
9493,13,1,0.3698782
9494,6,0,0.32923526
9495,17,1,0.4637467
9496,9,0,0.5435007
9497,14,1,0.7333787
9498,13,1,0.6205395
9499,1,0,0.32654166
9500,3,0,0.3866711
9501,8,0,0.6438255
9502,12,0,0.3013653
9503,4,1,0.5496845
9504,10,1,0.886849
9505,27,1,0.69475305
9506,27,0,0.4435747
9507,1,1,0.7792004
9508,26,0,0.21095502
9509,9,1,0.8287808
9510,8,1,0.31390613
9511,28,1,0.93362194
9512,14,1,0.5119647
9513,5,1,0.8439189
9514,13,0,0.23685288
9515,19,1,0.809223
9516,23,1,0.7778435
9517,2,1,0.8845585
9518,10,1,0.46030766
9519,2,0,0.2945485
9520,26,1,0.45332924
9521,23,0,0.4187407
9522,9,1,0.5607118
9523,17,0,0.20237786
9524,17,0,0.4612344
9525,22,1,0.34697902
9526,12,1,0.3660693
9527,4,0,0.6193977
9528,6,0,0.16593896
9529,3,0,0.43727306
9530,8,1,0.5483535
9531,6,0,0.78998566
9532,15,0,0.23497075
9533,0,1,0.7022786
9534,19,1,0.4721822
9535,27,1,0.6150251
9536,22,0,0.30687705
9537,5,1,0.954872
9538,0,0,0.1133507
9539,24,1,0.2939923
9540,27,0,0.33777508
9541,11,0,0.2582747
9542,16,1,0.93292665
9543,11,0,0.31465653
9544,8,1,0.3852692
9545,8,0,0.7985842
9546,15,1,0.8765839
9547,23,0,0.54916596
9548,2,0,0.6933392
9549,3,0,0.16873267
9550,12,1,0.74505246
9551,2,1,0.770786
9552,8,0,0.61797756
9553,13,0,0.65635693
9554,26,0,0.41247508
9555,4,1,0.53922987
9556,13,1,0.58545893
9557,10,1,0.673764
9558,13,1,0.6175206
9559,13,1,0.4916534
9560,13,0,0.08850541
9561,25,0,0.3429653
9562,28,1,0.6013247
9563,10,1,0.6354582
9564,8,1,0.48973316
9565,25,1,0.7837542
9566,22,1,0.8413762
9567,5,0,0.62971324
9568,1,0,0.20842595
9569,22,0,0.35464942
9570,26,0,0.49492764
9571,22,1,0.4929692
9572,25,1,0.62735987
9573,5,0,0.4357633
9574,15,0,0.24453412
9575,26,1,0.37743932
9576,1,0,0.38587707
9577,20,1,0.48645923
9578,8,1,0.54318184
9579,16,0,0.3125184
9580,15,1,0.33957928
9581,8,1,0.666569
9582,27,1,0.44155025
9583,14,1,0.52076614
9584,2,1,0.81148833
9585,16,0,0.29451367
9586,0,0,0.66838664
9587,7,0,0.11448651
9588,14,0,0.47675428
9589,8,1,0.5397334
9590,20,1,0.65399486
9591,4,1,0.6902181
9592,25,0,0.34092376
9593,25,1,0.8312395
9594,1,1,0.88821775
9595,20,1,0.7329183
9596,15,0,0.3323294
9597,18,0,0.5851345
9598,17,0,0.3602706
9599,3,0,0.4403481
9600,26,0,0.43439686
9601,1,0,0.20138404
9602,10,1,0.32205525
9603,26,1,0.6736169
9604,8,0,0.31702483
9605,28,0,0.3765043
9606,13,0,0.19458526
9607,2,0,0.26620123
9608,25,1,0.8928918
9609,16,1,0.5444461
9610,24,0,0.67259294
9611,4,0,0.47328952
9612,20,0,0.3995734
9613,13,0,0.17740808
9614,9,1,0.84212756
9615,3,0,0.81547445
9616,1,1,0.7388485
9617,10,0,0.86416495
9618,9,1,0.47202668
9619,2,0,0.813996
9620,12,0,0.57324505
9621,12,0,0.22512545
9622,2,0,0.23132694
9623,16,1,0.48332533
9624,26,0,0.23322207
9625,8,1,0.6503895
9626,23,0,0.53151995
9627,12,1,0.64831173
9628,17,0,0.3863926
9629,15,1,0.8054279
9630,11,1,0.56838083
9631,10,1,0.59391975
9632,8,0,0.17635505
9633,16,1,0.56614757
9634,15,0,0.36252838
9635,11,0,0.69949883
9636,1,1,0.85738707
9637,17,0,0.48534393
9638,28,0,0.6551172
9639,11,0,0.44908214
9640,11,0,0.4707692
9641,20,1,0.6671294
9642,22,1,0.2626046
9643,17,0,0.17027463
9644,21,0,0.23504522
9645,14,1,0.6353408
9646,24,1,0.49500942
9647,9,1,0.3253604
9648,10,1,0.7764873
9649,22,0,0.3527963
9650,14,1,0.89381087
9651,15,0,0.3812188
9652,22,0,0.64154506
9653,13,0,0.5718982
9654,13,0,0.5888314
9655,13,0,0.15169041
9656,13,1,0.85574585
9657,11,0,0.32252327
9658,20,1,0.8099355
9659,18,0,0.45246565
9660,4,0,0.7656051
9661,7,1,0.61932313
9662,28,0,0.5061813
9663,4,1,0.49901548
9664,27,0,0.21299922
9665,1,1,0.24177985
9666,8,1,0.61066276
9667,1,0,0.29609045
9668,21,0,0.15404859
9669,6,0,0.5041861
9670,8,1,0.5559414
9671,17,0,0.33694494
9672,26,0,0.2821537
9673,1,0,0.41972825
9674,12,0,0.26636118
9675,1,1,0.19903731
9676,26,1,0.91168016
9677,13,1,0.4887659
9678,8,0,0.19041784
9679,0,0,0.39125043
9680,11,1,0.74161005
9681,22,1,0.6309117
9682,19,1,0.66899484
9683,17,1,0.6811431
9684,16,0,0.32539663
9685,6,1,0.9379092
9686,26,1,0.91729975
9687,16,0,0.15565829
9688,2,0,0.38139334
9689,8,1,0.37156332
9690,17,0,0.50298893
9691,0,1,0.8441343
9692,2,0,0.24228975
9693,8,1,0.2722494
9694,12,0,0.57721186
9695,22,0,0.40590397
9696,27,1,0.7594677
9697,4,1,0.7581757
9698,16,1,0.678322
9699,10,0,0.3461988
9700,23,0,0.81160724
9701,22,1,0.6476343
9702,13,1,0.68442327
9703,6,1,0.31701824
9704,25,1,0.47509232
9705,20,0,0.23523173
9706,11,1,0.523032
9707,11,1,0.75647044
9708,27,0,0.47178164
9709,4,1,0.85778326
9710,4,0,0.5829596
9711,16,0,0.5232277
9712,20,1,0.3492845
9713,10,1,0.44160163
9714,3,0,0.22629897
9715,1,0,0.5578569
9716,15,1,0.169961
9717,1,0,0.33622113
9718,10,1,0.8938552
9719,14,1,0.79763746
9720,27,1,0.7682299
9721,8,1,0.56272113
9722,0,1,0.4550343
9723,14,1,0.36689347
9724,24,0,0.5146716
9725,16,1,0.56510705
9726,3,1,0.65825325
9727,18,1,0.49546325
9728,1,1,0.60215575
9729,12,1,0.938207
9730,5,1,0.67360413
9731,7,0,0.47730073
9732,13,0,0.24647515
9733,21,1,0.70496064
9734,3,0,0.5321149
9735,21,1,0.8396203
9736,11,0,0.40390766
9737,16,1,0.57510597
9738,2,0,0.1551965
9739,3,0,0.51332486
9740,18,1,0.3546048
9741,20,0,0.20975812
9742,13,0,0.36665463
9743,7,0,0.8318007
9744,12,1,0.31975913
9745,13,1,0.77442634
9746,12,1,0.6716593
9747,6,1,0.32196525
9748,10,1,0.5317689
9749,18,1,0.76527965
9750,8,0,0.5510038
9751,6,0,0.284364
9752,0,1,0.68939024
9753,28,0,0.48110488
9754,28,1,0.71388054
9755,2,1,0.5554696
9756,16,0,0.086922295
9757,15,0,0.5491137
9758,8,0,0.3855095
9759,27,1,0.82849777
9760,10,0,0.36025542
9761,17,1,0.3461992
9762,13,1,0.5364967
9763,1,0,0.39479396
9764,16,1,0.60605735
9765,15,0,0.31844914
9766,16,1,0.30937296
9767,8,0,0.6620728
9768,17,0,0.052854337
9769,4,1,0.791296
9770,6,1,0.42816278
9771,6,0,0.16078304
9772,2,1,0.7233729
9773,12,1,0.41403854
9774,16,0,0.5414673
9775,14,0,0.60596484
9776,24,0,0.15787269
9777,3,0,0.51747733
9778,23,0,0.5871908
9779,4,0,0.8659167
9780,4,0,0.6280424
9781,26,0,0.56299007
9782,20,1,0.80529624
9783,20,1,0.43494388
9784,8,1,0.63106346
9785,25,1,0.846598
9786,20,1,0.76671654
9787,16,1,0.8790105
9788,15,0,0.3116108
9789,26,1,0.7845136
9790,3,1,0.35368055
9791,15,1,0.36157155
9792,8,0,0.41800025
9793,26,0,0.15138765
9794,1,0,0.22794548
9795,7,0,0.4756392
9796,1,0,0.58922255
9797,2,0,0.5005795
9798,21,1,0.66539174
9799,16,0,0.09898875
9800,6,0,0.45072684
9801,1,1,0.46071103
9802,12,0,0.6144023
9803,23,0,0.40056378
9804,21,0,0.2235344
9805,25,0,0.3392128
9806,10,1,0.8909806
9807,15,0,0.16626695
9808,17,1,0.4011098
9809,0,1,0.7588685
9810,7,0,0.49205676
9811,8,0,0.36412042
9812,22,0,0.41271853
9813,28,0,0.43335864
9814,0,1,0.5912709
9815,7,1,0.60616124
9816,26,1,0.92317766
9817,19,1,0.6799412
9818,13,0,0.6991595
9819,8,1,0.5897018
9820,2,1,0.60786754
9821,8,0,0.163431
9822,2,0,0.39558494
9823,14,0,0.20306619
9824,26,1,0.72282463
9825,25,1,0.4449697
9826,16,0,0.80171317
9827,7,1,0.93230426
9828,11,0,0.4448924
9829,12,1,0.6278786
9830,22,0,0.27022666
9831,27,0,0.19496398
9832,14,1,0.9433144
9833,28,0,0.16254026
9834,19,1,0.5761857
9835,12,1,0.72266257
9836,2,0,0.6283842
9837,24,1,0.5247004
9838,3,0,0.4686645
9839,1,1,0.42730337
9840,13,0,0.33847266
9841,7,1,0.702558
9842,28,1,0.2961135
9843,12,0,0.62911624
9844,19,1,0.8473004
9845,2,1,0.8256792
9846,2,0,0.5190704
9847,3,0,0.35673842
9848,15,1,0.63529724
9849,22,0,0.31146428
9850,20,0,0.36834338
9851,22,0,0.39570993
9852,9,1,0.6176799
9853,1,1,0.95375067
9854,15,1,0.9457589
9855,10,1,0.6481203
9856,12,1,0.60315037
9857,14,1,0.6893931
9858,20,1,0.6118822
9859,16,0,0.3431496
9860,2,0,0.2272825
9861,15,1,0.6543477
9862,16,1,0.7558851
9863,27,0,0.36314717
9864,1,0,0.5007918
9865,20,0,0.43599117
9866,23,1,0.7180148
9867,28,1,0.40729877
9868,12,0,0.3308871
9869,8,0,0.39244807
9870,8,1,0.3271867
9871,12,0,0.58643913
9872,20,0,0.3680974
9873,13,1,0.7895035
9874,13,1,0.47787488
9875,28,1,0.6646887
9876,4,0,0.3510066
9877,10,1,0.12919551
9878,18,1,0.9793823
9879,3,0,0.14381912
9880,22,0,0.819217
9881,13,0,0.5277515
9882,13,1,0.3844459
9883,0,1,0.43278697
9884,18,1,0.63353896
9885,15,1,0.5887432
9886,28,1,0.58450556
9887,19,0,0.41606727
9888,8,1,0.5976042
9889,1,1,0.642969
9890,22,0,0.41484404
9891,21,0,0.2575937
9892,13,0,0.61184096
9893,10,1,0.57340586
9894,1,0,0.68772006
9895,9,1,0.72764766
9896,11,1,0.79814184
9897,2,0,0.5814503
9898,23,0,0.38290593
9899,1,0,0.38807333
9900,16,1,0.6858629
9901,1,1,0.5069588
9902,12,0,0.58465797
9903,1,0,0.4542367
9904,16,1,0.312539
9905,26,0,0.257687
9906,9,1,0.7505224
9907,10,0,0.25829008
9908,27,1,0.48913673
9909,10,0,0.68869543
9910,17,0,0.036931846
9911,7,1,0.71220857
9912,20,1,0.5234459
9913,22,0,0.68335366
9914,22,0,0.22403799
9915,28,0,0.25437412
9916,8,0,0.07431863
9917,13,1,0.7096936
9918,12,0,0.3201654
9919,24,1,0.33053842
9920,1,0,0.14947353
9921,6,1,0.60617626
9922,1,1,0.38522106
9923,22,0,0.2795918
9924,6,0,0.18920039
9925,27,1,0.86265904
9926,1,0,0.59363544
9927,25,1,0.33342597
9928,25,1,0.5898566
9929,28,1,0.2536815
9930,10,0,0.34877536
9931,1,0,0.28730145
9932,11,1,0.55417424
9933,16,0,0.4992983
9934,1,1,0.8350055
9935,13,0,0.24553394
9936,15,0,0.49674723
9937,18,1,0.58105356
9938,8,0,0.32788822
9939,14,1,0.68344855
9940,25,0,0.47023344
9941,18,0,0.10008504
9942,3,1,0.60907954
9943,7,0,0.41468453
9944,6,1,0.8812396
9945,22,1,0.30559045
9946,27,0,0.5417445
9947,23,0,0.16992168
9948,21,1,0.33832687
9949,27,0,0.60392135
9950,2,1,0.96226937
9951,27,1,0.6507561
9952,11,0,0.17334963
9953,2,1,0.34799454
9954,2,1,0.5648
9955,22,0,0.2543835
9956,0,0,0.20967293
9957,15,0,0.030510014
9958,15,0,0.66326123
9959,7,1,0.76014894
9960,21,0,0.27683255
9961,16,1,0.8593694
9962,25,1,0.8775367
9963,26,1,0.44031525
9964,15,0,0.31957227
9965,18,1,0.42062017
9966,22,1,0.21385422
9967,27,1,0.49705493
9968,1,1,0.68969184
9969,15,0,0.43865278
9970,28,0,0.16037464
9971,16,0,0.5387634
9972,12,0,0.62222975
9973,4,0,0.3479988
9974,13,0,0.45780572
9975,16,1,0.75205445
9976,1,1,0.89653367
9977,21,0,0.27181092
9978,17,0,0.27186108
9979,5,0,0.6384022
9980,23,0,0.60730946
9981,19,1,0.68533516
9982,20,0,0.11203889
9983,13,0,0.7721697
9984,26,0,0.2381695
9985,12,0,0.50064373
9986,16,0,0.60278344
9987,20,1,0.68619424
9988,6,0,0.5840467
9989,19,1,0.42091206
9990,3,0,0.42278996
9991,24,1,0.19495897
9992,3,0,0.14858605
9993,8,1,0.55462056
9994,16,0,0.26847765
9995,26,1,0.8457312
9996,17,0,0.47372314
9997,27,0,0.62559927
9998,12,1,0.16221438
9999,25,0,0.30600077
10000,17,1,0.51083827
10001,18,1,0.5802927
10002,28,1,0.6254837
10003,11,0,0.2890847
10004,13,1,0.9050339
10005,7,0,0.8015668
10006,6,0,0.32735273
10007,26,1,0.7327124
10008,13,0,0.51248395
10009,8,1,0.76209193
10010,1,1,0.35778418
10011,13,0,0.55574197
10012,25,1,0.55031294
10013,6,0,0.11345305
10014,11,1,0.5709884
10015,26,0,0.6169091
10016,26,1,0.45099592
10017,1,0,0.62639034
10018,26,0,0.24391901
10019,9,0,0.36204654
10020,23,0,0.3279746
10021,15,1,0.7141768
10022,0,0,0.17889063
10023,3,0,0.11017767
10024,4,0,0.32001346
10025,15,1,0.41718245
10026,28,0,0.39333078
10027,13,0,0.21689698
10028,23,1,0.6869201
10029,3,1,0.8715053
10030,19,0,0.45162398
10031,23,1,0.5429044
10032,16,0,0.3485692
10033,0,0,0.77389216
10034,2,1,0.90424824
10035,11,1,0.8413039
10036,10,0,0.6437501
10037,26,1,0.33079547
10038,0,0,0.08733741
10039,15,1,0.41289446
10040,22,0,0.1483401
10041,9,0,0.65009034
10042,28,1,0.859419
10043,6,1,0.6783377
10044,15,1,0.79746443
10045,14,1,0.21397896
10046,10,0,0.3980007
10047,8,1,0.6188759
10048,3,1,0.69967127
10049,25,1,0.90904456
10050,1,0,0.85966283
10051,8,0,0.19448031
10052,22,1,0.34029803
10053,7,1,0.44583213
10054,21,0,0.25353926
10055,9,1,0.34676242
10056,18,0,0.39932427
10057,16,0,0.35391924
10058,11,1,0.62515265
10059,24,0,0.5988134
10060,28,1,0.46183667
10061,14,0,0.91840404
10062,16,1,0.6111589
10063,12,0,0.52678895
10064,14,1,0.850878
10065,17,0,0.76966393
10066,24,1,0.78322107
10067,17,0,0.424426
10068,10,0,0.7185947
10069,20,0,0.5180684
10070,15,0,0.2342741
10071,26,1,0.3684806
10072,7,1,0.26995566
10073,11,0,0.37370571
10074,15,1,0.8998799
10075,11,0,0.25206554
10076,18,0,0.2105152
10077,8,1,0.86508507
10078,11,1,0.37623128
10079,6,1,0.5955193
10080,6,0,0.5554727
10081,7,1,0.8969493
10082,23,0,0.28126574
10083,15,0,0.44170505
10084,22,1,0.69259125
10085,5,1,0.6411785
10086,25,0,0.5041147
10087,22,1,0.86812305
10088,23,0,0.55576855
10089,12,1,0.4174069
10090,25,1,0.43020496
10091,0,0,0.42504752
10092,12,1,0.8100658
10093,17,1,0.5260181
10094,8,0,0.29117605
10095,27,0,0.062622175
10096,10,1,0.27191
10097,6,1,0.66266084
10098,15,1,0.61149764
10099,6,0,0.6278614
10100,27,0,0.374955
10101,2,0,0.2541969
10102,13,0,0.36134914
10103,15,1,0.22635075
10104,21,0,0.5509835
10105,26,1,0.24859466
10106,20,0,0.45029208
10107,10,0,0.48577142
10108,22,1,0.74995863
10109,25,1,0.46153465
10110,16,0,0.294871
10111,13,0,0.30685824
10112,23,0,0.29131243
10113,16,1,0.57471555
10114,20,1,0.38917306
10115,23,0,0.31857595
10116,28,0,0.6396698
10117,21,0,0.5240064
10118,25,1,0.4641817
10119,13,0,0.40784317
10120,5,0,0.3769925
10121,20,0,0.2989555
10122,1,0,0.5153724
10123,24,1,0.7754736
10124,2,0,0.2824778
10125,13,0,0.23316166
10126,11,0,0.4341953
10127,11,0,0.24919176
10128,27,0,0.22512642
10129,18,1,0.32734293
10130,2,0,0.32690066
10131,6,0,0.5634141
10132,25,1,0.7758897
10133,19,1,0.8281495
10134,12,1,0.7188485
10135,6,1,0.67123777
10136,25,1,0.7026194
10137,7,1,0.7259966
10138,11,0,0.35862863
10139,10,1,0.6129684
10140,17,1,0.63312984
10141,14,0,0.34032094
10142,8,1,0.68235457
10143,15,0,0.27667797
10144,10,1,0.5173762
10145,16,0,0.58394265
10146,16,0,0.5017605
10147,16,1,0.6847643
10148,10,0,0.4070027
10149,26,1,0.5718481
10150,0,1,0.19644943
10151,11,0,0.55024165
10152,16,1,0.5570089
10153,10,0,0.60053307
10154,12,0,0.58412457
10155,26,1,0.50960773
10156,15,0,0.5611321
10157,11,0,0.27460322
10158,16,0,0.40166506
10159,15,0,0.31394476
10160,0,0,0.5717086
10161,15,1,0.5887827
10162,15,1,0.4508582
10163,11,1,0.66397023
10164,3,1,0.7957198
10165,8,0,0.85015607
10166,28,1,0.30750942
10167,19,0,0.38887855
10168,7,1,0.652029
10169,26,1,0.6911306
10170,22,0,0.22772412
10171,10,1,0.23326562
10172,6,1,0.79149956
10173,10,0,0.41362834
10174,13,1,0.25913942
10175,12,1,0.6459478
10176,3,1,0.61296535
10177,16,1,0.66557133
10178,4,1,0.8223053
10179,5,0,0.33034447
10180,19,0,0.13357106
10181,21,0,0.46648273
10182,7,0,0.41308114
10183,25,0,0.37942165
10184,13,1,0.5457687
10185,24,1,0.7159404
10186,25,1,0.32873264
10187,0,0,0.36327952
10188,21,1,0.72644657
10189,19,1,0.9023569
10190,5,0,0.74726415
10191,0,0,0.24504587
10192,24,1,0.67183024
10193,12,1,0.79643714
10194,23,1,0.68814933
10195,7,0,0.48121974
10196,8,1,0.5914717
10197,11,1,0.63523823
10198,16,1,0.33598918
10199,13,0,0.5377241
10200,9,0,0.2758508
10201,10,0,0.75458777
10202,3,1,0.9253092
10203,8,0,0.6557279
10204,18,0,0.8221426
10205,26,1,0.3777415
10206,2,0,0.7402286
10207,19,0,0.6393296
10208,26,1,0.6629514
10209,26,0,0.45098674
10210,27,1,0.67470115
10211,6,1,0.88364935
10212,14,0,0.32536703
10213,26,1,0.48428005
10214,22,1,0.7896756
10215,2,1,0.78073233
10216,8,1,0.26953268
10217,24,1,0.6674017
10218,27,0,0.7487311
10219,9,0,0.4977781
10220,1,0,0.25030255
10221,28,0,0.26526636
10222,12,1,0.65436566
10223,7,1,0.29271865
10224,28,0,0.39498547
10225,28,0,0.49141088
10226,26,0,0.51481116
10227,25,1,0.77447885
10228,28,1,0.9121119
10229,16,0,0.27062204
10230,13,0,0.8827037
10231,8,1,0.55280405
10232,2,1,0.48448613
10233,27,1,0.31179556
10234,26,1,0.62928355
10235,28,1,0.48806003
10236,14,0,0.3474822
10237,11,0,0.27022213
10238,27,0,0.49486688
10239,17,0,0.44915608
10240,25,0,0.31263682
10241,13,1,0.70805705
10242,13,1,0.4735847
10243,0,0,0.19420525
10244,13,0,0.5298196
10245,8,1,0.9341751
10246,13,0,0.11534954
10247,21,1,0.9013047
10248,4,1,0.6073555
10249,27,0,0.35261792
10250,27,0,0.6591267
10251,13,0,0.5311445
10252,14,1,0.83103937
10253,9,0,0.31735483
10254,12,0,0.58551115
10255,27,1,0.8952767
10256,13,0,0.46988568
10257,4,0,0.19535305
10258,15,0,0.45968497
10259,11,1,0.7604802
10260,16,1,0.32764313
10261,8,1,0.8164139
10262,22,0,0.18427613
10263,13,0,0.09806433
10264,22,1,0.22504292
10265,20,0,0.24863103
10266,6,0,0.5249211
10267,0,0,0.5403202
10268,12,0,0.38784733
10269,1,0,0.48150352
10270,7,1,0.91683865
10271,23,1,0.18585187
10272,21,1,0.6852636
10273,12,1,0.7208524
10274,6,0,0.6869443
10275,10,0,0.15927449
10276,23,1,0.8001217
10277,14,1,0.48862496
10278,19,1,0.75084287
10279,16,1,0.85326904
10280,20,0,0.30308104
10281,25,1,0.6300061
10282,20,0,0.7560682
10283,25,1,0.44190833
10284,5,1,0.787495
10285,17,1,0.9394086
10286,3,0,0.32903457
10287,15,1,0.68438494
10288,11,0,0.47822502
10289,13,0,0.09131358
10290,7,1,0.7577098
10291,7,1,0.90232664
10292,16,1,0.9414455
10293,22,1,0.5388365
10294,21,0,0.49733257
10295,27,1,0.24488036
10296,0,0,0.31156462
10297,27,1,0.64815
10298,26,0,0.43499717
10299,1,0,0.23686272
10300,1,0,0.43236852
10301,9,1,0.41020298
10302,26,0,0.41409782
10303,20,0,0.102545924
10304,27,0,0.44206268
10305,2,1,0.6777431
10306,9,0,0.39709613
10307,13,1,0.47788686
10308,24,0,0.32630578
10309,13,0,0.5422072
10310,16,0,0.41383314
10311,9,1,0.81603664
10312,14,0,0.26681066
10313,15,0,0.3306236
10314,25,0,0.2094118
10315,13,0,0.49478847
10316,13,1,0.40715188
10317,21,1,0.37001222
10318,18,1,0.47419146
10319,15,1,0.5195
10320,19,1,0.80670863
10321,16,1,0.81281936
10322,12,1,0.8874194
10323,11,0,0.37157536
10324,8,1,0.30773872
10325,10,0,0.39633992
10326,27,1,0.32561257
10327,0,0,0.11324152
10328,7,1,0.5843716
10329,14,0,0.33592728
10330,28,1,0.31861216
10331,26,0,0.4733959
10332,20,0,0.22492282
10333,2,1,0.49623287
10334,3,1,0.7666013
10335,11,1,0.89880615
10336,27,1,0.6458256
10337,2,1,0.7085456
10338,22,0,0.3791029
10339,25,0,0.3712086
10340,25,0,0.13034445
10341,27,0,0.24641594
10342,7,1,0.5855796
10343,25,1,0.2928224
10344,27,0,0.23684108
10345,8,1,0.27054968
10346,28,1,0.6795316
10347,26,0,0.1429944
10348,0,1,0.5675338
10349,2,1,0.5780461
10350,1,0,0.3067813
10351,3,0,0.44228584
10352,26,1,0.7637992
10353,27,0,0.40765125
10354,11,0,0.4387458
10355,20,1,0.8875341
10356,2,0,0.19717713
10357,1,0,0.1785532
10358,15,1,0.51953536
10359,16,0,0.42048958
10360,12,1,0.49447393
10361,12,1,0.5825394
10362,6,1,0.7453405
10363,27,0,0.35838404
10364,15,0,0.72958565
10365,23,0,0.42641652
10366,25,0,0.32569733
10367,2,1,0.63069254
10368,17,1,0.31968898
10369,23,1,0.27754277
10370,24,0,0.42522106
10371,1,1,0.8252492
10372,25,0,0.47559637
10373,1,1,0.7923428
10374,22,0,0.5365669
10375,26,0,0.21302643
10376,1,0,0.6187293
10377,4,1,0.42582753
10378,10,0,0.39837265
10379,18,0,0.6244748
10380,24,0,0.351199
10381,22,0,0.5071849
10382,0,1,0.78347045
10383,28,0,0.58241326
10384,8,0,0.5215618
10385,22,1,0.6194253
10386,11,0,0.5035809
10387,10,0,0.4100015
10388,26,0,0.2679868
10389,22,1,0.44346333
10390,9,0,0.5573307
10391,13,0,0.22632247
10392,13,1,0.7292778
10393,21,0,0.34070316
10394,1,0,0.23050036
10395,23,1,0.6633516
10396,1,0,0.3172141
10397,4,0,0.3154452
10398,4,1,0.52940786
10399,10,1,0.5328176
10400,10,1,0.42272392
10401,22,1,0.8613585
10402,8,0,0.19011892
10403,28,0,0.12161162
10404,10,0,0.059262253
10405,7,0,0.22655061
10406,3,0,0.31052765
10407,18,1,0.4058211
10408,13,1,0.67630166
10409,8,0,0.4003011
10410,8,1,0.29071715
10411,16,0,0.16456495
10412,13,0,0.70439553
10413,5,0,0.63039577
10414,13,0,0.3335476
10415,24,1,0.33146507
10416,22,1,0.49832305
10417,23,1,0.37282848
10418,6,0,0.3213176
10419,1,1,0.8213835
10420,14,1,0.87586224
10421,16,1,0.9538849
10422,22,0,0.22031015
10423,25,1,0.746199
10424,11,1,0.88317424
10425,25,0,0.4096017
10426,13,1,0.9470257
10427,27,0,0.19785787
10428,23,1,0.72779953
10429,6,1,0.5431773
10430,2,1,0.8379172
10431,20,1,0.5441065
10432,3,0,0.37731704
10433,24,0,0.6149104
10434,12,1,0.6788298
10435,19,1,0.8012115
10436,2,1,0.92847764
10437,6,1,0.733533
10438,12,0,0.52437854
10439,24,1,0.5631961
10440,19,1,0.84136355
10441,22,0,0.43570706
10442,5,1,0.5787972
10443,15,1,0.5303525
10444,15,1,0.45038772
10445,16,1,0.45515427
10446,25,1,0.81935406
10447,10,1,0.9217026
10448,8,1,0.54907316
10449,8,1,0.5241799
10450,26,1,0.7913145
10451,2,1,0.73818165
10452,5,1,0.67021465
10453,11,1,0.609237
10454,2,0,0.45309657
10455,11,1,0.92236865
10456,27,0,0.22056775
10457,6,0,0.233293
10458,15,0,0.44460002
10459,6,1,0.55201536
10460,16,0,0.67034614
10461,9,0,0.5601566
10462,24,1,0.7316468
10463,18,1,0.7798589
10464,2,1,0.31208217
10465,11,0,0.71425813
10466,2,0,0.20244484
10467,26,1,0.46168515
10468,7,1,0.59060025
10469,15,1,0.95231766
10470,27,1,0.86641556
10471,19,0,0.6600426
10472,6,1,0.923642
10473,21,0,0.36576837
10474,27,1,0.25641227
10475,8,1,0.29195145
10476,7,1,0.31007633
10477,28,1,0.7613336
10478,11,0,0.32958528
10479,16,0,0.6909957
10480,16,1,0.28674707
10481,2,0,0.2447386
10482,22,0,0.46970457
10483,8,1,0.49721974
10484,25,1,0.823234
10485,22,0,0.90516883
10486,21,0,0.36836496
10487,10,1,0.2580143
10488,15,1,0.3836711
10489,18,0,0.26730987
10490,2,1,0.45494032
10491,1,1,0.5117053
10492,0,1,0.60661757
10493,2,0,0.5710887
10494,24,1,0.7089626
10495,12,1,0.4735338
10496,10,1,0.35124132
10497,19,1,0.8306984
10498,6,1,0.538373
10499,26,0,0.25332665
10500,17,0,0.6225256
10501,1,0,0.26756835
10502,15,1,0.6736519
10503,1,0,0.56276405
10504,8,0,0.39031094
10505,20,1,0.5056079
10506,23,1,0.8022906
10507,7,1,0.8504535
10508,9,0,0.22741811
10509,4,1,0.8580766
10510,26,1,0.44666138
10511,19,0,0.45794365
10512,16,1,0.8556287
10513,9,1,0.3668208
10514,9,0,0.562517
10515,20,0,0.75208586
10516,7,1,0.76390857
10517,11,0,0.5111631
10518,22,1,0.2980802
10519,17,0,0.33400762
10520,8,1,0.83442855
10521,28,1,0.90395576
10522,25,0,0.15662336
10523,18,0,0.4925621
10524,8,0,0.21388973
10525,17,1,0.5352939
10526,6,1,0.7211884
10527,22,1,0.68984854
10528,27,0,0.61846364
10529,22,0,0.5445314
10530,6,1,0.7862551
10531,15,0,0.71023005
10532,16,0,0.57814807
10533,3,0,0.51691186
10534,13,0,0.22987324
10535,7,0,0.60123056
10536,11,0,0.18641786
10537,10,1,0.5228569
10538,2,1,0.7131325
10539,22,1,0.76627177
10540,16,1,0.648374
10541,11,1,0.76772237
10542,9,1,0.29239038
10543,14,0,0.3922072
10544,25,1,0.24018472
10545,14,1,0.5831529
10546,26,0,0.37281317
10547,18,0,0.78683066
10548,26,0,0.20408013
10549,10,1,0.4243027
10550,10,0,0.42389986
10551,10,0,0.444838
10552,11,0,0.42128634
10553,18,0,0.104047805
10554,3,0,0.24369478
10555,8,0,0.38498732
10556,2,0,0.32035977
10557,15,0,0.59538025
10558,25,1,0.4781541
10559,27,0,0.43327504
10560,28,1,0.6936368
10561,23,1,0.8619209
10562,18,0,0.2705542
10563,12,0,0.28140455
10564,10,0,0.15860154
10565,21,1,0.73333085
10566,25,0,0.11793805
10567,2,1,0.6557998
10568,26,0,0.46099737
10569,16,0,0.38805947
10570,14,0,0.64830524
10571,2,0,0.37109968
10572,8,1,0.71122915
10573,20,0,0.24997428
10574,0,1,0.8123846
10575,2,1,0.17936242
10576,25,0,0.23289527
10577,7,1,0.57373613
10578,13,0,0.3497426
10579,6,1,0.5993124
10580,3,1,0.765811
10581,15,0,0.6920938
10582,25,0,0.21707378
10583,12,0,0.674863
10584,13,1,0.370074
10585,17,0,0.55618596
10586,15,0,0.41346946
10587,13,1,0.58260965
10588,8,1,0.88577384
10589,6,0,0.35978615
10590,15,0,0.22971477
10591,18,0,0.48458588
10592,13,0,0.36378384
10593,27,0,0.09309552
10594,14,1,0.3906483
10595,3,0,0.69765157
10596,14,0,0.50083756
10597,23,1,0.7970567
10598,16,0,0.5028507
10599,5,0,0.57440585
10600,6,0,0.8757524
10601,6,0,0.23140025
10602,1,0,0.28691307
10603,17,1,0.7517086
10604,25,0,0.7089861
10605,3,1,0.700035
10606,10,0,0.48800835
10607,8,0,0.48206142
10608,9,0,0.34360638
10609,2,0,0.2551232
10610,19,1,0.8548235
10611,28,1,0.86163104
10612,2,1,0.9712433
10613,24,1,0.7103225
10614,10,1,0.7164498
10615,16,1,0.571642
10616,12,1,0.71672696
10617,15,1,0.5518796
10618,3,0,0.23952593
10619,6,1,0.8325198
10620,15,0,0.21722938
10621,10,0,0.48948443
10622,12,1,0.73587596
10623,2,0,0.41636893
10624,24,1,0.9028746
10625,14,0,0.28095028
10626,12,0,0.37731162
10627,1,1,0.5237071
10628,11,0,0.51038384
10629,19,0,0.7871408
10630,12,0,0.58890694
10631,22,0,0.41272148
10632,22,1,0.62550235
10633,1,0,0.5693344
10634,1,0,0.2496885
10635,10,0,0.62351346
10636,22,1,0.6827771
10637,3,0,0.5486417
10638,11,0,0.2719387
10639,4,0,0.44417927
10640,16,1,0.28804654
10641,27,0,0.32046148
10642,12,1,0.4303592
10643,4,0,0.5406636
10644,11,1,0.5977102
10645,15,1,0.7825051
10646,8,1,0.6034572
10647,26,1,0.5248369
10648,14,0,0.36728722
10649,2,1,0.5241427
10650,15,1,0.38101053
10651,21,0,0.17929909
10652,25,1,0.48495585
10653,28,1,0.5729569
10654,1,1,0.6369906
10655,3,0,0.19965072
10656,15,1,0.66276413
10657,13,0,0.16832569
10658,12,0,0.68296814
10659,2,1,0.5721503
10660,2,1,0.5042694
10661,3,1,0.6451475
10662,26,0,0.4743343
10663,18,1,0.6413603
10664,15,0,0.29022026
10665,13,0,0.43657228
10666,16,0,0.43110272
10667,1,1,0.6965178
10668,2,1,0.729639
10669,17,0,0.2124553
10670,15,0,0.48308307
10671,23,1,0.6659563
10672,1,0,0.794548
10673,8,0,0.5485302
10674,25,0,0.142356
10675,7,1,0.44803792
10676,26,0,0.12653302
10677,13,1,0.62002426
10678,17,0,0.11634049
10679,25,1,0.39834294
10680,12,0,0.5540867
10681,25,1,0.6453189
10682,10,1,0.36906248
10683,10,1,0.4806531
10684,2,1,0.45215288
10685,6,1,0.23460081
10686,26,1,0.9180681
10687,3,0,0.3311865
10688,8,0,0.1429751
10689,19,1,0.80737674
10690,15,0,0.51190615
10691,13,1,0.6718266
10692,17,1,0.5371994
10693,3,0,0.253223
10694,15,1,0.34682617
10695,15,0,0.57014585
10696,22,1,0.8823291
10697,22,1,0.23673545
10698,16,1,0.3337036
10699,7,1,0.6560658
10700,15,0,0.24796027
10701,25,0,0.8622661
10702,20,0,0.18873793
10703,13,0,0.21144985
10704,25,1,0.5151179
10705,3,1,0.34828222
10706,4,0,0.56013995
10707,2,1,0.5800535
10708,16,0,0.27820435
10709,13,1,0.5619085
10710,5,1,0.6491751
10711,12,1,0.6821944
10712,8,0,0.39431584
10713,22,0,0.8097558
10714,4,0,0.38117427
10715,12,0,0.36881107
10716,11,1,0.46260154
10717,1,1,0.6752102
10718,1,0,0.2636865
10719,5,0,0.18741582
10720,15,1,0.77349925
10721,12,1,0.8604409
10722,13,1,0.8084294
10723,3,0,0.16078107
10724,14,0,0.17933705
10725,1,1,0.6420641
10726,28,1,0.86456627
10727,26,0,0.8842108
10728,6,0,0.53292197
10729,10,1,0.6829677
10730,7,0,0.23722674
10731,7,0,0.1974352
10732,0,0,0.30959967
10733,24,1,0.450742
10734,6,0,0.25500926
10735,15,0,0.60598683
10736,16,0,0.4018175
10737,13,0,0.328724
10738,3,0,0.2245187
10739,16,0,0.35062963
10740,20,0,0.46156454
10741,12,1,0.07086533
10742,16,1,0.7504129
10743,8,1,0.321388
10744,24,1,0.83049023
10745,9,1,0.8776347
10746,8,1,0.4226137
10747,25,1,0.58234036
10748,26,1,0.7342001
10749,13,0,0.34255075
10750,26,0,0.31614918
10751,21,0,0.5727825
10752,19,0,0.19072852
10753,24,0,0.2650608
10754,24,1,0.75691515
10755,7,0,0.36443266
10756,2,0,0.42287996
10757,17,0,0.656167
10758,21,0,0.3456668
10759,9,1,0.41758353
10760,6,1,0.3590151
10761,26,0,0.1057248
10762,12,1,0.4463467
10763,23,0,0.46019033
10764,2,1,0.378708
10765,2,1,0.6426687
10766,3,1,0.31191546
10767,13,1,0.75027865
10768,24,1,0.8903251
10769,2,0,0.36253
10770,10,0,0.3129359
10771,13,0,0.19645318
10772,15,1,0.6185905
10773,16,1,0.5158856
10774,25,0,0.2469865
10775,1,0,0.4241613
10776,3,1,0.92460364
10777,17,1,0.6085235
10778,26,0,0.26594228
10779,1,0,0.87605923
10780,13,1,0.83129334
10781,23,0,0.18314196
10782,14,1,0.65517926
10783,22,1,0.81851643
10784,1,1,0.4715698
10785,26,0,0.26871285
10786,27,1,0.5388119
10787,2,0,0.36523297
10788,19,0,0.24171375
10789,27,0,0.13350989
10790,3,0,0.23341468
10791,13,0,0.26337093
10792,4,1,0.6197715
10793,2,1,0.49458238
10794,16,0,0.28288367
10795,9,1,0.6471501
10796,24,1,0.8823924
10797,16,1,0.513828
10798,10,0,0.14455064
10799,1,0,0.25494173
10800,12,0,0.14636216
10801,2,0,0.06604926
10802,22,0,0.59958977
10803,14,0,0.32394582
10804,10,1,0.4946126
10805,4,0,0.26274183
10806,23,1,0.46513575
10807,0,0,0.569252
10808,20,1,0.6565836
10809,8,0,0.56791335
10810,24,0,0.6592439
10811,0,1,0.4375463
10812,9,0,0.2990094
10813,26,0,0.36724362
10814,8,0,0.48776603
10815,27,0,0.45031238
10816,1,1,0.2902045
10817,14,0,0.38340586
10818,24,1,0.370268
10819,10,1,0.74936396
10820,10,0,0.42313337
10821,6,0,0.6921498
10822,16,1,0.82270014
10823,16,1,0.69255155
10824,4,1,0.52798563
10825,12,0,0.22672892
10826,8,0,0.34607035
10827,12,0,0.30459613
10828,11,1,0.6324509
10829,15,0,0.44909918
10830,21,0,0.41753295
10831,2,1,0.94046104
10832,16,0,0.3343728
10833,4,1,0.5851822
10834,17,1,0.7578355
10835,19,0,0.43860176
10836,2,0,0.1759426
10837,1,1,0.537704
10838,7,0,0.65997624
10839,15,1,0.60525256
10840,15,0,0.58335906
10841,16,0,0.4470029
10842,10,1,0.4126087
10843,27,1,0.33299202
10844,4,0,0.5246154
10845,10,0,0.114192866
10846,0,1,0.44441846
10847,10,0,0.24017754
10848,20,0,0.1260397
10849,16,0,0.43481869
10850,28,1,0.86550134
10851,3,0,0.08585544
10852,15,0,0.37312427
10853,0,0,0.3831308
10854,20,1,0.15658076
10855,18,0,0.2062055
10856,17,1,0.86908245
10857,13,0,0.37386662
10858,25,0,0.27065617
10859,26,0,0.7030748
10860,19,1,0.8381482
10861,16,0,0.4903942
10862,7,1,0.34139022
10863,10,1,0.9533716
10864,3,1,0.5798755
10865,16,1,0.38157982
10866,14,1,0.51631325
10867,12,0,0.28403875
10868,12,1,0.3072346
10869,7,0,0.22013454
10870,7,1,0.5528536
10871,16,0,0.23323026
10872,13,1,0.7178066
10873,25,1,0.7894184
10874,27,1,0.548145
10875,21,1,0.6875489
10876,20,0,0.23959477
10877,8,1,0.7485348
10878,20,0,0.20974389
10879,14,1,0.40247965
10880,16,1,0.61393934
10881,24,0,0.68178755
10882,16,0,0.09138703
10883,4,0,0.45715523
10884,6,0,0.6735259
10885,1,0,0.25499707
10886,22,1,0.9126264
10887,1,0,0.17018487
10888,23,1,0.48829266
10889,16,1,0.658404
10890,16,1,0.66229695
10891,16,1,0.686604
10892,28,0,0.23525389
10893,1,0,0.2753986
10894,27,1,0.5712953
10895,25,1,0.4872093
10896,6,1,0.42410412
10897,16,1,0.9198861
10898,14,1,0.45636752
10899,27,0,0.07609249
10900,25,1,0.26251537
10901,8,1,0.47942525
10902,14,1,0.68687165
10903,16,0,0.38711563
10904,25,1,0.34297183
10905,16,0,0.40203997
10906,18,0,0.16684455
10907,22,0,0.6024879
10908,11,0,0.33143225
10909,14,0,0.44762534
10910,16,0,0.43308303
10911,20,1,0.27990216
10912,12,0,0.25042725
10913,16,0,0.333513
10914,18,1,0.15179715
10915,6,0,0.20326649
10916,15,1,0.5804866
10917,15,0,0.37193757
10918,13,1,0.6356628
10919,16,0,0.3902267
10920,18,0,0.44326526
10921,5,0,0.51781726
10922,10,1,0.81340605
10923,10,1,0.7319222
10924,1,0,0.44610345
10925,15,0,0.21694063
10926,20,0,0.53116304
10927,2,0,0.21724558
10928,27,1,0.72737205
10929,8,1,0.9146119
10930,1,0,0.1616435
10931,2,0,0.5835948
10932,21,1,0.4135145
10933,12,1,0.22419901
10934,11,1,0.77708143
10935,10,0,0.26382545
10936,9,0,0.3110265
10937,26,1,0.23643857
10938,4,0,0.640024
10939,5,0,0.40128544
10940,22,1,0.59791803
10941,12,1,0.72638196
10942,20,1,0.7035254
10943,26,0,0.5234016
10944,8,1,0.36947906
10945,14,0,0.16739824
10946,26,1,0.8392379
10947,24,1,0.82836336
10948,25,0,0.41841757
10949,28,1,0.8264986
10950,2,1,0.6281304
10951,10,0,0.46231002
10952,24,0,0.32364553
10953,15,0,0.626941
10954,21,1,0.75898194
10955,10,0,0.42971247
10956,16,0,0.21759513
10957,15,0,0.45360178
10958,13,0,0.56347364
10959,14,1,0.42979914
10960,0,1,0.7125516
10961,19,1,0.32043284
10962,22,0,0.4467726
10963,20,0,0.743544
10964,15,0,0.3148081
10965,22,1,0.42545345
10966,4,0,0.16460909
10967,12,0,0.38527387
10968,15,1,0.46227002
10969,2,0,0.6149847
10970,16,0,0.50503844
10971,20,1,0.39156213
10972,16,1,0.8788275
10973,9,1,0.7088202
10974,19,1,0.7134314
10975,1,0,0.2483922
10976,25,0,0.4542304
10977,16,1,0.41252807
10978,2,1,0.51509994
10979,20,0,0.14943616
10980,27,0,0.083292775
10981,19,0,0.3913947
10982,1,0,0.82845914
10983,3,0,0.23380801
10984,11,0,0.41978133
10985,13,1,0.45764175
10986,2,1,0.30228007
10987,3,0,0.2047652
10988,20,1,0.38387808
10989,8,0,0.51732564
10990,17,0,0.118984714
10991,8,0,0.40926307
10992,10,1,0.6872099
10993,18,1,0.93477416
10994,8,1,0.78934926
10995,12,0,0.22676562
10996,20,1,0.49596483
10997,21,0,0.44275185
10998,20,1,0.35401687
10999,12,1,0.7609808
11000,6,0,0.36934263
11001,20,0,0.15033148
11002,15,0,0.26431274
11003,10,0,0.7845831
11004,0,1,0.8205161
11005,9,0,0.4255852
11006,6,1,0.9592866
11007,22,1,0.9338768
11008,19,1,0.6099763
11009,13,0,0.2516892
11010,7,1,0.894955
11011,8,1,0.5124241
11012,9,1,0.37589103
11013,0,0,0.28149822
11014,23,0,0.34261945
11015,26,0,0.5651271
11016,20,0,0.7581088
11017,6,1,0.31074637
11018,11,0,0.66495574
11019,18,0,0.3831122
11020,27,0,0.21205631
11021,26,0,0.6461059
11022,6,0,0.4535181
11023,3,1,0.70285195
11024,25,1,0.42463705
11025,28,0,0.29753795
11026,13,1,0.7065701
11027,27,1,0.6120984
11028,20,1,0.32470065
11029,14,1,0.36573017
11030,16,0,0.45588976
11031,13,1,0.34485668
11032,7,0,0.34011817
11033,11,1,0.49752206
11034,13,0,0.2537799
11035,3,1,0.6171495
11036,22,1,0.6833563
11037,28,1,0.28304902
11038,6,0,0.48613054
11039,1,1,0.42101678
11040,28,0,0.28504267
11041,15,0,0.48561528
11042,12,1,0.8458776
11043,5,1,0.48496532
11044,7,0,0.4774507
11045,14,1,0.57698286
11046,17,1,0.67104787
11047,10,1,0.6325031
11048,6,1,0.69268847
11049,16,1,0.6195469
11050,12,0,0.45869115
11051,1,1,0.8561092
11052,25,1,0.66464365
11053,10,0,0.22691102
11054,18,1,0.6215002
11055,25,1,0.4362523
11056,21,1,0.62647444
11057,12,1,0.7575374
11058,20,0,0.3332319
11059,2,0,0.48243752
11060,5,1,0.65608406
11061,6,1,0.8505494
11062,13,1,0.7441044
11063,16,0,0.44458407
11064,4,0,0.20059311
11065,15,0,0.6276697
11066,6,0,0.6537564
11067,26,1,0.6519137
11068,5,1,0.960903
11069,10,0,0.27093545
11070,14,0,0.31626457
11071,26,1,0.78946984
11072,3,1,0.8810098
11073,21,0,0.71543884
11074,9,0,0.4420017
11075,26,1,0.39592752
11076,15,0,0.28816983
11077,22,1,0.20967834
11078,25,0,0.23909271
11079,5,0,0.32523724
11080,25,0,0.35504687
11081,7,0,0.33825457
11082,2,0,0.42881778
11083,24,0,0.3526135
11084,0,0,0.1476646
11085,13,1,0.4521409
11086,19,1,0.947416
11087,3,0,0.36592302
11088,2,0,0.4122044
11089,23,1,0.30556017
11090,12,1,0.54939896
11091,27,1,0.49671897
11092,13,1,0.7794567
11093,18,0,0.31067207
11094,12,1,0.7944844
11095,3,0,0.6541815
11096,26,1,0.91905075
11097,24,1,0.7752835
11098,5,0,0.4953119
11099,24,0,0.2924496
11100,15,0,0.5571769
11101,13,1,0.7749566
11102,24,1,0.29414818
11103,9,1,0.64675844
11104,6,0,0.1697462
11105,23,1,0.6899516
11106,13,0,0.26559758
11107,24,1,0.33666506
11108,0,0,0.23184945
11109,0,1,0.6117562
11110,16,0,0.13985546
11111,8,1,0.757964
11112,8,0,0.13606009
11113,27,0,0.4765024
11114,18,1,0.55610144
11115,13,0,0.31051743
11116,22,1,0.8275798
11117,8,1,0.557007
11118,19,1,0.4251203
11119,1,0,0.42075112
11120,22,1,0.5178714
11121,8,1,0.36669132
11122,5,1,0.29481292
11123,17,0,0.18076733
11124,10,0,0.18134546
11125,12,1,0.6286673
11126,4,0,0.41749805
11127,1,1,0.63561594
11128,5,0,0.31964383
11129,20,1,0.8539438
11130,3,1,0.28650784
11131,4,0,0.296493
11132,3,0,0.25402656
11133,21,1,0.43029305
11134,13,0,0.523596
11135,17,1,0.4975459
11136,12,1,0.5402581
11137,14,0,0.5119308
11138,3,0,0.16637945
11139,16,1,0.76449203
11140,25,1,0.5329636
11141,25,1,0.48199704
11142,15,1,0.8855135
11143,21,1,0.80121905
11144,27,0,0.40828073
11145,13,1,0.2862854
11146,21,0,0.4674054
11147,25,1,0.435114
11148,7,1,0.6008623
11149,26,1,0.65126485
11150,11,1,0.6526016
11151,2,1,0.75902545
11152,7,1,0.8222895
11153,20,1,0.29076412
11154,9,0,0.63348556
11155,16,1,0.30272675
11156,20,0,0.3632029
11157,10,1,0.8666021
11158,18,0,0.3116721
11159,18,1,0.85446095
11160,8,0,0.50357765
11161,0,0,0.13275433
11162,7,1,0.22166863
11163,26,0,0.42427915
11164,10,0,0.40931922
11165,20,1,0.2796031
11166,14,0,0.481067
11167,15,1,0.63122755
11168,28,1,0.32601383
11169,16,1,0.6451016
11170,8,1,0.6400674
11171,2,1,0.39323545
11172,5,0,0.12620063
11173,28,1,0.40884745
11174,5,0,0.19657789
11175,8,0,0.82676566
11176,12,1,0.7209846
11177,25,1,0.6093524
11178,26,1,0.575863
11179,18,0,0.29660773
11180,16,0,0.17275375
11181,11,1,0.4090813
11182,18,0,0.45885372
11183,8,1,0.3207932
11184,14,0,0.3761192
11185,27,1,0.6616144
11186,25,1,0.67842996
11187,15,1,0.68613076
11188,13,0,0.13064015
11189,21,0,0.23430891
11190,10,1,0.46086118
11191,17,1,0.7218142
11192,5,1,0.8667855
11193,6,1,0.7934802
11194,21,0,0.4817841
11195,21,0,0.5415557
11196,2,1,0.4019353
11197,26,1,0.8670943
11198,10,0,0.48798254
11199,19,0,0.6178454
11200,7,0,0.29916334
11201,13,1,0.17701101
11202,12,0,0.2526087
11203,10,1,0.64749205
11204,3,0,0.39397964
11205,10,1,0.94532907
11206,17,1,0.97463584
11207,15,0,0.24805456
11208,27,1,0.24809165
11209,6,1,0.81911546
11210,17,0,0.10572769
11211,11,0,0.79772705
11212,17,1,0.38681337
11213,22,1,0.65153044
11214,18,0,0.7916112
11215,23,1,0.8303806
11216,18,1,0.76873744
11217,21,0,0.38991076
11218,6,1,0.44727746
11219,4,1,0.20924878
11220,22,1,0.3684315
11221,23,1,0.6366766
11222,10,1,0.29356784
11223,9,0,0.31565812
11224,15,1,0.5943923
11225,20,1,0.7031122
11226,20,0,0.32877234
11227,28,1,0.36000243
11228,16,0,0.11619601
11229,0,1,0.93517286
11230,25,1,0.572373
11231,3,1,0.7338023
11232,15,0,0.49068344
11233,25,1,0.36044025
11234,6,1,0.7142502
11235,4,0,0.36851445
11236,27,0,0.8379491
11237,16,1,0.39102224
11238,14,1,0.6713525
11239,14,1,0.5396512
11240,22,1,0.7606992
11241,2,0,0.53799146
11242,18,1,0.39573836
11243,2,0,0.5800312
11244,16,0,0.45843637
11245,1,0,0.32067028
11246,15,1,0.64457524
11247,2,1,0.63864785
11248,1,0,0.2734469
11249,16,0,0.18008775
11250,13,1,0.78246313
11251,2,0,0.2940808
11252,1,0,0.33395043
11253,20,0,0.41940022
11254,4,0,0.40984982
11255,1,1,0.6574737
11256,8,0,0.4463426
11257,19,0,0.64208007
11258,26,0,0.5262549
11259,1,1,0.90512365
11260,14,1,0.7098909
11261,8,0,0.12635027
11262,1,0,0.3091705
11263,6,0,0.20668854
11264,12,1,0.42719433
11265,4,0,0.39735132
11266,15,0,0.24671024
11267,19,1,0.7747413
11268,26,0,0.8473236
11269,15,0,0.34407488
11270,12,0,0.73494047
11271,3,0,0.34580272
11272,13,0,0.38322023
11273,6,0,0.650708
11274,16,1,0.6962828
11275,13,0,0.34112433
11276,16,0,0.4423777
11277,22,1,0.7793367
11278,8,0,0.32136133
11279,20,0,0.1884537
11280,0,1,0.7693845
11281,7,0,0.69000006
11282,15,0,0.40167877
11283,14,1,0.74873877
11284,18,1,0.9243606
11285,19,1,0.763494
11286,25,1,0.55568486
11287,16,1,0.34825408
11288,27,0,0.45043123
11289,20,1,0.3899247
11290,11,0,0.062383216
11291,11,0,0.2972097
11292,0,1,0.5355522
11293,7,0,0.33171666
11294,1,1,0.62446
11295,16,1,0.77403075
11296,11,0,0.25351202
11297,0,1,0.9535076
11298,12,1,0.6111586
11299,6,1,0.62254
11300,26,0,0.42567617
11301,11,0,0.29517707
11302,8,1,0.668551
11303,23,0,0.51638806
11304,27,0,0.6621913
11305,22,0,0.3388168
11306,11,1,0.93474615
11307,26,0,0.5506607
11308,1,1,0.8121539
11309,22,0,0.3445583
11310,17,0,0.8175187
11311,21,1,0.22872345
11312,6,1,0.8638701
11313,28,0,0.34256196
11314,5,0,0.09097397
11315,10,1,0.5797864
11316,18,1,0.69051653
11317,26,1,0.92639434
11318,9,1,0.24795015
11319,27,0,0.7252663
11320,20,1,0.6714117
11321,20,0,0.31829235
11322,22,1,0.70879537
11323,11,1,0.2824129
11324,1,1,0.6057802
11325,16,0,0.3192492
11326,19,0,0.11837283
11327,11,0,0.42184868
11328,18,1,0.8774647
11329,24,0,0.674121
11330,17,0,0.4272601
11331,16,1,0.38705516
11332,2,0,0.29184783
11333,1,1,0.3948686
11334,9,1,0.767142
11335,8,0,0.30044943
11336,20,1,0.63359183
11337,15,1,0.87842286
11338,15,1,0.6450789
11339,13,1,0.5651533
11340,15,1,0.495444
11341,10,0,0.20502213
11342,28,1,0.60587656
11343,9,1,0.7086747
11344,28,1,0.7211724
11345,28,0,0.42313954
11346,25,1,0.8375194
11347,16,0,0.2546899
11348,1,0,0.5317183
11349,6,1,0.7173326
11350,8,0,0.649
11351,25,1,0.49665192
11352,19,0,0.23236132
11353,0,1,0.40276814
11354,6,1,0.35285625
11355,6,1,0.8917657
11356,7,1,0.46486175
11357,2,0,0.267185
11358,11,1,0.7644297
11359,7,1,0.9159619
11360,9,1,0.5713262
11361,1,0,0.34987852
11362,25,0,0.59563714
11363,22,0,0.14734668
11364,20,1,0.60401165
11365,20,0,0.18572293
11366,20,0,0.3836269
11367,16,1,0.63156635
11368,6,1,0.654219
11369,13,0,0.15789554
11370,17,0,0.21408397
11371,15,1,0.40367708
11372,13,0,0.3023346
11373,22,0,0.3665116
11374,21,1,0.37268677
11375,16,0,0.8780828
11376,25,1,0.5773835
11377,16,1,0.6936181
11378,22,0,0.3090253
11379,26,1,0.81156737
11380,28,1,0.2477977
11381,25,1,0.7304151
11382,12,1,0.509668
11383,20,1,0.4599933
11384,6,1,0.57085407
11385,16,1,0.5768855
11386,16,0,0.35262853
11387,23,1,0.6912409
11388,15,1,0.8015202
11389,15,0,0.6992342
11390,18,1,0.6037783
11391,11,1,0.75835365
11392,4,0,0.33462617
11393,24,1,0.72639304
11394,13,0,0.77651167
11395,20,0,0.34042042
11396,27,0,0.343096
11397,26,1,0.5441852
11398,14,0,0.4816495
11399,3,0,0.680243
11400,15,0,0.2444872
11401,6,1,0.8233852
11402,8,1,0.42282543
11403,26,0,0.29393378
11404,20,1,0.912196
11405,23,0,0.20048206
11406,17,1,0.25522783
11407,18,1,0.4395613
11408,16,1,0.88270074
11409,24,0,0.5815969
11410,6,1,0.46228084
11411,3,1,0.2449353
11412,13,1,0.9362919
11413,16,1,0.63471
11414,0,1,0.576854
11415,24,0,0.60929066
11416,19,0,0.20961177
11417,1,0,0.48576832
11418,14,1,0.6177235
11419,2,0,0.18982525
11420,13,1,0.2261982
11421,10,1,0.9288151
11422,3,1,0.7269384
11423,13,1,0.21720074
11424,25,1,0.44308868
11425,20,0,0.2577192
11426,21,0,0.5631389
11427,10,0,0.45430169
11428,10,1,0.654642
11429,27,1,0.56951505
11430,7,1,0.68503195
11431,0,1,0.46067044
11432,13,1,0.9082958
11433,16,1,0.43634415
11434,7,0,0.42728448
11435,2,1,0.7131482
11436,14,1,0.68578684
11437,14,0,0.6246232
11438,16,1,0.47710612
11439,16,0,0.5147302
11440,28,1,0.8133881
11441,28,1,0.5881398
11442,10,0,0.42825457
11443,2,0,0.38937044
11444,27,1,0.6075972
11445,13,0,0.6325015
11446,11,1,0.69455135
11447,21,0,0.6575081
11448,13,0,0.7123218
11449,27,0,0.5503235
11450,16,0,0.28334323
11451,3,0,0.3719704
11452,17,0,0.7846557
11453,17,0,0.85295266
11454,23,0,0.25315812
11455,13,0,0.42872795
11456,16,1,0.60263216
11457,19,0,0.35414717
11458,7,0,0.35234436
11459,12,1,0.78837264
11460,28,0,0.43086788
11461,1,0,0.22695257
11462,15,0,0.21326873
11463,18,0,0.08467969
11464,14,0,0.26104608
11465,25,0,0.7853694
11466,26,0,0.23872545
11467,17,1,0.5776873
11468,8,1,0.2188722
11469,2,0,0.687017
11470,16,1,0.2621031
11471,27,0,0.53567743
11472,14,0,0.8872927
11473,28,0,0.27378613
11474,13,0,0.36330917
11475,11,1,0.6849655
11476,28,0,0.37584177
11477,13,1,0.27442062
11478,7,1,0.8901244
11479,15,1,0.69150007
11480,15,1,0.5637728
11481,2,1,0.59369946
11482,10,1,0.36905566
11483,21,1,0.40568098
11484,19,0,0.48247185
11485,25,1,0.2685315
11486,11,0,0.7452357
11487,16,0,0.17843954
11488,16,1,0.2898006
11489,15,0,0.23181711
11490,24,0,0.66607976
11491,10,0,0.38089314
11492,2,0,0.4968462
11493,28,1,0.4029387
11494,12,0,0.23804784
11495,18,1,0.119943544
11496,13,1,0.6680496
11497,27,0,0.2271726
11498,28,0,0.3096215
11499,26,1,0.6559046
11500,25,0,0.61195666
11501,4,0,0.31180784
11502,0,1,0.6988014
11503,12,0,0.21284236
11504,21,0,0.78775686
11505,6,1,0.9400881
11506,2,1,0.68676096
11507,1,0,0.28123313
11508,11,0,0.29829797
11509,1,1,0.6414424
11510,10,1,0.7275329
11511,12,1,0.65269
11512,11,0,0.62501603
11513,27,0,0.37625146
11514,0,1,0.8801306
11515,25,1,0.78294504
11516,8,0,0.24167731
11517,20,0,0.34300774
11518,2,0,0.6443771
11519,22,0,0.2133526
11520,17,0,0.115683086
11521,7,1,0.48071438
11522,9,1,0.53171676
11523,23,1,0.906803
11524,20,1,0.26992106
11525,11,1,0.7421342
11526,11,0,0.6902614
11527,15,0,0.24849162
11528,2,0,0.5313424
11529,2,0,0.18612425
11530,8,1,0.7555596
11531,20,1,0.74602294
11532,27,0,0.15211256
11533,23,1,0.6683323
11534,16,0,0.4960018
11535,10,1,0.6010788
11536,10,1,0.57790583
11537,13,1,0.53186715
11538,20,1,0.63045096
11539,24,1,0.58749455
11540,18,1,0.49940395
11541,4,1,0.60654086
11542,12,0,0.23268919
11543,8,0,0.25483543
11544,15,1,0.5146181
11545,28,0,0.2823893
11546,6,0,0.47800514
11547,9,1,0.3047557
11548,3,1,0.32089403
11549,13,0,0.3892074
11550,2,1,0.70414776
11551,14,0,0.28861973
11552,15,0,0.5202605
11553,20,1,0.76013815
11554,12,1,0.64447385
11555,12,1,0.78982407
11556,2,0,0.2918584
11557,14,1,0.81333476
11558,16,1,0.88922083
11559,16,1,0.4431921
11560,26,0,0.33202645
11561,16,0,0.22074135
11562,9,0,0.21020317
11563,8,1,0.43234327
11564,2,0,0.23258108
11565,6,1,0.6456221
11566,6,1,0.8960554
11567,25,1,0.75722855
11568,6,0,0.42347568
11569,9,1,0.65359163
11570,6,1,0.5739724
11571,15,0,0.65382874
11572,20,1,0.41416857
11573,17,1,0.57789266
11574,25,1,0.8466833
11575,13,0,0.30194193
11576,2,0,0.26345626
11577,12,1,0.7743177
11578,8,0,0.6193096
11579,2,1,0.7037101
11580,16,1,0.6644162
11581,5,0,0.28443363
11582,15,1,0.8676797
11583,7,0,0.28955722
11584,25,1,0.67299944
11585,25,1,0.32183513
11586,27,0,0.43195742
11587,26,0,0.280094
11588,27,0,0.57127255
11589,26,1,0.4911807
11590,15,0,0.34076706
11591,16,0,0.54902494
11592,27,0,0.4602737
11593,26,1,0.53570545
11594,15,1,0.6767454
11595,8,1,0.62044656
11596,4,0,0.50506514
11597,28,0,0.46218398
11598,23,1,0.6674855
11599,13,0,0.34211415
11600,9,1,0.76741624
11601,2,0,0.26725203
11602,12,0,0.22825563
11603,25,1,0.65521514
11604,12,0,0.28843242
11605,8,1,0.9041531
11606,1,1,0.86550975
11607,16,1,0.7912966
11608,18,0,0.380771
11609,15,1,0.38316667
11610,10,1,0.93723655
11611,2,1,0.41899255
11612,4,1,0.3128441
11613,12,1,0.98456234
11614,20,0,0.1817531
11615,27,0,0.28866643
11616,15,0,0.6169519
11617,11,0,0.38417992
11618,10,0,0.2866303
11619,26,0,0.36411804
11620,10,1,0.41540653
11621,3,0,0.47360188
11622,11,1,0.4058712
11623,10,1,0.6076878
11624,26,0,0.58327615
11625,20,0,0.4286328
11626,20,0,0.19485739
11627,8,1,0.46816376
11628,8,0,0.52997357
11629,8,0,0.26615515
11630,25,1,0.6999556
11631,21,0,0.19206502
11632,17,1,0.6804067
11633,28,0,0.32717222
11634,28,0,0.09700804
11635,11,1,0.54863435
11636,25,1,0.9119531
11637,7,0,0.32648066
11638,1,0,0.27699283
11639,27,1,0.7232515
11640,15,1,0.80719745
11641,7,1,0.41006914
11642,12,0,0.6862828
11643,21,0,0.25414586
11644,8,0,0.47150847
11645,2,1,0.6870184
11646,16,1,0.63855004
11647,26,1,0.43345618
11648,16,1,0.56405306
11649,19,0,0.2978851
11650,16,1,0.3611397
11651,16,0,0.38388595
11652,13,0,0.39814878
11653,9,1,0.61243296
11654,22,1,0.41849232
11655,13,1,0.39120847
11656,22,1,0.32722178
11657,1,0,0.4079186
11658,8,0,0.47212684
11659,13,0,0.121413566
11660,13,0,0.42847285
11661,15,1,0.33350128
11662,16,1,0.34200907
11663,22,1,0.37058988
11664,15,1,0.7858842
11665,15,1,0.3646672
11666,20,1,0.87217945
11667,18,0,0.6540564
11668,16,1,0.68783134
11669,14,1,0.24068253
11670,18,0,0.39074567
11671,1,0,0.35300753
11672,3,1,0.59375906
11673,16,1,0.5557787
11674,0,1,0.81578916
11675,25,1,0.8450778
11676,0,0,0.49239022
11677,26,0,0.36757174
11678,10,1,0.33218232
11679,7,1,0.44845542
11680,2,1,0.52855194
11681,23,1,0.68182063
11682,25,1,0.64871144
11683,14,0,0.50766087
11684,28,0,0.42359605
11685,25,1,0.6788996
11686,17,0,0.2941593
11687,15,1,0.55916476
11688,27,1,0.6372517
11689,28,1,0.16194864
11690,2,0,0.51712203
11691,6,1,0.7936888
11692,28,1,0.48636806
11693,8,1,0.481857
11694,2,0,0.5881532
11695,13,1,0.3803992
11696,25,0,0.38749686
11697,8,1,0.7209231
11698,2,1,0.35358125
11699,20,1,0.4780484
11700,0,0,0.22303887
11701,0,0,0.15707421
11702,26,0,0.16049579
11703,10,1,0.6728402
11704,27,0,0.46699044
11705,20,1,0.49575529
11706,1,1,0.6674735
11707,16,1,0.868406
11708,22,0,0.20482153
11709,18,1,0.81564385
11710,8,0,0.6943009
11711,25,0,0.793835
11712,18,0,0.7177087
11713,4,1,0.5408911
11714,27,1,0.63949096
11715,1,1,0.76816756
11716,6,1,0.906358
11717,11,0,0.2643564
11718,15,0,0.55126435
11719,7,0,0.08272052
11720,4,1,0.91932744
11721,11,1,0.47026238
11722,2,1,0.92353225
11723,13,1,0.32354888
11724,15,0,0.5682496
11725,25,0,0.55499977
11726,16,0,0.5656468
11727,6,1,0.87304676
11728,12,0,0.44521683
11729,1,1,0.9606092
11730,10,0,0.2020005
11731,9,0,0.38979015
11732,22,0,0.44701785
11733,0,1,0.6688359
11734,2,0,0.2531778
11735,27,1,0.26224038
11736,0,0,0.50895697
11737,10,1,0.28111187
11738,10,0,0.32335198
11739,13,1,0.7081043
11740,25,0,0.12620322
11741,6,0,0.44029954
11742,20,0,0.73075575
11743,7,1,0.6016128
11744,19,1,0.41196406
11745,25,1,0.7965955
11746,16,0,0.26426595
11747,0,1,0.655296
11748,1,1,0.4125163
11749,23,1,0.37371758
11750,18,1,0.6318121
11751,13,0,0.39499304
11752,26,0,0.19900125
11753,1,1,0.3970063
11754,6,1,0.8422177
11755,20,0,0.24182719
11756,28,1,0.7524664
11757,24,0,0.36171937
11758,11,0,0.8251009
11759,26,1,0.82162064
11760,20,0,0.5654842
11761,10,0,0.5521954
11762,5,1,0.44472012
11763,11,1,0.8503787
11764,25,1,0.68436885
11765,3,0,0.20787962
11766,26,0,0.7962108
11767,15,0,0.2253788
11768,24,0,0.14856629
11769,8,1,0.6340307
11770,25,0,0.54528546
11771,12,1,0.7066282
11772,14,1,0.6168832
11773,15,1,0.54414916
11774,11,1,0.7762181
11775,13,1,0.38329834
11776,10,0,0.20476873
11777,13,0,0.14788188
11778,5,1,0.17565784
11779,7,1,0.7851076
11780,23,1,0.50121456
11781,14,1,0.43995768
11782,12,0,0.29288408
11783,2,1,0.7011115
11784,15,0,0.1727306
11785,22,1,0.7628207
11786,21,0,0.28106773
11787,28,0,0.19995461
11788,13,0,0.27999836
11789,7,0,0.12567142
11790,23,0,0.46010956
11791,14,1,0.5316944
11792,7,0,0.46900046
11793,24,0,0.26005262
11794,18,1,0.49815875
11795,16,1,0.36463025
11796,22,1,0.6332056
11797,7,1,0.5025143
11798,19,0,0.3977656
11799,13,0,0.45638758
11800,25,1,0.69787896
11801,1,0,0.53411233
11802,25,1,0.32638872
11803,13,1,0.7467505
11804,2,0,0.7000424
11805,1,1,0.5364081
11806,17,0,0.91515106
11807,24,1,0.43380183
11808,20,0,0.30135584
11809,6,0,0.60624385
11810,17,1,0.6590808
11811,13,0,0.4666073
11812,28,1,0.50472075
11813,12,1,0.13407804
11814,1,1,0.81337184
11815,8,1,0.8587091
11816,7,1,0.7892086
11817,7,1,0.53498733
11818,12,1,0.4584399
11819,3,0,0.7581395
11820,28,0,0.4848645
11821,4,0,0.49488035
11822,10,1,0.5454143
11823,12,0,0.37767074
11824,20,0,0.17594446
11825,2,1,0.8230609
11826,25,0,0.47024304
11827,13,0,0.43620637
11828,0,1,0.41588226
11829,11,0,0.29289475
11830,9,1,0.49835485
11831,15,1,0.63662755
11832,7,0,0.623349
11833,6,1,0.4378789
11834,3,1,0.5992214
11835,20,1,0.85140353
11836,13,1,0.42765498
11837,27,1,0.42269632
11838,15,0,0.40915737
11839,24,1,0.3753317
11840,1,0,0.5415138
11841,17,0,0.58619833
11842,16,0,0.33206216
11843,10,0,0.36063004
11844,3,0,0.18897802
11845,25,0,0.23901592
11846,11,0,0.33009502
11847,9,0,0.09190957
11848,1,1,0.5261718
11849,1,0,0.2957187
11850,3,1,0.5783015
11851,3,1,0.49838707
11852,17,1,0.42557046
11853,3,1,0.77585214
11854,25,0,0.64619005
11855,28,1,0.96927637
11856,22,1,0.72812885
11857,27,0,0.5907502
11858,24,0,0.11055874
11859,10,1,0.5096066
11860,15,0,0.8085967
11861,17,0,0.13055058
11862,9,0,0.5360215
11863,17,0,0.40496212
11864,23,0,0.6248243
11865,0,0,0.59141636
11866,19,0,0.546752
11867,10,0,0.3274858
11868,12,0,0.471386
11869,24,0,0.4456797
11870,11,1,0.8612696
11871,13,0,0.21419215
11872,15,1,0.4302832
11873,13,0,0.12194344
11874,18,0,0.22570622
11875,10,0,0.26111996
11876,22,0,0.77836144
11877,2,0,0.7461507
11878,10,1,0.5619319
11879,20,1,0.65133727
11880,14,1,0.4982921
11881,27,1,0.89753354
11882,9,0,0.16554138
11883,27,1,0.6175131
11884,2,1,0.844495
11885,15,0,0.30137128
11886,18,0,0.18464276
11887,17,1,0.28812236
11888,20,0,0.15442322
11889,3,0,0.2120354
11890,12,0,0.5317994
11891,17,0,0.7116729
11892,9,0,0.262934
11893,1,1,0.57316226
11894,10,1,0.82949185
11895,12,0,0.39589122
11896,17,1,0.7846924
11897,28,1,0.25796524
11898,2,1,0.89888096
11899,25,1,0.5520059
11900,17,1,0.5388203
11901,25,1,0.5458531
11902,2,0,0.4977355
11903,18,0,0.5189865
11904,11,1,0.97284466
11905,16,0,0.5324826
11906,17,1,0.65730417
11907,16,0,0.16007794
11908,15,1,0.87795097
11909,5,1,0.61074114
11910,17,0,0.8030122
11911,11,1,0.78663117
11912,0,0,0.6188887
11913,3,0,0.43957368
11914,25,1,0.39270726
11915,6,0,0.24956885
11916,11,1,0.54075557
11917,22,0,0.42102847
11918,12,0,0.44240656
11919,1,1,0.67212373
11920,15,1,0.31040856
11921,25,0,0.4675782
11922,15,1,0.6346987
11923,3,0,0.3252866
11924,26,1,0.7872651
11925,20,0,0.31163776
11926,22,1,0.66324985
11927,10,0,0.14257023
11928,7,0,0.3147075
11929,17,1,0.53035927
11930,1,1,0.6185595
11931,20,0,0.20938855
11932,2,0,0.74142873
11933,25,1,0.33452895
11934,2,1,0.78438175
11935,2,0,0.22571923
11936,23,1,0.28753766
11937,13,0,0.47720993
11938,28,0,0.45661134
11939,22,1,0.7410688
11940,18,1,0.6347169
11941,15,1,0.58747643
11942,27,1,0.5112948
11943,9,1,0.7320019
11944,16,1,0.460964
11945,24,1,0.5370028
11946,13,0,0.16618909
11947,11,0,0.4257815
11948,20,0,0.3836504
11949,21,1,0.5003135
11950,27,1,0.84098613
11951,16,0,0.5577485
11952,10,1,0.4563366
11953,16,1,0.7803018
11954,1,0,0.3736666
11955,4,1,0.7098311
11956,10,0,0.56313974
11957,27,1,0.45136133
11958,26,1,0.62592524
11959,26,0,0.14797506
11960,16,0,0.11615997
11961,6,0,0.26362023
11962,11,1,0.34384397
11963,8,1,0.82832533
11964,15,1,0.775192
11965,25,1,0.5367653
11966,10,1,0.44259745
11967,19,1,0.47082162
11968,6,1,0.24823396
11969,21,1,0.7620574
11970,8,0,0.28139752
11971,25,0,0.492308
11972,26,0,0.2687713
11973,18,1,0.7014819
11974,6,0,0.4627456
11975,28,0,0.26171786
11976,11,1,0.28525802
11977,15,1,0.92103267
11978,24,1,0.48932797
11979,10,1,0.58497196
11980,26,1,0.42728648
11981,6,1,0.82830584
11982,12,1,0.9077909
11983,23,1,0.91983324
11984,0,0,0.32573032
11985,21,0,0.22058262
11986,22,0,0.4111602
11987,26,0,0.2653978
11988,13,0,0.68092763
11989,22,1,0.82478803
11990,16,1,0.34382254
11991,22,1,0.5528168
11992,10,0,0.49176472
11993,17,1,0.603495
11994,13,0,0.34437627
11995,24,0,0.8999516
11996,13,1,0.5846023
11997,8,1,0.93497545
11998,26,1,0.49946094
11999,9,0,0.69200784
12000,15,0,0.37478948
12001,6,1,0.5857374
12002,3,1,0.3582825
12003,27,0,0.16746934
12004,16,1,0.4175611
12005,15,0,0.4127033
12006,5,1,0.4500686
12007,3,0,0.47454876
12008,3,0,0.07608488
12009,15,0,0.78067505
12010,17,1,0.32966393
12011,22,1,0.74904144
12012,13,0,0.5516431
12013,7,1,0.2952382
12014,28,1,0.8617863
12015,10,0,0.39147618
12016,13,0,0.48684114
12017,0,0,0.5647205
12018,24,0,0.25878713
12019,10,1,0.18107659
12020,18,1,0.6939868
12021,25,0,0.2736085
12022,24,1,0.7251241
12023,6,0,0.4714053
12024,14,0,0.47895536
12025,18,1,0.39664775
12026,1,1,0.6157984
12027,8,0,0.6386963
12028,10,1,0.59883446
12029,26,1,0.9660403
12030,15,0,0.24597086
12031,9,0,0.30786183
12032,10,0,0.3176904
12033,20,1,0.88351625
12034,24,0,0.36408076
12035,23,0,0.39818403
12036,1,1,0.7897151
12037,22,1,0.18062207
12038,1,0,0.80379474
12039,24,1,0.41163364
12040,19,0,0.5574224
12041,15,1,0.6068559
12042,10,1,0.5473035
12043,25,1,0.5300506
12044,25,0,0.3720891
12045,10,0,0.19943656
12046,7,0,0.3692511
12047,14,1,0.7512346
12048,23,1,0.62151456
12049,13,0,0.23599619
12050,15,1,0.74498856
12051,26,1,0.62485236
12052,13,0,0.42004523
12053,25,1,0.8233549
12054,17,0,0.5089812
12055,24,1,0.18295142
12056,24,1,0.17574537
12057,13,1,0.45783606
12058,13,0,0.2691343
12059,10,0,0.44817975
12060,13,0,0.40694505
12061,18,1,0.81641906
12062,25,1,0.67939764
12063,8,1,0.5939431
12064,8,0,0.4266526
12065,7,0,0.17780776
12066,23,1,0.7213485
12067,8,0,0.06348414
12068,12,0,0.17926921
12069,7,1,0.7146149
12070,10,0,0.24395576
12071,11,1,0.46826836
12072,0,0,0.24535836
12073,13,0,0.6379702
12074,7,0,0.734836
12075,6,0,0.21720225
12076,13,1,0.9232825
12077,15,0,0.30774927
12078,26,0,0.7429634
12079,5,0,0.55863875
12080,9,0,0.2662465
12081,11,0,0.242166
12082,19,0,0.7009529
12083,14,0,0.64908594
12084,3,0,0.3569682
12085,3,1,0.36656025
12086,23,0,0.5758743
12087,11,1,0.9009377
12088,26,1,0.8602271
12089,12,1,0.7475894
12090,12,1,0.5555512
12091,16,1,0.38038105
12092,16,0,0.3056094
12093,22,1,0.9032086
12094,18,1,0.74905896
12095,1,1,0.87225235
12096,6,0,0.40354338
12097,8,1,0.70497704
12098,15,0,0.4846934
12099,1,0,0.3217491
12100,27,1,0.68246394
12101,15,1,0.715913
12102,26,0,0.4404636
12103,0,1,0.6907494
12104,19,0,0.8040628
12105,19,1,0.6168911
12106,16,1,0.6924746
12107,10,1,0.30375555
12108,22,0,0.26945993
12109,23,1,0.36070204
12110,21,0,0.19423753
12111,2,0,0.6517068
12112,14,0,0.43269536
12113,12,1,0.41338024
12114,4,1,0.5684634
12115,25,1,0.22750446
12116,7,1,0.59697115
12117,19,0,0.34553966
12118,26,0,0.44803554
12119,25,0,0.3639516
12120,28,0,0.6190469
12121,8,1,0.50248265
12122,17,1,0.3450814
12123,22,1,0.86953294
12124,14,1,0.7762398
12125,13,1,0.89128155
12126,27,1,0.5628774
12127,21,0,0.2715468
12128,14,1,0.6361615
12129,23,0,0.5625945
12130,8,1,0.7609919
12131,27,0,0.5425194
12132,25,1,0.7183491
12133,7,1,0.59851354
12134,16,1,0.5560999
12135,16,1,0.7793644
12136,1,1,0.5499657
12137,6,1,0.5222642
12138,17,1,0.7891649
12139,3,0,0.60989845
12140,10,0,0.3690596
12141,26,0,0.52559906
12142,8,1,0.689112
12143,26,0,0.21753134
12144,27,1,0.58262664
12145,6,0,0.33900717
12146,2,0,0.40213066
12147,18,1,0.68000776
12148,15,0,0.67343664
12149,19,0,0.5244371
12150,13,1,0.076701865
12151,12,0,0.16128735
12152,25,0,0.6350447
12153,17,1,0.8621061
12154,17,1,0.36898088
12155,8,0,0.34721124
12156,0,1,0.5270753
12157,25,0,0.32419622
12158,3,0,0.2511959
12159,3,0,0.19768347
12160,2,0,0.60376495
12161,13,0,0.3276551
12162,13,1,0.6989817
12163,15,1,0.7920159
12164,11,0,0.27516952
12165,15,0,0.6940947
12166,15,0,0.18123811
12167,17,1,0.8961784
12168,11,1,0.32458133
12169,8,0,0.39889422
12170,14,0,0.6441826
12171,17,0,0.5334572
12172,3,1,0.97406614
12173,6,1,0.40881896
12174,27,1,0.8840011
12175,17,0,0.33013496
12176,28,0,0.43433604
12177,8,0,0.5053966
12178,8,1,0.62925905
12179,11,1,0.93124866
12180,2,0,0.16143842
12181,26,1,0.91114783
12182,8,0,0.56678903
12183,12,0,0.41633528
12184,21,0,0.39443022
12185,23,0,0.29838008
12186,1,0,0.3370651
12187,3,1,0.65488124
12188,15,1,0.3858398
12189,14,0,0.3745807
12190,21,1,0.78985256
12191,2,0,0.25432158
12192,18,0,0.3300706
12193,25,1,0.5562831
12194,13,1,0.5664407
12195,27,1,0.56679744
12196,18,1,0.6240456
12197,8,0,0.2825755
12198,10,1,0.42425236
12199,8,1,0.5581065
12200,16,0,0.19329153
12201,1,0,0.233796
12202,3,1,0.8568943
12203,14,0,0.6366485
12204,3,1,0.7376285
12205,16,1,0.516466
12206,8,1,0.75523186
12207,23,0,0.73224497
12208,18,1,0.6410971
12209,7,1,0.33790845
12210,11,0,0.26155445
12211,16,0,0.40084538
12212,12,0,0.37070766
12213,24,0,0.32265216
12214,12,0,0.41522112
12215,16,1,0.6012398
12216,3,0,0.67169595
12217,12,1,0.89551365
12218,27,1,0.73013484
12219,23,0,0.52614343
12220,11,0,0.36903355
12221,11,0,0.5245404
12222,16,1,0.550422
12223,16,0,0.3850379
12224,22,1,0.71684283
12225,9,1,0.59245175
12226,26,1,0.5952696
12227,10,0,0.24009192
12228,5,0,0.46551746
12229,1,1,0.6510271
12230,27,1,0.4947894
12231,25,0,0.44698486
12232,23,0,0.384082
12233,15,1,0.8565957
12234,8,1,0.7146519
12235,7,0,0.40726143
12236,2,1,0.6739892
12237,2,1,0.6271961
12238,9,0,0.775078
12239,20,1,0.8338379
12240,20,0,0.709166
12241,22,0,0.528495
12242,16,0,0.50586367
12243,3,0,0.4569762
12244,8,0,0.55725795
12245,0,0,0.7209027
12246,20,1,0.925397
12247,16,1,0.8344215
12248,10,0,0.4063494
12249,8,1,0.7187567
12250,27,1,0.5381052
12251,28,0,0.88579386
12252,1,1,0.68531275
12253,2,0,0.28963873
12254,12,1,0.5661257
12255,5,0,0.37215152
12256,15,0,0.44351315
12257,7,1,0.68216395
12258,17,0,0.65473986
12259,28,0,0.062212262
12260,3,1,0.74859375
12261,9,1,0.33752525
12262,22,0,0.3556724
12263,15,1,0.4437594
12264,3,1,0.58641666
12265,22,0,0.16846058
12266,27,0,0.6441763
12267,17,0,0.28623083
12268,10,0,0.52310926
12269,8,0,0.15731883
12270,15,1,0.58666795
12271,3,1,0.5631856
12272,26,0,0.61576974
12273,21,1,0.807342
12274,16,1,0.457286
12275,11,1,0.24045236
12276,3,1,0.8839059
12277,27,1,0.5141927
12278,22,1,0.54854345
12279,17,1,0.84726214
12280,20,1,0.6787139
12281,26,1,0.8345323
12282,12,0,0.5263684
12283,7,1,0.31880623
12284,5,0,0.3433397
12285,15,0,0.44293052
12286,12,0,0.59197044
12287,10,1,0.56918675
12288,0,1,0.34415966
12289,23,0,0.2679249
12290,16,0,0.43123165
12291,1,1,0.7876787
12292,27,1,0.76122206
12293,1,0,0.25090784
12294,14,1,0.7331423
12295,12,0,0.23701608
12296,14,1,0.97100914
12297,23,1,0.46984842
12298,6,0,0.2875319
12299,26,1,0.5108445
12300,2,0,0.72306365
12301,2,1,0.4714071
12302,26,1,0.72818345
12303,25,1,0.48135847
12304,27,0,0.06174296
12305,22,0,0.22725
12306,25,0,0.64278406
12307,26,0,0.45909035
12308,1,0,0.6542111
12309,13,0,0.6532383
12310,8,0,0.38967907
12311,14,0,0.3572445
12312,15,0,0.34850776
12313,12,1,0.27287626
12314,15,1,0.82805437
12315,10,1,0.3303185
12316,17,1,0.89262885
12317,26,1,0.306764
12318,25,1,0.7191052
12319,22,1,0.90370995
12320,9,1,0.54021525
12321,27,0,0.3344768
12322,15,1,0.23717386
12323,25,0,0.2563933
12324,21,0,0.26115522
12325,3,1,0.526008
12326,27,0,0.7135887
12327,11,1,0.410461
12328,13,0,0.44676885
12329,20,0,0.21523987
12330,8,1,0.91519284
12331,12,1,0.7782027
12332,1,0,0.3639016
12333,8,0,0.38995853
12334,16,0,0.45917934
12335,10,0,0.5660984
12336,15,1,0.9211519
12337,5,0,0.91358733
12338,9,1,0.42100796
12339,14,1,0.62852395
12340,0,1,0.5906192
12341,16,0,0.20354728
12342,10,1,0.36021328
12343,27,0,0.13328739
12344,15,0,0.3292518
12345,5,1,0.2362161
12346,15,0,0.6782811
12347,9,0,0.30625185
12348,13,1,0.81051797
12349,8,0,0.32872128
12350,12,0,0.35015482
12351,17,0,0.955826
12352,13,1,0.68391263
12353,25,0,0.21018404
12354,20,1,0.40215263
12355,11,1,0.7529831
12356,15,0,0.16945608
12357,8,1,0.6306454
12358,11,1,0.8082525
12359,13,1,0.40272534
12360,20,0,0.15307675
12361,8,0,0.67969155
12362,17,1,0.6099771
12363,10,1,0.6483507
12364,26,0,0.5503543
12365,11,0,0.4786001
12366,7,1,0.33859852
12367,26,1,0.44275594
12368,15,1,0.7875591
12369,14,1,0.72748667
12370,2,1,0.23647755
12371,8,0,0.37263206
12372,16,0,0.21754675
12373,0,0,0.31844968
12374,10,1,0.6143185
12375,11,1,0.42132595
12376,2,0,0.7057779
12377,16,0,0.5294409
12378,13,1,0.4342682
12379,13,0,0.40788117
12380,25,1,0.4053258
12381,2,1,0.5293882
12382,22,0,0.4459993
12383,21,0,0.5251214
12384,21,0,0.4837577
12385,9,0,0.5623814
12386,11,1,0.34149462
12387,16,0,0.44106016
12388,26,0,0.20218825
12389,26,0,0.42271435
12390,26,0,0.53906137
12391,26,1,0.26321465
12392,12,1,0.4627162
12393,0,0,0.17882194
12394,26,1,0.6354402
12395,1,1,0.74416685
12396,18,1,0.52505285
12397,1,0,0.19665991
12398,15,0,0.27514273
12399,26,1,0.50974137
12400,4,1,0.3240496
12401,17,1,0.6167149
12402,2,1,0.3394498
12403,16,1,0.9207978
12404,3,1,0.9565268
12405,2,1,0.56143904
12406,15,0,0.37906936
12407,17,1,0.9391531
12408,18,0,0.4315025
12409,14,1,0.58414185
12410,28,0,0.5176514
12411,14,0,0.53282535
12412,20,0,0.51400536
12413,10,0,0.22574693
12414,3,1,0.34982556
12415,20,0,0.66216594
12416,13,0,0.6187844
12417,9,0,0.8355227
12418,18,0,0.44641826
12419,11,1,0.8602547
12420,1,0,0.6509542
12421,22,1,0.696747
12422,16,0,0.56167954
12423,26,1,0.76840955
12424,25,1,0.5716309
12425,10,0,0.21730511
12426,22,1,0.86619604
12427,10,1,0.2542868
12428,18,1,0.6277914
12429,26,1,0.14569035
12430,10,1,0.29844117
12431,9,1,0.67257464
12432,24,0,0.5018213
12433,3,0,0.61885417
12434,25,1,0.45351967
12435,11,0,0.5981031
12436,21,1,0.46639755
12437,8,0,0.42338705
12438,3,1,0.85260844
12439,14,1,0.88584244
12440,17,1,0.7371715
12441,12,0,0.107458375
12442,25,1,0.6549533
12443,10,0,0.5031525
12444,14,1,0.533798
12445,24,0,0.5439288
12446,10,0,0.51985776
12447,22,0,0.48104164
12448,6,0,0.46465138
12449,21,1,0.5203877
12450,23,0,0.4104893
12451,24,0,0.19909047
12452,8,1,0.7062939
12453,0,1,0.578908
12454,11,0,0.29424864
12455,25,1,0.4433831
12456,27,0,0.41528347
12457,16,0,0.43292332
12458,11,1,0.5193049
12459,8,0,0.6606543
12460,10,0,0.2996506
12461,17,0,0.32787028
12462,12,0,0.41829866
12463,16,0,0.51301813
12464,26,0,0.47749513
12465,2,0,0.15880007
12466,5,0,0.41333023
12467,1,0,0.4008904
12468,14,0,0.8562057
12469,25,0,0.40302876
12470,0,1,0.68619674
12471,6,0,0.21901323
12472,22,1,0.3696956
12473,4,0,0.5183028
12474,1,1,0.9134632
12475,26,0,0.43543354
12476,9,1,0.3693463
12477,13,0,0.26962334
12478,26,1,0.4403196
12479,28,0,0.16644903
12480,23,1,0.73156875
12481,25,1,0.44807827
12482,13,0,0.6920701
12483,12,1,0.43552846
12484,11,0,0.26930052
12485,15,1,0.6412052
12486,4,0,0.2991634
12487,13,1,0.40237162
12488,20,1,0.5932063
12489,18,1,0.8508032
12490,5,1,0.46177843
12491,28,1,0.8705512
12492,14,0,0.30934736
12493,6,1,0.797156
12494,2,0,0.32628235
12495,13,0,0.27000993
12496,3,0,0.35423005
12497,24,0,0.16360843
12498,26,0,0.24617252
12499,11,0,0.4590791
12500,11,0,0.7730362
12501,25,0,0.32652226
12502,10,1,0.59098595
12503,9,1,0.41898355
12504,21,1,0.42360356
12505,20,1,0.86882484
12506,7,1,0.41925406
12507,5,1,0.5839993
12508,14,1,0.42580512
12509,17,0,0.6718807
12510,16,0,0.15843853
12511,18,0,0.8307872
12512,1,1,0.81588674
12513,28,1,0.25766486
12514,22,0,0.48608682
12515,2,0,0.69018936
12516,18,1,0.6275613
12517,27,1,0.7316307
12518,16,0,0.13361926
12519,19,0,0.45283896
12520,17,1,0.6146765
12521,24,1,0.61347425
12522,1,0,0.5740544
12523,27,1,0.90453005
12524,28,0,0.098021775
12525,28,1,0.48386037
12526,7,1,0.8937792
12527,1,0,0.28325525
12528,21,0,0.5542211
12529,10,0,0.39933628
12530,3,0,0.28126073
12531,7,1,0.5355648
12532,1,1,0.73118764
12533,3,0,0.54635113
12534,19,1,0.42214674
12535,11,0,0.13585742
12536,16,0,0.43785882
12537,8,0,0.11007121
12538,10,0,0.07352681
12539,23,1,0.71489537
12540,14,1,0.67339945
12541,5,0,0.59985274
12542,6,0,0.4958241
12543,10,1,0.43852574
12544,25,1,0.9031507
12545,11,0,0.15664357
12546,3,0,0.28332594
12547,22,1,0.51253235
12548,23,1,0.73544824
12549,11,0,0.373528
12550,8,1,0.33756554
12551,13,0,0.40211138
12552,2,0,0.8381562
12553,18,1,0.4116204
12554,15,1,0.68556756
12555,0,1,0.49344718
12556,14,1,0.91079926
12557,27,1,0.5221197
12558,12,0,0.09628115
12559,9,1,0.38993472
12560,13,0,0.13531633
12561,18,1,0.6816849
12562,17,0,0.66241354
12563,2,0,0.37702572
12564,13,1,0.6549763
12565,4,1,0.63249165
12566,7,0,0.68690777
12567,2,0,0.5546468
12568,23,0,0.27357894
12569,15,0,0.13987291
12570,12,0,0.2669791
12571,26,1,0.2614268
12572,16,0,0.41631538
12573,9,0,0.6770085
12574,10,1,0.81438833
12575,12,0,0.70360315
12576,27,1,0.20776732
12577,26,1,0.68566364
12578,25,1,0.17453763
12579,1,0,0.14354748
12580,16,0,0.2332981
12581,23,1,0.28496194
12582,9,0,0.6290301
12583,25,1,0.27848628
12584,21,0,0.24094336
12585,8,1,0.830209
12586,1,0,0.30772367
12587,8,1,0.7108721
12588,26,1,0.8843899
12589,0,0,0.64508
12590,8,0,0.17065632
12591,2,0,0.26630715
12592,22,1,0.59057385
12593,4,1,0.75970197
12594,10,1,0.6264804
12595,3,1,0.8390477
12596,2,1,0.2683138
12597,3,0,0.29815438
12598,8,1,0.6618758
12599,27,0,0.3741293
12600,0,0,0.5665895
12601,26,0,0.4288546
12602,8,0,0.4811704
12603,18,1,0.55712146
12604,25,1,0.54412663
12605,19,1,0.8419906
12606,24,1,0.4953739
12607,27,0,0.5535867
12608,16,1,0.60473484
12609,13,0,0.29555163
12610,10,0,0.379775
12611,11,1,0.38168925
12612,26,1,0.8727139
12613,3,0,0.43442813
12614,14,1,0.78846014
12615,2,1,0.8241371
12616,27,1,0.6417339
12617,12,1,0.36409467
12618,15,0,0.43521884
12619,4,1,0.8749513
12620,22,0,0.29202026
12621,13,1,0.38104734
12622,2,0,0.8429498
12623,23,1,0.62433743
12624,25,0,0.30337015
12625,12,0,0.29049638
12626,6,0,0.825616
12627,15,1,0.5190863
12628,2,0,0.2253679
12629,15,1,0.5082656
12630,19,1,0.87349
12631,16,1,0.30066732
12632,9,0,0.25344026
12633,12,1,0.53267103
12634,6,1,0.64958847
12635,13,0,0.289981
12636,19,1,0.77086395
12637,17,1,0.34386846
12638,15,0,0.25217488
12639,25,0,0.6118174
12640,18,0,0.07447601
12641,12,1,0.930192
12642,21,0,0.5575502
12643,6,1,0.76300514
12644,10,1,0.3077316
12645,19,0,0.21969661
12646,2,0,0.48422235
12647,7,0,0.40589935
12648,12,1,0.675776
12649,20,1,0.2630323
12650,12,1,0.6654074
12651,2,1,0.5017374
12652,13,1,0.31609747
12653,8,0,0.22366987
12654,9,0,0.3906342
12655,21,0,0.31599823
12656,26,1,0.81583065
12657,24,0,0.76883644
12658,28,0,0.39503574
12659,15,1,0.7159413
12660,6,1,0.33539346
12661,3,0,0.15229554
12662,11,0,0.35932437
12663,6,1,0.4915612
12664,13,0,0.3405617
12665,26,1,0.68086576
12666,22,1,0.41948727
12667,12,0,0.50342107
12668,27,0,0.6881758
12669,4,1,0.5130635
12670,2,0,0.54748696
12671,13,1,0.6998286
12672,12,0,0.51859516
12673,10,1,0.71260035
12674,2,1,0.45759457
12675,8,1,0.37596345
12676,11,0,0.53971106
12677,5,0,0.70282066
12678,12,1,0.78404164
12679,2,0,0.40996698
12680,21,1,0.9094452
12681,2,1,0.42065188
12682,24,1,0.6129143
12683,25,1,0.68847185
12684,26,0,0.46276838
12685,24,0,0.4116517
12686,11,1,0.58376783
12687,13,1,0.22017364
12688,8,1,0.87221515
12689,28,0,0.5436069
12690,20,1,0.17046183
12691,9,1,0.53364444
12692,0,1,0.60120046
12693,21,0,0.22004536
12694,10,0,0.5192265
12695,1,0,0.17745021
12696,12,0,0.50466776
12697,13,0,0.53472686
12698,19,1,0.7848658
12699,8,0,0.3307835
12700,0,0,0.42376408
12701,25,1,0.449063
12702,0,0,0.4948975
12703,15,1,0.51405203
12704,19,1,0.27107155
12705,2,0,0.30603907
12706,23,0,0.45928258
12707,8,1,0.514429
12708,13,1,0.49433985
12709,15,0,0.16130884
12710,24,1,0.44888738
12711,25,0,0.5448202
12712,7,1,0.2965303
12713,13,0,0.26961407
12714,5,0,0.3091878
12715,21,1,0.8980781
12716,17,1,0.8762299
12717,13,0,0.24864972
12718,28,1,0.44970605
12719,22,0,0.2692208
12720,11,1,0.85975665
12721,17,1,0.4227321
12722,12,1,0.8552216
12723,14,1,0.25538576
12724,8,0,0.21517006
12725,15,0,0.40879008
12726,11,0,0.18438764
12727,11,1,0.5863078
12728,16,0,0.40797147
12729,8,1,0.8660947
12730,27,1,0.5936571
12731,25,0,0.15724188
12732,17,0,0.32103887
12733,1,0,0.42759895
12734,24,0,0.36580634
12735,16,1,0.45224243
12736,25,0,0.76209086
12737,10,1,0.63728756
12738,19,1,0.6268977
12739,7,0,0.4684827
12740,16,0,0.8817337
12741,26,0,0.18931873
12742,4,1,0.76385736
12743,7,1,0.37015775
12744,23,1,0.7917626
12745,17,0,0.20105276
12746,13,1,0.7357035
12747,27,1,0.76022875
12748,20,1,0.7088068
12749,8,1,0.5719013
12750,12,1,0.73953366
12751,16,0,0.14921145
12752,13,1,0.38482758
12753,18,1,0.28984898
12754,7,0,0.3391041
12755,6,1,0.73747844
12756,11,0,0.5010994
12757,13,0,0.43514818
12758,17,0,0.8313279
12759,16,1,0.9368463
12760,4,1,0.6696457
12761,23,0,0.20770931
12762,2,0,0.20796551
12763,2,0,0.33107382
12764,2,1,0.48988447
12765,22,1,0.3060808
12766,3,0,0.5076591
12767,11,1,0.30080673
12768,13,0,0.3287007
12769,7,1,0.72400934
12770,11,1,0.3627647
12771,1,1,0.6809094
12772,1,0,0.69534105
12773,23,0,0.37652603
12774,11,0,0.3247833
12775,19,1,0.7892335
12776,16,0,0.22304495
12777,26,1,0.7057337
12778,14,1,0.44089904
12779,2,0,0.31691852
12780,7,0,0.14551678
12781,15,0,0.13257243
12782,20,0,0.35637125
12783,15,1,0.7450075
12784,11,0,0.3546219
12785,16,1,0.76756084
12786,10,1,0.8769874
12787,4,1,0.49454385
12788,11,1,0.7176134
12789,18,1,0.21906723
12790,22,1,0.80810016
12791,16,1,0.71191424
12792,25,0,0.57681763
12793,9,1,0.4800664
12794,27,1,0.6737088
12795,4,0,0.37140477
12796,20,0,0.3933409
12797,13,1,0.35661155
12798,28,0,0.51353925
12799,7,1,0.34719107
12800,15,0,0.30605242
12801,15,0,0.4512114
12802,13,0,0.4517227
12803,26,1,0.24587432
12804,9,0,0.54386413
12805,28,0,0.5755213
12806,21,1,0.7817607
12807,7,0,0.45835382
12808,11,0,0.34503517
12809,13,1,0.33156392
12810,27,0,0.41613156
12811,12,0,0.83951443
12812,18,0,0.15818116
12813,0,1,0.7137277
12814,8,0,0.29461876
12815,18,1,0.65728915
12816,2,1,0.51854235
12817,5,1,0.49521947
12818,9,1,0.5134125
12819,4,0,0.41335186
12820,15,1,0.54585004
12821,19,1,0.5469733
12822,16,1,0.34716365
12823,13,1,0.65982985
12824,12,0,0.3535548
12825,1,0,0.2417956
12826,13,0,0.63500214
12827,13,0,0.33063626
12828,27,0,0.18948357
12829,1,0,0.5978569
12830,25,1,0.4148749
12831,27,0,0.27289927
12832,16,1,0.36917672
12833,16,1,0.61883146
12834,2,1,0.77609676
12835,9,1,0.78290415
12836,13,0,0.585975
12837,3,1,0.5985759
12838,25,1,0.6328075
12839,25,0,0.563958
12840,25,1,0.33188996
12841,5,0,0.5858761
12842,13,0,0.35414162
12843,13,1,0.5543515
12844,16,1,0.41062889
12845,16,0,0.40016815
12846,17,0,0.28559282
12847,2,1,0.5173944
12848,26,1,0.44007042
12849,25,0,0.5574976
12850,2,1,0.6194378
12851,1,1,0.70198166
12852,12,0,0.22641727
12853,28,1,0.8699431
12854,19,0,0.66193396
12855,13,0,0.34807658
12856,10,1,0.42427802
12857,0,0,0.3291176
12858,8,0,0.20410155
12859,2,1,0.75614446
12860,6,1,0.58726746
12861,26,1,0.56660175
12862,3,1,0.5255667
12863,28,1,0.66501516
12864,13,0,0.36431032
12865,14,0,0.84091365
12866,9,0,0.49669147
12867,10,0,0.32695618
12868,12,0,0.203417
12869,8,0,0.4382392
12870,10,1,0.6131927
12871,16,0,0.25194418
12872,27,1,0.8744867
12873,8,1,0.82808125
12874,27,0,0.6021612
12875,8,0,0.30505383
12876,6,0,0.3123078
12877,7,0,0.27613172
12878,28,0,0.31612724
12879,10,1,0.42329603
12880,1,0,0.6011817
12881,3,1,0.59398335
12882,15,1,0.48711333
12883,4,0,0.59224725
12884,15,0,0.19295308
12885,20,1,0.6704515
12886,16,0,0.47512692
12887,3,0,0.4761271
12888,8,1,0.55770963
12889,4,1,0.48366463
12890,25,0,0.14211024
12891,16,0,0.42286208
12892,10,0,0.29026034
12893,4,0,0.3727668
12894,22,0,0.22694613
12895,22,0,0.08583918
12896,9,0,0.4592073
12897,6,0,0.30003378
12898,14,1,0.71221894
12899,12,0,0.22208296
12900,4,1,0.7179736
12901,19,0,0.37536412
12902,20,1,0.3272478
12903,1,0,0.5130946
12904,1,1,0.4896873
12905,23,0,0.37833327
12906,15,0,0.9119931
12907,15,1,0.63127935
12908,17,0,0.19637625
12909,1,1,0.8730555
12910,1,0,0.48252654
12911,28,1,0.7779371
12912,10,0,0.35163516
12913,20,0,0.5162795
12914,13,1,0.63265413
12915,6,0,0.60143733
12916,12,1,0.5902003
12917,15,1,0.620787
12918,17,1,0.8520201
12919,8,0,0.41756806
12920,13,1,0.6672912
12921,0,0,0.2563629
12922,3,1,0.44862327
12923,6,0,0.16398165
12924,13,0,0.35148886
12925,11,0,0.20742537
12926,22,1,0.4088872
12927,13,1,0.7187133
12928,28,0,0.28387725
12929,21,0,0.36594158
12930,27,0,0.1928384
12931,10,0,0.44343928
12932,27,0,0.71692085
12933,5,0,0.4652013
12934,1,1,0.3985277
12935,21,1,0.5750878
12936,8,1,0.54370046
12937,8,0,0.61036426
12938,22,0,0.8005022
12939,9,1,0.7259489
12940,11,0,0.22156939
12941,4,1,0.3017206
12942,11,0,0.7306404
12943,11,0,0.16454794
12944,8,0,0.21067654
12945,2,1,0.58233047
12946,14,1,0.6473056
12947,15,0,0.7930234
12948,8,0,0.6611271
12949,16,0,0.70436794
12950,13,1,0.43148524
12951,8,1,0.6876392
12952,16,1,0.83859485
12953,7,1,0.6110185
12954,15,1,0.4231394
12955,6,0,0.47882152
12956,3,0,0.23840205
12957,26,1,0.24529439
12958,14,0,0.6692438
12959,15,0,0.7518549
12960,5,0,0.16154067
12961,10,0,0.47344232
12962,16,0,0.30710888
12963,13,1,0.444495
12964,16,1,0.4676597
12965,15,0,0.21345574
12966,6,1,0.58566713
12967,12,0,0.47628698
12968,20,1,0.54643303
12969,25,1,0.6349439
12970,15,0,0.43618062
12971,28,1,0.7807406
12972,10,1,0.5930272
12973,27,0,0.42266083
12974,6,1,0.3656889
12975,15,0,0.121818736
12976,1,1,0.48192722
12977,6,0,0.32498708
12978,16,1,0.47000864
12979,10,0,0.28762135
12980,22,1,0.9225457
12981,2,1,0.53776777
12982,6,0,0.41473633
12983,10,1,0.43750477
12984,6,0,0.27257776
12985,12,0,0.78922355
12986,12,0,0.48428324
12987,18,1,0.75704956
12988,15,1,0.41792452
12989,18,0,0.3285326
12990,8,1,0.35879105
12991,26,0,0.4379102
12992,25,1,0.50095725
12993,18,1,0.5077307
12994,12,1,0.47377527
12995,2,0,0.2504864
12996,11,0,0.3505777
12997,13,0,0.32243392
12998,3,1,0.5399302
12999,25,0,0.38690886
13000,2,1,0.43498558
13001,28,1,0.4222733
13002,3,0,0.44998223
13003,22,0,0.07077542
13004,21,1,0.6691645
13005,26,0,0.56037086
13006,2,0,0.42276636
13007,25,0,0.24235617
13008,15,1,0.493074
13009,3,0,0.3759954
13010,6,1,0.54768074
13011,22,1,0.5297869
13012,2,1,0.59713644
13013,12,1,0.5107725
13014,18,1,0.6564979
13015,26,0,0.057950594
13016,4,0,0.6269986
13017,16,1,0.8668445
13018,24,0,0.16726744
13019,6,1,0.7408902
13020,16,1,0.45199978
13021,26,0,0.15840481
13022,9,0,0.35453796
13023,27,0,0.47673196
13024,8,1,0.42258474
13025,5,1,0.8856367
13026,24,1,0.2938799
13027,8,0,0.41073233
13028,2,1,0.82572955
13029,27,1,0.32284996
13030,14,1,0.4394151
13031,2,0,0.2700566
13032,1,0,0.19645144
13033,17,0,0.31276214
13034,7,1,0.6962552
13035,19,1,0.48666185
13036,2,1,0.30539367
13037,13,0,0.20964237
13038,16,1,0.36810943
13039,15,0,0.35779375
13040,9,0,0.4663796
13041,15,0,0.5260284
13042,16,0,0.16960226
13043,28,1,0.7405836
13044,3,0,0.40236259
13045,2,0,0.26360184
13046,16,0,0.18891127
13047,10,0,0.53839356
13048,27,0,0.4369359
13049,17,1,0.74089086
13050,27,1,0.54734325
13051,10,1,0.6936045
13052,15,0,0.38359964
13053,12,0,0.42015383
13054,8,1,0.8762598
13055,11,0,0.35780445
13056,5,0,0.63804066
13057,25,1,0.5586934
13058,10,1,0.54525733
13059,27,1,0.8666626
13060,11,1,0.72160226
13061,10,0,0.4745797
13062,16,1,0.4011389
13063,19,1,0.5625212
13064,13,0,0.6304424
13065,24,1,0.43085924
13066,1,0,0.4253085
13067,11,1,0.79604
13068,6,0,0.4490973
13069,23,0,0.232457
13070,7,0,0.48394302
13071,11,1,0.6936169
13072,10,1,0.7241397
13073,12,0,0.37934372
13074,17,0,0.0363558
13075,15,0,0.18008551
13076,11,0,0.3834191
13077,10,1,0.937019
13078,10,0,0.11537312
13079,18,0,0.10459863
13080,8,0,0.17663743
13081,13,0,0.44431007
13082,28,1,0.19969779
13083,8,0,0.79538786
13084,28,0,0.49435803
13085,8,0,0.7353209
13086,9,1,0.4943554
13087,22,0,0.460658
13088,24,1,0.3362236
13089,2,0,0.7151813
13090,10,1,0.7493833
13091,27,0,0.24442554
13092,9,0,0.4310628
13093,6,0,0.12756275
13094,10,0,0.26447052
13095,8,1,0.49826285
13096,12,0,0.5578099
13097,20,1,0.789322
13098,18,0,0.2076288
13099,20,1,0.6057422
13100,27,1,0.53346366
13101,27,0,0.41333225
13102,27,1,0.45653778
13103,27,0,0.21678163
13104,27,0,0.39736512
13105,11,1,0.82529366
13106,1,0,0.09679373
13107,20,1,0.5417966
13108,16,1,0.73410994
13109,28,1,0.87194467
13110,11,0,0.8182179
13111,2,1,0.25268626
13112,23,1,0.48551944
13113,1,0,0.2720093
13114,26,1,0.76815385
13115,18,1,0.8111188
13116,15,0,0.33584148
13117,22,0,0.5659059
13118,15,0,0.14461146
13119,3,0,0.44498533
13120,12,0,0.22893527
13121,27,1,0.7369718
13122,4,1,0.756519
13123,4,0,0.6985274
13124,9,0,0.18853822
13125,8,1,0.62685853
13126,12,1,0.74280196
13127,12,0,0.28817752
13128,10,0,0.51070386
13129,10,1,0.41112953
13130,22,0,0.4554709
13131,2,1,0.57761556
13132,25,0,0.43643895
13133,20,0,0.3727077
13134,23,1,0.74387336
13135,1,1,0.8211029
13136,0,1,0.627784
13137,25,0,0.49633667
13138,8,1,0.55702573
13139,5,0,0.23210315
13140,15,0,0.25268152
13141,17,0,0.6691171
13142,13,1,0.11293733
13143,1,1,0.11827808
13144,2,0,0.18437383
13145,2,0,0.36307523
13146,18,0,0.27373952
13147,9,0,0.3967197
13148,24,0,0.37010655
13149,5,0,0.47363904
13150,13,0,0.14290051
13151,2,1,0.52190804
13152,11,1,0.7037635
13153,16,1,0.57997286
13154,12,0,0.19943357
13155,16,1,0.23374957
13156,25,1,0.39632812
13157,1,1,0.8582403
13158,3,1,0.5445979
13159,19,1,0.78891957
13160,26,0,0.43128824
13161,13,0,0.2538989
13162,24,1,0.57156086
13163,28,1,0.7531843
13164,28,0,0.42686528
13165,2,0,0.23816939
13166,16,1,0.6070488
13167,18,0,0.25352904
13168,18,0,0.14758441
13169,10,0,0.24704853
13170,8,0,0.39131796
13171,5,1,0.504338
13172,3,0,0.40856034
13173,15,1,0.42216715
13174,11,0,0.36248094
13175,26,1,0.67609465
13176,26,1,0.4591232
13177,16,1,0.5478569
13178,3,1,0.27477553
13179,24,0,0.44599852
13180,22,1,0.68511236
13181,26,1,0.6435097
13182,2,1,0.59566647
13183,13,1,0.75743926
13184,8,1,0.50460327
13185,2,0,0.25620568
13186,21,1,0.4846869
13187,16,1,0.8334966
13188,13,0,0.16497956
13189,2,1,0.63518035
13190,19,0,0.24096493
13191,22,1,0.6856713
13192,22,0,0.24017724
13193,16,1,0.66520184
13194,17,1,0.18444511
13195,14,0,0.32134393
13196,7,0,0.8153434
13197,26,0,0.32156786
13198,22,1,0.57454157
13199,0,0,0.2168209
13200,11,0,0.38392353
13201,14,0,0.21085402
13202,10,1,0.41874492
13203,2,1,0.5354811
13204,22,1,0.50008214
13205,7,0,0.18527606
13206,5,1,0.16950403
13207,15,0,0.6331043
13208,20,0,0.61139506
13209,8,0,0.5742672
13210,3,0,0.45584413
13211,10,1,0.38567334
13212,18,0,0.21620333
13213,11,0,0.060168035
13214,25,1,0.54047865
13215,25,1,0.8809421
13216,9,0,0.33312184
13217,11,0,0.24256574
13218,0,1,0.85529155
13219,3,0,0.27738565
13220,19,1,0.64437836
13221,23,0,0.30209705
13222,25,0,0.1640355
13223,19,1,0.30940104
13224,17,0,0.4210922
13225,2,1,0.81362194
13226,20,1,0.8579177
13227,8,0,0.38357112
13228,7,0,0.7966407
13229,16,0,0.55240655
13230,23,1,0.7388793
13231,8,0,0.6168366
13232,15,0,0.392796
13233,9,0,0.43029404
13234,20,0,0.89212
13235,15,0,0.5575827
13236,26,0,0.22648323
13237,9,0,0.38585073
13238,7,1,0.95648384
13239,13,1,0.65743834
13240,24,0,0.7121748
13241,13,1,0.32271165
13242,20,1,0.5359076
13243,11,1,0.591514
13244,15,0,0.2552369
13245,6,1,0.7186136
13246,16,0,0.34603274
13247,16,0,0.34135368
13248,2,1,0.8811477
13249,17,0,0.19315395
13250,10,1,0.45688242
13251,18,0,0.29564446
13252,27,0,0.2600616
13253,15,0,0.4318184
13254,12,1,0.51670617
13255,20,1,0.7836588
13256,15,1,0.27566817
13257,4,0,0.55126923
13258,25,0,0.33040434
13259,13,0,0.31835246
13260,10,0,0.1245376
13261,3,0,0.38302916
13262,25,1,0.52004194
13263,13,0,0.57295495
13264,10,0,0.16041493
13265,8,0,0.21388297
13266,10,1,0.3794864
13267,8,0,0.54476464
13268,23,1,0.6361199
13269,10,0,0.52529263
13270,15,1,0.6981241
13271,20,0,0.20008203
13272,16,1,0.5720344
13273,27,0,0.2607675
13274,15,1,0.9701732
13275,7,1,0.2314698
13276,17,1,0.7127547
13277,15,1,0.78252983
13278,23,0,0.5427565
13279,13,1,0.49147278
13280,14,0,0.30998763
13281,10,0,0.73117894
13282,8,0,0.68258053
13283,23,1,0.6027472
13284,5,1,0.6590454
13285,7,0,0.3372958
13286,9,0,0.25737062
13287,26,1,0.70138365
13288,2,0,0.3382025
13289,2,1,0.7689979
13290,2,1,0.7876164
13291,16,0,0.4164579
13292,15,1,0.18188775
13293,20,0,0.53746134
13294,13,1,0.5560441
13295,15,1,0.6810721
13296,28,0,0.31817275
13297,13,1,0.61597425
13298,1,0,0.2199925
13299,13,0,0.058471307
13300,18,1,0.7302568
13301,28,0,0.396079
13302,26,0,0.5255315
13303,1,1,0.3581578
13304,4,1,0.6722969
13305,15,0,0.36382657
13306,28,0,0.7981183
13307,22,1,0.57191384
13308,23,1,0.32461995
13309,21,1,0.64192706
13310,28,1,0.5247803
13311,24,1,0.50977737
13312,2,0,0.3552184
13313,22,0,0.4186434
13314,11,0,0.39476612
13315,9,0,0.1576014
13316,14,0,0.3592739
13317,3,0,0.48069772
13318,25,1,0.8759976
13319,7,0,0.5007361
13320,21,1,0.63729316
13321,11,1,0.7120685
13322,6,0,0.18314904
13323,18,1,0.9420107
13324,17,1,0.47361392
13325,17,0,0.2888979
13326,28,0,0.36279887
13327,13,0,0.41273582
13328,24,1,0.6874566
13329,17,0,0.15622252
13330,10,1,0.5210148
13331,16,0,0.5531174
13332,26,0,0.25695422
13333,14,0,0.26604825
13334,3,0,0.34542668
13335,25,1,0.93990797
13336,7,0,0.3348796
13337,28,0,0.17597356
13338,22,1,0.7794777
13339,16,0,0.64140594
13340,6,1,0.9179725
13341,15,0,0.37234357
13342,5,0,0.2663797
13343,13,1,0.6555362
13344,2,0,0.20544156
13345,14,0,0.07505046
13346,11,0,0.28578243
13347,11,1,0.74535495
13348,10,0,0.031021116
13349,16,1,0.6503314
13350,8,1,0.46113074
13351,20,1,0.4370836
13352,21,1,0.13314062
13353,8,0,0.37616658
13354,26,1,0.9592756
13355,8,1,0.4142934
13356,16,0,0.17624512
13357,10,1,0.8205112
13358,0,1,0.5664815
13359,5,1,0.515114
13360,18,1,0.78198355
13361,12,1,0.78249496
13362,9,0,0.27234432
13363,1,1,0.34258682
13364,7,1,0.9138387
13365,13,0,0.33283976
13366,26,1,0.7071931
13367,20,0,0.27836344
13368,21,1,0.6679489
13369,0,0,0.20813061
13370,2,1,0.40462735
13371,6,1,0.735693
13372,15,1,0.51417196
13373,0,0,0.358822
13374,14,0,0.51979876
13375,2,0,0.5155697
13376,22,0,0.48672196
13377,5,0,0.33871666
13378,17,1,0.7982308
13379,21,0,0.32763195
13380,22,1,0.59621274
13381,14,0,0.60279757
13382,10,0,0.77993274
13383,25,0,0.29012987
13384,18,0,0.23305063
13385,13,0,0.3687162
13386,1,1,0.57708293
13387,28,1,0.56872356
13388,12,0,0.55741394
13389,15,0,0.49837345
13390,12,0,0.4781004
13391,2,1,0.59869534
13392,11,1,0.2520715
13393,26,0,0.55956954
13394,18,1,0.43337762
13395,6,1,0.5477028
13396,2,1,0.5859388
13397,26,1,0.6683275
13398,12,0,0.66501343
13399,20,0,0.52204263
13400,15,0,0.62777704
13401,17,0,0.16214907
13402,13,1,0.70482534
13403,16,1,0.61656064
13404,23,1,0.75199443
13405,10,1,0.87726337
13406,16,0,0.63997346
13407,16,1,0.59737307
13408,10,0,0.35691333
13409,7,0,0.5573853
13410,22,0,0.36603153
13411,13,0,0.44034067
13412,12,1,0.42782527
13413,4,1,0.5464412
13414,17,1,0.8813722
13415,18,1,0.658568
13416,16,1,0.44412762
13417,13,1,0.636855
13418,25,0,0.6207202
13419,2,1,0.32072258
13420,8,1,0.6439237
13421,6,0,0.6649769
13422,11,1,0.90781844
13423,25,1,0.8769246
13424,14,0,0.084376216
13425,2,0,0.108822055
13426,6,0,0.44685563
13427,16,0,0.1311034
13428,25,0,0.3150059
13429,8,1,0.5627231
13430,8,1,0.6721728
13431,15,0,0.15799785
13432,24,0,0.4875661
13433,1,1,0.7123363
13434,26,0,0.57272893
13435,22,0,0.38922513
13436,26,0,0.3453364
13437,17,0,0.6457361
13438,27,0,0.24748427
13439,11,1,0.5724896
13440,10,1,0.8385415
13441,18,0,0.36423105
13442,2,1,0.6114955
13443,13,1,0.6753444
13444,25,1,0.57235193
13445,8,0,0.13532597
13446,12,0,0.43591303
13447,8,0,0.15768316
13448,1,0,0.4684222
13449,1,1,0.85675716
13450,8,1,0.6593095
13451,1,1,0.85057265
13452,2,1,0.8097603
13453,25,0,0.41570288
13454,20,1,0.37164062
13455,18,0,0.27251288
13456,14,0,0.41015178
13457,16,0,0.19582967
13458,23,1,0.7656802
13459,2,1,0.50585026
13460,11,0,0.3226254
13461,26,0,0.5599084
13462,25,1,0.6296962
13463,13,1,0.5631109
13464,3,0,0.33230406
13465,27,0,0.19688964
13466,11,0,0.5048993
13467,0,0,0.5420959
13468,26,0,0.24103503
13469,16,1,0.11888736
13470,13,0,0.5722637
13471,9,1,0.46812996
13472,22,1,0.59396136
13473,4,1,0.47800526
13474,10,1,0.5427995
13475,16,0,0.41879693
13476,3,0,0.26119706
13477,19,0,0.5737117
13478,1,1,0.86409855
13479,1,0,0.37386447
13480,6,0,0.35154596
13481,2,1,0.3412577
13482,7,1,0.8504535
13483,15,1,0.87288326
13484,26,0,0.15622452
13485,1,1,0.49883726
13486,23,1,0.14214309
13487,3,0,0.1507176
13488,1,0,0.23175517
13489,6,1,0.28787646
13490,10,0,0.6001593
13491,8,1,0.5286361
13492,14,0,0.14387175
13493,8,1,0.6022265
13494,18,0,0.52985734
13495,21,0,0.37889266
13496,13,1,0.54378825
13497,10,1,0.34898558
13498,2,1,0.27515692
13499,13,0,0.52671343
13500,16,1,0.59628266
13501,26,0,0.34762615
13502,8,1,0.85560733
13503,3,1,0.39412224
13504,14,1,0.329866
13505,27,0,0.19701377
13506,13,1,0.54186636
13507,25,0,0.19595616
13508,14,0,0.24496938
13509,27,1,0.7594342
13510,24,1,0.6233163
13511,15,1,0.4361476
13512,6,1,0.70205396
13513,8,0,0.29763204
13514,14,1,0.64539343
13515,22,1,0.90180796
13516,16,0,0.15420854
13517,28,0,0.50884897
13518,17,0,0.33035284
13519,7,1,0.74739516
13520,2,0,0.27520102
13521,7,0,0.4164723
13522,9,1,0.5226631
13523,18,0,0.12915511
13524,0,1,0.4078557
13525,22,0,0.23877846
13526,4,0,0.28280663
13527,11,0,0.7069444
13528,2,0,0.27420092
13529,23,1,0.7892642
13530,20,1,0.30957532
13531,5,0,0.2517384
13532,13,0,0.19584215
13533,17,0,0.2703479
13534,22,0,0.41212985
13535,16,1,0.93171155
13536,6,0,0.44385546
13537,28,0,0.19871686
13538,20,1,0.5923348
13539,2,0,0.25587422
13540,3,0,0.2906829
13541,18,1,0.6398474
13542,16,0,0.2609584
13543,10,1,0.95785975
13544,25,0,0.44126257
13545,21,0,0.29563066
13546,2,1,0.94576794
13547,25,1,0.49136668
13548,22,1,0.68440366
13549,7,0,0.28383166
13550,24,1,0.26249686
13551,16,0,0.37215418
13552,8,0,0.2654609
13553,21,0,0.61520493
13554,3,0,0.52275354
13555,20,1,0.74328625
13556,7,1,0.7834261
13557,18,0,0.45887542
13558,10,1,0.8460892
13559,15,0,0.6690884
13560,25,0,0.25105718
13561,27,1,0.7511743
13562,26,1,0.8138976
13563,14,0,0.3895237
13564,1,0,0.32541043
13565,4,0,0.49337614
13566,8,1,0.4922766
13567,15,0,0.24757285
13568,3,1,0.40419367
13569,13,0,0.4184189
13570,3,1,0.91153955
13571,8,0,0.7500048
13572,10,1,0.45847967
13573,0,0,0.6798173
13574,16,1,0.6936592
13575,19,1,0.66097933
13576,1,1,0.47769102
13577,20,1,0.53808874
13578,20,1,0.48266152
13579,22,1,0.27185374
13580,20,1,0.61651665
13581,13,1,0.4988578
13582,0,1,0.90408957
13583,10,0,0.47189993
13584,11,0,0.56439316
13585,16,0,0.31398687
13586,26,1,0.653056
13587,18,1,0.27814695
13588,26,0,0.5589009
13589,24,0,0.6852127
13590,9,1,0.84751606
13591,16,1,0.68873405
13592,9,0,0.34019116
13593,5,0,0.74016786
13594,17,1,0.7576022
13595,25,1,0.4511887
13596,17,0,0.45002678
13597,2,0,0.25593516
13598,21,0,0.495752
13599,28,1,0.67194855
13600,8,0,0.44604996
13601,5,1,0.66262305
13602,22,1,0.8761878
13603,2,0,0.13840507
13604,0,0,0.63099045
13605,8,1,0.62784016
13606,3,1,0.439913
13607,17,0,0.18867406
13608,26,0,0.30210188
13609,5,0,0.17700556
13610,27,0,0.26895618
13611,13,1,0.4647248
13612,23,1,0.6565689
13613,10,1,0.86932236
13614,17,0,0.7081997
13615,1,0,0.5009294
13616,16,0,0.5045381
13617,16,1,0.84487915
13618,0,1,0.84054595
13619,25,1,0.5797034
13620,13,1,0.3296321
13621,11,1,0.67156196
13622,20,1,0.73235047
13623,2,0,0.6015373
13624,12,0,0.40492055
13625,13,1,0.58476615
13626,11,0,0.44084257
13627,1,0,0.4499492
13628,25,0,0.5651708
13629,14,0,0.77465963
13630,15,1,0.71881026
13631,1,1,0.5138259
13632,10,0,0.7404263
13633,15,1,0.31097972
13634,16,0,0.5708796
13635,9,1,0.5995879
13636,13,1,0.52709347
13637,1,0,0.8379959
13638,11,0,0.12920088
13639,13,1,0.5846593
13640,7,0,0.35644257
13641,19,1,0.39950547
13642,11,1,0.76709086
13643,2,0,0.25628412
13644,18,0,0.23611444
13645,25,0,0.44534388
13646,17,0,0.7959157
13647,28,1,0.5295292
13648,4,1,0.5816944
13649,26,0,0.13458057
13650,28,1,0.6771118
13651,3,0,0.34383735
13652,13,1,0.6070848
13653,6,1,0.40257236
13654,28,0,0.51759434
13655,7,0,0.64115435
13656,8,1,0.57125413
13657,8,1,0.8604975
13658,25,1,0.2871618
13659,8,1,0.38571087
13660,10,0,0.47057515
13661,11,0,0.48511082
13662,6,1,0.63229746
13663,27,0,0.1630709
13664,21,0,0.30349728
13665,6,1,0.74820364
13666,23,1,0.81084615
13667,28,0,0.21370141
13668,14,0,0.224319
13669,12,1,0.26622003
13670,1,1,0.6910725
13671,28,1,0.72766834
13672,20,0,0.51412326
13673,2,1,0.8521966
13674,22,0,0.55009353
13675,10,1,0.5886902
13676,27,1,0.5233936
13677,2,1,0.31246707
13678,20,0,0.50797516
13679,19,0,0.2407351
13680,10,1,0.897686
13681,25,0,0.3218712
13682,25,0,0.53247964
13683,15,0,0.29372302
13684,10,1,0.59324837
13685,12,1,0.7202283
13686,17,0,0.35710457
13687,11,0,0.12272408
13688,2,1,0.5894732
13689,3,0,0.8119361
13690,28,0,0.21594529
13691,2,1,0.45397803
13692,28,0,0.18686794
13693,25,1,0.6424873
13694,6,1,0.43080485
13695,12,0,0.5350279
13696,8,0,0.4649592
13697,11,1,0.8784396
13698,11,1,0.61693114
13699,12,0,0.28218517
13700,11,1,0.9786527
13701,23,0,0.1168752
13702,23,1,0.69896024
13703,22,0,0.48138383
13704,21,0,0.39878833
13705,13,1,0.54433113
13706,1,1,0.29798818
13707,15,0,0.26998407
13708,15,0,0.17590669
13709,12,0,0.37207526
13710,15,0,0.5082896
13711,18,1,0.8797979
13712,0,0,0.20811887
13713,25,1,0.6465721
13714,5,0,0.50283754
13715,11,0,0.66729033
13716,2,0,0.5990779
13717,15,0,0.6190491
13718,18,0,0.7616544
13719,13,1,0.55089027
13720,11,1,0.85053384
13721,25,0,0.28923297
13722,14,0,0.5504717
13723,1,0,0.19507729
13724,8,0,0.21783267
13725,2,0,0.46696573
13726,27,1,0.36985353
13727,12,1,0.5672292
13728,10,0,0.20166226
13729,23,0,0.31632212
13730,8,0,0.38734147
13731,8,1,0.5033577
13732,20,1,0.3068387
13733,20,0,0.589189
13734,8,0,0.7637529
13735,20,1,0.4205424
13736,17,0,0.6049403
13737,20,0,0.15635204
13738,25,0,0.51814485
13739,8,1,0.45963898
13740,13,0,0.66142523
13741,3,1,0.3934859
13742,20,1,0.67434037
13743,7,1,0.78786725
13744,17,0,0.41896343
13745,25,0,0.317242
13746,15,1,0.50708026
13747,10,0,0.1380237
13748,12,1,0.35612708
13749,17,1,0.4069615
13750,8,0,0.1842604
13751,13,0,0.37953192
13752,25,0,0.6508212
13753,13,1,0.96884423
13754,7,0,0.17371851
13755,28,0,0.1930697
13756,24,1,0.62998587
13757,14,0,0.20273209
13758,4,1,0.5191099
13759,27,1,0.5938838
13760,2,0,0.21781601
13761,27,1,0.5789785
13762,17,1,0.6038805
13763,6,1,0.8425252
13764,25,0,0.3814937
13765,18,1,0.60868174
13766,21,0,0.77414715
13767,26,0,0.15028878
13768,2,1,0.72773236
13769,16,0,0.6674531
13770,6,1,0.23306718
13771,1,0,0.2713997
13772,20,0,0.49541813
13773,4,0,0.2564965
13774,15,0,0.42730373
13775,13,1,0.94111556
13776,11,1,0.7523583
13777,9,0,0.48526865
13778,5,1,0.8466183
13779,10,0,0.2249217
13780,25,1,0.94513774
13781,4,0,0.19821787
13782,12,0,0.2374838
13783,20,0,0.38163772
13784,15,1,0.7202319
13785,14,1,0.844551
13786,7,1,0.2959
13787,8,0,0.31852716
13788,15,1,0.70119625
13789,10,1,0.7537567
13790,18,1,0.70391434
13791,24,0,0.23212995
13792,0,1,0.47424614
13793,3,0,0.4446032
13794,3,0,0.26557487
13795,27,1,0.52200294
13796,25,1,0.57391
13797,12,1,0.57939464
13798,16,0,0.30386347
13799,1,0,0.43639964
13800,26,0,0.1794994
13801,26,1,0.60147613
13802,2,1,0.89610326
13803,9,1,0.8784112
13804,13,0,0.24867
13805,14,1,0.8955442
13806,10,1,0.4960434
13807,27,0,0.34221888
13808,26,1,0.6378311
13809,10,0,0.35088482
13810,23,0,0.45843908
13811,2,1,0.5222735
13812,11,1,0.70756495
13813,20,0,0.22288963
13814,17,1,0.50645906
13815,9,1,0.26035118
13816,15,1,0.5883914
13817,20,0,0.43906894
13818,18,0,0.45883676
13819,25,0,0.30855456
13820,7,1,0.7237412
13821,8,0,0.38397098
13822,18,0,0.27423555
13823,2,1,0.6309494
13824,8,0,0.31726015
13825,3,0,0.67490596
13826,2,0,0.12888795
13827,14,0,0.5414227
13828,8,0,0.30709386
13829,14,1,0.58186775
13830,17,1,0.61085063
13831,8,0,0.5678634
13832,26,1,0.25102174
13833,18,1,0.48678076
13834,13,0,0.44260806
13835,19,0,0.37551022
13836,1,1,0.49967954
13837,11,1,0.406876
13838,15,1,0.24016973
13839,16,0,0.2645258
13840,16,0,0.7573346
13841,10,0,0.6200243
13842,15,1,0.93485194
13843,10,1,0.54076123
13844,21,0,0.45048416
13845,17,0,0.22306149
13846,8,1,0.80686426
13847,19,0,0.20310754
13848,2,1,0.42254463
13849,27,0,0.30293548
13850,12,1,0.4803876
13851,16,1,0.76403224
13852,0,1,0.43984705
13853,16,0,0.2099473
13854,16,0,0.29585454
13855,3,1,0.9015217
13856,8,0,0.61438507
13857,26,1,0.70659375
13858,21,0,0.110288285
13859,16,1,0.4788484
13860,8,1,0.5516412
13861,14,1,0.93393034
13862,22,0,0.2562477
13863,6,0,0.38141492
13864,8,1,0.7118518
13865,13,0,0.3126646
13866,11,0,0.06030502
13867,0,0,0.86000645
13868,17,1,0.6567934
13869,10,0,0.4708693
13870,3,1,0.96128273
13871,26,1,0.63396573
13872,2,0,0.090705164
13873,27,0,0.37789178
13874,25,0,0.25017434
13875,2,0,0.43601954
13876,19,0,0.26980695
13877,10,0,0.5499103
13878,0,1,0.46980137
13879,28,1,0.23165435
13880,1,0,0.5648789
13881,9,1,0.8676435
13882,3,1,0.82654357
13883,19,1,0.6546097
13884,17,0,0.6024288
13885,25,1,0.64195526
13886,4,1,0.5944278
13887,3,0,0.119675644
13888,2,1,0.7656372
13889,20,0,0.067047335
13890,13,0,0.14945525
13891,10,1,0.80112314
13892,8,1,0.4565112
13893,26,0,0.17808011
13894,28,1,0.29836446
13895,25,0,0.4235603
13896,11,0,0.15986317
13897,27,0,0.22454053
13898,8,1,0.26701194
13899,14,0,0.36057606
13900,1,1,0.49839482
13901,11,1,0.85887235
13902,2,1,0.50225914
13903,17,0,0.5325
13904,1,0,0.37892637
13905,27,1,0.5026266
13906,23,1,0.58846956
13907,27,0,0.45766866
13908,9,1,0.8960652
13909,13,1,0.43587708
13910,1,1,0.7317498
13911,4,1,0.6592662
13912,2,1,0.6573197
13913,24,0,0.36942995
13914,16,0,0.36849752
13915,9,0,0.69991237
13916,13,0,0.13448781
13917,1,1,0.28701562
13918,26,1,0.6542837
13919,25,1,0.8621175
13920,15,1,0.492846
13921,4,0,0.21138456
13922,11,1,0.8206027
13923,13,0,0.8598382
13924,15,1,0.54548806
13925,21,1,0.48317432
13926,1,1,0.46133113
13927,15,1,0.4434719
13928,8,0,0.65324676
13929,25,1,0.75903654
13930,3,1,0.5486326
13931,15,1,0.2537872
13932,19,0,0.060002647
13933,25,1,0.5358784
13934,8,1,0.93678397
13935,10,1,0.7886795
13936,27,0,0.47121808
13937,2,1,0.8111338
13938,21,0,0.43744487
13939,17,0,0.2081359
13940,2,1,0.5998214
13941,10,1,0.4799412
13942,17,1,0.5505088
13943,11,1,0.8630249
13944,28,0,0.22533886
13945,12,0,0.21511462
13946,0,1,0.29100686
13947,23,1,0.51619095
13948,12,0,0.68002594
13949,4,0,0.31415844
13950,28,1,0.8265153
13951,12,0,0.4705913
13952,4,1,0.9376627
13953,27,1,0.82884496
13954,11,0,0.47194982
13955,0,1,0.30330792
13956,8,0,0.14074446
13957,4,1,0.8639334
13958,8,0,0.49104062
13959,13,0,0.39685258
13960,11,1,0.5600953
13961,13,1,0.72328866
13962,15,0,0.51264215
13963,1,0,0.2925146
13964,7,0,0.21028271
13965,23,0,0.2521838
13966,24,0,0.48995626
13967,16,0,0.5160028
13968,4,0,0.5053407
13969,20,0,0.7348119
13970,15,0,0.3722088
13971,8,1,0.6406916
13972,3,0,0.20898247
13973,11,0,0.38802382
13974,0,0,0.1829117
13975,7,0,0.3235264
13976,10,0,0.30869782
13977,12,0,0.36284217
13978,21,1,0.7298213
13979,27,0,0.417622
13980,11,1,0.8299148
13981,20,1,0.52755135
13982,8,1,0.46571586
13983,27,0,0.41891313
13984,13,1,0.65370446
13985,28,0,0.39633107
13986,15,0,0.4198346
13987,23,1,0.7661454
13988,5,1,0.4214549
13989,15,0,0.28873086
13990,8,1,0.5342936
13991,1,1,0.8211146
13992,18,0,0.1558167
13993,16,0,0.3862603
13994,26,1,0.59490347
13995,6,1,0.80613095
13996,26,1,0.9568397
13997,26,1,0.6043522
13998,27,0,0.6494014
13999,17,0,0.3031493
14000,22,0,0.23614952
14001,21,0,0.2655805
14002,22,0,0.38284406
14003,22,1,0.49740678
14004,8,1,0.4359673
14005,25,1,0.9371115
14006,16,0,0.66700155
14007,15,0,0.55491054
14008,26,1,0.7984486
14009,8,1,0.6583537
14010,1,0,0.37907973
14011,3,1,0.9617357
14012,14,1,0.71917427
14013,15,0,0.55371374
14014,4,0,0.41359743
14015,1,1,0.789976
14016,8,1,0.614868
14017,1,1,0.60566354
14018,21,1,0.42866972
14019,9,0,0.10648721
14020,12,1,0.6757599
14021,22,1,0.863604
14022,16,0,0.19330867
14023,4,0,0.87387025
14024,15,1,0.51017857
14025,6,1,0.6756585
14026,28,1,0.6509705
14027,25,1,0.4065877
14028,22,1,0.637203
14029,16,0,0.2256878
14030,13,0,0.6861363
14031,22,0,0.4240777
14032,10,1,0.6105847
14033,2,0,0.21395586
14034,12,1,0.9036463
14035,8,0,0.7113959
14036,8,0,0.32558966
14037,10,0,0.48558313
14038,17,1,0.5956116
14039,26,1,0.26660746
14040,26,0,0.5326217
14041,10,0,0.79296225
14042,27,0,0.45375216
14043,8,0,0.28425682
14044,24,0,0.23100325
14045,26,0,0.5144478
14046,3,0,0.2816509
14047,7,1,0.58453685
14048,3,1,0.4739453
14049,17,1,0.8508666
14050,14,1,0.08633039
14051,15,1,0.19001982
14052,27,0,0.47343642
14053,10,0,0.23639764
14054,28,0,0.3885424
14055,13,0,0.18870126
14056,16,1,0.47852355
14057,13,1,0.81001985
14058,22,0,0.3198244
14059,10,0,0.38166773
14060,17,1,0.79378915
14061,11,0,0.3299433
14062,20,1,0.6367375
14063,9,1,0.40655684
14064,1,0,0.766565
14065,6,1,0.5703937
14066,15,0,0.55656385
14067,7,0,0.28837115
14068,17,0,0.23123257
14069,17,1,0.58170295
14070,6,0,0.31711683
14071,22,0,0.27445173
14072,28,1,0.458409
14073,8,1,0.83873767
14074,16,1,0.42723626
14075,6,0,0.345151
14076,3,1,0.6467003
14077,10,0,0.32891688
14078,15,1,0.2615988
14079,16,0,0.5342588
14080,14,1,0.4263822
14081,7,1,0.59709156
14082,16,1,0.78181225
14083,19,0,0.13815382
14084,6,0,0.30825734
14085,28,1,0.43239185
14086,1,1,0.4987401
14087,19,0,0.7021991
14088,22,1,0.59412915
14089,6,0,0.2549438
14090,8,1,0.81545234
14091,15,1,0.82202613
14092,15,1,0.5554032
14093,11,0,0.47540605
14094,22,0,0.2541042
14095,6,0,0.21870252
14096,27,1,0.5481888
14097,1,0,0.47157797
14098,21,0,0.6423573
14099,27,0,0.5680989
14100,8,0,0.62562275
14101,26,0,0.55785334
14102,2,0,0.1471778
14103,9,0,0.2543754
14104,12,0,0.16412058
14105,26,1,0.94238055
14106,8,0,0.2802993
14107,1,0,0.19868007
14108,28,1,0.86049026
14109,2,1,0.44311312
14110,11,1,0.7883492
14111,7,0,0.10029665
14112,14,1,0.27536696
14113,20,1,0.6784984
14114,24,1,0.19970852
14115,23,1,0.430999
14116,28,1,0.35903934
14117,16,0,0.2733661
14118,24,1,0.8699632
14119,26,1,0.2625673
14120,4,1,0.31971636
14121,28,0,0.17360431
14122,26,1,0.87427527
14123,24,0,0.5338498
14124,19,0,0.32742757
14125,28,0,0.567665
14126,0,1,0.4923671
14127,5,1,0.7535225
14128,20,0,0.63906145
14129,6,1,0.53117555
14130,10,1,0.3678419
14131,27,0,0.85958725
14132,11,1,0.44661838
14133,22,1,0.6589135
14134,6,0,0.5881123
14135,10,0,0.5083208
14136,3,0,0.6313746
14137,12,0,0.2037908
14138,22,1,0.6976474
14139,5,1,0.497233
14140,22,1,0.5141513
14141,16,1,0.4174286
14142,27,0,0.3366702
14143,7,0,0.3554886
14144,2,1,0.57551163
14145,6,0,0.20627415
14146,27,1,0.22950028
14147,23,0,0.6038003
14148,10,0,0.35042563
14149,2,1,0.752683
14150,6,1,0.46646017
14151,13,1,0.6767552
14152,7,0,0.50742227
14153,2,0,0.35051888
14154,8,0,0.3382974
14155,15,0,0.5115
14156,19,0,0.48103887
14157,15,1,0.7931332
14158,12,0,0.45005926
14159,16,1,0.6192457
14160,2,1,0.8509537
14161,16,0,0.47418422
14162,25,1,0.5066725
14163,13,1,0.7166508
14164,25,0,0.53677386
14165,10,0,0.54495794
14166,20,0,0.525709
14167,5,0,0.30137768
14168,4,0,0.37901127
14169,2,1,0.38530633
14170,5,0,0.53430384
14171,18,0,0.44384682
14172,10,1,0.4102202
14173,25,1,0.5433246
14174,16,0,0.28808793
14175,13,0,0.39879683
14176,5,1,0.53071827
14177,27,0,0.6820688
14178,18,1,0.51706094
14179,8,1,0.68400234
14180,18,1,0.57870287
14181,18,0,0.19208117
14182,10,1,0.62074167
14183,21,0,0.21546121
14184,2,1,0.8587739
14185,6,0,0.4855465
14186,14,0,0.2572108
14187,12,0,0.3026818
14188,26,1,0.34798872
14189,1,1,0.4409618
14190,15,1,0.618314
14191,0,0,0.17885025
14192,17,1,0.7028667
14193,13,1,0.9149184
14194,28,1,0.93926233
14195,25,0,0.45490646
14196,15,1,0.64359844
14197,17,1,0.8126685
14198,16,0,0.073581174
14199,27,0,0.37114456
14200,2,1,0.11699701
14201,8,1,0.58775073
14202,16,0,0.55401725
14203,19,0,0.63797724
14204,14,1,0.619185
14205,16,1,0.31520334
14206,4,1,0.59582007
14207,11,1,0.2735176
14208,22,0,0.13243468
14209,25,1,0.8676726
14210,24,1,0.26043394
14211,24,0,0.23442332
14212,6,0,0.22007765
14213,16,1,0.4879921
14214,7,0,0.45326942
14215,22,0,0.5482076
14216,11,1,0.5560956
14217,9,1,0.7292142
14218,21,0,0.22958435
14219,23,1,0.85819656
14220,11,1,0.79875106
14221,2,1,0.5473716
14222,18,0,0.573943
14223,13,0,0.29816803
14224,6,0,0.49438408
14225,2,1,0.51330614
14226,10,0,0.49891648
14227,1,0,0.7357713
14228,26,1,0.9595966
14229,14,1,0.5353068
14230,4,0,0.32012123
14231,3,0,0.5175248
14232,26,1,0.42835957
14233,7,0,0.3866404
14234,14,0,0.26214343
14235,15,1,0.57905126
14236,15,1,0.37574396
14237,23,1,0.94474596
14238,16,0,0.2717438
14239,13,1,0.36210135
14240,27,0,0.41418532
14241,10,0,0.39377216
14242,27,0,0.64673984
14243,19,0,0.236144
14244,19,1,0.7347336
14245,13,0,0.5094842
14246,8,1,0.5915669
14247,24,0,0.67414325
14248,18,1,0.88710797
14249,17,0,0.3960687
14250,8,0,0.75004673
14251,10,0,0.42269844
14252,1,0,0.13807476
14253,1,0,0.5723594
14254,6,0,0.47645673
14255,7,1,0.64268196
14256,10,1,0.4384271
14257,2,1,0.8577349
14258,3,0,0.45168278
14259,26,1,0.3345766
14260,16,1,0.7010834
14261,22,0,0.18109764
14262,5,0,0.20700096
14263,24,1,0.83023286
14264,10,0,0.27948374
14265,20,1,0.085790865
14266,10,1,0.40398136
14267,11,1,0.4105146
14268,17,0,0.73290116
14269,6,1,0.48008764
14270,8,0,0.39223146
14271,1,0,0.54784507
14272,8,0,0.566021
14273,24,0,0.40324086
14274,14,1,0.71455127
14275,19,1,0.579906
14276,10,1,0.7764821
14277,10,0,0.40895954
14278,2,0,0.21869287
14279,27,0,0.3927353
14280,8,0,0.3963165
14281,14,1,0.5973385
14282,2,1,0.85993356
14283,8,0,0.6876624
14284,2,1,0.6449495
14285,16,0,0.4984309
14286,22,0,0.35543633
14287,11,0,0.15363832
14288,0,1,0.5660851
14289,6,0,0.3022682
14290,25,0,0.85416794
14291,4,0,0.6238824
14292,9,1,0.8823271
14293,16,0,0.8475498
14294,1,1,0.64128804
14295,24,0,0.42267838
14296,16,0,0.120026335
14297,2,1,0.57153666
14298,12,0,0.36710393
14299,13,0,0.2100305
14300,10,1,0.35691252
14301,7,0,0.49296963
14302,25,0,0.101366036
14303,10,0,0.35948843
14304,17,0,0.30735368
14305,18,1,0.79978645
14306,25,1,0.6120066
14307,11,1,0.71142364
14308,27,1,0.39529198
14309,10,1,0.7482604
14310,4,1,0.93169796
14311,27,0,0.15868117
14312,12,0,0.28156754
14313,15,1,0.65476614
14314,9,0,0.4908588
14315,15,1,0.80246454
14316,10,1,0.4465578
14317,8,0,0.7382379
14318,13,1,0.3808364
14319,10,1,0.43240494
14320,28,0,0.12673338
14321,12,0,0.40951243
14322,25,0,0.793955
14323,25,1,0.6631147
14324,15,1,0.8606393
14325,28,1,0.35057852
14326,12,1,0.5803674
14327,22,1,0.8670044
14328,27,0,0.21840319
14329,19,1,0.5063703
14330,3,0,0.22824803
14331,13,0,0.4548157
14332,21,0,0.3903836
14333,15,1,0.62220687
14334,21,1,0.68264836
14335,3,1,0.42802402
14336,8,0,0.31654713
14337,24,0,0.16443789
14338,20,1,0.55860037
14339,26,1,0.6757815
14340,16,0,0.500048
14341,17,0,0.18506004
14342,15,0,0.2233703
14343,20,1,0.7903782
14344,18,0,0.69854796
14345,11,1,0.7849511
14346,25,0,0.6759374
14347,21,1,0.6540675
14348,8,1,0.5998365
14349,19,0,0.47724697
14350,21,0,0.44488475
14351,8,1,0.6389924
14352,7,0,0.2843816
14353,12,0,0.45135364
14354,15,0,0.59742445
14355,3,0,0.50214314
14356,20,1,0.7991586
14357,16,0,0.19352837
14358,8,1,0.5877016
14359,13,1,0.4421998
14360,16,0,0.25582096
14361,20,1,0.8487199
14362,15,0,0.3257659
14363,15,0,0.5590609
14364,21,0,0.14774975
14365,26,0,0.2343726
14366,25,1,0.7051106
14367,0,0,0.26406264
14368,1,0,0.53488386
14369,11,1,0.45083252
14370,27,1,0.8088046
14371,11,0,0.29251343
14372,7,0,0.0787781
14373,9,1,0.70334387
14374,22,0,0.75818676
14375,13,1,0.5178521
14376,2,1,0.8474892
14377,24,1,0.29958627
14378,13,0,0.42328504
14379,25,1,0.8820057
14380,13,1,0.58697647
14381,10,1,0.9554145
14382,16,1,0.63702166
14383,16,0,0.8301227
14384,25,1,0.5339911
14385,28,0,0.11210283
14386,8,1,0.46127573
14387,25,1,0.65299696
14388,7,0,0.669043
14389,20,0,0.04262607
14390,14,0,0.38754153
14391,11,0,0.5501769
14392,16,0,0.33458036
14393,23,1,0.6215751
14394,10,0,0.103034474
14395,20,0,0.31514567
14396,25,1,0.8586653
14397,13,0,0.41641554
14398,25,1,0.4847187
14399,20,1,0.7000042
14400,19,1,0.57230455
14401,0,0,0.5108492
14402,8,1,0.7268214
14403,3,0,0.26744813
14404,8,1,0.30246046
14405,16,0,0.29109976
14406,13,0,0.494923
14407,13,1,0.4856707
14408,13,0,0.61724
14409,0,1,0.37986255
14410,16,0,0.30009234
14411,11,1,0.5807
14412,21,0,0.20151499
14413,12,1,0.3358486
14414,19,1,0.53384167
14415,15,1,0.53137255
14416,27,0,0.4010041
14417,16,1,0.60543317
14418,14,0,0.40554997
14419,16,0,0.6503853
14420,8,0,0.442355
14421,16,0,0.60425687
14422,17,1,0.47157636
14423,2,1,0.72073895
14424,16,0,0.766975
14425,18,0,0.10739699
14426,9,0,0.30671164
14427,22,0,0.2473848
14428,16,0,0.67505705
14429,16,0,0.2562979
14430,17,1,0.43208125
14431,9,0,0.3556975
14432,25,0,0.6203882
14433,10,1,0.68060416
14434,19,0,0.25352633
14435,6,0,0.45972168
14436,28,1,0.43942368
14437,16,0,0.33694467
14438,17,1,0.5368121
14439,2,1,0.5573416
14440,8,1,0.53402764
14441,11,1,0.8200946
14442,2,0,0.5606306
14443,10,1,0.45517808
14444,12,0,0.25409058
14445,15,1,0.24650481
14446,16,1,0.9603461
14447,12,1,0.6658362
14448,4,1,0.63192254
14449,15,0,0.5496372
14450,3,1,0.8907972
14451,15,1,0.7679264
14452,0,1,0.48696664
14453,10,0,0.7577176
14454,12,1,0.8524486
14455,25,0,0.25272632
14456,2,0,0.5667376
14457,2,0,0.6796158
14458,13,0,0.34282675
14459,11,1,0.48869666
14460,22,0,0.37488127
14461,18,1,0.7848035
14462,18,0,0.21866749
14463,14,1,0.39743897
14464,14,0,0.18879169
14465,8,1,0.21269159
14466,17,0,0.37410304
14467,18,0,0.14962375
14468,13,1,0.5776745
14469,2,0,0.14330189
14470,26,1,0.58890873
14471,25,1,0.81277937
14472,12,1,0.83561
14473,10,1,0.41235846
14474,2,1,0.29680333
14475,27,1,0.6741301
14476,21,0,0.40079305
14477,21,1,0.69683653
14478,26,1,0.44017386
14479,17,0,0.3771264
14480,8,1,0.37830397
14481,28,0,0.5127316
14482,28,1,0.5637672
14483,7,0,0.29002967
14484,14,0,0.5092085
14485,0,1,0.85117674
14486,7,1,0.7511447
14487,11,0,0.34727132
14488,7,0,0.2386547
14489,9,0,0.37148625
14490,25,1,0.91004527
14491,20,1,0.44542846
14492,13,0,0.35355157
14493,19,0,0.51116794
14494,15,1,0.6976756
14495,28,0,0.11848817
14496,17,1,0.70131594
14497,11,0,0.3842143
14498,24,1,0.6475046
14499,16,1,0.77241486
14500,7,0,0.23582546
14501,23,0,0.7589977
14502,15,0,0.6518126
14503,5,1,0.955299
14504,8,0,0.63738227
14505,8,0,0.459628
14506,16,0,0.35628003
14507,20,0,0.34188607
14508,16,1,0.7599274
14509,13,0,0.60707986
14510,13,0,0.3847818
14511,15,1,0.72921336
14512,10,0,0.19331063
14513,28,1,0.42406774
14514,1,1,0.7717356
14515,16,1,0.38566533
14516,3,0,0.3269004
14517,0,0,0.49998522
14518,10,1,0.31729406
14519,17,0,0.2296226
14520,7,0,0.30308
14521,15,1,0.63835067
14522,10,0,0.1982279
14523,5,0,0.3454525
14524,9,0,0.23598522
14525,12,1,0.5565032
14526,24,0,0.4286618
14527,16,1,0.3282478
14528,5,1,0.6102469
14529,13,1,0.42322257
14530,17,0,0.27031076
14531,13,1,0.76743656
14532,2,1,0.53112644
14533,8,1,0.6715234
14534,15,0,0.26824108
14535,15,0,0.20793903
14536,25,1,0.45145926
14537,13,0,0.70943445
14538,6,0,0.2933862
14539,20,1,0.57450885
14540,11,0,0.5229297
14541,6,0,0.7026185
14542,0,1,0.5362691
14543,8,1,0.8289777
14544,25,0,0.5144054
14545,25,1,0.60152423
14546,7,1,0.49191582
14547,20,0,0.2721103
14548,10,1,0.84352905
14549,13,0,0.2499628
14550,18,1,0.40058243
14551,1,0,0.19663776
14552,21,0,0.6689432
14553,8,1,0.5989478
14554,24,0,0.2094944
14555,14,1,0.6406409
14556,15,0,0.32113433
14557,9,0,0.16723426
14558,26,0,0.2861352
14559,16,1,0.3015497
14560,13,1,0.23277485
14561,16,0,0.08197455
14562,11,0,0.33208588
14563,16,0,0.6085533
14564,20,0,0.5836053
14565,1,1,0.67940825
14566,12,0,0.25552243
14567,28,0,0.21613392
14568,10,0,0.5101474
14569,13,1,0.41505465
14570,14,0,0.2286423
14571,1,0,0.17724782
14572,7,1,0.7137793
14573,21,1,0.71682334
14574,22,0,0.11972555
14575,16,1,0.33803
14576,1,1,0.79130036
14577,11,0,0.50395167
14578,24,1,0.2518255
14579,11,0,0.511425
14580,7,0,0.32068554
14581,16,0,0.22339426
14582,4,0,0.6214626
14583,22,0,0.4188375
14584,11,0,0.4915024
14585,28,0,0.71059895
14586,16,0,0.2927224
14587,13,0,0.319957
14588,0,0,0.6485494
14589,18,1,0.6601871
14590,26,0,0.46962473
14591,6,1,0.43041816
14592,23,1,0.38185772
14593,17,0,0.6940467
14594,11,1,0.7694392
14595,2,1,0.58689165
14596,8,0,0.16079491
14597,25,0,0.5317999
14598,0,1,0.41592804
14599,6,0,0.5703405
14600,23,0,0.389196
14601,6,1,0.7535786
14602,25,0,0.12017336
14603,15,1,0.27647358
14604,8,1,0.27820668
14605,10,1,0.65114754
14606,2,0,0.51587296
14607,0,1,0.20314217
14608,12,1,0.6573773
14609,2,1,0.40051526
14610,8,1,0.57332593
14611,28,1,0.7818515
14612,2,0,0.34984007
14613,26,0,0.53928566
14614,13,0,0.22385247
14615,6,1,0.7630289
14616,10,0,0.36197922
14617,21,0,0.37708405
14618,10,0,0.35686365
14619,12,0,0.59606963
14620,22,1,0.7869923
14621,7,0,0.5901676
14622,15,1,0.65085393
14623,3,1,0.68185776
14624,27,0,0.14469786
14625,13,0,0.21284558
14626,18,0,0.4741455
14627,8,0,0.6158908
14628,8,1,0.4501396
14629,5,1,0.35931686
14630,1,0,0.60847414
14631,25,1,0.6844573
14632,11,1,0.89147514
14633,13,0,0.3485217
14634,16,1,0.7925297
14635,23,0,0.6521422
14636,16,0,0.09888356
14637,9,1,0.6580177
14638,24,1,0.87692297
14639,20,0,0.6536277
14640,9,0,0.46386957
14641,17,0,0.40309215
14642,18,0,0.8133711
14643,13,0,0.16673765
14644,17,0,0.5046909
14645,27,0,0.8066689
14646,10,0,0.6242049
14647,15,0,0.5728169
14648,13,1,0.73389447
14649,12,0,0.33991337
14650,15,0,0.66210574
14651,12,1,0.96228534
14652,17,0,0.20863418
14653,22,1,0.7082754
14654,21,0,0.26457903
14655,16,1,0.6812402
14656,1,1,0.6186821
14657,11,0,0.15200059
14658,1,1,0.24838093
14659,25,1,0.21827812
14660,26,0,0.31165665
14661,1,1,0.7895994
14662,13,0,0.42002717
14663,12,0,0.46470246
14664,12,0,0.16470936
14665,14,0,0.22048111
14666,20,1,0.83905286
14667,15,1,0.6800251
14668,17,1,0.33954751
14669,16,0,0.40674844
14670,25,1,0.7325924
14671,23,0,0.4721468
14672,8,1,0.42969644
14673,26,0,0.034868464
14674,10,0,0.31918257
14675,4,1,0.80665773
14676,2,1,0.53586066
14677,7,0,0.058807425
14678,5,1,0.6022102
14679,7,0,0.39273763
14680,21,0,0.3091183
14681,13,1,0.70571625
14682,16,0,0.5985257
14683,16,0,0.4407307
14684,13,1,0.57070184
14685,8,0,0.36191556
14686,7,0,0.8453494
14687,3,1,0.56205255
14688,27,1,0.37994748
14689,25,1,0.66549623
14690,15,1,0.3811111
14691,13,0,0.20675182
14692,11,0,0.60957503
14693,8,0,0.38714278
14694,16,1,0.4602045
14695,3,1,0.78148866
14696,20,0,0.8604947
14697,9,0,0.5661355
14698,15,1,0.83427244
14699,5,0,0.15302695
14700,28,1,0.87526333
14701,6,0,0.35229218
14702,8,1,0.44109333
14703,28,1,0.8827077
14704,16,1,0.6770452
14705,19,0,0.37826878
14706,25,1,0.8876144
14707,12,0,0.39666006
14708,6,0,0.40441418
14709,20,1,0.62559634
14710,18,1,0.7623706
14711,22,0,0.42065266
14712,2,1,0.30040926
14713,22,1,0.6278006
14714,6,0,0.30894342
14715,4,1,0.5620126
14716,22,1,0.770437
14717,11,0,0.41673818
14718,27,0,0.16469876
14719,22,1,0.6686002
14720,25,0,0.21428798
14721,21,1,0.5877326
14722,12,1,0.49090877
14723,26,0,0.3488698
14724,13,0,0.50112146
14725,3,1,0.34900045
14726,7,0,0.27601603
14727,1,0,0.36452955
14728,9,0,0.34241956
14729,8,0,0.12977873
14730,12,1,0.28853098
14731,17,1,0.6669451
14732,11,1,0.36459482
14733,0,0,0.3358967
14734,15,0,0.10624334
14735,23,0,0.336597
14736,13,0,0.60340744
14737,13,1,0.5230192
14738,20,0,0.5678255
14739,16,1,0.55929744
14740,1,0,0.3006438
14741,25,0,0.10387467
14742,3,1,0.50712043
14743,13,0,0.5947108
14744,19,0,0.26438355
14745,19,1,0.5815427
14746,2,1,0.895233
14747,5,0,0.30273157
14748,13,0,0.60028255
14749,11,1,0.4068475
14750,21,0,0.29131603
14751,7,1,0.8895759
14752,15,0,0.3596933
14753,24,0,0.24935946
14754,10,0,0.76872194
14755,13,1,0.70138776
14756,3,0,0.39423567
14757,2,0,0.49069974
14758,28,1,0.75190914
14759,1,1,0.59356546
14760,20,0,0.38539118
14761,17,0,0.24913508
14762,12,0,0.61291623
14763,25,0,0.7994004
14764,25,0,0.65250206
14765,27,0,0.23323712
14766,2,1,0.604612
14767,22,1,0.23334248
14768,25,1,0.80608135
14769,25,1,0.5776517
14770,10,1,0.59155345
14771,3,1,0.41562042
14772,7,0,0.48010522
14773,16,1,0.35663205
14774,12,1,0.824027
14775,18,0,0.5408567
14776,8,1,0.82819337
14777,11,0,0.3868629
14778,22,0,0.5176115
14779,13,0,0.40935665
14780,10,1,0.14597529
14781,19,1,0.35959637
14782,16,1,0.7491051
14783,21,0,0.65409505
14784,16,1,0.31454125
14785,24,1,0.5491977
14786,27,0,0.5702431
14787,26,0,0.4700048
14788,11,1,0.521676
14789,8,1,0.8894968
14790,16,1,0.64997387
14791,16,1,0.48143062
14792,23,1,0.83660924
14793,1,1,0.5654623
14794,26,1,0.76249146
14795,25,0,0.16880807
14796,11,1,0.3867628
14797,25,0,0.38132948
14798,5,1,0.78393173
14799,11,0,0.08825924
14800,18,1,0.5586741
14801,5,0,0.33773032
14802,5,1,0.23642567
14803,2,0,0.16772951
14804,21,1,0.6335654
14805,11,0,0.4117161
14806,22,0,0.3589778
14807,15,1,0.7670957
14808,21,0,0.8584701
14809,16,0,0.5049958
14810,6,1,0.31412467
14811,16,0,0.46513525
14812,2,1,0.15529232
14813,16,1,0.3567233
14814,10,1,0.7535327
14815,13,0,0.31371722
14816,22,0,0.65166324
14817,27,0,0.6411555
14818,9,1,0.42547703
14819,10,1,0.76440656
14820,16,0,0.76345783
14821,4,0,0.3675815
14822,17,1,0.6302668
14823,27,0,0.12365123
14824,4,0,0.33737436
14825,17,0,0.11793236
14826,11,0,0.5185345
14827,6,0,0.2450544
14828,14,1,0.74830204
14829,19,1,0.61147606
14830,8,1,0.73862684
14831,19,0,0.65993
14832,15,1,0.70058995
14833,16,1,0.6383777
14834,19,1,0.83715683
14835,13,1,0.85278296
14836,13,1,0.51894903
14837,12,0,0.45076928
14838,26,0,0.2832874
14839,17,0,0.34413162
14840,10,0,0.24637403
14841,25,0,0.5594367
14842,20,1,0.2643953
14843,16,0,0.1631208
14844,1,1,0.59565425
14845,6,1,0.6477911
14846,19,0,0.23994945
14847,13,0,0.45446202
14848,15,0,0.23508507
14849,26,1,0.40052828
14850,10,1,0.80239975
14851,15,1,0.7201523
14852,5,1,0.8398484
14853,10,1,0.5981409
14854,25,1,0.48147544
14855,14,1,0.63226455
14856,21,1,0.5059282
14857,6,0,0.3620834
14858,3,0,0.4402135
14859,18,1,0.7257104
14860,15,1,0.613234
14861,15,0,0.31514537
14862,9,0,0.52420825
14863,14,1,0.7629978
14864,14,1,0.3126775
14865,26,0,0.48700926
14866,16,0,0.21503922
14867,26,1,0.3391335
14868,1,0,0.28763154
14869,1,1,0.22917455
14870,19,1,0.6494981
14871,4,1,0.26941088
14872,3,1,0.48079592
14873,21,0,0.7102268
14874,11,0,0.36528233
14875,20,0,0.20853288
14876,15,0,0.5567479
14877,7,1,0.7381266
14878,28,1,0.6656289
14879,23,1,0.7941649
14880,14,0,0.4608062
14881,19,1,0.82196033
14882,26,1,0.47029433
14883,26,0,0.49268845
14884,4,0,0.45969626
14885,21,0,0.23951375
14886,3,0,0.26304746
14887,8,1,0.32827866
14888,1,0,0.09379735
14889,24,1,0.89216524
14890,16,0,0.34084454
14891,19,0,0.42066842
14892,3,0,0.43079016
14893,6,0,0.1805903
14894,16,0,0.52803576
14895,26,0,0.14432964
14896,25,1,0.85577816
14897,13,0,0.42369562
14898,9,0,0.32361895
14899,17,0,0.34162867
14900,13,1,0.82496184
14901,19,0,0.5330309
14902,25,1,0.48157805
14903,15,1,0.81360644
14904,0,0,0.059132416
14905,11,1,0.38484865
14906,8,1,0.8860535
14907,7,1,0.56320095
14908,15,1,0.35468572
14909,1,0,0.36822745
14910,13,0,0.51596344
14911,7,0,0.32672277
14912,12,0,0.5808319
14913,1,0,0.2783247
14914,3,0,0.42872572
14915,11,1,0.91108584
14916,26,0,0.37861338
14917,28,0,0.797964
14918,21,0,0.35041323
14919,8,0,0.2899687
14920,15,0,0.27187946
14921,17,1,0.73080605
14922,16,0,0.42654872
14923,6,0,0.3381083
14924,20,0,0.3557403
14925,28,0,0.1397645
14926,13,1,0.17970353
14927,24,1,0.35320336
14928,25,1,0.36673653
14929,3,0,0.19169745
14930,8,0,0.3140682
14931,27,0,0.76341265
14932,9,0,0.40122268
14933,6,0,0.3373774
14934,3,1,0.8605424
14935,17,0,0.29954264
14936,1,1,0.41600832
14937,15,0,0.5860277
14938,2,1,0.50338256
14939,8,1,0.67476207
14940,11,1,0.747111
14941,15,0,0.5167012
14942,7,0,0.61343837
14943,16,1,0.6148022
14944,25,0,0.28778026
14945,28,0,0.6100547
14946,17,0,0.8000708
14947,8,0,0.25274003
14948,15,1,0.1786296
14949,25,0,0.4706983
14950,26,1,0.5033781
14951,12,1,0.49963394
14952,19,1,0.68990755
14953,21,1,0.8614731
14954,26,1,0.5932878
14955,20,1,0.5633857
14956,20,1,0.747216
14957,8,1,0.5637984
14958,0,1,0.43418315
14959,7,0,0.21629417
14960,10,1,0.48176545
14961,12,0,0.20976903
14962,23,1,0.938337
14963,1,0,0.19240203
14964,16,1,0.77172744
14965,27,0,0.30806354
14966,15,0,0.35396373
14967,26,1,0.6963644
14968,9,0,0.27947825
14969,16,0,0.44955647
14970,2,0,0.42842415
14971,28,1,0.3814717
14972,20,0,0.18779337
14973,6,0,0.5843989
14974,16,0,0.31204888
14975,5,0,0.316681
14976,12,1,0.20415524
14977,1,1,0.42585585
14978,6,0,0.34575692
14979,27,1,0.56550634
14980,16,1,0.47856107
14981,11,0,0.6362168
14982,20,1,0.66256696
14983,4,1,0.91495705
14984,8,0,0.28201404
14985,15,0,0.58283055
14986,13,1,0.2793192
14987,10,0,0.46876785
14988,26,1,0.5594223
14989,1,0,0.4007245
14990,2,1,0.4761868
14991,18,0,0.39918372
14992,1,0,0.5338651
14993,7,0,0.3135775
14994,5,0,0.25254083
14995,16,1,0.62529355
14996,23,1,0.52321815
14997,6,0,0.38568386
14998,11,1,0.8215928
14999,13,0,0.20949608
15000,4,1,0.50955254
15001,16,0,0.4799681
15002,18,1,0.7975601
15003,22,1,0.5994569
15004,6,1,0.6600594
15005,22,1,0.76251477
15006,27,1,0.8763571
15007,1,0,0.2579546
15008,9,0,0.7980594
15009,13,0,0.5057844
15010,10,1,0.502663
15011,22,0,0.6086409
15012,10,0,0.37247097
15013,20,1,0.4053748
15014,26,0,0.23398104
15015,8,0,0.65743846
15016,23,1,0.4313356
15017,15,0,0.41703537
15018,0,0,0.7623284
15019,11,1,0.7935521
15020,22,0,0.6210908
15021,8,0,0.33206144
15022,4,0,0.40671125
15023,28,0,0.23443475
15024,18,0,0.4730171
15025,13,0,0.47432563
15026,15,0,0.35161403
15027,15,1,0.4559843
15028,28,1,0.8321536
15029,3,1,0.69297063
15030,26,1,0.80934775
15031,25,0,0.36808845
15032,5,1,0.83158576
15033,15,0,0.20582588
15034,16,0,0.14975877
15035,22,1,0.67006224
15036,16,0,0.09419613
15037,16,1,0.34233102
15038,13,1,0.53185475
15039,23,0,0.97425747
15040,17,1,0.85515547
15041,28,1,0.59724116
15042,13,1,0.796295
15043,18,0,0.24879202
15044,13,1,0.3891751
15045,25,0,0.55724746
15046,5,1,0.7771789
15047,3,0,0.16691038
15048,3,0,0.8008662
15049,13,1,0.8560999
15050,0,0,0.40897128
15051,5,0,0.31030622
15052,10,1,0.95258343
15053,25,1,0.55118
15054,28,0,0.16560319
15055,7,0,0.16555203
15056,2,1,0.31290713
15057,26,1,0.5102755
15058,23,0,0.37221703
15059,3,1,0.60700935
15060,9,0,0.8875588
15061,13,1,0.60853696
15062,8,0,0.17247716
15063,28,1,0.5322792
15064,1,0,0.5225201
15065,16,1,0.24692604
15066,7,1,0.5402003
15067,27,0,0.4161787
15068,2,1,0.3800808
15069,2,1,0.45438063
15070,17,0,0.5489623
15071,2,0,0.14394514
15072,12,1,0.4846738
15073,8,0,0.22052173
15074,24,1,0.5999529
15075,16,1,0.6852748
15076,13,0,0.3742671
15077,18,0,0.64331514
15078,10,0,0.768439
15079,2,0,0.58122456
15080,12,0,0.08171036
15081,20,1,0.68520254
15082,6,0,0.25420344
15083,1,0,0.20379034
15084,6,1,0.30964327
15085,23,0,0.21989596
15086,10,0,0.36105907
15087,25,0,0.24737433
15088,15,0,0.48252365
15089,8,1,0.6486165
15090,14,1,0.79145694
15091,14,1,0.4202733
15092,17,1,0.59058315
15093,12,0,0.19854736
15094,7,0,0.3568798
15095,13,0,0.5571685
15096,3,1,0.17360994
15097,15,0,0.43227398
15098,5,0,0.46366772
15099,25,1,0.41393492
15100,26,1,0.69528204
15101,16,1,0.34934708
15102,19,0,0.22600353
15103,8,1,0.7235658
15104,13,0,0.13871852
15105,4,1,0.62166554
15106,7,1,0.36595953
15107,24,1,0.42002347
15108,10,0,0.65537226
15109,15,0,0.49360862
15110,1,1,0.47576442
15111,16,1,0.5642101
15112,7,1,0.90778863
15113,21,0,0.37101823
15114,12,0,0.21649121
15115,16,0,0.26999918
15116,27,0,0.46620172
15117,13,1,0.57952553
15118,15,0,0.2329911
15119,25,0,0.42754412
15120,27,1,0.44653183
15121,11,1,0.9546634
15122,14,0,0.08393224
15123,18,1,0.72478217
15124,3,0,0.38834083
15125,3,1,0.6833426
15126,9,0,0.56807595
15127,6,1,0.4033139
15128,28,0,0.43661758
15129,27,1,0.6839699
15130,26,1,0.54155225
15131,16,0,0.15333648
15132,25,0,0.5320601
15133,28,0,0.6858919
15134,0,1,0.621101
15135,22,1,0.31757024
15136,12,0,0.4297549
15137,15,0,0.3861395
15138,9,0,0.41382766
15139,12,0,0.3390739
15140,10,0,0.31942505
15141,22,0,0.50080276
15142,8,0,0.27624032
15143,7,0,0.8661277
15144,10,1,0.5224677
15145,28,0,0.6948413
15146,17,1,0.38353682
15147,6,0,0.42678735
15148,11,0,0.38792196
15149,12,1,0.6017854
15150,10,0,0.19197863
15151,6,1,0.2528436
15152,20,0,0.28160706
15153,2,0,0.28129283
15154,26,0,0.36523563
15155,10,0,0.8347961
15156,11,1,0.43877545
15157,16,1,0.68957585
15158,3,0,0.4635955
15159,13,0,0.31664142
15160,11,0,0.1883885
15161,11,0,0.5196098
15162,16,0,0.6877165
15163,1,0,0.20287378
15164,10,1,0.48623738
15165,16,1,0.5138111
15166,0,0,0.32353655
15167,24,1,0.5179576
15168,13,1,0.75236845
15169,12,1,0.49408135
15170,15,1,0.25570095
15171,23,1,0.73970693
15172,20,0,0.28793502
15173,3,1,0.65555155
15174,12,1,0.81771517
15175,18,1,0.8374476
15176,19,1,0.7638166
15177,9,0,0.27769312
15178,5,0,0.19769537
15179,17,0,0.39844903
15180,2,1,0.3079309
15181,14,0,0.38198912
15182,13,0,0.25107455
15183,12,0,0.2210785
15184,2,1,0.97130716
15185,17,1,0.8859003
15186,19,0,0.42407402
15187,24,1,0.5501654
15188,25,0,0.729836
15189,25,1,0.4130457
15190,7,0,0.8163212
15191,0,0,0.15849203
15192,16,0,0.39833853
15193,4,1,0.83567095
15194,11,1,0.8382607
15195,9,0,0.15081985
15196,26,0,0.61733514
15197,7,0,0.81735456
15198,15,1,0.24268003
15199,25,0,0.49684638
15200,12,0,0.28150812
15201,12,1,0.71160746
15202,3,1,0.39657813
15203,28,0,0.37134397
15204,1,0,0.24330163
15205,15,1,0.7664175
15206,21,1,0.9428003
15207,27,1,0.92061186
15208,15,1,0.28932497
15209,16,0,0.2610351
15210,20,0,0.46103334
15211,5,0,0.24269964
15212,8,1,0.573381
15213,20,0,0.44552097
15214,5,0,0.5030904
15215,12,0,0.10088578
15216,13,1,0.73772025
15217,20,0,0.56115645
15218,4,0,0.506396
15219,15,1,0.8468559
15220,18,1,0.69606394
15221,2,1,0.78108484
15222,15,1,0.78825706
15223,1,1,0.6576638
15224,3,0,0.4078615
15225,25,1,0.69672304
15226,1,1,0.6258316
15227,25,0,0.17979331
15228,10,0,0.76883197
15229,8,1,0.7109147
15230,22,0,0.24157195
15231,2,1,0.78435165
15232,26,0,0.33145213
15233,13,0,0.12370736
15234,22,1,0.75851524
15235,1,0,0.19605836
15236,15,0,0.30375206
15237,1,1,0.2187475
15238,28,0,0.44496518
15239,7,0,0.5860123
15240,8,1,0.80411786
15241,17,1,0.9810166
15242,6,0,0.4853713
15243,20,1,0.7215432
15244,22,1,0.66139764
15245,2,1,0.62075734
15246,13,1,0.43848726
15247,3,0,0.8417784
15248,16,1,0.7740075
15249,13,0,0.37321857
15250,13,0,0.21753155
15251,26,0,0.5785872
15252,10,0,0.624186
15253,13,0,0.5533676
15254,2,0,0.19567673
15255,25,1,0.32488713
15256,25,1,0.71623063
15257,8,1,0.4811051
15258,18,0,0.32704067
15259,5,1,0.87286836
15260,25,1,0.7007727
15261,5,0,0.502916
15262,16,1,0.460848
15263,5,0,0.30899203
15264,26,0,0.34387106
15265,22,1,0.90621406
15266,11,0,0.51196665
15267,28,0,0.28715265
15268,1,1,0.38808373
15269,6,1,0.7850418
15270,19,1,0.5075233
15271,20,0,0.1497398
15272,13,1,0.8543692
15273,20,1,0.38420808
15274,15,1,0.5973623
15275,16,0,0.40581718
15276,2,0,0.25674957
15277,15,0,0.6193919
15278,23,1,0.85361856
15279,22,1,0.39470223
15280,22,0,0.288536
15281,26,1,0.61287975
15282,25,0,0.32315344
15283,25,0,0.20749772
15284,4,1,0.82867646
15285,13,1,0.58967763
15286,1,1,0.22452344
15287,26,1,0.7973133
15288,10,0,0.4138346
15289,16,0,0.46344897
15290,14,1,0.7265379
15291,3,0,0.636403
15292,12,1,0.57848233
15293,22,1,0.42964545
15294,20,1,0.55777967
15295,25,1,0.3092749
15296,2,0,0.27326876
15297,22,1,0.37766892
15298,13,1,0.81092656
15299,16,1,0.5133494
15300,5,1,0.64617366
15301,10,0,0.373662
15302,13,0,0.44593993
15303,26,1,0.38075852
15304,17,1,0.6791753
15305,25,1,0.2750666
15306,3,1,0.9318235
15307,11,1,0.6513799
15308,15,1,0.37903628
15309,24,1,0.34803718
15310,1,1,0.8106395
15311,26,1,0.7522376
15312,15,0,0.23296787
15313,26,1,0.45295006
15314,26,1,0.33937967
15315,17,1,0.70156604
15316,2,1,0.4818984
15317,9,0,0.39729634
15318,3,1,0.44227627
15319,2,0,0.26594248
15320,24,1,0.5501529
15321,14,0,0.35515514
15322,18,1,0.8222243
15323,2,1,0.6883391
15324,10,0,0.45930037
15325,2,1,0.39986974
15326,15,0,0.6132503
15327,15,0,0.41171065
15328,13,1,0.6189582
15329,2,1,0.54317456
15330,18,0,0.29692942
15331,9,1,0.50490475
15332,19,0,0.2698398
15333,16,1,0.13039155
15334,15,0,0.60394853
15335,11,1,0.7547868
15336,11,1,0.5041831
15337,23,1,0.8306821
15338,13,0,0.32215175
15339,15,1,0.53941876
15340,25,1,0.66001016
15341,16,0,0.5158216
15342,2,0,0.38263428
15343,8,0,0.494
15344,16,1,0.4734142
15345,15,1,0.8709516
15346,2,0,0.83175594
15347,19,0,0.4726578
15348,2,1,0.8326399
15349,1,1,0.34490183
15350,1,1,0.40944892
15351,12,1,0.47182724
15352,11,0,0.37915173
15353,5,1,0.86246055
15354,16,0,0.28210878
15355,17,1,0.41990396
15356,16,1,0.89715326
15357,21,1,0.66483074
15358,5,1,0.6547062
15359,16,0,0.61801624
15360,20,1,0.8378625
15361,8,1,0.37367183
15362,2,1,0.24628916
15363,13,0,0.3980906
15364,19,0,0.5569956
15365,13,1,0.8856517
15366,4,0,0.44166607
15367,9,1,0.7047175
15368,1,1,0.69467753
15369,13,0,0.4561972
15370,7,1,0.87464315
15371,22,1,0.509534
15372,17,1,0.354306
15373,10,1,0.39946863
15374,24,1,0.5410892
15375,11,0,0.47734037
15376,24,1,0.5727428
15377,18,0,0.4607998
15378,19,0,0.39613497
15379,13,1,0.40153214
15380,25,1,0.58826613
15381,4,0,0.58379513
15382,16,1,0.4766612
15383,11,0,0.1826418
15384,13,1,0.6720816
15385,20,1,0.42570063
15386,2,0,0.30283386
15387,24,0,0.65369105
15388,15,1,0.6142828
15389,20,1,0.8092313
15390,4,1,0.7932878
15391,13,1,0.3450221
15392,2,1,0.30906057
15393,2,1,0.6740563
15394,0,1,0.22593413
15395,11,1,0.22980493
15396,28,1,0.73736894
15397,7,1,0.5704717
15398,2,0,0.22195244
15399,12,1,0.30492225
15400,15,1,0.5267952
15401,6,1,0.84845275
15402,24,0,0.37223873
15403,20,0,0.15883332
15404,18,0,0.5296819
15405,13,0,0.47538832
15406,20,1,0.82214206
15407,13,1,0.36117652
15408,8,0,0.32318908
15409,26,0,0.49961573
15410,26,0,0.42947093
15411,16,0,0.71003556
15412,25,0,0.35003078
15413,17,1,0.84335595
15414,3,1,0.5095264
15415,11,1,0.7027389
15416,15,0,0.47427177
15417,21,0,0.75465864
15418,10,1,0.6535674
15419,3,0,0.25890514
15420,1,1,0.6852644
15421,15,1,0.37453443
15422,1,1,0.64750445
15423,26,1,0.2729641
15424,23,0,0.465683
15425,6,0,0.61568236
15426,2,1,0.65900594
15427,28,1,0.5171382
15428,7,1,0.69342506
15429,3,1,0.55876124
15430,25,0,0.55317295
15431,13,0,0.31281903
15432,13,1,0.49020034
15433,15,0,0.31689748
15434,28,0,0.7009289
15435,6,1,0.74351716
15436,12,1,0.6252906
15437,12,1,0.23798841
15438,28,1,0.30537364
15439,2,1,0.73784465
15440,25,1,0.61190134
15441,13,0,0.27140203
15442,25,0,0.23138562
15443,11,0,0.31765747
15444,9,0,0.2904877
15445,4,1,0.9621964
15446,17,1,0.8508023
15447,18,1,0.3560635
15448,10,1,0.49034572
15449,15,1,0.43799302
15450,2,0,0.56911546
15451,16,1,0.33589047
15452,19,0,0.1996856
15453,21,1,0.724577
15454,13,0,0.1867319
15455,10,1,0.69436884
15456,13,0,0.2468748
15457,1,1,0.55994844
15458,22,1,0.66969365
15459,17,0,0.3496364
15460,1,0,0.1780005
15461,0,1,0.7010995
15462,21,1,0.34723082
15463,12,1,0.70183545
15464,3,1,0.78122395
15465,2,0,0.32551014
15466,17,0,0.22043504
15467,9,1,0.583248
15468,25,1,0.49702388
15469,22,1,0.46820334
15470,13,0,0.58636075
15471,23,1,0.91427594
15472,20,0,0.3714248
15473,7,0,0.21487598
15474,1,1,0.6841689
15475,15,0,0.543088
15476,1,1,0.49360213
15477,24,1,0.5574158
15478,21,0,0.5017112
15479,16,1,0.7400101
15480,14,1,0.474146
15481,2,0,0.42322478
15482,6,0,0.38179746
15483,11,1,0.44111666
15484,16,1,0.63347137
15485,16,1,0.31519902
15486,1,0,0.25386584
15487,1,1,0.55424684
15488,15,0,0.57178366
15489,10,0,0.37646613
15490,7,0,0.62743974
15491,28,0,0.40221643
15492,14,0,0.69611144
15493,26,1,0.90714836
15494,6,1,0.78583074
15495,18,0,0.13605972
15496,25,1,0.610251
15497,13,0,0.799783
15498,7,0,0.5260848
15499,16,0,0.49054918
15500,15,0,0.33847013
15501,4,0,0.7304417
15502,25,0,0.4852808
15503,16,1,0.608558
15504,16,0,0.35200855
15505,10,0,0.5954397
15506,13,0,0.06691585
15507,14,0,0.40430683
15508,1,1,0.3317794
15509,4,0,0.5400032
15510,10,1,0.654928
15511,0,0,0.5173512
15512,15,0,0.06573774
15513,3,1,0.28038612
15514,20,0,0.15879068
15515,8,1,0.6965313
15516,1,0,0.35198236
15517,12,0,0.5701277
15518,16,0,0.28282437
15519,11,1,0.53273004
15520,6,0,0.19406526
15521,18,0,0.22397225
15522,2,1,0.45856056
15523,15,0,0.6380396
15524,13,1,0.6903522
15525,8,0,0.768094
15526,11,1,0.54094225
15527,2,1,0.62373763
15528,12,1,0.6794217
15529,2,1,0.678655
15530,20,0,0.19576654
15531,7,1,0.38939315
15532,8,0,0.6196128
15533,2,0,0.22178635
15534,16,1,0.48294505
15535,24,1,0.88524145
15536,6,0,0.33204395
15537,12,0,0.46956602
15538,8,0,0.58950114
15539,21,0,0.10612313
15540,3,0,0.18772857
15541,22,1,0.5695431
15542,28,0,0.21896599
15543,15,0,0.4260696
15544,6,0,0.24948056
15545,28,0,0.29618984
15546,9,1,0.76049644
15547,11,0,0.37088916
15548,0,0,0.306858
15549,18,1,0.628859
15550,13,1,0.3207483
15551,16,1,0.7064279
15552,27,0,0.3345641
15553,18,0,0.70080763
15554,19,0,0.26519135
15555,3,0,0.37454033
15556,12,1,0.68059796
15557,26,0,0.6981352
15558,1,0,0.21451803
15559,5,1,0.3631292
15560,9,0,0.33176515
15561,28,0,0.25302488
15562,16,1,0.696754
15563,13,0,0.1353053
15564,18,0,0.40405583
15565,15,0,0.3769081
15566,10,1,0.51915705
15567,10,0,0.17254533
15568,1,0,0.51623523
15569,20,0,0.592235
15570,15,0,0.7238792
15571,23,1,0.6540886
15572,16,0,0.40195975
15573,17,1,0.29645804
15574,13,0,0.8793584
15575,10,0,0.33565506
15576,12,0,0.39078307
15577,14,1,0.69558626
15578,1,1,0.9372763
15579,13,0,0.56841403
15580,11,1,0.6314779
15581,13,0,0.46776763
15582,15,1,0.63620627
15583,2,0,0.308174
15584,28,0,0.18912934
15585,19,1,0.6132598
15586,20,0,0.33463407
15587,11,0,0.38427135
15588,18,1,0.4725021
15589,24,1,0.6650212
15590,1,0,0.25820968
15591,3,0,0.625576
15592,19,1,0.8908797
15593,17,1,0.92260593
15594,23,1,0.7494776
15595,28,1,0.7504315
15596,20,1,0.5022276
15597,21,0,0.19418266
15598,20,1,0.830578
15599,17,0,0.57603824
15600,4,0,0.5061866
15601,1,0,0.4704339
15602,18,1,0.7834342
15603,1,1,0.19061312
15604,1,0,0.22781749
15605,13,0,0.5162302
15606,18,0,0.11335779
15607,7,1,0.85410154
15608,16,1,0.7763987
15609,16,0,0.20225117
15610,13,0,0.6103639
15611,11,1,0.84211904
15612,6,1,0.26219994
15613,2,0,0.66342163
15614,1,0,0.45024887
15615,25,0,0.47644386
15616,0,0,0.7492341
15617,21,1,0.25131834
15618,2,0,0.09443041
15619,15,1,0.67969537
15620,25,1,0.79767776
15621,14,1,0.55418944
15622,8,1,0.5888641
15623,7,1,0.7079049
15624,6,1,0.52749854
15625,28,1,0.51034045
15626,5,1,0.50634176
15627,20,0,0.3834883
15628,9,1,0.63193774
15629,16,0,0.21359728
15630,12,1,0.44250396
15631,1,0,0.5714129
15632,18,1,0.56896484
15633,22,1,0.70194554
15634,27,0,0.23075299
15635,10,1,0.34810078
15636,8,0,0.22603507
15637,27,0,0.6684559
15638,8,1,0.16943975
15639,1,0,0.40957007
15640,8,0,0.82456
15641,5,0,0.65195495
15642,21,0,0.6037703
15643,13,1,0.43222788
15644,10,0,0.43509007
15645,18,0,0.27613154
15646,14,0,0.14636756
15647,16,1,0.5116247
15648,7,1,0.9189837
15649,2,1,0.12856312
15650,8,0,0.3637412
15651,22,0,0.7342705
15652,4,0,0.5099069
15653,2,1,0.714372
15654,0,0,0.51459736
15655,22,1,0.48681697
15656,18,1,0.67845327
15657,11,0,0.3769728
15658,25,0,0.17627484
15659,25,1,0.8558174
15660,2,0,0.4937943
15661,3,1,0.6342114
15662,28,1,0.66866565
15663,20,0,0.73864216
15664,17,1,0.76893663
15665,2,1,0.9644795
15666,1,1,0.74718076
15667,24,1,0.8022948
15668,11,0,0.15220906
15669,27,1,0.55849266
15670,8,1,0.46523413
15671,27,0,0.26955104
15672,12,0,0.11156235
15673,4,0,0.7137457
15674,11,1,0.45294967
15675,26,0,0.37559414
15676,13,1,0.94553214
15677,28,0,0.3712953
15678,23,0,0.19410786
15679,25,0,0.5775099
15680,8,0,0.5402548
15681,15,1,0.57242644
15682,8,1,0.8374956
15683,28,0,0.12844059
15684,11,1,0.6740508
15685,4,0,0.37285507
15686,27,1,0.5868366
15687,13,1,0.86505574
15688,18,1,0.6929157
15689,20,0,0.19125232
15690,14,0,0.24830821
15691,26,0,0.2196205
15692,0,0,0.4195914
15693,10,0,0.35467225
15694,15,1,0.5254098
15695,26,0,0.27183223
15696,25,0,0.4546229
15697,10,0,0.26260057
15698,25,0,0.3581414
15699,17,1,0.49711308
15700,28,0,0.3860648
15701,18,1,0.4864325
15702,10,1,0.34627622
15703,13,0,0.46422556
15704,26,1,0.682672
15705,17,1,0.47396308
15706,11,1,0.60016406
15707,2,0,0.19162686
15708,7,1,0.77156824
15709,25,1,0.88238615
15710,16,1,0.59312034
15711,26,0,0.24800932
15712,11,0,0.09586722
15713,18,1,0.79720086
15714,2,0,0.40575108
15715,27,0,0.24930646
15716,3,0,0.46806592
15717,1,0,0.12862459
15718,1,0,0.52782524
15719,2,0,0.16404001
15720,17,1,0.60158104
15721,13,1,0.7895907
15722,13,0,0.42366824
15723,18,0,0.12759861
15724,9,0,0.559859
15725,20,0,0.6163611
15726,26,1,0.78710556
15727,20,0,0.5718439
15728,17,1,0.8934455
15729,21,1,0.36664414
15730,9,1,0.37364745
15731,0,0,0.57049143
15732,13,0,0.3299464
15733,25,1,0.79540926
15734,27,0,0.16755973
15735,10,0,0.26324758
15736,13,1,0.71250254
15737,12,0,0.3318241
15738,1,1,0.5362768
15739,12,1,0.62356156
15740,2,1,0.6386692
15741,16,1,0.6682445
15742,1,0,0.44191447
15743,20,0,0.49769592
15744,1,1,0.7690536
15745,4,0,0.3318964
15746,2,0,0.5620234
15747,13,0,0.46300992
15748,13,1,0.33250076
15749,9,0,0.3107462
15750,19,1,0.4045405
15751,16,0,0.6001707
15752,5,1,0.46065983
15753,20,1,0.5609755
15754,16,0,0.28297624
15755,16,0,0.50285506
15756,27,0,0.31728563
15757,25,0,0.22599147
15758,6,1,0.5154488
15759,25,0,0.12555595
15760,25,0,0.26338673
15761,2,0,0.39589593
15762,18,1,0.5595766
15763,3,1,0.65701044
15764,15,1,0.47380844
15765,15,1,0.3123245
15766,13,1,0.571468
15767,24,1,0.16733088
15768,19,0,0.32432485
15769,28,0,0.27847198
15770,25,1,0.8876483
15771,16,0,0.20884052
15772,9,1,0.74359417
15773,2,1,0.6415878
15774,27,0,0.37570718
15775,25,1,0.57835996
15776,21,0,0.7870142
15777,0,1,0.19490142
15778,1,1,0.4862668
15779,12,0,0.26983717
15780,7,0,0.7898919
15781,14,1,0.76022786
15782,18,1,0.3705095
15783,10,0,0.31937456
15784,17,0,0.52903056
15785,21,1,0.2702908
15786,27,0,0.4068463
15787,7,0,0.14735389
15788,18,0,0.7345413
15789,7,0,0.7064213
15790,28,1,0.5317042
15791,17,0,0.47822544
15792,25,0,0.45735282
15793,17,1,0.43762538
15794,10,0,0.28567016
15795,2,0,0.1762303
15796,16,0,0.16985248
15797,22,0,0.5607419
15798,16,0,0.41342887
15799,11,0,0.66968447
15800,10,0,0.36870122
15801,2,1,0.48837197
15802,18,1,0.7089408
15803,17,0,0.123905696
15804,1,0,0.38366485
15805,10,0,0.30399114
15806,3,0,0.47255328
15807,20,1,0.75405174
15808,21,0,0.47369617
15809,17,0,0.31762007
15810,1,0,0.77820647
15811,23,0,0.27520943
15812,20,0,0.19460142
15813,11,0,0.36611658
15814,23,0,0.418271
15815,1,1,0.28334364
15816,13,1,0.45383933
15817,13,1,0.62944525
15818,16,1,0.6549836
15819,1,0,0.19871946
15820,1,1,0.2520348
15821,14,0,0.38544384
15822,22,0,0.21012181
15823,24,1,0.9028958
15824,21,1,0.6701526
15825,9,0,0.70179236
15826,2,0,0.5983313
15827,8,0,0.39614636
15828,11,1,0.71292436
15829,2,0,0.7201134
15830,12,1,0.21005145
15831,23,1,0.34312984
15832,13,0,0.37028337
15833,8,0,0.1256356
15834,2,0,0.3670175
15835,21,1,0.59253144
15836,2,0,0.33182046
15837,14,0,0.37037805
15838,10,0,0.27683857
15839,17,1,0.8259525
15840,15,1,0.61594194
15841,8,0,0.07556466
15842,11,0,0.6952025
15843,19,0,0.1996898
15844,3,1,0.45196354
15845,10,0,0.1891327
15846,4,1,0.48920798
15847,0,0,0.37556294
15848,14,1,0.5792266
15849,20,0,0.3441651
15850,23,0,0.23323862
15851,14,0,0.44243443
15852,8,0,0.46855214
15853,11,1,0.69388914
15854,19,1,0.6852852
15855,25,0,0.58972937
15856,10,0,0.7007312
15857,26,0,0.38476846
15858,22,0,0.17169324
15859,10,0,0.1605066
15860,26,0,0.5032287
15861,20,1,0.5712385
15862,26,1,0.5016474
15863,12,1,0.85981375
15864,27,1,0.66007555
15865,16,0,0.07849756
15866,27,1,0.8026687
15867,2,0,0.5274846
15868,7,1,0.5680419
15869,15,1,0.658375
15870,20,0,0.3136534
15871,1,1,0.7737489
15872,10,1,0.67695236
15873,20,0,0.5760217
15874,4,0,0.30401295
15875,6,1,0.45361128
15876,2,0,0.54395854
15877,27,1,0.4605172
15878,9,0,0.35457963
15879,13,0,0.5911639
15880,2,0,0.34251362
15881,27,0,0.5575259
15882,13,0,0.65462965
15883,26,1,0.49999094
15884,15,1,0.36889803
15885,22,1,0.6537533
15886,16,1,0.52120245
15887,25,0,0.34389713
15888,21,1,0.6699882
15889,13,0,0.1403688
15890,4,0,0.3437919
15891,7,1,0.70778686
15892,8,1,0.66065216
15893,13,1,0.5760722
15894,26,1,0.8609041
15895,26,0,0.20283107
15896,2,0,0.5882993
15897,1,0,0.5732064
15898,16,0,0.4090217
15899,1,1,0.2842821
15900,11,0,0.5073816
15901,10,0,0.58746296
15902,11,0,0.4735231
15903,8,0,0.37921557
15904,26,0,0.32810217
15905,18,0,0.7635374
15906,8,0,0.42692497
15907,11,0,0.29203457
15908,18,1,0.82912
15909,12,0,0.4317545
15910,10,0,0.39262387
15911,25,0,0.4693339
15912,13,0,0.2676743
15913,28,0,0.36865935
15914,27,0,0.43541825
15915,24,0,0.05221376
15916,4,0,0.27304184
15917,17,0,0.26101804
15918,10,0,0.23844019
15919,1,1,0.1479488
15920,11,1,0.76858747
15921,15,1,0.46055925
15922,18,0,0.27540183
15923,4,1,0.16194443
15924,28,1,0.7241365
15925,3,1,0.3468947
15926,21,0,0.3437748
15927,23,1,0.92743933
15928,27,0,0.14867407
15929,24,1,0.4160402
15930,27,0,0.69754356
15931,14,0,0.36733207
15932,11,0,0.33791828
15933,8,1,0.4794689
15934,20,0,0.5845255
15935,14,0,0.62437445
15936,8,1,0.6031258
15937,10,0,0.5546923
15938,2,1,0.6207419
15939,16,1,0.84857154
15940,4,0,0.37901363
15941,27,1,0.38024265
15942,28,1,0.85347295
15943,0,0,0.28655076
15944,28,1,0.4694093
15945,13,0,0.35532284
15946,27,0,0.29011306
15947,15,1,0.26697686
15948,6,1,0.6197625
15949,22,0,0.20134865
15950,6,1,0.45884737
15951,6,0,0.33444113
15952,12,1,0.75537395
15953,9,1,0.4280509
15954,20,0,0.2764349
15955,9,0,0.5115524
15956,25,0,0.2756267
15957,16,1,0.6793866
15958,21,1,0.9044838
15959,22,1,0.6600284
15960,11,0,0.42834008
15961,17,0,0.2656263
15962,1,1,0.3319751
15963,25,0,0.3520739
15964,14,1,0.30714965
15965,16,1,0.6900683
15966,25,0,0.30097872
15967,17,1,0.5453853
15968,15,0,0.40753266
15969,7,1,0.8443454
15970,17,1,0.7532751
15971,7,1,0.83724475
15972,21,1,0.5400838
15973,13,0,0.27218577
15974,8,1,0.6559932
15975,20,1,0.8076043
15976,19,1,0.62460303
15977,22,1,0.9074242
15978,14,1,0.28618118
15979,27,0,0.6596289
15980,17,1,0.26296866
15981,12,1,0.2680438
15982,9,0,0.5713557
15983,23,0,0.23165737
15984,13,1,0.49404904
15985,11,0,0.5529067
15986,28,1,0.7405312
15987,24,1,0.33200705
15988,1,1,0.42121476
15989,8,1,0.11201167
15990,20,1,0.6916942
15991,23,1,0.7459417
15992,13,0,0.13819735
15993,1,1,0.9358653
15994,5,1,0.6960228
15995,13,1,0.4716525
15996,7,0,0.33084804
15997,26,0,0.5466631
15998,21,0,0.2473389
15999,6,0,0.2940574
16000,9,0,0.58431584
16001,17,0,0.22778447
16002,0,0,0.31206012
16003,3,0,0.33820313
16004,20,1,0.57656384
16005,24,1,0.68576527
16006,0,1,0.4033213
16007,27,0,0.107137784
16008,4,1,0.8352709
16009,26,0,0.3265163
16010,24,0,0.13426352
16011,8,0,0.09715274
16012,8,0,0.18235447
16013,1,0,0.25883788
16014,11,1,0.53572536
16015,16,1,0.7476455
16016,8,1,0.5648671
16017,19,1,0.67150265
16018,16,0,0.18442038
16019,11,0,0.4435862
16020,26,1,0.57565063
16021,15,0,0.3375468
16022,16,1,0.5398042
16023,9,0,0.62907505
16024,5,0,0.15586586
16025,16,0,0.562164
16026,6,0,0.4159984
16027,1,0,0.4091994
16028,3,1,0.68994796
16029,11,1,0.5642026
16030,2,0,0.33297744
16031,27,1,0.80608416
16032,12,1,0.74163485
16033,15,1,0.35512483
16034,16,0,0.3313633
16035,1,0,0.49196583
16036,6,0,0.27736035
16037,25,1,0.68526876
16038,8,0,0.29644465
16039,4,1,0.6526582
16040,8,0,0.7329067
16041,23,1,0.36504686
16042,26,0,0.80860406
16043,21,0,0.34136721
16044,15,1,0.65049225
16045,13,1,0.27866688
16046,12,1,0.71266264
16047,26,1,0.42130494
16048,8,1,0.49313402
16049,26,1,0.5125517
16050,4,1,0.702784
16051,8,1,0.88527256
16052,18,1,0.93875986
16053,2,0,0.409648
16054,9,1,0.8098252
16055,2,1,0.90062803
16056,26,0,0.52296954
16057,0,1,0.77749693
16058,11,0,0.5403525
16059,12,0,0.20119102
16060,4,0,0.4802139
16061,2,1,0.82788306
16062,6,1,0.40933108
16063,16,1,0.66779596
16064,15,0,0.7126563
16065,25,1,0.398334
16066,28,0,0.5252457
16067,13,1,0.5078371
16068,18,1,0.5009653
16069,2,0,0.32102153
16070,2,0,0.41727102
16071,2,1,0.59936345
16072,13,1,0.57566667
16073,24,1,0.74797714
16074,12,1,0.8203038
16075,26,0,0.38510847
16076,7,1,0.8992828
16077,1,1,0.3475806
16078,1,0,0.56515163
16079,16,0,0.2919714
16080,8,0,0.74525803
16081,3,0,0.26959297
16082,13,1,0.72596294
16083,22,0,0.31879178
16084,8,1,0.89659774
16085,5,0,0.22349997
16086,11,0,0.34139246
16087,16,0,0.6571982
16088,3,1,0.6092096
16089,13,0,0.333503
16090,17,1,0.30495656
16091,22,0,0.42307562
16092,4,1,0.9205855
16093,13,1,0.36161402
16094,18,0,0.64261454
16095,9,1,0.9219386
16096,15,0,0.4396065
16097,19,0,0.39650017
16098,26,1,0.9650903
16099,12,0,0.55386543
16100,6,0,0.25872257
16101,5,1,0.7733159
16102,8,0,0.55631846
16103,11,1,0.45436183
16104,10,0,0.69254875
16105,18,0,0.53189427
16106,11,1,0.59123474
16107,10,0,0.41764903
16108,16,0,0.3717795
16109,16,1,0.7710947
16110,13,1,0.28941527
16111,22,1,0.88328993
16112,26,0,0.29056263
16113,1,0,0.28060895
16114,24,0,0.23985969
16115,26,1,0.3822519
16116,26,0,0.65908515
16117,1,1,0.87900645
16118,22,0,0.123650864
16119,22,0,0.7395091
16120,27,1,0.8370277
16121,14,0,0.54817975
16122,10,0,0.2865009
16123,8,0,0.41578522
16124,13,0,0.15531944
16125,19,0,0.19831845
16126,4,1,0.89166075
16127,8,0,0.25470647
16128,25,0,0.36738276
16129,28,0,0.5406991
16130,2,1,0.26257858
16131,27,1,0.6027
16132,11,0,0.3680616
16133,8,0,0.39885315
16134,16,0,0.41932717
16135,12,1,0.8002119
16136,25,1,0.21537548
16137,9,0,0.3377856
16138,28,1,0.565784
16139,13,0,0.65519077
16140,12,1,0.40934902
16141,27,0,0.16387674
16142,26,0,0.57711047
16143,22,0,0.16803215
16144,3,1,0.52648556
16145,26,0,0.16824973
16146,16,1,0.7743604
16147,17,1,0.5812273
16148,15,0,0.14606515
16149,20,1,0.6753248
16150,2,0,0.50655365
16151,12,0,0.2631499
16152,4,1,0.79604965
16153,26,1,0.580997
16154,3,0,0.2534289
16155,28,1,0.7160399
16156,19,0,0.36863664
16157,15,0,0.19669415
16158,8,1,0.91389257
16159,22,1,0.4806909
16160,2,0,0.059907816
16161,6,1,0.70637125
16162,23,1,0.7228956
16163,18,1,0.69269097
16164,23,1,0.8075884
16165,20,1,0.7373825
16166,28,1,0.15301642
16167,8,0,0.5168465
16168,22,1,0.65964663
16169,25,1,0.63082343
16170,24,0,0.28112215
16171,27,0,0.3105554
16172,5,1,0.27499145
16173,10,1,0.7391504
16174,11,0,0.19160984
16175,5,0,0.23071632
16176,17,0,0.49392414
16177,20,0,0.17410319
16178,20,1,0.42659023
16179,9,1,0.8157962
16180,11,0,0.36245897
16181,1,1,0.3263744
16182,10,1,0.42516235
16183,23,1,0.601142
16184,8,0,0.3306069
16185,9,1,0.7713172
16186,8,1,0.7287505
16187,17,0,0.44066527
16188,3,0,0.22140919
16189,26,0,0.5263579
16190,13,1,0.71782744
16191,14,0,0.68362814
16192,10,0,0.5248221
16193,22,1,0.80336136
16194,1,1,0.4755974
16195,13,0,0.20638798
16196,11,1,0.49227285
16197,9,0,0.23570098
16198,11,1,0.5645918
16199,18,0,0.84164727
16200,6,0,0.28141633
16201,17,1,0.8129094
16202,28,0,0.6945809
16203,20,0,0.26451364
16204,2,1,0.87366736
16205,13,0,0.59136707
16206,23,1,0.74181765
16207,16,1,0.2721683
16208,3,0,0.09794496
16209,28,0,0.76907736
16210,25,1,0.91853285
16211,6,0,0.33660758
16212,17,0,0.44034803
16213,3,0,0.17532963
16214,2,0,0.37608454
16215,7,0,0.2627847
16216,28,0,0.59797597
16217,19,0,0.1941132
16218,19,1,0.73647374
16219,2,1,0.7935247
16220,15,0,0.21415104
16221,7,0,0.45816064
16222,9,1,0.68692636
16223,17,0,0.3216646
16224,18,0,0.6604843
16225,10,1,0.4139275
16226,0,1,0.3797399
16227,2,0,0.3470114
16228,21,0,0.24002114
16229,28,1,0.27536103
16230,7,1,0.85611063
16231,11,1,0.5193816
16232,7,0,0.4618927
16233,11,0,0.26725692
16234,2,1,0.8325646
16235,6,0,0.3560001
16236,7,0,0.27199584
16237,23,1,0.6916638
16238,22,1,0.34118846
16239,16,1,0.37986517
16240,16,1,0.77023345
16241,0,0,0.298403
16242,16,1,0.822089
16243,14,0,0.21167985
16244,1,1,0.6017818
16245,22,0,0.44506082
16246,24,1,0.22442342
16247,2,1,0.650074
16248,2,1,0.74721795
16249,28,1,0.44335216
16250,6,0,0.39511347
16251,4,1,0.41607657
16252,11,1,0.5394245
16253,11,1,0.4738561
16254,22,1,0.53773767
16255,2,1,0.6343655
16256,24,1,0.55275416
16257,11,0,0.5925868
16258,12,1,0.62928003
16259,13,0,0.724249
16260,4,0,0.19091617
16261,1,1,0.75652236
16262,1,0,0.40410465
16263,2,0,0.20891584
16264,11,1,0.7885917
16265,19,1,0.6881662
16266,16,1,0.7525602
16267,7,0,0.22521044
16268,11,1,0.51187164
16269,12,0,0.21960382
16270,1,1,0.55613375
16271,0,0,0.4619834
16272,23,1,0.37177032
16273,12,1,0.17409281
16274,21,1,0.6309544
16275,6,1,0.7658686
16276,23,1,0.4308175
16277,13,1,0.6950656
16278,8,0,0.21519598
16279,8,1,0.53984576
16280,13,1,0.60932606
16281,23,0,0.54077023
16282,3,1,0.91851276
16283,14,0,0.4377678
16284,21,1,0.21025898
16285,27,0,0.2774987
16286,16,0,0.25133172
16287,8,1,0.50958884
16288,1,1,0.74714434
16289,15,1,0.49129698
16290,22,0,0.37713778
16291,21,1,0.6771305
16292,6,0,0.44032192
16293,11,1,0.2160499
16294,12,0,0.16600507
16295,20,0,0.21750088
16296,7,1,0.52148205
16297,18,0,0.22430186
16298,13,1,0.71160865
16299,1,0,0.28812036
16300,15,0,0.512476
16301,12,0,0.2708541
16302,3,1,0.2500245
16303,21,0,0.451902
16304,22,0,0.3275217
16305,11,1,0.4972702
16306,17,1,0.3033735
16307,28,0,0.295278
16308,26,0,0.24324265
16309,12,1,0.55467683
16310,6,0,0.3541696
16311,4,0,0.17844908
16312,17,1,0.3959709
16313,3,1,0.54303473
16314,12,1,0.8517422
16315,26,1,0.75768596
16316,25,1,0.4818488
16317,26,0,0.46906132
16318,16,0,0.5121926
16319,3,1,0.46968994
16320,13,1,0.26713547
16321,22,0,0.57614964
16322,18,0,0.6224333
16323,3,0,0.19444925
16324,2,0,0.29278418
16325,10,1,0.6007002
16326,13,1,0.36062723
16327,19,1,0.4968901
16328,12,1,0.3107759
16329,7,1,0.68852836
16330,20,1,0.41789305
16331,28,0,0.5581329
16332,17,0,0.4325604
16333,23,0,0.3302191
16334,13,1,0.9016875
16335,13,1,0.81142944
16336,25,0,0.7197843
16337,15,1,0.9096454
16338,13,1,0.43791506
16339,19,0,0.31631225
16340,7,1,0.5832707
16341,13,1,0.83472574
16342,10,0,0.3375432
16343,10,0,0.35496724
16344,7,0,0.41039273
16345,13,1,0.6859222
16346,10,1,0.73520124
16347,1,1,0.7462221
16348,27,1,0.25859714
16349,13,1,0.8553157
16350,1,0,0.7021237
16351,8,1,0.86484134
16352,15,0,0.34212366
16353,20,0,0.70893425
16354,8,1,0.31013674
16355,15,0,0.5475972
16356,10,1,0.90680283
16357,16,0,0.24851535
16358,6,0,0.45158264
16359,27,1,0.6881618
16360,13,1,0.85244644
16361,1,0,0.23054935
16362,0,0,0.6401993
16363,10,0,0.64031595
16364,14,0,0.86949784
16365,2,0,0.23078811
16366,26,1,0.3203256
16367,16,1,0.59576154
16368,0,0,0.23066853
16369,2,0,0.20364329
16370,5,0,0.21927547
16371,15,1,0.51707834
16372,1,0,0.7160334
16373,12,1,0.7180782
16374,7,1,0.6287096
16375,14,1,0.45012167
16376,25,0,0.114352494
16377,27,1,0.66386646
16378,26,1,0.7155935
16379,11,0,0.4905715
16380,2,1,0.92656296
16381,1,0,0.24644335
16382,1,0,0.27547035
16383,10,0,0.38930866
16384,8,0,0.10748102
16385,20,1,0.8450357
16386,16,1,0.5997733
16387,18,0,0.13249719
16388,26,1,0.1688678
16389,7,1,0.17567429
16390,26,0,0.23225026
16391,13,0,0.1533353
16392,10,1,0.51612085
16393,6,1,0.4034985
16394,1,1,0.215717
16395,2,0,0.18281595
16396,16,1,0.3181298
16397,22,0,0.33063358
16398,7,0,0.5225974
16399,20,0,0.40676543
16400,21,0,0.19088362
16401,13,1,0.55836314
16402,16,0,0.70924544
16403,22,0,0.3313453
16404,1,1,0.6161387
16405,1,1,0.38296333
16406,1,1,0.91690964
16407,1,1,0.8054153
16408,22,1,0.31989107
16409,19,1,0.80984986
16410,11,0,0.44937542
16411,19,1,0.7972895
16412,27,0,0.6054724
16413,14,1,0.6370809
16414,20,1,0.95655406
16415,12,1,0.50910884
16416,21,0,0.56073576
16417,22,0,0.42036867
16418,9,0,0.14633249
16419,5,0,0.39018977
16420,3,0,0.34336495
16421,4,0,0.21818165
16422,10,0,0.44171706
16423,12,0,0.4782452
16424,27,1,0.41347623
16425,25,1,0.53710735
16426,4,1,0.475619
16427,11,1,0.45856187
16428,18,1,0.4860931
16429,22,1,0.5426091
16430,8,0,0.44717416
16431,16,0,0.4963381
16432,18,1,0.35309875
16433,12,1,0.568538
16434,1,1,0.27993664
16435,9,1,0.44219366
16436,15,1,0.7627271
16437,10,1,0.4342876
16438,23,0,0.20126428
16439,16,0,0.79062
16440,16,1,0.66202986
16441,4,0,0.9155996
16442,1,1,0.7084744
16443,9,0,0.7674046
16444,7,0,0.48240948
16445,10,1,0.72752273
16446,12,0,0.40723026
16447,13,0,0.56607777
16448,10,1,0.773786
16449,10,0,0.541529
16450,15,1,0.56168133
16451,26,0,0.41485503
16452,16,0,0.41617426
16453,8,1,0.58058584
16454,13,0,0.38759726
16455,2,1,0.37974975
16456,24,1,0.50462073
16457,26,0,0.16389629
16458,15,0,0.15603717
16459,12,1,0.30782032
16460,4,1,0.31220922
16461,21,0,0.55183953
16462,22,0,0.3698436
16463,2,1,0.54363394
16464,18,1,0.70801854
16465,13,0,0.18947434
16466,7,0,0.54072076
16467,16,1,0.44360036
16468,17,0,0.2842736
16469,8,0,0.61063564
16470,3,1,0.56636375
16471,13,0,0.3590826
16472,13,1,0.4249121
16473,16,0,0.3357135
16474,8,0,0.70033884
16475,2,0,0.53850496
16476,25,1,0.6305124
16477,2,1,0.66331536
16478,24,1,0.8916408
16479,12,0,0.3123245
16480,20,1,0.48314384
16481,13,0,0.3194414
16482,27,1,0.4997374
16483,15,0,0.29210585
16484,27,1,0.5520043
16485,24,1,0.75883335
16486,16,1,0.70852125
16487,6,0,0.4118049
16488,2,0,0.24903771
16489,17,1,0.8852354
16490,22,1,0.7903916
16491,17,0,0.1591271
16492,16,1,0.46161926
16493,11,1,0.31755146
16494,14,0,0.36852416
16495,9,0,0.31199256
16496,27,1,0.35354945
16497,6,0,0.19930497
16498,1,1,0.53470844
16499,10,0,0.2311386
16500,27,0,0.46188238
16501,20,0,0.1708969
16502,13,0,0.45239362
16503,3,1,0.85956305
16504,6,0,0.35531437
16505,1,1,0.5903149
16506,2,1,0.74195683
16507,2,0,0.17713618
16508,25,0,0.45537102
16509,28,1,0.58134717
16510,1,1,0.50132954
16511,10,1,0.5226472
16512,16,0,0.3227688
16513,26,1,0.4433311
16514,18,1,0.32884082
16515,15,0,0.38427323
16516,19,1,0.8632972
16517,25,1,0.18276317
16518,21,0,0.8639513
16519,26,1,0.554466
16520,2,1,0.4899604
16521,20,0,0.44766715
16522,13,0,0.47702637
16523,12,0,0.20866038
16524,13,0,0.050735135
16525,18,1,0.83210224
16526,14,0,0.6014188
16527,28,1,0.8839326
16528,3,0,0.5377617
16529,2,1,0.2815209
16530,3,1,0.8789101
16531,13,1,0.6212949
16532,17,0,0.42747256
16533,13,1,0.8671859
16534,28,1,0.7910642
16535,23,1,0.38747424
16536,27,0,0.74007964
16537,12,0,0.5694198
16538,5,1,0.6878653
16539,21,0,0.386671
16540,6,1,0.70383036
16541,2,1,0.6185884
16542,27,1,0.9619608
16543,12,0,0.5728413
16544,1,1,0.86880547
16545,13,1,0.5611281
16546,7,1,0.47674084
