,tissue_ids,target,prediction
0,15,1,0.48684913
1,6,0,0.49777701
2,16,1,0.26205736
3,13,1,0.5247918
4,26,0,0.54539174
5,8,0,0.30719462
6,12,0,0.3722337
7,3,0,0.37528986
8,26,0,0.50641793
9,1,0,0.6733602
10,24,0,0.43045887
11,10,1,0.6271815
12,12,0,0.35121262
13,13,1,0.58613825
14,22,1,0.46370623
15,11,0,0.3239977
16,25,1,0.71659344
17,8,1,0.37868455
18,10,1,0.5090263
19,13,0,0.5353642
20,10,0,0.38921863
21,0,1,0.45148692
22,15,0,0.3543552
23,12,0,0.51504445
24,21,0,0.38797686
25,15,1,0.33915955
26,8,1,0.6962671
27,9,1,0.42957094
28,7,0,0.3694163
29,13,1,0.5196435
30,25,0,0.4014431
31,4,1,0.4376759
32,26,0,0.27234125
33,23,1,0.5273868
34,13,0,0.2900757
35,10,1,0.47183853
36,26,0,0.4841674
37,4,1,0.48844993
38,19,1,0.49530113
39,23,1,0.7326864
40,13,1,0.31030583
41,27,1,0.62416077
42,27,1,0.7026521
43,1,0,0.26732367
44,24,1,0.46289146
45,6,1,0.5183411
46,7,1,0.6916796
47,13,1,0.7889299
48,20,1,0.52050525
49,23,1,0.44748807
50,22,1,0.62238586
51,21,1,0.50640297
52,14,1,0.7357432
53,19,1,0.72128105
54,21,1,0.57534516
55,5,0,0.41486564
56,11,0,0.39013907
57,9,1,0.5759591
58,1,1,0.7163216
59,23,0,0.46075264
60,26,0,0.40523118
61,10,0,0.2512175
62,21,0,0.48145843
63,14,0,0.35800967
64,21,0,0.33216482
65,15,0,0.32934785
66,12,0,0.541026
67,26,1,0.38913688
68,13,1,0.35800564
69,15,0,0.51342875
70,7,0,0.48441142
71,26,0,0.5484043
72,0,0,0.6082591
73,27,0,0.5499138
74,8,1,0.46286368
75,23,0,0.43420294
76,15,1,0.40476325
77,1,1,0.61110437
78,11,0,0.45669228
79,6,0,0.26571172
80,19,1,0.5833109
81,27,0,0.39840573
82,1,1,0.58155453
83,23,0,0.4651744
84,13,1,0.70921904
85,3,1,0.6144339
86,12,0,0.5352637
87,6,1,0.7620154
88,13,0,0.4026689
89,9,0,0.5361303
90,3,0,0.34036306
91,13,1,0.5963804
92,0,1,0.73822105
93,8,0,0.34266102
94,18,0,0.39811784
95,10,0,0.4244204
96,13,1,0.6211789
97,2,0,0.42340276
98,7,1,0.70997155
99,17,0,0.5501169
100,20,1,0.56188965
101,13,0,0.3990774
102,14,1,0.5011286
103,22,1,0.49395856
104,28,0,0.26952797
105,14,0,0.31623015
106,2,1,0.24256915
107,2,0,0.23361073
108,16,1,0.61087483
109,1,1,0.51465034
110,21,0,0.45368204
111,17,0,0.46398693
112,4,0,0.3219705
113,16,1,0.35743538
114,10,1,0.7193723
115,17,1,0.44049263
116,15,0,0.5293739
117,28,1,0.53677666
118,8,1,0.61853194
119,6,0,0.33388633
120,2,1,0.45004982
121,8,1,0.5081245
122,5,1,0.6440846
123,11,1,0.37296027
124,11,1,0.51734185
125,15,1,0.46526092
126,10,1,0.67760843
127,19,1,0.40085363
128,27,1,0.72700197
129,3,1,0.6123767
130,3,1,0.6862621
131,10,0,0.5483552
132,21,0,0.29608247
133,19,1,0.47260615
134,14,1,0.5749794
135,8,0,0.3538175
136,15,0,0.46068907
137,4,0,0.3148541
138,10,0,0.5497987
139,13,1,0.5339901
140,2,0,0.5005055
141,23,0,0.5553406
142,9,1,0.6200618
143,10,1,0.44645312
144,2,0,0.36479166
145,17,0,0.51919425
146,16,1,0.38737074
147,25,1,0.65889704
148,18,1,0.65537864
149,2,1,0.50198007
150,9,0,0.4607793
151,1,1,0.587745
152,2,0,0.46552575
153,11,1,0.55540574
154,7,1,0.53968155
155,16,1,0.4095464
156,1,0,0.3656112
157,2,1,0.6577407
158,17,0,0.25644195
159,2,0,0.4011819
160,15,1,0.57569396
161,18,0,0.59503365
162,27,1,0.7614519
163,16,1,0.37921077
164,27,0,0.49170482
165,18,0,0.3906413
166,8,1,0.49004012
167,13,1,0.70050013
168,12,1,0.5433903
169,8,0,0.77154166
170,25,1,0.4363659
171,12,1,0.4700346
172,16,0,0.58121437
173,11,0,0.37640068
174,14,1,0.41562802
175,18,1,0.42443544
176,18,0,0.5555213
177,8,1,0.4448738
178,5,0,0.54849136
179,10,1,0.39395672
180,11,1,0.6518442
181,28,1,0.67195845
182,4,0,0.44817415
183,16,0,0.6184852
184,11,1,0.65430063
185,11,0,0.6702705
186,13,0,0.5109584
187,10,0,0.32999957
188,10,1,0.57989067
189,22,1,0.5215167
190,26,1,0.3639803
191,22,1,0.5894308
192,13,0,0.37889862
193,4,0,0.4969272
194,26,1,0.3867224
195,23,0,0.23979717
196,15,0,0.28756982
197,2,1,0.5119557
198,2,0,0.6425532
199,19,0,0.7099093
200,16,0,0.53127354
201,16,1,0.39580175
202,4,1,0.5075291
203,2,1,0.37263435
204,0,1,0.61345434
205,8,0,0.55911154
206,25,0,0.4066368
207,13,1,0.5043036
208,1,1,0.31995353
209,16,0,0.42640564
210,13,0,0.45074958
211,12,0,0.3963545
212,27,0,0.1808135
213,16,0,0.25973606
214,22,1,0.5964135
215,26,0,0.4062908
216,9,1,0.52239525
217,25,1,0.42648152
218,11,0,0.49827683
219,22,0,0.5285551
220,8,0,0.6366059
221,19,1,0.6065838
222,21,0,0.7257979
223,7,0,0.68137735
224,12,1,0.7049509
225,0,0,0.48115212
226,27,1,0.75432897
227,8,0,0.42283335
228,10,1,0.54521036
229,19,1,0.6803912
230,14,1,0.5808823
231,2,1,0.7693128
232,1,0,0.5252361
233,26,0,0.4126232
234,19,0,0.43104827
235,9,0,0.22944818
236,27,0,0.36000958
237,25,0,0.32039884
238,13,1,0.6426517
239,10,0,0.30404553
240,8,1,0.4793792
241,12,1,0.3617175
242,16,1,0.43050858
243,11,0,0.24737377
244,25,1,0.5442037
245,9,1,0.6227917
246,22,1,0.7435639
247,13,0,0.22188962
248,24,0,0.6708037
249,16,1,0.5079314
250,8,0,0.24350938
251,18,1,0.57331717
252,5,1,0.37816292
253,12,0,0.554282
254,24,1,0.55439526
255,1,1,0.6056427
256,2,0,0.48446262
257,8,0,0.38419282
258,5,1,0.4794154
259,12,1,0.5969382
260,2,0,0.55502886
261,19,0,0.43128034
262,0,1,0.30557498
263,27,0,0.54410595
264,10,0,0.2639442
265,16,1,0.5265079
266,26,0,0.5814896
267,10,1,0.63784564
268,20,1,0.38006434
269,1,1,0.5645607
270,15,1,0.6490639
271,24,1,0.6715135
272,13,0,0.5600115
273,8,0,0.5989856
274,2,0,0.36251122
275,4,0,0.58981496
276,6,0,0.35263973
277,1,0,0.6646802
278,18,1,0.48832902
279,5,0,0.70625365
280,1,1,0.39168215
281,9,0,0.50705004
282,6,0,0.53311706
283,25,1,0.5982359
284,2,0,0.36886907
285,19,0,0.5450832
286,0,1,0.48838085
287,6,0,0.49611664
288,16,1,0.6385495
289,13,1,0.3990081
290,23,1,0.6613527
291,26,1,0.7814567
292,23,0,0.6384632
293,22,0,0.4944399
294,17,1,0.39152807
295,0,0,0.34474215
296,27,0,0.5925922
297,28,1,0.6490771
298,4,1,0.51374733
299,8,0,0.4074044
300,16,1,0.4572674
301,18,1,0.55793005
302,16,0,0.41822767
303,20,1,0.7126913
304,16,0,0.26888198
305,16,0,0.28278124
306,16,1,0.5465577
307,14,0,0.4115609
308,22,1,0.7123801
309,6,0,0.41044632
310,4,0,0.62424755
311,24,1,0.41803625
312,3,1,0.6441484
313,11,0,0.46070537
314,8,0,0.3362099
315,1,1,0.40531638
316,6,1,0.5038672
317,9,0,0.5833505
318,14,1,0.67704445
319,15,1,0.50121266
320,5,0,0.5664399
321,26,0,0.6005877
322,1,1,0.42835072
323,8,0,0.5043429
324,12,0,0.44768295
325,27,1,0.62094325
326,22,1,0.3990259
327,15,1,0.5514228
328,21,1,0.35935792
329,12,1,0.25570175
330,2,1,0.72384846
331,27,0,0.47157627
332,26,0,0.52287126
333,5,1,0.6921451
334,25,0,0.40860748
335,27,0,0.29294914
336,16,0,0.46884707
337,10,1,0.66750216
338,13,0,0.43770647
339,25,1,0.43093958
340,17,0,0.40661037
341,2,1,0.36376762
342,25,1,0.7332264
343,5,1,0.4175026
344,7,1,0.48863584
345,19,0,0.44761458
346,22,0,0.3290829
347,17,1,0.7463113
348,26,1,0.41386592
349,22,1,0.60409266
350,15,0,0.20563513
351,26,1,0.37879428
352,13,0,0.31767657
353,25,1,0.6991409
354,3,0,0.31997272
355,13,1,0.46039057
356,15,0,0.36698502
357,4,0,0.54168767
358,7,1,0.51488274
359,25,1,0.2048526
360,8,1,0.62065077
361,15,0,0.24419867
362,13,0,0.35290962
363,21,1,0.52087533
364,16,0,0.547143
365,27,0,0.7116531
366,24,1,0.7040466
367,19,0,0.4290783
368,25,0,0.36061487
369,16,0,0.5383918
370,16,1,0.39837965
371,7,1,0.5788286
372,16,1,0.72526824
373,17,0,0.48710802
374,4,1,0.6054513
375,8,0,0.72669667
376,13,0,0.543148
377,1,0,0.47487286
378,12,0,0.4272076
379,23,1,0.5688198
380,27,1,0.56188756
381,19,0,0.42998868
382,27,1,0.5717566
383,7,0,0.598388
384,17,1,0.50415796
385,26,0,0.45207822
386,18,0,0.5926547
387,24,1,0.4398544
388,26,0,0.650246
389,14,0,0.45694548
390,28,1,0.49695557
391,2,1,0.52158034
392,27,1,0.5430953
393,21,0,0.56836075
394,20,0,0.36484468
395,25,0,0.65261847
396,27,0,0.5691886
397,27,0,0.47923225
398,15,1,0.47285402
399,28,0,0.5601627
400,11,1,0.5875356
401,3,1,0.2360627
402,10,0,0.43067607
403,2,0,0.39007264
404,16,1,0.7656318
405,27,1,0.42362985
406,1,0,0.49883127
407,14,1,0.53504646
408,10,1,0.5891688
409,8,1,0.42917418
410,25,0,0.4505523
411,28,1,0.43947217
412,15,0,0.45592332
413,1,0,0.32086116
414,9,0,0.39537343
415,0,0,0.50239384
416,26,1,0.4639956
417,20,0,0.6203455
418,4,0,0.46653873
419,14,0,0.60400903
420,19,1,0.58620644
421,5,0,0.430488
422,10,1,0.31588116
423,25,1,0.7322015
424,20,1,0.6078743
425,8,0,0.40432227
426,16,0,0.51742214
427,15,1,0.5756756
428,26,0,0.2664002
429,23,0,0.3671673
430,14,0,0.67275363
431,11,1,0.37224603
432,0,1,0.7503733
433,8,1,0.25799462
434,10,1,0.65136015
435,15,0,0.42037952
436,16,0,0.38637438
437,21,0,0.4142367
438,24,1,0.20866741
439,13,1,0.5395641
440,22,1,0.55290866
441,10,0,0.4386373
442,9,1,0.5302294
443,2,0,0.8084991
444,0,1,0.6656226
445,26,0,0.5816297
446,16,0,0.6289108
447,28,1,0.38473684
448,11,1,0.44176415
449,22,0,0.34495497
450,25,0,0.31682143
451,17,1,0.5424816
452,12,1,0.58847433
453,8,0,0.18682015
454,22,1,0.60917455
455,11,1,0.5044399
456,12,0,0.32632935
457,5,0,0.58251315
458,18,1,0.6767836
459,13,0,0.44224688
460,16,1,0.37543988
461,27,0,0.2620732
462,2,1,0.3162142
463,8,0,0.36590502
464,28,0,0.23912859
465,23,0,0.39163852
466,8,1,0.74879134
467,23,1,0.51229095
468,5,0,0.71738505
469,2,1,0.49728853
470,27,0,0.5052369
471,2,1,0.54040295
472,20,0,0.4154755
473,18,0,0.37663543
474,28,0,0.6399683
475,19,0,0.32348093
476,11,0,0.60402423
477,28,1,0.60164374
478,21,1,0.5222784
479,1,1,0.6719103
480,26,0,0.73894274
481,27,1,0.46669015
482,8,1,0.46816754
483,6,1,0.4564873
484,25,1,0.4045597
485,3,0,0.5318452
486,2,1,0.683472
487,2,0,0.67129725
488,15,0,0.6641901
489,2,1,0.34702444
490,9,1,0.5075929
491,28,0,0.3920247
492,4,1,0.7224243
493,13,0,0.39993402
494,15,0,0.5179709
495,25,1,0.6048375
496,6,0,0.3712691
497,19,1,0.54107594
498,1,1,0.42064232
499,12,1,0.49364576
500,24,0,0.42365775
501,28,0,0.43832475
502,13,1,0.6787003
503,1,1,0.39018193
504,26,0,0.523949
505,25,1,0.52306324
506,26,1,0.6964529
507,5,1,0.45304498
508,13,0,0.55750656
509,1,0,0.24043766
510,25,0,0.5209658
511,13,0,0.2781111
512,22,0,0.47537813
513,13,0,0.4384678
514,9,0,0.65226316
515,26,1,0.39380196
516,9,1,0.5456004
517,18,0,0.33973506
518,25,0,0.56450224
519,1,0,0.46215022
520,2,1,0.56935215
521,27,0,0.4455799
522,1,0,0.26674238
523,21,1,0.539676
524,24,0,0.5339652
525,6,0,0.49715248
526,23,1,0.5086807
527,11,1,0.3963712
528,6,1,0.7194163
529,12,0,0.4463681
530,4,0,0.66317207
531,7,1,0.55878
532,24,0,0.35728526
533,3,0,0.41427147
534,11,1,0.341216
535,24,0,0.45641246
536,1,1,0.4699388
537,12,0,0.53959495
538,17,1,0.5915451
539,10,1,0.4615194
540,10,1,0.38409546
541,10,1,0.46022975
542,3,1,0.72547716
543,18,1,0.56619865
544,24,0,0.55538285
545,28,0,0.33078098
546,13,0,0.39572543
547,27,1,0.46603048
548,22,1,0.6788789
549,26,1,0.55681443
550,4,1,0.32598945
551,6,1,0.564525
552,13,1,0.68371105
553,26,1,0.43572575
554,19,1,0.445438
555,20,1,0.5321022
556,23,0,0.5025585
557,0,0,0.2559425
558,12,0,0.4868164
559,0,0,0.5865503
560,11,0,0.567475
561,17,1,0.63255364
562,15,0,0.50122696
563,15,1,0.44837028
564,26,0,0.3033021
565,24,0,0.6096559
566,21,1,0.58556014
567,11,1,0.5026556
568,15,0,0.6746122
569,26,1,0.6363698
570,4,0,0.4106158
571,2,0,0.40969738
572,25,0,0.32213712
573,15,1,0.64790976
574,2,0,0.29412514
575,2,0,0.5755908
576,1,0,0.40066946
577,0,1,0.7416274
578,11,0,0.34133667
579,26,1,0.7180571
580,20,1,0.5026337
581,2,1,0.61523515
582,11,0,0.45924246
583,3,0,0.73287344
584,6,1,0.6783173
585,16,1,0.6144645
586,7,1,0.49274552
587,15,0,0.6740768
588,2,0,0.45077708
589,3,1,0.79974943
590,15,1,0.7084796
591,10,0,0.43351522
592,21,1,0.71539557
593,0,0,0.3589989
594,12,0,0.44470498
595,22,0,0.32413873
596,20,1,0.7993641
597,13,0,0.44733506
598,19,0,0.39666265
599,15,1,0.5086103
600,20,0,0.22588113
601,1,0,0.43571195
602,20,1,0.53090495
603,22,0,0.5224982
604,15,1,0.74675053
605,8,1,0.6857519
606,14,0,0.4641704
607,19,0,0.43209097
608,3,1,0.54223293
609,15,0,0.51439285
610,19,0,0.50556797
611,12,0,0.39157858
612,20,0,0.40842012
613,2,1,0.45710444
614,22,1,0.49860302
615,16,0,0.59479094
616,13,0,0.5061815
617,17,0,0.40523428
618,15,1,0.60674477
619,23,1,0.7355903
620,27,1,0.46249598
621,21,1,0.4091674
622,25,0,0.4339195
623,12,0,0.4677375
624,13,1,0.517658
625,17,0,0.42166683
626,26,1,0.45369586
627,4,1,0.69858056
628,1,0,0.42803746
629,26,1,0.5330491
630,17,0,0.51621515
631,17,0,0.32596096
632,11,1,0.6903707
633,20,0,0.30398965
634,12,1,0.471671
635,13,0,0.3149226
636,15,1,0.7143667
637,8,0,0.68819624
638,26,0,0.47547448
639,17,1,0.30744025
640,26,1,0.565519
641,17,0,0.25545895
642,22,1,0.40662783
643,26,0,0.5004848
644,26,1,0.24351789
645,16,0,0.39119875
646,26,0,0.24490756
647,9,1,0.8361154
648,11,1,0.52213997
649,14,0,0.6115427
650,9,1,0.67045593
651,28,0,0.46793547
652,22,1,0.71024925
653,19,0,0.35540095
654,16,0,0.5159543
655,28,1,0.4536655
656,18,1,0.5769448
657,25,0,0.65703183
658,14,1,0.6778106
659,0,0,0.38978153
660,14,0,0.40227574
661,15,1,0.4689254
662,25,0,0.4123023
663,25,1,0.5055842
664,25,0,0.45127815
665,11,0,0.46295655
666,7,1,0.737365
667,27,1,0.5410315
668,16,0,0.5010185
669,25,1,0.6819893
670,11,1,0.7239526
671,16,0,0.47684664
672,14,1,0.4815995
673,24,1,0.40736133
674,9,0,0.5782383
675,12,0,0.35740528
676,16,1,0.48602024
677,15,1,0.4612928
678,12,0,0.43220595
679,10,1,0.44966874
680,11,0,0.5217983
681,2,1,0.38645133
682,10,0,0.43077716
683,9,0,0.23158902
684,10,0,0.5558086
685,23,1,0.37660277
686,1,0,0.46253324
687,2,1,0.470305
688,22,1,0.70195055
689,11,0,0.56373924
690,9,0,0.4372244
691,4,1,0.7241031
692,0,0,0.48393005
693,15,0,0.53973657
694,25,1,0.44111133
695,27,0,0.6795199
696,1,0,0.38089952
697,26,0,0.43599263
698,10,1,0.7430323
699,22,1,0.74706894
700,13,0,0.7024552
701,3,0,0.24999201
702,23,1,0.39755046
703,7,0,0.2721574
704,11,1,0.5568947
705,17,0,0.4783571
706,18,0,0.3803184
707,13,1,0.56313014
708,17,1,0.29747838
709,11,1,0.51994807
710,26,1,0.3800112
711,13,1,0.41128337
712,25,1,0.62633175
713,21,1,0.39908338
714,2,1,0.40935156
715,8,0,0.40519258
716,10,1,0.7119784
717,12,1,0.46487254
718,9,1,0.5730537
719,11,0,0.33805257
720,16,1,0.61452913
721,1,1,0.6254203
722,23,0,0.21845524
723,11,0,0.405816
724,12,1,0.3275416
725,22,1,0.5446299
726,12,0,0.7123896
727,19,1,0.71325094
728,28,0,0.26978502
729,7,0,0.36152077
730,19,1,0.7501881
731,16,0,0.35724303
732,4,0,0.48755443
733,21,0,0.65370977
734,27,1,0.43628788
735,21,1,0.26511124
736,3,0,0.23985499
737,23,0,0.5540589
738,3,0,0.31652728
739,14,0,0.4632322
740,2,1,0.7791318
741,6,1,0.5511301
742,28,1,0.7422519
743,20,0,0.329197
744,20,1,0.38807514
745,12,1,0.7035088
746,13,1,0.7522015
747,12,0,0.5074818
748,20,0,0.63484067
749,17,1,0.7506753
750,24,1,0.5757684
751,1,1,0.491045
752,10,1,0.5874362
753,8,0,0.40088055
754,6,0,0.38771805
755,15,0,0.595108
756,25,0,0.45757943
757,1,1,0.53292614
758,11,1,0.70912653
759,10,0,0.41567248
760,23,0,0.3367631
761,16,1,0.4249476
762,14,0,0.3805495
763,18,0,0.45453614
764,26,0,0.356141
765,13,0,0.41809765
766,2,1,0.70680326
767,3,1,0.6935209
768,14,0,0.7232113
769,8,0,0.6472116
770,16,0,0.42659542
771,16,1,0.46806154
772,18,1,0.6847678
773,0,1,0.5866914
774,11,0,0.18664886
775,10,0,0.5160997
776,1,1,0.45930797
777,8,0,0.37475497
778,12,0,0.30393833
779,10,0,0.4864326
780,18,1,0.5776246
781,15,0,0.3806663
782,1,0,0.696905
783,2,1,0.36290014
784,13,0,0.36725363
785,7,0,0.46895778
786,2,1,0.5250879
787,8,0,0.41508627
788,27,1,0.41977528
789,14,0,0.4515989
790,2,1,0.51532364
791,15,0,0.54531455
792,15,0,0.4979225
793,8,0,0.6877764
794,18,1,0.45683575
795,18,1,0.4218195
796,13,1,0.43449315
797,14,1,0.6471482
798,8,0,0.5511349
799,8,1,0.34244454
800,13,1,0.48146516
801,13,1,0.68133014
802,28,1,0.50998485
803,1,0,0.6056492
804,16,0,0.45313582
805,13,1,0.3651082
806,10,0,0.5165407
807,22,0,0.5273166
808,8,0,0.49761945
809,15,1,0.3940246
810,11,0,0.50006634
811,8,1,0.5789748
812,15,0,0.23460105
813,28,0,0.6977838
814,15,1,0.45703188
815,2,1,0.72922057
816,14,0,0.3274748
817,6,0,0.47492152
818,11,0,0.5009675
819,27,1,0.6865321
820,7,1,0.52064157
821,25,1,0.46138832
822,8,0,0.32943916
823,10,1,0.70516175
824,2,1,0.6020671
825,18,0,0.32089365
826,7,0,0.30604652
827,1,0,0.4441376
828,15,1,0.4390348
829,12,1,0.475234
830,13,1,0.509331
831,7,0,0.5209816
832,1,1,0.40606117
833,24,0,0.6312028
834,19,0,0.40546584
835,25,0,0.24970849
836,20,1,0.72514415
837,13,0,0.43428677
838,10,1,0.64933014
839,9,0,0.30971584
840,25,1,0.5039934
841,3,0,0.6361762
842,15,1,0.54358655
843,10,1,0.7097178
844,17,1,0.7834904
845,13,1,0.33848158
846,14,1,0.3643552
847,16,1,0.40450662
848,11,0,0.3389408
849,8,0,0.34882954
850,6,1,0.71212053
851,12,1,0.7488384
852,21,1,0.42783165
853,8,0,0.5788631
854,4,0,0.66074264
855,20,1,0.72251016
856,25,1,0.44952443
857,23,0,0.39949337
858,27,0,0.5504436
859,19,0,0.28349793
860,8,1,0.528245
861,25,1,0.44599715
862,21,1,0.514466
863,19,0,0.35144222
864,4,0,0.22893383
865,12,1,0.4156001
866,22,0,0.73387784
867,22,1,0.7147664
868,20,0,0.3189069
869,1,0,0.57386136
870,4,1,0.55169904
871,16,0,0.39882222
872,10,1,0.75362927
873,8,0,0.45418334
874,12,1,0.75656694
875,2,1,0.6191424
876,11,0,0.5188686
877,7,0,0.25013286
878,4,0,0.33065373
879,4,1,0.7161736
880,1,0,0.4899823
881,8,1,0.5762491
882,26,1,0.59562975
883,8,0,0.28012857
884,16,1,0.7471731
885,27,0,0.4235438
886,20,0,0.31136215
887,5,1,0.3273044
888,15,0,0.48483503
889,27,1,0.6709717
890,28,1,0.38541758
891,17,0,0.58267665
892,10,1,0.53460526
893,12,0,0.6253867
894,4,1,0.5575037
895,11,1,0.5718678
896,19,1,0.48402444
897,25,0,0.34132978
898,18,0,0.28590044
899,20,0,0.49664322
900,21,1,0.42424154
901,11,0,0.23108578
902,27,0,0.5191109
903,10,0,0.7318019
904,18,0,0.68300897
905,14,1,0.2358643
906,8,0,0.2991198
907,4,1,0.46149117
908,3,0,0.4498883
909,8,1,0.52445954
910,25,1,0.41758296
911,28,0,0.36199066
912,4,0,0.55596405
913,13,1,0.440571
914,20,1,0.4832527
915,18,1,0.28225935
916,15,0,0.3540801
917,15,1,0.4789618
918,1,0,0.6653644
919,17,1,0.31523696
920,1,1,0.63736653
921,28,1,0.5680445
922,23,0,0.3846997
923,17,1,0.36116847
924,22,1,0.45856827
925,25,1,0.6123053
926,18,1,0.56909573
927,8,1,0.6584782
928,13,1,0.4808602
929,23,1,0.46946684
930,3,1,0.46755567
931,16,0,0.5197475
932,28,0,0.32197544
933,16,0,0.38959932
934,4,0,0.21077392
935,9,1,0.49913853
936,3,0,0.54786
937,2,0,0.4845969
938,3,0,0.30232504
939,27,0,0.4490479
940,16,0,0.5401817
941,25,1,0.6241498
942,16,0,0.26560855
943,15,0,0.745602
944,21,1,0.34494323
945,4,1,0.46476024
946,22,0,0.6304635
947,1,0,0.47011542
948,19,0,0.38505852
949,19,0,0.57336986
950,6,0,0.52522236
951,3,0,0.39142108
952,10,1,0.36736816
953,25,1,0.49727666
954,15,1,0.6404033
955,16,0,0.15558557
956,14,0,0.35981575
957,10,0,0.601894
958,15,1,0.42934027
959,23,0,0.65412706
960,11,0,0.32006603
961,10,1,0.7245031
962,19,0,0.5473437
963,20,0,0.4913225
964,10,1,0.6806236
965,11,0,0.58846945
966,22,1,0.6555621
967,28,1,0.4025926
968,8,0,0.4490563
969,11,0,0.37094265
970,4,1,0.6743453
971,1,1,0.41990757
972,18,1,0.77711225
973,14,1,0.6612365
974,1,1,0.42430738
975,26,0,0.49378
976,0,0,0.58164185
977,7,1,0.73983777
978,9,0,0.41859573
979,13,1,0.44186726
980,22,0,0.3799861
981,10,1,0.53358215
982,28,1,0.43260112
983,28,1,0.5810096
984,28,1,0.33916485
985,28,0,0.36858526
986,15,0,0.37325618
987,11,0,0.65092546
988,2,0,0.5742503
989,15,1,0.6628062
990,20,1,0.7482668
991,2,1,0.37143603
992,16,0,0.4789512
993,6,1,0.4682071
994,10,1,0.63914186
995,1,1,0.63900995
996,14,0,0.40562785
997,10,0,0.5426063
998,16,1,0.49700785
999,28,0,0.47390294
1000,27,0,0.25311643
1001,1,1,0.65776885
1002,19,1,0.39518538
1003,1,0,0.41770265
1004,6,1,0.4856703
1005,16,0,0.5025294
1006,28,1,0.48553813
1007,26,1,0.4378975
1008,2,0,0.46629065
1009,20,0,0.40326563
1010,14,0,0.40428296
1011,24,1,0.52487165
1012,5,1,0.24905752
1013,18,1,0.42123255
1014,6,1,0.6023858
1015,5,1,0.38440326
1016,2,0,0.6428598
1017,8,1,0.41020176
1018,26,1,0.42635012
1019,22,1,0.27889118
1020,1,1,0.42980283
1021,8,0,0.5179857
1022,12,1,0.46194306
1023,8,1,0.45678058
1024,4,0,0.45683405
1025,13,1,0.6567356
1026,2,0,0.49684408
1027,15,0,0.36017936
1028,26,1,0.7780061
1029,0,0,0.39210626
1030,2,0,0.34868848
1031,8,1,0.730731
1032,6,1,0.37219623
1033,0,1,0.6592075
1034,18,1,0.52094287
1035,4,1,0.79552263
1036,10,1,0.43477526
1037,8,0,0.43318194
1038,13,1,0.4599544
1039,9,1,0.7811705
1040,5,0,0.419676
1041,14,1,0.5541265
1042,12,0,0.3183332
1043,15,1,0.64508563
1044,27,1,0.68478835
1045,15,1,0.4845864
1046,0,0,0.28502268
1047,28,0,0.5011131
1048,6,1,0.42680553
1049,8,0,0.55108064
1050,25,0,0.38043746
1051,13,1,0.7436651
1052,6,1,0.60618466
1053,4,1,0.51150644
1054,13,1,0.3903456
1055,17,0,0.25392443
1056,21,0,0.24570417
1057,28,0,0.4736166
1058,20,0,0.4127314
1059,12,0,0.32911482
1060,8,1,0.66251636
1061,6,1,0.6684923
1062,15,1,0.52720064
1063,16,1,0.49679706
1064,25,1,0.52804554
1065,2,1,0.7534815
1066,21,0,0.3940294
1067,26,0,0.50837207
1068,25,0,0.45064548
1069,2,1,0.6148011
1070,16,0,0.5710444
1071,17,0,0.5279865
1072,7,0,0.43528384
1073,16,0,0.47628713
1074,14,1,0.52725655
1075,19,0,0.6001791
1076,7,1,0.43226558
1077,16,1,0.5136247
1078,20,0,0.5088465
1079,27,0,0.41001385
1080,13,1,0.5286224
1081,25,1,0.5524439
1082,18,0,0.695138
1083,0,1,0.42349532
1084,28,1,0.39261422
1085,3,1,0.48378727
1086,16,1,0.631376
1087,19,1,0.46097428
1088,16,1,0.54121727
1089,7,1,0.64717835
1090,8,0,0.56874895
1091,16,1,0.7094212
1092,27,0,0.59036446
1093,18,1,0.57555014
1094,3,1,0.49808523
1095,8,0,0.39332542
1096,19,1,0.7495457
1097,19,0,0.6291198
1098,12,0,0.3209569
1099,11,0,0.47639528
1100,10,0,0.4846489
1101,26,0,0.38659814
1102,26,1,0.6120436
1103,26,0,0.43599853
1104,16,1,0.51322234
1105,15,0,0.4418884
1106,24,1,0.7407505
1107,13,1,0.3270305
1108,17,0,0.37187642
1109,8,0,0.6264758
1110,15,1,0.3599136
1111,16,0,0.5360056
1112,5,0,0.20426634
1113,15,0,0.56946504
1114,4,0,0.34895822
1115,1,1,0.18526468
1116,0,0,0.40447012
1117,20,1,0.6064046
1118,23,1,0.49224207
1119,25,1,0.46487582
1120,1,1,0.31260854
1121,18,0,0.5454361
1122,17,0,0.687548
1123,21,1,0.60100335
1124,2,1,0.6355633
1125,5,0,0.2588933
1126,14,1,0.6557212
1127,23,1,0.35936633
1128,16,1,0.6093837
1129,13,1,0.5709449
1130,17,0,0.55310607
1131,3,1,0.32679516
1132,22,1,0.44391358
1133,20,1,0.55236316
1134,20,1,0.36976615
1135,15,0,0.5068816
1136,0,1,0.5344525
1137,5,1,0.77418536
1138,5,1,0.34338954
1139,1,0,0.34944096
1140,19,1,0.56653255
1141,25,1,0.7026695
1142,12,1,0.60889506
1143,7,0,0.5225523
1144,6,1,0.33562016
1145,10,1,0.7233181
1146,7,0,0.5987355
1147,13,1,0.59714234
1148,24,1,0.39684248
1149,22,0,0.6875696
1150,20,0,0.25553694
1151,4,0,0.6832566
1152,13,0,0.22667527
1153,6,1,0.5930479
1154,24,0,0.4949669
1155,2,0,0.4972456
1156,16,1,0.4749639
1157,12,1,0.765661
1158,26,1,0.4039135
1159,26,0,0.38969636
1160,14,1,0.3625107
1161,13,1,0.47528914
1162,8,1,0.74310744
1163,23,0,0.5167203
1164,2,1,0.41098157
1165,7,1,0.7521979
1166,27,1,0.656103
1167,13,0,0.6859787
1168,28,1,0.5294928
1169,15,1,0.7873983
1170,14,0,0.3436718
1171,20,1,0.70585686
1172,25,0,0.5355901
1173,2,1,0.6753902
1174,22,0,0.3883425
1175,2,1,0.4007181
1176,9,0,0.34283283
1177,8,0,0.3475507
1178,14,0,0.6012131
1179,13,0,0.4548844
1180,12,0,0.5080129
1181,10,1,0.7226966
1182,26,0,0.38240176
1183,13,1,0.46250308
1184,14,0,0.52884465
1185,1,0,0.46913958
1186,11,0,0.64051527
1187,4,0,0.49505728
1188,27,0,0.44382104
1189,11,0,0.4575156
1190,10,0,0.35993823
1191,14,1,0.6861746
1192,7,0,0.70445955
1193,4,0,0.30281168
1194,23,0,0.51594347
1195,19,1,0.5825569
1196,15,1,0.5388822
1197,14,0,0.29777288
1198,11,1,0.6434994
1199,6,0,0.45094526
1200,10,0,0.512602
1201,28,1,0.4566123
1202,17,1,0.49399447
1203,2,0,0.47519276
1204,21,1,0.42841598
1205,16,1,0.40312737
1206,8,0,0.35319576
1207,24,0,0.28264505
1208,14,0,0.36912653
1209,25,1,0.6965645
1210,12,1,0.53140676
1211,8,0,0.28286263
1212,14,0,0.56826544
1213,28,1,0.48261583
1214,18,0,0.5379535
1215,1,0,0.7032306
1216,22,1,0.6671277
1217,18,0,0.43733945
1218,2,0,0.58841705
1219,11,0,0.41962016
1220,15,1,0.27911606
1221,16,1,0.5094465
1222,7,1,0.43050388
1223,17,0,0.4530482
1224,13,0,0.63201857
1225,19,0,0.6742699
1226,6,1,0.5588261
1227,19,1,0.44580433
1228,11,0,0.49774784
1229,25,1,0.5105012
1230,0,0,0.29149714
1231,15,1,0.64193964
1232,27,0,0.33833686
1233,19,1,0.47713348
1234,15,0,0.42128664
1235,20,1,0.6443425
1236,28,1,0.68877244
1237,27,1,0.7059976
1238,25,0,0.322042
1239,28,1,0.4101411
1240,16,1,0.5682451
1241,16,1,0.5635055
1242,18,1,0.69151366
1243,28,1,0.77221096
1244,6,1,0.6343177
1245,14,0,0.32508543
1246,17,1,0.48599803
1247,7,1,0.47472844
1248,11,0,0.7922608
1249,1,1,0.54686105
1250,18,1,0.41933513
1251,18,1,0.37178892
1252,15,1,0.29633576
1253,16,1,0.7109873
1254,12,0,0.43223995
1255,20,0,0.20951022
1256,18,0,0.4379297
1257,13,0,0.37115493
1258,2,0,0.2985382
1259,19,0,0.7791566
1260,20,0,0.42226124
1261,1,0,0.49548858
1262,15,1,0.7061803
1263,16,1,0.73089546
1264,28,0,0.39967105
1265,2,0,0.50389475
1266,2,0,0.76241624
1267,5,1,0.4742711
1268,17,1,0.43766564
1269,8,1,0.5627025
1270,19,1,0.7159647
1271,8,0,0.5427281
1272,8,0,0.4527236
1273,22,0,0.27373198
1274,12,0,0.54809684
1275,18,0,0.45771775
1276,18,0,0.5043208
1277,27,0,0.6900364
1278,0,0,0.3657255
1279,22,0,0.28403428
1280,17,1,0.5834257
1281,15,0,0.43580362
1282,17,1,0.55444705
1283,25,1,0.7087673
1284,4,1,0.5418121
1285,10,1,0.58457077
1286,22,0,0.53178203
1287,25,1,0.46920693
1288,11,0,0.437904
1289,24,0,0.6370161
1290,19,1,0.58688253
1291,13,0,0.52178514
1292,6,1,0.48501724
1293,23,1,0.5858733
1294,1,1,0.49791223
1295,13,0,0.40351102
1296,7,0,0.26097944
1297,13,1,0.6549066
1298,6,1,0.4239228
1299,1,0,0.5644169
1300,13,0,0.53166765
1301,1,1,0.42203274
1302,1,1,0.4778837
1303,5,1,0.5560133
1304,23,0,0.33688095
1305,26,0,0.6958282
1306,13,0,0.24028482
1307,19,0,0.26364297
1308,10,1,0.44130278
1309,4,0,0.5565553
1310,13,1,0.63617784
1311,7,1,0.4579368
1312,17,0,0.37949377
1313,18,0,0.60335463
1314,9,1,0.7058109
1315,3,0,0.25760648
1316,5,1,0.48895285
1317,2,1,0.3975912
1318,20,1,0.7375507
1319,8,1,0.32882497
1320,1,0,0.5186851
1321,26,1,0.6064608
1322,26,1,0.67793584
1323,23,0,0.53423375
1324,7,0,0.39999798
1325,25,0,0.5670935
1326,6,0,0.32674298
1327,8,1,0.547169
1328,16,1,0.5555659
1329,13,1,0.5859185
1330,3,0,0.40144253
1331,9,1,0.60122764
1332,15,1,0.6759748
1333,2,0,0.59170705
1334,10,1,0.6432008
1335,25,1,0.68676
1336,10,0,0.4466523
1337,13,0,0.7008954
1338,28,0,0.3252711
1339,20,0,0.4076308
1340,13,1,0.7556202
1341,10,1,0.65160763
1342,9,1,0.29835793
1343,2,0,0.24744853
1344,7,0,0.36464953
1345,9,0,0.4676843
1346,4,0,0.63613385
1347,12,1,0.5757404
1348,1,1,0.47530356
1349,21,1,0.51406693
1350,11,0,0.7637963
1351,0,1,0.4270574
1352,25,0,0.49220398
1353,25,0,0.44925836
1354,0,0,0.32173184
1355,12,1,0.5463443
1356,27,1,0.6936184
1357,15,1,0.52909577
1358,28,0,0.56142926
1359,17,0,0.42826214
1360,12,1,0.5305515
1361,13,0,0.48437133
1362,12,0,0.596381
1363,11,0,0.6402488
1364,1,0,0.41692743
1365,14,0,0.57456744
1366,10,1,0.34694603
1367,4,1,0.36117944
1368,1,1,0.58724385
1369,14,0,0.61184204
1370,23,0,0.42691752
1371,20,1,0.6648627
1372,13,1,0.5049883
1373,5,0,0.43932995
1374,1,0,0.43582726
1375,15,0,0.27517855
1376,16,0,0.68344545
1377,1,1,0.32710102
1378,8,0,0.38417843
1379,3,0,0.4072703
1380,16,0,0.6220963
1381,2,1,0.34978062
1382,22,0,0.44138253
1383,26,0,0.4745951
1384,8,1,0.5471585
1385,22,1,0.74544966
1386,22,1,0.41703877
1387,23,1,0.5978484
1388,0,0,0.5476264
1389,22,1,0.49261427
1390,9,0,0.56111234
1391,6,1,0.68458015
1392,0,0,0.42049915
1393,13,0,0.5211078
1394,15,0,0.5080469
1395,12,0,0.66243666
1396,26,0,0.6205617
1397,8,0,0.57955533
1398,11,1,0.6271763
1399,27,0,0.3510788
1400,12,1,0.40340334
1401,14,0,0.4743474
1402,18,0,0.4989694
1403,15,0,0.3129733
1404,21,1,0.6401854
1405,21,1,0.3465968
1406,10,0,0.55950946
1407,21,1,0.6316269
1408,9,1,0.79954594
1409,28,1,0.5857479
1410,13,0,0.41503254
1411,25,1,0.53287005
1412,0,1,0.51546246
1413,13,1,0.6089037
1414,22,0,0.29316065
1415,11,1,0.32592136
1416,4,0,0.5926842
1417,26,1,0.25713888
1418,28,1,0.51866037
1419,28,0,0.5281628
1420,0,0,0.5476372
1421,8,1,0.40695435
1422,11,1,0.62285614
1423,22,0,0.40359968
1424,22,1,0.6774543
1425,7,1,0.5536411
1426,10,0,0.5182262
1427,18,1,0.77231234
1428,2,1,0.3529041
1429,1,1,0.57603294
1430,13,1,0.5806987
1431,9,1,0.6748569
1432,0,1,0.66384727
1433,0,1,0.35627028
1434,2,0,0.25920585
1435,26,0,0.78841263
1436,27,1,0.73287094
1437,13,1,0.40201452
1438,2,0,0.4973991
1439,16,1,0.5238676
1440,12,1,0.38084993
1441,1,0,0.5720704
1442,21,1,0.42885667
1443,15,0,0.3828059
1444,16,0,0.5064871
1445,17,0,0.44023964
1446,13,1,0.73840326
1447,1,0,0.63095546
1448,23,0,0.561617
1449,1,1,0.40211022
1450,11,0,0.24804588
1451,9,1,0.5999589
1452,3,0,0.42563394
1453,2,1,0.53322846
1454,12,1,0.7137348
1455,2,1,0.5827852
1456,2,0,0.5167444
1457,19,1,0.3977825
1458,10,1,0.48364004
1459,14,1,0.49112326
1460,25,0,0.27999136
1461,25,0,0.3087782
1462,8,1,0.2208703
1463,28,0,0.77896506
1464,11,1,0.33071366
1465,1,1,0.364182
1466,19,1,0.5990082
1467,2,1,0.46822214
1468,14,0,0.6555376
1469,6,0,0.573351
1470,26,0,0.7355174
1471,16,1,0.56703997
1472,13,1,0.46348825
1473,28,1,0.5817439
1474,5,1,0.6556114
1475,28,1,0.4355203
1476,6,0,0.47938892
1477,12,0,0.39471397
1478,1,0,0.5844341
1479,11,0,0.5401466
1480,11,0,0.37039992
1481,2,0,0.4988911
1482,26,0,0.23611969
1483,27,1,0.6835025
1484,12,0,0.5277822
1485,19,0,0.26332834
1486,28,1,0.3996233
1487,5,0,0.6780828
1488,1,1,0.40053454
1489,9,0,0.33256766
1490,6,1,0.34057564
1491,2,0,0.27135825
1492,2,1,0.41280097
1493,12,1,0.48455152
1494,15,0,0.49324027
1495,27,1,0.53696376
1496,8,0,0.47124577
1497,25,1,0.4052799
1498,15,0,0.5378364
1499,16,0,0.38929644
1500,16,0,0.41175574
1501,8,1,0.40131688
1502,18,0,0.5398328
1503,5,1,0.37001207
1504,2,0,0.24465223
1505,28,0,0.2854931
1506,11,1,0.63412225
1507,19,1,0.5990931
1508,11,0,0.39792362
1509,28,0,0.49286735
1510,1,0,0.4998974
1511,17,1,0.34953305
1512,1,0,0.30731952
1513,17,0,0.48061642
1514,27,0,0.66909933
1515,1,0,0.27633843
1516,17,1,0.6826362
1517,1,1,0.4148767
1518,21,0,0.51937574
1519,15,0,0.6665376
1520,10,1,0.6875895
1521,17,1,0.7178393
1522,26,1,0.74463725
1523,17,0,0.5593994
1524,24,1,0.28139752
1525,8,0,0.5737882
1526,10,1,0.38530737
1527,7,0,0.38364705
1528,13,0,0.4702305
1529,27,0,0.40770268
1530,16,0,0.29854393
1531,22,1,0.44499642
1532,4,1,0.55049175
1533,8,0,0.42267582
1534,6,0,0.33744368
1535,2,1,0.66111064
1536,17,0,0.68585175
1537,15,0,0.42704973
1538,3,1,0.7119975
1539,13,1,0.49829683
1540,18,0,0.42206332
1541,16,1,0.6379407
1542,17,0,0.5149686
1543,6,1,0.36556798
1544,16,1,0.69344413
1545,3,0,0.28870958
1546,21,0,0.48382905
1547,8,1,0.587865
1548,25,1,0.28624055
1549,22,1,0.62536544
1550,8,1,0.50364155
1551,2,0,0.3603941
1552,19,0,0.53619105
1553,15,0,0.2361052
1554,18,0,0.28591785
1555,15,1,0.46790853
1556,10,0,0.500706
1557,2,1,0.48428386
1558,7,1,0.41019517
1559,7,1,0.58975524
1560,3,0,0.22644432
1561,4,1,0.5612079
1562,2,0,0.23268232
1563,12,0,0.7379453
1564,21,0,0.25689387
1565,20,1,0.38640463
1566,18,1,0.3761827
1567,1,0,0.43563297
1568,1,0,0.29983497
1569,13,1,0.7208408
1570,6,1,0.7377071
1571,2,0,0.564306
1572,16,1,0.53681755
1573,25,1,0.48014238
1574,27,1,0.43888366
1575,26,1,0.76501036
1576,6,0,0.39687482
1577,1,1,0.3308258
1578,20,1,0.44841138
1579,13,0,0.48398387
1580,15,1,0.6388011
1581,4,0,0.48641506
1582,2,1,0.5903159
1583,6,1,0.5355946
1584,2,1,0.696894
1585,15,1,0.33604753
1586,13,0,0.37844765
1587,15,1,0.70168054
1588,1,1,0.6680564
1589,27,1,0.6601894
1590,16,0,0.6506135
1591,10,1,0.40810746
1592,16,1,0.5328908
1593,18,0,0.4194309
1594,6,1,0.59220827
1595,2,1,0.42799866
1596,11,1,0.55113554
1597,25,0,0.5203908
1598,1,1,0.33690503
1599,23,1,0.34709698
1600,15,1,0.5903754
1601,2,1,0.54803944
1602,22,0,0.41319895
1603,16,1,0.6817207
1604,22,0,0.33996138
1605,14,1,0.6533137
1606,24,0,0.53150535
1607,10,0,0.2371221
1608,19,0,0.6577976
1609,10,1,0.5117313
1610,8,0,0.40345693
1611,23,1,0.53169024
1612,8,0,0.41678572
1613,21,1,0.61074525
1614,7,0,0.4819098
1615,16,0,0.5842203
1616,26,1,0.5288416
1617,12,1,0.71887827
1618,17,1,0.686108
1619,3,1,0.5127208
1620,10,0,0.3986815
1621,8,0,0.43864077
1622,15,1,0.36228326
1623,1,0,0.6723176
1624,2,0,0.602043
1625,10,1,0.5634218
1626,26,1,0.40019333
1627,1,0,0.36895126
1628,10,0,0.54360104
1629,17,0,0.432456
1630,25,1,0.55817366
1631,2,0,0.22028278
1632,13,1,0.46476024
1633,12,0,0.5140448
1634,15,1,0.5471506
1635,14,0,0.46755394
1636,25,0,0.28566408
1637,18,0,0.47354782
1638,20,0,0.6989851
1639,24,0,0.58324367
1640,25,0,0.592937
1641,6,0,0.39540187
1642,20,0,0.45121187
1643,16,0,0.25432178
1644,18,1,0.341881
1645,19,0,0.51093894
1646,18,1,0.47579744
1647,9,1,0.5955424
1648,26,0,0.34921885
1649,24,1,0.557663
1650,6,1,0.31347337
1651,20,1,0.32544196
1652,16,1,0.40613666
1653,15,0,0.25455323
1654,28,0,0.5724811
1655,26,0,0.34186527
1656,13,0,0.5746854
1657,13,1,0.6500762
1658,14,1,0.70548826
1659,11,0,0.715742
1660,27,0,0.4421894
1661,2,0,0.4354105
1662,17,1,0.6748495
1663,1,1,0.5232411
1664,21,0,0.22729191
1665,28,0,0.62241215
1666,3,1,0.5327275
1667,3,1,0.57786745
1668,15,0,0.30104074
1669,17,1,0.51779395
1670,21,1,0.67570084
1671,19,1,0.53461796
1672,4,1,0.41358256
1673,17,1,0.30669242
1674,7,0,0.3560046
1675,20,0,0.40387157
1676,17,0,0.50127256
1677,16,1,0.5126752
1678,23,0,0.34063205
1679,18,0,0.51625884
1680,23,1,0.68858063
1681,13,0,0.29750004
1682,11,0,0.3684347
1683,20,1,0.35024542
1684,15,0,0.37081644
1685,4,1,0.20431376
1686,24,1,0.41341224
1687,23,0,0.5858836
1688,20,1,0.7393804
1689,11,1,0.5311963
1690,3,0,0.36839646
1691,26,1,0.71697605
1692,11,0,0.50847983
1693,2,0,0.43614623
1694,20,1,0.39316767
1695,13,1,0.76949906
1696,5,0,0.47860646
1697,18,1,0.3828997
1698,12,0,0.3185881
1699,17,0,0.57535326
1700,2,0,0.45941877
1701,26,1,0.6962768
1702,27,1,0.58873934
1703,18,0,0.44584215
1704,4,0,0.28286186
1705,28,0,0.62398255
1706,17,1,0.58571255
1707,20,1,0.62052363
1708,8,0,0.31071937
1709,15,0,0.5917901
1710,1,1,0.6220833
1711,1,0,0.7315963
1712,19,0,0.5107534
1713,22,0,0.3415834
1714,11,1,0.4411645
1715,19,0,0.3653848
1716,10,0,0.25659704
1717,2,0,0.18372402
1718,0,0,0.33556
1719,2,1,0.73858535
1720,12,0,0.5425743
1721,25,0,0.28053325
1722,25,0,0.16804855
1723,3,0,0.47471216
1724,26,1,0.50936866
1725,15,0,0.5435279
1726,13,1,0.76542604
1727,26,1,0.4943941
1728,15,0,0.27665338
1729,0,0,0.3387624
1730,26,1,0.4910976
1731,8,1,0.5710155
1732,11,1,0.6507387
1733,18,1,0.45767295
1734,28,1,0.5004694
1735,18,0,0.30804175
1736,14,0,0.23643431
1737,11,0,0.5294171
1738,10,0,0.5199437
1739,15,1,0.7326944
1740,11,0,0.33560038
1741,8,0,0.53306055
1742,6,1,0.51766324
1743,2,1,0.51567227
1744,14,0,0.59887856
1745,12,1,0.6869056
1746,15,1,0.54544
1747,11,0,0.4985862
1748,2,0,0.38526586
1749,13,1,0.27832556
1750,0,1,0.48799026
1751,4,1,0.55909306
1752,4,0,0.38708562
1753,18,0,0.593671
1754,26,1,0.5599642
1755,9,1,0.67811656
1756,14,0,0.4059063
1757,0,0,0.56971556
1758,11,0,0.67441165
1759,3,1,0.3270387
1760,10,0,0.63087857
1761,26,0,0.48750684
1762,17,0,0.5590013
1763,22,1,0.4966823
1764,3,0,0.5749122
1765,27,0,0.4941398
1766,25,0,0.7013808
1767,17,0,0.35454583
1768,3,1,0.70756
1769,13,0,0.357053
1770,13,1,0.53176385
1771,16,0,0.25934675
1772,13,1,0.43325907
1773,13,1,0.5461134
1774,12,1,0.6442761
1775,26,1,0.56387717
1776,18,1,0.6592149
1777,15,0,0.35612485
1778,14,0,0.4226234
1779,10,1,0.40674606
1780,16,0,0.4522839
1781,20,1,0.79906255
1782,22,1,0.64523494
1783,13,0,0.36622718
1784,27,1,0.68072784
1785,26,1,0.6425348
1786,24,0,0.37027517
1787,25,0,0.51868385
1788,0,1,0.5582772
1789,3,1,0.2786471
1790,2,1,0.4501523
1791,11,0,0.48525316
1792,18,0,0.5715322
1793,6,0,0.48610112
1794,13,1,0.6063102
1795,2,1,0.5082224
1796,23,1,0.46234336
1797,2,0,0.605858
1798,25,0,0.584382
1799,25,0,0.4567249
1800,14,0,0.3074789
1801,22,1,0.54943365
1802,12,1,0.46163592
1803,18,1,0.779424
1804,8,1,0.6220985
1805,2,1,0.6966087
1806,16,0,0.5495655
1807,27,1,0.51950854
1808,18,1,0.6207463
1809,19,1,0.65267193
1810,15,0,0.42532963
1811,7,1,0.48468623
1812,26,0,0.63697636
1813,1,0,0.39834785
1814,18,1,0.35907832
1815,28,0,0.46707806
1816,13,0,0.43410072
1817,22,1,0.6954501
1818,6,1,0.37075225
1819,28,1,0.5188786
1820,2,1,0.2455714
1821,10,1,0.30822533
1822,26,0,0.312028
1823,16,1,0.5558254
1824,12,0,0.20941703
1825,11,1,0.6312446
1826,15,0,0.3532203
1827,14,0,0.6687682
1828,4,0,0.67860246
1829,19,0,0.21147543
1830,2,0,0.3094323
1831,23,0,0.5454831
1832,2,0,0.7572472
1833,17,1,0.7204376
1834,20,0,0.61294085
1835,15,0,0.41055268
1836,3,0,0.41872644
1837,27,1,0.5482612
1838,22,0,0.44354942
1839,25,0,0.540004
1840,25,0,0.42074203
1841,19,0,0.47795388
1842,15,1,0.4166247
1843,15,0,0.5111023
1844,28,0,0.5634788
1845,10,0,0.32968158
1846,16,1,0.3845439
1847,6,0,0.5469514
1848,13,0,0.47350463
1849,24,0,0.6158635
1850,9,0,0.46000344
1851,12,1,0.42281333
1852,0,1,0.779837
1853,13,1,0.41523767
1854,4,0,0.56119484
1855,28,0,0.40646282
1856,11,1,0.6438906
1857,3,1,0.7004449
1858,2,1,0.56736106
1859,17,1,0.6831504
1860,15,0,0.40300256
1861,14,0,0.59074926
1862,2,0,0.4272454
1863,2,1,0.6663576
1864,15,0,0.6865212
1865,22,1,0.82824945
1866,27,0,0.6139374
1867,2,0,0.7315164
1868,15,1,0.31434134
1869,8,0,0.4976726
1870,26,1,0.41560575
1871,4,0,0.60453445
1872,15,1,0.47488797
1873,22,0,0.52729225
1874,9,0,0.2997414
1875,26,0,0.535354
1876,15,1,0.50807804
1877,13,1,0.43097934
1878,8,1,0.685613
1879,2,0,0.33307278
1880,7,0,0.5568665
1881,16,0,0.471605
1882,28,0,0.6648124
1883,22,1,0.5475141
1884,28,1,0.6924824
1885,11,0,0.41567734
1886,16,0,0.2645263
1887,7,0,0.70533526
1888,11,1,0.6394899
1889,25,1,0.49109495
1890,7,1,0.4979257
1891,3,1,0.5940976
1892,13,0,0.113846116
1893,20,0,0.43523562
1894,9,0,0.5082905
1895,26,0,0.25145593
1896,17,0,0.4640921
1897,10,1,0.55150557
1898,16,1,0.4443597
1899,8,0,0.32228196
1900,18,1,0.5236719
1901,8,0,0.57681847
1902,20,0,0.3830735
1903,21,1,0.5758165
1904,17,1,0.6827458
1905,23,1,0.61569697
1906,4,1,0.43635792
1907,25,0,0.269376
1908,11,1,0.6515203
1909,8,0,0.39115474
1910,23,1,0.5262869
1911,2,0,0.6437248
1912,14,1,0.3398757
1913,16,0,0.45882252
1914,16,0,0.19060792
1915,8,0,0.3601445
1916,26,0,0.5136581
1917,20,0,0.4122987
1918,24,1,0.4296321
1919,18,0,0.7299878
1920,16,1,0.6710101
1921,24,1,0.6832761
1922,19,0,0.42064598
1923,5,1,0.75946414
1924,11,1,0.78916055
1925,20,1,0.3692791
1926,12,1,0.4211282
1927,8,0,0.5417304
1928,2,1,0.5676993
1929,25,1,0.5239807
1930,13,0,0.35099542
1931,16,1,0.47126418
1932,18,1,0.415859
1933,1,1,0.44293025
1934,11,0,0.48915923
1935,0,1,0.6623115
1936,15,1,0.38292137
1937,17,0,0.6549749
1938,22,0,0.3581028
1939,19,1,0.64109373
1940,2,1,0.28829315
1941,17,0,0.27987584
1942,1,0,0.4110651
1943,15,0,0.32439044
1944,10,1,0.663213
1945,0,0,0.27593446
1946,19,0,0.5274644
1947,13,0,0.4030836
1948,0,1,0.48477957
1949,28,1,0.6098416
1950,15,0,0.4233878
1951,23,1,0.5971623
1952,12,1,0.6706115
1953,15,1,0.5192635
1954,15,0,0.33085287
1955,18,0,0.47294295
1956,13,1,0.32442614
1957,24,1,0.69250435
1958,16,1,0.3541744
1959,8,0,0.4700046
1960,13,1,0.50122696
1961,6,1,0.5544781
1962,22,1,0.35488108
1963,12,1,0.5137981
1964,25,0,0.48276907
1965,5,1,0.29819202
1966,13,1,0.6388464
1967,18,0,0.46121997
1968,15,1,0.48558584
1969,26,1,0.41589957
1970,23,1,0.5808355
1971,5,1,0.6148487
1972,20,1,0.49556044
1973,8,0,0.59866357
1974,3,1,0.32461923
1975,13,0,0.48836163
1976,18,1,0.6505892
1977,19,1,0.5440277
1978,6,1,0.5284981
1979,7,1,0.5735364
1980,26,1,0.38637602
1981,16,0,0.40034583
1982,1,1,0.4307246
1983,13,0,0.43803224
1984,8,0,0.50045925
1985,16,0,0.25912938
1986,20,0,0.4815489
1987,12,0,0.6301566
1988,10,0,0.40190825
1989,17,1,0.58238065
1990,18,1,0.53701925
1991,12,1,0.60025954
1992,2,1,0.4683483
1993,13,1,0.6113236
1994,16,1,0.45429882
1995,1,1,0.5996292
1996,24,1,0.4428701
1997,23,0,0.56314117
1998,23,1,0.6321796
1999,10,0,0.37149706
2000,19,0,0.4799359
2001,26,1,0.72801274
2002,16,1,0.5282403
2003,27,1,0.43913472
2004,22,0,0.4711833
2005,1,0,0.46802247
2006,1,1,0.46255252
2007,20,0,0.3893326
2008,16,1,0.52999413
2009,10,0,0.35241544
2010,12,0,0.2338033
2011,20,0,0.6224696
2012,22,0,0.594834
2013,23,0,0.46423298
2014,17,1,0.3601271
2015,11,1,0.7991887
2016,15,0,0.37857983
2017,6,0,0.7280052
2018,20,1,0.46821466
2019,15,0,0.66139793
2020,10,1,0.6925185
2021,18,1,0.5638499
2022,8,1,0.69293416
2023,1,0,0.35187575
2024,16,1,0.46758148
2025,11,0,0.51260334
2026,28,0,0.52003634
2027,25,0,0.5222339
2028,4,1,0.35238686
2029,6,0,0.42594528
2030,13,0,0.50719774
2031,16,1,0.48271134
2032,23,0,0.3737313
2033,15,1,0.5672928
2034,23,1,0.6221124
2035,14,1,0.37132555
2036,26,0,0.25776502
2037,6,1,0.25081396
2038,8,0,0.44353202
2039,12,1,0.4137319
2040,19,0,0.3432425
2041,2,0,0.61312944
2042,2,1,0.5622775
2043,4,0,0.36550707
2044,27,0,0.56041825
2045,1,0,0.45730743
2046,22,0,0.25034934
2047,20,0,0.54697925
2048,13,1,0.3971052
2049,6,1,0.5348006
2050,26,0,0.6155272
2051,17,0,0.42194816
2052,3,0,0.44241086
2053,16,1,0.49228665
2054,15,0,0.4319241
2055,1,0,0.6948987
2056,25,0,0.60912186
2057,2,1,0.6000278
2058,2,0,0.4171003
2059,21,0,0.5425251
2060,22,1,0.6621483
2061,11,0,0.53085464
2062,9,0,0.20423019
2063,13,0,0.66600794
2064,6,0,0.37344834
2065,12,1,0.42936245
2066,26,0,0.3638299
2067,3,0,0.17569546
2068,15,1,0.6011459
2069,11,0,0.4360811
2070,12,0,0.6291961
2071,24,0,0.42985445
2072,21,0,0.6106841
2073,8,1,0.5634675
2074,13,1,0.6261486
2075,20,0,0.3765102
2076,11,1,0.624712
2077,5,0,0.39117634
2078,0,1,0.58826405
2079,1,1,0.41916198
2080,3,0,0.45420793
2081,6,1,0.717383
2082,1,1,0.3479314
2083,13,0,0.603934
2084,1,1,0.4383012
2085,21,0,0.4160864
2086,8,1,0.8158987
2087,7,1,0.45785296
2088,2,0,0.26066753
2089,7,1,0.6608039
2090,20,0,0.5468711
2091,25,0,0.30521876
2092,16,1,0.57105094
2093,16,1,0.44885042
2094,2,1,0.45361632
2095,14,1,0.72221935
2096,5,1,0.6479359
2097,10,1,0.3751135
2098,17,0,0.5829785
2099,4,1,0.3931263
2100,11,1,0.45050752
2101,6,1,0.52009964
2102,13,1,0.41163972
2103,15,0,0.4097508
2104,22,0,0.24549355
2105,5,0,0.6910541
2106,17,1,0.727937
2107,19,0,0.44057414
2108,16,0,0.575619
2109,3,0,0.29319775
2110,0,0,0.54632795
2111,8,1,0.50686896
2112,26,0,0.6619254
2113,24,0,0.51994914
2114,11,1,0.36062384
2115,1,0,0.4286074
2116,18,0,0.41429055
2117,28,1,0.4740222
2118,8,0,0.44481316
2119,20,1,0.45794183
2120,2,0,0.2556487
2121,11,1,0.556731
2122,18,0,0.67835724
2123,22,0,0.40254214
2124,23,1,0.64484847
2125,27,0,0.30491874
2126,11,0,0.23810804
2127,11,1,0.46878645
2128,9,1,0.6282599
2129,14,0,0.61969906
2130,24,1,0.6675467
2131,9,0,0.6768298
2132,10,1,0.45784366
2133,9,0,0.41914824
2134,21,0,0.52193856
2135,16,0,0.39308137
2136,6,1,0.45142624
2137,2,0,0.4652873
2138,8,0,0.43688717
2139,8,1,0.50452447
2140,28,1,0.36392683
2141,28,0,0.6947772
2142,12,1,0.39539176
2143,1,0,0.5995687
2144,8,1,0.4928212
2145,10,1,0.5754097
2146,6,0,0.515693
2147,21,1,0.538274
2148,11,0,0.5551884
2149,3,1,0.67531675
2150,16,1,0.5736488
2151,4,1,0.5184787
2152,5,1,0.7431645
2153,20,0,0.52865666
2154,16,0,0.40069288
2155,25,0,0.4657625
2156,13,1,0.46838292
2157,15,1,0.444472
2158,16,1,0.69630563
2159,16,0,0.2911903
2160,17,1,0.60932356
2161,3,0,0.6174403
2162,1,1,0.7480528
2163,1,0,0.3624254
2164,11,1,0.3690936
2165,2,1,0.33860368
2166,2,0,0.4943442
2167,23,1,0.46360347
2168,27,0,0.49347192
2169,2,1,0.4246989
2170,23,1,0.43944007
2171,8,1,0.49486774
2172,22,0,0.543637
2173,17,1,0.36195707
2174,18,1,0.72282696
2175,28,1,0.4219845
2176,8,0,0.38550496
2177,13,1,0.26221684
2178,16,0,0.59266686
2179,16,0,0.33629537
2180,12,1,0.5227472
2181,5,0,0.29291165
2182,25,0,0.4628715
2183,15,1,0.62938213
2184,1,1,0.7758679
2185,9,0,0.33965993
2186,12,1,0.5913583
2187,6,0,0.44831944
2188,12,1,0.39682978
2189,18,0,0.432192
2190,20,1,0.428609
2191,10,1,0.4251065
2192,7,1,0.5107823
2193,4,0,0.4460344
2194,2,1,0.586936
2195,2,0,0.43279403
2196,25,1,0.3764513
2197,13,0,0.51381034
2198,27,0,0.44874734
2199,22,1,0.22251318
2200,23,0,0.4737919
2201,11,0,0.26966766
2202,19,1,0.39856073
2203,0,0,0.38976413
2204,4,0,0.48210678
2205,8,1,0.2849247
2206,19,1,0.62350386
2207,22,0,0.56507945
2208,9,0,0.69343233
2209,8,0,0.6004987
2210,1,0,0.28561264
2211,15,1,0.48529148
2212,8,0,0.72742826
2213,8,0,0.5510326
2214,17,1,0.6031767
2215,12,1,0.36393577
2216,0,1,0.55491287
2217,16,1,0.48676273
2218,18,0,0.473759
2219,2,1,0.4638271
2220,19,0,0.37031996
2221,26,0,0.44665116
2222,13,0,0.62720925
2223,16,0,0.2173078
2224,3,0,0.3834715
2225,2,1,0.706146
2226,28,0,0.51895684
2227,21,1,0.6661451
2228,20,1,0.39007184
2229,26,1,0.690132
2230,9,0,0.53457326
2231,11,0,0.6893816
2232,26,1,0.7124409
2233,16,0,0.3931875
2234,18,1,0.556918
2235,11,0,0.4305359
2236,21,0,0.60168725
2237,14,1,0.64496917
2238,16,1,0.41999882
2239,22,0,0.32595754
2240,13,1,0.7286462
2241,16,0,0.34092295
2242,11,1,0.3315545
2243,13,0,0.43560416
2244,6,1,0.4213055
2245,11,0,0.52866566
2246,18,1,0.5701963
2247,15,0,0.7629596
2248,12,1,0.34123564
2249,16,0,0.2728405
2250,18,0,0.28562698
2251,16,0,0.49888608
2252,22,1,0.75701684
2253,8,1,0.553364
2254,18,0,0.52502596
2255,11,1,0.63965815
2256,25,1,0.6398323
2257,13,1,0.42885956
2258,2,1,0.48559123
2259,1,1,0.51074576
2260,19,1,0.61659205
2261,20,1,0.53760505
2262,0,1,0.6023237
2263,9,1,0.6334463
2264,18,0,0.34033856
2265,13,1,0.50390077
2266,12,1,0.40638024
2267,11,0,0.47881275
2268,10,1,0.4609334
2269,23,1,0.5684772
2270,5,1,0.67794913
2271,25,1,0.45024556
2272,1,1,0.74389803
2273,26,0,0.52715963
2274,19,0,0.5214983
2275,1,1,0.54201627
2276,23,0,0.4661021
2277,28,1,0.5993172
2278,26,0,0.31513238
2279,22,1,0.75162137
2280,13,0,0.3775494
2281,3,0,0.4758793
2282,10,0,0.7064949
2283,13,0,0.45171782
2284,10,1,0.6841175
2285,28,0,0.28007394
2286,21,1,0.43153015
2287,9,0,0.54732007
2288,9,1,0.4302297
2289,14,0,0.38344312
2290,7,1,0.674987
2291,16,1,0.43937135
2292,2,1,0.38875902
2293,25,1,0.2598947
2294,8,0,0.63659084
2295,1,1,0.53677106
2296,14,0,0.41061202
2297,14,1,0.49248713
2298,19,1,0.74419504
2299,13,0,0.6937779
2300,22,0,0.35687742
2301,22,1,0.6042357
2302,11,1,0.75069076
2303,16,0,0.4419924
2304,0,1,0.43842518
2305,2,0,0.4691801
2306,13,0,0.3675699
2307,12,0,0.44964236
2308,11,1,0.5180406
2309,12,0,0.648952
2310,9,0,0.38971755
2311,16,0,0.36882854
2312,19,0,0.5594624
2313,22,0,0.6000674
2314,25,1,0.48481655
2315,23,0,0.44109383
2316,25,0,0.34815904
2317,20,1,0.4963119
2318,15,0,0.48541066
2319,13,1,0.717049
2320,16,0,0.46597517
2321,17,0,0.7647893
2322,15,0,0.38139433
2323,9,0,0.33029008
2324,11,1,0.7085252
2325,13,1,0.66222936
2326,13,0,0.571741
2327,6,1,0.58134806
2328,14,1,0.31131494
2329,13,0,0.49606067
2330,13,0,0.27374676
2331,25,0,0.20681027
2332,25,0,0.4307168
2333,25,0,0.33922234
2334,10,0,0.37781885
2335,13,1,0.7220668
2336,8,1,0.73536265
2337,4,1,0.42845735
2338,13,1,0.5691888
2339,22,1,0.548465
2340,11,0,0.4206875
2341,4,1,0.53181976
2342,1,1,0.32449475
2343,14,0,0.6023427
2344,15,0,0.68431807
2345,27,0,0.6662097
2346,10,1,0.47585824
2347,26,1,0.29511833
2348,15,1,0.766152
2349,25,1,0.68363124
2350,20,0,0.5190427
2351,8,1,0.31341025
2352,16,1,0.80609643
2353,7,1,0.5364574
2354,11,1,0.3529216
2355,25,1,0.5438515
2356,13,0,0.41259032
2357,24,1,0.71501935
2358,12,1,0.6764033
2359,16,0,0.5669312
2360,27,0,0.3607759
2361,17,1,0.6022625
2362,6,0,0.48320383
2363,15,0,0.5703807
2364,11,0,0.38290796
2365,18,1,0.4738563
2366,2,1,0.5342913
2367,21,0,0.42167372
2368,28,0,0.55965275
2369,22,1,0.60957605
2370,23,0,0.5099507
2371,12,1,0.50560343
2372,12,1,0.60366386
2373,18,1,0.47782448
2374,9,1,0.6460079
2375,19,1,0.44968
2376,0,1,0.67402285
2377,23,0,0.6759107
2378,8,0,0.38911727
2379,23,0,0.41550842
2380,16,1,0.6779603
2381,0,0,0.39361212
2382,6,0,0.5269826
2383,12,1,0.64108497
2384,2,0,0.41774496
2385,12,1,0.62559396
2386,22,0,0.43406084
2387,8,1,0.52918965
2388,6,1,0.46695387
2389,1,1,0.26195988
2390,12,1,0.43137455
2391,18,1,0.4354886
2392,13,0,0.44270706
2393,1,0,0.41594133
2394,4,1,0.45006508
2395,15,0,0.3327458
2396,13,0,0.7289214
2397,8,1,0.68163514
2398,13,1,0.25267726
2399,16,0,0.4810931
2400,10,1,0.42369267
2401,11,1,0.3558926
2402,13,0,0.42442116
2403,8,0,0.44110805
2404,23,1,0.62588763
2405,2,1,0.49942026
2406,15,0,0.7489404
2407,7,1,0.5898535
2408,27,0,0.53068584
2409,11,1,0.51038
2410,23,0,0.5998991
2411,7,1,0.7040467
2412,26,1,0.44289702
2413,11,1,0.7159091
2414,9,0,0.61220104
2415,11,1,0.75553477
2416,23,0,0.5277026
2417,18,1,0.63067937
2418,18,1,0.73954016
2419,26,1,0.47917822
2420,14,0,0.66494465
2421,13,1,0.7778385
2422,11,1,0.64230496
2423,4,0,0.6875385
2424,19,0,0.47499874
2425,12,1,0.5652161
2426,26,0,0.39267546
2427,21,0,0.36663976
2428,11,1,0.5278102
2429,8,1,0.4791225
2430,20,1,0.5439715
2431,7,0,0.51747686
2432,4,0,0.25650245
2433,5,1,0.6969382
2434,21,0,0.3857956
2435,27,0,0.41743132
2436,1,1,0.40654078
2437,13,1,0.66150737
2438,11,0,0.37694615
2439,16,1,0.64978343
2440,10,1,0.69600564
2441,17,1,0.24058
2442,28,0,0.57374144
2443,1,0,0.5776332
2444,13,1,0.52679557
2445,23,1,0.4293364
2446,22,0,0.6690638
2447,8,0,0.7715858
2448,13,0,0.2471947
2449,1,1,0.56048626
2450,28,0,0.34714606
2451,17,0,0.4082975
2452,26,1,0.3580208
2453,1,1,0.5022693
2454,16,1,0.55869347
2455,14,1,0.33527818
2456,21,0,0.46582323
2457,7,1,0.5308313
2458,25,0,0.356101
2459,4,0,0.41652364
2460,2,1,0.3680904
2461,12,1,0.6391411
2462,26,1,0.40360278
2463,6,1,0.41675723
2464,25,0,0.24901351
2465,22,1,0.6373727
2466,22,0,0.59457713
2467,8,1,0.78669083
2468,0,0,0.5984802
2469,27,1,0.42649138
2470,22,0,0.45359206
2471,1,1,0.59236336
2472,11,1,0.75362676
2473,16,1,0.5499261
2474,12,1,0.58007497
2475,22,1,0.6597627
2476,20,1,0.5724614
2477,2,1,0.7293467
2478,25,0,0.70324504
2479,20,0,0.45058212
2480,17,1,0.7136837
2481,21,1,0.45709896
2482,24,0,0.40930125
2483,10,1,0.6422275
2484,12,0,0.6549424
2485,25,1,0.548463
2486,12,1,0.71783966
2487,20,0,0.6201136
2488,8,0,0.22902353
2489,10,0,0.5462853
2490,13,0,0.3525501
2491,21,1,0.6911656
2492,18,1,0.48369622
2493,7,0,0.48697478
2494,28,1,0.6455531
2495,18,0,0.47153354
2496,13,1,0.4261678
2497,16,0,0.29961404
2498,6,1,0.7011492
2499,25,1,0.654457
2500,20,0,0.32291552
2501,5,0,0.37656116
2502,10,1,0.40861526
2503,3,0,0.6608049
2504,28,1,0.6629007
2505,24,1,0.6440389
2506,26,1,0.32070315
2507,25,0,0.4011112
2508,1,0,0.38057995
2509,25,0,0.7289343
2510,27,1,0.34806937
2511,11,0,0.45536143
2512,24,0,0.4052355
2513,13,1,0.4827389
2514,10,1,0.3870997
2515,26,0,0.58914435
2516,13,0,0.52043915
2517,2,0,0.49202922
2518,25,0,0.3889886
2519,21,1,0.4560771
2520,13,1,0.50167847
2521,9,0,0.66845435
2522,8,1,0.6367121
2523,27,0,0.4352087
2524,10,1,0.4278086
2525,7,0,0.609895
2526,25,0,0.34817365
2527,3,1,0.72818977
2528,22,1,0.3526628
2529,24,0,0.40554428
2530,16,0,0.39173645
2531,1,1,0.6162967
2532,15,1,0.5329912
2533,23,0,0.2722789
2534,28,0,0.43778387
2535,15,0,0.395265
2536,10,0,0.5393774
2537,25,0,0.6738494
2538,16,0,0.34816566
2539,26,0,0.46666834
2540,13,0,0.5905805
2541,10,0,0.4117155
2542,2,1,0.5413213
2543,1,1,0.207817
2544,27,1,0.5012483
2545,16,0,0.51564085
2546,20,1,0.41599792
2547,23,1,0.43271032
2548,8,0,0.6758672
2549,16,1,0.5688264
2550,9,1,0.7372795
2551,24,0,0.28962353
2552,20,0,0.46709523
2553,19,0,0.5277222
2554,11,1,0.41281733
2555,0,1,0.56265116
2556,3,1,0.4887138
2557,4,0,0.4368003
2558,7,0,0.3856512
2559,3,0,0.35785964
2560,4,1,0.5634989
2561,17,0,0.50070685
2562,10,0,0.49964678
2563,12,0,0.36538398
2564,6,1,0.74163544
2565,13,0,0.51201415
2566,5,0,0.5038676
2567,1,0,0.36382306
2568,14,1,0.73297226
2569,25,0,0.382654
2570,21,0,0.5881666
2571,7,0,0.45260108
2572,9,1,0.54226965
2573,11,1,0.69213426
2574,18,1,0.5829225
2575,23,1,0.7789682
2576,2,0,0.5412282
2577,11,1,0.35769248
2578,11,0,0.39838716
2579,16,1,0.48348728
2580,1,0,0.33956373
2581,11,1,0.5632597
2582,13,1,0.72540486
2583,22,0,0.642052
2584,15,0,0.34417486
2585,3,1,0.6693311
2586,14,1,0.6098603
2587,12,0,0.32517126
2588,11,0,0.23056632
2589,21,0,0.5233584
2590,2,0,0.39529362
2591,1,0,0.55291593
2592,23,1,0.7256908
2593,1,0,0.28524143
2594,28,1,0.4277416
2595,12,0,0.67521393
2596,12,1,0.42614296
2597,15,1,0.29660383
2598,16,0,0.6164976
2599,2,0,0.46307534
2600,10,0,0.4681881
2601,15,1,0.44878814
2602,26,0,0.41614684
2603,0,1,0.50034714
2604,26,1,0.69207275
2605,3,1,0.7021457
2606,27,1,0.18888266
2607,6,1,0.685286
2608,20,1,0.50184834
2609,9,1,0.4314013
2610,14,1,0.54665875
2611,2,0,0.40349126
2612,13,0,0.39013785
2613,16,0,0.37937838
2614,21,1,0.4495072
2615,26,1,0.32172513
2616,23,1,0.6901924
2617,8,1,0.7070295
2618,17,0,0.43712023
2619,11,0,0.34863833
2620,10,1,0.35380292
2621,2,0,0.5223356
2622,10,0,0.5778379
2623,26,1,0.6110979
2624,2,1,0.71358293
2625,8,0,0.70002025
2626,28,1,0.61898
2627,20,1,0.5557758
2628,10,1,0.7882494
2629,13,0,0.72573006
2630,12,1,0.2265382
2631,18,0,0.5725675
2632,16,1,0.49801853
2633,7,1,0.6674553
2634,1,0,0.6323649
2635,2,1,0.52511024
2636,21,0,0.3482944
2637,10,1,0.69798833
2638,7,1,0.31336802
2639,4,0,0.31385157
2640,16,1,0.56835026
2641,0,0,0.3327478
2642,10,1,0.5638728
2643,3,1,0.48933664
2644,16,1,0.22627519
2645,3,0,0.39041957
2646,2,1,0.3810668
2647,16,1,0.4423155
2648,1,1,0.66079587
2649,11,1,0.54944575
2650,20,0,0.60755515
2651,18,0,0.38222355
2652,12,1,0.6931311
2653,16,0,0.5268995
2654,20,0,0.4069022
2655,16,1,0.43380228
2656,15,0,0.5306789
2657,7,1,0.4745391
2658,14,1,0.5805457
2659,0,1,0.60256743
2660,25,0,0.38906768
2661,3,0,0.5839746
2662,7,0,0.45090336
2663,7,0,0.5528231
2664,1,1,0.74736595
2665,2,0,0.44374534
2666,13,0,0.6680106
2667,12,1,0.5920997
2668,17,1,0.7645461
2669,23,0,0.33758223
2670,8,0,0.58196056
2671,11,0,0.4090078
2672,14,0,0.25446144
2673,1,0,0.45570785
2674,1,1,0.513458
2675,26,1,0.50836945
2676,7,0,0.40787983
2677,28,0,0.51191914
2678,18,1,0.35882422
2679,14,1,0.5580167
2680,22,0,0.44682944
2681,3,0,0.43644622
2682,25,1,0.50334054
2683,27,0,0.42745718
2684,21,0,0.61536413
2685,6,0,0.68436944
2686,1,1,0.44328555
2687,18,1,0.4172159
2688,28,0,0.3117312
2689,14,0,0.5236546
2690,13,1,0.53091186
2691,2,0,0.6444355
2692,3,0,0.67845196
2693,6,0,0.4247885
2694,15,1,0.4008478
2695,22,1,0.28852376
2696,17,0,0.64651185
2697,22,1,0.6275301
2698,11,0,0.2660389
2699,0,0,0.31080636
2700,13,0,0.22264741
2701,18,1,0.47228432
2702,19,1,0.52926874
2703,22,1,0.36916277
2704,15,1,0.5337501
2705,2,0,0.35415593
2706,22,1,0.5178605
2707,13,0,0.60098755
2708,26,0,0.49250978
2709,11,0,0.5309198
2710,15,1,0.7063773
2711,20,0,0.62144077
2712,8,0,0.5625802
2713,28,0,0.5040844
2714,8,1,0.52809685
2715,27,1,0.3734596
2716,11,1,0.61428547
2717,27,0,0.4058712
2718,5,1,0.507197
2719,6,1,0.41122967
2720,25,1,0.5815015
2721,21,0,0.36623138
2722,22,1,0.2437881
2723,16,1,0.5244915
2724,1,1,0.7930693
2725,15,1,0.31947857
2726,3,0,0.3023042
2727,16,0,0.37648565
2728,13,0,0.30097148
2729,19,1,0.37376702
2730,10,0,0.5571227
2731,11,1,0.7196862
2732,17,1,0.5624114
2733,20,0,0.55355597
2734,2,0,0.45808017
2735,14,0,0.4983911
2736,22,0,0.48867348
2737,28,1,0.6642108
2738,27,0,0.38762298
2739,4,1,0.39609897
2740,8,0,0.37549284
2741,3,0,0.4013383
2742,28,0,0.4663258
2743,3,1,0.54881907
2744,12,1,0.5797371
2745,13,1,0.5403488
2746,4,0,0.5393717
2747,9,1,0.4206075
2748,11,1,0.71146053
2749,18,0,0.30255124
2750,27,1,0.47044194
2751,2,1,0.62067556
2752,4,0,0.32901385
2753,28,1,0.49071252
2754,25,0,0.4460984
2755,8,0,0.45329037
2756,1,1,0.37453732
2757,16,0,0.44950598
2758,15,0,0.40324384
2759,18,0,0.41691664
2760,16,0,0.32540962
2761,20,0,0.4482948
2762,16,1,0.70682883
2763,18,1,0.44885042
2764,27,1,0.7319521
2765,8,0,0.52308095
2766,8,0,0.5713966
2767,24,0,0.4007822
2768,20,0,0.3891933
2769,15,0,0.34419885
2770,2,1,0.46482292
2771,17,1,0.32810917
2772,16,0,0.4992204
2773,2,0,0.4659657
2774,14,0,0.52874434
2775,24,0,0.7054516
2776,11,1,0.6188093
2777,26,1,0.48648953
2778,12,1,0.536227
2779,13,0,0.445567
2780,12,1,0.6528997
2781,1,1,0.6636382
2782,6,1,0.64638364
2783,24,0,0.4271501
2784,16,0,0.7245804
2785,6,1,0.5566241
2786,18,0,0.36316356
2787,20,0,0.58171624
2788,28,1,0.5907412
2789,14,0,0.48876938
2790,9,1,0.5369244
2791,6,1,0.5531524
2792,10,1,0.6896294
2793,16,0,0.5139958
2794,26,0,0.33464915
2795,8,0,0.52371573
2796,13,1,0.46260312
2797,22,0,0.66757405
2798,7,1,0.62551904
2799,25,0,0.4720359
2800,12,1,0.6001939
2801,2,0,0.5342665
2802,17,1,0.7360237
2803,13,0,0.55140543
2804,16,1,0.80218476
2805,17,0,0.5633505
2806,15,1,0.4663543
2807,26,1,0.5596594
2808,0,1,0.57629836
2809,6,0,0.38203603
2810,10,1,0.5297294
2811,15,1,0.47681066
2812,10,0,0.27449584
2813,14,0,0.45755005
2814,28,0,0.4021784
2815,12,1,0.50363123
2816,10,0,0.4338357
2817,7,1,0.51302004
2818,16,1,0.33941653
2819,1,0,0.7078762
2820,9,0,0.35053974
2821,12,1,0.55646944
2822,22,0,0.45627278
2823,10,1,0.45887092
2824,5,1,0.35089177
2825,13,1,0.6078588
2826,8,1,0.59118843
2827,1,1,0.63269335
2828,13,0,0.29096094
2829,2,0,0.70676285
2830,6,0,0.64842755
2831,12,0,0.6278516
2832,12,0,0.41770273
2833,19,1,0.4682351
2834,9,0,0.4208436
2835,20,1,0.33099186
2836,8,1,0.5500579
2837,15,0,0.5430374
2838,4,0,0.5492915
2839,13,0,0.7209313
2840,4,1,0.617256
2841,10,0,0.55359477
2842,10,1,0.60462
2843,1,0,0.51210207
2844,26,1,0.4046804
2845,10,1,0.6047356
2846,0,1,0.43597522
2847,12,1,0.655788
2848,5,1,0.49305496
2849,8,0,0.58714175
2850,8,0,0.43021387
2851,28,0,0.65125656
2852,15,1,0.4785146
2853,7,1,0.742963
2854,28,0,0.16596918
2855,17,1,0.5302511
2856,20,0,0.39420468
2857,14,1,0.3836176
2858,6,0,0.33170015
2859,28,1,0.54115385
2860,1,0,0.29819456
2861,16,0,0.57272166
2862,25,0,0.5500259
2863,20,0,0.5733003
2864,12,0,0.38679305
2865,2,1,0.34184375
2866,27,1,0.6089804
2867,25,0,0.2664248
2868,27,0,0.18546005
2869,23,1,0.5091694
2870,6,1,0.6531394
2871,1,0,0.39629197
2872,18,0,0.4898681
2873,18,0,0.4777973
2874,20,1,0.33867586
2875,23,1,0.7689825
2876,13,1,0.38664407
2877,1,0,0.7674505
2878,3,0,0.47735113
2879,16,0,0.4816475
2880,22,1,0.59541243
2881,9,0,0.56923485
2882,1,1,0.35993212
2883,2,0,0.2849704
2884,12,1,0.670551
2885,27,1,0.71153563
2886,13,0,0.39706838
2887,3,1,0.291323
2888,15,1,0.4898869
2889,5,1,0.5864739
2890,25,1,0.5171802
2891,27,1,0.4347337
2892,13,1,0.26789007
2893,9,0,0.24248983
2894,23,1,0.4183468
2895,27,1,0.47443154
2896,27,0,0.5869357
2897,16,1,0.4744678
2898,1,0,0.42989957
2899,8,0,0.36563203
2900,12,0,0.4951114
2901,9,1,0.47859973
2902,16,1,0.80831724
2903,22,0,0.44126332
2904,15,0,0.3762623
2905,16,1,0.42807564
2906,28,0,0.36011153
2907,11,0,0.41436258
2908,15,1,0.49713022
2909,28,1,0.48632982
2910,25,0,0.33199835
2911,3,0,0.38077205
2912,28,0,0.5869651
2913,1,1,0.43686125
2914,17,0,0.3220868
2915,26,1,0.6620579
2916,19,1,0.3515185
2917,24,1,0.79685694
2918,13,0,0.45730215
2919,13,1,0.6578023
2920,15,0,0.5111137
2921,17,0,0.7321786
2922,11,0,0.4688825
2923,27,0,0.38621926
2924,10,1,0.46101046
2925,3,1,0.38875172
2926,12,1,0.5754806
2927,23,0,0.366071
2928,15,1,0.4175509
2929,26,1,0.3193538
2930,26,0,0.39350897
2931,9,0,0.4384622
2932,2,1,0.52149063
2933,0,1,0.6047228
2934,3,0,0.521319
2935,12,0,0.36359793
2936,20,1,0.5635902
2937,13,0,0.5396652
2938,6,1,0.4144819
2939,8,0,0.4165428
2940,6,1,0.40226102
2941,8,1,0.56751037
2942,23,0,0.53111863
2943,12,1,0.5138523
2944,18,0,0.7887584
2945,2,0,0.4820804
2946,13,1,0.59760505
2947,26,1,0.564659
2948,2,0,0.65266705
2949,13,1,0.43330866
2950,8,0,0.47184035
2951,13,0,0.5632847
2952,13,0,0.51331866
2953,25,1,0.64267254
2954,5,0,0.3065305
2955,8,1,0.69684565
2956,10,0,0.35405907
2957,2,1,0.4791717
2958,17,0,0.4542516
2959,3,0,0.35966444
2960,16,1,0.49741858
2961,6,1,0.43976933
2962,28,1,0.73584867
2963,1,0,0.34964797
2964,22,1,0.4237394
2965,13,1,0.41957894
2966,16,1,0.5252878
2967,7,0,0.5733951
2968,26,0,0.5706088
2969,28,0,0.6286441
2970,16,1,0.25932068
2971,16,1,0.34615305
2972,16,0,0.4976564
2973,18,1,0.5435439
2974,12,0,0.5641961
2975,11,0,0.5425466
2976,28,0,0.2865535
2977,9,0,0.66918653
2978,0,0,0.58810556
2979,12,0,0.41285184
2980,10,0,0.3695676
2981,25,1,0.76585424
2982,2,1,0.42323512
2983,12,1,0.63760835
2984,27,1,0.5109885
2985,12,0,0.56253344
2986,1,0,0.54380965
2987,3,0,0.63179904
2988,1,0,0.31069505
2989,13,0,0.23321299
2990,12,1,0.64780796
2991,28,1,0.44419837
2992,10,0,0.5310995
2993,26,1,0.39248988
2994,24,1,0.4650948
2995,20,1,0.66626626
2996,28,0,0.61530346
2997,20,0,0.54300886
2998,20,1,0.56723636
2999,13,1,0.589816
3000,26,0,0.33596236
3001,10,0,0.39920926
3002,25,0,0.331747
3003,16,0,0.5185197
3004,16,1,0.59130836
3005,26,1,0.4916196
3006,21,1,0.69058806
3007,14,0,0.47923753
3008,16,1,0.36612365
3009,21,1,0.42162263
3010,0,0,0.44239065
3011,11,1,0.38282537
3012,2,0,0.3935797
3013,11,1,0.6879218
3014,21,0,0.50011146
3015,2,1,0.55914795
3016,20,1,0.6007083
3017,17,1,0.43991005
3018,20,0,0.35114446
3019,22,0,0.51503736
3020,0,0,0.3543904
3021,8,0,0.38101253
3022,7,0,0.407984
3023,10,1,0.513948
3024,1,1,0.6254889
3025,18,1,0.69932777
3026,16,0,0.5992323
3027,13,0,0.6358222
3028,26,1,0.65372795
3029,10,0,0.32478303
3030,1,1,0.257607
3031,2,1,0.5020566
3032,8,0,0.34413633
3033,13,0,0.68250215
3034,16,1,0.324229
3035,16,1,0.49895713
3036,1,0,0.38278928
3037,22,1,0.7028042
3038,24,0,0.4786482
3039,15,1,0.7698136
3040,26,0,0.5899316
3041,11,1,0.55042946
3042,21,0,0.43120965
3043,20,1,0.5167734
3044,18,1,0.2042105
3045,0,0,0.42258814
3046,16,1,0.7492235
3047,18,1,0.6212222
3048,13,1,0.6826655
3049,10,0,0.40576914
3050,17,0,0.79781014
3051,21,0,0.38741884
3052,28,0,0.2613235
3053,8,0,0.4312548
3054,1,0,0.30905575
3055,16,0,0.5462986
3056,1,1,0.25984487
3057,2,1,0.44579336
3058,2,1,0.6084427
3059,25,0,0.6360016
3060,7,0,0.5623182
3061,15,1,0.40911528
3062,4,1,0.4559058
3063,16,0,0.5551373
3064,14,1,0.5594836
3065,26,0,0.22366855
3066,10,0,0.32916275
3067,28,0,0.68976516
3068,2,1,0.42674816
3069,5,0,0.370599
3070,6,1,0.40459886
3071,15,0,0.46724734
3072,11,0,0.44028336
3073,18,1,0.72616464
3074,1,1,0.52125424
3075,14,0,0.44698477
3076,10,1,0.57193565
3077,2,0,0.47267306
3078,27,1,0.3978801
3079,12,1,0.8402208
3080,13,0,0.63040394
3081,8,0,0.5259279
3082,15,0,0.4539341
3083,25,1,0.29183763
3084,19,1,0.51658916
3085,20,1,0.61187613
3086,8,0,0.3252951
3087,18,0,0.44723117
3088,20,0,0.52552223
3089,11,0,0.41427392
3090,20,0,0.6465466
3091,19,1,0.67825586
3092,22,0,0.40781605
3093,3,0,0.39126328
3094,16,0,0.36051872
3095,8,1,0.46828195
3096,9,1,0.5084696
3097,16,0,0.22772333
3098,22,1,0.73868847
3099,4,0,0.30614993
3100,8,0,0.36519954
3101,28,0,0.57253
3102,8,0,0.39054778
3103,13,1,0.33477727
3104,26,1,0.40925166
3105,14,0,0.41132936
3106,8,1,0.65084946
3107,21,0,0.44313726
3108,16,0,0.3250642
3109,2,1,0.69405603
3110,20,0,0.4061936
3111,21,1,0.368206
3112,2,1,0.48468184
3113,3,1,0.44628668
3114,12,0,0.4512774
3115,6,1,0.47499534
3116,11,1,0.4671638
3117,22,0,0.32623985
3118,18,1,0.54070824
3119,23,1,0.4457024
3120,26,1,0.8065096
3121,11,1,0.59295326
3122,26,1,0.40847176
3123,17,0,0.43185335
3124,19,0,0.5454623
3125,27,1,0.642682
3126,12,0,0.58939856
3127,25,0,0.43693298
3128,2,0,0.5556263
3129,28,0,0.5415206
3130,7,1,0.5312969
3131,13,1,0.47257787
3132,6,0,0.5482972
3133,27,0,0.50516486
3134,2,1,0.72826886
3135,22,0,0.49943563
3136,16,0,0.58940774
3137,1,1,0.54799795
3138,2,1,0.46905354
3139,3,1,0.41153538
3140,26,0,0.39899346
3141,8,0,0.50121576
3142,18,1,0.420547
3143,3,0,0.45586467
3144,28,1,0.39060137
3145,17,0,0.45236644
3146,23,1,0.5236747
3147,12,1,0.6393307
3148,2,0,0.34563008
3149,16,1,0.5226724
3150,25,1,0.58674115
3151,1,0,0.51392317
3152,13,0,0.33239087
3153,3,1,0.33371416
3154,26,1,0.5288497
3155,27,1,0.7149642
3156,12,1,0.5442653
3157,2,0,0.52325946
3158,3,1,0.5719085
3159,10,1,0.60375565
3160,6,1,0.64322877
3161,11,0,0.31616518
3162,16,1,0.5751522
3163,27,1,0.59456396
3164,16,0,0.47847292
3165,7,1,0.46766624
3166,11,1,0.48222762
3167,19,1,0.52562344
3168,1,0,0.59028727
3169,10,0,0.5688099
3170,28,0,0.30494744
3171,24,1,0.5182103
3172,28,1,0.50148845
3173,27,1,0.6260858
3174,11,0,0.29260254
3175,16,0,0.4026601
3176,12,0,0.43251452
3177,15,1,0.51896906
3178,20,1,0.50870764
3179,26,0,0.61335164
3180,3,1,0.62303585
3181,26,1,0.46889424
3182,20,1,0.22641395
3183,13,0,0.52105784
3184,25,0,0.3469585
3185,22,0,0.6428513
3186,16,1,0.5890947
3187,3,0,0.6406631
3188,15,1,0.5510913
3189,1,0,0.36470455
3190,8,1,0.65362996
3191,27,0,0.32991272
3192,3,1,0.69599116
3193,25,0,0.35278514
3194,20,0,0.3951269
3195,14,1,0.6668093
3196,26,1,0.53329474
3197,4,1,0.47933817
3198,11,0,0.41360298
3199,2,1,0.36691412
3200,26,0,0.42764834
3201,16,1,0.6719299
3202,17,1,0.63359964
3203,16,0,0.6964099
3204,9,1,0.71808946
3205,18,0,0.4935255
3206,2,1,0.47234216
3207,7,1,0.6471476
3208,1,1,0.6932904
3209,9,1,0.61465573
3210,15,1,0.4790855
3211,25,1,0.48018515
3212,21,0,0.5957647
3213,28,0,0.6405377
3214,4,0,0.41921425
3215,9,1,0.41835615
3216,1,0,0.4522624
3217,7,1,0.38288385
3218,24,1,0.45155522
3219,23,1,0.65335315
3220,27,1,0.50710493
3221,11,0,0.562849
3222,15,0,0.54238826
3223,17,1,0.62736255
3224,1,0,0.38282043
3225,1,0,0.5735365
3226,17,0,0.2754179
3227,21,1,0.5999746
3228,25,1,0.58829564
3229,15,1,0.41194162
3230,26,1,0.34732267
3231,26,1,0.5993317
3232,16,1,0.65081364
3233,1,1,0.70153975
3234,1,0,0.4900268
3235,9,1,0.44429737
3236,16,1,0.42659533
3237,15,0,0.5875478
3238,0,1,0.44909626
3239,5,1,0.7041179
3240,6,1,0.65439457
3241,7,1,0.53375465
3242,9,1,0.4797096
3243,25,1,0.4534319
3244,14,1,0.73445123
3245,2,1,0.6541037
3246,14,0,0.45592332
3247,1,0,0.39068133
3248,16,0,0.5153713
3249,1,1,0.66866016
3250,10,1,0.6431464
3251,20,0,0.380397
3252,25,1,0.48748666
3253,10,0,0.6578312
3254,8,1,0.6421682
3255,12,0,0.702229
3256,16,1,0.6090952
3257,20,0,0.43683496
3258,22,1,0.51901925
3259,6,1,0.35014293
3260,10,0,0.5259065
3261,18,1,0.27749744
3262,11,0,0.45377705
3263,15,1,0.56564313
3264,10,1,0.5487796
3265,2,1,0.7090789
3266,6,0,0.36371967
3267,1,1,0.7282467
3268,28,0,0.26828614
3269,11,0,0.452659
3270,7,0,0.49525902
3271,6,0,0.47932568
3272,12,1,0.72936755
3273,21,1,0.5436206
3274,27,1,0.4798704
3275,25,1,0.36654454
3276,18,1,0.4217144
3277,18,1,0.5085256
3278,27,0,0.38496685
3279,25,1,0.3767942
3280,9,0,0.40761432
3281,6,1,0.72826546
3282,21,0,0.44776663
3283,13,0,0.41379264
3284,12,0,0.41477293
3285,16,0,0.35298982
3286,0,0,0.58796346
3287,16,0,0.4352565
3288,25,1,0.39228368
3289,16,0,0.31802547
3290,11,1,0.33312163
3291,21,1,0.5933842
3292,27,1,0.39873046
3293,19,1,0.5067339
3294,10,0,0.35024017
3295,16,1,0.53685915
3296,6,1,0.51904416
3297,16,1,0.50667596
3298,25,1,0.3793216
3299,1,0,0.42827138
3300,26,1,0.41463393
3301,6,0,0.3884549
3302,1,0,0.28203887
3303,5,1,0.772319
3304,16,1,0.5394711
3305,3,1,0.52063936
3306,2,1,0.6313631
3307,12,0,0.54978883
3308,25,1,0.682727
3309,11,0,0.35350627
3310,10,0,0.53204435
3311,16,1,0.6003234
3312,26,0,0.5181633
3313,24,1,0.59765303
3314,1,1,0.29783735
3315,13,1,0.3922918
3316,13,0,0.43280378
3317,5,1,0.60306245
3318,10,1,0.51962465
3319,10,0,0.6509208
3320,23,0,0.31259024
3321,17,1,0.3855588
3322,20,1,0.28260046
3323,9,1,0.37474138
3324,20,0,0.6773187
3325,14,0,0.68434703
3326,22,1,0.39491457
3327,16,0,0.4940526
3328,2,0,0.4930444
3329,2,1,0.51504874
3330,26,0,0.49153593
3331,27,1,0.3733319
3332,14,1,0.6714031
3333,4,0,0.40243235
3334,1,1,0.7202134
3335,16,0,0.42179015
3336,3,1,0.7942495
3337,10,0,0.35025585
3338,13,1,0.68627006
3339,28,0,0.23477603
3340,4,0,0.59058326
3341,19,1,0.47667074
3342,10,0,0.559829
3343,9,1,0.50980604
3344,27,1,0.38072398
3345,2,0,0.35596487
3346,13,0,0.2908226
3347,17,1,0.4207303
3348,11,0,0.5676713
3349,12,0,0.700805
3350,27,0,0.60765666
3351,4,1,0.6611758
3352,12,1,0.73321015
3353,24,1,0.37470046
3354,7,0,0.519931
3355,25,1,0.35075068
3356,8,0,0.24764758
3357,4,0,0.59828043
3358,17,1,0.61853004
3359,14,1,0.74552596
3360,15,1,0.39504248
3361,15,1,0.33413342
3362,13,1,0.48566023
3363,6,0,0.2328351
3364,0,0,0.3639862
3365,27,0,0.22036569
3366,3,0,0.30769968
3367,8,0,0.43622878
3368,11,1,0.36978891
3369,13,1,0.7311866
3370,25,1,0.31797728
3371,12,1,0.509291
3372,13,1,0.59997106
3373,23,1,0.6570524
3374,10,1,0.70179075
3375,23,1,0.22789738
3376,1,1,0.50628334
3377,11,1,0.47846156
3378,11,0,0.48537815
3379,23,1,0.3038828
3380,8,1,0.64285284
3381,18,1,0.5287221
3382,10,0,0.38464573
3383,14,0,0.2927636
3384,6,1,0.4884806
3385,11,1,0.37925282
3386,6,1,0.734198
3387,28,1,0.5483859
3388,4,1,0.5647137
3389,18,0,0.5294049
3390,10,1,0.5072668
3391,26,0,0.4250413
3392,16,0,0.6865323
3393,20,0,0.50518686
3394,2,1,0.2940029
3395,10,1,0.54026437
3396,21,1,0.40516612
3397,22,0,0.81451845
3398,19,1,0.42082182
3399,25,1,0.60829973
3400,20,0,0.4803837
3401,1,1,0.35194567
3402,0,0,0.5393653
3403,21,0,0.5154845
3404,10,0,0.34959263
3405,23,1,0.4700658
3406,16,0,0.23452835
3407,16,0,0.48876584
3408,16,1,0.76764023
3409,8,0,0.6054979
3410,26,0,0.22392088
3411,11,1,0.7120983
3412,13,0,0.57572526
3413,15,1,0.44169202
3414,27,0,0.4143571
3415,13,1,0.5473926
3416,14,0,0.4594692
3417,27,0,0.34903222
3418,3,1,0.56145126
3419,13,1,0.4510855
3420,2,1,0.48543096
3421,17,0,0.40595788
3422,14,0,0.52467656
3423,25,0,0.4090564
3424,10,1,0.696749
3425,2,1,0.50065464
3426,26,0,0.60771304
3427,22,0,0.36648747
3428,1,0,0.2621335
3429,2,0,0.5762084
3430,2,0,0.6768467
3431,11,1,0.6402736
3432,0,0,0.581716
3433,1,1,0.4504819
3434,4,1,0.28919303
3435,7,1,0.4012393
3436,2,0,0.28334224
3437,16,0,0.7337069
3438,20,0,0.5239628
3439,10,0,0.60013705
3440,11,0,0.5399367
3441,12,1,0.38941184
3442,9,0,0.6286019
3443,28,1,0.4368514
3444,25,1,0.5916376
3445,16,0,0.20684546
3446,24,0,0.36702484
3447,20,0,0.37264714
3448,10,1,0.4044024
3449,8,0,0.5053411
3450,10,0,0.5555658
3451,15,0,0.6234131
3452,20,0,0.49285612
3453,10,1,0.38735777
3454,16,0,0.7111515
3455,0,1,0.4539791
3456,19,1,0.48182267
3457,10,0,0.5190235
3458,0,0,0.57354623
3459,3,0,0.6970479
3460,12,0,0.39124513
3461,20,1,0.5291035
3462,13,0,0.4862336
3463,15,0,0.37153473
3464,7,0,0.39812043
3465,28,1,0.57414055
3466,6,0,0.4725755
3467,12,1,0.7822248
3468,6,0,0.719028
3469,10,1,0.5428841
3470,3,0,0.63739306
3471,22,0,0.42655393
3472,28,0,0.3418488
3473,28,0,0.26498157
3474,8,0,0.5276255
3475,1,1,0.59805095
3476,1,0,0.62027955
3477,1,0,0.5207727
3478,22,0,0.40733105
3479,26,0,0.59466815
3480,12,1,0.47197807
3481,10,1,0.39710158
3482,20,1,0.53952825
3483,10,0,0.2986361
3484,21,0,0.5915111
3485,23,1,0.5127857
3486,11,0,0.39629352
3487,0,1,0.79168046
3488,14,1,0.42690924
3489,28,0,0.3816172
3490,24,1,0.4145976
3491,16,1,0.6841333
3492,28,1,0.43167308
3493,7,0,0.5878501
3494,12,0,0.5189952
3495,14,0,0.28132725
3496,8,1,0.47759214
3497,2,1,0.38585454
3498,17,0,0.3072157
3499,13,0,0.4485875
3500,15,1,0.5575746
3501,24,1,0.47536063
3502,2,0,0.51679194
3503,26,1,0.52149224
3504,20,1,0.24404007
3505,1,1,0.74986535
3506,9,0,0.5283144
3507,13,1,0.41682106
3508,27,1,0.5981241
3509,10,0,0.5056831
3510,9,1,0.6256075
3511,0,0,0.48981243
3512,8,1,0.6021419
3513,13,1,0.51909983
3514,0,0,0.2584618
3515,0,0,0.45432162
3516,26,0,0.27862877
3517,8,1,0.33242682
3518,26,1,0.6850405
3519,16,1,0.6375596
3520,15,0,0.3656001
3521,16,1,0.62483793
3522,25,0,0.61474633
3523,16,0,0.32129693
3524,25,1,0.63426906
3525,19,0,0.6453074
3526,15,1,0.7360759
3527,10,1,0.5507504
3528,14,1,0.35446486
3529,26,1,0.667124
3530,8,1,0.67357236
3531,10,0,0.4886481
3532,18,1,0.6364702
3533,21,1,0.69239557
3534,1,1,0.43791583
3535,16,1,0.47008392
3536,22,1,0.7176464
3537,12,1,0.68885064
3538,27,1,0.6472054
3539,1,0,0.25775814
3540,4,1,0.69384855
3541,11,1,0.44561154
3542,15,0,0.7335073
3543,23,0,0.6336786
3544,8,0,0.43403506
3545,27,0,0.47089362
3546,2,1,0.23446076
3547,9,0,0.59333056
3548,25,1,0.6978382
3549,8,1,0.6027273
3550,10,1,0.593983
3551,3,0,0.4016094
3552,25,0,0.31888157
3553,5,1,0.50201374
3554,13,0,0.6268042
3555,17,0,0.44995037
3556,3,1,0.73595476
3557,1,1,0.71899444
3558,10,1,0.48911798
3559,18,1,0.6134714
3560,11,0,0.47076413
3561,13,1,0.73941493
3562,28,0,0.48468655
3563,17,0,0.46224093
3564,25,1,0.73373497
3565,19,1,0.526847
3566,10,0,0.30841422
3567,5,1,0.8064614
3568,2,1,0.52685803
3569,22,0,0.4430246
3570,19,1,0.4194713
3571,1,0,0.3493523
3572,20,1,0.8254429
3573,22,0,0.384656
3574,24,1,0.6076752
3575,6,1,0.32203722
3576,1,1,0.39394072
3577,16,0,0.34602696
3578,17,1,0.585335
3579,27,0,0.41141352
3580,27,1,0.7611664
3581,10,0,0.37077332
3582,7,1,0.49640024
3583,8,1,0.42283234
3584,20,0,0.31987736
3585,13,1,0.4118317
3586,19,0,0.41034657
3587,16,1,0.5502931
3588,24,0,0.4352842
3589,13,1,0.3467424
3590,7,1,0.5779555
3591,21,1,0.53397363
3592,22,1,0.47875875
3593,8,0,0.5487901
3594,16,1,0.5890877
3595,13,0,0.5025494
3596,4,0,0.27071956
3597,14,1,0.6851416
3598,12,0,0.4321345
3599,10,0,0.5377063
3600,25,1,0.39624166
3601,6,1,0.4270377
3602,22,0,0.79573625
3603,12,0,0.52412903
3604,4,0,0.44880697
3605,10,0,0.3805647
3606,25,1,0.6118353
3607,1,0,0.5043131
3608,11,1,0.44994313
3609,7,0,0.33428442
3610,14,1,0.5196681
3611,27,0,0.4314037
3612,22,1,0.6603435
3613,15,1,0.5399544
3614,3,1,0.4709442
3615,9,0,0.34640104
3616,12,1,0.58034873
3617,25,0,0.72043884
3618,25,0,0.41512942
3619,20,1,0.4417207
3620,1,1,0.57299364
3621,16,0,0.38690892
3622,18,0,0.7350893
3623,16,0,0.42116737
3624,1,0,0.51435584
3625,13,0,0.5223035
3626,17,1,0.21818647
3627,27,1,0.66670316
3628,3,0,0.4321245
3629,6,1,0.7135626
3630,18,0,0.539463
3631,15,0,0.5869091
3632,25,0,0.69563365
3633,2,1,0.52323717
3634,10,1,0.46938425
3635,4,1,0.38836113
3636,22,1,0.32843494
3637,4,1,0.6271595
3638,1,0,0.70655566
3639,14,0,0.5094797
3640,15,1,0.41605717
3641,11,0,0.3038512
3642,10,0,0.501581
3643,27,0,0.49270338
3644,28,0,0.56865174
3645,12,0,0.24025805
3646,15,0,0.57266766
3647,15,1,0.56361324
3648,18,1,0.72018313
3649,20,1,0.69614494
3650,26,1,0.5421225
3651,22,0,0.6127518
3652,22,0,0.54468334
3653,1,1,0.40583336
3654,1,0,0.40474603
3655,2,1,0.3763543
3656,1,1,0.472269
3657,8,1,0.7643435
3658,4,0,0.5299859
3659,15,1,0.74437386
3660,24,1,0.6276577
3661,18,1,0.38727137
3662,15,1,0.46355724
3663,5,0,0.5241145
3664,15,0,0.49817273
3665,20,1,0.53198427
3666,6,0,0.26963845
3667,4,0,0.24846883
3668,15,1,0.60587245
3669,11,0,0.5237303
3670,27,1,0.52027
3671,13,1,0.51622355
3672,5,0,0.4157033
3673,24,0,0.49344614
3674,25,1,0.5098291
3675,1,1,0.4288027
3676,12,0,0.550368
3677,25,0,0.19231081
3678,26,1,0.44041055
3679,23,1,0.7336405
3680,4,0,0.43464866
3681,6,1,0.4744297
3682,20,0,0.5551252
3683,5,1,0.6439094
3684,22,0,0.31577656
3685,15,0,0.47816455
3686,27,0,0.4325515
3687,11,0,0.55689806
3688,11,1,0.7115234
3689,14,1,0.60855687
3690,6,0,0.32376677
3691,26,1,0.41494173
3692,12,0,0.3597629
3693,17,1,0.1961635
3694,16,0,0.56791645
3695,7,1,0.6567744
3696,23,0,0.416624
3697,13,1,0.39606276
3698,27,1,0.6666596
3699,9,0,0.42978752
3700,23,0,0.7083967
3701,8,1,0.3673033
3702,8,1,0.44381583
3703,27,1,0.5360253
3704,16,1,0.2143398
3705,27,1,0.30613485
3706,10,1,0.4538082
3707,18,1,0.64349973
3708,7,0,0.43084025
3709,3,1,0.33335698
3710,3,1,0.43460417
3711,25,0,0.31262997
3712,12,1,0.45883083
3713,13,0,0.6833626
3714,18,1,0.5193277
3715,22,1,0.63560957
3716,2,0,0.24596544
3717,15,0,0.18922026
3718,13,1,0.43655315
3719,9,0,0.30431575
3720,25,1,0.53743976
3721,22,1,0.554591
3722,8,0,0.63140565
3723,13,0,0.14183854
3724,14,1,0.5000944
3725,24,0,0.6034051
3726,28,0,0.29909396
3727,4,1,0.5774838
3728,5,1,0.60770375
3729,20,0,0.5488265
3730,7,1,0.4609884
3731,15,0,0.61210984
3732,10,0,0.49465397
3733,2,0,0.28033295
3734,24,0,0.3713479
3735,22,1,0.60633355
3736,3,0,0.4506131
3737,20,0,0.4375568
3738,25,1,0.70903325
3739,25,0,0.34930068
3740,26,0,0.39510483
3741,1,1,0.5020731
3742,13,0,0.38155732
3743,20,1,0.45481777
3744,16,0,0.696653
3745,16,1,0.33330652
3746,6,1,0.5214132
3747,2,1,0.6725323
3748,16,0,0.2669721
3749,25,1,0.58371913
3750,26,1,0.5377243
3751,11,1,0.50370693
3752,14,0,0.5288183
3753,21,0,0.64159536
3754,6,0,0.6285992
3755,17,1,0.65541846
3756,22,0,0.51243746
3757,8,1,0.53704023
3758,21,0,0.6513471
3759,18,0,0.5675129
3760,2,1,0.5085374
3761,23,1,0.6196904
3762,23,1,0.7044472
3763,21,1,0.34109002
3764,8,0,0.44510013
3765,23,0,0.39430046
3766,12,0,0.5317036
3767,18,1,0.5051916
3768,14,1,0.5176226
3769,28,1,0.5045556
3770,18,1,0.48519173
3771,22,1,0.7100962
3772,6,1,0.4282873
3773,1,0,0.36642122
3774,12,0,0.38122466
3775,8,1,0.5026733
3776,10,0,0.23838636
3777,9,0,0.4357729
3778,10,0,0.39927903
3779,21,1,0.6467377
3780,5,1,0.3620533
3781,16,1,0.53598124
3782,20,0,0.6675704
3783,7,0,0.71070814
3784,13,1,0.546437
3785,11,0,0.5815807
3786,14,0,0.38883373
3787,16,1,0.6214329
3788,10,1,0.23270604
3789,7,1,0.4585313
3790,6,1,0.48559117
3791,11,0,0.37562904
3792,19,1,0.61804676
3793,4,0,0.453611
3794,22,1,0.49263868
3795,24,1,0.585838
3796,2,0,0.3254181
3797,13,0,0.51515836
3798,26,0,0.51067257
3799,11,0,0.48307127
3800,2,0,0.48776853
3801,17,0,0.41608793
3802,23,0,0.43884498
3803,16,0,0.42749527
3804,18,1,0.53672916
3805,2,1,0.4373622
3806,23,0,0.33543122
3807,7,0,0.32906708
3808,12,0,0.5064727
3809,2,1,0.39698872
3810,25,1,0.4608234
3811,10,0,0.6107285
3812,2,1,0.7405197
3813,26,0,0.40669966
3814,16,1,0.7230927
3815,0,1,0.27395812
3816,3,1,0.4124061
3817,17,1,0.7992355
3818,0,1,0.514096
3819,8,0,0.24251306
3820,8,0,0.33647424
3821,6,1,0.4155679
3822,16,1,0.4188861
3823,21,0,0.3889612
3824,25,0,0.64745957
3825,15,0,0.5302874
3826,1,1,0.43154138
3827,13,1,0.42248225
3828,1,0,0.49086213
3829,19,1,0.5742345
3830,17,0,0.61990446
3831,8,1,0.37937576
3832,22,0,0.43926018
3833,18,0,0.47297266
3834,26,0,0.3822252
3835,20,0,0.520374
3836,10,1,0.39292786
3837,18,0,0.37208095
3838,2,1,0.44510645
3839,4,1,0.21840504
3840,11,0,0.51871276
3841,8,0,0.51188713
3842,13,1,0.59917533
3843,6,1,0.46476746
3844,27,1,0.48347464
3845,10,1,0.5037467
3846,0,1,0.5691314
3847,12,1,0.7067747
3848,15,0,0.5010253
3849,14,0,0.32336697
3850,25,1,0.7197224
3851,15,0,0.4753888
3852,28,0,0.77893084
3853,1,1,0.57356405
3854,17,0,0.49495476
3855,25,1,0.41581428
3856,2,1,0.711922
3857,23,1,0.52462965
3858,5,1,0.5553234
3859,19,0,0.53032464
3860,4,0,0.45130277
3861,13,1,0.68132627
3862,13,1,0.7409841
3863,13,0,0.3729099
3864,11,1,0.5895312
3865,10,1,0.53038013
3866,8,1,0.45504722
3867,28,1,0.4443563
3868,18,1,0.47653767
3869,20,0,0.435754
3870,21,0,0.51864374
3871,13,0,0.44250882
3872,13,1,0.767052
3873,16,0,0.40730292
3874,10,1,0.43075857
3875,20,1,0.57347786
3876,18,0,0.30856568
3877,18,1,0.4872201
3878,6,0,0.61971307
3879,3,0,0.6253278
3880,14,1,0.27782238
3881,16,0,0.49146375
3882,20,1,0.30542773
3883,8,1,0.47693822
3884,2,0,0.44513413
3885,15,1,0.5429174
3886,12,0,0.44228518
3887,16,1,0.6698901
3888,12,1,0.61757034
3889,11,1,0.4814457
3890,8,0,0.25728062
3891,13,1,0.49323156
3892,23,1,0.74215084
3893,20,0,0.3764362
3894,12,1,0.578645
3895,1,1,0.609728
3896,15,0,0.2512049
3897,2,1,0.61339766
3898,13,0,0.41842508
3899,18,1,0.60893303
3900,16,1,0.5109118
3901,20,1,0.38165873
3902,11,1,0.6733038
3903,1,1,0.402394
3904,0,1,0.46856385
3905,6,1,0.62758553
3906,23,0,0.7124314
3907,18,1,0.72459984
3908,13,0,0.4620958
3909,10,0,0.5840766
3910,10,0,0.43635023
3911,10,1,0.5159818
3912,14,1,0.6867852
3913,10,1,0.3599233
3914,8,0,0.5935482
3915,8,1,0.5498597
3916,6,0,0.5350758
3917,18,0,0.47802913
3918,11,1,0.7405478
3919,25,1,0.42543763
3920,0,0,0.67679256
3921,18,0,0.46824798
3922,6,1,0.541102
3923,14,1,0.4683474
3924,8,1,0.57487434
3925,15,1,0.59967685
3926,23,0,0.44418633
3927,24,0,0.30740055
3928,26,0,0.5235991
3929,28,0,0.2378042
3930,26,1,0.4388661
3931,20,0,0.35473117
3932,18,0,0.47852772
3933,16,0,0.41782853
3934,19,0,0.35402295
3935,18,0,0.45037374
3936,8,0,0.42888963
3937,21,1,0.40107194
3938,21,1,0.2617443
3939,16,0,0.41921225
3940,4,1,0.61695176
3941,22,0,0.7022999
3942,3,0,0.25492737
3943,10,0,0.52386016
3944,11,0,0.40964636
3945,6,1,0.39167646
3946,22,1,0.6270024
3947,6,1,0.5214553
3948,28,0,0.3094175
3949,10,1,0.4853857
3950,26,1,0.3609546
3951,27,0,0.2110836
3952,3,0,0.6953061
3953,8,1,0.63480633
3954,5,0,0.24412313
3955,21,0,0.35459396
3956,10,0,0.63364893
3957,18,1,0.7109283
3958,16,0,0.3923012
3959,26,0,0.6184379
3960,15,1,0.45119703
3961,16,1,0.40510988
3962,28,1,0.5196779
3963,4,1,0.5057322
3964,13,1,0.5921704
3965,15,0,0.44142836
3966,10,0,0.48173714
3967,22,1,0.27184862
3968,12,1,0.6309513
3969,13,1,0.6689674
3970,15,0,0.38068375
3971,6,1,0.5129451
3972,27,0,0.35025367
3973,16,1,0.48759553
3974,26,1,0.37349632
3975,13,1,0.5429281
3976,3,1,0.59640217
3977,25,1,0.78088903
3978,25,0,0.67132306
3979,4,0,0.5210967
3980,28,0,0.5041279
3981,20,1,0.56136334
3982,26,1,0.71442044
3983,16,1,0.6270715
3984,13,1,0.58907795
3985,18,0,0.43929598
3986,13,1,0.5832016
3987,2,1,0.45079422
3988,2,0,0.42149693
3989,20,1,0.46102643
3990,16,1,0.4392831
3991,25,1,0.3448304
3992,22,0,0.392434
3993,8,0,0.5236704
3994,21,0,0.7063587
3995,8,1,0.51670736
3996,25,0,0.5555223
3997,26,1,0.6774998
3998,22,0,0.47674605
3999,17,0,0.47844982
4000,23,1,0.5227306
4001,10,1,0.51783377
4002,5,1,0.29134354
4003,13,1,0.6925026
4004,21,0,0.3024011
4005,27,1,0.4097233
4006,23,1,0.3932406
4007,20,1,0.43848467
4008,15,1,0.3578675
4009,20,0,0.42462867
4010,20,1,0.45492858
4011,8,1,0.7614146
4012,16,1,0.37135673
4013,26,1,0.52314824
4014,27,0,0.5380534
4015,11,0,0.19782178
4016,3,1,0.6016932
4017,12,0,0.2740679
4018,10,0,0.34013307
4019,26,0,0.37032598
4020,11,1,0.5337156
4021,25,1,0.49747095
4022,20,0,0.63410354
4023,0,0,0.6725352
4024,19,1,0.62385404
4025,3,1,0.7479975
4026,13,0,0.50291246
4027,22,0,0.38187408
4028,1,0,0.46906644
4029,8,1,0.48000544
4030,5,0,0.44411898
4031,26,1,0.71375346
4032,15,0,0.4946413
4033,11,0,0.6043598
4034,15,0,0.64553636
4035,9,1,0.38870347
4036,11,1,0.31636015
4037,16,0,0.29184484
4038,1,0,0.36620682
4039,8,1,0.6923853
4040,5,1,0.46426934
4041,11,0,0.40310723
4042,1,0,0.4385013
4043,25,1,0.76124686
4044,2,1,0.6536247
4045,13,0,0.50061786
4046,13,0,0.30176437
4047,26,0,0.47444054
4048,13,1,0.59734976
4049,25,0,0.36926073
4050,13,1,0.52406603
4051,2,0,0.5652905
4052,18,0,0.49686703
4053,20,0,0.42773932
4054,16,0,0.46497476
4055,17,0,0.27886984
4056,27,1,0.5013669
4057,10,1,0.6726608
4058,25,1,0.3890908
4059,26,1,0.427197
4060,0,1,0.7421379
4061,4,0,0.40798262
4062,22,1,0.6295432
4063,19,1,0.36467946
4064,1,1,0.34533992
4065,15,1,0.7443702
4066,25,0,0.47490776
4067,21,1,0.48364133
4068,27,1,0.6864675
4069,17,0,0.44617668
4070,2,1,0.71677655
4071,26,1,0.50614613
4072,3,0,0.47072127
4073,14,0,0.75902456
4074,24,1,0.3849136
4075,25,0,0.40475842
4076,2,0,0.5308818
4077,7,0,0.76266366
4078,15,0,0.37149167
4079,10,1,0.29238847
4080,16,1,0.46295696
4081,8,1,0.47472382
4082,12,0,0.5296926
4083,26,0,0.39366415
4084,20,1,0.5232444
4085,22,1,0.7298209
4086,1,1,0.7556105
4087,17,0,0.40907076
4088,1,1,0.3275903
4089,27,0,0.47648966
4090,21,1,0.368953
4091,27,1,0.30713293
4092,9,1,0.6953585
4093,6,0,0.34883836
4094,28,0,0.38200158
4095,16,0,0.4464747
4096,17,1,0.28077373
4097,18,1,0.592467
4098,8,0,0.4462572
4099,6,1,0.48630852
4100,25,0,0.4813188
4101,18,1,0.63046277
4102,9,1,0.42788053
4103,24,0,0.45828515
4104,16,1,0.7233689
4105,21,1,0.31902996
4106,20,0,0.36126196
4107,20,1,0.60985607
4108,11,1,0.41003585
4109,5,1,0.75994647
4110,25,0,0.29947206
4111,25,0,0.36177242
4112,20,1,0.5176827
4113,24,0,0.37340683
4114,8,1,0.40226525
4115,11,0,0.38282716
4116,21,1,0.35787237
4117,23,0,0.35514894
4118,28,0,0.62073797
4119,19,1,0.36538798
4120,13,0,0.4403649
4121,6,0,0.51446515
4122,27,0,0.50904804
4123,10,1,0.41187537
4124,21,1,0.6768141
4125,14,1,0.63455826
4126,26,1,0.43805268
4127,13,0,0.5149485
4128,25,1,0.4156095
4129,11,0,0.43904868
4130,1,1,0.594863
4131,28,0,0.40482503
4132,21,1,0.67223847
4133,26,1,0.47935194
4134,15,1,0.65780944
4135,20,1,0.5881869
4136,22,1,0.55741036
4137,21,0,0.37251103
4138,20,0,0.6087262
4139,27,1,0.5315886
4140,11,1,0.64712065
4141,28,1,0.6526378
4142,24,1,0.5630168
4143,8,1,0.4176355
4144,8,1,0.48218226
4145,24,0,0.6036988
4146,17,1,0.46087676
4147,4,1,0.34946403
4148,21,1,0.52225244
4149,20,0,0.58444834
4150,1,0,0.29524347
4151,25,0,0.5977598
4152,18,1,0.40676764
4153,2,1,0.46421888
4154,17,1,0.5469903
4155,7,1,0.56286275
4156,0,0,0.55767524
4157,5,1,0.49395823
4158,8,1,0.6772409
4159,2,0,0.509952
4160,15,0,0.27364203
4161,19,0,0.47377655
4162,19,0,0.39671406
4163,10,1,0.65573734
4164,1,1,0.36190704
4165,16,0,0.44983637
4166,27,0,0.42280838
4167,7,0,0.42761922
4168,20,1,0.4076607
4169,1,1,0.59251505
4170,2,0,0.4872823
4171,13,1,0.71889687
4172,14,0,0.61442584
4173,27,0,0.4015027
4174,11,0,0.5874506
4175,7,1,0.36563677
4176,25,0,0.5462782
4177,16,1,0.5120515
4178,7,1,0.3091927
4179,8,0,0.575201
4180,16,0,0.49033937
4181,7,1,0.43360224
4182,21,1,0.46523565
4183,16,1,0.53720057
4184,12,0,0.3944873
4185,8,1,0.48895797
4186,12,0,0.6090396
4187,12,0,0.45861623
4188,24,1,0.59699476
4189,0,1,0.35861123
4190,9,1,0.6957405
4191,13,0,0.53261673
4192,6,1,0.5036581
4193,16,0,0.26717007
4194,16,1,0.5023007
4195,16,1,0.50585175
4196,26,0,0.52376866
4197,23,1,0.6317278
4198,25,1,0.5142696
4199,25,1,0.39192384
4200,28,1,0.72789407
4201,21,0,0.4659174
4202,16,1,0.5264572
4203,16,0,0.36475557
4204,3,1,0.41455862
4205,8,1,0.6329817
4206,13,1,0.7486855
4207,16,0,0.5320679
4208,14,0,0.32983297
4209,4,0,0.23061973
4210,5,0,0.29444745
4211,7,1,0.65740347
4212,18,0,0.3871981
4213,10,0,0.7279821
4214,13,0,0.4529667
4215,18,1,0.58404243
4216,1,0,0.51095283
4217,20,1,0.5838516
4218,14,0,0.51463467
4219,12,0,0.2586135
4220,27,0,0.45469242
4221,19,1,0.35970506
4222,20,1,0.64592355
4223,10,1,0.49009126
4224,5,0,0.26949662
4225,1,0,0.52354264
4226,13,1,0.38099903
4227,27,0,0.7337095
4228,25,0,0.42875198
4229,7,1,0.5304025
4230,17,0,0.4453612
4231,3,0,0.55226743
4232,20,1,0.5763463
4233,22,0,0.3855588
4234,26,1,0.42620718
4235,25,1,0.58056307
4236,7,0,0.42681488
4237,12,1,0.5015532
4238,18,0,0.26835567
4239,20,1,0.52078384
4240,22,1,0.74156994
4241,1,0,0.5017306
4242,24,0,0.29715964
4243,16,1,0.4340747
4244,16,0,0.6796462
4245,7,0,0.41406232
4246,25,0,0.3134558
4247,22,1,0.596364
4248,19,0,0.48563665
4249,1,0,0.55338514
4250,14,0,0.3180365
4251,20,0,0.41443676
4252,8,0,0.6186545
4253,12,1,0.5280917
4254,13,1,0.5867585
4255,28,1,0.6357672
4256,9,1,0.47908702
4257,4,1,0.29697138
4258,11,1,0.38535744
4259,6,0,0.5516933
4260,27,1,0.391139
4261,6,0,0.25350565
4262,13,0,0.59005785
4263,26,0,0.70592356
4264,6,0,0.353505
4265,15,0,0.41860732
4266,26,1,0.6021401
4267,17,1,0.35494065
4268,10,1,0.44470197
4269,16,1,0.5608886
4270,16,1,0.62275153
4271,26,0,0.46173766
4272,3,1,0.42464787
4273,15,1,0.38469175
4274,1,0,0.622871
4275,13,1,0.7469152
4276,15,0,0.72008646
4277,28,0,0.38747886
4278,8,1,0.46077293
4279,10,0,0.6469143
4280,0,0,0.6322053
4281,18,1,0.3041571
4282,2,1,0.737756
4283,3,0,0.45924014
4284,28,1,0.49401966
4285,12,0,0.46546933
4286,10,1,0.7641916
4287,22,0,0.4570364
4288,13,1,0.61540866
4289,1,1,0.7600551
4290,16,1,0.52239627
4291,0,0,0.5720747
4292,16,1,0.43217444
4293,8,1,0.38709718
4294,12,0,0.24047677
4295,26,1,0.32455638
4296,8,1,0.59545165
4297,9,1,0.74073595
4298,11,1,0.42271847
4299,16,0,0.25125718
4300,13,1,0.5767944
4301,2,0,0.29291242
4302,15,0,0.5960536
4303,24,0,0.5447709
4304,3,0,0.42387283
4305,8,0,0.4372633
4306,5,0,0.30893356
4307,3,0,0.51521623
4308,11,1,0.3980728
4309,26,1,0.38144445
4310,13,1,0.49820378
4311,13,1,0.56177664
4312,18,1,0.5760272
4313,20,1,0.6269956
4314,17,1,0.6363263
4315,25,0,0.45141724
4316,19,1,0.639642
4317,17,0,0.3569144
4318,18,1,0.34702402
4319,1,0,0.29536855
4320,10,0,0.4339735
4321,8,1,0.5531296
4322,9,1,0.65587246
4323,16,0,0.5449166
4324,13,1,0.50459504
4325,10,0,0.51812965
4326,19,1,0.672914
4327,23,1,0.57377535
4328,20,0,0.6184255
4329,16,1,0.52355987
4330,15,0,0.38997692
4331,15,0,0.42529583
4332,18,0,0.38318956
4333,25,1,0.6944768
4334,20,0,0.54270595
4335,22,0,0.30679077
4336,4,0,0.4442249
4337,19,1,0.67112416
4338,11,1,0.41726226
4339,18,1,0.622205
4340,24,0,0.70573324
4341,20,0,0.64022243
4342,12,1,0.45747092
4343,2,1,0.6887073
4344,0,0,0.7238564
4345,10,0,0.44094208
4346,1,1,0.723579
4347,7,1,0.7370484
4348,27,0,0.48145932
4349,20,0,0.57397884
4350,11,0,0.5589689
4351,2,1,0.67441976
4352,20,0,0.31902766
4353,14,1,0.68532276
4354,23,0,0.4693118
4355,21,0,0.30681032
4356,12,1,0.3044483
4357,18,1,0.717352
4358,4,0,0.5294733
4359,13,1,0.6050274
4360,12,1,0.52348995
4361,26,1,0.3366739
4362,3,0,0.44468108
4363,24,0,0.3215456
4364,6,1,0.48886463
4365,10,0,0.50120103
4366,16,1,0.5249223
4367,11,0,0.7110386
4368,15,1,0.764587
4369,15,0,0.50851005
4370,8,1,0.44623226
4371,27,1,0.74331367
4372,25,0,0.5382524
4373,25,1,0.74331915
4374,18,1,0.36095816
4375,3,0,0.5678213
4376,14,0,0.23493142
4377,17,1,0.6031872
4378,12,0,0.31995934
4379,9,0,0.3718437
4380,1,1,0.3065258
4381,9,1,0.80728555
4382,5,0,0.34260073
4383,10,0,0.3723229
4384,2,0,0.5734894
4385,13,0,0.2702732
4386,25,0,0.663067
4387,7,1,0.358851
4388,7,0,0.4266888
4389,27,0,0.56776863
4390,23,0,0.35147765
4391,28,0,0.5100186
4392,23,1,0.68770015
4393,4,0,0.57937235
4394,2,0,0.4082031
4395,7,0,0.43752298
4396,22,0,0.38983425
4397,13,0,0.62971187
4398,8,0,0.6745369
4399,12,1,0.5206542
4400,16,0,0.73031664
4401,27,0,0.6087336
4402,1,1,0.7275465
4403,18,0,0.25553387
4404,18,1,0.45580432
4405,10,1,0.5328355
4406,13,0,0.6629548
4407,22,0,0.3972478
4408,17,0,0.3137765
4409,10,0,0.47264344
4410,11,0,0.5807985
4411,17,0,0.35487175
4412,17,1,0.45502874
4413,17,0,0.41848472
4414,27,0,0.3517152
4415,10,0,0.36086822
4416,25,1,0.5585518
4417,6,1,0.5191861
4418,8,1,0.5627378
4419,3,1,0.7180864
4420,12,1,0.7626779
4421,6,1,0.7783702
4422,0,1,0.5113632
4423,18,1,0.553513
4424,15,0,0.3651388
4425,25,0,0.6749466
4426,2,1,0.6063693
4427,16,0,0.6229068
4428,6,1,0.58367413
4429,16,0,0.3334467
4430,12,1,0.6560447
4431,24,0,0.45686153
4432,24,1,0.6115855
4433,15,1,0.5285549
4434,14,0,0.575388
4435,11,0,0.62908953
4436,23,0,0.39352238
4437,17,0,0.69340914
4438,2,0,0.47627506
4439,13,0,0.27500945
4440,6,1,0.44286326
4441,27,1,0.62163335
4442,1,1,0.43696856
4443,1,0,0.66910756
4444,22,1,0.34309644
4445,13,1,0.59600836
4446,16,1,0.5830731
4447,25,1,0.6509081
4448,13,0,0.6204622
4449,26,0,0.5955592
4450,1,1,0.5541177
4451,13,0,0.67027766
4452,26,1,0.6483484
4453,20,1,0.35179532
4454,17,1,0.4045035
4455,16,1,0.3890855
4456,19,1,0.45981055
4457,16,0,0.38727596
4458,17,0,0.50414056
4459,5,0,0.40245345
4460,20,1,0.53860587
4461,13,0,0.6706664
4462,10,1,0.7041717
4463,21,1,0.42665303
4464,6,1,0.26703686
4465,22,0,0.60189193
4466,8,1,0.7781875
4467,13,0,0.40469325
4468,11,1,0.6156148
4469,15,0,0.54299355
4470,18,0,0.25906107
4471,11,1,0.70749664
4472,3,1,0.57092685
4473,11,1,0.42601427
4474,3,0,0.47173634
4475,7,1,0.37143335
4476,5,1,0.46008185
4477,3,0,0.5543391
4478,25,1,0.5370804
4479,8,0,0.3029598
4480,21,1,0.51541275
4481,1,0,0.56273544
4482,16,0,0.4506158
4483,15,0,0.4391271
4484,11,0,0.42936704
4485,26,0,0.49787748
4486,22,0,0.6113249
4487,16,0,0.3332078
4488,16,0,0.48946068
4489,20,0,0.56787175
4490,25,0,0.42555723
4491,9,1,0.38072976
4492,21,1,0.773422
4493,3,1,0.56636214
4494,26,1,0.5865254
4495,8,1,0.77365834
4496,9,1,0.37975723
4497,9,0,0.46040052
4498,1,1,0.38979825
4499,27,0,0.43318444
4500,18,1,0.6679146
4501,13,0,0.4738501
4502,20,1,0.43133065
4503,15,1,0.5468348
4504,20,0,0.37127712
4505,14,1,0.38573867
4506,21,0,0.43979502
4507,16,0,0.45755932
4508,6,0,0.56692165
4509,12,1,0.7415646
4510,21,0,0.30943668
4511,22,1,0.43167958
4512,8,1,0.63784254
4513,26,0,0.31071895
4514,14,0,0.35770002
4515,10,0,0.5924395
4516,19,1,0.6660628
4517,7,1,0.5896347
4518,23,0,0.6155312
4519,10,1,0.5004394
4520,10,0,0.20245914
4521,15,0,0.63349015
4522,20,1,0.5020391
4523,27,1,0.69092184
4524,7,1,0.54756933
4525,7,1,0.5262874
4526,22,1,0.44784078
4527,16,1,0.45022738
4528,2,1,0.6185042
4529,9,1,0.30683932
4530,5,1,0.4113701
4531,8,0,0.25151068
4532,26,1,0.48076192
4533,27,0,0.6140156
4534,13,1,0.76275235
4535,20,0,0.65624046
4536,1,0,0.7375883
4537,9,1,0.8000505
4538,16,0,0.57490283
4539,24,1,0.51692706
4540,1,1,0.37836033
4541,13,0,0.23327696
4542,28,1,0.5039717
4543,13,1,0.42485952
4544,20,1,0.66851693
4545,6,0,0.37922463
4546,7,1,0.5032269
4547,26,1,0.78585416
4548,15,0,0.24059439
4549,16,0,0.5793333
4550,13,0,0.25727433
4551,22,1,0.65376204
4552,13,0,0.38904375
4553,6,0,0.30372858
4554,28,1,0.66345584
4555,14,0,0.44825235
4556,8,0,0.62454474
4557,12,0,0.4604741
4558,8,1,0.65398216
4559,12,1,0.7282263
4560,1,0,0.48083168
4561,25,0,0.29889584
4562,12,1,0.5280679
4563,11,0,0.57979745
4564,13,0,0.76091206
4565,15,0,0.47889674
4566,10,1,0.52585363
4567,15,0,0.39385855
4568,8,1,0.4955229
4569,1,0,0.7399065
4570,1,1,0.75273705
4571,3,0,0.5374151
4572,3,0,0.29573324
4573,2,1,0.36501244
4574,3,1,0.5521164
4575,17,1,0.52460444
4576,3,1,0.4238378
4577,7,0,0.4385459
4578,8,1,0.3635889
4579,16,0,0.49170607
4580,21,1,0.64445335
4581,9,1,0.46580055
4582,26,1,0.70418394
4583,24,0,0.43068087
4584,17,1,0.41901013
4585,6,1,0.26821655
4586,16,0,0.41830748
4587,15,0,0.4830319
4588,17,0,0.4933802
4589,10,1,0.30182803
4590,24,1,0.4924415
4591,13,0,0.39393958
4592,1,0,0.26923972
4593,25,0,0.28440645
4594,13,1,0.6210702
4595,25,0,0.4215457
4596,23,0,0.49660078
4597,22,0,0.45292076
4598,12,0,0.5455852
4599,19,1,0.7352528
4600,12,0,0.45410538
4601,16,1,0.71040654
4602,25,0,0.40473446
4603,15,1,0.548175
4604,10,1,0.5761056
4605,24,1,0.7733075
4606,6,1,0.61428314
4607,12,0,0.3978872
4608,25,1,0.630143
4609,9,1,0.39711064
4610,25,0,0.56289715
4611,2,1,0.5754168
4612,21,0,0.517078
4613,26,0,0.24448082
4614,21,1,0.7231882
4615,8,1,0.44236976
4616,1,1,0.5774983
4617,13,1,0.48927122
4618,11,1,0.60952485
4619,14,0,0.24479821
4620,18,1,0.50832033
4621,2,1,0.35487598
4622,26,1,0.5769991
4623,10,1,0.6244403
4624,27,1,0.6619794
4625,5,1,0.5416786
4626,26,0,0.31094143
4627,4,1,0.5693875
4628,2,1,0.26821274
4629,15,0,0.30564755
4630,18,1,0.51108444
4631,1,1,0.55485195
4632,1,1,0.6593634
4633,28,0,0.50703704
4634,8,0,0.41166362
4635,9,1,0.4996306
4636,10,1,0.36103246
4637,13,1,0.39905468
4638,13,1,0.7239046
4639,9,0,0.4369311
4640,15,0,0.36258033
4641,4,0,0.47981536
4642,11,0,0.6615448
4643,25,0,0.40348503
4644,10,1,0.62306136
4645,28,1,0.56502044
4646,8,0,0.43343925
4647,22,1,0.7081557
4648,26,1,0.6682309
4649,8,1,0.49792004
4650,7,1,0.6345749
4651,6,0,0.536311
4652,22,1,0.6406373
4653,16,1,0.4918057
4654,18,0,0.45588577
4655,1,1,0.56294876
4656,16,0,0.28956258
4657,12,1,0.6414424
4658,23,1,0.64473486
4659,25,0,0.46590197
4660,24,0,0.5511286
4661,25,1,0.38691047
4662,13,1,0.5717248
4663,25,0,0.49065632
4664,26,1,0.42515036
4665,7,0,0.58695745
4666,15,0,0.48231336
4667,22,0,0.6274934
4668,27,1,0.7083534
4669,24,1,0.70647305
4670,26,1,0.30984125
4671,1,0,0.37290218
4672,25,0,0.41859055
4673,2,1,0.5907176
4674,6,1,0.485519
4675,16,0,0.39058653
4676,15,1,0.695685
4677,0,1,0.40195125
4678,5,0,0.5041394
4679,20,1,0.80100024
4680,6,1,0.4511653
4681,13,1,0.6578428
4682,15,0,0.58557594
4683,2,0,0.56173265
4684,25,1,0.5128368
4685,3,0,0.48407856
4686,28,0,0.48545527
4687,9,0,0.27886412
4688,16,1,0.67646587
4689,12,0,0.3658551
4690,28,1,0.699375
4691,10,1,0.53267515
4692,14,0,0.22580056
4693,18,0,0.75774634
4694,5,1,0.7225234
4695,4,1,0.6228724
4696,11,0,0.58218426
4697,2,0,0.62659866
4698,12,1,0.47583017
4699,16,0,0.7377637
4700,16,1,0.553492
4701,21,0,0.35249338
4702,18,0,0.5100998
4703,11,1,0.7680507
4704,12,1,0.43622407
4705,1,1,0.74324757
4706,12,0,0.445831
4707,0,1,0.33062348
4708,8,1,0.44135013
4709,13,0,0.5139598
4710,0,0,0.34743673
4711,22,0,0.48891369
4712,19,1,0.50822884
4713,8,0,0.37925133
4714,6,0,0.39160162
4715,18,1,0.6788544
4716,16,0,0.20672338
4717,25,1,0.6263279
4718,12,1,0.56681454
4719,23,0,0.7010533
4720,13,0,0.3459583
4721,23,0,0.48061642
4722,11,0,0.52954346
4723,4,0,0.43497744
4724,8,1,0.4365607
4725,2,0,0.6968597
4726,16,0,0.47609147
4727,11,0,0.5586509
4728,22,0,0.44516805
4729,10,1,0.45540887
4730,12,1,0.34689906
4731,15,0,0.6915663
4732,1,0,0.363945
4733,3,1,0.7920941
4734,17,0,0.3299755
4735,11,1,0.48861325
4736,6,0,0.42428792
4737,19,0,0.67008334
4738,15,1,0.4578356
4739,3,0,0.4828476
4740,8,0,0.52817106
4741,7,0,0.5552007
4742,19,0,0.41122112
4743,22,1,0.55057955
4744,16,0,0.29187116
4745,11,0,0.17935655
4746,9,1,0.47985744
4747,6,0,0.6239205
4748,17,0,0.5127204
4749,12,0,0.32396093
4750,16,0,0.3769105
4751,8,1,0.59735477
4752,13,1,0.39196754
4753,9,0,0.6922203
4754,20,1,0.33886844
4755,1,1,0.4618277
4756,13,0,0.21810557
4757,8,0,0.48187074
4758,12,0,0.2931763
4759,0,0,0.48330495
4760,5,1,0.48876333
4761,6,0,0.38205564
4762,6,0,0.6673603
4763,0,1,0.5285697
4764,13,1,0.7302555
4765,4,0,0.43536854
4766,17,0,0.45456737
4767,13,0,0.6014798
4768,15,0,0.46621752
4769,3,1,0.6618264
4770,22,0,0.35832384
4771,11,1,0.66368854
4772,8,1,0.44303373
4773,27,0,0.3360452
4774,25,0,0.547045
4775,9,0,0.368684
4776,23,0,0.3872502
4777,26,0,0.3781198
4778,26,0,0.44222143
4779,24,1,0.7117989
4780,2,0,0.51464087
4781,15,0,0.18793656
4782,16,0,0.69227433
4783,15,0,0.61986756
4784,13,0,0.5496744
4785,20,1,0.73429644
4786,1,0,0.42760736
4787,25,0,0.48426262
4788,12,1,0.7878309
4789,15,1,0.36402482
4790,14,1,0.6014627
4791,20,0,0.71600306
4792,24,0,0.43331665
4793,2,1,0.5062861
4794,13,0,0.49593046
4795,13,1,0.47448692
4796,18,0,0.44637236
4797,13,0,0.6574519
4798,3,0,0.467309
4799,11,0,0.5395599
4800,4,0,0.54192764
4801,15,0,0.4730556
4802,22,0,0.58101314
4803,8,1,0.5491025
4804,7,0,0.6640209
4805,13,1,0.6704561
4806,6,1,0.6687483
4807,16,0,0.36694005
4808,13,1,0.4043437
4809,27,1,0.44914177
4810,26,0,0.26629278
4811,20,1,0.5379451
4812,9,1,0.5163397
4813,11,1,0.3550843
4814,2,1,0.5790534
4815,18,1,0.48140272
4816,19,1,0.45013106
4817,6,0,0.35801086
4818,27,0,0.5425064
4819,21,0,0.4147647
4820,14,0,0.5355666
4821,15,0,0.35583282
4822,6,0,0.42742208
4823,10,0,0.51740783
4824,20,1,0.5937467
4825,23,0,0.54633766
4826,10,1,0.56966776
4827,17,1,0.6965357
4828,15,1,0.5507011
4829,20,1,0.5291153
4830,9,0,0.37240383
4831,9,1,0.44127175
4832,23,1,0.6572737
4833,26,0,0.5968
4834,20,0,0.5586175
4835,25,1,0.43238875
4836,2,1,0.7007392
4837,4,1,0.42043093
4838,13,0,0.43888223
4839,25,0,0.7870225
4840,6,1,0.7205944
4841,11,1,0.52313477
4842,6,1,0.5997561
4843,17,1,0.723874
4844,22,0,0.5854603
4845,17,0,0.7502701
4846,15,1,0.7236706
4847,21,1,0.46886048
4848,16,1,0.5360435
4849,3,1,0.4370323
4850,20,0,0.50910777
4851,17,0,0.7087716
4852,10,0,0.38189605
4853,4,1,0.6570094
4854,2,1,0.71396065
4855,22,1,0.5494867
4856,3,1,0.7904415
4857,8,1,0.4523556
4858,3,0,0.4479896
4859,28,0,0.52862966
4860,5,0,0.4421864
4861,26,1,0.37565482
4862,22,0,0.459171
4863,20,1,0.2978663
4864,15,1,0.47091302
4865,1,1,0.7400041
4866,11,1,0.3237726
4867,28,0,0.5049424
4868,20,0,0.68580675
4869,4,0,0.60188293
4870,4,0,0.59221065
4871,18,1,0.493059
4872,25,1,0.71906924
4873,22,0,0.43155044
4874,16,0,0.52707756
4875,23,0,0.3645143
4876,2,1,0.6554451
4877,0,0,0.66496956
4878,10,0,0.41020548
4879,15,1,0.57879764
4880,23,0,0.6762041
4881,28,1,0.6075102
4882,16,1,0.5199907
4883,13,0,0.62287486
4884,17,1,0.62329024
4885,17,0,0.631673
4886,12,1,0.5322393
4887,12,1,0.4060823
4888,20,1,0.69537795
4889,4,0,0.43641737
4890,19,0,0.46644953
4891,16,0,0.44555876
4892,20,1,0.6552059
4893,20,0,0.18496782
4894,20,1,0.4191221
4895,28,0,0.37621772
4896,16,0,0.2986393
4897,28,0,0.3599184
4898,15,1,0.5060919
4899,1,1,0.32074553
4900,11,0,0.31192583
4901,3,1,0.53649145
4902,10,1,0.60131174
4903,27,1,0.71736497
4904,22,0,0.4877093
4905,7,1,0.35614896
4906,0,0,0.7090662
4907,26,1,0.37248886
4908,25,0,0.5368144
4909,19,0,0.43174604
4910,16,0,0.3943545
4911,9,1,0.41504297
4912,3,0,0.47451854
4913,0,0,0.65071934
4914,25,0,0.31363797
4915,8,1,0.5840892
4916,8,0,0.6073861
4917,15,0,0.5424965
4918,26,1,0.3072264
4919,12,0,0.4863118
4920,0,1,0.43426335
4921,16,1,0.46505323
4922,18,0,0.4897357
4923,2,1,0.77319235
4924,16,1,0.58528715
4925,16,0,0.726248
4926,10,1,0.6968652
4927,28,0,0.6678932
4928,2,0,0.3761226
4929,2,1,0.4526302
4930,10,1,0.8359627
4931,10,1,0.5106786
4932,25,0,0.8365945
4933,16,0,0.5981429
4934,3,1,0.45864716
4935,9,0,0.5429178
4936,25,1,0.37164697
4937,13,1,0.81086063
4938,24,1,0.6560626
4939,25,1,0.5095532
4940,25,1,0.5841875
4941,11,1,0.7731084
4942,6,0,0.49686196
4943,18,1,0.7728998
4944,3,1,0.4461589
4945,13,1,0.66423935
4946,27,1,0.6733579
4947,10,0,0.59770346
4948,22,1,0.5358688
4949,3,1,0.7870355
4950,16,1,0.5634582
4951,14,1,0.73166335
4952,15,1,0.51161796
4953,8,0,0.6293485
4954,21,0,0.44526654
4955,13,1,0.58363765
4956,9,0,0.3913412
4957,21,0,0.54726386
4958,9,0,0.4766332
4959,10,1,0.7276928
4960,17,1,0.6974267
4961,8,1,0.4798697
4962,10,1,0.7567912
4963,1,0,0.60016435
4964,18,0,0.5285166
4965,17,1,0.538217
4966,22,1,0.40460658
4967,13,0,0.1408336
4968,10,0,0.6777575
4969,25,1,0.5706327
4970,18,1,0.30654174
4971,10,1,0.7405118
4972,4,0,0.53329927
4973,25,0,0.33434394
4974,25,0,0.5584066
4975,7,0,0.27120474
4976,5,0,0.40070215
4977,13,1,0.4686322
4978,26,0,0.32941303
4979,2,1,0.31124187
4980,1,1,0.43602717
4981,14,1,0.7365393
4982,12,1,0.38707602
4983,8,1,0.48147002
4984,11,0,0.42748564
4985,13,0,0.41093147
4986,18,1,0.71919554
4987,25,0,0.33276963
4988,13,0,0.40089452
4989,22,1,0.601707
4990,20,0,0.4310612
4991,13,1,0.6648339
4992,2,0,0.4788566
4993,16,1,0.7056809
4994,3,0,0.5066959
4995,8,1,0.6624131
4996,3,0,0.51427704
4997,12,0,0.46371314
4998,22,0,0.37623897
4999,25,1,0.46210125
5000,16,1,0.4098753
5001,2,1,0.77720165
5002,27,0,0.314463
5003,25,1,0.67387766
5004,27,0,0.3952599
5005,25,0,0.5674621
5006,26,0,0.55221796
5007,6,1,0.4145893
5008,17,0,0.29402816
5009,26,0,0.44481575
5010,21,1,0.6876571
5011,2,0,0.17456582
5012,1,1,0.6556971
5013,25,1,0.6148952
5014,16,0,0.20718683
5015,2,0,0.3342847
5016,10,1,0.61124307
5017,28,0,0.30186644
5018,22,0,0.5340895
5019,14,1,0.3646858
5020,20,1,0.4925674
5021,15,1,0.5043068
5022,28,0,0.38553447
5023,12,1,0.5219938
5024,20,0,0.6123521
5025,2,0,0.32590437
5026,23,0,0.5655007
5027,8,1,0.58462065
5028,15,1,0.63327587
5029,23,0,0.5362227
5030,23,1,0.48968044
5031,8,1,0.54654
5032,21,0,0.5931553
5033,0,1,0.5914387
5034,1,1,0.7280384
5035,16,1,0.4650734
5036,27,1,0.55625904
5037,2,0,0.44655985
5038,14,0,0.54720104
5039,3,0,0.2930254
5040,13,1,0.52225894
5041,3,1,0.32274416
5042,26,0,0.39711124
5043,2,1,0.5453166
5044,19,1,0.48705852
5045,16,1,0.49455756
5046,17,0,0.48080307
5047,10,1,0.49271253
5048,27,0,0.4516153
5049,25,1,0.65481544
5050,26,1,0.4716488
5051,19,1,0.32811058
5052,27,1,0.5722898
5053,25,1,0.45714226
5054,24,1,0.59084153
5055,26,1,0.68045473
5056,12,0,0.490041
5057,25,1,0.4154862
5058,5,0,0.6432892
5059,28,1,0.42976338
5060,10,1,0.63788295
5061,6,0,0.48766917
5062,16,1,0.42938614
5063,21,1,0.48984995
5064,10,1,0.60131276
5065,16,0,0.6577493
5066,3,1,0.48348215
5067,26,1,0.36749735
5068,2,0,0.51387376
5069,10,1,0.69806236
5070,10,0,0.5189976
5071,13,0,0.6950086
5072,1,0,0.62952244
5073,20,0,0.4213404
5074,14,0,0.4843183
5075,12,0,0.46228445
5076,3,1,0.5458112
5077,8,1,0.47680676
5078,25,0,0.46158105
5079,13,0,0.5881656
5080,26,0,0.23273358
5081,15,0,0.5521522
5082,5,0,0.36378303
5083,20,1,0.5487129
5084,25,1,0.52661407
5085,13,1,0.44658604
5086,13,1,0.5593268
5087,4,0,0.30979958
5088,19,1,0.64821315
5089,7,0,0.6469999
5090,20,0,0.35763717
5091,12,1,0.26738623
5092,25,1,0.3804519
5093,12,0,0.5235828
5094,23,1,0.47577113
5095,14,0,0.42576823
5096,2,0,0.27522728
5097,25,0,0.37381145
5098,6,0,0.45424983
5099,20,0,0.562066
5100,19,1,0.4610019
5101,13,0,0.32083228
5102,24,0,0.5787132
5103,16,0,0.61056316
5104,16,1,0.50887555
5105,4,1,0.71386033
5106,7,1,0.60684323
5107,9,1,0.72112083
5108,10,0,0.26517728
5109,3,0,0.4553013
5110,10,1,0.66693616
5111,4,0,0.52233243
5112,20,1,0.54727477
5113,9,0,0.25565997
5114,11,0,0.684619
5115,16,0,0.3520808
5116,25,1,0.687337
5117,25,0,0.35582674
5118,20,1,0.58776486
5119,12,1,0.7203589
5120,2,0,0.35207373
5121,7,1,0.70037884
5122,26,0,0.24477719
5123,17,1,0.7565657
5124,21,1,0.60980564
5125,5,1,0.3061502
5126,6,0,0.5996339
5127,1,1,0.6558139
5128,14,1,0.7195185
5129,21,0,0.5954825
5130,7,0,0.5383596
5131,15,0,0.5625915
5132,12,1,0.5481187
5133,15,0,0.5160734
5134,1,0,0.53011125
5135,13,1,0.42763796
5136,8,1,0.6109809
5137,16,1,0.29472932
5138,21,0,0.42009795
5139,22,0,0.5410093
5140,21,1,0.4368235
5141,14,0,0.44337738
5142,9,0,0.40707982
5143,11,0,0.28546467
5144,5,1,0.29917723
5145,17,0,0.5554947
5146,26,1,0.48075193
5147,11,0,0.4014173
5148,6,1,0.71861213
5149,20,0,0.45253408
5150,23,0,0.15439917
5151,11,1,0.30576265
5152,10,1,0.7323379
5153,11,1,0.66376805
5154,27,0,0.37933102
5155,22,0,0.41855454
5156,2,0,0.3437459
5157,15,0,0.557864
5158,15,1,0.37620375
5159,8,0,0.47685456
5160,22,1,0.42070583
5161,26,0,0.4360286
5162,5,1,0.4587387
5163,12,1,0.46704206
5164,26,0,0.5180822
5165,26,1,0.58911055
5166,2,1,0.5678255
5167,24,0,0.55259883
5168,14,0,0.55500376
5169,6,1,0.44178206
5170,1,1,0.41527072
5171,0,1,0.43355942
5172,11,1,0.6023665
5173,15,0,0.5928206
5174,8,1,0.3148002
5175,23,0,0.39147407
5176,25,1,0.23642312
5177,15,1,0.28661802
5178,18,0,0.5428664
5179,10,0,0.40876406
5180,6,1,0.6982501
5181,25,0,0.63821185
5182,27,0,0.3845359
5183,12,1,0.25003526
5184,13,1,0.6563386
5185,25,1,0.2557785
5186,16,1,0.66040325
5187,27,0,0.49482745
5188,0,1,0.43671507
5189,2,0,0.61975694
5190,21,1,0.71273303
5191,12,1,0.46356657
5192,19,0,0.39483026
5193,26,1,0.52138805
5194,15,1,0.5631935
5195,26,0,0.41683778
5196,2,1,0.79631454
5197,16,0,0.49943855
5198,10,0,0.35404685
5199,28,1,0.44937015
5200,10,1,0.7553026
5201,3,0,0.38255066
5202,17,0,0.70941305
5203,9,1,0.7130459
5204,26,1,0.5565286
5205,12,0,0.35769784
5206,8,0,0.5724054
5207,2,0,0.2477108
5208,20,1,0.5294831
5209,25,1,0.3461134
5210,16,0,0.44173384
5211,27,1,0.6839455
5212,10,0,0.38537157
5213,1,1,0.53929347
5214,8,0,0.5759742
5215,18,1,0.65628093
5216,8,0,0.32518896
5217,7,1,0.62376237
5218,14,1,0.34022328
5219,25,1,0.37515035
5220,24,0,0.33150688
5221,4,0,0.6503934
5222,10,1,0.47160268
5223,14,0,0.37647837
5224,16,0,0.5792144
5225,2,0,0.40566823
5226,9,1,0.59604025
5227,17,0,0.547902
5228,10,0,0.39353308
5229,1,1,0.55198437
5230,2,1,0.7133643
5231,17,0,0.45498013
5232,3,1,0.69909847
5233,10,0,0.38362128
5234,14,1,0.53806794
5235,6,0,0.3240708
5236,11,1,0.5066465
5237,8,0,0.45023724
5238,4,1,0.5754661
5239,28,0,0.49990156
5240,22,0,0.3470453
5241,15,0,0.3794628
5242,26,1,0.43838495
5243,22,0,0.48510173
5244,11,0,0.31770483
5245,15,1,0.6363245
5246,21,0,0.49442557
5247,9,1,0.7198312
5248,14,0,0.31543902
5249,8,1,0.5318627
5250,3,0,0.4588746
5251,14,1,0.46640536
5252,4,0,0.4520616
5253,16,1,0.3307976
5254,16,1,0.8021426
5255,12,0,0.40203822
5256,22,0,0.5266087
5257,17,1,0.49675015
5258,15,1,0.52956146
5259,1,1,0.43820146
5260,9,1,0.6077428
5261,16,1,0.43893823
5262,9,1,0.4339511
5263,1,0,0.45408714
5264,10,1,0.5129238
5265,8,1,0.23439078
5266,20,1,0.5409891
5267,13,0,0.3364946
5268,13,0,0.45396468
5269,27,1,0.55558866
5270,13,1,0.70727104
5271,25,0,0.39212292
5272,6,1,0.54466474
5273,8,1,0.32593268
5274,16,0,0.27650887
5275,16,0,0.43548554
5276,24,0,0.5272175
5277,15,0,0.38422903
5278,14,0,0.38900065
5279,16,1,0.32702377
5280,18,0,0.38934729
5281,10,1,0.44525477
5282,19,0,0.2205421
5283,8,1,0.43424997
5284,17,1,0.5052671
5285,13,0,0.4717371
5286,26,0,0.5747314
5287,25,1,0.54748684
5288,22,1,0.64396274
5289,22,0,0.6187031
5290,17,1,0.52825063
5291,6,1,0.26269567
5292,28,0,0.64240164
5293,16,1,0.5052215
5294,20,1,0.44849032
5295,11,0,0.5020663
5296,6,1,0.46964955
5297,11,0,0.3945224
5298,27,1,0.6962403
5299,4,1,0.46694973
5300,19,0,0.37414336
5301,14,1,0.6775942
5302,15,1,0.47906056
5303,13,0,0.41055453
5304,6,1,0.5372054
5305,12,0,0.5195171
5306,25,0,0.66813344
5307,28,1,0.40936637
5308,6,1,0.72624934
5309,25,0,0.4812812
5310,1,0,0.55579627
5311,3,1,0.5723518
5312,15,0,0.3940975
5313,10,0,0.4070688
5314,13,1,0.40826997
5315,8,1,0.54540586
5316,7,1,0.5693044
5317,16,1,0.5908522
5318,7,0,0.5220431
5319,28,1,0.73626065
5320,19,1,0.63685983
5321,28,1,0.61082625
5322,15,0,0.5207263
5323,10,0,0.5339944
5324,20,1,0.6012523
5325,17,1,0.723432
5326,10,0,0.6039722
5327,2,0,0.37836036
5328,10,0,0.53654224
5329,11,0,0.54704076
5330,8,1,0.20601912
5331,15,1,0.37383157
5332,22,0,0.64986265
5333,20,0,0.7182887
5334,22,0,0.40297833
5335,2,0,0.4119884
5336,12,0,0.26014677
5337,20,0,0.5406602
5338,10,1,0.7459379
5339,3,1,0.6314879
5340,28,1,0.70557034
5341,24,1,0.60446715
5342,10,0,0.40797925
5343,3,1,0.47249487
5344,2,1,0.49055567
5345,5,0,0.30962572
5346,18,0,0.46946648
5347,26,1,0.6452212
5348,3,0,0.43485984
5349,23,0,0.33231255
5350,26,0,0.29501796
5351,18,1,0.6405919
5352,9,0,0.5006035
5353,16,0,0.27990124
5354,3,1,0.5108924
5355,13,0,0.5324192
5356,12,1,0.8039917
5357,26,1,0.49715066
5358,16,0,0.7591495
5359,27,1,0.52773964
5360,3,0,0.6008741
5361,10,0,0.32378355
5362,7,1,0.6143336
5363,2,1,0.69073313
5364,2,1,0.51934916
5365,13,0,0.3632887
5366,1,1,0.59759504
5367,13,1,0.34222552
5368,16,1,0.67815906
5369,14,0,0.45337427
5370,8,0,0.42420778
5371,5,0,0.43096384
5372,13,1,0.32401314
5373,25,1,0.410232
5374,1,0,0.7639659
5375,28,0,0.46679044
5376,12,0,0.2908647
5377,8,1,0.5351439
5378,21,0,0.4442458
5379,26,1,0.42631006
5380,14,1,0.43572423
5381,4,0,0.5195632
5382,17,1,0.44806072
5383,26,1,0.60398215
5384,11,0,0.48057932
5385,2,1,0.5059295
5386,16,1,0.65698546
5387,28,0,0.4279593
5388,22,1,0.3223652
5389,1,0,0.36397704
5390,11,1,0.58947897
5391,8,0,0.5511094
5392,16,1,0.83059776
5393,16,1,0.57301056
5394,3,1,0.6873767
5395,26,1,0.3673629
5396,28,0,0.6345864
5397,2,1,0.62096965
5398,13,0,0.476344
5399,15,1,0.38473514
5400,8,1,0.42424715
5401,15,0,0.39626962
5402,19,1,0.6815323
5403,4,0,0.7054211
5404,12,1,0.26118326
5405,13,0,0.5327746
5406,12,0,0.29686072
5407,26,1,0.22054945
5408,6,1,0.56081784
5409,11,0,0.49114126
5410,8,0,0.7398744
5411,18,0,0.48583376
5412,8,0,0.32427287
5413,15,1,0.4186623
5414,15,1,0.4460633
5415,12,1,0.51287806
5416,6,0,0.4794973
5417,3,0,0.45859993
5418,13,0,0.5038119
5419,26,1,0.536845
5420,2,1,0.6375691
5421,18,1,0.59207284
5422,0,1,0.6219983
5423,16,0,0.65758765
5424,5,1,0.6273645
5425,10,0,0.5837451
5426,3,1,0.4533631
5427,8,1,0.49616465
5428,11,1,0.33651683
5429,13,0,0.34462517
5430,27,1,0.42688522
5431,27,0,0.25405866
5432,16,0,0.3906867
5433,8,0,0.48381004
5434,23,0,0.57180244
5435,18,1,0.613846
5436,2,0,0.4285302
5437,10,0,0.4026816
5438,24,1,0.4018504
5439,7,1,0.7651565
5440,28,1,0.52581376
5441,7,0,0.5486092
5442,8,1,0.48822728
5443,17,1,0.77301735
5444,22,0,0.5575754
5445,18,1,0.4929789
5446,22,1,0.39560187
5447,9,1,0.58151424
5448,1,1,0.76581275
5449,16,1,0.46086532
5450,14,0,0.4338755
5451,19,1,0.4329632
5452,2,0,0.6128322
5453,6,0,0.4457178
5454,11,1,0.49090225
5455,25,0,0.50300884
5456,25,1,0.7400308
5457,16,1,0.4789454
5458,2,0,0.53600943
5459,4,1,0.4590486
5460,15,1,0.7354858
5461,10,0,0.77593035
5462,2,1,0.3908399
5463,24,1,0.51776004
5464,13,1,0.61402273
5465,2,0,0.6263897
5466,2,1,0.72583693
5467,27,1,0.5820667
5468,28,1,0.59033316
5469,25,0,0.43257818
5470,16,0,0.4098725
5471,14,0,0.3851582
5472,22,1,0.37748685
5473,19,1,0.6993407
5474,28,0,0.59047276
5475,9,0,0.4260444
5476,25,0,0.61745846
5477,16,1,0.5123156
5478,23,0,0.307316
5479,5,1,0.71156037
5480,13,0,0.78282946
5481,27,0,0.4783041
5482,25,0,0.44592533
5483,14,0,0.4911492
5484,25,0,0.40884048
5485,12,1,0.44698116
5486,17,0,0.6600751
5487,19,1,0.5805292
5488,2,0,0.47461665
5489,15,1,0.6448458
5490,28,1,0.5315725
5491,12,0,0.43398333
5492,2,0,0.30992746
5493,10,0,0.592917
5494,17,0,0.36343232
5495,11,0,0.5412935
5496,1,0,0.7157179
5497,1,0,0.2653582
5498,26,1,0.5513465
5499,13,0,0.48037532
5500,0,0,0.4080471
5501,6,0,0.44247904
5502,15,1,0.71604186
5503,6,1,0.36775672
5504,16,1,0.58712333
5505,17,0,0.6046328
5506,27,1,0.53066593
5507,13,1,0.71247613
5508,10,0,0.5303452
5509,21,0,0.6629666
5510,1,1,0.45947826
5511,27,1,0.6432137
5512,15,0,0.6944469
5513,15,1,0.65231276
5514,14,1,0.7289273
5515,6,1,0.550908
5516,1,0,0.49406224
5517,13,0,0.66092104
5518,22,1,0.32147226
5519,8,0,0.45883593
5520,14,1,0.58555734
5521,20,0,0.34792286
5522,12,1,0.4889511
5523,25,0,0.40330452
5524,9,0,0.6303016
5525,19,1,0.62584925
5526,7,0,0.23215584
5527,20,1,0.5470537
5528,7,1,0.35375404
5529,16,1,0.63406897
5530,22,0,0.5175628
5531,2,0,0.33727565
5532,25,0,0.4087269
5533,22,0,0.6108271
5534,15,1,0.3423673
5535,9,1,0.4664222
5536,5,1,0.63807833
5537,12,0,0.5762496
5538,18,0,0.46007776
5539,17,0,0.4198835
5540,24,0,0.26999673
5541,15,0,0.22181872
5542,10,0,0.6060833
5543,12,1,0.69306946
5544,20,0,0.368394
5545,15,1,0.6730942
5546,22,0,0.4993118
5547,18,0,0.27984262
5548,7,1,0.76025337
5549,7,1,0.57378685
5550,2,1,0.33023712
5551,11,1,0.5408836
5552,20,0,0.6044166
5553,8,1,0.6454679
5554,25,0,0.3610114
5555,27,1,0.52421546
5556,27,1,0.6479679
5557,25,1,0.5341693
5558,25,0,0.4261993
5559,26,0,0.4986153
5560,26,1,0.52784044
5561,16,0,0.37808624
5562,1,1,0.7441483
5563,10,0,0.47197852
5564,1,1,0.60304743
5565,7,1,0.7810027
5566,16,0,0.35733697
5567,10,0,0.5216409
5568,14,0,0.63058233
5569,0,1,0.67366993
5570,21,1,0.6053638
5571,27,1,0.6057319
5572,6,1,0.5290012
5573,0,1,0.44427398
5574,7,0,0.49500898
5575,22,1,0.5122218
5576,13,0,0.43996036
5577,18,1,0.77148306
5578,27,0,0.40339473
5579,2,1,0.6352343
5580,10,0,0.5625126
5581,2,0,0.67762035
5582,28,0,0.5026858
5583,26,0,0.509596
5584,15,0,0.46025816
5585,16,1,0.49995446
5586,3,1,0.64986813
5587,16,0,0.5603592
5588,6,1,0.3228345
5589,28,0,0.47342858
5590,13,0,0.37327576
5591,26,1,0.47965837
5592,1,0,0.45086652
5593,8,1,0.66788954
5594,19,0,0.40863785
5595,7,0,0.4805018
5596,17,0,0.4701686
5597,13,0,0.59656954
5598,24,0,0.7417794
5599,14,1,0.31972128
5600,6,1,0.6319425
5601,8,1,0.68645537
5602,9,1,0.55812293
5603,0,1,0.571883
5604,18,1,0.5802619
5605,28,1,0.40078247
5606,17,1,0.5828515
5607,13,0,0.29962185
5608,6,1,0.51603496
5609,3,0,0.32189912
5610,15,0,0.48688936
5611,17,0,0.46075788
5612,26,0,0.46837455
5613,25,0,0.36718327
5614,8,1,0.5669385
5615,8,1,0.36057907
5616,10,0,0.457981
5617,1,1,0.2936524
5618,3,1,0.41154587
5619,15,0,0.5574916
5620,27,0,0.4273572
5621,3,1,0.44568422
5622,0,1,0.737919
5623,16,1,0.7491115
5624,0,0,0.3391442
5625,4,1,0.48905182
5626,27,0,0.47213948
5627,24,0,0.35320747
5628,19,1,0.6062432
5629,4,1,0.73142636
5630,8,1,0.52907974
5631,18,1,0.3819288
5632,1,0,0.39281893
5633,24,1,0.4339482
5634,2,1,0.8096588
5635,27,0,0.586826
5636,17,1,0.4658268
5637,28,1,0.5153673
5638,3,1,0.66064554
5639,26,1,0.65442395
5640,16,0,0.42579743
5641,28,1,0.5894732
5642,24,0,0.5853544
5643,8,0,0.45506707
5644,2,1,0.47115895
5645,27,0,0.39587784
5646,16,0,0.654761
5647,15,1,0.5485417
5648,16,1,0.31693387
5649,22,1,0.63392013
5650,12,1,0.22897057
5651,13,1,0.6826811
5652,6,1,0.6741112
5653,15,0,0.3434208
5654,27,0,0.47014156
5655,18,1,0.45764944
5656,16,1,0.46297982
5657,27,1,0.568586
5658,10,0,0.5173717
5659,6,1,0.51803535
5660,9,1,0.6437412
5661,14,1,0.7295212
5662,28,1,0.63822174
5663,2,1,0.52067125
5664,7,0,0.38647634
5665,2,0,0.5009317
5666,8,0,0.54024386
5667,5,1,0.68972903
5668,16,0,0.60737604
5669,6,1,0.48819888
5670,14,1,0.6847858
5671,28,1,0.6375863
5672,7,1,0.3706813
5673,15,0,0.41699085
5674,12,1,0.4867877
5675,27,0,0.54091847
5676,21,0,0.4595056
5677,3,1,0.42931882
5678,1,1,0.54182756
5679,17,0,0.24554785
5680,20,0,0.507081
5681,28,0,0.4345881
5682,2,1,0.39610186
5683,16,0,0.328211
5684,25,1,0.4670392
5685,14,0,0.5837033
5686,5,1,0.68698853
5687,22,1,0.5058384
5688,4,0,0.39222467
5689,19,1,0.73956215
5690,2,0,0.6283079
5691,10,1,0.63498706
5692,3,1,0.5822587
5693,3,1,0.40085697
5694,27,1,0.51345706
5695,3,1,0.50104463
5696,12,0,0.5127725
5697,2,1,0.71822196
5698,27,0,0.51068133
5699,2,0,0.48077133
5700,19,1,0.62436247
5701,7,1,0.7295012
5702,6,0,0.4814552
5703,10,0,0.49331242
5704,1,1,0.62392145
5705,14,0,0.34417543
5706,20,0,0.4618433
5707,26,1,0.6901121
5708,10,1,0.5216835
5709,15,0,0.3204115
5710,26,0,0.36656085
5711,7,0,0.69124115
5712,27,1,0.55979735
5713,7,0,0.56018543
5714,16,1,0.60693026
5715,0,1,0.6259843
5716,8,0,0.47170132
5717,15,0,0.3267386
5718,28,1,0.6919897
5719,3,0,0.539834
5720,3,0,0.46997082
5721,7,1,0.51666623
5722,11,1,0.63597584
5723,16,0,0.47556472
5724,18,0,0.68288124
5725,23,0,0.46862194
5726,17,0,0.43058938
5727,10,1,0.53086686
5728,27,1,0.75337434
5729,15,1,0.55332726
5730,2,1,0.60295224
5731,19,1,0.38468394
5732,0,0,0.26653677
5733,3,1,0.6959341
5734,17,0,0.46830052
5735,19,1,0.5244452
5736,2,0,0.40235773
5737,6,1,0.52313924
5738,25,1,0.564256
5739,22,1,0.5836518
5740,13,1,0.45017898
5741,2,1,0.5759924
5742,11,1,0.7924113
5743,14,1,0.5005704
5744,1,1,0.63056076
5745,10,0,0.81260455
5746,22,0,0.35566717
5747,0,0,0.50957936
5748,23,0,0.56337595
5749,8,0,0.47172552
5750,8,1,0.6073386
5751,8,1,0.72138304
5752,8,1,0.3625928
5753,24,0,0.4138125
5754,10,1,0.59882945
5755,17,1,0.6968214
5756,12,1,0.54812497
5757,15,0,0.18612109
5758,26,1,0.53740615
5759,0,1,0.5140929
5760,17,1,0.48871323
5761,11,0,0.32289374
5762,11,0,0.5344089
5763,2,0,0.28762862
5764,8,0,0.56534153
5765,7,1,0.4879116
5766,3,1,0.3006895
5767,14,1,0.55095255
5768,6,0,0.3941269
5769,6,1,0.6144841
5770,8,1,0.3337719
5771,0,0,0.539235
5772,1,1,0.60227746
5773,17,1,0.62444013
5774,2,1,0.46825632
5775,16,0,0.4716275
5776,27,0,0.7064272
5777,6,1,0.38285252
5778,13,0,0.47341672
5779,26,0,0.3774788
5780,17,0,0.56923586
5781,16,0,0.4775678
5782,11,1,0.77429485
5783,21,0,0.4543201
5784,15,0,0.7230581
5785,20,0,0.4991472
5786,12,1,0.6249613
5787,3,0,0.7563288
5788,16,0,0.50684506
5789,25,1,0.558952
5790,10,1,0.7715754
5791,6,1,0.7001376
5792,8,1,0.5200284
5793,16,1,0.37608346
5794,11,0,0.5100568
5795,16,1,0.52601796
5796,11,1,0.47615618
5797,23,1,0.6065215
5798,2,1,0.49941662
5799,16,1,0.2368992
5800,3,1,0.62668294
5801,4,1,0.6029675
5802,23,1,0.7393247
5803,6,1,0.39841214
5804,23,0,0.496273
5805,2,1,0.7231764
5806,8,1,0.6117576
5807,2,1,0.64617634
5808,22,0,0.49277347
5809,20,1,0.54512966
5810,15,0,0.4033803
5811,7,1,0.65655243
5812,0,0,0.475425
5813,13,0,0.44819877
5814,25,0,0.54842234
5815,22,0,0.57910085
5816,1,1,0.42867652
5817,25,1,0.2797844
5818,7,0,0.4056635
5819,13,1,0.54591864
5820,25,0,0.43369442
5821,27,0,0.7212039
5822,15,0,0.4567438
5823,5,1,0.57319456
5824,11,1,0.3017294
5825,23,1,0.6512574
5826,28,1,0.39783347
5827,13,0,0.34582305
5828,3,1,0.30956832
5829,15,1,0.49970776
5830,13,0,0.49240744
5831,16,1,0.3801017
5832,15,1,0.31606132
5833,14,0,0.5865399
5834,15,1,0.69599444
5835,5,0,0.7030087
5836,23,0,0.4156949
5837,19,1,0.46777102
5838,11,1,0.39545545
5839,11,1,0.58765274
5840,20,1,0.7643374
5841,16,0,0.2684946
5842,11,0,0.5400709
5843,10,1,0.3718203
5844,8,0,0.23940507
5845,12,0,0.37756482
5846,6,0,0.3358646
5847,2,1,0.5359071
5848,0,0,0.38317752
5849,28,0,0.54095596
5850,2,0,0.4297847
5851,13,0,0.4264556
5852,6,0,0.47924486
5853,7,0,0.22580907
5854,9,1,0.73320466
5855,26,0,0.44248796
5856,20,0,0.2477974
5857,4,1,0.66672856
5858,28,1,0.45287544
5859,1,0,0.45144805
5860,27,0,0.4223073
5861,7,0,0.51783246
5862,4,1,0.47411543
5863,10,1,0.6289006
5864,11,0,0.44946182
5865,5,1,0.45193025
5866,1,1,0.5547381
5867,5,0,0.50082225
5868,1,1,0.5164071
5869,15,1,0.31699175
5870,8,0,0.36024788
5871,1,0,0.38690713
5872,2,1,0.55129886
5873,28,0,0.50497705
5874,14,0,0.35287625
5875,21,0,0.28739864
5876,0,0,0.27255744
5877,27,0,0.50880474
5878,6,1,0.58362365
5879,10,1,0.40357026
5880,12,0,0.41238043
5881,2,0,0.48685035
5882,15,0,0.5983629
5883,21,1,0.47657168
5884,1,1,0.5632103
5885,2,1,0.514145
5886,2,0,0.39036638
5887,18,0,0.51707363
5888,11,1,0.58626366
5889,1,1,0.4702837
5890,22,0,0.59260046
5891,25,1,0.68477595
5892,10,0,0.407209
5893,17,1,0.5045021
5894,13,1,0.65316486
5895,8,0,0.38306132
5896,2,1,0.25744095
5897,16,0,0.48903465
5898,17,1,0.5162354
5899,19,1,0.4408997
5900,23,0,0.440488
5901,15,1,0.7039713
5902,1,0,0.5682892
5903,18,1,0.7878898
5904,23,0,0.5964916
5905,3,0,0.4215912
5906,22,0,0.5889183
5907,2,0,0.37183017
5908,8,0,0.6275283
5909,26,0,0.49629438
5910,20,0,0.6276284
5911,26,0,0.523386
5912,8,1,0.54416394
5913,22,0,0.39840633
5914,6,1,0.78710777
5915,13,1,0.3639559
5916,1,1,0.4340067
5917,2,0,0.45011666
5918,24,0,0.4582018
5919,2,1,0.55928767
5920,2,0,0.41211113
5921,18,1,0.52226573
5922,17,0,0.49138787
5923,15,0,0.53809565
5924,17,0,0.57347995
5925,21,0,0.5254557
5926,1,1,0.5624697
5927,22,0,0.6831529
5928,1,0,0.32747576
5929,28,0,0.44184744
5930,13,1,0.37584165
5931,20,1,0.69848144
5932,15,0,0.44303578
5933,9,0,0.4933911
5934,26,0,0.58778685
5935,13,0,0.63872284
5936,20,0,0.38846403
5937,20,1,0.7040041
5938,24,1,0.48662013
5939,25,1,0.46142405
5940,23,1,0.6945311
5941,2,0,0.32226565
5942,20,0,0.5607837
5943,0,1,0.6269973
5944,13,0,0.4901624
5945,11,0,0.48541006
5946,27,0,0.38881683
5947,15,0,0.4531115
5948,2,0,0.6933219
5949,5,1,0.61624974
5950,7,1,0.35740107
5951,11,1,0.69494677
5952,15,1,0.46788156
5953,16,1,0.3800834
5954,12,1,0.6694196
5955,1,0,0.5927844
5956,24,0,0.7763605
5957,2,1,0.5996574
5958,13,1,0.39177874
5959,3,0,0.48549107
5960,16,0,0.53387994
5961,1,1,0.3923995
5962,26,1,0.35428652
5963,17,0,0.71974635
5964,13,1,0.3654808
5965,12,1,0.7029924
5966,11,1,0.5517749
5967,13,1,0.4985443
5968,18,1,0.76278967
5969,19,0,0.48145324
5970,27,1,0.59666765
5971,13,1,0.6025972
5972,21,0,0.62334275
5973,18,0,0.34172922
5974,6,1,0.43851712
5975,19,1,0.48888052
5976,19,1,0.38457125
5977,6,1,0.3122055
5978,8,0,0.61464363
5979,0,0,0.43088534
5980,12,1,0.6409209
5981,11,0,0.5287246
5982,12,1,0.71004087
5983,12,0,0.6769445
5984,20,0,0.3387979
5985,2,1,0.31281686
5986,11,1,0.7379117
5987,20,0,0.530124
5988,13,1,0.6907539
5989,15,1,0.51602525
5990,7,0,0.6921273
5991,7,1,0.60225934
5992,11,1,0.53006196
5993,8,1,0.71674407
5994,26,1,0.46611437
5995,11,1,0.5701035
5996,26,0,0.65048915
5997,2,1,0.3827188
5998,1,1,0.47758833
5999,2,0,0.5441089
6000,16,0,0.42794964
6001,15,1,0.2527302
6002,12,1,0.60026854
6003,15,0,0.6179565
6004,15,0,0.4023077
6005,24,1,0.50813085
6006,20,0,0.22118294
6007,21,1,0.7248326
6008,2,0,0.59481037
6009,9,0,0.39754823
6010,27,0,0.60999054
6011,2,1,0.694937
6012,25,0,0.3254645
6013,3,1,0.77716595
6014,12,1,0.75064296
6015,27,0,0.5330745
6016,12,1,0.531008
6017,23,0,0.44044796
6018,16,0,0.40545273
6019,14,0,0.5878451
6020,8,1,0.5750713
6021,1,0,0.6137109
6022,23,1,0.5611018
6023,10,0,0.6143907
6024,15,1,0.5032592
6025,28,1,0.62508744
6026,13,1,0.77362144
6027,1,0,0.38300917
6028,11,0,0.45924455
6029,27,0,0.41866484
6030,18,1,0.72587186
6031,7,1,0.601121
6032,23,0,0.48412925
6033,22,1,0.42058524
6034,21,0,0.43734393
6035,13,1,0.53028834
6036,16,1,0.566355
6037,13,0,0.53184694
6038,3,1,0.49681705
6039,8,0,0.54943424
6040,3,1,0.43020567
6041,14,1,0.66240686
6042,13,1,0.24583413
6043,13,1,0.64844376
6044,10,1,0.63537186
6045,25,0,0.40419352
6046,6,0,0.4115284
6047,15,0,0.54945
6048,11,0,0.49182346
6049,13,0,0.56558776
6050,18,1,0.66025376
6051,7,1,0.49897048
6052,2,1,0.8072968
6053,1,1,0.53288
6054,16,0,0.3888176
6055,24,0,0.48918313
6056,17,0,0.60514027
6057,6,0,0.35728964
6058,18,0,0.34462312
6059,26,0,0.43573138
6060,4,1,0.4020423
6061,15,1,0.41393834
6062,26,0,0.446543
6063,12,1,0.4220002
6064,16,1,0.56807137
6065,19,0,0.44816476
6066,13,1,0.63379234
6067,8,0,0.5321539
6068,25,1,0.3917534
6069,21,0,0.44795525
6070,26,0,0.5798909
6071,14,1,0.34794033
6072,13,1,0.46797803
6073,8,0,0.5346583
6074,10,1,0.7505658
6075,0,1,0.7554103
6076,21,0,0.41210645
6077,16,1,0.77086717
6078,13,1,0.7802257
6079,3,1,0.56249154
6080,16,0,0.5443194
6081,22,0,0.4987398
6082,3,1,0.61228085
6083,27,0,0.695889
6084,13,1,0.512494
6085,3,0,0.5394626
6086,28,1,0.621225
6087,26,1,0.69843096
6088,2,0,0.6629537
6089,7,0,0.5302404
6090,18,1,0.6723748
6091,11,0,0.45347655
6092,22,1,0.40704525
6093,12,1,0.6080925
6094,11,0,0.45339635
6095,8,0,0.25981167
6096,12,1,0.5998491
6097,7,1,0.7421081
6098,2,0,0.5651338
6099,6,0,0.44573656
6100,25,1,0.596803
6101,1,0,0.3039567
6102,25,1,0.35717416
6103,9,0,0.45664257
6104,18,0,0.496761
6105,13,0,0.7738652
6106,23,1,0.56571937
6107,28,0,0.4941329
6108,18,0,0.42489988
6109,14,1,0.43413803
6110,3,0,0.40372747
6111,19,0,0.3742284
6112,14,0,0.5213097
6113,26,0,0.43387938
6114,12,1,0.31297493
6115,28,1,0.608246
6116,8,0,0.33974135
6117,13,0,0.5180642
6118,13,1,0.54685956
6119,6,1,0.5191173
6120,14,0,0.32845733
6121,28,1,0.73346615
6122,5,1,0.64027715
6123,25,1,0.4622547
6124,22,1,0.74032044
6125,13,0,0.5534535
6126,9,0,0.4103827
6127,27,0,0.5356705
6128,8,1,0.4488331
6129,25,1,0.54441994
6130,5,1,0.47336307
6131,3,1,0.30258238
6132,3,0,0.4784097
6133,20,1,0.57044923
6134,14,0,0.37226182
6135,13,1,0.764365
6136,14,0,0.3523944
6137,11,1,0.6581267
6138,22,1,0.72626317
6139,10,1,0.6854089
6140,6,1,0.6046706
6141,2,1,0.5469825
6142,15,1,0.47516638
6143,2,1,0.62207425
6144,22,0,0.5410506
6145,1,0,0.30713403
6146,20,0,0.590307
6147,25,0,0.5674999
6148,21,1,0.47839475
6149,6,0,0.41829824
6150,6,1,0.41545442
6151,19,1,0.49996662
6152,11,1,0.33361506
6153,16,1,0.5470043
6154,17,0,0.62773085
6155,25,0,0.5826764
6156,21,1,0.70891225
6157,2,1,0.45550898
6158,10,0,0.5165416
6159,1,1,0.37134337
6160,9,1,0.6782586
6161,13,1,0.6975272
6162,2,0,0.3167422
6163,1,1,0.65154976
6164,3,1,0.5787511
6165,1,0,0.52733874
6166,1,0,0.18444492
6167,25,1,0.68409723
6168,19,1,0.61671776
6169,11,0,0.4461677
6170,14,0,0.4856651
6171,7,0,0.51079947
6172,25,0,0.5940934
6173,2,0,0.53584474
6174,26,0,0.34855518
6175,23,1,0.7095504
6176,10,0,0.6238898
6177,26,1,0.43852216
6178,10,0,0.36542976
6179,25,1,0.63703305
6180,8,0,0.5195784
6181,16,1,0.46961686
6182,24,0,0.40194267
6183,17,0,0.6756907
6184,15,1,0.6222049
6185,18,1,0.3999833
6186,16,1,0.6210639
6187,18,0,0.41546804
6188,16,1,0.71736795
6189,2,1,0.55112576
6190,13,1,0.45895678
6191,18,1,0.6018803
6192,0,1,0.4746129
6193,1,0,0.37080917
6194,14,1,0.61768365
6195,22,0,0.6680583
6196,10,0,0.37434283
6197,28,0,0.45038736
6198,2,1,0.47098264
6199,20,1,0.7422108
6200,9,0,0.34424287
6201,18,1,0.509918
6202,4,1,0.42071298
6203,15,0,0.46794444
6204,12,1,0.7793247
6205,21,0,0.45527864
6206,10,1,0.62117994
6207,25,1,0.5522216
6208,8,0,0.36076465
6209,12,1,0.42973986
6210,11,0,0.5538527
6211,3,0,0.4922862
6212,22,0,0.6407106
6213,28,0,0.2962577
6214,23,1,0.33007017
6215,27,1,0.33623594
6216,25,1,0.719963
6217,17,1,0.7574893
6218,13,1,0.6085664
6219,1,1,0.7552271
6220,16,0,0.5527801
6221,10,1,0.68516356
6222,17,0,0.3937467
6223,13,1,0.63966066
6224,16,0,0.31820896
6225,7,1,0.3779889
6226,1,1,0.5330748
6227,26,0,0.39298746
6228,13,0,0.52531105
6229,3,1,0.44484776
6230,1,1,0.4203011
6231,19,1,0.39885432
6232,8,0,0.4009429
6233,8,1,0.5947673
6234,19,1,0.5665526
6235,13,1,0.7642377
6236,8,1,0.5841576
6237,7,0,0.3744548
6238,22,0,0.490618
6239,18,1,0.50771487
6240,27,1,0.4653394
6241,2,1,0.5160558
6242,19,1,0.41141272
6243,18,1,0.7219036
6244,1,1,0.6679091
6245,4,1,0.39346877
6246,11,1,0.47192243
6247,10,0,0.68805546
6248,0,1,0.67913264
6249,0,1,0.48196197
6250,13,1,0.46887925
6251,13,1,0.7407469
6252,22,1,0.5393742
6253,13,1,0.5329343
6254,11,0,0.26308775
6255,27,0,0.56859684
6256,13,0,0.7665439
6257,28,1,0.6525097
6258,13,0,0.4400146
6259,6,0,0.5640802
6260,12,1,0.5906028
6261,23,0,0.3946859
6262,25,1,0.5137532
6263,4,0,0.37507793
6264,10,1,0.27803418
6265,1,1,0.3819213
6266,11,0,0.45394444
6267,1,1,0.6845213
6268,12,0,0.47071028
6269,6,0,0.56215906
6270,18,1,0.44732273
6271,6,1,0.72831255
6272,17,0,0.44800746
6273,8,1,0.65596855
6274,24,1,0.47591418
6275,21,0,0.47852203
6276,17,1,0.5706335
6277,12,1,0.47295532
6278,16,0,0.4660725
6279,11,0,0.3925323
6280,13,1,0.52920026
6281,0,1,0.7155825
6282,13,1,0.594977
6283,14,0,0.5010669
6284,28,0,0.41485426
6285,12,1,0.48401427
6286,16,0,0.5662244
6287,12,0,0.3709293
6288,5,1,0.6262064
6289,3,0,0.57548594
6290,2,0,0.5384249
6291,1,0,0.51978713
6292,8,1,0.57389444
6293,23,0,0.45350304
6294,17,0,0.652429
6295,16,0,0.57261413
6296,17,0,0.40597132
6297,23,0,0.47703105
6298,10,1,0.70786685
6299,14,1,0.53211874
6300,17,1,0.50446796
6301,2,0,0.55838585
6302,27,1,0.57512105
6303,9,0,0.4749662
6304,0,0,0.594026
6305,25,1,0.57957053
6306,27,0,0.20911458
6307,10,1,0.5286467
6308,27,1,0.6755826
6309,20,1,0.342693
6310,21,1,0.47058296
6311,7,1,0.5855987
6312,25,0,0.4829559
6313,17,1,0.47123167
6314,13,1,0.55462426
6315,22,1,0.7413096
6316,1,0,0.43439317
6317,23,0,0.4652761
6318,13,0,0.44700983
6319,12,0,0.43329078
6320,25,0,0.6443805
6321,15,1,0.62770206
6322,20,0,0.32549834
6323,16,1,0.49830168
6324,12,0,0.52641594
6325,1,0,0.4156348
6326,26,0,0.47441876
6327,4,0,0.5040139
6328,15,0,0.32883182
6329,14,1,0.44782588
6330,0,0,0.5936648
6331,15,0,0.5004318
6332,11,0,0.30975705
6333,16,1,0.2911272
6334,15,1,0.5977759
6335,16,0,0.47181982
6336,2,0,0.64487743
6337,7,0,0.43333402
6338,28,1,0.35408932
6339,0,1,0.7271378
6340,16,1,0.6153484
6341,19,1,0.52613527
6342,10,0,0.7044349
6343,8,1,0.34868982
6344,24,1,0.6874328
6345,1,0,0.42323357
6346,16,0,0.48242387
6347,20,0,0.2560891
6348,16,1,0.7289898
6349,19,1,0.4924478
6350,5,1,0.4767428
6351,6,1,0.7306568
6352,14,0,0.43787274
6353,15,1,0.3879768
6354,3,1,0.63466847
6355,8,1,0.7471599
6356,11,1,0.55984724
6357,13,1,0.4378772
6358,4,0,0.34978047
6359,6,1,0.7349343
6360,16,0,0.48060107
6361,4,0,0.56978154
6362,26,1,0.3635151
6363,7,1,0.76396
6364,13,0,0.5218834
6365,8,1,0.6905741
6366,17,1,0.69156986
6367,23,0,0.4743432
6368,4,1,0.6390836
6369,2,1,0.36303917
6370,10,0,0.4587643
6371,16,1,0.7614627
6372,16,1,0.7246925
6373,3,1,0.6007048
6374,25,1,0.29748574
6375,23,0,0.5129495
6376,2,1,0.69999146
6377,4,0,0.23386942
6378,3,0,0.3151102
6379,16,1,0.2692032
6380,18,1,0.53970826
6381,13,1,0.394174
6382,28,1,0.53725517
6383,4,0,0.5505274
6384,8,1,0.5959653
6385,1,1,0.7295028
6386,21,0,0.34709802
6387,12,0,0.54854333
6388,12,1,0.2605052
6389,22,1,0.53190476
6390,26,1,0.6622415
6391,4,1,0.75459707
6392,16,1,0.33613345
6393,1,1,0.65757316
6394,11,0,0.42098388
6395,24,1,0.2266091
6396,2,1,0.39274105
6397,25,1,0.7309901
6398,14,0,0.5635059
6399,10,0,0.5685601
6400,23,0,0.49200305
6401,6,1,0.4202194
6402,13,0,0.31803852
6403,16,1,0.60287285
6404,13,0,0.68258214
6405,15,1,0.7141302
6406,14,1,0.65574855
6407,2,0,0.5914571
6408,22,1,0.59271413
6409,24,0,0.44588995
6410,20,0,0.3229483
6411,16,0,0.48028016
6412,12,1,0.5864583
6413,22,0,0.37720516
6414,21,0,0.40787804
6415,28,1,0.7228605
6416,28,0,0.40148997
6417,28,1,0.5067306
6418,7,0,0.5462345
6419,2,1,0.58676934
6420,8,0,0.45739865
6421,9,0,0.38771078
6422,19,0,0.68636525
6423,14,1,0.6954016
6424,22,0,0.44703197
6425,13,1,0.56526846
6426,26,0,0.35400665
6427,11,1,0.36760384
6428,14,1,0.75802904
6429,20,1,0.71647424
6430,17,1,0.55628854
6431,21,0,0.24473819
6432,14,1,0.40759435
6433,13,1,0.6468809
6434,1,1,0.5964444
6435,12,1,0.39435107
6436,0,1,0.5420465
6437,16,0,0.55331546
6438,8,1,0.7608286
6439,20,0,0.46119663
6440,16,1,0.6152292
6441,19,0,0.48246935
6442,23,1,0.41703793
6443,2,1,0.4617473
6444,8,0,0.611579
6445,24,0,0.32645455
6446,20,0,0.56835276
6447,20,1,0.65622014
6448,3,1,0.46114522
6449,13,0,0.5353975
6450,21,0,0.6350036
6451,17,1,0.42594597
6452,5,0,0.6035806
6453,20,0,0.4991136
6454,0,1,0.81254107
6455,23,1,0.33270425
6456,11,0,0.5144463
6457,4,0,0.28432915
6458,0,0,0.55173206
6459,25,0,0.40488678
6460,27,0,0.34945258
6461,13,1,0.46891552
6462,21,0,0.44382676
6463,20,1,0.5506367
6464,3,0,0.61672354
6465,10,0,0.62917197
6466,10,1,0.6536642
6467,26,0,0.64793324
6468,19,0,0.5916312
6469,14,0,0.49881002
6470,26,1,0.5353003
6471,8,1,0.59867495
6472,6,1,0.71192867
6473,16,1,0.44665492
6474,15,0,0.44537926
6475,12,1,0.5439918
6476,15,0,0.5689157
6477,12,0,0.5223964
6478,2,0,0.6527715
6479,8,0,0.38676646
6480,12,0,0.4901652
6481,11,0,0.40682888
6482,17,0,0.7730859
6483,4,0,0.52622414
6484,21,1,0.5319568
6485,26,1,0.52987623
6486,10,0,0.48746687
6487,1,1,0.74748504
6488,24,0,0.52227646
6489,28,1,0.47368175
6490,9,0,0.61920464
6491,15,1,0.69340795
6492,12,1,0.6200292
6493,22,0,0.31399897
6494,1,1,0.40044454
6495,22,1,0.50906533
6496,1,1,0.5587366
6497,2,1,0.6029331
6498,17,1,0.34706706
6499,2,0,0.31382263
6500,1,0,0.3632092
6501,16,1,0.321169
6502,12,1,0.5624857
6503,15,1,0.5796766
6504,8,0,0.58198965
6505,8,0,0.24584912
6506,1,1,0.7000793
6507,24,0,0.3919555
6508,26,1,0.73460376
6509,20,0,0.52218026
6510,6,0,0.4332182
6511,8,0,0.49568436
6512,18,0,0.3662071
6513,0,0,0.36113727
6514,5,1,0.45643654
6515,16,0,0.4513757
6516,2,1,0.59110796
6517,2,1,0.53360087
6518,3,1,0.59665126
6519,10,1,0.61521566
6520,20,1,0.7462091
6521,16,1,0.49733883
6522,9,0,0.40408605
6523,12,0,0.34831142
6524,8,1,0.39852875
6525,26,0,0.41532204
6526,12,0,0.50266093
6527,10,1,0.30797666
6528,9,0,0.44169202
6529,16,1,0.34223253
6530,11,1,0.35866895
6531,7,1,0.5291455
6532,4,1,0.3000123
6533,15,0,0.5425993
6534,15,1,0.3293219
6535,8,0,0.4664027
6536,2,0,0.4628418
6537,10,1,0.57580656
6538,1,1,0.63728905
6539,11,1,0.5257503
6540,1,0,0.5803328
6541,8,1,0.38179293
6542,15,1,0.5680852
6543,12,1,0.5377352
6544,12,0,0.4838488
6545,16,1,0.7626802
6546,3,0,0.39522707
6547,7,0,0.57780266
6548,25,0,0.5060227
6549,7,1,0.42411107
6550,18,0,0.35114536
6551,23,1,0.6450448
6552,8,0,0.46726352
6553,16,0,0.45542455
6554,2,1,0.5498576
6555,23,0,0.54114556
6556,20,0,0.43407753
6557,6,0,0.45634428
6558,13,0,0.30254638
6559,1,0,0.19301018
6560,5,0,0.61560094
6561,7,1,0.47646108
6562,5,0,0.4611789
6563,26,1,0.7298321
6564,3,1,0.3973576
6565,16,0,0.5032954
6566,15,0,0.5571616
6567,26,1,0.5811163
6568,7,0,0.68974686
6569,25,1,0.6670661
6570,4,0,0.41232944
6571,26,0,0.4095089
6572,1,1,0.7364341
6573,2,1,0.61442345
6574,14,0,0.3430335
6575,28,1,0.71274704
6576,27,0,0.48755103
6577,26,0,0.32296586
6578,14,0,0.62004715
6579,4,1,0.58303165
6580,12,1,0.71903163
6581,28,1,0.6246114
6582,14,1,0.69329035
6583,21,1,0.40139407
6584,25,0,0.67286474
6585,13,1,0.7237433
6586,25,0,0.48721582
6587,16,0,0.40374312
6588,25,1,0.54975194
6589,14,0,0.40874225
6590,13,0,0.51285696
6591,1,1,0.36858648
6592,27,0,0.6007786
6593,27,0,0.63192147
6594,1,0,0.39947236
6595,24,0,0.60135466
6596,11,0,0.31756476
6597,13,1,0.51293534
6598,5,1,0.66384506
6599,9,1,0.5464845
6600,22,0,0.470837
6601,16,1,0.39422446
6602,25,1,0.39198458
6603,18,0,0.4446481
6604,22,1,0.77943134
6605,23,0,0.51363283
6606,13,1,0.6359166
6607,11,0,0.7802311
6608,15,1,0.6146757
6609,5,1,0.35929167
6610,21,1,0.5154067
6611,1,1,0.53896
6612,2,1,0.53139615
6613,25,0,0.44241875
6614,15,1,0.45990488
6615,4,1,0.45303386
6616,24,0,0.553543
6617,8,1,0.54556906
6618,1,1,0.59252065
6619,15,0,0.4460046
6620,27,0,0.42455986
6621,16,0,0.4402014
6622,13,0,0.5193079
6623,24,1,0.6632095
6624,17,1,0.7348866
6625,8,1,0.31315452
6626,15,0,0.47724295
6627,15,0,0.42575526
6628,11,1,0.40696573
6629,27,0,0.54593337
6630,27,1,0.52265644
6631,6,0,0.45296904
6632,14,0,0.42134786
6633,28,1,0.5488571
6634,16,0,0.5219109
6635,23,1,0.39817593
6636,26,0,0.40883502
6637,8,1,0.7046857
6638,13,1,0.48502252
6639,25,0,0.43457246
6640,1,1,0.6369389
6641,17,1,0.5556222
6642,4,0,0.38543367
6643,2,1,0.6938541
6644,18,0,0.36858925
6645,7,1,0.54143727
6646,19,0,0.5028885
6647,6,1,0.50748765
6648,26,1,0.5929682
6649,15,1,0.49642396
6650,25,0,0.57201916
6651,6,0,0.1789016
6652,10,0,0.5705893
6653,27,0,0.5892356
6654,8,0,0.3982101
6655,14,1,0.5174559
6656,18,1,0.4061809
6657,12,1,0.613722
6658,4,1,0.76829666
6659,20,0,0.24375273
6660,28,0,0.42264718
6661,16,0,0.40709856
6662,17,0,0.7028377
6663,26,0,0.40230268
6664,8,0,0.31070969
6665,3,0,0.3876864
6666,6,0,0.70944124
6667,22,1,0.59307635
6668,5,1,0.5716293
6669,11,0,0.375332
6670,26,0,0.36897624
6671,24,0,0.28066093
6672,26,1,0.5500197
6673,8,0,0.468075
6674,7,0,0.68711406
6675,6,1,0.6989171
6676,27,1,0.6145332
6677,20,0,0.39074972
6678,13,1,0.7660918
6679,13,0,0.5762998
6680,1,1,0.62238055
6681,6,1,0.46415913
6682,25,1,0.48915106
6683,25,0,0.3744897
6684,14,0,0.50234026
6685,0,0,0.4981599
6686,22,1,0.73257244
6687,20,0,0.45405117
6688,13,1,0.44818732
6689,13,1,0.75173193
6690,3,0,0.42519942
6691,16,1,0.36759254
6692,27,0,0.50872767
6693,10,1,0.5270536
6694,9,0,0.3909976
6695,4,0,0.5851694
6696,13,0,0.54563296
6697,16,1,0.6584075
6698,6,1,0.7944006
6699,14,0,0.3377437
6700,22,0,0.7236156
6701,1,0,0.23518166
6702,6,0,0.511452
6703,16,1,0.8079956
6704,5,0,0.4038074
6705,2,1,0.41573673
6706,15,0,0.60920006
6707,18,0,0.37821117
6708,13,0,0.4393221
6709,17,0,0.5298983
6710,26,0,0.31644487
6711,16,1,0.611416
6712,18,1,0.3529643
6713,21,0,0.41176206
6714,25,0,0.43486154
6715,13,1,0.75473934
6716,20,1,0.31575844
6717,27,1,0.70809025
6718,20,1,0.62046677
6719,16,0,0.62541664
6720,11,0,0.70505464
6721,22,1,0.48987204
6722,9,0,0.39616856
6723,16,0,0.50625813
6724,13,0,0.34962356
6725,15,0,0.5537142
6726,26,0,0.48457134
6727,23,1,0.5653756
6728,13,1,0.5477204
6729,8,0,0.54883665
6730,28,0,0.3879825
6731,7,1,0.533233
6732,16,0,0.47299382
6733,17,0,0.4125218
6734,25,1,0.57442284
6735,1,0,0.5288962
6736,27,0,0.5381072
6737,16,0,0.37951592
6738,5,1,0.49272218
6739,25,1,0.49752784
6740,14,1,0.45299116
6741,20,0,0.5186487
6742,12,1,0.4484581
6743,12,1,0.6261204
6744,10,0,0.3456705
6745,16,0,0.39854535
6746,8,1,0.5820883
6747,10,0,0.5154009
6748,11,0,0.42006806
6749,17,1,0.7236302
6750,13,1,0.35273427
6751,26,0,0.4526162
6752,16,1,0.52096474
6753,11,1,0.5036347
6754,26,1,0.33595678
6755,2,1,0.6998409
6756,28,0,0.60444486
6757,2,1,0.69231975
6758,10,0,0.31583467
6759,16,1,0.5210509
6760,13,1,0.61302006
6761,26,1,0.53670955
6762,2,1,0.32061315
6763,4,1,0.59434325
6764,3,1,0.6207294
6765,13,0,0.6418384
6766,13,1,0.526338
6767,13,1,0.6785059
6768,6,0,0.438627
6769,11,0,0.44329894
6770,13,0,0.5192513
6771,15,0,0.6376912
6772,10,0,0.3686936
6773,11,1,0.5605435
6774,8,0,0.47154436
6775,27,1,0.53465223
6776,9,0,0.52112967
6777,10,1,0.48135006
6778,1,0,0.4703973
6779,13,0,0.50333667
6780,3,0,0.4160049
6781,16,0,0.36116865
6782,8,0,0.47450346
6783,26,0,0.33294526
6784,16,0,0.59676296
6785,12,0,0.67936254
6786,25,1,0.7195518
6787,25,0,0.4328995
6788,2,0,0.3345137
6789,10,0,0.42534593
6790,0,0,0.33848977
6791,24,0,0.4027966
6792,14,1,0.51999307
6793,7,0,0.28661853
6794,17,0,0.61374706
6795,8,0,0.54306835
6796,26,0,0.44799495
6797,10,1,0.72629255
6798,1,0,0.5803762
6799,22,0,0.74652374
6800,12,1,0.5786153
6801,16,0,0.5097733
6802,10,0,0.7492219
6803,3,1,0.53526545
6804,22,0,0.38388515
6805,20,1,0.4750117
6806,12,0,0.37307847
6807,26,0,0.78617126
6808,14,0,0.59280753
6809,6,0,0.47572687
6810,13,0,0.35581312
6811,22,0,0.42869562
6812,24,0,0.5735073
6813,18,0,0.4592417
6814,13,1,0.5117603
6815,1,0,0.44257158
6816,0,0,0.73528206
6817,3,0,0.45729068
6818,15,1,0.55677426
6819,15,0,0.24975999
6820,6,0,0.67927414
6821,28,1,0.5136055
6822,13,0,0.5240775
6823,1,0,0.41571712
6824,28,1,0.43496284
6825,1,0,0.52588147
6826,7,1,0.6890705
6827,3,0,0.44736418
6828,22,1,0.37075946
6829,10,1,0.4817336
6830,8,1,0.43808568
6831,16,1,0.7097698
6832,12,0,0.54602754
6833,3,0,0.45824414
6834,9,0,0.4604059
6835,17,0,0.36013156
6836,15,0,0.590341
6837,21,0,0.35045913
6838,27,0,0.34875956
6839,5,1,0.5348153
6840,8,1,0.5236129
6841,25,1,0.53014
6842,12,0,0.6600866
6843,14,0,0.4397581
6844,28,0,0.66014785
6845,27,0,0.70541847
6846,15,0,0.5213568
6847,25,0,0.4839298
6848,7,0,0.314026
6849,8,0,0.5537644
6850,3,0,0.5161343
6851,8,0,0.40245432
6852,21,0,0.50682724
6853,23,1,0.7009739
6854,10,1,0.60986215
6855,26,0,0.46979028
6856,6,0,0.45401558
6857,14,0,0.46841362
6858,6,0,0.44283223
6859,6,0,0.5323028
6860,15,1,0.5127006
6861,25,1,0.37621012
6862,2,1,0.5172829
6863,25,0,0.5564595
6864,9,1,0.6620845
6865,12,1,0.52484566
6866,20,0,0.2550717
6867,28,0,0.41227567
6868,15,1,0.5721794
6869,2,0,0.34509727
6870,24,0,0.58166736
6871,5,0,0.25963292
6872,13,0,0.40929735
6873,16,0,0.49596974
6874,20,0,0.3737355
6875,16,0,0.52897674
6876,10,0,0.47185022
6877,0,0,0.36448768
6878,15,1,0.64796287
6879,13,0,0.26304838
6880,28,1,0.5844228
6881,2,0,0.42930546
6882,9,1,0.4342581
6883,1,0,0.5379112
6884,12,0,0.34324637
6885,13,1,0.59866
6886,13,1,0.48012012
6887,27,1,0.5525187
6888,16,0,0.26280382
6889,23,1,0.4487137
6890,25,1,0.46142477
6891,12,0,0.3286464
6892,7,0,0.49049842
6893,8,1,0.66772723
6894,12,1,0.5067153
6895,28,1,0.58421415
6896,21,1,0.7543468
6897,21,1,0.7494434
6898,24,1,0.40535134
6899,8,0,0.49600512
6900,0,1,0.4942482
6901,22,0,0.39750755
6902,0,0,0.60734886
6903,2,1,0.3562174
6904,10,1,0.7221435
6905,8,1,0.52506465
6906,14,1,0.35391995
6907,22,0,0.44953448
6908,9,0,0.5876522
6909,26,0,0.5185621
6910,27,0,0.44371763
6911,20,1,0.53300864
6912,19,1,0.4540947
6913,11,1,0.4567459
6914,27,0,0.50771344
6915,2,1,0.4681829
6916,16,0,0.46983233
6917,8,1,0.35158187
6918,10,0,0.5685717
6919,10,1,0.718017
6920,15,0,0.7010666
6921,20,1,0.3825042
6922,13,0,0.40594095
6923,13,1,0.61811244
6924,13,1,0.63228774
6925,18,1,0.7352447
6926,16,0,0.7552266
6927,0,1,0.47291195
6928,8,1,0.6290867
6929,19,1,0.40685827
6930,25,1,0.419119
6931,17,1,0.7114055
6932,11,0,0.53251225
6933,10,0,0.3700208
6934,2,1,0.7860299
6935,14,0,0.44954544
6936,2,1,0.5409442
6937,14,1,0.33397555
6938,28,0,0.57181597
6939,16,0,0.5731888
6940,6,0,0.63826907
6941,22,0,0.29935294
6942,18,0,0.45645988
6943,2,0,0.34287745
6944,6,1,0.63141
6945,25,0,0.42110932
6946,17,1,0.7363954
6947,6,1,0.6700407
6948,14,0,0.49930978
6949,27,0,0.5878406
6950,13,1,0.43803433
6951,13,0,0.34413865
6952,15,1,0.6836524
6953,12,0,0.5015498
6954,14,1,0.77146953
6955,18,1,0.5203801
6956,13,0,0.2366657
6957,9,1,0.5943677
6958,0,0,0.52883756
6959,18,0,0.32667857
6960,25,0,0.505799
6961,16,1,0.591619
6962,21,0,0.606537
6963,7,0,0.57490027
6964,23,0,0.48329923
6965,15,0,0.49073026
6966,11,1,0.7740012
6967,10,0,0.468465
6968,10,1,0.29196456
6969,28,0,0.3994773
6970,24,0,0.4459591
6971,12,0,0.8059093
6972,10,0,0.21568601
6973,20,1,0.41396424
6974,11,0,0.44604054
6975,26,1,0.612359
6976,7,1,0.4787352
6977,2,0,0.4233596
6978,23,0,0.5447101
6979,11,1,0.5366691
6980,8,0,0.27241954
6981,19,0,0.5250368
6982,10,0,0.630453
6983,27,1,0.62547463
6984,6,0,0.3869584
6985,7,1,0.34691876
6986,20,1,0.73640704
6987,25,0,0.30281356
6988,2,0,0.6286782
6989,27,0,0.535505
6990,21,0,0.5096897
6991,10,0,0.37418875
6992,21,1,0.4174995
6993,6,0,0.3359587
6994,26,0,0.38094574
6995,2,0,0.34940404
6996,9,0,0.46372524
6997,25,0,0.4198745
6998,0,1,0.4486524
6999,6,0,0.602308
7000,6,1,0.41049764
7001,25,0,0.37572926
7002,1,1,0.6066729
7003,6,1,0.5059979
7004,9,0,0.5591465
7005,16,0,0.6238318
7006,20,1,0.44225538
7007,26,1,0.6395377
7008,11,0,0.49324477
7009,12,1,0.39291993
7010,7,1,0.7435941
7011,10,1,0.6163164
7012,13,0,0.562717
7013,6,0,0.55203277
7014,16,0,0.5405748
7015,12,1,0.40702406
7016,18,1,0.67739546
7017,28,0,0.5219843
7018,15,1,0.5468014
7019,4,0,0.41873837
7020,9,1,0.7610731
7021,18,0,0.5698794
7022,27,0,0.3963836
7023,17,1,0.524952
7024,12,1,0.5679163
7025,25,1,0.7091278
7026,12,0,0.4247966
7027,20,1,0.5897351
7028,4,0,0.44055727
7029,10,0,0.39262792
7030,24,0,0.44015253
7031,13,0,0.574071
7032,13,0,0.55381376
7033,13,1,0.72431254
7034,6,1,0.6171751
7035,2,0,0.5453711
7036,25,0,0.5134318
7037,0,1,0.48197705
7038,25,0,0.6759195
7039,12,1,0.58846337
7040,16,1,0.5863497
7041,26,0,0.5463495
7042,11,1,0.718966
7043,6,1,0.57406545
7044,16,1,0.5491082
7045,14,0,0.44876304
7046,5,1,0.38837048
7047,2,1,0.632602
7048,2,1,0.61308473
7049,12,1,0.69085664
7050,12,0,0.48052832
7051,0,1,0.58802366
7052,17,1,0.5005607
7053,10,1,0.3193395
7054,20,1,0.5289215
7055,14,1,0.47601485
7056,10,0,0.7864761
7057,10,1,0.4045228
7058,0,0,0.5361325
7059,13,0,0.5652537
7060,12,0,0.38551116
7061,15,1,0.40063864
7062,25,1,0.42003816
7063,27,1,0.56512785
7064,8,0,0.5036436
7065,13,1,0.5307164
7066,23,0,0.19171405
7067,15,1,0.43316412
7068,8,0,0.5118414
7069,4,0,0.47253278
7070,2,1,0.36595455
7071,13,1,0.7399147
7072,13,0,0.5003842
7073,17,1,0.45140612
7074,23,1,0.44199142
7075,12,1,0.68142617
7076,1,0,0.40516353
7077,1,0,0.293999
7078,15,0,0.53911763
7079,10,0,0.41850236
7080,24,1,0.5000215
7081,2,0,0.4632214
7082,26,1,0.52859217
7083,27,0,0.41860792
7084,20,0,0.6507751
7085,11,0,0.6232294
7086,13,0,0.81763273
7087,22,0,0.4061539
7088,1,1,0.6020323
7089,25,1,0.6936338
7090,26,1,0.6823253
7091,15,0,0.48071998
7092,17,1,0.60136735
7093,2,0,0.41568175
7094,11,1,0.7381917
7095,24,1,0.75687766
7096,16,0,0.44022375
7097,2,1,0.6227755
7098,11,0,0.57531667
7099,15,0,0.38545766
7100,20,0,0.4221997
7101,14,1,0.49808937
7102,17,1,0.76052713
7103,25,0,0.59862334
7104,1,1,0.61607766
7105,26,1,0.5464246
7106,21,0,0.4206207
7107,26,1,0.7727096
7108,15,0,0.3865681
7109,16,1,0.52695763
7110,27,1,0.5378783
7111,17,1,0.28620502
7112,12,1,0.5896873
7113,10,0,0.5951219
7114,1,0,0.40119258
7115,3,0,0.48153615
7116,9,0,0.5512468
7117,26,1,0.41164893
7118,7,0,0.48604995
7119,23,1,0.7450861
7120,10,1,0.72910476
7121,13,0,0.38020977
7122,28,1,0.64781517
7123,25,1,0.637436
7124,0,1,0.6786576
7125,13,1,0.629123
7126,14,1,0.53981143
7127,2,1,0.58942175
7128,26,0,0.4970874
7129,18,0,0.55402213
7130,2,0,0.4872162
7131,26,1,0.57629555
7132,5,0,0.5773293
7133,13,1,0.67388916
7134,26,1,0.673181
7135,8,1,0.4327819
7136,15,0,0.37794313
7137,16,1,0.55406183
7138,2,1,0.6133835
7139,11,1,0.3949328
7140,19,0,0.3122416
7141,14,1,0.49731076
7142,23,1,0.43506283
7143,24,1,0.7344715
7144,8,0,0.42152172
7145,20,1,0.2962888
7146,20,1,0.60869384
7147,18,1,0.5759864
7148,24,1,0.44150648
7149,1,0,0.45270637
7150,1,0,0.53331584
7151,15,0,0.32713664
7152,15,0,0.32630423
7153,16,1,0.5478836
7154,6,1,0.53732103
7155,15,1,0.3899883
7156,7,1,0.50222844
7157,25,1,0.42974225
7158,4,1,0.802969
7159,19,1,0.6593951
7160,20,0,0.5763686
7161,8,0,0.64801466
7162,26,1,0.5584049
7163,3,0,0.38687423
7164,15,1,0.6762022
7165,1,1,0.6777481
7166,14,0,0.50474226
7167,7,0,0.4203155
7168,7,1,0.5578715
7169,16,0,0.38971335
7170,27,0,0.39160922
7171,13,1,0.7054021
7172,28,1,0.54666895
7173,2,0,0.7213704
7174,20,0,0.55180186
7175,8,0,0.23130733
7176,3,0,0.48068857
7177,2,0,0.46589556
7178,8,0,0.495659
7179,16,1,0.59981436
7180,24,0,0.29294813
7181,28,1,0.70340675
7182,13,0,0.6758396
7183,27,0,0.51872534
7184,17,0,0.4408105
7185,25,0,0.56929624
7186,2,0,0.6185605
7187,8,1,0.62181944
7188,27,0,0.43436608
7189,8,0,0.30121
7190,26,0,0.6330846
7191,20,0,0.42228046
7192,15,1,0.31436563
7193,13,0,0.39134696
7194,4,0,0.4148206
7195,18,1,0.716048
7196,13,1,0.7039671
7197,27,0,0.4673871
7198,2,1,0.81294435
7199,22,1,0.48271847
7200,3,1,0.75818795
7201,25,1,0.51540124
7202,11,0,0.3666694
7203,22,0,0.44771144
7204,23,0,0.7305166
7205,19,0,0.7789821
7206,23,0,0.4224567
7207,6,0,0.66277623
7208,16,0,0.47903806
7209,16,0,0.3303135
7210,2,0,0.55788225
7211,8,0,0.4120012
7212,5,1,0.45842904
7213,15,1,0.59832674
7214,8,1,0.45936018
7215,26,0,0.4314286
7216,2,1,0.6237717
7217,1,1,0.5124732
7218,15,1,0.5735645
7219,8,1,0.7358163
7220,1,0,0.4930706
7221,18,1,0.4782692
7222,5,1,0.74202585
7223,18,0,0.44414756
7224,13,1,0.4137486
7225,19,1,0.52698386
7226,17,1,0.75298655
7227,8,1,0.44688663
7228,14,1,0.37403217
7229,3,0,0.6715012
7230,9,0,0.27009243
7231,15,1,0.37699333
7232,0,1,0.5101836
7233,24,0,0.39857277
7234,25,0,0.24357423
7235,22,0,0.5693905
7236,10,0,0.39908907
7237,6,1,0.61860096
7238,18,1,0.5033672
7239,11,0,0.5036872
7240,6,1,0.59530425
7241,1,1,0.4423172
7242,0,1,0.57328534
7243,0,1,0.46943042
7244,21,1,0.5642987
7245,27,0,0.48236388
7246,16,0,0.5804349
7247,20,0,0.4411719
7248,13,1,0.5502787
7249,16,0,0.24740781
7250,11,1,0.42645574
7251,15,1,0.6683869
7252,16,1,0.70600253
7253,27,1,0.49866724
7254,10,0,0.344887
7255,14,0,0.44394824
7256,14,1,0.33139694
7257,27,1,0.62860936
7258,13,0,0.31979963
7259,0,1,0.7091757
7260,16,0,0.2915232
7261,3,0,0.7375276
7262,20,1,0.37780157
7263,13,0,0.48113644
7264,2,1,0.6819233
7265,2,1,0.37414187
7266,8,1,0.55150396
7267,2,1,0.5225753
7268,8,1,0.45987836
7269,5,0,0.37653434
7270,16,0,0.2330375
7271,15,0,0.46184495
7272,3,0,0.36684623
7273,27,0,0.6808677
7274,15,0,0.61394125
7275,23,0,0.6070286
7276,16,0,0.6259758
7277,22,1,0.63459635
7278,13,0,0.43872777
7279,1,1,0.71132594
7280,28,1,0.77088535
7281,0,1,0.5606886
7282,10,0,0.2559385
7283,14,0,0.4474641
7284,12,1,0.6444237
7285,27,0,0.6219529
7286,13,1,0.63193214
7287,25,1,0.6204378
7288,10,0,0.47965896
7289,12,0,0.4459283
7290,19,1,0.56577843
7291,17,1,0.50586045
7292,14,0,0.44306713
7293,17,0,0.66969836
7294,20,0,0.20966808
7295,3,1,0.7654039
7296,10,1,0.48992857
7297,1,0,0.38308996
7298,25,0,0.5265752
7299,10,1,0.83651143
7300,18,0,0.37263104
7301,23,0,0.51823103
7302,25,1,0.5851059
7303,22,0,0.55130297
7304,2,0,0.4345704
7305,12,0,0.47740972
7306,2,0,0.34767544
7307,21,1,0.56520236
7308,0,0,0.31618086
7309,3,1,0.68657845
7310,16,1,0.41944554
7311,13,1,0.7104053
7312,22,1,0.39424583
7313,8,1,0.7529189
7314,18,0,0.5626561
7315,10,1,0.8136492
7316,19,1,0.7135915
7317,8,1,0.35559842
7318,9,1,0.59169465
7319,20,1,0.61671406
7320,22,0,0.33673838
7321,26,0,0.5263009
7322,18,0,0.56590265
7323,20,1,0.30921134
7324,8,0,0.61831075
7325,16,0,0.390653
7326,13,1,0.32563898
7327,24,0,0.41702393
7328,24,0,0.5016916
7329,5,0,0.49181944
7330,9,0,0.23835818
7331,22,1,0.40328333
7332,27,1,0.41283837
7333,11,1,0.44492438
7334,22,0,0.443258
7335,13,0,0.72420496
7336,19,1,0.49495977
7337,15,0,0.68875825
7338,19,1,0.49691647
7339,16,1,0.20810075
7340,8,1,0.7531563
7341,21,0,0.5816625
7342,26,0,0.45283398
7343,25,0,0.5703858
7344,25,0,0.36289465
7345,12,1,0.45002374
7346,25,1,0.42546242
7347,11,0,0.6036619
7348,21,1,0.51401824
7349,15,1,0.65216774
7350,1,0,0.39597243
7351,3,0,0.49443814
7352,16,0,0.56648964
7353,8,0,0.29315454
7354,17,0,0.4457911
7355,27,1,0.6422452
7356,28,1,0.4335645
7357,20,1,0.64153314
7358,6,0,0.27170634
7359,28,0,0.658214
7360,9,1,0.34423783
7361,13,1,0.741385
7362,25,1,0.6848872
7363,3,1,0.38905364
7364,10,1,0.28855363
7365,15,1,0.2615928
7366,22,0,0.664571
7367,1,0,0.68406564
7368,16,0,0.4354943
7369,2,1,0.69390005
7370,2,0,0.3203958
7371,9,0,0.60348195
7372,13,1,0.4291362
7373,26,1,0.51486415
7374,26,0,0.4967657
7375,12,1,0.6578028
7376,25,1,0.42413315
7377,15,0,0.5505037
7378,20,1,0.4159445
7379,17,1,0.4963504
7380,25,1,0.48066136
7381,13,1,0.7684226
7382,1,1,0.6828935
7383,3,0,0.48400265
7384,24,0,0.74690795
7385,0,0,0.37414703
7386,24,1,0.44720972
7387,10,0,0.26865092
7388,8,1,0.51971996
7389,16,1,0.5701887
7390,20,1,0.21210855
7391,15,0,0.4728007
7392,11,0,0.6503618
7393,18,1,0.5628265
7394,7,1,0.6749291
7395,21,0,0.6886275
7396,26,0,0.574577
7397,8,0,0.5006814
7398,20,1,0.7725747
7399,24,0,0.61370474
7400,20,1,0.58116657
7401,28,1,0.5043885
7402,9,0,0.3920929
7403,15,0,0.5019564
7404,25,1,0.6430406
7405,25,0,0.6114614
7406,15,1,0.5143071
7407,9,0,0.4442968
7408,13,1,0.4623877
7409,11,1,0.5959496
7410,10,1,0.23805869
7411,5,1,0.77411824
7412,27,0,0.38529238
7413,0,0,0.45138708
7414,13,0,0.6060833
7415,11,1,0.77380955
7416,3,0,0.53022194
7417,12,0,0.5054673
7418,27,0,0.46049607
7419,15,0,0.46022245
7420,6,1,0.5223088
7421,26,1,0.61989874
7422,4,0,0.3253166
7423,18,0,0.42593035
7424,16,1,0.4865986
7425,2,0,0.71222484
7426,25,1,0.7062783
7427,19,1,0.74815154
7428,2,0,0.4025111
7429,11,1,0.55036294
7430,18,0,0.40073222
7431,11,0,0.5282007
7432,8,0,0.4771979
7433,2,0,0.38047722
7434,2,1,0.66092104
7435,3,1,0.7754685
7436,15,1,0.5829246
7437,16,0,0.61346704
7438,6,0,0.58573216
7439,2,1,0.464377
7440,15,0,0.3903206
7441,24,0,0.33200198
7442,15,1,0.7659231
7443,16,0,0.37571198
7444,10,1,0.6470802
7445,13,1,0.73668146
7446,6,1,0.6060991
7447,1,1,0.731065
7448,0,1,0.38750342
7449,27,1,0.3917095
7450,1,1,0.6955788
7451,0,0,0.7327116
7452,1,1,0.38688517
7453,7,1,0.6270965
7454,22,1,0.52654475
7455,13,0,0.47613126
7456,2,0,0.42004803
7457,9,0,0.537581
7458,14,0,0.7602048
7459,5,0,0.44535065
7460,16,0,0.7099055
7461,16,1,0.7094986
7462,14,1,0.4580944
7463,6,1,0.62270975
7464,12,0,0.51977426
7465,16,0,0.40812677
7466,1,1,0.42296025
7467,8,1,0.7557472
7468,10,0,0.5101302
7469,7,1,0.40101123
7470,8,0,0.50304353
7471,16,0,0.51340747
7472,19,0,0.3023875
7473,15,1,0.38728505
7474,0,1,0.5875058
7475,20,0,0.37482905
7476,20,1,0.6398227
7477,8,1,0.82238746
7478,7,1,0.6698931
7479,10,0,0.46012396
7480,13,1,0.8231881
7481,19,1,0.7183505
7482,26,0,0.37420273
7483,8,1,0.61923945
7484,1,1,0.38918024
7485,17,0,0.4152714
7486,25,0,0.5644863
7487,11,1,0.51050055
7488,7,0,0.6271612
7489,25,1,0.67274237
7490,27,0,0.3224012
7491,26,0,0.7183501
7492,8,1,0.34318727
7493,20,0,0.45444936
7494,26,0,0.50853264
7495,13,0,0.5672442
7496,12,0,0.6982738
7497,28,1,0.36392847
7498,10,1,0.5404798
7499,26,1,0.63917714
7500,13,0,0.5119855
7501,17,0,0.41643304
7502,18,0,0.33856496
7503,28,1,0.7344799
7504,26,1,0.30630153
7505,12,0,0.39526448
7506,25,0,0.4634625
7507,21,1,0.5998649
7508,9,0,0.3572182
7509,23,0,0.6964649
7510,15,1,0.4598454
7511,12,1,0.71227354
7512,23,1,0.4222663
7513,16,1,0.7074146
7514,27,1,0.2604422
7515,16,0,0.33454722
7516,12,0,0.7028646
7517,16,1,0.46922764
7518,15,1,0.5884524
7519,9,1,0.5424958
7520,16,0,0.442499
7521,16,1,0.30482155
7522,26,1,0.569649
7523,15,1,0.4504389
7524,6,1,0.62851214
7525,4,0,0.2500813
7526,7,1,0.46347898
7527,15,0,0.30984518
7528,11,1,0.418636
7529,7,1,0.7528305
7530,2,1,0.38349065
7531,2,0,0.4732163
7532,2,1,0.51682216
7533,25,0,0.4374271
7534,16,0,0.47640046
7535,28,0,0.30865407
7536,27,1,0.6597908
7537,4,1,0.62790275
7538,13,1,0.44404563
7539,25,1,0.47853667
7540,2,1,0.4848284
7541,17,0,0.58660275
7542,21,1,0.5744475
7543,7,1,0.44059643
7544,25,0,0.44403294
7545,13,0,0.5354605
7546,21,0,0.62944657
7547,12,0,0.51653385
7548,23,0,0.56473124
7549,8,0,0.57456535
7550,16,1,0.7160186
7551,19,1,0.35284367
7552,3,1,0.62073344
7553,17,1,0.80021954
7554,13,0,0.41929284
7555,0,0,0.55728096
7556,7,0,0.812901
7557,27,0,0.41127223
7558,12,0,0.49847177
7559,13,1,0.55528253
7560,1,0,0.24805868
7561,2,1,0.61921555
7562,15,1,0.546194
7563,16,1,0.7585505
7564,6,1,0.5072101
7565,13,1,0.76882076
7566,24,1,0.3738996
7567,2,0,0.49780497
7568,16,0,0.5731143
7569,25,0,0.44910017
7570,11,0,0.5191738
7571,20,1,0.54197174
7572,18,1,0.52595216
7573,16,1,0.78339326
7574,22,0,0.28287897
7575,13,1,0.30319974
7576,13,1,0.82145226
7577,1,0,0.6322236
7578,11,1,0.6032034
7579,16,0,0.6105956
7580,8,0,0.5404687
7581,22,0,0.4738136
7582,22,1,0.57412803
7583,5,0,0.33694428
7584,2,0,0.5370923
7585,12,0,0.40384823
7586,0,1,0.52540755
7587,27,0,0.42476347
7588,16,1,0.42515215
7589,18,0,0.7336164
7590,3,1,0.68657863
7591,11,0,0.56267977
7592,22,1,0.69288886
7593,11,1,0.5081328
7594,22,1,0.61132526
7595,28,0,0.383445
7596,2,1,0.75269204
7597,12,0,0.7720527
7598,18,1,0.38092142
7599,12,1,0.45071945
7600,14,1,0.55528253
7601,11,1,0.52743036
7602,20,0,0.56140935
7603,23,1,0.4730285
7604,0,1,0.3932458
7605,2,0,0.6103614
7606,27,1,0.24953206
7607,28,1,0.6877528
7608,0,0,0.35762495
7609,3,1,0.74109
7610,2,1,0.5917966
7611,6,1,0.62958455
7612,23,0,0.5525763
7613,26,0,0.35535228
7614,12,0,0.46849567
7615,25,0,0.6409127
7616,6,1,0.6046203
7617,2,1,0.52240175
7618,26,1,0.5048995
7619,18,0,0.54671776
7620,10,0,0.7107127
7621,6,0,0.373944
7622,7,1,0.7362266
7623,26,1,0.507159
7624,6,1,0.78705424
7625,16,1,0.61673033
7626,3,1,0.5283308
7627,13,0,0.75218326
7628,7,1,0.5910897
7629,27,0,0.50943214
7630,25,1,0.56716305
7631,20,1,0.76494277
7632,11,1,0.5992888
7633,6,1,0.39189705
7634,14,0,0.60306543
7635,15,1,0.61291766
7636,15,0,0.57201827
7637,25,1,0.67925614
7638,15,1,0.61377496
7639,8,0,0.766615
7640,28,1,0.54900515
7641,16,1,0.707182
7642,2,0,0.37125206
7643,6,1,0.79713464
7644,17,1,0.6741594
7645,15,0,0.5277137
7646,18,0,0.48706663
7647,22,1,0.613111
7648,2,1,0.7532699
7649,13,0,0.44718492
7650,28,1,0.40320587
7651,2,0,0.49572742
7652,12,0,0.47489926
7653,13,1,0.44880265
7654,11,0,0.68041456
7655,24,1,0.49707985
7656,19,0,0.62703586
7657,12,0,0.5386872
7658,13,1,0.5402174
7659,2,1,0.44377875
7660,12,1,0.3564797
7661,2,0,0.6435804
7662,16,1,0.30894127
7663,27,0,0.40650907
7664,18,0,0.45877257
7665,2,0,0.6029172
7666,2,0,0.40444022
7667,25,0,0.56472677
7668,11,1,0.5366796
7669,14,1,0.3475047
7670,9,1,0.3378063
7671,4,0,0.35503632
7672,12,0,0.48066095
7673,5,0,0.5819381
7674,3,0,0.28958377
7675,4,1,0.5504992
7676,10,0,0.30502057
7677,26,0,0.31778964
7678,2,0,0.41151628
7679,15,0,0.6355816
7680,1,1,0.4191598
7681,25,0,0.41317892
7682,24,0,0.59084463
7683,13,0,0.56661636
7684,10,0,0.48841575
7685,11,0,0.52132934
7686,12,0,0.2776828
7687,16,0,0.43866232
7688,10,1,0.75302315
7689,13,1,0.33977085
7690,7,0,0.40129408
7691,19,0,0.54520994
7692,12,0,0.30069008
7693,10,0,0.25594515
7694,17,1,0.6117745
7695,27,0,0.59839684
7696,8,1,0.4421526
7697,13,1,0.49105924
7698,3,1,0.6990304
7699,25,0,0.49177343
7700,26,1,0.58242416
7701,16,1,0.52290606
7702,28,1,0.19483672
7703,3,0,0.3589049
7704,5,0,0.40654784
7705,4,0,0.5245114
7706,7,1,0.7403216
7707,18,0,0.52113473
7708,8,0,0.3334062
7709,28,1,0.43675643
7710,16,0,0.36469406
7711,10,1,0.48411527
7712,14,0,0.42727074
7713,26,0,0.5508973
7714,17,1,0.6078107
7715,2,0,0.4257699
7716,13,1,0.66652817
7717,20,1,0.4022935
7718,16,0,0.38837987
7719,26,0,0.35647264
7720,0,1,0.67722607
7721,21,0,0.3557106
7722,8,1,0.64214396
7723,22,0,0.32304108
7724,23,0,0.5648026
7725,1,1,0.6445783
7726,6,1,0.69285494
7727,15,0,0.49192002
7728,15,1,0.312649
7729,13,1,0.73789227
7730,9,1,0.549943
7731,3,0,0.32988924
7732,26,0,0.55464834
7733,26,0,0.3264462
7734,19,0,0.42501625
7735,13,0,0.64509326
7736,3,0,0.25520822
7737,25,1,0.6756412
7738,3,0,0.6433453
7739,6,1,0.3655742
7740,2,0,0.43316993
7741,4,1,0.63669217
7742,20,0,0.46811566
7743,20,1,0.7504243
7744,22,0,0.3618262
7745,14,1,0.48543635
7746,2,1,0.6727835
7747,28,1,0.64841485
7748,9,0,0.3283294
7749,26,0,0.44312042
7750,10,1,0.38453627
7751,11,1,0.26023242
7752,26,0,0.6013353
7753,11,0,0.36166555
7754,1,0,0.6307614
7755,17,1,0.6574688
7756,27,1,0.42951396
7757,5,1,0.6207567
7758,13,1,0.6657988
7759,17,1,0.7565414
7760,14,1,0.43345335
7761,28,0,0.50925505
7762,25,0,0.39706078
7763,13,1,0.65623647
7764,12,0,0.4007349
7765,18,1,0.45799154
7766,1,0,0.35701242
7767,25,1,0.46060175
7768,13,0,0.13273768
7769,28,1,0.72033435
7770,9,1,0.3604068
7771,6,1,0.64442885
7772,22,0,0.26168025
7773,20,0,0.49720734
7774,20,1,0.5487713
7775,11,0,0.6856108
7776,28,0,0.3733366
7777,12,0,0.5485136
7778,25,1,0.5336641
7779,11,0,0.68623453
7780,23,0,0.74339116
7781,15,0,0.32318
7782,0,1,0.4427895
7783,25,0,0.28122818
7784,8,1,0.65493083
7785,22,1,0.61670953
7786,17,0,0.5485929
7787,10,1,0.54736537
7788,17,1,0.54675347
7789,10,1,0.46853083
7790,12,1,0.4535314
7791,14,1,0.42578325
7792,17,1,0.6932941
7793,25,1,0.6361332
7794,15,0,0.35162708
7795,11,0,0.3818369
7796,21,0,0.5053606
7797,22,0,0.55627084
7798,20,0,0.5318605
7799,12,0,0.38998398
7800,16,0,0.56461364
7801,16,1,0.6069922
7802,12,1,0.46072438
7803,19,1,0.757283
7804,3,1,0.49556154
7805,16,1,0.62451166
7806,26,0,0.4016453
7807,7,1,0.41693655
7808,25,1,0.40965638
7809,11,1,0.25675493
7810,7,0,0.4416418
7811,17,0,0.3598323
7812,2,1,0.5475383
7813,15,1,0.4581741
7814,13,1,0.58224213
7815,1,1,0.5339364
7816,15,1,0.54757667
7817,6,0,0.66421014
7818,25,1,0.56356966
7819,13,0,0.3962494
7820,13,1,0.5412161
7821,6,1,0.5039419
7822,2,1,0.5782891
7823,5,0,0.32579437
7824,13,1,0.4350696
7825,26,1,0.6391343
7826,26,0,0.41693264
7827,26,1,0.46647495
7828,25,0,0.52865696
7829,18,0,0.34640735
7830,20,1,0.7193236
7831,4,1,0.71925336
7832,2,0,0.32364032
7833,23,0,0.3390119
7834,7,1,0.3856365
7835,12,1,0.5280056
7836,3,0,0.6404541
7837,12,1,0.3007191
7838,17,0,0.44555736
7839,16,0,0.4478644
7840,19,1,0.6091603
7841,9,1,0.63317037
7842,15,1,0.36734363
7843,3,1,0.5376731
7844,12,0,0.31350207
7845,12,1,0.45515794
7846,0,0,0.52399105
7847,1,1,0.325805
7848,10,0,0.43804485
7849,18,1,0.48015234
7850,15,1,0.4374244
7851,13,0,0.4667831
7852,27,0,0.4894702
7853,11,1,0.48118964
7854,15,0,0.2506206
7855,8,0,0.6629963
7856,2,1,0.4939281
7857,28,1,0.81313175
7858,4,0,0.32577813
7859,3,1,0.6722134
7860,24,1,0.5452443
7861,16,1,0.52072763
7862,16,1,0.4599051
7863,5,0,0.5309715
7864,3,0,0.35276496
7865,15,1,0.5912872
7866,21,0,0.5914643
7867,23,0,0.35405257
7868,16,1,0.62293875
7869,1,1,0.41694131
7870,16,0,0.3605015
7871,26,0,0.52233565
7872,7,0,0.6925501
7873,22,0,0.4394463
7874,16,1,0.5386521
7875,15,0,0.4126965
7876,10,1,0.6408205
7877,8,0,0.44307378
7878,20,0,0.7827669
7879,10,1,0.5584401
7880,20,0,0.5716319
7881,28,0,0.46062067
7882,25,0,0.4545839
7883,17,1,0.72925246
7884,1,0,0.31369174
7885,18,1,0.4136087
7886,12,1,0.44437408
7887,26,1,0.5506154
7888,7,0,0.29362586
7889,10,0,0.6299479
7890,15,1,0.6490642
7891,27,0,0.5104746
7892,13,1,0.41486374
7893,8,0,0.37474146
7894,15,1,0.5782941
7895,11,0,0.3900362
7896,11,0,0.34888187
7897,17,0,0.63983935
7898,16,0,0.5980188
7899,18,1,0.47152448
7900,20,1,0.3801714
7901,20,0,0.534233
7902,10,0,0.44124278
7903,15,1,0.46008322
7904,25,1,0.70778817
7905,25,0,0.72117716
7906,26,0,0.50960034
7907,26,0,0.7358443
7908,17,1,0.48229998
7909,2,0,0.5759443
7910,11,1,0.6094193
7911,24,1,0.8140446
7912,17,0,0.343596
7913,17,0,0.40520212
7914,24,0,0.50963604
7915,15,0,0.7575572
7916,12,0,0.7389798
7917,16,0,0.5703988
7918,28,1,0.31718144
7919,2,0,0.345074
7920,11,0,0.43614146
7921,20,1,0.4961919
7922,4,0,0.47319448
7923,19,1,0.40002504
7924,6,0,0.7585109
7925,14,1,0.4013532
7926,25,1,0.31993997
7927,1,1,0.51465243
7928,19,1,0.67031753
7929,24,1,0.6112135
7930,1,0,0.6697983
7931,11,0,0.5755174
7932,11,0,0.2739153
7933,13,0,0.38898307
7934,11,1,0.5358252
7935,13,1,0.51486015
7936,19,0,0.39445445
7937,13,1,0.6701073
7938,1,0,0.34235916
7939,13,1,0.73544323
7940,10,0,0.5512689
7941,0,0,0.36414054
7942,3,0,0.5879691
7943,20,0,0.34559554
7944,8,1,0.5665589
7945,16,1,0.66840637
7946,16,0,0.67236084
7947,24,1,0.59908164
7948,2,1,0.3566098
7949,15,0,0.34253842
7950,7,0,0.59169096
7951,16,0,0.75867933
7952,25,1,0.50941426
7953,19,0,0.516749
7954,9,1,0.60964775
7955,21,0,0.56888676
7956,17,0,0.44182998
7957,6,0,0.34916347
7958,15,0,0.4378594
7959,6,1,0.44228354
7960,25,0,0.4193845
7961,1,0,0.7211758
7962,26,0,0.35348335
7963,19,0,0.3431823
7964,2,1,0.5198689
7965,2,1,0.49847567
7966,20,1,0.7230079
7967,2,1,0.5130258
7968,5,0,0.4900441
7969,27,0,0.556664
7970,13,1,0.53253096
7971,23,0,0.37178952
7972,8,1,0.508657
7973,6,0,0.33371258
7974,5,0,0.45782268
7975,10,0,0.30495092
7976,8,0,0.3274162
7977,1,1,0.5025707
7978,11,1,0.5553656
7979,8,0,0.7029565
7980,13,0,0.40561992
7981,18,0,0.617509
7982,5,0,0.303574
7983,12,0,0.55977595
7984,13,1,0.50780654
7985,11,0,0.5042585
7986,27,0,0.67412484
7987,21,0,0.45266107
7988,1,0,0.30011
7989,19,1,0.7486094
7990,20,1,0.35330272
7991,3,0,0.4604809
7992,14,0,0.37307724
7993,11,1,0.6804922
7994,20,1,0.568411
7995,16,1,0.4994595
7996,11,0,0.24791962
7997,8,0,0.40634117
7998,25,1,0.41890916
7999,16,0,0.41416335
8000,1,1,0.7445489
8001,13,1,0.5690055
8002,11,1,0.5132371
8003,16,1,0.5191095
8004,12,0,0.39194128
8005,5,0,0.49401844
8006,16,1,0.5490519
8007,2,1,0.49554947
8008,12,1,0.4255493
8009,26,0,0.28171414
8010,15,1,0.6657534
8011,25,1,0.5552477
8012,0,1,0.78879416
8013,8,0,0.43367893
8014,19,0,0.42723957
8015,16,0,0.5014816
8016,11,0,0.47571737
8017,28,0,0.6736113
8018,11,0,0.5151159
8019,8,1,0.31742537
8020,1,1,0.67633975
8021,27,0,0.5620802
8022,4,1,0.7907697
8023,6,0,0.68751574
8024,28,1,0.6644316
8025,16,0,0.4643299
8026,21,0,0.5641535
8027,0,1,0.29188046
8028,8,0,0.65413594
8029,27,1,0.61659163
8030,6,1,0.48596352
8031,16,1,0.35169795
8032,18,1,0.41945967
8033,10,0,0.23490831
8034,17,0,0.44469598
8035,19,1,0.59367603
8036,12,0,0.45771018
8037,28,0,0.30857202
8038,15,1,0.5997725
8039,27,1,0.40556443
8040,1,0,0.27868393
8041,25,1,0.31344178
8042,10,1,0.65770346
8043,13,1,0.78610504
8044,16,1,0.47448382
8045,2,1,0.34756616
8046,2,0,0.50946474
8047,1,1,0.6918864
8048,12,1,0.6044613
8049,6,0,0.5398403
8050,16,1,0.30253667
8051,2,0,0.31174645
8052,1,0,0.4534893
8053,19,0,0.38663745
8054,28,1,0.58673704
8055,4,0,0.53020555
8056,23,1,0.40940225
8057,3,1,0.6325705
8058,1,1,0.5905851
8059,11,0,0.31022212
8060,13,0,0.42670408
8061,28,0,0.31191078
8062,25,1,0.38411734
8063,27,0,0.4126948
8064,4,0,0.44853273
8065,14,0,0.6337232
8066,13,0,0.68872494
8067,0,1,0.4639312
8068,0,0,0.34080395
8069,12,0,0.44697303
8070,3,0,0.3823352
8071,24,1,0.4197282
8072,1,0,0.5540894
8073,22,0,0.67228746
8074,16,0,0.5010317
8075,22,1,0.7603352
8076,9,1,0.8032409
8077,13,1,0.6353243
8078,26,1,0.47116572
8079,14,1,0.37965417
8080,26,1,0.7185144
8081,4,0,0.5487102
8082,16,1,0.3821041
8083,10,0,0.5477364
8084,17,1,0.45401716
8085,27,0,0.5319883
8086,25,1,0.40227827
8087,2,1,0.40773794
8088,12,1,0.46033958
8089,13,0,0.37764874
8090,4,1,0.51246583
8091,25,0,0.63390017
8092,12,1,0.5171546
8093,2,1,0.41402873
8094,15,1,0.63786644
8095,13,0,0.4081811
8096,28,0,0.54079765
8097,25,0,0.5323973
8098,28,0,0.36460635
8099,9,0,0.24041003
8100,7,0,0.5998769
8101,23,1,0.23453692
8102,11,0,0.78095007
8103,10,0,0.3897716
8104,3,1,0.69104546
8105,18,1,0.5585479
8106,1,0,0.5784709
8107,8,1,0.69071
8108,11,1,0.7218615
8109,23,1,0.67214817
8110,27,0,0.38643777
8111,13,0,0.6614356
8112,12,0,0.399047
8113,12,0,0.4200143
8114,16,0,0.44598904
8115,10,0,0.548149
8116,8,1,0.60514617
8117,17,1,0.3694119
8118,16,0,0.36070758
8119,2,0,0.40596247
8120,27,0,0.5411416
8121,19,0,0.3266376
8122,19,0,0.6055864
8123,5,0,0.38735515
8124,5,0,0.37998003
8125,12,0,0.33488718
8126,28,1,0.4824376
8127,1,1,0.631838
8128,6,0,0.47449884
8129,25,1,0.6567673
8130,13,1,0.65043116
8131,10,1,0.49677274
8132,25,0,0.4507779
8133,4,0,0.5483347
8134,25,1,0.48758787
8135,7,1,0.5578317
8136,10,0,0.5055937
8137,13,1,0.6235694
8138,13,1,0.31125882
8139,12,1,0.6015348
8140,8,1,0.5777445
8141,6,1,0.5159615
8142,25,1,0.5511442
8143,16,0,0.6302307
8144,26,1,0.34561577
8145,8,0,0.39878598
8146,10,1,0.5481003
8147,23,0,0.44632506
8148,13,1,0.38175187
8149,26,0,0.3719634
8150,28,0,0.25713128
8151,27,0,0.5674032
8152,17,0,0.4710986
8153,24,0,0.40095297
8154,27,0,0.4781232
8155,14,0,0.7623362
8156,23,0,0.37797385
8157,13,0,0.43058407
8158,25,1,0.57142395
8159,14,1,0.61004156
8160,0,1,0.6132092
8161,28,0,0.52026415
8162,10,0,0.4730009
8163,14,0,0.42512244
8164,2,1,0.67683834
8165,13,0,0.55264723
8166,12,1,0.6614049
8167,27,1,0.63877773
8168,5,1,0.19142051
8169,27,1,0.66391546
8170,18,0,0.5089104
8171,20,1,0.6383095
8172,8,0,0.30052286
8173,13,0,0.6013075
8174,25,1,0.50483495
8175,2,1,0.49017593
8176,9,1,0.30116063
8177,26,0,0.46289515
8178,8,0,0.48177198
8179,26,1,0.46918783
8180,20,1,0.72121847
8181,27,1,0.32982758
8182,8,1,0.36036432
8183,10,0,0.49664205
8184,8,0,0.43389732
8185,16,1,0.4633264
8186,26,1,0.44481105
8187,27,0,0.42036554
8188,19,1,0.43296024
8189,12,1,0.7029327
8190,13,0,0.33352584
8191,13,0,0.38126376
8192,8,0,0.533602
8193,4,1,0.5714846
8194,15,1,0.65840274
8195,11,0,0.38307586
8196,21,1,0.6540311
8197,22,0,0.3829686
8198,14,1,0.6764151
8199,9,0,0.32882458
8200,10,1,0.5250649
8201,2,1,0.46035644
8202,14,1,0.6443789
8203,28,0,0.3873575
8204,8,0,0.5399333
8205,13,0,0.5660064
8206,18,0,0.38737088
8207,18,0,0.70054865
8208,15,0,0.52526486
8209,12,0,0.58573407
8210,16,0,0.44847488
8211,22,1,0.61580396
8212,18,1,0.5942495
8213,10,1,0.3749041
8214,17,0,0.6294424
8215,27,0,0.5186381
8216,13,1,0.43402478
8217,6,1,0.35521996
8218,13,0,0.31862953
8219,10,1,0.3100915
8220,8,1,0.76789504
8221,16,1,0.43562564
8222,24,0,0.37169987
8223,12,0,0.59321487
8224,20,0,0.37795287
8225,5,0,0.4174603
8226,27,1,0.41023925
8227,21,1,0.4117439
8228,1,1,0.49411896
8229,16,1,0.4555555
8230,10,1,0.4692838
8231,13,0,0.76274145
8232,12,1,0.66496414
8233,2,1,0.64997816
8234,11,0,0.39811274
8235,15,1,0.41247776
8236,13,0,0.42735606
8237,13,1,0.6370729
8238,13,1,0.49574685
8239,14,1,0.43642214
8240,18,0,0.43788886
8241,18,1,0.659809
8242,11,1,0.30983478
8243,1,1,0.45588076
8244,27,0,0.41633564
8245,20,1,0.41127416
8246,18,0,0.6134547
8247,20,0,0.4832845
8248,16,1,0.4433235
8249,2,1,0.48911613
8250,26,1,0.6652863
8251,23,1,0.59540015
8252,24,0,0.38962802
8253,0,0,0.5572127
8254,27,1,0.54297024
8255,8,1,0.43289244
8256,10,1,0.3737396
8257,24,1,0.6760852
8258,1,0,0.5182639
8259,17,0,0.5564592
8260,13,0,0.623241
8261,25,1,0.7453831
8262,16,0,0.48433906
8263,12,1,0.5027397
8264,11,1,0.6900976
8265,28,1,0.58488095
8266,15,0,0.38265622
8267,5,0,0.5897547
8268,13,0,0.26354268
8269,16,0,0.55270696
8270,20,1,0.37003666
8271,16,0,0.5196556
8272,24,0,0.3909108
8273,11,0,0.57285154
8274,6,1,0.6251898
8275,23,0,0.46551293
8276,26,0,0.3261561
8277,19,1,0.35310832
8278,13,1,0.3741705
8279,0,0,0.44191372
8280,0,1,0.623323
8281,17,1,0.4101781
8282,3,1,0.6338452
8283,9,0,0.4658674
8284,11,1,0.46474314
8285,10,0,0.6021603
8286,15,0,0.45724297
8287,22,1,0.40222058
8288,24,0,0.40559345
8289,10,0,0.5045875
8290,10,1,0.32464695
8291,23,0,0.35433188
8292,16,0,0.65245986
8293,20,1,0.5574447
8294,27,1,0.47519764
8295,3,0,0.42342815
8296,9,0,0.46136898
8297,28,1,0.46770307
8298,26,0,0.55854833
8299,24,0,0.5547151
8300,15,0,0.34901723
8301,10,0,0.7132755
8302,21,1,0.3577544
8303,7,0,0.4755808
8304,10,1,0.44789866
8305,6,1,0.32713562
8306,8,0,0.34960985
8307,3,1,0.55703664
8308,10,0,0.3869579
8309,16,0,0.48285517
8310,10,1,0.47741297
8311,18,1,0.43274295
8312,24,0,0.41699126
8313,3,0,0.3165572
8314,21,1,0.5859072
8315,2,1,0.45531932
8316,13,1,0.52825886
8317,8,1,0.5830272
8318,28,0,0.72034544
8319,6,1,0.57163614
8320,19,1,0.6311781
8321,19,1,0.6030777
8322,8,0,0.59691715
8323,4,1,0.524486
8324,24,0,0.40708885
8325,4,1,0.37641045
8326,0,1,0.5356713
8327,15,1,0.54330945
8328,4,1,0.5411623
8329,11,0,0.3484832
8330,23,1,0.35492972
8331,13,1,0.57832
8332,6,1,0.45082864
8333,27,1,0.5645692
8334,14,1,0.47547
8335,20,1,0.4986769
8336,18,1,0.46838728
8337,27,0,0.43594274
8338,16,1,0.8364816
8339,1,1,0.52791077
8340,3,0,0.36140868
8341,28,0,0.50129294
8342,23,1,0.3704667
8343,8,1,0.5492963
8344,2,0,0.28229526
8345,22,1,0.70502365
8346,13,1,0.50350493
8347,16,0,0.5345877
8348,16,1,0.40980434
8349,13,1,0.7580807
8350,16,0,0.5588735
8351,2,0,0.43832868
8352,10,1,0.5944868
8353,15,1,0.49435177
8354,9,0,0.39544246
8355,1,1,0.5964292
8356,23,0,0.44603845
8357,24,0,0.25589892
8358,12,0,0.5414184
8359,18,0,0.44600868
8360,16,0,0.74750745
8361,21,0,0.43454844
8362,1,1,0.6983324
8363,14,1,0.63313013
8364,11,0,0.5418463
8365,4,1,0.6621831
8366,16,0,0.5197509
8367,19,1,0.66304815
8368,1,0,0.37257507
8369,26,0,0.35636568
8370,10,1,0.48416746
8371,28,1,0.4202925
8372,13,0,0.80029804
8373,24,1,0.6651914
8374,28,1,0.46971184
8375,11,1,0.76240796
8376,16,1,0.7539555
8377,17,0,0.5177619
8378,20,0,0.6562679
8379,3,1,0.6178797
8380,19,0,0.7557044
8381,14,1,0.65531105
8382,13,1,0.60201013
8383,16,1,0.7848527
8384,27,0,0.49306178
8385,3,0,0.35124603
8386,4,0,0.5351297
8387,14,0,0.64556205
8388,10,0,0.42392236
8389,16,1,0.719142
8390,17,0,0.35339162
8391,28,1,0.6383888
8392,15,0,0.25711045
8393,27,0,0.47676405
8394,17,1,0.34569168
8395,15,1,0.5902364
8396,26,1,0.406655
8397,8,1,0.80241746
8398,13,1,0.6341702
8399,10,1,0.63285947
8400,2,0,0.8211877
8401,25,0,0.49453935
8402,13,0,0.56465024
8403,6,0,0.76743156
8404,11,0,0.5569566
8405,12,0,0.3561447
8406,13,0,0.35107648
8407,4,1,0.3528358
8408,8,1,0.40500152
8409,17,1,0.43436256
8410,11,1,0.6469688
8411,22,0,0.45256275
8412,20,1,0.45479834
8413,1,1,0.6582768
8414,27,1,0.45585847
8415,20,1,0.5914471
8416,18,0,0.30499676
8417,7,1,0.70149195
8418,12,0,0.42121542
8419,16,1,0.70117205
8420,6,0,0.48291165
8421,26,0,0.33362913
8422,15,1,0.76468366
8423,2,1,0.5335521
8424,17,0,0.45685625
8425,25,0,0.52420485
8426,18,0,0.5957917
8427,8,0,0.3284124
8428,11,0,0.5276627
8429,7,0,0.42420852
8430,6,0,0.2897507
8431,24,0,0.43275914
8432,27,1,0.7355039
8433,2,0,0.5309173
8434,23,1,0.47854987
8435,7,0,0.40018594
8436,12,1,0.46033403
8437,2,1,0.6548714
8438,16,1,0.44452056
8439,1,1,0.49897262
8440,13,0,0.4345911
8441,22,1,0.45218548
8442,1,1,0.31517002
8443,12,1,0.4123407
8444,11,0,0.38435864
8445,25,1,0.49359468
8446,26,0,0.48044682
8447,8,0,0.6418367
8448,16,1,0.6903948
8449,16,1,0.5347007
8450,12,1,0.4374606
8451,2,1,0.55447286
8452,11,0,0.6562679
8453,13,1,0.5141557
8454,16,1,0.5893138
8455,16,1,0.5890819
8456,5,0,0.38942996
8457,15,1,0.5942845
8458,4,0,0.31265515
8459,8,1,0.67927784
8460,24,1,0.63787997
8461,16,0,0.530858
8462,13,0,0.5486265
8463,2,1,0.5311508
8464,20,1,0.5511219
8465,6,0,0.41193306
8466,10,1,0.44287243
8467,3,0,0.47224176
8468,8,1,0.5403155
8469,15,0,0.45177436
8470,6,1,0.78712326
8471,15,1,0.6172688
8472,1,0,0.4701967
8473,19,0,0.6775529
8474,28,0,0.37260473
8475,0,1,0.50845367
8476,8,0,0.5353466
8477,13,0,0.40601557
8478,11,0,0.44225436
8479,14,0,0.25376207
8480,17,1,0.53856564
8481,10,1,0.7525412
8482,15,0,0.6269899
8483,22,1,0.3560486
8484,14,0,0.34797695
8485,15,1,0.34309375
8486,9,1,0.5105955
8487,16,1,0.66521806
8488,27,0,0.39400792
8489,21,1,0.5595044
8490,3,1,0.5427663
8491,16,1,0.6680752
8492,28,1,0.74748296
8493,17,1,0.47918102
8494,13,1,0.40490282
8495,9,1,0.37103835
8496,6,0,0.41349134
8497,6,0,0.38087475
8498,9,0,0.74086577
8499,15,1,0.6033976
8500,13,1,0.5020027
8501,17,1,0.6179185
8502,12,1,0.472264
8503,9,1,0.36193743
8504,4,0,0.4900687
8505,26,1,0.5416768
8506,25,1,0.2934658
8507,20,0,0.42625293
8508,22,0,0.39974335
8509,13,1,0.49948806
8510,10,0,0.34725294
8511,13,0,0.48838112
8512,27,0,0.30907714
8513,23,1,0.67267674
8514,2,0,0.45815563
8515,0,0,0.48220482
8516,11,0,0.6123334
8517,7,0,0.70303935
8518,20,1,0.7432273
8519,8,0,0.22917941
8520,1,0,0.34901017
8521,19,1,0.6900745
8522,23,0,0.5263242
8523,13,0,0.3547854
8524,7,0,0.37855574
8525,12,1,0.3710615
8526,4,1,0.7042313
8527,16,1,0.47422856
8528,23,0,0.6252064
8529,14,1,0.3745959
8530,8,1,0.67937243
8531,10,0,0.4364286
8532,23,1,0.37179255
8533,20,1,0.699706
8534,0,0,0.41968802
8535,3,1,0.23541668
8536,13,0,0.56864715
8537,16,0,0.39179218
8538,9,0,0.37612697
8539,13,0,0.42216435
8540,16,0,0.3908125
8541,2,1,0.54650545
8542,3,1,0.6602902
8543,6,1,0.47853327
8544,10,0,0.49795017
8545,4,0,0.56358963
8546,2,0,0.70226574
8547,27,1,0.5283971
8548,15,1,0.47144037
8549,9,0,0.52447575
8550,15,0,0.295954
8551,15,0,0.26033163
8552,11,0,0.43377665
8553,28,0,0.3620159
8554,2,0,0.29868907
8555,15,1,0.5069072
8556,28,1,0.41775852
8557,25,1,0.45915765
8558,2,1,0.4694681
8559,15,1,0.5218889
8560,17,0,0.41444463
8561,1,1,0.5568198
8562,8,0,0.3281329
8563,4,0,0.5724363
8564,26,1,0.48434582
8565,6,1,0.5158606
8566,25,0,0.38701284
8567,18,1,0.8277296
8568,12,0,0.24617061
8569,20,1,0.24449347
8570,16,0,0.42048666
8571,17,0,0.4696097
8572,10,0,0.3440972
8573,13,1,0.6239531
8574,9,1,0.61212116
8575,16,0,0.654542
8576,21,1,0.7124446
8577,24,0,0.26442254
8578,13,0,0.32999304
8579,24,1,0.64942944
8580,22,0,0.36559194
8581,22,0,0.5211416
8582,13,1,0.5815292
8583,2,1,0.42095265
8584,17,0,0.57827955
8585,28,0,0.7322745
8586,26,1,0.5234295
8587,14,0,0.3763644
8588,6,1,0.6213066
8589,5,0,0.7592963
8590,5,1,0.70535004
8591,8,0,0.62061614
8592,23,0,0.49431473
8593,1,0,0.37253642
8594,13,0,0.41029993
8595,18,0,0.5756771
8596,17,0,0.3593777
8597,12,0,0.540234
8598,16,0,0.53280777
8599,15,1,0.7474082
8600,16,0,0.3191238
8601,7,0,0.38791007
8602,16,1,0.6235483
8603,4,0,0.3201713
8604,26,0,0.42619437
8605,16,1,0.56703824
8606,2,0,0.56230843
8607,14,1,0.5920413
8608,6,0,0.38020566
8609,4,0,0.51292145
8610,15,0,0.42747197
8611,9,0,0.4293103
8612,19,0,0.5775637
8613,19,0,0.36946705
8614,9,1,0.4204795
8615,5,0,0.3513282
8616,25,0,0.49158576
8617,12,1,0.6000965
8618,11,0,0.36020094
8619,15,1,0.6815026
8620,21,1,0.5348345
8621,14,1,0.41606006
8622,12,0,0.47152236
8623,26,1,0.3545833
8624,22,1,0.5743488
8625,0,1,0.5552711
8626,14,1,0.3108363
8627,22,1,0.5785297
8628,13,0,0.5444398
8629,2,0,0.40648377
8630,13,1,0.4457354
8631,16,0,0.34596273
8632,20,0,0.31456876
8633,15,0,0.56559753
8634,15,0,0.65283656
8635,4,1,0.4193102
8636,3,0,0.5952938
8637,13,0,0.583489
8638,1,0,0.64413977
8639,2,1,0.3633715
8640,8,1,0.39017478
8641,23,1,0.7208152
8642,15,0,0.41234452
8643,8,0,0.26671663
8644,27,0,0.35539365
8645,16,0,0.3046927
8646,3,1,0.5721068
8647,19,1,0.39487588
8648,28,1,0.3462895
8649,7,1,0.70247054
8650,13,0,0.44546375
8651,17,1,0.5327364
8652,11,1,0.43585563
8653,1,0,0.33136824
8654,10,1,0.7488696
8655,25,0,0.43195406
8656,16,0,0.3529134
8657,2,0,0.2850579
8658,27,1,0.56225413
8659,27,1,0.5718116
8660,22,0,0.6276234
8661,10,1,0.61440355
8662,12,0,0.41926998
8663,15,1,0.5442083
8664,13,1,0.5236361
8665,13,1,0.66706705
8666,25,0,0.5815838
8667,22,1,0.7206896
8668,27,1,0.5354588
8669,8,1,0.5686071
8670,27,0,0.34705943
8671,11,0,0.60092866
8672,7,0,0.5414162
8673,12,1,0.36581066
8674,3,1,0.3275107
8675,1,1,0.36600104
8676,8,0,0.36336756
8677,26,0,0.422621
8678,16,1,0.5701883
8679,2,1,0.36549133
8680,2,1,0.18172683
8681,11,0,0.72275215
8682,16,1,0.44796878
8683,21,0,0.47077104
8684,25,1,0.5893315
8685,17,0,0.59668005
8686,4,1,0.5265944
8687,25,1,0.5777128
8688,27,1,0.7453454
8689,17,0,0.4223739
8690,22,0,0.20040548
8691,15,1,0.27273145
8692,14,0,0.26310572
8693,10,1,0.40643466
8694,0,1,0.6214857
8695,10,0,0.50521886
8696,18,0,0.45026973
8697,16,1,0.4072207
8698,7,1,0.51426435
8699,14,1,0.6390115
8700,3,0,0.54672605
8701,12,1,0.5471122
8702,0,0,0.41319016
8703,13,1,0.62562317
8704,3,0,0.52097815
8705,14,1,0.54991996
8706,16,0,0.7052036
8707,28,0,0.37447903
8708,6,0,0.66684335
8709,28,1,0.24345036
8710,26,0,0.47250628
8711,1,0,0.32066682
8712,6,0,0.4769251
8713,8,1,0.55785084
8714,2,1,0.6628635
8715,17,1,0.3785738
8716,13,1,0.6105225
8717,13,1,0.4308838
8718,13,0,0.21153048
8719,20,1,0.788765
8720,19,1,0.40048164
8721,20,1,0.6074555
8722,4,0,0.5352613
8723,3,0,0.5202514
8724,10,0,0.46151534
8725,11,0,0.33408606
8726,6,0,0.5136176
8727,24,1,0.48983097
8728,12,1,0.647126
8729,12,0,0.33529678
8730,8,0,0.50343376
8731,2,1,0.25852945
8732,28,1,0.63030547
8733,6,0,0.6484176
8734,10,0,0.49513435
8735,13,1,0.59132063
8736,28,1,0.3930544
8737,8,1,0.60893446
8738,27,1,0.6847355
8739,21,0,0.59490323
8740,17,1,0.6296172
8741,27,1,0.5372956
8742,16,1,0.56032455
8743,17,1,0.60915846
8744,10,0,0.31510612
8745,15,0,0.2895699
8746,25,1,0.6365441
8747,18,0,0.5638885
8748,6,0,0.66377157
8749,18,1,0.2954359
8750,20,0,0.41502026
8751,15,1,0.58611166
8752,17,0,0.46108055
8753,26,1,0.6751809
8754,23,1,0.55232346
8755,5,0,0.6547764
8756,17,0,0.5579263
8757,8,0,0.41202548
8758,27,0,0.628007
8759,27,0,0.3977136
8760,12,1,0.51844406
8761,9,1,0.6044849
8762,10,1,0.6091751
8763,13,0,0.33141813
8764,16,1,0.8258946
8765,9,1,0.6518084
8766,3,0,0.46367326
8767,26,1,0.22498497
8768,0,1,0.51911104
8769,7,1,0.71138805
8770,5,1,0.5344898
8771,19,0,0.636582
8772,25,0,0.3474605
8773,13,0,0.66095406
8774,13,0,0.43537414
8775,15,0,0.22909653
8776,1,1,0.50190616
8777,12,1,0.4676553
8778,1,0,0.19668582
8779,23,1,0.42174268
8780,14,0,0.34509057
8781,28,0,0.3082937
8782,26,0,0.5625779
8783,10,0,0.4323071
8784,15,0,0.37957585
8785,1,1,0.469056
8786,19,0,0.58705556
8787,7,1,0.64110875
8788,16,0,0.4599599
8789,17,1,0.45982775
8790,27,1,0.33569875
8791,3,0,0.6450184
8792,13,0,0.62555474
8793,12,1,0.52027863
8794,10,1,0.2595116
8795,17,1,0.4430794
8796,10,1,0.65996504
8797,1,0,0.33768323
8798,0,1,0.73909855
8799,26,0,0.45037377
8800,8,1,0.63143325
8801,15,1,0.41787168
8802,16,0,0.55504555
8803,10,1,0.44622806
8804,1,0,0.34739363
8805,16,1,0.69287986
8806,16,1,0.39804873
8807,2,1,0.517052
8808,19,1,0.7659311
8809,6,0,0.644066
8810,1,1,0.5744188
8811,13,1,0.45054457
8812,20,1,0.5638348
8813,14,1,0.58255965
8814,13,0,0.70394415
8815,8,1,0.7112805
8816,16,0,0.45197067
8817,20,0,0.6916241
8818,22,1,0.36653373
8819,25,0,0.48009798
8820,16,1,0.7110127
8821,21,1,0.5528951
8822,26,0,0.33098146
8823,26,0,0.502878
8824,16,1,0.7414337
8825,18,1,0.79683447
8826,26,0,0.1857192
8827,15,1,0.37486213
8828,13,0,0.5827312
8829,10,0,0.32324225
8830,17,1,0.4982722
8831,20,1,0.6579421
8832,11,1,0.5902774
8833,2,1,0.4171715
8834,8,0,0.31331173
8835,2,0,0.35691094
8836,5,0,0.42019933
8837,1,1,0.52639294
8838,2,0,0.69297785
8839,13,0,0.54090357
8840,2,0,0.39351204
8841,15,1,0.5431173
8842,2,0,0.53700876
8843,3,0,0.6146337
8844,18,1,0.3381504
8845,27,1,0.4420537
8846,10,1,0.77068216
8847,11,1,0.6100291
8848,7,1,0.68242896
8849,13,1,0.41878095
8850,4,0,0.5754571
8851,13,0,0.3444154
8852,16,0,0.48800382
8853,2,0,0.49022403
8854,12,0,0.33234543
8855,25,0,0.54840964
8856,2,1,0.51856834
8857,24,0,0.6641989
8858,13,0,0.32968262
8859,23,1,0.6943977
8860,13,0,0.40164128
8861,25,1,0.51397
8862,28,0,0.42515683
8863,27,1,0.51434773
8864,17,0,0.4309728
8865,22,0,0.43574542
8866,13,1,0.5657558
8867,11,1,0.77625275
8868,6,0,0.5852846
8869,25,1,0.7672264
8870,24,0,0.54398274
8871,20,0,0.42795038
8872,2,1,0.52169794
8873,21,0,0.2858185
8874,16,1,0.49885666
8875,25,0,0.5778521
8876,13,1,0.62497836
8877,19,1,0.664264
8878,0,0,0.46044627
8879,26,1,0.6085626
8880,22,0,0.44226223
8881,24,1,0.67248267
8882,10,1,0.55773085
8883,13,0,0.36823377
8884,3,0,0.49055493
8885,24,0,0.41866225
8886,14,1,0.2882526
8887,18,1,0.769605
8888,5,1,0.7725086
8889,6,1,0.5042797
8890,0,0,0.53749156
8891,0,1,0.32869938
8892,8,1,0.3914618
8893,1,1,0.7446912
8894,15,0,0.38115743
8895,12,1,0.6699658
8896,15,0,0.4703025
8897,7,1,0.24716225
8898,26,0,0.4069131
8899,28,1,0.75175065
8900,23,0,0.5336917
8901,26,0,0.5760443
8902,12,1,0.45837113
8903,16,1,0.5872456
8904,10,0,0.6017677
8905,22,0,0.39308622
8906,12,1,0.6994856
8907,5,1,0.58333516
8908,22,1,0.49026564
8909,16,0,0.3972626
8910,27,1,0.5852313
8911,8,1,0.3146253
8912,20,1,0.4376061
8913,10,1,0.7091644
8914,15,1,0.69097304
8915,15,1,0.54628575
8916,27,1,0.77303493
8917,5,1,0.5475863
8918,8,1,0.3734565
8919,18,1,0.418604
8920,7,1,0.68598
8921,26,1,0.5660664
8922,10,1,0.35862622
8923,23,0,0.3860556
8924,20,0,0.63731366
8925,3,1,0.6200972
8926,3,0,0.387791
8927,16,0,0.63871914
8928,24,1,0.4504322
8929,26,1,0.5481859
8930,25,0,0.47224155
8931,2,0,0.44190302
8932,27,1,0.67926383
8933,0,0,0.34860224
8934,9,1,0.5524992
8935,0,1,0.68966854
8936,22,1,0.69150555
8937,1,0,0.6230701
8938,0,1,0.55389196
8939,6,1,0.7182929
8940,24,1,0.3146904
8941,0,0,0.45584697
8942,17,0,0.49477586
8943,17,0,0.3548802
8944,8,1,0.6270272
8945,0,0,0.64572966
8946,2,0,0.3714248
8947,15,1,0.4235252
8948,2,1,0.46609265
8949,16,0,0.28215978
8950,0,0,0.35644034
8951,1,1,0.39083368
8952,1,1,0.58899236
8953,8,0,0.3637879
8954,12,1,0.50927293
8955,21,1,0.74442077
8956,0,1,0.47750562
8957,1,0,0.53216374
8958,20,0,0.5881981
8959,25,0,0.45758194
8960,13,1,0.70040727
8961,2,0,0.4008916
8962,6,1,0.34674633
8963,26,1,0.4178701
8964,18,1,0.6199058
8965,15,0,0.46898037
8966,10,0,0.4855845
8967,6,0,0.35105672
8968,7,1,0.5502378
8969,18,0,0.59171796
8970,16,0,0.57404304
8971,8,1,0.48799574
8972,2,1,0.5602532
8973,1,1,0.35919344
8974,28,1,0.5114722
8975,12,1,0.7000909
8976,16,1,0.7414055
8977,21,1,0.7024215
8978,1,0,0.6318748
8979,3,1,0.65331614
8980,2,0,0.7161307
8981,26,1,0.58641154
8982,12,1,0.45495945
8983,14,0,0.3399245
8984,1,1,0.5038346
8985,26,0,0.40048313
8986,6,0,0.60436326
8987,4,0,0.5103695
8988,15,0,0.39375147
8989,10,0,0.4212372
8990,11,1,0.46753606
8991,18,0,0.40761027
8992,11,0,0.7403868
8993,11,1,0.4224017
8994,10,1,0.5334576
8995,1,1,0.6618378
8996,8,1,0.39244133
8997,21,0,0.74566156
8998,2,1,0.6265703
8999,6,0,0.4896681
9000,16,1,0.75243694
9001,14,1,0.5758572
9002,16,0,0.59181
9003,13,1,0.5584924
9004,27,0,0.43879044
9005,5,0,0.67840886
9006,26,1,0.3097618
9007,12,1,0.70324486
9008,13,1,0.31068885
9009,8,0,0.5840083
9010,7,0,0.54491913
9011,20,1,0.61301017
9012,24,0,0.58818376
9013,15,1,0.6089376
9014,25,1,0.66526073
9015,0,1,0.505434
9016,22,1,0.5214997
9017,10,0,0.67852044
9018,14,1,0.61059964
9019,7,0,0.44319874
9020,16,0,0.6805368
9021,20,0,0.6170287
9022,10,0,0.4589375
9023,25,1,0.51939243
9024,17,0,0.39808387
9025,23,0,0.60999835
9026,22,1,0.7026249
9027,10,0,0.32399812
9028,27,0,0.69187194
9029,13,1,0.7335649
9030,9,0,0.46878004
9031,15,1,0.66049683
9032,25,0,0.554858
9033,20,1,0.48620614
9034,16,1,0.7595915
9035,6,0,0.41267174
9036,16,0,0.2763791
9037,16,0,0.5995383
9038,25,1,0.5457
9039,23,0,0.3558343
9040,7,0,0.25525773
9041,25,1,0.54222447
9042,5,0,0.71117514
9043,4,0,0.47413784
9044,19,1,0.5856191
9045,8,1,0.6880024
9046,11,0,0.44180778
9047,7,0,0.424084
9048,1,1,0.46852496
9049,3,0,0.34900948
9050,20,0,0.3324465
9051,25,1,0.57908195
9052,16,0,0.6067414
9053,13,1,0.49919367
9054,6,0,0.47256142
9055,16,1,0.5946172
9056,11,1,0.4596559
9057,16,1,0.746225
9058,18,1,0.7794573
9059,0,0,0.5454945
9060,2,0,0.3093328
9061,13,1,0.5201568
9062,10,0,0.43805057
9063,0,0,0.4532406
9064,4,0,0.2641997
9065,26,1,0.59905785
9066,10,1,0.56686115
9067,15,0,0.6233103
9068,0,1,0.51071155
9069,2,0,0.63510907
9070,1,1,0.5344243
9071,20,0,0.3002594
9072,16,1,0.3857697
9073,15,1,0.5816584
9074,0,0,0.4595155
9075,11,0,0.33146724
9076,25,1,0.3556121
9077,25,0,0.5587503
9078,13,0,0.610228
9079,15,1,0.5312827
9080,1,1,0.58593386
9081,3,1,0.39956513
9082,18,0,0.47216913
9083,25,0,0.47990072
9084,1,0,0.39230782
9085,1,1,0.3971065
9086,15,1,0.76946986
9087,17,0,0.3357248
9088,0,1,0.4159891
9089,13,0,0.3251782
9090,28,1,0.38586983
9091,15,0,0.5263774
9092,1,1,0.4330576
9093,25,1,0.74741316
9094,24,0,0.57966375
9095,9,1,0.60867643
9096,1,1,0.32822576
9097,15,1,0.43209484
9098,17,1,0.8230881
9099,28,0,0.3675369
9100,25,0,0.48922065
9101,10,1,0.4526071
9102,17,1,0.4461665
9103,13,0,0.28757378
9104,4,1,0.39715984
9105,2,1,0.774726
9106,16,1,0.50054336
9107,10,1,0.3951174
9108,8,1,0.6139991
9109,9,1,0.7704635
9110,23,1,0.5813183
9111,10,1,0.59721744
9112,7,1,0.7140544
9113,16,1,0.72629356
9114,11,1,0.63656586
9115,6,1,0.4505191
9116,15,1,0.7430125
9117,26,1,0.478064
9118,8,1,0.6223359
9119,15,1,0.33078846
9120,18,1,0.24112286
9121,23,1,0.3923917
9122,18,1,0.41960898
9123,2,1,0.42161655
9124,2,0,0.44468465
9125,18,1,0.6483764
9126,15,1,0.73966724
9127,17,1,0.48077333
9128,9,1,0.68313646
9129,7,0,0.64311224
9130,27,1,0.3542443
9131,7,1,0.5880587
9132,6,0,0.28848383
9133,3,0,0.37368387
9134,15,0,0.34385398
9135,16,1,0.31595477
9136,2,1,0.41696694
9137,22,1,0.5962658
9138,17,1,0.49669346
9139,28,0,0.7072334
9140,15,0,0.32291836
9141,2,0,0.4508108
9142,27,0,0.43782404
9143,18,1,0.5736121
9144,13,0,0.3900446
9145,14,1,0.43858898
9146,25,0,0.54019797
9147,6,0,0.56089133
9148,24,1,0.5909657
9149,23,0,0.5338342
9150,10,0,0.40315223
9151,20,0,0.1880537
9152,7,1,0.45120814
9153,10,1,0.7480169
9154,7,0,0.5697818
9155,8,1,0.7105491
9156,10,0,0.69163346
9157,8,1,0.41047248
9158,12,0,0.6988623
9159,16,0,0.42344397
9160,26,0,0.5071485
9161,10,1,0.61757684
9162,26,1,0.72579277
9163,8,1,0.27389556
9164,26,0,0.41753337
9165,4,1,0.5938917
9166,13,1,0.53980905
9167,17,1,0.44939846
9168,16,0,0.43356648
9169,8,1,0.7484797
9170,28,0,0.4698406
9171,14,1,0.5333582
9172,8,1,0.59082013
9173,16,0,0.4089009
9174,23,1,0.6662645
9175,0,0,0.49487102
9176,19,0,0.55290693
9177,1,0,0.5799501
9178,18,1,0.68214095
9179,6,0,0.3035358
9180,13,1,0.6068372
9181,1,0,0.74638796
9182,24,1,0.5972104
9183,22,0,0.39940012
9184,10,0,0.39117175
9185,25,1,0.77347636
9186,24,1,0.7911042
9187,0,0,0.25661182
9188,16,1,0.443758
9189,16,0,0.30549207
9190,7,1,0.56915814
9191,8,1,0.5201355
9192,15,0,0.4013281
9193,6,0,0.4665887
9194,23,0,0.44295794
9195,6,0,0.27761298
9196,5,1,0.6033329
9197,2,1,0.5537454
9198,13,0,0.39750955
9199,22,0,0.6493951
9200,27,0,0.662894
9201,18,0,0.34378532
9202,17,0,0.4527436
9203,7,0,0.5200148
9204,15,1,0.39013386
9205,26,1,0.77833426
9206,22,0,0.25255632
9207,12,1,0.62823
9208,7,1,0.5370778
9209,6,0,0.27144048
9210,16,1,0.59694886
9211,0,1,0.41764504
9212,13,1,0.7428684
9213,0,1,0.43985724
9214,15,0,0.24017426
9215,22,1,0.74400353
9216,16,1,0.31927413
9217,22,0,0.44908452
9218,6,1,0.45782328
9219,21,0,0.7734117
9220,12,1,0.61787915
9221,28,1,0.49117103
9222,28,1,0.46367952
9223,6,1,0.26315087
9224,5,1,0.65216625
9225,19,1,0.75574595
9226,12,1,0.5407911
9227,21,1,0.52677345
9228,18,0,0.25670853
9229,20,1,0.77406627
9230,1,0,0.47813222
9231,23,0,0.57779616
9232,25,0,0.6853995
9233,28,1,0.3141132
9234,18,0,0.6741266
9235,25,1,0.49832574
9236,2,1,0.75800747
9237,12,0,0.5139225
9238,7,1,0.63207334
9239,13,0,0.38318563
9240,26,0,0.29948807
9241,14,0,0.6227765
9242,22,0,0.40250313
9243,20,1,0.33876982
9244,14,0,0.41267163
9245,3,0,0.58940274
9246,16,0,0.5767911
9247,10,0,0.6198583
9248,2,1,0.4127671
9249,8,1,0.3517504
9250,2,0,0.39712203
9251,1,1,0.5487358
9252,13,0,0.52665025
9253,16,0,0.46845987
9254,21,1,0.53232014
9255,27,0,0.3127034
9256,3,0,0.5444298
9257,2,1,0.5120961
9258,27,0,0.33402076
9259,25,0,0.407291
9260,25,1,0.5637601
9261,9,1,0.47044155
9262,20,1,0.5465861
9263,27,1,0.45276633
9264,27,0,0.33252913
9265,8,0,0.3858913
9266,8,0,0.3661974
9267,11,0,0.38454625
9268,15,1,0.7006588
9269,14,1,0.5471658
9270,21,1,0.7953626
9271,21,0,0.36752132
9272,5,0,0.41024125
9273,1,0,0.37872058
9274,12,1,0.66925347
9275,13,1,0.56049037
9276,25,1,0.5479817
9277,24,0,0.4096891
9278,1,0,0.4410727
9279,0,0,0.3259923
9280,16,0,0.66531307
9281,21,1,0.4071603
9282,17,1,0.6808555
9283,18,0,0.55063325
9284,26,0,0.5131919
9285,0,0,0.6396397
9286,4,0,0.7653421
9287,6,1,0.52456576
9288,27,1,0.25483587
9289,26,1,0.72426355
9290,4,0,0.70089346
9291,3,0,0.4690522
9292,18,0,0.3198417
9293,22,0,0.5365725
9294,22,1,0.6792065
9295,28,1,0.6107289
9296,10,1,0.7950779
9297,23,0,0.48933345
9298,28,0,0.44043168
9299,2,0,0.54847926
9300,8,0,0.42200634
9301,0,1,0.6263541
9302,6,0,0.37355834
9303,11,1,0.64053434
9304,7,0,0.5444749
9305,9,1,0.7317982
9306,6,0,0.3951332
9307,12,0,0.43311465
9308,22,0,0.49157342
9309,28,0,0.25210926
9310,13,0,0.32921192
9311,9,1,0.5409774
9312,9,0,0.5650058
9313,9,0,0.3399127
9314,23,0,0.44399074
9315,3,0,0.44017732
9316,22,0,0.2903251
9317,8,0,0.61031705
9318,25,1,0.7649935
9319,23,1,0.37878862
9320,23,1,0.43201268
9321,26,1,0.44845125
9322,2,0,0.5879344
9323,13,0,0.49797395
9324,11,1,0.62336344
9325,15,0,0.49482757
9326,10,0,0.6126131
9327,25,1,0.7991444
9328,17,1,0.6142663
9329,22,0,0.47617558
9330,11,0,0.47934115
9331,18,0,0.38206908
9332,4,0,0.43585753
9333,19,0,0.5980944
9334,10,0,0.3789719
9335,14,0,0.60048765
9336,16,1,0.37839922
9337,27,0,0.5398501
9338,13,0,0.39682457
9339,18,0,0.34068668
9340,15,0,0.24860592
9341,10,0,0.38201612
9342,14,0,0.39479023
9343,13,0,0.27526972
9344,8,1,0.7542502
9345,16,1,0.69969374
9346,10,1,0.5786757
9347,19,0,0.3839794
9348,11,1,0.5448119
9349,9,0,0.41804725
9350,13,0,0.31577066
9351,6,0,0.76961833
9352,9,1,0.60355943
9353,8,0,0.4641604
9354,10,1,0.53393227
9355,24,1,0.28553638
9356,26,0,0.5750801
9357,13,0,0.55388343
9358,6,1,0.6056423
9359,13,0,0.4477731
9360,17,1,0.3426571
9361,19,0,0.5814813
9362,23,0,0.4161868
9363,8,1,0.4974934
9364,15,0,0.64162266
9365,9,1,0.33615094
9366,4,1,0.6956485
9367,3,1,0.42839044
9368,11,1,0.41823754
9369,6,0,0.49206403
9370,26,0,0.50337857
9371,16,0,0.6345919
9372,20,1,0.57685465
9373,23,0,0.4760102
9374,12,0,0.5659134
9375,23,0,0.6292667
9376,7,0,0.42824128
9377,12,0,0.47141758
9378,21,0,0.3672712
9379,16,0,0.50161415
9380,2,0,0.74780047
9381,19,1,0.42726526
9382,15,0,0.36676824
9383,15,1,0.72184676
9384,15,0,0.32287768
9385,23,0,0.40535894
9386,16,1,0.32997587
9387,26,0,0.3926648
9388,27,0,0.26747698
9389,19,0,0.29192802
9390,19,1,0.51478046
9391,6,0,0.6748008
9392,20,1,0.6988365
9393,13,1,0.5981113
9394,23,0,0.50134397
9395,13,0,0.51542485
9396,27,0,0.49186996
9397,23,1,0.73252976
9398,20,0,0.2967272
9399,10,0,0.5574177
9400,4,1,0.6238578
9401,15,1,0.60421324
9402,17,0,0.50748235
9403,4,0,0.58811295
9404,27,0,0.33437973
9405,20,0,0.41848394
9406,2,0,0.6577185
9407,16,1,0.4041228
9408,1,0,0.55882007
9409,26,0,0.25115007
9410,8,1,0.5033291
9411,10,1,0.4219899
9412,15,0,0.49663922
9413,25,0,0.3239493
9414,11,1,0.45664623
9415,10,0,0.41527236
9416,2,1,0.5040829
9417,26,0,0.67986953
9418,13,0,0.5604116
9419,19,1,0.49318492
9420,6,0,0.4153713
9421,8,1,0.3179976
9422,13,0,0.308454
9423,10,1,0.58816814
9424,20,0,0.32612014
9425,15,1,0.40842032
9426,12,1,0.718574
9427,11,0,0.7185192
9428,25,0,0.36032426
9429,15,0,0.3588284
9430,11,0,0.32491398
9431,2,0,0.70471305
9432,7,0,0.60544425
9433,12,1,0.75263035
9434,5,0,0.70093787
9435,8,0,0.46744037
9436,3,1,0.7261405
9437,14,1,0.38057315
9438,2,1,0.74132735
9439,2,0,0.29327106
9440,4,0,0.51012266
9441,11,0,0.3478836
9442,27,1,0.5851683
9443,21,1,0.66176015
9444,18,0,0.4987724
9445,6,1,0.78175443
9446,9,0,0.45447403
9447,22,1,0.46512988
9448,13,0,0.39803004
9449,8,1,0.67609954
9450,6,1,0.40209392
9451,2,1,0.3818569
9452,1,0,0.5459169
9453,17,1,0.3881034
9454,16,1,0.54846275
9455,7,0,0.5602222
9456,2,1,0.44772694
9457,16,0,0.35867268
9458,1,0,0.49465355
9459,11,0,0.517915
9460,15,0,0.37922093
9461,25,1,0.5170389
9462,19,0,0.534552
9463,8,1,0.47285786
9464,8,1,0.63632756
9465,27,0,0.37509996
9466,4,1,0.35849667
9467,11,1,0.51547664
9468,13,0,0.47644213
9469,18,0,0.5036783
9470,17,0,0.54253393
9471,11,0,0.6527685
9472,14,0,0.5941626
9473,21,0,0.5272254
9474,9,1,0.7480805
9475,27,1,0.34461588
9476,11,0,0.4068741
9477,17,1,0.5427089
9478,16,1,0.6854061
9479,0,1,0.4902855
9480,6,1,0.45108753
9481,13,0,0.47780117
9482,27,0,0.63565826
9483,2,1,0.28565946
9484,3,0,0.5059927
9485,1,0,0.47754717
9486,25,1,0.7974481
9487,0,1,0.7437334
9488,12,0,0.36623165
9489,0,1,0.5545387
9490,15,0,0.54262763
9491,13,0,0.56124544
9492,2,0,0.4540912
9493,5,0,0.45381305
9494,15,0,0.39092252
9495,26,1,0.3059172
9496,2,0,0.42025048
9497,4,1,0.5437729
9498,5,0,0.6763541
9499,18,0,0.55581456
9500,10,1,0.6735447
9501,8,1,0.5546158
9502,5,0,0.501368
9503,2,1,0.5913549
9504,22,0,0.42209363
9505,10,1,0.50735366
9506,16,0,0.46022502
9507,8,1,0.45738986
9508,17,0,0.2834782
9509,10,0,0.29108292
9510,8,0,0.5885983
9511,3,0,0.25148356
9512,13,0,0.30513287
9513,13,0,0.20902546
9514,23,0,0.5373161
9515,25,0,0.5987388
9516,21,1,0.44637275
9517,2,0,0.42091915
9518,12,1,0.6099318
9519,17,1,0.4079574
9520,26,1,0.29338396
9521,19,1,0.6985271
9522,10,1,0.48105675
9523,25,1,0.6795255
9524,16,0,0.54544884
9525,25,0,0.6139056
9526,18,1,0.66468316
9527,13,0,0.44918308
9528,7,0,0.4916038
9529,15,1,0.683695
9530,12,1,0.53221476
9531,22,0,0.37457296
9532,27,1,0.6713636
9533,10,1,0.51648206
9534,6,1,0.6310313
9535,2,0,0.2392712
9536,19,0,0.4864308
9537,27,1,0.47943735
9538,28,1,0.67990565
9539,22,1,0.7410073
9540,24,0,0.43851537
9541,17,1,0.6677493
9542,20,1,0.39615378
9543,26,1,0.84370434
9544,5,1,0.4167203
9545,3,1,0.6632254
9546,2,0,0.76120234
9547,16,0,0.50921
9548,16,0,0.31768206
9549,16,1,0.7351034
9550,26,0,0.41448134
9551,16,0,0.5720502
9552,13,1,0.56718075
9553,5,0,0.33753034
9554,8,1,0.50166047
9555,11,1,0.5901206
9556,27,1,0.43515524
9557,10,1,0.7305642
9558,28,0,0.3784544
9559,1,1,0.6491783
9560,17,1,0.6846435
9561,1,1,0.4882457
9562,26,1,0.45779398
9563,3,1,0.48691812
9564,6,0,0.43421498
9565,21,0,0.2586421
9566,28,1,0.55511653
9567,16,0,0.8275948
9568,4,0,0.33691508
9569,17,1,0.47335863
9570,25,0,0.5168334
9571,7,0,0.39368436
9572,11,0,0.72849244
9573,6,1,0.54357034
9574,13,0,0.48609424
9575,22,0,0.54769
9576,23,1,0.42665216
9577,25,0,0.6415193
9578,27,0,0.44922012
9579,13,1,0.3638732
9580,11,0,0.40133676
9581,13,1,0.5525108
9582,23,0,0.3101805
9583,15,0,0.77598655
9584,4,0,0.55664843
9585,20,0,0.38146946
9586,1,0,0.4670976
9587,20,0,0.3819341
9588,10,1,0.61029965
9589,26,0,0.33977595
9590,12,0,0.70165557
9591,1,1,0.7194914
9592,15,0,0.5259563
9593,26,1,0.46079516
9594,3,0,0.26519272
9595,2,0,0.66819394
9596,1,1,0.41804335
9597,7,0,0.44000015
9598,12,1,0.5591017
9599,3,0,0.5401098
9600,10,0,0.48413774
9601,9,1,0.32028118
9602,8,0,0.553897
9603,27,0,0.70764536
9604,18,1,0.43744048
9605,25,0,0.27918032
9606,1,1,0.5957237
9607,20,0,0.53244805
9608,2,1,0.42890877
9609,12,0,0.5237779
9610,1,0,0.34935534
9611,16,0,0.27773166
9612,10,0,0.39663613
9613,13,0,0.6581067
9614,11,0,0.45745188
9615,10,1,0.591123
9616,24,1,0.77101076
9617,13,0,0.74555314
9618,11,1,0.3369309
9619,27,1,0.6595841
9620,22,1,0.77309394
9621,11,1,0.64728063
9622,22,0,0.328052
9623,5,0,0.27873442
9624,11,1,0.7141677
9625,14,0,0.47205254
9626,6,0,0.6036649
9627,28,1,0.39387965
9628,13,0,0.45801035
9629,13,1,0.49650788
9630,17,0,0.451087
9631,12,1,0.61744463
9632,0,1,0.5634304
9633,27,1,0.24856867
9634,20,0,0.7421526
9635,8,0,0.44317406
9636,25,1,0.4332922
9637,22,0,0.49968705
9638,2,0,0.44756162
9639,25,0,0.45586273
9640,26,1,0.4555547
9641,2,0,0.6182002
9642,3,1,0.49130106
9643,1,0,0.6270643
9644,12,0,0.5053092
9645,16,1,0.42844987
9646,16,0,0.2182793
9647,1,1,0.7306237
9648,25,0,0.4189641
9649,6,0,0.41235748
9650,12,0,0.47569272
9651,18,0,0.61734617
9652,28,0,0.38191795
9653,12,1,0.7120894
9654,25,0,0.44582546
9655,3,0,0.57795924
9656,15,0,0.45288882
9657,8,0,0.62087697
9658,11,0,0.30909076
9659,25,0,0.7191777
9660,11,0,0.5176115
9661,6,0,0.30880386
9662,13,1,0.67014277
9663,16,0,0.43778205
9664,10,0,0.38557917
9665,11,1,0.7515273
9666,16,0,0.51429
9667,10,1,0.3565906
9668,2,1,0.3663506
9669,2,1,0.541916
9670,10,1,0.5959198
9671,21,1,0.3689002
9672,26,1,0.58720946
9673,22,1,0.6333543
9674,13,1,0.38784853
9675,16,1,0.6455755
9676,13,0,0.36805314
9677,16,1,0.39406106
9678,16,0,0.46249753
9679,11,0,0.4640393
9680,13,0,0.61755455
9681,7,0,0.5364138
9682,15,1,0.74690115
9683,13,0,0.4544793
9684,2,0,0.4454862
9685,18,1,0.34978142
9686,18,1,0.77957684
9687,12,1,0.43125206
9688,15,1,0.643512
9689,14,1,0.74997526
9690,13,1,0.75006545
9691,26,0,0.4909101
9692,10,0,0.42454833
9693,3,1,0.54673916
9694,13,0,0.3826845
9695,13,0,0.62018657
9696,28,0,0.4185989
9697,17,0,0.6169375
9698,6,0,0.5617874
9699,27,0,0.67909455
9700,13,0,0.5699911
9701,27,1,0.40008748
9702,13,1,0.4231336
9703,19,0,0.20647149
9704,12,1,0.65179694
9705,18,0,0.52853876
9706,12,0,0.32024395
9707,13,1,0.68182456
9708,18,0,0.47276545
9709,7,1,0.49432084
9710,12,0,0.39320445
9711,17,0,0.4265948
9712,17,0,0.3892552
9713,2,0,0.32243875
9714,16,0,0.38350937
9715,22,0,0.22054483
9716,28,1,0.615534
9717,28,1,0.3356079
9718,14,0,0.23634171
9719,7,1,0.4289689
9720,0,0,0.4735711
9721,10,1,0.48102304
9722,6,1,0.48045722
9723,15,0,0.40094113
9724,11,1,0.41656718
9725,24,0,0.30116433
9726,2,1,0.5771516
9727,7,1,0.5084898
9728,25,1,0.5819366
9729,26,1,0.47278738
9730,27,1,0.519408
9731,21,0,0.4015414
9732,10,0,0.46373367
9733,27,0,0.41064864
9734,26,0,0.3299075
9735,5,1,0.33130243
9736,28,0,0.4342751
9737,6,0,0.35352975
9738,17,1,0.7391224
9739,15,0,0.4678831
9740,20,0,0.5229116
9741,17,0,0.4757137
9742,16,0,0.3332578
9743,17,1,0.61333764
9744,11,0,0.5432156
9745,23,1,0.8232564
9746,23,1,0.58830714
9747,17,0,0.6364835
9748,2,1,0.32402754
9749,14,0,0.4999534
9750,11,1,0.5958773
9751,27,0,0.76938635
9752,26,0,0.35793942
9753,4,1,0.777589
9754,21,0,0.47223157
9755,23,1,0.28716144
9756,16,0,0.3876149
9757,13,0,0.60931677
9758,24,1,0.4608868
9759,26,1,0.71996117
9760,11,1,0.47928083
9761,18,1,0.6089612
9762,16,1,0.71667504
9763,2,0,0.51227945
9764,12,1,0.7234767
9765,5,0,0.6042361
9766,11,0,0.51731986
9767,13,1,0.591445
9768,5,1,0.6219282
9769,19,0,0.32680812
9770,9,1,0.55429053
9771,25,1,0.49274904
9772,13,1,0.6817119
9773,4,1,0.6486166
9774,8,0,0.43384123
9775,22,1,0.6887555
9776,16,0,0.6248086
9777,16,1,0.43374893
9778,25,0,0.35997686
9779,27,1,0.5346221
9780,1,1,0.6760296
9781,26,1,0.7450646
9782,16,0,0.55993676
9783,6,0,0.6000797
9784,2,1,0.5971195
9785,2,0,0.521304
9786,3,1,0.3071011
9787,6,1,0.3965172
9788,27,0,0.40856278
9789,1,0,0.3259763
9790,2,1,0.40906253
9791,25,1,0.4019224
9792,14,0,0.46586338
9793,8,0,0.5186114
9794,0,1,0.75402445
9795,16,1,0.54713315
9796,8,0,0.47011852
9797,11,1,0.5801683
9798,8,1,0.43380865
9799,26,0,0.34997442
9800,14,1,0.4038289
9801,25,1,0.6464529
9802,24,1,0.56393015
9803,10,0,0.349549
9804,26,0,0.38670325
9805,24,0,0.28882524
9806,11,0,0.48224676
9807,12,0,0.4155666
9808,1,0,0.3794546
9809,12,0,0.45278263
9810,1,1,0.591805
9811,18,0,0.5853241
9812,2,0,0.3134108
9813,25,0,0.22780079
9814,20,0,0.76077944
9815,21,1,0.5755819
9816,14,0,0.4902732
9817,4,0,0.47912103
9818,2,1,0.57299674
9819,10,0,0.29452756
9820,2,1,0.46114346
9821,15,0,0.7520575
9822,16,0,0.47443056
9823,28,1,0.49569243
9824,21,1,0.66354275
9825,3,0,0.42218396
9826,24,1,0.47479814
9827,9,0,0.3769528
9828,13,0,0.45789826
9829,3,0,0.30436432
9830,12,0,0.5444417
9831,10,1,0.5755357
9832,16,1,0.72555435
9833,9,1,0.5837372
9834,25,0,0.35942417
9835,15,1,0.50912386
9836,19,1,0.69374514
9837,11,0,0.5782557
9838,7,1,0.45779818
9839,18,1,0.45359626
9840,2,0,0.33874154
9841,27,0,0.64903146
9842,1,0,0.31057224
9843,9,1,0.5648277
9844,23,0,0.47093624
9845,27,1,0.7143496
9846,11,1,0.479328
9847,13,0,0.4149488
9848,17,1,0.64371014
9849,25,1,0.548329
9850,17,1,0.42841607
9851,27,1,0.38679913
9852,16,0,0.41822052
9853,17,0,0.40071002
9854,8,1,0.5723983
9855,13,0,0.38643909
9856,16,1,0.34965542
9857,0,0,0.39267015
9858,14,1,0.5714907
9859,14,0,0.4091801
9860,7,1,0.58600813
9861,3,0,0.3572271
9862,22,0,0.5747311
9863,25,0,0.55042917
9864,16,0,0.39851558
9865,3,1,0.45467755
9866,11,1,0.454664
9867,9,0,0.45407742
9868,4,0,0.7143683
9869,3,1,0.70428514
9870,16,0,0.51596737
9871,16,0,0.56708926
9872,10,1,0.7146949
9873,12,1,0.47560063
9874,7,1,0.7997865
9875,20,1,0.403847
9876,8,1,0.55480015
9877,12,1,0.7993499
9878,5,1,0.6402109
9879,22,1,0.56820494
9880,9,0,0.52533907
9881,12,0,0.6311813
9882,2,1,0.72504264
9883,14,0,0.42853186
9884,2,1,0.5988745
9885,3,1,0.48385188
9886,12,0,0.46067277
9887,13,0,0.5452059
9888,1,0,0.39211503
9889,17,0,0.5977197
9890,18,0,0.46875915
9891,10,1,0.582829
9892,13,1,0.54550683
9893,26,1,0.69285285
9894,16,1,0.4778181
9895,17,0,0.37080213
9896,14,1,0.6540413
9897,8,1,0.75246024
9898,21,1,0.6942353
9899,27,1,0.5185373
9900,24,0,0.35131487
9901,12,0,0.6915847
9902,7,0,0.28907207
9903,11,1,0.33593744
9904,14,1,0.7344405
9905,8,0,0.5010197
9906,8,1,0.50475276
9907,11,1,0.35451832
9908,11,0,0.6929542
9909,25,1,0.4473823
9910,7,0,0.36392823
9911,11,0,0.5278137
9912,10,1,0.3682529
9913,10,0,0.3923364
9914,13,0,0.5397224
9915,9,0,0.378198
9916,1,1,0.5048709
9917,23,0,0.34685606
9918,9,0,0.41804925
9919,20,1,0.49853262
9920,14,0,0.38001955
9921,15,1,0.6022645
9922,15,1,0.3272604
9923,1,1,0.411335
9924,13,1,0.27578783
9925,17,0,0.27654222
9926,15,0,0.841852
9927,12,1,0.5981272
9928,14,1,0.6059967
9929,28,1,0.5419764
9930,5,0,0.29948574
9931,1,0,0.4827947
9932,15,1,0.49230745
9933,6,1,0.757298
9934,22,1,0.50998825
9935,6,1,0.5331056
9936,4,1,0.5975232
9937,1,0,0.6989201
9938,16,1,0.38178593
9939,14,1,0.7041337
9940,16,1,0.786959
9941,5,1,0.37646985
9942,27,0,0.7245644
9943,16,0,0.40477395
9944,26,1,0.7994889
9945,3,1,0.5537668
9946,13,1,0.31540132
9947,17,1,0.6086387
9948,7,1,0.3983702
9949,1,1,0.57711995
9950,16,1,0.55261517
9951,27,1,0.71891075
9952,25,0,0.5655535
9953,6,0,0.2937274
9954,17,1,0.3295756
9955,8,0,0.4588956
9956,16,1,0.64147323
9957,25,1,0.5566852
9958,15,0,0.4645421
9959,16,0,0.3335853
9960,11,1,0.34791467
9961,15,0,0.41860607
9962,8,0,0.35191852
9963,11,1,0.5446283
9964,13,1,0.58585715
9965,13,1,0.63397336
9966,13,0,0.5766044
9967,13,1,0.62720853
9968,13,1,0.6691603
9969,10,1,0.32655373
9970,3,1,0.75943696
9971,16,1,0.443067
9972,20,1,0.4587912
9973,24,1,0.41939962
9974,2,1,0.3436972
9975,12,0,0.32570174
9976,10,0,0.36567315
9977,14,0,0.5255206
9978,26,0,0.57105184
9979,8,0,0.44002506
9980,26,1,0.5160181
9981,7,1,0.32754987
9982,10,1,0.26474026
9983,0,1,0.33540216
9984,22,0,0.2266736
9985,28,1,0.4869357
9986,25,0,0.39890328
9987,22,1,0.75729865
9988,8,1,0.6998956
9989,27,0,0.55570817
9990,8,1,0.55954957
9991,22,0,0.27806652
9992,1,1,0.47090837
9993,15,1,0.32018363
9994,24,0,0.371544
9995,7,1,0.5482211
9996,8,0,0.49433884
9997,13,1,0.7562541
9998,27,1,0.36318964
9999,26,0,0.72600013
10000,16,0,0.37294894
10001,16,1,0.42807683
10002,9,1,0.455894
10003,2,1,0.43012863
10004,1,1,0.37165293
10005,12,1,0.5062722
10006,12,0,0.29986882
10007,14,1,0.50384176
10008,8,0,0.40206975
10009,6,1,0.45664823
10010,4,1,0.41794702
10011,15,0,0.5493822
10012,10,1,0.3397907
10013,21,0,0.5018621
10014,17,0,0.66275007
10015,20,0,0.661275
10016,16,1,0.24906349
10017,24,0,0.67537254
10018,27,0,0.5412372
10019,16,1,0.5193965
10020,17,0,0.3879633
10021,16,0,0.5897395
10022,8,0,0.7521165
10023,8,0,0.7183469
10024,4,1,0.5342359
10025,1,0,0.36448863
10026,16,0,0.72303873
10027,12,1,0.39434028
10028,25,0,0.35555527
10029,8,0,0.7023756
10030,22,1,0.5418315
10031,22,1,0.57122856
10032,1,1,0.7091954
10033,22,0,0.4174197
10034,26,1,0.7321925
10035,22,0,0.69269705
10036,27,1,0.60208505
10037,2,1,0.37840283
10038,18,0,0.33725226
10039,25,0,0.49439117
10040,3,1,0.7023436
10041,20,0,0.2252557
10042,18,0,0.39953354
10043,26,0,0.42711213
10044,13,0,0.468304
10045,2,1,0.38226163
10046,8,1,0.7817289
10047,6,0,0.46732005
10048,26,1,0.50343436
10049,0,0,0.25976568
10050,15,0,0.7115377
10051,7,1,0.58030796
10052,15,1,0.5126149
10053,1,0,0.35204577
10054,8,1,0.4862941
10055,2,1,0.42377657
10056,9,1,0.5213397
10057,15,0,0.6529846
10058,2,0,0.39788228
10059,26,1,0.40993562
10060,25,1,0.63852924
10061,14,1,0.4141831
10062,2,1,0.71164316
10063,24,1,0.7363154
10064,13,0,0.38055423
10065,17,0,0.39765805
10066,20,1,0.5274607
10067,25,1,0.7070336
10068,24,0,0.39907742
10069,10,0,0.51975375
10070,1,1,0.39132923
10071,1,1,0.7342007
10072,15,1,0.5082726
10073,8,0,0.44181392
10074,28,1,0.5819208
10075,15,1,0.63123715
10076,19,1,0.5806835
10077,1,0,0.46692342
10078,10,0,0.36423054
10079,15,0,0.3290244
10080,7,0,0.46545216
10081,20,1,0.541082
10082,26,1,0.751167
10083,20,0,0.45388576
10084,15,0,0.5790306
10085,13,1,0.673498
10086,6,0,0.30688435
10087,3,1,0.7449196
10088,16,1,0.6941348
10089,8,1,0.6958103
10090,10,1,0.76370835
10091,6,0,0.4814088
10092,20,1,0.40214863
10093,8,0,0.61542094
10094,13,0,0.7903251
10095,3,0,0.43801266
10096,25,0,0.55549484
10097,3,1,0.6421961
10098,2,1,0.51232433
10099,10,0,0.39573622
10100,0,1,0.53279996
10101,14,0,0.56681645
10102,14,0,0.45942682
10103,1,0,0.27250502
10104,5,0,0.4120707
10105,12,0,0.4092492
10106,27,1,0.43346646
10107,16,1,0.7058506
10108,16,1,0.48981643
10109,13,1,0.47553897
10110,1,1,0.5644476
10111,2,0,0.38103777
10112,27,0,0.6140595
10113,26,0,0.29526094
10114,15,0,0.39462858
10115,16,1,0.5226546
10116,10,0,0.4088615
10117,5,0,0.39813352
10118,8,0,0.32060686
10119,12,0,0.6117555
10120,13,1,0.32139584
10121,28,0,0.7222987
10122,16,1,0.7769831
10123,8,1,0.603451
10124,5,1,0.43696555
10125,3,0,0.5175052
10126,8,1,0.52141047
10127,27,0,0.64756227
10128,15,1,0.7634102
10129,26,1,0.66675293
10130,16,0,0.3252989
10131,14,0,0.40529305
10132,13,0,0.5808484
10133,12,0,0.48607296
10134,6,1,0.348975
10135,22,0,0.2502064
10136,8,1,0.77807146
10137,16,0,0.49894097
10138,11,0,0.5910849
10139,16,0,0.6160745
10140,15,0,0.26091057
10141,11,1,0.8024802
10142,8,0,0.3593068
10143,25,1,0.4859397
10144,11,0,0.580678
10145,26,0,0.34613666
10146,15,1,0.39886865
10147,26,0,0.54017353
10148,7,1,0.5100839
10149,19,1,0.34517014
10150,9,1,0.75693905
10151,3,1,0.49063015
10152,17,1,0.397699
10153,17,1,0.5190704
10154,17,1,0.5154069
10155,16,1,0.5285533
10156,27,0,0.3471064
10157,22,0,0.45484933
10158,15,1,0.44923478
10159,20,0,0.3227218
10160,23,1,0.552547
10161,8,1,0.65821314
10162,25,1,0.54334897
10163,1,0,0.53394574
10164,3,1,0.6686449
10165,11,1,0.75207806
10166,11,0,0.18940231
10167,20,1,0.3617693
10168,12,0,0.7190009
10169,25,0,0.5446824
10170,3,0,0.6671849
10171,22,1,0.46943152
10172,17,1,0.40239942
10173,27,1,0.7356703
10174,27,0,0.31225452
10175,23,0,0.65134084
10176,12,1,0.63656
10177,26,0,0.23305434
10178,28,1,0.66347384
10179,18,0,0.7149912
10180,15,1,0.5961055
10181,11,0,0.49195498
10182,3,0,0.30732438
10183,11,1,0.5908626
10184,14,1,0.698656
10185,10,0,0.24099188
10186,0,1,0.40059146
10187,14,1,0.7232058
10188,22,1,0.5510863
10189,26,0,0.30611247
10190,0,0,0.52276605
10191,16,0,0.487951
10192,13,1,0.35218418
10193,8,1,0.25952122
10194,19,1,0.6356027
10195,2,0,0.7043189
10196,12,1,0.37424532
10197,13,0,0.33846354
10198,10,1,0.36319822
10199,15,1,0.17975353
10200,26,0,0.25628293
10201,21,0,0.7954729
10202,8,1,0.82109475
10203,28,1,0.4988855
10204,10,0,0.37776276
10205,26,0,0.54626024
10206,7,0,0.5444517
10207,15,1,0.58889335
10208,9,1,0.42327812
10209,27,0,0.4012032
10210,2,1,0.5197841
10211,10,0,0.39545998
10212,15,1,0.46528023
10213,27,0,0.5899759
10214,8,1,0.7399177
10215,22,1,0.6139116
10216,13,0,0.47034803
10217,6,1,0.41844645
10218,2,0,0.5574424
10219,16,0,0.48861918
10220,6,0,0.5812387
10221,0,0,0.35689345
10222,16,1,0.5039112
10223,11,1,0.4212057
10224,19,1,0.3955694
10225,11,0,0.3818719
10226,1,1,0.68049085
10227,5,1,0.57643044
10228,27,1,0.68473995
10229,15,1,0.49682724
10230,24,0,0.37713516
10231,15,1,0.6118427
10232,26,0,0.24667838
10233,9,1,0.51387036
10234,8,1,0.44925106
10235,3,0,0.51298463
10236,13,0,0.28569824
10237,8,0,0.47511426
10238,20,0,0.48683187
10239,11,1,0.38840738
10240,2,1,0.38081056
10241,22,1,0.4548467
10242,27,0,0.46083242
10243,17,0,0.479754
10244,16,0,0.5950396
10245,2,0,0.50754285
10246,22,0,0.5604071
10247,14,0,0.43172204
10248,16,1,0.7414785
10249,23,0,0.3334285
10250,2,0,0.55745435
10251,26,1,0.76126695
10252,13,1,0.69378394
10253,11,1,0.24784988
10254,13,0,0.76656485
10255,18,1,0.5820856
10256,10,1,0.5501222
10257,12,1,0.45610845
10258,11,0,0.420071
10259,13,0,0.44705853
10260,13,0,0.36802125
10261,27,0,0.37460735
10262,2,0,0.37982836
10263,16,1,0.40509257
10264,26,0,0.6564713
10265,4,0,0.41158256
10266,4,0,0.75313467
10267,16,1,0.52027375
10268,21,1,0.5413987
10269,13,1,0.42090976
10270,27,0,0.41348997
10271,1,1,0.5464812
10272,14,0,0.6900166
10273,25,0,0.3930092
10274,3,1,0.39777395
10275,11,0,0.43725172
10276,21,1,0.5512464
10277,0,1,0.53217256
10278,26,1,0.46583533
10279,5,0,0.47527364
10280,23,0,0.43595564
10281,23,0,0.3313774
10282,11,1,0.25167337
10283,26,0,0.8097568
10284,18,1,0.604135
10285,27,0,0.46784484
10286,11,1,0.25389382
10287,15,0,0.5630676
10288,5,0,0.30951267
10289,25,1,0.42023432
10290,6,0,0.5252643
10291,24,1,0.70328265
10292,15,1,0.6318196
10293,17,0,0.5731877
10294,2,0,0.4941812
10295,13,1,0.47121334
10296,18,0,0.67193013
10297,21,0,0.39973223
10298,13,0,0.4034293
10299,20,0,0.5258364
10300,1,0,0.45745507
10301,16,1,0.52257156
10302,26,1,0.79148763
10303,12,1,0.5312407
10304,22,0,0.74778247
10305,2,0,0.28436643
10306,12,1,0.49308577
10307,20,1,0.6464252
10308,15,1,0.31190932
10309,7,0,0.3407056
10310,18,0,0.48431528
10311,16,0,0.4574367
10312,27,0,0.44486976
10313,1,1,0.74576646
10314,17,1,0.45596486
10315,14,0,0.5729781
10316,8,0,0.37459016
10317,10,1,0.61523265
10318,15,0,0.6005287
10319,6,0,0.32494682
10320,8,0,0.24900548
10321,2,0,0.51862
10322,10,1,0.66475046
10323,18,0,0.37976852
10324,10,0,0.7669555
10325,26,0,0.461139
10326,16,1,0.4094182
10327,1,1,0.3024051
10328,20,0,0.560701
10329,14,1,0.6402508
10330,18,1,0.7014753
10331,16,0,0.42661083
10332,20,1,0.42100826
10333,27,1,0.39536142
10334,8,1,0.53141624
10335,25,0,0.41647616
10336,16,0,0.3844416
10337,25,0,0.3246864
10338,19,0,0.52795666
10339,8,0,0.3302668
10340,20,0,0.49367356
10341,13,1,0.6030755
10342,7,1,0.54136354
10343,6,0,0.3112191
10344,25,1,0.53736573
10345,25,1,0.6389874
10346,20,0,0.46900335
10347,22,1,0.44979942
10348,25,1,0.3615236
10349,1,0,0.56021106
10350,13,0,0.6352713
10351,16,1,0.3283397
10352,19,1,0.35069162
10353,7,1,0.5622027
10354,3,1,0.6179049
10355,14,0,0.24023725
10356,3,1,0.4306435
10357,26,0,0.7206244
10358,26,1,0.61352795
10359,25,1,0.6830134
10360,13,0,0.28594032
10361,19,0,0.41860983
10362,9,0,0.4179347
10363,12,1,0.7179956
10364,12,1,0.52011454
10365,25,0,0.56335807
10366,12,0,0.18063267
10367,2,1,0.47878423
10368,25,1,0.50266683
10369,27,1,0.6004514
10370,15,0,0.27410275
10371,15,1,0.59243256
10372,15,0,0.5327594
10373,8,1,0.4471896
10374,15,0,0.4412197
10375,25,1,0.3262442
10376,2,0,0.5433562
10377,0,1,0.63463503
10378,19,1,0.5630246
10379,4,1,0.77910805
10380,13,1,0.74279535
10381,13,0,0.60003036
10382,9,1,0.4586678
10383,10,1,0.52504975
10384,10,1,0.7097076
10385,25,0,0.36054924
10386,25,1,0.36941972
10387,2,0,0.44965446
10388,26,1,0.5079955
10389,11,1,0.5596207
10390,9,0,0.5097217
10391,6,1,0.4706914
10392,0,1,0.7761256
10393,14,0,0.59344524
10394,22,1,0.5801107
10395,27,1,0.4199409
10396,3,1,0.58686364
10397,3,0,0.43245944
10398,2,1,0.64651227
10399,4,1,0.40710947
10400,11,0,0.51801306
10401,18,0,0.48018542
10402,26,1,0.5452543
10403,16,1,0.5385195
10404,10,0,0.60794425
10405,6,1,0.61787254
10406,22,1,0.72308505
10407,12,0,0.38085285
10408,28,0,0.76567054
10409,25,1,0.5459458
10410,15,0,0.58791363
10411,25,1,0.35998252
10412,17,0,0.29025653
10413,19,0,0.46397907
10414,11,1,0.48227474
10415,1,0,0.5769579
10416,11,1,0.5548414
10417,17,1,0.49513763
10418,8,0,0.6282442
10419,26,1,0.69442034
10420,22,0,0.715078
10421,25,1,0.6072183
10422,25,0,0.51950526
10423,3,1,0.6269372
10424,1,1,0.5649299
10425,10,0,0.40413603
10426,26,0,0.3978535
10427,9,1,0.40145782
10428,10,1,0.47856572
10429,5,1,0.45989904
10430,10,0,0.71652544
10431,2,0,0.26391658
10432,13,0,0.41320017
10433,2,0,0.6420069
10434,12,0,0.3251612
10435,21,0,0.7555731
10436,14,1,0.4449083
10437,13,0,0.50462717
10438,8,0,0.33421504
10439,3,1,0.54898024
10440,12,0,0.5523404
10441,9,0,0.47981432
10442,16,0,0.5098954
10443,2,0,0.5544064
10444,12,0,0.6289152
10445,20,1,0.49618077
10446,5,1,0.45434678
10447,19,0,0.5687773
10448,15,0,0.26713607
10449,19,0,0.4140898
10450,6,1,0.47337702
10451,28,1,0.597426
10452,2,0,0.30010706
10453,3,0,0.6146591
10454,26,0,0.47447413
10455,2,0,0.62757224
10456,9,0,0.6713905
10457,9,1,0.4608848
10458,19,0,0.3862795
10459,12,1,0.52419895
10460,19,0,0.5007693
10461,10,0,0.361411
10462,25,0,0.5650534
10463,7,1,0.4050604
10464,14,0,0.28014866
10465,6,1,0.38807943
10466,15,0,0.47659308
10467,4,0,0.6559228
10468,16,0,0.667348
10469,1,0,0.41060132
10470,22,0,0.6111623
10471,20,0,0.6246269
10472,25,0,0.28572178
10473,21,1,0.6587815
10474,15,0,0.3470943
10475,28,0,0.23938304
10476,25,0,0.38701567
10477,20,1,0.58413035
10478,13,1,0.3255016
10479,13,1,0.44656262
10480,1,0,0.38791862
10481,20,1,0.726069
10482,25,0,0.38511825
10483,26,0,0.29920587
10484,11,1,0.5030232
10485,11,1,0.4330898
10486,15,1,0.604391
10487,17,1,0.610995
10488,12,1,0.6962658
10489,1,0,0.5299461
10490,11,0,0.26428202
10491,3,1,0.6277762
10492,10,0,0.3441222
10493,16,0,0.41054168
10494,8,0,0.53698
10495,1,1,0.28545114
10496,28,0,0.29353926
10497,5,0,0.46713498
10498,13,0,0.46970043
10499,27,0,0.3781047
10500,1,1,0.5807874
10501,14,1,0.5955059
10502,9,1,0.44603002
10503,17,0,0.45291358
10504,11,0,0.61428016
10505,14,1,0.4648102
10506,28,0,0.60254914
10507,3,0,0.6251262
10508,18,0,0.52621996
10509,9,0,0.47258267
10510,27,1,0.50103754
10511,9,0,0.5901053
10512,4,0,0.4826336
10513,20,0,0.45579895
10514,10,0,0.35454625
10515,2,1,0.29324955
10516,26,1,0.37328112
10517,2,0,0.4091936
10518,21,0,0.5273837
10519,16,0,0.6332947
10520,1,0,0.3430707
10521,6,0,0.7888397
10522,16,1,0.56178886
10523,9,1,0.5462451
10524,18,0,0.36120662
10525,27,0,0.359158
10526,23,0,0.37133297
10527,23,1,0.83321476
10528,25,1,0.5010196
10529,1,0,0.39466953
10530,26,0,0.54336023
10531,18,0,0.43750304
10532,15,1,0.5845514
10533,4,1,0.683739
10534,22,1,0.65152866
10535,18,0,0.32314894
10536,4,1,0.716491
10537,21,1,0.4677624
10538,24,1,0.49786636
10539,13,0,0.28538465
10540,21,1,0.48496968
10541,26,0,0.6364122
10542,25,1,0.6865835
10543,6,0,0.42429587
10544,14,1,0.44219086
10545,16,1,0.65641516
10546,13,0,0.57748055
10547,19,0,0.56369644
10548,12,0,0.511363
10549,2,0,0.3864891
10550,12,1,0.46535033
10551,25,0,0.3765576
10552,23,0,0.56616074
10553,28,0,0.49437928
10554,20,1,0.5409895
10555,7,1,0.71420455
10556,7,0,0.28519788
10557,12,1,0.6907185
10558,22,1,0.3958912
10559,26,0,0.26087683
10560,17,1,0.8080786
10561,6,0,0.43391612
10562,2,1,0.35111952
10563,28,1,0.58031946
10564,27,1,0.5574249
10565,12,0,0.32250926
10566,1,0,0.7038839
10567,2,1,0.3649862
10568,20,1,0.52153313
10569,7,1,0.57534605
10570,15,0,0.33466312
10571,11,0,0.337795
10572,27,0,0.57233024
10573,1,1,0.58373946
10574,19,0,0.4648207
10575,20,0,0.6126735
10576,8,1,0.5002069
10577,1,0,0.3728609
10578,11,0,0.21015687
10579,1,0,0.74458337
10580,3,0,0.45203105
10581,10,0,0.5154861
10582,7,0,0.356153
10583,10,1,0.2170463
10584,26,0,0.38757458
10585,2,1,0.50690556
10586,2,1,0.71046007
10587,11,0,0.5722211
10588,2,0,0.2213595
10589,15,0,0.4787735
10590,11,1,0.45224014
10591,26,1,0.3779007
10592,2,1,0.6954187
10593,20,0,0.46371698
10594,28,0,0.34835044
10595,21,0,0.40595827
10596,11,0,0.51661605
10597,14,1,0.28526095
10598,22,0,0.33173603
10599,12,0,0.6097162
10600,7,0,0.3592106
10601,26,0,0.42745572
10602,28,0,0.61719084
10603,2,0,0.36356997
10604,14,1,0.515853
10605,7,1,0.5017454
10606,8,0,0.70542127
10607,26,1,0.43093303
10608,26,1,0.76113534
10609,6,1,0.60887825
10610,13,1,0.5041957
10611,9,1,0.39915234
10612,24,0,0.41653284
10613,0,1,0.46265864
10614,17,0,0.35986114
10615,2,0,0.38478398
10616,5,1,0.73974127
10617,18,1,0.48937088
10618,10,0,0.40531752
10619,22,0,0.7503859
10620,1,0,0.76956195
10621,22,1,0.40804917
10622,22,0,0.47323063
10623,5,1,0.28376716
10624,14,1,0.5501085
10625,25,0,0.23256811
10626,15,1,0.4688249
10627,15,0,0.64143056
10628,2,0,0.4482439
10629,6,0,0.41624212
10630,1,1,0.7210312
10631,18,0,0.27551922
10632,22,0,0.38995793
10633,3,0,0.552497
10634,17,0,0.67050046
10635,18,0,0.37160084
10636,26,1,0.4859857
10637,23,1,0.7035173
10638,23,1,0.78648907
10639,13,0,0.64763665
10640,18,0,0.6967702
10641,19,1,0.54930025
10642,14,1,0.68492436
10643,2,0,0.6333591
10644,10,1,0.54525065
10645,28,0,0.4965161
10646,25,1,0.38455895
10647,13,1,0.6626506
10648,22,0,0.27274677
10649,9,0,0.5380696
10650,28,0,0.34515452
10651,13,0,0.4649789
10652,18,0,0.5790458
10653,22,0,0.60445875
10654,2,0,0.18035862
10655,2,0,0.4689435
10656,24,1,0.56481737
10657,6,0,0.57549447
10658,19,0,0.4177211
10659,10,0,0.4184113
10660,3,1,0.6161098
10661,4,1,0.3929509
10662,3,0,0.3145548
10663,25,0,0.576221
10664,16,0,0.3288168
10665,26,1,0.53931916
10666,5,0,0.50619924
10667,11,0,0.48428297
10668,28,0,0.4065619
10669,15,1,0.5253398
10670,16,1,0.5625533
10671,2,1,0.40765187
10672,10,1,0.37052554
10673,17,0,0.49481392
10674,1,1,0.45485616
10675,3,0,0.34481403
10676,16,0,0.2815265
10677,12,0,0.39637756
10678,22,1,0.31288922
10679,28,0,0.52523625
10680,6,1,0.4008364
10681,23,1,0.41588482
10682,17,0,0.4555163
10683,12,0,0.46159747
10684,7,0,0.3286073
10685,15,0,0.42488727
10686,26,0,0.40969625
10687,12,1,0.6140673
10688,24,0,0.52854794
10689,26,0,0.3840613
10690,14,0,0.40254253
10691,11,1,0.64736795
10692,6,0,0.6416674
10693,16,1,0.5313971
10694,8,1,0.6624316
10695,10,1,0.5929374
10696,1,0,0.51642066
10697,14,1,0.51222104
10698,12,1,0.39275247
10699,8,0,0.34823623
10700,0,0,0.47689435
10701,14,0,0.41786784
10702,8,0,0.48904315
10703,24,1,0.55402863
10704,6,0,0.3045325
10705,27,0,0.33799005
10706,1,0,0.39305338
10707,14,0,0.61703974
10708,6,0,0.6878072
10709,28,0,0.31161806
10710,12,0,0.46410978
10711,16,0,0.3640698
10712,1,1,0.5621189
10713,5,0,0.22477472
10714,19,1,0.46133965
10715,8,0,0.5897446
10716,10,0,0.46990168
10717,2,1,0.4701745
10718,0,1,0.37858292
10719,14,0,0.4160976
10720,26,0,0.47418052
10721,11,1,0.71018934
10722,22,0,0.6604475
10723,8,0,0.56832016
10724,22,1,0.6469016
10725,0,1,0.4966336
10726,16,1,0.5352608
10727,16,0,0.6259285
10728,4,1,0.5567015
10729,6,1,0.6189821
10730,3,1,0.76084703
10731,16,0,0.39764434
10732,4,0,0.443499
10733,2,0,0.4206254
10734,14,0,0.567997
10735,1,0,0.4397545
10736,1,0,0.3050505
10737,7,1,0.3912083
10738,18,1,0.5209636
10739,22,0,0.28069317
10740,25,0,0.3487408
10741,27,1,0.47255835
10742,6,0,0.35461935
10743,1,1,0.74584323
10744,25,1,0.5963512
10745,22,0,0.3595119
10746,25,1,0.29605752
10747,0,1,0.49015918
10748,7,1,0.6296102
10749,14,0,0.34666604
10750,18,0,0.4743001
10751,7,1,0.60825837
10752,4,0,0.6602217
10753,1,1,0.6693366
10754,20,0,0.2828161
10755,15,0,0.26978773
10756,23,1,0.48307627
10757,10,0,0.28842753
10758,20,0,0.6330805
10759,8,1,0.6484069
10760,22,0,0.3631837
10761,9,1,0.40156215
10762,23,1,0.5363926
10763,6,1,0.4159158
10764,13,1,0.5081596
10765,10,0,0.2650208
10766,13,0,0.5394341
10767,16,1,0.7365131
10768,19,0,0.40644312
10769,17,1,0.731276
10770,15,1,0.56228226
10771,12,0,0.34355232
10772,26,1,0.796553
10773,5,0,0.47744852
10774,15,1,0.56605494
10775,16,1,0.7524189
10776,11,1,0.44748288
10777,1,1,0.41514608
10778,25,1,0.53433716
10779,23,0,0.41226214
10780,13,0,0.36886275
10781,20,1,0.71344686
10782,14,1,0.47776982
10783,3,1,0.7835527
10784,15,1,0.36570135
10785,27,0,0.59344393
10786,15,0,0.3000916
10787,10,0,0.6529023
10788,6,0,0.565108
10789,26,1,0.5496112
10790,10,0,0.43346494
10791,27,1,0.49187502
10792,21,1,0.62036353
10793,7,0,0.7205693
10794,17,1,0.631078
10795,16,1,0.57765746
10796,25,1,0.6501855
10797,5,1,0.5118491
10798,14,1,0.45358106
10799,20,1,0.5011074
10800,2,1,0.41733038
10801,1,1,0.37213892
10802,10,1,0.46358123
10803,28,1,0.5131864
10804,26,1,0.5242392
10805,1,1,0.6951514
10806,16,1,0.60556376
10807,16,1,0.6067492
10808,28,1,0.4712322
10809,24,0,0.44549194
10810,10,0,0.32150185
10811,0,0,0.5144558
10812,13,0,0.2579583
10813,21,1,0.40737325
10814,10,0,0.65704024
10815,15,0,0.27001268
10816,3,1,0.5517275
10817,15,1,0.7328804
10818,16,0,0.48152563
10819,17,1,0.5605368
10820,1,0,0.40473112
10821,8,0,0.74902886
10822,4,0,0.26144457
10823,11,0,0.56166595
10824,3,1,0.41247272
10825,18,1,0.5134956
10826,27,0,0.5965424
10827,28,0,0.31231046
10828,23,0,0.59519213
10829,2,1,0.33425224
10830,13,0,0.28075272
10831,3,0,0.3918566
10832,27,1,0.45863628
10833,26,0,0.65244955
10834,27,1,0.50412756
10835,25,0,0.46562603
10836,1,1,0.50084406
10837,20,1,0.46586663
10838,10,1,0.5906605
10839,14,0,0.5537576
10840,27,0,0.4110757
10841,2,0,0.40039608
10842,9,1,0.46624017
10843,8,0,0.35549825
10844,15,0,0.23778361
10845,7,1,0.3999358
10846,8,1,0.5492617
10847,1,0,0.4556439
10848,1,1,0.39502007
10849,0,1,0.6875872
10850,24,0,0.5661969
10851,8,1,0.5146222
10852,10,0,0.66509193
10853,7,1,0.40642986
10854,18,0,0.29830244
10855,7,1,0.5339833
10856,10,0,0.43357143
10857,2,1,0.7303927
10858,11,1,0.4875686
10859,8,1,0.6313215
10860,4,0,0.39829382
10861,14,1,0.5351298
10862,11,0,0.2665045
10863,7,1,0.5736564
10864,4,1,0.7588369
10865,23,1,0.37599227
10866,19,0,0.6488703
10867,11,1,0.5139785
10868,2,1,0.367292
10869,8,0,0.3888703
10870,17,0,0.59839725
10871,17,1,0.7573594
10872,8,0,0.4936495
10873,16,0,0.27425766
10874,19,0,0.43666932
10875,2,0,0.441275
10876,18,1,0.7164226
10877,0,0,0.5928002
10878,22,1,0.66203344
10879,11,0,0.3414511
10880,4,0,0.6096805
10881,23,1,0.50638896
10882,15,1,0.62307876
10883,7,0,0.34713495
10884,20,0,0.48648214
10885,25,1,0.48819166
10886,1,0,0.43397203
10887,12,1,0.7056132
10888,10,0,0.31167388
10889,8,0,0.57999796
10890,27,0,0.4605011
10891,19,0,0.5955854
10892,20,0,0.62205887
10893,28,1,0.3302923
10894,18,1,0.4981406
10895,13,0,0.5182958
10896,18,1,0.4911523
10897,11,1,0.44152078
10898,22,1,0.2786104
10899,3,0,0.7417061
10900,3,0,0.26096323
10901,7,1,0.49993336
10902,27,0,0.40006557
10903,11,0,0.30764374
10904,3,1,0.63514096
10905,26,1,0.56710535
10906,4,1,0.4711763
10907,22,1,0.3042661
10908,2,0,0.54287314
10909,14,1,0.4603596
10910,1,0,0.61542255
10911,27,1,0.4836013
10912,10,0,0.6162304
10913,18,0,0.4680998
10914,5,0,0.31623724
10915,1,0,0.6798258
10916,16,1,0.46200183
10917,10,0,0.47504497
10918,22,1,0.5421224
10919,2,1,0.3158294
10920,11,1,0.4526891
10921,24,1,0.41778758
10922,10,0,0.43801352
10923,1,0,0.5481812
10924,9,1,0.7694776
10925,11,0,0.25661436
10926,16,0,0.45967755
10927,8,1,0.61287135
10928,15,1,0.6496092
10929,13,1,0.44644934
10930,26,0,0.22398889
10931,11,0,0.7399491
10932,10,0,0.5066998
10933,26,1,0.5611753
10934,15,1,0.5312476
10935,26,0,0.39888653
10936,27,0,0.34184903
10937,19,1,0.464946
10938,20,0,0.44128773
10939,23,0,0.27472943
10940,15,0,0.5956033
10941,14,1,0.5416788
10942,12,1,0.62094134
10943,10,1,0.5364577
10944,27,0,0.26253605
10945,0,0,0.40700597
10946,2,0,0.3695036
10947,26,0,0.7457332
10948,22,0,0.6466995
10949,7,1,0.42407525
10950,27,0,0.2996268
10951,5,1,0.6913874
10952,14,1,0.58146644
10953,25,0,0.27646223
10954,0,1,0.3672843
10955,16,0,0.5307695
10956,19,0,0.25623664
10957,2,1,0.40603703
10958,2,0,0.50554544
10959,5,0,0.61805815
10960,20,1,0.3536261
10961,15,1,0.35899827
10962,16,1,0.58626705
10963,14,0,0.64509845
10964,3,0,0.71879756
10965,2,0,0.50003225
10966,15,1,0.5305257
10967,25,1,0.64744717
10968,26,1,0.5429536
10969,16,1,0.6015823
10970,26,0,0.31221896
10971,12,1,0.66263527
10972,15,1,0.3425916
10973,10,0,0.39155677
10974,7,0,0.3338263
10975,19,1,0.37616113
10976,17,0,0.40059555
10977,11,1,0.73863316
10978,27,1,0.5292674
10979,11,1,0.49537915
10980,24,1,0.46442068
10981,26,0,0.38354927
10982,2,0,0.553576
10983,27,1,0.29950696
10984,6,0,0.43929258
10985,2,1,0.6743859
10986,14,1,0.4016647
10987,1,1,0.45308903
10988,24,0,0.22438134
10989,15,1,0.7894253
10990,2,0,0.45788816
10991,27,1,0.4517844
10992,8,0,0.3990989
10993,10,1,0.4048373
10994,1,0,0.5308538
10995,2,0,0.29040393
10996,22,1,0.39894444
10997,14,0,0.41379786
10998,17,1,0.56369543
10999,22,1,0.55866176
11000,26,1,0.31807843
11001,25,0,0.46569377
11002,15,1,0.3947003
11003,25,1,0.6167924
11004,27,0,0.47722077
11005,10,0,0.46433863
11006,19,1,0.4859245
11007,28,0,0.71756166
11008,4,1,0.62285733
11009,22,1,0.4454015
11010,10,0,0.3174482
11011,10,0,0.5654553
11012,16,0,0.41309327
11013,15,0,0.5005978
11014,8,1,0.4047548
11015,10,0,0.4129195
11016,2,0,0.32309422
11017,8,0,0.34062365
11018,8,0,0.5676912
11019,10,1,0.6131998
11020,16,0,0.41700366
11021,2,0,0.4895971
11022,11,1,0.6573906
11023,27,0,0.3993328
11024,15,0,0.2784491
11025,27,1,0.37187722
11026,25,0,0.3214128
11027,10,1,0.4353249
11028,13,0,0.39849946
11029,10,0,0.4025943
11030,16,1,0.6490004
11031,10,1,0.7567809
11032,16,0,0.6966603
11033,27,1,0.4303402
11034,8,1,0.5025803
11035,21,1,0.60196203
11036,22,1,0.5197014
11037,18,1,0.31640473
11038,10,0,0.6382108
11039,19,0,0.4831262
11040,18,1,0.68019515
11041,8,1,0.6888798
11042,20,0,0.62368256
11043,28,0,0.42806664
11044,20,0,0.5431966
11045,26,0,0.24856825
11046,20,0,0.45193842
11047,24,0,0.3672589
11048,0,1,0.6629064
11049,10,0,0.7069187
11050,1,0,0.43615866
11051,3,1,0.6928919
11052,28,1,0.6638144
11053,5,1,0.46059173
11054,28,1,0.4150767
11055,17,0,0.51018745
11056,8,0,0.24277918
11057,5,0,0.56720096
11058,2,0,0.42537984
11059,18,0,0.5199146
11060,10,0,0.54714495
11061,18,1,0.5163054
11062,2,0,0.47751063
11063,6,1,0.35662198
11064,3,0,0.4040697
11065,13,0,0.43097183
11066,13,0,0.48795652
11067,6,1,0.5720847
11068,12,1,0.5147023
11069,16,0,0.37821275
11070,18,0,0.5095013
11071,25,0,0.45846403
11072,1,0,0.24438138
11073,6,0,0.54915243
11074,25,0,0.49126908
11075,17,1,0.4235447
11076,19,0,0.30539048
11077,15,0,0.4701318
11078,17,0,0.50472337
11079,25,0,0.451909
11080,9,1,0.3911602
11081,10,1,0.3849463
11082,10,0,0.34853318
11083,13,0,0.24485394
11084,4,0,0.6564505
11085,17,0,0.26704824
11086,13,1,0.6010028
11087,18,0,0.7086247
11088,2,1,0.6178668
11089,9,1,0.48162144
11090,3,1,0.667895
11091,16,1,0.50788754
11092,11,0,0.3578882
11093,2,1,0.3365665
11094,8,1,0.29791632
11095,6,1,0.57711756
11096,15,0,0.5343332
11097,4,0,0.36081135
11098,7,0,0.20064361
11099,1,1,0.64043146
11100,8,1,0.44268286
11101,1,0,0.5115963
11102,1,1,0.44041198
11103,7,0,0.64122283
11104,11,0,0.2638899
11105,27,1,0.6503548
11106,16,0,0.7447314
11107,2,1,0.47078684
11108,18,0,0.6422873
11109,28,0,0.4183207
11110,9,1,0.69296545
11111,16,1,0.70916194
11112,25,0,0.45023927
11113,25,0,0.30403176
11114,1,0,0.63950676
11115,10,1,0.544148
11116,27,0,0.53164995
11117,23,1,0.43339705
11118,3,1,0.4497072
11119,27,0,0.51407987
11120,16,0,0.3022275
11121,16,1,0.52597064
11122,17,1,0.6386857
11123,19,0,0.43854737
11124,26,0,0.56864697
11125,1,1,0.47267273
11126,2,0,0.5422569
11127,15,0,0.42010033
11128,2,1,0.3274225
11129,13,1,0.40583587
11130,9,0,0.326943
11131,26,0,0.35019454
11132,11,0,0.37005347
11133,13,1,0.39498514
11134,10,0,0.46736443
11135,8,1,0.53647715
11136,6,0,0.29136175
11137,3,1,0.39084288
11138,28,0,0.823933
11139,22,1,0.36418748
11140,28,0,0.54710954
11141,2,1,0.67256236
11142,5,1,0.44867525
11143,0,0,0.45742214
11144,10,1,0.39566118
11145,12,0,0.3018698
11146,25,0,0.4211162
11147,8,0,0.40107232
11148,16,0,0.32611102
11149,10,1,0.76831853
11150,8,1,0.5727975
11151,1,0,0.40817627
11152,12,1,0.5488853
11153,25,0,0.35728082
11154,25,1,0.61042035
11155,20,1,0.4284644
11156,3,1,0.5647913
11157,28,1,0.6976942
11158,11,0,0.5878152
11159,11,1,0.5704944
11160,17,0,0.39875457
11161,23,1,0.2761153
11162,20,0,0.53903747
11163,2,0,0.39922613
11164,4,0,0.36165494
11165,0,0,0.2863004
11166,17,0,0.30960923
11167,3,1,0.6827027
11168,2,1,0.61548406
11169,1,1,0.6844144
11170,25,1,0.5671769
11171,14,0,0.36286286
11172,26,1,0.701928
11173,11,0,0.38645825
11174,20,1,0.59921014
11175,25,1,0.63837165
11176,2,1,0.4909851
11177,19,0,0.27522916
11178,2,1,0.78194535
11179,16,0,0.39536628
11180,25,1,0.70865387
11181,20,0,0.41968927
11182,26,0,0.5016084
11183,26,1,0.5083889
11184,22,1,0.24439716
11185,8,1,0.37870368
11186,3,0,0.46156624
11187,18,0,0.29535294
11188,15,0,0.57469624
11189,16,1,0.5893818
11190,8,0,0.54257846
11191,15,1,0.6593825
11192,12,1,0.7566926
11193,2,0,0.6042282
11194,16,0,0.44615045
11195,27,0,0.28208005
11196,24,1,0.4347287
11197,8,0,0.4674789
11198,10,1,0.5689551
11199,25,1,0.41288733
11200,6,0,0.34314433
11201,16,1,0.6187041
11202,11,1,0.27660397
11203,27,1,0.50477695
11204,10,0,0.4474857
11205,1,0,0.549346
11206,15,1,0.68407977
11207,11,0,0.5434339
11208,7,0,0.7095992
11209,15,1,0.7414941
11210,28,0,0.3302814
11211,13,0,0.31568894
11212,7,1,0.48626882
11213,27,1,0.75806767
11214,2,1,0.6559969
11215,25,0,0.3740654
11216,1,0,0.30150318
11217,13,1,0.44632325
11218,20,1,0.5973382
11219,7,1,0.64386827
11220,13,1,0.55612874
11221,3,0,0.5589082
11222,22,1,0.34820947
11223,3,0,0.3951579
11224,10,0,0.51504964
11225,13,1,0.66671455
11226,22,1,0.44150057
11227,10,0,0.27236694
11228,20,0,0.28835493
11229,11,0,0.31121337
11230,0,1,0.54883707
11231,16,1,0.6146048
11232,2,1,0.43528405
11233,19,0,0.5350155
11234,11,1,0.3802275
11235,13,1,0.6746436
11236,26,1,0.7095075
11237,15,1,0.29064792
11238,16,0,0.37807965
11239,10,0,0.35505486
11240,25,1,0.5083105
11241,23,0,0.29399437
11242,13,0,0.5562226
11243,26,0,0.48645517
11244,22,1,0.45313016
11245,11,0,0.679754
11246,21,1,0.3873268
11247,2,0,0.5116912
11248,13,1,0.40191573
11249,21,0,0.42893887
11250,10,0,0.3118037
11251,2,1,0.60515994
11252,25,0,0.4019809
11253,0,0,0.59555906
11254,2,1,0.73883927
11255,28,0,0.577859
11256,21,0,0.3696736
11257,5,1,0.7083973
11258,13,1,0.5117933
11259,11,1,0.70958954
11260,18,1,0.5721809
11261,27,0,0.54483426
11262,14,0,0.5136598
11263,2,1,0.47693893
11264,11,0,0.45936975
11265,20,1,0.41970485
11266,28,1,0.5348536
11267,4,0,0.5270781
11268,25,0,0.39712363
11269,23,0,0.74996537
11270,15,0,0.48931962
11271,5,0,0.7105802
11272,7,0,0.37918946
11273,16,1,0.5886111
11274,3,0,0.4926583
11275,15,0,0.6497291
11276,24,0,0.42551422
11277,25,1,0.72586584
11278,15,0,0.2522801
11279,4,1,0.54964054
11280,1,1,0.4936927
11281,1,1,0.38523287
11282,7,1,0.35296795
11283,15,1,0.36813498
11284,10,1,0.64888626
11285,11,1,0.5720554
11286,2,1,0.5136228
11287,13,1,0.40820956
11288,7,0,0.33426663
11289,14,0,0.48462743
11290,17,0,0.4553011
11291,12,0,0.4020915
11292,20,1,0.7197102
11293,10,1,0.57276225
11294,7,0,0.35996512
11295,27,0,0.56208843
11296,26,1,0.2937051
11297,7,1,0.72356915
11298,4,1,0.70681983
11299,26,1,0.50517255
11300,1,0,0.43763003
11301,22,1,0.73241305
11302,10,0,0.41984192
11303,3,1,0.60974604
11304,10,0,0.33012965
11305,27,1,0.41340625
11306,6,0,0.52172613
11307,19,1,0.31055242
11308,22,0,0.45799115
11309,11,0,0.54258513
11310,15,0,0.47154966
11311,9,0,0.46734545
11312,8,0,0.4158665
11313,22,1,0.69649136
11314,8,0,0.34118545
11315,2,1,0.3022254
11316,8,1,0.5779489
11317,13,0,0.44560194
11318,17,0,0.530883
11319,6,0,0.40558276
11320,11,0,0.42486933
11321,3,1,0.7657492
11322,3,1,0.3846442
11323,25,0,0.4002907
11324,13,0,0.68235964
11325,12,1,0.80251175
11326,2,0,0.5721705
11327,17,1,0.7512077
11328,26,0,0.38728267
11329,26,0,0.5489388
11330,13,1,0.73606974
11331,25,1,0.725334
11332,23,1,0.531543
11333,7,0,0.5453373
11334,16,1,0.5375914
11335,15,1,0.6261824
11336,12,1,0.412589
11337,4,0,0.32011443
11338,2,1,0.62411124
11339,13,0,0.44126788
11340,4,0,0.22461514
11341,3,0,0.4108544
11342,14,0,0.4407099
11343,3,0,0.522082
11344,25,0,0.59442765
11345,3,0,0.5144386
11346,12,1,0.5376582
11347,10,1,0.42934704
11348,18,0,0.3329855
11349,3,0,0.5618123
11350,25,0,0.46859884
11351,16,1,0.75399965
11352,7,1,0.4631949
11353,25,0,0.74100643
11354,16,1,0.48538062
11355,18,1,0.7757797
11356,1,0,0.41023684
11357,3,0,0.33228832
11358,2,0,0.336456
11359,1,1,0.75354
11360,2,1,0.6320342
11361,16,0,0.64467067
11362,2,1,0.7428647
11363,11,0,0.39566854
11364,7,0,0.35527018
11365,16,0,0.6437003
11366,16,1,0.75823826
11367,8,0,0.30194798
11368,15,1,0.51613075
11369,2,0,0.39705026
11370,2,0,0.4741899
11371,16,0,0.5265534
11372,2,1,0.43195102
11373,10,0,0.47295195
11374,21,0,0.45938665
11375,27,0,0.67472786
11376,0,1,0.5436351
11377,17,1,0.4799348
11378,2,1,0.33387646
11379,15,0,0.32301372
11380,17,1,0.4290577
11381,15,1,0.3897629
11382,25,0,0.31234637
11383,2,1,0.61512315
11384,10,0,0.44494602
11385,26,1,0.7412031
11386,20,1,0.40456033
11387,17,0,0.48131803
11388,13,1,0.6670036
11389,13,0,0.45917115
11390,16,1,0.42221764
11391,16,1,0.32309118
11392,26,1,0.6373711
11393,28,0,0.39263994
11394,2,1,0.62460047
11395,9,1,0.5308108
11396,13,0,0.42388174
11397,0,1,0.28574657
11398,26,1,0.6767659
11399,19,0,0.35411358
11400,15,1,0.41515264
11401,1,0,0.33919287
11402,6,1,0.5623819
11403,22,1,0.66068614
11404,11,1,0.62485695
11405,12,1,0.61693525
11406,2,0,0.37445438
11407,10,0,0.46019816
11408,1,0,0.43735608
11409,11,0,0.51133096
11410,24,1,0.54961914
11411,10,1,0.6042767
11412,11,1,0.530467
11413,3,1,0.5119669
11414,15,1,0.50010705
11415,15,0,0.50173897
11416,15,1,0.33910787
11417,28,0,0.31063575
11418,20,0,0.6414409
11419,24,1,0.6130895
11420,13,0,0.37919667
11421,10,1,0.4548518
11422,14,0,0.5303923
11423,18,0,0.6121455
11424,12,0,0.6451187
11425,13,0,0.2580066
11426,8,1,0.4752299
11427,20,1,0.50243145
11428,6,1,0.5371238
11429,23,1,0.7719384
11430,23,0,0.7423924
11431,22,0,0.33833438
11432,12,1,0.39728117
11433,22,1,0.5002704
11434,10,1,0.39895356
11435,8,1,0.31657472
11436,16,0,0.2509217
11437,10,1,0.39714652
11438,18,0,0.27546948
11439,9,1,0.40617615
11440,12,0,0.3818378
11441,8,1,0.54778266
11442,9,1,0.341746
11443,28,1,0.5493884
11444,27,0,0.5574552
11445,28,1,0.3367641
11446,1,0,0.4600356
11447,27,0,0.46890566
11448,27,0,0.62778217
11449,0,1,0.5388908
11450,25,1,0.5836219
11451,8,0,0.5452961
11452,0,0,0.32808068
11453,16,0,0.48905113
11454,25,1,0.64689904
11455,1,1,0.6268583
11456,14,0,0.38311812
11457,20,0,0.61896896
11458,5,1,0.48597687
11459,25,1,0.5667214
11460,10,1,0.74949336
11461,6,1,0.4815202
11462,26,1,0.36464882
11463,18,1,0.28096715
11464,4,0,0.5396112
11465,28,1,0.30898574
11466,12,0,0.26261616
11467,11,1,0.34363025
11468,6,1,0.6539997
11469,26,0,0.4642285
11470,4,0,0.26160288
11471,11,1,0.5319608
11472,0,0,0.6098037
11473,13,1,0.2688914
11474,3,1,0.44787657
11475,15,1,0.33270445
11476,2,0,0.3622133
11477,15,1,0.5407516
11478,12,1,0.46149087
11479,27,1,0.46609664
11480,19,1,0.4036505
11481,27,1,0.7134841
11482,18,0,0.61458516
11483,13,1,0.5375221
11484,4,0,0.44595528
11485,15,1,0.68627536
11486,20,0,0.5364405
11487,11,0,0.68395185
11488,6,1,0.22190873
11489,8,1,0.5442656
11490,5,1,0.54185337
11491,11,0,0.36031353
11492,15,0,0.46879607
11493,18,0,0.42834896
11494,27,0,0.68277764
11495,20,1,0.36754718
11496,1,0,0.4004989
11497,13,0,0.3836521
11498,25,1,0.42569113
11499,11,1,0.766249
11500,1,0,0.42487067
11501,22,1,0.57239664
11502,10,0,0.41001168
11503,9,1,0.3656728
11504,15,1,0.38087392
11505,6,0,0.5383508
11506,23,1,0.61735076
11507,7,0,0.52159524
11508,27,1,0.5014429
11509,10,1,0.53242123
11510,9,0,0.36556965
11511,0,0,0.4052368
11512,9,1,0.30946124
11513,26,0,0.43737602
11514,4,0,0.4390296
11515,28,1,0.37974626
11516,18,0,0.42986274
11517,9,1,0.6636435
11518,4,1,0.7950138
11519,20,0,0.6043123
11520,0,0,0.61069775
11521,16,1,0.59541434
11522,13,0,0.5464072
11523,28,1,0.7348736
11524,0,0,0.28838876
11525,16,0,0.451633
11526,13,0,0.5162542
11527,8,0,0.36613935
11528,27,0,0.2972788
11529,2,0,0.31269634
11530,12,1,0.52461714
11531,24,1,0.748517
11532,1,0,0.7895845
11533,10,0,0.39046013
11534,12,0,0.27851668
11535,13,1,0.5918588
11536,20,1,0.76858985
11537,5,1,0.6701332
11538,28,0,0.44015908
11539,12,1,0.6242845
11540,1,0,0.4527665
11541,6,1,0.29313594
11542,17,0,0.25401717
11543,2,0,0.73036134
11544,28,1,0.30557552
11545,9,0,0.31755778
11546,28,0,0.8166683
11547,14,0,0.31223652
11548,8,1,0.3421725
11549,2,0,0.40932298
11550,12,1,0.30441746
11551,17,1,0.49918106
11552,3,0,0.6097715
11553,9,0,0.33108896
11554,6,1,0.6463487
11555,13,0,0.44016516
11556,26,1,0.30740196
11557,19,0,0.71434677
11558,12,1,0.6180027
11559,13,1,0.76519585
11560,21,1,0.5662308
11561,16,0,0.37908995
11562,22,0,0.6288359
11563,10,0,0.5119572
11564,10,1,0.49846157
11565,8,1,0.55335206
11566,21,1,0.598416
11567,3,1,0.31081972
11568,16,0,0.41060093
11569,13,1,0.36586335
11570,14,0,0.4046529
11571,26,0,0.4334098
11572,14,1,0.22998133
11573,15,0,0.5901301
11574,25,0,0.40380982
11575,22,0,0.53689533
11576,22,1,0.51285017
11577,2,0,0.27517125
11578,1,1,0.66179425
11579,16,0,0.6092827
11580,8,0,0.37927592
11581,26,0,0.2370824
11582,3,1,0.5032319
11583,10,1,0.56997
11584,27,1,0.64708143
11585,23,1,0.5598937
11586,14,0,0.51439595
11587,17,1,0.32309544
11588,19,1,0.4764632
11589,16,0,0.6630914
11590,22,1,0.7288857
11591,0,0,0.5586587
11592,21,1,0.48712397
11593,27,0,0.35814545
11594,8,0,0.43590724
11595,28,0,0.40702808
11596,17,1,0.58294505
11597,27,1,0.52028596
11598,28,1,0.25881982
11599,20,0,0.48363364
11600,18,0,0.6410373
11601,10,1,0.49790803
11602,7,1,0.551351
11603,10,0,0.42117238
11604,24,0,0.2409068
11605,7,1,0.428724
11606,18,0,0.6627418
11607,20,0,0.27806392
11608,16,1,0.44702306
11609,8,0,0.40608728
11610,10,0,0.6238863
11611,2,0,0.39559987
11612,2,0,0.30095547
11613,27,0,0.21246646
11614,12,1,0.6419086
11615,7,1,0.766191
11616,20,0,0.2871224
11617,18,0,0.5873063
11618,26,0,0.39427316
11619,3,0,0.39601165
11620,3,0,0.35238013
11621,1,0,0.54856294
11622,10,0,0.5594324
11623,16,0,0.7573931
11624,10,0,0.37124154
11625,27,0,0.36943296
11626,26,1,0.5486523
11627,1,0,0.3741049
11628,8,0,0.46390605
11629,2,0,0.47767052
11630,6,0,0.48593378
11631,12,1,0.54570717
11632,1,1,0.4303498
11633,15,0,0.45992777
11634,10,0,0.36118647
11635,18,0,0.31431943
11636,20,0,0.24593233
11637,13,1,0.56789577
11638,23,1,0.5221057
11639,13,0,0.49088103
11640,11,0,0.48907954
11641,16,1,0.7408394
11642,2,1,0.74785346
11643,8,1,0.6181521
11644,20,1,0.543311
11645,5,1,0.28791016
11646,7,1,0.64859575
11647,18,1,0.54843754
11648,1,0,0.41822165
11649,19,1,0.46871132
11650,26,0,0.5128784
11651,25,1,0.19715373
11652,25,0,0.5127465
11653,2,1,0.6918137
11654,15,0,0.53577465
11655,18,1,0.46533123
11656,12,0,0.43675038
11657,16,1,0.5223021
11658,3,1,0.23232791
11659,25,0,0.33345333
11660,19,0,0.6347531
11661,22,1,0.6846676
11662,10,0,0.3715655
11663,15,0,0.51670647
11664,23,0,0.3775101
11665,10,0,0.3733119
11666,4,1,0.7254378
11667,28,1,0.6095079
11668,22,0,0.19620827
11669,25,1,0.6916618
11670,2,1,0.39247957
11671,8,0,0.5316483
11672,16,0,0.6544309
11673,23,1,0.60334396
11674,13,0,0.49363592
11675,9,1,0.46348298
11676,13,0,0.19908524
11677,25,0,0.39423996
11678,9,0,0.6277248
11679,2,0,0.36847842
11680,8,0,0.41397494
11681,2,0,0.29200944
11682,8,1,0.4288031
11683,1,1,0.4152563
11684,25,1,0.5823826
11685,10,0,0.5903533
11686,28,1,0.59921557
11687,2,0,0.4666777
11688,14,0,0.4153835
11689,25,1,0.6930258
11690,2,0,0.43336776
11691,10,1,0.6429115
11692,20,0,0.52177596
11693,13,0,0.4806086
11694,17,0,0.52296066
11695,19,0,0.7603711
11696,22,1,0.43181315
11697,13,0,0.38517967
11698,27,0,0.31526545
11699,2,0,0.3465979
11700,13,1,0.5030442
11701,1,0,0.3284955
11702,13,1,0.3443763
11703,12,0,0.22814156
11704,25,1,0.76205885
11705,15,1,0.6204997
11706,13,0,0.7030244
11707,26,1,0.70842016
11708,1,0,0.4337245
11709,4,1,0.7367164
11710,13,1,0.65409505
11711,25,0,0.3699591
11712,19,0,0.6891981
11713,13,0,0.4422316
11714,3,0,0.48226833
11715,5,0,0.6439057
11716,16,0,0.44447854
11717,8,1,0.38664454
11718,27,0,0.6056155
11719,2,0,0.35510877
11720,19,0,0.7552897
11721,13,0,0.42071426
11722,7,1,0.40412194
11723,9,0,0.18328877
11724,26,1,0.7265122
11725,13,0,0.4690908
11726,8,0,0.3961871
11727,14,0,0.55338526
11728,19,0,0.4071738
11729,2,1,0.73455036
11730,15,0,0.34804538
11731,7,1,0.36360478
11732,20,0,0.6272786
11733,1,1,0.4532938
11734,28,1,0.5985863
11735,8,1,0.46976766
11736,10,1,0.6965179
11737,6,1,0.31685996
11738,2,0,0.49294552
11739,8,1,0.5461169
11740,20,1,0.69165725
11741,13,0,0.5157188
11742,16,0,0.34254736
11743,18,1,0.48113957
11744,25,0,0.5883881
11745,2,1,0.5637078
11746,2,1,0.6175922
11747,1,1,0.55009735
11748,17,1,0.773089
11749,5,1,0.4088266
11750,11,1,0.68059003
11751,19,1,0.25736332
11752,6,1,0.4730203
11753,18,0,0.37790465
11754,4,0,0.3536852
11755,18,1,0.48142743
11756,16,0,0.39728037
11757,12,0,0.4520941
11758,8,0,0.30644158
11759,21,0,0.40848958
11760,23,1,0.60602355
11761,13,0,0.43712914
11762,12,0,0.5476014
11763,18,0,0.34614536
11764,15,0,0.34517282
11765,10,0,0.35111642
11766,15,0,0.4284934
11767,9,0,0.28376225
11768,24,0,0.2104893
11769,25,0,0.25781286
11770,10,0,0.7397925
11771,12,0,0.5098892
11772,24,0,0.73536193
11773,20,0,0.44550055
11774,24,0,0.35612205
11775,10,0,0.37723783
11776,19,1,0.49251464
11777,6,0,0.38514665
11778,12,1,0.67716134
11779,4,1,0.3683424
11780,18,0,0.4727393
11781,10,1,0.3793665
11782,4,1,0.49783733
11783,16,0,0.48559922
11784,17,1,0.6594232
11785,8,0,0.38902035
11786,7,1,0.58716655
11787,23,1,0.4005811
11788,27,1,0.5943232
11789,17,1,0.633372
11790,20,0,0.2186247
11791,0,0,0.6163903
11792,1,0,0.3414938
11793,27,0,0.48079658
11794,3,0,0.33218583
11795,16,1,0.48560753
11796,2,0,0.56987363
11797,25,0,0.48654208
11798,27,1,0.4087636
11799,8,1,0.69404495
11800,13,1,0.5201658
11801,11,0,0.40208656
11802,10,1,0.6025028
11803,21,0,0.6623556
11804,19,1,0.56027347
11805,8,0,0.43285054
11806,20,1,0.5508083
11807,16,0,0.36098158
11808,15,1,0.5671593
11809,9,0,0.6192017
11810,20,0,0.4274978
11811,10,1,0.68014646
11812,12,0,0.5211089
11813,26,0,0.33819702
11814,25,0,0.3206329
11815,11,0,0.6345585
11816,12,0,0.5139604
11817,2,1,0.50381494
11818,27,0,0.38087866
11819,15,1,0.46785435
11820,10,0,0.41220316
11821,0,0,0.5507466
11822,21,1,0.45960256
11823,17,0,0.5708406
11824,11,1,0.41759187
11825,17,0,0.41772503
11826,27,1,0.5259168
11827,18,1,0.38684052
11828,10,1,0.5881157
11829,12,1,0.669983
11830,1,0,0.51195717
11831,16,0,0.280335
11832,14,1,0.30828565
11833,25,1,0.5093843
11834,16,0,0.3906578
11835,2,1,0.64937204
11836,26,1,0.5232092
11837,5,0,0.65825516
11838,9,1,0.485185
11839,25,0,0.52759665
11840,26,1,0.69733447
11841,10,0,0.4976831
11842,19,1,0.5945365
11843,9,1,0.7512268
11844,20,1,0.3604865
11845,6,1,0.48437366
11846,16,1,0.6724021
11847,2,1,0.5011549
11848,2,0,0.4640916
11849,16,0,0.35143626
11850,15,0,0.5182662
11851,10,0,0.4296967
11852,9,1,0.39045748
11853,13,1,0.7289085
11854,26,1,0.40660262
11855,4,1,0.32766578
11856,5,1,0.6619527
11857,3,0,0.40074927
11858,7,0,0.32347003
11859,16,1,0.6781145
11860,2,1,0.5265149
11861,22,0,0.34802574
11862,13,1,0.55140346
11863,10,0,0.44700179
11864,11,0,0.5322516
11865,12,0,0.385837
11866,23,1,0.49748304
11867,3,0,0.3608532
11868,8,0,0.7710754
11869,4,0,0.49831122
11870,9,1,0.37972137
11871,13,0,0.3777165
11872,8,0,0.37934384
11873,20,0,0.666581
11874,6,1,0.50223935
11875,9,1,0.40465638
11876,11,1,0.26335856
11877,15,0,0.49847403
11878,10,0,0.37606627
11879,28,0,0.528963
11880,4,0,0.3906892
11881,4,0,0.4126435
11882,15,0,0.2487417
11883,25,0,0.4572859
11884,24,0,0.73382485
11885,19,0,0.5588483
11886,13,0,0.42188892
11887,13,1,0.55181104
11888,27,0,0.5270322
11889,8,1,0.6524185
11890,13,1,0.68623656
11891,1,0,0.53140914
11892,21,0,0.5645549
11893,1,1,0.6588589
11894,27,0,0.2581852
11895,11,1,0.23654965
11896,9,0,0.44917163
11897,27,1,0.50360096
11898,2,0,0.28460532
11899,9,0,0.5564851
11900,26,1,0.39496797
11901,5,1,0.5926672
11902,10,0,0.33772314
11903,16,0,0.54118556
11904,10,1,0.43429106
11905,1,1,0.76941663
11906,26,1,0.33138216
11907,8,0,0.30976245
11908,2,0,0.5866525
11909,9,0,0.22639729
11910,8,0,0.5648135
11911,18,0,0.67831147
11912,20,0,0.40613288
11913,19,0,0.5504997
11914,12,0,0.55376196
11915,21,0,0.2703257
11916,2,0,0.5558503
11917,13,1,0.7606535
11918,25,0,0.48379886
11919,16,1,0.49354067
11920,25,1,0.35211945
11921,28,1,0.5407419
11922,5,0,0.28016666
11923,10,1,0.6763387
11924,16,0,0.5767016
11925,7,0,0.51759404
11926,6,1,0.7158223
11927,17,1,0.43792653
11928,22,0,0.39799714
11929,25,1,0.49974656
11930,13,1,0.57965404
11931,12,0,0.30190253
11932,24,1,0.40948284
11933,16,1,0.55609345
11934,5,0,0.56185853
11935,24,1,0.36952436
11936,4,1,0.7694374
11937,17,1,0.48738077
11938,17,1,0.5487923
11939,20,1,0.5922264
11940,15,1,0.46079794
11941,10,0,0.2764321
11942,21,1,0.5550332
11943,1,1,0.4486682
11944,4,0,0.617344
11945,11,1,0.52477705
11946,13,0,0.2139314
11947,15,1,0.60971344
11948,13,0,0.37962496
11949,12,1,0.70375156
11950,26,0,0.4368158
11951,0,1,0.30578658
11952,22,1,0.37652493
11953,8,0,0.6009905
11954,13,1,0.67185956
11955,20,1,0.38347626
11956,10,0,0.47342736
11957,19,1,0.5766938
11958,26,1,0.4996075
11959,21,1,0.76471055
11960,20,1,0.381833
11961,23,0,0.35479528
11962,20,1,0.5856804
11963,21,0,0.41589916
11964,8,0,0.42037722
11965,12,0,0.2903815
11966,19,1,0.6521264
11967,8,0,0.3769704
11968,26,0,0.22619241
11969,24,0,0.6069932
11970,26,1,0.5710351
11971,11,1,0.35989136
11972,15,0,0.35133305
11973,28,1,0.66811067
11974,15,0,0.42752627
11975,16,0,0.5438117
11976,1,0,0.4398022
11977,25,0,0.6083872
11978,20,0,0.46202
11979,3,1,0.3633135
11980,27,1,0.70086145
11981,8,1,0.36416394
11982,8,1,0.6236054
11983,28,1,0.62542856
11984,10,0,0.52122164
11985,20,1,0.27242607
11986,22,1,0.73722947
11987,23,1,0.76961625
11988,12,0,0.53080344
11989,0,0,0.72937155
11990,2,0,0.2492658
11991,13,0,0.37158814
11992,13,0,0.53348726
11993,4,1,0.47708216
11994,5,0,0.60099083
11995,23,0,0.3597192
11996,15,0,0.70447534
11997,10,0,0.38841224
11998,6,0,0.5220244
11999,13,0,0.54427946
12000,15,1,0.5173495
12001,26,0,0.7296064
12002,23,0,0.34079295
12003,21,0,0.7340863
12004,13,0,0.5396212
12005,27,1,0.5819649
12006,0,1,0.4875529
12007,13,0,0.42796093
12008,15,0,0.6596076
12009,20,0,0.39736617
12010,15,1,0.4862553
12011,7,0,0.37157524
12012,2,0,0.4462786
12013,25,1,0.6480419
12014,9,1,0.4857278
12015,4,0,0.5989378
12016,1,1,0.7087472
12017,13,1,0.5809204
12018,2,0,0.34963626
12019,15,0,0.4031256
12020,13,1,0.5029109
12021,15,0,0.5041754
12022,15,1,0.4056814
12023,16,0,0.36203796
12024,12,1,0.48077455
12025,14,0,0.67505014
12026,13,1,0.6351998
12027,8,1,0.45976943
12028,1,0,0.37718913
12029,25,0,0.41232747
12030,2,0,0.5545582
12031,9,1,0.26921916
12032,11,1,0.53425854
12033,19,1,0.4565482
12034,8,0,0.39487612
12035,16,1,0.5933365
12036,11,0,0.5092747
12037,17,0,0.5537456
12038,16,0,0.61635107
12039,16,1,0.43731242
12040,8,0,0.42537674
12041,19,1,0.4486476
12042,0,0,0.43417448
12043,16,1,0.56893444
12044,8,1,0.35958576
12045,1,0,0.64168227
12046,16,1,0.65742916
12047,15,0,0.47313368
12048,16,1,0.49899763
12049,9,1,0.5054358
12050,6,1,0.45269483
12051,1,0,0.3227178
12052,1,1,0.66103584
12053,14,1,0.6622866
12054,17,0,0.3861219
12055,6,0,0.6991404
12056,8,0,0.23150818
12057,6,1,0.3353483
12058,15,1,0.74603176
12059,18,1,0.39554748
12060,20,1,0.25591642
12061,7,0,0.52838284
12062,2,0,0.49974346
12063,25,0,0.24369314
12064,2,1,0.5760378
12065,26,1,0.5877925
12066,23,1,0.5966822
12067,25,0,0.5498474
12068,20,0,0.5009322
12069,27,1,0.47763783
12070,13,0,0.633146
12071,25,1,0.45795083
12072,1,0,0.3362593
12073,22,1,0.5134632
12074,9,1,0.57953125
12075,13,1,0.4722309
12076,15,0,0.2600525
12077,12,0,0.6003588
12078,21,0,0.3056106
12079,12,0,0.34158486
12080,18,1,0.532684
12081,4,1,0.58727014
12082,15,1,0.55765283
12083,1,0,0.34823754
12084,18,0,0.23427892
12085,7,1,0.5064819
12086,4,0,0.42285115
12087,5,1,0.59993976
12088,16,1,0.43239158
12089,8,1,0.54499227
12090,22,1,0.524601
12091,9,0,0.27952918
12092,15,1,0.42583025
12093,2,1,0.35057342
12094,13,1,0.65395504
12095,5,0,0.35298195
12096,1,0,0.3462575
12097,1,1,0.46037868
12098,9,0,0.3548975
12099,18,0,0.46877104
12100,13,1,0.21390308
12101,10,0,0.278984
12102,19,0,0.36438102
12103,13,1,0.5856532
12104,28,0,0.35807186
12105,27,0,0.31241918
12106,13,1,0.59819275
12107,22,1,0.26254097
12108,19,0,0.35307926
12109,25,0,0.52627325
12110,16,0,0.3095847
12111,20,0,0.5627446
12112,1,1,0.36293098
12113,22,0,0.6049574
12114,28,0,0.5021068
12115,1,1,0.7372674
12116,1,0,0.47408494
12117,18,1,0.51852787
12118,1,0,0.30888137
12119,10,0,0.4902559
12120,7,1,0.34079397
12121,2,0,0.36656764
12122,1,1,0.4620137
12123,12,0,0.31184778
12124,11,1,0.35693255
12125,18,1,0.5902916
12126,11,0,0.24186948
12127,2,0,0.4449594
12128,7,0,0.37856293
12129,16,0,0.3448053
12130,11,0,0.75143415
12131,19,1,0.4718016
12132,26,1,0.5318284
12133,11,1,0.69889647
12134,8,0,0.57362735
12135,12,1,0.489694
12136,3,1,0.51981115
12137,7,0,0.39752072
12138,22,1,0.6404208
12139,10,1,0.34267995
12140,16,0,0.5715783
12141,17,0,0.4144947
12142,7,0,0.32927182
12143,25,1,0.7079395
12144,22,1,0.5206879
12145,18,0,0.26683077
12146,16,0,0.45552433
12147,10,1,0.50343716
12148,8,1,0.527112
12149,26,1,0.44798467
12150,11,1,0.7694773
12151,27,1,0.5874369
12152,1,1,0.6991395
12153,3,1,0.5006251
12154,22,1,0.77040774
12155,17,1,0.55622715
12156,17,0,0.4457641
12157,22,0,0.36837223
12158,8,0,0.39386737
12159,2,0,0.4309648
12160,7,1,0.44405183
12161,17,0,0.60657513
12162,22,1,0.6069463
12163,2,1,0.6791121
12164,6,0,0.6600112
12165,19,0,0.5649824
12166,21,1,0.74774534
12167,12,1,0.29209352
12168,22,1,0.52869296
12169,27,1,0.68453485
12170,2,1,0.5223984
12171,19,1,0.5032833
12172,7,1,0.5955069
12173,23,1,0.6002459
12174,21,0,0.6181969
12175,21,0,0.45090854
12176,24,0,0.2770807
12177,11,0,0.28363162
12178,3,0,0.39354742
12179,18,1,0.405462
12180,7,0,0.4070064
12181,22,0,0.39498687
12182,16,0,0.47151238
12183,16,0,0.19994888
12184,21,1,0.3183296
12185,6,1,0.52854174
12186,16,1,0.24231428
12187,13,0,0.30802068
12188,22,0,0.45278224
12189,3,1,0.664639
12190,0,1,0.37278417
12191,17,0,0.4025106
12192,28,0,0.48103282
12193,10,0,0.19716166
12194,15,1,0.5932279
12195,19,0,0.54789704
12196,16,0,0.48644096
12197,13,0,0.37849844
12198,11,1,0.542274
12199,8,1,0.6785374
12200,18,1,0.5311972
12201,14,0,0.3178506
12202,15,1,0.44402212
12203,14,1,0.5057473
12204,20,0,0.36154956
12205,7,1,0.62396294
12206,12,1,0.59953636
12207,1,0,0.6634684
12208,1,0,0.5414609
12209,11,0,0.283908
12210,12,1,0.53358406
12211,22,1,0.77078635
12212,25,0,0.59683317
12213,6,1,0.48342916
12214,23,1,0.43785462
12215,16,0,0.51820356
12216,11,0,0.29952902
12217,28,1,0.5513855
12218,13,0,0.48986885
12219,12,1,0.61932176
12220,20,1,0.6352129
12221,3,0,0.55435944
12222,8,1,0.61860824
12223,14,1,0.25350338
12224,15,0,0.59419984
12225,2,0,0.46011445
12226,14,1,0.6788198
12227,19,1,0.61646664
12228,15,1,0.5523959
12229,13,1,0.69657725
12230,8,0,0.2783293
12231,10,1,0.5333416
12232,7,1,0.30201083
12233,3,1,0.5158639
12234,9,0,0.39347357
12235,5,1,0.39215577
12236,5,1,0.36296275
12237,17,0,0.45956212
12238,8,0,0.55137604
12239,8,0,0.3246711
12240,2,0,0.4927468
12241,26,0,0.25713223
12242,10,1,0.47355294
12243,22,0,0.36894223
12244,17,1,0.4926404
12245,7,1,0.7245043
12246,1,0,0.27016068
12247,6,1,0.7401038
12248,8,1,0.24391563
12249,15,0,0.4900607
12250,16,0,0.50877804
12251,15,1,0.4181992
12252,11,0,0.44360694
12253,28,0,0.48803824
12254,16,0,0.28081033
12255,2,1,0.5708442
12256,17,0,0.4620957
12257,26,0,0.5112223
12258,10,1,0.4464483
12259,1,0,0.27011216
12260,13,0,0.4091081
12261,15,0,0.55502963
12262,7,1,0.5237407
12263,15,0,0.432656
12264,27,1,0.5546623
12265,21,1,0.3977383
12266,13,1,0.64507467
12267,18,0,0.63965076
12268,2,1,0.30787745
12269,2,0,0.22457482
12270,10,1,0.7308723
12271,25,1,0.53951854
12272,27,1,0.538754
12273,25,1,0.51572764
12274,17,0,0.44932574
12275,15,0,0.46594846
12276,6,1,0.55994713
12277,0,1,0.47903085
12278,10,0,0.41234913
12279,11,1,0.7110454
12280,17,0,0.32892305
12281,1,0,0.37503168
12282,28,1,0.7282774
12283,26,0,0.45228815
12284,10,1,0.57384753
12285,12,1,0.7013482
12286,26,0,0.5741901
12287,13,0,0.47133854
12288,17,1,0.59276766
12289,10,0,0.38886824
12290,19,1,0.4054751
12291,2,1,0.6568851
12292,15,1,0.37536278
12293,14,1,0.47702014
12294,20,0,0.28833273
12295,9,0,0.42235032
12296,2,0,0.36360767
12297,3,1,0.5514994
12298,23,1,0.4006891
12299,27,1,0.22980173
12300,20,0,0.40806827
12301,6,1,0.6068187
12302,22,0,0.41543153
12303,15,0,0.43215477
12304,1,1,0.5668832
12305,10,1,0.40549666
12306,2,1,0.39064726
12307,10,0,0.7169459
12308,23,1,0.5462531
12309,5,0,0.4694228
12310,16,0,0.52434176
12311,8,1,0.54498696
12312,10,0,0.5245262
12313,26,1,0.49455923
12314,16,0,0.53725696
12315,4,0,0.5520484
12316,13,0,0.57731223
12317,2,0,0.554444
12318,13,1,0.7237782
12319,4,0,0.48652852
12320,11,0,0.62027097
12321,7,0,0.6137224
12322,21,0,0.28060347
12323,21,0,0.38536534
12324,12,1,0.6831618
12325,24,0,0.64848644
12326,7,1,0.46512246
12327,13,1,0.42164505
12328,4,0,0.6995274
12329,26,1,0.63433546
12330,25,0,0.36758637
12331,12,0,0.38359472
12332,13,0,0.56888235
12333,3,0,0.3279561
12334,6,0,0.44614485
12335,14,1,0.53537524
12336,7,0,0.20742925
12337,1,0,0.5220137
12338,6,1,0.6556208
12339,25,1,0.44750726
12340,27,1,0.5604025
12341,10,1,0.34493372
12342,1,0,0.2842799
12343,1,0,0.5353978
12344,14,0,0.27818477
12345,8,1,0.65923375
12346,25,0,0.275374
12347,27,0,0.45218223
12348,24,1,0.61438483
12349,18,1,0.64928037
12350,4,0,0.4704783
12351,3,1,0.49912497
12352,23,1,0.61782736
12353,25,0,0.43908903
12354,16,0,0.3534836
12355,15,1,0.58738357
12356,8,1,0.5312091
12357,16,1,0.7402525
12358,5,0,0.42461684
12359,8,1,0.48791537
12360,2,1,0.5588771
12361,15,0,0.49289942
12362,15,1,0.45643097
12363,24,1,0.5753062
12364,15,1,0.66954905
12365,8,0,0.431612
12366,17,1,0.3820966
12367,16,1,0.36115575
12368,13,1,0.673549
12369,0,0,0.6769702
12370,24,1,0.76994073
12371,15,0,0.5148921
12372,14,0,0.34063327
12373,4,0,0.5603226
12374,25,1,0.57257044
12375,21,0,0.5026662
12376,17,1,0.62869227
12377,21,1,0.48079383
12378,26,0,0.38820314
12379,15,0,0.46674863
12380,16,0,0.39088473
12381,2,1,0.5200125
12382,2,0,0.3703229
12383,1,1,0.5585403
12384,5,1,0.6516627
12385,21,0,0.4708452
12386,8,0,0.23915695
12387,24,0,0.54578143
12388,15,1,0.39467096
12389,3,0,0.5927543
12390,27,1,0.29145923
12391,13,1,0.61047876
12392,16,1,0.4438753
12393,0,0,0.28592184
12394,13,0,0.54910004
12395,20,0,0.3830569
12396,15,1,0.7106678
12397,6,0,0.3213081
12398,26,1,0.42807066
12399,13,0,0.42412263
12400,8,1,0.66914874
12401,25,0,0.48215613
12402,13,0,0.39196795
12403,26,0,0.5863055
12404,19,0,0.48412627
12405,9,1,0.49679953
12406,27,1,0.52157646
12407,10,0,0.37089875
12408,16,1,0.46286497
12409,17,0,0.51861584
12410,7,1,0.5444676
12411,22,0,0.27335122
12412,15,0,0.29701465
12413,10,0,0.26755783
12414,25,0,0.44364178
12415,26,0,0.41963527
12416,23,1,0.59871864
12417,10,0,0.3427989
12418,10,1,0.38765538
12419,24,1,0.46434727
12420,23,1,0.42015383
12421,18,0,0.5132074
12422,11,0,0.49952623
12423,17,1,0.46084124
12424,12,0,0.581066
12425,13,1,0.4539718
12426,22,1,0.5268727
12427,22,0,0.33072886
12428,22,1,0.43524206
12429,13,1,0.45886287
12430,10,1,0.5030437
12431,12,0,0.3686326
12432,2,1,0.6675631
12433,4,1,0.50168383
12434,11,0,0.67506313
12435,15,0,0.4983477
12436,24,1,0.40079305
12437,7,0,0.27288976
12438,8,0,0.2453734
12439,2,1,0.756369
12440,27,0,0.37378877
12441,22,1,0.4612568
12442,10,0,0.4922223
12443,23,1,0.44375166
12444,3,0,0.30626315
12445,13,1,0.6354283
12446,14,0,0.55341774
12447,8,0,0.35627407
12448,14,0,0.42803702
12449,2,1,0.60160726
12450,7,0,0.42994568
12451,16,0,0.3818515
12452,8,0,0.53535056
12453,3,0,0.3435384
12454,8,1,0.2908016
12455,1,1,0.53137255
12456,27,0,0.60242206
12457,7,0,0.53096825
12458,12,1,0.6515348
12459,12,0,0.29849812
12460,12,0,0.5414019
12461,5,1,0.5954487
12462,1,1,0.38982898
12463,13,0,0.2762624
12464,2,0,0.2919687
12465,4,1,0.69860446
12466,6,1,0.6194445
12467,16,0,0.20510627
12468,2,1,0.68170667
12469,10,0,0.23274182
12470,9,0,0.48016575
12471,19,0,0.37735957
12472,9,0,0.52056265
12473,15,1,0.697651
12474,15,0,0.38916293
12475,14,1,0.51532936
12476,13,0,0.45440593
12477,1,1,0.3891453
12478,24,0,0.6316764
12479,13,0,0.5415255
12480,25,1,0.6595318
12481,12,1,0.82985693
12482,25,1,0.37600395
12483,28,0,0.6055731
12484,2,0,0.26978344
12485,2,0,0.40762374
12486,8,0,0.34643966
12487,5,0,0.3354878
12488,27,0,0.65810025
12489,1,0,0.571191
12490,8,0,0.40081933
12491,8,0,0.46142688
12492,7,0,0.6974302
12493,15,0,0.60649496
12494,22,0,0.2877085
12495,27,1,0.42026386
12496,15,1,0.57602936
12497,1,1,0.3066867
12498,16,1,0.58509386
12499,10,1,0.5518312
12500,14,1,0.6925381
12501,18,0,0.34336513
12502,26,1,0.71915215
12503,16,1,0.58452946
12504,15,0,0.39540005
12505,22,0,0.54792315
12506,9,1,0.4748442
12507,20,0,0.70203006
12508,16,0,0.24717396
12509,26,1,0.3507078
12510,28,1,0.36960426
12511,11,0,0.36229652
12512,8,0,0.43280324
12513,27,0,0.56058294
12514,16,0,0.4668362
12515,2,1,0.68234694
12516,7,1,0.6371973
12517,19,1,0.5569992
12518,11,1,0.57395583
12519,12,0,0.31189802
12520,5,0,0.28795484
12521,13,0,0.5235064
12522,20,1,0.6731736
12523,2,0,0.76495105
12524,4,0,0.63393974
12525,20,0,0.6719529
12526,16,1,0.35318926
12527,12,0,0.5616752
12528,15,1,0.5118805
12529,2,0,0.4774321
12530,26,0,0.61804104
12531,4,1,0.66336346
12532,4,1,0.62534314
12533,10,0,0.46148592
12534,25,1,0.57998115
12535,12,0,0.3063024
12536,5,1,0.3005976
12537,6,1,0.5607712
12538,8,1,0.7403889
12539,26,0,0.21895936
12540,3,1,0.5830223
12541,17,1,0.53541917
12542,14,1,0.64393467
12543,11,1,0.50713986
12544,1,0,0.46310997
12545,20,1,0.43446267
12546,4,0,0.29379913
12547,15,0,0.44277373
12548,8,0,0.44419438
12549,4,0,0.48913166
12550,16,0,0.35735905
12551,19,1,0.60960937
12552,16,1,0.42972705
12553,27,1,0.5955376
12554,16,1,0.47434247
12555,7,1,0.5385984
12556,8,0,0.46815085
12557,25,1,0.5450634
12558,20,0,0.54146
12559,15,1,0.68500936
12560,8,0,0.6989793
12561,15,0,0.46006137
12562,7,0,0.49109778
12563,9,1,0.7799196
12564,26,0,0.28082854
12565,1,1,0.5609066
12566,28,0,0.3546412
12567,18,0,0.540588
12568,16,1,0.5196764
12569,5,0,0.44491434
12570,25,1,0.51307464
12571,13,0,0.52312005
12572,24,1,0.7116912
12573,5,0,0.29841575
12574,8,0,0.5714876
12575,21,0,0.25416696
12576,2,1,0.8304598
12577,17,1,0.52202797
12578,8,1,0.49105355
12579,20,0,0.53474045
12580,19,1,0.6462989
12581,23,1,0.6966553
12582,13,0,0.5415914
12583,6,1,0.56683815
12584,13,0,0.6275301
12585,23,1,0.5694206
12586,25,1,0.64994895
12587,2,0,0.51313424
12588,8,1,0.50792027
12589,28,0,0.5236478
12590,3,0,0.39267913
12591,16,0,0.3954108
12592,3,1,0.55091625
12593,6,1,0.5150495
12594,17,0,0.34426904
12595,10,1,0.41224068
12596,10,1,0.4423705
12597,19,0,0.46934155
12598,15,1,0.2943257
12599,11,1,0.5206201
12600,15,0,0.35367805
12601,2,0,0.260341
12602,1,0,0.35950032
12603,26,0,0.3151438
12604,27,1,0.36956972
12605,15,1,0.5186917
12606,10,0,0.40990606
12607,0,1,0.4508714
12608,8,1,0.28401774
12609,9,1,0.31052282
12610,28,0,0.36979365
12611,13,0,0.77201384
12612,24,0,0.34903303
12613,27,1,0.64899087
12614,17,1,0.6297901
12615,2,1,0.2943243
12616,22,0,0.46945444
12617,19,0,0.6168428
12618,24,0,0.370411
12619,11,0,0.335961
12620,9,0,0.7054638
12621,25,1,0.45041078
12622,5,0,0.3624247
12623,14,1,0.27454427
12624,8,1,0.5147198
12625,18,0,0.6738361
12626,13,0,0.56511617
12627,8,1,0.67441446
12628,25,0,0.5576908
12629,12,1,0.5782443
12630,2,1,0.48603904
12631,6,0,0.5146103
12632,28,1,0.5769779
12633,2,0,0.32509807
12634,25,1,0.32233116
12635,20,0,0.27490905
12636,2,0,0.7708305
12637,16,1,0.5302228
12638,16,0,0.30554408
12639,7,0,0.46081248
12640,27,0,0.39009866
12641,14,0,0.47270778
12642,13,1,0.54205513
12643,27,1,0.29047066
12644,14,1,0.63866
12645,10,0,0.2746607
12646,13,1,0.59623545
12647,24,0,0.48313883
12648,0,0,0.3149759
12649,2,1,0.35013077
12650,0,0,0.29735112
12651,3,0,0.39103967
12652,8,0,0.6191976
12653,12,0,0.32080588
12654,13,1,0.73715055
12655,20,1,0.37527582
12656,16,0,0.24626878
12657,0,1,0.48669812
12658,10,0,0.3098483
12659,11,0,0.4898706
12660,13,1,0.61229795
12661,2,1,0.55216485
12662,18,1,0.57584816
12663,27,0,0.37791395
12664,25,0,0.29247272
12665,13,1,0.673511
12666,12,1,0.41589022
12667,5,0,0.3596921
12668,23,0,0.36058456
12669,19,0,0.62471426
12670,11,0,0.58686924
12671,17,0,0.3848946
12672,15,0,0.46449646
12673,14,0,0.6628984
12674,3,1,0.3825961
12675,13,1,0.36909974
12676,22,1,0.59638005
12677,0,0,0.4268029
12678,22,1,0.50649446
12679,20,1,0.4632762
12680,20,0,0.37634695
12681,16,1,0.31292373
12682,15,1,0.63478774
12683,7,0,0.33622268
12684,3,1,0.5034619
12685,11,0,0.25686288
12686,16,0,0.29427046
12687,27,0,0.36904058
12688,15,0,0.4188571
12689,2,0,0.35277298
12690,24,1,0.3582318
12691,1,1,0.36091056
12692,3,1,0.3472908
12693,15,0,0.22721188
12694,15,0,0.46434635
12695,24,1,0.6366882
12696,11,1,0.35723817
12697,10,1,0.3658531
12698,15,1,0.2801891
12699,17,0,0.34861934
12700,12,0,0.4425253
12701,28,1,0.6420661
12702,22,1,0.5881621
12703,6,1,0.44975397
12704,6,0,0.611492
12705,7,0,0.42942044
12706,21,0,0.40933213
12707,8,0,0.3847386
12708,2,1,0.5316386
12709,6,0,0.3925475
12710,2,0,0.33163446
12711,11,0,0.47892746
12712,7,0,0.5729553
12713,2,1,0.46453705
12714,25,1,0.46817303
12715,22,1,0.389943
12716,14,1,0.3955509
12717,6,1,0.6359534
12718,11,1,0.70774966
12719,21,1,0.5837223
12720,10,1,0.3630391
12721,2,1,0.38646874
12722,16,0,0.6189226
12723,28,1,0.54367316
12724,12,0,0.56482893
12725,14,1,0.4488
12726,16,0,0.2454058
12727,13,0,0.3224221
12728,12,0,0.5672403
12729,16,1,0.54381144
12730,12,0,0.6020632
12731,22,1,0.47787297
12732,15,0,0.32643178
12733,1,1,0.74402636
12734,13,0,0.34775156
12735,8,0,0.61471367
12736,22,0,0.4263758
12737,2,0,0.39124474
12738,4,1,0.7012547
12739,14,1,0.5917729
12740,15,0,0.19624445
12741,12,1,0.6399131
12742,7,0,0.45585692
12743,2,0,0.4333715
12744,20,0,0.31867057
12745,20,0,0.55182874
12746,6,0,0.3628122
12747,22,0,0.3106637
12748,17,0,0.45202443
12749,12,1,0.31914908
12750,8,1,0.29794255
12751,8,1,0.53440136
12752,25,1,0.6114692
12753,21,0,0.45244905
12754,18,0,0.39117286
12755,2,1,0.70649976
12756,1,0,0.4697654
12757,18,0,0.5531928
12758,20,1,0.3880962
12759,6,1,0.6080157
12760,24,1,0.5339105
12761,0,1,0.42489713
12762,3,0,0.49117747
12763,24,1,0.28096566
12764,27,0,0.37132123
12765,13,0,0.2649498
12766,21,1,0.59309447
12767,15,1,0.30473858
12768,13,1,0.37258533
12769,13,1,0.72435206
12770,10,1,0.8030237
12771,7,0,0.31011125
12772,15,0,0.44493854
12773,9,0,0.47364813
12774,15,1,0.43387973
12775,15,0,0.38085034
12776,15,0,0.6820192
12777,11,1,0.78147507
12778,1,0,0.21277879
12779,13,1,0.52149314
12780,15,0,0.44576207
12781,2,1,0.3854362
12782,17,0,0.22878128
12783,15,0,0.42278904
12784,1,0,0.21364747
12785,16,0,0.3406734
12786,16,0,0.5522986
12787,17,1,0.3920071
12788,24,0,0.324152
12789,13,1,0.640495
12790,25,1,0.40087965
12791,5,0,0.54010725
12792,16,0,0.49478647
12793,10,0,0.46403718
12794,6,0,0.5251928
12795,15,1,0.6446188
12796,18,0,0.39492983
12797,8,0,0.5560719
12798,11,0,0.349408
12799,6,1,0.56849366
12800,2,1,0.3086415
12801,13,0,0.29439804
12802,15,1,0.48566556
12803,26,1,0.49932393
12804,14,0,0.3777968
12805,13,0,0.62227476
12806,12,1,0.5155085
12807,22,1,0.47317803
12808,2,1,0.34145182
12809,1,0,0.5166309
12810,13,1,0.403035
12811,5,1,0.23920791
12812,5,0,0.35643435
12813,18,0,0.37508795
12814,11,1,0.45941764
12815,9,0,0.48606336
12816,22,1,0.52280676
12817,23,0,0.3210551
12818,14,1,0.46043357
12819,10,1,0.68413603
12820,16,0,0.70842797
12821,4,1,0.4861914
12822,27,1,0.5289888
12823,26,0,0.25051737
12824,16,0,0.28419864
12825,25,0,0.45661473
12826,3,1,0.43886134
12827,14,0,0.44291285
12828,4,1,0.20116712
12829,3,0,0.33664173
12830,1,0,0.413953
12831,28,1,0.49697706
12832,20,0,0.41225752
12833,20,0,0.35242894
12834,26,1,0.24877661
12835,28,0,0.33045775
12836,7,0,0.6414127
12837,19,0,0.6524664
12838,20,0,0.5007294
12839,26,0,0.33573774
12840,27,1,0.52243423
12841,12,0,0.5381866
12842,27,1,0.68682903
12843,14,0,0.3319092
12844,5,1,0.7111609
12845,1,1,0.39902154
12846,21,1,0.6471933
12847,10,1,0.28381857
12848,1,0,0.38713613
12849,27,1,0.5442098
12850,13,1,0.23462416
12851,26,1,0.3743337
12852,7,0,0.4781319
12853,22,0,0.5191367
12854,26,1,0.45001653
12855,9,1,0.46192312
12856,2,1,0.5695366
12857,25,0,0.65375096
12858,15,1,0.6218211
12859,1,1,0.62507755
12860,2,1,0.5299953
12861,26,0,0.3964544
12862,8,0,0.32378793
12863,21,1,0.45280704
12864,14,1,0.5275234
12865,16,1,0.5622154
12866,13,1,0.46074504
12867,3,1,0.2857145
12868,2,1,0.5433707
12869,6,1,0.58101094
12870,12,0,0.34954882
12871,6,0,0.39127952
12872,3,0,0.50013274
12873,1,1,0.37040186
12874,17,0,0.7326385
12875,2,0,0.446898
12876,10,0,0.34273192
12877,20,0,0.37251613
12878,2,0,0.21359837
12879,17,0,0.63655865
12880,24,1,0.62598336
12881,25,1,0.5438052
12882,16,0,0.49049798
12883,12,0,0.19139425
12884,0,0,0.5593873
12885,9,0,0.54603946
12886,18,1,0.5525321
12887,10,0,0.35321328
12888,22,1,0.4734296
12889,4,0,0.3853766
12890,16,1,0.71561
12891,10,0,0.22953485
12892,11,1,0.29570344
12893,27,0,0.5178041
12894,2,0,0.6184045
12895,4,1,0.50894845
12896,21,0,0.49283883
12897,24,1,0.6220853
12898,27,1,0.26783425
12899,16,1,0.592554
12900,26,0,0.38877076
12901,10,1,0.5271132
12902,7,0,0.45168573
12903,1,1,0.6857905
12904,10,1,0.44170618
12905,26,0,0.52843535
12906,10,0,0.38674468
12907,0,0,0.6576689
12908,15,1,0.6097066
12909,11,0,0.5409793
12910,23,1,0.5618738
12911,22,0,0.35096502
12912,16,1,0.43911156
12913,26,0,0.30840918
12914,10,1,0.59517825
12915,28,0,0.49429843
12916,9,1,0.49838766
12917,10,0,0.4038981
12918,28,1,0.44889766
12919,16,0,0.43899456
12920,1,0,0.40130213
12921,15,0,0.30664518
12922,17,0,0.54705715
12923,11,1,0.594611
12924,11,0,0.64126456
12925,2,1,0.40018463
12926,7,0,0.4743239
12927,3,0,0.45380843
12928,14,0,0.4233262
12929,12,0,0.64737064
12930,15,0,0.39654195
12931,10,1,0.70000136
12932,15,1,0.38251162
12933,26,1,0.4734469
12934,8,1,0.56800634
12935,8,1,0.54928505
12936,2,0,0.524144
12937,15,1,0.6481923
12938,25,1,0.38387918
12939,9,0,0.33746666
12940,17,0,0.5058907
12941,13,0,0.6903992
12942,26,0,0.2585153
12943,11,0,0.4115545
12944,7,0,0.6439639
12945,27,1,0.40563434
12946,15,1,0.4917355
12947,0,1,0.6166624
12948,25,0,0.4444655
12949,0,0,0.42977306
12950,1,0,0.35392192
12951,17,1,0.3357418
12952,26,0,0.51097393
12953,16,0,0.27866
12954,25,1,0.40328467
12955,6,0,0.44779187
12956,13,1,0.4136193
12957,2,0,0.22838952
12958,24,0,0.6732949
12959,1,0,0.508721
12960,17,0,0.6959157
12961,16,0,0.35811943
12962,6,0,0.4921508
12963,13,0,0.25164774
12964,1,1,0.34999675
12965,9,1,0.643723
12966,26,0,0.30336618
12967,2,1,0.38061655
12968,22,1,0.7677972
12969,16,0,0.43273696
12970,5,1,0.37840268
12971,1,1,0.25547168
12972,26,0,0.44344288
12973,17,0,0.25506923
12974,13,1,0.47751057
12975,1,1,0.6579269
12976,13,1,0.5964579
12977,7,0,0.40789673
12978,11,1,0.45965236
12979,21,0,0.25944927
12980,2,1,0.80403614
12981,16,1,0.7990016
12982,22,1,0.49864528
12983,15,1,0.5637091
12984,8,1,0.4320951
12985,28,1,0.73955035
12986,25,0,0.5973758
12987,12,0,0.36072958
12988,22,0,0.31555197
12989,4,1,0.4421847
12990,15,0,0.58302814
12991,11,0,0.3897936
12992,16,0,0.7987418
12993,1,0,0.69420934
12994,6,1,0.4653011
12995,0,1,0.6393125
12996,6,1,0.61929303
12997,17,1,0.44753584
12998,1,1,0.49611405
12999,13,1,0.6301699
13000,2,1,0.4877667
13001,4,0,0.55800027
13002,0,1,0.39414632
13003,9,0,0.6862592
13004,28,1,0.25516737
13005,2,0,0.49079815
13006,27,0,0.3473287
13007,14,1,0.608509
13008,10,1,0.5058725
13009,2,1,0.39851063
13010,11,1,0.5584063
13011,17,0,0.5062775
13012,13,1,0.6987504
13013,3,1,0.48622927
13014,11,0,0.29456007
13015,19,1,0.81146884
13016,4,0,0.68676275
13017,3,1,0.49860635
13018,28,1,0.339773
13019,25,0,0.7703288
13020,25,0,0.40890056
13021,2,0,0.55702007
13022,6,0,0.53729314
13023,10,1,0.29943138
13024,15,1,0.47613016
13025,21,0,0.5062193
13026,20,1,0.673935
13027,16,1,0.6050745
13028,26,1,0.3999302
13029,2,1,0.7785339
13030,24,1,0.5370402
13031,13,0,0.5483938
13032,8,1,0.46009973
13033,9,1,0.37431967
13034,0,0,0.6230735
13035,10,1,0.42693797
13036,13,0,0.5312013
13037,5,1,0.6790568
13038,13,1,0.45805538
13039,28,1,0.3462239
13040,1,0,0.49423876
13041,8,0,0.32500827
13042,15,0,0.4155346
13043,10,1,0.60633385
13044,2,1,0.49393654
13045,1,1,0.4408811
13046,15,1,0.68327457
13047,11,1,0.43293718
13048,6,0,0.49376175
13049,2,1,0.54068327
13050,22,0,0.4046718
13051,17,0,0.5260784
13052,24,1,0.579103
13053,18,1,0.54412067
13054,1,0,0.48647502
13055,2,0,0.5244657
13056,13,0,0.43283996
13057,20,1,0.72192365
13058,10,1,0.34668207
13059,7,1,0.26297385
13060,25,1,0.64707875
13061,11,0,0.5795602
13062,4,0,0.36292726
13063,7,0,0.3167351
13064,17,1,0.22395016
13065,16,0,0.6169757
13066,19,0,0.43142337
13067,25,0,0.48661456
13068,16,0,0.574701
13069,3,0,0.6282768
13070,16,0,0.48529235
13071,27,1,0.6475087
13072,14,1,0.68962395
13073,2,1,0.5860404
13074,13,1,0.46941838
13075,21,1,0.5162827
13076,12,1,0.5443645
13077,2,0,0.31487602
13078,13,1,0.5235163
13079,21,0,0.6115238
13080,16,0,0.41179627
13081,8,1,0.43836734
13082,13,1,0.6607856
13083,15,1,0.36474496
13084,18,1,0.49676463
13085,22,1,0.43831924
13086,10,0,0.39786786
13087,0,0,0.44010642
13088,25,1,0.65019137
13089,18,0,0.3054074
13090,18,1,0.57221836
13091,13,1,0.56221384
13092,10,1,0.5182251
13093,28,1,0.5960777
13094,25,1,0.5000554
13095,6,1,0.5201779
13096,0,0,0.4469498
13097,2,1,0.70413
13098,23,1,0.49167496
13099,5,1,0.5901404
13100,28,0,0.52813387
13101,11,0,0.67017615
13102,2,1,0.6760309
13103,2,0,0.4425215
13104,20,0,0.33191195
13105,11,0,0.2350319
13106,1,0,0.39313465
13107,27,0,0.5949396
13108,7,0,0.439522
13109,10,1,0.6971429
13110,11,1,0.67769104
13111,18,1,0.44010288
13112,11,0,0.3523444
13113,3,1,0.48686075
13114,7,1,0.2889368
13115,12,1,0.583972
13116,1,1,0.2330647
13117,8,1,0.43637902
13118,22,0,0.3451077
13119,23,0,0.41626984
13120,25,1,0.43123272
13121,3,1,0.3178797
13122,9,0,0.56480044
13123,22,0,0.56511945
13124,15,0,0.63508666
13125,4,0,0.47928914
13126,15,1,0.63934344
13127,17,1,0.6264542
13128,5,0,0.43148884
13129,17,0,0.7709973
13130,9,1,0.64243233
13131,18,1,0.54766196
13132,10,1,0.4886686
13133,10,0,0.4242231
13134,2,1,0.63219243
13135,16,0,0.4039404
13136,13,0,0.25504738
13137,22,0,0.33633173
13138,21,0,0.49081457
13139,8,1,0.4422529
13140,12,0,0.5447879
13141,21,0,0.67865515
13142,1,0,0.30992836
13143,9,0,0.46247762
13144,18,1,0.5353
13145,3,0,0.40812916
13146,14,1,0.49734154
13147,8,0,0.48815852
13148,22,0,0.36864337
13149,25,0,0.448906
13150,7,1,0.28306442
13151,13,1,0.4684884
13152,3,0,0.43875408
13153,21,1,0.7502367
13154,22,1,0.4255925
13155,4,1,0.6124821
13156,20,1,0.7165281
13157,13,1,0.60294294
13158,15,1,0.6411744
13159,3,1,0.69467866
13160,15,1,0.6731992
13161,26,1,0.5269355
13162,27,0,0.7349447
13163,26,0,0.32077345
13164,10,0,0.24827483
13165,25,1,0.68951756
13166,25,1,0.2896461
13167,18,0,0.536957
13168,26,1,0.67550075
13169,2,1,0.3325264
13170,4,0,0.49087867
13171,16,0,0.38697535
13172,7,0,0.32397082
13173,18,0,0.30728957
13174,3,1,0.71805716
13175,13,0,0.5223966
13176,25,1,0.44057775
13177,6,0,0.35895938
13178,14,0,0.42138225
13179,3,1,0.45783368
13180,17,1,0.5898742
13181,7,0,0.32089865
13182,17,1,0.55618906
13183,18,1,0.5064467
13184,15,0,0.26469073
13185,1,0,0.5233106
13186,17,0,0.49390587
13187,12,0,0.41520002
13188,18,0,0.48336393
13189,1,1,0.7521198
13190,1,1,0.30624512
13191,16,1,0.606093
13192,8,1,0.53719646
13193,8,0,0.5581192
13194,16,0,0.41295218
13195,1,1,0.3847926
13196,23,0,0.43433806
13197,11,0,0.39961624
13198,11,0,0.32980826
13199,3,1,0.34969336
13200,2,0,0.5229157
13201,22,1,0.55954635
13202,26,1,0.6910981
13203,13,1,0.43769056
13204,11,0,0.5608246
13205,7,0,0.38707832
13206,15,0,0.4982407
13207,10,0,0.38665926
13208,12,0,0.29590502
13209,14,1,0.57353675
13210,9,1,0.4945474
13211,0,0,0.7635624
13212,5,1,0.7605269
13213,9,0,0.3294538
13214,21,0,0.4121525
13215,10,1,0.58938223
13216,1,1,0.6572482
13217,2,1,0.68922377
13218,5,0,0.6958033
13219,22,0,0.26235572
13220,17,1,0.37988356
13221,10,0,0.7025779
13222,8,1,0.645483
13223,24,1,0.3570582
13224,28,1,0.6281857
13225,16,1,0.46354997
13226,1,0,0.37876642
13227,5,0,0.1864644
13228,5,0,0.50315654
13229,15,0,0.36441642
13230,11,1,0.5914091
13231,8,0,0.32538956
13232,13,0,0.39677584
13233,25,0,0.42179638
13234,15,1,0.44629332
13235,15,0,0.42595586
13236,7,0,0.48938644
13237,25,1,0.7160677
13238,8,0,0.4469419
13239,10,1,0.44916648
13240,11,0,0.2966815
13241,10,1,0.5408369
13242,10,1,0.63270235
13243,8,0,0.37632522
13244,2,0,0.46336624
13245,21,0,0.34039205
13246,6,0,0.22502717
13247,15,0,0.24628176
13248,16,0,0.396896
13249,27,0,0.57013166
13250,26,0,0.3885875
13251,15,0,0.5388263
13252,11,0,0.4100121
13253,14,0,0.4915065
13254,6,0,0.30167115
13255,19,0,0.3732402
13256,10,0,0.5073142
13257,25,1,0.68788403
13258,8,0,0.2246077
13259,2,0,0.456575
13260,10,1,0.40162784
13261,3,1,0.7449327
13262,15,1,0.3999541
13263,26,1,0.49987105
13264,13,0,0.22800107
13265,6,0,0.363932
13266,16,0,0.36666542
13267,20,1,0.6997659
13268,22,1,0.5384994
13269,11,0,0.27092478
13270,15,1,0.37498203
13271,1,0,0.3171512
13272,25,1,0.25866598
13273,4,0,0.21702576
13274,22,1,0.22333449
13275,16,0,0.37989524
13276,18,1,0.6345647
13277,22,1,0.3414964
13278,13,0,0.6363023
13279,15,1,0.6264915
13280,11,0,0.34491777
13281,26,0,0.46009165
13282,25,0,0.31622896
13283,20,1,0.6056389
13284,18,0,0.68848944
13285,2,0,0.4875193
13286,18,0,0.74607724
13287,8,0,0.7726027
13288,20,0,0.3996546
13289,11,0,0.40065658
13290,8,0,0.5870944
13291,8,1,0.30185264
13292,22,0,0.4799407
13293,6,1,0.5956099
13294,20,1,0.3491225
13295,26,1,0.6505831
13296,9,1,0.57531595
13297,17,0,0.5479005
13298,12,1,0.5814458
13299,9,0,0.6233539
13300,6,1,0.62521446
13301,25,1,0.5638482
13302,26,1,0.5407634
13303,23,1,0.62822104
13304,3,0,0.49481046
13305,7,0,0.37073657
13306,28,0,0.30460283
13307,25,1,0.40430722
13308,3,1,0.6528218
13309,2,0,0.30796662
13310,13,0,0.5643956
13311,8,0,0.4076206
13312,26,0,0.54983395
13313,25,0,0.39234996
13314,28,1,0.29618713
13315,16,0,0.26545703
13316,8,0,0.46780446
13317,20,1,0.8284929
13318,27,1,0.6015063
13319,2,0,0.5365603
13320,18,0,0.5014758
13321,17,1,0.49677768
13322,7,1,0.70538497
13323,6,1,0.6719538
13324,7,1,0.35389367
13325,0,0,0.5756043
13326,26,1,0.51154786
13327,1,0,0.6734658
13328,6,0,0.3883942
13329,16,1,0.54639906
13330,8,1,0.64248943
13331,28,1,0.5104484
13332,2,1,0.4417271
13333,20,0,0.2763734
13334,18,1,0.5474083
13335,9,1,0.42627952
13336,10,1,0.75038487
13337,11,0,0.4378858
13338,7,1,0.7212709
13339,11,0,0.35032338
13340,6,1,0.39734536
13341,16,1,0.42760605
13342,14,1,0.5807833
13343,2,0,0.42636582
13344,8,0,0.40180945
13345,21,0,0.27682728
13346,4,1,0.45826718
13347,23,0,0.33074367
13348,18,1,0.612637
13349,6,1,0.74004364
13350,3,0,0.36501652
13351,23,1,0.39777502
13352,23,1,0.4574045
13353,18,0,0.70564055
13354,28,0,0.45469677
13355,11,0,0.314467
13356,7,1,0.3077818
13357,26,0,0.56178254
13358,1,0,0.5589194
13359,10,1,0.56101286
13360,11,0,0.36022586
13361,8,1,0.64071923
13362,20,1,0.56694233
13363,2,1,0.5637474
13364,16,1,0.49357018
13365,1,1,0.2882497
13366,26,1,0.49690887
13367,15,0,0.5254251
13368,16,1,0.56675124
13369,13,1,0.5515064
13370,22,1,0.67309207
13371,25,0,0.35013232
13372,16,0,0.58106834
13373,8,1,0.72272366
13374,9,0,0.37630677
13375,11,1,0.46036282
13376,12,1,0.57821286
13377,10,0,0.4285277
13378,1,1,0.58084106
13379,15,0,0.28971374
13380,25,0,0.3876727
13381,17,1,0.61233586
13382,26,1,0.36307108
13383,18,0,0.5779945
13384,3,0,0.48072395
13385,28,1,0.5744513
13386,8,0,0.50600153
13387,20,0,0.51209706
13388,13,0,0.3837214
13389,5,1,0.3624716
13390,13,0,0.34576154
13391,16,1,0.5255222
13392,18,1,0.496647
13393,20,0,0.3712307
13394,6,1,0.7694519
13395,13,0,0.32865196
13396,1,1,0.6314018
13397,15,0,0.40536207
13398,10,1,0.542291
13399,12,0,0.43432721
13400,16,1,0.73193574
13401,12,1,0.47111586
13402,7,1,0.6755942
13403,26,0,0.5227858
13404,1,1,0.68992776
13405,28,1,0.42250237
13406,17,1,0.28428268
13407,2,0,0.40157378
13408,15,0,0.5147782
13409,0,1,0.38122585
13410,22,1,0.57761246
13411,18,0,0.42655963
13412,0,0,0.3593968
13413,14,1,0.6303008
13414,10,1,0.6732465
13415,22,0,0.6125661
13416,26,0,0.48464042
13417,13,0,0.51651746
13418,0,0,0.64200675
13419,20,1,0.68405133
13420,4,0,0.3785309
13421,18,1,0.6276136
13422,28,0,0.37782434
13423,28,1,0.67144626
13424,19,0,0.54761386
13425,19,0,0.7252903
13426,24,0,0.37263197
13427,21,0,0.35592195
13428,24,1,0.5496399
13429,7,1,0.59733623
13430,1,0,0.3837676
13431,1,0,0.50542563
13432,27,1,0.649965
13433,3,1,0.27894184
13434,12,1,0.746543
13435,4,0,0.33033827
13436,15,0,0.41897875
13437,7,0,0.43335217
13438,6,0,0.6796315
13439,17,1,0.577226
13440,22,1,0.6680314
13441,2,0,0.57722604
13442,20,0,0.2901772
13443,2,0,0.4336218
13444,14,0,0.6990185
13445,25,1,0.6295059
13446,19,0,0.45059556
13447,18,1,0.53960043
13448,10,0,0.43122616
13449,4,1,0.63208973
13450,11,0,0.62634933
13451,2,1,0.42221546
13452,4,1,0.578146
13453,27,0,0.42594332
13454,20,0,0.37249473
13455,0,1,0.43906623
13456,2,1,0.41962528
13457,13,0,0.33028015
13458,16,1,0.54618746
13459,25,0,0.22777247
13460,2,0,0.516809
13461,15,1,0.4441568
13462,23,1,0.45862183
13463,3,1,0.41044438
13464,10,0,0.5340888
13465,22,1,0.568594
13466,8,0,0.28820297
13467,1,0,0.5638893
13468,6,1,0.4894021
13469,20,0,0.34900454
13470,2,1,0.48821518
13471,24,0,0.5519917
13472,15,1,0.42870566
13473,25,0,0.34077424
13474,0,1,0.6741964
13475,20,0,0.5346772
13476,13,0,0.4863198
13477,13,0,0.38805917
13478,7,1,0.40012062
13479,20,1,0.57827055
13480,21,0,0.696829
13481,28,0,0.38031453
13482,24,1,0.51751465
13483,26,0,0.42079115
13484,6,0,0.48930752
13485,19,0,0.33139813
13486,17,1,0.5167132
13487,18,1,0.358469
13488,16,0,0.6024139
13489,19,0,0.51670057
13490,0,1,0.39293444
13491,7,1,0.28131637
13492,9,0,0.47012237
13493,25,1,0.5241586
13494,22,1,0.5171719
13495,16,1,0.36280096
13496,21,0,0.5294832
13497,15,0,0.53604287
13498,1,0,0.71354026
13499,11,0,0.4659946
13500,4,1,0.33251482
13501,14,0,0.4027139
13502,15,1,0.48172617
13503,8,0,0.39803544
13504,28,1,0.47713393
13505,1,0,0.58535445
13506,10,0,0.5160251
13507,9,0,0.30316216
13508,8,0,0.32687157
13509,1,0,0.6970066
13510,15,1,0.6906149
13511,7,0,0.7197223
13512,15,1,0.4575151
13513,15,1,0.6434388
13514,17,1,0.31284282
13515,23,0,0.6034081
13516,3,1,0.4254794
13517,24,1,0.40013707
13518,15,1,0.5503649
13519,25,1,0.30259073
13520,11,1,0.3086883
13521,28,1,0.5853595
13522,17,1,0.6324172
13523,9,1,0.4890761
13524,2,1,0.52415574
13525,26,0,0.6506035
13526,25,1,0.77823263
13527,14,1,0.6439237
13528,6,0,0.6849472
13529,7,0,0.5222312
13530,18,0,0.4987521
13531,15,0,0.30195236
13532,2,1,0.5736548
13533,19,1,0.23178585
13534,16,1,0.52898633
13535,24,1,0.750678
13536,2,1,0.6226548
13537,16,1,0.31936908
13538,3,1,0.43013632
13539,4,0,0.5324798
13540,22,0,0.4118252
13541,13,1,0.75683516
13542,28,1,0.46987626
13543,16,1,0.5940439
13544,6,0,0.3131679
13545,17,1,0.4993873
13546,10,1,0.7385284
13547,6,0,0.5419364
13548,26,1,0.4920588
13549,15,0,0.779209
13550,14,1,0.5825151
13551,11,0,0.2916382
13552,16,0,0.23992454
13553,10,0,0.4028549
13554,2,1,0.3404544
13555,27,1,0.70787966
13556,11,1,0.6952867
13557,16,1,0.36581182
13558,27,1,0.42409536
13559,17,0,0.42914346
13560,10,1,0.28666106
13561,13,0,0.44701916
13562,13,1,0.36960894
13563,4,1,0.36611915
13564,24,0,0.49496645
13565,2,1,0.6897665
13566,27,1,0.4514403
13567,13,1,0.68723905
13568,28,1,0.39355466
13569,11,0,0.42121032
13570,4,1,0.508646
13571,14,1,0.48984903
13572,15,0,0.3843205
13573,19,0,0.5979933
13574,15,0,0.70168585
13575,9,0,0.620819
13576,20,1,0.77333623
13577,25,0,0.731662
13578,26,1,0.6492983
13579,17,0,0.37646475
13580,13,0,0.45980555
13581,13,0,0.41100207
13582,1,1,0.76889
13583,22,0,0.24077496
13584,9,0,0.5930459
13585,14,0,0.39055967
13586,18,0,0.6716019
13587,26,0,0.33499557
13588,0,1,0.59964603
13589,7,1,0.47300652
13590,6,1,0.6872516
13591,8,0,0.53130436
13592,28,1,0.4889268
13593,3,0,0.5447885
13594,17,0,0.7381908
13595,20,1,0.6974499
13596,25,0,0.51116204
13597,2,1,0.39223987
13598,16,0,0.5592556
13599,21,1,0.5805793
13600,5,1,0.31271154
13601,10,1,0.30792806
13602,16,0,0.4094457
13603,27,1,0.54101014
13604,21,1,0.4099243
13605,8,0,0.423562
13606,22,0,0.5997612
13607,10,0,0.35300568
13608,23,0,0.5164427
13609,8,1,0.57648593
13610,23,1,0.5904418
13611,28,0,0.5934061
13612,10,1,0.73998576
13613,16,0,0.38794473
13614,8,1,0.41274014
13615,14,0,0.2722444
13616,17,0,0.6252199
13617,1,1,0.47240713
13618,25,0,0.34382755
13619,15,1,0.43015477
13620,5,0,0.34958163
13621,0,0,0.33211884
13622,13,0,0.6344425
13623,16,1,0.5075802
13624,9,1,0.52753913
13625,25,0,0.28129494
13626,7,0,0.41313472
13627,23,0,0.5335351
13628,11,1,0.51462805
13629,13,1,0.47306052
13630,15,1,0.46387583
13631,15,0,0.3521705
13632,26,1,0.4066837
13633,7,1,0.461851
13634,27,0,0.33928636
13635,12,0,0.26135576
13636,9,1,0.47417986
13637,3,0,0.26193747
13638,28,1,0.66066456
13639,11,0,0.52030903
13640,22,0,0.23469932
13641,2,0,0.35926166
13642,13,1,0.65812486
13643,4,0,0.20808452
13644,14,1,0.62408656
13645,14,1,0.523528
13646,27,1,0.6081459
13647,19,1,0.49179712
13648,14,1,0.55379045
13649,25,0,0.4581056
13650,11,1,0.46955115
13651,17,1,0.69369274
13652,14,1,0.54455644
13653,26,1,0.23946641
13654,5,1,0.4555277
13655,15,1,0.5682967
13656,1,1,0.634204
13657,26,1,0.6784647
13658,19,0,0.3252496
13659,25,1,0.2054755
13660,13,1,0.5261182
13661,0,0,0.22596641
13662,8,0,0.5496128
13663,21,0,0.46133453
13664,28,0,0.42508087
13665,25,1,0.49223936
13666,8,1,0.70247203
13667,2,1,0.5020531
13668,11,1,0.52874887
13669,5,1,0.4826698
13670,24,1,0.53432196
13671,19,1,0.32596236
13672,16,0,0.55695945
13673,1,1,0.400105
13674,13,0,0.27702323
13675,24,0,0.48786283
13676,15,1,0.7529294
13677,23,1,0.50517696
13678,26,1,0.53894633
13679,25,1,0.39996475
13680,13,1,0.43513125
13681,21,0,0.2794326
13682,12,0,0.6382667
13683,22,1,0.5528863
13684,23,0,0.49773833
13685,19,1,0.47286573
13686,2,1,0.4357264
13687,25,0,0.28032848
13688,10,0,0.54989964
13689,15,0,0.4184179
13690,12,1,0.754482
13691,6,0,0.39860457
13692,25,1,0.6097708
13693,16,1,0.3582345
13694,10,0,0.47488296
13695,16,1,0.71888393
13696,14,1,0.43889973
13697,0,1,0.6700732
13698,16,1,0.5475149
13699,9,1,0.480241
13700,8,1,0.35041225
13701,23,0,0.48656237
13702,11,0,0.32064226
13703,20,1,0.46543533
13704,25,0,0.3922996
13705,27,0,0.48893735
13706,7,1,0.5674568
13707,11,1,0.5875589
13708,3,0,0.22073439
13709,27,0,0.4397113
13710,7,0,0.23325753
13711,20,0,0.45714092
13712,27,1,0.38904482
13713,3,1,0.61239946
13714,16,0,0.32382372
13715,24,0,0.53182065
13716,15,0,0.4080216
13717,13,1,0.6378603
13718,18,0,0.374369
13719,26,0,0.2727739
13720,22,0,0.42352366
13721,15,0,0.50385994
13722,12,1,0.62077683
13723,6,0,0.24449319
13724,6,0,0.21177329
13725,13,1,0.6210339
13726,12,0,0.4306756
13727,6,0,0.4547155
13728,12,0,0.40820247
13729,22,1,0.42756203
13730,17,0,0.37478456
13731,19,1,0.73902476
13732,9,0,0.46120673
13733,2,0,0.6423256
13734,25,0,0.30147877
13735,18,1,0.3921234
13736,9,1,0.35808346
13737,13,1,0.30940825
13738,14,0,0.41383582
13739,2,0,0.44831353
13740,2,1,0.67617524
13741,14,1,0.3185035
13742,2,1,0.4062902
13743,27,1,0.67644316
13744,27,1,0.7287003
13745,2,0,0.40707138
13746,15,0,0.58481604
13747,17,0,0.56879747
13748,2,1,0.474079
13749,16,0,0.4079575
13750,27,1,0.5798339
13751,16,1,0.32266384
13752,18,0,0.541813
13753,23,0,0.39336124
13754,25,0,0.3275891
13755,16,1,0.471989
13756,25,1,0.6613805
13757,9,0,0.55002433
13758,15,0,0.6475013
13759,9,0,0.3318161
13760,15,0,0.32349563
13761,10,0,0.29105818
13762,28,0,0.45047942
13763,12,0,0.47858942
13764,10,0,0.4132349
13765,9,0,0.5119529
13766,16,1,0.59364736
13767,27,1,0.42058498
13768,16,1,0.4543504
13769,28,0,0.75865394
13770,10,0,0.3638421
13771,10,0,0.36245638
13772,12,1,0.3042976
13773,28,0,0.67536
13774,10,1,0.3671632
13775,25,1,0.50473183
13776,12,0,0.26400638
13777,16,1,0.6440271
13778,20,0,0.5128854
13779,25,0,0.5725476
13780,14,1,0.5572684
13781,15,0,0.31431547
13782,11,0,0.33346665
13783,25,0,0.57146573
13784,8,0,0.5049725
13785,24,0,0.47235376
13786,14,0,0.43348646
13787,9,1,0.5059515
13788,14,1,0.6265762
13789,1,1,0.7001002
13790,15,1,0.48274952
13791,13,1,0.5668514
13792,26,1,0.45296356
13793,3,1,0.7293809
13794,17,0,0.61685884
13795,12,1,0.66738445
13796,1,1,0.45964321
13797,6,1,0.71901864
13798,20,1,0.65318775
13799,23,1,0.54006785
13800,16,0,0.47788468
13801,3,0,0.4213294
13802,8,1,0.36635387
13803,26,0,0.38389224
13804,5,1,0.703247
13805,2,1,0.7806691
13806,8,0,0.3567287
13807,3,0,0.23727447
13808,10,0,0.356828
13809,21,0,0.37911075
13810,20,0,0.5468436
13811,17,0,0.41312194
13812,25,0,0.29940388
13813,1,1,0.3674395
13814,28,1,0.586689
13815,16,0,0.2594399
13816,20,0,0.22189176
13817,7,0,0.3453843
13818,25,0,0.4554879
13819,14,1,0.69672835
13820,27,0,0.23930569
13821,6,0,0.4211289
13822,8,1,0.22926143
13823,17,0,0.45226625
13824,16,1,0.49970657
13825,25,0,0.5623878
13826,25,1,0.47000006
13827,7,0,0.42258477
13828,8,0,0.2955767
13829,15,0,0.4577231
13830,28,0,0.4371204
13831,16,0,0.36290598
13832,10,1,0.5256961
13833,21,0,0.6800526
13834,14,0,0.26664788
13835,11,1,0.64363205
13836,11,1,0.38094127
13837,16,1,0.63063574
13838,25,1,0.47049618
13839,7,0,0.31791943
13840,25,0,0.21301039
13841,18,1,0.6152161
13842,22,1,0.56893295
13843,7,0,0.31907538
13844,26,1,0.48090354
13845,11,1,0.6125831
13846,26,0,0.37397167
13847,23,0,0.4266977
13848,13,0,0.29556063
13849,18,0,0.5126515
13850,4,0,0.3641341
13851,22,1,0.77268964
13852,12,1,0.5283063
13853,23,1,0.51446563
13854,4,0,0.2084599
13855,24,0,0.4995492
13856,17,0,0.32618108
13857,17,1,0.31868014
13858,13,1,0.5885094
13859,19,0,0.4142562
13860,7,1,0.4794346
13861,8,0,0.48390594
13862,24,0,0.49272686
13863,18,0,0.34502807
13864,26,0,0.434772
13865,0,0,0.6521411
13866,25,0,0.4494865
13867,12,1,0.4990434
13868,5,0,0.4020037
13869,18,1,0.38811255
13870,0,0,0.34522516
13871,20,1,0.31489983
13872,16,0,0.48793292
13873,12,1,0.47854343
13874,10,1,0.47386146
13875,10,1,0.72764516
13876,17,0,0.44129637
13877,3,0,0.3639402
13878,23,0,0.42501372
13879,19,1,0.74061954
13880,18,1,0.7083074
13881,21,1,0.3464496
13882,17,1,0.4480666
13883,28,0,0.641901
13884,1,0,0.2528861
13885,18,0,0.5035029
13886,10,0,0.42380834
13887,21,0,0.37544334
13888,26,1,0.3562694
13889,1,0,0.52290946
13890,15,1,0.53634953
13891,3,1,0.45038325
13892,9,0,0.35753185
13893,10,0,0.21129654
13894,1,0,0.3917522
13895,2,1,0.43192682
13896,23,0,0.4661642
13897,11,1,0.43860763
13898,14,0,0.3869878
13899,27,1,0.19906801
13900,11,1,0.6343741
13901,11,1,0.45417368
13902,28,0,0.5461673
13903,22,1,0.6197389
13904,21,0,0.4745231
13905,14,1,0.3923793
13906,18,0,0.41752225
13907,13,1,0.43511328
13908,4,0,0.46354377
13909,14,0,0.66695017
13910,9,0,0.27805996
13911,11,0,0.7168928
13912,18,1,0.40550825
13913,2,0,0.80899733
13914,16,1,0.32672742
13915,20,1,0.64694446
13916,16,0,0.69323415
13917,5,1,0.5107253
13918,19,0,0.38035625
13919,9,1,0.7174057
13920,21,1,0.59829
13921,21,0,0.32809433
13922,26,0,0.36870015
13923,14,0,0.15036115
13924,0,1,0.55902904
13925,18,0,0.23395392
13926,25,1,0.80097705
13927,5,0,0.3656268
13928,13,0,0.3277157
13929,13,1,0.45879883
13930,9,1,0.6153967
13931,20,1,0.51467854
13932,15,1,0.47960916
13933,3,0,0.6032031
13934,12,0,0.48138902
13935,13,1,0.55485904
13936,26,1,0.43757665
13937,25,0,0.62227875
13938,19,1,0.23651494
13939,6,1,0.43442383
13940,16,0,0.643334
13941,25,0,0.6008258
13942,24,1,0.5375293
13943,7,1,0.5900202
13944,13,0,0.48437548
13945,2,1,0.511472
13946,25,0,0.4460438
13947,7,1,0.6293187
13948,17,0,0.51463455
13949,28,1,0.61594623
13950,15,1,0.51542705
13951,14,0,0.49608895
13952,24,0,0.40975645
13953,11,0,0.46645492
13954,26,0,0.28861508
13955,16,0,0.5928485
13956,20,0,0.6204734
13957,18,0,0.37763178
13958,6,0,0.60497946
13959,7,0,0.51317686
13960,10,0,0.33048993
13961,1,0,0.64696294
13962,2,1,0.35251632
13963,16,1,0.35113248
13964,4,0,0.32399032
13965,19,1,0.6076228
13966,4,1,0.5433434
13967,7,0,0.3596484
13968,6,1,0.18488146
13969,17,1,0.43347016
13970,20,1,0.7647699
13971,11,0,0.7385284
13972,28,1,0.36816296
13973,11,0,0.40674105
13974,19,1,0.63557136
13975,25,1,0.54700196
13976,23,1,0.4353474
13977,14,1,0.49926913
13978,23,1,0.5300057
13979,13,0,0.37061277
13980,16,0,0.4276985
13981,17,0,0.37175182
13982,24,1,0.55723256
13983,7,1,0.46998194
13984,25,1,0.32145676
13985,28,0,0.4079875
13986,4,0,0.6338367
13987,20,0,0.4712284
13988,3,1,0.5078287
13989,1,1,0.457874
13990,11,1,0.53851694
13991,28,1,0.43904573
13992,12,0,0.29886296
13993,15,1,0.39710808
13994,24,0,0.44364592
13995,24,1,0.38479754
13996,10,0,0.38334072
13997,14,0,0.521376
13998,11,0,0.46389
13999,15,1,0.49772304
14000,5,0,0.5487987
14001,8,0,0.58340734
14002,5,0,0.4335552
14003,9,1,0.45814154
14004,1,1,0.5065564
14005,19,1,0.5369954
14006,11,0,0.66391474
14007,20,1,0.5564909
14008,8,0,0.37023848
14009,3,0,0.4208284
14010,5,1,0.66427046
14011,21,0,0.6584695
14012,8,1,0.7587774
14013,13,0,0.3622419
14014,12,1,0.44234186
14015,16,1,0.47138217
14016,7,1,0.35596067
14017,15,0,0.33889925
14018,16,1,0.42447495
14019,22,0,0.59076625
14020,8,1,0.7430836
14021,23,1,0.57699233
14022,23,0,0.29892734
14023,15,0,0.25970206
14024,13,1,0.6162948
14025,25,0,0.73219544
14026,6,1,0.60107994
14027,11,0,0.52607346
14028,1,0,0.39151534
14029,8,0,0.5308296
14030,26,1,0.2982104
14031,18,1,0.2692351
14032,26,1,0.48076814
14033,28,1,0.30593416
14034,26,0,0.31541857
14035,11,0,0.55651665
14036,0,0,0.29536924
14037,15,0,0.42786607
14038,16,0,0.46392497
14039,2,1,0.7017623
14040,28,1,0.50018877
14041,15,1,0.3898352
14042,25,1,0.572597
14043,4,1,0.60395545
14044,4,0,0.5268721
14045,27,1,0.49513295
14046,1,0,0.55603564
14047,13,1,0.35410383
14048,25,0,0.26170108
14049,18,1,0.6433037
14050,2,0,0.3056464
14051,26,0,0.63827896
14052,26,1,0.7173037
14053,12,0,0.5657944
14054,5,1,0.45669657
14055,3,0,0.39195362
14056,2,1,0.61431795
14057,3,0,0.50442314
14058,19,0,0.583626
14059,11,1,0.23471797
14060,8,0,0.47567746
14061,2,0,0.49884954
14062,19,0,0.3369649
14063,21,0,0.4440072
14064,17,0,0.46544358
14065,15,0,0.17393099
14066,16,1,0.5772135
14067,15,1,0.45080566
14068,5,1,0.3751258
14069,11,0,0.41822457
14070,7,0,0.6347813
14071,3,0,0.3687749
14072,20,1,0.4691868
14073,15,0,0.47651798
14074,12,1,0.42946097
14075,18,0,0.71521825
14076,19,1,0.602467
14077,20,1,0.36851764
14078,11,0,0.24130182
14079,26,1,0.38856637
14080,8,0,0.46285602
14081,8,0,0.6068359
14082,20,0,0.55369234
14083,16,0,0.44676882
14084,16,1,0.3590683
14085,15,0,0.5722858
14086,20,1,0.60176194
14087,17,1,0.6973138
14088,25,1,0.5257944
14089,2,0,0.19875921
14090,18,1,0.53723514
14091,23,1,0.65766853
14092,8,1,0.52625734
14093,10,1,0.41155255
14094,2,0,0.6077513
14095,21,1,0.6853655
14096,2,0,0.24410518
14097,17,1,0.80063915
14098,13,1,0.58538944
14099,10,0,0.34154263
14100,27,0,0.4309412
14101,28,0,0.19697544
14102,6,1,0.6863144
14103,25,0,0.42833304
14104,2,1,0.6349203
14105,7,0,0.7294707
14106,20,0,0.7063955
14107,2,1,0.43802115
14108,10,0,0.7554087
14109,8,0,0.5693141
14110,3,1,0.7151965
14111,27,1,0.41049105
14112,26,1,0.36286137
14113,11,0,0.34441298
14114,16,0,0.7089782
14115,8,1,0.73195845
14116,15,1,0.5809216
14117,21,0,0.5189074
14118,26,1,0.48041126
14119,16,0,0.41546315
14120,0,1,0.66034347
14121,8,1,0.6311908
14122,8,1,0.54795676
14123,20,1,0.4500244
14124,16,1,0.5103992
14125,0,0,0.5978937
14126,12,0,0.661154
14127,25,0,0.5601414
14128,2,1,0.56714183
14129,10,0,0.71719927
14130,13,0,0.51312476
14131,12,0,0.28170004
14132,2,0,0.3117268
14133,15,1,0.59478706
14134,7,0,0.5175938
14135,1,0,0.43687445
14136,16,0,0.29133803
14137,28,0,0.4654678
14138,3,0,0.2000991
14139,10,0,0.39848563
14140,28,0,0.29667795
14141,9,0,0.42283082
14142,11,0,0.40349942
14143,23,1,0.49737644
14144,17,1,0.6561138
14145,6,1,0.4752354
14146,2,1,0.6929125
14147,28,1,0.57462925
14148,8,0,0.44924253
14149,16,0,0.4694866
14150,22,1,0.4683442
14151,23,1,0.6411982
14152,22,1,0.27736127
14153,16,0,0.6030654
14154,20,0,0.3426682
14155,6,1,0.44277108
14156,1,1,0.6840911
14157,3,1,0.69780535
14158,26,0,0.617665
14159,1,1,0.48027664
14160,5,1,0.78917277
14161,2,1,0.40396065
14162,3,1,0.4064111
14163,20,1,0.53939635
14164,9,0,0.507973
14165,11,1,0.57409394
14166,18,1,0.5200225
14167,18,0,0.5740462
14168,16,1,0.5466477
14169,14,0,0.6717605
14170,2,0,0.2031933
14171,3,0,0.3736626
14172,13,1,0.61515653
14173,4,1,0.30315536
14174,25,0,0.32039317
14175,18,1,0.70287275
14176,9,1,0.4791033
14177,8,1,0.51514983
14178,15,0,0.24953744
14179,11,1,0.6623216
14180,8,0,0.53492373
14181,7,1,0.56225044
14182,21,0,0.44151443
14183,4,0,0.4545553
14184,11,1,0.50549877
14185,3,0,0.33956906
14186,17,1,0.6034865
14187,13,1,0.497918
14188,10,0,0.4082708
14189,15,0,0.48144504
14190,22,1,0.41668785
14191,28,0,0.605173
14192,13,0,0.38978782
14193,6,1,0.3125009
14194,9,0,0.5681747
14195,16,1,0.62128145
14196,21,0,0.4665196
14197,27,1,0.49369264
14198,10,0,0.2459149
14199,16,1,0.5306851
14200,23,1,0.74637073
14201,9,1,0.74000657
14202,1,1,0.62208617
14203,17,0,0.574062
14204,2,0,0.31233534
14205,25,0,0.38826162
14206,1,0,0.4333101
14207,7,0,0.4947975
14208,4,1,0.5854363
14209,25,0,0.47880843
14210,11,1,0.44364762
14211,16,1,0.7256777
14212,4,0,0.57862496
14213,3,1,0.38536796
14214,5,0,0.70442426
14215,26,1,0.56575155
14216,22,1,0.53646904
14217,0,1,0.6554967
14218,16,1,0.50335014
14219,8,0,0.50684357
14220,28,0,0.3981575
14221,7,0,0.49240723
14222,19,0,0.5373601
14223,25,1,0.47343796
14224,8,0,0.3579657
14225,25,0,0.3133033
14226,25,0,0.7066778
14227,1,1,0.7279531
14228,12,0,0.23977986
14229,28,0,0.36076036
14230,6,0,0.48866335
14231,11,0,0.33568352
14232,3,1,0.6408207
14233,2,0,0.4167304
14234,20,1,0.5339427
14235,23,0,0.5854463
14236,19,0,0.28378665
14237,11,1,0.32391056
14238,20,1,0.31222898
14239,18,0,0.44667727
14240,0,1,0.5787966
14241,26,0,0.38265592
14242,20,1,0.5004037
14243,2,1,0.5864795
14244,10,1,0.43884858
14245,24,0,0.54511523
14246,25,1,0.5722614
14247,15,1,0.20225056
14248,7,1,0.31226847
14249,23,1,0.7989895
14250,21,0,0.47521326
14251,12,0,0.62140304
14252,11,1,0.58127123
14253,0,0,0.60615885
14254,15,0,0.28703862
14255,17,1,0.76410544
14256,8,0,0.35022366
14257,3,1,0.7079474
14258,11,1,0.3977988
14259,8,1,0.31746346
14260,15,1,0.52052206
14261,15,0,0.45570785
14262,1,0,0.33413544
14263,17,1,0.4264761
14264,12,0,0.38561213
14265,22,0,0.6314982
14266,25,1,0.6831511
14267,16,1,0.37297395
14268,8,1,0.56760174
14269,7,0,0.53848684
14270,28,1,0.5084358
14271,21,1,0.386458
14272,13,1,0.4935482
14273,1,1,0.27518362
14274,13,1,0.4544587
14275,2,1,0.66294986
14276,14,1,0.6921187
14277,16,1,0.7143051
14278,25,0,0.3290429
14279,28,1,0.73691076
14280,12,0,0.30607527
14281,20,1,0.6377434
14282,6,1,0.69437444
14283,10,0,0.35930696
14284,7,1,0.6435276
14285,20,1,0.7494473
14286,13,1,0.4235958
14287,12,1,0.345469
14288,18,1,0.5094962
14289,7,1,0.5983909
14290,5,0,0.53991467
14291,26,0,0.23067155
14292,26,0,0.45808908
14293,4,0,0.36558142
14294,12,0,0.5674289
14295,3,1,0.7563082
14296,11,1,0.74795216
14297,18,0,0.2436265
14298,13,1,0.35350227
14299,11,0,0.67329466
14300,15,0,0.5579545
14301,14,0,0.46490508
14302,16,0,0.46060267
14303,15,1,0.4452962
14304,3,1,0.38705325
14305,17,1,0.6891011
14306,6,0,0.6894665
14307,6,1,0.5609192
14308,22,1,0.4475976
14309,22,1,0.5192213
14310,1,1,0.5011336
14311,14,1,0.67717725
14312,22,0,0.76528925
14313,19,0,0.4812739
14314,22,1,0.63590604
14315,27,1,0.48589894
14316,10,1,0.506284
14317,1,1,0.59510994
14318,2,1,0.6277621
14319,27,1,0.37403268
14320,13,0,0.2698057
14321,12,0,0.42725688
14322,13,1,0.2574224
14323,17,1,0.4271517
14324,23,1,0.54640293
14325,21,1,0.53188175
14326,7,0,0.50881904
14327,0,0,0.35019895
14328,12,0,0.52252805
14329,16,1,0.55720997
14330,20,0,0.4180645
14331,15,1,0.6973325
14332,8,0,0.23996496
14333,7,0,0.4343533
14334,8,1,0.26264435
14335,17,0,0.36924407
14336,18,1,0.39962742
14337,3,1,0.5905392
14338,15,1,0.62021506
14339,19,1,0.56839734
14340,24,1,0.5213513
14341,2,1,0.57849634
14342,3,0,0.59490865
14343,18,1,0.6325286
14344,1,0,0.4322996
14345,5,1,0.52761894
14346,26,1,0.659174
14347,22,1,0.26882854
14348,0,1,0.7275332
14349,17,1,0.43658468
14350,1,0,0.39973742
14351,12,1,0.75865656
14352,9,1,0.15659764
14353,15,1,0.27944365
14354,19,0,0.4287269
14355,19,0,0.6673983
14356,9,1,0.66963035
14357,8,1,0.7695397
14358,10,1,0.28665972
14359,5,1,0.629278
14360,26,1,0.6243269
14361,12,0,0.6231499
14362,18,0,0.49282297
14363,2,0,0.70274645
14364,13,0,0.51536447
14365,13,0,0.5215057
14366,18,1,0.7351257
14367,1,0,0.51567197
14368,24,1,0.6055444
14369,1,1,0.54100525
14370,20,1,0.4515447
14371,20,0,0.4230861
14372,25,1,0.6650478
14373,25,1,0.558297
14374,16,0,0.5582775
14375,22,0,0.3803839
14376,13,0,0.65320414
14377,2,1,0.6668951
14378,17,1,0.48426858
14379,1,0,0.7137092
14380,12,0,0.45237827
14381,10,0,0.4551669
14382,8,1,0.51567125
14383,8,0,0.20228694
14384,13,1,0.35357058
14385,2,1,0.5011194
14386,3,0,0.49947068
14387,11,0,0.23887984
14388,26,0,0.34144738
14389,5,0,0.75276566
14390,17,1,0.536824
14391,6,0,0.42101404
14392,15,1,0.4591302
14393,6,0,0.3929451
14394,25,0,0.5939394
14395,12,0,0.3077512
14396,13,0,0.51374716
14397,2,0,0.43583733
14398,19,1,0.60918397
14399,3,0,0.5197556
14400,13,1,0.58179504
14401,11,0,0.33673334
14402,10,0,0.21008798
14403,18,0,0.62136215
14404,26,1,0.34191093
14405,26,0,0.24724685
14406,0,1,0.38600624
14407,13,1,0.35710764
14408,16,1,0.50654733
14409,3,1,0.73618793
14410,20,0,0.31525353
14411,13,0,0.38383064
14412,9,0,0.37018323
14413,17,0,0.3101058
14414,17,1,0.57792956
14415,17,0,0.25914142
14416,24,0,0.35149387
14417,25,0,0.58722824
14418,3,1,0.3370189
14419,25,0,0.367427
14420,10,1,0.63255566
14421,6,0,0.45799536
14422,0,0,0.29565728
14423,6,1,0.3238323
14424,6,1,0.29430053
14425,11,0,0.6383302
14426,8,0,0.21719278
14427,6,0,0.21263215
14428,21,0,0.7439819
14429,0,0,0.48421374
14430,28,0,0.23304407
14431,26,1,0.44178396
14432,9,1,0.46731052
14433,4,1,0.6005744
14434,23,1,0.23113939
14435,6,0,0.34258696
14436,21,1,0.4100367
14437,18,0,0.2860828
14438,12,1,0.5727705
14439,11,1,0.49177745
14440,8,0,0.39370975
14441,5,0,0.5271057
14442,25,0,0.680362
14443,24,0,0.24639226
14444,15,0,0.67262286
14445,18,1,0.524214
14446,8,1,0.43278715
14447,10,1,0.70319337
14448,5,1,0.42081153
14449,17,0,0.40770102
14450,27,0,0.32459062
14451,16,0,0.32227737
14452,21,0,0.500516
14453,25,0,0.37440914
14454,10,1,0.4507232
14455,3,0,0.24146895
14456,20,0,0.64021933
14457,16,0,0.685291
14458,8,1,0.3422003
14459,23,1,0.3229792
14460,16,0,0.21911858
14461,6,1,0.55104774
14462,18,0,0.3878275
14463,5,1,0.29230332
14464,27,1,0.53644603
14465,5,0,0.5861339
14466,9,0,0.35385534
14467,20,0,0.6492377
14468,12,0,0.5489261
14469,21,1,0.65525293
14470,16,1,0.3674097
14471,8,1,0.37914312
14472,1,0,0.3915904
14473,20,0,0.53727293
14474,3,0,0.6083008
14475,1,0,0.7081248
14476,2,0,0.5647045
14477,2,0,0.52939737
14478,17,0,0.39400932
14479,26,1,0.3513311
14480,1,1,0.5135416
14481,26,0,0.5890583
14482,12,0,0.4154318
14483,13,1,0.65373254
14484,25,0,0.512437
14485,6,0,0.4855791
14486,23,0,0.66975874
14487,1,1,0.30793202
14488,8,1,0.4488967
14489,26,0,0.25201583
14490,16,1,0.42579857
14491,14,0,0.27996674
14492,14,0,0.37283856
14493,6,0,0.34498772
14494,8,1,0.7115489
14495,5,0,0.48817256
14496,8,1,0.5253799
14497,10,0,0.41095373
14498,2,0,0.50370896
14499,7,0,0.23716523
14500,12,1,0.5745765
14501,26,0,0.52350986
14502,12,0,0.31462133
14503,27,1,0.77046686
14504,3,1,0.43033147
14505,16,1,0.7085295
14506,27,0,0.66820765
14507,2,1,0.699903
14508,4,1,0.47486806
14509,27,0,0.516643
14510,11,1,0.5827915
14511,8,0,0.45485428
14512,26,1,0.55164766
14513,23,0,0.26732278
14514,8,1,0.649368
14515,10,0,0.3644042
14516,1,1,0.56108755
14517,20,1,0.32158983
14518,13,1,0.6266562
14519,5,0,0.17677552
14520,4,1,0.4201706
14521,20,1,0.5851886
14522,27,0,0.64994335
14523,13,0,0.55415404
14524,10,1,0.44861072
14525,20,0,0.5477696
14526,11,1,0.54014355
14527,7,1,0.46073222
14528,25,0,0.75805503
14529,23,0,0.6514771
14530,12,0,0.13872403
14531,2,0,0.45560092
14532,6,0,0.43782654
14533,22,1,0.5558988
14534,16,0,0.37170216
14535,15,1,0.46968344
14536,20,1,0.4774284
14537,17,1,0.3626295
14538,8,0,0.41199902
14539,18,0,0.39613444
14540,7,1,0.47939605
14541,6,0,0.33745405
14542,20,0,0.28354156
14543,16,1,0.32170644
14544,28,0,0.5758054
14545,13,1,0.70287794
14546,17,1,0.3364752
14547,22,0,0.37665954
14548,20,1,0.70429057
14549,10,1,0.32156911
14550,8,1,0.35747486
14551,18,0,0.55311877
14552,8,0,0.45962146
14553,15,0,0.34483024
14554,23,1,0.46820676
14555,5,1,0.41383472
14556,20,0,0.58494115
14557,8,0,0.45094928
14558,12,1,0.31588462
14559,24,0,0.54407054
14560,9,1,0.42954943
14561,26,0,0.556639
14562,11,1,0.7931591
14563,7,1,0.55884075
14564,8,1,0.6630253
14565,16,0,0.5755799
14566,21,1,0.4239539
14567,26,0,0.4134747
14568,8,1,0.5757201
14569,9,1,0.34504378
14570,7,0,0.3379699
14571,10,1,0.44305134
14572,11,0,0.50912845
14573,13,1,0.36019427
14574,0,1,0.786574
14575,12,1,0.32040855
14576,11,0,0.41968498
14577,16,0,0.48684442
14578,8,1,0.6901682
14579,17,0,0.48097664
14580,11,0,0.52117944
14581,8,1,0.5285564
14582,11,1,0.5877205
14583,18,0,0.43853226
14584,13,0,0.34363526
14585,28,0,0.4422093
14586,18,1,0.48270863
14587,28,1,0.52467614
14588,2,1,0.7564858
14589,2,0,0.2669808
14590,3,1,0.6733119
14591,17,1,0.5965753
14592,10,0,0.5614104
14593,19,0,0.4870613
14594,4,0,0.34239405
14595,27,1,0.3312459
14596,9,1,0.6324296
14597,21,0,0.45351702
14598,0,0,0.68088603
14599,6,1,0.4248857
14600,10,0,0.680533
14601,3,1,0.6803574
14602,11,1,0.7151621
14603,1,0,0.31438857
14604,28,1,0.41654813
14605,25,1,0.46438578
14606,24,1,0.45920372
14607,16,1,0.4219682
14608,15,0,0.6634989
14609,13,0,0.5475186
14610,16,0,0.41715395
14611,0,0,0.49809766
14612,0,1,0.5750567
14613,13,0,0.32562408
14614,8,0,0.6465228
14615,11,1,0.36232704
14616,14,1,0.4766053
14617,11,1,0.45136967
14618,20,1,0.24116355
14619,28,1,0.32856688
14620,17,1,0.5980674
14621,3,1,0.5890054
14622,4,1,0.3333608
14623,18,0,0.4127126
14624,1,1,0.4397111
14625,13,1,0.23859449
14626,6,0,0.3016471
14627,28,0,0.502124
14628,15,1,0.4751975
14629,19,1,0.46191627
14630,25,1,0.40826404
14631,27,1,0.50765944
14632,9,0,0.49515095
14633,13,1,0.34229073
14634,26,1,0.5244968
14635,12,0,0.36464053
14636,12,0,0.5458105
14637,2,0,0.4319722
14638,14,0,0.38336033
14639,15,1,0.6397995
14640,1,0,0.23008475
14641,18,1,0.33987498
14642,1,0,0.21678604
14643,26,1,0.5270899
14644,16,1,0.5104349
14645,16,0,0.76126444
14646,20,1,0.459639
14647,21,0,0.70213795
14648,24,0,0.57383883
14649,2,0,0.32849833
14650,21,0,0.5678463
14651,0,1,0.42071873
14652,28,1,0.4668056
14653,10,0,0.53717464
14654,19,1,0.52995056
14655,16,0,0.35703868
14656,4,0,0.34391496
14657,1,0,0.3648476
14658,2,0,0.48966685
14659,5,0,0.23490617
14660,11,1,0.68262446
14661,15,0,0.3839653
14662,23,0,0.6131203
14663,12,1,0.6806127
14664,12,0,0.22482906
14665,3,1,0.47484028
14666,19,1,0.32951897
14667,3,1,0.52570397
14668,25,1,0.446227
14669,2,0,0.17359051
14670,2,0,0.4725847
14671,14,1,0.3487745
14672,15,0,0.33936352
14673,11,1,0.46311414
14674,27,0,0.65164584
14675,2,1,0.5345302
14676,4,1,0.5285927
14677,21,0,0.38240772
14678,15,0,0.5543619
14679,24,1,0.40874484
14680,28,0,0.35294697
14681,16,0,0.4455424
14682,12,0,0.51595825
14683,6,0,0.30091193
14684,2,1,0.44051102
14685,28,0,0.3085098
14686,11,0,0.6225197
14687,12,0,0.53763086
14688,15,0,0.5318329
14689,0,1,0.63064253
14690,6,1,0.46036544
14691,21,0,0.5262859
14692,16,1,0.3564635
14693,5,0,0.3815944
14694,28,1,0.59975606
14695,11,1,0.41747013
14696,11,1,0.5862666
14697,7,0,0.49687874
14698,16,0,0.42428103
14699,10,0,0.41104382
14700,2,1,0.49328747
14701,20,1,0.67965245
14702,16,1,0.51048833
14703,16,0,0.5509721
14704,25,0,0.25326392
14705,13,1,0.52063316
14706,1,1,0.5428403
14707,25,1,0.40043876
14708,24,1,0.6576607
14709,8,1,0.42547318
14710,16,0,0.5562868
14711,4,0,0.2722698
14712,15,0,0.46223757
14713,25,1,0.42398506
14714,24,1,0.28826532
14715,6,0,0.3704142
14716,9,0,0.2951912
14717,10,1,0.4596008
14718,13,1,0.6607036
14719,2,1,0.5171652
14720,12,0,0.28196204
14721,9,0,0.37297302
14722,7,1,0.54749835
14723,8,0,0.44924787
14724,1,0,0.29495913
14725,2,1,0.76686585
14726,5,1,0.5870659
14727,16,0,0.44939613
14728,16,0,0.3765624
14729,12,0,0.27368084
14730,11,1,0.425452
14731,2,0,0.6413918
14732,22,0,0.53560543
14733,24,0,0.719928
14734,12,1,0.7350451
14735,20,0,0.5030302
14736,4,1,0.50246775
14737,16,1,0.56707615
14738,9,1,0.71434516
14739,27,1,0.6607865
14740,11,0,0.42579764
14741,25,1,0.58102226
14742,15,0,0.22509995
14743,9,1,0.5968225
14744,6,1,0.2532816
14745,13,0,0.49724916
14746,25,1,0.5041442
14747,20,0,0.4079659
14748,15,1,0.67165875
14749,5,1,0.4497541
14750,28,1,0.7592781
14751,28,0,0.41926327
14752,18,0,0.5315719
14753,25,1,0.3600704
14754,27,0,0.42748943
14755,20,0,0.4640378
14756,16,0,0.67306125
14757,28,1,0.38319543
14758,13,0,0.592555
14759,12,0,0.23490122
14760,17,1,0.47033682
14761,11,1,0.54423755
14762,16,1,0.35102913
14763,11,1,0.4657716
14764,26,0,0.6467104
14765,1,1,0.6549367
14766,5,1,0.5932554
14767,15,1,0.3097072
14768,13,1,0.52707595
14769,26,0,0.6573101
14770,1,0,0.5863988
14771,25,1,0.581146
14772,21,0,0.36969456
14773,6,0,0.31919387
14774,22,1,0.702481
14775,26,1,0.4748938
14776,27,1,0.34269726
14777,9,0,0.35460272
14778,24,1,0.64626074
14779,28,1,0.5996267
14780,14,0,0.40361428
14781,17,0,0.21624431
14782,12,0,0.29119486
14783,27,1,0.39065105
14784,6,1,0.5985683
14785,1,0,0.38984987
14786,21,1,0.75187165
14787,1,0,0.6837897
14788,25,1,0.40443832
14789,13,1,0.44315723
14790,8,1,0.40989974
14791,27,0,0.64304894
14792,11,1,0.32499117
14793,13,1,0.5520429
14794,10,1,0.60735697
14795,6,1,0.7477007
14796,5,0,0.57277304
14797,18,1,0.4754457
14798,17,1,0.69212717
14799,1,0,0.31190765
14800,5,0,0.61468
14801,23,1,0.5196572
14802,16,1,0.6400543
14803,27,0,0.35247454
14804,8,1,0.57546806
14805,27,0,0.48401338
14806,10,0,0.76008373
14807,27,0,0.47208995
14808,13,1,0.25976455
14809,17,0,0.60855806
14810,3,0,0.31621233
14811,16,0,0.5361159
14812,8,1,0.43938434
14813,26,0,0.4286037
14814,2,1,0.5482868
14815,22,0,0.29935542
14816,5,1,0.4652722
14817,8,0,0.31861863
14818,1,1,0.5212513
14819,8,0,0.24050008
14820,3,1,0.41899723
14821,3,0,0.48980075
14822,8,0,0.55605584
14823,3,0,0.54617244
14824,5,1,0.73625094
14825,26,1,0.37137213
14826,17,1,0.70796907
14827,25,1,0.41374946
14828,13,1,0.5108891
14829,28,1,0.41350427
14830,14,0,0.38749886
14831,2,1,0.56333417
14832,3,1,0.4248028
14833,10,0,0.5155795
14834,25,0,0.62852013
14835,18,1,0.5155171
14836,13,0,0.34700516
14837,2,1,0.71515185
14838,10,1,0.5185351
14839,13,0,0.5749596
14840,15,0,0.5231659
14841,10,1,0.5819222
14842,14,0,0.4828331
14843,3,1,0.4856695
14844,23,0,0.36125806
14845,26,1,0.4020205
14846,19,1,0.45912275
14847,4,0,0.48553377
14848,8,1,0.41163978
14849,7,1,0.43458387
14850,3,0,0.5382675
14851,8,0,0.3682984
14852,11,0,0.5335087
14853,0,0,0.30580327
14854,2,1,0.27807018
14855,2,0,0.40165955
14856,28,0,0.66519946
14857,1,1,0.5637446
14858,5,1,0.6934917
14859,25,0,0.3578621
14860,15,1,0.6435566
14861,25,0,0.5285477
14862,26,0,0.53426075
14863,13,1,0.36541635
14864,19,0,0.5828141
14865,10,0,0.54080296
14866,25,0,0.5141732
14867,8,0,0.46510616
14868,2,0,0.44540456
14869,26,1,0.6990727
14870,5,0,0.68721104
14871,7,0,0.65174615
14872,24,1,0.27855974
14873,11,0,0.6397892
14874,13,0,0.5965879
14875,13,1,0.47441822
14876,28,1,0.52358246
14877,10,0,0.5463315
14878,13,0,0.70661026
14879,8,0,0.35950914
14880,16,1,0.5028721
14881,8,0,0.48558113
14882,10,0,0.62348443
14883,4,1,0.5494932
14884,12,1,0.7623723
14885,10,1,0.5835292
14886,2,0,0.44939473
14887,1,0,0.42722708
14888,26,1,0.6698326
14889,16,0,0.4222021
14890,15,1,0.22665367
14891,26,1,0.34701812
14892,2,0,0.53474367
14893,7,0,0.3476994
14894,6,0,0.6123674
14895,13,1,0.54537356
14896,13,1,0.35350353
14897,8,0,0.40144056
14898,1,0,0.56881195
14899,11,0,0.5376378
14900,4,1,0.593818
14901,21,0,0.2997738
14902,8,1,0.40810698
14903,26,0,0.40449646
14904,24,1,0.335439
14905,13,0,0.3284001
14906,27,1,0.34631458
14907,13,0,0.2881648
14908,15,1,0.45234764
14909,13,0,0.55746454
14910,5,0,0.66880584
14911,3,1,0.37220088
14912,15,0,0.37130332
14913,20,0,0.3879857
14914,17,1,0.2707681
14915,14,0,0.5008551
14916,4,1,0.6677311
14917,9,1,0.688855
14918,19,1,0.47626072
14919,13,0,0.69773775
14920,23,1,0.64421594
14921,11,0,0.42904285
14922,8,0,0.5248181
14923,14,0,0.50214165
14924,26,0,0.39455086
14925,16,0,0.577911
14926,13,1,0.20797609
14927,4,1,0.22166069
14928,8,0,0.57977974
14929,6,1,0.377877
14930,16,0,0.4637553
14931,6,1,0.63416326
14932,7,1,0.27779964
14933,4,0,0.44297805
14934,0,0,0.3246946
14935,1,1,0.4221912
14936,27,0,0.34870535
14937,10,0,0.44943225
14938,23,1,0.6438867
14939,7,1,0.6735425
14940,8,0,0.3702159
14941,16,1,0.6629987
14942,11,0,0.62461126
14943,10,1,0.5809666
14944,4,0,0.48091048
14945,9,1,0.6931273
14946,7,1,0.6331449
14947,12,0,0.41335234
14948,16,0,0.3616936
14949,11,1,0.5583842
14950,16,0,0.37527657
14951,13,0,0.5876988
14952,6,0,0.3924083
14953,2,0,0.7318265
14954,22,1,0.5576147
14955,10,0,0.422216
14956,28,1,0.54449505
14957,14,1,0.69340086
14958,22,0,0.34194055
14959,18,0,0.46563327
14960,8,0,0.5812879
14961,8,1,0.7886666
14962,13,0,0.45586932
14963,26,1,0.52050537
14964,0,0,0.38086444
14965,21,0,0.37419888
14966,11,1,0.73331213
14967,17,1,0.5248568
14968,7,1,0.57559764
14969,26,0,0.49362394
14970,27,1,0.5734849
14971,27,0,0.39842367
14972,13,0,0.35293078
14973,9,1,0.24231265
14974,5,1,0.7498821
14975,13,1,0.45277193
14976,28,1,0.7627433
14977,1,0,0.39201513
14978,25,0,0.4504145
14979,10,0,0.3505944
14980,15,1,0.63041836
14981,20,1,0.78239596
14982,8,1,0.3885634
14983,0,0,0.4962465
14984,25,0,0.37572715
14985,28,0,0.3865123
14986,0,1,0.4839926
14987,2,1,0.46841845
14988,4,1,0.4773865
14989,23,0,0.44327703
14990,19,1,0.67993253
14991,22,1,0.6097964
14992,10,0,0.47273633
14993,3,0,0.42653278
14994,13,0,0.37728018
14995,28,0,0.4539919
14996,20,0,0.19082
14997,2,1,0.6938945
14998,6,1,0.63107693
14999,17,0,0.4092197
15000,8,0,0.32540047
15001,6,1,0.30381814
15002,8,0,0.34358773
15003,2,1,0.68978465
15004,25,0,0.6607234
15005,8,0,0.52374107
15006,0,1,0.5207621
15007,28,1,0.4823742
15008,13,1,0.34041366
15009,10,0,0.50263095
15010,16,0,0.5000433
15011,8,1,0.45447153
15012,0,1,0.50306344
15013,12,0,0.5729343
15014,7,0,0.28318375
15015,13,0,0.4867624
15016,8,1,0.2652813
15017,11,0,0.24509567
15018,16,1,0.7322824
15019,18,1,0.32720548
15020,22,1,0.41202146
15021,0,0,0.37421224
15022,2,0,0.41670495
15023,1,1,0.722683
15024,17,0,0.63311195
15025,1,0,0.37039393
15026,28,1,0.3812417
15027,17,0,0.15666083
15028,25,1,0.6349396
15029,10,0,0.3567127
15030,22,1,0.3564303
15031,11,1,0.77810866
15032,26,0,0.34673968
15033,9,1,0.567476
15034,11,1,0.68177927
15035,11,0,0.5844445
15036,13,0,0.3281931
15037,8,0,0.4989324
15038,0,1,0.47590387
15039,2,0,0.4678124
15040,8,1,0.5243662
15041,12,1,0.40033916
15042,26,0,0.23860008
15043,13,1,0.38794205
15044,18,0,0.5509086
15045,12,0,0.56415945
15046,27,0,0.49861187
15047,25,0,0.3579236
15048,27,0,0.50623095
15049,26,1,0.55011916
15050,3,0,0.6369633
15051,20,1,0.5757624
15052,26,0,0.38132006
15053,16,0,0.55754113
15054,4,0,0.71781677
15055,4,0,0.6331821
15056,14,1,0.54598707
15057,15,1,0.41934344
15058,7,1,0.59857935
15059,24,1,0.52200174
15060,2,0,0.72322005
15061,16,0,0.49017134
15062,8,0,0.5589243
15063,28,1,0.56775665
15064,15,0,0.57330585
15065,22,0,0.7064951
15066,26,0,0.5880367
15067,28,0,0.6305574
15068,25,0,0.53163433
15069,10,1,0.598252
15070,16,0,0.34783733
15071,13,0,0.51309574
15072,13,0,0.35932398
15073,25,1,0.71201295
15074,7,1,0.41743383
15075,0,0,0.6597499
15076,8,0,0.33152586
15077,4,0,0.39313433
15078,10,0,0.36152664
15079,20,1,0.7082545
15080,15,1,0.6140715
15081,19,1,0.5158789
15082,14,0,0.4166873
15083,28,0,0.593716
15084,13,1,0.6784142
15085,17,1,0.22456807
15086,12,0,0.5770457
15087,20,1,0.4131656
15088,9,1,0.41988918
15089,10,1,0.4549108
15090,21,0,0.29230103
15091,13,1,0.58907425
15092,17,0,0.23227356
15093,2,0,0.5375713
15094,9,1,0.45927575
15095,13,1,0.57417417
15096,25,1,0.7092162
15097,4,1,0.42605367
15098,1,0,0.48949116
15099,5,0,0.3661368
15100,26,0,0.36022437
15101,9,0,0.4621794
15102,27,0,0.5029075
15103,6,0,0.24012628
15104,13,1,0.34547418
15105,0,1,0.41692668
15106,15,1,0.5072349
15107,28,1,0.56164277
15108,18,0,0.24386765
15109,7,0,0.69764876
15110,2,1,0.64762324
15111,7,1,0.32207468
15112,27,1,0.60511875
15113,20,1,0.73260885
15114,16,1,0.6187041
15115,1,0,0.42726272
15116,19,0,0.36460125
15117,3,0,0.7128889
15118,13,0,0.31272125
15119,16,0,0.20651789
15120,13,1,0.6942394
15121,8,1,0.69137174
15122,9,1,0.716567
15123,10,0,0.33105186
15124,10,0,0.6309187
15125,13,0,0.588791
15126,8,1,0.4178169
15127,12,0,0.3903525
15128,25,1,0.6532315
15129,16,1,0.2788768
15130,20,0,0.5097172
15131,1,1,0.71082354
15132,12,1,0.6784335
15133,14,0,0.45788026
15134,23,0,0.31043696
15135,8,1,0.3543117
15136,8,0,0.46796888
15137,6,0,0.3429907
15138,2,0,0.4487765
15139,25,1,0.6595553
15140,27,1,0.6835734
15141,6,0,0.4130951
15142,26,1,0.4133801
15143,17,1,0.56657654
15144,1,1,0.45336932
15145,1,0,0.5177659
15146,13,0,0.45803276
15147,20,0,0.39944354
15148,6,1,0.5805052
15149,26,0,0.5777034
15150,21,0,0.39840078
15151,15,1,0.49127114
15152,3,1,0.68694246
15153,16,1,0.642137
15154,25,0,0.46762562
15155,27,1,0.33173412
15156,2,0,0.39002395
15157,18,0,0.22243384
15158,16,1,0.53413403
15159,6,0,0.26692715
15160,20,1,0.5695707
15161,2,0,0.45691746
15162,20,1,0.50769114
15163,27,0,0.68697876
15164,19,1,0.44930023
15165,12,0,0.6641827
15166,8,1,0.6911564
15167,24,1,0.6778152
15168,27,0,0.44545636
15169,8,1,0.57939434
15170,15,1,0.5872672
15171,13,1,0.66649646
15172,17,1,0.7627399
15173,24,0,0.52214265
15174,16,1,0.5761068
15175,13,0,0.32340315
15176,25,0,0.3985425
15177,20,1,0.59939265
15178,22,0,0.31641433
15179,11,0,0.53167105
15180,6,1,0.40754983
15181,25,1,0.28665444
15182,21,0,0.4024162
15183,19,0,0.4144338
15184,19,1,0.36469573
15185,8,0,0.63584864
15186,8,1,0.3639922
15187,2,0,0.310874
15188,9,0,0.5520371
15189,26,0,0.5438633
15190,12,1,0.39193043
15191,6,1,0.56170815
15192,19,0,0.4302234
15193,20,1,0.45838216
15194,1,0,0.6443042
15195,26,0,0.31932858
15196,13,0,0.49891958
15197,3,0,0.5619367
15198,11,1,0.6975839
15199,12,1,0.2823354
15200,12,1,0.55481696
15201,19,1,0.5495877
15202,4,0,0.47751775
15203,2,0,0.47160363
15204,10,0,0.4131561
15205,25,1,0.4809659
15206,3,1,0.34564477
15207,11,0,0.37432852
15208,1,0,0.3720537
15209,10,0,0.64463174
15210,24,0,0.35612643
15211,11,0,0.5908603
15212,8,1,0.6744214
15213,22,0,0.3677588
15214,13,1,0.58611494
15215,16,1,0.6692897
15216,17,1,0.2730601
15217,25,0,0.34260973
15218,8,1,0.5641049
15219,8,1,0.5784824
15220,7,1,0.58756125
15221,18,0,0.46635547
15222,27,1,0.59248805
15223,2,1,0.57042265
15224,6,0,0.58162165
15225,4,1,0.43419242
15226,13,1,0.48790413
15227,3,0,0.35550138
15228,21,1,0.5640175
15229,27,0,0.39499736
15230,28,1,0.42297757
15231,10,1,0.44902882
15232,18,1,0.49360484
15233,2,0,0.35293347
15234,18,0,0.53048974
15235,24,0,0.5651526
15236,16,1,0.61382943
15237,26,1,0.6989419
15238,25,1,0.3831416
15239,16,1,0.7448861
15240,15,1,0.6392521
15241,23,1,0.37848654
15242,5,1,0.3333526
15243,22,1,0.6692822
15244,28,1,0.71114296
15245,8,0,0.38504574
15246,26,0,0.59330344
15247,24,0,0.45317253
15248,2,0,0.30819336
15249,14,0,0.46368435
15250,10,1,0.6618664
15251,21,1,0.4360404
15252,13,0,0.37148544
15253,17,1,0.46273774
15254,27,0,0.36211368
15255,11,0,0.44366187
15256,17,0,0.19751379
15257,12,1,0.618505
15258,20,0,0.5038525
15259,27,0,0.2872174
15260,24,1,0.21436556
15261,20,0,0.24553914
15262,14,0,0.6951729
15263,18,0,0.6787031
15264,8,1,0.506251
15265,0,0,0.51340675
15266,12,1,0.37623954
15267,21,0,0.26392844
15268,8,0,0.6362855
15269,8,1,0.74469197
15270,15,0,0.5976338
15271,13,1,0.43843162
15272,27,1,0.6247958
15273,15,0,0.713408
15274,2,0,0.59277606
15275,10,0,0.3562591
15276,26,0,0.36097285
15277,8,1,0.2403989
15278,9,1,0.47222623
15279,10,1,0.5103424
15280,8,0,0.29929098
15281,8,1,0.63345444
15282,27,1,0.7450322
15283,16,0,0.50072575
15284,13,0,0.34565967
15285,1,0,0.29790512
15286,8,1,0.63048273
15287,14,1,0.51017237
15288,15,0,0.23604934
15289,11,0,0.3616055
15290,13,0,0.37626505
15291,15,0,0.44360596
15292,26,1,0.7294477
15293,10,0,0.3151348
15294,20,1,0.55638
15295,11,1,0.66680866
15296,16,1,0.3482693
15297,22,1,0.268664
15298,15,0,0.72788763
15299,15,0,0.59121317
15300,1,0,0.48923343
15301,27,0,0.3499351
15302,18,0,0.37045127
15303,11,1,0.538379
15304,27,0,0.37914234
15305,26,1,0.4598225
15306,15,1,0.582098
15307,22,0,0.4657198
15308,10,1,0.40079626
15309,1,1,0.6506083
15310,21,1,0.34221146
15311,6,1,0.48253286
15312,18,1,0.70772403
15313,9,0,0.44154727
15314,12,1,0.39802104
15315,14,0,0.43817922
15316,4,0,0.75216734
15317,1,1,0.32432625
15318,23,1,0.58837587
15319,2,1,0.6325711
15320,18,1,0.4526826
15321,26,1,0.5223098
15322,12,1,0.38476387
15323,27,0,0.39140514
15324,15,1,0.6668565
15325,10,1,0.5705102
15326,26,0,0.63397175
15327,2,1,0.71540296
15328,22,0,0.6633619
15329,24,0,0.29822713
15330,21,1,0.5990171
15331,18,1,0.33265242
15332,5,1,0.56410074
15333,20,0,0.4845279
15334,28,0,0.6706018
15335,28,0,0.5382693
15336,18,0,0.7357381
15337,2,0,0.25593433
15338,2,0,0.35509613
15339,25,1,0.6289387
15340,12,1,0.7175699
15341,17,1,0.5411834
15342,17,1,0.5090558
15343,19,0,0.37739688
15344,2,1,0.28320348
15345,8,1,0.35407674
15346,28,1,0.7231667
15347,26,1,0.5520846
15348,8,1,0.37088475
15349,20,0,0.29949814
15350,21,1,0.5544913
15351,26,1,0.36542165
15352,1,0,0.50501174
15353,6,1,0.61057395
15354,22,0,0.395761
15355,16,1,0.5310192
15356,0,0,0.6362809
15357,14,1,0.38776374
15358,8,0,0.44056436
15359,27,1,0.61034787
15360,16,0,0.5708589
15361,11,0,0.31985137
15362,12,1,0.7718016
15363,25,0,0.3827677
15364,20,1,0.3899249
15365,2,1,0.69897044
15366,23,1,0.52882
15367,2,1,0.29163396
15368,18,1,0.41210708
15369,8,0,0.3005391
15370,2,0,0.62874156
15371,24,0,0.37532148
15372,17,1,0.33578238
15373,3,1,0.71213436
15374,13,0,0.4528681
15375,25,0,0.38671198
15376,13,1,0.38576138
15377,1,0,0.517201
15378,28,0,0.32822
15379,8,1,0.57517076
15380,16,1,0.6489285
15381,4,1,0.4987833
15382,4,1,0.5361567
15383,1,1,0.41449472
15384,8,0,0.37840286
15385,22,1,0.4587322
15386,20,1,0.2575585
15387,10,1,0.6952802
15388,2,1,0.38824576
15389,10,0,0.52144253
15390,16,1,0.5893303
15391,1,0,0.6264718
15392,1,0,0.81244135
15393,27,1,0.6049692
15394,25,0,0.37800625
15395,11,1,0.49246994
15396,16,1,0.71782416
15397,2,0,0.25870854
15398,7,1,0.5110697
15399,20,1,0.27914268
15400,11,1,0.4930438
15401,28,1,0.47154784
15402,8,1,0.4939524
15403,22,0,0.530335
15404,9,1,0.47938082
15405,8,0,0.5154852
15406,16,0,0.7804515
15407,2,1,0.44942656
15408,13,1,0.47476706
15409,8,0,0.59466213
15410,16,0,0.4553733
15411,24,0,0.4951898
15412,8,0,0.4748734
15413,16,0,0.36760798
15414,28,0,0.52311575
15415,21,1,0.71348095
15416,18,1,0.41617578
15417,6,1,0.5343692
15418,0,1,0.6006231
15419,12,1,0.41981527
15420,8,0,0.41272786
15421,17,1,0.6508292
15422,0,1,0.39200708
15423,11,0,0.38249198
15424,13,1,0.689888
15425,9,0,0.76368004
15426,27,0,0.35651252
15427,1,0,0.5019522
15428,16,0,0.6267548
15429,6,1,0.41448787
15430,7,0,0.32574618
15431,11,0,0.48275223
15432,14,0,0.39624596
15433,16,1,0.57958907
15434,25,1,0.6419485
15435,24,1,0.3750933
15436,13,0,0.4329698
15437,19,0,0.51154125
15438,21,0,0.38777408
15439,13,0,0.37975982
15440,16,0,0.1965708
15441,11,0,0.3844898
15442,13,0,0.33393985
15443,7,0,0.41701004
15444,16,1,0.49516255
15445,23,0,0.46820384
15446,15,1,0.512136
15447,16,0,0.33678773
15448,28,1,0.61190575
15449,8,0,0.24907874
15450,24,0,0.5188451
15451,22,0,0.4182375
15452,9,1,0.6571897
15453,20,1,0.6367997
15454,16,1,0.37436348
15455,28,0,0.4434025
15456,6,1,0.3936379
15457,13,0,0.3084042
15458,0,1,0.35965118
15459,13,1,0.7850059
15460,12,1,0.40661928
15461,1,1,0.5349149
15462,25,0,0.40795225
15463,17,1,0.4826118
15464,5,1,0.5110237
15465,1,0,0.28157586
15466,11,1,0.62089884
15467,16,1,0.50622076
15468,0,1,0.61881244
15469,6,0,0.4985578
15470,0,1,0.6679589
15471,20,1,0.55082726
15472,25,1,0.6122421
15473,15,0,0.42419392
15474,27,0,0.68645334
15475,13,1,0.54221416
15476,13,1,0.6816389
15477,20,1,0.58703065
15478,16,1,0.54880875
15479,8,1,0.67377836
15480,28,1,0.48633587
15481,1,0,0.4978529
15482,10,1,0.4900475
15483,18,0,0.6602452
15484,10,1,0.5662316
15485,13,0,0.44976074
15486,23,0,0.6746349
15487,28,1,0.7528523
15488,3,0,0.46410146
15489,1,1,0.35027844
15490,7,0,0.545354
15491,5,0,0.49326757
15492,6,0,0.41933212
15493,2,1,0.503167
15494,26,1,0.75933653
15495,20,0,0.22806464
15496,11,1,0.56653905
15497,10,1,0.68321955
15498,8,1,0.555644
15499,10,1,0.44951135
15500,22,1,0.63965553
15501,9,0,0.3975573
15502,22,1,0.5462283
15503,27,1,0.7379762
15504,2,0,0.31864655
15505,16,1,0.5308912
15506,18,1,0.6065212
15507,17,0,0.24357165
15508,21,0,0.6274638
15509,11,1,0.6732761
15510,0,0,0.23905522
15511,18,0,0.43916062
15512,21,0,0.5071928
15513,3,1,0.57220477
15514,23,1,0.75709826
15515,25,1,0.6822583
15516,26,1,0.5356456
15517,22,0,0.31994367
15518,28,1,0.53022486
15519,12,1,0.5302925
15520,13,0,0.5479575
15521,25,1,0.56223416
15522,10,0,0.41357386
15523,9,1,0.5742498
15524,13,0,0.44146526
15525,1,0,0.47246316
15526,2,0,0.35573474
15527,20,0,0.40325955
15528,15,1,0.42015055
15529,23,1,0.4137324
15530,14,0,0.7393595
15531,16,0,0.5425456
15532,6,1,0.48057568
15533,22,0,0.569849
15534,14,1,0.6461065
15535,2,1,0.60478395
15536,21,1,0.58290267
15537,8,0,0.28497326
15538,19,0,0.45334563
15539,25,0,0.50335455
15540,18,1,0.24512225
15541,13,1,0.48404062
15542,7,1,0.39321694
15543,0,1,0.71179783
15544,8,0,0.517108
15545,9,0,0.5149594
15546,22,0,0.6881929
15547,1,1,0.38680738
15548,28,1,0.35652027
15549,20,0,0.4172575
15550,13,1,0.52067626
15551,21,1,0.77828234
15552,16,1,0.46594727
15553,18,1,0.36398444
15554,16,1,0.55123895
15555,17,0,0.54512054
15556,21,0,0.5336686
15557,26,1,0.46103433
15558,9,1,0.5633713
15559,2,1,0.6752304
15560,3,1,0.23545262
15561,22,1,0.7241561
15562,1,1,0.43281335
15563,0,1,0.48664978
15564,24,1,0.6831484
15565,20,0,0.3824121
15566,18,1,0.51228076
15567,0,0,0.4033632
15568,11,1,0.6861244
15569,8,1,0.63964796
15570,15,1,0.6555397
15571,3,0,0.25357544
15572,27,1,0.6027361
15573,25,0,0.48791957
15574,26,1,0.5496396
15575,1,1,0.43456355
15576,26,0,0.597495
15577,27,1,0.26125216
15578,7,0,0.36660048
15579,13,0,0.3862692
15580,16,1,0.34935203
15581,19,1,0.39373562
15582,27,0,0.3349854
15583,16,0,0.6836789
15584,23,0,0.37214643
15585,4,0,0.33164945
15586,28,0,0.28257334
15587,21,0,0.3407116
15588,13,0,0.5763996
15589,0,1,0.37841213
15590,13,1,0.4747128
15591,1,0,0.48484126
15592,23,1,0.34292272
15593,21,0,0.3553001
15594,21,0,0.48607513
15595,10,0,0.40878108
15596,15,1,0.49971887
15597,14,1,0.5947267
15598,22,0,0.4055705
15599,21,1,0.5445557
15600,8,1,0.7091353
15601,9,0,0.6381729
15602,14,0,0.4344344
15603,26,0,0.69607127
15604,8,0,0.59485054
15605,11,0,0.5294725
15606,22,0,0.37503248
15607,13,1,0.70542556
15608,21,1,0.39472497
15609,13,0,0.3101686
15610,18,0,0.27301732
15611,12,0,0.33596557
15612,4,1,0.8039604
15613,6,0,0.558467
15614,12,0,0.6571526
15615,12,0,0.39519435
15616,16,1,0.672128
15617,23,1,0.23293598
15618,24,0,0.55589163
15619,12,1,0.71164113
15620,21,1,0.36257565
15621,12,0,0.5675427
15622,8,1,0.50318867
15623,11,0,0.30529666
15624,16,1,0.569271
15625,4,0,0.22906813
15626,23,1,0.34678006
15627,15,0,0.44139752
15628,18,1,0.5627623
15629,12,1,0.56450725
15630,1,1,0.7168991
15631,27,0,0.425071
15632,1,0,0.38755444
15633,2,1,0.61242265
15634,1,1,0.61034447
15635,17,1,0.48084918
15636,12,1,0.45869145
15637,11,1,0.79961246
15638,6,1,0.5725839
15639,2,0,0.516969
15640,14,1,0.3377489
15641,21,0,0.37663826
15642,25,0,0.64923847
15643,23,1,0.3505596
15644,20,0,0.22931162
15645,25,0,0.40924558
15646,17,1,0.30945924
15647,9,1,0.4027806
15648,4,1,0.69521064
15649,26,0,0.24850187
15650,24,1,0.49999917
15651,12,1,0.46355262
15652,15,1,0.7181098
15653,3,1,0.6725009
15654,25,1,0.52190506
15655,17,0,0.300986
15656,7,0,0.579289
15657,8,1,0.6237067
15658,12,1,0.54093105
15659,25,0,0.5210284
15660,13,0,0.5535139
15661,26,1,0.6964302
15662,16,1,0.7345451
15663,27,1,0.40159568
15664,14,1,0.4366696
15665,27,0,0.27550077
15666,9,0,0.42401844
15667,13,0,0.41611022
15668,9,0,0.41365594
15669,24,1,0.4888757
15670,24,1,0.7120186
15671,15,1,0.5469738
15672,4,0,0.446305
15673,28,1,0.5593757
15674,25,1,0.5383251
15675,28,0,0.3618429
15676,1,1,0.4367431
15677,9,0,0.24355045
15678,25,0,0.43153504
15679,8,0,0.31896612
15680,15,1,0.5875337
15681,20,1,0.45289528
15682,5,1,0.61064285
15683,27,1,0.534015
15684,13,1,0.72019744
15685,0,0,0.4073325
15686,26,0,0.28875834
15687,20,1,0.7178067
15688,9,1,0.6231038
15689,2,0,0.6743369
15690,15,0,0.27887276
15691,25,0,0.46070617
15692,23,1,0.7392485
15693,15,1,0.6866784
15694,8,1,0.5153485
15695,4,1,0.43421778
15696,9,1,0.64489925
15697,20,1,0.47506487
15698,21,0,0.52221656
15699,11,0,0.4576685
15700,8,0,0.6448226
15701,15,0,0.38047594
15702,8,1,0.5988202
15703,10,0,0.3299841
15704,17,0,0.51615417
15705,28,1,0.60522115
15706,14,0,0.6611533
15707,7,1,0.29515
15708,3,0,0.37710735
15709,28,1,0.65377307
15710,13,0,0.38650995
15711,13,1,0.59741884
15712,2,0,0.3630952
15713,24,1,0.7003165
15714,10,1,0.7675587
15715,8,1,0.5084973
15716,26,0,0.7374588
15717,22,1,0.57078886
15718,12,0,0.43325913
15719,7,1,0.45769298
15720,18,0,0.5608975
15721,26,1,0.6474814
15722,15,1,0.3971371
15723,7,0,0.5584592
15724,16,0,0.42362508
15725,3,1,0.5600477
15726,2,1,0.64786464
15727,16,0,0.46843454
15728,25,0,0.5539732
15729,16,1,0.39990467
15730,22,1,0.37517437
15731,3,0,0.6764227
15732,14,1,0.5109132
15733,12,0,0.3718973
15734,21,0,0.679627
15735,18,1,0.4195438
15736,8,0,0.5304665
15737,8,1,0.6262166
15738,15,1,0.2863682
15739,5,0,0.5969137
15740,2,0,0.6048665
15741,23,0,0.59673584
15742,17,0,0.35938367
15743,14,1,0.5477812
15744,2,1,0.43032202
15745,4,0,0.5421753
15746,1,1,0.73852885
15747,17,0,0.4777401
15748,10,1,0.34907562
15749,28,0,0.7141113
15750,13,1,0.71657825
15751,13,0,0.3675404
15752,15,0,0.50474846
15753,12,0,0.32190773
15754,21,1,0.595474
15755,13,0,0.4832171
15756,6,1,0.5520706
15757,16,1,0.74178517
15758,10,1,0.46601805
15759,10,0,0.5463757
15760,22,1,0.65377957
15761,26,0,0.73140395
15762,13,0,0.686799
15763,7,1,0.67994565
15764,13,1,0.64023995
15765,17,1,0.44205546
15766,4,0,0.40175226
15767,27,1,0.34340605
15768,8,1,0.56277114
15769,16,1,0.6174138
15770,20,1,0.5592737
15771,16,0,0.5825916
15772,3,1,0.4949349
15773,25,0,0.6661746
15774,13,1,0.31508017
15775,7,1,0.6377268
15776,28,0,0.24464116
15777,17,0,0.50881535
15778,26,1,0.4199797
15779,10,0,0.46810013
15780,13,0,0.45159683
15781,23,1,0.44406453
15782,21,1,0.47986037
15783,3,0,0.17014241
15784,3,1,0.5847321
15785,12,1,0.65364087
15786,8,0,0.502649
15787,25,0,0.46678337
15788,11,1,0.39992964
15789,3,1,0.56791073
15790,14,0,0.6243733
15791,25,1,0.6553287
15792,3,1,0.61328894
15793,23,0,0.41313937
15794,17,1,0.46284023
15795,2,1,0.45188934
15796,26,1,0.5549021
15797,23,0,0.37560558
15798,6,0,0.4162626
15799,8,0,0.22566922
15800,26,1,0.70097077
15801,24,1,0.6032747
15802,16,0,0.5868896
15803,27,0,0.7005224
15804,0,1,0.53303206
15805,22,0,0.37840405
15806,2,0,0.34367839
15807,0,0,0.74453336
15808,13,1,0.63914776
15809,8,0,0.32083628
15810,4,0,0.42292672
15811,11,1,0.56181717
15812,23,1,0.536576
15813,21,0,0.54855776
15814,19,0,0.594961
15815,4,1,0.52528894
15816,16,1,0.6965306
15817,25,1,0.35997295
15818,23,0,0.7281856
15819,6,1,0.7374578
15820,1,1,0.5130528
15821,19,0,0.36520204
15822,10,1,0.48056963
15823,10,1,0.46587723
15824,11,0,0.47159865
15825,6,0,0.62162685
15826,28,0,0.27749768
15827,12,1,0.42555964
15828,26,0,0.3387205
15829,7,1,0.55571795
15830,13,0,0.6034317
15831,24,0,0.3222682
15832,8,1,0.4807109
15833,11,0,0.36781493
15834,5,0,0.39662978
15835,13,0,0.6787787
15836,22,0,0.33795488
15837,20,0,0.4827189
15838,1,0,0.34857124
15839,17,1,0.65690285
15840,2,0,0.2676937
15841,19,1,0.42942518
15842,18,1,0.42800945
15843,11,1,0.6531587
15844,24,0,0.54320693
15845,8,1,0.6558375
15846,4,1,0.46077257
15847,11,0,0.59332347
15848,17,1,0.52084386
15849,27,0,0.36372256
15850,16,1,0.6244069
15851,11,0,0.37351835
15852,8,0,0.4024046
15853,24,0,0.35721734
15854,23,0,0.43249267
15855,18,1,0.74335504
15856,28,0,0.54457694
15857,21,0,0.40043077
15858,1,1,0.24562372
15859,13,0,0.4362088
15860,1,1,0.7211189
15861,15,1,0.33567476
15862,27,1,0.3167957
15863,2,1,0.39528403
15864,21,0,0.58378816
15865,19,0,0.5572087
15866,9,0,0.6360423
15867,17,0,0.64615494
15868,21,1,0.63518286
15869,10,0,0.333622
15870,15,0,0.24637403
15871,10,0,0.39291832
15872,13,1,0.574785
15873,16,1,0.32892948
15874,12,1,0.37913305
15875,0,0,0.54383063
15876,13,0,0.54438436
15877,25,1,0.72337204
15878,8,0,0.5710841
15879,14,0,0.6402857
15880,13,0,0.5570174
15881,23,1,0.5323877
15882,3,1,0.58226484
15883,7,0,0.47935894
15884,16,1,0.4596841
15885,11,0,0.5672904
15886,23,0,0.56445134
15887,25,0,0.54129416
15888,2,1,0.73919576
15889,11,0,0.34197176
15890,7,1,0.41262588
15891,11,1,0.42279628
15892,28,1,0.22516146
15893,11,1,0.7467077
15894,22,0,0.78720564
15895,6,1,0.37724227
15896,6,1,0.7153916
15897,9,1,0.2566519
15898,16,0,0.33490762
15899,15,1,0.3038906
15900,27,0,0.31553355
15901,20,0,0.39609292
15902,10,0,0.5309713
15903,19,1,0.3650601
15904,27,1,0.38969785
15905,8,0,0.36676076
15906,21,0,0.3240723
15907,27,1,0.5347283
15908,20,0,0.48041353
15909,21,1,0.5881852
15910,20,0,0.31372818
15911,11,1,0.49672222
15912,12,1,0.5549482
15913,22,0,0.70910805
15914,0,0,0.48675787
15915,8,1,0.45928666
15916,7,0,0.3475786
15917,12,1,0.42183852
15918,16,1,0.37790498
15919,12,1,0.45764902
15920,21,1,0.39941546
15921,11,1,0.4609021
15922,21,0,0.24471046
15923,6,0,0.55318415
15924,13,0,0.6663118
15925,15,0,0.4046431
15926,25,1,0.7082547
15927,2,0,0.5757551
15928,16,0,0.43333256
15929,1,0,0.49463478
15930,11,1,0.38270283
15931,18,0,0.3718512
15932,16,1,0.6321847
15933,12,1,0.5215508
15934,11,1,0.5950937
15935,10,1,0.3686843
15936,19,1,0.64543444
15937,0,0,0.4025193
15938,15,1,0.6616271
15939,6,1,0.77678937
15940,16,1,0.4033682
15941,8,1,0.6738217
15942,8,1,0.3089199
15943,11,0,0.64949524
15944,23,1,0.52512056
15945,19,0,0.33409646
15946,10,1,0.7294146
15947,9,1,0.64618665
15948,13,1,0.56196076
15949,27,0,0.3451742
15950,21,1,0.47004408
15951,20,1,0.7341712
15952,8,0,0.24433827
15953,3,0,0.3985787
15954,0,1,0.34310734
15955,12,1,0.38202098
15956,15,0,0.24517713
15957,22,1,0.70207334
15958,11,1,0.50794804
15959,17,1,0.6465021
15960,4,1,0.38331413
15961,2,1,0.5832277
15962,16,1,0.7046137
15963,13,1,0.5483547
15964,22,0,0.44374946
15965,11,1,0.6983555
15966,10,1,0.7700225
15967,13,1,0.5552034
15968,17,1,0.5531892
15969,1,0,0.35421985
15970,2,1,0.23986273
15971,4,1,0.62597084
15972,20,0,0.70189047
15973,15,0,0.45221445
15974,26,0,0.34268892
15975,11,0,0.4969671
15976,20,0,0.20710133
15977,4,0,0.23640803
15978,4,1,0.66424555
15979,0,0,0.45321205
15980,13,1,0.43025422
15981,20,0,0.6211843
15982,11,1,0.65566325
15983,23,1,0.45136085
15984,10,1,0.4288361
15985,3,1,0.5571674
15986,22,1,0.3450673
15987,22,1,0.62491256
15988,3,0,0.639239
15989,13,0,0.26244545
15990,18,0,0.4454682
15991,7,1,0.3453929
15992,24,0,0.69428605
15993,27,0,0.4364996
15994,7,0,0.30180046
15995,7,0,0.32437775
15996,28,0,0.42494655
15997,28,0,0.64649457
15998,15,0,0.38475502
15999,0,0,0.38884252
16000,10,1,0.58510065
16001,18,0,0.43764812
16002,17,0,0.5222106
16003,9,0,0.73660445
16004,8,0,0.43166873
16005,12,0,0.47061306
16006,12,0,0.5796837
16007,2,1,0.3144131
16008,16,1,0.4950279
16009,8,0,0.4354895
16010,16,1,0.39291942
16011,14,1,0.58502686
16012,26,0,0.4737628
16013,22,0,0.33377096
16014,22,0,0.3326529
16015,0,1,0.24879007
16016,15,1,0.32100996
16017,26,0,0.40505102
16018,5,0,0.68198514
16019,25,0,0.25429544
16020,4,1,0.8166955
16021,15,1,0.20714222
16022,25,1,0.65385365
16023,9,1,0.46531132
16024,13,1,0.49448934
16025,7,0,0.36989135
16026,15,0,0.4199004
16027,16,0,0.5705511
16028,17,1,0.64796764
16029,11,0,0.70410675
16030,3,0,0.5303822
16031,27,1,0.6586335
16032,9,0,0.34737974
16033,8,0,0.4757233
16034,23,0,0.4438153
16035,11,1,0.6996413
16036,15,0,0.28370076
16037,2,1,0.65904135
16038,19,1,0.46867487
16039,7,1,0.4609333
16040,2,0,0.4917236
16041,1,0,0.5433981
16042,1,1,0.5722513
16043,23,0,0.47079128
16044,3,0,0.4594869
16045,13,0,0.3879989
16046,24,0,0.4362868
16047,0,1,0.6055992
16048,7,1,0.525442
16049,10,1,0.6254458
16050,2,1,0.33832029
16051,15,0,0.3745232
16052,8,1,0.43480068
16053,14,0,0.3174335
16054,25,0,0.25177604
16055,18,1,0.41981697
16056,13,0,0.42376277
16057,23,0,0.7432123
16058,5,0,0.40017486
16059,6,1,0.5477262
16060,23,0,0.46262679
16061,7,1,0.56600523
16062,0,1,0.5508543
16063,27,0,0.3427065
16064,21,1,0.68074656
16065,25,1,0.45388922
16066,20,1,0.33345547
16067,14,0,0.42902204
16068,8,0,0.2849045
16069,8,1,0.6245468
16070,26,1,0.2663149
16071,20,1,0.6796818
16072,6,1,0.28148586
16073,11,1,0.24109957
16074,11,1,0.68218607
16075,4,1,0.4828984
16076,12,0,0.3896942
16077,27,0,0.48881802
16078,24,0,0.5633605
16079,11,0,0.8159718
16080,8,0,0.5449686
16081,19,0,0.44108132
16082,3,0,0.44737318
16083,15,0,0.6302728
16084,13,1,0.53665084
16085,14,1,0.5257337
16086,13,1,0.4637956
16087,2,1,0.4649221
16088,14,1,0.53887177
16089,16,1,0.5361614
16090,15,1,0.76039666
16091,8,0,0.39360037
16092,12,0,0.6608808
16093,9,1,0.5303764
16094,7,0,0.41076085
16095,4,0,0.5133355
16096,5,0,0.5374061
16097,24,0,0.35735682
16098,0,1,0.716976
16099,12,0,0.49070948
16100,12,0,0.63543147
16101,18,0,0.28260976
16102,22,1,0.4012357
16103,11,0,0.30290732
16104,15,1,0.43078494
16105,16,0,0.34047562
16106,22,0,0.66751504
16107,0,1,0.6279357
16108,8,0,0.25519022
16109,2,0,0.6980184
16110,1,1,0.44909087
16111,26,0,0.31397843
16112,25,0,0.6014085
16113,26,0,0.42218402
16114,5,0,0.73452544
16115,7,1,0.35536665
16116,13,0,0.53983915
16117,12,1,0.4762074
16118,20,1,0.71223557
16119,9,1,0.65856737
16120,16,1,0.56676906
16121,1,0,0.537624
16122,3,0,0.46106058
16123,8,1,0.7367567
16124,2,1,0.7281257
16125,3,0,0.39623317
16126,25,0,0.29086503
16127,21,1,0.60063314
16128,10,1,0.70533097
16129,19,0,0.34040302
16130,21,0,0.2698394
16131,28,0,0.52919924
16132,12,0,0.26032862
16133,10,1,0.5308693
16134,16,0,0.61568797
16135,20,0,0.75609773
16136,22,0,0.360475
16137,18,1,0.7407489
16138,21,1,0.63158447
16139,24,1,0.8127954
16140,13,0,0.39870912
16141,14,1,0.43928218
16142,25,1,0.64951444
16143,13,0,0.53683877
16144,11,0,0.569587
16145,23,0,0.29075918
16146,12,1,0.4841992
16147,25,1,0.35605755
16148,19,0,0.35081643
16149,23,1,0.6385734
16150,18,0,0.5633466
16151,8,0,0.2990403
16152,7,1,0.4113262
16153,25,0,0.53909427
16154,28,0,0.5064829
16155,2,0,0.41209376
16156,25,0,0.35781416
16157,28,1,0.5047164
16158,16,1,0.7286047
16159,13,1,0.36073732
16160,26,0,0.29376006
16161,1,0,0.39527246
16162,22,0,0.35997346
16163,8,1,0.47939676
16164,26,0,0.4370856
16165,11,1,0.7353202
16166,24,0,0.40810457
16167,16,0,0.4443773
16168,3,1,0.5247889
16169,26,0,0.51729417
16170,1,1,0.6477288
16171,26,0,0.6810607
16172,24,1,0.45078802
16173,13,1,0.39015794
16174,1,0,0.7377549
16175,14,0,0.5494233
16176,2,0,0.31076127
16177,10,0,0.6210248
16178,15,1,0.7174733
16179,13,1,0.4807223
16180,10,1,0.7161362
16181,17,1,0.45433214
16182,15,0,0.29111412
16183,8,1,0.3862536
16184,11,0,0.62700236
16185,27,1,0.6237794
16186,16,1,0.37001932
16187,24,1,0.36440635
16188,16,1,0.48692587
16189,22,0,0.36869994
16190,11,1,0.6041144
16191,13,1,0.7097754
16192,6,1,0.48062497
16193,3,1,0.7300891
16194,15,1,0.615666
16195,13,0,0.57278293
16196,22,1,0.63214743
16197,2,0,0.36207408
16198,7,0,0.4096591
16199,2,0,0.37949803
16200,4,0,0.461503
16201,20,0,0.5386504
16202,28,0,0.4131515
16203,26,1,0.7050138
16204,28,0,0.427671
16205,26,1,0.5414782
16206,22,1,0.6659104
16207,12,0,0.4163781
16208,15,1,0.4102601
16209,16,0,0.30755645
16210,4,0,0.42050588
16211,1,1,0.34093714
16212,13,0,0.47434655
16213,24,0,0.28235367
16214,11,0,0.6748314
16215,27,1,0.48014322
16216,16,0,0.62759167
16217,15,1,0.47900924
16218,1,1,0.72592074
16219,20,0,0.31956026
16220,18,1,0.5744674
16221,23,0,0.46440685
16222,17,0,0.473116
16223,21,0,0.3496778
16224,27,0,0.62451625
16225,12,1,0.43882728
16226,16,1,0.51283234
16227,1,0,0.32084826
16228,9,0,0.71447307
16229,26,1,0.6042009
16230,12,1,0.63742805
16231,10,1,0.588267
16232,22,0,0.59078324
16233,2,1,0.60211706
16234,19,0,0.36756063
16235,3,1,0.60630774
16236,16,0,0.31141442
16237,0,0,0.34733716
16238,27,0,0.49808457
16239,12,0,0.3264916
16240,22,0,0.7440138
16241,5,1,0.55295956
16242,24,1,0.40766448
16243,27,1,0.5590816
16244,15,0,0.3450728
16245,20,0,0.5292116
16246,7,0,0.4405463
16247,3,0,0.5697629
16248,16,0,0.4261897
16249,13,0,0.41175714
16250,15,1,0.6102791
16251,2,1,0.52045935
16252,20,0,0.38080665
16253,16,0,0.53725606
16254,16,0,0.612676
16255,25,0,0.261266
16256,22,1,0.7526241
16257,6,1,0.5205249
16258,4,0,0.36191615
16259,5,0,0.38052455
16260,14,0,0.3359811
16261,13,1,0.339563
16262,16,0,0.6497519
16263,25,1,0.54451185
16264,2,0,0.57474
16265,13,0,0.43009865
16266,2,1,0.5539235
16267,16,1,0.70035994
16268,18,1,0.6192312
16269,26,1,0.75490516
16270,10,1,0.46426988
16271,2,1,0.39320526
16272,25,1,0.4894337
16273,0,0,0.38071683
16274,12,0,0.34689236
16275,13,0,0.5595399
16276,13,0,0.533892
16277,17,0,0.3747103
16278,11,1,0.63910615
16279,20,0,0.5091709
16280,12,0,0.28530824
16281,18,1,0.38808766
16282,15,1,0.50417495
16283,26,1,0.44453752
16284,2,1,0.6754291
16285,19,0,0.4998676
16286,2,0,0.33849126
16287,1,1,0.5530445
16288,5,1,0.74618995
16289,16,1,0.7081172
16290,15,1,0.705908
16291,13,1,0.6001066
16292,24,1,0.62535775
16293,0,1,0.6436282
16294,19,0,0.60008085
16295,4,1,0.6220739
16296,6,0,0.28742555
16297,8,0,0.5053825
16298,6,0,0.35851076
16299,21,0,0.31387442
16300,20,1,0.44111323
16301,10,0,0.44905838
16302,25,0,0.2931447
16303,24,1,0.4377579
16304,11,1,0.55298054
16305,13,1,0.6798636
16306,26,0,0.32640517
16307,14,1,0.45872146
16308,26,0,0.30945292
16309,7,0,0.6386877
16310,16,0,0.63279384
16311,15,0,0.44949892
16312,28,1,0.6110066
16313,1,0,0.54885453
16314,3,0,0.31838688
16315,8,1,0.6616943
16316,11,1,0.6569862
16317,12,1,0.7048567
16318,8,0,0.2253337
16319,13,1,0.4602311
16320,3,1,0.6682889
16321,2,1,0.39662248
16322,4,1,0.33392432
16323,15,0,0.48693871
16324,16,1,0.6659636
16325,10,1,0.34794354
16326,13,0,0.51683044
16327,22,1,0.5583071
16328,22,1,0.617707
16329,15,0,0.35599563
16330,16,0,0.32582417
16331,7,1,0.5299048
16332,11,0,0.3387838
16333,2,1,0.49600834
16334,1,1,0.3991539
16335,12,0,0.32457376
16336,15,1,0.3981472
16337,16,1,0.5766125
16338,7,1,0.7512061
16339,11,0,0.5686486
16340,24,0,0.37242478
16341,17,0,0.2957447
16342,2,0,0.5900254
16343,7,1,0.54152274
16344,15,1,0.7479767
16345,10,0,0.355254
16346,19,1,0.66717124
16347,16,1,0.36078683
16348,10,0,0.32009864
16349,1,1,0.5388604
16350,13,0,0.20476161
16351,11,0,0.30789512
16352,25,1,0.6417906
16353,3,1,0.44964245
16354,11,0,0.54034936
16355,13,1,0.35945615
16356,14,1,0.3226954
16357,26,0,0.40011263
16358,24,0,0.35692495
16359,11,1,0.49942976
16360,7,1,0.31230962
16361,21,0,0.57731295
16362,25,0,0.3165101
16363,0,0,0.264921
16364,10,1,0.72271585
16365,11,0,0.39588812
16366,8,1,0.5526018
16367,27,0,0.44819918
16368,13,1,0.5753046
16369,13,1,0.56854314
16370,7,0,0.3917551
16371,17,0,0.37944707
16372,1,1,0.29866666
16373,15,1,0.4427445
16374,18,0,0.32022747
16375,3,1,0.7059534
16376,3,0,0.25088924
16377,19,1,0.46185747
16378,27,1,0.33712366
16379,1,0,0.29398796
16380,15,0,0.690013
16381,26,1,0.47738233
16382,1,1,0.736906
16383,22,0,0.28761768
16384,15,1,0.49259862
16385,10,0,0.5645443
16386,27,0,0.6067313
16387,24,1,0.6673181
16388,23,1,0.49536955
16389,14,0,0.33523944
16390,27,0,0.4373151
16391,1,0,0.37800103
16392,8,0,0.47991616
16393,2,0,0.5034269
16394,5,0,0.70427585
16395,11,0,0.42906058
16396,4,1,0.692586
16397,18,1,0.54480034
16398,11,1,0.6877694
16399,21,1,0.6000981
16400,5,0,0.40145946
16401,27,0,0.59690917
16402,1,0,0.3969313
16403,15,0,0.7008882
16404,8,1,0.6421972
16405,23,1,0.5900184
16406,9,1,0.6525942
16407,12,0,0.35667244
16408,12,0,0.48413286
16409,26,0,0.4995417
16410,11,0,0.42727292
16411,7,1,0.47707346
16412,12,0,0.472958
16413,26,0,0.587219
16414,3,1,0.29089445
16415,12,1,0.6177318
16416,25,0,0.349816
16417,14,1,0.6964583
16418,10,1,0.64735913
16419,15,0,0.6159298
16420,11,0,0.6446337
16421,15,1,0.82683367
16422,8,0,0.35152873
16423,10,1,0.62206125
16424,8,0,0.6053072
16425,9,1,0.4864874
16426,3,1,0.3996112
16427,11,0,0.23224236
16428,19,1,0.4314768
16429,9,0,0.34843478
16430,28,1,0.45668995
16431,4,1,0.41550228
16432,13,0,0.5954831
16433,10,1,0.37648916
16434,13,1,0.55714333
16435,13,1,0.33266035
16436,6,0,0.4833063
16437,17,1,0.6895377
16438,11,1,0.43364865
16439,22,1,0.56531906
16440,15,0,0.52590847
16441,27,0,0.4341795
16442,8,1,0.6888558
16443,25,0,0.61355746
16444,4,0,0.3595044
16445,26,1,0.4838211
16446,13,1,0.62049764
16447,2,0,0.32598022
16448,15,1,0.47079074
16449,25,0,0.43284523
16450,28,1,0.6396638
16451,13,0,0.48428005
16452,15,1,0.5253366
16453,19,0,0.74049085
16454,28,1,0.42334598
16455,20,1,0.58892107
16456,18,0,0.52376586
16457,6,0,0.56757003
16458,27,1,0.25707307
16459,11,0,0.40186056
16460,27,0,0.29497647
16461,3,0,0.40478745
16462,13,1,0.4519972
16463,15,0,0.55861735
16464,12,1,0.396973
16465,2,0,0.20170477
16466,12,1,0.60629296
16467,13,1,0.6430776
16468,22,0,0.34285864
16469,3,0,0.4753778
16470,3,1,0.42904073
16471,8,1,0.432541
16472,25,1,0.55372936
16473,15,0,0.38521492
16474,1,1,0.36675274
16475,7,0,0.41147155
16476,5,1,0.35681975
16477,12,0,0.54459834
16478,26,1,0.389131
16479,27,1,0.3029115
16480,22,1,0.671664
16481,15,1,0.3119544
16482,1,1,0.53565544
16483,9,0,0.5428466
16484,15,0,0.51369447
16485,16,0,0.465799
16486,10,1,0.635171
16487,2,0,0.51618654
16488,7,0,0.5629854
16489,27,1,0.7299118
16490,8,0,0.34423745
16491,22,1,0.44749457
16492,10,1,0.674528
16493,21,1,0.5888226
16494,10,0,0.4460543
16495,1,1,0.38793856
16496,3,1,0.5858358
16497,10,0,0.4536725
16498,11,0,0.3560198
16499,9,0,0.6514299
16500,16,0,0.35660982
16501,19,1,0.493759
16502,28,0,0.43360233
16503,15,0,0.47249478
16504,15,1,0.37505522
16505,3,1,0.6993809
16506,2,0,0.37288794
16507,25,1,0.44936052
16508,9,0,0.505282
16509,5,0,0.53428274
16510,8,1,0.4949638
16511,4,0,0.5497584
16512,6,1,0.5923383
16513,26,0,0.49276382
16514,25,1,0.42988098
16515,4,1,0.43180445
16516,18,1,0.33334133
16517,7,1,0.48858628
16518,22,0,0.5583829
16519,12,1,0.39577332
16520,16,0,0.5737563
16521,18,1,0.36202696
16522,22,1,0.6426302
16523,26,0,0.15417151
16524,28,0,0.33087856
16525,28,0,0.38369632
16526,17,1,0.58749926
16527,8,1,0.66241044
16528,2,1,0.52831304
16529,4,1,0.528115
16530,8,1,0.35611585
16531,2,1,0.62331605
16532,2,1,0.4255168
16533,10,0,0.6283247
16534,18,1,0.62582386
16535,6,0,0.42777318
16536,15,0,0.39495552
16537,1,0,0.39135754
16538,2,1,0.44418284
16539,16,0,0.57493496
16540,21,0,0.69104266
16541,2,0,0.4159913
16542,15,1,0.5401253
16543,11,0,0.36533904
16544,0,0,0.71603405
16545,9,1,0.55842656
16546,8,1,0.5622305
