,tissue_ids,target,prediction
0,26,1,0.65748304
1,14,1,0.54178494
2,13,0,0.26223496
3,2,0,0.39602262
4,6,1,0.47532663
5,20,0,0.2813787
6,19,1,0.44930258
7,4,1,0.6353335
8,5,0,0.3864272
9,1,1,0.39923123
10,9,1,0.550658
11,11,0,0.28561914
12,2,1,0.5314908
13,9,0,0.73952734
14,11,1,0.689817
15,18,1,0.45705274
16,13,1,0.37301868
17,2,1,0.5023278
18,26,0,0.4349761
19,12,0,0.5910067
20,27,1,0.46286336
21,19,1,0.576372
22,19,0,0.39096698
23,7,0,0.34678394
24,10,0,0.34926152
25,27,1,0.3915245
26,23,1,0.39301407
27,16,1,0.6263909
28,11,0,0.48298705
29,5,0,0.5035877
30,28,1,0.6760904
31,17,1,0.51930964
32,8,1,0.7418414
33,20,1,0.302265
34,21,0,0.3627344
35,12,0,0.36359507
36,5,1,0.77991956
37,11,0,0.49746725
38,25,0,0.39006075
39,22,0,0.25182468
40,15,0,0.28949046
41,25,0,0.31472912
42,17,0,0.34248298
43,16,0,0.5109928
44,7,0,0.4590377
45,11,1,0.63120866
46,13,0,0.47038674
47,7,0,0.48777783
48,4,0,0.48079014
49,12,0,0.35269767
50,2,1,0.46442625
51,1,0,0.7459582
52,19,0,0.56826687
53,13,0,0.3111815
54,11,1,0.7256113
55,10,0,0.30313343
56,18,0,0.42928392
57,8,1,0.653131
58,20,1,0.53790957
59,19,1,0.46192032
60,27,0,0.60815203
61,17,0,0.4103561
62,13,1,0.31931332
63,13,1,0.5894921
64,26,1,0.3114426
65,10,0,0.5233515
66,0,1,0.51897097
67,3,0,0.6447763
68,11,0,0.5498367
69,12,0,0.62873805
70,3,0,0.6354159
71,27,0,0.2763992
72,15,0,0.7460136
73,2,1,0.7548053
74,22,1,0.67159724
75,28,1,0.5350434
76,8,0,0.42008364
77,15,0,0.24477784
78,16,0,0.43019333
79,3,0,0.35283226
80,0,1,0.6192247
81,27,0,0.4774633
82,13,0,0.3613582
83,8,0,0.24925072
84,3,0,0.5950659
85,25,1,0.83579546
86,6,0,0.38973603
87,2,0,0.3922249
88,23,0,0.4942313
89,8,1,0.54774636
90,25,1,0.6531277
91,5,0,0.7465046
92,18,1,0.5804703
93,16,0,0.57049847
94,1,1,0.74064386
95,16,1,0.6935828
96,26,1,0.62305665
97,0,0,0.36530715
98,1,0,0.43012398
99,15,1,0.611387
100,2,0,0.5591797
101,10,1,0.55507994
102,17,1,0.5010956
103,2,1,0.6245816
104,0,0,0.5632499
105,17,0,0.33513406
106,0,0,0.44557533
107,16,0,0.3377003
108,17,1,0.74323577
109,17,1,0.71915776
110,16,1,0.48245904
111,15,1,0.66314846
112,28,0,0.72988915
113,14,1,0.7293924
114,17,1,0.64949304
115,26,1,0.7658417
116,6,0,0.43805996
117,16,1,0.7127282
118,15,1,0.5150259
119,27,1,0.28295237
120,1,1,0.5575702
121,22,0,0.48310944
122,11,0,0.5441375
123,13,1,0.39647806
124,6,0,0.5462387
125,15,1,0.7562444
126,28,1,0.3419137
127,20,0,0.38748476
128,13,0,0.63254523
129,6,1,0.5509251
130,1,1,0.74984705
131,11,0,0.51164716
132,8,0,0.5636367
133,1,1,0.24407549
134,27,0,0.42289707
135,14,0,0.5633681
136,4,1,0.6733114
137,23,0,0.42145464
138,28,1,0.28565314
139,25,0,0.4024181
140,6,1,0.63381165
141,11,1,0.5025401
142,16,0,0.37685403
143,11,0,0.30197254
144,24,0,0.5695947
145,17,1,0.59433067
146,26,1,0.436391
147,8,0,0.7860907
148,16,1,0.52903944
149,6,0,0.29165003
150,3,0,0.5595736
151,12,0,0.3140905
152,6,0,0.6640145
153,6,0,0.596139
154,25,1,0.6984345
155,9,1,0.38860214
156,6,1,0.48081747
157,24,1,0.39089826
158,14,0,0.36967242
159,5,1,0.5734127
160,11,1,0.63810545
161,2,0,0.24148373
162,21,0,0.6836616
163,27,0,0.39192772
164,15,0,0.6164251
165,14,0,0.57679677
166,14,1,0.6850543
167,13,0,0.58381337
168,24,0,0.36635372
169,8,0,0.65662336
170,14,0,0.2954584
171,26,0,0.5396066
172,8,0,0.27869865
173,4,1,0.35827604
174,1,1,0.78989804
175,16,1,0.763179
176,15,1,0.5201256
177,18,0,0.46304712
178,0,0,0.5842894
179,25,1,0.5941508
180,3,0,0.26173097
181,11,0,0.25483507
182,11,1,0.45842063
183,21,1,0.73251814
184,9,1,0.38341102
185,7,1,0.5174768
186,5,1,0.6900672
187,25,0,0.33950728
188,20,0,0.7310117
189,6,0,0.64257413
190,23,0,0.3262126
191,12,1,0.31760573
192,2,0,0.48332378
193,22,1,0.582573
194,1,0,0.5866943
195,27,1,0.7747199
196,2,1,0.70396054
197,1,0,0.48648688
198,27,1,0.7306591
199,8,0,0.5596465
200,17,1,0.5096545
201,20,0,0.39576104
202,12,1,0.25069237
203,28,1,0.66085446
204,13,1,0.7860571
205,25,0,0.37467676
206,14,1,0.54787946
207,21,1,0.28013057
208,15,0,0.24560672
209,12,1,0.7528061
210,9,1,0.4898708
211,10,0,0.56365395
212,23,0,0.47450602
213,10,1,0.51670665
214,24,0,0.2475275
215,15,0,0.761692
216,10,1,0.5881553
217,25,0,0.5984542
218,5,1,0.5879451
219,22,1,0.7087954
220,27,1,0.4395641
221,15,0,0.38549432
222,17,0,0.57602906
223,0,1,0.7658816
224,25,0,0.60462016
225,26,1,0.52132416
226,12,1,0.722294
227,15,1,0.37927508
228,1,0,0.56676024
229,1,1,0.46930462
230,2,0,0.5202939
231,15,0,0.6362402
232,25,0,0.29330587
233,19,1,0.34583244
234,7,1,0.73527133
235,27,0,0.39815998
236,1,0,0.67627645
237,26,0,0.5388965
238,18,0,0.43982738
239,25,0,0.3246301
240,8,0,0.43067276
241,13,1,0.5930494
242,7,1,0.6993899
243,3,0,0.3000739
244,25,0,0.3363849
245,13,0,0.526628
246,9,0,0.3725228
247,8,0,0.43982735
248,16,1,0.61787134
249,3,1,0.4589098
250,2,1,0.52921796
251,1,0,0.33086494
252,15,0,0.4810655
253,2,0,0.3732418
254,16,0,0.29966617
255,27,1,0.465498
256,24,0,0.6770593
257,16,0,0.50139165
258,8,0,0.32557303
259,8,1,0.5657811
260,28,1,0.6273141
261,14,1,0.7210192
262,19,0,0.44668013
263,15,1,0.6407901
264,2,1,0.68694764
265,4,0,0.57068217
266,7,1,0.6824305
267,4,1,0.6575985
268,1,0,0.37064984
269,6,1,0.7207131
270,2,1,0.32022384
271,15,0,0.32794306
272,20,0,0.3245317
273,17,0,0.30490524
274,28,0,0.683875
275,24,0,0.48697332
276,16,1,0.48406565
277,26,1,0.75171536
278,2,1,0.7009972
279,24,1,0.59394836
280,3,0,0.35437036
281,22,0,0.341698
282,25,1,0.47482184
283,23,0,0.37304536
284,8,0,0.5615399
285,16,0,0.42996716
286,2,0,0.48664695
287,0,0,0.3728874
288,24,1,0.5001092
289,11,1,0.70095867
290,13,1,0.40027052
291,16,0,0.24195252
292,15,0,0.3827144
293,2,0,0.4604133
294,8,1,0.44163743
295,22,0,0.30529046
296,3,1,0.71327686
297,8,0,0.32865784
298,26,1,0.25231373
299,6,1,0.47459745
300,25,0,0.30068418
301,5,1,0.78057474
302,26,1,0.4168255
303,18,0,0.33903584
304,28,0,0.33967295
305,12,1,0.3019301
306,15,1,0.66453475
307,1,1,0.5506626
308,4,1,0.6282221
309,25,0,0.6705838
310,15,0,0.4205945
311,4,0,0.35861683
312,17,0,0.25162953
313,25,0,0.4550488
314,15,0,0.48276445
315,26,1,0.687264
316,16,0,0.35688713
317,7,1,0.29258487
318,8,1,0.45842785
319,16,0,0.4786836
320,25,0,0.25344977
321,15,1,0.55916154
322,25,1,0.34571937
323,10,1,0.6583017
324,7,1,0.5093189
325,15,1,0.363458
326,8,0,0.42378706
327,13,1,0.4864234
328,28,0,0.67730325
329,2,0,0.39207235
330,8,1,0.789361
331,13,0,0.57032675
332,28,1,0.5990592
333,24,1,0.50176394
334,13,1,0.465379
335,14,0,0.7468937
336,16,0,0.6193372
337,3,0,0.3863605
338,4,0,0.44374746
339,4,1,0.6143756
340,13,0,0.31944698
341,16,0,0.2900342
342,2,1,0.51935595
343,17,1,0.5733061
344,8,0,0.2753019
345,6,0,0.3274714
346,20,0,0.38833898
347,11,1,0.5751001
348,23,1,0.5479509
349,15,0,0.25239348
350,25,0,0.55969536
351,14,0,0.31287277
352,9,0,0.55327773
353,8,0,0.45367733
354,7,1,0.64988303
355,10,1,0.30263147
356,2,0,0.27151385
357,10,0,0.39766064
358,13,0,0.4128009
359,14,0,0.36000788
360,2,0,0.35288748
361,20,1,0.66320974
362,16,1,0.41092297
363,25,0,0.3233032
364,26,1,0.631296
365,19,1,0.49581513
366,16,0,0.36885563
367,15,0,0.4121409
368,12,1,0.6102053
369,17,0,0.57801163
370,19,0,0.43759543
371,13,0,0.54446524
372,26,1,0.3585308
373,3,0,0.351208
374,11,1,0.55138135
375,13,1,0.5038463
376,18,1,0.4101541
377,5,1,0.72023195
378,7,1,0.34010983
379,2,0,0.4190516
380,12,1,0.6843014
381,15,0,0.4194477
382,1,1,0.54020596
383,28,1,0.73962295
384,3,1,0.47179312
385,25,0,0.63583297
386,13,1,0.6336747
387,7,0,0.5386812
388,26,1,0.36048934
389,17,0,0.6821906
390,20,0,0.29801342
391,27,1,0.5333341
392,15,0,0.35192648
393,16,1,0.6300659
394,8,0,0.3366956
395,4,1,0.34810865
396,8,1,0.4285032
397,1,1,0.55677
398,24,1,0.75720525
399,26,1,0.5925303
400,12,1,0.50210226
401,6,0,0.56474537
402,15,1,0.5197373
403,1,1,0.6222514
404,22,0,0.4645519
405,2,1,0.45862365
406,11,1,0.5417104
407,0,0,0.27436644
408,13,1,0.6143483
409,6,1,0.54009724
410,28,0,0.44437894
411,27,1,0.34957293
412,1,1,0.32278967
413,16,1,0.3208074
414,28,0,0.5798804
415,2,0,0.28211
416,23,0,0.40466717
417,10,0,0.5439681
418,12,0,0.41665855
419,26,1,0.4746474
420,5,1,0.54995495
421,2,1,0.7448583
422,5,0,0.46514267
423,28,1,0.50736797
424,26,1,0.38929486
425,2,0,0.29235458
426,10,0,0.49778235
427,9,0,0.6072201
428,26,1,0.59622365
429,25,1,0.33336678
430,1,0,0.4515477
431,21,1,0.56661636
432,18,1,0.6967843
433,19,1,0.26758233
434,2,1,0.70108986
435,19,1,0.35912928
436,15,0,0.2983041
437,2,1,0.24261242
438,5,1,0.70091134
439,0,0,0.37733552
440,23,0,0.28103402
441,5,1,0.7352089
442,7,1,0.2949756
443,13,1,0.4370423
444,4,0,0.6722699
445,11,0,0.3619783
446,12,0,0.4628314
447,10,1,0.5330454
448,27,0,0.305924
449,2,1,0.7855965
450,24,0,0.607093
451,1,0,0.6239632
452,28,1,0.56946355
453,16,1,0.5439282
454,13,0,0.59462535
455,0,1,0.45668936
456,18,0,0.59890836
457,28,1,0.75648
458,25,0,0.25421804
459,8,0,0.724931
460,28,1,0.68268895
461,18,1,0.73789287
462,6,1,0.4501789
463,8,0,0.68500066
464,7,0,0.32731232
465,7,0,0.34907445
466,16,0,0.2954318
467,21,0,0.5825712
468,2,0,0.3919219
469,23,1,0.7674608
470,28,1,0.6289385
471,19,0,0.29537973
472,4,0,0.6565602
473,26,0,0.3523331
474,2,0,0.23872061
475,13,1,0.47079223
476,22,0,0.42452392
477,27,0,0.6368788
478,27,1,0.5023297
479,0,0,0.42023826
480,25,1,0.65188193
481,13,1,0.422096
482,8,1,0.4974928
483,14,0,0.5650641
484,10,1,0.6566831
485,13,1,0.40238
486,5,0,0.62262714
487,16,0,0.5429769
488,5,1,0.7323054
489,15,1,0.528115
490,20,1,0.3754007
491,10,0,0.41378322
492,10,0,0.51848954
493,16,0,0.64565986
494,21,1,0.59796226
495,1,0,0.48365867
496,20,1,0.66419554
497,11,1,0.71782136
498,26,1,0.6208436
499,12,1,0.76980823
500,23,0,0.4404439
501,6,0,0.5449111
502,8,0,0.33092028
503,7,1,0.7391993
504,26,0,0.44878677
505,7,0,0.27812725
506,17,1,0.44794926
507,16,0,0.45329195
508,16,1,0.33722758
509,16,1,0.68577373
510,2,0,0.6339674
511,9,1,0.52823
512,28,1,0.6190087
513,28,0,0.32068348
514,15,1,0.3683837
515,1,1,0.684933
516,0,0,0.29213586
517,8,0,0.45403013
518,25,0,0.51176655
519,17,0,0.35243002
520,25,0,0.3771894
521,8,0,0.41823635
522,19,0,0.40500328
523,9,1,0.7066871
524,15,1,0.7296823
525,12,1,0.5735962
526,12,1,0.7918389
527,11,1,0.6215116
528,22,0,0.35680845
529,9,0,0.54402053
530,2,0,0.48127556
531,9,1,0.7654377
532,5,1,0.34970322
533,26,0,0.41422394
534,8,0,0.5429666
535,1,1,0.7079222
536,15,1,0.4842928
537,26,0,0.40845728
538,24,0,0.27121687
539,14,1,0.311343
540,13,0,0.35358843
541,15,1,0.83391577
542,27,0,0.4083267
543,7,0,0.53531605
544,2,0,0.45664868
545,8,1,0.75526655
546,28,1,0.51295894
547,13,1,0.6661123
548,8,1,0.4575349
549,13,1,0.7922441
550,11,0,0.45489877
551,0,1,0.33916157
552,9,0,0.71981776
553,15,1,0.46828967
554,16,1,0.35304806
555,25,0,0.24927522
556,4,0,0.3453458
557,26,1,0.65621346
558,11,0,0.3258559
559,21,1,0.5548204
560,25,0,0.31271306
561,8,0,0.44151136
562,4,1,0.72965163
563,27,1,0.48627368
564,19,0,0.25627688
565,18,0,0.39702284
566,6,1,0.3224984
567,2,1,0.410684
568,2,1,0.48630875
569,10,1,0.470297
570,3,0,0.4644336
571,11,0,0.43321383
572,24,1,0.35925582
573,3,1,0.5367988
574,10,1,0.48009655
575,27,0,0.37163717
576,10,0,0.41326433
577,12,1,0.8023729
578,22,0,0.38866892
579,22,0,0.6689541
580,8,0,0.66918206
581,6,0,0.4309356
582,27,0,0.47371748
583,23,0,0.4527758
584,25,1,0.6566228
585,9,1,0.617375
586,14,1,0.7506851
587,25,0,0.48603803
588,2,0,0.41061395
589,25,1,0.5985039
590,14,0,0.70026267
591,6,0,0.33540708
592,7,1,0.87670666
593,2,0,0.25847855
594,16,1,0.49014843
595,17,1,0.68498
596,5,1,0.68164194
597,13,0,0.3691134
598,18,0,0.37774587
599,22,0,0.7417145
600,25,1,0.76664907
601,10,1,0.4960419
602,15,0,0.32023922
603,6,0,0.5414343
604,17,1,0.43573037
605,13,0,0.44844535
606,7,0,0.31283396
607,17,1,0.6549241
608,6,0,0.30131745
609,15,0,0.37061152
610,13,0,0.63490677
611,25,1,0.65169734
612,20,1,0.84235895
613,8,1,0.84637356
614,26,1,0.3590123
615,15,0,0.35202336
616,2,0,0.5625327
617,25,0,0.6572656
618,22,1,0.6032054
619,26,1,0.2898702
620,28,1,0.4686813
621,16,1,0.604112
622,1,0,0.44383934
623,19,1,0.6637027
624,27,1,0.3850796
625,16,0,0.43479383
626,3,1,0.40794194
627,15,0,0.3577405
628,10,0,0.29929763
629,22,0,0.5173124
630,22,0,0.33117074
631,28,1,0.6394619
632,0,1,0.6707941
633,26,0,0.47037807
634,15,1,0.66447663
635,15,1,0.86325634
636,28,1,0.39221272
637,13,1,0.4882722
638,12,0,0.42930406
639,6,1,0.67718804
640,16,1,0.5373208
641,21,1,0.35546318
642,2,1,0.63507503
643,1,1,0.622496
644,6,0,0.61127764
645,27,1,0.5435378
646,11,1,0.37933287
647,22,1,0.5723379
648,13,0,0.3248717
649,6,1,0.3854207
650,18,0,0.27051327
651,17,0,0.4472441
652,18,1,0.436481
653,10,0,0.57582283
654,12,1,0.5840835
655,4,0,0.51976025
656,7,0,0.4525632
657,17,1,0.62141234
658,5,0,0.38516578
659,7,1,0.7838268
660,15,0,0.31938505
661,23,0,0.6630944
662,14,0,0.2962671
663,13,1,0.45707574
664,11,0,0.54837924
665,3,0,0.3084059
666,17,1,0.29444253
667,1,0,0.45865554
668,18,0,0.5485489
669,16,0,0.30474734
670,20,0,0.52514124
671,2,0,0.34038728
672,2,0,0.35797408
673,24,1,0.68952733
674,17,1,0.6433549
675,16,1,0.60518646
676,13,0,0.4427192
677,19,1,0.6462081
678,6,0,0.4227368
679,1,1,0.41573015
680,22,1,0.46913785
681,8,0,0.57947016
682,0,0,0.28429478
683,19,1,0.6816081
684,21,0,0.35061446
685,3,1,0.66881263
686,2,0,0.48632765
687,4,1,0.63229465
688,14,0,0.5175297
689,10,1,0.7928909
690,23,1,0.31419808
691,27,1,0.6001497
692,26,1,0.47608358
693,13,0,0.6596667
694,1,1,0.58759177
695,16,0,0.34828636
696,14,1,0.66073644
697,7,0,0.21172673
698,18,0,0.40907347
699,13,0,0.55616134
700,4,0,0.4690129
701,17,1,0.7237144
702,25,1,0.56549215
703,12,1,0.5697138
704,8,1,0.5831188
705,14,0,0.49109617
706,16,1,0.7008836
707,8,1,0.64329916
708,26,1,0.37022343
709,1,1,0.4454648
710,28,1,0.77929884
711,16,0,0.49117243
712,26,0,0.36645782
713,27,1,0.6583046
714,16,0,0.4480736
715,8,0,0.59307986
716,16,1,0.6849303
717,10,1,0.59312665
718,19,0,0.44837594
719,14,0,0.44539037
720,11,1,0.6193365
721,25,0,0.24369586
722,20,0,0.5335364
723,26,0,0.3090446
724,0,0,0.643598
725,3,1,0.5399482
726,11,1,0.74795866
727,2,0,0.28938264
728,7,1,0.3477089
729,22,1,0.6349924
730,10,1,0.60801625
731,9,1,0.31612208
732,26,0,0.24789798
733,2,0,0.5053527
734,1,0,0.40261063
735,27,1,0.5506165
736,7,0,0.44248727
737,13,1,0.73854345
738,23,0,0.49364638
739,8,1,0.5913222
740,16,0,0.32691652
741,25,0,0.40186107
742,11,1,0.5820272
743,10,0,0.6441165
744,25,0,0.51732594
745,11,1,0.5756166
746,2,0,0.3008542
747,1,1,0.39918748
748,8,0,0.3943794
749,7,0,0.29916376
750,8,1,0.57230794
751,20,1,0.53948855
752,12,1,0.4588708
753,16,0,0.5718098
754,27,0,0.285068
755,19,0,0.26365602
756,28,1,0.32260603
757,28,0,0.59579945
758,4,1,0.59002674
759,27,0,0.53113574
760,2,1,0.4291536
761,22,0,0.5705838
762,9,1,0.42693064
763,3,1,0.8481133
764,0,0,0.64877903
765,27,0,0.23907626
766,28,0,0.45769674
767,23,0,0.45786726
768,15,0,0.3740645
769,1,0,0.5685598
770,16,0,0.50408244
771,20,1,0.64970845
772,23,1,0.37884203
773,10,1,0.8149364
774,7,1,0.3291033
775,4,1,0.5889696
776,22,1,0.6038043
777,15,1,0.7628436
778,0,1,0.8589641
779,22,0,0.2756094
780,28,1,0.5077733
781,11,0,0.46674842
782,13,1,0.52120954
783,16,1,0.48026115
784,11,1,0.6434435
785,13,1,0.44512975
786,13,0,0.2574337
787,25,1,0.70616484
788,10,1,0.30561522
789,22,0,0.28967425
790,10,0,0.43773034
791,2,0,0.45585093
792,11,0,0.48696408
793,11,0,0.27968538
794,6,0,0.5391306
795,20,0,0.43767306
796,17,1,0.334429
797,5,0,0.33302322
798,26,1,0.6266827
799,25,1,0.5691718
800,27,0,0.6373834
801,1,0,0.4439537
802,10,1,0.53428686
803,1,0,0.24905767
804,20,1,0.6152964
805,16,0,0.2757056
806,11,1,0.5511968
807,28,1,0.542517
808,23,1,0.5200112
809,20,1,0.53440255
810,1,0,0.2463003
811,1,1,0.34763753
812,16,1,0.43783295
813,18,0,0.48861644
814,15,0,0.33082497
815,11,1,0.5838204
816,8,1,0.30703086
817,25,1,0.53221285
818,10,1,0.45855546
819,26,1,0.57666224
820,9,0,0.30227438
821,2,1,0.57486945
822,11,0,0.29246315
823,12,1,0.63526064
824,22,1,0.5791949
825,14,0,0.3868757
826,16,0,0.31334034
827,9,1,0.47505835
828,10,0,0.4284708
829,27,1,0.46439168
830,11,1,0.682101
831,25,0,0.44349074
832,16,1,0.81024426
833,6,0,0.3069801
834,25,1,0.6376816
835,26,1,0.8534642
836,11,1,0.6348305
837,8,0,0.6659432
838,2,1,0.56828743
839,4,0,0.3845059
840,16,0,0.43190315
841,16,1,0.48424107
842,8,0,0.6675346
843,5,0,0.4619312
844,2,1,0.69859546
845,3,0,0.5417644
846,1,1,0.7404461
847,11,1,0.5458016
848,14,1,0.83262527
849,1,0,0.3352987
850,23,1,0.65588385
851,26,0,0.4923338
852,20,0,0.40864578
853,2,0,0.52681166
854,0,0,0.5191025
855,11,0,0.31204194
856,17,1,0.46173674
857,7,1,0.47299907
858,27,1,0.716108
859,8,0,0.50814056
860,25,1,0.45355517
861,17,1,0.72381127
862,20,1,0.64257014
863,25,1,0.4769853
864,28,0,0.36676797
865,13,1,0.36899737
866,12,1,0.37426814
867,4,0,0.41903892
868,8,1,0.5120245
869,11,0,0.3069477
870,20,0,0.4058822
871,8,0,0.34650627
872,25,0,0.35817888
873,28,0,0.49865496
874,7,0,0.62060696
875,22,0,0.48484242
876,1,1,0.40576696
877,18,1,0.5903751
878,26,0,0.76628053
879,15,1,0.5311018
880,7,1,0.3814555
881,11,0,0.53762347
882,9,1,0.5711224
883,6,0,0.35388413
884,16,0,0.3577961
885,26,1,0.7271507
886,28,1,0.6503555
887,25,1,0.6624251
888,2,0,0.25720417
889,13,1,0.74522704
890,4,0,0.706828
891,6,1,0.5700668
892,12,0,0.27548587
893,24,1,0.626099
894,3,1,0.33473742
895,6,1,0.32193124
896,16,1,0.6000554
897,19,1,0.35535565
898,10,0,0.26549134
899,27,1,0.7266958
900,0,0,0.67774194
901,15,0,0.65752727
902,28,1,0.7802716
903,9,0,0.63604975
904,13,1,0.5371068
905,8,0,0.38860413
906,2,0,0.41602564
907,10,1,0.60825455
908,11,0,0.49432272
909,8,1,0.8524857
910,0,1,0.53340375
911,22,0,0.32555628
912,15,0,0.6457461
913,3,0,0.5260982
914,20,1,0.4183831
915,15,1,0.66418964
916,10,0,0.4017042
917,27,1,0.42996675
918,0,0,0.4057141
919,13,1,0.7691314
920,8,0,0.32877862
921,28,0,0.48824012
922,9,1,0.70293987
923,20,0,0.31384167
924,18,1,0.40228215
925,11,1,0.3212098
926,15,1,0.5641678
927,15,1,0.6214936
928,15,0,0.62227565
929,15,0,0.40632772
930,14,1,0.44467175
931,0,1,0.6169798
932,25,0,0.3400525
933,2,1,0.6334617
934,21,0,0.64385736
935,8,0,0.32758376
936,24,1,0.5493568
937,13,0,0.50103825
938,16,1,0.74838
939,14,0,0.30879128
940,25,1,0.55050856
941,24,0,0.30905676
942,5,0,0.33382016
943,11,1,0.36506334
944,12,1,0.73154604
945,15,0,0.49672046
946,27,0,0.42063126
947,5,0,0.5094651
948,3,1,0.50578713
949,5,0,0.30601892
950,19,0,0.3347553
951,8,1,0.778822
952,10,0,0.6369484
953,6,0,0.3629467
954,21,1,0.41923437
955,24,1,0.49869686
956,16,0,0.4385163
957,11,0,0.26550063
958,28,0,0.6926328
959,3,0,0.3495952
960,25,0,0.5415951
961,2,0,0.42464426
962,7,0,0.36235085
963,20,0,0.30282378
964,27,1,0.652759
965,18,1,0.5220298
966,10,1,0.51932275
967,26,1,0.7563256
968,8,1,0.6280417
969,25,0,0.28680673
970,11,1,0.64805233
971,17,1,0.688708
972,0,0,0.26769498
973,23,1,0.58204013
974,11,0,0.38345033
975,10,1,0.3922977
976,5,0,0.34568837
977,21,1,0.6102169
978,13,1,0.41501638
979,11,0,0.342421
980,28,1,0.31016406
981,6,0,0.34273937
982,28,1,0.62408924
983,10,1,0.6271199
984,18,0,0.42569807
985,3,1,0.4981633
986,14,0,0.24929146
987,5,0,0.4887294
988,7,0,0.59690595
989,11,1,0.72632915
990,11,0,0.53444034
991,18,1,0.44170597
992,2,1,0.58942
993,28,0,0.4351047
994,16,0,0.32113704
995,16,0,0.64942163
996,19,0,0.48091698
997,13,0,0.44546333
998,23,0,0.51277393
999,15,0,0.4043012
1000,14,1,0.5385919
1001,25,1,0.7313179
1002,3,0,0.5717255
1003,18,0,0.55438095
1004,7,1,0.59835696
1005,14,1,0.53071904
1006,11,0,0.35047448
1007,24,0,0.23396225
1008,16,0,0.50997114
1009,13,1,0.32754707
1010,6,0,0.60063595
1011,20,0,0.26070884
1012,21,1,0.66954976
1013,22,0,0.28847018
1014,1,0,0.41664946
1015,1,1,0.37147287
1016,13,0,0.35641405
1017,28,0,0.28114864
1018,26,1,0.7505323
1019,16,0,0.64598584
1020,2,1,0.5596812
1021,6,0,0.46409705
1022,16,1,0.44937956
1023,17,1,0.56240743
1024,27,0,0.49218822
1025,20,0,0.29747096
1026,12,0,0.3842025
1027,28,0,0.44960955
1028,5,0,0.5299034
1029,28,1,0.38715002
1030,1,1,0.6010277
1031,13,1,0.7236599
1032,15,1,0.6857959
1033,8,1,0.70572364
1034,20,0,0.61491776
1035,10,1,0.65303123
1036,10,0,0.5212892
1037,28,0,0.33408433
1038,3,1,0.24368493
1039,8,1,0.41089377
1040,12,0,0.5612708
1041,2,1,0.58779657
1042,11,0,0.7511213
1043,12,0,0.4351966
1044,1,1,0.35139877
1045,1,0,0.29249603
1046,20,1,0.49392587
1047,26,0,0.38843384
1048,15,1,0.74155855
1049,8,0,0.4524945
1050,1,0,0.27700368
1051,3,1,0.69929224
1052,8,0,0.43953675
1053,17,1,0.2558427
1054,11,1,0.56983525
1055,26,0,0.4778574
1056,26,1,0.37414774
1057,6,0,0.31042382
1058,24,0,0.54405725
1059,20,0,0.66075957
1060,2,1,0.3784104
1061,10,1,0.43234292
1062,3,1,0.71707845
1063,10,0,0.38072124
1064,13,1,0.7664671
1065,17,0,0.26820162
1066,28,1,0.7187164
1067,5,1,0.47203177
1068,4,0,0.45827267
1069,16,1,0.8127767
1070,16,0,0.31333983
1071,25,1,0.6081261
1072,14,1,0.40832704
1073,1,0,0.4826914
1074,2,0,0.71032745
1075,21,0,0.37812582
1076,1,1,0.65321285
1077,10,1,0.47203034
1078,22,0,0.5702908
1079,22,1,0.83694756
1080,11,1,0.6957719
1081,24,0,0.7241308
1082,16,1,0.5653596
1083,18,0,0.49648225
1084,12,1,0.46293774
1085,24,1,0.63936496
1086,17,0,0.35247242
1087,1,0,0.4515189
1088,25,1,0.7750926
1089,1,1,0.6553835
1090,19,0,0.33707866
1091,9,0,0.49803177
1092,1,1,0.5875675
1093,6,1,0.5337127
1094,3,1,0.81096333
1095,1,0,0.32864732
1096,8,1,0.5182096
1097,1,1,0.24351284
1098,18,0,0.5104148
1099,9,1,0.31200927
1100,11,0,0.26921865
1101,20,1,0.7506077
1102,1,1,0.61349154
1103,11,0,0.37780166
1104,6,0,0.41997275
1105,22,0,0.63932514
1106,16,1,0.28353673
1107,1,0,0.4163887
1108,11,0,0.36093482
1109,6,0,0.33734173
1110,19,0,0.3816521
1111,19,1,0.6236516
1112,10,0,0.7256098
1113,10,1,0.5112654
1114,4,0,0.69613874
1115,2,0,0.76006246
1116,1,1,0.7184004
1117,6,0,0.40635243
1118,21,0,0.3611991
1119,17,0,0.70053416
1120,16,0,0.28528497
1121,13,0,0.51624876
1122,14,0,0.67396677
1123,1,1,0.72997755
1124,6,0,0.43012914
1125,7,0,0.41712433
1126,1,0,0.31092748
1127,2,1,0.7056992
1128,1,0,0.39919376
1129,2,0,0.63238245
1130,17,1,0.30189946
1131,18,0,0.4635843
1132,20,1,0.3386827
1133,1,0,0.35596335
1134,16,1,0.49837705
1135,26,1,0.4704512
1136,8,0,0.42965966
1137,28,1,0.29222468
1138,12,1,0.5462745
1139,16,0,0.48199394
1140,13,1,0.7597134
1141,14,0,0.37099648
1142,7,0,0.452959
1143,28,1,0.42026463
1144,4,0,0.5346908
1145,10,0,0.41829097
1146,7,1,0.6402812
1147,4,1,0.5570898
1148,20,1,0.6369396
1149,11,1,0.3818036
1150,10,1,0.39819264
1151,20,1,0.48560777
1152,15,1,0.6413156
1153,22,1,0.5611816
1154,14,1,0.4902095
1155,20,0,0.22401895
1156,19,0,0.3774348
1157,7,1,0.35270238
1158,6,1,0.68560815
1159,15,0,0.6191955
1160,24,0,0.41470528
1161,18,0,0.57774216
1162,25,0,0.24323249
1163,10,1,0.5435272
1164,25,0,0.56631416
1165,16,0,0.5196964
1166,3,1,0.74165064
1167,21,0,0.3721013
1168,3,1,0.53359824
1169,11,0,0.3592951
1170,19,1,0.6540469
1171,1,1,0.6970857
1172,1,0,0.32798794
1173,17,1,0.4887921
1174,0,1,0.5889299
1175,20,0,0.7411444
1176,15,0,0.58309007
1177,28,0,0.28994152
1178,15,1,0.41442972
1179,1,0,0.58869976
1180,16,0,0.58728695
1181,1,1,0.4428941
1182,8,0,0.28101623
1183,16,0,0.6459357
1184,7,0,0.55911696
1185,3,0,0.31318107
1186,11,1,0.2628831
1187,4,1,0.6915921
1188,21,1,0.57777184
1189,1,1,0.3820721
1190,23,1,0.32994953
1191,2,1,0.6969255
1192,17,0,0.6804148
1193,17,1,0.72120315
1194,28,0,0.5014595
1195,10,1,0.35494295
1196,20,1,0.496836
1197,6,0,0.3939345
1198,0,1,0.6813346
1199,27,0,0.3138806
1200,16,0,0.5601815
1201,11,0,0.34356564
1202,9,1,0.7542419
1203,13,1,0.42896008
1204,8,1,0.6820031
1205,7,1,0.59920377
1206,13,1,0.41807443
1207,10,1,0.47994217
1208,12,0,0.59141403
1209,14,0,0.39792788
1210,27,1,0.40327573
1211,15,0,0.47367805
1212,17,0,0.38429832
1213,4,1,0.8050778
1214,27,1,0.5551768
1215,12,1,0.68395704
1216,18,1,0.5382804
1217,18,1,0.7904423
1218,10,1,0.7599045
1219,13,1,0.33681718
1220,20,1,0.6052128
1221,25,1,0.57976466
1222,10,1,0.86482334
1223,9,0,0.2578792
1224,1,1,0.37229785
1225,28,0,0.43545032
1226,14,1,0.73074013
1227,19,0,0.49637428
1228,1,0,0.4169075
1229,10,0,0.55316895
1230,15,1,0.57250947
1231,13,0,0.5000993
1232,16,0,0.77340364
1233,0,1,0.5480485
1234,25,0,0.33320168
1235,21,1,0.6253383
1236,10,0,0.35708275
1237,15,0,0.44084978
1238,2,1,0.5699132
1239,13,1,0.45045596
1240,1,1,0.6133526
1241,20,0,0.45951802
1242,12,0,0.29016754
1243,1,0,0.45135793
1244,28,1,0.6659437
1245,9,1,0.3516961
1246,23,1,0.6302295
1247,27,1,0.60959053
1248,15,0,0.49232885
1249,2,1,0.39737713
1250,26,0,0.32701966
1251,13,0,0.48556188
1252,12,1,0.36308724
1253,27,0,0.26119772
1254,8,1,0.5557961
1255,7,1,0.6417707
1256,17,0,0.5145002
1257,28,1,0.8078914
1258,11,0,0.4396635
1259,8,0,0.5236247
1260,8,1,0.5785934
1261,8,0,0.4901226
1262,23,0,0.34265873
1263,5,0,0.34867853
1264,16,1,0.5620745
1265,2,1,0.7569409
1266,18,0,0.65174675
1267,14,0,0.36497054
1268,15,0,0.2824997
1269,16,1,0.6079281
1270,23,1,0.4522396
1271,22,1,0.65883327
1272,17,0,0.60160077
1273,2,1,0.689637
1274,28,1,0.66227686
1275,25,1,0.59554774
1276,19,1,0.55745155
1277,6,0,0.33914074
1278,13,1,0.44445378
1279,13,0,0.6242527
1280,0,0,0.41916105
1281,13,0,0.310573
1282,10,0,0.3207681
1283,12,0,0.4798833
1284,16,0,0.37217754
1285,16,1,0.58065253
1286,19,0,0.4883263
1287,5,1,0.5524286
1288,0,0,0.36555254
1289,26,1,0.41271886
1290,7,0,0.64308435
1291,5,1,0.50413233
1292,10,1,0.62802655
1293,27,1,0.7467823
1294,9,1,0.64549613
1295,6,0,0.39022073
1296,11,0,0.62655497
1297,13,1,0.55661637
1298,9,0,0.6827533
1299,28,0,0.24777907
1300,20,0,0.3091459
1301,7,1,0.60784656
1302,7,1,0.8211235
1303,26,1,0.58837914
1304,28,0,0.35397735
1305,11,1,0.597734
1306,6,1,0.6541957
1307,16,0,0.68301696
1308,13,1,0.66895175
1309,8,0,0.34372434
1310,28,0,0.32896584
1311,21,1,0.51545924
1312,16,1,0.47878963
1313,24,1,0.5657309
1314,27,1,0.70083016
1315,23,1,0.56725335
1316,13,1,0.7001882
1317,26,1,0.7417458
1318,21,0,0.31527883
1319,2,0,0.2987895
1320,13,1,0.7252714
1321,10,0,0.36295798
1322,13,0,0.414645
1323,10,1,0.76956564
1324,13,1,0.65860504
1325,21,0,0.58668685
1326,7,1,0.28996208
1327,23,1,0.7054569
1328,23,1,0.6619268
1329,28,0,0.376302
1330,4,1,0.5184642
1331,12,1,0.48891056
1332,3,1,0.64081246
1333,19,0,0.69738716
1334,0,1,0.46518734
1335,6,1,0.49167687
1336,26,0,0.39111307
1337,23,1,0.5347925
1338,25,1,0.76284176
1339,25,1,0.79169
1340,4,1,0.35067162
1341,16,1,0.7140397
1342,12,1,0.6343147
1343,19,1,0.34198633
1344,5,1,0.2800981
1345,18,1,0.83565164
1346,16,0,0.5721105
1347,13,0,0.39027703
1348,13,1,0.7924398
1349,28,0,0.6726011
1350,3,1,0.30544207
1351,9,0,0.37367722
1352,22,0,0.57802325
1353,0,0,0.43345484
1354,22,1,0.41335553
1355,20,1,0.57071775
1356,9,1,0.60207385
1357,17,0,0.36007965
1358,20,0,0.45304272
1359,15,1,0.4097989
1360,3,1,0.3719873
1361,10,0,0.48653957
1362,15,0,0.30776903
1363,25,1,0.52730113
1364,13,0,0.24650902
1365,14,1,0.63792396
1366,1,0,0.3315194
1367,14,0,0.7224696
1368,17,1,0.40024337
1369,9,1,0.62985593
1370,3,1,0.29225996
1371,6,1,0.6795721
1372,7,1,0.6640357
1373,10,0,0.5955298
1374,8,0,0.38858145
1375,22,0,0.6320359
1376,13,1,0.64012605
1377,12,1,0.7342401
1378,8,0,0.49139467
1379,12,1,0.7679981
1380,18,0,0.5677126
1381,17,1,0.67790943
1382,5,0,0.6243765
1383,2,1,0.35888684
1384,3,1,0.4386115
1385,7,0,0.6967095
1386,11,0,0.39487085
1387,25,0,0.35870445
1388,2,1,0.27398005
1389,12,1,0.4804603
1390,18,0,0.6076509
1391,12,0,0.6306561
1392,13,0,0.3937144
1393,2,0,0.6907113
1394,2,0,0.35136226
1395,1,1,0.6448822
1396,2,0,0.4887606
1397,8,0,0.44538987
1398,27,1,0.6361625
1399,14,1,0.36401948
1400,22,0,0.65351486
1401,9,0,0.613246
1402,25,1,0.70866644
1403,26,1,0.4139435
1404,6,0,0.4859173
1405,16,1,0.65866846
1406,19,0,0.4970313
1407,1,1,0.30708137
1408,16,1,0.6649046
1409,11,1,0.8533798
1410,0,1,0.6712184
1411,17,0,0.3051559
1412,22,0,0.33849794
1413,15,1,0.34841055
1414,2,0,0.36218914
1415,10,0,0.3554241
1416,10,0,0.7456285
1417,19,1,0.49245948
1418,22,0,0.49867287
1419,15,1,0.7812486
1420,10,0,0.6002342
1421,28,0,0.49313796
1422,10,0,0.25269115
1423,20,0,0.30315283
1424,20,1,0.6591255
1425,12,1,0.6617514
1426,10,0,0.3478949
1427,6,0,0.34340033
1428,27,0,0.54472315
1429,20,0,0.33772874
1430,15,1,0.45593408
1431,15,0,0.38381287
1432,13,0,0.5899122
1433,11,0,0.38342768
1434,6,1,0.31661114
1435,11,0,0.36816102
1436,23,0,0.38514403
1437,25,1,0.599407
1438,2,0,0.72442347
1439,3,1,0.57208216
1440,28,1,0.40012047
1441,19,0,0.36413902
1442,6,0,0.2699614
1443,20,0,0.28246444
1444,17,0,0.42109254
1445,11,1,0.64587563
1446,10,1,0.6931172
1447,12,0,0.55139595
1448,23,1,0.8661531
1449,3,0,0.2556888
1450,26,0,0.31077847
1451,7,1,0.76487684
1452,7,0,0.39176226
1453,16,0,0.6763847
1454,10,0,0.5776674
1455,14,1,0.58381623
1456,12,1,0.57837015
1457,4,1,0.76341045
1458,0,1,0.63895476
1459,19,1,0.63328075
1460,25,1,0.3674924
1461,8,0,0.37239763
1462,16,1,0.7823549
1463,19,1,0.37193146
1464,20,1,0.5855957
1465,2,1,0.6461778
1466,6,1,0.48220134
1467,16,1,0.7751837
1468,10,1,0.5130108
1469,25,1,0.79175276
1470,18,1,0.4745942
1471,17,1,0.63135195
1472,8,0,0.56452376
1473,12,0,0.4504471
1474,14,0,0.28630862
1475,2,1,0.58601046
1476,26,1,0.575853
1477,26,0,0.5199376
1478,0,1,0.45094672
1479,15,1,0.64477813
1480,26,0,0.48141885
1481,22,0,0.44558698
1482,4,0,0.62940073
1483,1,1,0.5727069
1484,13,0,0.3892055
1485,25,1,0.37915
1486,27,1,0.60803545
1487,10,1,0.46365696
1488,9,0,0.32589367
1489,0,1,0.5287337
1490,21,0,0.4839824
1491,9,1,0.5894785
1492,25,0,0.55383235
1493,12,1,0.7153314
1494,28,0,0.30354553
1495,17,0,0.30654463
1496,2,1,0.27917072
1497,8,1,0.70666766
1498,0,0,0.65737045
1499,11,1,0.7720473
1500,17,0,0.39024904
1501,2,1,0.728543
1502,21,1,0.34039536
1503,20,0,0.5603796
1504,21,1,0.26833493
1505,3,0,0.36137608
1506,7,0,0.24602644
1507,25,1,0.58259976
1508,17,1,0.60564184
1509,8,1,0.39412364
1510,26,1,0.6339075
1511,15,0,0.36228213
1512,24,0,0.57935023
1513,14,0,0.70037675
1514,26,0,0.43526906
1515,1,0,0.41128963
1516,10,0,0.37820584
1517,12,0,0.28379786
1518,13,1,0.79911184
1519,23,0,0.25764757
1520,0,1,0.48322222
1521,8,0,0.5415487
1522,12,1,0.36408445
1523,11,1,0.4734452
1524,22,0,0.5134102
1525,22,1,0.5118975
1526,27,0,0.28972492
1527,16,1,0.5665662
1528,28,1,0.5459137
1529,7,1,0.5374838
1530,25,0,0.28135106
1531,27,0,0.36431873
1532,16,1,0.3976098
1533,10,1,0.38045815
1534,20,0,0.6650796
1535,1,0,0.37253946
1536,7,1,0.64709836
1537,4,0,0.3636354
1538,2,1,0.70600814
1539,3,0,0.31485415
1540,16,1,0.57326716
1541,18,0,0.37300587
1542,13,1,0.7868974
1543,11,0,0.48676726
1544,6,1,0.62302303
1545,18,0,0.38808995
1546,22,1,0.50709975
1547,2,1,0.77995807
1548,2,1,0.780409
1549,1,0,0.29625076
1550,24,0,0.5446545
1551,22,1,0.420408
1552,18,1,0.6775049
1553,13,1,0.60545313
1554,16,0,0.43200734
1555,26,0,0.4126075
1556,16,0,0.35382885
1557,9,0,0.70733786
1558,23,0,0.6436318
1559,25,1,0.45407358
1560,21,1,0.3931376
1561,6,1,0.7461201
1562,16,0,0.54772973
1563,15,0,0.48750088
1564,2,1,0.7474331
1565,2,0,0.31153676
1566,21,1,0.6886596
1567,8,0,0.56983036
1568,6,1,0.6896914
1569,6,1,0.48060244
1570,13,1,0.6548626
1571,10,0,0.33720195
1572,13,1,0.3277384
1573,9,0,0.22943012
1574,10,1,0.43094376
1575,4,0,0.61118585
1576,27,0,0.34153128
1577,26,1,0.32079056
1578,25,1,0.2980474
1579,2,0,0.28146282
1580,8,0,0.2501712
1581,0,1,0.42780694
1582,6,0,0.52346164
1583,15,0,0.44909173
1584,2,1,0.4489532
1585,7,0,0.25266808
1586,26,1,0.73810565
1587,7,0,0.66559285
1588,28,0,0.29284206
1589,11,1,0.32478786
1590,12,0,0.382795
1591,26,1,0.6952662
1592,6,0,0.3389704
1593,28,0,0.46259576
1594,25,1,0.67743534
1595,7,1,0.52627486
1596,14,0,0.38882655
1597,5,1,0.552681
1598,10,1,0.4308461
1599,16,1,0.48437613
1600,4,0,0.36106655
1601,10,0,0.5462054
1602,13,0,0.5686224
1603,13,0,0.6211668
1604,19,0,0.25924468
1605,12,1,0.7258098
1606,2,1,0.24017891
1607,20,0,0.3203509
1608,26,1,0.6186917
1609,26,1,0.6019139
1610,8,0,0.60975635
1611,20,0,0.2899679
1612,15,0,0.49509007
1613,7,0,0.493115
1614,27,1,0.47852093
1615,25,0,0.40908056
1616,8,1,0.7967688
1617,6,1,0.6925185
1618,20,1,0.53415227
1619,25,1,0.60556114
1620,1,0,0.573654
1621,27,1,0.49795917
1622,11,0,0.47877905
1623,16,1,0.5352346
1624,26,1,0.6558022
1625,19,1,0.60332465
1626,21,0,0.5397406
1627,14,0,0.51201844
1628,15,1,0.41323078
1629,25,0,0.569958
1630,6,0,0.75081503
1631,28,0,0.36945307
1632,1,1,0.75272226
1633,2,1,0.7540681
1634,17,1,0.33717945
1635,6,1,0.5597818
1636,24,1,0.642443
1637,19,1,0.62873703
1638,13,0,0.50308895
1639,26,1,0.555827
1640,15,0,0.4228216
1641,22,1,0.3326222
1642,27,1,0.6585299
1643,2,0,0.38021937
1644,13,0,0.2984661
1645,16,0,0.4112978
1646,11,1,0.3532942
1647,2,1,0.65459
1648,8,0,0.28338024
1649,4,0,0.32705328
1650,17,1,0.48754972
1651,27,1,0.6012478
1652,10,1,0.5348684
1653,22,0,0.5492417
1654,26,1,0.31034335
1655,20,1,0.8430882
1656,24,0,0.38147262
1657,22,1,0.61863863
1658,8,1,0.4199598
1659,6,1,0.74520344
1660,27,1,0.76422393
1661,13,1,0.6471583
1662,2,0,0.3440929
1663,21,0,0.577593
1664,20,0,0.3858838
1665,27,1,0.5372856
1666,7,1,0.62982523
1667,16,1,0.5260051
1668,20,1,0.5740163
1669,27,1,0.576711
1670,27,1,0.5729311
1671,27,0,0.649951
1672,12,0,0.5581438
1673,24,0,0.4179297
1674,19,1,0.5548512
1675,22,0,0.2621786
1676,13,0,0.48075372
1677,10,1,0.7901507
1678,6,0,0.5111721
1679,23,0,0.5264812
1680,10,0,0.47865298
1681,25,0,0.40745023
1682,24,1,0.34211966
1683,5,0,0.6402488
1684,18,0,0.33705777
1685,27,1,0.65728515
1686,24,1,0.57525
1687,26,1,0.74824876
1688,12,1,0.23546499
1689,20,0,0.51725703
1690,22,0,0.6247041
1691,3,1,0.3162232
1692,3,1,0.5335474
1693,2,0,0.40843445
1694,10,1,0.48224095
1695,15,1,0.6648834
1696,13,1,0.46931618
1697,22,1,0.80280447
1698,18,0,0.5460418
1699,11,1,0.55504763
1700,8,1,0.3075913
1701,24,0,0.6301211
1702,24,1,0.7259943
1703,8,0,0.5123569
1704,13,0,0.4042147
1705,22,0,0.27710754
1706,6,1,0.70782566
1707,16,1,0.73614746
1708,5,1,0.80191
1709,6,0,0.44824618
1710,6,1,0.67811453
1711,2,1,0.43949613
1712,24,1,0.4941438
1713,6,0,0.33120096
1714,16,0,0.3451723
1715,17,0,0.46580532
1716,17,0,0.5160103
1717,16,0,0.44806525
1718,13,1,0.6502946
1719,2,1,0.43852848
1720,13,1,0.66372544
1721,11,0,0.28293827
1722,16,0,0.43189257
1723,15,0,0.32947475
1724,2,0,0.40395775
1725,7,1,0.43933055
1726,0,1,0.7515704
1727,17,0,0.51313204
1728,12,1,0.6244122
1729,15,1,0.7627735
1730,16,1,0.3266486
1731,27,1,0.43382588
1732,17,1,0.6390081
1733,15,1,0.5032788
1734,1,1,0.6565758
1735,13,0,0.4916217
1736,27,0,0.4132609
1737,1,0,0.44683963
1738,3,1,0.4199228
1739,26,0,0.6098403
1740,27,1,0.6431382
1741,1,1,0.5647114
1742,21,1,0.5898854
1743,2,0,0.40594012
1744,0,1,0.4172968
1745,28,1,0.40530902
1746,10,0,0.34985238
1747,1,0,0.4898026
1748,13,1,0.46925232
1749,11,0,0.5506676
1750,28,1,0.5775702
1751,2,1,0.67695373
1752,13,0,0.57176673
1753,2,1,0.4035297
1754,12,1,0.49266297
1755,12,0,0.33114055
1756,18,1,0.6659582
1757,8,1,0.8250394
1758,8,1,0.49145344
1759,15,0,0.29332554
1760,16,0,0.6172286
1761,2,0,0.5732768
1762,19,0,0.26255894
1763,13,1,0.61432946
1764,2,1,0.4768338
1765,13,0,0.2357699
1766,10,0,0.58704346
1767,3,1,0.5158642
1768,14,1,0.8338437
1769,7,1,0.5157652
1770,1,1,0.65494007
1771,24,1,0.4204076
1772,6,0,0.5462023
1773,26,1,0.6110121
1774,11,0,0.34647298
1775,25,0,0.37504837
1776,10,1,0.5455314
1777,7,1,0.5859009
1778,2,0,0.59653246
1779,19,0,0.5127257
1780,27,0,0.3390336
1781,16,1,0.40465018
1782,13,0,0.5285392
1783,1,0,0.37480244
1784,5,0,0.2525394
1785,9,0,0.7082173
1786,10,1,0.5694049
1787,7,1,0.7077569
1788,17,0,0.3772702
1789,25,1,0.46627453
1790,8,1,0.38055587
1791,4,1,0.5668908
1792,16,0,0.43683723
1793,25,0,0.59315485
1794,18,0,0.37407288
1795,12,0,0.33559895
1796,13,0,0.5749051
1797,15,0,0.4003595
1798,17,0,0.44818443
1799,19,0,0.50576097
1800,24,0,0.541886
1801,15,0,0.8026483
1802,1,1,0.32481104
1803,19,1,0.70717734
1804,18,1,0.7621013
1805,24,1,0.6995778
1806,8,0,0.33091673
1807,12,1,0.5867866
1808,12,1,0.42176038
1809,4,0,0.5641685
1810,13,0,0.65933424
1811,26,0,0.5703119
1812,8,1,0.4999143
1813,27,1,0.5904782
1814,9,0,0.5228278
1815,10,1,0.7154111
1816,27,1,0.5880566
1817,3,0,0.308016
1818,14,1,0.3470927
1819,25,0,0.5001789
1820,2,0,0.53538877
1821,16,0,0.25219437
1822,26,0,0.71074337
1823,2,1,0.4552258
1824,13,1,0.67088324
1825,25,1,0.53277
1826,3,1,0.6139472
1827,12,1,0.78320044
1828,15,1,0.3731001
1829,22,0,0.6232466
1830,4,1,0.7227404
1831,25,0,0.39336398
1832,3,1,0.37072045
1833,8,1,0.5112326
1834,17,0,0.31334567
1835,7,0,0.35269466
1836,12,0,0.47876576
1837,21,0,0.28673956
1838,18,1,0.3443128
1839,15,1,0.49824885
1840,20,0,0.3750983
1841,12,1,0.6333068
1842,15,0,0.3207513
1843,11,1,0.72831583
1844,10,1,0.2979676
1845,2,1,0.67582786
1846,24,0,0.40161216
1847,23,0,0.38953844
1848,22,0,0.56774235
1849,13,1,0.6080339
1850,11,0,0.31881958
1851,10,0,0.4955568
1852,1,0,0.7918252
1853,11,0,0.2607027
1854,24,0,0.31530458
1855,16,0,0.39773065
1856,2,1,0.741577
1857,2,1,0.5253018
1858,4,0,0.38686603
1859,15,0,0.5392976
1860,15,1,0.7163473
1861,16,0,0.6781842
1862,13,1,0.8591959
1863,10,1,0.5309557
1864,12,0,0.3994166
1865,5,1,0.3833427
1866,1,0,0.38487396
1867,1,0,0.3644597
1868,15,0,0.41964576
1869,16,1,0.50331926
1870,1,1,0.40695179
1871,8,0,0.32144397
1872,23,0,0.6590526
1873,21,1,0.8377583
1874,16,1,0.44177005
1875,15,0,0.5895077
1876,5,0,0.40292963
1877,24,0,0.36821747
1878,15,1,0.77138746
1879,1,0,0.43869498
1880,26,1,0.82886666
1881,12,1,0.32552475
1882,1,1,0.68127704
1883,19,0,0.6438932
1884,7,1,0.49120054
1885,2,0,0.37808546
1886,23,1,0.34581935
1887,16,1,0.66827965
1888,16,1,0.4230445
1889,26,1,0.66883457
1890,21,1,0.6746499
1891,17,0,0.2521794
1892,5,1,0.6081533
1893,7,0,0.48646125
1894,6,1,0.6064853
1895,2,0,0.63173956
1896,22,1,0.4447054
1897,14,0,0.26032975
1898,2,1,0.52160317
1899,21,0,0.44295147
1900,16,1,0.55575264
1901,4,1,0.24488021
1902,12,0,0.5483866
1903,23,0,0.674266
1904,16,1,0.5589047
1905,4,1,0.43663067
1906,18,0,0.549826
1907,20,1,0.63386446
1908,8,0,0.37462845
1909,1,1,0.36384255
1910,16,1,0.66358376
1911,27,0,0.40845233
1912,11,0,0.67384624
1913,8,1,0.48406947
1914,19,1,0.560471
1915,26,0,0.22963792
1916,20,1,0.5814456
1917,1,0,0.5143616
1918,10,1,0.580728
1919,13,0,0.42726198
1920,25,0,0.40343964
1921,16,1,0.83985037
1922,12,0,0.40328342
1923,26,0,0.72811586
1924,17,0,0.608868
1925,18,0,0.687125
1926,25,0,0.27384984
1927,13,1,0.6374254
1928,18,1,0.42249143
1929,10,1,0.62385046
1930,10,0,0.646669
1931,19,0,0.8031005
1932,8,0,0.38607052
1933,13,0,0.38708782
1934,23,0,0.32281995
1935,12,1,0.58016974
1936,25,1,0.6354787
1937,12,1,0.70113826
1938,11,0,0.6818878
1939,8,0,0.47643417
1940,12,1,0.62275094
1941,16,0,0.37532398
1942,10,0,0.39514342
1943,21,1,0.5847474
1944,1,1,0.47400475
1945,22,0,0.46754456
1946,20,1,0.7621677
1947,8,1,0.40440217
1948,8,0,0.32789832
1949,15,1,0.4117762
1950,27,1,0.7066484
1951,15,1,0.37760848
1952,8,1,0.56405056
1953,12,1,0.32568994
1954,2,0,0.34395307
1955,2,1,0.7285399
1956,13,1,0.57766163
1957,13,0,0.26348805
1958,1,1,0.6100565
1959,24,1,0.4496198
1960,11,1,0.7824911
1961,1,0,0.24531198
1962,5,1,0.7201208
1963,20,0,0.34579828
1964,12,1,0.49868822
1965,4,1,0.58439606
1966,15,1,0.5959857
1967,27,1,0.66371953
1968,21,0,0.37203106
1969,18,1,0.7121806
1970,20,1,0.6718466
1971,18,0,0.5074741
1972,2,1,0.62770575
1973,25,0,0.46936187
1974,21,0,0.46675807
1975,22,1,0.5595586
1976,22,1,0.28737256
1977,16,0,0.7479287
1978,16,1,0.40610862
1979,14,1,0.5741876
1980,1,1,0.41180274
1981,4,0,0.3688827
1982,26,0,0.7343401
1983,24,1,0.65601045
1984,25,1,0.3708421
1985,9,1,0.624237
1986,3,0,0.7130586
1987,7,1,0.60523957
1988,25,1,0.6826659
1989,11,0,0.79350764
1990,13,1,0.4278965
1991,17,0,0.2709797
1992,17,1,0.68993455
1993,25,0,0.49196205
1994,17,1,0.7317403
1995,19,0,0.36993268
1996,16,1,0.5416651
1997,0,0,0.29966184
1998,10,0,0.2596027
1999,16,1,0.56315297
2000,4,0,0.6282632
2001,11,1,0.6488874
2002,21,0,0.2414536
2003,2,1,0.6812555
2004,20,0,0.5321046
2005,8,1,0.72247934
2006,1,0,0.35664654
2007,2,1,0.4673418
2008,11,1,0.4880388
2009,5,1,0.62889934
2010,8,1,0.5816702
2011,1,1,0.3600811
2012,2,1,0.66216725
2013,17,1,0.64197975
2014,2,0,0.33436826
2015,24,1,0.39270243
2016,22,1,0.5662877
2017,16,0,0.4342603
2018,10,0,0.37514982
2019,9,1,0.7326281
2020,18,1,0.63920003
2021,15,1,0.6670592
2022,10,0,0.50989467
2023,2,1,0.657644
2024,23,0,0.3823268
2025,19,0,0.31127077
2026,1,0,0.40611723
2027,9,0,0.3477774
2028,25,1,0.5144572
2029,7,1,0.5807786
2030,13,0,0.33055583
2031,26,1,0.569796
2032,14,0,0.35407144
2033,15,1,0.702244
2034,1,0,0.52521694
2035,23,0,0.2657579
2036,26,1,0.37270576
2037,27,1,0.8749602
2038,5,1,0.5208049
2039,16,1,0.5000979
2040,26,0,0.73487985
2041,25,1,0.5550885
2042,6,0,0.5107374
2043,16,0,0.5649194
2044,11,1,0.30174404
2045,25,0,0.27157947
2046,1,0,0.64379543
2047,27,1,0.779687
2048,15,0,0.3242038
2049,1,0,0.536603
2050,10,0,0.44178796
2051,17,0,0.42712784
2052,6,1,0.5422368
2053,18,1,0.45720515
2054,1,1,0.6132281
2055,18,1,0.8069625
2056,23,1,0.75265574
2057,11,1,0.33462423
2058,10,0,0.6586668
2059,9,1,0.5356979
2060,6,1,0.82629347
2061,23,1,0.79265684
2062,9,0,0.23011102
2063,8,0,0.28329054
2064,27,1,0.42579442
2065,8,1,0.7782367
2066,19,1,0.5747469
2067,2,1,0.48749968
2068,16,0,0.45265123
2069,13,0,0.68361074
2070,8,1,0.5235234
2071,27,1,0.4698116
2072,20,1,0.8642701
2073,25,1,0.3773933
2074,26,0,0.49898925
2075,9,0,0.6663654
2076,16,1,0.5108481
2077,16,1,0.5625756
2078,7,0,0.571508
2079,13,1,0.33914807
2080,13,1,0.29726225
2081,20,0,0.35568196
2082,22,0,0.5486682
2083,3,1,0.8181267
2084,7,1,0.58346516
2085,9,0,0.45418894
2086,26,1,0.6751445
2087,16,0,0.57380855
2088,15,1,0.708455
2089,13,1,0.39683193
2090,4,0,0.49411422
2091,9,0,0.65803576
2092,22,1,0.56375414
2093,24,0,0.41651008
2094,25,1,0.3506006
2095,0,0,0.46562526
2096,23,0,0.5922378
2097,20,1,0.71137726
2098,25,0,0.41067496
2099,10,1,0.7996621
2100,23,0,0.70210695
2101,21,0,0.35573873
2102,27,0,0.62660855
2103,15,1,0.39875102
2104,20,0,0.5589917
2105,2,0,0.3133404
2106,27,0,0.7934831
2107,20,1,0.52451414
2108,26,1,0.5317428
2109,10,1,0.57597095
2110,26,0,0.7867307
2111,14,1,0.55532134
2112,2,1,0.4943149
2113,14,0,0.40254343
2114,25,0,0.5027582
2115,6,0,0.57136923
2116,8,0,0.62265384
2117,22,0,0.30170617
2118,10,1,0.70331085
2119,9,1,0.47331548
2120,16,1,0.33711538
2121,26,1,0.75340533
2122,2,1,0.41350406
2123,28,0,0.28774163
2124,12,1,0.71896815
2125,21,0,0.61805636
2126,15,1,0.6704855
2127,23,1,0.57762647
2128,11,1,0.36035123
2129,25,0,0.31990302
2130,25,1,0.6517486
2131,13,0,0.62531936
2132,25,1,0.7627194
2133,1,0,0.5614389
2134,9,1,0.56840664
2135,27,0,0.6434699
2136,13,1,0.40621334
2137,8,0,0.34777364
2138,9,0,0.4157028
2139,6,0,0.34186748
2140,1,1,0.4526474
2141,15,0,0.3943355
2142,25,0,0.56693345
2143,6,1,0.6976736
2144,26,0,0.73067605
2145,6,0,0.24163054
2146,2,0,0.47406605
2147,15,0,0.28592932
2148,26,0,0.40680116
2149,15,1,0.36909044
2150,15,1,0.46967953
2151,16,1,0.69389236
2152,17,0,0.50591916
2153,5,1,0.285601
2154,20,1,0.380252
2155,4,0,0.41055077
2156,10,1,0.49744135
2157,18,1,0.26277405
2158,16,0,0.27735743
2159,12,1,0.59977627
2160,17,1,0.58739185
2161,25,0,0.32129666
2162,27,1,0.3631178
2163,28,0,0.58093053
2164,18,0,0.4552063
2165,12,0,0.6294818
2166,13,1,0.7617149
2167,15,1,0.62743
2168,27,0,0.4049211
2169,25,0,0.46873778
2170,13,0,0.32865423
2171,24,1,0.737481
2172,2,1,0.76361734
2173,15,1,0.6455141
2174,25,1,0.7697327
2175,10,1,0.55249596
2176,11,1,0.65652215
2177,16,0,0.7579486
2178,2,1,0.8408819
2179,23,1,0.67254883
2180,12,0,0.5261495
2181,18,1,0.6629536
2182,15,1,0.6040872
2183,22,1,0.7801873
2184,18,1,0.6038384
2185,12,1,0.81721354
2186,28,1,0.63999
2187,2,1,0.68552935
2188,3,0,0.50123525
2189,25,0,0.41559792
2190,22,1,0.630096
2191,14,0,0.34794608
2192,27,0,0.47142282
2193,17,1,0.7786525
2194,4,1,0.5072118
2195,24,0,0.57421994
2196,24,0,0.6936474
2197,22,0,0.44336033
2198,10,0,0.6854999
2199,8,1,0.5623731
2200,0,1,0.7599809
2201,13,1,0.7496734
2202,22,1,0.40101936
2203,17,0,0.5634204
2204,7,1,0.6434229
2205,14,0,0.3708042
2206,20,1,0.86281747
2207,11,0,0.7386662
2208,11,0,0.5713384
2209,13,1,0.6672694
2210,8,0,0.24940145
2211,12,1,0.5771019
2212,8,1,0.6378334
2213,28,1,0.5457507
2214,27,0,0.6234988
2215,17,1,0.73058057
2216,1,1,0.33949277
2217,8,0,0.29900083
2218,14,1,0.34120405
2219,19,0,0.46850204
2220,24,1,0.6263841
2221,2,1,0.66715854
2222,18,0,0.43708524
2223,1,0,0.25817862
2224,12,1,0.59504056
2225,20,0,0.48534366
2226,1,1,0.3310231
2227,22,1,0.6496719
2228,9,1,0.74486285
2229,27,1,0.52136344
2230,10,1,0.619703
2231,16,1,0.51773226
2232,13,1,0.74472487
2233,3,0,0.6081598
2234,10,0,0.39328545
2235,10,0,0.40211022
2236,13,1,0.61554074
2237,18,0,0.7422666
2238,13,1,0.6081294
2239,15,0,0.2548437
2240,17,1,0.3151117
2241,5,1,0.7037711
2242,1,0,0.41352332
2243,16,1,0.4183548
2244,19,0,0.23968953
2245,18,0,0.6390971
2246,9,1,0.69420904
2247,16,1,0.622529
2248,8,1,0.6301318
2249,22,0,0.4898049
2250,6,1,0.7691875
2251,8,1,0.7518787
2252,5,0,0.72385836
2253,26,0,0.44481596
2254,3,0,0.37229508
2255,14,1,0.6551859
2256,4,0,0.33337706
2257,7,1,0.6350941
2258,16,0,0.5224101
2259,3,0,0.285787
2260,2,1,0.5612452
2261,26,1,0.5613632
2262,13,0,0.46723217
2263,8,1,0.6082804
2264,13,0,0.5625474
2265,26,1,0.36421275
2266,13,0,0.46810478
2267,15,0,0.5361512
2268,15,1,0.6127941
2269,28,1,0.7758238
2270,22,1,0.31211358
2271,23,0,0.35265326
2272,27,0,0.33187371
2273,19,1,0.565834
2274,1,0,0.3508204
2275,20,1,0.47052917
2276,1,0,0.4251278
2277,3,0,0.76788104
2278,8,0,0.38451755
2279,0,1,0.6447399
2280,20,1,0.5500141
2281,26,0,0.4660579
2282,18,0,0.3138486
2283,7,1,0.44109067
2284,12,0,0.45777622
2285,11,1,0.3244329
2286,14,1,0.6583546
2287,4,0,0.54977673
2288,5,1,0.73744416
2289,23,1,0.61300105
2290,22,0,0.36815947
2291,27,0,0.68863827
2292,13,1,0.5911881
2293,26,0,0.5264066
2294,3,1,0.7870025
2295,2,0,0.38931257
2296,2,0,0.22660409
2297,16,0,0.73539525
2298,16,1,0.4699213
2299,7,1,0.7636416
2300,8,1,0.5734684
2301,13,1,0.51160216
2302,2,1,0.76403713
2303,22,0,0.35658315
2304,4,0,0.6626153
2305,6,1,0.43448737
2306,1,0,0.60157514
2307,11,1,0.6874153
2308,3,0,0.35800883
2309,23,0,0.32619822
2310,13,0,0.45720664
2311,9,0,0.67074263
2312,27,0,0.39608732
2313,22,0,0.48643893
2314,13,1,0.6245228
2315,8,0,0.34135962
2316,18,1,0.34651163
2317,8,1,0.6622003
2318,23,1,0.62823284
2319,12,0,0.3337472
2320,16,0,0.3692899
2321,17,1,0.34718522
2322,15,1,0.28086337
2323,8,1,0.7607156
2324,0,0,0.6148351
2325,16,0,0.45589885
2326,3,1,0.3651814
2327,13,1,0.86225164
2328,10,1,0.6534108
2329,10,0,0.5022123
2330,3,0,0.71135485
2331,20,0,0.38617295
2332,15,0,0.3382271
2333,22,0,0.40084666
2334,1,0,0.42159674
2335,13,0,0.31035712
2336,13,0,0.2580114
2337,14,1,0.6540538
2338,8,1,0.43877828
2339,2,1,0.31276846
2340,2,1,0.6618649
2341,10,0,0.723314
2342,16,1,0.74744195
2343,22,0,0.4098528
2344,11,0,0.3470024
2345,21,0,0.66082114
2346,26,0,0.43808064
2347,28,0,0.4547172
2348,23,1,0.70500416
2349,8,0,0.27595994
2350,22,1,0.53446853
2351,3,0,0.25649062
2352,15,0,0.4210899
2353,28,1,0.26143765
2354,4,0,0.44745848
2355,26,0,0.3147077
2356,8,1,0.42438364
2357,23,1,0.6602917
2358,14,0,0.30167732
2359,25,1,0.55433184
2360,13,0,0.4143913
2361,3,0,0.49667552
2362,11,1,0.8065933
2363,24,1,0.5070796
2364,19,1,0.4972512
2365,10,1,0.7613626
2366,8,0,0.6833335
2367,10,1,0.6243995
2368,2,1,0.6041347
2369,22,0,0.6003722
2370,17,0,0.4559783
2371,21,0,0.61673987
2372,16,0,0.43835956
2373,25,0,0.36311632
2374,3,1,0.68247414
2375,15,0,0.365778
2376,23,0,0.30666304
2377,6,0,0.48559302
2378,19,0,0.4753942
2379,9,1,0.4488083
2380,21,0,0.58681965
2381,25,0,0.48280475
2382,2,0,0.47352752
2383,0,0,0.34693724
2384,16,0,0.27926072
2385,8,1,0.62937564
2386,18,1,0.7050421
2387,16,1,0.41893154
2388,1,1,0.3768579
2389,16,0,0.24347217
2390,10,0,0.34013397
2391,18,0,0.3540186
2392,15,0,0.6387271
2393,9,0,0.37605932
2394,16,0,0.31712604
2395,22,0,0.38786685
2396,3,1,0.3739932
2397,13,0,0.4662155
2398,24,1,0.47650233
2399,1,1,0.36520064
2400,6,0,0.62582487
2401,5,1,0.70116645
2402,20,0,0.4141002
2403,27,1,0.7586209
2404,8,0,0.33175734
2405,27,1,0.46313557
2406,9,1,0.5223256
2407,23,0,0.7629271
2408,15,1,0.82426155
2409,25,0,0.33067262
2410,15,1,0.573945
2411,9,1,0.6494937
2412,27,0,0.33993065
2413,25,0,0.43457076
2414,13,0,0.25985003
2415,16,0,0.32937655
2416,9,0,0.40745118
2417,26,0,0.3037089
2418,28,1,0.63695496
2419,13,1,0.65369827
2420,10,1,0.63921064
2421,18,0,0.34671417
2422,21,0,0.5331297
2423,7,1,0.42502293
2424,3,1,0.66782296
2425,17,0,0.46468562
2426,2,0,0.46500704
2427,7,1,0.67389035
2428,13,1,0.48404744
2429,23,1,0.37428176
2430,20,1,0.5269942
2431,8,0,0.26910898
2432,0,0,0.76180804
2433,0,1,0.6247894
2434,22,0,0.3280189
2435,15,1,0.55130094
2436,20,0,0.5406934
2437,11,0,0.5700068
2438,9,0,0.29321665
2439,8,0,0.4732011
2440,10,0,0.6326263
2441,6,1,0.5289963
2442,16,0,0.75656337
2443,3,1,0.35979408
2444,26,0,0.45506933
2445,3,1,0.56113404
2446,15,0,0.20195433
2447,9,1,0.28373602
2448,11,0,0.3191018
2449,12,1,0.5303354
2450,28,1,0.5845401
2451,27,1,0.71860325
2452,15,0,0.69014174
2453,27,0,0.4651354
2454,9,0,0.42340875
2455,27,0,0.37435243
2456,10,0,0.35011083
2457,26,0,0.40604067
2458,25,1,0.7520319
2459,28,0,0.60254973
2460,8,1,0.57612
2461,18,0,0.41737077
2462,10,1,0.66665983
2463,7,0,0.50147444
2464,22,1,0.33371693
2465,10,0,0.30327138
2466,3,1,0.75271964
2467,20,1,0.5359504
2468,15,0,0.4806094
2469,8,0,0.361562
2470,23,0,0.2830818
2471,12,0,0.30592683
2472,10,0,0.2556674
2473,13,0,0.33176875
2474,13,0,0.30051103
2475,8,0,0.4328515
2476,1,1,0.6569354
2477,27,0,0.5537603
2478,10,0,0.48257023
2479,15,0,0.38793314
2480,3,1,0.5701088
2481,16,1,0.73974645
2482,10,1,0.74094
2483,0,1,0.643228
2484,14,1,0.3770778
2485,20,0,0.6826929
2486,16,0,0.673665
2487,4,0,0.25540346
2488,8,1,0.75987387
2489,15,0,0.6599943
2490,21,1,0.6833104
2491,3,1,0.30405977
2492,4,0,0.73056364
2493,6,1,0.3548878
2494,2,1,0.53215516
2495,28,0,0.46257642
2496,8,1,0.61780405
2497,17,1,0.7124771
2498,12,0,0.53066885
2499,20,0,0.2853746
2500,0,1,0.7917003
2501,10,0,0.46722707
2502,2,1,0.7605241
2503,11,1,0.6596012
2504,7,0,0.70576465
2505,15,1,0.65847766
2506,8,1,0.6423127
2507,16,0,0.37894595
2508,13,1,0.64727604
2509,1,0,0.24615884
2510,8,1,0.6417582
2511,28,1,0.4159423
2512,1,1,0.64351016
2513,13,1,0.80021477
2514,0,0,0.5583662
2515,9,1,0.727983
2516,24,1,0.5472382
2517,9,0,0.60511535
2518,9,0,0.48133102
2519,4,1,0.6997759
2520,15,1,0.45605162
2521,23,1,0.6655413
2522,0,0,0.37951505
2523,10,1,0.67295134
2524,20,1,0.752814
2525,13,0,0.23757802
2526,21,0,0.49951267
2527,12,1,0.8239773
2528,7,0,0.34973863
2529,24,1,0.68713003
2530,25,1,0.77543634
2531,22,1,0.5273619
2532,13,0,0.35552385
2533,8,0,0.25713804
2534,9,0,0.30942973
2535,9,0,0.3322086
2536,28,0,0.65385115
2537,25,0,0.4101634
2538,16,0,0.3197768
2539,26,1,0.6948321
2540,25,0,0.46297678
2541,27,1,0.6353179
2542,15,1,0.5244038
2543,18,0,0.4062569
2544,23,1,0.7748683
2545,26,1,0.59903353
2546,8,1,0.5311569
2547,25,1,0.60942477
2548,4,1,0.56433195
2549,18,0,0.3009937
2550,16,0,0.5866893
2551,18,1,0.48836064
2552,3,0,0.5480987
2553,19,0,0.42464754
2554,0,0,0.69325334
2555,4,1,0.6530446
2556,10,0,0.34915587
2557,11,0,0.28968775
2558,13,0,0.40326616
2559,11,1,0.41428024
2560,3,1,0.77621025
2561,10,0,0.43796334
2562,24,1,0.6903144
2563,18,1,0.5707755
2564,17,0,0.2439182
2565,6,0,0.32173774
2566,8,0,0.26852378
2567,13,1,0.8286429
2568,16,1,0.36168456
2569,16,1,0.36486956
2570,2,1,0.64611185
2571,26,1,0.68813795
2572,7,0,0.5282113
2573,1,1,0.84454864
2574,2,0,0.27303374
2575,26,1,0.82033694
2576,28,0,0.6793363
2577,21,0,0.30003613
2578,13,0,0.7100222
2579,13,0,0.5500558
2580,22,1,0.30762568
2581,16,0,0.33020523
2582,4,0,0.470363
2583,16,1,0.55592227
2584,8,1,0.47968486
2585,3,1,0.6384574
2586,8,1,0.5236656
2587,26,0,0.46841085
2588,15,0,0.43610635
2589,1,1,0.6012885
2590,17,1,0.4283348
2591,15,1,0.6424439
2592,27,0,0.42834878
2593,23,0,0.34330088
2594,13,0,0.5142877
2595,23,1,0.48477092
2596,0,1,0.4628787
2597,24,0,0.60130626
2598,0,0,0.5634197
2599,1,1,0.58881885
2600,14,1,0.57971203
2601,18,1,0.68251115
2602,10,0,0.27047634
2603,19,0,0.39090002
2604,27,0,0.3273604
2605,8,1,0.5864045
2606,14,1,0.48910314
2607,25,1,0.6604573
2608,10,0,0.33564276
2609,16,1,0.63593775
2610,22,0,0.2351073
2611,27,1,0.6734455
2612,17,1,0.39150986
2613,17,1,0.38314664
2614,16,1,0.7910603
2615,24,1,0.49528277
2616,25,1,0.7799906
2617,8,0,0.44185397
2618,2,0,0.5225065
2619,6,0,0.43484378
2620,20,1,0.7190201
2621,27,1,0.7511761
2622,1,0,0.79769087
2623,3,1,0.41902605
2624,1,1,0.5587256
2625,20,1,0.50290656
2626,8,1,0.36135375
2627,9,1,0.40055946
2628,10,1,0.65976596
2629,2,1,0.44717395
2630,21,0,0.5756035
2631,11,1,0.5524842
2632,10,0,0.36819354
2633,13,1,0.7865034
2634,18,1,0.75212824
2635,13,1,0.7647634
2636,13,0,0.23705731
2637,16,0,0.6388002
2638,3,0,0.2278912
2639,6,0,0.5765865
2640,2,0,0.67957544
2641,22,1,0.5261204
2642,20,1,0.6188323
2643,18,1,0.7125452
2644,16,0,0.4098539
2645,17,1,0.7853461
2646,0,1,0.6497241
2647,4,1,0.64001817
2648,3,0,0.5544649
2649,9,1,0.35628277
2650,19,1,0.73296845
2651,20,0,0.30260578
2652,9,0,0.5673343
2653,25,0,0.23564804
2654,18,1,0.40641534
2655,2,1,0.7904804
2656,10,1,0.35444897
2657,19,0,0.4919019
2658,5,0,0.36893383
2659,12,0,0.35934755
2660,12,1,0.8346096
2661,10,1,0.5583595
2662,7,1,0.49930775
2663,5,0,0.33120564
2664,0,1,0.46727735
2665,4,1,0.34176058
2666,11,1,0.47304857
2667,11,1,0.40349153
2668,20,1,0.708012
2669,11,1,0.58990043
2670,13,1,0.60202986
2671,11,0,0.41139907
2672,11,1,0.3025031
2673,26,0,0.64774853
2674,17,1,0.7583254
2675,23,1,0.2711734
2676,18,1,0.40529057
2677,9,0,0.67630637
2678,7,0,0.28086233
2679,27,1,0.75846237
2680,8,1,0.74351996
2681,15,1,0.72021353
2682,2,1,0.6749873
2683,9,1,0.65890765
2684,1,1,0.6559747
2685,22,1,0.7090913
2686,2,1,0.5592079
2687,6,0,0.32924166
2688,21,0,0.22635828
2689,18,1,0.7062006
2690,14,0,0.4777339
2691,13,1,0.32945374
2692,10,1,0.31021628
2693,13,0,0.507889
2694,25,0,0.380263
2695,13,1,0.6029043
2696,1,1,0.373207
2697,3,1,0.40353826
2698,25,1,0.39512396
2699,6,1,0.7472267
2700,8,0,0.32256758
2701,16,0,0.3219534
2702,5,0,0.46683654
2703,8,1,0.30719778
2704,4,1,0.70862466
2705,18,0,0.24848591
2706,28,1,0.70921326
2707,22,0,0.3205242
2708,1,1,0.4431439
2709,23,1,0.46319485
2710,1,1,0.6870969
2711,13,0,0.4363843
2712,15,1,0.8255692
2713,4,0,0.59813035
2714,2,1,0.3895029
2715,25,1,0.8359912
2716,0,0,0.48065123
2717,6,1,0.68173444
2718,17,1,0.5691928
2719,3,1,0.7435697
2720,20,0,0.3724885
2721,10,1,0.36704051
2722,17,1,0.53060657
2723,3,1,0.5772692
2724,2,0,0.6324496
2725,17,0,0.24509381
2726,24,0,0.2732455
2727,27,1,0.67633975
2728,17,0,0.35176826
2729,27,1,0.62186784
2730,3,0,0.2852462
2731,23,1,0.6285273
2732,8,0,0.5158461
2733,23,0,0.37866396
2734,2,0,0.6146707
2735,1,0,0.50797397
2736,14,0,0.5381933
2737,7,0,0.72545856
2738,22,0,0.47418416
2739,10,0,0.2753331
2740,9,1,0.4714662
2741,16,0,0.31525427
2742,18,0,0.57214427
2743,17,1,0.6602755
2744,11,0,0.5615599
2745,21,1,0.7378586
2746,11,1,0.36688948
2747,8,0,0.41539246
2748,10,0,0.648122
2749,18,0,0.4593946
2750,0,1,0.5894494
2751,18,1,0.7125024
2752,3,0,0.47324818
2753,15,0,0.74925226
2754,12,1,0.6525394
2755,1,0,0.37208724
2756,13,0,0.6314039
2757,16,0,0.57575315
2758,24,1,0.64375937
2759,8,0,0.6213282
2760,26,1,0.64615643
2761,13,1,0.6444704
2762,17,0,0.5442309
2763,8,1,0.53201115
2764,11,0,0.6866078
2765,22,0,0.35097182
2766,14,0,0.3320565
2767,1,0,0.5475918
2768,19,1,0.25919214
2769,28,1,0.6423638
2770,4,1,0.4665311
2771,12,1,0.3243545
2772,15,0,0.30607855
2773,15,1,0.57805425
2774,16,1,0.230217
2775,26,0,0.66390747
2776,15,1,0.47710836
2777,28,1,0.751024
2778,1,1,0.4085168
2779,28,0,0.4667643
2780,8,0,0.55516857
2781,16,1,0.48216248
2782,24,1,0.39582804
2783,17,0,0.33218315
2784,15,0,0.47690845
2785,12,0,0.53038305
2786,10,0,0.34239867
2787,13,0,0.50936323
2788,10,0,0.3998941
2789,24,0,0.65518874
2790,13,0,0.6463314
2791,13,0,0.60184747
2792,11,1,0.37537825
2793,24,1,0.6753544
2794,20,0,0.61446035
2795,22,1,0.43110508
2796,24,1,0.34076467
2797,19,0,0.6743337
2798,3,1,0.35715863
2799,16,0,0.34858406
2800,1,1,0.4841707
2801,10,0,0.34566313
2802,3,1,0.38271424
2803,18,0,0.6565131
2804,25,0,0.6832527
2805,3,1,0.85661787
2806,26,0,0.24073131
2807,9,0,0.2658319
2808,15,1,0.7462144
2809,10,1,0.4416764
2810,25,1,0.4686905
2811,26,1,0.5560756
2812,8,0,0.5699078
2813,27,1,0.28128386
2814,24,1,0.33711454
2815,20,1,0.5696566
2816,0,0,0.5313205
2817,16,1,0.75565577
2818,14,1,0.39625487
2819,13,0,0.65067637
2820,9,1,0.4441294
2821,14,0,0.35066652
2822,1,1,0.8608618
2823,20,1,0.77610713
2824,26,0,0.3334031
2825,1,0,0.418421
2826,26,0,0.31797773
2827,25,1,0.6478478
2828,16,0,0.32567513
2829,2,0,0.28484428
2830,26,0,0.38738394
2831,10,0,0.500724
2832,28,0,0.29418266
2833,20,1,0.7927707
2834,28,0,0.5690327
2835,7,0,0.27109882
2836,9,1,0.53266174
2837,10,1,0.6290403
2838,26,1,0.30210942
2839,15,1,0.631279
2840,6,1,0.7950356
2841,13,1,0.5055682
2842,25,0,0.3701901
2843,15,1,0.5152504
2844,26,0,0.24445334
2845,24,1,0.53105086
2846,15,1,0.6694274
2847,13,1,0.728152
2848,2,1,0.7704401
2849,16,1,0.46386772
2850,10,1,0.85291487
2851,2,0,0.58769065
2852,2,0,0.62080747
2853,26,0,0.49841598
2854,16,1,0.658589
2855,8,0,0.5393689
2856,16,1,0.72638214
2857,25,0,0.6859356
2858,27,1,0.4753808
2859,8,1,0.57826906
2860,8,0,0.41661015
2861,10,1,0.78872097
2862,11,0,0.2848931
2863,3,0,0.56997365
2864,16,1,0.65661484
2865,14,1,0.62519586
2866,25,1,0.45574468
2867,25,1,0.64326394
2868,11,1,0.46868572
2869,2,0,0.43412134
2870,12,0,0.3619344
2871,2,0,0.45262024
2872,18,1,0.7467859
2873,16,0,0.3061273
2874,26,1,0.29483277
2875,27,0,0.3025295
2876,7,1,0.5565249
2877,13,0,0.351694
2878,22,0,0.6003637
2879,4,0,0.5485757
2880,27,0,0.67747647
2881,9,1,0.5485266
2882,2,1,0.5955178
2883,16,0,0.32730404
2884,13,0,0.43089288
2885,15,0,0.4303517
2886,6,1,0.6247261
2887,25,0,0.2790055
2888,26,1,0.7724993
2889,22,0,0.58144873
2890,14,0,0.65803367
2891,1,0,0.71917796
2892,0,0,0.64902234
2893,6,1,0.5000078
2894,12,1,0.65344995
2895,14,1,0.6275916
2896,27,1,0.53505254
2897,16,0,0.32765698
2898,8,0,0.32598865
2899,7,1,0.5840619
2900,17,1,0.5333129
2901,28,0,0.42539564
2902,14,1,0.66707057
2903,6,1,0.5193318
2904,24,0,0.49625248
2905,10,0,0.65756214
2906,0,0,0.426374
2907,18,0,0.7878698
2908,0,1,0.79035527
2909,9,0,0.66165763
2910,17,0,0.4674931
2911,19,0,0.36971146
2912,18,0,0.33549848
2913,24,0,0.6493387
2914,1,0,0.64052063
2915,7,0,0.36492383
2916,17,0,0.3223833
2917,15,1,0.7634934
2918,10,0,0.2703981
2919,13,1,0.7183103
2920,2,1,0.7466498
2921,18,0,0.37464198
2922,25,1,0.715923
2923,24,1,0.5831783
2924,13,1,0.6897749
2925,0,1,0.5308423
2926,10,1,0.6580358
2927,12,0,0.44670847
2928,16,0,0.4463493
2929,22,1,0.3022995
2930,0,1,0.8596232
2931,6,1,0.6006147
2932,13,1,0.5942518
2933,18,0,0.30039936
2934,26,0,0.66687757
2935,6,0,0.61827433
2936,25,0,0.45861262
2937,3,1,0.7747684
2938,16,1,0.6694341
2939,3,0,0.5594049
2940,27,1,0.6892535
2941,6,1,0.7339055
2942,27,0,0.5512813
2943,1,0,0.24776092
2944,11,1,0.4903741
2945,8,0,0.55862135
2946,26,1,0.5751676
2947,10,0,0.49525422
2948,7,0,0.66208595
2949,10,1,0.40540227
2950,15,1,0.8691204
2951,8,0,0.40015218
2952,13,1,0.6442457
2953,26,1,0.46412325
2954,3,1,0.7397424
2955,22,1,0.4998763
2956,1,0,0.59190637
2957,10,1,0.7281793
2958,9,0,0.30845466
2959,3,1,0.53407854
2960,8,1,0.70025784
2961,3,1,0.2888361
2962,6,1,0.32851985
2963,15,1,0.48407364
2964,11,0,0.31423128
2965,4,0,0.29617566
2966,10,1,0.2816919
2967,20,0,0.2708362
2968,3,0,0.47850922
2969,9,1,0.47915462
2970,4,1,0.752476
2971,28,1,0.40188083
2972,15,0,0.6771764
2973,19,1,0.73465896
2974,18,0,0.3245706
2975,3,1,0.5497904
2976,22,1,0.58812
2977,28,0,0.4423744
2978,1,0,0.37433708
2979,0,0,0.33170873
2980,15,0,0.51166266
2981,3,1,0.33186537
2982,20,1,0.68284166
2983,6,1,0.5658693
2984,26,1,0.3838596
2985,2,0,0.34714243
2986,14,1,0.59303164
2987,1,0,0.5837417
2988,11,1,0.7480477
2989,22,1,0.40672788
2990,26,1,0.51234657
2991,23,1,0.50370216
2992,25,0,0.5524217
2993,23,0,0.31425542
2994,14,0,0.48260432
2995,13,0,0.5489673
2996,13,0,0.25437266
2997,18,1,0.27346343
2998,16,1,0.73611766
2999,13,0,0.4257192
3000,28,1,0.64487195
3001,4,0,0.4192491
3002,8,0,0.4901727
3003,17,1,0.27374178
3004,25,0,0.48024833
3005,4,1,0.56989574
3006,7,0,0.39557323
3007,10,0,0.6455719
3008,13,1,0.62175685
3009,22,1,0.5690146
3010,0,1,0.6588079
3011,26,1,0.67531526
3012,17,0,0.43646306
3013,16,1,0.4734071
3014,8,1,0.22762036
3015,15,0,0.67338073
3016,12,1,0.31043294
3017,28,1,0.5229505
3018,22,1,0.38110247
3019,2,1,0.5140663
3020,24,1,0.7277501
3021,18,0,0.27201843
3022,14,1,0.28657705
3023,9,0,0.19732156
3024,11,0,0.50608134
3025,4,1,0.49494156
3026,26,0,0.3389176
3027,2,0,0.28967273
3028,22,1,0.51255465
3029,23,0,0.48332444
3030,6,0,0.3350066
3031,1,0,0.48860085
3032,26,0,0.6575089
3033,23,0,0.54179376
3034,14,0,0.36002696
3035,13,1,0.48911688
3036,22,1,0.6629244
3037,1,0,0.33140603
3038,14,0,0.43567765
3039,13,1,0.37576908
3040,16,0,0.44243228
3041,12,1,0.63449705
3042,13,1,0.3450753
3043,12,0,0.64711404
3044,26,1,0.7786316
3045,3,1,0.70134324
3046,27,1,0.4790186
3047,7,0,0.24468237
3048,28,1,0.5005812
3049,4,1,0.4435613
3050,13,1,0.51351035
3051,28,1,0.33741727
3052,16,0,0.45082867
3053,25,0,0.40151307
3054,22,1,0.4398117
3055,16,0,0.8574647
3056,15,0,0.40946442
3057,15,0,0.56818944
3058,8,1,0.58727276
3059,8,0,0.32795143
3060,12,1,0.7454651
3061,25,1,0.33532146
3062,16,0,0.5409207
3063,8,0,0.29256034
3064,10,1,0.756268
3065,25,0,0.29145455
3066,21,0,0.6042375
3067,3,1,0.5014693
3068,2,0,0.7519388
3069,27,0,0.33308035
3070,16,0,0.3633
3071,2,0,0.32010373
3072,15,0,0.6322322
3073,19,0,0.74926436
3074,2,0,0.6112224
3075,25,0,0.45506254
3076,28,0,0.32970083
3077,19,0,0.71123385
3078,2,1,0.67418694
3079,25,0,0.46889216
3080,15,0,0.7724714
3081,9,0,0.20844977
3082,21,1,0.7551287
3083,15,1,0.6620863
3084,15,1,0.46535745
3085,15,1,0.29056072
3086,8,0,0.25881177
3087,8,1,0.31521973
3088,22,1,0.653249
3089,11,1,0.6464532
3090,28,0,0.41973054
3091,13,0,0.48865572
3092,18,1,0.27097136
3093,7,1,0.75461435
3094,16,0,0.552028
3095,2,0,0.4216399
3096,7,1,0.5961883
3097,12,1,0.59789383
3098,1,0,0.48986712
3099,24,0,0.54478097
3100,0,0,0.40215662
3101,15,1,0.5478963
3102,10,1,0.25496635
3103,23,1,0.77458304
3104,18,0,0.602514
3105,13,1,0.6331308
3106,12,0,0.46528983
3107,26,0,0.6736751
3108,13,0,0.4650285
3109,7,1,0.7699279
3110,16,1,0.4242098
3111,14,1,0.24726547
3112,0,0,0.54480624
3113,27,0,0.6135825
3114,20,0,0.33850363
3115,23,1,0.38895193
3116,20,0,0.3975092
3117,20,0,0.6371334
3118,27,1,0.57178754
3119,26,1,0.6627409
3120,12,0,0.33266413
3121,0,0,0.5050305
3122,27,1,0.3325976
3123,22,1,0.5888472
3124,11,1,0.59157467
3125,11,0,0.7355072
3126,13,1,0.71692026
3127,16,0,0.49650395
3128,8,1,0.40344012
3129,22,1,0.46937495
3130,3,0,0.2872891
3131,13,0,0.61822414
3132,0,0,0.5429687
3133,23,0,0.48520654
3134,22,1,0.26123834
3135,17,1,0.860575
3136,23,0,0.3593476
3137,10,1,0.68642354
3138,10,1,0.78339046
3139,13,0,0.3024568
3140,18,0,0.7638185
3141,16,1,0.6346164
3142,15,1,0.37515512
3143,6,1,0.51978827
3144,17,0,0.6495631
3145,19,0,0.47906432
3146,16,1,0.59277606
3147,6,0,0.40587392
3148,10,1,0.40776265
3149,17,1,0.4981633
3150,9,1,0.6804365
3151,13,0,0.4511676
3152,14,1,0.711237
3153,10,1,0.4623827
3154,17,1,0.66282773
3155,14,0,0.29926693
3156,16,0,0.36460027
3157,17,1,0.66940176
3158,10,1,0.6396463
3159,11,0,0.5163082
3160,6,1,0.5017699
3161,9,0,0.63830984
3162,1,0,0.60173875
3163,4,0,0.34423053
3164,7,0,0.6148124
3165,2,0,0.38789615
3166,8,0,0.4498493
3167,2,1,0.57530886
3168,25,0,0.5478403
3169,19,0,0.5598933
3170,3,1,0.7110332
3171,12,1,0.63874906
3172,4,1,0.7165839
3173,26,1,0.38838735
3174,20,0,0.36538294
3175,1,1,0.86646545
3176,25,1,0.53236127
3177,13,1,0.5329945
3178,17,0,0.25361803
3179,3,0,0.60246605
3180,0,1,0.65097153
3181,3,1,0.5657305
3182,20,0,0.38379833
3183,22,1,0.43031663
3184,2,0,0.49942774
3185,1,1,0.47968093
3186,17,1,0.81078523
3187,27,1,0.5431071
3188,8,0,0.5684105
3189,26,0,0.647691
3190,23,0,0.36515856
3191,4,0,0.6981265
3192,9,0,0.3198148
3193,15,0,0.47734374
3194,23,0,0.40624812
3195,27,0,0.3086348
3196,11,0,0.51078427
3197,22,1,0.6952516
3198,3,0,0.31450891
3199,28,1,0.30888158
3200,8,0,0.28884083
3201,0,0,0.25264847
3202,15,0,0.5998778
3203,1,1,0.5294433
3204,25,1,0.4569055
3205,7,0,0.34917447
3206,16,0,0.35323903
3207,18,1,0.48972538
3208,24,1,0.24366795
3209,6,0,0.4615064
3210,14,0,0.2863129
3211,16,0,0.6956861
3212,6,1,0.76490283
3213,16,1,0.6283483
3214,26,0,0.5318138
3215,4,1,0.37455872
3216,22,1,0.80967957
3217,10,0,0.50084525
3218,11,1,0.3911452
3219,13,1,0.76559263
3220,16,0,0.3076385
3221,13,0,0.31592122
3222,21,1,0.77247053
3223,20,0,0.5896339
3224,28,1,0.530116
3225,16,0,0.5690468
3226,15,1,0.3815884
3227,28,0,0.30535546
3228,1,1,0.54285187
3229,8,0,0.49835947
3230,0,0,0.3371911
3231,12,1,0.61332476
3232,8,1,0.5879911
3233,16,1,0.7009636
3234,2,0,0.3346266
3235,26,1,0.8156296
3236,18,0,0.5836082
3237,7,0,0.602623
3238,0,0,0.6119633
3239,21,0,0.5319201
3240,13,1,0.75433135
3241,1,1,0.72243154
3242,4,1,0.60452473
3243,18,1,0.7504656
3244,20,1,0.49957973
3245,11,1,0.5555248
3246,9,0,0.6636387
3247,18,1,0.389376
3248,8,1,0.5300474
3249,17,0,0.28721428
3250,15,1,0.56402373
3251,23,1,0.33556113
3252,14,1,0.835944
3253,15,1,0.6401916
3254,12,0,0.7000298
3255,12,0,0.25794142
3256,8,0,0.34811354
3257,4,0,0.3211659
3258,16,1,0.6682692
3259,1,0,0.27356943
3260,28,1,0.5022461
3261,1,0,0.33179757
3262,1,0,0.42051515
3263,27,0,0.5801647
3264,27,1,0.6356157
3265,7,1,0.65412223
3266,4,0,0.82019687
3267,13,1,0.52319366
3268,2,1,0.46644783
3269,13,1,0.6111531
3270,9,0,0.6034901
3271,7,1,0.61446476
3272,4,1,0.5448937
3273,25,1,0.56927687
3274,4,1,0.47956312
3275,28,1,0.35163403
3276,25,1,0.35331815
3277,23,1,0.56909716
3278,11,1,0.40262097
3279,17,1,0.78520375
3280,20,0,0.38559213
3281,14,0,0.5469752
3282,8,0,0.5914172
3283,5,0,0.30637482
3284,13,0,0.33503014
3285,10,1,0.6246161
3286,10,0,0.31312913
3287,25,1,0.492304
3288,19,0,0.52242464
3289,26,1,0.6661418
3290,2,0,0.4767824
3291,13,1,0.5419553
3292,6,1,0.4678522
3293,13,0,0.5636333
3294,28,1,0.79036504
3295,9,0,0.57235813
3296,1,1,0.5356955
3297,4,1,0.4443708
3298,7,0,0.3075696
3299,11,1,0.33555824
3300,15,0,0.34972334
3301,21,1,0.38164145
3302,2,0,0.36160263
3303,16,1,0.5366499
3304,12,1,0.7415736
3305,8,0,0.4150371
3306,6,1,0.6389022
3307,19,0,0.48895815
3308,2,1,0.5926139
3309,25,0,0.44223925
3310,15,1,0.6401674
3311,25,1,0.65985423
3312,12,0,0.33119187
3313,16,0,0.25347972
3314,15,0,0.35942763
3315,0,0,0.7323935
3316,27,1,0.4422026
3317,1,0,0.5052936
3318,9,1,0.29415482
3319,20,1,0.8653697
3320,14,0,0.23726784
3321,3,1,0.45129412
3322,11,0,0.5542477
3323,15,0,0.36556467
3324,25,0,0.33715478
3325,3,1,0.54219544
3326,0,0,0.62747425
3327,16,1,0.5671495
3328,16,1,0.65263253
3329,13,0,0.6195107
3330,4,1,0.5920165
3331,10,1,0.6415925
3332,27,0,0.40679055
3333,21,0,0.25219324
3334,13,1,0.39145705
3335,25,0,0.6020507
3336,20,0,0.41996887
3337,12,1,0.74774086
3338,16,1,0.67268604
3339,20,1,0.5864261
3340,25,1,0.8048485
3341,2,0,0.28203273
3342,5,0,0.5438929
3343,5,0,0.68705404
3344,8,0,0.56841266
3345,7,1,0.7106628
3346,19,1,0.23056747
3347,12,1,0.5844448
3348,13,1,0.648637
3349,21,0,0.32619762
3350,10,0,0.4253323
3351,16,1,0.49808896
3352,20,1,0.35076562
3353,12,0,0.42276534
3354,6,0,0.30093658
3355,25,1,0.645938
3356,11,0,0.36545515
3357,9,1,0.5134786
3358,23,0,0.58160573
3359,11,0,0.5691248
3360,2,1,0.33279446
3361,27,1,0.4038306
3362,8,1,0.61021334
3363,21,0,0.6492014
3364,16,1,0.5082667
3365,15,0,0.4652731
3366,16,1,0.26498234
3367,13,0,0.41575795
3368,8,0,0.3207581
3369,3,1,0.5582276
3370,3,1,0.54383034
3371,3,0,0.44574058
3372,15,0,0.29974988
3373,14,0,0.5447354
3374,13,0,0.63252664
3375,16,0,0.3468026
3376,27,0,0.34180653
3377,1,1,0.4748744
3378,3,1,0.3931746
3379,6,0,0.40636533
3380,16,1,0.5705296
3381,22,1,0.67368376
3382,19,0,0.48247746
3383,10,1,0.69934
3384,8,1,0.7769081
3385,3,1,0.5376395
3386,12,1,0.7441027
3387,26,1,0.6132985
3388,20,1,0.61558795
3389,28,1,0.48085555
3390,16,0,0.5614428
3391,8,1,0.6868592
3392,21,0,0.76224476
3393,13,1,0.6394282
3394,14,1,0.77809584
3395,16,1,0.5238514
3396,17,1,0.66800934
3397,13,1,0.38302153
3398,22,0,0.26589373
3399,2,1,0.5683963
3400,15,0,0.37035596
3401,26,0,0.6399105
3402,16,0,0.32102907
3403,11,0,0.37735048
3404,19,0,0.45213774
3405,15,1,0.57530606
3406,16,0,0.3868676
3407,11,1,0.6676947
3408,28,0,0.35062498
3409,19,0,0.49508327
3410,6,0,0.26851243
3411,11,1,0.3623175
3412,20,0,0.58729196
3413,16,0,0.26121706
3414,11,0,0.42081475
3415,28,0,0.34580854
3416,11,0,0.5057373
3417,27,0,0.4972202
3418,2,1,0.6271099
3419,10,1,0.62741166
3420,12,1,0.24769127
3421,6,1,0.77457047
3422,13,1,0.7065794
3423,6,1,0.70721185
3424,27,0,0.6392921
3425,26,0,0.26805216
3426,17,0,0.28671518
3427,20,0,0.35692427
3428,25,0,0.31527236
3429,22,0,0.2885513
3430,8,0,0.40562072
3431,22,1,0.5014503
3432,17,0,0.3698579
3433,16,1,0.61885554
3434,4,0,0.7359202
3435,21,0,0.65359706
3436,13,1,0.41811976
3437,15,0,0.57624227
3438,21,1,0.736343
3439,20,1,0.66644126
3440,12,1,0.4880757
3441,28,0,0.23597619
3442,23,1,0.29773304
3443,6,0,0.60904384
3444,6,0,0.3308468
3445,13,0,0.44044998
3446,1,1,0.39655808
3447,2,1,0.79961985
3448,17,0,0.26064935
3449,10,1,0.6658725
3450,3,1,0.63199747
3451,7,0,0.2854165
3452,10,0,0.40805632
3453,21,1,0.7373483
3454,8,1,0.3219222
3455,15,1,0.5452943
3456,24,1,0.48972806
3457,17,0,0.37485015
3458,3,0,0.75568014
3459,8,1,0.67687476
3460,12,1,0.4909698
3461,1,0,0.31909457
3462,16,0,0.37505126
3463,28,1,0.68688726
3464,10,1,0.77992207
3465,15,0,0.3100114
3466,16,1,0.4454505
3467,8,1,0.7638189
3468,25,1,0.39717907
3469,3,0,0.33593735
3470,2,0,0.2660731
3471,21,0,0.41400838
3472,4,1,0.55862004
3473,9,1,0.6177491
3474,24,1,0.5468697
3475,23,1,0.34846133
3476,12,0,0.58013177
3477,28,0,0.32640794
3478,10,1,0.7400822
3479,1,0,0.74580234
3480,0,0,0.45022193
3481,15,1,0.5218101
3482,13,1,0.6929226
3483,12,1,0.64744294
3484,21,1,0.5746413
3485,13,0,0.3111726
3486,8,1,0.39843935
3487,22,1,0.4151494
3488,13,1,0.58875567
3489,8,1,0.8385989
3490,16,1,0.57173264
3491,10,0,0.26078364
3492,1,1,0.80223745
3493,2,0,0.2973258
3494,24,1,0.76286304
3495,6,0,0.25264204
3496,25,1,0.66243744
3497,6,1,0.6536449
3498,11,0,0.2827431
3499,9,1,0.6590633
3500,28,1,0.6035836
3501,15,1,0.5279046
3502,13,0,0.26344877
3503,19,0,0.44564062
3504,1,0,0.33088654
3505,7,1,0.3288034
3506,1,0,0.25638095
3507,20,0,0.4356946
3508,22,0,0.6022725
3509,22,1,0.6337911
3510,17,0,0.52787405
3511,1,1,0.4867459
3512,6,1,0.4307075
3513,15,1,0.40295392
3514,17,1,0.8183741
3515,23,0,0.29264316
3516,5,0,0.33106536
3517,2,1,0.6795234
3518,13,1,0.86137587
3519,13,1,0.7970748
3520,13,0,0.41709077
3521,6,1,0.76268417
3522,8,1,0.33995822
3523,1,1,0.50176245
3524,22,1,0.5617323
3525,8,1,0.69959545
3526,25,1,0.5380277
3527,16,0,0.4674013
3528,20,0,0.3244457
3529,14,1,0.40655985
3530,27,1,0.6842853
3531,25,1,0.8450165
3532,10,1,0.5112618
3533,8,0,0.3055809
3534,24,0,0.23617883
3535,18,0,0.28016737
3536,10,1,0.3497718
3537,28,0,0.46488315
3538,13,1,0.6352215
3539,4,1,0.4172995
3540,16,0,0.5168735
3541,13,1,0.6493581
3542,14,1,0.4153681
3543,1,0,0.33790973
3544,21,0,0.6965666
3545,2,1,0.76664555
3546,26,0,0.35497543
3547,20,0,0.607467
3548,24,1,0.6054325
3549,25,0,0.31613013
3550,9,1,0.61378
3551,16,1,0.77445173
3552,0,1,0.46382654
3553,4,0,0.3019594
3554,26,1,0.6708501
3555,13,1,0.45831203
3556,2,0,0.4649797
3557,19,1,0.7628057
3558,25,0,0.42336336
3559,27,0,0.6575186
3560,13,1,0.27507523
3561,2,0,0.35654795
3562,10,0,0.6157301
3563,16,0,0.3723036
3564,25,1,0.6028688
3565,16,0,0.39169106
3566,20,0,0.5189978
3567,16,1,0.7390222
3568,1,1,0.5899701
3569,10,1,0.56149495
3570,26,0,0.5015714
3571,7,0,0.6588882
3572,4,1,0.4035242
3573,12,0,0.24795051
3574,8,0,0.65899366
3575,2,1,0.6467951
3576,26,0,0.41338187
3577,2,1,0.6958695
3578,13,1,0.6369454
3579,2,0,0.5455739
3580,8,1,0.41564688
3581,27,1,0.46254313
3582,20,1,0.68620265
3583,18,1,0.48470825
3584,23,1,0.7226419
3585,15,0,0.34395447
3586,1,1,0.65362644
3587,19,1,0.521091
3588,23,0,0.47310567
3589,17,1,0.46491116
3590,19,0,0.55453223
3591,25,1,0.58886147
3592,2,1,0.50169885
3593,17,0,0.38951546
3594,27,1,0.83037806
3595,11,1,0.34859434
3596,25,0,0.31165498
3597,15,1,0.63137865
3598,26,0,0.3680493
3599,12,0,0.26876765
3600,28,0,0.30231145
3601,13,1,0.7166618
3602,16,1,0.7263857
3603,2,0,0.38700724
3604,19,0,0.5429654
3605,23,1,0.39376947
3606,8,0,0.40092713
3607,9,1,0.7385694
3608,8,0,0.4151292
3609,20,0,0.5567593
3610,21,1,0.4819956
3611,7,1,0.5807388
3612,3,1,0.7433936
3613,16,0,0.5950069
3614,27,1,0.66453576
3615,12,0,0.47948086
3616,25,1,0.6196541
3617,27,0,0.34995934
3618,25,0,0.30193552
3619,12,0,0.43654743
3620,26,1,0.5097082
3621,22,1,0.397913
3622,28,0,0.2627217
3623,11,0,0.59063524
3624,13,0,0.48277286
3625,11,1,0.33772907
3626,24,1,0.7211616
3627,18,1,0.5444034
3628,21,0,0.7569642
3629,19,1,0.4636734
3630,16,0,0.56513125
3631,19,0,0.52421767
3632,26,0,0.33982652
3633,1,1,0.4839461
3634,12,1,0.64945364
3635,9,0,0.422426
3636,22,0,0.2582164
3637,1,0,0.30227217
3638,16,1,0.52384627
3639,25,0,0.38493875
3640,17,1,0.29213223
3641,0,0,0.5667672
3642,27,1,0.6567388
3643,16,1,0.71599376
3644,15,0,0.52551377
3645,8,1,0.5895038
3646,24,1,0.72380656
3647,25,1,0.34307945
3648,10,0,0.5083669
3649,4,0,0.35545033
3650,28,0,0.59480584
3651,8,1,0.5982066
3652,22,1,0.7195299
3653,3,0,0.36545596
3654,25,0,0.75559235
3655,8,0,0.6822827
3656,16,1,0.69173294
3657,14,0,0.43119225
3658,7,1,0.842453
3659,8,0,0.2892548
3660,2,1,0.6567334
3661,16,1,0.51933724
3662,16,0,0.2801689
3663,11,0,0.48029217
3664,1,0,0.24648766
3665,13,0,0.73470014
3666,7,1,0.6005407
3667,6,1,0.6782722
3668,27,1,0.8174182
3669,15,0,0.297797
3670,28,1,0.72273266
3671,16,0,0.4592455
3672,13,1,0.4425433
3673,12,0,0.5864913
3674,24,1,0.5233122
3675,5,1,0.43870205
3676,23,0,0.5220211
3677,11,1,0.57348645
3678,4,0,0.313276
3679,8,1,0.55401474
3680,28,1,0.5858606
3681,2,0,0.50088376
3682,9,1,0.69480354
3683,23,1,0.4032352
3684,5,1,0.67288274
3685,26,1,0.7107007
3686,15,1,0.75075436
3687,2,1,0.4655376
3688,8,1,0.6139943
3689,15,0,0.52851623
3690,6,0,0.43874732
3691,16,1,0.6132077
3692,2,1,0.6392142
3693,1,1,0.609383
3694,21,1,0.8742078
3695,13,0,0.5386302
3696,18,0,0.50139254
3697,13,0,0.5809942
3698,5,1,0.59811795
3699,21,0,0.25450942
3700,12,0,0.5953848
3701,8,1,0.82734376
3702,27,0,0.30652258
3703,28,1,0.52962726
3704,1,0,0.24275136
3705,6,1,0.3627351
3706,11,1,0.7842878
3707,19,0,0.4339459
3708,4,1,0.70935917
3709,25,1,0.50385094
3710,18,1,0.6510107
3711,15,1,0.7055209
3712,18,1,0.3757107
3713,26,0,0.34567812
3714,23,1,0.36992225
3715,23,0,0.34837398
3716,28,0,0.43188182
3717,8,0,0.28015766
3718,12,1,0.48508704
3719,18,0,0.48517826
3720,18,0,0.5545382
3721,6,0,0.7896321
3722,25,0,0.4860365
3723,21,1,0.599634
3724,17,1,0.48667654
3725,27,0,0.31308725
3726,20,0,0.58777183
3727,11,0,0.32105848
3728,2,1,0.6360423
3729,18,0,0.40766773
3730,22,0,0.39175195
3731,4,1,0.672669
3732,4,1,0.51222485
3733,11,0,0.5583119
3734,25,1,0.56082296
3735,12,0,0.3143228
3736,9,1,0.31484044
3737,11,0,0.24932253
3738,16,0,0.71011305
3739,27,0,0.4156181
3740,17,1,0.68465763
3741,18,1,0.48701012
3742,22,1,0.48128897
3743,20,1,0.79640645
3744,2,1,0.85062945
3745,2,1,0.36648887
3746,25,1,0.5913501
3747,24,1,0.51584506
3748,8,1,0.38359818
3749,16,1,0.7937617
3750,26,0,0.67341954
3751,0,0,0.41981956
3752,25,0,0.57008964
3753,9,0,0.52097017
3754,18,1,0.30832607
3755,15,0,0.35141468
3756,2,1,0.38000208
3757,12,0,0.35520568
3758,12,1,0.7864021
3759,2,0,0.24928334
3760,12,0,0.32883224
3761,11,1,0.5761082
3762,16,1,0.4867333
3763,12,0,0.37913254
3764,15,1,0.42315364
3765,23,0,0.6257833
3766,23,1,0.37658253
3767,26,0,0.50336266
3768,13,1,0.6647074
3769,22,0,0.45592368
3770,24,0,0.57201415
3771,11,1,0.6335975
3772,11,1,0.4567429
3773,8,1,0.71232337
3774,16,1,0.5132531
3775,26,1,0.58633196
3776,2,0,0.34416243
3777,22,1,0.61158663
3778,25,1,0.61430085
3779,13,0,0.42468846
3780,27,0,0.54947376
3781,16,1,0.6113608
3782,2,1,0.81678003
3783,6,1,0.59779507
3784,16,0,0.54196334
3785,26,0,0.5088168
3786,10,1,0.54615945
3787,22,1,0.395866
3788,1,1,0.4949411
3789,20,0,0.69683784
3790,11,0,0.79950494
3791,3,1,0.6090763
3792,14,0,0.646523
3793,25,0,0.5600478
3794,6,1,0.60329586
3795,26,1,0.49178416
3796,28,0,0.7738387
3797,4,1,0.319687
3798,20,1,0.24144082
3799,15,0,0.3974105
3800,13,1,0.5845151
3801,6,0,0.51927006
3802,5,0,0.41700825
3803,9,1,0.7221382
3804,13,0,0.34718317
3805,13,1,0.7599397
3806,2,1,0.58484066
3807,7,1,0.47030652
3808,19,1,0.44631442
3809,6,1,0.47379255
3810,11,1,0.62330395
3811,13,0,0.5675754
3812,26,1,0.5566952
3813,16,1,0.5765561
3814,16,0,0.32707256
3815,13,1,0.40756133
3816,22,1,0.6785237
3817,14,0,0.3674732
3818,13,0,0.33608276
3819,17,0,0.32329968
3820,10,1,0.42857552
3821,11,0,0.4960216
3822,22,1,0.46354732
3823,4,1,0.59796816
3824,17,0,0.52361965
3825,14,0,0.47343376
3826,26,0,0.48468515
3827,4,0,0.34378177
3828,13,1,0.6699435
3829,13,0,0.43737093
3830,12,1,0.6826616
3831,22,1,0.49875796
3832,10,1,0.42091247
3833,20,1,0.8308818
3834,11,1,0.7545276
3835,22,0,0.5584055
3836,0,1,0.61860055
3837,25,0,0.4242978
3838,20,0,0.5798674
3839,13,0,0.46673605
3840,14,1,0.8715246
3841,10,1,0.7163512
3842,28,1,0.73947495
3843,21,1,0.7147393
3844,26,1,0.4002492
3845,16,1,0.75491977
3846,25,0,0.4338474
3847,2,1,0.7073568
3848,7,0,0.5228608
3849,22,1,0.5963646
3850,4,1,0.5123577
3851,10,0,0.3691538
3852,4,1,0.64774907
3853,8,0,0.5722655
3854,21,1,0.6219622
3855,4,1,0.37992504
3856,2,1,0.8233531
3857,6,0,0.35658967
3858,14,1,0.630163
3859,19,0,0.2837652
3860,16,1,0.49018565
3861,3,0,0.52603334
3862,17,0,0.45859075
3863,8,1,0.8716248
3864,13,0,0.6331914
3865,13,0,0.69004667
3866,18,0,0.4669413
3867,26,0,0.5029517
3868,22,0,0.6668564
3869,12,1,0.76854116
3870,6,1,0.3785535
3871,1,0,0.51934904
3872,2,0,0.26576284
3873,16,1,0.64667106
3874,25,0,0.66942436
3875,5,1,0.77142316
3876,10,1,0.5374886
3877,25,0,0.6353605
3878,5,1,0.7366223
3879,10,0,0.2981338
3880,26,0,0.43050593
3881,2,0,0.29254404
3882,21,0,0.24184102
3883,16,0,0.5521175
3884,23,0,0.49123695
3885,12,0,0.6527418
3886,9,1,0.7290988
3887,16,1,0.47772548
3888,8,0,0.7137046
3889,19,1,0.28961104
3890,11,0,0.3566159
3891,6,1,0.61658496
3892,1,1,0.6680927
3893,14,0,0.41126
3894,6,0,0.41447362
3895,11,1,0.5777133
3896,5,1,0.7666691
3897,25,1,0.4533237
3898,15,1,0.64254886
3899,2,0,0.3039081
3900,24,0,0.53397685
3901,1,1,0.75714296
3902,25,1,0.6408452
3903,15,0,0.55786437
3904,13,0,0.5864256
3905,15,1,0.4068846
3906,1,1,0.5694073
3907,17,1,0.7332162
3908,25,1,0.76518327
3909,2,1,0.60624224
3910,8,1,0.8651608
3911,2,1,0.49342424
3912,18,0,0.628909
3913,1,0,0.75696933
3914,13,1,0.6511383
3915,25,1,0.48762846
3916,23,0,0.7256258
3917,15,1,0.6308834
3918,9,1,0.32938972
3919,5,1,0.36998677
3920,15,0,0.58781904
3921,11,0,0.6030965
3922,15,0,0.41311967
3923,6,1,0.6722795
3924,19,1,0.6193845
3925,20,0,0.37109807
3926,19,0,0.52445084
3927,2,1,0.6452361
3928,14,0,0.6842058
3929,27,1,0.5830969
3930,26,1,0.5987095
3931,20,1,0.75862455
3932,26,0,0.2937892
3933,17,1,0.6268954
3934,16,1,0.45266965
3935,19,0,0.37633517
3936,0,1,0.5458663
3937,15,1,0.4055972
3938,25,1,0.7064355
3939,15,0,0.2623174
3940,19,0,0.56225383
3941,16,1,0.3970966
3942,11,0,0.2580621
3943,17,1,0.63401484
3944,25,1,0.59961015
3945,12,0,0.5519631
3946,13,0,0.32791767
3947,25,0,0.589622
3948,2,1,0.4541369
3949,3,1,0.43071628
3950,12,1,0.6709103
3951,15,1,0.4766618
3952,8,0,0.513398
3953,5,0,0.30806407
3954,16,0,0.32363716
3955,0,0,0.5090974
3956,23,1,0.71133256
3957,7,1,0.48186088
3958,15,0,0.63128465
3959,15,0,0.36096865
3960,2,0,0.5070085
3961,10,0,0.42021507
3962,8,0,0.3687542
3963,6,1,0.5590995
3964,24,1,0.8552883
3965,16,1,0.5738341
3966,21,1,0.7572008
3967,6,0,0.30906865
3968,19,1,0.56914085
3969,6,1,0.7032401
3970,16,0,0.24408142
3971,7,0,0.60917115
3972,10,1,0.47070855
3973,10,1,0.6275753
3974,4,0,0.52698183
3975,16,0,0.41672352
3976,17,0,0.544523
3977,0,0,0.43745404
3978,5,1,0.5737207
3979,12,1,0.40250254
3980,3,0,0.64849114
3981,8,1,0.74370396
3982,20,1,0.56733143
3983,18,0,0.85892916
3984,13,0,0.33192205
3985,16,1,0.78431475
3986,11,1,0.6094408
3987,6,0,0.30854413
3988,4,0,0.33244354
3989,5,1,0.5664691
3990,1,1,0.30651313
3991,11,1,0.66208553
3992,10,1,0.4658896
3993,27,0,0.61041135
3994,3,0,0.517888
3995,3,0,0.51907575
3996,12,1,0.43154073
3997,23,1,0.5684123
3998,24,1,0.48203292
3999,18,1,0.59936684
4000,28,1,0.27818006
4001,11,1,0.42068508
4002,13,0,0.61167026
4003,22,0,0.34106758
4004,27,1,0.5809107
4005,21,0,0.5323556
4006,6,0,0.4588194
4007,7,0,0.60731715
4008,7,1,0.3273046
4009,18,0,0.31497857
4010,10,1,0.6691015
4011,16,1,0.49497303
4012,16,1,0.78091455
4013,13,1,0.42121962
4014,9,0,0.61897105
4015,7,0,0.5565362
4016,8,1,0.61355305
4017,1,1,0.61979675
4018,10,1,0.3674353
4019,13,1,0.5370903
4020,1,0,0.45494348
4021,2,1,0.25319445
4022,6,0,0.39992964
4023,8,0,0.29606166
4024,2,0,0.37642613
4025,14,1,0.6278343
4026,23,1,0.4004813
4027,14,1,0.35249564
4028,15,1,0.60161793
4029,13,0,0.6444868
4030,8,0,0.51520425
4031,20,0,0.48107418
4032,22,0,0.7442459
4033,4,0,0.65188634
4034,13,0,0.34203392
4035,9,0,0.26752838
4036,13,1,0.8040062
4037,10,1,0.62318295
4038,8,1,0.34698486
4039,13,1,0.709218
4040,18,0,0.53511107
4041,9,1,0.685793
4042,24,1,0.4923536
4043,17,0,0.45084095
4044,27,0,0.534577
4045,8,0,0.25806087
4046,18,0,0.3349212
4047,11,0,0.567771
4048,25,0,0.47924152
4049,11,0,0.64368814
4050,2,0,0.43024093
4051,3,0,0.3993917
4052,4,1,0.37770826
4053,1,0,0.34252268
4054,28,0,0.42933503
4055,10,1,0.6913505
4056,11,0,0.40586492
4057,2,0,0.3584869
4058,13,0,0.36841175
4059,27,1,0.75376904
4060,18,0,0.31607765
4061,14,0,0.43809134
4062,23,1,0.36883825
4063,16,1,0.44165158
4064,10,0,0.3823137
4065,8,0,0.5105131
4066,7,1,0.60950816
4067,2,0,0.25949615
4068,28,0,0.34289217
4069,22,0,0.38125393
4070,22,1,0.80559844
4071,4,0,0.7173255
4072,1,1,0.7585193
4073,4,1,0.39501548
4074,10,1,0.45595846
4075,9,1,0.6432643
4076,20,0,0.47918868
4077,7,1,0.76009476
4078,14,0,0.36104804
4079,16,1,0.4111111
4080,22,1,0.34899664
4081,7,1,0.6187947
4082,8,0,0.53060895
4083,24,0,0.77603763
4084,7,0,0.5690988
4085,0,0,0.50418043
4086,8,1,0.41955656
4087,10,1,0.84157115
4088,9,1,0.7519192
4089,16,0,0.31505474
4090,13,1,0.6582782
4091,19,0,0.53614736
4092,2,1,0.53506684
4093,13,1,0.23866084
4094,7,0,0.31823948
4095,6,0,0.22864082
4096,17,0,0.25025102
4097,1,0,0.43813133
4098,12,1,0.59270173
4099,13,1,0.4739561
4100,16,1,0.35647473
4101,22,1,0.4398025
4102,13,0,0.3705408
4103,6,1,0.7214436
4104,20,1,0.5745858
4105,25,1,0.6214041
4106,2,1,0.6177268
4107,27,0,0.39599904
4108,11,1,0.7833618
4109,15,0,0.3010045
4110,19,1,0.7718163
4111,14,0,0.64093894
4112,13,1,0.38759017
4113,22,0,0.865832
4114,6,0,0.6747174
4115,0,1,0.79906434
4116,21,1,0.846463
4117,10,0,0.73811793
4118,1,1,0.3298898
4119,15,1,0.6002329
4120,16,0,0.6384147
4121,18,1,0.38378578
4122,16,0,0.37037393
4123,28,1,0.43314418
4124,5,0,0.29705724
4125,14,1,0.53694427
4126,16,0,0.6882325
4127,24,0,0.4372058
4128,25,1,0.4955178
4129,15,0,0.56851435
4130,7,1,0.6420638
4131,19,0,0.3585844
4132,8,1,0.416734
4133,8,0,0.5854366
4134,8,0,0.54093754
4135,3,0,0.6499971
4136,16,0,0.4922917
4137,17,1,0.33444068
4138,25,1,0.42452693
4139,0,1,0.45750457
4140,15,1,0.5857714
4141,11,0,0.2704505
4142,26,0,0.59228647
4143,25,1,0.31716773
4144,15,1,0.40550998
4145,16,0,0.6896591
4146,6,0,0.6522871
4147,6,1,0.39838234
4148,9,1,0.31344876
4149,8,0,0.33541703
4150,7,0,0.43899637
4151,2,1,0.7515932
4152,8,1,0.6734099
4153,8,0,0.35405433
4154,25,1,0.4393017
4155,25,1,0.41265604
4156,5,1,0.25173932
4157,3,0,0.57851243
4158,6,0,0.21830243
4159,27,1,0.37604302
4160,1,1,0.5935585
4161,0,1,0.63290656
4162,17,1,0.4746934
4163,11,0,0.6086182
4164,3,1,0.4368268
4165,21,0,0.44826064
4166,17,0,0.3299017
4167,8,1,0.31627157
4168,16,1,0.39092308
4169,9,1,0.5778453
4170,23,0,0.50007
4171,16,1,0.6873626
4172,6,1,0.8616639
4173,15,1,0.4982464
4174,8,0,0.62738323
4175,8,0,0.4654854
4176,23,0,0.41989145
4177,23,0,0.2977494
4178,5,1,0.72552264
4179,25,1,0.6324976
4180,23,0,0.50502354
4181,1,1,0.57422656
4182,19,1,0.80136037
4183,11,1,0.3885696
4184,17,0,0.30254662
4185,28,0,0.31032816
4186,13,0,0.661102
4187,8,1,0.8394592
4188,16,0,0.49141285
4189,23,0,0.55887234
4190,27,1,0.79632396
4191,11,0,0.3330283
4192,25,0,0.6707741
4193,15,0,0.47875193
4194,25,0,0.52690417
4195,6,0,0.38388094
4196,24,1,0.6150544
4197,15,1,0.3706405
4198,11,0,0.7928164
4199,16,0,0.5071284
4200,11,0,0.56323457
4201,26,1,0.6753557
4202,20,0,0.5379961
4203,13,0,0.33854732
4204,15,0,0.28064537
4205,8,0,0.5038954
4206,21,0,0.55875146
4207,27,1,0.8468734
4208,12,1,0.67500585
4209,1,1,0.74033666
4210,16,1,0.53632003
4211,18,0,0.2895901
4212,20,0,0.34134355
4213,27,0,0.416755
4214,11,0,0.34303555
4215,26,1,0.7902724
4216,1,1,0.30499583
4217,16,0,0.3683296
4218,15,0,0.39329597
4219,10,1,0.6008961
4220,11,0,0.5965478
4221,13,0,0.54881823
4222,12,1,0.41548935
4223,19,0,0.24326009
4224,25,0,0.25076553
4225,12,1,0.58985853
4226,17,1,0.68597686
4227,15,1,0.45496705
4228,6,0,0.26119882
4229,20,1,0.38691136
4230,4,1,0.5342933
4231,27,1,0.43985808
4232,25,1,0.54012614
4233,17,0,0.5304793
4234,10,1,0.47835428
4235,1,1,0.7854918
4236,27,1,0.5815571
4237,12,0,0.6663124
4238,19,0,0.25491205
4239,16,0,0.71985555
4240,15,1,0.8474819
4241,7,0,0.3387363
4242,22,1,0.41284186
4243,2,1,0.48778316
4244,18,0,0.56774116
4245,10,0,0.5848572
4246,15,1,0.80634797
4247,22,1,0.67932177
4248,23,0,0.27422613
4249,19,1,0.29968882
4250,16,0,0.40984
4251,6,1,0.57813185
4252,22,0,0.3285147
4253,11,0,0.34100914
4254,4,0,0.5552673
4255,10,0,0.27670732
4256,23,0,0.33040676
4257,20,0,0.45373818
4258,22,1,0.51908493
4259,13,1,0.8207918
4260,0,1,0.41742206
4261,4,0,0.6370136
4262,8,1,0.5798217
4263,7,0,0.5843819
4264,23,0,0.35879517
4265,3,1,0.7965208
4266,1,1,0.7652089
4267,27,0,0.31704128
4268,5,0,0.28235957
4269,2,1,0.52621156
4270,8,1,0.42404032
4271,1,1,0.80115837
4272,16,1,0.7667407
4273,18,1,0.6515273
4274,9,0,0.5452657
4275,2,1,0.37455538
4276,25,1,0.5442214
4277,10,0,0.46150544
4278,17,0,0.29915187
4279,16,0,0.6123524
4280,20,1,0.8262832
4281,26,1,0.368244
4282,2,0,0.2813383
4283,19,1,0.53095305
4284,16,0,0.42667907
4285,16,0,0.308221
4286,14,0,0.24849018
4287,13,1,0.31959984
4288,28,1,0.29119238
4289,13,0,0.38653696
4290,2,0,0.47564325
4291,9,1,0.27842486
4292,24,0,0.52480733
4293,2,0,0.45846173
4294,24,0,0.2850587
4295,26,0,0.4607151
4296,20,0,0.34360895
4297,21,1,0.47333252
4298,1,0,0.58227617
4299,2,0,0.47370982
4300,16,1,0.7645643
4301,16,0,0.31710872
4302,18,0,0.28228104
4303,28,1,0.33511007
4304,13,0,0.33560494
4305,7,1,0.7337709
4306,16,1,0.819961
4307,16,0,0.5078587
4308,11,0,0.44981197
4309,25,0,0.360241
4310,0,0,0.5133842
4311,27,0,0.57155174
4312,28,1,0.60128367
4313,1,0,0.5454833
4314,1,0,0.3968345
4315,16,0,0.4902943
4316,12,0,0.24874239
4317,2,0,0.6023368
4318,13,0,0.5802531
4319,13,0,0.44165018
4320,18,1,0.7273122
4321,25,0,0.40543115
4322,15,0,0.6378111
4323,25,1,0.6227163
4324,26,1,0.761255
4325,16,1,0.5733467
4326,8,1,0.78193176
4327,8,1,0.65793294
4328,25,0,0.27063534
4329,12,1,0.4934811
4330,15,0,0.4627476
4331,24,1,0.4618331
4332,12,1,0.65152884
4333,19,1,0.40112177
4334,6,0,0.4614605
4335,15,0,0.5438535
4336,10,0,0.49727374
4337,1,1,0.6624517
4338,16,1,0.7228716
4339,11,0,0.31675452
4340,3,1,0.4012497
4341,11,0,0.48042926
4342,11,1,0.65160674
4343,11,0,0.5230284
4344,4,1,0.7617167
4345,8,0,0.7061532
4346,11,1,0.5715325
4347,17,1,0.6474931
4348,8,1,0.56572044
4349,12,1,0.40677613
4350,1,0,0.48886144
4351,3,1,0.47063577
4352,15,1,0.65160644
4353,12,1,0.4209181
4354,27,1,0.8594408
4355,10,0,0.37300506
4356,2,0,0.40341055
4357,10,1,0.7272937
4358,15,0,0.2980684
4359,16,0,0.23873532
4360,10,0,0.59547997
4361,6,1,0.71042866
4362,10,1,0.7491384
4363,8,1,0.6109613
4364,15,1,0.67708284
4365,3,1,0.66247123
4366,26,1,0.4038519
4367,6,1,0.6021144
4368,10,1,0.56138295
4369,15,0,0.7538015
4370,3,0,0.47719702
4371,13,0,0.4629917
4372,6,1,0.7333106
4373,5,1,0.36166728
4374,17,0,0.32807192
4375,13,1,0.76103
4376,28,1,0.32570007
4377,11,1,0.44004616
4378,7,0,0.49654573
4379,13,0,0.43856823
4380,22,0,0.54646325
4381,9,0,0.39853808
4382,18,1,0.67629796
4383,15,1,0.7219839
4384,16,0,0.34615004
4385,22,0,0.55840325
4386,2,1,0.7608889
4387,22,0,0.3131251
4388,0,0,0.35815382
4389,12,0,0.51512325
4390,26,0,0.31396794
4391,2,1,0.52339405
4392,18,1,0.8433809
4393,8,0,0.5757907
4394,4,1,0.3304442
4395,13,1,0.6337115
4396,11,1,0.6374068
4397,26,0,0.61961365
4398,22,1,0.3785091
4399,17,1,0.58656895
4400,17,0,0.3663141
4401,13,0,0.55976975
4402,12,0,0.3886437
4403,1,1,0.61136776
4404,11,0,0.5173923
4405,1,0,0.3817124
4406,8,1,0.7000628
4407,2,0,0.30050755
4408,13,0,0.55011505
4409,13,1,0.7769739
4410,15,0,0.5352363
4411,7,0,0.60027885
4412,12,0,0.33589122
4413,23,0,0.46270737
4414,25,1,0.7616306
4415,16,0,0.45323426
4416,20,1,0.42685235
4417,11,0,0.3447113
4418,8,1,0.58997005
4419,0,0,0.56979126
4420,13,1,0.53170973
4421,7,1,0.3922004
4422,26,0,0.603265
4423,3,1,0.7942804
4424,10,1,0.7451714
4425,15,1,0.26006755
4426,8,0,0.6640359
4427,11,0,0.6366349
4428,25,0,0.48648077
4429,18,0,0.31051126
4430,10,0,0.3611685
4431,10,0,0.28696027
4432,18,1,0.5746062
4433,21,0,0.35555142
4434,15,0,0.7623443
4435,8,0,0.29000324
4436,1,1,0.49122903
4437,20,1,0.48900524
4438,1,0,0.32508036
4439,17,1,0.66129065
4440,3,0,0.4210288
4441,13,1,0.7483872
4442,1,0,0.33671513
4443,27,0,0.37350136
4444,17,0,0.5355423
4445,8,1,0.40660495
4446,23,0,0.34762555
4447,26,0,0.33330405
4448,15,0,0.49656186
4449,11,0,0.86722857
4450,8,1,0.5815874
4451,27,0,0.48594397
4452,16,0,0.50675035
4453,7,1,0.5472246
4454,13,1,0.58951586
4455,13,1,0.38857737
4456,1,0,0.6208597
4457,26,1,0.6471881
4458,21,0,0.43876088
4459,12,0,0.36721733
4460,7,1,0.4467838
4461,16,1,0.4075816
4462,21,1,0.6030956
4463,16,0,0.5682803
4464,24,0,0.56262
4465,16,0,0.32521763
4466,11,0,0.41861278
4467,10,0,0.45021242
4468,16,0,0.47400266
4469,7,0,0.51747066
4470,9,1,0.23913325
4471,18,0,0.2491568
4472,7,1,0.6222844
4473,15,1,0.50241095
4474,28,0,0.2927885
4475,0,0,0.2606139
4476,20,1,0.5604024
4477,17,0,0.37373355
4478,16,1,0.53454125
4479,23,1,0.6156372
4480,8,1,0.4189892
4481,13,1,0.68612546
4482,1,1,0.61612797
4483,22,0,0.27644226
4484,10,0,0.66642857
4485,9,0,0.32239217
4486,2,1,0.7499367
4487,26,0,0.29577467
4488,18,0,0.6680995
4489,18,1,0.41061953
4490,22,1,0.70090514
4491,26,0,0.36038226
4492,16,1,0.67708313
4493,22,0,0.60981226
4494,6,1,0.57702625
4495,3,1,0.4089074
4496,12,0,0.4417512
4497,20,1,0.43021265
4498,11,1,0.68000966
4499,23,0,0.36112565
4500,27,1,0.25407326
4501,20,1,0.3664406
4502,1,1,0.76073056
4503,9,0,0.7895739
4504,16,1,0.6588398
4505,16,1,0.82774085
4506,11,1,0.60841674
4507,2,1,0.5394766
4508,8,0,0.3721285
4509,1,1,0.3974358
4510,5,1,0.54933465
4511,2,1,0.5132913
4512,20,1,0.38883623
4513,0,1,0.38511276
4514,13,1,0.6355152
4515,25,1,0.6191136
4516,26,1,0.47553438
4517,13,1,0.513858
4518,17,0,0.36827925
4519,13,1,0.737322
4520,2,0,0.40600225
4521,13,0,0.24604347
4522,8,0,0.28812212
4523,13,0,0.34553453
4524,11,0,0.6527046
4525,19,1,0.7623511
4526,11,1,0.3734511
4527,10,1,0.7977772
4528,24,1,0.51154596
4529,1,0,0.488244
4530,18,1,0.52508366
4531,7,1,0.4811562
4532,12,1,0.44228652
4533,11,1,0.3570577
4534,1,0,0.43444678
4535,0,1,0.7609997
4536,6,0,0.5921547
4537,14,0,0.37822205
4538,17,1,0.6407637
4539,8,0,0.65082526
4540,2,1,0.4779205
4541,8,1,0.36538512
4542,10,1,0.85314685
4543,10,0,0.3221232
4544,6,1,0.68515974
4545,1,0,0.66610515
4546,23,1,0.6299405
4547,16,1,0.6614286
4548,2,0,0.47591224
4549,16,0,0.49033925
4550,3,0,0.28215146
4551,1,1,0.5890199
4552,11,1,0.55755997
4553,27,1,0.6788702
4554,8,0,0.38811615
4555,24,0,0.33470055
4556,1,0,0.3116878
4557,4,1,0.2809123
4558,16,1,0.65826076
4559,8,1,0.5933399
4560,12,0,0.43030506
4561,20,0,0.30749306
4562,12,1,0.5306601
4563,4,0,0.58804
4564,18,1,0.5242611
4565,8,1,0.47578225
4566,3,1,0.3823089
4567,11,1,0.60405934
4568,13,1,0.6557358
4569,17,1,0.58349293
4570,26,0,0.40855038
4571,13,0,0.59202695
4572,24,0,0.3295842
4573,4,0,0.328082
4574,8,1,0.70134854
4575,13,0,0.3084571
4576,15,1,0.5916452
4577,27,0,0.48238912
4578,11,1,0.6058116
4579,0,1,0.6272209
4580,27,0,0.5696706
4581,10,0,0.34311312
4582,25,1,0.38271493
4583,6,1,0.3326863
4584,15,1,0.6704526
4585,2,1,0.76183784
4586,18,0,0.5573435
4587,6,1,0.83087105
4588,0,1,0.61233956
4589,20,1,0.6011842
4590,11,1,0.62686
4591,22,1,0.6388117
4592,25,0,0.3700819
4593,20,0,0.5888953
4594,2,1,0.7638789
4595,20,0,0.40487075
4596,1,0,0.6585526
4597,2,1,0.49168095
4598,11,0,0.4185583
4599,20,1,0.67787397
4600,15,0,0.58300716
4601,25,1,0.49547836
4602,16,1,0.54031366
4603,7,0,0.6147043
4604,3,0,0.34099954
4605,1,0,0.33110958
4606,25,0,0.6214361
4607,2,1,0.60123175
4608,16,0,0.33353257
4609,28,0,0.6033349
4610,16,1,0.609651
4611,25,0,0.2765969
4612,2,0,0.5170159
4613,3,1,0.8369518
4614,16,0,0.43293312
4615,7,1,0.5412033
4616,2,1,0.49312538
4617,16,0,0.35232815
4618,15,1,0.39706665
4619,10,1,0.46321163
4620,5,0,0.3117119
4621,21,1,0.37990388
4622,6,1,0.66050583
4623,15,0,0.40405506
4624,21,1,0.63292414
4625,2,1,0.79010797
4626,25,1,0.503861
4627,15,1,0.6599892
4628,15,1,0.29479268
4629,22,1,0.551534
4630,8,1,0.75164497
4631,28,0,0.55633014
4632,17,1,0.44696486
4633,28,1,0.64661306
4634,28,1,0.5988799
4635,0,1,0.56343657
4636,1,0,0.61499876
4637,26,0,0.46577424
4638,8,1,0.35262415
4639,23,1,0.3567751
4640,8,0,0.3395493
4641,19,0,0.4879969
4642,24,1,0.57459116
4643,21,0,0.6364447
4644,7,0,0.32876736
4645,15,1,0.50893056
4646,28,1,0.8089418
4647,2,0,0.3511134
4648,12,0,0.3923028
4649,12,0,0.29776204
4650,18,1,0.3012733
4651,13,1,0.47238287
4652,18,0,0.2848018
4653,19,1,0.538298
4654,7,1,0.47012296
4655,16,0,0.49583337
4656,10,1,0.29864925
4657,26,1,0.6317367
4658,8,0,0.48447034
4659,9,1,0.6264273
4660,16,0,0.6468881
4661,22,0,0.67367476
4662,10,1,0.28860715
4663,22,1,0.41970834
4664,25,0,0.53011984
4665,16,0,0.5456445
4666,25,0,0.32946336
4667,10,0,0.4220581
4668,11,0,0.74172646
4669,8,1,0.6256683
4670,4,1,0.87127864
4671,13,0,0.23140053
4672,10,1,0.6440299
4673,26,0,0.6959029
4674,18,0,0.30037254
4675,12,1,0.71549743
4676,23,1,0.57069683
4677,2,1,0.33948764
4678,1,1,0.422425
4679,0,0,0.52552813
4680,2,1,0.5981816
4681,15,1,0.77210206
4682,10,0,0.31425676
4683,16,0,0.25589716
4684,0,1,0.8715233
4685,1,1,0.38837773
4686,13,1,0.45455548
4687,10,1,0.8132028
4688,28,0,0.81712365
4689,7,0,0.44167203
4690,12,0,0.66043484
4691,11,1,0.6720992
4692,2,1,0.58308524
4693,28,1,0.76586115
4694,2,0,0.36137837
4695,0,0,0.71307415
4696,25,1,0.4770435
4697,26,1,0.63318795
4698,1,1,0.4527659
4699,15,0,0.46000996
4700,26,0,0.46099064
4701,26,1,0.78485346
4702,15,1,0.6583525
4703,15,1,0.3739293
4704,12,0,0.32769826
4705,0,0,0.3268501
4706,16,1,0.6850985
4707,2,0,0.57214284
4708,12,1,0.73936665
4709,11,1,0.736407
4710,26,0,0.5077997
4711,8,1,0.43064344
4712,21,1,0.6748484
4713,1,1,0.36941543
4714,26,0,0.61826134
4715,11,1,0.6775348
4716,19,1,0.66552263
4717,3,1,0.326093
4718,8,1,0.5767144
4719,9,1,0.7325775
4720,8,0,0.4726368
4721,2,1,0.594257
4722,2,1,0.42853296
4723,4,0,0.526676
4724,14,1,0.43637747
4725,9,0,0.28322828
4726,7,1,0.4383297
4727,8,0,0.31120196
4728,16,0,0.3242442
4729,14,1,0.4759584
4730,12,0,0.25665346
4731,11,0,0.32219774
4732,2,0,0.6653852
4733,24,0,0.58690757
4734,14,1,0.6934924
4735,23,1,0.7721277
4736,2,1,0.61601084
4737,17,1,0.46747908
4738,10,0,0.51358384
4739,22,0,0.505662
4740,27,0,0.44208044
4741,24,0,0.6492087
4742,11,0,0.3707621
4743,12,0,0.43063664
4744,12,1,0.6368289
4745,13,0,0.4371985
4746,24,0,0.5746066
4747,10,0,0.6667346
4748,4,1,0.58990747
4749,26,1,0.4475534
4750,26,0,0.46432522
4751,19,0,0.28654778
4752,1,1,0.3355687
4753,25,0,0.34715945
4754,28,0,0.698248
4755,16,1,0.6929685
4756,18,0,0.4055846
4757,12,0,0.3571576
4758,24,1,0.38890213
4759,23,1,0.3670205
4760,24,0,0.29928213
4761,25,0,0.31068036
4762,8,1,0.7036741
4763,26,0,0.67223465
4764,23,0,0.76966685
4765,18,1,0.78560936
4766,26,0,0.4616087
4767,12,0,0.57447356
4768,8,0,0.67573446
4769,2,0,0.43861598
4770,5,1,0.766292
4771,3,0,0.7363331
4772,14,0,0.38446474
4773,2,0,0.34054938
4774,25,0,0.5441995
4775,26,0,0.46721736
4776,11,0,0.67107964
4777,25,0,0.7002261
4778,5,0,0.2611612
4779,20,1,0.50390935
4780,19,1,0.83640337
4781,13,0,0.34776345
4782,16,0,0.4673136
4783,15,0,0.5589896
4784,26,0,0.28639057
4785,3,0,0.4224525
4786,4,1,0.4412247
4787,12,1,0.6080536
4788,16,0,0.53220075
4789,12,0,0.6287274
4790,11,1,0.4890379
4791,22,0,0.34764224
4792,12,1,0.4480303
4793,8,0,0.30034962
4794,7,1,0.87693185
4795,11,1,0.25201222
4796,16,0,0.2398067
4797,17,1,0.6155098
4798,13,0,0.26812372
4799,2,1,0.5558892
4800,21,1,0.87876344
4801,2,0,0.5077052
4802,17,0,0.71657157
4803,14,0,0.31226614
4804,12,1,0.73285645
4805,26,0,0.37176147
4806,16,1,0.72166824
4807,10,0,0.66004986
4808,9,1,0.6022555
4809,7,1,0.58861333
4810,7,0,0.31304696
4811,25,0,0.66502064
4812,11,1,0.42946318
4813,23,1,0.54698867
4814,23,0,0.32492217
4815,5,0,0.31322747
4816,10,0,0.3277925
4817,14,0,0.5248922
4818,20,1,0.62072676
4819,23,0,0.26076043
4820,17,0,0.35516018
4821,1,1,0.28620374
4822,25,0,0.46672738
4823,8,0,0.46702054
4824,8,1,0.36012346
4825,6,0,0.3079708
4826,18,1,0.7471742
4827,12,1,0.56360257
4828,10,0,0.46692774
4829,22,0,0.32310072
4830,27,1,0.57779634
4831,22,0,0.56917435
4832,2,0,0.42994276
4833,26,1,0.5918698
4834,25,1,0.2566111
4835,15,1,0.4996318
4836,1,0,0.3540665
4837,10,1,0.48770317
4838,1,1,0.5074334
4839,2,0,0.480254
4840,27,0,0.5744428
4841,1,0,0.68562686
4842,16,1,0.72677195
4843,10,1,0.7764886
4844,16,0,0.43227592
4845,15,1,0.57204086
4846,16,1,0.65827835
4847,10,0,0.6037426
4848,6,0,0.31682238
4849,17,0,0.5029927
4850,15,0,0.5448317
4851,18,0,0.52207315
4852,2,0,0.5586433
4853,15,0,0.46717754
4854,14,1,0.74480164
4855,18,1,0.49193868
4856,8,0,0.3933528
4857,13,0,0.68964154
4858,15,0,0.3305356
4859,10,1,0.71455264
4860,4,0,0.5099374
4861,15,0,0.43972042
4862,21,0,0.58821815
4863,0,1,0.7616362
4864,25,0,0.42812613
4865,1,1,0.38608587
4866,16,0,0.49833906
4867,22,0,0.55044705
4868,22,1,0.50310075
4869,4,1,0.8350248
4870,14,0,0.3177311
4871,7,0,0.4101939
4872,13,1,0.6935095
4873,19,0,0.5302333
4874,4,0,0.34612122
4875,22,0,0.544986
4876,13,0,0.37970877
4877,25,0,0.36912397
4878,24,1,0.6244361
4879,1,0,0.6181714
4880,2,1,0.6636149
4881,25,1,0.46251276
4882,3,0,0.6345341
4883,16,0,0.31211144
4884,0,0,0.6658432
4885,18,1,0.53777146
4886,7,1,0.6194195
4887,15,0,0.2942341
4888,17,1,0.6517174
4889,16,1,0.76674837
4890,0,1,0.69797957
4891,10,0,0.41619077
4892,19,0,0.33183485
4893,15,1,0.6027469
4894,16,1,0.3365567
4895,25,1,0.33873817
4896,15,0,0.334859
4897,12,1,0.70190036
4898,23,0,0.59574765
4899,22,0,0.2677848
4900,13,1,0.3229029
4901,25,1,0.6411757
4902,19,1,0.5409737
4903,1,1,0.50517565
4904,12,1,0.48561
4905,25,0,0.3877292
4906,7,0,0.4268176
4907,22,0,0.5592657
4908,24,1,0.35624823
4909,11,0,0.3338345
4910,27,0,0.39445353
4911,10,0,0.32733917
4912,23,1,0.77489555
4913,13,0,0.34591046
4914,1,0,0.75339824
4915,16,1,0.63249594
4916,16,0,0.3941263
4917,19,1,0.337671
4918,8,1,0.7062988
4919,1,1,0.3139082
4920,2,1,0.7170253
4921,6,0,0.51708424
4922,8,0,0.5626103
4923,15,1,0.31473956
4924,12,1,0.59704536
4925,28,1,0.65113586
4926,10,0,0.48398417
4927,5,1,0.79003555
4928,20,0,0.58751804
4929,25,0,0.34358144
4930,3,1,0.44585544
4931,6,1,0.5739655
4932,26,0,0.27999628
4933,15,1,0.34770468
4934,28,1,0.5905142
4935,26,1,0.3142514
4936,19,0,0.41233623
4937,16,1,0.25234547
4938,13,0,0.63872707
4939,20,0,0.3351158
4940,15,1,0.3995644
4941,2,0,0.40898505
4942,15,1,0.27288267
4943,20,1,0.43223324
4944,6,0,0.5445217
4945,15,1,0.43446633
4946,1,0,0.36105964
4947,27,1,0.56994694
4948,25,0,0.30586448
4949,1,0,0.38706046
4950,2,0,0.49649203
4951,12,1,0.65257055
4952,10,0,0.38387677
4953,16,1,0.5701554
4954,25,1,0.73284894
4955,12,1,0.59995836
4956,24,0,0.36858496
4957,25,0,0.27479187
4958,28,0,0.3350629
4959,25,0,0.28498295
4960,16,0,0.28080633
4961,1,1,0.50429136
4962,11,1,0.71514165
4963,13,0,0.38389823
4964,18,1,0.32621813
4965,10,1,0.8561349
4966,3,1,0.7497073
4967,25,0,0.73686516
4968,15,1,0.31627625
4969,21,0,0.24842504
4970,24,1,0.791003
4971,28,1,0.58223015
4972,5,1,0.48847485
4973,11,0,0.31028548
4974,28,0,0.34098092
4975,10,0,0.26613623
4976,19,0,0.3402785
4977,7,1,0.43723723
4978,6,1,0.60926896
4979,8,1,0.6486845
4980,0,0,0.42596367
4981,14,0,0.6850267
4982,1,1,0.5944603
4983,26,0,0.30329296
4984,22,0,0.45455298
4985,22,0,0.39711556
4986,20,1,0.70221025
4987,16,1,0.4477014
4988,7,0,0.45014545
4989,22,1,0.58243793
4990,14,1,0.49245036
4991,20,0,0.39563918
4992,7,0,0.32123274
4993,14,0,0.5057084
4994,6,0,0.2699971
4995,7,1,0.718544
4996,16,0,0.4814676
4997,13,0,0.3743806
4998,20,0,0.4237185
4999,8,1,0.3650369
5000,13,0,0.45246106
5001,24,1,0.4597623
5002,5,0,0.46657252
5003,1,1,0.41002032
5004,14,1,0.6700551
5005,11,0,0.32580227
5006,16,0,0.5458702
5007,12,0,0.3341156
5008,15,1,0.5115786
5009,12,0,0.60893375
5010,18,0,0.6346497
5011,7,1,0.5436865
5012,3,0,0.56989276
5013,15,1,0.51918954
5014,19,0,0.33832976
5015,2,0,0.35525218
5016,13,0,0.403537
5017,3,1,0.63884556
5018,23,1,0.4052488
5019,2,1,0.6454091
5020,5,0,0.5133358
5021,16,1,0.64565104
5022,16,1,0.7116136
5023,18,0,0.38579273
5024,0,0,0.59639513
5025,17,1,0.78982055
5026,14,0,0.38996604
5027,2,1,0.6995358
5028,21,0,0.37147367
5029,2,1,0.6320342
5030,1,1,0.43981498
5031,27,1,0.78673184
5032,28,0,0.6339021
5033,28,0,0.35405356
5034,16,1,0.6443048
5035,18,1,0.557463
5036,2,0,0.3048621
5037,22,1,0.4960183
5038,15,0,0.39846978
5039,28,0,0.4182205
5040,13,1,0.5861238
5041,6,1,0.30820498
5042,9,1,0.5761776
5043,6,0,0.3149982
5044,16,1,0.4897082
5045,2,0,0.32886785
5046,13,1,0.49119824
5047,17,1,0.4622863
5048,3,1,0.7249413
5049,12,1,0.6247761
5050,18,1,0.6242934
5051,6,0,0.3673731
5052,11,1,0.7117542
5053,2,0,0.4123921
5054,11,1,0.48621178
5055,27,1,0.5023296
5056,0,1,0.28011665
5057,2,0,0.69505507
5058,15,1,0.76964045
5059,3,1,0.84893167
5060,7,0,0.44608325
5061,20,1,0.5862282
5062,16,0,0.6769252
5063,19,1,0.3406217
5064,15,0,0.33314502
5065,8,1,0.5163616
5066,2,1,0.51149577
5067,9,0,0.6433376
5068,5,1,0.64376724
5069,16,1,0.26476732
5070,20,1,0.38153955
5071,16,1,0.3541424
5072,16,0,0.37070274
5073,7,0,0.63849425
5074,22,0,0.45021576
5075,26,0,0.65183127
5076,8,0,0.58599985
5077,12,0,0.63334596
5078,24,0,0.6723608
5079,5,1,0.54202235
5080,9,1,0.41500276
5081,13,1,0.6011077
5082,16,0,0.36852515
5083,18,1,0.7760058
5084,7,1,0.8256211
5085,22,1,0.7692253
5086,16,1,0.4730113
5087,19,0,0.61915576
5088,13,0,0.58286554
5089,21,0,0.48249346
5090,0,0,0.3160656
5091,2,1,0.54377633
5092,19,0,0.49392995
5093,11,0,0.35021618
5094,17,0,0.3267372
5095,26,1,0.42515838
5096,13,1,0.570759
5097,15,1,0.5508896
5098,10,0,0.54591924
5099,15,0,0.282129
5100,15,1,0.41854718
5101,2,1,0.48401785
5102,18,1,0.6734934
5103,10,0,0.5622113
5104,2,1,0.6434041
5105,2,0,0.43761185
5106,26,1,0.7083448
5107,14,0,0.36286163
5108,4,1,0.26739258
5109,25,0,0.58916444
5110,3,0,0.30000976
5111,13,1,0.6988564
5112,25,1,0.65170836
5113,3,1,0.28981775
5114,13,1,0.40717328
5115,1,1,0.24916434
5116,27,0,0.47438243
5117,16,1,0.5480359
5118,27,1,0.67285585
5119,13,1,0.43817326
5120,1,1,0.7376843
5121,22,1,0.47657123
5122,2,0,0.53847927
5123,7,0,0.3253323
5124,19,0,0.5186826
5125,23,0,0.4063637
5126,9,0,0.3740909
5127,13,1,0.30460092
5128,13,0,0.26457405
5129,14,0,0.43134174
5130,26,0,0.31085315
5131,11,1,0.52057916
5132,12,1,0.5901487
5133,26,0,0.36704925
5134,18,1,0.65249324
5135,5,1,0.4869429
5136,5,1,0.60223573
5137,21,1,0.61497897
5138,18,1,0.37732854
5139,15,1,0.85847235
5140,16,1,0.376437
5141,0,0,0.35286427
5142,13,0,0.40024307
5143,14,0,0.60232544
5144,3,1,0.3523947
5145,10,0,0.34882426
5146,10,0,0.3271494
5147,18,0,0.76281774
5148,19,1,0.6500183
5149,4,1,0.67727023
5150,11,0,0.41888052
5151,1,0,0.38534424
5152,8,0,0.2740382
5153,11,0,0.23163147
5154,13,1,0.70590144
5155,9,1,0.66034573
5156,21,0,0.4926144
5157,5,0,0.75095886
5158,28,0,0.567364
5159,16,1,0.56492406
5160,13,0,0.43761054
5161,26,1,0.5243603
5162,15,1,0.5710387
5163,16,1,0.56175613
5164,11,1,0.55744135
5165,12,0,0.26916265
5166,19,0,0.6656883
5167,15,0,0.6200752
5168,6,0,0.37608016
5169,0,0,0.49041995
5170,13,1,0.72073334
5171,3,1,0.5204168
5172,28,0,0.5937211
5173,14,0,0.42388442
5174,3,0,0.40984464
5175,5,0,0.3722711
5176,27,1,0.5887558
5177,27,1,0.39388248
5178,1,0,0.5470561
5179,13,1,0.7430576
5180,12,0,0.5115747
5181,2,1,0.5226615
5182,9,1,0.7471423
5183,15,1,0.7110722
5184,8,0,0.49598047
5185,17,1,0.5774801
5186,8,0,0.38438728
5187,15,0,0.2365332
5188,16,0,0.37332958
5189,17,0,0.25997898
5190,16,0,0.7759242
5191,24,1,0.3543713
5192,26,0,0.5144625
5193,2,1,0.5274904
5194,15,0,0.72473997
5195,13,1,0.6972859
5196,10,0,0.29226747
5197,25,0,0.3969807
5198,1,0,0.3151463
5199,28,1,0.41000745
5200,25,1,0.3966176
5201,13,0,0.35000646
5202,19,1,0.7090601
5203,2,1,0.5327701
5204,1,0,0.39731923
5205,25,0,0.3959773
5206,16,0,0.5181359
5207,11,0,0.38677594
5208,17,1,0.33329108
5209,19,0,0.35955772
5210,2,0,0.5370467
5211,16,0,0.6407346
5212,6,0,0.31147203
5213,4,1,0.5076312
5214,0,0,0.23072335
5215,9,1,0.67781585
5216,7,1,0.48714864
5217,2,1,0.4770763
5218,26,0,0.35951194
5219,5,0,0.3558694
5220,13,0,0.56278783
5221,17,0,0.3353604
5222,0,0,0.3193174
5223,8,1,0.5601322
5224,19,0,0.6111386
5225,1,1,0.6605619
5226,20,1,0.45393196
5227,23,1,0.5798033
5228,8,1,0.53430754
5229,16,0,0.31487533
5230,6,1,0.58050054
5231,7,0,0.5717545
5232,25,1,0.47963384
5233,10,0,0.551339
5234,26,0,0.6717591
5235,2,1,0.42536476
5236,16,1,0.37398022
5237,28,1,0.6961935
5238,0,1,0.627936
5239,18,0,0.3068394
5240,23,1,0.6593662
5241,25,0,0.48452833
5242,11,0,0.6701398
5243,12,0,0.41749164
5244,24,0,0.51327324
5245,17,0,0.7615104
5246,10,1,0.57978004
5247,15,1,0.4974568
5248,3,0,0.6092428
5249,25,0,0.30244166
5250,27,0,0.33095637
5251,8,1,0.43094593
5252,18,0,0.55339634
5253,9,1,0.5770395
5254,16,1,0.54490083
5255,9,0,0.60550964
5256,2,0,0.36651325
5257,18,0,0.25207135
5258,12,1,0.6139529
5259,26,1,0.5199058
5260,23,1,0.2897658
5261,23,1,0.24843952
5262,13,0,0.53650504
5263,25,1,0.83982074
5264,16,1,0.60738206
5265,14,0,0.49453673
5266,21,1,0.71124077
5267,28,1,0.62685806
5268,12,1,0.7813154
5269,8,1,0.66478384
5270,18,0,0.5984977
5271,27,0,0.44077882
5272,25,0,0.2706907
5273,5,0,0.47606587
5274,10,0,0.33141908
5275,10,1,0.644516
5276,1,1,0.6124464
5277,13,1,0.33245268
5278,8,0,0.37938687
5279,5,0,0.403362
5280,12,1,0.56842697
5281,17,1,0.5953869
5282,10,1,0.61822754
5283,14,1,0.34441927
5284,26,0,0.3361131
5285,19,1,0.595887
5286,16,1,0.3242681
5287,15,0,0.32967344
5288,16,1,0.827333
5289,12,1,0.6661419
5290,20,0,0.47656003
5291,10,1,0.6297989
5292,13,1,0.5766691
5293,16,1,0.78770334
5294,2,0,0.40393233
5295,24,0,0.5646532
5296,12,0,0.37031472
5297,2,0,0.27693254
5298,15,0,0.590493
5299,8,0,0.3990287
5300,6,1,0.46953753
5301,12,0,0.3637525
5302,18,1,0.7117942
5303,16,1,0.5022407
5304,19,1,0.61068845
5305,15,0,0.42707962
5306,15,1,0.3733016
5307,17,0,0.32756606
5308,20,1,0.81880057
5309,1,1,0.7933558
5310,8,0,0.24350509
5311,9,0,0.23492074
5312,23,0,0.28408545
5313,13,0,0.57302547
5314,22,0,0.3553681
5315,17,1,0.33991495
5316,20,1,0.27947378
5317,25,0,0.39190423
5318,2,1,0.6441623
5319,14,0,0.4358857
5320,25,1,0.57966346
5321,16,1,0.50456244
5322,26,1,0.5832324
5323,14,0,0.62421024
5324,20,0,0.5727696
5325,15,1,0.67227185
5326,19,0,0.66644424
5327,26,1,0.3428316
5328,10,0,0.25273263
5329,3,1,0.62081194
5330,8,1,0.478652
5331,8,1,0.8395864
5332,28,1,0.7229841
5333,26,1,0.42043164
5334,27,1,0.28328907
5335,8,0,0.5549632
5336,5,0,0.5508698
5337,11,0,0.51972693
5338,8,1,0.7573551
5339,2,0,0.32890558
5340,26,0,0.3695213
5341,2,0,0.33895567
5342,21,0,0.34001064
5343,19,0,0.5174
5344,13,1,0.5975969
5345,15,0,0.30928078
5346,26,1,0.6668087
5347,21,0,0.49606535
5348,25,1,0.6584127
5349,27,0,0.28947392
5350,13,0,0.36772874
5351,7,1,0.7817041
5352,11,0,0.34715876
5353,13,0,0.24215288
5354,2,0,0.26766253
5355,10,0,0.6796698
5356,6,1,0.7855073
5357,2,0,0.2851555
5358,13,0,0.3429756
5359,25,1,0.7297534
5360,4,1,0.8057953
5361,18,1,0.53226244
5362,13,0,0.25571242
5363,1,0,0.36360452
5364,6,1,0.5817587
5365,23,1,0.5656461
5366,1,0,0.7369869
5367,27,1,0.6371448
5368,6,1,0.58894837
5369,19,1,0.2780124
5370,13,1,0.7394283
5371,8,0,0.35339144
5372,13,1,0.4348618
5373,26,0,0.2595612
5374,15,0,0.30727318
5375,13,0,0.4807614
5376,8,1,0.7549904
5377,25,0,0.30693504
5378,15,0,0.58425087
5379,18,0,0.46169066
5380,6,1,0.561124
5381,23,1,0.3366806
5382,10,0,0.33518496
5383,16,0,0.5340445
5384,0,1,0.6396587
5385,8,1,0.6719379
5386,14,0,0.3527909
5387,27,0,0.32879806
5388,25,1,0.61893976
5389,10,0,0.7163376
5390,13,1,0.52725405
5391,27,1,0.5937232
5392,4,0,0.35147524
5393,25,0,0.34739396
5394,15,0,0.62865835
5395,4,0,0.69845545
5396,20,1,0.62600994
5397,12,1,0.58500457
5398,4,0,0.42567843
5399,16,1,0.5147581
5400,26,1,0.48435923
5401,1,1,0.73286325
5402,0,0,0.26690888
5403,26,0,0.3700085
5404,8,1,0.5933221
5405,11,0,0.32460177
5406,15,0,0.38162997
5407,8,1,0.6586217
5408,5,0,0.5510062
5409,6,0,0.6922265
5410,1,1,0.36393473
5411,10,0,0.2695983
5412,2,0,0.37142497
5413,17,0,0.24368154
5414,22,1,0.5892034
5415,28,1,0.47126576
5416,16,1,0.44006088
5417,15,0,0.48822194
5418,25,1,0.55516356
5419,18,1,0.29010215
5420,25,0,0.59892625
5421,16,0,0.492594
5422,4,1,0.57851934
5423,28,1,0.46474612
5424,0,0,0.31196082
5425,28,0,0.6379201
5426,22,0,0.2723776
5427,12,1,0.41661248
5428,10,0,0.71363133
5429,15,0,0.58806455
5430,16,1,0.6772248
5431,0,0,0.32307613
5432,2,1,0.6038767
5433,18,0,0.52049994
5434,10,0,0.36546034
5435,20,0,0.34482914
5436,0,0,0.6162481
5437,1,0,0.6587244
5438,2,0,0.43160713
5439,2,0,0.43314573
5440,22,0,0.66570735
5441,12,0,0.51455295
5442,16,0,0.47679213
5443,28,1,0.29919535
5444,11,1,0.69964075
5445,26,0,0.37629408
5446,20,0,0.46999773
5447,11,0,0.40025827
5448,0,0,0.69323266
5449,20,1,0.52262497
5450,18,0,0.4585698
5451,3,0,0.3585667
5452,15,0,0.49520943
5453,2,0,0.32610992
5454,15,0,0.5089551
5455,2,1,0.5662535
5456,19,1,0.49265
5457,4,0,0.45741078
5458,15,0,0.553061
5459,17,1,0.7286851
5460,24,1,0.49913424
5461,16,0,0.48329058
5462,3,0,0.32527882
5463,12,0,0.374726
5464,25,0,0.29445553
5465,28,0,0.50481033
5466,10,0,0.75618225
5467,23,0,0.4719666
5468,16,0,0.4389418
5469,12,0,0.66142195
5470,25,0,0.28777584
5471,16,0,0.60383433
5472,20,1,0.50040686
5473,6,0,0.54826236
5474,15,1,0.6431046
5475,15,0,0.55618286
5476,9,1,0.32768178
5477,13,1,0.60800886
5478,18,1,0.34742233
5479,20,0,0.647837
5480,15,0,0.53841674
5481,27,0,0.5867986
5482,15,1,0.7363652
5483,18,1,0.40019366
5484,27,0,0.42648152
5485,15,1,0.6086015
5486,4,1,0.46458048
5487,10,1,0.40223762
5488,10,1,0.76271117
5489,4,1,0.56253207
5490,3,0,0.7343179
5491,4,1,0.39331308
5492,17,0,0.6388231
5493,15,1,0.7123135
5494,25,0,0.27860513
5495,13,0,0.3190946
5496,8,1,0.28300825
5497,1,1,0.6186895
5498,8,1,0.34286645
5499,26,1,0.74406016
5500,7,1,0.7879282
5501,25,1,0.5887897
5502,16,1,0.732651
5503,17,0,0.5041568
5504,10,1,0.5433518
5505,3,0,0.24210908
5506,16,1,0.6156425
5507,11,0,0.3852673
5508,8,0,0.5444446
5509,9,0,0.5901002
5510,14,0,0.34809586
5511,2,0,0.5745544
5512,23,1,0.6701008
5513,11,0,0.48083934
5514,14,1,0.3373396
5515,25,0,0.50095636
5516,13,1,0.7561056
5517,17,1,0.5891583
5518,2,0,0.57712466
5519,0,1,0.47399908
5520,27,1,0.5750353
5521,16,1,0.7605639
5522,20,0,0.50459594
5523,15,0,0.3218754
5524,19,1,0.64464635
5525,15,1,0.6604043
5526,11,0,0.41190174
5527,2,1,0.6441655
5528,5,0,0.6981239
5529,18,1,0.66327864
5530,6,1,0.4444743
5531,3,0,0.30469313
5532,13,1,0.6704246
5533,15,1,0.7002902
5534,24,1,0.2996121
5535,13,0,0.66975707
5536,8,0,0.5757928
5537,12,1,0.65240777
5538,27,1,0.82674867
5539,10,1,0.7589227
5540,17,0,0.33977962
5541,1,0,0.7520335
5542,24,1,0.37854737
5543,16,0,0.39950812
5544,17,1,0.7661256
5545,22,1,0.6747995
5546,0,1,0.3719039
5547,14,0,0.5725631
5548,28,1,0.63376784
5549,21,0,0.2570247
5550,10,0,0.22285582
5551,15,0,0.4168613
5552,8,0,0.6433266
5553,16,1,0.74881566
5554,0,0,0.68286026
5555,20,1,0.67215633
5556,8,1,0.4771287
5557,11,0,0.37026328
5558,26,0,0.3740744
5559,14,0,0.5661051
5560,15,1,0.6689797
5561,1,1,0.66035223
5562,16,0,0.5784837
5563,13,1,0.5133066
5564,14,0,0.54832643
5565,16,0,0.5432867
5566,8,0,0.32878813
5567,8,0,0.3100042
5568,26,0,0.52344406
5569,17,1,0.5948348
5570,3,0,0.35085
5571,6,0,0.27574837
5572,2,0,0.38512954
5573,7,1,0.43006214
5574,18,1,0.4984528
5575,26,1,0.8455476
5576,18,0,0.5856699
5577,3,1,0.652893
5578,7,0,0.31039432
5579,28,0,0.2538847
5580,20,0,0.61613405
5581,15,1,0.506319
5582,12,1,0.5501758
5583,16,1,0.58131903
5584,15,0,0.38538134
5585,9,0,0.33945847
5586,15,0,0.5334712
5587,13,1,0.6643834
5588,26,1,0.5964858
5589,12,1,0.6237908
5590,26,0,0.2118328
5591,20,0,0.3938054
5592,5,1,0.39259797
5593,16,0,0.31605282
5594,18,0,0.26533875
5595,16,1,0.7204591
5596,11,0,0.3135733
5597,28,0,0.46831605
5598,7,0,0.7361792
5599,16,1,0.6950413
5600,11,0,0.4278868
5601,8,0,0.2729432
5602,0,0,0.44757766
5603,15,1,0.5578128
5604,23,0,0.67574257
5605,15,0,0.4623949
5606,8,1,0.34719202
5607,20,1,0.42438948
5608,15,0,0.52620953
5609,8,1,0.34157476
5610,14,0,0.3923321
5611,18,1,0.5289387
5612,19,1,0.73688596
5613,6,1,0.45827937
5614,15,1,0.6881428
5615,10,0,0.48671612
5616,16,1,0.67879593
5617,16,0,0.28971803
5618,27,1,0.6591709
5619,9,0,0.63561857
5620,16,0,0.3648697
5621,21,1,0.6871113
5622,13,1,0.6991049
5623,22,0,0.40551543
5624,18,0,0.28040722
5625,28,1,0.3441056
5626,16,0,0.27576917
5627,26,0,0.223209
5628,8,0,0.3073533
5629,25,1,0.37951952
5630,8,0,0.41717863
5631,4,1,0.4165839
5632,26,0,0.30177358
5633,11,0,0.3563151
5634,3,1,0.39292794
5635,10,1,0.4449943
5636,25,0,0.5428559
5637,8,1,0.3967279
5638,22,0,0.52533084
5639,1,1,0.64290184
5640,4,1,0.57839215
5641,6,0,0.30786353
5642,25,0,0.5031892
5643,16,1,0.7084354
5644,6,1,0.7206559
5645,8,1,0.49905878
5646,12,0,0.6550072
5647,7,0,0.5373623
5648,2,0,0.5233083
5649,6,1,0.53057224
5650,26,1,0.29623944
5651,10,1,0.63165116
5652,10,0,0.59707284
5653,27,1,0.35201588
5654,12,1,0.56204903
5655,13,1,0.29059628
5656,17,1,0.41801745
5657,15,1,0.4438581
5658,8,1,0.82248414
5659,12,0,0.33423635
5660,1,1,0.7545767
5661,26,1,0.51072764
5662,12,1,0.72495526
5663,8,1,0.6933728
5664,17,0,0.29350412
5665,13,1,0.44799262
5666,3,0,0.48190805
5667,7,1,0.43267348
5668,5,1,0.67930555
5669,19,0,0.33236644
5670,9,1,0.5473997
5671,12,0,0.59272367
5672,4,0,0.3450191
5673,16,0,0.48373815
5674,15,1,0.4927419
5675,7,1,0.6299294
5676,20,0,0.32093528
5677,8,1,0.25030762
5678,1,0,0.48001173
5679,16,0,0.6132461
5680,10,1,0.7572128
5681,16,1,0.434256
5682,11,0,0.60605127
5683,26,0,0.6583642
5684,28,1,0.53055197
5685,18,0,0.49546283
5686,8,0,0.42596486
5687,2,1,0.69214165
5688,11,1,0.5075766
5689,2,1,0.8523073
5690,17,0,0.25000784
5691,20,0,0.2685156
5692,14,1,0.5762325
5693,9,1,0.5300809
5694,10,1,0.36032993
5695,8,0,0.6574016
5696,25,1,0.69739926
5697,27,0,0.23440972
5698,1,0,0.8214849
5699,5,0,0.2634561
5700,28,1,0.44588825
5701,1,0,0.5307491
5702,24,0,0.3530859
5703,20,1,0.7349493
5704,26,0,0.65704006
5705,15,1,0.6284386
5706,2,0,0.42751443
5707,1,0,0.39752772
5708,17,1,0.67169976
5709,25,0,0.3483562
5710,26,0,0.26167494
5711,3,0,0.25093073
5712,10,0,0.40010655
5713,24,0,0.24911024
5714,18,1,0.8161452
5715,2,1,0.44089678
5716,8,0,0.4855863
5717,10,0,0.40327075
5718,28,0,0.41445425
5719,10,0,0.24471012
5720,16,0,0.33674452
5721,11,0,0.35895544
5722,27,0,0.2699523
5723,28,1,0.44662985
5724,19,0,0.54031044
5725,18,1,0.49249378
5726,0,1,0.41196916
5727,15,0,0.59431034
5728,1,1,0.5668935
5729,17,1,0.64139736
5730,21,0,0.45329174
5731,2,0,0.29640213
5732,25,1,0.26674616
5733,1,1,0.31910798
5734,22,1,0.5035065
5735,16,1,0.81318176
5736,2,0,0.44977096
5737,17,1,0.78094697
5738,16,0,0.420991
5739,11,1,0.7589469
5740,20,0,0.6685405
5741,1,1,0.673631
5742,1,1,0.5321764
5743,1,1,0.36308506
5744,15,0,0.3064784
5745,2,1,0.67140734
5746,3,0,0.46378806
5747,9,0,0.41788307
5748,16,0,0.49255803
5749,20,0,0.22460279
5750,22,0,0.2758938
5751,27,0,0.4647747
5752,13,1,0.47457126
5753,12,1,0.4212722
5754,1,1,0.58597046
5755,0,1,0.57564145
5756,18,1,0.6399385
5757,1,1,0.48263192
5758,10,0,0.5458909
5759,28,1,0.7779224
5760,15,1,0.7970655
5761,18,0,0.6454795
5762,2,0,0.3636
5763,7,1,0.6331521
5764,5,0,0.45561254
5765,0,0,0.7105265
5766,16,0,0.22453256
5767,18,1,0.48141935
5768,18,0,0.33004487
5769,25,1,0.7519825
5770,2,0,0.4536525
5771,2,1,0.58055377
5772,20,0,0.33845142
5773,1,0,0.3780951
5774,20,1,0.5946858
5775,2,1,0.82868505
5776,22,1,0.7430782
5777,13,0,0.4968878
5778,22,0,0.42973396
5779,12,0,0.625346
5780,18,1,0.66107
5781,16,0,0.7549679
5782,6,0,0.62799203
5783,3,0,0.38675907
5784,28,1,0.6256773
5785,17,1,0.6322039
5786,16,1,0.58395076
5787,17,1,0.6816542
5788,7,1,0.24429496
5789,8,1,0.3881713
5790,28,0,0.27528676
5791,10,0,0.3905946
5792,24,0,0.30829856
5793,18,1,0.7241062
5794,3,1,0.5388564
5795,28,1,0.7443039
5796,22,0,0.52700895
5797,5,1,0.449935
5798,10,1,0.6739527
5799,19,1,0.4117197
5800,4,0,0.7712682
5801,27,1,0.58981574
5802,10,1,0.47022668
5803,12,0,0.510475
5804,23,1,0.5971149
5805,18,0,0.35276088
5806,21,0,0.6612361
5807,1,0,0.3673246
5808,16,1,0.50932187
5809,14,1,0.679342
5810,20,0,0.462228
5811,20,0,0.5214683
5812,26,1,0.74160874
5813,20,1,0.49092165
5814,2,1,0.38763216
5815,24,1,0.6718397
5816,8,1,0.3306793
5817,12,0,0.3970537
5818,21,1,0.34077513
5819,6,1,0.33080944
5820,26,1,0.5251001
5821,16,0,0.4925917
5822,26,1,0.43060398
5823,23,1,0.68086916
5824,12,1,0.7084783
5825,24,1,0.4645644
5826,28,1,0.45877492
5827,20,0,0.7407293
5828,27,0,0.25686386
5829,14,1,0.6119451
5830,15,0,0.46480155
5831,5,1,0.50114584
5832,13,0,0.4077498
5833,2,1,0.681217
5834,2,1,0.61359864
5835,18,0,0.29739627
5836,15,1,0.44489172
5837,9,0,0.72597426
5838,6,1,0.6347469
5839,8,0,0.37556198
5840,26,1,0.2998346
5841,6,0,0.36660466
5842,25,1,0.41213074
5843,16,1,0.58458304
5844,1,1,0.5296175
5845,23,1,0.5378781
5846,20,1,0.7262608
5847,28,0,0.35734102
5848,25,0,0.40188667
5849,13,0,0.29581168
5850,13,1,0.39045453
5851,25,0,0.5813644
5852,10,1,0.48526752
5853,16,0,0.34353006
5854,11,1,0.735912
5855,2,0,0.7347199
5856,1,1,0.33735797
5857,22,0,0.32815436
5858,10,1,0.35442317
5859,26,1,0.54979587
5860,15,0,0.36580262
5861,13,1,0.47540325
5862,2,1,0.52494496
5863,4,1,0.55289376
5864,9,0,0.37263185
5865,26,1,0.38305497
5866,10,1,0.6680282
5867,11,1,0.44184452
5868,5,1,0.67137724
5869,28,1,0.5855765
5870,17,0,0.3297602
5871,25,0,0.30522126
5872,25,1,0.6544902
5873,11,0,0.5809252
5874,18,0,0.3398408
5875,4,1,0.81967705
5876,14,0,0.6122361
5877,14,0,0.33698922
5878,10,0,0.28687257
5879,28,0,0.59533036
5880,11,0,0.41465724
5881,13,1,0.737268
5882,15,0,0.5967057
5883,20,0,0.30073372
5884,11,0,0.42585564
5885,12,1,0.42511278
5886,3,1,0.86352223
5887,2,0,0.47213852
5888,16,0,0.32012057
5889,11,0,0.3376461
5890,3,0,0.4900773
5891,13,1,0.49459055
5892,16,0,0.43193954
5893,16,1,0.44835323
5894,7,1,0.653301
5895,16,1,0.34130338
5896,26,1,0.4907793
5897,16,0,0.56699526
5898,12,1,0.6842347
5899,14,1,0.69013405
5900,3,0,0.58855915
5901,22,1,0.57686853
5902,8,0,0.40881738
5903,4,0,0.39401805
5904,27,0,0.521142
5905,13,1,0.3646384
5906,13,1,0.6967123
5907,28,1,0.36021334
5908,0,1,0.5263582
5909,18,0,0.42108205
5910,12,1,0.68707174
5911,16,0,0.5785504
5912,7,1,0.26759505
5913,25,0,0.68687385
5914,21,0,0.2891119
5915,27,1,0.5380812
5916,26,0,0.5016636
5917,21,1,0.57214594
5918,23,0,0.31027237
5919,27,1,0.6595329
5920,13,0,0.41206342
5921,26,0,0.34484363
5922,3,0,0.35194376
5923,17,1,0.66613376
5924,8,1,0.6092424
5925,18,1,0.7846412
5926,23,0,0.37116724
5927,21,1,0.5343511
5928,17,0,0.289195
5929,23,1,0.7001381
5930,27,0,0.23292997
5931,2,0,0.64814615
5932,3,0,0.42674825
5933,7,0,0.6393901
5934,8,0,0.5849369
5935,19,0,0.59369266
5936,11,0,0.45051858
5937,19,1,0.7234053
5938,19,1,0.5923916
5939,1,1,0.7732933
5940,25,1,0.3688669
5941,21,0,0.3435618
5942,26,1,0.61004084
5943,8,0,0.40522793
5944,10,1,0.47109088
5945,13,1,0.5841492
5946,21,0,0.33013162
5947,27,1,0.66106415
5948,3,1,0.2884769
5949,4,0,0.34761715
5950,10,1,0.55488735
5951,22,0,0.37630528
5952,8,1,0.48250777
5953,19,1,0.74425936
5954,0,0,0.5081734
5955,22,0,0.54555696
5956,28,1,0.47703472
5957,8,0,0.39335978
5958,13,0,0.39529735
5959,23,0,0.4722937
5960,25,1,0.60514116
5961,20,1,0.45478556
5962,20,1,0.35996622
5963,1,1,0.5279777
5964,3,1,0.30995902
5965,13,1,0.5546721
5966,28,0,0.41995782
5967,11,1,0.8558542
5968,8,0,0.25549415
5969,20,1,0.46285632
5970,28,0,0.52817076
5971,20,1,0.61038655
5972,28,1,0.417203
5973,24,1,0.589946
5974,20,1,0.4481273
5975,20,1,0.30380672
5976,6,0,0.2901876
5977,17,0,0.7753149
5978,28,0,0.4860845
5979,11,0,0.37219438
5980,8,1,0.5325661
5981,18,1,0.46359843
5982,2,0,0.33607355
5983,3,0,0.6476369
5984,17,1,0.6329364
5985,17,0,0.29561916
5986,16,0,0.35968918
5987,3,0,0.56614256
5988,16,0,0.3909105
5989,8,1,0.6154105
5990,2,0,0.3922204
5991,12,1,0.6470994
5992,1,0,0.50632566
5993,5,0,0.36802232
5994,6,1,0.6877286
5995,26,1,0.55141807
5996,1,0,0.3867373
5997,25,0,0.30233464
5998,21,1,0.8059787
5999,12,1,0.5184392
6000,12,0,0.55966586
6001,12,0,0.4295983
6002,28,0,0.5404708
6003,2,0,0.671194
6004,26,1,0.5779446
6005,12,0,0.42226422
6006,0,1,0.774564
6007,26,0,0.29441234
6008,11,1,0.26764032
6009,1,1,0.63496464
6010,4,0,0.32842633
6011,27,1,0.65538144
6012,1,1,0.815331
6013,7,1,0.7516606
6014,25,1,0.8040077
6015,13,1,0.71478444
6016,15,0,0.7174233
6017,15,1,0.6934509
6018,2,1,0.6336199
6019,22,1,0.47022736
6020,27,1,0.3498687
6021,7,0,0.24729615
6022,0,1,0.77098906
6023,2,1,0.5377563
6024,3,0,0.40193418
6025,19,0,0.61552435
6026,3,0,0.67639613
6027,26,0,0.5859694
6028,25,1,0.5426773
6029,24,0,0.5313694
6030,20,0,0.41428694
6031,13,0,0.5239933
6032,15,1,0.64808327
6033,5,0,0.515351
6034,26,1,0.7734574
6035,20,0,0.40910828
6036,1,0,0.4730764
6037,10,1,0.70639485
6038,3,0,0.28896606
6039,3,1,0.6885475
6040,16,0,0.5802006
6041,21,1,0.5775548
6042,23,1,0.5703584
6043,2,0,0.2436139
6044,14,0,0.301003
6045,8,0,0.39919427
6046,10,0,0.4534414
6047,28,1,0.7478659
6048,11,0,0.5642584
6049,12,0,0.4707524
6050,10,0,0.42727366
6051,17,1,0.4431663
6052,12,1,0.638222
6053,12,0,0.41188258
6054,28,1,0.3847306
6055,1,0,0.65868545
6056,14,1,0.5223776
6057,28,1,0.8050669
6058,13,1,0.65987045
6059,17,0,0.515776
6060,27,0,0.7647061
6061,12,1,0.76224476
6062,3,0,0.34207213
6063,7,1,0.73298943
6064,13,0,0.50231284
6065,8,1,0.37288842
6066,6,0,0.56620204
6067,14,0,0.56111187
6068,27,0,0.31655622
6069,16,1,0.64917773
6070,22,0,0.39120248
6071,16,1,0.65267605
6072,6,0,0.4721415
6073,6,0,0.31278113
6074,12,0,0.5106584
6075,17,0,0.652279
6076,9,0,0.3190764
6077,13,0,0.29464197
6078,4,1,0.6333184
6079,10,1,0.3443252
6080,2,0,0.62307954
6081,20,1,0.65954316
6082,15,1,0.5878023
6083,11,1,0.5050687
6084,15,0,0.29397672
6085,13,0,0.33178866
6086,13,0,0.5103731
6087,0,1,0.36892787
6088,16,1,0.48754305
6089,0,1,0.77531016
6090,20,1,0.7628168
6091,3,0,0.37976047
6092,23,1,0.38679016
6093,27,1,0.75025445
6094,2,1,0.37327752
6095,3,0,0.60063404
6096,17,1,0.537185
6097,26,0,0.719453
6098,2,0,0.340415
6099,15,1,0.7654696
6100,3,1,0.64987284
6101,22,1,0.7237467
6102,2,0,0.77681977
6103,7,1,0.7024305
6104,2,0,0.29643613
6105,2,0,0.44506887
6106,16,0,0.36036667
6107,10,0,0.5801595
6108,5,1,0.79157376
6109,16,0,0.42677954
6110,15,0,0.70600474
6111,15,1,0.5178101
6112,13,1,0.65799284
6113,28,0,0.63501716
6114,1,0,0.30398956
6115,23,0,0.40525427
6116,11,0,0.35978094
6117,23,1,0.52650404
6118,8,1,0.45699275
6119,8,0,0.6142785
6120,16,1,0.8003933
6121,13,1,0.40027848
6122,7,1,0.5225299
6123,15,1,0.53297937
6124,6,0,0.4052509
6125,8,0,0.64533144
6126,13,0,0.4722993
6127,25,1,0.38931578
6128,20,0,0.41161665
6129,10,1,0.62171715
6130,17,0,0.2803458
6131,0,0,0.30019557
6132,4,0,0.6606177
6133,1,0,0.30606216
6134,1,0,0.51074624
6135,10,0,0.46375093
6136,20,1,0.45960826
6137,25,0,0.54808223
6138,18,0,0.32449788
6139,3,0,0.4384334
6140,24,1,0.378582
6141,3,0,0.5162933
6142,27,1,0.44141382
6143,12,1,0.7195771
6144,12,1,0.53413814
6145,28,1,0.71354026
6146,1,1,0.61137676
6147,28,0,0.5565628
6148,12,0,0.31115744
6149,2,0,0.24392968
6150,8,0,0.54716426
6151,5,1,0.44286153
6152,15,0,0.30498272
6153,13,0,0.5197186
6154,10,1,0.315871
6155,16,1,0.45436838
6156,11,1,0.7106319
6157,15,1,0.7834955
6158,27,0,0.30095348
6159,5,0,0.41516697
6160,12,0,0.43521595
6161,1,1,0.8114737
6162,13,0,0.493261
6163,27,1,0.6189671
6164,3,1,0.6427282
6165,4,0,0.265714
6166,15,1,0.5548659
6167,13,1,0.7633777
6168,3,1,0.5096894
6169,12,1,0.573438
6170,15,0,0.48094997
6171,10,1,0.6270082
6172,20,0,0.35415953
6173,25,0,0.4842701
6174,3,0,0.31168023
6175,12,0,0.33084697
6176,1,1,0.73196155
6177,13,0,0.57605165
6178,3,0,0.32635093
6179,2,0,0.50250053
6180,11,0,0.47826624
6181,24,0,0.43189925
6182,22,0,0.38157114
6183,26,1,0.65864
6184,10,1,0.70880175
6185,12,1,0.87178934
6186,13,1,0.3026734
6187,1,0,0.4976934
6188,26,1,0.5674823
6189,0,1,0.5490926
6190,10,1,0.7581101
6191,7,1,0.51735103
6192,27,1,0.42320138
6193,4,0,0.52508795
6194,15,0,0.39672968
6195,25,1,0.6082614
6196,0,0,0.34667483
6197,1,0,0.5638739
6198,10,1,0.28987852
6199,3,1,0.7908946
6200,8,0,0.28963196
6201,22,1,0.44371042
6202,23,1,0.3547084
6203,4,0,0.41888762
6204,26,1,0.65563196
6205,11,0,0.2831135
6206,14,1,0.46527663
6207,11,1,0.45115033
6208,14,0,0.50284725
6209,24,1,0.4183723
6210,28,0,0.7825816
6211,1,0,0.439431
6212,24,1,0.39307946
6213,18,1,0.6545052
6214,13,0,0.33304003
6215,10,0,0.65075415
6216,1,0,0.6968458
6217,16,0,0.47811058
6218,17,0,0.54263055
6219,18,1,0.6835743
6220,0,1,0.45742613
6221,12,0,0.31496176
6222,8,0,0.6255587
6223,13,0,0.5656274
6224,17,0,0.71248835
6225,10,1,0.59329647
6226,22,0,0.5290454
6227,10,0,0.5921316
6228,1,0,0.6514324
6229,15,1,0.39766335
6230,20,1,0.5252697
6231,5,0,0.22749098
6232,26,0,0.32985425
6233,13,0,0.25597847
6234,2,0,0.4635211
6235,27,1,0.60231006
6236,2,1,0.76477134
6237,26,1,0.43162537
6238,22,1,0.86995524
6239,19,0,0.41371486
6240,13,1,0.616356
6241,28,0,0.38563937
6242,27,1,0.6823116
6243,15,0,0.59606004
6244,16,0,0.47574586
6245,12,1,0.6290566
6246,8,0,0.518603
6247,11,1,0.58015794
6248,25,1,0.49248943
6249,22,1,0.41933885
6250,8,1,0.66668564
6251,18,0,0.23968153
6252,4,0,0.29992974
6253,16,1,0.7278242
6254,1,0,0.33373213
6255,17,1,0.3931715
6256,28,1,0.66371006
6257,26,1,0.31857288
6258,6,0,0.45473385
6259,13,1,0.47491887
6260,7,1,0.59239024
6261,4,0,0.40946493
6262,8,0,0.624112
6263,10,1,0.60346425
6264,2,1,0.29396272
6265,16,0,0.38310426
6266,13,1,0.74151397
6267,10,0,0.44062963
6268,23,0,0.46754396
6269,7,0,0.49932748
6270,14,1,0.67212886
6271,5,0,0.25213835
6272,26,1,0.32896507
6273,28,1,0.60551476
6274,8,1,0.4578142
6275,25,1,0.7582297
6276,25,1,0.6910552
6277,7,1,0.7641288
6278,27,0,0.25676367
6279,19,1,0.6680322
6280,0,0,0.299024
6281,27,1,0.788833
6282,2,1,0.523216
6283,15,0,0.36463076
6284,20,1,0.85751325
6285,9,1,0.33445412
6286,25,0,0.42531428
6287,12,1,0.5159263
6288,10,0,0.59900075
6289,18,1,0.6175512
6290,17,1,0.51478875
6291,15,0,0.35415497
6292,10,0,0.55296963
6293,15,0,0.50273645
6294,2,0,0.4205555
6295,13,1,0.5086322
6296,24,0,0.4039972
6297,7,1,0.6257271
6298,0,0,0.26346397
6299,17,1,0.62124044
6300,13,1,0.40537366
6301,15,1,0.8283362
6302,5,0,0.26650283
6303,12,0,0.44537047
6304,4,1,0.7403431
6305,8,1,0.7793656
6306,11,1,0.70235753
6307,8,1,0.63923305
6308,1,0,0.46650288
6309,23,0,0.6525598
6310,0,1,0.27848735
6311,15,0,0.7513314
6312,19,0,0.41133943
6313,18,0,0.6837895
6314,26,1,0.73799735
6315,11,0,0.40465698
6316,7,1,0.53514344
6317,1,0,0.784337
6318,7,0,0.61391777
6319,2,0,0.49174574
6320,15,1,0.41383836
6321,6,1,0.5029507
6322,22,1,0.2906106
6323,1,1,0.30782643
6324,4,0,0.6611586
6325,5,1,0.8328486
6326,17,1,0.7507909
6327,27,1,0.4502275
6328,14,1,0.5584462
6329,16,1,0.79666823
6330,8,0,0.3302662
6331,11,0,0.470936
6332,18,0,0.28636232
6333,7,0,0.6503877
6334,22,0,0.2607183
6335,13,0,0.6586831
6336,0,0,0.33345693
6337,0,1,0.46888125
6338,25,1,0.6628379
6339,25,0,0.31440547
6340,1,0,0.2579775
6341,9,1,0.57465523
6342,12,0,0.6556371
6343,3,0,0.64232
6344,25,0,0.61788946
6345,18,1,0.5001111
6346,1,0,0.53456837
6347,16,1,0.44556862
6348,8,0,0.56143916
6349,18,1,0.850749
6350,2,1,0.6903365
6351,1,1,0.28309375
6352,4,0,0.53008527
6353,28,1,0.57333034
6354,25,1,0.78794545
6355,10,0,0.2884743
6356,4,0,0.3018632
6357,10,1,0.6588394
6358,6,1,0.741854
6359,16,1,0.5329863
6360,23,0,0.4549946
6361,21,1,0.33148572
6362,20,0,0.38551927
6363,14,0,0.7255477
6364,13,0,0.58679515
6365,1,0,0.24150851
6366,7,0,0.23721488
6367,4,1,0.36025578
6368,9,0,0.33757555
6369,5,1,0.63207436
6370,20,0,0.33749586
6371,7,0,0.32121673
6372,22,0,0.38691804
6373,19,1,0.636102
6374,1,1,0.57602626
6375,11,0,0.25103423
6376,16,0,0.7814272
6377,11,0,0.32472163
6378,25,0,0.32160863
6379,1,1,0.51256967
6380,8,1,0.50182897
6381,3,1,0.50590235
6382,28,0,0.57303125
6383,16,1,0.26117244
6384,13,1,0.552159
6385,15,1,0.2971992
6386,0,0,0.45409355
6387,0,0,0.3392938
6388,27,0,0.41327134
6389,20,1,0.45570597
6390,28,0,0.2973556
6391,4,1,0.60326797
6392,10,0,0.4368398
6393,15,1,0.69947064
6394,8,1,0.65230995
6395,25,1,0.6608975
6396,9,1,0.43155113
6397,7,0,0.44345558
6398,2,0,0.67635787
6399,4,1,0.54390734
6400,25,1,0.3262328
6401,13,0,0.5602907
6402,11,1,0.49071053
6403,16,0,0.7345868
6404,28,0,0.5198794
6405,26,0,0.65481985
6406,23,1,0.5941928
6407,13,0,0.38548484
6408,10,1,0.44340354
6409,17,0,0.43650046
6410,13,1,0.32481512
6411,19,0,0.31206775
6412,18,0,0.40342405
6413,2,1,0.6274974
6414,11,0,0.38198397
6415,6,0,0.29444888
6416,10,0,0.2977934
6417,10,0,0.40270758
6418,8,0,0.5956448
6419,11,0,0.593177
6420,10,1,0.63762873
6421,12,0,0.40476874
6422,18,1,0.74557245
6423,18,1,0.70219237
6424,17,1,0.48599517
6425,21,1,0.48632923
6426,27,1,0.64751625
6427,20,0,0.5129676
6428,21,0,0.2697542
6429,8,1,0.5942696
6430,7,0,0.4907521
6431,28,1,0.6341515
6432,6,0,0.48269802
6433,2,0,0.57481956
6434,4,0,0.35455605
6435,10,1,0.5588135
6436,20,1,0.3210288
6437,11,0,0.3070608
6438,20,0,0.2259311
6439,21,1,0.26705766
6440,28,0,0.3754416
6441,22,0,0.4913988
6442,16,0,0.23471272
6443,25,1,0.32774344
6444,16,1,0.8041702
6445,25,1,0.76155716
6446,4,1,0.6754043
6447,23,0,0.30064273
6448,10,1,0.3590539
6449,1,0,0.31647018
6450,1,0,0.28786486
6451,27,1,0.5321846
6452,15,1,0.34855425
6453,17,1,0.35439986
6454,16,0,0.530678
6455,7,1,0.5006923
6456,6,1,0.71969324
6457,20,0,0.30103874
6458,15,0,0.41007763
6459,22,1,0.600634
6460,11,1,0.47239792
6461,26,1,0.5866211
6462,24,0,0.34744513
6463,20,1,0.74646366
6464,28,1,0.37166253
6465,11,1,0.5205605
6466,22,1,0.57597816
6467,2,1,0.6246254
6468,21,1,0.45710525
6469,25,0,0.3704406
6470,22,0,0.51986486
6471,24,1,0.71562463
6472,26,1,0.525176
6473,8,0,0.33280474
6474,25,1,0.47100317
6475,2,0,0.39407006
6476,13,0,0.28701067
6477,8,0,0.39824814
6478,4,1,0.61987114
6479,16,1,0.7761476
6480,27,0,0.45245865
6481,1,1,0.58211315
6482,19,1,0.7658545
6483,6,0,0.31378937
6484,2,1,0.65955776
6485,14,1,0.8495376
6486,12,1,0.6648471
6487,8,1,0.7046641
6488,9,0,0.28369692
6489,16,0,0.49031958
6490,13,1,0.68330634
6491,25,0,0.34685403
6492,9,0,0.27115884
6493,3,0,0.73578405
6494,15,1,0.76900077
6495,15,0,0.44044167
6496,25,1,0.7606976
6497,3,1,0.44964415
6498,0,0,0.30688828
6499,21,0,0.7268256
6500,13,0,0.34739065
6501,12,1,0.2976017
6502,26,0,0.5238056
6503,13,0,0.32929853
6504,21,0,0.36631188
6505,14,1,0.53076065
6506,19,1,0.6090678
6507,3,1,0.561256
6508,16,1,0.38773096
6509,1,1,0.38174537
6510,28,1,0.67446995
6511,3,1,0.74497825
6512,8,1,0.5747994
6513,11,0,0.37737668
6514,12,1,0.53003854
6515,0,1,0.3096275
6516,14,0,0.24831097
6517,2,0,0.34130716
6518,2,0,0.68391716
6519,25,0,0.6077575
6520,1,1,0.70860356
6521,26,0,0.3520717
6522,22,1,0.37107804
6523,6,1,0.5544696
6524,9,1,0.702059
6525,8,0,0.4068187
6526,14,0,0.32591668
6527,15,1,0.64511555
6528,14,1,0.5026438
6529,2,0,0.7197332
6530,24,0,0.411689
6531,12,0,0.67216146
6532,13,0,0.57622623
6533,21,1,0.7780433
6534,8,1,0.67360884
6535,4,1,0.34351015
6536,22,1,0.47355905
6537,7,1,0.46321732
6538,7,0,0.7459322
6539,11,1,0.73227686
6540,22,0,0.3684403
6541,12,1,0.46795616
6542,18,0,0.37241006
6543,11,1,0.6863563
6544,20,0,0.38042623
6545,16,1,0.6489278
6546,13,1,0.3918629
6547,15,1,0.35200685
6548,20,0,0.27768463
6549,25,0,0.277691
6550,20,1,0.52366114
6551,14,0,0.31420326
6552,18,0,0.22739127
6553,14,1,0.7423091
6554,20,1,0.7421304
6555,0,0,0.5113073
6556,12,1,0.55801094
6557,16,1,0.47856385
6558,11,0,0.38467255
6559,10,0,0.23725812
6560,0,1,0.3271576
6561,16,0,0.37109262
6562,13,1,0.7608235
6563,9,0,0.345876
6564,17,0,0.31282443
6565,23,1,0.39912823
6566,19,1,0.62252235
6567,16,0,0.43011463
6568,18,0,0.3882051
6569,20,1,0.8412196
6570,19,0,0.48878214
6571,2,1,0.61206037
6572,11,1,0.6495418
6573,15,0,0.26604295
6574,1,0,0.72243696
6575,14,0,0.55911195
6576,22,0,0.5362533
6577,13,1,0.5054201
6578,15,1,0.72442883
6579,4,1,0.49416173
6580,19,0,0.3745737
6581,27,1,0.7426947
6582,13,1,0.6333005
6583,25,0,0.30071738
6584,6,1,0.58689463
6585,5,0,0.6251454
6586,3,1,0.7897967
6587,18,0,0.3164558
6588,9,0,0.44688666
6589,15,0,0.8466345
6590,3,0,0.47788832
6591,18,1,0.69636583
6592,26,1,0.61054057
6593,8,1,0.6406391
6594,17,1,0.60363567
6595,10,0,0.4874607
6596,13,1,0.55313355
6597,21,1,0.49093533
6598,25,0,0.31169862
6599,13,1,0.5935197
6600,13,0,0.3722568
6601,28,1,0.49695256
6602,25,1,0.3380003
6603,14,0,0.57638335
6604,27,0,0.37735733
6605,15,0,0.6407597
6606,6,1,0.68775296
6607,11,1,0.70621175
6608,17,0,0.3827699
6609,26,1,0.77462137
6610,11,0,0.37301788
6611,10,0,0.328022
6612,26,1,0.334475
6613,11,1,0.43042678
6614,22,0,0.33886343
6615,1,1,0.7798561
6616,25,0,0.26540354
6617,12,0,0.29102305
6618,22,0,0.7640446
6619,13,1,0.33367223
6620,22,1,0.3365916
6621,10,1,0.48008084
6622,11,0,0.27098247
6623,15,1,0.7873541
6624,17,1,0.6873384
6625,10,1,0.5821814
6626,27,0,0.40361437
6627,15,0,0.33435342
6628,2,0,0.562764
6629,22,0,0.36381406
6630,28,1,0.3277434
6631,17,1,0.6085785
6632,8,0,0.43846127
6633,25,0,0.44042677
6634,6,0,0.35980424
6635,7,1,0.6439735
6636,9,1,0.6440887
6637,18,1,0.60572153
6638,11,1,0.61831945
6639,28,0,0.2557796
6640,20,0,0.25955445
6641,26,0,0.28062624
6642,13,0,0.41843385
6643,27,1,0.38880536
6644,7,0,0.7470938
6645,12,0,0.47935307
6646,13,1,0.5970607
6647,28,1,0.6691541
6648,14,0,0.5587411
6649,10,1,0.33850583
6650,10,0,0.38340953
6651,28,0,0.4844383
6652,14,1,0.5016023
6653,20,0,0.32149816
6654,14,1,0.6182867
6655,26,1,0.3712043
6656,18,1,0.6337461
6657,20,0,0.5284987
6658,12,0,0.3853678
6659,18,1,0.5896556
6660,8,1,0.69413465
6661,2,0,0.3428904
6662,9,1,0.5946885
6663,12,0,0.3560673
6664,0,0,0.3117672
6665,16,1,0.7784961
6666,25,1,0.7272237
6667,18,1,0.4663286
6668,21,1,0.6280972
6669,7,1,0.50344706
6670,20,0,0.5534411
6671,23,0,0.2782142
6672,2,1,0.5952885
6673,22,1,0.72741866
6674,16,1,0.7930495
6675,2,1,0.48979652
6676,12,1,0.83972454
6677,15,1,0.6160971
6678,2,1,0.6406875
6679,9,0,0.37258148
6680,7,1,0.5922287
6681,26,1,0.6201408
6682,10,1,0.6108358
6683,23,1,0.49140963
6684,16,1,0.74612135
6685,6,0,0.42788148
6686,22,1,0.3657037
6687,25,0,0.39867967
6688,20,1,0.65974766
6689,2,0,0.51189065
6690,8,0,0.55039436
6691,8,0,0.6054819
6692,13,1,0.84105796
6693,3,0,0.46443087
6694,18,1,0.6095847
6695,21,1,0.50708973
6696,19,0,0.6476737
6697,3,0,0.3949055
6698,16,1,0.71273977
6699,15,1,0.7083463
6700,1,0,0.30618468
6701,17,0,0.57861984
6702,26,1,0.6331481
6703,17,1,0.86844975
6704,3,0,0.4249459
6705,12,0,0.5181064
6706,16,0,0.29451567
6707,22,0,0.29329178
6708,23,1,0.32902214
6709,18,1,0.5318722
6710,14,0,0.25450537
6711,14,0,0.31928837
6712,13,1,0.6335539
6713,2,0,0.30693698
6714,26,1,0.57615805
6715,11,1,0.75334173
6716,1,1,0.45929575
6717,19,1,0.595962
6718,0,1,0.2836856
6719,18,1,0.30254284
6720,8,1,0.34536293
6721,15,1,0.7108581
6722,17,1,0.3644093
6723,22,0,0.55887884
6724,22,1,0.4823812
6725,18,1,0.5123176
6726,12,1,0.39788184
6727,12,0,0.3023454
6728,16,0,0.45195732
6729,26,0,0.4170095
6730,22,1,0.73981786
6731,26,0,0.30008748
6732,23,1,0.3406695
6733,8,0,0.34435427
6734,24,0,0.2884976
6735,26,1,0.7541646
6736,27,0,0.28499258
6737,16,0,0.29886797
6738,21,0,0.30806625
6739,2,1,0.6994278
6740,18,1,0.65539145
6741,22,0,0.3395507
6742,21,0,0.3117644
6743,10,1,0.36074448
6744,12,0,0.34793335
6745,8,1,0.72902745
6746,0,0,0.24589697
6747,4,0,0.38532716
6748,10,0,0.5723938
6749,16,0,0.3576313
6750,16,0,0.49515495
6751,13,1,0.7513586
6752,16,1,0.8285789
6753,27,1,0.31825122
6754,24,1,0.60219574
6755,26,1,0.68658346
6756,10,0,0.33830547
6757,14,0,0.48307195
6758,12,1,0.6104218
6759,16,0,0.37839723
6760,13,0,0.3128702
6761,2,1,0.67650545
6762,28,1,0.6622892
6763,18,0,0.44938323
6764,2,1,0.8385666
6765,16,0,0.5556355
6766,20,0,0.32285464
6767,2,0,0.389193
6768,3,0,0.632163
6769,27,0,0.6601282
6770,6,1,0.574043
6771,0,1,0.48508966
6772,12,0,0.2690982
6773,16,0,0.3657943
6774,18,1,0.70584357
6775,8,0,0.38847303
6776,13,1,0.33283266
6777,11,1,0.5358306
6778,10,0,0.5169517
6779,17,0,0.71337765
6780,15,0,0.4383169
6781,13,0,0.3331738
6782,28,0,0.30295688
6783,18,0,0.52093405
6784,15,1,0.32830763
6785,14,0,0.6001672
6786,24,0,0.5627546
6787,22,1,0.8377686
6788,16,0,0.46167466
6789,11,0,0.4619914
6790,2,1,0.56449616
6791,2,0,0.5296023
6792,2,0,0.2750305
6793,27,0,0.38246724
6794,11,0,0.58050656
6795,2,0,0.27493697
6796,8,1,0.3569365
6797,8,0,0.3387117
6798,10,1,0.41170776
6799,25,1,0.71422255
6800,16,1,0.6935258
6801,3,0,0.5831172
6802,13,0,0.6903418
6803,20,1,0.3198484
6804,19,0,0.38075167
6805,12,1,0.61628735
6806,17,1,0.6412023
6807,15,1,0.39973575
6808,6,0,0.38652512
6809,20,1,0.7520159
6810,2,0,0.5863707
6811,15,1,0.5927973
6812,23,0,0.55191535
6813,6,1,0.3410119
6814,11,1,0.48896298
6815,28,1,0.581539
6816,9,0,0.46423018
6817,23,1,0.6460404
6818,6,1,0.5001158
6819,10,0,0.48845
6820,11,0,0.2816867
6821,13,0,0.65101284
6822,13,1,0.28766415
6823,12,0,0.31647873
6824,16,0,0.75632095
6825,11,1,0.65629566
6826,26,0,0.37379918
6827,1,1,0.5188085
6828,26,0,0.3063191
6829,25,1,0.32761934
6830,12,0,0.40460393
6831,13,1,0.71404403
6832,13,0,0.3158826
6833,23,0,0.2798132
6834,1,1,0.6560731
6835,14,1,0.39146566
6836,23,0,0.412694
6837,26,0,0.37949675
6838,11,1,0.61857533
6839,25,0,0.26690102
6840,20,1,0.6214399
6841,7,0,0.2602546
6842,15,0,0.3589813
6843,9,1,0.630514
6844,16,0,0.40755165
6845,8,1,0.6649626
6846,27,1,0.49021545
6847,20,0,0.27478573
6848,7,0,0.35645488
6849,5,0,0.42316338
6850,4,0,0.4391513
6851,24,1,0.6790255
6852,11,0,0.2759862
6853,19,1,0.3051987
6854,10,1,0.5047812
6855,3,0,0.47913766
6856,27,1,0.36883214
6857,14,1,0.48873356
6858,3,0,0.60000205
6859,1,1,0.62843066
6860,14,1,0.7874798
6861,23,1,0.39363703
6862,20,0,0.24605525
6863,25,1,0.5398466
6864,4,1,0.36095503
6865,27,0,0.33430883
6866,16,1,0.5904042
6867,4,0,0.6537422
6868,2,1,0.762785
6869,20,0,0.42822844
6870,12,1,0.60119224
6871,2,0,0.22501153
6872,16,0,0.47039497
6873,1,0,0.56717986
6874,4,0,0.5171824
6875,2,0,0.27940565
6876,28,1,0.43492088
6877,0,1,0.635674
6878,19,1,0.5339262
6879,20,0,0.37233692
6880,2,1,0.25651386
6881,1,0,0.3259239
6882,4,1,0.4530712
6883,1,0,0.62399334
6884,25,1,0.70163983
6885,0,1,0.35806546
6886,22,1,0.70522934
6887,22,1,0.64473546
6888,8,1,0.6045298
6889,15,1,0.47830364
6890,5,0,0.64826816
6891,15,0,0.49203798
6892,13,1,0.42313784
6893,28,1,0.4822967
6894,15,1,0.5695862
6895,19,0,0.29521325
6896,26,1,0.64056236
6897,25,1,0.50469387
6898,2,1,0.28727806
6899,13,1,0.52000016
6900,24,1,0.50468594
6901,26,0,0.30864164
6902,7,1,0.62307024
6903,7,0,0.366772
6904,16,0,0.33855864
6905,6,0,0.2654402
6906,25,1,0.7028114
6907,15,1,0.5669267
6908,0,1,0.47136095
6909,14,0,0.37838754
6910,5,0,0.66782266
6911,27,1,0.69741416
6912,14,1,0.4769872
6913,25,0,0.4993496
6914,17,0,0.5590689
6915,17,1,0.74782026
6916,25,1,0.3632273
6917,0,1,0.64944416
6918,28,1,0.7356177
6919,4,0,0.6011802
6920,1,1,0.8216928
6921,20,0,0.4136595
6922,0,0,0.26664928
6923,10,0,0.67007536
6924,12,1,0.48335648
6925,8,1,0.48607758
6926,8,1,0.48463017
6927,27,0,0.5304499
6928,11,1,0.60172063
6929,25,0,0.25911638
6930,9,0,0.31932548
6931,27,0,0.32764566
6932,22,1,0.39359462
6933,14,1,0.7842836
6934,20,1,0.66455585
6935,13,0,0.26545224
6936,4,1,0.41323632
6937,3,0,0.26607886
6938,24,0,0.51717895
6939,11,1,0.6847157
6940,16,0,0.4302044
6941,12,0,0.39758745
6942,5,0,0.5898001
6943,8,1,0.6215115
6944,20,0,0.51438195
6945,13,1,0.7562244
6946,0,1,0.6679349
6947,25,1,0.5667323
6948,6,0,0.3101913
6949,22,1,0.5835788
6950,3,1,0.65027446
6951,17,0,0.53979516
6952,2,0,0.55165356
6953,23,1,0.38841563
6954,13,0,0.27396652
6955,27,1,0.66886854
6956,0,0,0.42384216
6957,6,1,0.5224191
6958,23,0,0.46213907
6959,9,1,0.48961517
6960,16,1,0.7206246
6961,12,1,0.4774632
6962,4,0,0.69247526
6963,15,1,0.60957
6964,19,1,0.713516
6965,8,1,0.7029038
6966,16,1,0.61238855
6967,22,0,0.41036737
6968,28,0,0.4486564
6969,13,1,0.37223262
6970,1,0,0.43390864
6971,20,0,0.36769003
6972,13,0,0.56337434
6973,27,1,0.31267676
6974,9,0,0.66942066
6975,11,0,0.29841375
6976,9,0,0.6842588
6977,24,1,0.56673545
6978,15,1,0.69005406
6979,12,0,0.25473696
6980,10,0,0.5935587
6981,11,1,0.6505428
6982,25,1,0.60293394
6983,15,1,0.654603
6984,25,0,0.63504493
6985,0,0,0.2622668
6986,0,0,0.54797834
6987,10,1,0.64802223
6988,13,1,0.33701295
6989,27,1,0.4104271
6990,14,0,0.30147687
6991,2,0,0.29163745
6992,2,1,0.43092924
6993,9,1,0.40998387
6994,2,0,0.49800682
6995,16,0,0.6688435
6996,26,0,0.28304723
6997,15,0,0.40694034
6998,10,0,0.60704017
6999,20,1,0.708987
7000,12,0,0.4838387
7001,8,1,0.5725775
7002,18,1,0.5643792
7003,8,1,0.34665945
7004,3,0,0.57770735
7005,19,1,0.5809841
7006,16,1,0.6684475
7007,4,1,0.45998055
7008,13,1,0.40190694
7009,24,0,0.26527205
7010,14,0,0.6991572
7011,1,1,0.6584012
7012,8,0,0.5885043
7013,24,1,0.79940164
7014,22,0,0.42558125
7015,22,1,0.32206807
7016,10,0,0.49304736
7017,16,0,0.38484874
7018,25,1,0.49224946
7019,25,1,0.6757108
7020,10,1,0.3211863
7021,28,0,0.4615131
7022,16,0,0.49749148
7023,18,1,0.7887395
7024,15,0,0.25675637
7025,15,1,0.54285306
7026,19,1,0.5990985
7027,15,1,0.50345427
7028,14,0,0.27403465
7029,16,0,0.44616184
7030,11,1,0.8058546
7031,22,1,0.78584075
7032,19,1,0.40986934
7033,18,0,0.3464414
7034,17,1,0.3122517
7035,16,1,0.46751013
7036,15,0,0.66898924
7037,11,0,0.61830527
7038,23,0,0.43557712
7039,7,0,0.5607167
7040,13,0,0.35204792
7041,19,1,0.6736549
7042,12,0,0.30699587
7043,3,1,0.6209504
7044,19,1,0.64244175
7045,26,0,0.29456136
7046,18,0,0.6408504
7047,15,1,0.47564033
7048,16,1,0.31093392
7049,10,1,0.7661815
7050,27,1,0.69056547
7051,3,1,0.33136484
7052,20,0,0.4217663
7053,13,1,0.68635637
7054,11,0,0.628109
7055,23,1,0.45251986
7056,0,0,0.47949684
7057,3,1,0.6171413
7058,12,1,0.77966845
7059,10,0,0.3318457
7060,20,0,0.48737767
7061,10,0,0.5051393
7062,16,1,0.39225432
7063,7,1,0.36688387
7064,15,1,0.8319022
7065,27,1,0.5990589
7066,25,1,0.7265097
7067,19,1,0.55160874
7068,23,1,0.3005202
7069,13,1,0.6220579
7070,23,1,0.75225055
7071,2,1,0.45065957
7072,1,1,0.35838568
7073,28,0,0.27322626
7074,1,0,0.52259684
7075,3,0,0.4209633
7076,9,1,0.6070533
7077,1,1,0.8362849
7078,2,0,0.3219521
7079,0,1,0.71007377
7080,18,0,0.6299524
7081,20,1,0.64524835
7082,0,1,0.343748
7083,10,1,0.59025913
7084,16,1,0.77047145
7085,27,1,0.8142152
7086,26,0,0.4486543
7087,5,1,0.33323202
7088,18,0,0.6978392
7089,15,0,0.48125762
7090,13,0,0.47038367
7091,17,0,0.44554418
7092,13,0,0.2951505
7093,20,0,0.4231475
7094,27,0,0.5915232
7095,1,1,0.6232431
7096,12,1,0.6405856
7097,6,1,0.54191965
7098,25,0,0.32353076
7099,13,0,0.28010604
7100,22,0,0.3848276
7101,16,1,0.45409316
7102,1,0,0.36528262
7103,26,0,0.34751338
7104,23,0,0.2558694
7105,15,1,0.6461281
7106,24,1,0.5740884
7107,21,0,0.6973269
7108,16,1,0.7810025
7109,7,0,0.31982172
7110,17,1,0.7434625
7111,13,1,0.5166531
7112,22,0,0.62115973
7113,1,0,0.38054383
7114,4,0,0.55656064
7115,15,1,0.40561184
7116,22,1,0.6494856
7117,2,1,0.64446276
7118,23,1,0.6340751
7119,15,1,0.4584802
7120,28,0,0.43028706
7121,25,0,0.63938826
7122,3,1,0.69861
7123,19,1,0.4289278
7124,18,0,0.46487913
7125,14,0,0.42558065
7126,5,0,0.32790953
7127,16,1,0.511573
7128,6,1,0.56881946
7129,13,0,0.7608407
7130,20,0,0.35335267
7131,2,1,0.67956245
7132,11,0,0.26978794
7133,26,1,0.7914397
7134,13,1,0.46080285
7135,8,1,0.6385879
7136,2,0,0.50249666
7137,22,1,0.6506349
7138,13,1,0.38603505
7139,1,1,0.36544287
7140,3,0,0.36249673
7141,2,0,0.5143598
7142,11,0,0.30969325
7143,19,1,0.61373943
7144,13,1,0.6635797
7145,6,1,0.68589437
7146,2,1,0.4027214
7147,16,0,0.3500432
7148,1,0,0.57792884
7149,19,0,0.4472345
7150,22,1,0.3511389
7151,9,1,0.43044904
7152,2,1,0.47919515
7153,17,1,0.6083425
7154,20,1,0.47315827
7155,11,1,0.5585548
7156,16,1,0.26165116
7157,8,1,0.55915844
7158,18,0,0.68349844
7159,16,1,0.6073336
7160,16,1,0.6895245
7161,3,1,0.66515684
7162,24,1,0.48351565
7163,12,0,0.31826663
7164,25,1,0.4279027
7165,8,0,0.55398405
7166,17,0,0.29822886
7167,14,1,0.3264682
7168,13,0,0.32990617
7169,1,0,0.36939886
7170,10,1,0.65825653
7171,13,0,0.45900348
7172,2,0,0.665556
7173,5,1,0.6736827
7174,12,0,0.34804982
7175,27,0,0.29172128
7176,27,1,0.7854126
7177,16,1,0.35134724
7178,2,1,0.33507758
7179,13,0,0.551536
7180,14,1,0.43669805
7181,20,0,0.52662635
7182,11,1,0.62300116
7183,1,0,0.63002086
7184,10,0,0.67742574
7185,26,1,0.65332407
7186,24,1,0.6653719
7187,25,1,0.61967164
7188,13,1,0.64060634
7189,26,0,0.46172556
7190,11,1,0.7558384
7191,6,1,0.5549352
7192,16,1,0.45004895
7193,24,1,0.64217997
7194,14,1,0.67092377
7195,4,1,0.31018308
7196,16,0,0.61883956
7197,28,0,0.4773784
7198,24,0,0.3731135
7199,26,1,0.32428974
7200,27,0,0.246061
7201,11,1,0.61767554
7202,18,1,0.59175247
7203,16,0,0.31797707
7204,27,0,0.36169884
7205,8,0,0.75200766
7206,27,0,0.30762377
7207,3,1,0.49671134
7208,14,0,0.6679989
7209,25,0,0.34507865
7210,18,0,0.22977544
7211,27,1,0.4318058
7212,26,0,0.57633156
7213,2,0,0.44959244
7214,20,1,0.5353736
7215,5,1,0.58935386
7216,15,0,0.418389
7217,3,1,0.55866814
7218,18,1,0.5886403
7219,26,0,0.48073497
7220,15,1,0.39896384
7221,7,0,0.31669164
7222,1,0,0.5146702
7223,8,1,0.67004126
7224,11,1,0.56446415
7225,18,0,0.6024296
7226,26,0,0.564928
7227,10,0,0.25828987
7228,4,0,0.23382856
7229,25,0,0.34645513
7230,10,0,0.52845937
7231,15,0,0.39930424
7232,8,1,0.6096158
7233,11,1,0.7155233
7234,13,0,0.5352302
7235,5,0,0.32518244
7236,15,1,0.6097977
7237,17,1,0.25125366
7238,1,1,0.51190144
7239,26,1,0.6570403
7240,19,1,0.7785642
7241,12,0,0.670204
7242,25,1,0.44889933
7243,6,1,0.3727175
7244,6,1,0.8099629
7245,4,0,0.24780694
7246,4,0,0.44647083
7247,1,0,0.33014697
7248,13,1,0.62450063
7249,21,1,0.8263954
7250,18,0,0.5070725
7251,26,1,0.46649384
7252,8,0,0.3749181
7253,1,0,0.34209335
7254,25,0,0.7000939
7255,7,0,0.68772453
7256,22,0,0.4666007
7257,2,1,0.4298971
7258,22,0,0.5157711
7259,23,0,0.33387768
7260,27,0,0.51739955
7261,15,1,0.3547378
7262,15,1,0.78094035
7263,22,0,0.36115444
7264,6,1,0.5549711
7265,12,1,0.4216107
7266,24,1,0.71190834
7267,16,1,0.68389845
7268,12,0,0.32531536
7269,10,1,0.5619035
7270,25,1,0.71061254
7271,24,1,0.6611247
7272,21,0,0.6781546
7273,11,0,0.5434887
7274,21,1,0.7937046
7275,2,1,0.47439656
7276,2,1,0.8010758
7277,16,1,0.4909391
7278,12,1,0.6248614
7279,10,1,0.350641
7280,23,1,0.5707941
7281,24,1,0.7132575
7282,16,1,0.7679349
7283,25,0,0.33938628
7284,10,0,0.5671699
7285,9,0,0.301462
7286,12,0,0.39376155
7287,18,1,0.6369678
7288,22,1,0.78455573
7289,28,1,0.37752968
7290,26,1,0.7091028
7291,24,1,0.335098
7292,2,0,0.35240644
7293,8,0,0.38678056
7294,26,1,0.58248955
7295,16,0,0.63838685
7296,21,0,0.7072027
7297,1,0,0.36849877
7298,15,0,0.6788878
7299,13,1,0.39587668
7300,2,0,0.24819241
7301,5,1,0.40807974
7302,6,1,0.7114477
7303,14,0,0.65078384
7304,13,1,0.4260261
7305,23,1,0.36629933
7306,26,1,0.48224136
7307,1,0,0.31351098
7308,13,0,0.60368794
7309,9,1,0.30927444
7310,11,0,0.5379055
7311,8,0,0.6927946
7312,21,1,0.6736462
7313,15,1,0.3849195
7314,13,1,0.3617257
7315,12,0,0.35132116
7316,19,1,0.484262
7317,17,0,0.27128708
7318,13,1,0.78392255
7319,10,0,0.26493904
7320,26,0,0.39567956
7321,17,1,0.32526255
7322,7,0,0.57315594
7323,24,1,0.6992927
7324,23,0,0.30614275
7325,8,1,0.7083312
7326,25,0,0.44123462
7327,15,0,0.3444286
7328,28,1,0.5834243
7329,20,1,0.75546986
7330,12,1,0.70210594
7331,9,1,0.76561075
7332,9,1,0.728473
7333,2,1,0.5184514
7334,26,0,0.7091596
7335,26,1,0.81857306
7336,26,0,0.3143827
7337,27,0,0.6549823
7338,16,0,0.30948305
7339,11,1,0.65984684
7340,18,1,0.68503237
7341,8,1,0.5759602
7342,10,0,0.4245975
7343,18,1,0.80460536
7344,7,0,0.35508323
7345,13,1,0.5944087
7346,28,0,0.6281336
7347,4,1,0.4499658
7348,12,0,0.66375566
7349,26,1,0.59633374
7350,22,1,0.5237658
7351,9,0,0.4095237
7352,1,0,0.43169102
7353,14,0,0.30521202
7354,17,0,0.26918474
7355,25,0,0.3368122
7356,22,1,0.6331372
7357,6,1,0.5263542
7358,16,0,0.7696452
7359,9,0,0.3334942
7360,26,1,0.6224079
7361,4,1,0.73500156
7362,20,1,0.5207924
7363,11,1,0.5461393
7364,26,1,0.6629889
7365,7,1,0.6350855
7366,6,0,0.73234254
7367,8,1,0.60971534
7368,15,1,0.73002076
7369,2,1,0.40928757
7370,19,1,0.6198935
7371,8,1,0.39940184
7372,27,1,0.6761381
7373,23,0,0.5925931
7374,28,1,0.26229057
7375,22,0,0.37638906
7376,18,1,0.35439765
7377,2,1,0.4831869
7378,11,0,0.32337096
7379,26,1,0.6338741
7380,8,0,0.3749334
7381,8,0,0.47035125
7382,27,0,0.47127414
7383,25,1,0.50530314
7384,16,0,0.2265774
7385,10,0,0.49780312
7386,6,0,0.5717131
7387,27,0,0.30994618
7388,16,1,0.6735095
7389,25,0,0.5022678
7390,13,1,0.62875485
7391,10,0,0.4242706
7392,13,0,0.5306463
7393,21,1,0.84457874
7394,19,1,0.56761765
7395,27,1,0.45056707
7396,6,1,0.47649205
7397,15,0,0.5177363
7398,7,0,0.2837787
7399,9,1,0.6665512
7400,18,1,0.38737175
7401,22,1,0.76465374
7402,12,1,0.3237852
7403,7,0,0.7360631
7404,15,0,0.43047175
7405,14,1,0.7496652
7406,7,1,0.39626858
7407,15,0,0.52662414
7408,13,0,0.5553571
7409,25,1,0.661697
7410,12,0,0.3699757
7411,2,0,0.32349476
7412,26,1,0.45792744
7413,16,0,0.45839354
7414,16,1,0.54886204
7415,12,1,0.6588459
7416,10,0,0.29826063
7417,1,1,0.7664155
7418,24,1,0.5613923
7419,18,0,0.7007745
7420,6,1,0.5542998
7421,3,0,0.35470036
7422,23,0,0.60614806
7423,7,0,0.6606624
7424,2,1,0.39627147
7425,22,0,0.48660022
7426,5,0,0.45139965
7427,9,1,0.76519454
7428,25,1,0.8083769
7429,16,1,0.3272976
7430,13,1,0.4410957
7431,16,1,0.8315324
7432,16,0,0.42280966
7433,13,1,0.5585371
7434,27,0,0.5033635
7435,2,0,0.44478083
7436,3,1,0.5494758
7437,14,0,0.4703806
7438,6,0,0.7127743
7439,26,0,0.57732356
7440,11,0,0.35733318
7441,8,1,0.3566191
7442,1,0,0.5518854
7443,13,1,0.60691
7444,13,1,0.54120755
7445,8,0,0.60558146
7446,22,1,0.49053812
7447,13,1,0.35021344
7448,8,1,0.69128734
7449,20,1,0.4902157
7450,19,1,0.7932834
7451,2,0,0.43259254
7452,16,1,0.5951487
7453,25,1,0.5931426
7454,10,0,0.2687586
7455,5,0,0.3904475
7456,5,1,0.34124628
7457,19,0,0.29614246
7458,11,0,0.57652736
7459,3,0,0.43944216
7460,10,1,0.4347022
7461,1,0,0.25958425
7462,28,0,0.3455789
7463,9,0,0.70735365
7464,6,1,0.8643685
7465,25,0,0.25234735
7466,11,0,0.52432626
7467,25,0,0.6719059
7468,3,1,0.6338226
7469,8,0,0.38480404
7470,8,1,0.38093507
7471,15,0,0.5224507
7472,22,0,0.33198664
7473,9,1,0.5249267
7474,6,0,0.48693502
7475,25,1,0.78891593
7476,17,1,0.8090896
7477,25,1,0.65511584
7478,1,0,0.38062698
7479,5,1,0.6570092
7480,11,1,0.62386173
7481,7,0,0.42962453
7482,13,0,0.4557238
7483,15,0,0.65396374
7484,10,0,0.3395097
7485,9,0,0.27965087
7486,9,0,0.60037434
7487,17,0,0.5183896
7488,26,1,0.53236395
7489,3,0,0.49051127
7490,12,1,0.7679096
7491,15,1,0.6708927
7492,2,1,0.6395358
7493,19,1,0.8223517
7494,25,1,0.22695345
7495,20,0,0.289762
7496,2,0,0.5807533
7497,15,0,0.407788
7498,27,1,0.49864113
7499,14,1,0.4925932
7500,24,0,0.45266032
7501,5,1,0.3187451
7502,21,1,0.4664264
7503,2,1,0.25995705
7504,9,0,0.5111551
7505,13,1,0.36335862
7506,26,1,0.34826133
7507,13,0,0.4609792
7508,27,1,0.7715014
7509,13,0,0.7461922
7510,6,1,0.4424067
7511,13,1,0.6103852
7512,15,1,0.32021287
7513,1,0,0.24362916
7514,13,1,0.6368732
7515,7,1,0.4341011
7516,27,0,0.5078697
7517,7,1,0.7048954
7518,18,1,0.33648458
7519,12,1,0.5918744
7520,20,1,0.6055693
7521,7,0,0.7831475
7522,25,0,0.30977532
7523,17,0,0.4880456
7524,16,1,0.68672204
7525,20,0,0.39234892
7526,2,0,0.3788321
7527,16,0,0.5543359
7528,28,0,0.51401234
7529,15,0,0.426768
7530,6,1,0.34340328
7531,15,0,0.35485944
7532,16,1,0.8167183
7533,4,1,0.7897754
7534,3,1,0.7031925
7535,2,0,0.36010256
7536,12,1,0.5117579
7537,15,1,0.760318
7538,13,0,0.31198967
7539,24,0,0.33704793
7540,17,1,0.6559596
7541,25,1,0.35717335
7542,25,0,0.42362326
7543,6,1,0.6379608
7544,16,0,0.22008277
7545,13,0,0.60458386
7546,16,0,0.7193383
7547,3,0,0.45115086
7548,23,0,0.6846858
7549,22,0,0.32020304
7550,2,0,0.6452965
7551,9,1,0.40377954
7552,2,0,0.6969745
7553,1,0,0.25146022
7554,8,0,0.490701
7555,26,0,0.3938864
7556,20,1,0.69344896
7557,9,1,0.54827577
7558,16,1,0.8340622
7559,15,1,0.32398024
7560,26,1,0.33703548
7561,8,0,0.25792894
7562,9,1,0.578274
7563,5,0,0.38170376
7564,21,1,0.61972314
7565,25,1,0.77273434
7566,15,0,0.2914385
7567,7,0,0.32053283
7568,4,1,0.7371138
7569,10,0,0.3959424
7570,8,0,0.3064422
7571,24,1,0.4952976
7572,12,0,0.72506905
7573,28,0,0.53040934
7574,22,0,0.5445095
7575,6,1,0.5687785
7576,15,1,0.80450356
7577,1,0,0.78274983
7578,28,0,0.4853413
7579,8,0,0.34014145
7580,6,1,0.6756342
7581,17,0,0.64529985
7582,14,1,0.5449512
7583,0,0,0.286576
7584,20,1,0.6318562
7585,14,1,0.6815797
7586,7,0,0.5217613
7587,16,0,0.6414271
7588,19,0,0.33302653
7589,15,1,0.34756052
7590,27,0,0.414964
7591,25,0,0.35360184
7592,28,1,0.83465374
7593,6,1,0.6011693
7594,26,1,0.6607437
7595,10,1,0.28243312
7596,21,0,0.67284673
7597,16,1,0.63232833
7598,15,0,0.7045398
7599,12,0,0.41023988
7600,12,0,0.30845177
7601,10,1,0.6485051
7602,23,1,0.6113047
7603,13,1,0.74721116
7604,28,1,0.716203
7605,25,0,0.5084854
7606,4,1,0.5218996
7607,12,1,0.5744213
7608,11,1,0.74408823
7609,18,0,0.68869895
7610,11,0,0.3173882
7611,1,1,0.49871406
7612,2,0,0.36121216
7613,16,1,0.67335445
7614,16,0,0.6713776
7615,25,1,0.74920225
7616,16,1,0.59090203
7617,3,0,0.38172802
7618,28,0,0.4254577
7619,5,0,0.33399314
7620,8,1,0.57246166
7621,1,0,0.4907223
7622,20,0,0.29569733
7623,9,0,0.31615454
7624,18,0,0.33354437
7625,8,0,0.28114852
7626,17,0,0.69873935
7627,8,1,0.5679728
7628,14,0,0.46794605
7629,18,1,0.53028315
7630,6,0,0.6198138
7631,9,1,0.37055293
7632,6,0,0.3211838
7633,5,0,0.3259736
7634,13,0,0.4900173
7635,22,1,0.8026324
7636,5,0,0.32066947
7637,6,0,0.5552732
7638,28,1,0.41132256
7639,27,1,0.8468039
7640,8,0,0.5295946
7641,23,0,0.5220162
7642,2,0,0.46104902
7643,13,0,0.41334122
7644,24,0,0.373073
7645,2,1,0.4740492
7646,27,0,0.2936424
7647,3,0,0.3431717
7648,20,1,0.518399
7649,2,0,0.21087468
7650,13,0,0.44478694
7651,1,0,0.73479706
7652,1,0,0.26874417
7653,10,0,0.42038804
7654,4,1,0.70292413
7655,23,1,0.40055546
7656,14,1,0.38654923
7657,23,0,0.58168787
7658,19,1,0.5827732
7659,10,0,0.72969073
7660,26,0,0.41179642
7661,8,0,0.27850556
7662,24,1,0.32298103
7663,13,0,0.31857264
7664,20,1,0.77654904
7665,15,0,0.25986108
7666,13,1,0.62396955
7667,15,1,0.7259077
7668,24,1,0.64603245
7669,13,0,0.40140477
7670,21,1,0.57638687
7671,1,1,0.5827172
7672,2,1,0.81036365
7673,25,0,0.5166099
7674,2,1,0.78775436
7675,10,1,0.24320798
7676,14,1,0.43257782
7677,3,1,0.5713378
7678,20,0,0.4076034
7679,6,0,0.32805812
7680,7,1,0.7749989
7681,2,0,0.40885216
7682,8,0,0.6165957
7683,13,0,0.4520027
7684,1,0,0.66526157
7685,21,0,0.3735602
7686,19,1,0.8472562
7687,19,1,0.64087415
7688,19,1,0.61442965
7689,26,1,0.67926174
7690,5,1,0.61163944
7691,28,0,0.37756133
7692,7,1,0.5413779
7693,28,1,0.6698337
7694,9,0,0.4904359
7695,11,0,0.28181934
7696,3,0,0.3569103
7697,1,1,0.66347885
7698,2,0,0.33561358
7699,6,1,0.48834836
7700,19,0,0.6861938
7701,3,0,0.74225724
7702,13,0,0.42715898
7703,24,0,0.34391436
7704,11,0,0.57825357
7705,25,1,0.71486527
7706,11,0,0.33038408
7707,10,1,0.33592588
7708,13,1,0.4590536
7709,8,1,0.6637885
7710,4,1,0.41210377
7711,16,0,0.5720722
7712,11,0,0.6232658
7713,13,0,0.23722033
7714,8,1,0.5503653
7715,7,1,0.29966876
7716,11,1,0.70243007
7717,12,0,0.43081987
7718,22,1,0.64431036
7719,24,0,0.5788413
7720,0,0,0.25548956
7721,11,0,0.46514294
7722,27,0,0.3284437
7723,9,1,0.51843166
7724,11,0,0.35577753
7725,1,0,0.4361225
7726,16,0,0.24982497
7727,24,0,0.4794745
7728,19,1,0.6204155
7729,11,1,0.5614122
7730,13,0,0.44254506
7731,17,0,0.56174374
7732,12,0,0.7728809
7733,1,1,0.67367274
7734,17,0,0.6839864
7735,22,1,0.30941862
7736,2,1,0.57532865
7737,11,0,0.53929013
7738,6,0,0.5949065
7739,4,0,0.47809553
7740,17,1,0.74013764
7741,15,0,0.573519
7742,20,1,0.5069919
7743,16,0,0.31222898
7744,18,1,0.74710774
7745,20,0,0.3045097
7746,9,0,0.4827521
7747,27,0,0.22535662
7748,26,1,0.66036
7749,2,1,0.33162588
7750,8,1,0.588687
7751,14,1,0.6489934
7752,16,0,0.5124204
7753,16,1,0.616483
7754,25,1,0.35243094
7755,21,1,0.3001729
7756,16,1,0.7610757
7757,27,0,0.47219726
7758,26,1,0.6555768
7759,23,0,0.43034378
7760,3,0,0.29940933
7761,15,1,0.35656643
7762,28,1,0.56880933
7763,13,1,0.7007013
7764,27,0,0.41392487
7765,6,0,0.22031745
7766,11,1,0.5732762
7767,26,0,0.76059186
7768,16,1,0.6990336
7769,28,0,0.29604623
7770,10,1,0.58119386
7771,25,0,0.71862465
7772,14,1,0.3824484
7773,12,0,0.34548038
7774,1,1,0.7911063
7775,13,0,0.5671473
7776,6,0,0.5785258
7777,10,0,0.586171
7778,12,1,0.49248886
7779,12,1,0.5673529
7780,22,1,0.8196627
7781,9,1,0.46819434
7782,20,1,0.48139825
7783,4,1,0.26344225
7784,11,0,0.3579778
7785,2,0,0.5733815
7786,27,1,0.3806471
7787,16,0,0.59782726
7788,1,0,0.6306882
7789,2,1,0.64269656
7790,10,1,0.45892242
7791,5,0,0.41299397
7792,26,0,0.26365104
7793,20,1,0.4176641
7794,20,1,0.7342923
7795,25,0,0.4622716
7796,10,0,0.37510893
7797,26,1,0.72250104
7798,25,0,0.6636261
7799,17,1,0.51030445
7800,25,0,0.65794677
7801,8,1,0.6934543
7802,12,1,0.68374395
7803,24,0,0.4303645
7804,1,1,0.68649197
7805,5,0,0.34395143
7806,0,0,0.23195189
7807,18,1,0.5710282
7808,27,0,0.77611876
7809,27,0,0.4280012
7810,23,0,0.28963998
7811,13,1,0.4839038
7812,10,0,0.34955505
7813,0,1,0.5742169
7814,2,0,0.47270906
7815,18,0,0.3453397
7816,24,1,0.3432455
7817,16,1,0.39360777
7818,16,0,0.49926615
7819,13,1,0.5727709
7820,26,0,0.43950456
7821,3,0,0.2882519
7822,8,0,0.3435172
7823,10,1,0.45121312
7824,20,0,0.42221847
7825,25,1,0.5406416
7826,16,1,0.65810907
7827,11,0,0.7249437
7828,23,1,0.68672085
7829,13,1,0.7719782
7830,15,0,0.5549124
7831,27,1,0.68911463
7832,14,1,0.5994479
7833,1,1,0.7989557
7834,4,1,0.7751159
7835,13,1,0.61707276
7836,12,0,0.3710574
7837,0,0,0.29694054
7838,1,0,0.37353748
7839,3,0,0.34128535
7840,8,1,0.6553466
7841,12,0,0.47707912
7842,17,1,0.5966183
7843,7,1,0.6435966
7844,28,1,0.72063994
7845,8,1,0.5880943
7846,13,1,0.38225996
7847,26,0,0.29004106
7848,10,0,0.46193886
7849,18,1,0.76159734
7850,23,0,0.31345937
7851,26,0,0.67465866
7852,13,0,0.37365797
7853,10,0,0.59715235
7854,10,0,0.3004444
7855,13,1,0.81443644
7856,12,1,0.48733768
7857,21,0,0.337316
7858,18,1,0.84242445
7859,3,1,0.6234111
7860,6,0,0.4047683
7861,5,0,0.45594284
7862,16,0,0.40303034
7863,13,0,0.31785676
7864,13,0,0.5973557
7865,16,1,0.61142814
7866,18,1,0.6122287
7867,6,1,0.2847544
7868,3,1,0.55427855
7869,12,1,0.5811002
7870,2,1,0.66915125
7871,16,0,0.363267
7872,5,0,0.47097838
7873,6,0,0.63805264
7874,28,0,0.31417048
7875,22,1,0.63722944
7876,24,0,0.3150948
7877,26,0,0.2664961
7878,11,0,0.5998368
7879,16,1,0.39866456
7880,22,0,0.32932216
7881,11,1,0.41921142
7882,25,0,0.31896755
7883,27,0,0.4246778
7884,13,0,0.5284859
7885,2,0,0.40674996
7886,15,0,0.41625693
7887,7,0,0.47543192
7888,23,1,0.62277216
7889,6,0,0.32923764
7890,26,1,0.7782721
7891,13,0,0.44553176
7892,9,0,0.36049172
7893,18,0,0.31387475
7894,20,0,0.56151414
7895,13,1,0.7009167
7896,16,1,0.5521159
7897,2,1,0.52092254
7898,7,0,0.5908287
7899,22,0,0.34080756
7900,25,0,0.31897274
7901,8,1,0.803321
7902,14,0,0.73761207
7903,1,1,0.64777124
7904,27,1,0.34831125
7905,25,1,0.71692395
7906,15,1,0.75982434
7907,27,1,0.30844012
7908,12,0,0.7747193
7909,24,1,0.35735577
7910,24,0,0.505611
7911,14,1,0.55654657
7912,24,0,0.45291838
7913,23,0,0.49623403
7914,1,0,0.29127616
7915,17,0,0.5986036
7916,13,1,0.33840665
7917,23,0,0.3930261
7918,16,1,0.62584853
7919,0,0,0.6885703
7920,13,1,0.5138358
7921,4,1,0.6456867
7922,23,1,0.5805133
7923,15,1,0.5661873
7924,28,1,0.78189
7925,19,1,0.6741328
7926,15,1,0.72990113
7927,25,0,0.25508562
7928,28,1,0.3291043
7929,13,0,0.36347497
7930,28,1,0.31613693
7931,15,1,0.27666518
7932,17,0,0.6309278
7933,20,1,0.85949683
7934,16,1,0.6314818
7935,16,0,0.64412385
7936,11,1,0.79216933
7937,10,1,0.64017975
7938,21,1,0.4812824
7939,20,0,0.6612488
7940,15,0,0.39876443
7941,25,1,0.4738578
7942,19,1,0.36605215
7943,1,1,0.64924747
7944,15,0,0.43259767
7945,20,1,0.65717286
7946,15,1,0.6300853
7947,16,0,0.5555918
7948,1,1,0.5115969
7949,25,0,0.27683628
7950,28,0,0.3502527
7951,9,0,0.5898084
7952,14,1,0.47430867
7953,1,0,0.4395619
7954,2,1,0.75426257
7955,19,1,0.592692
7956,17,0,0.5848288
7957,15,1,0.79814565
7958,24,1,0.3793167
7959,1,0,0.4740737
7960,11,0,0.68907565
7961,14,1,0.7739067
7962,15,1,0.81995183
7963,25,0,0.31509292
7964,1,1,0.3446914
7965,6,0,0.3428199
7966,17,0,0.24870864
7967,12,0,0.37312758
7968,1,0,0.33958125
7969,8,1,0.80698675
7970,6,1,0.54770315
7971,11,1,0.6238281
7972,17,0,0.37792093
7973,13,1,0.53704566
7974,13,1,0.69994897
7975,28,1,0.5271979
7976,25,1,0.63495976
7977,2,1,0.58853257
7978,22,1,0.49575007
7979,18,1,0.7753672
7980,11,1,0.33564526
7981,22,0,0.6539753
7982,1,1,0.48993418
7983,2,1,0.77657175
7984,12,0,0.37915137
7985,1,0,0.5726964
7986,26,0,0.4931747
7987,2,0,0.35282934
7988,23,0,0.3878629
7989,13,0,0.37106827
7990,8,1,0.3921585
7991,15,0,0.3061041
7992,24,0,0.29783425
7993,8,0,0.3111809
7994,2,0,0.43795046
7995,11,0,0.6604794
7996,16,1,0.6133072
7997,3,1,0.48964843
7998,10,1,0.62227255
7999,3,0,0.4844154
8000,27,1,0.34451964
8001,2,0,0.2483776
8002,23,0,0.54512954
8003,20,1,0.56299865
8004,1,1,0.41779938
8005,28,1,0.74987817
8006,28,1,0.43268332
8007,11,0,0.6824111
8008,22,0,0.5310908
8009,16,1,0.6525329
8010,14,0,0.52651256
8011,6,0,0.4244478
8012,15,1,0.4502394
8013,28,1,0.64514005
8014,8,0,0.6858807
8015,12,1,0.6640558
8016,2,1,0.6539483
8017,23,1,0.6531616
8018,26,1,0.46641806
8019,10,1,0.6076561
8020,18,0,0.674204
8021,2,0,0.2535789
8022,26,0,0.5656916
8023,28,0,0.33968213
8024,1,1,0.7713217
8025,9,0,0.53817123
8026,12,0,0.6446917
8027,14,1,0.84290063
8028,13,0,0.4046293
8029,11,0,0.35968617
8030,16,0,0.24444844
8031,13,1,0.72626716
8032,10,0,0.35147262
8033,4,1,0.4634969
8034,7,0,0.42542377
8035,8,0,0.70195943
8036,16,1,0.7585254
8037,1,1,0.49961084
8038,23,0,0.66710854
8039,13,1,0.5347768
8040,28,1,0.27531028
8041,6,1,0.45196345
8042,25,0,0.48132327
8043,8,0,0.2565874
8044,3,0,0.50153434
8045,20,1,0.4222277
8046,13,0,0.6111195
8047,3,1,0.65117294
8048,13,0,0.34032756
8049,22,0,0.68245095
8050,19,0,0.3375318
8051,15,0,0.34972924
8052,5,0,0.4274399
8053,12,0,0.5128478
8054,25,0,0.72635394
8055,10,0,0.3123271
8056,13,0,0.59628886
8057,21,0,0.32245746
8058,17,1,0.48348802
8059,25,0,0.73474497
8060,6,1,0.41387773
8061,26,0,0.4534522
8062,13,1,0.39708194
8063,16,0,0.28632423
8064,14,1,0.3851224
8065,24,1,0.82055295
8066,16,0,0.25875336
8067,9,1,0.65798986
8068,3,0,0.81351423
8069,3,0,0.60573363
8070,9,0,0.62043804
8071,25,0,0.4226645
8072,3,1,0.77011657
8073,27,0,0.2704667
8074,20,0,0.48044488
8075,20,0,0.2991199
8076,12,0,0.7273614
8077,5,1,0.66757417
8078,16,0,0.5737906
8079,2,1,0.6746664
8080,10,1,0.5024709
8081,0,0,0.2963394
8082,11,0,0.50143486
8083,10,0,0.37376407
8084,28,0,0.5419374
8085,26,0,0.62735057
8086,15,1,0.56680214
8087,16,1,0.67913646
8088,10,1,0.42225078
8089,12,1,0.8400934
8090,10,0,0.4255778
8091,2,1,0.43547305
8092,10,1,0.38903558
8093,7,0,0.31534332
8094,19,1,0.7763163
8095,2,1,0.57767814
8096,9,0,0.52607787
8097,1,0,0.29145652
8098,25,0,0.44242415
8099,16,1,0.46382198
8100,15,1,0.75050145
8101,26,1,0.6992711
8102,12,1,0.33081743
8103,17,1,0.6697857
8104,15,0,0.26582843
8105,17,0,0.5374327
8106,27,1,0.678575
8107,19,1,0.3456356
8108,2,1,0.6639167
8109,16,0,0.356252
8110,4,0,0.26794696
8111,12,1,0.37617496
8112,23,0,0.39542627
8113,25,0,0.36095944
8114,13,0,0.23645145
8115,27,1,0.64186925
8116,10,0,0.5434535
8117,10,0,0.28510216
8118,21,1,0.5998985
8119,21,0,0.6362425
8120,15,0,0.50904614
8121,8,1,0.64313024
8122,1,0,0.43357143
8123,9,0,0.48854598
8124,17,1,0.7624415
8125,10,1,0.6078839
8126,8,0,0.38693428
8127,1,1,0.44141266
8128,13,0,0.40332258
8129,1,1,0.3453732
8130,14,1,0.49209243
8131,15,1,0.8100029
8132,19,1,0.672239
8133,25,1,0.3492571
8134,5,1,0.5873706
8135,24,1,0.44253656
8136,16,1,0.49882355
8137,23,0,0.4430752
8138,22,1,0.5650715
8139,22,0,0.5714849
8140,0,0,0.34257466
8141,28,0,0.3279895
8142,8,1,0.58202374
8143,16,1,0.65467155
8144,26,0,0.4699055
8145,24,1,0.44073862
8146,0,0,0.50962204
8147,28,1,0.4675723
8148,3,1,0.6556223
8149,20,1,0.40797338
8150,1,0,0.43886745
8151,2,1,0.76694036
8152,27,1,0.46840987
8153,23,1,0.33272338
8154,10,1,0.4905022
8155,15,0,0.29950738
8156,13,1,0.3184548
8157,21,0,0.43314195
8158,16,0,0.33214498
8159,6,0,0.28362554
8160,4,1,0.30329284
8161,1,0,0.6329985
8162,17,0,0.37097374
8163,18,0,0.35972252
8164,7,1,0.25290358
8165,25,0,0.41715696
8166,15,1,0.51012707
8167,2,0,0.6848824
8168,23,0,0.27104065
8169,21,0,0.28480968
8170,3,1,0.7312769
8171,10,0,0.41178778
8172,6,1,0.55183727
8173,10,0,0.5893681
8174,27,0,0.24551563
8175,5,1,0.65274596
8176,10,0,0.51293874
8177,28,0,0.42757335
8178,23,1,0.5331909
8179,7,1,0.6383705
8180,27,0,0.33003893
8181,23,1,0.5479017
8182,21,1,0.586038
8183,27,0,0.6318273
8184,10,1,0.7849717
8185,18,1,0.56460273
8186,24,1,0.7301197
8187,22,0,0.3297256
8188,4,0,0.41402718
8189,19,1,0.5756189
8190,19,1,0.54194516
8191,2,0,0.3550161
8192,8,0,0.6596137
8193,18,0,0.5429387
8194,12,1,0.31242973
8195,28,0,0.56690013
8196,10,0,0.5262257
8197,8,0,0.34972358
8198,19,1,0.65523624
8199,2,1,0.5175981
8200,25,0,0.30886692
8201,18,1,0.6020757
8202,25,1,0.38958374
8203,22,1,0.58638126
8204,18,1,0.6703691
8205,13,0,0.2502099
8206,23,1,0.7960293
8207,11,0,0.6832745
8208,21,0,0.40211073
8209,5,1,0.6850745
8210,27,1,0.6041639
8211,13,0,0.40406224
8212,9,0,0.7157144
8213,20,0,0.48508036
8214,19,1,0.5241722
8215,10,1,0.72043264
8216,2,0,0.29070774
8217,5,1,0.37808704
8218,24,1,0.86505806
8219,14,1,0.51615065
8220,27,0,0.36494884
8221,13,1,0.59631073
8222,16,0,0.36783034
8223,27,1,0.60976803
8224,8,1,0.8473681
8225,21,0,0.5679209
8226,15,0,0.2913159
8227,13,0,0.25645167
8228,16,1,0.44382027
8229,1,0,0.3846717
8230,16,1,0.48815355
8231,12,1,0.44464916
8232,19,0,0.41426936
8233,6,1,0.80821365
8234,16,0,0.4007058
8235,16,0,0.60474306
8236,6,1,0.3074034
8237,20,1,0.5285646
8238,25,1,0.78579944
8239,20,0,0.37829313
8240,25,0,0.44924682
8241,18,0,0.65185404
8242,6,1,0.5249091
8243,24,0,0.5579903
8244,22,1,0.49398324
8245,5,1,0.55007476
8246,25,1,0.35471806
8247,23,0,0.22586378
8248,11,0,0.44341695
8249,20,1,0.6573991
8250,10,0,0.6807083
8251,28,0,0.43502617
8252,6,0,0.31573513
8253,15,1,0.7311969
8254,9,0,0.2565652
8255,15,1,0.5814193
8256,17,1,0.39594024
8257,20,0,0.47227484
8258,16,0,0.29552668
8259,0,1,0.6071994
8260,8,0,0.44269574
8261,5,0,0.65118057
8262,25,0,0.54184896
8263,13,1,0.65652263
8264,1,0,0.3319677
8265,28,0,0.65593207
8266,11,0,0.6510606
8267,23,1,0.7431331
8268,4,0,0.62699586
8269,10,0,0.35266873
8270,4,0,0.5339818
8271,25,0,0.45873058
8272,27,0,0.4961403
8273,2,0,0.34499016
8274,12,0,0.677263
8275,23,1,0.6799698
8276,25,1,0.6240941
8277,10,0,0.4146842
8278,15,0,0.44627136
8279,28,1,0.49967465
8280,5,0,0.58032024
8281,26,1,0.25706136
8282,14,1,0.31133664
8283,0,0,0.24856336
8284,16,1,0.5268002
8285,11,1,0.73826003
8286,11,1,0.756963
8287,16,1,0.298586
8288,19,0,0.2471997
8289,15,0,0.5336344
8290,0,0,0.32748684
8291,15,0,0.30874506
8292,0,0,0.5886954
8293,17,1,0.42516077
8294,25,0,0.44507015
8295,7,1,0.46618575
8296,26,0,0.50572836
8297,16,1,0.55551744
8298,18,0,0.2272963
8299,10,0,0.41693166
8300,3,1,0.81278384
8301,4,0,0.47181004
8302,17,1,0.74738795
8303,1,0,0.40777323
8304,8,1,0.8134556
8305,28,1,0.5558496
8306,27,0,0.5969357
8307,24,1,0.3380892
8308,14,0,0.30859727
8309,14,0,0.2636106
8310,22,1,0.52978486
8311,15,0,0.38903335
8312,28,1,0.7183742
8313,12,1,0.59857297
8314,22,1,0.5385957
8315,4,1,0.6407415
8316,14,0,0.34292504
8317,11,1,0.64688283
8318,10,1,0.6450119
8319,9,1,0.7875074
8320,13,0,0.3281893
8321,16,0,0.42339396
8322,16,0,0.42983887
8323,8,1,0.5376449
8324,0,1,0.6138145
8325,26,0,0.45882016
8326,22,1,0.7155029
8327,15,1,0.56837416
8328,2,0,0.24143083
8329,0,1,0.49477854
8330,13,0,0.531716
8331,20,0,0.38469318
8332,27,1,0.63362026
8333,17,0,0.45643944
8334,12,0,0.66633373
8335,5,0,0.47461733
8336,24,1,0.6379379
8337,0,0,0.34815338
8338,2,0,0.38085938
8339,13,0,0.32346752
8340,22,0,0.3113709
8341,3,1,0.47980195
8342,1,1,0.6856286
8343,12,1,0.62132275
8344,25,0,0.40386194
8345,26,0,0.60639036
8346,16,0,0.45163092
8347,27,1,0.76421
8348,12,1,0.6782598
8349,7,1,0.34188005
8350,14,0,0.3872919
8351,5,0,0.40572336
8352,9,1,0.54808015
8353,9,0,0.5005729
8354,8,0,0.2813872
8355,12,1,0.5874922
8356,26,1,0.68070436
8357,5,0,0.23705906
8358,6,0,0.37294295
8359,9,1,0.56298447
8360,12,0,0.318899
8361,2,1,0.7079522
8362,19,0,0.31272826
8363,1,1,0.74060524
8364,18,0,0.30820632
8365,28,0,0.581379
8366,1,0,0.34394923
8367,2,1,0.7903275
8368,18,1,0.46228695
8369,8,0,0.44762582
8370,13,1,0.26742136
8371,27,1,0.27966693
8372,11,0,0.5185877
8373,9,1,0.5319937
8374,16,0,0.23628764
8375,8,0,0.45691368
8376,15,1,0.5931709
8377,25,0,0.52131635
8378,4,0,0.35378724
8379,2,0,0.271925
8380,1,0,0.37230083
8381,17,1,0.5919992
8382,28,1,0.577553
8383,1,1,0.5749243
8384,26,1,0.49372226
8385,20,0,0.5419421
8386,23,0,0.34678933
8387,13,0,0.55915433
8388,4,1,0.66661966
8389,6,0,0.3104194
8390,27,0,0.51543766
8391,20,0,0.36995944
8392,16,1,0.54124296
8393,3,1,0.5675077
8394,2,0,0.29802498
8395,6,0,0.28994107
8396,12,1,0.5821252
8397,17,1,0.5682597
8398,3,1,0.6753736
8399,17,0,0.32660177
8400,12,1,0.8061179
8401,27,1,0.5659101
8402,27,1,0.6140753
8403,4,0,0.24020037
8404,20,1,0.3604646
8405,11,0,0.5703139
8406,14,0,0.37395033
8407,15,1,0.6556651
8408,20,0,0.38044712
8409,27,0,0.5164266
8410,25,0,0.2785409
8411,8,0,0.63130504
8412,13,0,0.3479549
8413,12,0,0.47811544
8414,8,1,0.56882274
8415,17,0,0.454231
8416,27,1,0.6244856
8417,26,1,0.61864436
8418,13,0,0.36606634
8419,22,0,0.50830877
8420,2,0,0.34726694
8421,4,1,0.757869
8422,24,0,0.39828375
8423,0,1,0.34330708
8424,18,0,0.60079885
8425,13,1,0.3045619
8426,22,0,0.533858
8427,22,1,0.3431541
8428,6,1,0.50388086
8429,11,0,0.51412
8430,2,0,0.7341253
8431,14,0,0.32598805
8432,18,1,0.3981079
8433,22,1,0.703655
8434,2,0,0.66952163
8435,12,1,0.6012084
8436,6,1,0.33942792
8437,28,0,0.5082555
8438,0,0,0.4906662
8439,1,1,0.4032829
8440,28,1,0.302477
8441,8,1,0.5533594
8442,8,0,0.3690737
8443,11,0,0.359025
8444,6,1,0.3705459
8445,8,0,0.427103
8446,25,1,0.66063946
8447,3,1,0.59965193
8448,22,1,0.6364048
8449,12,1,0.5100909
8450,10,1,0.61577624
8451,2,0,0.2984413
8452,3,1,0.5296657
8453,4,0,0.2398534
8454,20,0,0.65994775
8455,23,1,0.579952
8456,16,0,0.30260336
8457,10,1,0.66444683
8458,5,1,0.87286854
8459,22,1,0.45442158
8460,15,1,0.59232974
8461,25,1,0.3729944
8462,26,1,0.32237828
8463,10,0,0.44451132
8464,11,0,0.5641138
8465,11,1,0.7317167
8466,23,0,0.34842476
8467,27,0,0.39945656
8468,22,0,0.4663368
8469,12,1,0.570488
8470,22,0,0.28559494
8471,15,0,0.39453635
8472,6,0,0.2586181
8473,6,0,0.37421897
8474,0,0,0.7474165
8475,4,1,0.36763915
8476,17,1,0.5230456
8477,22,0,0.35538828
8478,20,1,0.36947054
8479,27,1,0.31151128
8480,10,0,0.7311167
8481,13,0,0.33211362
8482,8,1,0.6723422
8483,3,0,0.58394575
8484,15,0,0.4585391
8485,24,0,0.3620676
8486,15,0,0.4680301
8487,8,1,0.58790904
8488,16,1,0.8616359
8489,12,0,0.3710823
8490,8,0,0.33352488
8491,14,0,0.5033422
8492,17,1,0.3605139
8493,13,0,0.43029016
8494,24,1,0.8195226
8495,13,0,0.35497886
8496,13,0,0.5065231
8497,13,1,0.72054994
8498,27,1,0.67250454
8499,26,1,0.6600666
8500,12,0,0.40376216
8501,25,1,0.44229412
8502,16,1,0.6521209
8503,25,1,0.561053
8504,2,1,0.3679203
8505,4,1,0.5624873
8506,11,1,0.7078815
8507,12,0,0.4111433
8508,8,0,0.6128349
8509,17,0,0.48567513
8510,13,1,0.32195863
8511,0,1,0.70745933
8512,1,0,0.39353657
8513,1,1,0.5604162
8514,2,0,0.5004393
8515,8,0,0.41723374
8516,24,0,0.709358
8517,9,0,0.3419458
8518,13,1,0.718872
8519,0,1,0.6297122
8520,7,1,0.66458625
8521,24,1,0.58775526
8522,14,1,0.74577606
8523,9,1,0.74556226
8524,17,0,0.5723006
8525,14,1,0.6776128
8526,22,1,0.7306851
8527,3,0,0.4043791
8528,16,0,0.5015557
8529,17,0,0.48270646
8530,24,0,0.4196118
8531,25,1,0.62483615
8532,6,1,0.37844047
8533,2,0,0.44917962
8534,5,1,0.52559906
8535,8,0,0.48434514
8536,13,1,0.86135614
8537,8,1,0.5565945
8538,23,0,0.38764727
8539,6,0,0.56863797
8540,15,0,0.37466446
8541,7,0,0.6706826
8542,15,1,0.46551126
8543,8,0,0.3263237
8544,2,0,0.28385568
8545,22,0,0.4636863
8546,0,0,0.71815616
8547,14,1,0.5485076
8548,15,0,0.43371227
8549,17,0,0.62105685
8550,15,0,0.34519738
8551,16,0,0.580451
8552,2,0,0.44912472
8553,16,0,0.5103121
8554,28,1,0.65196484
8555,12,0,0.50276124
8556,17,0,0.3863306
8557,13,1,0.64210594
8558,4,0,0.3496231
8559,10,1,0.55605584
8560,25,0,0.32133618
8561,13,1,0.7150956
8562,10,0,0.57561135
8563,1,1,0.46783787
8564,21,1,0.62358177
8565,8,0,0.39166912
8566,13,0,0.5459678
8567,8,0,0.30507228
8568,0,1,0.6103161
8569,20,1,0.3571907
8570,12,0,0.26203528
8571,18,1,0.58064216
8572,16,0,0.2779862
8573,4,1,0.54973495
8574,11,1,0.49054024
8575,10,0,0.29008174
8576,23,1,0.40191126
8577,3,1,0.58044964
8578,23,1,0.55806345
8579,19,0,0.4559154
8580,17,1,0.7222994
8581,22,1,0.63612694
8582,20,0,0.3158826
8583,2,1,0.4864923
8584,9,0,0.6545073
8585,6,0,0.61260015
8586,19,0,0.40849432
8587,27,1,0.45785168
8588,17,1,0.76630527
8589,17,0,0.62795377
8590,19,0,0.24411654
8591,17,0,0.4704575
8592,3,0,0.3042616
8593,21,1,0.6491576
8594,6,0,0.71448374
8595,8,0,0.53671056
8596,12,0,0.5288743
8597,21,1,0.37136889
8598,9,1,0.51228327
8599,15,0,0.30108663
8600,25,1,0.7623027
8601,11,1,0.5913924
8602,16,1,0.8417022
8603,13,0,0.3546158
8604,1,1,0.7827114
8605,2,0,0.5718708
8606,15,1,0.8672991
8607,27,1,0.73343074
8608,28,1,0.70090646
8609,19,0,0.48165348
8610,12,1,0.49584284
8611,20,1,0.2530467
8612,12,0,0.65566355
8613,5,1,0.34582585
8614,11,0,0.24181041
8615,2,1,0.45609894
8616,16,1,0.5000258
8617,16,0,0.6311745
8618,2,1,0.8517929
8619,16,0,0.38764447
8620,16,0,0.67029995
8621,25,0,0.6938359
8622,16,0,0.4441634
8623,26,1,0.37048718
8624,2,1,0.33862162
8625,8,1,0.42665088
8626,2,0,0.41233227
8627,28,0,0.5322744
8628,25,0,0.6374173
8629,14,1,0.6480492
8630,15,0,0.29225373
8631,10,0,0.35525346
8632,24,1,0.62842494
8633,6,1,0.6302883
8634,20,0,0.5913362
8635,11,0,0.39343154
8636,26,1,0.6119329
8637,21,1,0.63347185
8638,21,1,0.563662
8639,18,0,0.6081784
8640,28,1,0.5396011
8641,9,1,0.6235611
8642,27,1,0.7724494
8643,27,1,0.49558273
8644,24,1,0.7827502
8645,9,0,0.6461966
8646,6,0,0.41697416
8647,15,0,0.5309065
8648,10,1,0.65660846
8649,16,0,0.3346976
8650,18,1,0.44964924
8651,27,0,0.53487885
8652,20,0,0.5905278
8653,19,1,0.4318773
8654,16,1,0.39863083
8655,20,1,0.5778053
8656,22,1,0.68375635
8657,3,0,0.63693804
8658,19,1,0.6587556
8659,16,0,0.49437708
8660,16,0,0.73665226
8661,3,0,0.44524556
8662,17,1,0.4792688
8663,19,1,0.44574624
8664,18,1,0.64660126
8665,18,0,0.2977682
8666,13,0,0.30374867
8667,16,1,0.6445408
8668,19,0,0.60266423
8669,13,1,0.6035207
8670,20,1,0.4302585
8671,13,1,0.6588741
8672,13,1,0.5112991
8673,1,1,0.43267164
8674,0,0,0.3918651
8675,27,1,0.6006775
8676,1,1,0.47180277
8677,3,1,0.6242992
8678,10,1,0.44835973
8679,15,1,0.70985055
8680,8,0,0.6847858
8681,0,0,0.7814637
8682,23,0,0.4850131
8683,2,0,0.31745917
8684,12,0,0.6269849
8685,9,1,0.43523303
8686,14,1,0.5767629
8687,22,0,0.45644012
8688,13,0,0.6582092
8689,22,0,0.56946725
8690,25,1,0.5990509
8691,20,0,0.6570565
8692,25,0,0.58600354
8693,13,0,0.482495
8694,17,1,0.78643
8695,9,1,0.5460116
8696,13,0,0.2789343
8697,6,1,0.44323617
8698,15,1,0.5597018
8699,26,1,0.6965356
8700,3,0,0.43159428
8701,25,0,0.26753452
8702,21,0,0.38798973
8703,26,0,0.5371829
8704,20,1,0.5552524
8705,8,0,0.37326267
8706,24,1,0.49705097
8707,26,0,0.35454
8708,6,0,0.5013652
8709,17,1,0.31370896
8710,17,0,0.44901332
8711,9,1,0.5898406
8712,16,0,0.6619473
8713,27,0,0.4912639
8714,1,1,0.61597896
8715,15,0,0.26402456
8716,12,0,0.39094874
8717,7,1,0.7563187
8718,16,0,0.33958656
8719,0,0,0.58130133
8720,10,1,0.37784868
8721,18,1,0.7215113
8722,26,0,0.31691635
8723,28,1,0.5692241
8724,17,0,0.5213389
8725,25,0,0.29855877
8726,10,1,0.50666827
8727,9,1,0.7052418
8728,26,0,0.42359236
8729,15,0,0.50888574
8730,14,1,0.44368553
8731,9,0,0.63768864
8732,25,1,0.7527139
8733,10,1,0.33577606
8734,22,1,0.62355804
8735,13,1,0.421201
8736,18,1,0.72124827
8737,15,1,0.77345085
8738,10,1,0.77064174
8739,7,0,0.5608905
8740,3,1,0.52675724
8741,18,0,0.5889756
8742,2,0,0.5658102
8743,25,1,0.5496924
8744,6,1,0.55780613
8745,11,1,0.6465928
8746,25,0,0.49864048
8747,20,0,0.40762556
8748,8,1,0.5504037
8749,18,0,0.68078995
8750,11,1,0.70146793
8751,13,0,0.65282714
8752,14,0,0.61844444
8753,0,1,0.36440513
8754,6,0,0.3694497
8755,23,1,0.37531686
8756,28,0,0.38858736
8757,8,1,0.6041013
8758,16,0,0.38988042
8759,12,1,0.6241412
8760,28,0,0.29022044
8761,3,0,0.40125322
8762,18,1,0.6109676
8763,10,0,0.29393175
8764,11,1,0.59372795
8765,10,1,0.62170404
8766,23,0,0.6420113
8767,2,1,0.76991266
8768,22,1,0.5907299
8769,0,0,0.2930893
8770,11,0,0.3570597
8771,1,1,0.34966385
8772,9,1,0.7474482
8773,27,1,0.5142822
8774,26,0,0.35480958
8775,20,1,0.65194416
8776,13,0,0.5401149
8777,17,0,0.40694773
8778,28,0,0.3767225
8779,23,0,0.45980373
8780,15,1,0.72248405
8781,9,0,0.34993264
8782,15,1,0.27204022
8783,27,1,0.72613716
8784,26,0,0.38958028
8785,7,1,0.37742266
8786,15,1,0.7542602
8787,21,1,0.4143835
8788,16,1,0.68464494
8789,15,0,0.43560475
8790,26,1,0.78955656
8791,13,0,0.47849032
8792,16,1,0.4626674
8793,9,1,0.31146917
8794,2,0,0.71869546
8795,15,0,0.54729193
8796,10,1,0.6690476
8797,1,0,0.44683638
8798,14,1,0.5591838
8799,11,1,0.61288506
8800,8,1,0.32285282
8801,15,1,0.5996255
8802,4,0,0.3450774
8803,25,1,0.51808584
8804,15,1,0.7722792
8805,20,0,0.47595435
8806,6,1,0.74407977
8807,22,0,0.31874454
8808,13,0,0.6358158
8809,20,1,0.74341613
8810,2,1,0.7056838
8811,2,0,0.3443353
8812,27,0,0.4010995
8813,16,0,0.4850187
8814,24,0,0.4485937
8815,13,0,0.32526726
8816,23,1,0.5676901
8817,25,0,0.6555159
8818,7,0,0.55141574
8819,14,1,0.49831092
8820,1,0,0.31264699
8821,22,0,0.69993216
8822,27,1,0.6381679
8823,11,0,0.40638298
8824,22,0,0.27857187
8825,16,1,0.27346006
8826,10,0,0.7224809
8827,1,1,0.65619636
8828,1,1,0.853358
8829,10,0,0.44296297
8830,15,1,0.458229
8831,3,0,0.5623258
8832,14,1,0.41676775
8833,13,1,0.6350947
8834,8,0,0.27410257
8835,13,0,0.6465089
8836,6,1,0.6370762
8837,4,0,0.30168828
8838,16,1,0.7038257
8839,11,1,0.6368274
8840,25,0,0.33028793
8841,20,1,0.36674428
8842,13,1,0.7212377
8843,24,0,0.3706721
8844,5,0,0.23819195
8845,2,1,0.641736
8846,18,0,0.38277367
8847,14,0,0.57854944
8848,10,0,0.31912172
8849,16,0,0.5866464
8850,7,1,0.6608126
8851,4,1,0.7107775
8852,12,0,0.4284524
8853,26,1,0.6476457
8854,12,1,0.69466555
8855,10,1,0.6265622
8856,20,0,0.49917603
8857,10,1,0.48776627
8858,18,1,0.65161246
8859,21,0,0.30762416
8860,16,1,0.6851201
8861,9,1,0.455204
8862,7,1,0.4570005
8863,2,1,0.47633252
8864,12,0,0.626901
8865,14,1,0.47750276
8866,4,1,0.364695
8867,21,1,0.5378225
8868,15,1,0.60935414
8869,16,0,0.32971832
8870,9,0,0.3735488
8871,13,0,0.2504846
8872,2,0,0.2796234
8873,25,0,0.75692767
8874,17,0,0.6055174
8875,4,1,0.5347127
8876,27,0,0.4940012
8877,27,0,0.6995657
8878,4,0,0.6273972
8879,19,0,0.2358483
8880,19,0,0.3800334
8881,10,1,0.65532005
8882,23,0,0.4917389
8883,10,0,0.36538735
8884,15,0,0.3475891
8885,25,0,0.26323536
8886,8,0,0.56702447
8887,18,1,0.5821099
8888,8,0,0.73914677
8889,6,1,0.5676923
8890,8,0,0.5821204
8891,0,1,0.56891716
8892,10,0,0.711916
8893,27,1,0.5507502
8894,13,1,0.5815772
8895,16,0,0.38754025
8896,2,1,0.2877274
8897,2,1,0.6424995
8898,14,1,0.3519106
8899,12,1,0.4996907
8900,18,1,0.7131806
8901,3,1,0.8094602
8902,21,0,0.639832
8903,22,0,0.23036058
8904,13,0,0.6349948
8905,11,0,0.4760488
8906,26,0,0.5808681
8907,16,0,0.26499555
8908,16,0,0.57339174
8909,21,1,0.38917246
8910,15,0,0.53852004
8911,10,1,0.6606673
8912,14,0,0.4549185
8913,7,0,0.313835
8914,13,1,0.2552729
8915,26,1,0.40647617
8916,18,1,0.66588396
8917,10,1,0.7083136
8918,20,1,0.59488684
8919,10,0,0.31764957
8920,27,1,0.5025767
8921,1,1,0.30618396
8922,9,0,0.33520028
8923,27,1,0.57848406
8924,15,1,0.7606104
8925,12,0,0.5164952
8926,12,1,0.64574826
8927,11,1,0.44557855
8928,26,1,0.8788754
8929,20,1,0.41698676
8930,18,0,0.41598916
8931,16,0,0.64773244
8932,16,1,0.2375633
8933,28,0,0.5004212
8934,4,0,0.5177645
8935,20,0,0.4728797
8936,15,0,0.39534938
8937,1,1,0.47003913
8938,12,1,0.5407736
8939,15,0,0.30825198
8940,22,1,0.6622478
8941,18,0,0.5407947
8942,19,0,0.39799106
8943,2,0,0.44838774
8944,9,0,0.6040719
8945,19,0,0.5953838
8946,2,0,0.49657702
8947,9,1,0.4530112
8948,16,1,0.4092545
8949,1,1,0.6604886
8950,3,0,0.2916577
8951,10,0,0.4484944
8952,11,0,0.826346
8953,0,1,0.28241926
8954,26,1,0.5793923
8955,15,0,0.5082669
8956,23,1,0.6515685
8957,8,1,0.73832685
8958,27,1,0.6215919
8959,0,0,0.6578508
8960,21,1,0.74526805
8961,8,1,0.26956257
8962,20,0,0.39620203
8963,16,0,0.23275848
8964,22,0,0.358946
8965,13,1,0.47588816
8966,16,0,0.50413287
8967,20,0,0.5055695
8968,10,1,0.5229089
8969,2,1,0.78730655
8970,12,1,0.5852659
8971,27,0,0.43250957
8972,19,0,0.5505676
8973,8,0,0.31608105
8974,15,1,0.57073367
8975,28,0,0.6626636
8976,15,0,0.7298525
8977,14,1,0.56266433
8978,27,0,0.46815535
8979,7,1,0.7656109
8980,27,0,0.324783
8981,10,1,0.49852586
8982,23,0,0.35435706
8983,16,0,0.29833838
8984,15,0,0.4015758
8985,13,0,0.6424957
8986,2,1,0.5422436
8987,15,0,0.37824658
8988,18,1,0.38113892
8989,19,1,0.43083432
8990,15,1,0.6874423
8991,2,1,0.6809202
8992,27,1,0.6478668
8993,22,0,0.33411658
8994,13,1,0.59524566
8995,11,0,0.5196283
8996,13,1,0.6262128
8997,26,1,0.7144814
8998,26,1,0.49252737
8999,11,1,0.7515685
9000,19,0,0.3375613
9001,12,0,0.5756042
9002,8,1,0.7057305
9003,12,0,0.75913155
9004,3,1,0.64729244
9005,10,1,0.5630206
9006,11,0,0.5275049
9007,2,1,0.5761671
9008,24,0,0.720279
9009,10,1,0.40642154
9010,14,1,0.75370425
9011,1,0,0.37775585
9012,9,0,0.36229953
9013,17,1,0.858309
9014,13,0,0.35553372
9015,13,1,0.56462413
9016,2,0,0.4699299
9017,23,1,0.64059496
9018,18,1,0.5928515
9019,17,0,0.24200012
9020,11,0,0.39882305
9021,28,0,0.36751583
9022,25,0,0.27177438
9023,0,1,0.7453986
9024,18,1,0.327041
9025,6,0,0.26106134
9026,13,1,0.57367015
9027,18,0,0.3169557
9028,22,1,0.3995694
9029,13,0,0.39124408
9030,27,0,0.4622477
9031,23,1,0.6353831
9032,11,0,0.31147155
9033,19,0,0.54975975
9034,9,1,0.6300217
9035,8,1,0.45142156
9036,15,0,0.2678344
9037,9,0,0.3441208
9038,26,0,0.26253155
9039,23,0,0.54498416
9040,10,1,0.6741576
9041,21,1,0.4334654
9042,6,0,0.26168433
9043,15,0,0.41279888
9044,3,0,0.27614003
9045,10,1,0.47534359
9046,1,0,0.45388126
9047,7,0,0.2664355
9048,16,1,0.6534383
9049,25,0,0.36725345
9050,11,0,0.31994185
9051,12,0,0.692821
9052,15,1,0.59960866
9053,9,0,0.32110614
9054,7,0,0.42874393
9055,25,1,0.47206828
9056,25,1,0.6343604
9057,28,1,0.6448347
9058,26,1,0.36864266
9059,16,0,0.57834315
9060,28,0,0.6099049
9061,20,0,0.44921207
9062,16,0,0.28400248
9063,25,0,0.24761909
9064,13,0,0.26603085
9065,10,0,0.35604826
9066,0,1,0.42310482
9067,23,0,0.4269609
9068,0,0,0.40265322
9069,28,0,0.49131948
9070,25,1,0.74530643
9071,15,1,0.46654427
9072,7,0,0.6538104
9073,16,1,0.59549963
9074,4,0,0.6113251
9075,13,1,0.46928394
9076,26,0,0.32224867
9077,7,1,0.57197696
9078,22,1,0.5184772
9079,25,0,0.28690338
9080,6,0,0.4697406
9081,25,0,0.434131
9082,13,1,0.46069333
9083,23,1,0.7126859
9084,16,1,0.3746495
9085,12,1,0.637004
9086,16,1,0.6296221
9087,19,0,0.361134
9088,16,1,0.45472488
9089,28,0,0.45613483
9090,10,0,0.36809954
9091,26,0,0.39838508
9092,28,1,0.7378752
9093,3,0,0.3519248
9094,28,1,0.67057437
9095,26,1,0.7969397
9096,20,0,0.45447224
9097,5,1,0.42121273
9098,28,1,0.65284574
9099,13,1,0.64021116
9100,22,1,0.7120068
9101,28,1,0.55466723
9102,26,1,0.5034048
9103,25,1,0.45684052
9104,16,1,0.65132153
9105,1,0,0.32171568
9106,20,0,0.6513316
9107,27,1,0.5868066
9108,16,1,0.6244914
9109,20,1,0.56041896
9110,27,0,0.25486815
9111,16,1,0.6892125
9112,7,1,0.79144293
9113,14,0,0.34962028
9114,7,0,0.5472241
9115,16,0,0.33931813
9116,22,1,0.33657396
9117,24,1,0.4464324
9118,20,0,0.34904644
9119,7,1,0.6192673
9120,6,1,0.26046756
9121,2,1,0.38624942
9122,0,1,0.4733424
9123,12,0,0.3289759
9124,2,1,0.4483214
9125,3,1,0.46472284
9126,20,0,0.3204144
9127,2,0,0.59175044
9128,20,1,0.38485524
9129,13,1,0.3084877
9130,23,1,0.7208961
9131,17,1,0.31991577
9132,14,0,0.31782454
9133,6,0,0.5325813
9134,5,0,0.33314553
9135,9,1,0.35230768
9136,13,0,0.36220092
9137,8,0,0.630279
9138,11,0,0.60409284
9139,6,1,0.65725833
9140,20,1,0.3531463
9141,3,1,0.7514526
9142,6,1,0.773106
9143,12,1,0.47065815
9144,13,1,0.7731478
9145,13,1,0.54034203
9146,25,0,0.32819173
9147,27,0,0.3665723
9148,20,0,0.31865525
9149,13,0,0.48643678
9150,8,0,0.45606247
9151,11,0,0.26778123
9152,8,0,0.32581583
9153,28,0,0.6468297
9154,12,1,0.6495161
9155,2,1,0.72449
9156,6,0,0.6481736
9157,26,0,0.37693784
9158,10,1,0.42714882
9159,18,1,0.6046872
9160,6,1,0.3920668
9161,3,1,0.77406865
9162,5,0,0.36548445
9163,1,1,0.5869592
9164,20,0,0.43650982
9165,13,0,0.32537
9166,4,0,0.727949
9167,10,0,0.58639264
9168,8,0,0.2806851
9169,25,0,0.29474336
9170,26,0,0.5375783
9171,1,0,0.6371341
9172,12,0,0.2554492
9173,0,0,0.48767608
9174,10,0,0.5055437
9175,15,0,0.36338294
9176,12,1,0.50210756
9177,28,1,0.26024133
9178,26,1,0.813885
9179,20,0,0.3513255
9180,15,1,0.664715
9181,15,1,0.845452
9182,11,1,0.6570025
9183,3,0,0.39192992
9184,25,1,0.6857411
9185,27,1,0.31078842
9186,10,1,0.68198675
9187,15,0,0.2919446
9188,12,0,0.3952306
9189,10,1,0.57105505
9190,17,1,0.5745193
9191,8,0,0.7483992
9192,11,1,0.32231587
9193,9,0,0.40564254
9194,0,0,0.43740076
9195,10,0,0.32317096
9196,27,0,0.39354137
9197,19,1,0.33442143
9198,27,0,0.43029755
9199,2,1,0.40951467
9200,13,0,0.26643816
9201,7,0,0.37618756
9202,23,0,0.5895065
9203,6,1,0.3290756
9204,28,1,0.39881864
9205,12,1,0.40682855
9206,2,0,0.214113
9207,25,1,0.6236788
9208,2,1,0.6192255
9209,1,0,0.3980356
9210,14,1,0.56296426
9211,25,1,0.664809
9212,28,0,0.56380063
9213,13,1,0.62310237
9214,7,1,0.65667796
9215,20,0,0.41280416
9216,23,1,0.5079031
9217,3,0,0.61416143
9218,8,0,0.32401276
9219,11,0,0.5716774
9220,8,0,0.48435006
9221,13,0,0.5227221
9222,16,1,0.4654752
9223,22,0,0.3795117
9224,16,1,0.74810493
9225,26,1,0.5050563
9226,11,0,0.28890428
9227,15,0,0.23745772
9228,16,0,0.33696216
9229,10,0,0.37606257
9230,21,1,0.76051086
9231,0,1,0.5539216
9232,6,1,0.6128539
9233,7,1,0.74117035
9234,16,0,0.78609914
9235,1,0,0.45127764
9236,3,1,0.6158231
9237,27,0,0.34272343
9238,11,1,0.45720434
9239,10,1,0.68735504
9240,11,0,0.3477475
9241,11,0,0.290729
9242,28,0,0.33040437
9243,20,1,0.7015289
9244,28,1,0.4567279
9245,18,1,0.2730454
9246,28,0,0.31475523
9247,20,0,0.3542345
9248,4,0,0.3305069
9249,13,1,0.6149002
9250,25,1,0.6421725
9251,27,0,0.27704027
9252,11,0,0.33236092
9253,10,1,0.5125268
9254,13,0,0.2737375
9255,25,1,0.6841763
9256,25,1,0.5704881
9257,22,1,0.41291037
9258,11,1,0.86198056
9259,22,0,0.43067127
9260,9,0,0.39530376
9261,2,1,0.61165124
9262,6,0,0.36461833
9263,8,0,0.39664674
9264,1,1,0.29939905
9265,12,1,0.6152598
9266,17,1,0.44610393
9267,15,0,0.4284847
9268,21,0,0.29246223
9269,12,1,0.5400373
9270,6,1,0.47831428
9271,3,0,0.43812785
9272,11,1,0.63422024
9273,1,0,0.62912536
9274,18,0,0.2575123
9275,8,0,0.24397038
9276,10,1,0.6570031
9277,3,1,0.61510646
9278,10,1,0.6624433
9279,8,1,0.7264868
9280,3,1,0.42376217
9281,13,0,0.3856842
9282,4,0,0.6459735
9283,11,1,0.6002833
9284,16,1,0.27312148
9285,2,1,0.34603292
9286,12,0,0.6315772
9287,16,1,0.32725826
9288,11,1,0.59282696
9289,0,1,0.7115239
9290,14,0,0.35527617
9291,13,1,0.50156015
9292,15,1,0.3025648
9293,10,0,0.32229334
9294,27,1,0.5774549
9295,1,0,0.5213512
9296,16,0,0.6858052
9297,27,0,0.3980253
9298,27,0,0.56546736
9299,25,1,0.6465469
9300,10,0,0.28259784
9301,8,0,0.35291815
9302,22,0,0.36331314
9303,15,1,0.75851744
9304,8,0,0.7932326
9305,2,0,0.3903846
9306,28,0,0.45422682
9307,14,0,0.37488815
9308,6,1,0.65006787
9309,18,0,0.4385143
9310,14,1,0.584927
9311,10,1,0.33534124
9312,6,0,0.4463834
9313,8,0,0.43743914
9314,11,0,0.5005974
9315,28,0,0.5381236
9316,15,1,0.56339556
9317,1,1,0.2967126
9318,11,1,0.49527234
9319,6,1,0.5100962
9320,11,0,0.31326032
9321,27,0,0.5566645
9322,7,0,0.31676507
9323,26,0,0.67112684
9324,26,0,0.49169132
9325,8,1,0.6389017
9326,26,1,0.34725878
9327,1,0,0.27953
9328,3,1,0.5300204
9329,19,1,0.73125106
9330,6,1,0.29225764
9331,8,0,0.22452664
9332,12,1,0.64880335
9333,14,1,0.656105
9334,23,0,0.2613511
9335,11,0,0.4416433
9336,7,1,0.6614621
9337,13,1,0.77067363
9338,18,0,0.21585456
9339,20,1,0.62362576
9340,20,0,0.28394908
9341,15,0,0.27556175
9342,19,0,0.31932512
9343,11,1,0.3426868
9344,10,0,0.37799412
9345,21,1,0.41684628
9346,13,1,0.6216699
9347,1,1,0.5916688
9348,2,1,0.40934512
9349,19,1,0.28002802
9350,1,1,0.5539263
9351,19,1,0.38061762
9352,26,0,0.50595
9353,10,0,0.2637922
9354,9,1,0.78536564
9355,2,1,0.6282424
9356,2,0,0.31799147
9357,17,1,0.7380691
9358,28,1,0.6658174
9359,16,0,0.35376742
9360,7,1,0.6105291
9361,11,1,0.7071714
9362,12,0,0.3660242
9363,23,1,0.7286808
9364,10,1,0.5380172
9365,16,0,0.5030742
9366,8,1,0.5158884
9367,25,1,0.47554997
9368,16,1,0.6656831
9369,23,1,0.32274443
9370,11,0,0.28981122
9371,11,0,0.43407914
9372,10,0,0.48939955
9373,10,1,0.64615065
9374,19,1,0.60469383
9375,25,0,0.3387535
9376,25,1,0.7963713
9377,25,1,0.5772305
9378,14,1,0.6262451
9379,11,0,0.5455076
9380,4,1,0.3015708
9381,22,1,0.680532
9382,19,1,0.6679171
9383,13,0,0.4292488
9384,10,1,0.31981763
9385,2,0,0.5722297
9386,25,1,0.45591593
9387,17,1,0.45758075
9388,1,1,0.49725598
9389,2,1,0.34599462
9390,13,0,0.26088393
9391,26,0,0.44781062
9392,0,1,0.66849595
9393,27,1,0.5916344
9394,8,0,0.554856
9395,16,1,0.68039703
9396,12,0,0.45715493
9397,19,0,0.38369182
9398,6,1,0.68975496
9399,2,1,0.82981217
9400,15,0,0.30338556
9401,1,1,0.42412254
9402,3,0,0.28676227
9403,1,0,0.4925616
9404,16,0,0.23739175
9405,19,1,0.45901185
9406,13,1,0.6608368
9407,21,1,0.5122623
9408,16,0,0.38604835
9409,11,0,0.49013284
9410,10,0,0.36343226
9411,0,0,0.3623856
9412,23,0,0.26284873
9413,21,0,0.79514223
9414,12,1,0.58576256
9415,13,0,0.67523724
9416,24,0,0.65483445
9417,13,0,0.4547505
9418,25,0,0.38123888
9419,8,1,0.5583818
9420,7,0,0.5886154
9421,27,0,0.3864372
9422,13,0,0.46864328
9423,13,0,0.4082719
9424,7,1,0.7907608
9425,13,1,0.31350747
9426,9,0,0.45948118
9427,16,1,0.3301255
9428,23,1,0.26255512
9429,11,1,0.23660028
9430,8,1,0.49318075
9431,28,1,0.5612333
9432,0,1,0.5004087
9433,14,0,0.33019066
9434,26,1,0.57335806
9435,3,1,0.46279058
9436,1,0,0.42167544
9437,0,0,0.3078378
9438,4,0,0.45345524
9439,17,0,0.34064853
9440,13,0,0.54737693
9441,4,1,0.7200014
9442,26,0,0.4897733
9443,16,0,0.48935878
9444,0,1,0.7074038
9445,10,0,0.40675542
9446,7,1,0.67085975
9447,2,0,0.3171233
9448,8,1,0.3900797
9449,8,0,0.26082808
9450,17,0,0.41241068
9451,1,1,0.45459884
9452,24,1,0.5027867
9453,27,0,0.35842934
9454,18,1,0.5326556
9455,2,1,0.45573264
9456,15,1,0.6911508
9457,7,1,0.40778425
9458,5,0,0.65453786
9459,17,0,0.21608791
9460,6,0,0.61349785
9461,15,0,0.66975844
9462,13,1,0.5930943
9463,9,0,0.77010334
9464,13,0,0.5166131
9465,22,1,0.34855664
9466,2,0,0.4347868
9467,10,1,0.45589393
9468,5,0,0.3131919
9469,20,0,0.38265026
9470,15,0,0.2792758
9471,26,0,0.5589494
9472,17,0,0.42786646
9473,6,1,0.45883447
9474,14,0,0.48128325
9475,10,1,0.37784952
9476,2,1,0.5090339
9477,10,1,0.62771374
9478,7,1,0.31842822
9479,21,0,0.27891862
9480,16,0,0.24862212
9481,12,0,0.33711544
9482,3,1,0.7374161
9483,20,0,0.376621
9484,15,0,0.37016425
9485,15,0,0.44457376
9486,3,1,0.6769061
9487,20,1,0.56761134
9488,11,0,0.57787573
9489,26,0,0.54129565
9490,1,0,0.4807336
9491,16,0,0.2571932
9492,10,0,0.45022574
9493,28,0,0.39443585
9494,9,0,0.3004669
9495,14,1,0.5784936
9496,12,1,0.73211694
9497,25,1,0.65228903
9498,22,0,0.33759722
9499,2,1,0.5777619
9500,6,1,0.40334222
9501,15,1,0.5555496
9502,15,1,0.5316603
9503,0,1,0.6272217
9504,16,0,0.3917002
9505,2,0,0.33367217
9506,1,1,0.638937
9507,7,1,0.68974686
9508,2,1,0.6443232
9509,22,0,0.3883886
9510,10,0,0.25211057
9511,8,1,0.6201184
9512,21,0,0.3088638
9513,9,0,0.4814797
9514,2,1,0.64881027
9515,12,0,0.36887836
9516,8,1,0.28181836
9517,25,1,0.5783127
9518,7,0,0.5910175
9519,1,1,0.691373
9520,12,0,0.4491892
9521,0,1,0.6433615
9522,8,0,0.34888893
9523,18,1,0.5948468
9524,10,0,0.26723897
9525,10,0,0.3534694
9526,13,1,0.64593697
9527,2,1,0.46020922
9528,17,0,0.5881905
9529,4,1,0.33343685
9530,21,0,0.5121226
9531,25,0,0.53213596
9532,10,0,0.30167636
9533,6,0,0.4403124
9534,22,0,0.36557755
9535,20,1,0.3359551
9536,10,0,0.49960074
9537,20,0,0.28962523
9538,10,1,0.67004573
9539,2,0,0.5954495
9540,7,0,0.2899159
9541,13,0,0.77936214
9542,13,1,0.62694395
9543,7,1,0.5629318
9544,24,0,0.45950794
9545,13,0,0.52214766
9546,20,1,0.4989947
9547,12,1,0.56310207
9548,25,0,0.46234426
9549,28,1,0.47169963
9550,16,0,0.58117247
9551,7,1,0.5325626
9552,13,1,0.5186655
9553,10,1,0.56575495
9554,25,0,0.801861
9555,2,0,0.35818824
9556,20,1,0.72149295
9557,3,0,0.29160962
9558,12,1,0.5275298
9559,6,1,0.2575571
9560,26,1,0.7999014
9561,13,1,0.67106354
9562,28,0,0.54514354
9563,25,1,0.6010352
9564,25,0,0.29650596
9565,21,1,0.51446056
9566,11,1,0.49157467
9567,1,1,0.7210229
9568,18,1,0.6999247
9569,14,1,0.77071637
9570,15,0,0.5688662
9571,16,0,0.47707945
9572,25,0,0.6691641
9573,23,1,0.3923316
9574,3,1,0.6501845
9575,12,1,0.42691585
9576,14,0,0.5471289
9577,3,0,0.38060677
9578,9,0,0.72352284
9579,13,0,0.47214577
9580,28,0,0.48332232
9581,0,0,0.42325866
9582,23,1,0.50072134
9583,18,0,0.35209173
9584,0,1,0.6040334
9585,26,1,0.6609822
9586,9,1,0.6854717
9587,25,1,0.34572643
9588,22,0,0.45596024
9589,15,0,0.36573446
9590,20,0,0.37008256
9591,13,0,0.53500247
9592,3,1,0.55612254
9593,27,1,0.51775026
9594,9,0,0.32557008
9595,16,1,0.7907876
9596,12,0,0.41281813
9597,22,1,0.4086085
9598,9,0,0.45540127
9599,17,1,0.6656091
9600,8,0,0.3109893
9601,25,1,0.6094801
9602,19,1,0.70640427
9603,15,1,0.39635664
9604,1,1,0.4878391
9605,16,0,0.37719512
9606,28,1,0.35121232
9607,22,1,0.6070201
9608,5,1,0.38863534
9609,16,0,0.54709524
9610,22,0,0.24701862
9611,8,0,0.5520628
9612,2,1,0.8373785
9613,27,1,0.46331075
9614,0,0,0.35346815
9615,7,1,0.5784901
9616,2,1,0.6636729
9617,28,1,0.37759882
9618,22,0,0.38265756
9619,26,0,0.27216983
9620,2,0,0.47988388
9621,14,1,0.6437642
9622,8,1,0.3042236
9623,16,0,0.32709405
9624,8,1,0.559669
9625,0,1,0.47985488
9626,1,1,0.8361255
9627,16,1,0.57245535
9628,17,1,0.33095688
9629,15,1,0.56946754
9630,12,0,0.43902114
9631,26,0,0.23333547
9632,25,0,0.4308406
9633,13,0,0.2646516
9634,15,0,0.45651385
9635,12,1,0.6541844
9636,17,0,0.34490123
9637,7,1,0.43287885
9638,20,1,0.70670795
9639,4,0,0.32576102
9640,6,1,0.43313956
9641,15,0,0.4110985
9642,24,0,0.6344861
9643,26,0,0.4117056
9644,6,1,0.5020084
9645,25,1,0.716163
9646,15,1,0.79332054
9647,6,1,0.7429118
9648,23,1,0.70553654
9649,1,0,0.60109377
9650,2,0,0.3065504
9651,20,1,0.713634
9652,21,1,0.54400855
9653,15,1,0.84781665
9654,6,0,0.28057498
9655,15,1,0.50901973
9656,22,0,0.3257782
9657,14,0,0.26786894
9658,12,0,0.35453296
9659,19,1,0.36454895
9660,14,0,0.29795212
9661,18,0,0.27278087
9662,13,0,0.48990524
9663,12,1,0.6661259
9664,28,0,0.31358448
9665,2,1,0.62156886
9666,24,0,0.3167666
9667,7,0,0.4438835
9668,14,0,0.73945653
9669,16,0,0.30299324
9670,10,0,0.64685994
9671,17,1,0.7155176
9672,19,0,0.32263163
9673,6,1,0.62346965
9674,1,0,0.68203634
9675,17,1,0.65583867
9676,16,1,0.46287787
9677,0,0,0.5766627
9678,9,1,0.56464076
9679,28,0,0.33983174
9680,12,1,0.5684758
9681,10,1,0.48289162
9682,27,0,0.74324185
9683,15,0,0.49148414
9684,1,0,0.59750235
9685,19,1,0.50721115
9686,20,1,0.63746846
9687,11,0,0.49640447
9688,14,0,0.44988087
9689,5,0,0.6722622
9690,14,0,0.506667
9691,15,0,0.79166085
9692,8,1,0.6485831
9693,19,0,0.3879237
9694,20,1,0.75288016
9695,8,0,0.35315222
9696,16,0,0.6043425
9697,12,0,0.5954823
9698,15,0,0.5615551
9699,6,1,0.7576048
9700,13,0,0.35474518
9701,2,1,0.31388304
9702,13,0,0.58170223
9703,16,1,0.4034501
9704,10,1,0.43877196
9705,25,1,0.5118988
9706,20,1,0.67609215
9707,12,1,0.59079987
9708,21,1,0.7851045
9709,3,1,0.43640262
9710,23,0,0.5500017
9711,18,0,0.7151144
9712,14,0,0.741539
9713,7,0,0.66365457
9714,13,0,0.36882663
9715,26,0,0.4757887
9716,20,0,0.26047823
9717,17,0,0.3221129
9718,16,1,0.33707368
9719,13,1,0.3503064
9720,9,0,0.36703494
9721,21,0,0.35487616
9722,22,0,0.45444718
9723,7,1,0.67086625
9724,13,0,0.33530387
9725,10,0,0.2628838
9726,13,0,0.26159698
9727,27,1,0.6209337
9728,3,1,0.75712615
9729,12,1,0.37554705
9730,28,1,0.26298723
9731,11,1,0.44670695
9732,13,0,0.5956627
9733,8,1,0.3058074
9734,0,0,0.36134276
9735,23,0,0.34580842
9736,2,1,0.72524935
9737,5,0,0.4403762
9738,4,0,0.4795609
9739,14,0,0.30789778
9740,16,1,0.48762003
9741,13,0,0.5059452
9742,25,1,0.45173904
9743,28,0,0.580402
9744,12,0,0.55573815
9745,16,1,0.7560451
9746,16,1,0.2598236
9747,16,1,0.6299542
9748,26,0,0.84646183
9749,22,0,0.56410366
9750,26,0,0.57623154
9751,20,0,0.29676807
9752,0,0,0.32390505
9753,8,1,0.7275931
9754,16,1,0.2909072
9755,11,1,0.7709667
9756,7,0,0.46987727
9757,4,0,0.44352075
9758,24,0,0.636149
9759,22,0,0.6417908
9760,23,1,0.6531135
9761,2,1,0.82505274
9762,28,1,0.62733513
9763,8,0,0.32175127
9764,1,0,0.6455145
9765,20,1,0.6120581
9766,26,1,0.61682683
9767,22,0,0.3170672
9768,12,0,0.63452035
9769,22,0,0.2464905
9770,5,0,0.3263344
9771,16,0,0.55421036
9772,13,0,0.6514127
9773,12,1,0.831125
9774,3,0,0.2625469
9775,28,0,0.34651193
9776,12,0,0.5974666
9777,5,0,0.28755653
9778,6,0,0.30078045
9779,14,1,0.57259655
9780,14,1,0.694057
9781,12,0,0.48980328
9782,7,1,0.48713914
9783,25,0,0.35694858
9784,3,1,0.56642514
9785,8,1,0.6542245
9786,19,0,0.33121312
9787,28,1,0.67479
9788,16,0,0.49139488
9789,13,0,0.30382645
9790,16,0,0.4962977
9791,16,0,0.40768084
9792,5,1,0.5560516
9793,12,1,0.38989577
9794,12,1,0.35913235
9795,6,1,0.73026633
9796,20,1,0.7893639
9797,18,1,0.58473074
9798,21,0,0.63634783
9799,25,0,0.27358535
9800,1,0,0.28597295
9801,16,0,0.4677786
9802,27,1,0.71603954
9803,12,1,0.74496126
9804,11,0,0.38999507
9805,5,1,0.58054626
9806,25,1,0.45823503
9807,23,0,0.42486024
9808,17,1,0.34229553
9809,21,1,0.650357
9810,10,0,0.76521575
9811,28,1,0.319194
9812,22,0,0.65725815
9813,11,1,0.3031316
9814,15,1,0.3182861
9815,13,0,0.7272963
9816,15,1,0.46349996
9817,12,0,0.30912635
9818,12,0,0.509408
9819,8,1,0.31964752
9820,21,0,0.28549582
9821,8,0,0.34504622
9822,8,1,0.6224386
9823,3,1,0.6071371
9824,23,0,0.47048613
9825,27,0,0.460398
9826,24,0,0.45571497
9827,17,0,0.6377661
9828,17,0,0.41950002
9829,8,0,0.6419707
9830,8,1,0.5386175
9831,13,1,0.7044351
9832,3,1,0.52912873
9833,22,0,0.47902757
9834,28,1,0.77553797
9835,1,1,0.7880313
9836,16,1,0.31250829
9837,22,0,0.38837153
9838,8,0,0.3344736
9839,8,0,0.4629762
9840,0,0,0.3659347
9841,20,1,0.6710932
9842,17,0,0.35017258
9843,28,1,0.65582985
9844,21,1,0.4696582
9845,17,1,0.28714523
9846,28,1,0.6287628
9847,7,0,0.30757833
9848,1,0,0.6511533
9849,13,0,0.61495197
9850,0,1,0.38992074
9851,11,1,0.56761014
9852,13,0,0.25690165
9853,20,1,0.82286376
9854,8,1,0.6533672
9855,15,1,0.75974876
9856,25,0,0.4256105
9857,26,1,0.37503943
9858,13,0,0.43594286
9859,8,1,0.5090157
9860,23,0,0.3068965
9861,9,0,0.6681358
9862,26,1,0.83498806
9863,22,1,0.43659768
9864,3,1,0.43192557
9865,8,0,0.32556617
9866,2,1,0.49220195
9867,12,0,0.6498986
9868,16,0,0.31609732
9869,11,1,0.7353275
9870,7,1,0.38142318
9871,26,0,0.31796348
9872,17,1,0.26012933
9873,25,1,0.3951401
9874,0,1,0.5682847
9875,26,1,0.50512224
9876,12,1,0.70814747
9877,16,0,0.51984817
9878,25,0,0.2518832
9879,27,1,0.58715993
9880,2,1,0.29938915
9881,13,0,0.668517
9882,6,1,0.8288733
9883,24,0,0.44065472
9884,6,1,0.3403262
9885,22,0,0.31766382
9886,15,0,0.2908439
9887,4,0,0.49490592
9888,12,1,0.7832641
9889,7,0,0.49238178
9890,22,0,0.43135718
9891,22,1,0.5075821
9892,7,1,0.45134112
9893,16,1,0.5940787
9894,13,0,0.6691921
9895,1,0,0.4404537
9896,2,0,0.3307584
9897,23,0,0.71067154
9898,12,1,0.6062288
9899,17,1,0.770641
9900,8,1,0.4182471
9901,17,1,0.51766855
9902,2,0,0.33300397
9903,14,1,0.82799745
9904,10,0,0.6323019
9905,10,0,0.30345526
9906,14,0,0.25460956
9907,13,0,0.27049983
9908,26,0,0.5968201
9909,19,1,0.64823526
9910,3,0,0.5526976
9911,25,1,0.6228792
9912,8,0,0.6647545
9913,20,1,0.314644
9914,23,0,0.54120934
9915,9,0,0.36077395
9916,8,0,0.46603087
9917,8,0,0.3504953
9918,20,0,0.5689104
9919,27,1,0.63566935
9920,4,0,0.38916677
9921,5,0,0.42173022
9922,1,1,0.36141005
9923,8,1,0.58303326
9924,21,0,0.39777935
9925,11,1,0.5986869
9926,0,0,0.33910617
9927,12,1,0.65757346
9928,8,1,0.525357
9929,23,1,0.65315264
9930,12,0,0.46235672
9931,9,1,0.7804614
9932,6,0,0.29005912
9933,16,0,0.27757344
9934,12,1,0.45429403
9935,14,0,0.3346861
9936,9,0,0.2606673
9937,13,1,0.75932556
9938,6,1,0.71110696
9939,2,1,0.6348418
9940,1,1,0.4863621
9941,13,0,0.31276503
9942,12,0,0.2735578
9943,16,1,0.63131064
9944,14,1,0.4650283
9945,26,1,0.6346187
9946,5,1,0.5918705
9947,11,0,0.33145574
9948,8,0,0.7857407
9949,12,1,0.418942
9950,8,1,0.67468995
9951,18,0,0.70486253
9952,8,0,0.4940285
9953,26,0,0.4677421
9954,24,1,0.84700423
9955,26,0,0.7421024
9956,25,0,0.3079664
9957,25,1,0.4931709
9958,18,1,0.67822313
9959,13,0,0.6400577
9960,1,1,0.3051796
9961,25,0,0.43168864
9962,2,1,0.64032143
9963,10,0,0.7405258
9964,2,1,0.61832595
9965,16,0,0.45402896
9966,27,0,0.5059783
9967,23,1,0.44278917
9968,8,0,0.55741185
9969,7,1,0.6741703
9970,13,1,0.24516466
9971,16,1,0.7449287
9972,25,1,0.66178083
9973,10,1,0.77578866
9974,8,0,0.26989937
9975,15,0,0.37596163
9976,13,1,0.6231521
9977,18,0,0.2949092
9978,26,0,0.27502957
9979,15,1,0.4460843
9980,3,0,0.36013985
9981,3,1,0.51097435
9982,14,0,0.48722476
9983,18,0,0.2484301
9984,11,1,0.31712008
9985,11,1,0.66244495
9986,8,0,0.33730662
9987,10,0,0.46570054
9988,24,0,0.29835725
9989,15,0,0.46776846
9990,2,0,0.27355808
9991,18,1,0.66768706
9992,20,1,0.8013492
9993,1,1,0.7203255
9994,6,1,0.6578217
9995,2,0,0.4114036
9996,28,0,0.39223143
9997,6,1,0.78702337
9998,9,1,0.7770035
9999,24,1,0.52779835
10000,22,1,0.72739124
10001,9,1,0.40860227
10002,16,0,0.44931087
10003,11,0,0.6549534
10004,16,0,0.33017758
10005,8,0,0.45712638
10006,7,0,0.34500474
10007,11,0,0.22447166
10008,23,0,0.6930289
10009,26,1,0.24778827
10010,18,1,0.6613062
10011,16,0,0.299776
10012,6,0,0.33734587
10013,2,0,0.56131285
10014,12,0,0.3362203
10015,9,1,0.6508111
10016,20,1,0.27611667
10017,2,1,0.8432619
10018,22,0,0.69020677
10019,4,0,0.68463296
10020,22,0,0.36535934
10021,11,0,0.2867252
10022,3,1,0.70955
10023,26,0,0.33753607
10024,25,0,0.56281865
10025,26,1,0.3503668
10026,1,0,0.32103118
10027,2,0,0.28920716
10028,22,0,0.33490223
10029,27,0,0.4344405
10030,6,0,0.5554779
10031,27,0,0.3494676
10032,13,1,0.426051
10033,26,1,0.64431965
10034,7,1,0.66366756
10035,18,1,0.6308812
10036,28,1,0.7264505
10037,11,1,0.73885363
10038,4,0,0.4247425
10039,14,0,0.71297884
10040,10,1,0.6839838
10041,11,0,0.3470527
10042,14,0,0.24126494
10043,22,0,0.37053254
10044,6,1,0.6406127
10045,18,1,0.39226502
10046,14,0,0.2909466
10047,26,1,0.66717714
10048,20,0,0.3014418
10049,11,1,0.5908893
10050,20,1,0.41598943
10051,17,0,0.50380355
10052,16,1,0.43202662
10053,4,1,0.71688056
10054,18,1,0.3044647
10055,16,0,0.3323334
10056,16,1,0.7980026
10057,10,0,0.7175212
10058,4,1,0.578806
10059,22,1,0.73902696
10060,16,1,0.62267554
10061,6,1,0.74406177
10062,16,0,0.46614876
10063,26,1,0.5282642
10064,17,0,0.36961502
10065,6,1,0.5480263
10066,22,0,0.35922226
10067,25,1,0.32328507
10068,26,1,0.61793065
10069,2,0,0.50375557
10070,25,1,0.6871251
10071,1,0,0.31739202
10072,18,1,0.35295647
10073,15,1,0.43504748
10074,26,1,0.6899616
10075,14,0,0.53586996
10076,28,0,0.39119634
10077,16,1,0.8126393
10078,4,1,0.59113395
10079,10,1,0.3568837
10080,15,1,0.46478078
10081,12,0,0.3653492
10082,3,0,0.42173332
10083,28,0,0.26906738
10084,13,0,0.415361
10085,27,1,0.5255302
10086,16,0,0.5545881
10087,1,1,0.6598214
10088,13,1,0.33689263
10089,6,0,0.36591747
10090,20,0,0.5949913
10091,0,0,0.43680558
10092,27,0,0.35516226
10093,8,1,0.5973328
10094,22,1,0.28981888
10095,10,0,0.39868793
10096,8,0,0.48670697
10097,25,0,0.29088086
10098,20,0,0.32787234
10099,0,1,0.36653283
10100,28,1,0.66966265
10101,16,0,0.3197312
10102,23,1,0.62497157
10103,18,1,0.54180396
10104,26,1,0.6792744
10105,5,1,0.583591
10106,17,0,0.6126951
10107,19,1,0.7347313
10108,7,1,0.67377794
10109,16,0,0.6837036
10110,11,0,0.6312126
10111,8,0,0.6373998
10112,16,0,0.38770804
10113,4,0,0.43478662
10114,20,0,0.3697186
10115,7,1,0.54121107
10116,15,1,0.7314824
10117,22,1,0.75113827
10118,16,1,0.441895
10119,0,1,0.557396
10120,23,0,0.5061691
10121,21,1,0.76861745
10122,10,1,0.599319
10123,14,1,0.32644013
10124,10,0,0.2974973
10125,11,1,0.25545573
10126,25,1,0.65733814
10127,0,1,0.59880835
10128,6,1,0.5175042
10129,15,1,0.3735174
10130,28,0,0.7297524
10131,10,1,0.26471248
10132,0,1,0.5080276
10133,27,1,0.60596997
10134,14,1,0.37475625
10135,1,0,0.63818204
10136,10,0,0.4158115
10137,16,0,0.3924949
10138,27,0,0.39247048
10139,13,0,0.32487047
10140,6,0,0.34414175
10141,6,0,0.5588098
10142,15,0,0.36611977
10143,8,0,0.39434013
10144,27,1,0.45596883
10145,8,1,0.64602166
10146,9,1,0.54821396
10147,8,1,0.48918208
10148,11,1,0.6616497
10149,11,0,0.5265358
10150,1,0,0.64970344
10151,8,1,0.79230076
10152,1,1,0.55604357
10153,11,0,0.31845978
10154,1,1,0.3727053
10155,27,1,0.38330886
10156,21,0,0.76779526
10157,25,1,0.58590406
10158,13,0,0.66483575
10159,8,1,0.6655292
10160,25,0,0.48653576
10161,18,0,0.4533031
10162,12,0,0.6175181
10163,21,1,0.56739044
10164,22,0,0.71796715
10165,10,1,0.4610755
10166,23,0,0.73385745
10167,10,1,0.7802861
10168,19,1,0.44200197
10169,13,0,0.5740238
10170,15,1,0.43261826
10171,13,1,0.6092614
10172,13,0,0.6084378
10173,13,1,0.397001
10174,27,0,0.3927781
10175,14,0,0.41239497
10176,17,1,0.5071325
10177,16,1,0.2936738
10178,26,0,0.70463175
10179,28,0,0.32389113
10180,26,1,0.3121902
10181,14,0,0.659476
10182,12,0,0.335321
10183,13,1,0.33360752
10184,2,1,0.47730115
10185,19,0,0.25010815
10186,20,1,0.86011934
10187,5,0,0.47521794
10188,27,0,0.66356635
10189,9,0,0.35566023
10190,4,1,0.5524123
10191,26,0,0.5836624
10192,25,0,0.33229312
10193,26,1,0.5904194
10194,25,1,0.71046716
10195,10,1,0.67066216
10196,17,0,0.55915385
10197,8,1,0.5457784
10198,17,0,0.49721667
10199,21,1,0.6851499
10200,10,0,0.3456745
10201,27,1,0.77588946
10202,6,0,0.29247707
10203,6,1,0.58665293
10204,2,1,0.59361166
10205,6,1,0.48371762
10206,2,0,0.30749476
10207,17,1,0.7004933
10208,13,1,0.6335156
10209,17,0,0.3605927
10210,16,1,0.73475796
10211,23,1,0.32240486
10212,25,0,0.35680005
10213,11,0,0.6986136
10214,13,0,0.41401353
10215,11,1,0.61870116
10216,8,0,0.5865812
10217,25,0,0.29570028
10218,3,0,0.67518085
10219,9,1,0.6716693
10220,21,0,0.61870646
10221,2,1,0.7566025
10222,27,0,0.2812218
10223,8,1,0.5803331
10224,5,1,0.73414665
10225,3,0,0.39784524
10226,26,1,0.47277567
10227,25,0,0.31594002
10228,4,0,0.28866732
10229,5,1,0.683708
10230,24,1,0.49532732
10231,1,0,0.3356259
10232,20,1,0.78924686
10233,4,1,0.34052143
10234,18,0,0.49869746
10235,0,1,0.70018214
10236,6,0,0.3006315
10237,23,0,0.36892042
10238,26,0,0.7540421
10239,26,0,0.40443423
10240,26,0,0.6639011
10241,23,0,0.5095348
10242,1,0,0.24542843
10243,12,0,0.30723608
10244,1,1,0.2996514
10245,28,1,0.69323343
10246,27,1,0.43841508
10247,16,0,0.28722006
10248,24,1,0.6676302
10249,1,1,0.59855556
10250,20,0,0.31521046
10251,7,1,0.5983534
10252,7,1,0.79048353
10253,0,0,0.5986748
10254,17,0,0.34561506
10255,18,0,0.41947547
10256,22,1,0.5636437
10257,25,1,0.5451976
10258,25,0,0.49688116
10259,27,0,0.55701107
10260,22,0,0.47093675
10261,26,1,0.34035897
10262,2,1,0.36842942
10263,5,0,0.41122723
10264,1,0,0.35537806
10265,16,1,0.4920179
10266,18,0,0.4158054
10267,0,1,0.4950113
10268,6,0,0.28130704
10269,10,0,0.51812446
10270,15,0,0.63490623
10271,2,0,0.27345464
10272,3,0,0.51482284
10273,13,1,0.76411074
10274,28,0,0.49372506
10275,17,0,0.27821746
10276,10,0,0.27519163
10277,27,0,0.5852575
10278,23,0,0.6263777
10279,8,0,0.2682526
10280,3,0,0.5268071
10281,19,0,0.4087269
10282,25,0,0.37968758
10283,10,0,0.2994821
10284,6,1,0.71867114
10285,5,1,0.43146285
10286,25,0,0.5279576
10287,11,0,0.3662533
10288,3,1,0.742513
10289,28,1,0.62914455
10290,11,0,0.26407802
10291,0,0,0.24637076
10292,20,1,0.7028637
10293,21,0,0.46100032
10294,25,0,0.32437855
10295,2,0,0.44246522
10296,2,0,0.7331976
10297,13,0,0.26189736
10298,2,1,0.66322845
10299,27,1,0.67570895
10300,26,1,0.60194415
10301,6,1,0.667055
10302,24,0,0.7652521
10303,14,1,0.6768103
10304,15,0,0.59762806
10305,2,1,0.5048081
10306,19,1,0.56793404
10307,13,0,0.40674314
10308,7,1,0.51093113
10309,25,0,0.45503503
10310,12,1,0.6420148
10311,28,1,0.45598596
10312,22,0,0.48143747
10313,1,0,0.6274065
10314,9,1,0.6407759
10315,12,1,0.44670376
10316,12,0,0.38897648
10317,2,0,0.40316728
10318,7,0,0.6457639
10319,12,1,0.73947364
10320,15,0,0.5773652
10321,22,1,0.41167793
10322,7,1,0.6201267
10323,15,1,0.7874156
10324,0,1,0.3950979
10325,12,1,0.47990835
10326,20,0,0.38269323
10327,16,0,0.3420583
10328,14,1,0.30554742
10329,2,0,0.34113264
10330,25,1,0.3032609
10331,13,1,0.7976593
10332,22,0,0.43766475
10333,4,1,0.530165
10334,13,0,0.29977357
10335,16,1,0.6309761
10336,6,0,0.47991934
10337,17,0,0.6666855
10338,28,0,0.6443558
10339,25,1,0.6894155
10340,2,0,0.43260032
10341,7,1,0.7814148
10342,26,1,0.46694463
10343,16,0,0.363594
10344,8,0,0.64481884
10345,14,0,0.60741884
10346,4,1,0.27083686
10347,15,0,0.3658868
10348,7,0,0.34449604
10349,7,0,0.67768043
10350,18,1,0.8643708
10351,26,0,0.6355053
10352,20,0,0.4356511
10353,8,1,0.5841761
10354,12,1,0.4922491
10355,19,1,0.5247873
10356,0,0,0.3233556
10357,23,1,0.5708039
10358,28,0,0.63369036
10359,15,0,0.37082228
10360,21,1,0.30719137
10361,24,1,0.38908434
10362,1,1,0.5430596
10363,13,1,0.42840052
10364,3,0,0.41062343
10365,11,0,0.33090204
10366,19,0,0.56668884
10367,14,0,0.4013442
10368,27,1,0.5379502
10369,2,1,0.631775
10370,11,1,0.45172524
10371,7,0,0.5097239
10372,17,0,0.28827867
10373,10,0,0.6659507
10374,0,0,0.67879575
10375,2,0,0.6100676
10376,12,0,0.30097276
10377,11,1,0.63026357
10378,6,0,0.7136829
10379,6,0,0.5339326
10380,14,0,0.65619427
10381,15,1,0.2374196
10382,5,1,0.69814575
10383,7,0,0.52786237
10384,6,0,0.4638587
10385,16,1,0.80629224
10386,7,1,0.26765388
10387,5,1,0.58777046
10388,10,0,0.44603914
10389,28,0,0.39378735
10390,3,1,0.7319605
10391,27,1,0.5962265
10392,21,1,0.8398615
10393,15,1,0.47598794
10394,26,1,0.38829345
10395,16,0,0.39172336
10396,13,0,0.649362
10397,2,0,0.32438615
10398,15,0,0.34305048
10399,19,1,0.46187016
10400,5,0,0.822527
10401,5,1,0.5650125
10402,10,0,0.49079907
10403,21,1,0.7862232
10404,28,1,0.51416576
10405,5,0,0.29085863
10406,15,0,0.52110493
10407,11,0,0.26949197
10408,2,0,0.36674756
10409,2,1,0.5906246
10410,21,0,0.4187772
10411,3,0,0.52660114
10412,1,0,0.7811288
10413,24,0,0.486101
10414,26,0,0.2535999
10415,1,1,0.5569617
10416,9,1,0.7331068
10417,10,0,0.27072024
10418,4,1,0.43797597
10419,27,1,0.6170582
10420,27,0,0.2101107
10421,20,1,0.61065555
10422,2,0,0.75420964
10423,25,0,0.41643217
10424,15,1,0.47421536
10425,22,1,0.69336456
10426,2,0,0.61714214
10427,4,1,0.2760193
10428,1,0,0.27515122
10429,12,0,0.39047343
10430,20,1,0.5713664
10431,12,1,0.59611297
10432,11,1,0.5372786
10433,24,0,0.52739024
10434,23,0,0.25584343
10435,16,0,0.41290322
10436,11,1,0.70410234
10437,20,0,0.36804435
10438,26,0,0.54602534
10439,8,0,0.6318115
10440,27,0,0.26599395
10441,20,0,0.4392596
10442,19,1,0.6689177
10443,16,1,0.419332
10444,13,1,0.43594748
10445,6,0,0.6309222
10446,10,1,0.61793816
10447,16,1,0.37492132
10448,7,1,0.48530784
10449,13,1,0.5942611
10450,27,0,0.3478003
10451,21,1,0.32222116
10452,8,1,0.7561627
10453,25,1,0.6859864
10454,8,1,0.61659294
10455,24,0,0.41250396
10456,1,1,0.6404628
10457,1,0,0.3584716
10458,18,0,0.43459383
10459,24,0,0.48999542
10460,7,0,0.3691692
10461,13,1,0.6764676
10462,10,1,0.32985434
10463,24,1,0.43672934
10464,17,0,0.34268427
10465,12,1,0.4353146
10466,13,1,0.34601906
10467,11,1,0.6382486
10468,12,1,0.48199454
10469,12,1,0.6299715
10470,1,1,0.5564747
10471,17,0,0.3964197
10472,2,0,0.48966843
10473,6,1,0.43747193
10474,8,0,0.25526252
10475,2,1,0.46102592
10476,19,0,0.45949376
10477,13,1,0.7610264
10478,1,0,0.65173143
10479,11,1,0.7869842
10480,28,0,0.33659708
10481,9,1,0.7368321
10482,3,0,0.4939417
10483,3,0,0.325342
10484,27,0,0.31049448
10485,0,0,0.4231408
10486,13,1,0.29412857
10487,23,1,0.6027979
10488,2,1,0.6235997
10489,2,0,0.7419284
10490,22,0,0.4191757
10491,26,1,0.45124137
10492,3,1,0.59372526
10493,26,1,0.3927898
10494,21,0,0.5157771
10495,20,0,0.46603954
10496,22,1,0.71309847
10497,11,1,0.414778
10498,15,0,0.70517576
10499,16,0,0.26379335
10500,13,1,0.3270157
10501,18,0,0.25805828
10502,9,0,0.55974585
10503,20,1,0.48269323
10504,23,1,0.55547035
10505,6,0,0.6702285
10506,5,0,0.3698434
10507,11,1,0.3550376
10508,2,1,0.21661164
10509,27,1,0.58016205
10510,15,1,0.59003425
10511,13,0,0.8351595
10512,22,1,0.66434294
10513,13,1,0.4069576
10514,8,0,0.5632201
10515,12,1,0.6404387
10516,11,0,0.38124064
10517,2,0,0.38312718
10518,11,1,0.6482255
10519,15,0,0.39958394
10520,5,0,0.27068588
10521,15,1,0.6429887
10522,9,1,0.38533282
10523,11,0,0.27986646
10524,2,0,0.74468094
10525,12,0,0.34135693
10526,7,0,0.36731815
10527,15,1,0.7177804
10528,16,1,0.8095182
10529,4,0,0.25991157
10530,11,0,0.45002595
10531,17,0,0.6934782
10532,25,0,0.4973794
10533,3,1,0.47483674
10534,26,0,0.26210666
10535,26,0,0.319432
10536,11,0,0.44573036
10537,12,0,0.40146184
10538,22,0,0.5259664
10539,10,1,0.6223232
10540,14,0,0.32495564
10541,12,1,0.4486877
10542,16,0,0.537373
10543,18,1,0.78437483
10544,26,1,0.6866941
10545,13,1,0.31545347
10546,16,1,0.32157
10547,23,1,0.5718151
10548,25,0,0.293738
10549,15,1,0.78223485
10550,2,0,0.3664229
10551,3,0,0.4886594
10552,19,0,0.35065892
10553,2,1,0.55361354
10554,27,1,0.7186111
10555,18,0,0.70507383
10556,18,1,0.46145907
10557,12,1,0.6622162
10558,21,1,0.72349286
10559,16,0,0.31578532
10560,16,1,0.4574417
10561,18,0,0.5496966
10562,10,0,0.2651145
10563,11,0,0.58675617
10564,10,1,0.40624687
10565,17,1,0.4851433
10566,1,0,0.34870273
10567,15,1,0.8496324
10568,3,1,0.4760785
10569,16,0,0.540501
10570,27,0,0.41533157
10571,1,1,0.64213693
10572,26,0,0.24665923
10573,11,0,0.6911624
10574,3,1,0.35726815
10575,8,1,0.70093197
10576,26,1,0.3727524
10577,2,1,0.6634646
10578,26,1,0.6153742
10579,27,1,0.6663657
10580,7,0,0.24702278
10581,2,0,0.32611224
10582,8,1,0.24634509
10583,8,1,0.5347376
10584,26,0,0.38651994
10585,24,1,0.6762103
10586,25,1,0.2805645
10587,11,1,0.6991592
10588,15,1,0.4939602
10589,20,0,0.44477153
10590,8,0,0.26374137
10591,2,1,0.4498838
10592,12,1,0.68529856
10593,16,0,0.29505196
10594,18,0,0.414967
10595,18,0,0.31495565
10596,14,0,0.40379995
10597,18,1,0.6950409
10598,25,0,0.2802224
10599,13,0,0.22577755
10600,6,0,0.41824293
10601,17,1,0.78955746
10602,11,0,0.45516807
10603,1,1,0.7534643
10604,25,0,0.32153845
10605,11,0,0.4884111
10606,0,1,0.6276392
10607,22,1,0.6764144
10608,15,0,0.36212024
10609,27,0,0.28676575
10610,21,1,0.5349349
10611,21,0,0.26801342
10612,16,0,0.38729873
10613,23,0,0.53125703
10614,6,0,0.6748339
10615,17,0,0.43775508
10616,10,0,0.4840433
10617,13,0,0.4361598
10618,16,0,0.25808117
10619,15,1,0.62349796
10620,21,0,0.28599682
10621,13,1,0.62517875
10622,28,1,0.27549234
10623,19,0,0.59236413
10624,3,1,0.4499185
10625,14,1,0.7643277
10626,25,1,0.7645749
10627,25,1,0.29362807
10628,6,1,0.37837812
10629,21,0,0.41060573
10630,1,1,0.63012177
10631,13,1,0.59139985
10632,7,1,0.59636474
10633,10,0,0.49322575
10634,16,0,0.4564571
10635,1,0,0.31307763
10636,10,1,0.3074236
10637,20,1,0.792561
10638,7,1,0.6254096
10639,25,1,0.41533145
10640,12,0,0.5225126
10641,2,1,0.6370959
10642,13,1,0.5323023
10643,5,1,0.7965617
10644,4,1,0.45753503
10645,8,1,0.37034345
10646,22,0,0.59930086
10647,24,1,0.46604642
10648,11,0,0.7483446
10649,17,1,0.8104923
10650,2,0,0.3467526
10651,18,1,0.79810435
10652,14,1,0.56907415
10653,22,1,0.66233426
10654,14,0,0.69109255
10655,16,0,0.3218493
10656,15,0,0.24435468
10657,13,0,0.4133861
10658,12,0,0.34947264
10659,27,1,0.5408422
10660,27,0,0.2424703
10661,2,0,0.45487222
10662,26,0,0.5065449
10663,18,0,0.44527116
10664,2,1,0.38218382
10665,16,1,0.5796075
10666,8,0,0.32667437
10667,27,0,0.6549071
10668,13,0,0.36320972
10669,21,1,0.62699056
10670,27,1,0.24700157
10671,19,1,0.617871
10672,0,0,0.28067347
10673,26,0,0.5902098
10674,1,1,0.4352405
10675,16,0,0.49304417
10676,10,1,0.47599962
10677,16,1,0.5655316
10678,18,0,0.24736576
10679,21,1,0.63524395
10680,13,0,0.3420372
10681,5,0,0.47253847
10682,7,1,0.64273787
10683,12,0,0.451628
10684,10,1,0.31747076
10685,13,0,0.2817875
10686,20,0,0.62605923
10687,9,1,0.4763643
10688,3,1,0.4740263
10689,21,1,0.81645966
10690,9,0,0.2917663
10691,7,0,0.5574046
10692,4,0,0.34351927
10693,20,1,0.62630504
10694,13,0,0.507842
10695,14,1,0.56268734
10696,2,0,0.74481136
10697,14,1,0.3143572
10698,10,0,0.50699043
10699,4,0,0.77028406
10700,16,0,0.28692445
10701,14,0,0.35891712
10702,10,0,0.23835064
10703,2,1,0.2552548
10704,15,1,0.6585517
10705,7,0,0.45124477
10706,26,1,0.48041967
10707,23,1,0.7952748
10708,23,1,0.6555119
10709,22,1,0.49447954
10710,4,1,0.45542738
10711,16,1,0.37859204
10712,21,0,0.4501019
10713,1,0,0.3826264
10714,8,0,0.55195856
10715,5,1,0.2771282
10716,18,0,0.5965345
10717,0,1,0.7409634
10718,12,0,0.39255726
10719,23,0,0.4055415
10720,8,0,0.4334097
10721,13,0,0.29463953
10722,27,0,0.5610224
10723,8,0,0.47530493
10724,5,1,0.32648897
10725,20,1,0.55301124
10726,14,1,0.65136087
10727,3,1,0.36925495
10728,8,0,0.42353007
10729,27,0,0.64301234
10730,7,1,0.27608654
10731,20,1,0.7120395
10732,28,0,0.55176187
10733,8,0,0.2811254
10734,6,1,0.78604674
10735,2,0,0.32503974
10736,0,0,0.43001536
10737,14,0,0.42608038
10738,16,0,0.31568798
10739,10,1,0.72397804
10740,9,0,0.52527773
10741,2,1,0.63476825
10742,21,0,0.2886522
10743,17,1,0.63169664
10744,11,1,0.2855894
10745,10,1,0.51125604
10746,11,1,0.3448696
10747,14,1,0.59578866
10748,6,0,0.2618408
10749,1,0,0.46622917
10750,14,1,0.49378434
10751,13,1,0.7041469
10752,2,0,0.21699445
10753,3,1,0.36428413
10754,26,1,0.33490756
10755,1,0,0.38077214
10756,22,0,0.39198142
10757,6,1,0.75226843
10758,3,1,0.28728014
10759,18,0,0.464638
10760,3,1,0.69194573
10761,12,0,0.39702004
10762,2,1,0.32376412
10763,0,0,0.5628244
10764,3,1,0.37117544
10765,21,0,0.46630388
10766,7,0,0.31911123
10767,18,0,0.29162
10768,3,1,0.29303697
10769,13,1,0.6849785
10770,13,0,0.37225896
10771,23,1,0.50055134
10772,16,0,0.28262988
10773,9,0,0.26386547
10774,25,0,0.3390444
10775,22,0,0.2994984
10776,2,0,0.36828104
10777,15,0,0.32982638
10778,25,0,0.31299707
10779,11,0,0.38490662
10780,18,0,0.42366913
10781,15,0,0.7876107
10782,3,1,0.29597947
10783,12,1,0.40527073
10784,15,1,0.2719411
10785,12,1,0.44631994
10786,22,0,0.55801046
10787,1,0,0.34865513
10788,22,0,0.55153185
10789,2,0,0.3066958
10790,11,1,0.6551787
10791,13,0,0.55507594
10792,26,0,0.24143206
10793,3,0,0.36751613
10794,26,1,0.40969098
10795,7,1,0.47821382
10796,20,1,0.36168712
10797,8,0,0.57104504
10798,24,1,0.6780387
10799,22,1,0.338379
10800,21,0,0.28795534
10801,26,0,0.24179278
10802,8,0,0.55969656
10803,21,1,0.2750222
10804,10,0,0.2558059
10805,20,0,0.35291913
10806,8,1,0.5654624
10807,22,1,0.46114552
10808,7,1,0.21295153
10809,21,1,0.8152954
10810,5,1,0.21177815
10811,4,0,0.50519407
10812,7,1,0.58390564
10813,11,1,0.5324903
10814,16,1,0.3743163
10815,27,1,0.3383826
10816,16,1,0.45542747
10817,18,0,0.33721107
10818,22,1,0.6511161
10819,8,1,0.68670535
10820,21,1,0.7681607
10821,14,0,0.624284
10822,18,1,0.6871472
10823,5,0,0.7594432
10824,11,0,0.373899
10825,11,1,0.52261984
10826,9,0,0.5361409
10827,22,0,0.7599192
10828,11,1,0.27903217
10829,12,1,0.6462711
10830,24,1,0.6531218
10831,8,1,0.7833639
10832,17,0,0.5714175
10833,0,1,0.6639482
10834,19,1,0.6146034
10835,12,0,0.6630633
10836,2,1,0.35006043
10837,6,1,0.7555865
10838,1,1,0.4841622
10839,24,1,0.6364371
10840,6,0,0.77155626
10841,2,1,0.57744247
10842,27,1,0.36267
10843,11,1,0.56969815
10844,14,0,0.6645599
10845,22,0,0.26533353
10846,16,1,0.32057747
10847,28,0,0.66965073
10848,2,1,0.7784029
10849,11,1,0.30135924
10850,12,1,0.39668834
10851,8,1,0.4875171
10852,2,0,0.7221343
10853,26,1,0.6389488
10854,19,1,0.37006667
10855,9,1,0.58575994
10856,28,0,0.3854621
10857,25,0,0.31635258
10858,2,0,0.36150116
10859,16,1,0.28063524
10860,10,1,0.30368823
10861,15,0,0.28714535
10862,5,0,0.3545731
10863,26,0,0.5152462
10864,10,0,0.61164033
10865,2,0,0.68051934
10866,20,0,0.22943877
10867,14,1,0.28557014
10868,23,0,0.5975657
10869,2,1,0.64430565
10870,14,1,0.7332923
10871,26,0,0.3183628
10872,11,0,0.3470856
10873,27,0,0.34515867
10874,14,0,0.32148495
10875,24,0,0.6445491
10876,15,1,0.56287426
10877,15,1,0.57295454
10878,13,0,0.36650848
10879,16,1,0.30749047
10880,6,1,0.60687715
10881,1,0,0.3308456
10882,10,1,0.6103101
10883,21,1,0.34360558
10884,16,0,0.3944227
10885,9,0,0.7036581
10886,27,0,0.59707874
10887,11,0,0.28969103
10888,13,0,0.28276208
10889,8,1,0.58173966
10890,22,1,0.5394245
10891,13,0,0.76359546
10892,26,0,0.42342734
10893,15,1,0.67889255
10894,11,1,0.57046384
10895,3,1,0.7099638
10896,27,0,0.5394971
10897,27,0,0.3673378
10898,15,0,0.54396987
10899,26,1,0.5696297
10900,7,1,0.45159227
10901,4,1,0.36184606
10902,10,1,0.78272086
10903,28,1,0.749078
10904,28,0,0.6566458
10905,15,1,0.72823125
10906,2,1,0.4912892
10907,1,0,0.34369755
10908,2,0,0.27468857
10909,25,0,0.38553602
10910,20,0,0.27655753
10911,10,1,0.3471001
10912,16,1,0.64792985
10913,1,1,0.7111511
10914,16,0,0.31528547
10915,15,0,0.33792216
10916,2,0,0.3147023
10917,6,0,0.49003047
10918,17,1,0.6405006
10919,20,1,0.6022678
10920,6,1,0.5940457
10921,1,0,0.34419882
10922,28,0,0.32463717
10923,22,1,0.8089842
10924,11,0,0.51415926
10925,28,1,0.63615596
10926,13,1,0.64032876
10927,5,0,0.6139986
10928,10,1,0.755942
10929,16,0,0.5676563
10930,26,0,0.3421129
10931,8,0,0.3561477
10932,17,0,0.37639838
10933,24,1,0.42486146
10934,6,1,0.4810445
10935,4,1,0.34117922
10936,1,0,0.35716042
10937,10,0,0.2966231
10938,13,0,0.39413667
10939,15,0,0.2249914
10940,25,0,0.6306048
10941,16,0,0.2979415
10942,26,1,0.25148013
10943,6,0,0.31890526
10944,2,1,0.60795546
10945,10,1,0.5998625
10946,20,0,0.656975
10947,16,1,0.54819876
10948,3,0,0.46299937
10949,27,1,0.48341826
10950,17,0,0.6921642
10951,3,0,0.26907134
10952,10,1,0.7488893
10953,18,1,0.45349985
10954,2,1,0.5826428
10955,19,1,0.6475181
10956,3,1,0.5541239
10957,21,0,0.47841823
10958,16,0,0.31350037
10959,15,0,0.3550907
10960,16,0,0.32066247
10961,28,1,0.7503269
10962,16,1,0.28833327
10963,5,1,0.6758316
10964,26,0,0.281171
10965,22,1,0.7597986
10966,15,1,0.65385324
10967,11,1,0.6922068
10968,8,0,0.5387611
10969,2,1,0.6567036
10970,13,0,0.64328426
10971,2,0,0.41629148
10972,15,1,0.37203825
10973,13,1,0.45874563
10974,1,0,0.6052278
10975,15,0,0.36991316
10976,19,1,0.42089742
10977,24,1,0.7579604
10978,26,1,0.7222924
10979,12,1,0.6425604
10980,18,0,0.68530977
10981,4,1,0.6989828
10982,3,0,0.50244015
10983,8,1,0.7564749
10984,6,0,0.34178776
10985,2,0,0.4863374
10986,6,1,0.32465664
10987,15,1,0.77288055
10988,4,0,0.24646778
10989,8,0,0.38511392
10990,12,1,0.6572296
10991,8,1,0.31133315
10992,11,1,0.66528904
10993,13,1,0.7027486
10994,8,1,0.6768577
10995,3,0,0.53772825
10996,27,1,0.6548789
10997,1,0,0.3960819
10998,20,0,0.6136396
10999,8,0,0.30360407
11000,10,0,0.47826013
11001,4,1,0.6614574
11002,26,0,0.33967954
11003,13,1,0.4610491
11004,23,1,0.7876838
11005,19,1,0.44745037
11006,12,0,0.30479994
11007,17,1,0.608141
11008,2,1,0.7769573
11009,19,0,0.29815045
11010,8,1,0.62917316
11011,27,0,0.36291414
11012,0,0,0.4933455
11013,19,1,0.65574586
11014,12,1,0.844696
11015,3,0,0.5634595
11016,16,0,0.26949164
11017,13,0,0.29309854
11018,15,0,0.34454268
11019,22,1,0.45253536
11020,2,0,0.5968965
11021,11,0,0.29769155
11022,16,0,0.46868593
11023,10,1,0.75745183
11024,2,0,0.43040583
11025,28,1,0.56962967
11026,15,1,0.6507312
11027,27,0,0.27377278
11028,3,1,0.46657413
11029,8,0,0.37482408
11030,26,0,0.34846684
11031,5,1,0.5957153
11032,3,0,0.21948914
11033,3,1,0.61880076
11034,12,1,0.32312414
11035,17,0,0.642254
11036,14,0,0.48661268
11037,20,0,0.33115697
11038,0,0,0.2397951
11039,17,0,0.5792366
11040,22,1,0.8317982
11041,25,1,0.80801964
11042,13,0,0.24033664
11043,13,0,0.6667522
11044,0,1,0.6379204
11045,10,1,0.6402036
11046,10,1,0.73404837
11047,22,1,0.8547877
11048,11,0,0.5098157
11049,25,0,0.27549186
11050,16,0,0.33484858
11051,25,0,0.43084013
11052,2,1,0.27023545
11053,12,1,0.48901242
11054,18,1,0.6341921
11055,18,1,0.28484023
11056,8,1,0.59719104
11057,14,0,0.44635886
11058,25,1,0.7724562
11059,13,0,0.55743384
11060,4,1,0.7843719
11061,23,0,0.39396653
11062,23,1,0.56226176
11063,18,1,0.64821887
11064,21,0,0.47716716
11065,25,0,0.53010696
11066,2,0,0.28183705
11067,2,1,0.4105371
11068,11,1,0.6718825
11069,22,0,0.42931345
11070,21,0,0.29728657
11071,20,0,0.50983655
11072,2,0,0.35376287
11073,12,1,0.6387411
11074,17,1,0.80904216
11075,7,0,0.3270253
11076,20,1,0.42682824
11077,12,1,0.7157063
11078,1,1,0.68090844
11079,4,1,0.43027076
11080,20,0,0.667635
11081,5,1,0.6164112
11082,20,0,0.5453529
11083,28,0,0.5336679
11084,15,0,0.209231
11085,4,1,0.76225585
11086,28,0,0.5760456
11087,9,1,0.69703
11088,8,0,0.5119265
11089,25,1,0.6520947
11090,7,0,0.38579157
11091,0,0,0.28837377
11092,17,0,0.32409152
11093,20,1,0.36601013
11094,23,0,0.5640093
11095,18,0,0.4655369
11096,25,0,0.43215603
11097,26,1,0.57527465
11098,18,1,0.3828661
11099,1,0,0.57359487
11100,8,1,0.50216675
11101,13,0,0.27612016
11102,4,0,0.24554756
11103,24,0,0.22434083
11104,13,0,0.2657516
11105,8,0,0.5328411
11106,15,0,0.4451783
11107,1,1,0.46110457
11108,26,0,0.39097425
11109,15,1,0.6252837
11110,16,0,0.31130326
11111,13,0,0.29360905
11112,20,1,0.6662638
11113,1,0,0.35766917
11114,27,0,0.26044175
11115,15,1,0.45471102
11116,14,1,0.6297022
11117,8,0,0.62577987
11118,1,0,0.34542015
11119,20,1,0.7900412
11120,18,0,0.5586821
11121,1,1,0.79772866
11122,19,0,0.2564918
11123,2,1,0.5805566
11124,2,0,0.5713544
11125,17,0,0.32156998
11126,25,1,0.6856459
11127,0,1,0.5687093
11128,15,1,0.5255673
11129,13,0,0.43793133
11130,27,0,0.30400667
11131,11,1,0.77377146
11132,14,1,0.47787988
11133,6,0,0.41866893
11134,16,1,0.63561875
11135,3,0,0.23716986
11136,2,0,0.48323807
11137,6,0,0.3051756
11138,13,1,0.7493586
11139,18,0,0.31367067
11140,13,0,0.62633353
11141,6,1,0.50849485
11142,14,1,0.35452706
11143,16,1,0.6597872
11144,20,1,0.64148265
11145,0,1,0.7049171
11146,15,0,0.4716239
11147,22,1,0.7440096
11148,10,1,0.6963086
11149,1,1,0.59945697
11150,16,0,0.37003228
11151,16,0,0.33716124
11152,6,0,0.29549032
11153,2,1,0.3264071
11154,15,1,0.5367596
11155,16,1,0.77196133
11156,0,0,0.32310227
11157,8,1,0.3035373
11158,21,1,0.24696708
11159,10,1,0.37141484
11160,24,1,0.8045554
11161,28,0,0.3182556
11162,11,1,0.6846875
11163,17,0,0.49740016
11164,1,0,0.57069206
11165,26,1,0.5464388
11166,10,1,0.4196945
11167,3,0,0.32193226
11168,0,0,0.63758636
11169,8,0,0.34134012
11170,11,0,0.5823689
11171,22,1,0.6626906
11172,21,1,0.27074733
11173,3,0,0.2663665
11174,26,0,0.29299068
11175,28,1,0.3702277
11176,13,0,0.6998034
11177,25,0,0.7152717
11178,26,0,0.34304786
11179,9,1,0.5500274
11180,28,1,0.38497365
11181,7,1,0.6606268
11182,26,0,0.65399545
11183,1,1,0.81936926
11184,2,1,0.54715127
11185,11,0,0.37791505
11186,17,0,0.4528652
11187,23,1,0.41147316
11188,13,1,0.52372986
11189,7,1,0.5830027
11190,12,1,0.45371863
11191,12,0,0.3783824
11192,8,0,0.38676322
11193,13,1,0.7719304
11194,10,0,0.6299212
11195,11,0,0.44576114
11196,21,1,0.39722383
11197,4,0,0.28311673
11198,16,0,0.46158776
11199,13,0,0.7366795
11200,11,1,0.3111248
11201,10,0,0.5302259
11202,25,0,0.48404202
11203,6,0,0.49241388
11204,6,0,0.33020303
11205,1,0,0.40411204
11206,7,1,0.40485668
11207,16,0,0.3916815
11208,15,1,0.25712436
11209,8,1,0.5628277
11210,8,1,0.32464805
11211,1,1,0.74193895
11212,15,1,0.44405934
11213,15,0,0.33070606
11214,19,1,0.55597144
11215,10,0,0.47389388
11216,7,0,0.3025965
11217,7,1,0.5721391
11218,13,1,0.47747198
11219,28,0,0.4555062
11220,16,0,0.43307915
11221,10,1,0.329443
11222,14,1,0.73828954
11223,16,1,0.7846218
11224,2,0,0.44970402
11225,20,1,0.5976974
11226,1,0,0.62921053
11227,25,1,0.43521956
11228,28,1,0.5370399
11229,4,0,0.573778
11230,16,0,0.30951944
11231,2,0,0.379851
11232,22,0,0.52608675
11233,20,0,0.2573254
11234,9,1,0.369352
11235,27,0,0.54424393
11236,24,0,0.38034028
11237,9,0,0.31377453
11238,10,0,0.46042588
11239,1,1,0.35022345
11240,13,0,0.41524777
11241,10,1,0.6248572
11242,1,0,0.4660456
11243,26,0,0.422085
11244,15,1,0.5757766
11245,16,1,0.6830573
11246,11,0,0.67034763
11247,28,1,0.4999274
11248,10,0,0.3880654
11249,1,1,0.67373174
11250,15,1,0.57224244
11251,15,1,0.6715308
11252,8,0,0.28403762
11253,6,1,0.68880373
11254,22,0,0.56429297
11255,17,1,0.50433695
11256,25,0,0.5491454
11257,19,0,0.36299962
11258,21,0,0.6544748
11259,15,0,0.6682309
11260,27,0,0.2884955
11261,27,1,0.51749086
11262,12,0,0.56291103
11263,2,1,0.4882133
11264,3,1,0.28737238
11265,5,0,0.3226835
11266,1,0,0.30675393
11267,1,1,0.46342602
11268,16,0,0.47470978
11269,15,1,0.7291932
11270,26,1,0.64864016
11271,4,0,0.612818
11272,6,0,0.59040374
11273,8,1,0.7818905
11274,19,1,0.35406995
11275,0,1,0.6685534
11276,10,1,0.737479
11277,3,0,0.21831529
11278,1,1,0.24608092
11279,20,1,0.65851057
11280,24,1,0.3799079
11281,2,1,0.66809464
11282,13,0,0.4671179
11283,8,0,0.5155345
11284,15,1,0.39027512
11285,27,0,0.73905456
11286,15,0,0.3333468
11287,19,0,0.64414346
11288,20,0,0.36962414
11289,6,0,0.40848458
11290,26,1,0.5448954
11291,10,0,0.4559268
11292,10,0,0.72982913
11293,16,1,0.71092427
11294,15,1,0.40955198
11295,3,1,0.76661795
11296,7,1,0.55047977
11297,22,1,0.54467016
11298,15,1,0.31126228
11299,21,1,0.79685384
11300,19,0,0.66839594
11301,17,0,0.575968
11302,2,1,0.34588864
11303,17,1,0.45175394
11304,17,0,0.34455305
11305,17,1,0.63072276
11306,3,0,0.29747188
11307,20,0,0.5704324
11308,6,1,0.44934952
11309,13,1,0.69641995
11310,28,1,0.4975093
11311,10,0,0.55102545
11312,15,1,0.48914096
11313,19,0,0.40466624
11314,9,0,0.35367465
11315,15,1,0.33867583
11316,11,1,0.4272592
11317,2,1,0.68327224
11318,17,0,0.37988126
11319,14,1,0.2830353
11320,12,0,0.5163379
11321,19,0,0.33412412
11322,28,1,0.56089
11323,3,0,0.43159413
11324,22,1,0.32156947
11325,8,1,0.34768665
11326,24,1,0.4486458
11327,26,1,0.6042849
11328,10,1,0.5373352
11329,13,0,0.53147084
11330,24,0,0.55381745
11331,27,0,0.45161444
11332,18,0,0.73497915
11333,25,1,0.4960507
11334,1,0,0.5717469
11335,7,1,0.7953501
11336,23,1,0.678446
11337,3,1,0.70353913
11338,8,0,0.28774264
11339,3,0,0.5713533
11340,12,1,0.68837255
11341,13,1,0.6096483
11342,1,1,0.42615825
11343,13,0,0.5358942
11344,13,0,0.73834616
11345,17,1,0.29182497
11346,26,1,0.37046638
11347,28,0,0.3034347
11348,11,1,0.52596885
11349,16,1,0.77306104
11350,16,0,0.46009845
11351,9,1,0.47273868
11352,28,1,0.6378543
11353,26,0,0.6468046
11354,7,1,0.47042578
11355,2,1,0.8387558
11356,1,1,0.3576246
11357,15,0,0.22600652
11358,7,0,0.34422138
11359,11,1,0.6038678
11360,16,1,0.7606695
11361,18,1,0.6670316
11362,20,1,0.57637817
11363,13,0,0.29415488
11364,8,0,0.5160664
11365,16,1,0.6932886
11366,13,0,0.3140007
11367,22,0,0.34373257
11368,25,1,0.6319441
11369,24,1,0.68138146
11370,26,0,0.51999575
11371,2,0,0.294572
11372,0,0,0.36840698
11373,26,1,0.6299049
11374,2,0,0.3826963
11375,11,1,0.49499646
11376,25,0,0.37178677
11377,1,1,0.4960116
11378,13,0,0.3360273
11379,25,0,0.22370309
11380,0,0,0.27704683
11381,3,0,0.2844166
11382,10,1,0.508282
11383,17,1,0.65287894
11384,22,1,0.540955
11385,24,1,0.7777963
11386,10,1,0.6027413
11387,11,1,0.5009964
11388,8,1,0.4553612
11389,16,1,0.49168187
11390,13,0,0.41302097
11391,0,0,0.5229608
11392,8,1,0.51131
11393,8,0,0.45058802
11394,11,0,0.5764045
11395,18,1,0.7474853
11396,15,0,0.43627176
11397,15,0,0.44282195
11398,2,1,0.69507885
11399,13,0,0.48151115
11400,10,0,0.4339094
11401,20,1,0.3433163
11402,14,1,0.6974854
11403,26,0,0.3302497
11404,14,1,0.32206646
11405,19,1,0.8323158
11406,22,1,0.41441277
11407,16,0,0.28385562
11408,2,1,0.56685215
11409,20,1,0.56413037
11410,3,0,0.3383801
11411,28,0,0.60094774
11412,3,0,0.44551855
11413,27,0,0.34778097
11414,14,1,0.39512083
11415,16,0,0.6313752
11416,26,0,0.34751686
11417,26,0,0.23517324
11418,28,0,0.3369078
11419,6,1,0.61409396
11420,5,0,0.68596745
11421,8,1,0.73632205
11422,6,1,0.28808656
11423,11,0,0.74918354
11424,15,1,0.5325157
11425,11,0,0.61172295
11426,16,1,0.58753073
11427,1,1,0.7576507
11428,1,0,0.46180758
11429,4,0,0.37853965
11430,26,0,0.6411506
11431,12,0,0.57520586
11432,22,0,0.5787259
11433,11,1,0.77448523
11434,18,1,0.27141318
11435,20,0,0.573292
11436,12,1,0.59009135
11437,22,1,0.58690923
11438,23,0,0.5053053
11439,9,1,0.6656276
11440,10,0,0.37469658
11441,7,0,0.57088226
11442,2,1,0.30408135
11443,16,1,0.59593403
11444,26,1,0.31948456
11445,6,1,0.8316596
11446,16,0,0.6001432
11447,7,1,0.8409833
11448,20,1,0.68056357
11449,22,0,0.36567461
11450,22,0,0.36374953
11451,2,1,0.34561214
11452,18,0,0.2566086
11453,14,0,0.7232565
11454,17,0,0.3078915
11455,20,1,0.47682205
11456,21,0,0.59077823
11457,26,0,0.45596159
11458,6,0,0.5620319
11459,17,1,0.75822437
11460,24,0,0.54248863
11461,22,0,0.4136793
11462,11,0,0.30079564
11463,5,0,0.35729593
11464,2,1,0.53847045
11465,2,0,0.36722586
11466,9,0,0.4665577
11467,28,0,0.37492022
11468,7,0,0.68910825
11469,5,1,0.49065623
11470,14,0,0.53230464
11471,16,0,0.57035494
11472,18,0,0.69759125
11473,5,1,0.5903359
11474,25,1,0.61666393
11475,15,0,0.41509897
11476,24,0,0.35728493
11477,25,1,0.64731455
11478,9,0,0.36336347
11479,22,1,0.4042825
11480,15,1,0.27496067
11481,13,0,0.4681957
11482,27,1,0.3215322
11483,0,0,0.36076373
11484,5,0,0.48308775
11485,26,1,0.63886034
11486,8,0,0.523662
11487,26,1,0.421949
11488,11,0,0.33029774
11489,2,0,0.40295556
11490,3,0,0.28339058
11491,7,1,0.4266757
11492,8,1,0.5739064
11493,26,0,0.48247507
11494,13,1,0.61897576
11495,15,0,0.42688635
11496,27,0,0.7248807
11497,28,0,0.5898956
11498,9,1,0.3102243
11499,13,0,0.85615075
11500,11,1,0.26783824
11501,26,0,0.30738035
11502,15,0,0.636497
11503,12,0,0.38759843
11504,25,0,0.7076402
11505,3,0,0.37102652
11506,8,0,0.67099696
11507,5,1,0.3302233
11508,2,0,0.4365119
11509,21,1,0.6801632
11510,17,0,0.25012103
11511,9,1,0.3522187
11512,8,0,0.3754305
11513,17,0,0.6815108
11514,18,1,0.3357014
11515,25,1,0.80350006
11516,20,1,0.4486211
11517,8,0,0.26690537
11518,25,1,0.38527885
11519,13,1,0.54710096
11520,26,1,0.5364008
11521,7,0,0.40068647
11522,16,0,0.5327084
11523,27,0,0.5347347
11524,8,0,0.26357347
11525,26,1,0.5105963
11526,2,0,0.6945479
11527,8,1,0.6131452
11528,17,1,0.69368315
11529,8,1,0.61137027
11530,20,1,0.7161598
11531,26,1,0.69044346
11532,12,1,0.5934174
11533,27,0,0.2984624
11534,12,1,0.635448
11535,6,1,0.66815364
11536,16,1,0.64661735
11537,27,0,0.3371664
11538,27,0,0.24060617
11539,19,0,0.24271996
11540,20,1,0.33374918
11541,2,1,0.4328154
11542,25,1,0.7284029
11543,19,1,0.58674574
11544,1,1,0.279082
11545,19,0,0.5805482
11546,2,1,0.6697641
11547,26,0,0.47172764
11548,24,0,0.5488133
11549,13,1,0.70878404
11550,22,1,0.76663
11551,2,0,0.6382583
11552,17,0,0.34664154
11553,25,0,0.39722535
11554,23,1,0.66167456
11555,22,0,0.36552107
11556,12,0,0.26524073
11557,15,0,0.33082864
11558,15,1,0.74882036
11559,19,1,0.3338588
11560,9,0,0.6299638
11561,27,1,0.5769154
11562,6,0,0.5274005
11563,6,0,0.57473415
11564,10,1,0.69079775
11565,10,1,0.67794335
11566,15,1,0.3436423
11567,17,1,0.25774497
11568,18,1,0.45021918
11569,16,1,0.5988633
11570,13,1,0.6733162
11571,17,1,0.64758104
11572,15,0,0.36724785
11573,0,0,0.26988384
11574,7,1,0.74947566
11575,22,1,0.4292311
11576,11,1,0.6604081
11577,25,1,0.37362856
11578,16,0,0.2484289
11579,25,0,0.27286014
11580,8,1,0.7493443
11581,27,1,0.62908196
11582,16,0,0.77631336
11583,15,1,0.379166
11584,10,0,0.2558318
11585,19,0,0.3230042
11586,20,0,0.33629915
11587,1,1,0.27678394
11588,28,1,0.7119377
11589,16,1,0.57253
11590,23,0,0.45399287
11591,20,0,0.44652462
11592,15,1,0.8125654
11593,17,0,0.36071542
11594,0,0,0.65003514
11595,8,1,0.5712823
11596,14,0,0.32103512
11597,16,1,0.6069742
11598,10,1,0.513011
11599,13,1,0.6625596
11600,15,0,0.3532709
11601,20,1,0.79156065
11602,16,0,0.32708967
11603,9,1,0.7939394
11604,23,1,0.5726966
11605,17,0,0.2697591
11606,24,0,0.46335322
11607,8,1,0.22929692
11608,7,1,0.6710901
11609,18,0,0.2449484
11610,3,0,0.2377202
11611,8,1,0.5481521
11612,20,0,0.28311992
11613,4,1,0.5138018
11614,9,0,0.41362673
11615,2,0,0.48248845
11616,21,0,0.3206248
11617,7,0,0.635127
11618,12,1,0.54030555
11619,26,0,0.23752183
11620,18,1,0.57153416
11621,11,1,0.3472693
11622,8,0,0.32648164
11623,10,0,0.26692137
11624,3,1,0.49996233
11625,6,1,0.27844694
11626,16,0,0.40918797
11627,15,0,0.22559308
11628,4,0,0.23430698
11629,18,0,0.39291087
11630,4,0,0.30638283
11631,28,1,0.4428943
11632,12,1,0.72463536
11633,12,1,0.5506916
11634,13,1,0.48212236
11635,13,1,0.2537052
11636,11,1,0.77132887
11637,18,0,0.37295094
11638,27,1,0.67896837
11639,15,0,0.66728145
11640,15,0,0.5929512
11641,14,1,0.636029
11642,8,1,0.5783836
11643,1,1,0.4742078
11644,15,0,0.2670354
11645,14,1,0.62492937
11646,26,0,0.48437357
11647,13,0,0.43752286
11648,22,1,0.5061646
11649,16,0,0.30464208
11650,5,1,0.6897048
11651,10,1,0.392965
11652,10,0,0.7322457
11653,10,0,0.49705356
11654,1,0,0.41695538
11655,25,1,0.34444183
11656,6,1,0.72111773
11657,9,1,0.48557538
11658,27,0,0.26780203
11659,13,1,0.83254385
11660,15,1,0.7871415
11661,18,1,0.64352864
11662,3,1,0.7266405
11663,12,0,0.32453775
11664,22,0,0.4766744
11665,8,0,0.47912195
11666,24,0,0.24868539
11667,15,0,0.47888392
11668,1,1,0.6366715
11669,3,1,0.64914805
11670,20,0,0.3748535
11671,16,1,0.26470587
11672,25,1,0.4963349
11673,3,1,0.6903047
11674,20,0,0.45802414
11675,11,1,0.46604803
11676,10,0,0.24516383
11677,13,1,0.6784533
11678,24,1,0.42290115
11679,2,0,0.70710427
11680,22,0,0.56164
11681,13,1,0.4113208
11682,7,0,0.4911975
11683,0,0,0.58509594
11684,26,1,0.48972476
11685,13,0,0.57142925
11686,5,1,0.4984007
11687,13,1,0.41119847
11688,27,1,0.5556027
11689,8,1,0.6768819
11690,16,0,0.48378044
11691,15,0,0.5661285
11692,23,0,0.37280077
11693,25,1,0.35666397
11694,12,0,0.414216
11695,12,1,0.5729363
11696,5,1,0.51636845
11697,18,1,0.80985975
11698,8,0,0.49813646
11699,12,0,0.5080182
11700,18,1,0.7573056
11701,4,0,0.650875
11702,2,0,0.63872707
11703,8,1,0.65027547
11704,11,0,0.33834726
11705,11,1,0.72231555
11706,17,1,0.42415893
11707,17,1,0.78248614
11708,27,1,0.42975056
11709,27,1,0.80875736
11710,12,0,0.43341523
11711,3,0,0.33162618
11712,26,0,0.33409235
11713,21,1,0.34465262
11714,21,0,0.35173535
11715,13,1,0.6484696
11716,15,0,0.6092471
11717,6,1,0.6442538
11718,13,1,0.56844854
11719,16,1,0.3348286
11720,8,1,0.71607196
11721,23,0,0.5065879
11722,19,0,0.42370483
11723,10,0,0.32803133
11724,20,0,0.74485415
11725,4,1,0.38341177
11726,20,0,0.32879615
11727,14,1,0.76944417
11728,17,0,0.28546706
11729,12,0,0.6640981
11730,25,0,0.40978268
11731,16,0,0.52986
11732,17,1,0.6320184
11733,24,0,0.660528
11734,6,0,0.6163911
11735,11,1,0.5059257
11736,13,1,0.7411406
11737,16,1,0.6714236
11738,18,0,0.51528734
11739,1,1,0.7015707
11740,14,1,0.5534653
11741,12,0,0.309148
11742,24,0,0.31500274
11743,13,0,0.40758014
11744,16,0,0.2666622
11745,26,1,0.7274864
11746,1,1,0.6151838
11747,17,0,0.48177874
11748,8,1,0.64547646
11749,15,1,0.6627228
11750,27,1,0.6377118
11751,9,1,0.67887056
11752,11,1,0.30308115
11753,25,0,0.29929605
11754,6,1,0.2873013
11755,3,0,0.3910666
11756,3,1,0.55082023
11757,15,0,0.40911576
11758,25,0,0.32459062
11759,18,1,0.34893218
11760,13,1,0.6549917
11761,26,0,0.6197962
11762,15,1,0.7537743
11763,2,1,0.5664458
11764,22,0,0.23468293
11765,2,0,0.29916707
11766,25,1,0.6942306
11767,2,0,0.5961761
11768,2,0,0.39510015
11769,8,0,0.24197899
11770,16,0,0.3809016
11771,25,0,0.55076
11772,7,1,0.30501983
11773,16,0,0.6234383
11774,27,0,0.48353842
11775,13,1,0.63891554
11776,10,1,0.5968482
11777,7,1,0.43684536
11778,9,0,0.33321786
11779,27,1,0.47065318
11780,7,0,0.51666886
11781,10,1,0.49494043
11782,16,0,0.43993202
11783,8,0,0.67740214
11784,7,0,0.53742325
11785,21,0,0.22867201
11786,15,0,0.28655708
11787,8,1,0.31070846
11788,10,0,0.28486025
11789,25,1,0.706893
11790,14,0,0.44640827
11791,11,1,0.65146947
11792,10,1,0.26339635
11793,11,0,0.24204668
11794,11,1,0.48585132
11795,19,0,0.38670766
11796,13,1,0.32031184
11797,9,0,0.7151482
11798,0,1,0.61716
11799,17,0,0.6403428
11800,10,1,0.550664
11801,3,1,0.6138129
11802,9,1,0.5722932
11803,9,1,0.6031198
11804,26,1,0.32976237
11805,19,0,0.43652153
11806,13,0,0.2722317
11807,21,0,0.45279378
11808,15,0,0.35554412
11809,3,1,0.5136917
11810,24,1,0.5917056
11811,1,1,0.6478419
11812,23,1,0.652764
11813,13,1,0.5622015
11814,17,1,0.62585354
11815,13,0,0.32298318
11816,8,0,0.44260922
11817,27,0,0.36638257
11818,25,1,0.6825104
11819,13,1,0.68133277
11820,5,1,0.7245868
11821,26,0,0.4779617
11822,2,0,0.60882515
11823,21,1,0.3819664
11824,23,0,0.25469056
11825,13,0,0.3121996
11826,27,1,0.44173267
11827,7,1,0.39782265
11828,11,1,0.42945692
11829,10,1,0.5291306
11830,6,1,0.36868498
11831,1,1,0.4210402
11832,1,0,0.5169018
11833,11,0,0.32552865
11834,20,1,0.74405336
11835,2,0,0.33370534
11836,25,1,0.50218284
11837,5,1,0.6699621
11838,18,0,0.52904934
11839,28,1,0.32459885
11840,9,1,0.6373021
11841,10,0,0.5610205
11842,20,1,0.47272867
11843,20,1,0.7432092
11844,13,0,0.43478677
11845,27,1,0.7584438
11846,16,1,0.71678215
11847,22,1,0.50567853
11848,7,1,0.64831114
11849,11,0,0.5015838
11850,3,1,0.70467144
11851,15,1,0.6486787
11852,8,1,0.27156025
11853,3,1,0.35054466
11854,2,0,0.4416022
11855,14,0,0.37404287
11856,24,0,0.2624096
11857,6,0,0.4329032
11858,14,0,0.43851593
11859,12,0,0.35012084
11860,11,0,0.3996153
11861,22,0,0.6639822
11862,15,0,0.31756642
11863,12,1,0.42583954
11864,1,0,0.6176807
11865,11,1,0.27735952
11866,3,1,0.54246956
11867,12,0,0.32656056
11868,12,1,0.5934486
11869,5,1,0.6670411
11870,25,1,0.67348796
11871,12,0,0.23961017
11872,2,1,0.7908991
11873,20,1,0.68856335
11874,3,1,0.8105122
11875,18,1,0.6935015
11876,16,0,0.36582947
11877,1,0,0.64866525
11878,26,0,0.57054627
11879,27,1,0.7169974
11880,28,0,0.65057534
11881,20,1,0.49921262
11882,9,1,0.66448075
11883,7,0,0.55279833
11884,10,0,0.30543065
11885,16,0,0.6970479
11886,17,0,0.3506805
11887,1,1,0.658511
11888,26,0,0.31109288
11889,17,1,0.56393456
11890,15,1,0.64549196
11891,2,0,0.38982695
11892,14,1,0.314362
11893,9,1,0.6611074
11894,10,1,0.7030758
11895,1,0,0.48153868
11896,1,0,0.51117605
11897,10,0,0.35784507
11898,23,0,0.32025817
11899,1,1,0.46107548
11900,20,1,0.6330203
11901,19,0,0.33417368
11902,8,1,0.6594604
11903,3,1,0.48570988
11904,8,1,0.58350605
11905,11,0,0.57491076
11906,13,1,0.327797
11907,24,0,0.6853062
11908,11,0,0.4121309
11909,10,0,0.3724948
11910,2,0,0.23663528
11911,23,1,0.49099198
11912,1,0,0.2865893
11913,17,1,0.45770368
11914,12,1,0.75034344
11915,11,0,0.40030226
11916,4,0,0.3425626
11917,7,1,0.6572137
11918,12,1,0.67458016
11919,21,0,0.4398356
11920,15,0,0.53094316
11921,15,1,0.6411931
11922,7,0,0.67479044
11923,27,1,0.62793154
11924,18,1,0.63619924
11925,13,0,0.5078942
11926,4,1,0.47147238
11927,3,1,0.47683072
11928,10,1,0.7340789
11929,15,0,0.43192753
11930,17,0,0.62691104
11931,0,0,0.44517505
11932,8,1,0.41498792
11933,1,0,0.21610905
11934,10,0,0.6942836
11935,13,0,0.6461794
11936,16,1,0.7353471
11937,22,0,0.38678402
11938,12,0,0.57622886
11939,4,1,0.569434
11940,11,0,0.3357193
11941,18,1,0.23905358
11942,10,1,0.51550764
11943,18,1,0.5139521
11944,27,0,0.6092312
11945,13,1,0.6591841
11946,1,1,0.6038066
11947,2,0,0.2703885
11948,16,0,0.3811933
11949,1,0,0.29957652
11950,8,0,0.45635003
11951,27,1,0.44313493
11952,19,0,0.306877
11953,2,0,0.32247707
11954,23,0,0.46265736
11955,16,1,0.7869132
11956,25,1,0.6260043
11957,22,0,0.74076736
11958,25,0,0.28777924
11959,17,1,0.669418
11960,22,0,0.35050488
11961,12,0,0.5870263
11962,7,1,0.38346952
11963,14,1,0.53771806
11964,17,0,0.25160486
11965,2,0,0.3421397
11966,25,1,0.3137191
11967,18,0,0.7619634
11968,8,0,0.5043111
11969,13,0,0.45949414
11970,3,1,0.6662089
11971,2,1,0.6782419
11972,9,1,0.7556302
11973,15,1,0.71997565
11974,24,1,0.63440585
11975,2,1,0.32973784
11976,28,1,0.6645877
11977,8,1,0.54612637
11978,14,0,0.46161926
11979,13,0,0.538366
11980,2,0,0.52818567
11981,20,1,0.37680623
11982,20,1,0.61596483
11983,25,0,0.51535696
11984,28,0,0.3872372
11985,24,0,0.67880654
11986,8,1,0.6389927
11987,7,1,0.7564117
11988,11,1,0.48054495
11989,14,1,0.68020356
11990,11,1,0.66976386
11991,13,1,0.55906934
11992,10,1,0.45159268
11993,3,1,0.608748
11994,17,0,0.6961285
11995,18,0,0.30348206
11996,15,0,0.58234125
11997,2,1,0.6738263
11998,16,0,0.32785454
11999,10,1,0.5051137
12000,12,1,0.59812564
12001,1,1,0.36322686
12002,2,0,0.49281186
12003,17,1,0.7327071
12004,3,0,0.28558928
12005,11,0,0.24302971
12006,16,0,0.6847749
12007,10,0,0.49006546
12008,4,1,0.49361688
12009,3,0,0.39212024
12010,1,0,0.31740576
12011,16,1,0.6497643
12012,11,0,0.7389487
12013,26,1,0.32363525
12014,15,1,0.68567765
12015,25,1,0.61793244
12016,25,0,0.5462644
12017,16,0,0.5864331
12018,16,0,0.37475917
12019,6,1,0.3349634
12020,10,0,0.35848624
12021,7,1,0.44159913
12022,23,1,0.43675917
12023,25,0,0.37700534
12024,7,0,0.7883307
12025,9,1,0.51593053
12026,15,1,0.5966856
12027,25,0,0.70951843
12028,4,0,0.27125162
12029,15,0,0.4680351
12030,11,0,0.35433656
12031,13,0,0.31129333
12032,11,0,0.7767658
12033,16,1,0.67343134
12034,10,0,0.5268656
12035,10,0,0.32478616
12036,17,0,0.45067546
12037,26,0,0.34826654
12038,15,0,0.33064416
12039,3,0,0.6733437
12040,27,1,0.6046935
12041,18,0,0.44302684
12042,25,0,0.3369138
12043,20,0,0.6467742
12044,23,0,0.46871096
12045,25,1,0.45984805
12046,16,1,0.69664645
12047,15,1,0.65106136
12048,26,1,0.7019461
12049,11,1,0.7204249
12050,19,0,0.27149907
12051,3,1,0.34113145
12052,15,1,0.5939819
12053,28,0,0.3748385
12054,21,1,0.5792245
12055,11,1,0.42747802
12056,15,0,0.2614194
12057,25,0,0.4882598
12058,13,0,0.6362081
12059,12,1,0.2842061
12060,26,0,0.25601435
12061,15,0,0.2687023
12062,2,0,0.42563677
12063,27,1,0.703184
12064,16,0,0.33261988
12065,16,1,0.5783619
12066,0,0,0.6954908
12067,2,0,0.25850815
12068,0,1,0.49346367
12069,16,1,0.5115601
12070,13,0,0.2778204
12071,9,0,0.33557913
12072,21,1,0.64827204
12073,25,0,0.4546891
12074,10,0,0.6584869
12075,26,1,0.49802738
12076,20,1,0.30038717
12077,7,0,0.3117492
12078,10,1,0.26214725
12079,2,0,0.7185543
12080,15,1,0.67013437
12081,13,1,0.7518685
12082,20,0,0.43047792
12083,0,1,0.58227855
12084,10,0,0.7237546
12085,8,0,0.46483883
12086,20,1,0.4277066
12087,15,1,0.7308827
12088,28,0,0.6902088
12089,18,0,0.3373178
12090,25,1,0.29479998
12091,3,0,0.48226002
12092,25,1,0.5056387
12093,0,1,0.60798067
12094,6,1,0.39547393
12095,8,1,0.38521633
12096,11,0,0.5582852
12097,2,0,0.4970742
12098,24,0,0.25741592
12099,7,0,0.6591327
12100,7,1,0.39003566
12101,8,1,0.6683869
12102,20,0,0.3248853
12103,23,1,0.57418
12104,14,1,0.8509905
12105,4,1,0.7262569
12106,23,0,0.3257888
12107,20,0,0.31645668
12108,11,1,0.3939964
12109,26,0,0.24688682
12110,26,1,0.36781007
12111,6,1,0.53304785
12112,9,1,0.76335883
12113,1,1,0.63464737
12114,25,1,0.45986626
12115,28,0,0.6607907
12116,11,1,0.7817345
12117,13,0,0.79032034
12118,15,0,0.39383662
12119,2,1,0.62356234
12120,0,0,0.5099218
12121,7,1,0.56244224
12122,15,1,0.7927823
12123,22,0,0.294964
12124,14,0,0.2982941
12125,16,1,0.4149217
12126,26,1,0.46431035
12127,0,0,0.3045828
12128,16,0,0.45249942
12129,25,1,0.38705575
12130,24,0,0.5704519
12131,22,0,0.6061137
12132,28,1,0.6387477
12133,3,0,0.38199103
12134,11,1,0.29419935
12135,28,0,0.29891554
12136,13,0,0.5190971
12137,10,0,0.5640652
12138,3,1,0.38260302
12139,11,1,0.42188373
12140,2,1,0.6631284
12141,25,1,0.37064615
12142,14,0,0.30654973
12143,8,1,0.6277094
12144,10,0,0.42998838
12145,5,0,0.630625
12146,25,0,0.49396038
12147,22,0,0.56925756
12148,25,0,0.44216418
12149,17,1,0.5300359
12150,24,0,0.2875075
12151,3,1,0.31563517
12152,13,1,0.7783139
12153,1,1,0.6283219
12154,2,0,0.39014196
12155,20,1,0.4021565
12156,11,0,0.7779898
12157,8,0,0.29487142
12158,24,0,0.5146671
12159,1,0,0.35544232
12160,1,0,0.7055317
12161,23,0,0.56803906
12162,17,0,0.25042066
12163,0,1,0.4000425
12164,0,1,0.38464403
12165,5,0,0.3391991
12166,1,0,0.23103634
12167,2,0,0.32168922
12168,4,1,0.52550024
12169,5,1,0.7889234
12170,13,0,0.63008213
12171,22,0,0.55188805
12172,19,0,0.3394595
12173,21,1,0.5719864
12174,25,1,0.37325776
12175,7,0,0.24052396
12176,26,0,0.65181863
12177,8,0,0.29221216
12178,25,1,0.66164696
12179,7,1,0.5262408
12180,14,1,0.75267583
12181,10,0,0.54826397
12182,7,1,0.4172151
12183,16,0,0.26789162
12184,15,1,0.41353235
12185,26,0,0.30518493
12186,23,0,0.3062364
12187,11,0,0.51466155
12188,25,0,0.29014486
12189,18,1,0.50142133
12190,21,0,0.37924603
12191,14,1,0.84231013
12192,1,1,0.42470193
12193,4,0,0.38226736
12194,0,0,0.3600636
12195,2,1,0.6378884
12196,8,0,0.45673904
12197,13,0,0.71941984
12198,28,0,0.35943028
12199,25,0,0.6216012
12200,14,0,0.2778646
12201,5,1,0.731714
12202,2,0,0.70302385
12203,8,1,0.6202503
12204,25,1,0.6279747
12205,13,0,0.3915957
12206,21,0,0.46236792
12207,27,0,0.5789793
12208,25,0,0.3544006
12209,8,0,0.40861288
12210,6,1,0.47382784
12211,10,0,0.6816379
12212,27,0,0.5824299
12213,8,1,0.3521964
12214,8,1,0.7059687
12215,15,0,0.269552
12216,23,0,0.32042795
12217,2,0,0.47697592
12218,16,1,0.59909767
12219,10,0,0.4389793
12220,16,1,0.4508114
12221,2,0,0.39692798
12222,17,1,0.3616078
12223,24,0,0.55677825
12224,20,1,0.4568468
12225,1,0,0.22775395
12226,13,0,0.33871487
12227,14,0,0.3982324
12228,3,1,0.3972327
12229,14,1,0.4527798
12230,16,1,0.6110372
12231,28,0,0.277184
12232,0,1,0.39109808
12233,15,1,0.7126946
12234,11,1,0.60498947
12235,8,1,0.5337001
12236,26,0,0.29171854
12237,25,0,0.36783057
12238,9,1,0.34997153
12239,19,0,0.31366602
12240,20,1,0.47208846
12241,1,0,0.34975514
12242,18,0,0.607461
12243,15,1,0.79142433
12244,1,0,0.23217282
12245,1,1,0.58944184
12246,12,0,0.2547919
12247,27,1,0.61821014
12248,1,0,0.25011018
12249,16,0,0.2511305
12250,6,0,0.46275103
12251,20,0,0.25656986
12252,3,1,0.46615338
12253,19,1,0.61637163
12254,7,0,0.67119145
12255,3,1,0.48309827
12256,2,1,0.4862224
12257,7,0,0.66329926
12258,25,0,0.26501086
12259,17,0,0.42080617
12260,9,1,0.5687873
12261,16,1,0.61623615
12262,21,1,0.78402233
12263,25,0,0.26055646
12264,9,1,0.68263
12265,15,0,0.24844196
12266,11,1,0.32775676
12267,11,1,0.501422
12268,23,0,0.45499375
12269,13,0,0.4665586
12270,1,1,0.5724025
12271,13,0,0.35776314
12272,11,0,0.3009933
12273,8,1,0.7552761
12274,3,1,0.38179246
12275,11,0,0.32143247
12276,7,1,0.4230159
12277,8,0,0.35304597
12278,16,0,0.28745407
12279,11,1,0.2933074
12280,27,0,0.48561975
12281,12,0,0.34387144
12282,24,0,0.22382581
12283,1,0,0.36491916
12284,6,1,0.5065265
12285,2,1,0.43796375
12286,24,1,0.72647184
12287,26,0,0.33697245
12288,14,0,0.5605147
12289,3,1,0.5929256
12290,13,1,0.64568216
12291,8,0,0.415162
12292,16,0,0.5422336
12293,28,1,0.75611615
12294,11,0,0.678207
12295,4,0,0.72517586
12296,13,1,0.55847186
12297,3,1,0.8320809
12298,6,0,0.30218607
12299,10,0,0.5753268
12300,20,0,0.4376215
12301,27,0,0.23484688
12302,28,0,0.43015528
12303,19,0,0.5879298
12304,28,1,0.32006997
12305,16,0,0.3383093
12306,10,1,0.50880903
12307,26,0,0.5034898
12308,16,1,0.41414797
12309,3,0,0.58915854
12310,12,1,0.64888346
12311,20,0,0.28041986
12312,9,0,0.62728125
12313,26,1,0.5926066
12314,9,1,0.40643972
12315,16,1,0.5060991
12316,13,0,0.33402961
12317,22,0,0.30527392
12318,10,0,0.7101682
12319,16,1,0.76117855
12320,8,0,0.48632374
12321,6,1,0.4343962
12322,20,0,0.32986775
12323,28,1,0.6838517
12324,2,0,0.43768147
12325,4,1,0.71540356
12326,15,1,0.40012926
12327,19,0,0.44433078
12328,19,1,0.4891514
12329,11,1,0.48808616
12330,19,0,0.6225499
12331,18,0,0.3262559
12332,17,0,0.28880554
12333,13,1,0.5510078
12334,15,1,0.52261263
12335,24,0,0.77606845
12336,11,1,0.4510689
12337,15,0,0.30985004
12338,13,0,0.2942689
12339,15,0,0.33848575
12340,2,0,0.34969243
12341,1,1,0.5787609
12342,27,0,0.29528046
12343,9,0,0.66461724
12344,11,1,0.595354
12345,13,0,0.31024393
12346,2,0,0.23308674
12347,22,0,0.4647096
12348,9,1,0.68905175
12349,14,0,0.28922525
12350,13,0,0.28436413
12351,25,0,0.34990135
12352,18,0,0.53030604
12353,10,0,0.36227927
12354,28,1,0.62432164
12355,21,1,0.30833083
12356,1,0,0.30939022
12357,10,0,0.663302
12358,11,1,0.25735995
12359,8,1,0.61859494
12360,17,1,0.6008004
12361,26,1,0.7376277
12362,5,0,0.42841715
12363,10,1,0.38166168
12364,2,1,0.77112776
12365,16,1,0.56208014
12366,2,0,0.305867
12367,9,0,0.6238978
12368,25,0,0.6694276
12369,18,0,0.7442412
12370,25,1,0.5295834
12371,2,0,0.36696145
12372,8,1,0.5760386
12373,11,0,0.27168855
12374,15,0,0.26858225
12375,10,1,0.32585612
12376,12,1,0.3088014
12377,9,0,0.59695435
12378,4,0,0.6624145
12379,16,0,0.50457907
12380,23,1,0.65974164
12381,12,0,0.4750864
12382,18,0,0.5106394
12383,23,0,0.530396
12384,11,0,0.25726584
12385,15,0,0.36340252
12386,7,1,0.6253775
12387,4,0,0.26197866
12388,17,1,0.67612076
12389,16,0,0.6631514
12390,16,1,0.5625019
12391,13,0,0.48852605
12392,7,1,0.4069126
12393,28,0,0.48794034
12394,1,0,0.33084732
12395,22,0,0.7299571
12396,17,0,0.6442285
12397,26,1,0.6890995
12398,14,1,0.5958118
12399,14,1,0.7184278
12400,14,0,0.28994605
12401,13,0,0.29615292
12402,10,0,0.660479
12403,26,1,0.4573211
12404,13,1,0.49247748
12405,20,0,0.46013978
12406,8,1,0.41825485
12407,15,0,0.53915596
12408,18,0,0.35013807
12409,14,0,0.37899265
12410,3,0,0.56255716
12411,15,1,0.55193704
12412,13,0,0.2696448
12413,4,0,0.49906394
12414,8,0,0.417975
12415,1,1,0.82764906
12416,25,1,0.6323102
12417,2,1,0.65942943
12418,27,0,0.31223762
12419,25,1,0.40028283
12420,13,1,0.78994936
12421,8,1,0.51829565
12422,2,0,0.669213
12423,15,0,0.22927392
12424,5,0,0.621482
12425,6,1,0.5785751
12426,22,1,0.51190865
12427,26,1,0.42159495
12428,23,0,0.5120607
12429,12,1,0.5661594
12430,16,0,0.47857717
12431,16,1,0.7785807
12432,1,0,0.503421
12433,10,0,0.30319813
12434,25,1,0.6795234
12435,2,1,0.7586494
12436,3,0,0.24045546
12437,0,1,0.3077106
12438,10,0,0.6486104
12439,10,0,0.37622166
12440,1,1,0.28507134
12441,5,0,0.32325396
12442,1,0,0.2629915
12443,0,1,0.710024
12444,21,0,0.34390923
12445,16,1,0.60044706
12446,26,0,0.6490277
12447,0,1,0.59732956
12448,1,1,0.6005946
12449,11,1,0.5794013
12450,8,1,0.7997518
12451,6,1,0.6605297
12452,26,1,0.70545566
12453,6,1,0.34024116
12454,13,0,0.36318165
12455,8,0,0.60499483
12456,13,1,0.7339589
12457,16,0,0.5522014
12458,16,0,0.5235781
12459,25,0,0.34229374
12460,12,0,0.34365728
12461,1,0,0.30249566
12462,22,1,0.64390373
12463,1,0,0.3477827
12464,11,1,0.75692266
12465,13,0,0.60158676
12466,8,0,0.34789833
12467,2,0,0.22880675
12468,12,0,0.6749046
12469,26,1,0.5069007
12470,2,1,0.27702698
12471,13,1,0.45263126
12472,25,0,0.58864087
12473,18,1,0.6173145
12474,9,0,0.44039634
12475,10,0,0.46716264
12476,8,1,0.6608599
12477,27,0,0.30053058
12478,20,1,0.3202297
12479,17,1,0.38312107
12480,1,0,0.28384584
12481,8,0,0.33276296
12482,18,0,0.6347923
12483,22,1,0.5606759
12484,16,1,0.7712253
12485,4,0,0.32543978
12486,9,1,0.7767039
12487,21,0,0.27448028
12488,3,1,0.48275292
12489,1,0,0.6676669
12490,13,1,0.5144781
12491,28,0,0.579636
12492,16,1,0.4314418
12493,7,1,0.8354092
12494,13,1,0.5381055
12495,1,1,0.7514472
12496,26,1,0.7195667
12497,25,0,0.2726489
12498,7,0,0.65372866
12499,13,1,0.73829234
12500,3,1,0.55271465
12501,3,1,0.5854294
12502,16,1,0.74400383
12503,27,1,0.3663143
12504,11,0,0.6220246
12505,17,0,0.5877294
12506,17,1,0.6050332
12507,27,0,0.6021451
12508,4,0,0.6422545
12509,28,0,0.6775727
12510,8,1,0.5748097
12511,17,1,0.62169516
12512,10,1,0.7561554
12513,8,1,0.6690571
12514,25,1,0.6828365
12515,13,1,0.86080354
12516,2,0,0.3061395
12517,2,0,0.251093
12518,15,1,0.7504235
12519,15,1,0.54244524
12520,20,0,0.29940483
12521,2,1,0.76830566
12522,2,0,0.31773785
12523,11,0,0.7086346
12524,28,0,0.28883317
12525,14,0,0.5183421
12526,23,1,0.6099482
12527,12,1,0.7121635
12528,21,1,0.25812045
12529,2,1,0.6806282
12530,11,1,0.6938755
12531,0,0,0.3825438
12532,3,0,0.55635655
12533,11,1,0.6840732
12534,13,0,0.2999253
12535,12,1,0.5613573
12536,10,0,0.5334738
12537,2,0,0.48593104
12538,16,0,0.30316678
12539,1,1,0.6444668
12540,8,1,0.74909264
12541,13,0,0.31446078
12542,26,0,0.36383092
12543,19,1,0.30087885
12544,4,1,0.6635676
12545,26,0,0.66550434
12546,26,0,0.46678686
12547,26,1,0.524303
12548,21,0,0.23332447
12549,28,1,0.5830751
12550,1,1,0.71420294
12551,17,1,0.85923284
12552,17,0,0.66732323
12553,14,1,0.27694753
12554,6,1,0.36618012
12555,4,1,0.7760722
12556,14,1,0.3146098
12557,16,1,0.56992525
12558,17,1,0.67652637
12559,2,0,0.49621582
12560,23,1,0.49918088
12561,19,0,0.2809949
12562,16,0,0.6424175
12563,24,1,0.6800658
12564,21,1,0.6238851
12565,16,0,0.39685807
12566,10,1,0.86895883
12567,15,0,0.5819689
12568,2,1,0.56369144
12569,19,0,0.5227212
12570,16,1,0.780863
12571,14,1,0.72767323
12572,25,1,0.77149284
12573,14,1,0.6587016
12574,27,0,0.27728674
12575,13,1,0.3394464
12576,8,0,0.4195395
12577,1,1,0.35554639
12578,15,0,0.48538882
12579,10,0,0.61465544
12580,2,1,0.43761224
12581,14,0,0.2617636
12582,15,0,0.37182644
12583,26,1,0.70549715
12584,7,1,0.3716846
12585,13,0,0.5541757
12586,1,1,0.66447
12587,27,1,0.7479504
12588,2,1,0.6970126
12589,13,1,0.7030602
12590,20,0,0.43180728
12591,8,1,0.65490294
12592,10,0,0.6671246
12593,9,1,0.607873
12594,14,1,0.83858526
12595,22,1,0.5482445
12596,13,1,0.34869707
12597,11,1,0.7604356
12598,8,1,0.30752113
12599,18,1,0.7028524
12600,13,0,0.4571597
12601,27,0,0.3140042
12602,22,1,0.70720094
12603,0,0,0.518095
12604,27,0,0.35044268
12605,8,0,0.40218183
12606,20,1,0.35109362
12607,26,1,0.4490871
12608,13,0,0.7445749
12609,8,1,0.81892025
12610,4,0,0.59851426
12611,22,1,0.5313216
12612,27,1,0.704473
12613,16,1,0.6358445
12614,26,0,0.6105853
12615,27,0,0.2572989
12616,28,0,0.23851544
12617,26,0,0.27877343
12618,9,1,0.72638494
12619,20,0,0.37441978
12620,0,1,0.6783868
12621,16,0,0.27845883
12622,15,0,0.32522637
12623,4,1,0.69182134
12624,15,0,0.53984934
12625,10,0,0.2885863
12626,16,0,0.6445161
12627,14,0,0.41826978
12628,17,0,0.5856627
12629,18,1,0.44999322
12630,16,0,0.29418725
12631,25,1,0.45325324
12632,26,1,0.4418142
12633,14,1,0.69522464
12634,27,0,0.64120036
12635,1,0,0.66320795
12636,23,1,0.53698486
12637,18,0,0.5687221
12638,13,0,0.24808632
12639,6,0,0.25248432
12640,26,1,0.4588297
12641,25,1,0.34353554
12642,3,1,0.7006066
12643,2,0,0.2505474
12644,14,0,0.30732954
12645,4,1,0.4475782
12646,25,0,0.54975325
12647,15,1,0.45360452
12648,11,1,0.7711314
12649,11,1,0.47674638
12650,10,0,0.40575206
12651,2,0,0.22561283
12652,24,0,0.3432584
12653,21,1,0.4745186
12654,16,1,0.36483625
12655,20,1,0.5304781
12656,10,1,0.69076025
12657,28,1,0.8468574
12658,25,1,0.36182266
12659,20,1,0.67547894
12660,16,1,0.63356256
12661,6,0,0.35914555
12662,7,0,0.27898183
12663,15,1,0.30706102
12664,11,1,0.63801825
12665,12,1,0.4569307
12666,10,0,0.2934125
12667,0,1,0.49634403
12668,1,1,0.45406896
12669,13,1,0.46048948
12670,3,1,0.48975798
12671,13,1,0.5949591
12672,27,1,0.46319807
12673,11,0,0.7325446
12674,4,1,0.41349578
12675,10,0,0.5042937
12676,20,1,0.8304661
12677,21,0,0.6374344
12678,4,1,0.40163383
12679,6,1,0.6233219
12680,10,0,0.23875323
12681,3,0,0.6631969
12682,10,1,0.4779401
12683,26,0,0.5762817
12684,27,1,0.6660569
12685,16,0,0.44204453
12686,19,1,0.5690186
12687,1,0,0.52022
12688,10,1,0.8109546
12689,10,1,0.6743562
12690,16,1,0.43729085
12691,16,0,0.38556573
12692,2,0,0.6702273
12693,19,0,0.36254197
12694,20,0,0.29946724
12695,0,0,0.30595186
12696,3,1,0.5785568
12697,8,0,0.34115142
12698,7,1,0.34619677
12699,14,1,0.65927595
12700,19,0,0.79235756
12701,15,0,0.6483263
12702,11,0,0.28935584
12703,13,1,0.2659701
12704,13,1,0.37593555
12705,2,0,0.4044434
12706,14,1,0.6568607
12707,25,1,0.68933934
12708,21,0,0.2943864
12709,18,1,0.41014376
12710,12,1,0.38470203
12711,16,0,0.50106275
12712,2,0,0.23960797
12713,3,0,0.566422
12714,27,1,0.76671237
12715,25,1,0.6842715
12716,14,0,0.30644342
12717,25,1,0.5858587
12718,14,1,0.42780527
12719,12,1,0.36643034
12720,26,1,0.7232909
12721,26,1,0.7567681
12722,0,0,0.2764208
12723,18,0,0.5210454
12724,11,1,0.7278082
12725,2,0,0.30359927
12726,10,0,0.6727792
12727,2,1,0.6785708
12728,17,1,0.3781897
12729,12,1,0.5747451
12730,16,0,0.40221018
12731,20,0,0.2569479
12732,10,1,0.324527
12733,13,1,0.7073232
12734,26,0,0.4710369
12735,17,1,0.39116848
12736,12,1,0.45054895
12737,27,0,0.30587822
12738,2,0,0.51934576
12739,21,0,0.5677778
12740,22,1,0.3172859
12741,16,0,0.37226394
12742,0,1,0.6707563
12743,4,1,0.33130708
12744,25,0,0.69591504
12745,26,0,0.51437616
12746,10,0,0.5629998
12747,27,0,0.35682216
12748,3,1,0.29788366
12749,6,1,0.5031883
12750,9,1,0.6600562
12751,13,0,0.22049002
12752,8,1,0.5499013
12753,13,1,0.38997188
12754,8,0,0.32670945
12755,16,1,0.6695484
12756,16,0,0.3499555
12757,16,1,0.5934053
12758,25,0,0.53262746
12759,10,1,0.77996194
12760,6,1,0.57661504
12761,17,0,0.4475771
12762,8,0,0.6348971
12763,12,0,0.2840237
12764,5,0,0.2603719
12765,12,0,0.48903096
12766,8,1,0.75391793
12767,17,1,0.7671153
12768,4,0,0.38084847
12769,16,0,0.27816528
12770,12,0,0.70132977
12771,13,0,0.38944298
12772,16,0,0.3672101
12773,12,0,0.33957496
12774,21,0,0.38365468
12775,16,0,0.41247508
12776,6,1,0.73817617
12777,19,0,0.63289654
12778,6,1,0.47578093
12779,1,0,0.62661153
12780,7,0,0.5490549
12781,25,0,0.22410685
12782,26,1,0.4114723
12783,10,1,0.49370548
12784,5,1,0.24150473
12785,10,1,0.3478568
12786,15,1,0.50900394
12787,11,1,0.8087902
12788,27,1,0.75848055
12789,19,0,0.645974
12790,26,1,0.47571996
12791,15,0,0.49145362
12792,10,0,0.58251846
12793,10,1,0.36262193
12794,15,1,0.7459843
12795,3,0,0.35485268
12796,20,0,0.43435276
12797,10,0,0.6705804
12798,20,1,0.36788327
12799,6,0,0.3622778
12800,3,0,0.24155633
12801,2,0,0.34661636
12802,3,1,0.3391269
12803,18,0,0.40225
12804,15,1,0.7609685
12805,13,1,0.6300284
12806,5,0,0.34769714
12807,15,0,0.28693533
12808,7,0,0.34287453
12809,12,1,0.6511986
12810,22,0,0.31424043
12811,25,1,0.58812815
12812,26,1,0.40972108
12813,16,1,0.43097323
12814,10,1,0.57485324
12815,23,1,0.65010977
12816,8,0,0.3014655
12817,13,1,0.6491092
12818,8,0,0.3354529
12819,26,0,0.27726737
12820,5,1,0.86629343
12821,2,1,0.7342229
12822,12,0,0.33189857
12823,7,0,0.291033
12824,0,1,0.38590983
12825,12,0,0.29146728
12826,12,1,0.6217411
12827,17,1,0.4963761
12828,18,0,0.29261765
12829,10,0,0.2530416
12830,13,0,0.5570054
12831,16,0,0.36792025
12832,12,0,0.44450197
12833,4,0,0.40918818
12834,8,1,0.78247476
12835,26,1,0.56420624
12836,18,0,0.30396384
12837,13,0,0.47452536
12838,12,1,0.693981
12839,15,1,0.8393225
12840,13,1,0.6501887
12841,2,1,0.76259047
12842,26,1,0.60828173
12843,1,0,0.55661386
12844,11,1,0.47281075
12845,19,0,0.45305556
12846,15,0,0.2703877
12847,16,0,0.36873043
12848,12,1,0.5090007
12849,28,0,0.43436593
12850,11,0,0.48656064
12851,21,0,0.32307747
12852,20,1,0.30841747
12853,21,0,0.36737055
12854,15,1,0.679364
12855,20,0,0.3403707
12856,27,1,0.39094093
12857,15,1,0.66122276
12858,10,0,0.39832303
12859,11,1,0.67789567
12860,17,0,0.4884784
12861,8,0,0.42733994
12862,26,1,0.47276667
12863,18,0,0.65115464
12864,2,0,0.38875923
12865,23,1,0.30591926
12866,13,0,0.55322146
12867,28,0,0.43452278
12868,22,1,0.443829
12869,12,0,0.34052452
12870,13,0,0.29449484
12871,11,1,0.4603163
12872,13,1,0.4137186
12873,28,1,0.6999016
12874,14,0,0.40559924
12875,12,0,0.52334857
12876,0,1,0.6383617
12877,25,0,0.63570094
12878,1,1,0.7692157
12879,6,0,0.61788255
12880,20,0,0.30742967
12881,10,1,0.68140256
12882,22,1,0.33085418
12883,22,1,0.33564696
12884,12,0,0.33886418
12885,11,1,0.50188226
12886,2,1,0.2758233
12887,11,1,0.7432188
12888,11,1,0.72244203
12889,11,0,0.2794062
12890,12,1,0.34821108
12891,21,0,0.6064286
12892,1,1,0.51260716
12893,13,1,0.43862435
12894,3,1,0.7390151
12895,16,1,0.5700978
12896,16,1,0.47665128
12897,8,0,0.40087333
12898,15,0,0.31269124
12899,10,1,0.3450193
12900,11,1,0.4115058
12901,12,1,0.7652894
12902,13,0,0.5799879
12903,1,1,0.5629174
12904,25,1,0.6705935
12905,3,1,0.663077
12906,20,1,0.7205933
12907,8,0,0.29020822
12908,5,0,0.31101608
12909,22,1,0.28823358
12910,20,1,0.695586
12911,16,1,0.44476247
12912,28,0,0.6562752
12913,25,1,0.57210666
12914,16,0,0.22761305
12915,27,1,0.57214814
12916,3,0,0.24614021
12917,10,1,0.36167422
12918,10,0,0.59508204
12919,23,1,0.5898318
12920,4,0,0.6575411
12921,3,0,0.21860772
12922,2,0,0.31407744
12923,8,0,0.4911818
12924,9,1,0.6734245
12925,20,1,0.641589
12926,26,1,0.5392444
12927,27,1,0.42763805
12928,8,0,0.34305903
12929,8,0,0.5069068
12930,6,1,0.78695303
12931,21,1,0.68956774
12932,8,0,0.36111283
12933,21,0,0.21829644
12934,19,1,0.7515552
12935,26,0,0.66206914
12936,3,0,0.5525026
12937,6,0,0.56288266
12938,10,0,0.37416512
12939,13,0,0.37037104
12940,20,1,0.3150754
12941,9,0,0.7816185
12942,16,0,0.4443353
12943,27,0,0.64890695
12944,14,1,0.701062
12945,18,1,0.6267773
12946,7,1,0.630633
12947,26,0,0.6734821
12948,6,1,0.5807517
12949,1,1,0.34561285
12950,11,0,0.25704396
12951,1,1,0.6506228
12952,22,1,0.2750694
12953,26,1,0.52317685
12954,16,1,0.3073339
12955,18,0,0.44645408
12956,0,1,0.60241735
12957,13,1,0.6646993
12958,10,1,0.58884543
12959,18,1,0.5799249
12960,14,1,0.68639517
12961,2,0,0.30095002
12962,10,1,0.36771032
12963,26,1,0.7591253
12964,11,0,0.62673676
12965,26,1,0.8231847
12966,18,0,0.33992884
12967,2,1,0.7554311
12968,6,1,0.49136162
12969,8,1,0.31030563
12970,15,0,0.5993505
12971,13,1,0.7505782
12972,28,1,0.35444203
12973,11,1,0.70946455
12974,15,1,0.3039269
12975,17,1,0.6524635
12976,26,0,0.37433073
12977,2,1,0.81624764
12978,5,0,0.4120024
12979,16,1,0.556608
12980,11,1,0.42116526
12981,7,0,0.5950929
12982,8,1,0.34139684
12983,12,0,0.6074291
12984,1,1,0.51176727
12985,1,1,0.6436765
12986,20,0,0.25762904
12987,15,0,0.47394335
12988,5,0,0.32287434
12989,9,0,0.4177911
12990,11,1,0.27507052
12991,14,1,0.21588223
12992,15,0,0.4445971
12993,3,1,0.7067577
12994,14,0,0.25992075
12995,25,0,0.67050356
12996,10,0,0.36279437
12997,12,0,0.35085595
12998,13,0,0.33975357
12999,20,0,0.38158485
13000,28,0,0.49831685
13001,12,1,0.3201485
13002,27,1,0.7244708
13003,20,1,0.6219293
13004,2,0,0.38154706
13005,16,1,0.5827106
13006,27,0,0.6193675
13007,8,1,0.26471347
13008,11,1,0.4819792
13009,16,0,0.271835
13010,25,1,0.31848633
13011,28,0,0.2542044
13012,13,0,0.449862
13013,26,1,0.511844
13014,22,1,0.86372066
13015,2,1,0.7562011
13016,13,0,0.5210394
13017,8,1,0.71838456
13018,15,0,0.6770967
13019,21,0,0.25824666
13020,27,1,0.5078335
13021,21,1,0.74592537
13022,22,1,0.2629618
13023,15,0,0.49187595
13024,20,0,0.31860444
13025,20,0,0.45554966
13026,16,1,0.3861123
13027,2,1,0.6894308
13028,7,0,0.7315952
13029,8,1,0.50433767
13030,17,1,0.5845206
13031,8,1,0.3128089
13032,21,0,0.23860034
13033,23,1,0.62948996
13034,12,1,0.41927168
13035,27,1,0.56764996
13036,16,1,0.348385
13037,2,0,0.28647706
13038,28,1,0.75665104
13039,3,0,0.55723846
13040,4,1,0.6285548
13041,2,0,0.24239561
13042,4,0,0.63691264
13043,16,1,0.39947546
13044,17,0,0.39347047
13045,17,1,0.47159186
13046,10,1,0.53372335
13047,2,1,0.3989761
13048,13,0,0.23425187
13049,25,1,0.57284564
13050,9,1,0.30612904
13051,19,1,0.56574863
13052,5,0,0.75229996
13053,1,0,0.5844114
13054,8,0,0.3085229
13055,25,1,0.6396894
13056,24,0,0.3499948
13057,10,0,0.56193197
13058,14,1,0.4615767
13059,1,0,0.6908472
13060,14,1,0.3727241
13061,27,1,0.7419706
13062,2,1,0.64663833
13063,12,1,0.57209516
13064,1,0,0.40247
13065,26,1,0.71595114
13066,1,0,0.54946005
13067,1,1,0.52980053
13068,2,0,0.26044846
13069,18,1,0.32201514
13070,18,0,0.38632238
13071,6,0,0.42291364
13072,15,1,0.5965248
13073,13,0,0.33640313
13074,17,1,0.6530592
13075,15,1,0.696254
13076,25,1,0.3378798
13077,18,1,0.6693706
13078,25,1,0.6796009
13079,13,1,0.6484476
13080,8,1,0.6179486
13081,16,1,0.6602828
13082,1,1,0.66180056
13083,27,1,0.75646347
13084,12,1,0.35565117
13085,1,1,0.5568168
13086,15,0,0.40936017
13087,7,0,0.44769806
13088,10,0,0.58966804
13089,25,0,0.41107738
13090,25,1,0.42372692
13091,8,0,0.51855874
13092,4,0,0.3163768
13093,13,1,0.6368005
13094,22,1,0.73761755
13095,13,1,0.5768446
13096,9,1,0.7926725
13097,16,1,0.7300008
13098,25,0,0.45227715
13099,20,0,0.4807405
13100,7,1,0.82479596
13101,8,0,0.5643878
13102,8,1,0.4927597
13103,10,1,0.7978333
13104,1,0,0.4612316
13105,13,1,0.5733849
13106,16,0,0.7624937
13107,18,0,0.34341455
13108,12,0,0.6785424
13109,20,0,0.5455821
13110,9,1,0.5873836
13111,28,0,0.21583107
13112,18,0,0.3079416
13113,20,1,0.49400616
13114,12,1,0.6561547
13115,6,0,0.40312496
13116,10,1,0.54303396
13117,26,1,0.4985551
13118,21,1,0.6895796
13119,20,1,0.35909215
13120,19,0,0.4951788
13121,13,1,0.45520774
13122,20,1,0.29816544
13123,11,0,0.41566506
13124,26,1,0.40429842
13125,14,0,0.44411662
13126,27,1,0.73807985
13127,24,0,0.38627538
13128,26,1,0.4590955
13129,27,1,0.62246716
13130,16,0,0.38231593
13131,25,0,0.3269448
13132,28,0,0.5432497
13133,18,0,0.36323485
13134,21,0,0.4789851
13135,14,0,0.51269436
13136,6,0,0.5135231
13137,25,0,0.23945302
13138,19,0,0.3913322
13139,11,1,0.3594783
13140,10,0,0.27100536
13141,1,0,0.6123134
13142,4,0,0.61946034
13143,10,1,0.6568993
13144,25,1,0.6007489
13145,2,1,0.5841266
13146,3,1,0.32414082
13147,16,1,0.56355524
13148,22,0,0.60216916
13149,25,1,0.54854363
13150,8,1,0.57967365
13151,15,1,0.69627625
13152,28,0,0.5902302
13153,26,1,0.7360835
13154,13,0,0.53887665
13155,12,1,0.67339694
13156,15,1,0.38803646
13157,28,1,0.68316025
13158,12,1,0.71028054
13159,11,1,0.60292673
13160,7,1,0.4337994
13161,2,0,0.7147677
13162,16,1,0.37848926
13163,25,1,0.52030647
13164,10,0,0.56829965
13165,15,1,0.31852892
13166,9,1,0.6066905
13167,13,0,0.4787615
13168,14,1,0.38192597
13169,8,0,0.77754694
13170,22,1,0.38608557
13171,23,1,0.4012579
13172,23,1,0.48837104
13173,21,1,0.5658319
13174,7,0,0.25842342
13175,28,0,0.6336335
13176,11,1,0.5456493
13177,18,1,0.67104185
13178,28,0,0.6867071
13179,13,1,0.21765152
13180,16,0,0.36525598
13181,8,0,0.29119533
13182,1,1,0.7547949
13183,13,0,0.7528098
13184,10,1,0.558489
13185,12,0,0.3347445
13186,13,1,0.58522034
13187,28,0,0.3461919
13188,20,0,0.435717
13189,24,1,0.8113952
13190,6,0,0.49543288
13191,18,0,0.29386035
13192,13,1,0.5969836
13193,25,1,0.6604382
13194,1,0,0.64910704
13195,8,1,0.6534262
13196,11,1,0.78210795
13197,1,0,0.4751416
13198,12,0,0.24314192
13199,9,1,0.76343745
13200,17,0,0.5001883
13201,26,1,0.46473676
13202,12,1,0.5112588
13203,26,1,0.51095885
13204,20,0,0.39033833
13205,12,1,0.33001328
13206,7,1,0.46467346
13207,26,1,0.3154905
13208,10,0,0.4569246
13209,13,0,0.5783828
13210,2,1,0.8300276
13211,11,0,0.41175473
13212,23,1,0.6472696
13213,10,0,0.6213973
13214,8,1,0.7969781
13215,15,0,0.3630342
13216,16,1,0.6114801
13217,8,0,0.64697254
13218,26,0,0.45317885
13219,10,1,0.63200796
13220,9,0,0.39858365
13221,26,1,0.5141784
13222,26,1,0.66901094
13223,13,0,0.36620742
13224,16,0,0.24759322
13225,13,0,0.39089975
13226,11,0,0.78279644
13227,13,1,0.55807734
13228,14,1,0.7487473
13229,2,1,0.41530427
13230,25,1,0.41742846
13231,1,0,0.39072922
13232,6,0,0.47097585
13233,28,1,0.29445738
13234,19,0,0.36360785
13235,10,0,0.3435273
13236,26,0,0.38105285
13237,28,0,0.54244095
13238,14,0,0.5838482
13239,9,0,0.7337064
13240,11,1,0.58641416
13241,8,0,0.321647
13242,17,1,0.52736515
13243,11,0,0.64803576
13244,4,1,0.30854195
13245,11,1,0.34782186
13246,8,1,0.7696545
13247,5,1,0.6498766
13248,16,1,0.4390653
13249,20,0,0.58540803
13250,21,0,0.63778096
13251,26,0,0.34544772
13252,1,1,0.50580114
13253,13,0,0.2213076
13254,8,0,0.5993543
13255,25,0,0.65138805
13256,17,1,0.44520935
13257,9,1,0.38560703
13258,20,0,0.46349752
13259,17,1,0.85061604
13260,4,1,0.6391732
13261,15,1,0.4253664
13262,2,0,0.30904943
13263,1,0,0.70611775
13264,6,0,0.3702174
13265,19,1,0.57934403
13266,16,1,0.6237987
13267,28,1,0.60022765
13268,17,0,0.26019424
13269,3,0,0.60883856
13270,15,1,0.48861462
13271,7,1,0.3347091
13272,12,1,0.29677913
13273,21,0,0.42521277
13274,15,0,0.2905536
13275,12,1,0.6138759
13276,19,1,0.4806033
13277,11,1,0.7796459
13278,1,0,0.31457388
13279,26,0,0.31098562
13280,8,0,0.3419919
13281,25,0,0.3096642
13282,25,0,0.30538884
13283,27,0,0.51283777
13284,7,1,0.635758
13285,26,1,0.74690795
13286,13,0,0.29610744
13287,7,1,0.63323885
13288,11,1,0.61921865
13289,9,1,0.67825234
13290,27,0,0.23220094
13291,25,0,0.6294887
13292,16,0,0.7161837
13293,2,1,0.46692124
13294,6,0,0.5731161
13295,1,1,0.5260698
13296,6,0,0.3981129
13297,0,1,0.7970418
13298,18,1,0.8227896
13299,13,0,0.24875908
13300,8,0,0.32557097
13301,3,1,0.39626333
13302,18,1,0.43473426
13303,27,1,0.3918788
13304,26,1,0.49841255
13305,6,1,0.2892703
13306,16,1,0.68485445
13307,24,1,0.7173029
13308,26,1,0.7501159
13309,4,0,0.4728278
13310,17,1,0.64510804
13311,26,0,0.6924132
13312,7,1,0.60517085
13313,7,1,0.6292885
13314,18,0,0.7416916
13315,15,0,0.29018173
13316,2,0,0.4542555
13317,6,1,0.39205423
13318,2,1,0.6077135
13319,17,0,0.5454325
13320,13,1,0.7425866
13321,7,0,0.31801155
13322,26,0,0.43178862
13323,25,0,0.20157263
13324,25,1,0.5604675
13325,1,0,0.550662
13326,27,0,0.43960378
13327,26,0,0.6558796
13328,2,0,0.32911474
13329,21,0,0.29272917
13330,16,0,0.3885911
13331,28,1,0.58010846
13332,8,1,0.4116431
13333,11,0,0.35531405
13334,19,1,0.4205989
13335,14,1,0.7167747
13336,4,1,0.5141072
13337,7,1,0.7845952
13338,13,0,0.2953707
13339,1,1,0.7383985
13340,28,0,0.58433986
13341,5,1,0.716712
13342,21,0,0.5547727
13343,3,0,0.43588823
13344,14,0,0.6064731
13345,21,1,0.68080795
13346,12,1,0.6484204
13347,21,0,0.6039025
13348,1,0,0.31667006
13349,26,1,0.5664329
13350,25,0,0.65792745
13351,16,1,0.5187446
13352,19,1,0.7485432
13353,2,0,0.78787595
13354,11,1,0.45604342
13355,16,1,0.5828525
13356,2,1,0.27747592
13357,1,0,0.32915738
13358,2,0,0.42101052
13359,27,1,0.82815534
13360,13,0,0.23229733
13361,27,0,0.38450363
13362,19,0,0.7784036
13363,18,1,0.32030803
13364,24,1,0.36328495
13365,25,0,0.63253605
13366,2,0,0.7114364
13367,12,0,0.33547106
13368,9,0,0.3478749
13369,3,0,0.67944396
13370,5,1,0.76713127
13371,20,0,0.32565647
13372,16,1,0.30954432
13373,9,1,0.7418088
13374,25,0,0.6143832
13375,6,0,0.5873072
13376,20,0,0.56396806
13377,5,0,0.49977276
13378,20,1,0.6396102
13379,8,1,0.6679151
13380,26,0,0.36610207
13381,26,0,0.38493907
13382,13,0,0.3187125
13383,8,1,0.30504426
13384,11,0,0.73869276
13385,17,1,0.29137865
13386,25,1,0.70718724
13387,21,1,0.29824707
13388,21,0,0.33630723
13389,19,1,0.26522416
13390,9,0,0.2959092
13391,0,1,0.34787527
13392,0,1,0.675686
13393,11,1,0.52109355
13394,13,0,0.52794766
13395,27,0,0.5173475
13396,1,0,0.48401895
13397,15,1,0.293651
13398,26,0,0.34825513
13399,6,1,0.2921498
13400,10,0,0.48011556
13401,26,0,0.26086003
13402,13,0,0.6734141
13403,1,0,0.36861596
13404,8,0,0.61241084
13405,18,1,0.55097073
13406,12,0,0.54622275
13407,1,1,0.6741269
13408,21,1,0.7640293
13409,26,1,0.35801494
13410,28,0,0.6834583
13411,17,1,0.56305397
13412,17,1,0.49384388
13413,27,0,0.5708429
13414,22,0,0.44878295
13415,13,1,0.64545774
13416,15,1,0.35104403
13417,16,1,0.40663278
13418,10,0,0.29875147
13419,27,1,0.5373736
13420,11,0,0.5813372
13421,18,0,0.46325636
13422,16,1,0.31056246
13423,12,0,0.47017962
13424,16,0,0.5454112
13425,28,0,0.29069448
13426,26,1,0.4211479
13427,7,1,0.3818132
13428,13,0,0.50631434
13429,15,1,0.56687343
13430,4,1,0.5844552
13431,1,0,0.33071363
13432,23,1,0.3702491
13433,27,1,0.36837134
13434,3,1,0.66739637
13435,11,1,0.7609144
13436,28,0,0.69152313
13437,20,0,0.58042973
13438,16,0,0.70479065
13439,13,0,0.31040868
13440,2,0,0.6472236
13441,8,0,0.38933438
13442,0,0,0.39830506
13443,16,0,0.46798098
13444,15,1,0.64313954
13445,21,1,0.45989025
13446,22,1,0.6315594
13447,25,0,0.24766226
13448,16,0,0.2799792
13449,11,0,0.3217538
13450,21,0,0.33382234
13451,13,1,0.46214864
13452,14,1,0.5200137
13453,16,1,0.47859925
13454,12,1,0.46909782
13455,12,0,0.34502226
13456,14,0,0.3335466
13457,27,0,0.42267373
13458,15,0,0.5403553
13459,16,1,0.6808187
13460,11,0,0.23948517
13461,5,0,0.29321384
13462,2,0,0.473643
13463,20,1,0.63527364
13464,10,0,0.4234619
13465,14,1,0.8010053
13466,2,1,0.39362317
13467,2,1,0.51941144
13468,18,0,0.38691315
13469,24,0,0.4531503
13470,16,0,0.6881592
13471,23,0,0.520818
13472,10,0,0.31933278
13473,11,1,0.58587134
13474,19,0,0.47951332
13475,6,0,0.37209567
13476,22,1,0.60014987
13477,20,0,0.3642573
13478,21,1,0.6108296
13479,6,0,0.41017348
13480,2,0,0.35934538
13481,17,0,0.47876805
13482,15,1,0.64124256
13483,17,1,0.65958595
13484,11,1,0.60709476
13485,25,0,0.41329056
13486,24,1,0.6378414
13487,19,1,0.6105124
13488,13,1,0.3106295
13489,27,1,0.48642018
13490,2,1,0.6743594
13491,3,0,0.36984488
13492,8,0,0.3268754
13493,9,1,0.67045957
13494,28,0,0.41309476
13495,6,1,0.56802
13496,21,1,0.553248
13497,25,0,0.4534497
13498,21,0,0.42744544
13499,14,0,0.5416047
13500,27,0,0.4963833
13501,12,1,0.41799083
13502,6,1,0.40910015
13503,13,0,0.69116366
13504,6,1,0.6806517
13505,17,1,0.47382408
13506,11,1,0.3843363
13507,14,0,0.3725839
13508,25,1,0.52523017
13509,7,0,0.43036944
13510,15,1,0.72605383
13511,10,1,0.5838448
13512,20,1,0.50458086
13513,22,1,0.41112062
13514,25,1,0.54521114
13515,13,1,0.6907659
13516,23,0,0.2317694
13517,14,0,0.60647637
13518,25,0,0.69682276
13519,25,0,0.7396158
13520,20,1,0.3013875
13521,13,1,0.7054026
13522,10,0,0.54704666
13523,24,1,0.2437
13524,17,1,0.5680082
13525,6,1,0.27848047
13526,12,0,0.44904757
13527,0,1,0.47314253
13528,18,0,0.6178871
13529,11,0,0.45453003
13530,15,1,0.56648433
13531,27,0,0.44838014
13532,5,0,0.44088918
13533,13,1,0.65849864
13534,13,1,0.30420524
13535,11,1,0.5548879
13536,8,0,0.34319112
13537,21,0,0.48915607
13538,18,1,0.317866
13539,25,1,0.69034076
13540,22,1,0.4982486
13541,5,0,0.3029504
13542,13,0,0.56351143
13543,16,0,0.31526887
13544,12,0,0.31240934
13545,13,0,0.6627227
13546,27,1,0.6549079
13547,11,0,0.27146533
13548,27,0,0.53295344
13549,1,1,0.6816568
13550,6,1,0.52143204
13551,0,1,0.41670787
13552,19,1,0.42780617
13553,8,1,0.49055138
13554,2,1,0.7810177
13555,15,0,0.56562847
13556,26,0,0.25223008
13557,26,1,0.64542073
13558,17,1,0.7164434
13559,2,0,0.5779147
13560,2,0,0.3176352
13561,3,1,0.74118304
13562,26,0,0.32706738
13563,3,1,0.5777446
13564,28,1,0.5550914
13565,0,1,0.382889
13566,13,0,0.36847016
13567,15,0,0.4777226
13568,8,1,0.48634788
13569,25,0,0.49458227
13570,25,0,0.45751265
13571,20,1,0.65428
13572,21,1,0.38314426
13573,14,0,0.74235153
13574,2,1,0.46496755
13575,19,0,0.41282678
13576,27,0,0.45280367
13577,6,0,0.6017889
13578,19,0,0.5081969
13579,3,1,0.7291287
13580,18,0,0.55619377
13581,11,0,0.63883317
13582,1,1,0.43552062
13583,20,1,0.73039746
13584,6,0,0.36695063
13585,17,1,0.5769553
13586,26,0,0.50183415
13587,4,1,0.664019
13588,16,0,0.43074948
13589,21,1,0.57427007
13590,13,1,0.5412283
13591,25,0,0.35942215
13592,27,0,0.37341803
13593,16,0,0.3821943
13594,15,1,0.6509115
13595,10,1,0.5395247
13596,7,1,0.38874376
13597,25,1,0.6863235
13598,4,0,0.6920143
13599,18,1,0.8475676
13600,15,0,0.568208
13601,11,0,0.39198816
13602,19,0,0.30741388
13603,16,1,0.65193415
13604,16,0,0.29299065
13605,15,0,0.585576
13606,25,1,0.54372567
13607,15,1,0.54894346
13608,12,1,0.86472374
13609,2,0,0.30110574
13610,10,0,0.5211693
13611,12,0,0.6059513
13612,8,1,0.49045232
13613,5,0,0.3349178
13614,14,1,0.536704
13615,26,0,0.29997775
13616,2,0,0.47094512
13617,23,1,0.33169004
13618,16,1,0.6446969
13619,19,0,0.440222
13620,27,0,0.6295964
13621,26,0,0.45904958
13622,2,1,0.7199143
13623,20,0,0.5854953
13624,8,0,0.35469288
13625,17,0,0.2980862
13626,24,1,0.6675495
13627,18,1,0.342755
13628,17,0,0.25532058
13629,6,0,0.3611907
13630,18,0,0.62915677
13631,23,1,0.39262432
13632,13,1,0.5568956
13633,25,1,0.40112936
13634,13,0,0.3918208
13635,25,1,0.57190204
13636,15,0,0.33022675
13637,26,1,0.7180513
13638,19,1,0.70181394
13639,11,1,0.29311666
13640,6,0,0.3433957
13641,14,1,0.55296856
13642,11,0,0.56262594
13643,25,0,0.25748688
13644,1,0,0.23176612
13645,6,0,0.33145487
13646,2,1,0.6501312
13647,15,0,0.27181405
13648,15,0,0.5090463
13649,8,0,0.39640272
13650,5,1,0.33669806
13651,13,1,0.6220243
13652,2,0,0.62528944
13653,2,1,0.40357265
13654,17,1,0.7108323
13655,26,1,0.72637
13656,17,0,0.55073094
13657,4,1,0.7306928
13658,1,0,0.50489175
13659,3,0,0.5606628
13660,16,1,0.7056238
13661,6,1,0.4512957
13662,15,0,0.52480686
13663,11,1,0.3617208
13664,11,0,0.55709416
13665,26,1,0.50773597
13666,16,0,0.22562206
13667,13,0,0.506165
13668,14,0,0.6635002
13669,15,0,0.34850988
13670,6,0,0.6787658
13671,10,0,0.39724198
13672,0,1,0.73097384
13673,1,0,0.50775605
13674,25,1,0.32992637
13675,25,1,0.6716891
13676,18,1,0.63518107
13677,2,1,0.39015752
13678,11,0,0.3436967
13679,13,0,0.5484865
13680,6,1,0.35415027
13681,7,0,0.41536272
13682,16,0,0.53986853
13683,12,1,0.52398735
13684,13,0,0.36865672
13685,23,1,0.632538
13686,6,0,0.35427007
13687,8,1,0.44249958
13688,10,0,0.6353932
13689,22,1,0.4056692
13690,7,1,0.59212154
13691,24,1,0.6245198
13692,27,1,0.4246501
13693,2,0,0.4452107
13694,6,1,0.5890048
13695,1,0,0.30044672
13696,9,1,0.7569668
13697,13,0,0.7021854
13698,18,0,0.7058913
13699,8,0,0.56003153
13700,1,0,0.3952805
13701,16,0,0.4045628
13702,8,0,0.24901529
13703,2,1,0.65894085
13704,12,1,0.47668526
13705,24,0,0.6435905
13706,28,0,0.38509375
13707,5,0,0.39961544
13708,19,0,0.29067105
13709,1,1,0.7234922
13710,6,1,0.48546162
13711,25,0,0.24179016
13712,0,1,0.64548576
13713,21,0,0.49716827
13714,2,1,0.35895872
13715,6,0,0.43741134
13716,14,1,0.7122785
13717,14,0,0.31045744
13718,23,0,0.4843721
13719,26,0,0.4282788
13720,15,1,0.6218094
13721,13,0,0.3866914
13722,2,0,0.35939053
13723,16,0,0.26358354
13724,7,0,0.52122223
13725,3,1,0.38585368
13726,0,1,0.57659364
13727,20,1,0.60880274
13728,3,0,0.7444755
13729,4,1,0.4025301
13730,5,1,0.8703348
13731,28,0,0.65692645
13732,4,0,0.55251986
13733,6,1,0.8640809
13734,28,1,0.7328852
13735,1,0,0.46876207
13736,3,1,0.5861812
13737,27,0,0.49084374
13738,2,1,0.5725565
13739,2,0,0.4080391
13740,9,0,0.34742773
13741,25,1,0.632603
13742,10,0,0.37680197
13743,2,1,0.39390445
13744,1,0,0.3665637
13745,18,0,0.65276325
13746,15,0,0.40244228
13747,25,1,0.38353848
13748,1,1,0.5717149
13749,0,1,0.7794062
13750,11,1,0.6082598
13751,4,1,0.6775134
13752,12,0,0.5901287
13753,16,1,0.54096186
13754,13,0,0.33685508
13755,2,1,0.39432478
13756,6,1,0.35325202
13757,25,0,0.63734
13758,9,0,0.66431576
13759,17,1,0.55243874
13760,12,0,0.42987287
13761,13,0,0.33166853
13762,1,1,0.548688
13763,6,0,0.7002071
13764,3,1,0.8347737
13765,10,0,0.31282106
13766,22,1,0.658986
13767,6,0,0.26719984
13768,19,0,0.46149686
13769,20,0,0.48154444
13770,17,0,0.3999074
13771,26,1,0.6903036
13772,17,1,0.313812
13773,22,0,0.64468396
13774,15,0,0.43014857
13775,19,1,0.6724152
13776,16,1,0.726395
13777,21,0,0.38219565
13778,0,0,0.3966979
13779,3,1,0.60597
13780,1,1,0.7864309
13781,5,1,0.69331294
13782,26,1,0.78057617
13783,9,1,0.64277095
13784,21,1,0.584033
13785,1,1,0.51600826
13786,18,0,0.54010266
13787,9,1,0.36469102
13788,26,1,0.5378111
13789,11,0,0.6468401
13790,11,1,0.34857666
13791,11,1,0.30340356
13792,12,1,0.84562707
13793,28,0,0.58948785
13794,16,0,0.5429006
13795,21,0,0.3475205
13796,10,1,0.6513493
13797,2,1,0.48958528
13798,8,1,0.70549023
13799,22,1,0.4288466
13800,10,0,0.48160636
13801,27,1,0.62328035
13802,1,1,0.72349566
13803,1,1,0.7565564
13804,25,1,0.37998596
13805,27,0,0.5042826
13806,2,0,0.36783803
13807,14,0,0.22053523
13808,22,1,0.82812744
13809,28,1,0.62058073
13810,12,1,0.37356773
13811,13,0,0.32756367
13812,2,0,0.57443756
13813,25,1,0.4861459
13814,19,1,0.31368634
13815,16,0,0.338008
13816,25,1,0.58261794
13817,3,0,0.31268996
13818,19,1,0.6548784
13819,24,0,0.33765393
13820,7,1,0.5158566
13821,27,1,0.6415033
13822,1,0,0.3511445
13823,25,0,0.3088451
13824,20,1,0.77753854
13825,12,1,0.5863634
13826,15,1,0.68317014
13827,1,0,0.7173544
13828,11,1,0.7751981
13829,12,1,0.42430773
13830,15,0,0.40345788
13831,16,1,0.46017686
13832,0,1,0.51861674
13833,20,0,0.5314439
13834,28,1,0.3824749
13835,11,1,0.6755886
13836,8,1,0.6396771
13837,7,0,0.48281616
13838,21,1,0.3082685
13839,7,0,0.32514408
13840,8,0,0.3544827
13841,13,1,0.6691769
13842,5,1,0.35819748
13843,2,0,0.6409517
13844,8,0,0.5678506
13845,16,1,0.75506586
13846,12,0,0.6349802
13847,8,0,0.4547229
13848,14,1,0.30510277
13849,15,1,0.7724594
13850,16,0,0.4455906
13851,22,0,0.30778325
13852,11,1,0.5731203
13853,3,0,0.5156045
13854,6,0,0.65955013
13855,12,0,0.461279
13856,14,1,0.68531233
13857,8,1,0.7603135
13858,26,1,0.38589647
13859,15,1,0.76313066
13860,14,1,0.47197044
13861,1,1,0.8136498
13862,17,1,0.4962682
13863,9,1,0.31962937
13864,25,0,0.38527906
13865,8,1,0.36745402
13866,1,0,0.5921328
13867,16,0,0.41836762
13868,19,1,0.33457658
13869,26,1,0.8142344
13870,16,1,0.63286406
13871,21,0,0.26301405
13872,12,0,0.34898868
13873,15,1,0.50451565
13874,12,1,0.55356437
13875,21,1,0.80200934
13876,7,1,0.532653
13877,3,0,0.64881384
13878,8,1,0.5351411
13879,13,0,0.5257522
13880,0,1,0.66286623
13881,0,0,0.24273017
13882,22,1,0.6189128
13883,18,0,0.6207579
13884,0,1,0.7549203
13885,22,0,0.5142013
13886,7,0,0.5109278
13887,15,0,0.38752872
13888,16,0,0.3084754
13889,0,1,0.55625266
13890,11,0,0.51062906
13891,16,1,0.30555958
13892,22,1,0.6388562
13893,16,1,0.45730326
13894,16,0,0.557028
13895,16,0,0.24678926
13896,15,0,0.5635003
13897,17,1,0.32278654
13898,23,0,0.61859995
13899,26,0,0.34817454
13900,0,0,0.65092367
13901,13,0,0.6224964
13902,28,0,0.3510054
13903,12,1,0.72967553
13904,13,0,0.29988736
13905,2,1,0.34385335
13906,0,0,0.59680784
13907,21,0,0.61512274
13908,6,1,0.48411235
13909,23,0,0.34445944
13910,7,1,0.6390927
13911,9,1,0.7481433
13912,2,0,0.32004428
13913,20,1,0.49650908
13914,13,0,0.31646436
13915,12,0,0.62679374
13916,26,0,0.3845073
13917,3,0,0.3885317
13918,16,1,0.7403037
13919,5,1,0.59526217
13920,1,0,0.6280477
13921,12,1,0.55861235
13922,8,1,0.29012057
13923,11,1,0.75290084
13924,7,0,0.24520396
13925,12,1,0.37756568
13926,21,0,0.55567735
13927,8,1,0.54826945
13928,17,1,0.7619981
13929,21,1,0.7322344
13930,10,1,0.5993247
13931,2,1,0.54980415
13932,22,1,0.5460662
13933,22,0,0.42244217
13934,11,0,0.31302986
13935,17,1,0.5901465
13936,17,1,0.5470537
13937,25,1,0.6388333
13938,1,0,0.37002775
13939,12,0,0.6517069
13940,25,0,0.553371
13941,27,1,0.82850116
13942,25,1,0.6276006
13943,11,1,0.64063704
13944,13,0,0.4359654
13945,16,0,0.6143774
13946,22,0,0.7783836
13947,27,0,0.36932218
13948,26,0,0.337109
13949,13,0,0.44011843
13950,18,1,0.6868227
13951,7,1,0.59409475
13952,3,1,0.43842232
13953,24,1,0.4711181
13954,11,1,0.62301266
13955,2,1,0.4085713
13956,20,0,0.6343886
13957,13,0,0.6456137
13958,3,0,0.24658255
13959,22,1,0.3908054
13960,28,0,0.5986938
13961,16,0,0.37140977
13962,10,0,0.65907496
13963,8,1,0.48402834
13964,3,0,0.40180236
13965,4,1,0.44547188
13966,2,0,0.46188432
13967,18,0,0.47276127
13968,1,0,0.42615694
13969,12,0,0.6642145
13970,1,1,0.7720384
13971,2,1,0.66702276
13972,2,1,0.32260057
13973,16,1,0.86070186
13974,13,1,0.55446965
13975,18,0,0.30047053
13976,6,1,0.27482545
13977,6,0,0.31356922
13978,4,0,0.38815898
13979,8,0,0.34833413
13980,11,1,0.49798173
13981,14,1,0.60905427
13982,23,0,0.43299305
13983,16,0,0.30854622
13984,2,0,0.3626162
13985,10,1,0.5120517
13986,23,0,0.5121055
13987,15,1,0.68928087
13988,21,1,0.63494
13989,26,1,0.6697673
13990,6,0,0.31728542
13991,26,0,0.30668506
13992,13,0,0.45626962
13993,6,0,0.34757602
13994,4,1,0.84937763
13995,16,0,0.56097686
13996,25,1,0.40388227
13997,28,0,0.24571127
13998,27,0,0.36604947
13999,22,0,0.49018005
14000,5,1,0.7759004
14001,11,1,0.51507753
14002,26,1,0.4823649
14003,11,1,0.658758
14004,13,1,0.4945811
14005,26,0,0.29322833
14006,17,0,0.38275254
14007,19,0,0.47948405
14008,4,0,0.6136044
14009,2,1,0.49081674
14010,7,1,0.6940576
14011,26,0,0.43011558
14012,7,1,0.61453426
14013,25,0,0.37879726
14014,12,0,0.3403931
14015,3,0,0.3773849
14016,13,1,0.62068695
14017,8,1,0.5928937
14018,19,1,0.56273484
14019,9,1,0.7299549
14020,13,1,0.6699722
14021,26,1,0.44718498
14022,1,1,0.7410897
14023,12,0,0.44382688
14024,23,0,0.25618637
14025,7,1,0.40236145
14026,0,1,0.87109154
14027,25,0,0.59315634
14028,10,0,0.33715728
14029,11,0,0.59453756
14030,13,0,0.5423415
14031,18,1,0.3977624
14032,23,1,0.572158
14033,5,0,0.65918493
14034,15,1,0.30008048
14035,12,0,0.42793256
14036,4,1,0.75968415
14037,12,0,0.40882197
14038,11,0,0.57194203
14039,16,0,0.47621834
14040,19,0,0.23866008
14041,15,1,0.76584923
14042,1,1,0.75154793
14043,2,1,0.5541396
14044,16,0,0.27649984
14045,8,0,0.64366937
14046,26,0,0.43512627
14047,16,1,0.4068873
14048,25,1,0.6750029
14049,1,0,0.70890397
14050,16,1,0.24522641
14051,14,0,0.38909218
14052,2,0,0.6390012
14053,17,0,0.76281697
14054,11,0,0.26579005
14055,17,1,0.5360672
14056,25,0,0.5583447
14057,28,1,0.78716886
14058,13,1,0.7071469
14059,19,1,0.7190814
14060,6,1,0.56439435
14061,16,0,0.43036795
14062,18,0,0.57800364
14063,1,0,0.29844487
14064,15,0,0.37641904
14065,2,0,0.610031
14066,16,0,0.7303412
14067,26,0,0.44227237
14068,26,1,0.46223432
14069,18,1,0.7199362
14070,18,0,0.2640577
14071,0,1,0.6661909
14072,7,0,0.64538354
14073,20,0,0.42284542
14074,28,0,0.30052194
14075,15,0,0.39874992
14076,23,1,0.81561005
14077,12,1,0.702304
14078,8,0,0.45630753
14079,25,0,0.37658486
14080,11,1,0.7274156
14081,22,1,0.7518208
14082,27,1,0.7495689
14083,16,1,0.33997253
14084,10,0,0.60206085
14085,16,1,0.45248666
14086,2,0,0.43603307
14087,15,1,0.4145082
14088,10,1,0.60508597
14089,12,0,0.6419144
14090,10,0,0.58316344
14091,11,0,0.43133837
14092,25,0,0.48435017
14093,3,0,0.3525789
14094,16,1,0.58564997
14095,1,1,0.5423044
14096,3,0,0.3927239
14097,18,1,0.53817004
14098,10,1,0.6946699
14099,27,0,0.5653773
14100,19,0,0.3986728
14101,20,0,0.5800153
14102,7,0,0.3677536
14103,15,0,0.3782625
14104,9,0,0.36751774
14105,16,1,0.600953
14106,26,0,0.337162
14107,28,0,0.55494136
14108,23,1,0.31403142
14109,1,0,0.34058338
14110,18,0,0.32178938
14111,17,1,0.59430116
14112,12,1,0.7805622
14113,26,0,0.5096947
14114,0,0,0.48799542
14115,10,1,0.63238126
14116,6,0,0.599277
14117,13,1,0.24904463
14118,8,1,0.66156286
14119,12,0,0.48291782
14120,11,0,0.47454333
14121,10,0,0.32771713
14122,21,0,0.5083037
14123,8,0,0.45573354
14124,19,1,0.39136755
14125,7,1,0.63865614
14126,26,1,0.76947904
14127,0,0,0.6521206
14128,25,0,0.27469614
14129,13,1,0.6469173
14130,10,1,0.68983114
14131,8,1,0.32139185
14132,8,0,0.2380452
14133,3,1,0.36870727
14134,20,0,0.66123885
14135,22,1,0.41903266
14136,18,1,0.37780994
14137,18,1,0.5249331
14138,13,1,0.48928207
14139,12,1,0.59562564
14140,3,0,0.6004887
14141,23,1,0.7688645
14142,11,1,0.739003
14143,9,0,0.35762
14144,20,0,0.34463206
14145,25,0,0.5759871
14146,16,0,0.29486868
14147,17,0,0.6065658
14148,14,0,0.57448864
14149,10,1,0.48619065
14150,4,0,0.386762
14151,9,0,0.46512112
14152,15,0,0.41662088
14153,14,0,0.41689724
14154,7,0,0.46941113
14155,22,1,0.63049716
14156,13,1,0.6581484
14157,7,0,0.3055565
14158,1,1,0.59323287
14159,26,1,0.38073632
14160,15,0,0.44161525
14161,13,0,0.30392984
14162,24,0,0.31086946
14163,8,0,0.56419015
14164,6,1,0.36194068
14165,17,1,0.38000697
14166,26,1,0.6946391
14167,10,1,0.5521246
14168,28,1,0.41006157
14169,5,1,0.64841294
14170,2,0,0.31154895
14171,3,1,0.60818094
14172,8,0,0.63050026
14173,6,1,0.61561275
14174,3,0,0.5762883
14175,14,0,0.4721833
14176,4,1,0.284874
14177,5,1,0.58487207
14178,6,0,0.7000216
14179,27,0,0.23633054
14180,13,1,0.77378273
14181,15,1,0.55521053
14182,17,1,0.72433966
14183,10,1,0.4394718
14184,27,0,0.40898868
14185,2,1,0.68897676
14186,7,1,0.6627432
14187,2,0,0.2731117
14188,10,1,0.600826
14189,2,0,0.409666
14190,2,1,0.73226345
14191,25,0,0.28979835
14192,20,0,0.61237293
14193,19,1,0.32987207
14194,20,0,0.34804794
14195,3,0,0.38868752
14196,8,0,0.52392095
14197,25,0,0.44228703
14198,4,0,0.32075867
14199,17,1,0.56250495
14200,4,1,0.3730816
14201,20,1,0.8130863
14202,6,1,0.38763663
14203,27,0,0.57428813
14204,10,0,0.5613043
14205,22,0,0.7397074
14206,18,1,0.6735096
14207,12,0,0.48760346
14208,18,1,0.31251135
14209,24,1,0.6048693
14210,17,1,0.82916224
14211,14,0,0.33183184
14212,13,1,0.75640357
14213,22,1,0.66404873
14214,16,1,0.32658625
14215,19,0,0.30807567
14216,17,0,0.5329638
14217,26,1,0.4104349
14218,15,1,0.5905402
14219,21,0,0.3855912
14220,14,0,0.31852508
14221,18,1,0.7626306
14222,26,0,0.3991794
14223,27,1,0.6489933
14224,10,0,0.27280182
14225,8,0,0.27158448
14226,12,1,0.56196254
14227,15,1,0.5986
14228,2,0,0.39042035
14229,27,0,0.5280036
14230,8,1,0.4137143
14231,3,0,0.6503877
14232,1,1,0.53552896
14233,1,1,0.3428437
14234,26,0,0.50193185
14235,4,0,0.39451534
14236,7,1,0.58903486
14237,27,1,0.7995142
14238,18,1,0.45243546
14239,6,1,0.6729119
14240,2,1,0.5552343
14241,22,1,0.67744225
14242,2,1,0.6874544
14243,10,1,0.49031243
14244,27,1,0.47290936
14245,7,0,0.37384817
14246,11,0,0.51966995
14247,23,0,0.35891935
14248,11,1,0.2887962
14249,19,1,0.4782485
14250,27,0,0.43861485
14251,13,1,0.5046665
14252,7,1,0.5436006
14253,17,0,0.32867736
14254,21,1,0.668902
14255,14,0,0.5585302
14256,20,1,0.47162017
14257,7,1,0.3725445
14258,3,1,0.6182519
14259,3,0,0.28268814
14260,13,1,0.6349436
14261,25,1,0.7289008
14262,27,1,0.33423275
14263,20,0,0.42528
14264,12,0,0.3385993
14265,28,1,0.30385536
14266,11,0,0.32760966
14267,26,1,0.55669624
14268,1,0,0.33881882
14269,14,1,0.62647074
14270,7,1,0.6483424
14271,28,0,0.38323304
14272,1,1,0.86599416
14273,7,0,0.29445845
14274,10,0,0.3673874
14275,24,0,0.38216823
14276,20,1,0.6408892
14277,15,0,0.46896952
14278,8,0,0.4648145
14279,16,0,0.3075739
14280,16,0,0.41106442
14281,1,0,0.48326206
14282,16,0,0.38968718
14283,13,0,0.5645129
14284,20,0,0.42856282
14285,26,0,0.3919691
14286,16,0,0.29819697
14287,1,1,0.7805735
14288,14,1,0.59696025
14289,17,1,0.63475263
14290,15,1,0.6936671
14291,15,1,0.62049955
14292,12,1,0.4732121
14293,6,0,0.34208474
14294,11,1,0.35351676
14295,26,0,0.59602594
14296,13,1,0.5368875
14297,5,1,0.6240792
14298,11,1,0.5594877
14299,21,0,0.4844887
14300,5,1,0.2925558
14301,2,1,0.6590225
14302,26,0,0.2923614
14303,15,0,0.7431304
14304,11,0,0.38340467
14305,0,1,0.3510481
14306,7,0,0.68916124
14307,15,0,0.39855638
14308,6,1,0.69708204
14309,25,0,0.66568863
14310,26,0,0.53335464
14311,0,1,0.49267617
14312,11,0,0.32693902
14313,24,1,0.5789995
14314,10,1,0.38726988
14315,5,1,0.6222342
14316,1,1,0.5991153
14317,16,0,0.24117063
14318,3,0,0.40461946
14319,15,1,0.5980653
14320,26,0,0.48527932
14321,21,0,0.34626216
14322,28,0,0.30817133
14323,15,1,0.67402124
14324,13,1,0.48773858
14325,2,0,0.35207245
14326,1,0,0.40143403
14327,4,1,0.7101151
14328,10,0,0.29587892
14329,11,0,0.5532659
14330,11,1,0.62654305
14331,22,0,0.41558656
14332,6,0,0.51050174
14333,27,0,0.4954287
14334,16,0,0.24615784
14335,21,0,0.4977014
14336,18,0,0.6653589
14337,10,0,0.3846739
14338,2,1,0.5272075
14339,25,1,0.33588946
14340,15,0,0.3858075
14341,16,0,0.27269432
14342,5,1,0.71332955
14343,0,0,0.36438808
14344,15,0,0.36167908
14345,10,1,0.68290955
14346,1,0,0.40010706
14347,13,1,0.6827762
14348,10,0,0.585431
14349,8,0,0.51502174
14350,25,0,0.40022928
14351,26,1,0.81342494
14352,14,1,0.51452667
14353,2,0,0.5139964
14354,20,1,0.5230348
14355,4,0,0.6401471
14356,7,1,0.67321056
14357,2,1,0.57637143
14358,4,1,0.8690396
14359,21,0,0.3025384
14360,20,1,0.61264443
14361,0,1,0.6760399
14362,20,0,0.49811754
14363,10,0,0.36707976
14364,1,0,0.56314284
14365,6,0,0.24399686
14366,20,1,0.43703815
14367,19,1,0.6135972
14368,2,0,0.6109024
14369,10,0,0.46822628
14370,28,1,0.47148165
14371,24,1,0.42700946
14372,9,1,0.4949613
14373,13,1,0.44039926
14374,19,0,0.43443117
14375,2,0,0.6387257
14376,23,1,0.5313542
14377,11,1,0.38520232
14378,27,1,0.31218997
14379,8,1,0.63421744
14380,5,0,0.50192356
14381,28,1,0.62831414
14382,17,0,0.6575544
14383,10,1,0.5200869
14384,16,0,0.26431173
14385,26,0,0.29981512
14386,11,0,0.5576496
14387,18,0,0.26203486
14388,18,1,0.6077223
14389,6,0,0.25989687
14390,7,0,0.4884332
14391,5,0,0.45698807
14392,1,1,0.50827646
14393,2,0,0.40141428
14394,12,0,0.27330995
14395,3,1,0.6488977
14396,13,0,0.43476352
14397,15,1,0.29560328
14398,26,0,0.30999467
14399,2,0,0.65165514
14400,17,0,0.30081558
14401,7,1,0.28144553
14402,4,1,0.64677775
14403,23,1,0.8580763
14404,9,0,0.38267827
14405,11,1,0.5754931
14406,22,0,0.3972413
14407,4,1,0.3216659
14408,13,0,0.70500624
14409,2,0,0.36256173
14410,11,0,0.5788311
14411,3,0,0.29664165
14412,4,1,0.66960245
14413,25,0,0.3598415
14414,21,0,0.71422386
14415,7,0,0.5227881
14416,2,0,0.490004
14417,15,0,0.5322844
14418,15,1,0.69693685
14419,15,0,0.28997728
14420,4,0,0.29707608
14421,7,0,0.44218478
14422,14,1,0.6630166
14423,27,0,0.34955895
14424,16,0,0.43172532
14425,4,1,0.44668037
14426,7,1,0.5370881
14427,1,0,0.32493824
14428,7,1,0.55545115
14429,3,1,0.5413129
14430,18,0,0.7040536
14431,8,1,0.7899466
14432,14,1,0.3959643
14433,15,0,0.43376055
14434,8,1,0.50360584
14435,8,1,0.6697978
14436,27,0,0.31473517
14437,1,1,0.6954729
14438,8,1,0.6884161
14439,22,0,0.3763439
14440,17,0,0.26421425
14441,10,0,0.4993968
14442,0,0,0.5269078
14443,18,1,0.7143875
14444,13,0,0.32288942
14445,1,1,0.6119768
14446,27,1,0.6548039
14447,16,0,0.70636165
14448,14,1,0.68954486
14449,3,1,0.7911568
14450,8,0,0.6672787
14451,3,0,0.57504576
14452,1,1,0.56889176
14453,4,0,0.48153514
14454,15,0,0.6600574
14455,23,0,0.6250075
14456,2,1,0.40986234
14457,3,0,0.66252494
14458,23,1,0.48017505
14459,15,1,0.5494635
14460,4,0,0.49157467
14461,18,0,0.48664412
14462,14,0,0.57512975
14463,9,0,0.28107125
14464,2,1,0.74832565
14465,12,1,0.6625401
14466,21,0,0.60134554
14467,10,0,0.55888534
14468,13,1,0.59963256
14469,13,1,0.5425617
14470,6,1,0.8110286
14471,13,1,0.6454131
14472,12,1,0.84965533
14473,4,0,0.6670807
14474,18,1,0.4001099
14475,3,1,0.60293984
14476,22,1,0.50019413
14477,2,1,0.55086744
14478,1,0,0.5597428
14479,11,0,0.3067615
14480,25,1,0.6070675
14481,11,1,0.4402162
14482,27,1,0.648426
14483,10,0,0.5803725
14484,21,1,0.5270154
14485,26,0,0.54577047
14486,5,1,0.6039746
14487,3,1,0.49261138
14488,20,1,0.6406213
14489,16,0,0.43468237
14490,26,1,0.7494496
14491,10,1,0.76952326
14492,13,1,0.50333184
14493,15,0,0.3204756
14494,15,0,0.28386962
14495,15,1,0.46214497
14496,28,0,0.4918972
14497,8,0,0.4257625
14498,1,0,0.6513007
14499,14,0,0.3034442
14500,10,0,0.4993845
14501,12,0,0.4136285
14502,2,1,0.735573
14503,22,1,0.80028343
14504,17,1,0.74397933
14505,19,1,0.5693967
14506,1,0,0.48135543
14507,25,1,0.39720827
14508,27,0,0.5022212
14509,8,0,0.29841125
14510,6,1,0.66672516
14511,15,0,0.31105515
14512,16,1,0.6174465
14513,9,1,0.45391333
14514,8,1,0.5624579
14515,12,0,0.3382047
14516,27,1,0.43940192
14517,9,1,0.871902
14518,15,0,0.5726771
14519,27,0,0.24926823
14520,2,1,0.4154544
14521,1,1,0.39917648
14522,16,1,0.6736061
14523,1,1,0.74519515
14524,25,0,0.29681557
14525,14,1,0.8215854
14526,0,0,0.26430753
14527,23,1,0.50856954
14528,16,0,0.3810215
14529,23,0,0.45558995
14530,24,0,0.5123945
14531,24,0,0.3685135
14532,20,0,0.28116816
14533,24,1,0.54365355
14534,25,0,0.32966724
14535,21,0,0.57720363
14536,6,1,0.64669013
14537,21,1,0.66828114
14538,12,1,0.56141555
14539,15,1,0.6492033
14540,15,0,0.48849592
14541,15,0,0.30546454
14542,12,1,0.64320505
14543,25,1,0.6088574
14544,4,1,0.38759816
14545,22,1,0.6777913
14546,3,1,0.27469298
14547,10,0,0.5525313
14548,27,0,0.38768813
14549,2,1,0.69758964
14550,11,0,0.2566438
14551,13,0,0.2269451
14552,16,1,0.5948721
14553,15,0,0.43352652
14554,9,0,0.32752705
14555,12,0,0.5180518
14556,13,1,0.5058624
14557,2,0,0.31857806
14558,11,1,0.48801807
14559,17,0,0.47166705
14560,13,0,0.6426908
14561,13,0,0.3103067
14562,18,1,0.39353707
14563,15,0,0.5416005
14564,1,1,0.4503652
14565,2,0,0.48099387
14566,18,0,0.5316104
14567,12,1,0.50111365
14568,4,0,0.6767174
14569,4,0,0.5694404
14570,9,1,0.82749754
14571,25,1,0.34642854
14572,14,0,0.437369
14573,4,1,0.32820782
14574,17,1,0.33366448
14575,8,0,0.33117133
14576,16,0,0.36406827
14577,4,0,0.4241697
14578,27,0,0.6303954
14579,16,1,0.31972137
14580,23,0,0.7314762
14581,22,1,0.820006
14582,26,0,0.6367206
14583,4,0,0.49733546
14584,3,0,0.4160632
14585,5,0,0.29692116
14586,13,0,0.24793245
14587,16,1,0.7293175
14588,21,0,0.29722127
14589,3,0,0.58276045
14590,1,1,0.8078829
14591,14,0,0.44160497
14592,10,0,0.28466085
14593,25,0,0.62720466
14594,21,0,0.5964099
14595,6,1,0.8282985
14596,2,0,0.34440714
14597,8,0,0.70255524
14598,11,0,0.4477766
14599,15,1,0.65789926
14600,8,0,0.27258012
14601,4,1,0.60720354
14602,4,1,0.45371222
14603,25,0,0.495419
14604,2,0,0.5620024
14605,13,0,0.5690565
14606,11,0,0.27072212
14607,11,1,0.37870458
14608,5,1,0.5775901
14609,6,0,0.26993108
14610,18,1,0.43906778
14611,3,0,0.29759464
14612,23,1,0.2616649
14613,21,0,0.6400117
14614,26,1,0.47126833
14615,17,1,0.37008154
14616,1,0,0.55692667
14617,13,1,0.6807496
14618,8,1,0.7092487
14619,16,0,0.29281503
14620,15,1,0.5661192
14621,2,1,0.77197236
14622,19,1,0.6058258
14623,3,1,0.6682119
14624,5,0,0.7002125
14625,8,0,0.27197975
14626,1,1,0.53377986
14627,13,0,0.35060665
14628,3,1,0.7013552
14629,8,1,0.4990852
14630,15,1,0.67170227
14631,22,1,0.5047731
14632,13,1,0.54346484
14633,27,1,0.7517358
14634,16,0,0.46199188
14635,28,1,0.707971
14636,23,0,0.56968075
14637,13,0,0.4748005
14638,0,1,0.5669633
14639,12,1,0.7876023
14640,3,1,0.8138671
14641,16,1,0.52061844
14642,19,1,0.44132107
14643,21,0,0.28743953
14644,16,0,0.5302369
14645,17,1,0.29038846
14646,19,1,0.79140157
14647,7,0,0.34686586
14648,26,1,0.59933656
14649,22,1,0.7692191
14650,11,0,0.47646368
14651,18,0,0.31034827
14652,15,1,0.5499318
14653,12,0,0.54360706
14654,22,0,0.46891588
14655,15,1,0.45057958
14656,2,0,0.6310507
14657,17,1,0.26135364
14658,7,1,0.57828075
14659,23,0,0.68868405
14660,23,0,0.71844727
14661,27,1,0.539359
14662,2,1,0.29773903
14663,16,0,0.444241
14664,16,0,0.45766196
14665,12,0,0.5175872
14666,8,1,0.842922
14667,12,1,0.5775264
14668,10,1,0.6433481
14669,21,1,0.39768374
14670,10,0,0.2925538
14671,11,0,0.5228111
14672,18,1,0.3434013
14673,25,0,0.5556821
14674,14,0,0.2824542
14675,2,0,0.3634091
14676,0,0,0.5564669
14677,18,1,0.46207058
14678,10,1,0.76843506
14679,12,0,0.36161566
14680,10,1,0.651249
14681,1,0,0.31688794
14682,27,1,0.58367074
14683,28,0,0.6837158
14684,3,0,0.44248137
14685,16,0,0.28304732
14686,9,0,0.29291564
14687,1,1,0.26506367
14688,19,1,0.2661085
14689,12,0,0.6728692
14690,28,1,0.6950005
14691,13,1,0.48794442
14692,12,0,0.5797817
14693,24,0,0.4367242
14694,16,0,0.35532212
14695,28,1,0.63667864
14696,8,1,0.39081913
14697,22,0,0.36635047
14698,24,1,0.6190576
14699,12,1,0.6123554
14700,24,0,0.35940126
14701,13,0,0.63830006
14702,14,0,0.42855117
14703,1,0,0.25341752
14704,15,1,0.8202527
14705,18,0,0.6658025
14706,10,0,0.29976797
14707,1,1,0.6234333
14708,25,0,0.44733736
14709,13,0,0.43854252
14710,25,1,0.51724637
14711,16,1,0.5738148
14712,17,0,0.5535142
14713,10,1,0.85149544
14714,10,0,0.35791668
14715,2,0,0.6276252
14716,6,0,0.36401805
14717,20,0,0.54007095
14718,22,0,0.71257603
14719,2,1,0.62602746
14720,13,1,0.6773615
14721,4,1,0.49447984
14722,2,0,0.43608284
14723,10,1,0.43849567
14724,27,1,0.49404415
14725,13,1,0.5983971
14726,9,1,0.8376017
14727,8,1,0.8193824
14728,2,1,0.30684212
14729,1,0,0.44541568
14730,2,1,0.49037856
14731,18,0,0.25539368
14732,1,0,0.39844608
14733,26,1,0.61820644
14734,13,1,0.6565424
14735,1,0,0.5116281
14736,5,0,0.45004222
14737,9,1,0.684349
14738,16,0,0.5645914
14739,22,0,0.54927
14740,16,1,0.8538313
14741,2,1,0.52976376
14742,2,0,0.2550481
14743,16,0,0.34152004
14744,27,1,0.56646734
14745,2,0,0.36096218
14746,26,1,0.47874498
14747,17,1,0.71082467
14748,1,1,0.670067
14749,9,0,0.5792915
14750,1,1,0.48802114
14751,27,1,0.7956558
14752,5,1,0.26733908
14753,26,1,0.57336396
14754,11,1,0.73937804
14755,28,0,0.81366366
14756,23,0,0.45918387
14757,28,0,0.33131918
14758,27,1,0.57117224
14759,15,0,0.3384304
14760,4,1,0.5863131
14761,12,1,0.34643427
14762,9,1,0.47188732
14763,16,1,0.43167794
14764,1,1,0.5689049
14765,17,1,0.6224787
14766,2,0,0.53152424
14767,1,1,0.68653715
14768,2,0,0.39804527
14769,0,1,0.25358596
14770,15,0,0.27084988
14771,25,1,0.35971156
14772,18,1,0.69980234
14773,24,0,0.49213457
14774,13,1,0.84418595
14775,2,1,0.7138783
14776,14,0,0.34472695
14777,5,0,0.7507584
14778,6,1,0.2762496
14779,21,0,0.35078624
14780,25,1,0.6227405
14781,13,1,0.77647746
14782,15,1,0.4369456
14783,17,0,0.3543155
14784,2,1,0.57797176
14785,1,1,0.7232002
14786,2,0,0.26344553
14787,14,1,0.4749922
14788,0,0,0.24393919
14789,4,1,0.46960223
14790,25,0,0.59565973
14791,14,0,0.5237751
14792,10,1,0.6165025
14793,25,0,0.64764154
14794,14,1,0.76237506
14795,0,1,0.6623118
14796,11,0,0.64978695
14797,8,0,0.31880754
14798,8,1,0.4914441
14799,10,0,0.53812146
14800,25,0,0.35023913
14801,3,1,0.649366
14802,15,0,0.4987123
14803,27,1,0.33588624
14804,20,1,0.6569243
14805,27,1,0.54603666
14806,28,1,0.6649486
14807,9,1,0.39057213
14808,23,1,0.7459095
14809,10,0,0.51480603
14810,22,1,0.45237732
14811,1,1,0.5490518
14812,7,0,0.23503003
14813,10,0,0.5676786
14814,8,0,0.2691676
14815,12,1,0.6443958
14816,4,0,0.5550307
14817,2,1,0.4900828
14818,16,0,0.6563135
14819,6,0,0.5488602
14820,17,1,0.45007947
14821,18,1,0.37585303
14822,3,0,0.63775015
14823,7,1,0.68167657
14824,27,1,0.58160394
14825,16,0,0.5009377
14826,25,0,0.6430869
14827,3,1,0.4390557
14828,11,0,0.5482935
14829,13,1,0.5063916
14830,0,0,0.5895775
14831,10,0,0.31890142
14832,8,1,0.6765193
14833,11,1,0.3869533
14834,11,0,0.5644584
14835,2,0,0.48453125
14836,21,0,0.62822413
14837,23,0,0.51159453
14838,8,1,0.72596294
14839,18,0,0.4371768
14840,14,1,0.8157973
14841,6,1,0.3433332
14842,13,0,0.4299846
14843,28,0,0.35090235
14844,2,0,0.47029012
14845,1,0,0.60479623
14846,2,1,0.7250119
14847,1,0,0.26017466
14848,8,1,0.77107453
14849,10,0,0.3181133
14850,21,0,0.39420098
14851,13,1,0.52746826
14852,27,0,0.3600808
14853,25,0,0.28385833
14854,16,0,0.27060866
14855,3,1,0.49927858
14856,0,1,0.69582653
14857,13,0,0.34540454
14858,18,0,0.5407434
14859,2,0,0.26510066
14860,8,0,0.23768763
14861,2,1,0.7404268
14862,28,1,0.5700973
14863,27,1,0.8346185
14864,28,1,0.7306906
14865,2,0,0.6298014
14866,18,1,0.77923906
14867,26,1,0.3832789
14868,11,0,0.5323821
14869,15,0,0.3195965
14870,23,1,0.6286269
14871,15,1,0.25775936
14872,10,1,0.41691083
14873,25,1,0.45486334
14874,3,1,0.5707267
14875,23,1,0.6433076
14876,27,1,0.60887945
14877,18,0,0.44967732
14878,25,1,0.5789523
14879,22,1,0.5096514
14880,16,0,0.33718494
14881,12,1,0.7859597
14882,21,1,0.5155318
14883,16,1,0.7754986
14884,7,1,0.3772403
14885,2,1,0.5120079
14886,22,0,0.4260579
14887,16,1,0.5078936
14888,20,0,0.35711274
14889,25,0,0.711611
14890,21,1,0.6493021
14891,10,1,0.5209589
14892,16,0,0.61930734
14893,15,0,0.64238673
14894,4,1,0.71868026
14895,15,1,0.46451995
14896,15,1,0.4257434
14897,8,1,0.54729426
14898,25,1,0.6178493
14899,17,1,0.33934796
14900,9,0,0.6724219
14901,15,1,0.6214622
14902,20,1,0.27078465
14903,20,0,0.59026587
14904,3,1,0.27776083
14905,1,0,0.62313867
14906,2,0,0.41240817
14907,11,0,0.6994312
14908,14,0,0.2051101
14909,13,1,0.6348944
14910,19,0,0.2656321
14911,20,1,0.62177825
14912,11,1,0.51626676
14913,14,0,0.5678443
14914,14,1,0.76256925
14915,24,1,0.66427547
14916,18,1,0.32274222
14917,10,1,0.39422402
14918,21,1,0.43847325
14919,20,1,0.6246547
14920,1,1,0.8457411
14921,8,1,0.57084
14922,11,0,0.33324355
14923,8,0,0.56879413
14924,16,0,0.24930675
14925,2,1,0.488466
14926,1,0,0.53369373
14927,21,0,0.6908934
14928,26,0,0.59953034
14929,25,0,0.639465
14930,19,0,0.58261406
14931,12,0,0.29990518
14932,1,1,0.5473785
14933,21,0,0.3012997
14934,13,1,0.35346434
14935,18,1,0.253857
14936,27,1,0.5058423
14937,22,0,0.3408981
14938,1,0,0.29621586
14939,15,0,0.33575454
14940,0,1,0.42915952
14941,2,1,0.41024372
14942,17,1,0.7132819
14943,11,1,0.4922097
14944,17,0,0.26257947
14945,16,0,0.36562487
14946,8,1,0.33252203
14947,24,0,0.31588742
14948,10,1,0.37840134
14949,25,1,0.8236354
14950,8,1,0.5506126
14951,25,1,0.49098572
14952,22,1,0.77830726
14953,22,0,0.35423398
14954,21,1,0.63871723
14955,15,0,0.8534002
14956,25,0,0.58349997
14957,3,1,0.6226025
14958,16,1,0.6386532
14959,10,0,0.35126764
14960,10,1,0.6472746
14961,22,1,0.6284998
14962,23,1,0.43478864
14963,18,1,0.5547451
14964,15,1,0.5610549
14965,16,0,0.4845361
14966,2,1,0.48471954
14967,13,1,0.5646621
14968,5,1,0.50738007
14969,12,1,0.49548766
14970,9,0,0.2727126
14971,2,1,0.6732924
14972,1,0,0.44424465
14973,16,0,0.37671646
14974,28,0,0.32653436
14975,24,1,0.6319025
14976,1,1,0.7317449
14977,4,1,0.5869754
14978,27,1,0.3067107
14979,11,1,0.3362624
14980,13,1,0.63736594
14981,27,1,0.73350006
14982,13,0,0.22333412
14983,27,0,0.37927243
14984,2,0,0.45472008
14985,13,1,0.745045
14986,23,1,0.3498029
14987,20,0,0.50749946
14988,16,0,0.48538184
14989,13,0,0.42999402
14990,10,1,0.34301648
14991,11,1,0.5390852
14992,2,0,0.73806036
14993,15,0,0.55220866
14994,27,0,0.24645431
14995,23,0,0.32060152
14996,14,0,0.41103244
14997,27,0,0.6379432
14998,1,1,0.6132473
14999,4,0,0.2340373
15000,0,0,0.2563122
15001,6,1,0.65635794
15002,28,1,0.552982
15003,25,1,0.63651246
15004,11,1,0.3688934
15005,16,0,0.6926036
15006,18,1,0.7919973
15007,8,1,0.3559062
15008,18,1,0.67256945
15009,20,0,0.4539303
15010,13,0,0.27211225
15011,2,1,0.48969966
15012,21,1,0.57120895
15013,12,1,0.4374617
15014,3,0,0.6542977
15015,4,0,0.3213839
15016,19,0,0.6332439
15017,2,0,0.47625187
15018,18,0,0.36654323
15019,13,1,0.75557756
15020,5,1,0.5848958
15021,24,1,0.6044654
15022,10,1,0.26039812
15023,1,0,0.3629933
15024,28,1,0.631422
15025,14,0,0.299188
15026,11,0,0.50242585
15027,5,1,0.7164758
15028,12,0,0.6184034
15029,20,1,0.71878725
15030,2,1,0.48248625
15031,6,1,0.8741369
15032,24,1,0.4873527
15033,27,1,0.5569454
15034,3,1,0.28443855
15035,1,1,0.5793771
15036,2,0,0.64654464
15037,10,0,0.34178054
15038,13,0,0.3680045
15039,10,1,0.54532796
15040,16,1,0.84271926
15041,18,1,0.35034525
15042,13,1,0.6257337
15043,15,0,0.28712553
15044,1,0,0.64050066
15045,11,1,0.3347914
15046,13,1,0.687763
15047,12,1,0.7177313
15048,21,1,0.56663954
15049,13,1,0.46288207
15050,26,0,0.4867069
15051,1,0,0.56459635
15052,13,1,0.25425622
15053,11,1,0.62256676
15054,20,1,0.24256983
15055,17,0,0.552585
15056,14,0,0.46011138
15057,23,0,0.5759106
15058,14,0,0.56919223
15059,3,0,0.5516506
15060,17,1,0.40595427
15061,13,1,0.38048124
15062,8,1,0.3913376
15063,22,0,0.46804282
15064,20,1,0.5615969
15065,13,0,0.3614911
15066,22,1,0.46672386
15067,16,1,0.23634185
15068,6,1,0.6652092
15069,26,1,0.72770864
15070,15,0,0.28461832
15071,13,0,0.46703655
15072,9,0,0.52104366
15073,25,1,0.5894543
15074,25,0,0.4051255
15075,26,1,0.7292422
15076,2,0,0.62283045
15077,24,1,0.62766176
15078,12,0,0.28024292
15079,12,1,0.5422009
15080,20,1,0.362984
15081,14,0,0.67805666
15082,19,1,0.61608243
15083,21,1,0.5561986
15084,21,1,0.8888111
15085,11,1,0.6555004
15086,16,0,0.56621575
15087,8,1,0.873369
15088,16,1,0.58624
15089,1,1,0.64604807
15090,14,0,0.2262026
15091,20,1,0.46882224
15092,11,1,0.4562706
15093,8,1,0.7591079
15094,10,0,0.29180145
15095,20,1,0.3723544
15096,1,0,0.46905553
15097,26,1,0.7166827
15098,22,0,0.23613155
15099,17,1,0.7648203
15100,21,1,0.65656036
15101,15,1,0.73202497
15102,22,1,0.44077593
15103,11,0,0.29655853
15104,4,0,0.6123362
15105,2,1,0.4204215
15106,10,1,0.46403164
15107,20,1,0.76989746
15108,5,0,0.40585464
15109,20,1,0.5916658
15110,26,0,0.32517713
15111,25,0,0.31780428
15112,11,1,0.65058047
15113,13,1,0.5849182
15114,2,1,0.6310068
15115,20,1,0.5520741
15116,22,0,0.32698542
15117,8,0,0.4247326
15118,24,1,0.5332204
15119,28,1,0.29313743
15120,6,0,0.48734245
15121,11,1,0.68326575
15122,26,0,0.52577156
15123,1,0,0.3390766
15124,13,1,0.67570525
15125,8,0,0.33671853
15126,13,0,0.32472283
15127,9,1,0.8508005
15128,22,0,0.5621349
15129,13,1,0.5623477
15130,2,0,0.5434341
15131,1,1,0.7679025
15132,28,0,0.35750735
15133,10,0,0.3398162
15134,7,0,0.58175725
15135,17,1,0.32280958
15136,25,1,0.42489868
15137,26,0,0.48721722
15138,23,0,0.7510817
15139,2,1,0.6353018
15140,27,0,0.40508175
15141,1,1,0.44693482
15142,15,1,0.7079318
15143,8,0,0.36920094
15144,6,0,0.55314124
15145,10,0,0.47061008
15146,10,0,0.36778158
15147,17,0,0.35425553
15148,10,1,0.58574086
15149,10,0,0.35197243
15150,3,0,0.6567636
15151,28,1,0.7096282
15152,27,1,0.7407701
15153,27,1,0.5831623
15154,26,1,0.42472196
15155,25,1,0.5851401
15156,20,0,0.32741418
15157,1,1,0.82474303
15158,2,1,0.5098332
15159,1,1,0.4882108
15160,19,1,0.61657095
15161,7,0,0.3025528
15162,4,0,0.6024629
15163,6,0,0.32713902
15164,8,1,0.7486493
15165,13,1,0.5846953
15166,14,0,0.30436346
15167,10,0,0.51654184
15168,2,0,0.28390723
15169,24,1,0.36099464
15170,15,0,0.74014235
15171,28,1,0.35152248
15172,26,1,0.75940746
15173,26,0,0.417918
15174,16,0,0.45639145
15175,19,1,0.67782044
15176,22,1,0.4959961
15177,5,0,0.55396247
15178,22,0,0.26955795
15179,5,1,0.4939167
15180,18,1,0.79293907
15181,17,1,0.5700277
15182,0,0,0.27334577
15183,4,0,0.3621764
15184,26,0,0.39647776
15185,6,0,0.54097575
15186,12,1,0.4530924
15187,8,1,0.48317757
15188,24,0,0.6285664
15189,13,0,0.63704157
15190,1,1,0.3917375
15191,25,0,0.64752513
15192,20,1,0.33954206
15193,13,1,0.52433085
15194,14,1,0.7894627
15195,13,0,0.37711352
15196,2,0,0.7544921
15197,13,1,0.6640368
15198,1,1,0.767077
15199,15,0,0.47844923
15200,21,0,0.634843
15201,13,0,0.46282792
15202,22,0,0.67520326
15203,1,1,0.4582798
15204,16,0,0.47964582
15205,10,1,0.4761665
15206,22,0,0.28170994
15207,8,0,0.29025814
15208,10,1,0.6289813
15209,23,1,0.5997133
15210,17,0,0.403826
15211,27,0,0.4716869
15212,0,1,0.69890475
15213,11,0,0.32684687
15214,11,0,0.45345494
15215,11,0,0.43729302
15216,19,1,0.7513947
15217,2,0,0.30547637
15218,15,1,0.5285842
15219,7,0,0.56659
15220,25,0,0.39195952
15221,3,0,0.2729072
15222,14,1,0.63660055
15223,15,1,0.48034507
15224,17,1,0.31353453
15225,12,0,0.45548248
15226,10,1,0.6640255
15227,25,0,0.51618457
15228,13,0,0.3155657
15229,20,0,0.74603814
15230,22,1,0.5624471
15231,16,0,0.36571696
15232,12,0,0.46614295
15233,2,1,0.55511975
15234,15,0,0.5720931
15235,27,0,0.61890984
15236,24,1,0.3929705
15237,11,1,0.31622627
15238,10,1,0.40198243
15239,11,0,0.30782846
15240,26,0,0.27773046
15241,5,1,0.28910705
15242,16,0,0.25007388
15243,6,1,0.7365944
15244,13,1,0.58292776
15245,9,1,0.54324436
15246,27,0,0.30673227
15247,11,1,0.6060028
15248,22,0,0.416167
15249,22,0,0.33696303
15250,26,1,0.27299833
15251,1,1,0.37909615
15252,22,1,0.7037815
15253,3,0,0.45274198
15254,5,0,0.3866099
15255,8,1,0.39963073
15256,22,0,0.5779112
15257,0,1,0.6576249
15258,10,1,0.5668896
15259,10,1,0.5126542
15260,0,0,0.38391685
15261,10,0,0.42246357
15262,13,1,0.33125603
15263,13,0,0.42190003
15264,4,1,0.8331574
15265,19,1,0.757639
15266,27,1,0.44645464
15267,4,1,0.35521674
15268,9,1,0.45864362
15269,20,0,0.24556361
15270,24,0,0.31670254
15271,11,0,0.3654217
15272,23,0,0.50331074
15273,11,1,0.8157345
15274,16,1,0.36194843
15275,28,0,0.4858313
15276,2,1,0.40293536
15277,12,1,0.46235955
15278,21,1,0.8235359
15279,15,0,0.36793062
15280,7,1,0.7103844
15281,11,1,0.49978158
15282,15,0,0.40869218
15283,3,1,0.26979256
15284,25,1,0.75315034
15285,27,0,0.5731965
15286,28,0,0.2550583
15287,23,0,0.49415842
15288,26,1,0.46040344
15289,27,0,0.48673528
15290,15,0,0.3696242
15291,25,0,0.55424106
15292,1,1,0.3617465
15293,1,0,0.3445304
15294,11,1,0.40138617
15295,13,0,0.43052214
15296,16,1,0.43905434
15297,10,0,0.58079123
15298,27,1,0.5470288
15299,10,0,0.48426467
15300,9,0,0.64146066
15301,22,0,0.52387613
15302,21,1,0.3211375
15303,7,1,0.30457404
15304,23,0,0.5031486
15305,23,1,0.5796884
15306,26,0,0.46024492
15307,3,0,0.4793933
15308,10,1,0.7415584
15309,16,0,0.4645712
15310,25,0,0.45491594
15311,28,1,0.39369023
15312,21,0,0.25709346
15313,3,0,0.35685483
15314,12,0,0.53564173
15315,27,0,0.26281652
15316,16,1,0.5650322
15317,7,0,0.56712544
15318,15,0,0.4905831
15319,9,0,0.3661771
15320,15,0,0.4343393
15321,12,1,0.46440536
15322,5,0,0.47951016
15323,10,0,0.4856929
15324,13,0,0.58757055
15325,25,1,0.7968723
15326,6,0,0.44424748
15327,23,1,0.7008998
15328,18,0,0.42909217
15329,28,0,0.29308808
15330,23,0,0.26534986
15331,21,1,0.6937952
15332,6,0,0.416769
15333,20,0,0.36948174
15334,18,1,0.6491174
15335,12,1,0.29718697
15336,20,1,0.6073448
15337,25,0,0.5811667
15338,25,0,0.4173536
15339,15,0,0.2642607
15340,25,0,0.26336873
15341,17,0,0.5278031
15342,13,0,0.21996444
15343,2,0,0.34219027
15344,19,1,0.35743612
15345,20,0,0.4978465
15346,15,0,0.61760545
15347,27,1,0.7754124
15348,6,1,0.52329093
15349,21,0,0.28856808
15350,28,1,0.35534737
15351,16,1,0.77386665
15352,18,0,0.22746809
15353,6,1,0.53140014
15354,11,0,0.42776594
15355,13,0,0.30220914
15356,21,0,0.7006651
15357,14,1,0.7601968
15358,11,0,0.3941709
15359,19,0,0.36658317
15360,13,0,0.43261147
15361,17,0,0.58292687
15362,14,0,0.6395172
15363,1,1,0.4081389
15364,22,1,0.66416055
15365,23,1,0.5635948
15366,10,1,0.7046325
15367,24,1,0.69107956
15368,9,1,0.6035779
15369,28,1,0.46662608
15370,13,0,0.3430117
15371,10,1,0.5049856
15372,20,0,0.27540478
15373,25,1,0.5137811
15374,20,1,0.35651863
15375,27,1,0.2997579
15376,5,0,0.6203967
15377,10,0,0.40670547
15378,6,1,0.5108228
15379,1,1,0.6457419
15380,26,0,0.71038496
15381,27,1,0.59649396
15382,21,1,0.47614694
15383,6,0,0.23946726
15384,2,1,0.6587514
15385,14,0,0.3085075
15386,23,1,0.4992582
15387,10,1,0.63525844
15388,10,0,0.21468256
15389,24,0,0.6227924
15390,22,0,0.5098068
15391,5,1,0.5853
15392,12,0,0.55957574
15393,27,0,0.49461073
15394,24,1,0.45904738
15395,12,1,0.6243228
15396,25,1,0.3377806
15397,22,0,0.3631313
15398,6,0,0.23342788
15399,13,0,0.58355844
15400,10,1,0.5335945
15401,21,1,0.69662523
15402,9,0,0.30461922
15403,18,0,0.385653
15404,2,1,0.6904715
15405,18,1,0.7376341
15406,18,0,0.6705647
15407,13,0,0.38425058
15408,21,0,0.26581585
15409,27,1,0.58026147
15410,14,1,0.51887983
15411,16,1,0.52511626
15412,11,1,0.53367984
15413,4,1,0.8426517
15414,7,0,0.49645406
15415,20,0,0.4896957
15416,6,1,0.8450541
15417,12,0,0.4296021
15418,14,1,0.5718514
15419,25,0,0.4472579
15420,12,1,0.66144603
15421,22,0,0.36912268
15422,26,1,0.48606786
15423,25,0,0.38879585
15424,26,0,0.8199523
15425,1,1,0.5713592
15426,2,0,0.46214443
15427,21,0,0.49699154
15428,8,1,0.6297319
15429,2,0,0.399875
15430,22,1,0.81061757
15431,22,1,0.49225014
15432,15,0,0.30973148
15433,3,1,0.48882207
15434,11,0,0.64049155
15435,21,0,0.5314578
15436,27,0,0.43515182
15437,14,1,0.60559726
15438,13,0,0.5442436
15439,1,1,0.83951217
15440,1,1,0.44676605
15441,17,0,0.71607864
15442,17,0,0.37306777
15443,2,0,0.40537366
15444,26,0,0.4856528
15445,10,0,0.655524
15446,18,0,0.39238957
15447,12,0,0.41154262
15448,15,0,0.2875003
15449,15,1,0.5793204
15450,22,0,0.3548531
15451,13,0,0.43195012
15452,28,1,0.64305305
15453,24,0,0.57875454
15454,1,0,0.3560227
15455,13,0,0.5055401
15456,1,1,0.44501242
15457,9,0,0.29298073
15458,20,1,0.5367785
15459,12,1,0.48937306
15460,13,0,0.45619243
15461,25,0,0.41687313
15462,13,0,0.28680483
15463,20,0,0.41722164
15464,20,0,0.44467768
15465,15,0,0.4084203
15466,24,0,0.6171986
15467,21,0,0.3387487
15468,18,0,0.3062258
15469,14,0,0.24352363
15470,2,0,0.32495397
15471,10,0,0.4601082
15472,11,1,0.41978404
15473,13,0,0.48564982
15474,28,1,0.5610147
15475,9,1,0.7633347
15476,13,0,0.40278125
15477,27,1,0.42743284
15478,25,1,0.53574055
15479,19,0,0.36710832
15480,4,1,0.6270492
15481,24,1,0.52979106
15482,14,0,0.30176875
15483,10,1,0.45747888
15484,17,0,0.32179803
15485,12,1,0.7125504
15486,27,0,0.32136753
15487,17,1,0.62523955
15488,16,1,0.6257004
15489,4,0,0.62608
15490,25,1,0.41062504
15491,18,0,0.33605233
15492,4,1,0.41166046
15493,6,0,0.27555373
15494,3,0,0.67763704
15495,4,1,0.7097563
15496,2,0,0.4339863
15497,11,1,0.49350512
15498,5,1,0.5480175
15499,16,0,0.67196196
15500,6,0,0.6703689
15501,11,0,0.37902674
15502,8,0,0.3725579
15503,13,1,0.32194787
15504,12,1,0.6002315
15505,19,0,0.39454785
15506,21,1,0.4048572
15507,6,0,0.28468215
15508,5,0,0.32477778
15509,13,1,0.64531887
15510,22,1,0.31267396
15511,5,0,0.32200143
15512,1,0,0.29752132
15513,27,0,0.38871688
15514,2,0,0.4960338
15515,26,0,0.43890652
15516,8,1,0.485979
15517,15,0,0.52616704
15518,27,1,0.80335534
15519,13,1,0.41976932
15520,16,0,0.43296865
15521,13,1,0.7088299
15522,10,0,0.298648
15523,17,1,0.49361524
15524,17,0,0.2955197
15525,12,1,0.28096038
15526,1,0,0.24878652
15527,18,0,0.31022692
15528,27,1,0.4851143
15529,2,0,0.6150543
15530,16,0,0.31935254
15531,6,0,0.5012471
15532,11,1,0.6306949
15533,22,1,0.4918507
15534,25,0,0.39092845
15535,24,0,0.64383674
15536,11,0,0.4733262
15537,16,1,0.752497
15538,4,1,0.6973096
15539,8,0,0.3765877
15540,4,1,0.5956936
15541,7,1,0.5323461
15542,28,0,0.39096192
15543,1,1,0.5498167
15544,6,0,0.5844647
15545,9,1,0.5946712
15546,22,1,0.44079328
15547,13,0,0.42071694
15548,14,1,0.3186553
15549,8,1,0.4433134
15550,27,1,0.5299071
15551,8,1,0.6613815
15552,27,1,0.42561668
15553,16,1,0.76452345
15554,16,0,0.5755464
15555,12,0,0.28987148
15556,24,0,0.25044423
15557,23,0,0.3783138
15558,20,0,0.52032053
15559,4,0,0.5414813
15560,20,1,0.5315378
15561,12,0,0.43575436
15562,1,1,0.5080059
15563,10,1,0.70985836
15564,16,0,0.3774691
15565,1,0,0.35342738
15566,22,1,0.6371604
15567,16,0,0.3876442
15568,26,1,0.6188994
15569,17,1,0.3590697
15570,22,1,0.7677903
15571,13,1,0.7252793
15572,16,1,0.38406226
15573,23,0,0.39667934
15574,2,1,0.52108806
15575,20,0,0.44320518
15576,6,0,0.7935556
15577,20,1,0.6821824
15578,7,1,0.6013089
15579,3,1,0.5580452
15580,10,0,0.24757572
15581,13,1,0.42487824
15582,3,0,0.5651806
15583,17,1,0.5425752
15584,19,0,0.38244876
15585,10,1,0.7303217
15586,16,1,0.36012694
15587,14,0,0.6843574
15588,13,1,0.74917614
15589,18,0,0.3401113
15590,7,1,0.65394014
15591,10,0,0.29691726
15592,2,0,0.3628009
15593,2,1,0.64202917
15594,13,0,0.6187564
15595,19,1,0.41962728
15596,6,0,0.36235076
15597,17,1,0.6595326
15598,23,0,0.2375882
15599,26,0,0.31831473
15600,17,0,0.34808075
15601,18,1,0.61365676
15602,21,0,0.3979812
15603,4,1,0.55209535
15604,13,0,0.33665994
15605,25,0,0.27447888
15606,3,0,0.42666644
15607,12,0,0.35562566
15608,15,0,0.5088704
15609,2,0,0.42681676
15610,16,0,0.35807022
15611,8,0,0.29290918
15612,14,0,0.52417797
15613,8,0,0.478133
15614,22,0,0.34085172
15615,2,0,0.7213677
15616,12,1,0.535841
15617,7,0,0.32383776
15618,10,0,0.2712743
15619,8,0,0.45349917
15620,1,0,0.58943784
15621,2,0,0.32609805
15622,16,1,0.5458075
15623,0,0,0.6988065
15624,24,0,0.47527045
15625,1,1,0.6619496
15626,3,0,0.27512547
15627,12,0,0.47494087
15628,18,1,0.565761
15629,13,0,0.48882377
15630,8,0,0.61366314
15631,10,0,0.5077286
15632,13,1,0.48791468
15633,15,0,0.7432719
15634,27,1,0.34875947
15635,15,0,0.42811593
15636,13,0,0.48278892
15637,14,0,0.5669474
15638,28,0,0.5882619
15639,8,1,0.8046601
15640,28,0,0.31423143
15641,20,0,0.37434572
15642,9,0,0.26773503
15643,7,1,0.7756633
15644,15,1,0.56515443
15645,26,0,0.5746047
15646,7,0,0.46336335
15647,20,1,0.3494643
15648,17,0,0.62993425
15649,20,0,0.3595604
15650,2,0,0.39499444
15651,27,0,0.39878815
15652,23,1,0.46783647
15653,4,1,0.3333904
15654,1,1,0.36975807
15655,13,1,0.5538696
15656,16,1,0.5444553
15657,10,0,0.7545194
15658,24,0,0.6896236
15659,16,0,0.34893367
15660,21,1,0.32625636
15661,2,1,0.5031929
15662,14,0,0.7202609
15663,8,1,0.6199205
15664,22,0,0.2928906
15665,14,1,0.5916592
15666,10,1,0.7566708
15667,1,0,0.3903228
15668,26,0,0.6198134
15669,10,0,0.5736055
15670,14,1,0.6391681
15671,16,1,0.80865777
15672,7,0,0.48200306
15673,12,1,0.40601674
15674,27,1,0.5500411
15675,8,1,0.40634677
15676,9,0,0.4708232
15677,21,0,0.46596012
15678,8,1,0.5018664
15679,15,0,0.3918564
15680,17,0,0.41421968
15681,19,1,0.31414786
15682,25,0,0.48772305
15683,0,0,0.4241288
15684,6,1,0.7909541
15685,8,0,0.32811603
15686,15,1,0.624655
15687,18,0,0.35727027
15688,9,0,0.3378784
15689,15,0,0.5164641
15690,1,1,0.5841379
15691,28,0,0.28061667
15692,6,0,0.51370907
15693,5,0,0.54466057
15694,22,0,0.43665677
15695,16,0,0.2832147
15696,9,1,0.63292676
15697,26,1,0.46244052
15698,22,0,0.39476264
15699,20,0,0.6210337
15700,28,1,0.8471155
15701,13,0,0.4244997
15702,25,0,0.30030283
15703,20,1,0.513946
15704,5,1,0.5007621
15705,8,1,0.46315593
15706,10,1,0.43596044
15707,13,1,0.62738174
15708,21,0,0.6397439
15709,15,1,0.60095584
15710,16,0,0.54838735
15711,22,0,0.56117594
15712,27,1,0.7854428
15713,22,0,0.5696618
15714,0,0,0.33383414
15715,10,0,0.6993756
15716,16,1,0.5007309
15717,1,1,0.8299983
15718,2,1,0.7569787
15719,22,1,0.6427735
15720,9,0,0.51129675
15721,21,0,0.5630539
15722,4,0,0.46731558
15723,6,0,0.5379475
15724,0,0,0.44150415
15725,13,0,0.4042335
15726,7,1,0.37062946
15727,20,0,0.58740145
15728,2,1,0.67491937
15729,16,0,0.34739676
15730,28,0,0.43676507
15731,5,0,0.57358783
15732,24,0,0.5065237
15733,1,0,0.37364212
15734,28,0,0.30439594
15735,7,1,0.585517
15736,1,1,0.5287816
15737,11,1,0.33907154
15738,14,1,0.63126767
15739,19,0,0.32771784
15740,26,1,0.65611494
15741,16,1,0.5939038
15742,25,1,0.48526785
15743,15,1,0.65239024
15744,10,1,0.7573936
15745,5,1,0.53773165
15746,13,0,0.4666882
15747,8,1,0.47782424
15748,9,1,0.37165335
15749,22,0,0.2646499
15750,6,0,0.26398656
15751,21,0,0.60985136
15752,21,1,0.52928036
15753,21,1,0.49404964
15754,18,0,0.44101286
15755,4,1,0.5995359
15756,18,0,0.51444656
15757,12,0,0.516603
15758,10,0,0.39478955
15759,2,0,0.46894336
15760,3,0,0.32082522
15761,17,1,0.7078783
15762,2,0,0.57140505
15763,7,0,0.4116877
15764,2,0,0.5964354
15765,12,0,0.39820087
15766,1,0,0.40839627
15767,22,0,0.31924137
15768,11,1,0.36954936
15769,15,0,0.5007302
15770,13,0,0.343256
15771,12,1,0.65230316
15772,17,1,0.5722901
15773,6,0,0.47245857
15774,27,1,0.5172547
15775,2,0,0.32349348
15776,24,1,0.6607637
15777,1,1,0.71466625
15778,20,0,0.46620762
15779,1,1,0.7136315
15780,28,0,0.27946448
15781,1,0,0.63975334
15782,25,0,0.40688962
15783,8,1,0.33610302
15784,7,1,0.40304577
15785,5,0,0.31432167
15786,9,1,0.31798318
15787,11,1,0.63530827
15788,23,0,0.22302051
15789,8,1,0.792323
15790,22,0,0.521207
15791,2,1,0.65069646
15792,21,1,0.6370146
15793,5,0,0.20405762
15794,7,0,0.38316217
15795,17,0,0.3900795
15796,20,1,0.6699303
15797,7,0,0.2562908
15798,27,0,0.38284278
15799,22,1,0.71063554
15800,28,0,0.7624576
15801,26,0,0.3909584
15802,1,0,0.30201927
15803,24,1,0.4722073
15804,21,1,0.3330734
15805,14,0,0.35916698
15806,14,0,0.5718216
15807,6,0,0.43309042
15808,13,0,0.48436227
15809,5,0,0.29303083
15810,26,0,0.27643886
15811,6,1,0.6493472
15812,25,1,0.82161665
15813,18,0,0.6556854
15814,4,1,0.4613194
15815,16,1,0.34360346
15816,22,0,0.43258587
15817,15,0,0.7008302
15818,8,0,0.43577325
15819,13,1,0.47674248
15820,6,1,0.73901266
15821,20,0,0.39030635
15822,8,1,0.3373298
15823,11,0,0.24161194
15824,6,1,0.34587473
15825,13,1,0.5436327
15826,25,0,0.41678652
15827,9,1,0.717284
15828,13,1,0.44935656
15829,18,0,0.6042275
15830,7,1,0.7158582
15831,17,1,0.57591325
15832,10,1,0.44500852
15833,6,0,0.27522796
15834,6,1,0.5208651
15835,9,1,0.4368048
15836,14,1,0.45021757
15837,26,1,0.8519345
15838,10,0,0.44033337
15839,11,0,0.38678282
15840,13,1,0.28896976
15841,15,0,0.60715216
15842,2,1,0.30558845
15843,7,0,0.4600767
15844,15,1,0.270724
15845,22,1,0.41244516
15846,15,0,0.3552351
15847,27,0,0.46996456
15848,20,0,0.4866054
15849,4,0,0.6450972
15850,14,0,0.32349053
15851,0,0,0.42518523
15852,10,1,0.38535222
15853,7,0,0.37606156
15854,10,1,0.3145157
15855,4,0,0.55603844
15856,25,1,0.82961607
15857,3,1,0.45411158
15858,25,1,0.7655628
15859,26,0,0.35904354
15860,1,1,0.65047926
15861,28,1,0.2895825
15862,13,1,0.34233567
15863,15,1,0.67169297
15864,13,1,0.40722647
15865,25,0,0.2554243
15866,28,0,0.35764524
15867,14,0,0.41127095
15868,22,1,0.4242934
15869,8,0,0.30419824
15870,26,0,0.40303627
15871,26,1,0.43689066
15872,15,1,0.5709357
15873,24,0,0.3657532
15874,10,0,0.32586882
15875,14,0,0.411048
15876,5,1,0.7200506
15877,23,0,0.2852807
15878,20,0,0.26476777
15879,18,0,0.60296595
15880,22,0,0.51486665
15881,18,1,0.48773313
15882,2,0,0.60177284
15883,19,1,0.46347913
15884,3,0,0.3599197
15885,13,0,0.73557657
15886,19,0,0.48054665
15887,5,1,0.6196654
15888,11,0,0.21780573
15889,25,0,0.44210938
15890,19,1,0.63435984
15891,13,0,0.29600197
15892,21,0,0.59965765
15893,8,0,0.50380266
15894,8,0,0.40445662
15895,17,0,0.47778502
15896,22,0,0.75763136
15897,16,0,0.5753669
