,tissue_ids,target,prediction
0,26,0,0.47032905
1,10,1,0.4718971
2,25,1,0.5547998
3,11,1,0.5076101
4,4,1,0.32449263
5,26,1,0.74408877
6,13,0,0.5793158
7,26,0,0.61420286
8,3,0,0.27745247
9,16,1,0.65380305
10,23,0,0.32321814
11,22,1,0.62987417
12,13,0,0.43175617
13,27,1,0.4295606
14,1,0,0.73823154
15,26,0,0.5581984
16,23,0,0.6018382
17,13,0,0.43740448
18,12,0,0.46287426
19,14,0,0.54364574
20,16,1,0.70717835
21,6,1,0.38689998
22,24,1,0.65776885
23,14,0,0.46831438
24,10,1,0.7736816
25,16,0,0.4502035
26,9,0,0.25440562
27,6,0,0.57813907
28,26,1,0.6540037
29,17,0,0.5299882
30,19,1,0.3677812
31,9,0,0.66252565
32,5,1,0.38785604
33,0,1,0.66679084
34,28,1,0.6161527
35,18,0,0.28636816
36,11,1,0.3579461
37,26,0,0.70844114
38,0,1,0.6874042
39,26,0,0.35295784
40,16,0,0.28697065
41,17,0,0.22996151
42,8,1,0.78584975
43,17,0,0.3976123
44,26,0,0.5979031
45,6,1,0.2935964
46,21,1,0.5811608
47,8,0,0.24295856
48,16,1,0.38128373
49,27,1,0.43874767
50,25,0,0.23288834
51,7,0,0.5641219
52,13,0,0.4280192
53,5,0,0.67352045
54,13,0,0.6431263
55,24,1,0.58838713
56,11,1,0.6794398
57,15,1,0.33442134
58,5,1,0.34292835
59,27,0,0.29415128
60,25,0,0.72882587
61,21,1,0.37861496
62,0,0,0.24338052
63,14,0,0.27427116
64,4,0,0.34502336
65,8,0,0.3652233
66,26,1,0.80907816
67,25,1,0.6530047
68,20,0,0.4043337
69,8,1,0.63078976
70,2,0,0.75127846
71,13,1,0.6233578
72,27,1,0.3437767
73,11,1,0.47665656
74,8,0,0.26951304
75,8,0,0.40332556
76,21,1,0.4505586
77,3,1,0.33155295
78,22,1,0.4461905
79,9,1,0.27239922
80,20,0,0.36538163
81,12,1,0.42949072
82,20,0,0.49336222
83,26,0,0.26062697
84,2,0,0.46194333
85,8,1,0.6246824
86,27,0,0.7350131
87,1,0,0.26249108
88,9,0,0.45322326
89,6,1,0.8030038
90,25,0,0.3260105
91,14,0,0.5923074
92,2,1,0.36475325
93,1,1,0.56342965
94,20,1,0.35714552
95,26,0,0.5663847
96,15,1,0.3443124
97,19,0,0.24323396
98,6,1,0.8245738
99,13,0,0.5084315
100,24,1,0.33318594
101,2,0,0.7394337
102,27,0,0.3933063
103,2,0,0.52473956
104,6,0,0.6391715
105,5,0,0.5739769
106,15,1,0.42284086
107,0,1,0.61922306
108,15,0,0.33740345
109,27,1,0.58025956
110,15,1,0.6646282
111,7,1,0.6254542
112,8,1,0.64394933
113,8,1,0.7710196
114,2,0,0.35175416
115,12,1,0.3723606
116,4,1,0.7453895
117,1,1,0.3719194
118,15,0,0.6209654
119,6,1,0.477849
120,26,0,0.3686643
121,15,0,0.44943932
122,6,0,0.48744887
123,10,1,0.78857374
124,27,0,0.551672
125,22,0,0.68380827
126,6,1,0.6508468
127,12,0,0.2692618
128,27,0,0.5525724
129,17,1,0.5947492
130,13,0,0.3492914
131,15,0,0.26587263
132,10,0,0.34727257
133,6,1,0.6090557
134,4,1,0.734484
135,26,1,0.6496179
136,1,0,0.27950698
137,0,0,0.5699175
138,0,1,0.75249964
139,1,1,0.72351974
140,12,1,0.37601757
141,8,1,0.71965593
142,14,1,0.5664548
143,2,1,0.45922792
144,26,0,0.25459012
145,20,0,0.52968216
146,7,0,0.45156047
147,18,0,0.6066871
148,14,0,0.5918881
149,16,0,0.35317254
150,6,0,0.35567242
151,7,1,0.7445256
152,25,0,0.63432586
153,21,0,0.3641621
154,13,0,0.2925982
155,24,0,0.3629284
156,9,0,0.3363232
157,3,0,0.6358792
158,24,1,0.31047228
159,3,1,0.65196246
160,16,1,0.38187015
161,26,1,0.36306247
162,10,0,0.66791344
163,23,0,0.7115479
164,10,1,0.65566933
165,4,1,0.64994586
166,25,1,0.8089469
167,23,1,0.5442048
168,13,0,0.47437853
169,7,1,0.5512929
170,1,1,0.7498131
171,16,0,0.62593853
172,11,1,0.6397357
173,11,1,0.6408231
174,25,1,0.59081113
175,20,1,0.5857796
176,20,0,0.40863445
177,10,0,0.40482464
178,25,1,0.4074758
179,7,1,0.64793104
180,2,1,0.46493334
181,12,0,0.79336286
182,21,1,0.812348
183,8,0,0.6890625
184,24,0,0.32590756
185,8,1,0.3410001
186,23,0,0.52884144
187,28,0,0.45334917
188,22,0,0.29813424
189,26,0,0.4740287
190,26,0,0.38743246
191,24,0,0.5932554
192,18,0,0.24804837
193,0,0,0.5068346
194,4,0,0.2598119
195,21,0,0.7567057
196,5,1,0.7387158
197,10,0,0.34787512
198,28,0,0.37585983
199,2,0,0.3603688
200,8,0,0.40973267
201,15,0,0.5528082
202,4,0,0.25147375
203,26,1,0.29523233
204,26,1,0.6913816
205,20,1,0.3101141
206,13,1,0.72171414
207,5,0,0.5500756
208,12,0,0.45487085
209,22,0,0.6115523
210,3,1,0.70322585
211,17,0,0.7238535
212,22,1,0.41353962
213,13,0,0.566561
214,9,0,0.26336873
215,16,0,0.33800617
216,4,0,0.64096314
217,11,1,0.72919333
218,9,1,0.36802813
219,11,1,0.2838291
220,10,0,0.43870264
221,4,1,0.7265375
222,17,0,0.7571838
223,10,1,0.22046818
224,6,1,0.28968948
225,13,0,0.22830026
226,12,1,0.5141612
227,11,0,0.5418746
228,25,1,0.38074848
229,9,1,0.41623563
230,16,0,0.3472678
231,1,1,0.6631335
232,21,1,0.5575338
233,21,1,0.33832142
234,13,0,0.4665444
235,23,0,0.3648643
236,26,0,0.32844555
237,13,1,0.5378878
238,22,1,0.23314309
239,8,0,0.38807473
240,25,0,0.36318892
241,3,0,0.61247295
242,12,1,0.7758715
243,25,1,0.5804596
244,14,1,0.6462662
245,25,0,0.24666601
246,10,1,0.2628754
247,24,0,0.5103728
248,15,1,0.44690523
249,15,1,0.4077271
250,18,1,0.6742473
251,16,1,0.7632484
252,5,0,0.42073965
253,1,1,0.58450586
254,8,0,0.435385
255,10,1,0.35962787
256,22,0,0.2467633
257,28,1,0.43772495
258,9,1,0.30430406
259,26,1,0.540595
260,18,0,0.25524494
261,14,1,0.4110928
262,11,1,0.70133084
263,25,0,0.63786995
264,12,1,0.40585974
265,6,0,0.35843796
266,16,0,0.45544252
267,13,1,0.3016982
268,27,0,0.28372258
269,0,1,0.588449
270,1,0,0.51292574
271,11,1,0.7536773
272,4,1,0.6033651
273,15,0,0.61000144
274,16,1,0.7715499
275,25,1,0.33791873
276,3,1,0.32440525
277,1,1,0.7004049
278,10,1,0.6093346
279,13,1,0.5443438
280,13,1,0.6546183
281,16,1,0.5894291
282,21,1,0.51752645
283,0,1,0.3655463
284,7,0,0.73730534
285,1,0,0.6141626
286,13,0,0.3696032
287,1,1,0.7202982
288,10,0,0.47827464
289,16,0,0.29308364
290,27,0,0.3613476
291,28,1,0.4450747
292,12,0,0.36841437
293,25,1,0.27535442
294,25,0,0.7250634
295,2,1,0.6726
296,25,0,0.52680117
297,16,0,0.56226206
298,3,1,0.3517673
299,25,0,0.64268357
300,12,0,0.36447844
301,8,0,0.42966235
302,6,0,0.72001475
303,16,0,0.55780333
304,23,0,0.6419951
305,22,0,0.37615538
306,23,0,0.44918773
307,0,0,0.4953871
308,15,0,0.33506343
309,3,1,0.58635557
310,27,0,0.6906403
311,15,1,0.45902047
312,12,0,0.33310944
313,22,0,0.2942078
314,2,0,0.43536502
315,4,1,0.4098062
316,15,0,0.4529345
317,4,1,0.5508498
318,18,0,0.25753218
319,21,0,0.4505209
320,5,0,0.6023312
321,14,1,0.45836478
322,13,0,0.6771951
323,13,0,0.31043348
324,13,1,0.73985034
325,13,1,0.5039802
326,10,1,0.3715864
327,13,0,0.6589488
328,9,0,0.4834655
329,17,1,0.5492032
330,21,1,0.725099
331,26,0,0.40875342
332,7,0,0.28770906
333,22,0,0.24365537
334,27,0,0.557169
335,8,1,0.5069291
336,8,0,0.43444183
337,13,0,0.3372026
338,13,1,0.40352535
339,14,1,0.37164885
340,16,1,0.8524673
341,27,0,0.34333724
342,22,1,0.4642729
343,11,1,0.3634565
344,6,1,0.7985846
345,5,1,0.41788086
346,12,0,0.72916174
347,21,0,0.4892565
348,10,1,0.34069481
349,26,0,0.4105681
350,14,1,0.5645566
351,18,0,0.36342764
352,28,0,0.6075532
353,2,1,0.5392689
354,21,0,0.5462522
355,23,1,0.6392268
356,16,1,0.68920547
357,27,0,0.24738769
358,17,1,0.60920495
359,27,1,0.73061377
360,9,1,0.5874191
361,13,0,0.30367315
362,20,1,0.21530284
363,15,0,0.36346695
364,28,0,0.3198201
365,8,1,0.85227317
366,12,0,0.29991353
367,8,1,0.7329491
368,2,1,0.6761391
369,25,1,0.6555535
370,18,1,0.4063795
371,10,0,0.23502779
372,16,1,0.70653427
373,1,0,0.5005977
374,11,0,0.22493955
375,1,1,0.49982488
376,25,0,0.67146826
377,13,1,0.72587025
378,15,1,0.6969963
379,1,1,0.40169707
380,22,0,0.71730405
381,11,0,0.6544019
382,26,0,0.6973862
383,17,1,0.7433217
384,26,0,0.3306218
385,10,1,0.43634725
386,13,0,0.26037428
387,2,1,0.43993413
388,22,1,0.3101118
389,4,1,0.8192034
390,12,1,0.8167873
391,8,0,0.38834566
392,12,0,0.28485626
393,13,1,0.6164867
394,2,0,0.5122206
395,13,1,0.5084138
396,2,0,0.554886
397,16,1,0.44395462
398,2,1,0.63467014
399,9,1,0.51824456
400,17,1,0.60606825
401,8,0,0.47894987
402,25,1,0.45284024
403,12,1,0.54330397
404,2,1,0.81217283
405,15,1,0.8233583
406,7,1,0.47191086
407,13,0,0.41812292
408,25,1,0.52284676
409,22,0,0.7381322
410,15,1,0.62966985
411,15,1,0.7020647
412,13,1,0.6635158
413,20,0,0.53123295
414,19,1,0.5037263
415,3,1,0.7221597
416,24,0,0.60031223
417,23,1,0.82542616
418,20,1,0.7670301
419,11,1,0.6811495
420,8,0,0.46541843
421,26,1,0.38840297
422,12,1,0.5270805
423,9,0,0.5213877
424,3,0,0.6845208
425,13,1,0.6312633
426,2,1,0.7098016
427,8,1,0.27157024
428,20,1,0.60508054
429,11,0,0.49380413
430,7,0,0.34947097
431,12,1,0.700041
432,27,1,0.73753166
433,4,0,0.5611995
434,8,1,0.36861697
435,8,0,0.3696038
436,6,1,0.55448145
437,1,0,0.36636654
438,26,1,0.6939572
439,20,0,0.6450844
440,1,1,0.6709525
441,4,0,0.4828318
442,16,0,0.41392997
443,26,0,0.38135347
444,13,0,0.47998014
445,25,1,0.65223783
446,23,1,0.6740673
447,27,0,0.62522846
448,2,0,0.68431985
449,12,0,0.4177126
450,0,0,0.2598657
451,24,1,0.38731682
452,13,1,0.39644444
453,22,1,0.4097585
454,25,1,0.3183324
455,7,0,0.67904145
456,25,0,0.5713182
457,8,1,0.61987734
458,15,1,0.6870045
459,3,0,0.460253
460,0,0,0.47734162
461,10,1,0.29126257
462,9,1,0.29790667
463,7,0,0.42098984
464,16,0,0.53247577
465,28,1,0.43032926
466,3,0,0.5067867
467,26,1,0.54875284
468,8,1,0.39617172
469,17,1,0.6587795
470,7,1,0.34733695
471,26,1,0.84754527
472,23,1,0.384159
473,27,1,0.5466031
474,17,0,0.30428207
475,8,0,0.663939
476,16,0,0.47536486
477,9,1,0.63822913
478,7,1,0.6609975
479,23,0,0.34771726
480,0,0,0.5281437
481,9,1,0.59415
482,3,0,0.23451221
483,8,0,0.65086865
484,26,1,0.55841583
485,4,0,0.30723897
486,28,0,0.3849511
487,16,0,0.46529746
488,3,1,0.7822611
489,12,1,0.77506053
490,16,1,0.5723732
491,0,1,0.61058515
492,17,0,0.39997697
493,0,1,0.56215984
494,25,1,0.6381987
495,12,0,0.34927607
496,12,0,0.40176404
497,5,1,0.7963963
498,1,0,0.6084912
499,1,1,0.59745824
500,3,0,0.52174026
501,19,1,0.5847877
502,26,0,0.72404283
503,13,0,0.6027139
504,27,0,0.4000112
505,20,0,0.27317804
506,22,1,0.51242197
507,17,0,0.4093841
508,6,0,0.5199448
509,9,0,0.3273009
510,20,0,0.43865067
511,8,1,0.49498793
512,23,1,0.74908966
513,7,1,0.68474114
514,28,1,0.8382948
515,15,0,0.61423063
516,3,1,0.57971835
517,25,1,0.25337493
518,9,0,0.38955128
519,3,0,0.581621
520,4,0,0.38998544
521,20,0,0.53808767
522,7,0,0.4516512
523,8,1,0.46358332
524,11,1,0.3628921
525,13,1,0.31354704
526,8,0,0.60782945
527,21,0,0.24486469
528,13,1,0.58068067
529,0,0,0.24391955
530,1,0,0.65438026
531,14,0,0.65298337
532,22,0,0.63313395
533,7,0,0.38488194
534,1,1,0.653879
535,15,1,0.6571638
536,11,0,0.27531496
537,13,0,0.44374648
538,1,0,0.5756538
539,26,1,0.599778
540,25,1,0.8083673
541,2,1,0.7085069
542,27,0,0.31191432
543,15,0,0.35782775
544,15,1,0.5805952
545,15,0,0.5733365
546,1,0,0.33922207
547,20,1,0.5323622
548,9,0,0.48588386
549,12,1,0.5199369
550,26,1,0.29077166
551,2,1,0.3087338
552,12,1,0.36917153
553,23,0,0.49392587
554,20,1,0.47545102
555,12,1,0.23207538
556,0,1,0.41577408
557,19,0,0.25450808
558,13,1,0.77471024
559,1,0,0.7289913
560,9,0,0.3673217
561,0,0,0.4863485
562,10,1,0.28570965
563,18,0,0.6324822
564,7,1,0.54601645
565,19,0,0.45631045
566,19,0,0.4925623
567,8,1,0.2253311
568,4,0,0.5822596
569,14,0,0.73776704
570,12,1,0.6068608
571,1,1,0.563083
572,6,0,0.48286206
573,8,1,0.84283036
574,10,1,0.57239354
575,14,1,0.7005068
576,22,0,0.4127701
577,15,1,0.684177
578,7,0,0.73120236
579,7,1,0.7509806
580,9,1,0.23612168
581,18,1,0.6877412
582,6,1,0.7299295
583,8,1,0.79669327
584,25,0,0.33409622
585,1,0,0.6067711
586,14,1,0.6145605
587,22,0,0.7777679
588,28,1,0.5730365
589,25,1,0.6855107
590,8,0,0.25665826
591,25,0,0.25843623
592,8,0,0.197179
593,8,1,0.69964623
594,14,0,0.47665393
595,13,1,0.7298374
596,14,1,0.54312485
597,22,1,0.8367344
598,0,0,0.49829838
599,8,1,0.66312
600,13,0,0.29094276
601,2,1,0.49927044
602,16,0,0.35095543
603,25,0,0.4609262
604,12,1,0.73022693
605,27,1,0.63911444
606,22,1,0.40324798
607,27,1,0.72376215
608,8,0,0.62731886
609,14,1,0.6479961
610,13,0,0.3052067
611,18,0,0.30330247
612,1,0,0.40714192
613,20,1,0.32220995
614,0,1,0.8062863
615,16,1,0.48860925
616,16,0,0.4743401
617,12,0,0.58052397
618,15,1,0.7343639
619,22,1,0.7222411
620,6,1,0.5974104
621,22,1,0.7154454
622,22,0,0.62965935
623,1,1,0.72178125
624,13,0,0.25014535
625,7,0,0.3353748
626,25,0,0.43130305
627,18,1,0.51215374
628,14,0,0.68785334
629,1,0,0.6521899
630,13,1,0.23631112
631,7,1,0.73814446
632,8,0,0.38006866
633,8,0,0.65118134
634,17,1,0.5520564
635,8,0,0.5233641
636,11,0,0.5869722
637,6,1,0.5361157
638,28,0,0.40173724
639,16,0,0.36473554
640,20,1,0.6418491
641,11,1,0.346075
642,26,1,0.6046899
643,21,1,0.51960385
644,1,0,0.41037264
645,16,1,0.3398357
646,21,1,0.5535967
647,27,1,0.6079372
648,7,1,0.5212137
649,17,0,0.5178442
650,16,0,0.55041933
651,11,0,0.6346564
652,4,0,0.7308722
653,27,1,0.7769005
654,13,1,0.6204434
655,8,1,0.51952755
656,4,0,0.36120564
657,5,0,0.36381432
658,16,1,0.73970026
659,10,0,0.2681914
660,15,1,0.45143163
661,0,1,0.7104077
662,16,1,0.37501413
663,21,1,0.43552488
664,12,0,0.2735182
665,7,1,0.68191904
666,25,0,0.44080546
667,23,0,0.53170055
668,19,1,0.7358837
669,15,0,0.42110893
670,25,1,0.7939884
671,25,0,0.35638002
672,18,1,0.29389116
673,28,1,0.40744412
674,27,0,0.3272974
675,11,1,0.6170708
676,1,1,0.42255434
677,14,0,0.2977434
678,1,0,0.61218995
679,21,1,0.576959
680,10,1,0.3160689
681,22,1,0.49706605
682,11,1,0.65903664
683,6,1,0.5058029
684,10,0,0.712138
685,25,1,0.7938445
686,22,0,0.21188477
687,26,0,0.46044564
688,21,1,0.42801437
689,7,1,0.7457848
690,16,1,0.45999098
691,13,1,0.6288583
692,5,1,0.7234491
693,2,0,0.3060712
694,27,1,0.3495204
695,25,1,0.6295066
696,1,0,0.4328857
697,14,1,0.28861535
698,1,1,0.4628423
699,16,0,0.28383705
700,6,0,0.3502838
701,1,1,0.5121718
702,14,0,0.33804238
703,21,0,0.58901167
704,27,0,0.55924475
705,18,0,0.3333841
706,21,0,0.35399982
707,5,1,0.52654755
708,10,0,0.3517526
709,25,0,0.399521
710,1,0,0.44082394
711,2,1,0.41515735
712,20,0,0.36123002
713,25,0,0.59083
714,20,0,0.4580937
715,25,1,0.65120155
716,25,0,0.3593273
717,16,0,0.35727695
718,13,0,0.21789543
719,18,0,0.43203902
720,13,1,0.78864986
721,15,0,0.6357755
722,17,0,0.69296104
723,21,1,0.64867985
724,11,1,0.30394375
725,6,0,0.36382973
726,23,1,0.6254308
727,25,1,0.6530616
728,20,1,0.40816182
729,13,1,0.682294
730,16,0,0.46213898
731,27,1,0.63357437
732,23,0,0.710059
733,13,1,0.64930224
734,21,1,0.7791938
735,23,0,0.48091015
736,16,0,0.25858182
737,17,1,0.7221121
738,23,0,0.294975
739,18,1,0.37677795
740,27,1,0.4525899
741,22,1,0.473081
742,14,1,0.44363987
743,12,0,0.6440107
744,3,1,0.734832
745,25,1,0.63499653
746,8,1,0.3336048
747,27,1,0.48757857
748,1,0,0.65093887
749,4,0,0.4057535
750,14,0,0.5444214
751,10,0,0.37462142
752,26,0,0.60430354
753,22,1,0.52993906
754,1,0,0.30657145
755,13,0,0.7231919
756,2,0,0.45291618
757,27,0,0.64853245
758,14,0,0.38095847
759,18,0,0.22674054
760,2,1,0.64637274
761,18,0,0.27828512
762,3,1,0.7632021
763,7,1,0.47516605
764,18,0,0.3891687
765,12,1,0.36853322
766,9,0,0.4091711
767,26,0,0.49674988
768,13,1,0.762828
769,10,1,0.30711728
770,11,1,0.8362927
771,17,0,0.47651976
772,4,0,0.36760017
773,15,0,0.24420922
774,25,1,0.27484128
775,23,1,0.59176964
776,19,1,0.4796504
777,11,1,0.70975316
778,26,1,0.36050946
779,2,1,0.51404697
780,18,1,0.4232533
781,16,0,0.73821414
782,2,0,0.5922261
783,26,0,0.2749636
784,3,1,0.60389644
785,23,1,0.8127652
786,16,1,0.43399733
787,0,0,0.22129115
788,14,0,0.34049493
789,10,0,0.36138532
790,4,0,0.28607088
791,15,1,0.6383439
792,13,1,0.6186394
793,8,0,0.5943985
794,25,1,0.46541777
795,16,1,0.35609016
796,22,1,0.33444333
797,14,1,0.5148967
798,14,0,0.3562933
799,19,1,0.62591004
800,17,0,0.42609063
801,27,0,0.38001242
802,12,0,0.4836465
803,2,0,0.4425447
804,22,1,0.6530134
805,13,0,0.32791457
806,9,0,0.4986335
807,25,0,0.41178456
808,7,0,0.35371137
809,28,0,0.4339531
810,27,1,0.7988855
811,2,1,0.6442424
812,2,1,0.22368605
813,14,1,0.6456129
814,16,1,0.6413191
815,13,0,0.44556123
816,13,0,0.21995956
817,5,0,0.6376227
818,16,1,0.40795654
819,18,1,0.7532796
820,8,0,0.3868803
821,11,0,0.40963185
822,20,1,0.4105251
823,2,1,0.47187343
824,8,0,0.41964987
825,16,1,0.7401596
826,15,1,0.6529079
827,15,1,0.36945432
828,5,0,0.28501
829,7,0,0.5028403
830,27,0,0.47493523
831,22,0,0.5622892
832,11,1,0.4224551
833,18,0,0.36894718
834,10,0,0.27600667
835,28,1,0.37112433
836,0,1,0.65344083
837,10,1,0.5735135
838,16,0,0.6022628
839,22,0,0.36104128
840,2,1,0.52503836
841,15,1,0.3992256
842,11,0,0.2420196
843,19,0,0.7123204
844,11,0,0.29145515
845,4,0,0.433571
846,26,0,0.3493545
847,12,1,0.25061843
848,1,0,0.31493598
849,14,0,0.4535122
850,26,0,0.34020653
851,12,0,0.23654531
852,1,1,0.8399328
853,4,1,0.7590571
854,15,0,0.31548727
855,6,1,0.69655377
856,25,1,0.3196883
857,1,1,0.5167828
858,7,0,0.3509281
859,14,0,0.62006336
860,11,1,0.70704776
861,10,1,0.40726793
862,25,0,0.238046
863,15,1,0.7378777
864,27,0,0.34551907
865,0,0,0.39458066
866,7,1,0.7438289
867,4,1,0.411686
868,13,0,0.48831216
869,10,1,0.7380254
870,10,1,0.37188715
871,8,0,0.30960757
872,18,0,0.25311866
873,12,0,0.7596398
874,16,0,0.3529723
875,16,0,0.34845015
876,15,0,0.38272455
877,15,1,0.56947285
878,2,1,0.32596323
879,8,0,0.49634114
880,19,1,0.5571624
881,16,0,0.33894756
882,16,0,0.40275046
883,28,1,0.7418897
884,2,1,0.68699604
885,10,1,0.5349155
886,26,0,0.2152279
887,12,0,0.32174572
888,28,1,0.68354744
889,13,0,0.36807495
890,25,0,0.78681415
891,25,1,0.36331844
892,25,0,0.4258546
893,8,0,0.42394525
894,8,1,0.8439393
895,26,1,0.3390894
896,11,1,0.31425342
897,7,1,0.5024516
898,8,1,0.62919927
899,26,0,0.43788823
900,22,1,0.54821014
901,2,0,0.61609524
902,20,1,0.5674759
903,17,1,0.35863313
904,15,1,0.7492548
905,1,1,0.3311019
906,1,0,0.54300374
907,10,0,0.5608547
908,8,1,0.7911056
909,2,0,0.65119165
910,17,1,0.75274104
911,17,0,0.31872633
912,15,0,0.36349127
913,12,0,0.25944403
914,0,0,0.46182913
915,8,1,0.57358587
916,17,0,0.32382515
917,11,0,0.3928534
918,2,1,0.575619
919,14,0,0.35882753
920,13,1,0.24636807
921,19,0,0.3414747
922,3,0,0.4400547
923,22,1,0.43534243
924,15,0,0.74809307
925,16,0,0.20974953
926,11,1,0.5925096
927,22,0,0.23128447
928,17,0,0.48882377
929,5,0,0.39266017
930,23,1,0.61709625
931,0,0,0.22482255
932,24,0,0.36628777
933,18,0,0.6168399
934,19,1,0.27451235
935,2,1,0.7753539
936,3,0,0.6536639
937,10,0,0.57459617
938,11,0,0.31885645
939,11,0,0.37819597
940,16,0,0.38552096
941,12,1,0.39130643
942,21,0,0.32023925
943,18,1,0.41910514
944,22,0,0.5635838
945,11,0,0.533178
946,28,0,0.6509153
947,18,0,0.3243134
948,27,0,0.5413245
949,22,0,0.3913628
950,15,1,0.59828174
951,11,0,0.544472
952,13,0,0.2905032
953,17,0,0.73986745
954,18,0,0.31092423
955,1,0,0.714814
956,5,1,0.35785243
957,13,0,0.363826
958,25,0,0.42105323
959,17,1,0.8394641
960,2,1,0.50688213
961,7,1,0.36879462
962,18,0,0.59554845
963,10,0,0.5043423
964,13,1,0.40371943
965,4,0,0.32245466
966,7,1,0.21059477
967,26,1,0.6057111
968,25,1,0.6443206
969,11,1,0.37226734
970,2,0,0.33614948
971,20,0,0.2565191
972,2,1,0.6582127
973,7,0,0.67692405
974,17,1,0.21129157
975,10,0,0.64707863
976,1,1,0.81609404
977,11,0,0.50573754
978,26,0,0.73707074
979,7,1,0.707312
980,2,1,0.61607677
981,18,1,0.5823087
982,3,1,0.7524975
983,11,1,0.6573962
984,8,0,0.21327506
985,6,1,0.58820194
986,16,0,0.27595964
987,16,1,0.4811765
988,6,0,0.52295554
989,13,1,0.62408566
990,16,1,0.34441525
991,2,0,0.64199007
992,15,1,0.6225325
993,10,0,0.3021284
994,15,1,0.42186642
995,0,1,0.45418867
996,18,1,0.6062198
997,3,1,0.57294405
998,10,0,0.62454826
999,7,1,0.36154172
1000,18,0,0.49600914
1001,5,0,0.55219394
1002,5,1,0.65375423
1003,6,1,0.80571425
1004,24,0,0.24912332
1005,28,1,0.6653407
1006,10,1,0.47186083
1007,9,0,0.59117424
1008,28,1,0.6510573
1009,13,0,0.33806247
1010,12,0,0.2677517
1011,10,1,0.72749525
1012,10,0,0.29332915
1013,14,1,0.74732393
1014,22,0,0.33512315
1015,19,0,0.3175512
1016,23,0,0.42621237
1017,23,0,0.40371552
1018,6,1,0.44796172
1019,15,1,0.45257804
1020,12,0,0.5050718
1021,26,0,0.32176438
1022,10,0,0.3534796
1023,12,1,0.80296105
1024,14,0,0.6266109
1025,8,1,0.6083454
1026,1,1,0.655945
1027,10,1,0.64762944
1028,22,0,0.23070812
1029,28,0,0.40928712
1030,17,0,0.51877695
1031,5,1,0.79391295
1032,0,1,0.41499895
1033,10,0,0.33979756
1034,8,1,0.63653827
1035,13,1,0.6800598
1036,19,0,0.47224846
1037,16,0,0.36404485
1038,1,0,0.434874
1039,12,0,0.26590264
1040,13,0,0.36127514
1041,18,0,0.52448136
1042,1,1,0.7137322
1043,18,0,0.4231072
1044,25,1,0.2937456
1045,11,0,0.29861334
1046,9,0,0.3186941
1047,19,0,0.6099187
1048,1,0,0.483802
1049,12,1,0.50036985
1050,10,0,0.4143175
1051,18,1,0.79657155
1052,9,0,0.2876448
1053,12,1,0.4539575
1054,18,0,0.6452918
1055,7,1,0.71957546
1056,24,0,0.39597708
1057,18,1,0.62636465
1058,16,0,0.55142796
1059,12,0,0.67039114
1060,19,1,0.3297468
1061,22,1,0.5083191
1062,10,0,0.27443555
1063,4,0,0.2925464
1064,11,0,0.4293092
1065,26,0,0.50869477
1066,24,1,0.35891291
1067,26,1,0.35174668
1068,0,0,0.6859304
1069,27,0,0.77195436
1070,15,0,0.42636323
1071,1,1,0.6474075
1072,6,1,0.5910816
1073,17,1,0.76792777
1074,22,1,0.5029835
1075,16,1,0.72359765
1076,5,1,0.70853865
1077,27,1,0.6763861
1078,2,1,0.8272505
1079,25,1,0.74879336
1080,0,0,0.3982636
1081,24,0,0.5343914
1082,21,1,0.73005
1083,12,1,0.4177526
1084,24,1,0.53779703
1085,13,1,0.8139215
1086,20,0,0.4221554
1087,2,1,0.41131192
1088,5,0,0.346955
1089,14,1,0.66271263
1090,14,1,0.3514899
1091,26,0,0.5753813
1092,16,0,0.29576084
1093,12,1,0.4855303
1094,3,1,0.6172341
1095,25,0,0.66405386
1096,13,0,0.56383896
1097,4,1,0.59037286
1098,26,1,0.7128342
1099,2,0,0.32278323
1100,27,0,0.3177426
1101,19,0,0.2644875
1102,22,1,0.77043635
1103,15,0,0.55198574
1104,18,1,0.25662774
1105,9,1,0.6593107
1106,4,1,0.5478534
1107,3,1,0.54675376
1108,25,1,0.61153495
1109,13,0,0.44595253
1110,5,0,0.35454327
1111,16,0,0.34615391
1112,0,0,0.55277115
1113,2,1,0.6015472
1114,26,1,0.50069505
1115,22,1,0.48669934
1116,13,1,0.42863193
1117,2,1,0.564093
1118,22,1,0.63575894
1119,10,1,0.7830045
1120,15,0,0.33771554
1121,13,1,0.57917666
1122,1,1,0.3553719
1123,14,1,0.5746959
1124,13,0,0.34984338
1125,0,0,0.25987566
1126,24,0,0.3073252
1127,21,0,0.32132185
1128,2,0,0.7032929
1129,8,1,0.66071934
1130,11,1,0.65583247
1131,26,0,0.22236726
1132,20,0,0.5613823
1133,13,0,0.4480262
1134,24,0,0.39058077
1135,20,0,0.40723383
1136,13,0,0.49656186
1137,13,0,0.636146
1138,12,0,0.38421538
1139,15,1,0.7392901
1140,4,0,0.31638974
1141,2,0,0.6047522
1142,26,1,0.85543615
1143,2,1,0.7326425
1144,22,0,0.43581086
1145,14,1,0.70071805
1146,4,1,0.32445198
1147,25,1,0.33890337
1148,25,0,0.4447798
1149,13,1,0.37153164
1150,25,0,0.32488695
1151,17,0,0.43017754
1152,5,0,0.3321822
1153,28,0,0.42240226
1154,1,0,0.3775886
1155,6,0,0.3219167
1156,13,1,0.60661316
1157,11,1,0.8034748
1158,15,0,0.42697793
1159,16,0,0.40311226
1160,10,1,0.40590099
1161,2,0,0.36546013
1162,1,1,0.7040594
1163,6,0,0.6241902
1164,13,0,0.25974268
1165,18,0,0.36335912
1166,10,0,0.44677034
1167,16,1,0.6635629
1168,0,0,0.4196601
1169,16,0,0.6236196
1170,25,0,0.2501555
1171,2,1,0.48564354
1172,12,1,0.46285582
1173,20,0,0.3243411
1174,1,0,0.6190419
1175,6,0,0.29885346
1176,10,0,0.42933798
1177,2,0,0.39091998
1178,8,0,0.34255067
1179,22,0,0.54762757
1180,16,0,0.35482866
1181,16,0,0.47996426
1182,16,0,0.2788058
1183,16,1,0.64468515
1184,13,1,0.40343034
1185,15,0,0.38942397
1186,16,1,0.5601801
1187,12,1,0.58462054
1188,2,0,0.42028353
1189,1,0,0.38043892
1190,27,1,0.38234392
1191,1,1,0.63070315
1192,7,0,0.36608696
1193,7,0,0.36101824
1194,13,1,0.63298213
1195,24,0,0.21600227
1196,11,0,0.228795
1197,20,0,0.31231883
1198,25,0,0.7624953
1199,4,1,0.5877312
1200,16,0,0.2185503
1201,22,0,0.5540754
1202,4,1,0.4615059
1203,12,0,0.22858115
1204,15,0,0.5980007
1205,16,0,0.41764155
1206,24,0,0.3482344
1207,21,1,0.44806924
1208,12,0,0.36609563
1209,7,0,0.4388046
1210,17,1,0.33982497
1211,16,0,0.54422826
1212,6,0,0.6491181
1213,28,1,0.73293203
1214,13,0,0.3600193
1215,8,0,0.31793112
1216,21,1,0.35854715
1217,11,0,0.37913242
1218,11,0,0.3494336
1219,2,1,0.7416193
1220,16,1,0.37314543
1221,28,1,0.76408523
1222,25,1,0.51790845
1223,16,0,0.5688821
1224,2,0,0.31308994
1225,17,0,0.62296647
1226,14,0,0.65249217
1227,24,0,0.61416245
1228,14,1,0.41220057
1229,13,1,0.6669554
1230,26,0,0.25651854
1231,5,0,0.5463291
1232,2,1,0.79967993
1233,25,1,0.42506042
1234,15,0,0.7039303
1235,1,0,0.40918162
1236,17,0,0.7280755
1237,16,1,0.40895253
1238,16,1,0.68272376
1239,27,1,0.64781404
1240,10,0,0.61460525
1241,13,0,0.71375716
1242,6,0,0.70968664
1243,15,1,0.3742475
1244,3,0,0.7301498
1245,15,0,0.4807797
1246,4,1,0.6903376
1247,8,1,0.57989174
1248,25,0,0.35712194
1249,15,0,0.36743492
1250,12,1,0.41361374
1251,8,0,0.53238136
1252,10,0,0.37702388
1253,14,1,0.22519778
1254,13,1,0.32938394
1255,13,0,0.43032405
1256,27,0,0.4475881
1257,11,1,0.6532366
1258,12,0,0.4116624
1259,24,0,0.7263666
1260,27,0,0.49903437
1261,27,0,0.6453651
1262,1,1,0.63042915
1263,22,0,0.36901784
1264,7,0,0.24786071
1265,19,1,0.29652053
1266,0,1,0.28331
1267,14,0,0.4303682
1268,14,0,0.27562723
1269,25,1,0.48677516
1270,22,0,0.25268754
1271,25,1,0.7657598
1272,8,1,0.3244643
1273,10,1,0.6658734
1274,24,1,0.5972977
1275,0,0,0.39406225
1276,24,1,0.6032568
1277,14,1,0.4229617
1278,25,0,0.35247853
1279,10,0,0.47125497
1280,4,0,0.79766756
1281,26,1,0.54704094
1282,28,0,0.577363
1283,17,0,0.35779777
1284,16,1,0.6215034
1285,9,0,0.53919
1286,27,1,0.7884273
1287,1,0,0.2384532
1288,22,0,0.5209129
1289,4,0,0.69599175
1290,26,1,0.6420408
1291,3,0,0.42661163
1292,11,0,0.64043313
1293,28,1,0.8104778
1294,12,1,0.6078513
1295,26,0,0.3597008
1296,16,1,0.856995
1297,1,0,0.63930243
1298,23,0,0.40858164
1299,19,0,0.37723544
1300,15,1,0.7496159
1301,11,0,0.55453527
1302,10,1,0.74351996
1303,15,0,0.27233025
1304,23,0,0.640375
1305,23,0,0.3212181
1306,2,1,0.36124927
1307,5,1,0.4283829
1308,16,1,0.46304396
1309,0,0,0.75159824
1310,11,0,0.557219
1311,13,0,0.48462164
1312,25,1,0.8423067
1313,6,0,0.5461629
1314,11,0,0.23976308
1315,22,0,0.42007986
1316,16,1,0.45795175
1317,5,0,0.41331032
1318,12,0,0.3602873
1319,12,1,0.6056755
1320,2,1,0.7536957
1321,6,1,0.51632947
1322,24,1,0.56141293
1323,2,1,0.36213386
1324,13,0,0.38269556
1325,15,1,0.57924813
1326,14,0,0.3522384
1327,28,1,0.59342504
1328,16,0,0.35287353
1329,17,1,0.68807024
1330,4,1,0.6545469
1331,17,1,0.81540805
1332,2,0,0.6890857
1333,11,0,0.22591688
1334,10,0,0.25388002
1335,7,1,0.64019305
1336,12,0,0.3439315
1337,9,1,0.65084416
1338,10,1,0.80591226
1339,18,1,0.44641408
1340,6,1,0.7905182
1341,26,0,0.34376886
1342,1,0,0.355466
1343,16,0,0.33139592
1344,23,0,0.64047056
1345,23,0,0.41064867
1346,22,0,0.2048966
1347,3,1,0.5781825
1348,4,1,0.6376581
1349,7,0,0.72818345
1350,16,1,0.37078536
1351,1,1,0.500524
1352,28,1,0.70616955
1353,13,1,0.6516009
1354,6,1,0.37991467
1355,15,1,0.6164527
1356,15,1,0.5470569
1357,7,1,0.5960605
1358,1,1,0.6169403
1359,15,0,0.26274392
1360,0,1,0.4062439
1361,1,0,0.4778077
1362,21,1,0.32724115
1363,8,1,0.65498704
1364,10,0,0.45234266
1365,18,0,0.54121614
1366,25,0,0.40809998
1367,22,1,0.36225617
1368,2,1,0.24617726
1369,16,0,0.63294744
1370,10,1,0.5791811
1371,12,0,0.27908027
1372,8,0,0.28572887
1373,22,1,0.64502966
1374,13,0,0.49896622
1375,3,1,0.57935673
1376,13,0,0.55746037
1377,8,1,0.7165218
1378,20,1,0.5263461
1379,11,0,0.42787233
1380,7,0,0.54303455
1381,21,0,0.53512627
1382,12,0,0.4597081
1383,26,1,0.7510557
1384,18,1,0.574628
1385,26,0,0.21653573
1386,8,1,0.41418433
1387,25,1,0.5673512
1388,7,0,0.49260443
1389,22,1,0.7304304
1390,6,0,0.3136808
1391,16,0,0.38614708
1392,10,1,0.6297908
1393,22,1,0.7798998
1394,3,0,0.23626253
1395,27,0,0.66130096
1396,22,1,0.5721785
1397,26,1,0.6179802
1398,3,0,0.39273268
1399,2,0,0.5359765
1400,11,1,0.5522286
1401,16,1,0.6709104
1402,2,0,0.70670664
1403,0,0,0.3884945
1404,1,1,0.6786716
1405,14,0,0.22602557
1406,28,1,0.57745904
1407,8,1,0.4942912
1408,4,0,0.5833251
1409,8,0,0.38741732
1410,11,0,0.3714954
1411,27,1,0.6160737
1412,17,1,0.81218934
1413,1,1,0.42902774
1414,17,1,0.3355959
1415,10,0,0.578914
1416,28,1,0.547655
1417,16,1,0.60065764
1418,23,1,0.59055793
1419,5,1,0.24850965
1420,25,1,0.40877563
1421,4,1,0.5323335
1422,12,0,0.40170664
1423,12,0,0.56500417
1424,16,1,0.54963136
1425,27,1,0.3974991
1426,20,1,0.63801885
1427,19,1,0.6074462
1428,27,0,0.7191414
1429,18,1,0.3584763
1430,15,1,0.549262
1431,28,1,0.35683382
1432,16,0,0.48268756
1433,6,0,0.4565811
1434,20,0,0.41353562
1435,24,0,0.6208164
1436,25,1,0.45470476
1437,8,0,0.72865134
1438,2,0,0.37147778
1439,5,1,0.54044235
1440,21,1,0.5796957
1441,3,1,0.73754835
1442,27,0,0.22768769
1443,16,1,0.81555223
1444,3,1,0.5453228
1445,13,0,0.50701755
1446,3,0,0.5261169
1447,3,0,0.630608
1448,15,1,0.61260664
1449,11,0,0.35641465
1450,18,0,0.30776116
1451,14,1,0.22407332
1452,9,1,0.5722583
1453,10,1,0.50545603
1454,26,0,0.24390242
1455,10,1,0.622815
1456,10,1,0.36999956
1457,8,0,0.6749009
1458,12,1,0.40671438
1459,0,1,0.40305755
1460,23,0,0.2582674
1461,4,1,0.61119413
1462,24,0,0.39072353
1463,19,1,0.582726
1464,21,1,0.5281564
1465,18,1,0.66849226
1466,26,1,0.42476708
1467,16,0,0.42196986
1468,0,1,0.6560031
1469,10,1,0.65416175
1470,18,0,0.24805266
1471,27,0,0.2782678
1472,12,1,0.3872394
1473,25,1,0.7158396
1474,19,0,0.3252156
1475,20,1,0.33673906
1476,20,0,0.4158381
1477,16,0,0.44290134
1478,16,0,0.23499534
1479,26,0,0.36924803
1480,13,0,0.7191975
1481,10,1,0.4314055
1482,14,0,0.5123191
1483,10,1,0.27015424
1484,6,0,0.28918037
1485,25,1,0.61850435
1486,3,1,0.35357434
1487,23,1,0.74707276
1488,23,1,0.79246145
1489,24,0,0.65323055
1490,27,0,0.36516386
1491,11,0,0.57073605
1492,6,0,0.30574384
1493,11,1,0.6543778
1494,28,1,0.39988956
1495,13,0,0.29006124
1496,27,0,0.46964818
1497,8,0,0.5075102
1498,15,0,0.43389764
1499,28,0,0.6421072
1500,17,1,0.6009669
1501,1,1,0.44431403
1502,15,1,0.81150115
1503,14,1,0.8149907
1504,14,0,0.4967211
1505,10,1,0.6315972
1506,15,1,0.57802624
1507,23,1,0.6621575
1508,2,0,0.29142573
1509,2,0,0.52492636
1510,23,0,0.43218166
1511,11,1,0.76885134
1512,19,0,0.43598402
1513,13,0,0.6270439
1514,6,0,0.65287805
1515,11,1,0.297325
1516,24,1,0.702218
1517,1,0,0.72504467
1518,13,0,0.6308932
1519,10,1,0.6796058
1520,1,0,0.39710847
1521,13,0,0.40530062
1522,8,0,0.39311916
1523,27,1,0.33109462
1524,16,1,0.7416312
1525,22,1,0.4393673
1526,17,1,0.34372064
1527,19,1,0.31127375
1528,11,0,0.38621643
1529,15,0,0.6320957
1530,16,1,0.58731
1531,2,1,0.63242805
1532,12,1,0.65793705
1533,13,1,0.34628007
1534,3,0,0.48446307
1535,10,1,0.4693137
1536,26,0,0.42047873
1537,20,0,0.37326613
1538,7,1,0.458154
1539,15,1,0.8266765
1540,12,0,0.4829846
1541,22,1,0.25575975
1542,4,1,0.2628723
1543,18,0,0.28817892
1544,6,1,0.28137276
1545,11,1,0.56591517
1546,10,0,0.25563315
1547,6,0,0.45905262
1548,17,1,0.24768905
1549,1,0,0.43001893
1550,22,0,0.3820313
1551,12,0,0.3376044
1552,16,0,0.3389232
1553,9,1,0.58668953
1554,2,0,0.4474288
1555,21,0,0.68796897
1556,17,0,0.41124582
1557,11,0,0.37384027
1558,16,1,0.3506726
1559,8,1,0.36044204
1560,20,1,0.4872223
1561,26,0,0.43641797
1562,1,0,0.37753096
1563,26,1,0.5673434
1564,1,0,0.43973407
1565,28,1,0.6474702
1566,11,0,0.5557956
1567,20,1,0.4671408
1568,16,0,0.45474786
1569,22,0,0.3391014
1570,13,0,0.27663448
1571,8,1,0.55641246
1572,25,0,0.21707428
1573,13,0,0.3206662
1574,1,0,0.34436503
1575,2,1,0.58176124
1576,6,1,0.29017702
1577,16,1,0.7932505
1578,13,0,0.26606104
1579,1,1,0.39727077
1580,25,1,0.31355655
1581,13,1,0.66466707
1582,22,0,0.48479703
1583,17,0,0.7402587
1584,13,0,0.39778087
1585,22,1,0.2576033
1586,22,0,0.44773313
1587,15,1,0.44622192
1588,27,0,0.40000755
1589,16,0,0.25440472
1590,14,1,0.4118048
1591,11,0,0.35724318
1592,3,1,0.36723718
1593,15,1,0.42864725
1594,2,0,0.40361205
1595,11,0,0.4384424
1596,6,0,0.36047873
1597,10,1,0.69975185
1598,13,1,0.57016677
1599,16,0,0.23989882
1600,28,1,0.6546688
1601,13,1,0.7556847
1602,17,1,0.64632446
1603,13,0,0.6127428
1604,13,0,0.313075
1605,18,0,0.2871394
1606,6,0,0.3664843
1607,15,0,0.7964597
1608,26,1,0.6233195
1609,9,0,0.34474894
1610,1,1,0.5763875
1611,14,1,0.7411964
1612,9,1,0.65044475
1613,13,1,0.3623994
1614,16,1,0.3973033
1615,17,1,0.6989984
1616,22,0,0.43147182
1617,16,0,0.27301332
1618,25,0,0.36694878
1619,7,0,0.24721299
1620,20,1,0.6646605
1621,27,1,0.5332256
1622,8,1,0.5566351
1623,25,1,0.6234998
1624,22,1,0.50070924
1625,23,0,0.59440035
1626,2,0,0.48566195
1627,12,0,0.38291627
1628,25,1,0.5806843
1629,25,0,0.25985295
1630,16,1,0.6802734
1631,20,0,0.54281557
1632,16,1,0.6515705
1633,1,1,0.74188656
1634,16,0,0.32251582
1635,25,0,0.29471552
1636,22,0,0.3149998
1637,17,0,0.5518298
1638,1,1,0.6998235
1639,16,0,0.6319086
1640,4,0,0.33143464
1641,2,1,0.714442
1642,8,0,0.22862978
1643,13,1,0.5119337
1644,15,1,0.24920547
1645,3,1,0.6021
1646,14,0,0.42974427
1647,16,0,0.34678766
1648,9,0,0.4859173
1649,8,1,0.6163747
1650,24,1,0.6846135
1651,25,0,0.23372991
1652,13,1,0.55502474
1653,1,1,0.3322838
1654,14,0,0.33047977
1655,25,0,0.7233537
1656,16,0,0.2846718
1657,7,0,0.2757429
1658,0,1,0.4576767
1659,1,1,0.37033018
1660,9,0,0.3512627
1661,10,0,0.548018
1662,10,0,0.4098334
1663,11,0,0.38786158
1664,16,1,0.68025655
1665,26,0,0.43740067
1666,13,0,0.2903389
1667,26,1,0.8424302
1668,19,1,0.2881216
1669,17,0,0.4629825
1670,11,0,0.427426
1671,15,1,0.64604104
1672,18,1,0.37703106
1673,23,0,0.5203136
1674,20,1,0.363589
1675,13,0,0.6134199
1676,14,1,0.60165644
1677,25,0,0.54848033
1678,5,1,0.7071595
1679,14,0,0.5507747
1680,12,1,0.7107557
1681,11,1,0.3318571
1682,12,1,0.7042354
1683,17,1,0.7134251
1684,20,1,0.4722372
1685,0,1,0.53172624
1686,8,0,0.589153
1687,6,1,0.34941486
1688,8,1,0.57012
1689,4,1,0.63596016
1690,11,1,0.60669893
1691,16,1,0.45334995
1692,1,0,0.35787234
1693,28,1,0.3056684
1694,6,0,0.57068723
1695,8,0,0.55931956
1696,11,1,0.75670147
1697,1,1,0.6310228
1698,7,1,0.49456233
1699,27,0,0.4776336
1700,24,0,0.33290154
1701,8,0,0.30410033
1702,16,1,0.3838141
1703,22,1,0.6266464
1704,26,0,0.3949213
1705,1,1,0.84463036
1706,20,0,0.32317546
1707,27,1,0.45947966
1708,15,0,0.25041494
1709,5,0,0.592903
1710,2,0,0.3672404
1711,18,1,0.27999246
1712,25,1,0.26955718
1713,5,1,0.72304165
1714,20,1,0.8361931
1715,6,0,0.5748508
1716,28,0,0.4225698
1717,28,1,0.63173
1718,10,0,0.6770141
1719,23,1,0.56559765
1720,2,1,0.6782206
1721,14,1,0.59862924
1722,15,1,0.40150702
1723,25,0,0.3886688
1724,2,1,0.43107963
1725,27,0,0.7063508
1726,16,1,0.41818103
1727,7,0,0.72811913
1728,20,1,0.42649946
1729,4,0,0.76299965
1730,27,0,0.37696025
1731,1,0,0.6547167
1732,3,1,0.5241526
1733,10,1,0.56674844
1734,25,0,0.35717815
1735,27,1,0.44166115
1736,11,1,0.65130395
1737,5,1,0.7494795
1738,14,1,0.69115514
1739,8,0,0.23142004
1740,20,0,0.5524695
1741,0,0,0.31312305
1742,15,1,0.5186225
1743,14,1,0.6728214
1744,11,1,0.7097536
1745,27,0,0.40658152
1746,10,1,0.3957002
1747,7,0,0.5047279
1748,6,1,0.41696838
1749,4,1,0.30574676
1750,27,0,0.6922929
1751,23,0,0.42225954
1752,2,0,0.38658187
1753,16,1,0.39755714
1754,25,1,0.43810874
1755,9,0,0.7613322
1756,25,1,0.6491522
1757,19,0,0.5970603
1758,20,1,0.65404224
1759,16,0,0.48987445
1760,20,0,0.3599959
1761,25,1,0.5260127
1762,4,0,0.36568463
1763,27,1,0.46058354
1764,2,1,0.664094
1765,11,1,0.37028873
1766,15,1,0.62801605
1767,6,0,0.5898549
1768,22,0,0.32910928
1769,1,1,0.6668757
1770,2,1,0.36726844
1771,6,1,0.45194155
1772,11,0,0.2896364
1773,5,0,0.18207009
1774,17,0,0.3604007
1775,1,0,0.2888112
1776,25,0,0.23506899
1777,1,0,0.5144281
1778,8,0,0.3658735
1779,13,1,0.6506062
1780,1,0,0.29341578
1781,19,1,0.3026976
1782,12,0,0.2811362
1783,8,1,0.62343824
1784,8,0,0.35852492
1785,13,1,0.4349834
1786,12,0,0.21435921
1787,9,1,0.8363068
1788,16,0,0.46565515
1789,10,1,0.38385466
1790,15,0,0.48941237
1791,0,0,0.3459404
1792,12,0,0.60986227
1793,16,0,0.352341
1794,18,1,0.29252544
1795,28,1,0.6141855
1796,2,1,0.28893325
1797,5,0,0.24619326
1798,3,1,0.7236332
1799,12,1,0.52687246
1800,16,0,0.29141843
1801,9,0,0.24693047
1802,9,0,0.5544296
1803,16,1,0.8176435
1804,15,1,0.5628359
1805,7,1,0.6711942
1806,28,1,0.6596795
1807,28,1,0.65168226
1808,8,1,0.44560787
1809,17,1,0.6522328
1810,7,1,0.5958543
1811,2,0,0.38321424
1812,2,1,0.3685658
1813,21,0,0.36995322
1814,2,0,0.25937924
1815,24,1,0.6224181
1816,21,1,0.81714344
1817,20,1,0.6802713
1818,14,0,0.43782175
1819,26,1,0.35463318
1820,12,1,0.5786576
1821,13,1,0.22087933
1822,4,1,0.75253195
1823,19,1,0.64942485
1824,0,1,0.5923248
1825,0,0,0.4588963
1826,5,1,0.35817438
1827,15,1,0.42591953
1828,2,1,0.56738657
1829,1,1,0.6628375
1830,28,1,0.7535698
1831,15,1,0.33295196
1832,22,1,0.6035315
1833,10,1,0.5731275
1834,10,1,0.7193483
1835,3,0,0.24898271
1836,16,0,0.28481576
1837,23,1,0.6477342
1838,17,0,0.63198864
1839,2,0,0.6781244
1840,16,1,0.3873632
1841,18,1,0.75806886
1842,9,1,0.67429847
1843,26,1,0.64747757
1844,15,1,0.48751748
1845,24,0,0.6136179
1846,13,1,0.2754477
1847,6,1,0.35311824
1848,16,0,0.47985762
1849,3,0,0.30263844
1850,3,1,0.6088055
1851,3,1,0.3592025
1852,22,0,0.35226443
1853,25,0,0.34845814
1854,12,0,0.3146588
1855,16,1,0.46122026
1856,10,1,0.365777
1857,28,0,0.38186872
1858,17,0,0.4673878
1859,13,0,0.34311694
1860,20,0,0.24262927
1861,23,0,0.55609804
1862,9,0,0.49763864
1863,3,1,0.3474616
1864,6,1,0.69893396
1865,27,0,0.39484602
1866,15,0,0.5817754
1867,12,1,0.3448569
1868,6,0,0.54945767
1869,16,0,0.43883878
1870,28,1,0.6139497
1871,10,1,0.40604582
1872,18,1,0.7576717
1873,12,1,0.74487764
1874,7,0,0.35079405
1875,16,0,0.4048511
1876,8,1,0.83104944
1877,20,0,0.43108013
1878,28,0,0.47148976
1879,13,1,0.43394414
1880,21,1,0.42196265
1881,19,0,0.49857482
1882,2,0,0.5142412
1883,26,1,0.5005268
1884,12,1,0.8346954
1885,1,1,0.7236994
1886,21,1,0.6574483
1887,16,1,0.45062956
1888,3,1,0.53389984
1889,25,0,0.2981989
1890,17,0,0.3027054
1891,9,0,0.6168126
1892,11,1,0.5955461
1893,22,1,0.5644195
1894,15,1,0.629346
1895,15,1,0.60608333
1896,15,1,0.7129983
1897,18,0,0.63862234
1898,10,0,0.8481795
1899,2,0,0.2841299
1900,12,0,0.48485646
1901,12,1,0.35838276
1902,4,1,0.47413287
1903,11,1,0.6522393
1904,25,1,0.68447137
1905,16,1,0.4931783
1906,28,0,0.24166445
1907,12,1,0.35020444
1908,17,0,0.62968236
1909,15,0,0.41408196
1910,4,1,0.6600557
1911,7,0,0.2568616
1912,13,1,0.46418694
1913,15,1,0.54081553
1914,15,0,0.32791805
1915,7,1,0.45824823
1916,6,0,0.68217134
1917,2,0,0.378935
1918,12,0,0.4067569
1919,18,1,0.6519009
1920,12,0,0.27759257
1921,11,1,0.74830174
1922,6,0,0.29069436
1923,24,1,0.71493036
1924,13,1,0.5657785
1925,1,0,0.3936845
1926,20,1,0.47666082
1927,10,0,0.42513254
1928,15,1,0.3876086
1929,12,0,0.33024976
1930,25,0,0.3365987
1931,2,0,0.33815584
1932,13,0,0.32439315
1933,1,0,0.29805407
1934,4,1,0.6488187
1935,7,0,0.5937173
1936,11,1,0.28664872
1937,15,0,0.40209264
1938,24,0,0.73917717
1939,17,1,0.64969826
1940,16,0,0.28710663
1941,14,1,0.5492903
1942,13,0,0.5654084
1943,13,0,0.5809164
1944,22,1,0.7019441
1945,4,1,0.4430608
1946,13,1,0.67431366
1947,8,0,0.33308855
1948,3,1,0.24403082
1949,11,1,0.34336182
1950,11,1,0.34400505
1951,2,1,0.71534103
1952,0,0,0.4219757
1953,24,0,0.3591788
1954,1,1,0.7469259
1955,21,1,0.37603396
1956,7,1,0.47642937
1957,4,0,0.5435166
1958,9,1,0.5822856
1959,16,1,0.49023208
1960,26,0,0.3623754
1961,7,1,0.6876001
1962,6,1,0.6510749
1963,6,1,0.22738485
1964,22,1,0.73581415
1965,8,1,0.36457312
1966,20,1,0.30401236
1967,2,0,0.63590306
1968,17,0,0.37619615
1969,6,1,0.6032106
1970,18,0,0.36980042
1971,14,0,0.67783636
1972,27,1,0.37914038
1973,25,1,0.36512473
1974,2,1,0.31676403
1975,16,0,0.35588217
1976,14,1,0.4721453
1977,1,0,0.24436635
1978,24,0,0.24625848
1979,16,0,0.61071765
1980,15,1,0.45658138
1981,10,0,0.21572375
1982,10,0,0.39968812
1983,15,0,0.68876565
1984,6,1,0.66090214
1985,16,0,0.44996113
1986,25,1,0.40799618
1987,25,1,0.41223437
1988,27,1,0.749681
1989,26,1,0.79823077
1990,15,1,0.36099613
1991,24,1,0.7601996
1992,4,0,0.23079772
1993,19,1,0.7757863
1994,2,1,0.72352237
1995,14,0,0.56792873
1996,2,0,0.71429586
1997,12,0,0.36115667
1998,25,1,0.6059267
1999,19,0,0.34903127
2000,7,1,0.47991037
2001,27,0,0.43173066
2002,8,0,0.2715935
2003,15,1,0.32811537
2004,5,1,0.35868979
2005,8,0,0.7063165
2006,14,0,0.51172906
2007,18,1,0.43432498
2008,14,0,0.70874417
2009,19,1,0.5575661
2010,20,1,0.625706
2011,2,0,0.3439261
2012,3,0,0.5734932
2013,1,0,0.69078946
2014,9,1,0.34226745
2015,12,0,0.22653066
2016,12,0,0.4727024
2017,14,0,0.65456915
2018,6,0,0.29170045
2019,13,0,0.33081427
2020,16,1,0.6515566
2021,6,1,0.62748355
2022,25,1,0.5910416
2023,11,0,0.5480101
2024,16,1,0.36466894
2025,18,0,0.4261488
2026,26,1,0.8167059
2027,26,0,0.44035456
2028,25,0,0.56115633
2029,16,1,0.5556831
2030,28,0,0.5349072
2031,18,0,0.39801988
2032,18,1,0.52945846
2033,10,0,0.35863698
2034,14,0,0.23513256
2035,26,0,0.5004245
2036,10,0,0.5601571
2037,28,0,0.6743266
2038,21,0,0.29458758
2039,27,1,0.55164206
2040,26,0,0.56100094
2041,20,0,0.22357902
2042,16,1,0.35179362
2043,0,1,0.3399407
2044,17,1,0.5849555
2045,8,1,0.33856723
2046,6,0,0.23628338
2047,7,0,0.24026296
2048,24,1,0.6541445
2049,16,0,0.38063565
2050,16,0,0.2959949
2051,15,1,0.5993729
2052,22,1,0.6237578
2053,0,0,0.44872275
2054,14,1,0.60684335
2055,6,0,0.6185842
2056,28,1,0.74266416
2057,13,1,0.22753057
2058,16,1,0.5847779
2059,10,0,0.33502716
2060,16,0,0.34454462
2061,11,1,0.6438807
2062,15,0,0.25391737
2063,5,1,0.8466182
2064,6,1,0.54895365
2065,22,1,0.36635375
2066,1,0,0.38096842
2067,14,0,0.4920917
2068,15,0,0.26182097
2069,0,0,0.23949873
2070,28,1,0.7266348
2071,26,0,0.35339245
2072,27,1,0.7037179
2073,27,1,0.61901563
2074,28,1,0.3459784
2075,2,1,0.6944333
2076,13,0,0.406933
2077,10,1,0.71128684
2078,17,0,0.27830595
2079,6,0,0.49107742
2080,16,1,0.28518617
2081,12,1,0.46456414
2082,10,1,0.57499117
2083,12,1,0.32423198
2084,17,0,0.61141247
2085,22,0,0.29053825
2086,13,0,0.291989
2087,23,1,0.550772
2088,13,0,0.4737337
2089,28,0,0.37563762
2090,5,0,0.37346038
2091,1,1,0.5664209
2092,28,0,0.3639183
2093,13,0,0.41362777
2094,6,0,0.2919062
2095,25,1,0.7283366
2096,16,1,0.59464884
2097,12,1,0.28221446
2098,7,0,0.38463074
2099,16,1,0.43617064
2100,8,0,0.71017534
2101,13,0,0.71734005
2102,21,1,0.629825
2103,18,1,0.6770787
2104,19,0,0.28141204
2105,19,1,0.8095208
2106,10,0,0.2836487
2107,3,1,0.47600612
2108,11,1,0.51331484
2109,15,1,0.3860211
2110,9,0,0.36674282
2111,25,1,0.74996203
2112,15,0,0.46305096
2113,15,1,0.30088222
2114,3,1,0.45257437
2115,23,0,0.2743111
2116,1,0,0.3583988
2117,3,0,0.820837
2118,25,0,0.4824201
2119,18,1,0.75444317
2120,6,0,0.7022957
2121,7,1,0.7836458
2122,15,1,0.70896554
2123,2,1,0.36283323
2124,20,1,0.55029386
2125,20,1,0.60577244
2126,8,1,0.45540336
2127,12,1,0.3366254
2128,12,1,0.5082833
2129,18,0,0.39305934
2130,6,1,0.621628
2131,26,0,0.32817796
2132,14,0,0.39883143
2133,10,0,0.33093885
2134,17,0,0.216781
2135,21,1,0.36404288
2136,13,1,0.64237696
2137,15,0,0.27702174
2138,16,1,0.6526811
2139,4,0,0.61167806
2140,17,0,0.3938822
2141,19,0,0.21669297
2142,14,1,0.29767975
2143,17,1,0.7203423
2144,24,0,0.7067465
2145,12,1,0.4156641
2146,13,0,0.3120441
2147,25,0,0.4291482
2148,8,0,0.28717503
2149,8,1,0.8391955
2150,17,0,0.68128806
2151,16,1,0.70735776
2152,17,1,0.4067528
2153,2,1,0.6129403
2154,25,0,0.2866287
2155,2,1,0.64920115
2156,13,1,0.52868086
2157,19,1,0.6922859
2158,7,1,0.70110106
2159,16,1,0.38155818
2160,1,1,0.5087669
2161,1,1,0.6209793
2162,20,1,0.555894
2163,11,1,0.6576953
2164,23,0,0.37166288
2165,6,1,0.8309335
2166,3,0,0.25761172
2167,13,0,0.624567
2168,2,0,0.5482529
2169,13,1,0.64995944
2170,3,0,0.5973151
2171,7,1,0.30529657
2172,26,1,0.6561224
2173,25,1,0.81393176
2174,1,1,0.4194163
2175,28,1,0.7657963
2176,1,1,0.5153186
2177,20,1,0.7137655
2178,3,0,0.39989418
2179,7,1,0.68850553
2180,16,0,0.2898794
2181,3,1,0.51550996
2182,21,1,0.2395668
2183,6,1,0.7186191
2184,28,0,0.3668105
2185,18,0,0.35877118
2186,7,1,0.7180867
2187,17,1,0.725593
2188,15,1,0.51533633
2189,16,0,0.2091626
2190,11,0,0.35094962
2191,19,1,0.47401494
2192,2,1,0.45854366
2193,12,0,0.2903331
2194,24,1,0.61557925
2195,9,1,0.65506786
2196,8,0,0.40889147
2197,20,0,0.5710332
2198,15,0,0.32990283
2199,1,0,0.40710264
2200,15,1,0.73784924
2201,12,0,0.32538438
2202,25,1,0.64947844
2203,27,1,0.63753814
2204,17,0,0.6086946
2205,2,0,0.5808619
2206,13,0,0.6322778
2207,17,0,0.31399274
2208,2,1,0.5371937
2209,12,1,0.40692514
2210,21,0,0.2856243
2211,13,1,0.46279484
2212,13,0,0.47886905
2213,16,0,0.32556015
2214,19,0,0.5176179
2215,6,1,0.4388516
2216,17,0,0.2152849
2217,12,0,0.82481813
2218,21,1,0.59646744
2219,25,0,0.3975076
2220,8,1,0.61261123
2221,0,0,0.33452144
2222,22,1,0.35118228
2223,26,0,0.7431199
2224,13,0,0.2814448
2225,25,1,0.7876386
2226,25,1,0.7103727
2227,4,0,0.6629703
2228,28,0,0.6930269
2229,27,1,0.3534628
2230,13,1,0.7387299
2231,13,1,0.715728
2232,7,1,0.68311274
2233,27,1,0.47490308
2234,26,1,0.76490086
2235,8,0,0.37714994
2236,16,1,0.584187
2237,15,0,0.23504299
2238,9,0,0.2630237
2239,28,1,0.7497004
2240,13,0,0.6296992
2241,16,0,0.53611946
2242,26,0,0.26248497
2243,17,1,0.42914912
2244,13,1,0.7820845
2245,23,1,0.27293202
2246,7,0,0.7414406
2247,10,1,0.71923
2248,7,1,0.7056275
2249,14,1,0.39983314
2250,26,1,0.496914
2251,15,0,0.34054244
2252,15,1,0.84277385
2253,22,0,0.66245586
2254,20,1,0.725259
2255,26,1,0.40069273
2256,11,0,0.57367426
2257,13,0,0.45967674
2258,6,0,0.3285397
2259,11,1,0.6070774
2260,15,0,0.4361788
2261,28,1,0.72756475
2262,10,0,0.41036558
2263,17,1,0.7519404
2264,26,1,0.7462665
2265,20,1,0.46498066
2266,2,0,0.23748353
2267,26,1,0.4471078
2268,14,1,0.34206924
2269,10,0,0.37904757
2270,20,1,0.602222
2271,25,0,0.23548377
2272,11,0,0.442582
2273,9,0,0.350972
2274,21,0,0.7384462
2275,27,0,0.3509584
2276,23,0,0.3267519
2277,11,1,0.6288356
2278,15,1,0.8385201
2279,8,1,0.2426552
2280,16,0,0.65276724
2281,25,0,0.35364398
2282,24,0,0.5017539
2283,2,1,0.8309275
2284,15,0,0.21749702
2285,16,0,0.2730708
2286,4,0,0.25190428
2287,28,0,0.33406007
2288,3,1,0.5760357
2289,26,1,0.54393876
2290,19,1,0.7490231
2291,22,0,0.7165932
2292,28,1,0.7974778
2293,18,1,0.74524635
2294,4,1,0.5803786
2295,3,1,0.397813
2296,12,1,0.4184255
2297,3,0,0.30716744
2298,1,1,0.49737114
2299,18,0,0.6735173
2300,28,0,0.41858202
2301,22,1,0.46398595
2302,16,1,0.6364374
2303,22,1,0.39814788
2304,10,0,0.4106976
2305,14,1,0.5411871
2306,27,0,0.5655116
2307,8,1,0.807763
2308,11,1,0.44377914
2309,8,0,0.7936947
2310,8,0,0.5905587
2311,8,0,0.37997448
2312,26,0,0.23238815
2313,24,1,0.74093556
2314,15,0,0.35447404
2315,10,1,0.7205715
2316,13,0,0.4259251
2317,6,1,0.70129544
2318,27,0,0.7162061
2319,1,0,0.3560348
2320,16,0,0.36365077
2321,2,0,0.413231
2322,3,0,0.72530556
2323,17,1,0.47332868
2324,19,1,0.7459895
2325,20,1,0.5197769
2326,11,1,0.57605
2327,15,1,0.74870366
2328,12,1,0.66815996
2329,17,0,0.56288147
2330,21,0,0.25280148
2331,27,0,0.2761143
2332,12,1,0.65093654
2333,22,0,0.65540004
2334,28,1,0.21252124
2335,10,0,0.38859946
2336,28,1,0.48757347
2337,1,0,0.5500254
2338,23,0,0.42668265
2339,26,0,0.71249795
2340,22,1,0.47132698
2341,27,0,0.5364229
2342,14,0,0.31891304
2343,8,1,0.29459792
2344,12,1,0.66947716
2345,10,0,0.34529746
2346,20,0,0.59179044
2347,16,0,0.29329863
2348,14,1,0.37359613
2349,6,0,0.4226697
2350,11,0,0.7334193
2351,1,1,0.7351828
2352,3,1,0.64671403
2353,18,1,0.61519974
2354,13,1,0.6125055
2355,15,0,0.6496577
2356,5,1,0.8140824
2357,21,0,0.6327025
2358,19,1,0.780119
2359,4,1,0.33738405
2360,10,1,0.5641466
2361,3,0,0.34212685
2362,4,0,0.281637
2363,7,1,0.5693444
2364,25,0,0.65653616
2365,2,1,0.4270967
2366,5,1,0.58818316
2367,15,0,0.3866093
2368,18,0,0.5821577
2369,7,1,0.5780631
2370,18,0,0.5765055
2371,3,0,0.6627857
2372,3,0,0.3251432
2373,10,0,0.6466504
2374,16,1,0.23408917
2375,9,0,0.24424374
2376,2,1,0.36544123
2377,11,0,0.24768472
2378,10,1,0.4790931
2379,20,0,0.38691044
2380,25,0,0.3878813
2381,10,1,0.6538754
2382,18,0,0.5300565
2383,7,0,0.59400034
2384,20,0,0.5240578
2385,28,0,0.4352417
2386,24,0,0.3594081
2387,2,1,0.48885176
2388,23,0,0.3391178
2389,16,1,0.68358433
2390,25,1,0.59603375
2391,0,0,0.31122032
2392,5,0,0.25563425
2393,2,1,0.6404602
2394,20,0,0.33920267
2395,20,1,0.37228173
2396,27,1,0.6272441
2397,19,0,0.6945286
2398,4,0,0.4358043
2399,9,0,0.22307988
2400,23,0,0.34503058
2401,23,1,0.5419465
2402,12,1,0.59892076
2403,23,1,0.7052108
2404,13,0,0.34350967
2405,16,1,0.6511982
2406,6,1,0.32925686
2407,2,0,0.22245613
2408,13,1,0.5719181
2409,8,0,0.68349135
2410,3,1,0.5354205
2411,21,0,0.3765286
2412,15,0,0.48100248
2413,3,1,0.4315834
2414,6,1,0.61183155
2415,21,0,0.532653
2416,1,1,0.305919
2417,27,1,0.3588069
2418,20,1,0.5661249
2419,27,1,0.6957856
2420,18,0,0.48298895
2421,1,0,0.37958312
2422,23,0,0.54636335
2423,4,0,0.53459424
2424,13,1,0.53030854
2425,1,0,0.73895055
2426,16,0,0.5587495
2427,10,0,0.5405564
2428,27,1,0.48467436
2429,4,0,0.24107327
2430,1,0,0.2490798
2431,22,0,0.24176028
2432,7,0,0.68737566
2433,10,1,0.6506684
2434,13,0,0.3904166
2435,1,1,0.74932796
2436,22,0,0.6301922
2437,19,1,0.3331825
2438,0,0,0.65138763
2439,20,1,0.7595241
2440,10,0,0.38603976
2441,16,1,0.38176557
2442,10,1,0.5395904
2443,15,1,0.68144935
2444,28,1,0.37226847
2445,7,0,0.2359711
2446,20,1,0.6321063
2447,8,1,0.61680406
2448,25,1,0.63656735
2449,9,1,0.64926815
2450,18,0,0.22397226
2451,15,1,0.67549413
2452,10,1,0.6122319
2453,26,0,0.47561932
2454,2,0,0.71044815
2455,6,0,0.37604928
2456,27,1,0.33186898
2457,15,0,0.46102825
2458,12,1,0.62618756
2459,8,1,0.4200032
2460,26,0,0.63914156
2461,6,1,0.6446909
2462,1,1,0.8189441
2463,12,0,0.422658
2464,5,1,0.62311995
2465,18,1,0.420019
2466,12,1,0.6376416
2467,20,1,0.71985614
2468,19,1,0.63058907
2469,3,1,0.8508812
2470,16,1,0.41071013
2471,21,1,0.686652
2472,12,1,0.59866655
2473,11,0,0.3758996
2474,10,1,0.8080569
2475,15,1,0.68778276
2476,16,1,0.28856397
2477,13,0,0.3578955
2478,10,1,0.68129265
2479,2,1,0.6797171
2480,9,1,0.6744813
2481,9,1,0.6970738
2482,14,0,0.39443558
2483,13,1,0.778825
2484,4,1,0.721077
2485,12,0,0.54179806
2486,9,1,0.7180198
2487,13,0,0.24864064
2488,8,0,0.53569114
2489,15,1,0.28625327
2490,23,1,0.64996636
2491,21,0,0.69649315
2492,28,1,0.83521634
2493,16,0,0.6367982
2494,20,0,0.44685486
2495,26,0,0.5062788
2496,9,0,0.37075776
2497,15,1,0.6143984
2498,16,0,0.6708224
2499,2,1,0.23196901
2500,28,0,0.37007028
2501,21,1,0.6537959
2502,7,1,0.6699676
2503,8,1,0.47317663
2504,26,1,0.4891935
2505,17,0,0.39994553
2506,22,0,0.24700558
2507,17,0,0.22016923
2508,8,0,0.29276013
2509,27,1,0.2965294
2510,4,1,0.75153285
2511,25,0,0.28613183
2512,25,0,0.659282
2513,9,0,0.6559194
2514,9,1,0.64248234
2515,3,1,0.7726074
2516,17,0,0.3897141
2517,3,1,0.37744853
2518,21,0,0.3705297
2519,13,0,0.66904396
2520,7,1,0.83649385
2521,23,1,0.3769089
2522,0,1,0.36202118
2523,2,0,0.33992887
2524,10,0,0.54856896
2525,19,1,0.3033586
2526,14,0,0.24553071
2527,21,0,0.45145178
2528,16,1,0.6668549
2529,2,0,0.40843937
2530,14,1,0.5239553
2531,1,0,0.69562536
2532,15,0,0.5421007
2533,9,1,0.23965244
2534,27,0,0.35138133
2535,10,1,0.5095885
2536,21,0,0.6164395
2537,26,1,0.42448482
2538,8,0,0.57625216
2539,24,0,0.35938326
2540,3,1,0.3052633
2541,1,1,0.6980265
2542,25,1,0.43528992
2543,24,0,0.2588133
2544,0,1,0.43379375
2545,15,0,0.5061557
2546,6,0,0.7184564
2547,21,1,0.35720393
2548,7,1,0.49590188
2549,13,0,0.4198716
2550,17,1,0.6893684
2551,12,1,0.36004665
2552,16,1,0.42036128
2553,25,1,0.5769537
2554,28,1,0.6693055
2555,1,0,0.3544418
2556,17,0,0.60190886
2557,8,0,0.332373
2558,14,0,0.5261034
2559,7,0,0.28248164
2560,1,0,0.23460302
2561,10,0,0.65417194
2562,6,1,0.81458026
2563,8,1,0.6129429
2564,22,0,0.6538502
2565,8,1,0.85126024
2566,8,1,0.32384226
2567,16,1,0.7319846
2568,22,0,0.5193035
2569,12,1,0.25595623
2570,1,0,0.3829669
2571,28,0,0.25164047
2572,0,1,0.34850124
2573,7,0,0.32809108
2574,25,0,0.34379607
2575,6,0,0.7226785
2576,28,0,0.37491247
2577,16,0,0.61209446
2578,0,1,0.6210539
2579,10,0,0.22827938
2580,7,1,0.2977465
2581,16,1,0.55245095
2582,23,0,0.32081816
2583,15,0,0.33932874
2584,19,1,0.66225845
2585,2,1,0.5290136
2586,13,1,0.78065544
2587,13,0,0.65226877
2588,13,0,0.49038282
2589,28,1,0.6579802
2590,13,0,0.46608293
2591,25,1,0.62595356
2592,16,0,0.39150533
2593,20,1,0.6645719
2594,22,0,0.39460438
2595,15,0,0.63624835
2596,4,0,0.57986724
2597,11,0,0.3845965
2598,1,0,0.44333127
2599,22,1,0.6102416
2600,16,1,0.6316796
2601,13,1,0.73226947
2602,15,1,0.75520766
2603,11,1,0.8203111
2604,1,0,0.5913316
2605,24,0,0.5682491
2606,13,0,0.23459667
2607,6,1,0.39257726
2608,2,0,0.65758735
2609,8,1,0.7314172
2610,15,1,0.24795318
2611,15,0,0.4127853
2612,28,1,0.6398272
2613,10,1,0.7041217
2614,3,1,0.511119
2615,28,1,0.31683996
2616,0,0,0.7457109
2617,26,1,0.7600132
2618,24,1,0.53086907
2619,0,0,0.6521124
2620,27,1,0.6139015
2621,19,0,0.3281595
2622,7,1,0.58743316
2623,7,1,0.67633253
2624,1,0,0.6429229
2625,13,0,0.33269224
2626,11,1,0.65540063
2627,0,0,0.5617755
2628,11,0,0.35724944
2629,13,0,0.6388259
2630,1,1,0.65464145
2631,28,0,0.48275524
2632,12,1,0.81514776
2633,28,1,0.47018573
2634,15,1,0.43070364
2635,21,1,0.6594606
2636,3,1,0.7579635
2637,0,0,0.40995255
2638,16,0,0.30403474
2639,18,1,0.6804447
2640,22,1,0.32241753
2641,8,1,0.599754
2642,16,1,0.75139326
2643,16,0,0.33528635
2644,11,1,0.6169003
2645,4,1,0.72134185
2646,23,1,0.709332
2647,10,1,0.36672145
2648,10,0,0.7148467
2649,3,0,0.5206924
2650,2,1,0.4460955
2651,0,0,0.33440956
2652,12,0,0.29504856
2653,16,0,0.21789022
2654,25,0,0.3778841
2655,3,0,0.34985933
2656,17,0,0.39512476
2657,0,1,0.8502545
2658,2,0,0.23914331
2659,9,1,0.34010464
2660,3,1,0.30658695
2661,0,0,0.27292344
2662,10,0,0.49632165
2663,16,0,0.27154568
2664,7,0,0.4016107
2665,26,1,0.36826196
2666,27,1,0.6848583
2667,9,0,0.5857027
2668,17,0,0.34348756
2669,3,1,0.34534094
2670,12,1,0.83711845
2671,11,1,0.61609584
2672,18,0,0.61804056
2673,14,0,0.5726794
2674,17,0,0.24591981
2675,21,0,0.4213896
2676,2,1,0.5057483
2677,21,0,0.57233095
2678,2,1,0.7408938
2679,25,0,0.36647314
2680,9,0,0.68698674
2681,1,0,0.64181864
2682,15,1,0.42961743
2683,17,1,0.4275393
2684,5,1,0.7266909
2685,22,1,0.44533184
2686,22,1,0.36262134
2687,10,1,0.6803433
2688,7,1,0.5183972
2689,1,0,0.6086262
2690,8,0,0.35456097
2691,18,1,0.36329764
2692,10,1,0.35297346
2693,24,1,0.4951941
2694,13,1,0.30713546
2695,8,0,0.23740874
2696,13,0,0.61526656
2697,17,1,0.69620186
2698,15,0,0.544321
2699,10,1,0.36311704
2700,8,0,0.69769865
2701,13,1,0.7308474
2702,16,0,0.38849482
2703,23,1,0.5571774
2704,10,0,0.23534442
2705,27,1,0.2513765
2706,14,0,0.8255652
2707,7,1,0.8233622
2708,11,1,0.6540203
2709,27,0,0.5329191
2710,8,1,0.5030816
2711,20,1,0.8012037
2712,11,1,0.46844387
2713,15,0,0.2699091
2714,6,1,0.45762557
2715,27,1,0.64750403
2716,15,0,0.3507181
2717,27,1,0.4235554
2718,10,1,0.50700474
2719,27,1,0.59630024
2720,1,1,0.41587466
2721,20,1,0.72903234
2722,25,1,0.6074879
2723,13,1,0.6544609
2724,25,0,0.32487863
2725,11,0,0.3734164
2726,11,1,0.63140225
2727,17,1,0.47718084
2728,25,1,0.5892361
2729,4,0,0.79945904
2730,16,0,0.61594284
2731,9,1,0.43297097
2732,17,1,0.5734869
2733,10,0,0.37067884
2734,26,1,0.45043114
2735,16,0,0.7215775
2736,20,0,0.5810053
2737,11,1,0.59689105
2738,18,1,0.7037305
2739,14,1,0.74436766
2740,2,0,0.3697348
2741,2,1,0.48107478
2742,8,0,0.7098387
2743,15,0,0.54438716
2744,4,0,0.5814617
2745,3,1,0.674013
2746,11,0,0.43036166
2747,14,0,0.3612582
2748,13,0,0.5475423
2749,20,1,0.6232358
2750,12,0,0.72172695
2751,1,0,0.56318957
2752,20,1,0.65520954
2753,2,1,0.72428435
2754,3,1,0.37300918
2755,20,1,0.74408334
2756,3,0,0.36368862
2757,9,0,0.46945864
2758,1,1,0.54758203
2759,2,0,0.4719366
2760,19,0,0.5996382
2761,16,1,0.67543906
2762,26,1,0.6294974
2763,3,0,0.3510993
2764,10,1,0.56222624
2765,9,0,0.74634224
2766,6,0,0.4420764
2767,11,1,0.72393864
2768,28,0,0.23554274
2769,7,0,0.5913789
2770,13,0,0.49010387
2771,20,1,0.6846301
2772,4,1,0.2529111
2773,17,1,0.4138182
2774,6,0,0.36104134
2775,13,1,0.49141353
2776,2,0,0.29781386
2777,26,1,0.5861211
2778,13,1,0.77689606
2779,11,1,0.4241202
2780,19,0,0.29052752
2781,1,1,0.6406313
2782,0,0,0.36679557
2783,7,0,0.7043736
2784,13,1,0.50288576
2785,28,1,0.7188595
2786,2,1,0.8435591
2787,1,1,0.8491501
2788,7,0,0.3680599
2789,12,1,0.5474503
2790,2,1,0.7922517
2791,2,1,0.55053794
2792,25,1,0.8040854
2793,27,1,0.57264096
2794,26,1,0.73400354
2795,12,1,0.46158925
2796,11,1,0.33615428
2797,25,0,0.2721508
2798,27,1,0.69642496
2799,28,0,0.6127398
2800,12,1,0.5742462
2801,16,0,0.44892263
2802,28,1,0.30311936
2803,18,0,0.5823583
2804,0,0,0.3536561
2805,17,0,0.4087237
2806,16,0,0.7447303
2807,21,0,0.3939714
2808,6,0,0.2916558
2809,5,1,0.48320305
2810,18,1,0.4666456
2811,14,0,0.40729606
2812,13,1,0.5474631
2813,2,0,0.36377054
2814,7,1,0.7177907
2815,26,0,0.3421231
2816,27,1,0.69970405
2817,6,0,0.5308695
2818,12,0,0.36993566
2819,15,1,0.81302965
2820,28,1,0.50317466
2821,24,1,0.6060141
2822,13,1,0.46624482
2823,17,0,0.57331926
2824,11,1,0.7053945
2825,2,0,0.5638323
2826,11,1,0.68506783
2827,1,1,0.366839
2828,13,1,0.6135236
2829,14,0,0.5159602
2830,15,0,0.71333015
2831,10,0,0.36394963
2832,22,0,0.26280835
2833,16,0,0.35967803
2834,18,0,0.346004
2835,2,1,0.5802486
2836,11,0,0.66036004
2837,13,0,0.39090198
2838,5,0,0.6581924
2839,23,1,0.30820206
2840,26,1,0.6193019
2841,13,1,0.78523827
2842,20,0,0.4206827
2843,12,1,0.7138913
2844,7,0,0.37320414
2845,15,0,0.3779237
2846,6,1,0.33337042
2847,6,0,0.37226352
2848,18,0,0.48402655
2849,2,1,0.6703536
2850,2,1,0.76239294
2851,28,1,0.6988682
2852,3,1,0.6602646
2853,5,1,0.71496165
2854,27,1,0.81730497
2855,2,1,0.61678636
2856,9,1,0.73714226
2857,14,0,0.41796935
2858,5,0,0.43676072
2859,1,0,0.27249166
2860,1,1,0.34970868
2861,22,1,0.5757734
2862,27,0,0.37767524
2863,27,1,0.5001797
2864,1,0,0.5064603
2865,27,0,0.34939256
2866,16,1,0.4395924
2867,22,0,0.42684764
2868,11,1,0.34376994
2869,24,1,0.3626801
2870,9,1,0.6319606
2871,2,1,0.61048913
2872,28,0,0.35489008
2873,2,0,0.51194286
2874,8,1,0.3586209
2875,2,1,0.7161157
2876,2,0,0.44458202
2877,3,0,0.7075873
2878,26,1,0.6535994
2879,19,1,0.5889791
2880,16,0,0.3645008
2881,10,0,0.22844625
2882,5,0,0.80676043
2883,13,1,0.6271549
2884,14,1,0.5088142
2885,15,1,0.84283733
2886,28,1,0.751596
2887,25,0,0.40423396
2888,3,1,0.7129243
2889,19,0,0.76698655
2890,8,1,0.48281348
2891,8,1,0.3529162
2892,22,0,0.5190515
2893,25,1,0.7192224
2894,19,0,0.6382319
2895,1,0,0.41760114
2896,1,0,0.47137266
2897,25,0,0.22226863
2898,15,0,0.6581881
2899,9,1,0.5411444
2900,18,1,0.2977694
2901,13,0,0.5207008
2902,21,0,0.43826154
2903,21,1,0.64467907
2904,18,0,0.29594767
2905,17,0,0.32107717
2906,15,0,0.26427457
2907,11,0,0.27696225
2908,21,1,0.45698985
2909,16,1,0.65106833
2910,9,1,0.7315989
2911,23,1,0.3451034
2912,25,1,0.84101945
2913,10,0,0.43307436
2914,3,1,0.61847645
2915,12,0,0.32862115
2916,22,1,0.6077856
2917,9,1,0.7507167
2918,14,0,0.3272654
2919,12,1,0.78358287
2920,11,1,0.365068
2921,11,0,0.6376839
2922,6,1,0.6608673
2923,14,0,0.61684185
2924,13,1,0.69505167
2925,16,1,0.52747947
2926,5,0,0.32067505
2927,4,0,0.23140498
2928,23,1,0.8223561
2929,24,1,0.528257
2930,17,1,0.7031282
2931,27,1,0.540145
2932,17,0,0.51237404
2933,17,1,0.76667315
2934,27,0,0.33059084
2935,8,0,0.41192496
2936,27,0,0.23988874
2937,9,0,0.8062881
2938,3,0,0.2929581
2939,11,1,0.6197338
2940,28,1,0.72890687
2941,15,0,0.37425578
2942,2,1,0.37555888
2943,18,1,0.56153923
2944,10,1,0.5945694
2945,5,1,0.47133377
2946,6,1,0.47264844
2947,2,0,0.70072716
2948,3,0,0.69218093
2949,25,1,0.785352
2950,16,1,0.69232583
2951,21,1,0.5690025
2952,25,1,0.65727323
2953,3,0,0.5477841
2954,8,0,0.35361186
2955,13,1,0.69500476
2956,12,1,0.6664804
2957,1,1,0.5456454
2958,16,0,0.25410792
2959,18,0,0.49082997
2960,2,0,0.49925664
2961,26,0,0.6536929
2962,2,1,0.71423185
2963,11,1,0.74499124
2964,27,1,0.5336262
2965,10,1,0.8231566
2966,28,1,0.6534954
2967,22,0,0.29715157
2968,16,0,0.40242714
2969,10,1,0.54728884
2970,16,0,0.3302695
2971,5,1,0.6902941
2972,0,0,0.43106532
2973,17,1,0.75310206
2974,2,1,0.36869398
2975,3,1,0.33320796
2976,6,0,0.65323395
2977,19,1,0.74311054
2978,1,0,0.6702494
2979,20,0,0.33109048
2980,11,1,0.5909485
2981,18,0,0.5458087
2982,9,0,0.49319038
2983,8,1,0.477843
2984,19,0,0.5889831
2985,18,0,0.8165645
2986,14,1,0.69033515
2987,1,1,0.7229684
2988,19,0,0.41944245
2989,19,1,0.44484973
2990,10,0,0.44717884
2991,13,0,0.46870717
2992,0,0,0.28155333
2993,14,0,0.5739843
2994,27,0,0.41838065
2995,23,1,0.6556664
2996,15,0,0.6277994
2997,4,0,0.45809588
2998,10,1,0.50629795
2999,23,0,0.3317937
3000,16,0,0.42719126
3001,6,1,0.4139851
3002,22,1,0.6909349
3003,16,1,0.45155802
3004,27,0,0.22927861
3005,18,0,0.3957721
3006,0,1,0.63693494
3007,20,0,0.37144712
3008,23,1,0.29295573
3009,11,1,0.394252
3010,4,0,0.3554567
3011,25,1,0.41926017
3012,23,0,0.36189982
3013,9,0,0.2693158
3014,16,1,0.291688
3015,4,1,0.7186551
3016,25,1,0.7800729
3017,25,0,0.5911182
3018,5,0,0.25265136
3019,1,0,0.75589377
3020,24,0,0.41646615
3021,8,0,0.27948877
3022,26,1,0.4741981
3023,21,1,0.57387877
3024,12,0,0.7459773
3025,10,1,0.35415944
3026,15,0,0.31837365
3027,7,0,0.26974612
3028,23,0,0.5566889
3029,20,1,0.8206622
3030,3,0,0.4286349
3031,6,0,0.61728454
3032,10,1,0.40803766
3033,16,1,0.74528384
3034,20,1,0.8350983
3035,10,0,0.46271896
3036,22,1,0.7169108
3037,15,0,0.5059003
3038,7,1,0.7199132
3039,16,0,0.5501461
3040,1,0,0.60151595
3041,10,0,0.29320207
3042,4,0,0.5240186
3043,27,0,0.5470331
3044,27,0,0.4128937
3045,11,0,0.33919528
3046,27,1,0.799954
3047,27,1,0.66639954
3048,12,1,0.61277056
3049,3,0,0.32396913
3050,8,0,0.8373326
3051,16,0,0.593836
3052,25,0,0.51822495
3053,2,1,0.6704832
3054,28,0,0.5341909
3055,12,1,0.3110618
3056,11,1,0.45877525
3057,19,1,0.7238053
3058,22,1,0.43601066
3059,15,1,0.73108613
3060,20,1,0.5448264
3061,1,0,0.48600468
3062,18,0,0.30336905
3063,15,1,0.59358376
3064,1,0,0.63524806
3065,17,1,0.7461001
3066,25,0,0.3747756
3067,15,0,0.4893132
3068,19,1,0.59360343
3069,13,1,0.74825853
3070,19,1,0.4937604
3071,10,0,0.45436463
3072,26,0,0.52186584
3073,25,1,0.81135726
3074,6,1,0.48952898
3075,2,0,0.3570839
3076,11,0,0.1969795
3077,13,1,0.44074166
3078,15,0,0.55089843
3079,0,1,0.26903772
3080,2,1,0.83220136
3081,5,0,0.36056945
3082,15,1,0.71165967
3083,15,0,0.27216193
3084,10,1,0.6561531
3085,8,1,0.6720936
3086,15,0,0.2964902
3087,18,1,0.46653935
3088,12,1,0.512245
3089,12,0,0.6546296
3090,24,0,0.76463735
3091,12,1,0.69027597
3092,6,0,0.30915424
3093,8,1,0.78449655
3094,8,1,0.64451563
3095,12,0,0.3829238
3096,17,1,0.7318634
3097,22,1,0.53903925
3098,16,0,0.48211154
3099,26,1,0.5869981
3100,15,1,0.6385999
3101,17,1,0.5838256
3102,16,1,0.6916252
3103,16,0,0.3954309
3104,25,1,0.6117317
3105,13,0,0.3437523
3106,20,0,0.49684566
3107,2,0,0.44671124
3108,10,0,0.34675625
3109,16,1,0.7208257
3110,1,0,0.7143902
3111,25,0,0.50525326
3112,22,0,0.46106893
3113,9,0,0.37039793
3114,14,1,0.7586071
3115,20,0,0.25344205
3116,8,0,0.26264283
3117,17,1,0.4373164
3118,1,0,0.64464784
3119,13,0,0.27390546
3120,9,1,0.68946505
3121,2,1,0.631534
3122,8,1,0.77907777
3123,13,1,0.6509413
3124,13,1,0.560007
3125,8,1,0.7004726
3126,15,1,0.7464598
3127,20,0,0.3744551
3128,16,1,0.7749418
3129,4,1,0.8194809
3130,8,1,0.54606694
3131,6,0,0.64627683
3132,15,1,0.7620976
3133,21,0,0.35306522
3134,18,0,0.7424279
3135,16,0,0.46914473
3136,9,0,0.22522505
3137,12,0,0.30582955
3138,24,1,0.41614205
3139,25,1,0.73585004
3140,18,0,0.7080703
3141,28,1,0.34239697
3142,12,0,0.47072998
3143,2,1,0.369262
3144,6,0,0.35102776
3145,19,1,0.30265018
3146,2,1,0.33752802
3147,6,1,0.77654827
3148,5,0,0.3695547
3149,25,0,0.5072748
3150,3,1,0.28961256
3151,2,0,0.37051442
3152,16,0,0.53747267
3153,20,1,0.21749406
3154,24,0,0.4808915
3155,11,0,0.34049135
3156,1,0,0.5038633
3157,1,0,0.5109844
3158,8,1,0.7381281
3159,28,0,0.24497516
3160,4,0,0.379081
3161,17,1,0.45474046
3162,1,0,0.4122485
3163,14,1,0.53825116
3164,15,1,0.33748862
3165,9,0,0.37065572
3166,2,0,0.24990092
3167,7,0,0.35348988
3168,6,1,0.4791134
3169,9,1,0.57231355
3170,16,0,0.74850476
3171,27,1,0.26450664
3172,16,0,0.3588774
3173,17,0,0.5282254
3174,24,1,0.2926729
3175,1,1,0.2379532
3176,10,1,0.6003473
3177,5,0,0.3043423
3178,26,1,0.21678968
3179,11,1,0.743612
3180,11,1,0.2463826
3181,4,0,0.22438443
3182,16,1,0.7272074
3183,16,1,0.48524573
3184,15,1,0.5017738
3185,18,1,0.77271336
3186,25,0,0.36188567
3187,23,0,0.44785935
3188,9,0,0.4455342
3189,13,1,0.7336186
3190,23,0,0.51501656
3191,4,1,0.46768758
3192,1,1,0.7981891
3193,10,1,0.7107784
3194,9,0,0.45338348
3195,10,0,0.46870032
3196,7,0,0.3619674
3197,9,1,0.6107843
3198,4,1,0.37273207
3199,25,0,0.3647872
3200,8,1,0.53752524
3201,20,0,0.36219755
3202,14,0,0.40209696
3203,6,1,0.65431255
3204,6,1,0.3595792
3205,28,1,0.63669026
3206,22,1,0.50745934
3207,9,0,0.5838721
3208,19,0,0.60626847
3209,12,0,0.36979204
3210,12,1,0.43690422
3211,2,0,0.5375624
3212,22,1,0.35860965
3213,2,0,0.44888738
3214,26,0,0.48458526
3215,26,1,0.36170065
3216,16,1,0.5609206
3217,13,1,0.5642199
3218,18,0,0.32159558
3219,20,1,0.37414742
3220,8,0,0.5550052
3221,16,0,0.23214863
3222,24,0,0.53216857
3223,13,0,0.319139
3224,12,1,0.69319034
3225,22,0,0.296974
3226,8,0,0.33919826
3227,23,1,0.7977545
3228,22,1,0.74423325
3229,18,1,0.771526
3230,8,1,0.42249748
3231,6,0,0.5931652
3232,27,1,0.65873605
3233,15,0,0.5205667
3234,22,1,0.7882766
3235,19,1,0.5852158
3236,22,1,0.32255906
3237,10,0,0.24564132
3238,21,0,0.5701159
3239,7,1,0.5221883
3240,13,0,0.39313784
3241,25,0,0.30176324
3242,19,0,0.39059642
3243,16,0,0.62810403
3244,24,0,0.42743734
3245,18,1,0.39149785
3246,1,0,0.40447494
3247,26,1,0.3927422
3248,3,1,0.71795696
3249,5,1,0.36991185
3250,3,1,0.47886446
3251,1,1,0.7495982
3252,21,0,0.26275602
3253,10,0,0.37492535
3254,23,0,0.46958482
3255,11,1,0.6451616
3256,10,1,0.62503535
3257,10,1,0.48556572
3258,10,0,0.23890494
3259,8,0,0.2755132
3260,2,0,0.7446293
3261,18,1,0.78117603
3262,8,0,0.5248297
3263,0,0,0.3609678
3264,8,0,0.43591028
3265,19,1,0.39746672
3266,9,1,0.53809166
3267,11,0,0.5780002
3268,7,1,0.6270235
3269,16,1,0.38692278
3270,16,0,0.26361293
3271,26,0,0.4778933
3272,26,0,0.4119938
3273,20,1,0.4716339
3274,13,1,0.50200903
3275,27,0,0.4363397
3276,15,0,0.4419618
3277,5,0,0.58385336
3278,9,0,0.35855746
3279,10,1,0.36857158
3280,2,1,0.63895565
3281,14,0,0.35340694
3282,18,1,0.78307897
3283,13,1,0.5761294
3284,3,0,0.34940344
3285,6,0,0.24094976
3286,6,1,0.7108516
3287,25,0,0.25727907
3288,3,0,0.7196094
3289,2,0,0.3556718
3290,16,0,0.41567874
3291,11,0,0.32275686
3292,10,0,0.47470462
3293,2,0,0.45259532
3294,13,1,0.80930537
3295,6,1,0.4372901
3296,13,0,0.3588021
3297,26,1,0.56705767
3298,0,1,0.5637674
3299,13,0,0.42885408
3300,15,1,0.6473851
3301,2,1,0.676317
3302,6,1,0.45227352
3303,9,1,0.69417536
3304,5,1,0.72711116
3305,1,0,0.41886657
3306,17,1,0.47910205
3307,12,1,0.61336154
3308,10,1,0.4097218
3309,22,0,0.67256874
3310,11,0,0.6007961
3311,14,1,0.57842034
3312,8,0,0.27382728
3313,14,0,0.34552446
3314,13,0,0.605147
3315,2,0,0.38702095
3316,12,0,0.748878
3317,26,1,0.836035
3318,2,1,0.5481578
3319,2,1,0.64896786
3320,21,0,0.35655576
3321,6,0,0.24168459
3322,3,1,0.6483943
3323,23,0,0.63889855
3324,16,1,0.72973365
3325,25,0,0.32707918
3326,25,0,0.36036736
3327,16,0,0.70268196
3328,22,0,0.483585
3329,21,1,0.61300296
3330,7,1,0.46103895
3331,10,1,0.265224
3332,5,0,0.30937818
3333,3,0,0.46703094
3334,15,1,0.6178845
3335,4,0,0.2994209
3336,16,0,0.6531139
3337,11,0,0.25328457
3338,26,1,0.5986562
3339,25,1,0.6519431
3340,0,0,0.27457327
3341,12,1,0.25920594
3342,16,1,0.7415029
3343,2,0,0.52692616
3344,20,1,0.65167
3345,26,0,0.5001064
3346,13,1,0.35972977
3347,8,0,0.42612764
3348,14,1,0.7103438
3349,24,1,0.21561518
3350,1,1,0.35283232
3351,14,1,0.6442561
3352,25,1,0.719948
3353,2,1,0.6553708
3354,12,1,0.43278626
3355,4,1,0.4524751
3356,1,0,0.23029721
3357,25,0,0.27368098
3358,20,1,0.30526018
3359,8,1,0.63899004
3360,9,1,0.4230198
3361,13,1,0.62470096
3362,21,1,0.4752916
3363,2,0,0.2730146
3364,25,0,0.3784174
3365,1,1,0.731592
3366,25,1,0.46151498
3367,15,0,0.41174167
3368,15,0,0.20779036
3369,19,1,0.35386014
3370,26,1,0.71141046
3371,22,0,0.6233255
3372,8,1,0.54188865
3373,11,0,0.29269004
3374,20,0,0.39743593
3375,16,1,0.41274688
3376,21,0,0.30630344
3377,8,1,0.57692826
3378,10,0,0.67602885
3379,6,0,0.7655231
3380,12,1,0.7928816
3381,25,1,0.47309306
3382,2,1,0.47967404
3383,17,0,0.30815548
3384,15,0,0.5140202
3385,15,0,0.26691994
3386,14,0,0.63232565
3387,28,0,0.6664796
3388,13,0,0.46075183
3389,28,1,0.53322905
3390,13,1,0.6112024
3391,23,1,0.3676941
3392,22,1,0.29422298
3393,22,0,0.8170986
3394,19,0,0.5981263
3395,25,0,0.62784356
3396,11,0,0.44988674
3397,25,1,0.58702785
3398,8,0,0.36413845
3399,23,1,0.5936799
3400,20,0,0.36464417
3401,27,1,0.6464534
3402,3,1,0.63502854
3403,14,0,0.65963453
3404,25,1,0.5513726
3405,22,0,0.40127763
3406,17,1,0.4905419
3407,21,0,0.37453696
3408,11,1,0.3488611
3409,28,0,0.4961876
3410,25,1,0.78019834
3411,8,1,0.48608106
3412,2,0,0.641252
3413,13,0,0.3474274
3414,10,1,0.4282494
3415,13,1,0.29654336
3416,9,0,0.549228
3417,1,1,0.2738337
3418,14,0,0.61067545
3419,15,1,0.45193788
3420,9,0,0.37881103
3421,27,1,0.7013714
3422,15,0,0.4662427
3423,0,1,0.7864861
3424,25,0,0.251612
3425,12,1,0.7077053
3426,27,1,0.47167322
3427,11,1,0.5777894
3428,17,0,0.64165473
3429,2,0,0.4538523
3430,21,1,0.25042072
3431,25,0,0.36487797
3432,10,0,0.36885166
3433,13,1,0.7189465
3434,23,0,0.47905064
3435,4,0,0.36246833
3436,4,1,0.72620535
3437,19,1,0.5493831
3438,25,1,0.7774759
3439,2,0,0.1837684
3440,13,1,0.5151066
3441,16,0,0.5901857
3442,2,1,0.8207168
3443,10,1,0.36504057
3444,25,0,0.76039904
3445,0,0,0.40018687
3446,6,1,0.6932707
3447,14,0,0.49576303
3448,2,1,0.8412248
3449,12,0,0.36450648
3450,25,1,0.45521742
3451,11,1,0.5092186
3452,14,0,0.6501307
3453,12,1,0.4957294
3454,2,0,0.47026017
3455,13,0,0.3762211
3456,15,1,0.5272207
3457,20,0,0.7412535
3458,13,1,0.7127454
3459,15,1,0.65418917
3460,18,1,0.4660637
3461,16,0,0.24527907
3462,25,1,0.82996804
3463,20,0,0.24654436
3464,18,0,0.48314935
3465,1,0,0.6513563
3466,0,0,0.60964084
3467,11,0,0.29728708
3468,19,0,0.5624336
3469,16,0,0.4648925
3470,13,0,0.2977811
3471,2,1,0.56834525
3472,14,1,0.62778324
3473,13,1,0.83761024
3474,18,0,0.670783
3475,15,0,0.23677798
3476,8,0,0.32835534
3477,18,0,0.3890985
3478,2,0,0.53582925
3479,15,0,0.44193575
3480,6,1,0.41302383
3481,1,1,0.61807394
3482,23,1,0.45650226
3483,8,0,0.3268857
3484,11,1,0.71687233
3485,13,1,0.3690186
3486,18,0,0.4650121
3487,22,0,0.3513038
3488,26,1,0.3534884
3489,2,0,0.5324137
3490,4,0,0.5957115
3491,8,1,0.69615585
3492,6,1,0.46975496
3493,24,1,0.77737314
3494,13,0,0.41882092
3495,24,0,0.5756103
3496,11,0,0.521527
3497,25,0,0.36379826
3498,25,0,0.64854515
3499,21,0,0.5810752
3500,4,0,0.6014097
3501,22,0,0.3210327
3502,11,1,0.34902537
3503,1,0,0.40316603
3504,5,0,0.23639601
3505,15,1,0.7386138
3506,26,1,0.83908486
3507,1,1,0.7669717
3508,12,1,0.5132134
3509,26,1,0.705252
3510,6,0,0.6651091
3511,3,0,0.33181667
3512,10,0,0.7581638
3513,17,1,0.6586583
3514,9,1,0.52267545
3515,28,0,0.6658208
3516,2,0,0.24763547
3517,17,1,0.3520113
3518,28,1,0.5747861
3519,11,0,0.57759655
3520,28,1,0.42086866
3521,9,1,0.69358855
3522,16,1,0.41222593
3523,12,0,0.27817297
3524,1,0,0.28392062
3525,25,1,0.6546524
3526,27,1,0.49160978
3527,27,0,0.6075777
3528,4,0,0.35430047
3529,17,1,0.29741427
3530,15,0,0.24542463
3531,26,0,0.358383
3532,1,1,0.7818159
3533,15,0,0.3593967
3534,10,0,0.66564023
3535,14,1,0.8236155
3536,11,0,0.33135623
3537,13,1,0.7772653
3538,11,1,0.8365229
3539,21,1,0.3514404
3540,1,0,0.28777483
3541,3,0,0.24714977
3542,15,0,0.3575814
3543,4,1,0.35380825
3544,20,0,0.7783557
3545,17,1,0.786879
3546,15,1,0.81490165
3547,18,1,0.7437171
3548,22,0,0.6197194
3549,12,1,0.71362406
3550,27,1,0.49753633
3551,10,1,0.6596792
3552,10,0,0.2487012
3553,10,1,0.70936
3554,16,0,0.3595148
3555,12,0,0.25137934
3556,28,1,0.6803775
3557,2,1,0.7583555
3558,1,1,0.64101684
3559,0,0,0.4900861
3560,26,0,0.37960058
3561,20,1,0.29932812
3562,0,1,0.76090485
3563,21,1,0.49779615
3564,13,1,0.7751228
3565,25,0,0.34388313
3566,26,0,0.39389622
3567,3,0,0.25200874
3568,16,1,0.5267098
3569,2,1,0.51633507
3570,15,1,0.3175774
3571,15,0,0.48866174
3572,16,0,0.31536156
3573,21,1,0.6356429
3574,13,0,0.7369541
3575,1,1,0.7794435
3576,6,0,0.31653857
3577,24,0,0.63430333
3578,10,1,0.3449219
3579,20,1,0.622485
3580,28,0,0.3731724
3581,14,0,0.34807602
3582,11,0,0.6319607
3583,13,1,0.6994723
3584,8,1,0.70756525
3585,3,1,0.6599981
3586,18,1,0.45633474
3587,14,1,0.79679537
3588,28,0,0.48753572
3589,11,0,0.44919312
3590,26,0,0.24872574
3591,6,1,0.614934
3592,15,1,0.44268617
3593,9,0,0.23372753
3594,8,1,0.64378947
3595,21,1,0.2826969
3596,0,0,0.32567316
3597,17,1,0.7501759
3598,1,0,0.28030908
3599,11,0,0.6463217
3600,7,0,0.6985276
3601,13,0,0.4162658
3602,3,1,0.41892174
3603,3,0,0.35549238
3604,8,0,0.71425104
3605,22,0,0.26411802
3606,28,1,0.58495265
3607,20,0,0.21459974
3608,11,0,0.59010476
3609,16,1,0.29439497
3610,12,0,0.4605508
3611,8,0,0.34968764
3612,16,0,0.51893276
3613,8,0,0.34144077
3614,2,0,0.36369097
3615,11,0,0.34153357
3616,18,0,0.69512486
3617,28,0,0.32874697
3618,1,1,0.7966117
3619,6,0,0.5831892
3620,8,1,0.65751487
3621,19,1,0.7292591
3622,20,0,0.34954298
3623,12,1,0.35255796
3624,25,1,0.48669347
3625,23,0,0.62041664
3626,26,1,0.6504805
3627,1,1,0.520467
3628,1,0,0.31737062
3629,26,0,0.6017004
3630,15,0,0.5851977
3631,14,1,0.67479163
3632,2,1,0.4389009
3633,25,0,0.24838497
3634,16,0,0.47706458
3635,26,0,0.4277396
3636,7,1,0.5860805
3637,16,1,0.5527325
3638,13,1,0.5081301
3639,13,0,0.45424157
3640,28,0,0.3254338
3641,24,0,0.32612523
3642,6,0,0.74479437
3643,15,0,0.5896134
3644,2,1,0.7653845
3645,6,1,0.57861537
3646,20,1,0.6546798
3647,22,0,0.6603186
3648,10,0,0.37594563
3649,24,0,0.5627991
3650,3,0,0.40238056
3651,14,1,0.41023728
3652,16,0,0.4845393
3653,16,0,0.6900369
3654,26,1,0.68155885
3655,22,0,0.42291668
3656,7,0,0.27131766
3657,8,0,0.357099
3658,11,1,0.6042776
3659,28,0,0.23078819
3660,16,0,0.64067775
3661,16,0,0.46011376
3662,2,1,0.61465794
3663,25,1,0.7015477
3664,1,1,0.62094885
3665,9,0,0.41440892
3666,4,1,0.76480705
3667,23,0,0.38413563
3668,21,0,0.48521093
3669,26,0,0.64690965
3670,18,1,0.651186
3671,27,0,0.4421295
3672,8,0,0.43415555
3673,14,1,0.2661552
3674,8,0,0.37829867
3675,20,1,0.70996076
3676,0,1,0.75323963
3677,22,0,0.7453628
3678,22,0,0.29950324
3679,6,0,0.6443157
3680,27,1,0.28367838
3681,21,1,0.7416833
3682,25,1,0.42182332
3683,15,1,0.5715807
3684,22,0,0.6511121
3685,11,1,0.80888295
3686,8,1,0.70030445
3687,16,1,0.36916128
3688,10,0,0.52467585
3689,12,1,0.57154804
3690,16,1,0.31198022
3691,16,0,0.6777094
3692,13,0,0.5310015
3693,14,1,0.33743277
3694,28,0,0.40458238
3695,1,0,0.27074406
3696,27,1,0.2626347
3697,23,0,0.6547237
3698,25,1,0.6219782
3699,3,0,0.3334237
3700,27,1,0.67941326
3701,15,1,0.8413064
3702,22,1,0.3491929
3703,20,0,0.38855577
3704,2,1,0.35903227
3705,18,0,0.77187204
3706,28,1,0.50371796
3707,5,1,0.33852836
3708,13,1,0.719692
3709,2,1,0.4186152
3710,2,0,0.3434724
3711,22,0,0.5724443
3712,1,0,0.7886181
3713,2,1,0.637756
3714,9,0,0.46280423
3715,28,0,0.64478713
3716,24,1,0.60721815
3717,13,1,0.6475977
3718,23,1,0.39858875
3719,2,0,0.38931417
3720,3,0,0.24198817
3721,0,0,0.25085792
3722,18,0,0.2731948
3723,2,0,0.46680084
3724,25,1,0.42098543
3725,15,1,0.44996762
3726,15,1,0.3395256
3727,8,1,0.65216935
3728,6,1,0.4862174
3729,11,1,0.5600243
3730,15,1,0.59698045
3731,13,0,0.5728166
3732,20,0,0.596222
3733,8,0,0.37569863
3734,5,0,0.57125473
3735,15,1,0.2936934
3736,12,1,0.59152436
3737,8,0,0.51999176
3738,10,1,0.8043866
3739,8,1,0.4465317
3740,28,0,0.3284581
3741,5,1,0.5591976
3742,11,0,0.63608783
3743,14,1,0.76863974
3744,2,1,0.6280665
3745,1,0,0.7499584
3746,6,1,0.67162836
3747,8,1,0.5159485
3748,12,1,0.4997373
3749,19,1,0.42668602
3750,5,0,0.45373502
3751,15,1,0.68878853
3752,10,0,0.40580297
3753,13,1,0.7292267
3754,11,1,0.3637665
3755,10,0,0.5426976
3756,28,0,0.467565
3757,0,0,0.37275252
3758,28,1,0.4171769
3759,15,0,0.50451344
3760,25,1,0.4560762
3761,24,1,0.40639192
3762,16,0,0.4646132
3763,23,1,0.37005365
3764,10,1,0.6111502
3765,11,1,0.68255085
3766,2,0,0.28459945
3767,16,1,0.3427833
3768,24,1,0.3432088
3769,26,0,0.38739726
3770,19,0,0.6701169
3771,13,1,0.5055574
3772,13,1,0.6530743
3773,22,0,0.6677119
3774,13,1,0.6104226
3775,17,0,0.6542545
3776,18,1,0.35870826
3777,26,0,0.4779374
3778,2,1,0.33313003
3779,19,1,0.7426318
3780,19,1,0.29150945
3781,0,0,0.37203836
3782,14,1,0.34479287
3783,10,0,0.7232178
3784,12,0,0.58592266
3785,5,0,0.63678735
3786,1,0,0.43673998
3787,27,1,0.79372215
3788,25,0,0.30321524
3789,5,1,0.7038781
3790,18,0,0.76307374
3791,6,0,0.2659029
3792,12,1,0.5653521
3793,10,1,0.7095484
3794,10,1,0.60488605
3795,8,0,0.4545147
3796,28,0,0.24165687
3797,16,1,0.2846562
3798,24,0,0.5594969
3799,4,1,0.44820938
3800,9,1,0.8227142
3801,25,1,0.5774071
3802,25,0,0.41250324
3803,14,1,0.4663822
3804,25,0,0.6426512
3805,12,0,0.80959195
3806,2,0,0.345451
3807,12,1,0.31744707
3808,3,1,0.62873286
3809,8,0,0.37840557
3810,17,0,0.4073468
3811,11,1,0.27251643
3812,19,1,0.5667443
3813,20,0,0.28770873
3814,2,0,0.39786416
3815,21,1,0.37294644
3816,8,1,0.7855246
3817,16,1,0.6193521
3818,18,1,0.6924866
3819,15,1,0.34422445
3820,15,0,0.37860757
3821,11,0,0.5834681
3822,23,1,0.58924574
3823,14,0,0.6250101
3824,27,1,0.43112376
3825,22,1,0.26869437
3826,2,0,0.43071288
3827,15,1,0.2992519
3828,11,1,0.544532
3829,0,1,0.5585229
3830,0,1,0.66132885
3831,9,1,0.42385897
3832,5,1,0.8062893
3833,22,1,0.74601626
3834,2,1,0.38403165
3835,24,1,0.3779409
3836,1,0,0.54690605
3837,16,0,0.68737614
3838,15,1,0.24203138
3839,0,0,0.45439628
3840,24,1,0.61086327
3841,1,1,0.6402869
3842,4,1,0.810502
3843,25,0,0.4420922
3844,11,1,0.8059764
3845,9,1,0.7102649
3846,24,0,0.607858
3847,12,0,0.37515917
3848,25,0,0.42009094
3849,22,0,0.21265839
3850,7,1,0.38337988
3851,26,1,0.62449676
3852,2,0,0.3757623
3853,24,1,0.47326666
3854,10,0,0.56961244
3855,12,0,0.58912116
3856,16,1,0.48334417
3857,26,0,0.5025618
3858,3,0,0.36479592
3859,28,0,0.44642255
3860,13,1,0.6125903
3861,28,1,0.39960518
3862,12,0,0.4702241
3863,12,0,0.40498558
3864,14,1,0.3799717
3865,18,0,0.5062159
3866,18,1,0.6349949
3867,6,0,0.40054977
3868,17,1,0.5079073
3869,10,1,0.8031928
3870,13,0,0.3403737
3871,17,0,0.47417152
3872,16,0,0.6852328
3873,27,0,0.4015511
3874,9,1,0.40406308
3875,2,0,0.27996916
3876,13,0,0.4321274
3877,7,1,0.7110089
3878,14,1,0.39271533
3879,8,1,0.6413758
3880,21,1,0.69017696
3881,16,0,0.36121255
3882,12,0,0.34146634
3883,26,1,0.6382497
3884,11,0,0.34272513
3885,3,0,0.3634369
3886,15,1,0.3514924
3887,15,0,0.35740328
3888,18,1,0.45758364
3889,12,1,0.7146551
3890,10,0,0.56134176
3891,1,0,0.26626134
3892,18,1,0.65388304
3893,20,1,0.7990379
3894,15,0,0.3944299
3895,28,1,0.69554126
3896,7,0,0.6144446
3897,2,1,0.65313077
3898,1,1,0.5285512
3899,13,0,0.5151351
3900,2,0,0.4082665
3901,22,1,0.633917
3902,8,1,0.79931027
3903,20,0,0.5932364
3904,2,1,0.76633066
3905,27,0,0.580302
3906,1,1,0.79495573
3907,27,1,0.50186354
3908,12,0,0.5487143
3909,15,1,0.30585834
3910,23,0,0.4799077
3911,12,0,0.74443495
3912,4,0,0.52553296
3913,8,0,0.32771134
3914,13,0,0.34451053
3915,10,0,0.605672
3916,27,1,0.8317425
3917,8,1,0.7866382
3918,11,1,0.49052244
3919,11,0,0.7193506
3920,25,1,0.2335839
3921,4,0,0.27799433
3922,8,1,0.64347166
3923,27,0,0.5364714
3924,12,0,0.85277206
3925,11,1,0.4097183
3926,23,0,0.8264226
3927,11,0,0.23908478
3928,7,0,0.43269128
3929,19,1,0.41803166
3930,22,0,0.26334187
3931,25,1,0.65878296
3932,15,0,0.4161318
3933,27,1,0.73633
3934,17,0,0.42459527
3935,2,1,0.7455679
3936,17,1,0.2540348
3937,12,0,0.21174896
3938,1,0,0.52372426
3939,12,1,0.82961327
3940,15,0,0.6530837
3941,4,0,0.5899655
3942,18,0,0.23273358
3943,16,0,0.38104817
3944,9,0,0.59289825
3945,23,1,0.7742373
3946,8,1,0.56963015
3947,20,1,0.8442234
3948,19,1,0.3482782
3949,16,0,0.43615565
3950,7,1,0.7698426
3951,13,1,0.6787253
3952,6,0,0.22341654
3953,2,1,0.50567204
3954,7,0,0.63942397
3955,14,0,0.36766875
3956,8,0,0.22065052
3957,26,0,0.35843647
3958,4,0,0.60609615
3959,10,0,0.34562707
3960,21,0,0.6256905
3961,18,1,0.66997355
3962,21,1,0.46449217
3963,2,0,0.37260738
3964,13,0,0.2858809
3965,11,0,0.30922002
3966,13,1,0.6915049
3967,19,0,0.4288158
3968,10,1,0.6617256
3969,27,0,0.4815189
3970,3,1,0.37915635
3971,26,1,0.6470893
3972,3,0,0.4707653
3973,26,1,0.5688804
3974,27,0,0.29734588
3975,0,0,0.3567744
3976,22,0,0.5850368
3977,25,0,0.35971048
3978,12,1,0.31387258
3979,13,1,0.2993292
3980,13,0,0.42125997
3981,2,1,0.69642174
3982,2,0,0.5949721
3983,12,1,0.63727015
3984,13,0,0.21729663
3985,3,0,0.390284
3986,5,1,0.6480954
3987,10,0,0.28523105
3988,23,0,0.3901124
3989,11,1,0.74776906
3990,28,1,0.5373649
3991,7,0,0.57133865
3992,25,1,0.79204327
3993,1,1,0.72301745
3994,14,0,0.6594994
3995,2,0,0.36289418
3996,10,0,0.4605666
3997,5,1,0.7170091
3998,13,1,0.74706316
3999,23,0,0.3549026
4000,7,0,0.60822666
4001,4,0,0.7374582
4002,19,0,0.62138176
4003,16,0,0.23260203
4004,24,0,0.36647877
4005,10,0,0.30445263
4006,8,0,0.33074218
4007,26,1,0.8162962
4008,20,1,0.49513555
4009,2,0,0.57118547
4010,21,0,0.24293551
4011,1,0,0.6826447
4012,28,1,0.4791127
4013,11,0,0.4688823
4014,2,0,0.3719518
4015,17,1,0.8181415
4016,6,1,0.7993662
4017,16,1,0.38242686
4018,18,1,0.6438059
4019,2,1,0.26812863
4020,24,0,0.32956663
4021,1,1,0.41340232
4022,9,0,0.5618098
4023,20,1,0.48619413
4024,16,0,0.5506176
4025,18,1,0.36104316
4026,14,1,0.48752645
4027,1,1,0.73544806
4028,10,0,0.35363945
4029,17,0,0.6393701
4030,22,1,0.54662293
4031,0,0,0.44982928
4032,11,1,0.83811474
4033,10,0,0.6699221
4034,19,1,0.3163566
4035,12,0,0.38592482
4036,11,0,0.45393932
4037,2,1,0.39729142
4038,19,1,0.41096026
4039,25,1,0.5282543
4040,11,1,0.24080639
4041,7,1,0.34751362
4042,2,1,0.6519973
4043,24,0,0.33271244
4044,15,0,0.3158571
4045,25,0,0.64060044
4046,4,0,0.3260976
4047,16,1,0.74694014
4048,6,0,0.45836633
4049,13,0,0.42344686
4050,24,0,0.37545225
4051,8,0,0.36349702
4052,14,1,0.5940991
4053,22,1,0.52775186
4054,8,1,0.6967685
4055,2,0,0.3951084
4056,27,0,0.42905724
4057,9,1,0.70581883
4058,13,0,0.63183075
4059,6,0,0.46636105
4060,1,1,0.36772105
4061,8,0,0.45397165
4062,16,0,0.28665164
4063,7,1,0.3476253
4064,27,1,0.23385262
4065,8,1,0.36688888
4066,17,1,0.62117636
4067,8,0,0.8024484
4068,1,1,0.5936867
4069,2,1,0.4599293
4070,26,0,0.44702497
4071,2,1,0.480938
4072,10,0,0.3027239
4073,8,1,0.39464757
4074,0,1,0.40940243
4075,20,0,0.5923836
4076,24,1,0.6443223
4077,15,0,0.7435727
4078,12,0,0.71229565
4079,21,1,0.71616054
4080,10,0,0.5746132
4081,21,0,0.3565884
4082,5,1,0.7788276
4083,2,1,0.6633053
4084,9,0,0.4234676
4085,21,1,0.23179461
4086,11,0,0.26344556
4087,13,1,0.7682195
4088,24,0,0.3146115
4089,2,0,0.24158469
4090,2,0,0.2907856
4091,17,0,0.7033053
4092,28,0,0.3734763
4093,11,1,0.72404176
4094,9,1,0.7011859
4095,17,1,0.3498639
4096,8,1,0.4668118
4097,26,0,0.2934481
4098,27,0,0.64816225
4099,9,1,0.63181466
4100,11,0,0.21344407
4101,26,0,0.25878453
4102,7,0,0.59456235
4103,19,0,0.3075671
4104,10,0,0.36517763
4105,13,0,0.4537203
4106,7,0,0.5757767
4107,18,0,0.57564795
4108,13,1,0.5240528
4109,22,0,0.30794138
4110,13,1,0.5010542
4111,1,1,0.25092512
4112,7,1,0.65642136
4113,8,0,0.58504313
4114,15,0,0.69577956
4115,21,1,0.55602556
4116,1,0,0.36106646
4117,27,1,0.33910757
4118,18,1,0.36108977
4119,13,1,0.5748905
4120,18,1,0.6507519
4121,13,0,0.3763065
4122,9,0,0.7235607
4123,10,0,0.4353933
4124,6,1,0.32292965
4125,0,0,0.29549092
4126,5,1,0.46701398
4127,17,0,0.28650537
4128,13,0,0.6030518
4129,0,1,0.56160384
4130,18,1,0.5769717
4131,24,1,0.7076857
4132,13,1,0.53414655
4133,15,0,0.56499636
4134,25,0,0.48357677
4135,3,0,0.7353945
4136,11,0,0.66820663
4137,25,0,0.508981
4138,12,1,0.41548184
4139,21,0,0.5159471
4140,16,0,0.4572034
4141,11,1,0.49174285
4142,19,1,0.7480965
4143,12,0,0.6532996
4144,5,1,0.44619468
4145,25,0,0.33745342
4146,12,0,0.2774177
4147,27,1,0.8115278
4148,6,0,0.3580463
4149,26,0,0.23022376
4150,11,0,0.7176435
4151,23,1,0.26092082
4152,2,1,0.6528587
4153,17,1,0.73337203
4154,11,1,0.57890743
4155,15,1,0.7504661
4156,2,1,0.6607664
4157,0,1,0.5451438
4158,16,1,0.44830698
4159,15,0,0.71762526
4160,8,0,0.40013632
4161,14,1,0.7573641
4162,24,0,0.60320693
4163,12,1,0.29793924
4164,3,0,0.8143987
4165,9,1,0.6352064
4166,22,1,0.7168875
4167,11,1,0.73557967
4168,17,0,0.574
4169,13,1,0.65408844
4170,25,0,0.55163664
4171,14,0,0.30080393
4172,20,0,0.36641267
4173,6,1,0.50374645
4174,6,0,0.47186592
4175,2,1,0.4842948
4176,2,1,0.67648745
4177,11,0,0.5843088
4178,12,1,0.5726731
4179,23,0,0.46696636
4180,0,1,0.63090205
4181,22,0,0.45837113
4182,8,1,0.3670902
4183,26,0,0.6122602
4184,16,1,0.6208476
4185,10,1,0.33866253
4186,10,0,0.8076844
4187,16,0,0.46214947
4188,1,0,0.53783566
4189,16,1,0.44362307
4190,12,0,0.4443254
4191,12,0,0.42548656
4192,8,1,0.5440073
4193,19,0,0.349115
4194,6,0,0.62598544
4195,17,0,0.7314325
4196,1,0,0.66225195
4197,21,1,0.24303193
4198,13,1,0.3610368
4199,4,1,0.6435804
4200,14,1,0.34353203
4201,18,0,0.38138503
4202,15,1,0.6135809
4203,16,1,0.35882047
4204,8,0,0.6996897
4205,8,1,0.4969671
4206,26,0,0.44927633
4207,19,0,0.27562803
4208,25,1,0.32086122
4209,9,0,0.3443167
4210,15,0,0.30891365
4211,21,1,0.22477995
4212,11,1,0.6067666
4213,10,1,0.7312904
4214,22,1,0.22410475
4215,2,0,0.3059997
4216,13,1,0.6477546
4217,19,0,0.39435005
4218,24,1,0.6998372
4219,24,1,0.27438888
4220,26,0,0.6170542
4221,7,0,0.3665778
4222,18,1,0.31027073
4223,1,1,0.57304245
4224,28,1,0.5006931
4225,26,0,0.3005733
4226,8,0,0.43473944
4227,19,1,0.7077577
4228,27,1,0.6634291
4229,1,0,0.31486848
4230,13,1,0.72999084
4231,2,1,0.8450854
4232,22,0,0.34308866
4233,1,1,0.66415864
4234,8,0,0.7457861
4235,26,1,0.61568093
4236,17,0,0.24069086
4237,13,0,0.3043868
4238,0,1,0.5727913
4239,22,0,0.29556894
4240,13,0,0.4357887
4241,6,1,0.5891668
4242,22,0,0.5941156
4243,6,1,0.6575547
4244,19,1,0.34240738
4245,0,0,0.27475673
4246,17,1,0.8084677
4247,22,1,0.7468164
4248,3,0,0.36191157
4249,6,1,0.64385337
4250,12,0,0.2956799
4251,11,0,0.6868113
4252,27,1,0.4073391
4253,10,1,0.410547
4254,8,1,0.37279743
4255,27,1,0.63948363
4256,8,1,0.3578171
4257,8,1,0.496359
4258,11,1,0.42800865
4259,6,1,0.7841459
4260,16,0,0.36380997
4261,6,1,0.5673986
4262,27,1,0.78727365
4263,16,1,0.7292964
4264,18,1,0.7210814
4265,8,1,0.2642085
4266,28,0,0.5313669
4267,13,1,0.6021505
4268,23,1,0.6998464
4269,16,1,0.27452308
4270,18,1,0.70264786
4271,25,1,0.6987395
4272,8,0,0.306308
4273,12,0,0.34004822
4274,18,0,0.3637473
4275,25,1,0.67491245
4276,3,0,0.3092272
4277,20,1,0.34846112
4278,27,0,0.358537
4279,24,0,0.6030742
4280,13,1,0.63861835
4281,10,0,0.53827375
4282,18,0,0.229847
4283,18,0,0.61497283
4284,15,0,0.3014276
4285,2,1,0.74703264
4286,1,0,0.6158759
4287,13,0,0.40207422
4288,10,1,0.44768515
4289,22,1,0.8418804
4290,28,1,0.69703764
4291,3,1,0.2197826
4292,23,0,0.4463948
4293,16,1,0.84108305
4294,13,1,0.5741352
4295,13,1,0.37779891
4296,8,1,0.3109844
4297,13,1,0.7767926
4298,17,0,0.6390741
4299,24,0,0.35444126
4300,21,0,0.55569875
4301,9,0,0.34630248
4302,17,0,0.2357331
4303,13,0,0.6367267
4304,27,1,0.5535983
4305,12,0,0.2825761
4306,11,1,0.5678944
4307,1,1,0.7971358
4308,10,1,0.56509036
4309,22,0,0.589554
4310,8,1,0.74574107
4311,15,0,0.48722106
4312,8,1,0.72004557
4313,6,1,0.22313556
4314,18,0,0.43569046
4315,28,1,0.5034164
4316,4,1,0.64393723
4317,1,1,0.6281106
4318,14,1,0.74201506
4319,7,1,0.5133683
4320,5,0,0.35855582
4321,11,0,0.42206603
4322,1,1,0.23785767
4323,25,0,0.43878007
4324,15,0,0.4211015
4325,6,1,0.4382585
4326,10,0,0.47834924
4327,2,0,0.76084346
4328,27,0,0.291589
4329,13,1,0.794101
4330,14,1,0.70739156
4331,22,1,0.6890136
4332,13,0,0.29060614
4333,23,0,0.40917045
4334,1,0,0.3430951
4335,10,1,0.70111674
4336,10,1,0.6514556
4337,16,1,0.80199164
4338,6,1,0.36748996
4339,10,1,0.48463228
4340,15,1,0.3603343
4341,10,0,0.48796594
4342,2,1,0.41974825
4343,0,0,0.35816824
4344,10,0,0.3944455
4345,21,0,0.7468621
4346,18,1,0.28615686
4347,3,0,0.2300442
4348,16,0,0.67302746
4349,11,0,0.55527395
4350,25,0,0.6197275
4351,13,0,0.3804115
4352,16,1,0.60835135
4353,14,0,0.28941527
4354,19,0,0.5991637
4355,1,1,0.6887313
4356,3,1,0.7160363
4357,26,0,0.5801659
4358,24,1,0.38091496
4359,10,0,0.635739
4360,8,0,0.30769372
4361,11,0,0.41465828
4362,13,1,0.33953238
4363,24,0,0.4045598
4364,3,1,0.6641378
4365,16,0,0.6417496
4366,20,1,0.27154624
4367,16,1,0.74295485
4368,21,0,0.5832037
4369,10,1,0.41461286
4370,23,0,0.2507438
4371,5,0,0.23377484
4372,16,1,0.7236538
4373,18,1,0.8462164
4374,21,1,0.6800728
4375,22,0,0.36770433
4376,11,0,0.3847819
4377,15,0,0.34011784
4378,28,0,0.3016529
4379,2,1,0.7386892
4380,11,1,0.77057534
4381,25,0,0.5362134
4382,13,1,0.5622409
4383,25,0,0.335007
4384,19,0,0.3809181
4385,24,0,0.24519232
4386,6,0,0.4365901
4387,9,1,0.40445098
4388,24,1,0.65936637
4389,11,0,0.33553207
4390,19,1,0.8427987
4391,19,1,0.23935787
4392,18,1,0.6468793
4393,15,1,0.50205255
4394,2,1,0.3684534
4395,14,0,0.51538265
4396,17,0,0.40142918
4397,25,1,0.8108105
4398,15,0,0.25644428
4399,15,1,0.7445751
4400,20,0,0.36433446
4401,16,0,0.29783985
4402,2,1,0.7451687
4403,13,1,0.81452096
4404,26,0,0.27965024
4405,13,0,0.6954429
4406,16,0,0.47500923
4407,24,0,0.33270139
4408,0,1,0.35557273
4409,1,0,0.29748917
4410,1,1,0.71549076
4411,2,1,0.4335677
4412,24,1,0.54530776
4413,25,0,0.3349009
4414,25,1,0.6355912
4415,9,0,0.42387566
4416,7,1,0.43775383
4417,2,1,0.42840907
4418,23,0,0.24610808
4419,11,1,0.74411786
4420,15,0,0.38262674
4421,13,0,0.7075118
4422,24,0,0.64083207
4423,23,0,0.47243837
4424,19,0,0.2358812
4425,27,1,0.54056937
4426,7,1,0.7930636
4427,3,1,0.68285525
4428,13,0,0.29778424
4429,8,0,0.24841006
4430,25,1,0.3862103
4431,8,0,0.43343726
4432,18,1,0.5427464
4433,10,0,0.6215989
4434,5,1,0.6922612
4435,8,0,0.2251213
4436,7,0,0.3314735
4437,10,1,0.8473856
4438,14,0,0.43592194
4439,3,0,0.6971781
4440,1,1,0.65688664
4441,28,0,0.41369557
4442,15,0,0.40027088
4443,15,0,0.4216408
4444,21,1,0.49884462
4445,26,1,0.5291227
4446,1,0,0.34715912
4447,18,1,0.38583192
4448,12,0,0.26654
4449,23,0,0.3552197
4450,12,0,0.45287445
4451,11,1,0.478382
4452,4,1,0.547204
4453,8,0,0.637422
4454,3,0,0.5961839
4455,26,1,0.82356447
4456,16,0,0.24924155
4457,13,0,0.34699327
4458,22,0,0.31086895
4459,8,1,0.5180132
4460,16,1,0.54943615
4461,16,1,0.48162064
4462,16,0,0.31962603
4463,22,0,0.37826878
4464,13,0,0.33513921
4465,11,0,0.3001544
4466,25,1,0.26807553
4467,14,1,0.6466647
4468,11,0,0.6284867
4469,20,1,0.54114014
4470,28,0,0.4611862
4471,10,0,0.29886058
4472,5,0,0.3392052
4473,26,1,0.519574
4474,2,1,0.5260686
4475,12,1,0.5835044
4476,10,1,0.36863747
4477,0,1,0.57377404
4478,0,1,0.43600836
4479,13,0,0.4414175
4480,10,0,0.5969766
4481,13,1,0.2576378
4482,10,1,0.36234146
4483,7,0,0.6896525
4484,11,1,0.7374858
4485,5,1,0.44378778
4486,8,0,0.25151494
4487,23,0,0.36963013
4488,4,0,0.31828982
4489,8,1,0.36666644
4490,16,0,0.26072672
4491,19,0,0.36948454
4492,25,0,0.3723583
4493,4,0,0.5059453
4494,15,1,0.38644853
4495,8,1,0.6047366
4496,18,0,0.28517118
4497,9,1,0.50122994
4498,25,0,0.21814503
4499,9,0,0.35798737
4500,12,1,0.543982
4501,15,1,0.4486692
4502,27,1,0.5610049
4503,0,0,0.50528467
4504,24,0,0.3621947
4505,4,1,0.74918485
4506,15,0,0.6413703
4507,2,1,0.41876993
4508,21,1,0.52900374
4509,26,0,0.7223418
4510,19,0,0.21731555
4511,6,1,0.5537232
4512,27,0,0.23363665
4513,10,1,0.64827085
4514,22,0,0.58249295
4515,2,1,0.63458663
4516,22,0,0.3869875
4517,0,0,0.3355184
4518,3,0,0.3113283
4519,17,1,0.4446461
4520,8,1,0.82807636
4521,6,0,0.24507676
4522,11,1,0.39544648
4523,13,0,0.6570015
4524,28,0,0.3556171
4525,15,0,0.3665509
4526,1,0,0.6432856
4527,2,1,0.31651297
4528,0,0,0.35496813
4529,15,0,0.554107
4530,8,1,0.4127165
4531,27,0,0.60376596
4532,21,0,0.35911596
4533,15,1,0.34998783
4534,16,0,0.5688628
4535,16,0,0.37040746
4536,24,1,0.62941784
4537,15,0,0.24697262
4538,25,1,0.2876067
4539,28,0,0.41585496
4540,27,1,0.5623063
4541,3,1,0.46892327
4542,7,0,0.36838004
4543,19,1,0.35699996
4544,8,0,0.18848015
4545,22,0,0.37507582
4546,17,0,0.44203886
4547,0,1,0.5181673
4548,16,1,0.50323355
4549,28,1,0.35715616
4550,4,0,0.34357163
4551,16,0,0.24737316
4552,2,1,0.46976486
4553,12,0,0.2444357
4554,17,1,0.57164073
4555,15,1,0.57321835
4556,10,1,0.64039505
4557,12,1,0.7376981
4558,17,1,0.6031649
4559,17,0,0.31777978
4560,22,1,0.801205
4561,16,0,0.3061962
4562,16,0,0.5766669
4563,3,0,0.34048864
4564,2,1,0.8299719
4565,1,1,0.68625444
4566,6,1,0.2480112
4567,12,1,0.5862822
4568,1,0,0.5111074
4569,26,0,0.28192058
4570,26,1,0.8450717
4571,16,0,0.77247995
4572,10,1,0.52174246
4573,23,0,0.57571316
4574,28,1,0.45063788
4575,0,1,0.76804525
4576,11,1,0.80488455
4577,3,1,0.81177026
4578,12,1,0.38238892
4579,4,1,0.7146865
4580,7,0,0.3890551
4581,13,1,0.35957682
4582,19,1,0.64998204
4583,1,0,0.54374444
4584,17,1,0.4321073
4585,24,0,0.5507434
4586,2,0,0.3766129
4587,8,1,0.29243186
4588,18,1,0.47655028
4589,11,1,0.47127613
4590,1,0,0.3620336
4591,19,1,0.6460542
4592,12,0,0.22764488
4593,8,1,0.83085763
4594,7,1,0.79974425
4595,26,0,0.57696664
4596,28,0,0.71340257
4597,10,1,0.58773255
4598,4,0,0.35284927
4599,20,1,0.3164274
4600,1,1,0.7811966
4601,21,1,0.64867437
4602,23,0,0.4561478
4603,3,1,0.63063663
4604,16,1,0.40912536
4605,11,1,0.37249485
4606,24,1,0.41104987
4607,12,1,0.35259366
4608,18,1,0.81315833
4609,1,1,0.375481
4610,2,0,0.5507
4611,1,0,0.76255566
4612,4,1,0.69482666
4613,20,0,0.7159518
4614,19,1,0.7447148
4615,22,1,0.49427116
4616,6,0,0.25009155
4617,25,0,0.5012396
4618,8,0,0.34753263
4619,22,0,0.37248802
4620,26,0,0.3363636
4621,16,0,0.38638285
4622,16,1,0.2499456
4623,15,0,0.74400544
4624,26,0,0.44474497
4625,14,0,0.45978117
4626,28,1,0.6979602
4627,15,0,0.5442702
4628,26,0,0.40070584
4629,13,1,0.46550414
4630,27,0,0.2737007
4631,28,1,0.47085994
4632,13,1,0.40681744
4633,28,1,0.7179298
4634,16,0,0.47788328
4635,5,0,0.5819936
4636,8,0,0.5512179
4637,2,0,0.5842097
4638,3,0,0.5406375
4639,13,1,0.5945237
4640,18,1,0.3578315
4641,7,0,0.2179214
4642,15,0,0.77865136
4643,25,0,0.58855355
4644,13,0,0.5556769
4645,13,0,0.33733103
4646,19,1,0.58379316
4647,13,1,0.40222043
4648,13,1,0.66793394
4649,2,0,0.5901154
4650,12,1,0.483231
4651,27,1,0.74777216
4652,2,1,0.4775802
4653,15,0,0.38940862
4654,24,0,0.57096326
4655,12,0,0.7080587
4656,0,0,0.5527631
4657,1,1,0.6380639
4658,22,0,0.26209232
4659,6,0,0.6426039
4660,16,1,0.38248786
4661,24,0,0.3934419
4662,11,0,0.38050798
4663,1,0,0.28588873
4664,5,0,0.6956285
4665,7,1,0.35399124
4666,17,1,0.53250456
4667,15,0,0.44796085
4668,26,0,0.26590502
4669,15,1,0.35469443
4670,22,0,0.22147101
4671,17,0,0.32497564
4672,24,1,0.2786112
4673,20,1,0.65136397
4674,7,0,0.30326444
4675,11,1,0.609251
4676,27,0,0.36650395
4677,13,0,0.4988232
4678,25,0,0.5620374
4679,6,0,0.69522685
4680,22,0,0.35605842
4681,23,0,0.24998415
4682,3,1,0.75782484
4683,15,1,0.45549855
4684,0,0,0.3556875
4685,16,0,0.35793054
4686,8,0,0.395372
4687,7,0,0.40280843
4688,1,0,0.366389
4689,7,1,0.3596844
4690,25,1,0.69612396
4691,12,0,0.28803566
4692,25,1,0.483474
4693,2,0,0.72303724
4694,3,0,0.59561753
4695,25,0,0.74264187
4696,23,1,0.8103017
4697,11,0,0.2556137
4698,23,1,0.83008265
4699,7,0,0.3755237
4700,18,0,0.2753016
4701,15,1,0.60627496
4702,17,0,0.6479634
4703,10,0,0.46950355
4704,23,0,0.37545577
4705,5,1,0.8100137
4706,3,0,0.27886567
4707,18,1,0.6770485
4708,17,0,0.27827984
4709,11,0,0.23345569
4710,2,0,0.23084606
4711,14,0,0.70517385
4712,1,1,0.48211244
4713,2,0,0.45618513
4714,10,1,0.4206837
4715,0,0,0.24122131
4716,4,0,0.24887016
4717,16,0,0.41848955
4718,2,1,0.26226002
4719,2,1,0.60584015
4720,8,1,0.7932522
4721,1,1,0.42224517
4722,23,0,0.49429616
4723,19,1,0.4502391
4724,25,1,0.68742514
4725,26,1,0.3595018
4726,17,0,0.35797
4727,20,0,0.5367262
4728,16,0,0.5505278
4729,21,0,0.3013634
4730,11,0,0.3617667
4731,1,0,0.5572638
4732,22,0,0.44094786
4733,16,1,0.6431474
4734,25,1,0.58207333
4735,16,1,0.5340963
4736,0,1,0.51471007
4737,16,1,0.38372517
4738,20,0,0.27610865
4739,21,1,0.6989163
4740,6,1,0.6016568
4741,16,0,0.3369981
4742,11,0,0.32483494
4743,16,0,0.6596228
4744,1,0,0.31014934
4745,13,1,0.68125814
4746,13,0,0.44208086
4747,24,0,0.35159352
4748,10,0,0.28535587
4749,17,1,0.6667326
4750,3,1,0.64667267
4751,10,0,0.4532841
4752,11,0,0.3236006
4753,14,1,0.74887407
4754,8,1,0.26615593
4755,1,1,0.73965555
4756,7,0,0.64819
4757,23,1,0.8050511
4758,10,0,0.5466663
4759,12,0,0.27705616
4760,4,0,0.5356444
4761,20,0,0.58491087
4762,27,0,0.51525253
4763,16,0,0.40163824
4764,2,0,0.72785574
4765,4,0,0.5347317
4766,8,0,0.6351221
4767,22,1,0.3131006
4768,10,0,0.3859033
4769,25,0,0.28336567
4770,19,0,0.41390446
4771,4,1,0.55022335
4772,3,0,0.5406796
4773,22,0,0.71757215
4774,14,1,0.7154156
4775,28,1,0.59333366
4776,16,1,0.78290975
4777,26,0,0.49214134
4778,12,0,0.54660785
4779,8,0,0.5720634
4780,25,1,0.63020015
4781,4,0,0.36164343
4782,11,1,0.46804085
4783,10,0,0.36215526
4784,8,1,0.3375846
4785,25,1,0.55080444
4786,14,0,0.367188
4787,27,0,0.6126213
4788,16,0,0.6217005
4789,16,0,0.3128603
4790,25,1,0.34213662
4791,20,0,0.3635747
4792,8,1,0.77381873
4793,16,0,0.66688794
4794,21,1,0.39417583
4795,18,0,0.46399602
4796,26,1,0.65332776
4797,13,0,0.39800712
4798,26,1,0.8195544
4799,20,1,0.72228706
4800,15,1,0.59292096
4801,10,0,0.40117362
4802,18,0,0.34891817
4803,17,1,0.7664448
4804,0,1,0.51520383
4805,18,1,0.4249934
4806,25,1,0.63846505
4807,15,0,0.4107007
4808,11,1,0.36896038
4809,9,0,0.41214272
4810,22,0,0.647832
4811,13,0,0.28245676
4812,10,0,0.31727946
4813,16,1,0.79010123
4814,11,1,0.5876758
4815,13,0,0.5491945
4816,15,1,0.7280873
4817,10,1,0.2308203
4818,7,1,0.7238638
4819,13,0,0.34926468
4820,2,1,0.40834486
4821,9,1,0.59008276
4822,16,0,0.28888848
4823,15,1,0.3562549
4824,8,1,0.34679174
4825,15,0,0.35012007
4826,17,0,0.3584826
4827,23,1,0.44119313
4828,4,1,0.59221756
4829,26,1,0.6102488
4830,9,0,0.3561881
4831,16,0,0.34239677
4832,27,1,0.36601827
4833,11,1,0.40756282
4834,6,1,0.7125122
4835,9,0,0.37475342
4836,6,1,0.36064225
4837,13,1,0.41552028
4838,3,1,0.6494349
4839,16,1,0.7118957
4840,1,0,0.65632194
4841,6,0,0.44105896
4842,17,0,0.33747697
4843,26,1,0.56916517
4844,1,1,0.38499305
4845,13,1,0.4741808
4846,19,1,0.74100584
4847,13,1,0.29694366
4848,23,0,0.39329064
4849,3,0,0.30891174
4850,6,1,0.60032356
4851,28,1,0.7857957
4852,27,1,0.66654503
4853,11,1,0.4864243
4854,4,0,0.317083
4855,12,1,0.57728994
4856,11,1,0.48723736
4857,19,1,0.64512706
4858,15,1,0.4335551
4859,15,0,0.33361807
4860,15,1,0.3578183
4861,22,0,0.8363698
4862,25,1,0.56661373
4863,4,0,0.30240414
4864,23,1,0.7065707
4865,2,0,0.63932896
4866,27,0,0.24147242
4867,16,0,0.84141296
4868,17,0,0.28983778
4869,13,1,0.6513815
4870,16,0,0.5129285
4871,0,1,0.7163114
4872,11,0,0.33534124
4873,8,1,0.56735253
4874,3,1,0.7136894
4875,16,1,0.42888367
4876,15,1,0.45740938
4877,27,0,0.5396221
4878,18,0,0.5545542
4879,3,0,0.58461523
4880,2,0,0.4472266
4881,11,0,0.34631956
4882,28,1,0.26018783
4883,12,1,0.7428714
4884,16,0,0.38397217
4885,10,0,0.41471335
4886,13,1,0.647341
4887,27,1,0.22399147
4888,16,0,0.28449517
4889,24,1,0.6380803
4890,2,0,0.7220865
4891,9,1,0.42911008
4892,10,1,0.6466329
4893,14,1,0.4914444
4894,2,1,0.35998863
4895,20,1,0.5050374
4896,2,1,0.5423201
4897,26,1,0.3410565
4898,20,1,0.696446
4899,20,0,0.37211764
4900,4,0,0.33734635
4901,1,1,0.5684194
4902,8,1,0.26385063
4903,3,0,0.421318
4904,17,0,0.39200547
4905,13,0,0.5465939
4906,1,0,0.5340556
4907,26,1,0.7861143
4908,18,1,0.3741617
4909,17,1,0.7509571
4910,16,1,0.3722558
4911,22,0,0.39482316
4912,0,1,0.56527907
4913,2,1,0.81505764
4914,24,1,0.3739344
4915,0,0,0.746364
4916,4,1,0.3924229
4917,7,0,0.4213467
4918,26,0,0.33586553
4919,17,0,0.52867156
4920,10,0,0.5392288
4921,9,1,0.3392371
4922,20,1,0.69787276
4923,26,0,0.54108083
4924,21,0,0.39205647
4925,13,1,0.496833
4926,17,1,0.25287172
4927,9,0,0.4423371
4928,28,1,0.59972346
4929,11,1,0.28366512
4930,6,0,0.29424176
4931,1,0,0.26394615
4932,25,0,0.22547728
4933,20,1,0.5200546
4934,13,1,0.21528475
4935,26,0,0.39000222
4936,26,0,0.7369081
4937,25,0,0.46035627
4938,15,0,0.731541
4939,19,1,0.7565295
4940,0,0,0.52636194
4941,8,1,0.70678705
4942,2,0,0.7665816
4943,12,0,0.4566221
4944,6,0,0.368525
4945,11,0,0.3321047
4946,1,0,0.5738963
4947,12,0,0.65633404
4948,11,1,0.47141483
4949,4,1,0.1989606
4950,19,1,0.37140685
4951,10,0,0.3195053
4952,4,1,0.5741433
4953,12,1,0.63398004
4954,10,1,0.66201615
4955,2,0,0.35204136
4956,6,1,0.6813418
4957,17,0,0.2655621
4958,1,1,0.67710406
4959,13,1,0.3835277
4960,15,0,0.33128482
4961,0,1,0.482393
4962,24,0,0.79776216
4963,5,0,0.73053324
4964,24,1,0.3112838
4965,25,0,0.26654547
4966,16,0,0.3514649
4967,3,1,0.53739846
4968,0,0,0.22759125
4969,28,0,0.23099242
4970,3,0,0.25317407
4971,0,1,0.5521777
4972,11,0,0.26467228
4973,18,1,0.6186811
4974,23,0,0.3078672
4975,25,1,0.7452146
4976,22,0,0.347516
4977,25,1,0.3627764
4978,17,0,0.35503626
4979,15,0,0.28153545
4980,2,0,0.44102055
4981,5,0,0.5164437
4982,7,0,0.5803133
4983,28,1,0.5364215
4984,13,1,0.69826627
4985,15,0,0.35596156
4986,26,1,0.3389415
4987,3,1,0.3592335
4988,25,0,0.4450082
4989,19,1,0.7193365
4990,27,1,0.58695096
4991,8,0,0.21658103
4992,11,0,0.71933556
4993,8,1,0.41786402
4994,1,1,0.34469983
4995,12,1,0.5284089
4996,10,1,0.5648306
4997,2,0,0.44620228
4998,8,0,0.26804724
4999,13,1,0.61893505
5000,24,0,0.565829
5001,12,1,0.49977466
5002,9,0,0.37920246
5003,21,0,0.4784574
5004,10,1,0.6809039
5005,25,0,0.7499315
5006,8,0,0.6393493
5007,10,0,0.5445384
5008,17,0,0.42596686
5009,6,0,0.31367096
5010,21,1,0.81186557
5011,2,0,0.36975527
5012,25,1,0.7201928
5013,25,0,0.3042104
5014,13,1,0.64530855
5015,11,1,0.4830669
5016,11,0,0.48200065
5017,24,0,0.63810784
5018,14,1,0.58351994
5019,16,0,0.604186
5020,25,1,0.51221263
5021,11,0,0.23241329
5022,25,0,0.35466778
5023,15,1,0.39610085
5024,9,1,0.73718977
5025,19,1,0.6059814
5026,0,0,0.44402432
5027,25,0,0.26216596
5028,23,0,0.64898103
5029,10,0,0.31073847
5030,20,0,0.21942729
5031,27,1,0.46302617
5032,1,0,0.6081432
5033,24,1,0.4194007
5034,10,0,0.68010306
5035,3,0,0.5779091
5036,23,0,0.432353
5037,1,0,0.29160812
5038,24,1,0.35789382
5039,1,0,0.6387466
5040,1,1,0.64977294
5041,6,0,0.6910324
5042,8,0,0.26470903
5043,1,1,0.6447965
5044,27,0,0.44415894
5045,14,0,0.56155413
5046,3,0,0.30116126
5047,0,0,0.35388938
5048,4,0,0.27915433
5049,8,0,0.2796711
5050,18,1,0.63474506
5051,15,0,0.66975653
5052,2,0,0.34291422
5053,25,1,0.23329648
5054,15,0,0.30252063
5055,21,0,0.48895842
5056,6,1,0.36096212
5057,12,0,0.63730806
5058,13,0,0.44155824
5059,13,1,0.62774235
5060,16,0,0.6458406
5061,8,0,0.35746944
5062,25,1,0.5715989
5063,25,0,0.3564141
5064,3,1,0.8040833
5065,13,1,0.576487
5066,22,1,0.650991
5067,3,0,0.68051344
5068,7,0,0.302589
5069,9,1,0.58801895
5070,14,0,0.23446667
5071,15,1,0.6401974
5072,17,0,0.3291123
5073,13,1,0.22660625
5074,25,1,0.5491237
5075,12,0,0.31655157
5076,6,1,0.71285766
5077,20,1,0.35700956
5078,25,0,0.36853343
5079,25,0,0.4167268
5080,12,0,0.42512307
5081,26,0,0.41031557
5082,23,0,0.32624093
5083,18,0,0.6476376
5084,8,1,0.60146517
5085,16,0,0.288334
5086,2,1,0.42429572
5087,3,0,0.5161518
5088,26,1,0.7438077
5089,27,0,0.45675227
5090,18,0,0.2878787
5091,18,1,0.7450225
5092,27,0,0.5728124
5093,10,0,0.5963339
5094,11,1,0.7481531
5095,13,1,0.54100037
5096,13,1,0.771502
5097,22,0,0.4543122
5098,3,0,0.2768031
5099,13,0,0.5044797
5100,13,0,0.525643
5101,2,0,0.4203932
5102,5,1,0.6352421
5103,22,0,0.22847486
5104,0,0,0.45586684
5105,13,1,0.39217043
5106,7,0,0.34703323
5107,22,0,0.5418243
5108,28,1,0.3492988
5109,4,1,0.6502145
5110,23,0,0.37486255
5111,16,0,0.36549202
5112,25,0,0.4116436
5113,4,0,0.2950492
5114,22,0,0.42107192
5115,25,0,0.36052755
5116,28,1,0.3189027
5117,6,1,0.36136872
5118,16,1,0.75586444
5119,16,0,0.4863163
5120,2,1,0.6619065
5121,6,1,0.4747026
5122,27,1,0.64865285
5123,27,0,0.34260377
5124,23,1,0.7115118
5125,13,0,0.4921491
5126,26,0,0.42574236
5127,8,1,0.6232598
5128,13,0,0.5209851
5129,6,1,0.7542634
5130,1,0,0.35902795
5131,14,1,0.7411768
5132,16,0,0.23831497
5133,2,0,0.55011195
5134,21,1,0.64633316
5135,2,1,0.70170075
5136,16,1,0.64497775
5137,13,0,0.21931097
5138,0,1,0.36253533
5139,4,1,0.64699274
5140,17,1,0.35738412
5141,9,1,0.69254094
5142,15,1,0.4366246
5143,22,0,0.48178494
5144,11,0,0.3547732
5145,12,0,0.7355841
5146,7,0,0.32897726
5147,6,0,0.24013884
5148,13,0,0.2511184
5149,5,1,0.63491946
5150,11,0,0.6349413
5151,26,0,0.51944196
5152,3,0,0.30637053
5153,8,0,0.5421306
5154,26,1,0.24156903
5155,26,1,0.41555136
5156,26,0,0.645628
5157,21,1,0.7547987
5158,15,0,0.27554467
5159,1,1,0.7004013
5160,13,0,0.3242815
5161,7,0,0.33080253
5162,21,0,0.4544659
5163,28,0,0.7076655
5164,25,1,0.5831984
5165,15,0,0.36265478
5166,18,1,0.5442523
5167,7,1,0.36591703
5168,13,0,0.6367781
5169,8,0,0.2523127
5170,18,0,0.4316978
5171,17,0,0.51199776
5172,24,1,0.65798557
5173,16,0,0.28662875
5174,16,0,0.53741187
5175,9,0,0.5406397
5176,1,0,0.8064012
5177,13,1,0.5915213
5178,27,1,0.66112834
5179,2,1,0.26288703
5180,0,0,0.4293407
5181,16,1,0.6403681
5182,11,1,0.6837714
5183,13,1,0.7405441
5184,8,0,0.41866186
5185,28,0,0.36965093
5186,8,1,0.59289145
5187,17,1,0.7730625
5188,16,0,0.37940356
5189,19,1,0.35339192
5190,16,0,0.32326293
5191,10,0,0.19669501
5192,3,0,0.45262325
5193,28,1,0.44590247
5194,16,1,0.7489709
5195,25,0,0.6276906
5196,26,1,0.70222056
5197,21,0,0.3441051
5198,7,0,0.62835836
5199,26,1,0.37132025
5200,11,0,0.5758007
5201,24,1,0.4826419
5202,1,1,0.39717567
5203,1,0,0.6585779
5204,12,1,0.64748037
5205,27,1,0.59424037
5206,13,1,0.6429298
5207,28,1,0.55253434
5208,8,1,0.6144196
5209,1,1,0.57916886
5210,18,0,0.2867533
5211,16,0,0.3443886
5212,11,0,0.47348753
5213,18,1,0.7494547
5214,1,0,0.29472053
5215,14,1,0.755196
5216,0,1,0.3074841
5217,1,1,0.8389682
5218,11,0,0.24773236
5219,1,1,0.3194469
5220,5,0,0.33883888
5221,23,1,0.48241177
5222,14,0,0.41580784
5223,25,0,0.4551522
5224,17,0,0.2726565
5225,25,0,0.24249192
5226,13,1,0.74471676
5227,6,1,0.5800228
5228,16,1,0.52783304
5229,24,0,0.31280273
5230,2,1,0.59830344
5231,4,0,0.6317475
5232,8,1,0.8389063
5233,22,1,0.6930649
5234,15,0,0.686252
5235,15,1,0.76928717
5236,2,1,0.37802482
5237,28,1,0.2679927
5238,12,0,0.47853285
5239,28,0,0.73843443
5240,13,0,0.25942788
5241,13,1,0.6530606
5242,12,1,0.5441219
5243,16,0,0.70648503
5244,8,1,0.7061523
5245,8,0,0.6972691
5246,0,1,0.6208835
5247,23,0,0.5015472
5248,26,1,0.65071005
5249,15,1,0.46075365
5250,20,0,0.27829733
5251,1,1,0.6995154
5252,8,1,0.75690895
5253,2,0,0.27193213
5254,22,1,0.583306
5255,2,1,0.48190078
5256,13,1,0.7565716
5257,0,0,0.22656159
5258,15,1,0.48920137
5259,16,1,0.31738433
5260,17,1,0.35363898
5261,22,0,0.8076607
5262,6,0,0.6122498
5263,17,1,0.6236126
5264,22,1,0.34707692
5265,15,0,0.46559703
5266,28,0,0.23863158
5267,10,1,0.24176168
5268,7,1,0.749062
5269,23,1,0.58468336
5270,15,1,0.6976124
5271,25,0,0.3916245
5272,6,0,0.45487162
5273,14,0,0.42734987
5274,5,0,0.4000342
5275,0,1,0.49694756
5276,18,1,0.6874963
5277,15,1,0.55354804
5278,21,0,0.2563927
5279,5,1,0.30529225
5280,27,1,0.49690363
5281,2,1,0.6083858
5282,25,1,0.6755982
5283,22,1,0.39558196
5284,13,0,0.29614037
5285,10,0,0.5396706
5286,18,1,0.6166698
5287,8,0,0.6424835
5288,16,1,0.31054217
5289,17,0,0.4873252
5290,9,1,0.7812934
5291,4,0,0.68702096
5292,25,1,0.38704967
5293,28,1,0.4468939
5294,4,0,0.24024573
5295,15,1,0.7085975
5296,7,1,0.4837837
5297,25,0,0.35274193
5298,16,1,0.34291658
5299,27,1,0.7124872
5300,18,0,0.34098035
5301,13,0,0.31967288
5302,13,0,0.43435577
5303,11,0,0.3534491
5304,27,0,0.7313655
5305,25,0,0.601019
5306,3,0,0.49331805
5307,12,0,0.25297078
5308,25,1,0.41066054
5309,10,1,0.4410373
5310,11,1,0.4111824
5311,13,1,0.42755052
5312,9,0,0.35767356
5313,0,0,0.34619382
5314,9,0,0.35034338
5315,13,0,0.55741185
5316,1,1,0.48425093
5317,24,0,0.29068363
5318,11,0,0.54310447
5319,16,0,0.5234413
5320,6,1,0.34781057
5321,15,1,0.67701477
5322,19,0,0.65433615
5323,18,0,0.35105595
5324,16,1,0.3787231
5325,4,0,0.25323293
5326,26,0,0.5880064
5327,0,1,0.74290085
5328,5,0,0.2782045
5329,16,1,0.5984054
5330,8,1,0.7524375
5331,12,0,0.28246307
5332,20,0,0.41914853
5333,7,0,0.3655101
5334,11,0,0.46049312
5335,2,1,0.80128515
5336,13,1,0.685705
5337,16,0,0.60318875
5338,23,0,0.43263698
5339,16,0,0.523273
5340,13,1,0.3511345
5341,13,1,0.65168977
5342,7,1,0.6567503
5343,16,1,0.67428774
5344,16,0,0.42352384
5345,13,0,0.37854224
5346,4,1,0.8439751
5347,28,0,0.57427377
5348,22,0,0.43194497
5349,13,1,0.34419832
5350,10,1,0.6002575
5351,1,0,0.3350883
5352,6,0,0.28609815
5353,6,1,0.7251636
5354,13,0,0.22255993
5355,28,0,0.34324452
5356,26,0,0.2608915
5357,10,0,0.34234565
5358,13,0,0.35638717
5359,13,0,0.18563455
5360,18,1,0.8203028
5361,0,1,0.45246008
5362,11,1,0.61783004
5363,1,1,0.78558385
5364,18,1,0.46132118
5365,10,1,0.5734033
5366,15,0,0.48610833
5367,16,0,0.5141051
5368,5,0,0.46114787
5369,10,1,0.5773407
5370,27,0,0.3531503
5371,22,1,0.55670744
5372,16,0,0.25179747
5373,2,1,0.34418073
5374,23,1,0.52929854
5375,18,0,0.22413044
5376,14,1,0.65976465
5377,11,1,0.3376684
5378,2,1,0.6240327
5379,8,1,0.35596183
5380,13,1,0.6182577
5381,9,1,0.50749123
5382,23,1,0.36532173
5383,11,1,0.5375343
5384,27,1,0.33383006
5385,9,1,0.4998881
5386,12,1,0.6795743
5387,14,0,0.399404
5388,9,0,0.45697123
5389,1,0,0.58647174
5390,16,0,0.25246075
5391,8,1,0.58776766
5392,26,0,0.4356127
5393,6,1,0.37831917
5394,2,1,0.6682374
5395,3,1,0.47064763
5396,28,1,0.78193367
5397,11,0,0.27250272
5398,24,0,0.29783073
5399,9,0,0.611023
5400,15,1,0.4388924
5401,10,1,0.8398213
5402,5,0,0.288742
5403,28,1,0.62058395
5404,28,0,0.36664355
5405,15,0,0.43122935
5406,17,1,0.30410498
5407,3,1,0.5274365
5408,21,1,0.3169047
5409,27,0,0.26261264
5410,11,1,0.7954929
5411,8,0,0.6165788
5412,18,0,0.23507023
5413,11,0,0.64426434
5414,5,0,0.3111351
5415,8,0,0.3151225
5416,19,1,0.5432455
5417,0,0,0.35752013
5418,0,1,0.74107814
5419,3,1,0.57559735
5420,10,1,0.59425265
5421,22,1,0.34128207
5422,25,0,0.47532248
5423,1,0,0.5843788
5424,22,0,0.36178362
5425,10,0,0.3939806
5426,26,0,0.50149596
5427,8,1,0.3949614
5428,22,1,0.7834638
5429,1,1,0.55453414
5430,25,0,0.22802368
5431,15,0,0.7400567
5432,14,1,0.6044924
5433,9,1,0.4488179
5434,16,1,0.56422377
5435,16,0,0.7290622
5436,18,1,0.38769704
5437,15,1,0.7396038
5438,21,0,0.2985277
5439,8,0,0.45272648
5440,8,0,0.72907346
5441,20,1,0.45792755
5442,17,1,0.6613108
5443,1,0,0.65861034
5444,26,1,0.42692867
5445,10,0,0.5430993
5446,14,1,0.8017976
5447,27,0,0.33635244
5448,20,1,0.69631135
5449,25,1,0.478029
5450,27,0,0.26508898
5451,8,0,0.6248099
5452,27,1,0.37836426
5453,27,0,0.56076527
5454,16,0,0.6239575
5455,7,0,0.4548889
5456,23,1,0.6126032
5457,13,1,0.35491997
5458,22,1,0.6058237
5459,1,0,0.4291554
5460,20,1,0.7226052
5461,1,1,0.73814815
5462,3,1,0.71449506
5463,15,0,0.62893397
5464,13,1,0.6179502
5465,18,0,0.73792595
5466,22,0,0.20485382
5467,13,0,0.8370195
5468,19,1,0.38741517
5469,27,1,0.75781083
5470,2,0,0.36860228
5471,28,1,0.6168402
5472,5,0,0.36183476
5473,9,1,0.57887423
5474,25,1,0.491706
5475,12,0,0.3312539
5476,27,1,0.4800298
5477,10,0,0.7052918
5478,9,0,0.61966985
5479,15,0,0.56061447
5480,13,0,0.64718795
5481,15,1,0.7915603
5482,25,0,0.35597664
5483,14,0,0.44862485
5484,28,0,0.5539744
5485,17,1,0.35659134
5486,25,0,0.4129465
5487,22,1,0.4295596
5488,23,1,0.45965016
5489,5,1,0.47614217
5490,6,1,0.72651887
5491,0,1,0.54871434
5492,3,0,0.3186269
5493,1,1,0.27700824
5494,2,1,0.56071234
5495,27,1,0.64559793
5496,0,1,0.2356205
5497,3,1,0.52129954
5498,23,0,0.5708562
5499,16,0,0.41187504
5500,21,1,0.70358014
5501,20,0,0.35480362
5502,23,0,0.6697786
5503,19,0,0.49083415
5504,6,0,0.35661018
5505,25,1,0.29326093
5506,25,0,0.6534298
5507,4,0,0.34709567
5508,26,1,0.45226288
5509,1,0,0.35152912
5510,4,0,0.3996876
5511,12,1,0.66824967
5512,10,1,0.36582613
5513,25,0,0.24582624
5514,13,0,0.5694189
5515,8,1,0.7937754
5516,8,1,0.52730656
5517,17,0,0.49300534
5518,11,1,0.44202295
5519,12,0,0.27373296
5520,10,0,0.39452618
5521,15,1,0.3137723
5522,2,1,0.46880728
5523,8,0,0.45933735
5524,26,0,0.27393845
5525,14,0,0.39720297
5526,25,0,0.48188877
5527,7,1,0.64030784
5528,9,0,0.26638773
5529,20,1,0.643821
5530,20,0,0.60842764
5531,7,1,0.6944955
5532,20,1,0.30820772
5533,0,1,0.48133233
5534,13,1,0.62906104
5535,3,1,0.59646326
5536,1,0,0.40536997
5537,1,1,0.34791893
5538,0,1,0.55597687
5539,18,0,0.4209902
5540,8,1,0.63231075
5541,1,0,0.26354566
5542,2,1,0.61297446
5543,28,1,0.3814134
5544,11,1,0.7030912
5545,4,0,0.41448477
5546,16,1,0.5731895
5547,26,1,0.5686553
5548,26,1,0.7252901
5549,2,0,0.40049547
5550,8,0,0.57312906
5551,1,0,0.69177204
5552,15,0,0.40668064
5553,13,1,0.70648587
5554,20,1,0.47711557
5555,23,0,0.55456394
5556,6,0,0.5274713
5557,16,0,0.2302947
5558,11,1,0.30775732
5559,3,0,0.35298797
5560,26,0,0.28649217
5561,19,1,0.6055346
5562,13,0,0.3894586
5563,20,1,0.31853303
5564,14,0,0.6363658
5565,8,0,0.37697297
5566,13,0,0.4003018
5567,6,0,0.62847954
5568,28,1,0.643174
5569,15,0,0.22366257
5570,24,1,0.5183528
5571,13,0,0.7447215
5572,12,0,0.3420378
5573,10,0,0.32242996
5574,14,1,0.32055667
5575,20,1,0.577075
5576,4,0,0.59438735
5577,4,1,0.31841552
5578,15,1,0.53683674
5579,10,1,0.36524945
5580,4,1,0.36750656
5581,0,1,0.464068
5582,2,0,0.5326767
5583,26,1,0.71944594
5584,3,1,0.32506347
5585,8,0,0.37457928
5586,8,0,0.36619818
5587,25,0,0.52868664
5588,16,0,0.47837898
5589,2,0,0.2790017
5590,28,0,0.6255756
5591,21,0,0.58529824
5592,20,0,0.44539505
5593,20,1,0.59187496
5594,6,0,0.515745
5595,18,0,0.5001487
5596,23,1,0.6407392
5597,10,1,0.6404503
5598,25,0,0.23469616
5599,15,0,0.3867269
5600,8,0,0.39219135
5601,28,0,0.45299086
5602,12,1,0.46586835
5603,9,0,0.31468943
5604,14,1,0.73800194
5605,10,0,0.47575524
5606,26,0,0.63966364
5607,13,0,0.2458174
5608,6,1,0.7429886
5609,2,0,0.30809578
5610,22,0,0.306732
5611,28,1,0.39244327
5612,8,1,0.5331364
5613,7,1,0.4720669
5614,13,1,0.3056234
5615,16,0,0.3585077
5616,15,0,0.3508128
5617,2,0,0.42396992
5618,22,1,0.48808956
5619,8,1,0.6321895
5620,2,1,0.6499843
5621,0,1,0.5617312
5622,15,0,0.24509095
5623,15,1,0.67148477
5624,1,1,0.3493813
5625,16,0,0.32516813
5626,9,1,0.55292296
5627,1,0,0.380526
5628,1,0,0.547315
5629,2,1,0.54930574
5630,2,0,0.7156887
5631,3,1,0.4446281
5632,14,0,0.40143266
5633,13,1,0.5319551
5634,11,0,0.35132352
5635,4,1,0.34756333
5636,4,1,0.3611879
5637,5,0,0.3620639
5638,19,0,0.8397124
5639,18,0,0.5658557
5640,2,0,0.81112623
5641,1,1,0.5657727
5642,12,1,0.538489
5643,3,1,0.3749606
5644,27,0,0.3619734
5645,20,0,0.37026092
5646,11,1,0.7910044
5647,19,1,0.6015126
5648,11,0,0.2556275
5649,27,1,0.35414273
5650,27,0,0.66085774
5651,8,0,0.76086897
5652,26,0,0.3368633
5653,13,1,0.360052
5654,11,1,0.2855987
5655,2,1,0.3169234
5656,15,0,0.27602383
5657,10,0,0.34541592
5658,13,1,0.35823956
5659,13,1,0.66929257
5660,1,1,0.67297405
5661,22,0,0.5736468
5662,16,1,0.7118835
5663,9,0,0.27446127
5664,25,0,0.6616949
5665,0,1,0.3515605
5666,12,1,0.7487158
5667,16,0,0.23576626
5668,5,1,0.7864023
5669,25,0,0.62153125
5670,27,1,0.41305652
5671,27,1,0.5920885
5672,15,1,0.6562917
5673,11,0,0.34592578
5674,15,0,0.30669534
5675,8,1,0.2560124
5676,18,1,0.6443073
5677,26,1,0.6381972
5678,12,0,0.5328442
5679,11,0,0.57009035
5680,12,0,0.5182377
5681,13,1,0.58654505
5682,16,0,0.3179626
5683,7,1,0.43716133
5684,13,0,0.72932804
5685,1,0,0.588223
5686,18,0,0.6421468
5687,2,1,0.7997654
5688,25,1,0.2520219
5689,16,1,0.39043316
5690,17,1,0.82219356
5691,21,0,0.6295579
5692,28,1,0.69528633
5693,8,0,0.6857953
5694,20,1,0.66609114
5695,24,1,0.41163304
5696,11,1,0.8227338
5697,9,1,0.22946663
5698,15,1,0.7428079
5699,27,1,0.35219744
5700,16,1,0.6007415
5701,4,1,0.43251637
5702,20,1,0.61937195
5703,20,0,0.48212254
5704,8,0,0.54989856
5705,7,0,0.639201
5706,11,0,0.3563725
5707,15,0,0.27900997
5708,15,1,0.4435893
5709,14,0,0.37995103
5710,18,0,0.25944936
5711,13,0,0.58615404
5712,3,1,0.4408962
5713,25,1,0.5641173
5714,1,1,0.8357765
5715,17,0,0.21864237
5716,15,1,0.7807665
5717,25,1,0.62052184
5718,10,0,0.362289
5719,8,0,0.72543436
5720,19,0,0.34683678
5721,1,0,0.4247591
5722,10,0,0.30934027
5723,26,1,0.31801322
5724,6,1,0.63034445
5725,1,0,0.2972293
5726,16,0,0.21997662
5727,7,1,0.47760716
5728,0,0,0.38504043
5729,7,1,0.58433074
5730,1,0,0.33228654
5731,17,0,0.38290048
5732,21,1,0.42831787
5733,15,0,0.31335533
5734,12,1,0.7769536
5735,11,0,0.25877947
5736,25,1,0.73842746
5737,1,1,0.6237633
5738,15,0,0.64211303
5739,11,1,0.5902884
5740,9,0,0.5452312
5741,13,1,0.52547836
5742,1,1,0.8317651
5743,20,1,0.3357017
5744,27,0,0.37261605
5745,22,1,0.40351912
5746,11,1,0.75705564
5747,2,1,0.62925994
5748,10,0,0.2514704
5749,5,0,0.74205416
5750,2,1,0.71916294
5751,3,0,0.25430325
5752,12,1,0.34704626
5753,13,1,0.4853331
5754,22,1,0.26859424
5755,15,1,0.43750435
5756,15,0,0.3634649
5757,19,1,0.73825705
5758,16,1,0.72574747
5759,25,1,0.5722087
5760,28,0,0.44011852
5761,7,0,0.8532823
5762,2,1,0.65808076
5763,25,1,0.22135885
5764,0,0,0.5561424
5765,20,0,0.3123722
5766,0,0,0.21949033
5767,23,0,0.53648716
5768,25,0,0.3767155
5769,25,1,0.6637346
5770,7,0,0.44308138
5771,13,0,0.49043292
5772,24,0,0.36283156
5773,27,0,0.44877318
5774,25,1,0.38350436
5775,16,1,0.5381918
5776,13,1,0.39578328
5777,0,0,0.36848637
5778,1,0,0.34983405
5779,9,1,0.8151203
5780,20,0,0.3339677
5781,11,1,0.5412506
5782,11,0,0.29622823
5783,6,0,0.37593374
5784,23,1,0.6164539
5785,14,0,0.36572227
5786,8,1,0.74546915
5787,20,1,0.6744064
5788,18,0,0.36892885
5789,27,1,0.53678626
5790,8,0,0.22880569
5791,10,0,0.60020757
5792,13,0,0.6006504
5793,28,0,0.6086028
5794,17,1,0.3894142
5795,26,0,0.35656884
5796,11,0,0.5625612
5797,21,0,0.35827714
5798,16,1,0.7454036
5799,24,1,0.6392401
5800,8,1,0.6597975
5801,23,0,0.5155556
5802,1,0,0.31418663
5803,26,0,0.59413636
5804,19,1,0.5848264
5805,14,1,0.45313978
5806,6,0,0.3722452
5807,3,0,0.72031873
5808,12,0,0.3721352
5809,16,1,0.41492778
5810,20,1,0.2734444
5811,28,0,0.38806304
5812,13,1,0.3420331
5813,19,0,0.7813893
5814,5,0,0.47916493
5815,3,0,0.5755948
5816,1,1,0.8317691
5817,5,1,0.6237916
5818,13,1,0.53184855
5819,26,1,0.3589801
5820,25,0,0.28689
5821,27,1,0.5665104
5822,15,0,0.25637504
5823,22,0,0.5802527
5824,26,1,0.68764454
5825,27,0,0.53544575
5826,2,0,0.63967997
5827,3,1,0.5282928
5828,8,1,0.5820776
5829,23,0,0.37216005
5830,20,1,0.74069035
5831,11,0,0.5654298
5832,25,1,0.45190698
5833,13,0,0.35039067
5834,20,1,0.6642775
5835,3,0,0.2263405
5836,10,0,0.35793966
5837,8,0,0.3383598
5838,17,1,0.7612652
5839,12,1,0.62398666
5840,22,1,0.45594707
5841,1,1,0.26107427
5842,28,1,0.6646921
5843,27,1,0.5883722
5844,4,0,0.57906824
5845,2,1,0.39564478
5846,18,1,0.288455
5847,15,0,0.61182886
5848,20,0,0.4753361
5849,23,0,0.4136765
5850,11,0,0.39911824
5851,24,0,0.40365008
5852,25,1,0.3981925
5853,2,1,0.41059735
5854,23,0,0.59202045
5855,8,0,0.7669754
5856,26,1,0.33642396
5857,17,1,0.7073127
5858,10,0,0.25332224
5859,11,0,0.49674734
5860,7,0,0.5414264
5861,1,1,0.6985144
5862,13,0,0.762716
5863,14,1,0.560082
5864,7,0,0.5552201
5865,3,0,0.27879852
5866,7,0,0.24505122
5867,2,0,0.3705776
5868,9,1,0.3960085
5869,10,1,0.35781124
5870,9,0,0.34850693
5871,8,0,0.41854498
5872,26,0,0.4826859
5873,9,0,0.5555832
5874,28,1,0.65646243
5875,26,0,0.44082698
5876,25,1,0.72975165
5877,1,0,0.28261256
5878,15,0,0.4416473
5879,0,0,0.4097311
5880,28,0,0.46314958
5881,9,1,0.66495603
5882,8,1,0.7022667
5883,20,0,0.23398517
5884,12,1,0.43985027
5885,18,0,0.68274766
5886,1,1,0.7297795
5887,27,1,0.2827657
5888,26,0,0.6966461
5889,2,0,0.42795238
5890,15,0,0.41346255
5891,3,1,0.69551766
5892,13,1,0.5942964
5893,21,1,0.33213723
5894,19,0,0.42556432
5895,1,0,0.26958507
5896,11,1,0.35921276
5897,4,0,0.21582836
5898,13,0,0.3626771
5899,17,0,0.32361624
5900,16,1,0.5226389
5901,1,0,0.3845948
5902,16,0,0.63519347
5903,10,0,0.36317566
5904,21,1,0.34543645
5905,2,1,0.24646272
5906,6,0,0.7069041
5907,22,1,0.24915606
5908,9,0,0.25486112
5909,4,0,0.3881102
5910,23,1,0.38883272
5911,7,1,0.57728827
5912,15,1,0.84454036
5913,20,0,0.72721326
5914,19,0,0.6446877
5915,7,1,0.7031251
5916,17,0,0.42378777
5917,28,0,0.2325271
5918,0,0,0.6397571
5919,8,1,0.806989
5920,27,0,0.48221633
5921,1,0,0.33178458
5922,17,1,0.65954196
5923,11,0,0.33804345
5924,2,1,0.56714374
5925,27,1,0.60583633
5926,14,1,0.41858295
5927,8,0,0.26173908
5928,10,1,0.5215435
5929,18,1,0.5512386
5930,27,0,0.6153363
5931,9,0,0.35783234
5932,7,1,0.3609843
5933,23,0,0.3601479
5934,19,1,0.7451607
5935,14,0,0.33704147
5936,10,1,0.7344571
5937,2,0,0.43057612
5938,20,0,0.46659493
5939,20,1,0.738067
5940,18,1,0.30532885
5941,27,1,0.72045463
5942,21,1,0.2931444
5943,27,0,0.60504895
5944,16,0,0.30443788
5945,7,0,0.7793802
5946,2,1,0.5094912
5947,24,1,0.75891393
5948,14,1,0.49037364
5949,12,0,0.35963374
5950,22,0,0.3722922
5951,2,0,0.3046979
5952,20,1,0.72968787
5953,10,0,0.33909565
5954,27,1,0.29761556
5955,27,1,0.68801117
5956,26,1,0.6077332
5957,2,0,0.61287487
5958,25,1,0.434807
5959,25,0,0.23045793
5960,10,0,0.35939425
5961,2,0,0.2696757
5962,18,0,0.41667643
5963,19,0,0.37420142
5964,9,1,0.74893266
5965,16,0,0.5132585
5966,26,0,0.22424354
5967,27,0,0.43140388
5968,15,0,0.40010375
5969,16,1,0.44417608
5970,26,1,0.3563358
5971,22,1,0.40664724
5972,0,0,0.786458
5973,24,0,0.22871281
5974,1,0,0.5779452
5975,10,0,0.48582894
5976,13,0,0.6230833
5977,21,1,0.690111
5978,16,1,0.6677552
5979,14,1,0.59426236
5980,13,0,0.6273805
5981,13,1,0.38071862
5982,16,0,0.3625914
5983,18,1,0.53515244
5984,28,0,0.8166365
5985,12,1,0.37742972
5986,16,0,0.3762847
5987,0,0,0.6937286
5988,11,1,0.46926197
5989,9,0,0.4497198
5990,18,1,0.39154723
5991,16,1,0.37030748
5992,6,0,0.23240958
5993,23,1,0.6563521
5994,10,1,0.36550197
5995,4,1,0.7937983
5996,22,0,0.36774096
5997,14,0,0.37993994
5998,20,1,0.6421313
5999,16,1,0.37992874
6000,2,1,0.41338307
6001,1,0,0.5010802
6002,18,0,0.2472245
6003,10,0,0.3652322
6004,21,0,0.4007228
6005,8,1,0.7749529
6006,14,0,0.5253402
6007,17,1,0.5722811
6008,8,1,0.68158495
6009,2,0,0.28269735
6010,2,0,0.3638573
6011,16,0,0.3531119
6012,8,0,0.3599099
6013,23,1,0.28985044
6014,21,0,0.3344573
6015,10,0,0.26485622
6016,22,1,0.37571868
6017,20,0,0.4366013
6018,13,1,0.6099856
6019,16,0,0.3675099
6020,9,1,0.3374484
6021,7,0,0.6752246
6022,14,0,0.25725734
6023,0,1,0.5226493
6024,10,0,0.3584476
6025,8,0,0.30739716
6026,8,1,0.46874216
6027,27,0,0.27178633
6028,14,1,0.8030909
6029,15,0,0.72520614
6030,10,0,0.262353
6031,10,1,0.35887378
6032,11,0,0.2411314
6033,20,1,0.22325619
6034,19,1,0.35363078
6035,6,1,0.63981855
6036,4,1,0.6842846
6037,26,1,0.42102405
6038,24,0,0.43558133
6039,6,0,0.22984248
6040,7,1,0.5890126
6041,8,0,0.5436766
6042,1,1,0.5976999
6043,8,1,0.36386034
6044,20,0,0.5762524
6045,28,1,0.50746095
6046,3,1,0.3795399
6047,15,0,0.38062418
6048,3,0,0.5798452
6049,28,0,0.5828021
6050,25,1,0.47589982
6051,16,0,0.2534966
6052,11,1,0.46038496
6053,2,0,0.2278662
6054,18,1,0.2540141
6055,2,1,0.51827186
6056,18,1,0.78581566
6057,9,1,0.5630118
6058,13,0,0.48882845
6059,2,1,0.7873075
6060,15,0,0.24162532
6061,3,0,0.278267
6062,14,0,0.28979784
6063,12,1,0.7316212
6064,20,1,0.22268201
6065,15,0,0.5731754
6066,18,1,0.59918183
6067,28,0,0.5997532
6068,4,0,0.35847795
6069,2,1,0.6032999
6070,10,1,0.70758605
6071,0,1,0.43507075
6072,11,0,0.5541815
6073,13,0,0.59698236
6074,3,0,0.44649673
6075,15,1,0.3332091
6076,18,0,0.34952074
6077,13,0,0.2799726
6078,14,1,0.7122828
6079,19,0,0.31519428
6080,23,0,0.3609923
6081,18,1,0.82841957
6082,8,0,0.31270245
6083,17,0,0.7313772
6084,7,1,0.26012263
6085,19,1,0.4190181
6086,16,1,0.5702066
6087,20,1,0.54343843
6088,26,1,0.62551326
6089,0,0,0.28902623
6090,22,1,0.6088757
6091,22,0,0.43409288
6092,26,1,0.63743794
6093,25,1,0.56113803
6094,3,1,0.6035006
6095,20,1,0.4763639
6096,6,0,0.52616704
6097,16,0,0.62694544
6098,12,0,0.59369993
6099,13,0,0.3284495
6100,2,1,0.65963817
6101,22,1,0.7398669
6102,14,0,0.45536682
6103,2,1,0.6556577
6104,11,1,0.37550393
6105,8,1,0.55863446
6106,23,0,0.36146924
6107,15,1,0.6440532
6108,25,0,0.43562257
6109,26,1,0.5018025
6110,10,0,0.3545536
6111,1,0,0.8087965
6112,12,1,0.4265019
6113,13,0,0.29872176
6114,21,0,0.3411067
6115,2,1,0.6876469
6116,20,0,0.2838234
6117,8,0,0.5178076
6118,16,1,0.71628034
6119,16,1,0.7086567
6120,26,0,0.41843382
6121,12,1,0.67657804
6122,15,0,0.4539687
6123,4,0,0.45211712
6124,22,0,0.35374743
6125,19,1,0.64047015
6126,28,0,0.52715355
6127,12,0,0.29124314
6128,13,0,0.7100238
6129,2,0,0.25001884
6130,16,0,0.5210412
6131,8,0,0.5401542
6132,20,0,0.59472144
6133,8,1,0.64180076
6134,7,1,0.41586336
6135,25,0,0.3180086
6136,4,0,0.3764773
6137,6,0,0.6575787
6138,15,1,0.45562804
6139,18,0,0.6978455
6140,3,0,0.29912707
6141,2,1,0.35949638
6142,25,0,0.35725743
6143,13,1,0.6375944
6144,10,0,0.353899
6145,22,1,0.5968649
6146,23,0,0.7298949
6147,1,1,0.35636652
6148,10,0,0.74169767
6149,2,1,0.31865957
6150,15,1,0.60966194
6151,19,1,0.51923525
6152,26,0,0.2697165
6153,26,0,0.55731684
6154,10,0,0.6373337
6155,17,1,0.62753314
6156,26,1,0.8266494
6157,7,0,0.4934379
6158,28,1,0.6350307
6159,7,0,0.43973938
6160,12,1,0.6004873
6161,27,0,0.51531726
6162,14,0,0.5857336
6163,12,0,0.6456113
6164,2,1,0.68378204
6165,13,0,0.45389482
6166,15,1,0.3571758
6167,16,1,0.6598101
6168,26,0,0.24653107
6169,26,1,0.64220524
6170,12,0,0.585411
6171,2,1,0.69581974
6172,11,1,0.67253035
6173,15,0,0.29978868
6174,27,0,0.3845582
6175,22,0,0.23330727
6176,13,1,0.7164947
6177,10,0,0.48158833
6178,27,0,0.31291553
6179,16,1,0.68383455
6180,15,1,0.5445667
6181,27,0,0.60725015
6182,6,1,0.7288715
6183,28,1,0.30317166
6184,8,1,0.8320679
6185,15,0,0.83044934
6186,25,0,0.46335015
6187,18,0,0.39020616
6188,22,1,0.3999383
6189,5,0,0.5781677
6190,11,0,0.28771466
6191,7,1,0.7724667
6192,13,0,0.34794468
6193,2,0,0.3712687
6194,10,1,0.32323274
6195,12,0,0.24368924
6196,9,1,0.8330346
6197,6,0,0.6770693
6198,0,1,0.3456188
6199,15,1,0.69631886
6200,8,1,0.35964158
6201,11,0,0.64162433
6202,18,1,0.34564433
6203,12,0,0.3572786
6204,2,1,0.44899857
6205,16,1,0.57286453
6206,10,1,0.50538224
6207,21,1,0.23840722
6208,23,0,0.6734671
6209,13,0,0.38787684
6210,20,1,0.41457692
6211,12,1,0.36463642
6212,26,0,0.43473443
6213,5,1,0.553529
6214,20,0,0.50092757
6215,5,1,0.30260214
6216,17,0,0.7414457
6217,16,1,0.6895062
6218,27,1,0.461744
6219,28,1,0.6347096
6220,18,0,0.27552176
6221,4,0,0.46642527
6222,11,1,0.6858446
6223,23,1,0.30633894
6224,5,0,0.5528559
6225,1,1,0.5226873
6226,19,0,0.4958506
6227,17,0,0.33103302
6228,13,1,0.4666053
6229,16,1,0.5601677
6230,17,1,0.33975124
6231,6,0,0.42026293
6232,10,1,0.49156454
6233,16,0,0.30144626
6234,15,0,0.5579588
6235,12,1,0.63839746
6236,27,1,0.28755197
6237,1,1,0.36053988
6238,24,0,0.28743285
6239,25,1,0.5768922
6240,6,0,0.6433753
6241,23,0,0.38685778
6242,23,1,0.48004803
6243,17,1,0.61955357
6244,8,0,0.22157805
6245,20,0,0.29476815
6246,18,0,0.41662195
6247,11,0,0.5060445
6248,21,0,0.2500364
6249,17,1,0.68342966
6250,2,0,0.52178353
6251,7,1,0.83036536
6252,18,1,0.6431067
6253,14,1,0.52662706
6254,2,0,0.501991
6255,11,1,0.59245
6256,8,1,0.3577692
6257,16,1,0.5729882
6258,16,1,0.59447175
6259,16,0,0.3555665
6260,27,0,0.36708465
6261,17,1,0.72489977
6262,10,0,0.6175955
6263,3,1,0.58635813
6264,18,1,0.6397801
6265,11,1,0.5938871
6266,28,0,0.62280166
6267,28,0,0.65963227
6268,12,1,0.2532553
6269,0,0,0.73391056
6270,5,1,0.2860036
6271,25,0,0.4895337
6272,15,0,0.5032563
6273,15,1,0.45659027
6274,19,0,0.37374145
6275,8,0,0.49571183
6276,16,1,0.8351219
6277,3,0,0.6026922
6278,2,0,0.3454416
6279,17,0,0.57604545
6280,25,1,0.37646833
6281,16,1,0.5081354
6282,26,1,0.576122
6283,26,1,0.4979409
6284,20,1,0.22785175
6285,5,1,0.73037463
6286,8,1,0.5185555
6287,26,0,0.7070313
6288,20,1,0.6404081
6289,26,1,0.4871647
6290,27,0,0.28414574
6291,14,0,0.5792539
6292,25,1,0.80117893
6293,27,1,0.31714952
6294,24,0,0.47619796
6295,22,1,0.66928726
6296,24,1,0.73235065
6297,3,1,0.6386202
6298,1,0,0.24065584
6299,6,0,0.4488105
6300,15,0,0.4976257
6301,9,0,0.36573324
6302,26,0,0.77400464
6303,18,0,0.30515
6304,13,0,0.574074
6305,23,1,0.6353506
6306,18,1,0.40595958
6307,6,0,0.32622653
6308,28,0,0.35141855
6309,12,0,0.55774534
6310,16,0,0.3655349
6311,25,1,0.35518515
6312,2,0,0.8104734
6313,16,0,0.49934104
6314,13,0,0.2288103
6315,12,1,0.6017886
6316,8,1,0.37419033
6317,20,0,0.3312771
6318,8,0,0.22831547
6319,16,1,0.82575303
6320,25,0,0.3937178
6321,2,0,0.28242782
6322,5,1,0.5409337
6323,27,1,0.47130084
6324,25,1,0.67690307
6325,28,0,0.36925194
6326,12,1,0.7335576
6327,16,1,0.7435624
6328,1,1,0.82900214
6329,1,1,0.8166816
6330,7,0,0.5740945
6331,14,1,0.8426832
6332,27,0,0.22079667
6333,11,1,0.43174902
6334,26,0,0.6017319
6335,10,0,0.37008995
6336,15,0,0.26790124
6337,16,0,0.25633493
6338,12,1,0.84905255
6339,28,1,0.49429086
6340,14,1,0.4947894
6341,16,1,0.6291074
6342,10,1,0.6713323
6343,1,0,0.23255359
6344,17,0,0.40605047
6345,16,1,0.6976319
6346,23,0,0.35772583
6347,11,1,0.63197154
6348,8,1,0.55498415
6349,18,0,0.28659058
6350,28,0,0.57120144
6351,23,1,0.6357268
6352,17,0,0.66766304
6353,3,1,0.5232994
6354,8,1,0.70124006
6355,2,1,0.7622777
6356,21,1,0.3492677
6357,8,0,0.34768578
6358,13,0,0.39738116
6359,10,1,0.43706074
6360,27,0,0.42110208
6361,9,0,0.36820215
6362,2,0,0.4446185
6363,13,1,0.48829135
6364,13,0,0.38839522
6365,6,0,0.3102819
6366,12,1,0.5715531
6367,9,0,0.37363866
6368,11,0,0.37281582
6369,12,1,0.6446002
6370,11,0,0.22319493
6371,12,0,0.41212615
6372,1,1,0.6752251
6373,7,1,0.34954014
6374,1,0,0.2569767
6375,25,0,0.32597494
6376,28,0,0.6543378
6377,8,1,0.72951365
6378,28,1,0.5436218
6379,16,0,0.3134156
6380,18,0,0.34093845
6381,15,1,0.84675837
6382,27,1,0.69351906
6383,2,1,0.6684749
6384,13,0,0.5558612
6385,11,0,0.23488064
6386,15,0,0.42541504
6387,5,0,0.3558464
6388,10,1,0.35351482
6389,17,1,0.85113925
6390,22,0,0.3635612
6391,20,1,0.628454
6392,20,1,0.4595587
6393,13,1,0.6127485
6394,2,1,0.45631334
6395,9,0,0.25570843
6396,17,0,0.61647713
6397,8,1,0.73586977
6398,27,1,0.7601539
6399,21,1,0.40930697
6400,3,1,0.6885577
6401,27,1,0.6281504
6402,10,0,0.57900804
6403,23,1,0.43043694
6404,24,1,0.71309507
6405,11,1,0.52904254
6406,1,0,0.5023708
6407,26,0,0.72989154
6408,16,0,0.2491936
6409,26,1,0.76308787
6410,16,1,0.35572076
6411,8,1,0.26042318
6412,7,0,0.24916728
6413,16,0,0.42331988
6414,0,0,0.35350809
6415,26,0,0.2716808
6416,13,0,0.6775474
6417,10,0,0.44154704
6418,8,0,0.40333965
6419,4,1,0.7695729
6420,27,1,0.30843747
6421,6,0,0.5291606
6422,1,1,0.5471078
6423,22,1,0.48957825
6424,26,0,0.23329043
6425,2,0,0.3525861
6426,16,0,0.81900316
6427,8,1,0.57876056
6428,25,1,0.71546924
6429,8,0,0.22195815
6430,23,0,0.49931246
6431,16,1,0.33643913
6432,10,0,0.22125283
6433,13,1,0.82379854
6434,2,0,0.40828216
6435,15,0,0.34789705
6436,16,0,0.33286592
6437,0,0,0.41539788
6438,14,1,0.46763214
6439,0,0,0.24612206
6440,20,0,0.6796488
6441,15,0,0.35003525
6442,16,0,0.6297233
6443,27,1,0.76124275
6444,11,0,0.29507232
6445,8,0,0.35912794
6446,16,1,0.5300985
6447,19,0,0.31122607
6448,16,1,0.39508945
6449,28,0,0.36245906
6450,16,0,0.3776247
6451,2,0,0.4338116
6452,21,0,0.50530493
6453,12,1,0.65336835
6454,20,1,0.3741989
6455,8,1,0.24706809
6456,7,1,0.41864595
6457,2,1,0.3335734
6458,14,1,0.65060663
6459,22,0,0.50580853
6460,1,1,0.71094507
6461,10,1,0.42440578
6462,16,1,0.27910417
6463,13,0,0.5894599
6464,8,1,0.35826525
6465,26,1,0.35727894
6466,19,1,0.8202436
6467,15,0,0.22432198
6468,27,0,0.34096286
6469,23,0,0.22529377
6470,13,0,0.5185107
6471,0,0,0.3079235
6472,7,0,0.639091
6473,16,1,0.22742862
6474,8,0,0.37289
6475,10,1,0.41753253
6476,22,0,0.63524574
6477,9,1,0.5636862
6478,0,1,0.6990092
6479,11,0,0.30398905
6480,9,1,0.69322675
6481,9,1,0.70062524
6482,8,1,0.44289732
6483,28,0,0.6162088
6484,23,1,0.5716979
6485,12,1,0.78871244
6486,25,0,0.2449148
6487,16,1,0.5231669
6488,20,1,0.6830228
6489,11,0,0.47400057
6490,22,0,0.44289592
6491,19,0,0.56341213
6492,16,0,0.5857447
6493,8,1,0.3671239
6494,20,0,0.23072416
6495,21,0,0.40518796
6496,14,1,0.4240834
6497,25,1,0.52622277
6498,19,1,0.47515318
6499,11,0,0.6389179
6500,3,0,0.5612141
6501,3,0,0.32933143
6502,12,1,0.7012493
6503,5,1,0.6518966
6504,11,0,0.33622372
6505,24,1,0.44051263
6506,8,0,0.6390514
6507,1,1,0.5943444
6508,10,0,0.26646695
6509,7,0,0.4069139
6510,6,1,0.69532007
6511,10,0,0.3578916
6512,20,1,0.46556282
6513,28,1,0.8115775
6514,1,0,0.52283794
6515,8,0,0.40580964
6516,27,1,0.37667313
6517,27,1,0.71335334
6518,12,0,0.646925
6519,6,0,0.7558792
6520,18,0,0.42167166
6521,7,1,0.48442423
6522,8,1,0.59366125
6523,12,0,0.31316334
6524,16,1,0.561233
6525,28,1,0.56027025
6526,10,1,0.48371652
6527,27,1,0.6749463
6528,26,0,0.3241461
6529,15,0,0.43100858
6530,6,0,0.22316842
6531,3,1,0.35881436
6532,10,1,0.8506196
6533,27,0,0.35577977
6534,26,1,0.73686343
6535,3,1,0.7891768
6536,16,1,0.51131624
6537,17,1,0.46839255
6538,2,0,0.28524697
6539,8,0,0.35940468
6540,26,1,0.43611023
6541,20,1,0.5867552
6542,21,0,0.39692846
6543,25,0,0.5874623
6544,11,0,0.56048435
6545,20,0,0.38208956
6546,16,1,0.40878952
6547,7,1,0.7277527
6548,2,0,0.3381491
6549,12,0,0.6406651
6550,24,0,0.2441619
6551,0,1,0.27951124
6552,10,0,0.33897722
6553,3,0,0.4872332
6554,0,0,0.37118003
6555,27,0,0.23994657
6556,15,1,0.44229436
6557,18,0,0.3945149
6558,2,0,0.442329
6559,10,1,0.62429154
6560,14,0,0.45230237
6561,12,1,0.80038893
6562,16,1,0.73507625
6563,13,0,0.4245456
6564,18,1,0.30311605
6565,26,0,0.76358247
6566,6,0,0.5130478
6567,25,0,0.43303686
6568,1,1,0.7714673
6569,12,0,0.5541606
6570,13,1,0.35642096
6571,15,1,0.6723665
6572,25,1,0.82708263
6573,6,1,0.4548336
6574,11,1,0.6402719
6575,26,1,0.54023296
6576,27,0,0.28712344
6577,19,0,0.46328607
6578,13,1,0.22656913
6579,20,1,0.24414052
6580,9,0,0.38921782
6581,19,1,0.70656514
6582,25,1,0.4210299
6583,0,1,0.28382063
6584,10,0,0.2674808
6585,11,1,0.78260994
6586,12,0,0.36237854
6587,26,0,0.3921845
6588,15,1,0.7650229
6589,14,1,0.3220292
6590,17,1,0.34089807
6591,15,1,0.49253234
6592,26,0,0.47765806
6593,12,1,0.61195445
6594,7,1,0.44200087
6595,3,0,0.43290567
6596,2,0,0.3577607
6597,8,1,0.5290315
6598,11,1,0.66656506
6599,13,1,0.71532124
6600,11,0,0.4209231
6601,27,1,0.22674564
6602,25,0,0.28428733
6603,24,0,0.4379444
6604,18,1,0.4082278
6605,14,0,0.44182658
6606,23,1,0.35366178
6607,26,0,0.35867462
6608,18,0,0.6327047
6609,28,0,0.53915954
6610,10,1,0.6053859
6611,25,1,0.62303823
6612,28,1,0.40892464
6613,16,0,0.2635766
6614,25,0,0.3536318
6615,2,0,0.26985168
6616,22,0,0.31879961
6617,20,1,0.5229602
6618,15,1,0.6416393
6619,4,1,0.6147427
6620,15,1,0.68122023
6621,13,1,0.77433944
6622,16,0,0.33554015
6623,2,0,0.304032
6624,1,1,0.7275456
6625,3,0,0.6521423
6626,4,1,0.39910197
6627,0,1,0.22607195
6628,18,1,0.7272772
6629,2,1,0.63922817
6630,18,0,0.60244316
6631,25,1,0.7761303
6632,4,0,0.39077917
6633,27,1,0.7674203
6634,27,1,0.79365426
6635,6,1,0.7193296
6636,9,0,0.23064491
6637,28,1,0.4946048
6638,16,1,0.8193013
6639,13,1,0.35919118
6640,13,1,0.6544357
6641,10,1,0.7386174
6642,7,1,0.6027563
6643,6,1,0.5041013
6644,20,0,0.3812301
6645,12,1,0.34743038
6646,15,1,0.77710056
6647,2,1,0.3918988
6648,15,1,0.83321494
6649,18,1,0.5570458
6650,1,1,0.5499827
6651,1,1,0.8226577
6652,12,1,0.40092334
6653,26,1,0.45062238
6654,3,1,0.5184836
6655,3,1,0.28826433
6656,27,0,0.3714908
6657,10,0,0.39471138
6658,27,1,0.3842048
6659,20,1,0.66112363
6660,25,1,0.6168288
6661,16,0,0.3733987
6662,26,0,0.24652249
6663,13,0,0.6291931
6664,5,1,0.6443873
6665,12,0,0.4579998
6666,1,1,0.35904843
6667,14,0,0.55309886
6668,2,1,0.5937591
6669,25,1,0.5351572
6670,17,0,0.3438199
6671,25,1,0.23102058
6672,2,1,0.6178481
6673,19,1,0.3621108
6674,25,1,0.498274
6675,1,0,0.41852137
6676,18,1,0.7486315
6677,2,0,0.50616264
6678,13,1,0.359431
6679,10,1,0.57679015
6680,15,1,0.7382846
6681,12,0,0.26333404
6682,27,0,0.42692098
6683,11,1,0.80945116
6684,8,0,0.5368707
6685,17,0,0.74448407
6686,10,1,0.8291154
6687,28,0,0.6109876
6688,6,1,0.56148624
6689,15,0,0.36050883
6690,25,0,0.327441
6691,20,0,0.5269944
6692,7,1,0.7044544
6693,1,0,0.48917302
6694,8,1,0.72203505
6695,1,0,0.36603567
6696,12,1,0.3672988
6697,12,1,0.64132905
6698,16,0,0.37253284
6699,24,1,0.47490704
6700,13,1,0.51480234
6701,8,1,0.49453118
6702,24,1,0.6134523
6703,26,1,0.52433103
6704,9,1,0.53481454
6705,18,1,0.42201203
6706,16,0,0.61986995
6707,8,0,0.3857112
6708,12,0,0.66919607
6709,15,0,0.35411155
6710,1,1,0.630472
6711,12,0,0.30346894
6712,8,1,0.7737627
6713,10,0,0.41183048
6714,17,1,0.7981288
6715,8,0,0.30675095
6716,4,1,0.49238423
6717,2,1,0.32957238
6718,15,0,0.51599956
6719,27,1,0.5589657
6720,14,1,0.35044184
6721,6,1,0.70501506
6722,11,0,0.28514993
6723,15,1,0.6141458
6724,26,1,0.62767285
6725,16,1,0.8075932
6726,18,0,0.30090898
6727,10,1,0.30357847
6728,16,0,0.424237
6729,1,0,0.6857096
6730,8,0,0.6063212
6731,12,0,0.33345887
6732,9,0,0.82106906
6733,1,0,0.31527627
6734,27,1,0.29384157
6735,24,1,0.71897286
6736,1,0,0.33473116
6737,1,0,0.28332034
6738,9,0,0.4018555
6739,3,1,0.30696464
6740,2,1,0.3798177
6741,16,1,0.72695714
6742,20,1,0.7497605
6743,8,0,0.49754253
6744,25,0,0.34360126
6745,9,1,0.39597708
6746,26,1,0.7396525
6747,13,1,0.45423388
6748,11,0,0.29460907
6749,16,0,0.28292674
6750,20,0,0.27458668
6751,8,1,0.6498933
6752,13,1,0.3497248
6753,26,1,0.7725027
6754,22,1,0.62401944
6755,3,1,0.37697476
6756,24,1,0.5256776
6757,12,1,0.57548815
6758,16,0,0.62062544
6759,16,0,0.39445162
6760,8,1,0.391165
6761,23,0,0.37380555
6762,11,0,0.56786305
6763,25,0,0.31848377
6764,17,1,0.78078914
6765,21,1,0.41006365
6766,1,1,0.3637692
6767,10,0,0.6257695
6768,26,1,0.67574614
6769,17,0,0.7295481
6770,13,1,0.5048926
6771,27,1,0.7996819
6772,7,1,0.6547559
6773,6,0,0.34213176
6774,23,0,0.3807379
6775,16,1,0.30473512
6776,15,0,0.26830092
6777,3,1,0.6550163
6778,23,0,0.61485165
6779,2,0,0.45819542
6780,24,1,0.35995656
6781,12,0,0.2589427
6782,10,0,0.3728113
6783,22,0,0.52439946
6784,18,1,0.5574802
6785,17,0,0.3495858
6786,27,1,0.39323372
6787,15,0,0.36223832
6788,6,0,0.5345159
6789,10,0,0.2431949
6790,7,1,0.7793304
6791,15,0,0.41049644
6792,8,1,0.66295373
6793,3,0,0.33263534
6794,11,0,0.42031977
6795,1,1,0.55896145
6796,14,0,0.26331306
6797,18,1,0.59195346
6798,12,1,0.35981384
6799,8,0,0.37858513
6800,23,1,0.4525088
6801,10,1,0.6092542
6802,10,1,0.4872201
6803,16,0,0.325372
6804,8,1,0.6602052
6805,16,1,0.65596503
6806,10,0,0.43386653
6807,22,1,0.63177955
6808,16,0,0.55023926
6809,2,1,0.56598276
6810,16,0,0.5561673
6811,20,0,0.69148594
6812,20,0,0.656617
6813,24,0,0.2827151
6814,26,0,0.33498284
6815,25,1,0.7907273
6816,17,0,0.49329495
6817,13,0,0.43418908
6818,21,1,0.33942157
6819,18,0,0.63546634
6820,1,1,0.58653283
6821,10,0,0.6330031
6822,11,0,0.5677645
6823,19,0,0.31673113
6824,28,0,0.5171809
6825,19,1,0.69604534
6826,7,1,0.6345603
6827,12,0,0.23320568
6828,14,0,0.37913263
6829,16,0,0.4336348
6830,12,1,0.57411045
6831,27,1,0.40170154
6832,7,1,0.39612806
6833,20,0,0.44557324
6834,8,0,0.22624604
6835,17,0,0.7098101
6836,3,0,0.35153228
6837,2,0,0.5952546
6838,2,0,0.5806249
6839,22,1,0.72192717
6840,17,0,0.42401218
6841,4,0,0.43920168
6842,15,1,0.48434615
6843,6,1,0.32908854
6844,25,1,0.45128828
6845,1,1,0.35881832
6846,25,1,0.62917924
6847,16,0,0.7000328
6848,19,1,0.74855185
6849,13,1,0.7999393
6850,5,0,0.34593022
6851,21,0,0.6045202
6852,9,1,0.6153698
6853,25,0,0.71587414
6854,10,1,0.35547382
6855,10,0,0.40088353
6856,27,0,0.30809876
6857,19,0,0.3732003
6858,7,0,0.47015253
6859,25,0,0.38571972
6860,19,0,0.35123757
6861,3,0,0.26986837
6862,1,0,0.34400848
6863,13,1,0.7143479
6864,13,1,0.40258095
6865,6,0,0.42876574
6866,1,0,0.3733178
6867,3,0,0.6351233
6868,12,1,0.5194941
6869,16,1,0.6807308
6870,19,0,0.34567776
6871,3,1,0.7739549
6872,27,0,0.41307673
6873,23,0,0.37130392
6874,10,0,0.33748892
6875,24,0,0.232696
6876,11,1,0.42491305
6877,2,0,0.28179958
6878,5,1,0.3967271
6879,25,1,0.3330994
6880,26,1,0.81901354
6881,6,0,0.27773312
6882,11,1,0.62779576
6883,13,1,0.71835613
6884,13,1,0.7172239
6885,13,0,0.24454544
6886,25,1,0.5670858
6887,19,1,0.64718825
6888,15,1,0.6116331
6889,1,0,0.674557
6890,9,0,0.51267165
6891,16,1,0.369675
6892,8,0,0.58959603
6893,6,1,0.72385734
6894,5,0,0.22911018
6895,16,0,0.3282468
6896,9,1,0.59818476
6897,28,1,0.35376266
6898,15,0,0.70283854
6899,16,1,0.7384285
6900,10,0,0.2673774
6901,10,1,0.35948727
6902,19,0,0.69351435
6903,2,1,0.7261394
6904,15,0,0.45307767
6905,4,1,0.55732614
6906,1,0,0.26448974
6907,15,0,0.6181681
6908,8,1,0.41895163
6909,25,0,0.3960015
6910,18,1,0.63862413
6911,22,0,0.32190636
6912,2,1,0.5844611
6913,11,1,0.53255594
6914,8,1,0.7500528
6915,12,1,0.66944546
6916,10,0,0.27604687
6917,0,0,0.35410628
6918,11,0,0.35862187
6919,1,0,0.6433401
6920,1,1,0.60150456
6921,8,1,0.66945595
6922,2,1,0.4642916
6923,5,0,0.5218448
6924,8,1,0.82553345
6925,15,1,0.2593934
6926,10,1,0.5438264
6927,10,1,0.55522317
6928,28,0,0.580794
6929,3,0,0.31757432
6930,26,0,0.55601436
6931,8,1,0.62048554
6932,5,1,0.8157568
6933,13,1,0.5871855
6934,19,0,0.6953625
6935,5,1,0.736627
6936,15,0,0.35700166
6937,1,0,0.5950813
6938,11,1,0.8316679
6939,2,1,0.5671179
6940,8,0,0.8054207
6941,6,0,0.3269253
6942,25,0,0.28656474
6943,10,1,0.29566157
6944,28,0,0.479439
6945,14,0,0.31615314
6946,7,0,0.7540258
6947,23,0,0.26360202
6948,21,1,0.5779585
6949,0,1,0.4105005
6950,22,1,0.5420591
6951,3,0,0.23124728
6952,22,0,0.3492777
6953,11,1,0.38700584
6954,28,0,0.28368658
6955,27,0,0.43796155
6956,2,1,0.55864865
6957,16,0,0.61534923
6958,13,0,0.40218517
6959,18,1,0.77064925
6960,17,1,0.5276949
6961,26,1,0.36949244
6962,6,0,0.53968126
6963,1,0,0.2703066
6964,25,0,0.36407682
6965,27,1,0.62577313
6966,0,1,0.27290437
6967,7,1,0.63403934
6968,0,0,0.24016118
6969,12,0,0.30998465
6970,2,1,0.36470097
6971,16,0,0.3624854
6972,3,1,0.42376983
6973,6,1,0.6972199
6974,20,1,0.3525273
6975,13,0,0.4861482
6976,26,0,0.2609535
6977,13,0,0.35476455
6978,13,1,0.63460934
6979,2,0,0.452453
6980,25,0,0.36123228
6981,4,1,0.5448102
6982,15,0,0.306951
6983,16,0,0.6681337
6984,6,0,0.4832046
6985,13,0,0.56332487
6986,27,1,0.2213864
6987,16,1,0.48732138
6988,15,1,0.7169421
6989,13,1,0.44443944
6990,26,1,0.40804473
6991,25,0,0.23195389
6992,26,0,0.40008044
6993,16,1,0.3510789
6994,13,0,0.37629747
6995,8,1,0.5038194
6996,10,0,0.22347109
6997,16,0,0.31450897
6998,0,0,0.47932056
6999,8,0,0.23045826
7000,25,0,0.6303696
7001,10,1,0.45768705
7002,24,1,0.32207146
7003,15,0,0.25540623
7004,26,0,0.5471011
7005,15,0,0.6165782
7006,6,0,0.35555735
7007,15,0,0.4209857
7008,14,1,0.5593867
7009,15,1,0.2900149
7010,1,1,0.5452334
7011,2,0,0.3629605
7012,26,1,0.33255756
7013,16,1,0.23563714
7014,18,0,0.2842525
7015,27,1,0.51377845
7016,15,0,0.2470149
7017,11,0,0.64979345
7018,12,1,0.64676857
7019,14,0,0.2690417
7020,13,1,0.7455708
7021,4,0,0.34048313
7022,20,0,0.404993
7023,3,0,0.3371434
7024,1,0,0.39157772
7025,4,1,0.55207497
7026,20,0,0.3695183
7027,16,0,0.34450346
7028,16,1,0.67623955
7029,28,1,0.63831854
7030,20,0,0.35129815
7031,16,0,0.41271237
7032,15,1,0.36206055
7033,13,0,0.37599656
7034,16,0,0.3568385
7035,8,0,0.24144468
7036,8,0,0.2961403
7037,13,0,0.74723566
7038,20,0,0.3655549
7039,16,0,0.71643937
7040,16,0,0.371077
7041,2,1,0.6042471
7042,4,1,0.45429063
7043,3,0,0.23056303
7044,7,1,0.72982097
7045,18,1,0.5540888
7046,13,0,0.5140332
7047,13,0,0.23419502
7048,8,1,0.42672572
7049,20,0,0.341318
7050,8,1,0.47854802
7051,16,1,0.46094805
7052,11,0,0.3379153
7053,15,1,0.5546607
7054,20,1,0.38201633
7055,19,1,0.41954404
7056,0,0,0.23625346
7057,25,0,0.69839025
7058,18,0,0.28683093
7059,17,0,0.2796138
7060,27,0,0.6069178
7061,22,1,0.78069437
7062,14,1,0.39732197
7063,1,0,0.27036968
7064,12,1,0.41834283
7065,20,1,0.49600738
7066,25,0,0.28549376
7067,1,1,0.43806243
7068,18,0,0.47966024
7069,12,0,0.5670479
7070,12,0,0.5587076
7071,3,1,0.52331555
7072,21,1,0.61694187
7073,16,1,0.4749051
7074,13,1,0.47629607
7075,26,1,0.58346915
7076,1,1,0.35829848
7077,1,0,0.44651598
7078,11,0,0.24437247
7079,10,1,0.70637506
7080,18,0,0.3512335
7081,26,1,0.30971736
7082,1,1,0.30419078
7083,28,1,0.7761934
7084,25,1,0.42872095
7085,5,1,0.58444715
7086,18,0,0.45677918
7087,3,0,0.36531904
7088,10,0,0.3283395
7089,11,0,0.29330158
7090,16,0,0.25505972
7091,23,1,0.38895205
7092,10,0,0.35796762
7093,10,0,0.5573295
7094,18,0,0.3430326
7095,25,0,0.26493436
7096,13,1,0.34290537
7097,7,0,0.2440641
7098,0,0,0.35388473
7099,2,0,0.5013423
7100,16,0,0.42786768
7101,7,0,0.6197958
7102,8,0,0.35912222
7103,12,0,0.37898654
7104,19,1,0.26121894
7105,17,0,0.44232002
7106,12,1,0.5290425
7107,11,0,0.6455744
7108,26,0,0.3499246
7109,11,1,0.5427973
7110,20,1,0.7322646
7111,25,1,0.6621203
7112,2,0,0.6179014
7113,12,0,0.35504755
7114,12,0,0.55370635
7115,11,1,0.57098955
7116,15,1,0.623675
7117,6,1,0.29453295
7118,18,0,0.5694394
7119,4,1,0.3913754
7120,3,1,0.808865
7121,23,0,0.63516086
7122,10,0,0.39724934
7123,18,1,0.4171072
7124,20,1,0.54723424
7125,4,1,0.30722052
7126,18,0,0.6064228
7127,16,1,0.842912
7128,15,0,0.5058171
7129,18,0,0.35893574
7130,2,1,0.71508855
7131,28,0,0.5089041
7132,24,0,0.4445778
7133,19,1,0.45983666
7134,25,0,0.23267625
7135,28,1,0.8296666
7136,7,0,0.40675887
7137,26,0,0.7863266
7138,2,1,0.36327142
7139,12,1,0.5691557
7140,13,1,0.3654436
7141,10,1,0.44563413
7142,23,1,0.36823317
7143,16,0,0.36180228
7144,16,1,0.4118074
7145,27,0,0.4760437
7146,7,1,0.34158474
7147,15,0,0.7484229
7148,1,0,0.44957957
7149,26,0,0.29815337
7150,15,0,0.27068502
7151,12,0,0.23071066
7152,12,0,0.3474089
7153,10,1,0.52279425
7154,15,1,0.6020959
7155,25,1,0.46016333
7156,22,1,0.37722808
7157,26,1,0.41645062
7158,1,0,0.44335753
7159,26,0,0.52985525
7160,13,1,0.5326116
7161,18,0,0.3801248
7162,16,0,0.7774628
7163,11,0,0.3556785
7164,7,0,0.3161491
7165,1,1,0.35634246
7166,16,1,0.6424285
7167,16,0,0.7040929
7168,13,1,0.33248907
7169,14,0,0.70644826
7170,9,1,0.56464463
7171,27,1,0.59537023
7172,20,0,0.35446405
7173,9,0,0.42828354
7174,0,1,0.2942187
7175,9,0,0.4181201
7176,10,1,0.6538328
7177,2,0,0.5316457
7178,17,1,0.38966832
7179,11,1,0.6560694
7180,16,0,0.30332935
7181,12,0,0.36361727
7182,1,0,0.7386857
7183,6,1,0.5353129
7184,2,0,0.44273475
7185,9,1,0.7495063
7186,12,0,0.50544953
7187,10,1,0.5663003
7188,1,1,0.59994704
7189,16,0,0.23012221
7190,22,1,0.63491523
7191,2,1,0.26365697
7192,24,1,0.34505457
7193,15,1,0.4256323
7194,6,1,0.48461303
7195,12,1,0.66841847
7196,14,0,0.33816966
7197,27,1,0.42114478
7198,7,0,0.3313897
7199,15,1,0.44615647
7200,4,1,0.49976045
7201,9,0,0.5155656
7202,13,0,0.6326698
7203,18,1,0.7173771
7204,12,1,0.5085985
7205,3,1,0.47197893
7206,27,1,0.2761232
7207,28,0,0.27323315
7208,9,1,0.4772159
7209,28,1,0.69900304
7210,19,1,0.81972295
7211,6,1,0.79784125
7212,3,1,0.33441758
7213,19,1,0.56843287
7214,23,0,0.561071
7215,8,0,0.34402773
7216,16,0,0.33481485
7217,16,1,0.8176478
7218,24,0,0.72173697
7219,6,1,0.41347933
7220,0,0,0.34760112
7221,17,1,0.4239139
7222,19,1,0.5632635
7223,23,0,0.54915684
7224,4,0,0.35252702
7225,4,0,0.27826235
7226,7,0,0.36064178
7227,25,0,0.24169849
7228,10,0,0.5346593
7229,13,0,0.34743407
7230,15,1,0.7396604
7231,14,1,0.5195198
7232,14,0,0.31516483
7233,13,1,0.61347157
7234,7,1,0.6950619
7235,14,1,0.5519226
7236,10,1,0.74044
7237,8,0,0.36009595
7238,9,0,0.669122
7239,2,1,0.7120239
7240,10,0,0.56184644
7241,14,1,0.7388456
7242,13,0,0.31245515
7243,17,1,0.7273015
7244,15,0,0.45153552
7245,10,0,0.3803892
7246,3,0,0.37501276
7247,13,0,0.555267
7248,13,0,0.47101042
7249,22,0,0.33735543
7250,10,1,0.41870278
7251,8,1,0.38342264
7252,0,1,0.56146294
7253,18,1,0.67027444
7254,2,0,0.31602374
7255,27,0,0.2742827
7256,16,1,0.3502294
7257,21,0,0.72733647
7258,26,1,0.60903656
7259,10,1,0.69372976
7260,21,0,0.675496
7261,1,1,0.20637363
7262,8,0,0.33195275
7263,26,0,0.36060968
7264,24,0,0.62002546
7265,23,1,0.5671464
7266,10,1,0.62624174
7267,11,1,0.23308831
7268,8,1,0.36009493
7269,13,0,0.37464407
7270,20,1,0.48030844
7271,28,0,0.6550071
7272,10,1,0.49079195
7273,26,0,0.39648986
7274,17,0,0.4068101
7275,12,1,0.33923274
7276,13,0,0.3915716
7277,20,1,0.54715604
7278,8,1,0.5292888
7279,12,1,0.48740008
7280,1,1,0.4978974
7281,8,0,0.43486533
7282,0,0,0.64091164
7283,0,0,0.30613545
7284,16,1,0.31182933
7285,20,0,0.5609842
7286,13,1,0.22411384
7287,16,0,0.6401587
7288,15,1,0.30231616
7289,11,1,0.7368779
7290,2,0,0.61952287
7291,14,1,0.5595497
7292,9,1,0.27632064
7293,2,1,0.7079366
7294,8,1,0.5344676
7295,17,1,0.6373184
7296,17,1,0.4110276
7297,17,0,0.74546623
7298,23,1,0.4759091
7299,4,0,0.3710252
7300,7,0,0.33120933
7301,21,0,0.23770747
7302,6,0,0.36044005
7303,4,0,0.4368451
7304,6,0,0.2822083
7305,6,1,0.3870916
7306,1,0,0.35492566
7307,17,1,0.66304743
7308,26,0,0.40166983
7309,26,1,0.68507844
7310,7,1,0.44481915
7311,20,1,0.8246864
7312,13,0,0.4006503
7313,21,0,0.68163633
7314,26,1,0.36157525
7315,0,0,0.35897198
7316,10,1,0.53521883
7317,14,1,0.60844225
7318,16,0,0.24070728
7319,25,1,0.30981195
7320,27,1,0.370383
7321,2,1,0.6994475
7322,17,1,0.7573133
7323,20,0,0.39305854
7324,8,0,0.31852716
7325,11,0,0.5694297
7326,17,0,0.36752513
7327,13,1,0.35585585
7328,3,0,0.4099713
7329,27,1,0.2498679
7330,9,1,0.7035699
7331,18,0,0.52087665
7332,1,1,0.63822305
7333,3,0,0.37253496
7334,2,0,0.4255148
7335,1,1,0.6113112
7336,17,0,0.7571897
7337,3,0,0.38192686
7338,2,0,0.5382777
7339,19,0,0.602132
7340,2,0,0.30452743
7341,7,0,0.48980522
7342,25,1,0.5921551
7343,6,0,0.5295862
7344,27,0,0.5618926
7345,1,1,0.8069226
7346,26,0,0.722785
7347,16,0,0.33272713
7348,25,0,0.65655345
7349,27,1,0.34599873
7350,16,0,0.6538609
7351,2,1,0.735578
7352,9,0,0.61877775
7353,15,1,0.70725876
7354,3,1,0.6009512
7355,17,1,0.7855202
7356,1,0,0.2420891
7357,20,0,0.6318147
7358,25,0,0.45419222
7359,2,0,0.6286282
7360,2,1,0.6180949
7361,1,0,0.36869726
7362,20,0,0.6271009
7363,16,0,0.29430756
7364,2,0,0.7377322
7365,14,1,0.6201664
7366,9,1,0.2983799
7367,8,0,0.43617177
7368,20,1,0.7724113
7369,2,0,0.2682337
7370,8,0,0.6880969
7371,2,0,0.52564853
7372,20,1,0.6542158
7373,5,0,0.31439528
7374,20,0,0.33452308
7375,1,1,0.7259519
7376,15,1,0.52579755
7377,15,0,0.41349435
7378,19,1,0.76213914
7379,11,1,0.39307633
7380,21,1,0.5171398
7381,27,1,0.7155367
7382,12,1,0.4651568
7383,20,1,0.7469496
7384,18,0,0.2775628
7385,4,1,0.46513864
7386,5,1,0.4331959
7387,12,1,0.73687845
7388,23,1,0.6007879
7389,7,1,0.62720096
7390,18,1,0.64759046
7391,25,0,0.22959013
7392,27,1,0.6145178
7393,17,1,0.8174994
7394,8,1,0.36809233
7395,8,0,0.42532283
7396,11,0,0.48559496
7397,2,1,0.52602994
7398,4,0,0.32644814
7399,20,0,0.24128148
7400,2,1,0.61166036
7401,2,1,0.7176596
7402,25,1,0.6613865
7403,20,0,0.35572043
7404,13,0,0.37662792
7405,16,0,0.44906962
7406,16,0,0.4898917
7407,15,0,0.44499803
7408,21,1,0.606992
7409,22,1,0.30874518
7410,16,1,0.4745695
7411,2,1,0.5386281
7412,26,1,0.715298
7413,11,0,0.36558118
7414,4,0,0.7218047
7415,6,1,0.70805067
7416,17,0,0.4944502
7417,15,1,0.75655967
7418,22,0,0.36207524
7419,8,1,0.75844306
7420,26,1,0.70492744
7421,27,1,0.4080117
7422,13,1,0.6847236
7423,25,0,0.47513005
7424,15,0,0.36147112
7425,23,1,0.5782185
7426,23,1,0.57225007
7427,7,1,0.44494295
7428,14,0,0.7070836
7429,25,0,0.72816736
7430,1,1,0.5243662
7431,3,1,0.4404845
7432,3,0,0.35549673
7433,7,1,0.70622355
7434,15,0,0.4193148
7435,1,0,0.40037847
7436,10,0,0.69783145
7437,19,0,0.28519154
7438,5,0,0.47393104
7439,16,1,0.34749052
7440,24,1,0.38802224
7441,24,0,0.48339865
7442,18,0,0.5024371
7443,13,1,0.4674638
7444,4,1,0.4118048
7445,8,1,0.67859423
7446,7,1,0.6396109
7447,2,0,0.45928946
7448,12,1,0.34383634
7449,4,1,0.67384106
7450,4,1,0.2819537
7451,11,1,0.62644327
7452,25,1,0.4567664
7453,2,0,0.54113215
7454,26,1,0.7576946
7455,12,0,0.30898896
7456,15,1,0.4434493
7457,23,0,0.30795988
7458,26,0,0.4386266
7459,13,0,0.24174571
7460,13,1,0.49948233
7461,0,1,0.69827116
7462,27,1,0.6172382
7463,5,0,0.6322614
7464,24,1,0.56462425
7465,7,0,0.28827074
7466,10,0,0.36041704
7467,19,1,0.73161125
7468,10,1,0.36954936
7469,18,1,0.5897363
7470,16,1,0.24002044
7471,3,0,0.26795897
7472,23,0,0.50689036
7473,15,0,0.26505798
7474,16,1,0.7406438
7475,24,0,0.34648865
7476,7,1,0.514322
7477,27,0,0.28426236
7478,21,0,0.7597521
7479,12,0,0.3516848
7480,16,1,0.79669523
7481,17,1,0.74512273
7482,11,0,0.25881305
7483,13,0,0.59621406
7484,8,1,0.74962837
7485,8,1,0.37072942
7486,6,0,0.37644795
7487,26,0,0.3670293
7488,25,1,0.38291943
7489,19,0,0.37420288
7490,18,1,0.6526731
7491,26,1,0.38154393
7492,10,1,0.8169721
7493,8,1,0.36806354
7494,12,0,0.28446934
7495,14,0,0.38802922
7496,3,1,0.66166073
7497,23,1,0.47757322
7498,23,0,0.34913877
7499,21,1,0.5687252
7500,23,0,0.31889302
7501,13,0,0.65267444
7502,20,1,0.45224103
7503,8,1,0.7370829
7504,17,1,0.39260694
7505,13,1,0.7064263
7506,10,1,0.78408635
7507,12,0,0.32515928
7508,7,0,0.40257183
7509,7,1,0.4492241
7510,0,0,0.3375825
7511,23,1,0.57881033
7512,25,0,0.37065992
7513,2,0,0.5247063
7514,10,1,0.69433
7515,20,0,0.32725203
7516,9,0,0.61467886
7517,17,0,0.5014731
7518,25,1,0.7490722
7519,21,0,0.84884
7520,15,1,0.530116
7521,15,0,0.5023043
7522,28,0,0.34674996
7523,25,0,0.39594844
7524,18,1,0.380935
7525,11,0,0.35124227
7526,16,1,0.5811358
7527,13,0,0.5045222
7528,24,1,0.36287454
7529,23,1,0.40541795
7530,5,0,0.7188322
7531,26,0,0.28946158
7532,25,1,0.5958001
7533,6,0,0.3969178
7534,13,0,0.37682363
7535,2,0,0.32050973
7536,15,1,0.3847764
7537,17,1,0.37070933
7538,17,0,0.4986409
7539,2,1,0.43554175
7540,25,0,0.4332182
7541,26,0,0.6303834
7542,26,1,0.24147011
7543,8,0,0.33034217
7544,6,1,0.24349621
7545,13,0,0.57340604
7546,23,1,0.62569886
7547,28,1,0.71218055
7548,11,1,0.4167526
7549,20,0,0.39055458
7550,15,1,0.35265025
7551,10,1,0.6402215
7552,15,1,0.3729906
7553,1,1,0.642462
7554,26,0,0.33697665
7555,8,1,0.47620276
7556,7,0,0.39411035
7557,25,1,0.28601322
7558,2,0,0.45313954
7559,2,0,0.3616518
7560,17,1,0.73902094
7561,15,0,0.28461343
7562,21,0,0.5297882
7563,2,0,0.5164079
7564,26,1,0.6387568
7565,18,0,0.23164304
7566,2,1,0.60928196
7567,26,0,0.5387883
7568,10,0,0.41466376
7569,21,0,0.2580854
7570,18,0,0.4683376
7571,11,1,0.6442729
7572,16,0,0.7564611
7573,28,0,0.60770327
7574,25,0,0.33590135
7575,16,0,0.28321826
7576,8,0,0.2803147
7577,2,0,0.81881505
7578,1,0,0.44313633
7579,22,0,0.5863324
7580,8,0,0.576274
7581,9,1,0.4000518
7582,15,0,0.55602366
7583,10,0,0.26375744
7584,4,1,0.78644526
7585,25,1,0.63297224
7586,28,0,0.4565615
7587,22,0,0.3952883
7588,4,0,0.4162994
7589,8,1,0.3711139
7590,20,0,0.57103866
7591,14,0,0.48357296
7592,8,0,0.521499
7593,12,0,0.27004382
7594,20,0,0.30605793
7595,4,1,0.3643391
7596,20,0,0.51757294
7597,3,1,0.7527069
7598,1,0,0.6021738
7599,10,0,0.36435536
7600,20,1,0.6419325
7601,16,1,0.7641181
7602,16,1,0.5641179
7603,7,1,0.41828364
7604,8,1,0.77768123
7605,11,0,0.22238176
7606,28,1,0.67526895
7607,7,1,0.3701435
7608,11,0,0.6220475
7609,10,1,0.5775191
7610,17,0,0.18749547
7611,28,0,0.31135064
7612,20,1,0.7712417
7613,28,0,0.35359672
7614,16,0,0.34755334
7615,9,0,0.2884749
7616,3,1,0.8453319
7617,22,0,0.3700661
7618,25,1,0.47837314
7619,0,1,0.6429026
7620,24,1,0.5680644
7621,25,0,0.60068446
7622,2,1,0.47248307
7623,15,0,0.28307042
7624,19,0,0.4773683
7625,7,0,0.39038816
7626,10,1,0.6983293
7627,16,1,0.5060914
7628,3,1,0.3893797
7629,9,1,0.580228
7630,13,0,0.31108665
7631,28,0,0.49570268
7632,13,1,0.3901769
7633,18,0,0.6765275
7634,21,1,0.71114147
7635,20,1,0.58212537
7636,6,1,0.30023137
7637,23,0,0.2778126
7638,23,0,0.26101333
7639,20,1,0.7225564
7640,16,0,0.25197962
7641,15,1,0.4731792
7642,8,1,0.33999765
7643,13,1,0.72628313
7644,21,0,0.367782
7645,13,1,0.6355084
7646,18,0,0.39645055
7647,8,0,0.39690834
7648,16,0,0.7152378
7649,25,1,0.80488497
7650,14,1,0.5308072
7651,21,1,0.50160587
7652,12,1,0.75152475
7653,16,0,0.36055887
7654,11,0,0.56346923
7655,0,0,0.35999864
7656,2,0,0.3522142
7657,3,1,0.3146876
7658,16,0,0.36193013
7659,19,0,0.71942383
7660,2,0,0.5036109
7661,17,0,0.21953087
7662,16,1,0.6585969
7663,4,1,0.5039516
7664,3,1,0.3340946
7665,1,1,0.6501764
7666,16,1,0.3604618
7667,20,1,0.49139994
7668,12,0,0.32118154
7669,3,1,0.23056029
7670,26,0,0.24104767
7671,6,1,0.35005337
7672,27,1,0.7386508
7673,13,0,0.3923967
7674,26,0,0.44756353
7675,16,1,0.636668
7676,20,0,0.36799204
7677,13,1,0.5633246
7678,17,1,0.52399373
7679,20,0,0.28345025
7680,26,0,0.33561465
7681,15,0,0.5192476
7682,16,0,0.5120729
7683,9,1,0.3001147
7684,13,0,0.41444546
7685,26,0,0.2074634
7686,26,0,0.50022614
7687,10,0,0.29659906
7688,2,1,0.7411205
7689,6,0,0.5523529
7690,26,1,0.4997292
7691,2,1,0.22738457
7692,14,0,0.30319214
7693,28,0,0.59889257
7694,2,0,0.53355145
7695,28,0,0.44935453
7696,16,1,0.3999317
7697,27,1,0.7457984
7698,1,0,0.28219733
7699,3,0,0.6859868
7700,5,0,0.47485703
7701,15,1,0.4829771
7702,16,0,0.35778922
7703,11,0,0.47172287
7704,13,0,0.41449952
7705,12,0,0.32611266
7706,10,0,0.4543918
7707,2,1,0.45687288
7708,16,1,0.3590611
7709,1,0,0.64283085
7710,11,0,0.6150876
7711,10,1,0.45547238
7712,18,1,0.45574102
7713,13,1,0.84584683
7714,8,1,0.7046206
7715,21,1,0.581546
7716,13,1,0.6967033
7717,17,0,0.24327344
7718,10,0,0.35845965
7719,14,1,0.31468835
7720,10,0,0.28481624
7721,7,0,0.328776
7722,16,1,0.78951126
7723,10,1,0.7446397
7724,18,0,0.43108335
7725,9,1,0.49757212
7726,27,0,0.37358037
7727,5,1,0.64160836
7728,23,1,0.21798004
7729,27,1,0.6355793
7730,10,0,0.29829514
7731,15,1,0.6323948
7732,24,1,0.48764512
7733,7,1,0.35290653
7734,17,0,0.54490316
7735,13,1,0.6320926
7736,25,0,0.351258
7737,1,1,0.582706
7738,27,0,0.41068146
7739,6,1,0.59688187
7740,27,1,0.43370357
7741,15,0,0.43658814
7742,22,0,0.62706184
7743,3,0,0.52306676
7744,2,1,0.7198011
7745,1,0,0.6427495
7746,3,0,0.27243087
7747,11,1,0.30356982
7748,16,0,0.29748964
7749,2,0,0.23687576
7750,12,1,0.42540556
7751,27,0,0.6311076
7752,10,1,0.6554696
7753,25,0,0.54261696
7754,1,0,0.45957497
7755,3,1,0.595511
7756,13,1,0.32328662
7757,2,1,0.5488354
7758,8,1,0.4791069
7759,14,1,0.45225546
7760,11,0,0.3358832
7761,14,1,0.5069901
7762,11,1,0.7075952
7763,22,0,0.40136772
7764,8,0,0.5968162
7765,0,0,0.32436928
7766,11,0,0.70023453
7767,10,1,0.5879496
7768,23,1,0.7804567
7769,10,1,0.6107436
7770,24,0,0.20397037
7771,13,0,0.34718156
7772,11,0,0.36296606
7773,16,0,0.5270831
7774,10,1,0.73126125
7775,8,0,0.3589317
7776,19,0,0.70375264
7777,18,0,0.3640514
7778,16,0,0.44330233
7779,3,0,0.43342233
7780,19,0,0.5171085
7781,1,1,0.54083186
7782,20,0,0.47387108
7783,8,0,0.29908442
7784,7,0,0.45000866
7785,1,0,0.41299504
7786,6,1,0.7455079
7787,2,0,0.21620491
7788,24,1,0.653416
7789,14,1,0.7102135
7790,3,0,0.38749257
7791,11,1,0.6327578
7792,13,0,0.21136874
7793,26,0,0.22635345
7794,8,1,0.7052837
7795,26,0,0.28585625
7796,25,1,0.5830654
7797,27,1,0.56396914
7798,1,1,0.27794856
7799,0,0,0.5919641
7800,16,0,0.6064786
7801,2,1,0.69652045
7802,1,1,0.4280128
7803,11,1,0.31321812
7804,1,0,0.18968777
7805,8,0,0.44878355
7806,12,1,0.8091518
7807,21,0,0.5285176
7808,21,1,0.58815354
7809,24,0,0.7388139
7810,10,0,0.7556249
7811,14,0,0.5094465
7812,15,0,0.3628808
7813,17,0,0.6377105
7814,20,1,0.52690446
7815,2,0,0.38636968
7816,10,1,0.42291215
7817,28,1,0.5904495
7818,11,1,0.29579592
7819,10,0,0.53795946
7820,3,1,0.45179054
7821,7,0,0.50442266
7822,25,1,0.7432416
7823,16,1,0.7819336
7824,2,1,0.70833147
7825,13,1,0.64012384
7826,8,0,0.3003665
7827,10,0,0.4966296
7828,0,0,0.6528224
7829,15,0,0.28324422
7830,16,0,0.46750435
7831,13,1,0.3993809
7832,7,1,0.64388096
7833,11,1,0.43427128
7834,11,0,0.37047812
7835,4,0,0.45935497
7836,3,1,0.5287353
7837,14,0,0.56770414
7838,16,0,0.40396523
7839,2,1,0.25691286
7840,4,0,0.23515898
7841,28,0,0.48487988
7842,11,1,0.23999141
7843,13,1,0.3724858
7844,23,1,0.6976284
7845,8,0,0.23885468
7846,19,1,0.6621397
7847,6,1,0.36145833
7848,2,1,0.4501437
7849,23,0,0.5300469
7850,2,1,0.36162013
7851,10,0,0.33688903
7852,11,1,0.79566425
7853,16,1,0.3610337
7854,22,0,0.3493363
7855,6,1,0.7289425
7856,8,1,0.6090952
7857,16,0,0.7441934
7858,13,1,0.36110508
7859,26,0,0.81814593
7860,14,1,0.62673366
7861,18,0,0.6748262
7862,10,1,0.5597401
7863,24,1,0.3514719
7864,0,0,0.59053713
7865,17,1,0.58596796
7866,18,0,0.47254503
7867,0,1,0.35413077
7868,2,0,0.617762
7869,18,1,0.6466558
7870,12,0,0.37431696
7871,16,1,0.3667947
7872,13,1,0.61720777
7873,5,1,0.53593767
7874,11,0,0.25177956
7875,26,0,0.24536961
7876,13,1,0.79553956
7877,1,0,0.53696555
7878,8,1,0.4190571
7879,13,1,0.8002866
7880,14,0,0.3949717
7881,20,1,0.49803862
7882,27,0,0.38982832
7883,8,0,0.5639217
7884,16,0,0.40033352
7885,25,1,0.72683996
7886,10,0,0.4837062
7887,13,0,0.28906444
7888,16,0,0.5883445
7889,11,1,0.34483275
7890,21,0,0.2898487
7891,19,1,0.634341
7892,3,0,0.6392361
7893,15,1,0.83448493
7894,8,0,0.31166857
7895,0,1,0.284541
7896,12,0,0.37709782
7897,25,1,0.5622512
7898,24,1,0.4171312
7899,18,1,0.6384414
7900,8,0,0.36420113
7901,14,0,0.48778838
7902,2,0,0.28579828
7903,7,0,0.55264103
7904,13,0,0.21795358
7905,7,1,0.77810556
7906,26,1,0.7057697
7907,2,1,0.49570772
7908,13,0,0.32267174
7909,0,1,0.6460793
7910,3,1,0.3627941
7911,12,0,0.58283913
7912,1,0,0.5428138
7913,16,1,0.6364309
7914,16,0,0.28382823
7915,2,1,0.63861334
7916,6,0,0.54657495
7917,22,1,0.77221364
7918,7,1,0.44116074
7919,15,1,0.4831772
7920,19,1,0.52740335
7921,10,0,0.5892113
7922,8,0,0.2660829
7923,0,0,0.6766806
7924,2,0,0.66639644
7925,27,0,0.48456472
7926,18,1,0.55471456
7927,1,0,0.40753224
7928,0,1,0.27691022
7929,12,0,0.35984495
7930,13,1,0.3974969
7931,16,1,0.4879945
7932,14,1,0.4468196
7933,16,1,0.448223
7934,15,1,0.7148799
7935,13,0,0.22462581
7936,1,0,0.48475972
7937,12,1,0.69818425
7938,25,1,0.6222726
7939,2,0,0.36233947
7940,25,1,0.5736254
7941,11,1,0.41971993
7942,15,1,0.28179476
7943,15,1,0.7007775
7944,11,0,0.77331436
7945,16,1,0.36182454
7946,27,0,0.53030664
7947,21,1,0.38692918
7948,12,1,0.5532675
7949,20,0,0.52008516
7950,13,1,0.7427466
7951,0,1,0.4392595
7952,8,1,0.63293934
7953,17,0,0.36542496
7954,2,0,0.339516
7955,26,1,0.68590283
7956,6,1,0.6416491
7957,17,0,0.6641605
7958,14,0,0.2771728
7959,8,1,0.46697062
7960,8,0,0.58979744
7961,28,1,0.71287996
7962,27,1,0.5695877
7963,20,0,0.2400774
7964,26,1,0.59148866
7965,11,1,0.31687725
7966,15,0,0.47593352
7967,28,1,0.2933783
7968,11,1,0.28956127
7969,16,1,0.22392112
7970,18,0,0.57381445
7971,24,1,0.70411277
7972,15,0,0.5639141
7973,9,1,0.5294683
7974,12,0,0.3460632
7975,11,1,0.43449298
7976,2,1,0.47544894
7977,4,1,0.47469437
7978,19,0,0.36645502
7979,1,0,0.3542197
7980,28,0,0.2402908
7981,11,0,0.6019279
7982,20,0,0.22084332
7983,6,1,0.66548425
7984,7,0,0.6322072
7985,8,0,0.62203264
7986,1,0,0.2203423
7987,1,0,0.26563266
7988,18,0,0.45097646
7989,1,1,0.736904
7990,2,0,0.7612915
7991,23,1,0.49445382
7992,16,1,0.29288396
7993,23,0,0.33033425
7994,11,0,0.36180344
7995,8,0,0.59659666
7996,18,0,0.40678215
7997,18,0,0.61857855
7998,26,0,0.34248975
7999,26,1,0.28024706
8000,16,0,0.44101825
8001,2,0,0.4334462
8002,5,0,0.21859175
8003,27,0,0.5879693
8004,15,0,0.47856244
8005,13,1,0.76264817
8006,12,1,0.80955744
8007,15,0,0.2593411
8008,23,0,0.39972362
8009,21,0,0.6414206
8010,17,0,0.4845674
8011,8,1,0.5979179
8012,5,1,0.33528158
8013,11,0,0.757476
8014,28,0,0.6937807
8015,13,0,0.29618612
8016,13,1,0.36631495
8017,25,1,0.6442896
8018,1,0,0.7687253
8019,2,0,0.25781393
8020,15,0,0.3766753
8021,9,1,0.47445616
8022,27,1,0.46042338
8023,9,1,0.8030518
8024,21,0,0.49364302
8025,2,0,0.35791314
8026,17,1,0.8490328
8027,27,1,0.75956947
8028,21,0,0.36443272
8029,27,0,0.3839046
8030,22,0,0.30548298
8031,2,1,0.62116665
8032,17,0,0.5762983
8033,8,0,0.3276532
8034,1,1,0.62663263
8035,28,0,0.5685771
8036,4,0,0.7471968
8037,12,1,0.7916965
8038,15,0,0.63627523
8039,24,0,0.57360435
8040,6,0,0.55372304
8041,16,1,0.71223956
8042,2,0,0.255959
8043,5,1,0.60335463
8044,27,0,0.34590548
8045,19,1,0.3806855
8046,15,0,0.36634713
8047,22,1,0.59773225
8048,26,1,0.26652086
8049,16,0,0.4008917
8050,12,0,0.40291992
8051,1,1,0.71145916
8052,1,0,0.36117858
8053,19,1,0.29410163
8054,3,1,0.47021857
8055,3,0,0.47723132
8056,10,0,0.40673324
8057,13,0,0.3621951
8058,2,1,0.58302
8059,11,1,0.57996553
8060,15,1,0.6752679
8061,15,1,0.7440447
8062,27,1,0.74709696
8063,16,1,0.34123343
8064,28,1,0.54016536
8065,5,0,0.5307934
8066,4,1,0.5762423
8067,10,1,0.36218122
8068,18,0,0.6442319
8069,23,1,0.42458177
8070,27,1,0.6623349
8071,14,0,0.63565767
8072,16,1,0.42690733
8073,0,1,0.3771435
8074,2,1,0.43063343
8075,9,1,0.4842388
8076,7,0,0.63687897
8077,28,0,0.3628435
8078,17,1,0.5233485
8079,8,0,0.31643617
8080,25,1,0.42681682
8081,25,0,0.27749923
8082,20,1,0.45679316
8083,23,1,0.7148856
8084,13,1,0.7196393
8085,16,1,0.379252
8086,6,1,0.42688206
8087,12,0,0.47900698
8088,8,0,0.50446415
8089,13,1,0.46909645
8090,12,1,0.6048059
8091,25,0,0.35278928
8092,26,1,0.5955294
8093,5,0,0.46733057
8094,5,1,0.5282476
8095,23,0,0.33681077
8096,8,1,0.35780802
8097,20,0,0.35868225
8098,5,1,0.6039326
8099,22,1,0.49138072
8100,2,1,0.4982078
8101,5,1,0.38349494
8102,27,1,0.6296518
8103,22,0,0.2183587
8104,13,0,0.41106513
8105,1,0,0.39059234
8106,11,0,0.28721213
8107,11,0,0.4814404
8108,8,1,0.27766407
8109,11,0,0.40053263
8110,16,1,0.76722705
8111,1,1,0.58636814
8112,24,0,0.29910484
8113,21,1,0.3319798
8114,15,1,0.22996289
8115,9,1,0.4546646
8116,25,0,0.4035375
8117,28,0,0.37593022
8118,6,1,0.26700824
8119,20,1,0.5481118
8120,25,0,0.5683313
8121,13,0,0.30662537
8122,16,1,0.63042146
8123,1,1,0.48844448
8124,14,0,0.28221655
8125,6,1,0.6091025
8126,4,0,0.44827282
8127,7,1,0.57839465
8128,12,0,0.70039076
8129,13,0,0.22705437
8130,27,1,0.3969129
8131,21,0,0.5357202
8132,10,0,0.49886325
8133,9,0,0.74707747
8134,15,1,0.7670691
8135,8,1,0.3377394
8136,1,0,0.35185212
8137,1,0,0.5525838
8138,12,1,0.4105343
8139,2,1,0.400376
8140,19,0,0.22896042
8141,8,0,0.32454738
8142,26,0,0.38209882
8143,18,0,0.38533846
8144,15,1,0.4149417
8145,7,1,0.6812344
8146,26,0,0.36160094
8147,20,0,0.42089888
8148,27,1,0.44679338
8149,12,0,0.3632445
8150,20,1,0.6390721
8151,15,1,0.33098626
8152,27,0,0.51931506
8153,5,1,0.45362866
8154,27,1,0.6258528
8155,17,0,0.7335255
8156,5,0,0.53389686
8157,4,0,0.4759178
8158,11,0,0.3592828
8159,1,0,0.36849192
8160,13,0,0.33964682
8161,6,0,0.34034488
8162,11,1,0.643454
8163,13,1,0.6687042
8164,19,1,0.7145088
8165,9,1,0.75076365
8166,4,1,0.72767586
8167,25,1,0.6959009
8168,1,1,0.7370648
8169,25,0,0.3985374
8170,16,0,0.4177557
8171,28,0,0.74719584
8172,15,0,0.26010543
8173,8,1,0.64494884
8174,28,0,0.35022244
8175,2,1,0.42009336
8176,17,1,0.3316903
8177,25,1,0.6467276
8178,2,1,0.82376844
8179,18,0,0.36981976
8180,12,0,0.27389643
8181,13,0,0.3598749
8182,27,0,0.35777637
8183,15,1,0.7272025
8184,13,0,0.24383481
8185,20,1,0.66189414
8186,20,1,0.35328954
8187,23,1,0.49031997
8188,12,1,0.6779042
8189,23,0,0.57227206
8190,13,1,0.73342466
8191,10,1,0.63266313
8192,15,0,0.58639395
8193,23,0,0.24552739
8194,18,1,0.6641835
8195,2,1,0.48096484
8196,1,1,0.7399236
8197,17,0,0.63711065
8198,20,1,0.6304448
8199,20,1,0.63910556
8200,6,1,0.8121722
8201,16,0,0.3530744
8202,15,1,0.6729505
8203,12,0,0.41634125
8204,13,1,0.5360859
8205,20,0,0.7391749
8206,10,0,0.35738546
8207,1,1,0.49879804
8208,3,1,0.51771367
8209,14,0,0.5907471
8210,2,0,0.37509593
8211,18,1,0.6826944
8212,8,1,0.6221264
8213,15,0,0.7324358
8214,27,1,0.6706003
8215,3,1,0.47679386
8216,16,0,0.2511004
8217,17,0,0.674394
8218,21,1,0.5933652
8219,3,0,0.7256386
8220,24,1,0.2974819
8221,4,1,0.79238397
8222,14,0,0.35227743
8223,6,1,0.6900952
8224,11,0,0.7492288
8225,2,0,0.33133328
8226,14,0,0.3550567
8227,25,0,0.31965014
8228,15,1,0.62469
8229,10,1,0.74470866
8230,13,0,0.31405708
8231,24,0,0.5416457
8232,12,1,0.5957308
8233,20,1,0.7900628
8234,9,1,0.45931587
8235,11,1,0.697671
8236,14,1,0.6261459
8237,13,1,0.501124
8238,21,0,0.23719414
8239,18,1,0.51033354
8240,1,1,0.5895783
8241,27,0,0.27219787
8242,15,0,0.42905563
8243,9,0,0.7029567
8244,25,0,0.40273294
8245,1,1,0.7420449
8246,23,1,0.35564032
8247,27,0,0.32581073
8248,24,0,0.5838486
8249,13,1,0.46760583
8250,12,1,0.6632883
8251,25,0,0.41556847
8252,2,1,0.23323596
8253,2,0,0.38497835
8254,15,1,0.2549786
8255,27,0,0.36528286
8256,0,1,0.2957586
8257,9,1,0.523871
8258,24,0,0.27281258
8259,8,0,0.43863392
8260,3,0,0.32138216
8261,6,1,0.7326528
8262,16,0,0.45244807
8263,0,0,0.28776678
8264,11,0,0.5200904
8265,27,0,0.6710794
8266,21,1,0.6067948
8267,1,1,0.37390158
8268,9,0,0.39091706
8269,21,1,0.335968
8270,28,0,0.2953577
8271,27,0,0.26220536
8272,17,0,0.22581354
8273,8,1,0.75307626
8274,5,0,0.44153586
8275,7,0,0.22258219
8276,20,0,0.23388934
8277,25,0,0.63420135
8278,16,0,0.3130441
8279,26,0,0.6828321
8280,5,1,0.84364647
8281,3,0,0.26460093
8282,2,0,0.32616138
8283,17,1,0.35163572
8284,19,1,0.72517973
8285,6,0,0.6514093
8286,0,1,0.34463117
8287,28,1,0.39969844
8288,25,0,0.56202954
8289,27,1,0.8180731
8290,23,1,0.4165733
8291,16,1,0.7402361
8292,12,1,0.61152065
8293,12,0,0.42772907
8294,27,0,0.3708291
8295,22,0,0.29873073
8296,16,0,0.32429206
8297,12,1,0.5335129
8298,14,0,0.45525268
8299,28,0,0.6382639
8300,10,1,0.48860106
8301,10,1,0.37628713
8302,20,0,0.26947314
8303,10,0,0.3919971
8304,10,1,0.58097064
8305,13,1,0.56094706
8306,6,1,0.75407887
8307,26,1,0.22763929
8308,11,1,0.5012394
8309,23,1,0.5464744
8310,20,1,0.59550464
8311,24,1,0.56368077
8312,8,1,0.7477519
8313,8,0,0.26110438
8314,5,0,0.36542794
8315,24,0,0.48397103
8316,8,0,0.75771004
8317,4,0,0.2835461
8318,4,1,0.3501493
8319,24,0,0.24329513
8320,9,1,0.45867887
8321,4,0,0.76884484
8322,28,0,0.26827177
8323,2,0,0.23437138
8324,2,0,0.40106046
8325,2,1,0.36597154
8326,9,0,0.36878034
8327,13,1,0.62553954
8328,17,1,0.42210886
8329,22,1,0.3806484
8330,5,0,0.23704076
8331,7,1,0.71385604
8332,15,0,0.58741283
8333,1,0,0.59435755
8334,3,0,0.6890163
8335,22,1,0.39389482
8336,1,0,0.3525527
8337,7,1,0.7782245
8338,12,0,0.46244806
8339,8,1,0.6876957
8340,23,1,0.3182006
8341,23,1,0.33990198
8342,13,1,0.4392141
8343,26,0,0.56272894
8344,8,1,0.42784667
8345,11,0,0.4242338
8346,18,0,0.35502088
8347,26,0,0.54167295
8348,11,1,0.7126332
8349,13,1,0.73610336
8350,14,1,0.55317813
8351,13,0,0.59365815
8352,20,0,0.4841388
8353,11,1,0.29215658
8354,7,0,0.22255304
8355,2,1,0.7308781
8356,8,1,0.7098872
8357,14,1,0.64192265
8358,23,0,0.29953685
8359,1,1,0.56465584
8360,16,1,0.48771295
8361,9,0,0.56709546
8362,2,0,0.27827257
8363,21,0,0.3670625
8364,18,1,0.5969509
8365,13,0,0.24850263
8366,15,0,0.5692904
8367,1,1,0.5828473
8368,3,1,0.40250546
8369,25,1,0.6044555
8370,12,0,0.37459403
8371,22,1,0.8038188
8372,3,1,0.81662244
8373,11,1,0.58481777
8374,12,1,0.67411774
8375,19,1,0.3227734
8376,15,0,0.25562733
8377,3,0,0.24898566
8378,11,0,0.35916114
8379,12,1,0.64877325
8380,1,1,0.432673
8381,16,0,0.26213783
8382,27,1,0.41770753
8383,20,0,0.5576206
8384,26,0,0.3490796
8385,10,1,0.3621702
8386,20,1,0.28706634
8387,7,0,0.26093844
8388,2,0,0.2899647
8389,13,1,0.7468209
8390,10,0,0.7465697
8391,16,0,0.32126814
8392,15,0,0.3775184
8393,25,0,0.24861045
8394,13,1,0.44202262
8395,25,1,0.40795782
8396,25,1,0.2756086
8397,10,1,0.66575134
8398,20,0,0.4188611
8399,17,0,0.4401622
8400,10,0,0.32686916
8401,15,0,0.5594418
8402,14,1,0.5581072
8403,16,0,0.25348175
8404,3,1,0.6420187
8405,28,0,0.39578545
8406,11,1,0.34771934
8407,6,0,0.35879475
8408,15,0,0.6220576
8409,13,0,0.46485537
8410,1,1,0.7846668
8411,13,1,0.52987576
8412,18,0,0.50971407
8413,25,1,0.56988657
8414,20,1,0.3693071
8415,16,0,0.41029567
8416,27,0,0.4474858
8417,7,0,0.41384858
8418,10,1,0.3812695
8419,15,1,0.40379775
8420,1,0,0.47450495
8421,26,0,0.36837906
8422,21,1,0.8257756
8423,23,1,0.49369135
8424,10,1,0.5456356
8425,9,0,0.35909802
8426,25,1,0.28486496
8427,22,0,0.4054777
8428,5,1,0.3846878
8429,2,1,0.6227706
8430,13,0,0.5917076
8431,11,0,0.49530727
8432,20,1,0.5148035
8433,9,1,0.720949
8434,12,0,0.3784494
8435,26,0,0.64441127
8436,2,1,0.6055223
8437,12,0,0.3122194
8438,2,0,0.42548436
8439,14,1,0.8130307
8440,1,0,0.36939353
8441,24,0,0.3582056
8442,4,1,0.7314151
8443,16,0,0.5951907
8444,16,0,0.46091515
8445,22,0,0.35484794
8446,0,0,0.42336366
8447,0,1,0.48838443
8448,6,1,0.54238635
8449,24,1,0.7473767
8450,18,0,0.4480541
8451,25,1,0.3792362
8452,1,0,0.30405778
8453,16,1,0.804484
8454,17,1,0.63198483
8455,24,1,0.8059611
8456,27,1,0.6371508
8457,4,0,0.2512543
8458,11,1,0.43561906
8459,26,0,0.6016083
8460,27,1,0.64131933
8461,2,0,0.558865
8462,16,1,0.36834666
8463,13,0,0.36699694
8464,16,0,0.26418796
8465,20,1,0.35783246
8466,11,0,0.5456824
8467,10,1,0.2775391
8468,13,0,0.40468433
8469,3,0,0.5480548
8470,26,0,0.35979226
8471,18,0,0.29422
8472,6,1,0.68737483
8473,1,1,0.5743999
8474,28,0,0.68976
8475,18,1,0.48339617
8476,3,0,0.5282915
8477,14,0,0.7380889
8478,11,1,0.5812203
8479,27,1,0.6179459
8480,20,1,0.5458791
8481,1,0,0.3602533
8482,16,1,0.8510563
8483,2,1,0.3833643
8484,15,0,0.348522
8485,1,0,0.36596426
8486,26,1,0.706858
8487,25,0,0.39856496
8488,6,0,0.7524127
8489,22,0,0.64760053
8490,27,1,0.53331727
8491,1,1,0.5946596
8492,15,1,0.6999983
8493,11,0,0.26206884
8494,26,0,0.6105423
8495,2,1,0.3134282
8496,14,1,0.5775987
8497,17,0,0.6039967
8498,4,1,0.3838888
8499,16,0,0.44349864
8500,22,0,0.3754948
8501,27,1,0.49680775
8502,16,1,0.6394821
8503,23,0,0.6099991
8504,25,0,0.59201413
8505,17,1,0.60745114
8506,7,1,0.23343812
8507,16,0,0.42735893
8508,8,1,0.6103552
8509,6,0,0.40853676
8510,20,1,0.48640078
8511,8,0,0.3655351
8512,14,1,0.53853303
8513,3,0,0.2304989
8514,18,0,0.28939778
8515,1,0,0.24551743
8516,10,0,0.39777753
8517,22,1,0.67778283
8518,20,1,0.63704187
8519,25,1,0.4343773
8520,0,1,0.7176669
8521,11,0,0.5668718
8522,1,1,0.7180008
8523,12,0,0.39498156
8524,15,0,0.35379666
8525,26,0,0.37003645
8526,8,1,0.44994572
8527,22,0,0.56885827
8528,7,1,0.8099237
8529,25,0,0.3264734
8530,23,1,0.8214863
8531,1,0,0.5398131
8532,25,0,0.38624394
8533,10,0,0.56964046
8534,15,0,0.6946353
8535,19,0,0.20262933
8536,7,1,0.6155553
8537,13,1,0.7274107
8538,6,0,0.36562625
8539,19,0,0.53914016
8540,16,1,0.44563228
8541,2,1,0.5045217
8542,19,1,0.36550924
8543,28,0,0.57039523
8544,10,1,0.48688897
8545,15,1,0.3647067
8546,25,1,0.64392626
8547,2,0,0.27698454
8548,25,1,0.5766108
8549,26,1,0.75067216
8550,16,1,0.6639303
8551,25,0,0.6306009
8552,2,1,0.50125694
8553,26,0,0.5116275
8554,2,0,0.2484334
8555,3,0,0.37093005
8556,7,0,0.5639195
8557,15,1,0.48543864
8558,25,0,0.28884086
8559,17,0,0.33048856
8560,21,1,0.66880745
8561,6,0,0.6313564
8562,14,1,0.52000177
8563,7,0,0.33750063
8564,3,1,0.578204
8565,27,1,0.26413825
8566,16,1,0.39330488
8567,13,0,0.34000227
8568,22,0,0.7121152
8569,10,1,0.5032282
8570,16,1,0.30395523
8571,21,0,0.34776315
8572,13,0,0.5951047
8573,21,1,0.66062236
8574,13,1,0.72670674
8575,17,1,0.7932154
8576,3,0,0.72482204
8577,10,1,0.6669223
8578,2,0,0.30748835
8579,6,1,0.74679923
8580,13,1,0.5952903
8581,4,0,0.70225793
8582,3,1,0.3857958
8583,10,1,0.8226337
8584,20,0,0.25273618
8585,2,1,0.624452
8586,6,0,0.3012144
8587,16,0,0.37286898
8588,5,0,0.35279953
8589,12,1,0.40659618
8590,12,1,0.73788655
8591,22,1,0.8098476
8592,12,0,0.4419763
8593,1,0,0.404098
8594,19,1,0.45462453
8595,25,1,0.742969
8596,11,1,0.7468801
8597,7,0,0.36284715
8598,21,0,0.72921574
8599,23,0,0.6076164
8600,10,0,0.6020514
8601,17,0,0.42930484
8602,16,1,0.45376223
8603,27,0,0.2780377
8604,15,0,0.22044334
8605,18,0,0.32898465
8606,2,0,0.34303737
8607,13,0,0.71840733
8608,5,1,0.5905583
8609,0,0,0.5893888
8610,26,1,0.2486229
8611,2,1,0.66193277
8612,13,0,0.5842254
8613,7,0,0.32512453
8614,20,1,0.57220906
8615,26,0,0.27139345
8616,28,1,0.78649175
8617,16,1,0.36999735
8618,8,1,0.49116144
8619,13,0,0.33614832
8620,26,1,0.43240398
8621,17,0,0.4705506
8622,14,1,0.5116184
8623,17,0,0.66521853
8624,20,0,0.29566374
8625,17,0,0.221748
8626,15,1,0.7539652
8627,28,1,0.83646667
8628,12,1,0.53712225
8629,18,0,0.28253174
8630,18,1,0.3642395
8631,14,0,0.28843647
8632,18,1,0.5722352
8633,0,0,0.2776863
8634,21,0,0.5621202
8635,20,0,0.5053136
8636,18,0,0.38313425
8637,28,1,0.59438545
8638,23,1,0.32993537
8639,10,0,0.44274065
8640,26,0,0.2839307
8641,15,0,0.35306156
8642,2,1,0.2797207
8643,19,1,0.70977867
8644,24,1,0.8230009
8645,4,1,0.5066587
8646,8,0,0.31374827
8647,5,1,0.47323194
8648,14,0,0.3317755
8649,26,1,0.3843143
8650,26,1,0.77937835
8651,7,1,0.80346596
8652,13,0,0.4161711
8653,26,0,0.32048813
8654,6,1,0.71423817
8655,5,0,0.69061553
8656,2,0,0.60874003
8657,18,1,0.41339955
8658,19,1,0.5370992
8659,23,1,0.67352206
8660,12,1,0.4445873
8661,2,1,0.66986084
8662,7,0,0.38291013
8663,25,1,0.64493966
8664,22,1,0.7999652
8665,27,0,0.22537778
8666,12,0,0.35555774
8667,12,1,0.7502332
8668,16,1,0.65088934
8669,7,0,0.53427225
8670,22,1,0.5382711
8671,8,0,0.22473168
8672,11,1,0.74980605
8673,8,0,0.5070849
8674,1,1,0.7381701
8675,0,1,0.7625313
8676,13,1,0.73314244
8677,2,0,0.606976
8678,13,1,0.76802486
8679,28,0,0.5739464
8680,13,1,0.7335987
8681,13,1,0.2819786
8682,16,0,0.3149339
8683,3,1,0.24372141
8684,17,0,0.45078227
8685,24,0,0.58500993
8686,0,1,0.7119743
8687,13,1,0.7090637
8688,1,1,0.59297377
8689,18,1,0.56417435
8690,18,0,0.36210197
8691,6,1,0.47361326
8692,4,1,0.6714086
8693,20,1,0.48394513
8694,22,1,0.27809158
8695,13,0,0.23304237
8696,12,1,0.7309902
8697,8,0,0.3383872
8698,20,0,0.25821164
8699,2,1,0.45111072
8700,6,1,0.62165415
8701,15,1,0.55810905
8702,26,0,0.2783224
8703,15,0,0.64226335
8704,0,0,0.3657934
8705,18,1,0.8291995
8706,28,0,0.31271017
8707,27,0,0.5508983
8708,8,0,0.28058755
8709,25,0,0.3857314
8710,9,0,0.5550521
8711,10,0,0.2652048
8712,1,0,0.39838877
8713,26,1,0.36745036
8714,27,1,0.3667126
8715,17,0,0.38443494
8716,25,0,0.29886284
8717,25,1,0.35769567
8718,7,0,0.21248089
8719,13,1,0.3553839
8720,12,0,0.40148598
8721,8,1,0.6885536
8722,28,1,0.71690506
8723,14,0,0.22224912
8724,14,1,0.7504703
8725,2,0,0.45792803
8726,6,0,0.3614549
8727,26,0,0.2937547
8728,16,1,0.69646525
8729,7,0,0.3439492
8730,23,0,0.5225421
8731,13,0,0.35734504
8732,13,1,0.7324626
8733,13,1,0.70844465
8734,4,1,0.7479281
8735,10,0,0.36896515
8736,8,0,0.3287768
8737,26,1,0.45039183
8738,20,0,0.2572066
8739,20,0,0.55388594
8740,15,0,0.29907322
8741,23,0,0.33245894
8742,15,0,0.36736
8743,13,1,0.7144896
8744,8,1,0.45380494
8745,13,1,0.74253416
8746,7,0,0.2454889
8747,27,1,0.3323383
8748,28,1,0.70924604
8749,0,0,0.6448937
8750,25,1,0.638535
8751,14,0,0.23603374
8752,9,1,0.41775963
8753,8,1,0.5507694
8754,15,1,0.5264973
8755,20,1,0.7470982
8756,2,0,0.3108547
8757,8,1,0.5894787
8758,13,0,0.3104686
8759,1,1,0.6791168
8760,10,1,0.4621067
8761,0,1,0.7598359
8762,18,1,0.77681845
8763,11,1,0.62664187
8764,19,1,0.33956414
8765,13,0,0.51891184
8766,25,0,0.6110026
8767,11,1,0.7406384
8768,2,1,0.3066119
8769,23,1,0.37864017
8770,7,0,0.68710977
8771,8,0,0.29364595
8772,23,0,0.22410475
8773,3,1,0.50854987
8774,8,1,0.83339256
8775,11,1,0.70282584
8776,2,0,0.34165868
8777,18,0,0.33181077
8778,20,1,0.36726606
8779,6,1,0.56300795
8780,16,1,0.66525686
8781,26,0,0.31810012
8782,9,0,0.57056195
8783,12,1,0.48319605
8784,15,0,0.69493395
8785,20,1,0.43665314
8786,1,0,0.35542846
8787,23,0,0.4833015
8788,2,1,0.62082374
8789,11,0,0.23169683
8790,24,1,0.78962785
8791,12,0,0.4227456
8792,12,0,0.26968327
8793,7,1,0.64687085
8794,7,0,0.27377817
8795,28,1,0.28123125
8796,17,1,0.42228973
8797,11,1,0.35624734
8798,3,1,0.53441155
8799,17,0,0.54785514
8800,26,1,0.44248092
8801,7,1,0.78504944
8802,4,1,0.7313673
8803,12,1,0.54034364
8804,24,0,0.3951081
8805,19,1,0.349225
8806,13,1,0.5409921
8807,9,1,0.3683498
8808,2,0,0.35495192
8809,15,0,0.6491584
8810,25,1,0.6531065
8811,11,1,0.34251943
8812,7,0,0.48736244
8813,12,0,0.30649054
8814,25,0,0.32808113
8815,4,0,0.35876718
8816,17,0,0.3544924
8817,26,1,0.69658464
8818,27,1,0.36671165
8819,19,1,0.8177525
8820,8,0,0.573017
8821,22,0,0.30207705
8822,27,1,0.27390596
8823,2,1,0.7622393
8824,6,1,0.50151265
8825,13,0,0.32839933
8826,3,0,0.23733002
8827,16,1,0.6417203
8828,15,0,0.28872022
8829,20,0,0.33152083
8830,21,1,0.535168
8831,1,1,0.7428677
8832,22,0,0.42570326
8833,3,0,0.24478018
8834,22,1,0.63817924
8835,13,0,0.29188883
8836,13,1,0.6325167
8837,23,1,0.73610026
8838,10,0,0.30845058
8839,27,0,0.40693945
8840,13,1,0.6059269
8841,18,0,0.6638978
8842,8,0,0.8049518
8843,25,1,0.56258106
8844,22,1,0.3674948
8845,19,0,0.50206345
8846,2,0,0.46365675
8847,12,0,0.430369
8848,9,1,0.5337106
8849,2,0,0.28492188
8850,17,0,0.64135724
8851,19,0,0.3410561
8852,5,1,0.57347316
8853,16,0,0.30659163
8854,18,0,0.24023274
8855,16,0,0.34938633
8856,25,1,0.3834894
8857,19,0,0.33278993
8858,20,1,0.73571503
8859,24,1,0.35479817
8860,15,1,0.55889255
8861,26,1,0.350282
8862,25,0,0.40742868
8863,13,1,0.6364145
8864,15,0,0.32506886
8865,12,0,0.35186678
8866,8,0,0.5467758
8867,1,0,0.30041176
8868,16,0,0.3317963
8869,19,1,0.8057832
8870,8,0,0.5710002
8871,20,1,0.3674741
8872,13,0,0.22002968
8873,25,0,0.3871719
8874,2,1,0.61742854
8875,13,0,0.34795427
8876,28,0,0.6334076
8877,15,0,0.29047105
8878,2,1,0.7071538
8879,22,0,0.46386418
8880,5,1,0.7441702
8881,9,0,0.38248906
8882,14,1,0.30251434
8883,8,0,0.35165867
8884,20,1,0.4925652
8885,14,0,0.75058067
8886,25,0,0.418311
8887,11,0,0.27354744
8888,22,0,0.38287354
8889,8,1,0.6328479
8890,7,0,0.4427548
8891,16,0,0.35478538
8892,28,1,0.46021825
8893,2,0,0.37745437
8894,14,1,0.55655366
8895,2,0,0.39255294
8896,17,1,0.6791749
8897,13,1,0.6392822
8898,21,1,0.55736965
8899,7,0,0.5461644
8900,28,1,0.35876843
8901,7,1,0.7598079
8902,16,0,0.576512
8903,9,0,0.370473
8904,10,1,0.7492029
8905,26,1,0.77111423
8906,6,0,0.29096827
8907,1,1,0.70965594
8908,1,0,0.35568604
8909,28,0,0.7461139
8910,11,1,0.6932751
8911,16,1,0.5807392
8912,15,1,0.70078105
8913,5,1,0.5160954
8914,15,1,0.5049849
8915,10,1,0.617376
8916,5,1,0.3681536
8917,15,0,0.2870368
8918,13,0,0.44460133
8919,13,1,0.39969212
8920,16,1,0.44753698
8921,6,1,0.37260264
8922,13,1,0.30096754
8923,26,0,0.27470112
8924,22,0,0.6837855
8925,17,1,0.70866084
8926,27,1,0.52505755
8927,14,1,0.6333844
8928,18,0,0.6438823
8929,3,0,0.4863834
8930,12,0,0.28710684
8931,16,0,0.7141926
8932,11,1,0.6304777
8933,24,0,0.5035854
8934,13,1,0.51671696
8935,13,0,0.30698386
8936,9,1,0.7389139
8937,6,1,0.73603463
8938,18,1,0.601509
8939,17,1,0.51984274
8940,15,0,0.5487559
8941,28,0,0.47876194
8942,19,1,0.3440033
8943,2,1,0.48760214
8944,6,1,0.5702473
8945,1,1,0.5694777
8946,2,1,0.7053057
8947,22,1,0.6187975
8948,7,1,0.641361
8949,17,0,0.5738901
8950,10,0,0.43457747
8951,4,1,0.7444052
8952,25,1,0.6220631
8953,4,1,0.27832076
8954,22,1,0.69703114
8955,15,0,0.54734886
8956,8,1,0.74971914
8957,17,1,0.4570483
8958,18,0,0.41195044
8959,11,0,0.5482024
8960,22,0,0.4755693
8961,20,1,0.29923388
8962,0,0,0.3034959
8963,11,0,0.27476862
8964,19,0,0.5512601
8965,28,1,0.4591368
8966,2,1,0.736145
8967,1,1,0.34765857
8968,15,1,0.54856265
8969,10,0,0.42156047
8970,4,0,0.35074064
8971,13,0,0.57988787
8972,13,1,0.32321528
8973,22,1,0.7141341
8974,25,1,0.35544357
8975,2,0,0.34180441
8976,20,0,0.37828746
8977,4,1,0.66781116
8978,20,1,0.30208313
8979,10,1,0.77068985
8980,5,0,0.41793826
8981,6,1,0.5917766
8982,27,1,0.29900295
8983,27,1,0.3379702
8984,8,0,0.23142959
8985,19,1,0.4507833
8986,13,1,0.6151614
8987,3,1,0.52444816
8988,16,1,0.41393417
8989,15,0,0.38209295
8990,2,1,0.6456706
8991,13,1,0.44265854
8992,14,1,0.667496
8993,1,1,0.36729622
8994,18,0,0.6476858
8995,18,1,0.6467751
8996,11,1,0.49292782
8997,1,0,0.3713141
8998,7,0,0.6813427
8999,10,1,0.7270409
9000,2,0,0.47090164
9001,3,1,0.35762283
9002,15,1,0.38467446
9003,10,0,0.45050913
9004,15,0,0.5085777
9005,22,0,0.43770766
9006,15,1,0.43052155
9007,28,1,0.50684494
9008,28,0,0.39785746
9009,11,1,0.8426386
9010,3,0,0.28478983
9011,27,0,0.2846726
9012,14,0,0.41046157
9013,26,1,0.72034484
9014,24,1,0.4473734
9015,12,1,0.57779616
9016,3,1,0.22844106
9017,22,0,0.23109749
9018,11,0,0.32294962
9019,5,1,0.42706123
9020,1,0,0.3528081
9021,18,1,0.7762157
9022,16,0,0.36298668
9023,25,0,0.4448571
9024,4,0,0.36094287
9025,3,0,0.5371891
9026,26,1,0.55698055
9027,14,0,0.46546084
9028,21,1,0.73443836
9029,10,1,0.7017806
9030,21,1,0.74654466
9031,13,1,0.49473122
9032,10,0,0.23875791
9033,20,1,0.39496386
9034,13,0,0.7325637
9035,13,0,0.3579272
9036,2,0,0.537908
9037,27,1,0.7711271
9038,15,0,0.64146054
9039,11,1,0.6182946
9040,25,1,0.6725134
9041,26,0,0.49016607
9042,9,0,0.4610171
9043,2,1,0.7405635
9044,10,0,0.52831185
9045,10,0,0.58994853
9046,21,0,0.58419496
9047,13,0,0.6358971
9048,5,1,0.6460194
9049,15,0,0.40415567
9050,12,0,0.2738394
9051,25,1,0.26102418
9052,3,1,0.8186823
9053,20,1,0.55631226
9054,2,1,0.57085073
9055,20,1,0.56314874
9056,2,0,0.5817117
9057,3,0,0.4047971
9058,9,0,0.21863154
9059,25,0,0.37020007
9060,25,0,0.5407201
9061,10,0,0.36044198
9062,16,1,0.5112762
9063,2,1,0.8288958
9064,0,1,0.70566744
9065,15,1,0.5184766
9066,18,1,0.4890574
9067,13,0,0.39443338
9068,10,1,0.66456115
9069,9,0,0.71149504
9070,2,1,0.39156842
9071,27,0,0.40737867
9072,10,1,0.61742085
9073,20,0,0.550557
9074,13,0,0.30832702
9075,2,1,0.6292264
9076,15,0,0.42945912
9077,3,1,0.7853752
9078,3,0,0.40957975
9079,19,0,0.33902353
9080,10,1,0.57474965
9081,12,1,0.46027896
9082,16,1,0.44931084
9083,13,1,0.40467286
9084,20,1,0.5373862
9085,7,0,0.35966283
9086,11,1,0.42477673
9087,25,0,0.277994
9088,20,1,0.7378061
9089,23,0,0.4853006
9090,18,0,0.31907856
9091,2,1,0.35208008
9092,14,0,0.53328866
9093,4,1,0.7593681
9094,6,1,0.59837586
9095,19,0,0.3611909
9096,12,1,0.4313885
9097,2,1,0.8102032
9098,9,1,0.3960921
9099,25,0,0.5963108
9100,13,1,0.46355173
9101,10,1,0.62836957
9102,16,1,0.7297823
9103,2,1,0.41611314
9104,0,0,0.22930922
9105,0,1,0.684207
9106,22,0,0.6089118
9107,19,0,0.4307315
9108,27,1,0.645958
9109,15,0,0.53782225
9110,27,0,0.36770612
9111,18,1,0.8104089
9112,16,0,0.7179391
9113,1,0,0.45320418
9114,12,0,0.37152147
9115,25,0,0.2581686
9116,27,1,0.54254836
9117,27,0,0.49582076
9118,13,0,0.38689858
9119,14,1,0.5945985
9120,25,0,0.4856398
9121,11,1,0.58336276
9122,7,1,0.36790377
9123,2,0,0.36411083
9124,2,1,0.7238827
9125,7,0,0.57643545
9126,3,1,0.3275551
9127,26,1,0.55010605
9128,16,0,0.67006844
9129,5,1,0.8516517
9130,4,0,0.33002785
9131,27,0,0.7175907
9132,17,1,0.5672136
9133,10,0,0.29061976
9134,10,0,0.26794896
9135,10,0,0.32366198
9136,15,0,0.3594715
9137,8,0,0.4016089
9138,15,0,0.44283867
9139,15,1,0.3649924
9140,2,1,0.70059407
9141,7,0,0.40918124
9142,0,1,0.23251638
9143,16,0,0.40619957
9144,23,1,0.8481464
9145,2,1,0.61179096
9146,12,1,0.45766002
9147,20,0,0.37324166
9148,22,1,0.7650962
9149,10,0,0.6324087
9150,6,1,0.3658741
9151,14,0,0.36601317
9152,10,0,0.23927489
9153,4,1,0.7389264
9154,1,1,0.58041596
9155,16,1,0.61804813
9156,28,0,0.43464798
9157,8,0,0.37243193
9158,17,0,0.35716644
9159,10,0,0.27229956
9160,10,0,0.3065004
9161,13,0,0.5765928
9162,20,1,0.67420095
9163,21,1,0.7053585
9164,16,0,0.4826258
9165,28,0,0.50699556
9166,16,0,0.58351856
9167,8,1,0.37135488
9168,10,1,0.42043853
9169,12,1,0.68779165
9170,12,1,0.5285395
9171,12,0,0.42846876
9172,24,0,0.6761371
9173,1,1,0.62388664
9174,21,0,0.5804286
9175,10,1,0.4353714
9176,15,1,0.5610518
9177,2,1,0.5450202
9178,16,0,0.38452217
9179,9,1,0.6466033
9180,15,0,0.5647966
9181,27,0,0.43309176
9182,1,0,0.516047
9183,17,1,0.7572285
9184,13,0,0.22922377
9185,26,1,0.35509393
9186,11,0,0.37003762
9187,8,0,0.6269299
9188,12,0,0.6379216
9189,25,1,0.58138293
9190,0,0,0.3621622
9191,25,1,0.66257524
9192,4,0,0.29543406
9193,3,1,0.37960726
9194,26,0,0.25694147
9195,17,1,0.6537745
9196,2,1,0.50242996
9197,15,0,0.25201726
9198,10,0,0.3562846
9199,18,1,0.70494086
9200,26,1,0.6431817
9201,11,1,0.5690974
9202,26,0,0.4713805
9203,8,1,0.611879
9204,5,0,0.3495712
9205,15,0,0.22160392
9206,17,1,0.7093124
9207,27,1,0.58683604
9208,0,1,0.7395675
9209,11,1,0.5703595
9210,11,1,0.67603976
9211,26,1,0.64253896
9212,9,1,0.715655
9213,19,0,0.35854036
9214,13,0,0.30489054
9215,18,1,0.64542836
9216,13,1,0.35923865
9217,2,0,0.26789686
9218,2,0,0.3986806
9219,15,0,0.27125633
9220,21,1,0.5063896
9221,2,0,0.33884287
9222,28,0,0.3623123
9223,8,1,0.70472926
9224,16,0,0.5216489
9225,8,0,0.5582505
9226,20,0,0.27938044
9227,10,1,0.7157604
9228,14,0,0.5044319
9229,15,0,0.51770765
9230,17,1,0.37594095
9231,3,0,0.64810634
9232,20,0,0.6088003
9233,26,1,0.2664734
9234,13,1,0.5439892
9235,19,0,0.32220113
9236,12,1,0.5609623
9237,3,1,0.27214232
9238,4,0,0.32275173
9239,13,1,0.63468313
9240,10,0,0.36247513
9241,6,1,0.69538593
9242,20,1,0.25796276
9243,22,1,0.53199023
9244,1,0,0.4426917
9245,26,1,0.52462757
9246,13,0,0.2899553
9247,26,1,0.5744747
9248,27,0,0.37708774
9249,3,1,0.36872846
9250,13,0,0.7255194
9251,9,0,0.46541825
9252,27,1,0.37235677
9253,21,0,0.30100045
9254,17,1,0.5102782
9255,28,1,0.8456962
9256,8,1,0.59850407
9257,15,0,0.3420849
9258,10,0,0.42208284
9259,26,1,0.64600074
9260,3,0,0.4179888
9261,2,1,0.6754924
9262,13,1,0.7075649
9263,2,1,0.36546835
9264,19,0,0.22915292
9265,10,0,0.25226346
9266,5,1,0.57421756
9267,7,0,0.6734955
9268,27,1,0.5211662
9269,27,1,0.568196
9270,27,0,0.22921789
9271,22,1,0.63080513
9272,9,1,0.72055334
9273,15,1,0.52221453
9274,16,1,0.7730169
9275,10,0,0.45529747
9276,16,1,0.47713804
9277,16,1,0.6448907
9278,2,0,0.7393393
9279,24,1,0.5715674
9280,12,1,0.5969474
9281,13,1,0.72359306
9282,2,1,0.7791055
9283,25,1,0.73758763
9284,2,0,0.3586996
9285,11,0,0.5898737
9286,22,0,0.54975593
9287,23,0,0.455088
9288,25,0,0.33442813
9289,15,1,0.4067459
9290,2,0,0.53563505
9291,4,0,0.5355444
9292,23,0,0.37934756
9293,7,0,0.3686798
9294,22,1,0.5221434
9295,19,1,0.6337034
9296,28,1,0.66950506
9297,4,1,0.5955731
9298,3,0,0.32954895
9299,18,0,0.284393
9300,13,0,0.38185668
9301,26,0,0.4498246
9302,19,0,0.52263016
9303,12,1,0.8294607
9304,3,0,0.7483518
9305,10,1,0.26440808
9306,8,0,0.6289765
9307,20,0,0.24049646
9308,1,0,0.20181173
9309,22,0,0.41665855
9310,26,1,0.47415844
9311,1,1,0.6456896
9312,27,1,0.67878616
9313,19,1,0.36145335
9314,20,0,0.40194646
9315,1,0,0.39117157
9316,8,1,0.582122
9317,7,0,0.5241697
9318,17,1,0.78427243
9319,27,1,0.68755895
9320,12,1,0.46004808
9321,8,0,0.24345805
9322,16,1,0.7177815
9323,16,1,0.46753728
9324,27,0,0.6432158
9325,28,0,0.6381695
9326,12,1,0.42543188
9327,17,0,0.31425607
9328,12,0,0.23302233
9329,26,1,0.613165
9330,4,0,0.40084568
9331,26,1,0.7574532
9332,13,1,0.75912213
9333,13,0,0.34076422
9334,8,1,0.4843476
9335,4,1,0.63442874
9336,11,0,0.58768934
9337,20,0,0.62247807
9338,22,1,0.37222353
9339,25,0,0.43811268
9340,21,1,0.4598826
9341,24,0,0.3444499
9342,10,0,0.42581108
9343,26,1,0.67949855
9344,20,0,0.70711994
9345,18,1,0.6256047
9346,0,1,0.58267117
9347,11,0,0.23931909
9348,10,1,0.44400182
9349,28,0,0.443427
9350,4,1,0.2761801
9351,5,1,0.7777163
9352,11,1,0.7176082
9353,8,1,0.743422
9354,20,1,0.6252505
9355,13,1,0.6215804
9356,2,1,0.46330234
9357,16,1,0.36646652
9358,15,0,0.35136998
9359,15,0,0.35187048
9360,19,0,0.30246615
9361,13,1,0.7436035
9362,1,0,0.30842885
9363,5,0,0.4099378
9364,7,1,0.489102
9365,16,1,0.42789266
9366,12,1,0.6804858
9367,6,1,0.81709933
9368,3,0,0.670048
9369,12,0,0.56796044
9370,9,1,0.5703881
9371,12,0,0.44898522
9372,13,1,0.81571877
9373,18,0,0.58278894
9374,2,1,0.63667506
9375,16,0,0.2568599
9376,8,0,0.2887363
9377,6,1,0.6648889
9378,17,0,0.3754216
9379,9,0,0.79119
9380,5,1,0.537445
9381,2,0,0.28514212
9382,28,0,0.3753663
9383,2,1,0.7694926
9384,10,0,0.29981834
9385,3,1,0.5705748
9386,7,0,0.5487361
9387,11,0,0.3014594
9388,22,1,0.7204197
9389,14,0,0.22605807
9390,2,1,0.25647065
9391,8,1,0.73300034
9392,6,1,0.481102
9393,25,1,0.42405292
9394,5,1,0.7913271
9395,10,1,0.7350943
9396,2,0,0.45880064
9397,20,0,0.23580287
9398,14,0,0.31046253
9399,16,1,0.8033679
9400,16,0,0.5825249
9401,1,0,0.29623914
9402,20,1,0.66390085
9403,26,0,0.561636
9404,15,1,0.35551524
9405,26,1,0.59500027
9406,12,0,0.5551444
9407,15,1,0.51511204
9408,13,0,0.22176573
9409,11,0,0.35479623
9410,3,0,0.28777823
9411,8,1,0.57499754
9412,3,0,0.36295635
9413,10,1,0.4988292
9414,10,1,0.62371
9415,5,0,0.63441247
9416,12,0,0.64782214
9417,21,0,0.33070523
9418,10,0,0.22666447
9419,1,0,0.27606758
9420,28,0,0.38972428
9421,1,1,0.5228045
9422,5,0,0.27389622
9423,2,1,0.4777104
9424,26,0,0.23445472
9425,15,1,0.48838595
9426,7,1,0.5220346
9427,2,1,0.7459136
9428,25,0,0.39767304
9429,20,0,0.5326668
9430,2,0,0.25651094
9431,22,1,0.8472519
9432,11,0,0.47362813
9433,13,0,0.4991194
9434,3,1,0.5334248
9435,11,1,0.38150734
9436,14,1,0.520269
9437,9,1,0.76752925
9438,3,1,0.40981147
9439,12,1,0.33348212
9440,27,0,0.22342491
9441,13,1,0.4559683
9442,8,1,0.71926814
9443,22,0,0.39765856
9444,6,1,0.5042603
9445,14,0,0.725151
9446,27,0,0.31462926
9447,16,1,0.3875919
9448,22,0,0.27438486
9449,4,0,0.48695737
9450,6,1,0.43345186
9451,7,0,0.53974885
9452,13,1,0.6840561
9453,2,0,0.28067568
9454,2,0,0.37887272
9455,13,1,0.51987654
9456,2,0,0.6447139
9457,18,0,0.53745097
9458,14,1,0.67316294
9459,16,1,0.5937247
9460,13,0,0.54852843
9461,27,1,0.3412343
9462,27,0,0.35893935
9463,1,0,0.5160675
9464,18,0,0.36923608
9465,8,1,0.46042407
9466,2,0,0.44380608
9467,11,1,0.47790036
9468,18,1,0.6746377
9469,19,1,0.70065624
9470,20,0,0.23799819
9471,2,0,0.3938208
9472,10,1,0.6139925
9473,11,0,0.24268863
9474,17,0,0.257049
9475,18,1,0.80216336
9476,10,0,0.3439867
9477,17,1,0.35180968
9478,10,1,0.58460057
9479,3,0,0.35244292
9480,1,0,0.35477206
9481,8,1,0.6550874
9482,2,0,0.36965978
9483,6,0,0.71167225
9484,12,1,0.58535314
9485,17,0,0.3933845
9486,4,0,0.6449713
9487,24,1,0.7747963
9488,2,0,0.3436114
9489,16,1,0.44284016
9490,26,1,0.5907994
9491,25,0,0.44396996
9492,10,0,0.34393147
9493,28,1,0.43489355
9494,23,0,0.30450627
9495,2,0,0.35960385
9496,15,1,0.48945266
9497,9,0,0.3605276
9498,1,0,0.38129774
9499,18,1,0.35733557
9500,5,0,0.27646893
9501,2,1,0.61908245
9502,16,1,0.28923136
9503,7,1,0.74653435
9504,18,0,0.28765708
9505,17,1,0.2531915
9506,14,1,0.83284646
9507,10,1,0.4875278
9508,8,1,0.7447499
9509,8,1,0.56946653
9510,16,0,0.30451947
9511,28,0,0.42946115
9512,15,1,0.6250287
9513,15,0,0.46167484
9514,20,1,0.6742937
9515,6,1,0.5180116
9516,12,0,0.41609156
9517,13,1,0.62804866
9518,6,0,0.39478812
9519,10,1,0.56644267
9520,20,0,0.5894242
9521,17,1,0.8317665
9522,12,0,0.35057917
9523,27,1,0.5778039
9524,8,1,0.6727485
9525,17,0,0.2899777
9526,23,1,0.8047819
9527,13,0,0.2616674
9528,20,1,0.5889532
9529,2,0,0.42425
9530,15,1,0.68527514
9531,7,1,0.7018217
9532,26,0,0.57640773
9533,11,1,0.5546439
9534,19,0,0.34583434
9535,3,0,0.7188724
9536,15,0,0.42638394
9537,14,1,0.43227884
9538,9,1,0.6331845
9539,28,0,0.35979915
9540,27,0,0.73462975
9541,15,0,0.25788704
9542,7,0,0.57937235
9543,17,0,0.3457802
9544,10,1,0.47201112
9545,10,1,0.63298523
9546,13,1,0.37065154
9547,12,1,0.6432598
9548,25,1,0.30179623
9549,15,0,0.41583937
9550,6,1,0.5447795
9551,17,0,0.47881243
9552,2,0,0.2819506
9553,3,1,0.77156186
9554,23,0,0.6057334
9555,14,1,0.63452065
9556,14,0,0.7244796
9557,15,0,0.31840384
9558,23,0,0.57461286
9559,2,1,0.84338343
9560,1,1,0.79146147
9561,18,1,0.5306832
9562,14,0,0.32954666
9563,22,0,0.52126336
9564,17,1,0.5279775
9565,6,1,0.7385415
9566,25,0,0.31302702
9567,20,0,0.48092106
9568,22,1,0.4183278
9569,23,1,0.49604225
9570,18,0,0.5902737
9571,15,0,0.45398512
9572,20,0,0.67545205
9573,11,1,0.7842787
9574,2,0,0.5768172
9575,12,1,0.715921
9576,12,0,0.6418256
9577,7,0,0.5513641
9578,14,0,0.3857787
9579,20,0,0.68084866
9580,2,1,0.6991565
9581,1,0,0.6653141
9582,21,1,0.56624216
9583,10,1,0.625308
9584,20,1,0.630064
9585,16,1,0.43048963
9586,27,1,0.73589885
9587,11,1,0.72510767
9588,1,0,0.3535652
9589,1,1,0.2772637
9590,2,1,0.6907565
9591,4,0,0.81465775
9592,13,1,0.71482646
9593,8,0,0.39680028
9594,26,0,0.4959984
9595,13,1,0.7831458
9596,11,0,0.36188897
9597,20,0,0.5772252
9598,12,0,0.50615156
9599,13,1,0.29566485
9600,10,0,0.47323832
9601,10,1,0.66516083
9602,27,1,0.72012216
9603,25,1,0.8390314
9604,18,1,0.5951589
9605,16,0,0.45535114
9606,23,0,0.48953888
9607,8,0,0.7723259
9608,14,0,0.25339988
9609,28,1,0.56034124
9610,21,1,0.68719774
9611,10,0,0.2556075
9612,21,0,0.64337206
9613,10,0,0.21921721
9614,7,1,0.61505145
9615,28,1,0.24314076
9616,22,0,0.5818396
9617,27,1,0.31057382
9618,27,1,0.71487266
9619,22,0,0.43640524
9620,16,0,0.6165351
9621,20,0,0.37759677
9622,22,1,0.6018752
9623,20,1,0.41757745
9624,7,0,0.70932174
9625,2,0,0.63519186
9626,7,1,0.34965026
9627,12,1,0.58519727
9628,21,0,0.41106007
9629,25,1,0.29513434
9630,24,0,0.34902474
9631,25,0,0.29411492
9632,17,1,0.29141852
9633,8,1,0.7037937
9634,10,1,0.74842083
9635,20,1,0.5662766
9636,26,1,0.39050347
9637,15,1,0.36060393
9638,16,0,0.35621378
9639,1,0,0.42273653
9640,26,1,0.6690347
9641,16,1,0.49374598
9642,22,0,0.4126327
9643,16,1,0.6721952
9644,11,1,0.70322937
9645,14,1,0.38034156
9646,13,0,0.26486832
9647,13,1,0.74652094
9648,17,0,0.4135025
9649,16,1,0.60506266
9650,17,1,0.4010265
9651,2,1,0.44464874
9652,28,1,0.4193108
9653,17,1,0.37457806
9654,10,0,0.38182107
9655,11,0,0.39139253
9656,28,1,0.72014683
9657,10,0,0.35006845
9658,13,0,0.24708241
9659,15,1,0.7479921
9660,23,0,0.4626172
9661,0,1,0.72548854
9662,23,0,0.3305475
9663,26,0,0.33586207
9664,17,0,0.34849235
9665,8,1,0.4097238
9666,12,0,0.6471392
9667,12,1,0.54090315
9668,23,0,0.6245314
9669,10,1,0.6954517
9670,24,1,0.6409757
9671,11,1,0.509338
9672,16,1,0.777269
9673,27,1,0.704034
9674,12,0,0.6462439
9675,2,1,0.6623144
9676,21,0,0.3872149
9677,26,0,0.23744048
9678,20,0,0.40535071
9679,12,1,0.39952964
9680,14,0,0.43040353
9681,19,1,0.51543355
9682,15,1,0.35433084
9683,2,0,0.3245866
9684,7,1,0.72813696
9685,17,0,0.5583099
9686,25,1,0.43747747
9687,2,0,0.53465927
9688,7,0,0.5261545
9689,2,0,0.2908789
9690,16,1,0.6877465
9691,1,1,0.64071006
9692,3,1,0.65482986
9693,2,0,0.38343865
9694,0,0,0.645609
9695,22,1,0.60009336
9696,20,1,0.47049406
9697,21,1,0.26248443
9698,22,0,0.36815897
9699,16,0,0.37302133
9700,28,1,0.35710806
9701,8,1,0.7122537
9702,25,0,0.60747933
9703,3,0,0.43408045
9704,15,1,0.7268635
9705,2,1,0.4202642
9706,13,1,0.3014742
9707,24,1,0.5949958
9708,25,1,0.5730642
9709,8,1,0.63855743
9710,18,1,0.6845087
9711,8,0,0.34627125
9712,16,1,0.4170772
9713,11,0,0.42575896
9714,19,1,0.72810596
9715,10,1,0.6209783
9716,27,0,0.36749858
9717,15,1,0.3240307
9718,8,1,0.25258884
9719,9,1,0.42774016
9720,22,0,0.4850131
9721,10,1,0.6464736
9722,17,0,0.2310401
9723,24,1,0.7074089
9724,20,1,0.6259607
9725,27,0,0.41154107
9726,15,0,0.25115493
9727,21,1,0.7450366
9728,24,0,0.58941257
9729,10,1,0.7031282
9730,20,0,0.62736344
9731,8,0,0.6765442
9732,13,1,0.48232865
9733,2,1,0.701606
9734,10,0,0.25253916
9735,15,0,0.6743204
9736,21,0,0.5521601
9737,19,1,0.33789358
9738,14,0,0.5211503
9739,13,0,0.5074661
9740,12,1,0.7501068
9741,20,1,0.46890587
9742,26,0,0.36080104
9743,8,0,0.34719542
9744,1,0,0.44955346
9745,1,1,0.30060318
9746,23,0,0.73084396
9747,23,0,0.35744208
9748,17,1,0.6154217
9749,0,1,0.5998266
9750,2,0,0.23052615
9751,2,0,0.54739136
9752,1,1,0.5875486
9753,17,0,0.3281156
9754,2,0,0.392533
9755,21,0,0.6047345
9756,11,1,0.71091837
9757,1,1,0.61362696
9758,26,0,0.36237678
9759,26,1,0.4687021
9760,4,0,0.28632668
9761,10,1,0.6571567
9762,9,1,0.5706816
9763,23,0,0.26370922
9764,15,1,0.8253861
9765,27,1,0.30555114
9766,15,1,0.7975454
9767,5,1,0.61351615
9768,16,1,0.25402784
9769,11,1,0.6970366
9770,12,0,0.523588
9771,26,0,0.42836052
9772,2,0,0.4903891
9773,10,1,0.5452585
9774,15,0,0.6464225
9775,18,1,0.42550412
9776,6,1,0.4481174
9777,15,0,0.41041338
9778,9,1,0.50382257
9779,10,0,0.41604933
9780,16,1,0.6428647
9781,22,0,0.23671132
9782,25,1,0.57138246
9783,25,0,0.5232898
9784,13,1,0.7478198
9785,13,0,0.5779113
9786,2,0,0.23720163
9787,28,0,0.48440725
9788,26,0,0.3836245
9789,17,0,0.22308081
9790,4,0,0.4805534
9791,26,1,0.41656336
9792,25,1,0.35604984
9793,13,1,0.69747424
9794,19,0,0.47044703
9795,26,1,0.5669824
9796,12,1,0.67684835
9797,0,0,0.33577368
9798,25,1,0.3709643
9799,1,1,0.39575917
9800,22,1,0.8444632
9801,18,0,0.542089
9802,5,0,0.3657555
9803,26,1,0.7197962
9804,3,1,0.3766432
9805,28,0,0.2208798
9806,5,1,0.6176664
9807,9,0,0.30560803
9808,14,1,0.5781785
9809,22,0,0.5932076
9810,16,0,0.37730628
9811,12,1,0.5909951
9812,6,0,0.36107454
9813,16,0,0.30792725
9814,13,0,0.74256635
9815,22,1,0.42611158
9816,12,0,0.74844104
9817,25,1,0.7292769
9818,10,1,0.5791178
9819,13,0,0.2699256
9820,20,0,0.3607733
9821,25,0,0.76494396
9822,22,1,0.38226745
9823,24,0,0.2777603
9824,6,1,0.5923078
9825,15,0,0.28177854
9826,16,1,0.7741644
9827,10,1,0.32597873
9828,3,1,0.82947916
9829,24,0,0.24512245
9830,11,0,0.5147585
9831,8,1,0.33331665
9832,18,0,0.2872298
9833,7,0,0.510115
9834,9,1,0.45490518
9835,7,1,0.7386783
9836,27,1,0.408729
9837,12,0,0.22276008
9838,26,0,0.31159547
9839,13,0,0.34506834
9840,1,0,0.36431432
9841,24,1,0.6661832
9842,22,0,0.34710082
9843,8,0,0.33193544
9844,20,1,0.54826415
9845,17,0,0.6551162
9846,27,1,0.2755297
9847,24,1,0.70283353
9848,0,0,0.47897723
9849,21,1,0.7375255
9850,28,1,0.49692094
9851,11,0,0.29637003
9852,20,0,0.51836973
9853,13,0,0.44597018
9854,18,0,0.45307297
9855,16,0,0.48064876
9856,22,0,0.62398803
9857,1,1,0.6498363
9858,13,0,0.2624009
9859,13,0,0.38210428
9860,10,1,0.5211776
9861,5,1,0.6470808
9862,18,0,0.36143976
9863,26,1,0.4122703
9864,26,1,0.71450984
9865,17,0,0.5362164
9866,7,0,0.5051589
9867,28,1,0.7479123
9868,8,0,0.3068464
9869,10,1,0.69250214
9870,4,1,0.63607204
9871,8,1,0.35693854
9872,26,1,0.43003312
9873,7,1,0.6892881
9874,23,1,0.51247776
9875,26,0,0.3511117
9876,16,1,0.45854744
9877,10,0,0.4683816
9878,16,1,0.5232702
9879,18,0,0.23664503
9880,16,0,0.59932524
9881,13,1,0.5613744
9882,2,1,0.41953915
9883,18,1,0.359415
9884,1,0,0.7093005
9885,17,0,0.69501185
9886,10,0,0.31097636
9887,16,1,0.6428854
9888,10,1,0.62777805
9889,5,0,0.29129544
9890,27,1,0.3884673
9891,0,0,0.27635747
9892,8,1,0.641636
9893,7,1,0.79085016
9894,11,1,0.7770856
9895,11,1,0.26938692
9896,16,0,0.38881364
9897,11,1,0.76371294
9898,12,1,0.34970614
9899,2,0,0.2665589
9900,2,0,0.39058644
9901,15,0,0.46622643
9902,13,0,0.25292137
9903,2,1,0.40461892
9904,26,1,0.74517983
9905,9,0,0.32077935
9906,20,1,0.7778581
9907,26,0,0.27442953
9908,22,1,0.41005924
9909,18,0,0.22346753
9910,15,0,0.68473136
9911,6,1,0.73825634
9912,12,0,0.68228894
9913,27,0,0.25166705
9914,10,0,0.2300652
9915,10,0,0.26021916
9916,16,1,0.40981364
9917,16,1,0.41553402
9918,28,0,0.5862918
9919,4,0,0.45315942
9920,17,0,0.34664124
9921,12,1,0.58837086
9922,13,1,0.63653964
9923,7,0,0.42945042
9924,6,0,0.22115523
9925,24,0,0.3627903
9926,16,0,0.4817141
9927,14,0,0.59188765
9928,11,1,0.54899836
9929,7,1,0.75837624
9930,18,1,0.3341406
9931,16,1,0.32634154
9932,15,0,0.7505616
9933,21,0,0.37720805
9934,23,0,0.73859584
9935,17,0,0.35795066
9936,13,0,0.5120383
9937,14,0,0.31698915
9938,22,0,0.29152036
9939,10,0,0.8136933
9940,23,1,0.58224964
9941,23,1,0.40207642
9942,17,1,0.81080335
9943,8,1,0.8493534
9944,12,0,0.43987805
9945,16,1,0.6133817
9946,22,0,0.35130095
9947,3,0,0.28365558
9948,2,1,0.7633118
9949,8,1,0.25118873
9950,14,1,0.3093779
9951,7,1,0.82384014
9952,15,0,0.4804462
9953,1,1,0.574709
9954,11,1,0.80200267
9955,16,0,0.3644213
9956,6,0,0.36932594
9957,1,1,0.43988228
9958,14,0,0.36618313
9959,10,0,0.43362197
9960,3,1,0.477704
9961,17,0,0.2682524
9962,16,1,0.70336175
9963,16,1,0.7459886
9964,4,1,0.496311
9965,20,1,0.7677866
9966,15,1,0.4064175
9967,10,1,0.73453283
9968,11,0,0.23222333
9969,25,0,0.58814985
9970,25,1,0.53814775
9971,18,1,0.6000091
9972,3,1,0.45617324
9973,8,0,0.3269472
9974,22,1,0.7737169
9975,19,1,0.43008384
9976,15,1,0.7334334
9977,20,1,0.71523154
9978,17,0,0.30949417
9979,8,1,0.58727086
9980,9,0,0.35213208
9981,10,0,0.45333076
9982,12,1,0.51241773
9983,26,1,0.742421
9984,2,0,0.6182269
9985,0,1,0.35212287
9986,2,1,0.83024985
9987,15,0,0.36055985
9988,9,0,0.27948293
9989,16,1,0.5500713
9990,15,1,0.4154882
9991,1,0,0.36129057
9992,16,1,0.60952485
9993,8,1,0.5262675
9994,16,1,0.5625492
9995,16,1,0.63356787
9996,18,0,0.50427705
9997,18,1,0.4651246
9998,27,1,0.51102394
9999,26,0,0.25963363
10000,0,1,0.77086616
10001,10,0,0.2496209
10002,3,0,0.35992178
10003,15,1,0.58985597
10004,10,0,0.41624123
10005,2,1,0.3249122
10006,16,0,0.43945035
10007,15,1,0.2433145
10008,11,1,0.82305986
10009,21,1,0.74936414
10010,22,0,0.54944295
10011,19,1,0.27116355
10012,1,1,0.57897496
10013,13,1,0.4605855
10014,13,0,0.6047342
10015,27,0,0.3113657
10016,15,1,0.46323332
10017,9,1,0.49566635
10018,17,0,0.84573877
10019,1,0,0.4747906
10020,21,1,0.4721407
10021,17,1,0.32287824
10022,16,0,0.6682103
10023,10,0,0.22268954
10024,11,1,0.3654233
10025,16,1,0.60440016
10026,5,0,0.41792205
10027,27,0,0.29187196
10028,16,1,0.69111466
10029,13,1,0.4619998
10030,2,1,0.39663526
10031,0,1,0.7463634
10032,9,1,0.40136975
10033,18,0,0.32873133
10034,13,0,0.3903437
10035,16,0,0.21744868
10036,10,1,0.83679515
10037,6,0,0.48124054
10038,3,1,0.829804
10039,23,0,0.5454258
10040,17,1,0.64199156
10041,1,0,0.48645574
10042,3,0,0.63900566
10043,15,0,0.50020313
10044,24,0,0.32963732
10045,14,1,0.4128734
10046,18,0,0.3931331
10047,9,0,0.6186185
10048,19,1,0.5841252
10049,27,0,0.6281545
10050,27,1,0.35491505
10051,16,0,0.415188
10052,27,1,0.46792862
10053,28,1,0.6704183
10054,25,1,0.8191371
10055,17,1,0.5004167
10056,8,0,0.43579456
10057,6,1,0.57383144
10058,22,0,0.61385596
10059,10,0,0.2120657
10060,15,1,0.54552245
10061,15,0,0.3425022
10062,2,1,0.4213741
10063,13,1,0.6091438
10064,3,0,0.39577046
10065,10,0,0.36570096
10066,2,1,0.7738589
10067,11,1,0.47156662
10068,15,1,0.3273033
10069,3,0,0.33398247
10070,1,0,0.48812008
10071,11,1,0.57583827
10072,12,1,0.35790113
10073,25,1,0.6899235
10074,5,0,0.3009451
10075,27,1,0.36297777
10076,4,1,0.7398134
10077,20,0,0.23599732
10078,11,1,0.5333806
10079,10,1,0.486629
10080,5,1,0.80145913
10081,16,1,0.6738911
10082,15,0,0.23574583
10083,20,1,0.26714116
10084,12,1,0.39372244
10085,8,0,0.26604435
10086,15,0,0.24013112
10087,9,0,0.21426232
10088,16,1,0.7001513
10089,25,0,0.71539295
10090,8,0,0.26069647
10091,23,1,0.4394839
10092,1,1,0.25457305
10093,1,1,0.31701306
10094,16,1,0.4434596
10095,13,0,0.5602952
10096,1,0,0.57536477
10097,27,1,0.5630658
10098,13,1,0.57327336
10099,22,1,0.7191038
10100,5,1,0.35752976
10101,12,1,0.63083774
10102,11,0,0.5527551
10103,6,0,0.2510998
10104,25,1,0.5958076
10105,13,0,0.38797227
10106,21,0,0.652114
10107,2,1,0.5336163
10108,25,0,0.35651278
10109,19,0,0.35221556
10110,18,0,0.6906163
10111,10,1,0.24259643
10112,27,0,0.75909185
10113,16,1,0.73921674
10114,18,0,0.25738794
10115,16,0,0.25469834
10116,18,0,0.48589596
10117,7,1,0.48239002
10118,25,0,0.31635702
10119,12,0,0.48895115
10120,8,1,0.5791769
10121,25,1,0.5509457
10122,21,0,0.7489022
10123,11,1,0.6258821
10124,13,1,0.6756445
10125,14,1,0.36916748
10126,22,1,0.7501013
10127,28,0,0.44663027
10128,15,1,0.33793965
10129,7,0,0.7522665
10130,20,0,0.26579854
10131,13,1,0.82277685
10132,20,0,0.25950712
10133,13,1,0.36164215
10134,7,0,0.36509997
10135,0,0,0.46752778
10136,22,1,0.54480326
10137,9,1,0.6679056
10138,28,1,0.37272465
10139,17,1,0.42450234
10140,15,0,0.28840578
10141,15,1,0.39829916
10142,24,1,0.27845344
10143,22,1,0.46467423
10144,23,0,0.28570908
10145,12,1,0.5413644
10146,21,0,0.5449286
10147,1,1,0.7114765
10148,20,1,0.3839544
10149,26,1,0.6296771
10150,15,1,0.5876448
10151,14,0,0.6214072
10152,13,1,0.35222515
10153,22,1,0.5000207
10154,1,0,0.358568
10155,25,0,0.21655393
10156,12,0,0.19570275
10157,4,0,0.44521466
10158,8,0,0.7049678
10159,9,0,0.5757338
10160,17,1,0.5410504
10161,7,1,0.6618815
10162,13,0,0.27235124
10163,20,0,0.2794188
10164,28,1,0.310782
10165,14,0,0.24881203
10166,8,1,0.5402766
10167,15,1,0.59918845
10168,10,0,0.36706182
10169,16,1,0.23953298
10170,19,1,0.3575367
10171,18,0,0.24800628
10172,21,1,0.6078409
10173,15,0,0.27632827
10174,20,1,0.5072398
10175,6,1,0.588197
10176,22,1,0.41982397
10177,18,1,0.52275455
10178,2,0,0.23873132
10179,26,1,0.3693949
10180,27,0,0.53908414
10181,22,0,0.36949885
10182,20,0,0.36862096
10183,20,0,0.23703736
10184,24,0,0.6666821
10185,6,0,0.6474572
10186,2,1,0.7338841
10187,20,0,0.3122014
10188,1,1,0.30969208
10189,5,1,0.47162092
10190,4,1,0.20134845
10191,7,0,0.27805784
10192,26,0,0.31933358
10193,8,0,0.31818733
10194,2,0,0.23626523
10195,5,1,0.5828177
10196,20,0,0.43079945
10197,22,0,0.22925992
10198,15,1,0.46494502
10199,1,0,0.41126868
10200,26,1,0.3769196
10201,12,0,0.71845156
10202,10,1,0.36175582
10203,16,0,0.25580898
10204,20,0,0.23541994
10205,17,0,0.5211718
10206,19,1,0.48596638
10207,13,0,0.8132933
10208,1,1,0.5237424
10209,9,1,0.57470375
10210,24,1,0.7062479
10211,25,0,0.31731957
10212,4,1,0.83082384
10213,14,0,0.63644606
10214,8,0,0.52227473
10215,13,1,0.5446386
10216,5,0,0.73312944
10217,20,1,0.7327158
10218,11,0,0.2966025
10219,16,0,0.36268732
10220,3,1,0.28572685
10221,24,1,0.7527008
10222,6,1,0.8075667
10223,9,0,0.78114295
10224,8,0,0.369445
10225,11,0,0.31437218
10226,19,1,0.41447887
10227,27,1,0.5030797
10228,20,1,0.8425486
10229,3,0,0.36495337
10230,23,0,0.39353183
10231,28,1,0.44248894
10232,12,0,0.42462373
10233,4,1,0.6829667
10234,8,0,0.22708215
10235,16,0,0.5789584
10236,25,1,0.832615
10237,25,1,0.45578793
10238,15,1,0.6825337
10239,11,1,0.6512201
10240,28,0,0.4731588
10241,21,0,0.40305206
10242,13,1,0.67283654
10243,10,0,0.26400492
10244,1,1,0.722505
10245,6,0,0.648233
10246,16,1,0.62066966
10247,16,1,0.33797657
10248,13,0,0.592722
10249,2,0,0.2523952
10250,0,0,0.32184678
10251,16,0,0.45315287
10252,20,0,0.41319877
10253,10,0,0.36006817
10254,9,0,0.4358192
10255,14,1,0.6299722
10256,22,0,0.43538842
10257,24,1,0.32326427
10258,25,1,0.35485807
10259,11,1,0.5074078
10260,13,1,0.37597245
10261,24,1,0.8059662
10262,22,1,0.6494699
10263,14,0,0.34209764
10264,25,0,0.6751597
10265,21,0,0.3282155
10266,8,0,0.414744
10267,8,1,0.5570653
10268,28,0,0.43000066
10269,16,0,0.3792227
10270,17,0,0.35705745
10271,8,1,0.40411097
10272,16,1,0.7217401
10273,16,0,0.5174602
10274,22,0,0.24790865
10275,8,1,0.36165428
10276,10,1,0.5591541
10277,25,1,0.5757216
10278,16,0,0.39415056
10279,26,0,0.8094321
10280,12,0,0.26486304
10281,17,0,0.221531
10282,25,0,0.33657363
10283,25,0,0.3727968
10284,13,1,0.526735
10285,7,0,0.5319585
10286,2,0,0.8094695
10287,2,0,0.45463222
10288,6,1,0.58962554
10289,3,0,0.59384245
10290,11,0,0.33240166
10291,15,1,0.84541583
10292,16,1,0.2916202
10293,16,1,0.7883987
10294,8,0,0.29159522
10295,6,1,0.79438275
10296,24,1,0.30405957
10297,4,1,0.37808874
10298,17,1,0.6357376
10299,26,1,0.4267851
10300,23,0,0.46924314
10301,20,1,0.35247436
10302,25,1,0.28061604
10303,22,0,0.32745385
10304,1,1,0.60348016
10305,11,0,0.31012732
10306,13,1,0.68394953
10307,11,0,0.6076509
10308,0,0,0.38006604
10309,8,0,0.57308084
10310,11,1,0.37376723
10311,11,1,0.6309138
10312,25,1,0.40486115
10313,28,0,0.6066236
10314,26,1,0.56646526
10315,21,1,0.67713
10316,22,0,0.39130402
10317,11,1,0.6377689
10318,13,1,0.36281556
10319,15,0,0.36098796
10320,27,0,0.5670005
10321,26,1,0.58011425
10322,20,1,0.6616303
10323,3,1,0.70215356
10324,8,1,0.55388415
10325,16,1,0.6869797
10326,10,0,0.25395986
10327,4,1,0.6727068
10328,25,1,0.648058
10329,18,1,0.59698826
10330,8,1,0.78468555
10331,7,0,0.6496368
10332,20,0,0.62636566
10333,1,1,0.68478847
10334,10,0,0.5633191
10335,14,1,0.64359415
10336,11,1,0.28378674
10337,16,0,0.48927054
10338,8,1,0.47234014
10339,5,1,0.7565676
10340,20,1,0.44904727
10341,18,1,0.71060765
10342,14,1,0.81090885
10343,15,1,0.36240354
10344,9,0,0.21676369
10345,21,0,0.36715704
10346,10,0,0.2240694
10347,18,1,0.7144421
10348,22,1,0.6176934
10349,13,1,0.40433413
10350,3,1,0.6478451
10351,9,1,0.74031156
10352,4,1,0.28614542
10353,11,1,0.45690364
10354,13,1,0.52558106
10355,8,0,0.417275
10356,24,1,0.7474466
10357,6,0,0.40198743
10358,25,0,0.5719982
10359,8,1,0.54201156
10360,25,0,0.21952328
10361,9,1,0.7281216
10362,15,0,0.4219269
10363,11,0,0.25964457
10364,15,0,0.26552668
10365,4,0,0.7231411
10366,12,1,0.6186535
10367,6,1,0.56571496
10368,6,0,0.2188558
10369,4,1,0.5211237
10370,2,0,0.3439033
10371,16,0,0.38268918
10372,16,1,0.7806373
10373,2,1,0.5199623
10374,18,0,0.4935541
10375,1,0,0.32730752
10376,17,0,0.36205935
10377,10,0,0.5437115
10378,0,0,0.6403913
10379,13,1,0.75453585
10380,22,0,0.6012815
10381,11,0,0.74874866
10382,23,1,0.5687431
10383,11,0,0.29920086
10384,25,1,0.68964356
10385,4,0,0.26251712
10386,3,1,0.69277245
10387,24,1,0.63524705
10388,21,1,0.4617455
10389,6,0,0.36487272
10390,6,0,0.50120807
10391,13,0,0.55610573
10392,26,0,0.6356419
10393,17,0,0.35891533
10394,28,0,0.70456314
10395,16,0,0.35045052
10396,2,0,0.4705801
10397,1,1,0.592977
10398,26,1,0.7669626
10399,12,1,0.2916122
10400,5,0,0.28144082
10401,9,0,0.37396973
10402,18,1,0.5702713
10403,4,1,0.31961343
10404,19,0,0.25878024
10405,24,0,0.7770967
10406,25,0,0.37823927
10407,20,0,0.19817416
10408,16,0,0.27967793
10409,24,1,0.597241
10410,4,0,0.38505974
10411,26,0,0.3981
10412,4,1,0.6310895
10413,8,1,0.69173205
10414,25,0,0.41465992
10415,0,0,0.6428467
10416,0,0,0.27474058
10417,2,1,0.53359544
10418,13,0,0.3271488
10419,16,0,0.7521268
10420,26,0,0.6365637
10421,8,0,0.30451354
10422,2,0,0.29784313
10423,20,0,0.8352412
10424,15,0,0.6151836
10425,13,0,0.37287378
10426,0,0,0.24075094
10427,26,1,0.7456801
10428,13,0,0.28881574
10429,18,0,0.3046241
10430,13,1,0.55235666
10431,20,0,0.39915067
10432,11,1,0.7313482
10433,2,0,0.78653264
10434,10,0,0.70619184
10435,6,0,0.5019285
10436,23,0,0.32491294
10437,13,0,0.36672142
10438,26,0,0.34436524
10439,14,1,0.29400137
10440,20,0,0.26601332
10441,1,1,0.6718891
10442,19,1,0.63334924
10443,8,1,0.777939
10444,8,0,0.6814967
10445,10,0,0.23224804
10446,21,0,0.25914812
10447,8,1,0.80730474
10448,8,0,0.629283
10449,20,0,0.59704876
10450,14,0,0.45996642
10451,10,1,0.5236566
10452,28,1,0.7074452
10453,26,0,0.5999076
10454,17,0,0.566618
10455,26,1,0.37627694
10456,1,0,0.24667501
10457,20,0,0.6039077
10458,17,1,0.5463078
10459,8,0,0.28771105
10460,6,0,0.40383342
10461,16,1,0.5668642
10462,4,0,0.25611526
10463,1,0,0.3385968
10464,19,1,0.35419074
10465,2,0,0.3829557
10466,17,0,0.45103335
10467,27,0,0.35945505
10468,10,0,0.44247195
10469,19,1,0.6969106
10470,8,1,0.24556318
10471,25,0,0.79424137
10472,18,1,0.54917693
10473,18,0,0.6480529
10474,17,0,0.23004034
10475,5,1,0.6475582
10476,6,1,0.73391217
10477,5,1,0.7389802
10478,28,1,0.36804098
10479,27,1,0.47604132
10480,26,1,0.73473024
10481,19,0,0.3773081
10482,11,0,0.64202094
10483,24,0,0.7846099
10484,6,1,0.74685746
10485,10,1,0.505266
10486,13,1,0.61552846
10487,17,1,0.74382484
10488,28,0,0.63810825
10489,19,0,0.30182192
10490,26,1,0.74963707
10491,15,0,0.6467318
10492,2,1,0.7099032
10493,16,0,0.2987589
10494,15,1,0.44047725
10495,15,1,0.37670684
10496,0,0,0.6673175
10497,22,0,0.36201993
10498,23,0,0.3148818
10499,3,1,0.6911569
10500,24,1,0.6488164
10501,13,1,0.53611434
10502,9,1,0.7512504
10503,23,0,0.49691966
10504,9,0,0.3322557
10505,11,1,0.74930614
10506,25,1,0.65357655
10507,1,1,0.5034253
10508,2,0,0.41496834
10509,1,0,0.5213431
10510,16,1,0.4558717
10511,11,0,0.32206842
10512,8,0,0.39892682
10513,10,1,0.71167374
10514,25,1,0.45163238
10515,16,1,0.8398182
10516,25,0,0.23189877
10517,27,1,0.40779376
10518,2,0,0.74552095
10519,4,1,0.48305625
10520,13,1,0.7774044
10521,16,1,0.40916365
10522,2,1,0.3625726
10523,15,0,0.37178555
10524,13,0,0.34609362
10525,1,1,0.63678414
10526,19,0,0.78137213
10527,2,1,0.42203292
10528,13,1,0.34874937
10529,16,0,0.48153138
10530,16,0,0.20349896
10531,26,0,0.42550766
10532,1,1,0.34248072
10533,12,1,0.4599415
10534,27,0,0.4066088
10535,27,0,0.70916444
10536,3,1,0.804284
10537,23,1,0.3677184
10538,17,1,0.3541131
10539,24,0,0.35462302
10540,25,0,0.6443281
10541,11,1,0.45985022
10542,2,0,0.54730207
10543,27,1,0.7496972
10544,25,1,0.52945894
10545,12,1,0.8330911
10546,17,0,0.405576
10547,8,0,0.3664064
10548,20,0,0.4028674
10549,13,0,0.29742745
10550,17,1,0.5629653
10551,15,0,0.6452244
10552,4,1,0.27641258
10553,5,1,0.623385
10554,28,0,0.33021694
10555,27,0,0.5416262
10556,20,1,0.82524997
10557,22,1,0.6046495
10558,18,1,0.45044556
10559,22,1,0.34713295
10560,3,0,0.35244137
10561,7,1,0.65723026
10562,12,0,0.38267025
10563,21,0,0.3943312
10564,22,0,0.25069237
10565,8,1,0.6103074
10566,13,1,0.5908187
10567,10,0,0.5858305
10568,19,0,0.37842003
10569,13,0,0.32747728
10570,25,1,0.6575958
10571,3,1,0.48974025
10572,12,1,0.7649546
10573,10,1,0.48589924
10574,8,0,0.51541495
10575,6,0,0.24176148
10576,19,0,0.3616474
10577,4,1,0.7771642
10578,13,0,0.29144567
10579,10,1,0.82844067
10580,4,1,0.352101
10581,12,0,0.45735136
10582,20,0,0.49036688
10583,12,0,0.44842103
10584,18,1,0.22382686
10585,28,1,0.71098834
10586,0,0,0.20352557
10587,25,1,0.3874575
10588,13,0,0.22748871
10589,20,1,0.5635112
10590,12,0,0.4155013
10591,24,1,0.57203
10592,25,0,0.49945718
10593,16,0,0.66893846
10594,5,0,0.4287258
10595,7,1,0.3870666
10596,24,0,0.28593197
10597,13,1,0.7766039
10598,0,1,0.28861728
10599,7,0,0.5238649
10600,12,0,0.22099207
10601,16,1,0.49306318
10602,1,0,0.5504063
10603,11,0,0.44782004
10604,27,0,0.23937288
10605,16,0,0.22712192
10606,13,1,0.72825336
10607,25,0,0.4686905
10608,15,1,0.6437217
10609,11,1,0.44785333
10610,22,0,0.50753
10611,18,0,0.35201982
10612,16,0,0.5457705
10613,15,0,0.2799688
10614,16,0,0.4717337
10615,1,1,0.48203316
10616,13,0,0.24054542
10617,2,1,0.4442157
10618,17,0,0.3674732
10619,17,0,0.51608586
10620,14,0,0.27620748
10621,17,1,0.4029809
10622,23,1,0.36806488
10623,10,0,0.43401784
10624,18,0,0.35111788
10625,18,0,0.6865837
10626,27,0,0.5745965
10627,11,0,0.21557757
10628,1,0,0.31097654
10629,3,1,0.7208063
10630,2,1,0.648267
10631,7,0,0.37114933
10632,12,1,0.44532534
10633,13,1,0.5630579
10634,26,1,0.6132046
10635,21,1,0.41637418
10636,2,0,0.27211553
10637,15,1,0.52281094
10638,8,0,0.36279246
10639,26,1,0.39511696
10640,19,0,0.3533703
10641,16,1,0.7456879
10642,2,0,0.26113513
10643,16,1,0.7528421
10644,11,0,0.43903348
10645,28,1,0.65111524
10646,3,0,0.3899889
10647,16,1,0.35761353
10648,1,1,0.6757251
10649,20,0,0.2763547
10650,21,0,0.4278945
10651,4,0,0.5568867
10652,12,1,0.54648846
10653,25,1,0.52054447
10654,15,1,0.44538897
10655,12,0,0.4094779
10656,0,1,0.3690239
10657,26,0,0.61146504
10658,22,1,0.7980536
10659,4,1,0.36247075
10660,2,1,0.57520723
10661,24,0,0.39555413
10662,0,0,0.37082264
10663,11,1,0.35711455
10664,21,0,0.47174606
10665,12,0,0.5996164
10666,3,1,0.5254514
10667,21,0,0.4318312
10668,7,0,0.2592419
10669,9,1,0.8457694
10670,16,0,0.4871741
10671,28,0,0.29590303
10672,17,0,0.48499337
10673,1,1,0.6309608
10674,26,1,0.3050814
10675,21,1,0.537724
10676,13,1,0.5317162
10677,13,0,0.43346784
10678,15,0,0.43827334
10679,25,0,0.34523246
10680,4,0,0.36336812
10681,15,1,0.8484451
10682,5,0,0.6301292
10683,22,1,0.38367724
10684,26,0,0.3676426
10685,1,1,0.7295558
10686,13,1,0.5550486
10687,22,0,0.713966
10688,9,1,0.36315012
10689,1,0,0.5084853
10690,15,0,0.3832241
10691,1,0,0.6101242
10692,6,1,0.51862115
10693,11,0,0.65038544
10694,25,1,0.74333483
10695,25,1,0.7142925
10696,13,1,0.40425697
10697,22,1,0.48572102
10698,16,1,0.5050301
10699,27,0,0.3716815
10700,16,1,0.4585961
10701,8,1,0.7397618
10702,8,0,0.26941788
10703,13,0,0.36671886
10704,22,0,0.23935659
10705,25,0,0.24147904
10706,22,0,0.30478713
10707,25,1,0.36168054
10708,5,1,0.4235365
10709,13,1,0.72578317
10710,28,1,0.27434725
10711,20,1,0.43732378
10712,22,0,0.3603293
10713,22,1,0.70403945
10714,16,1,0.5694094
10715,11,0,0.5351144
10716,10,1,0.47425452
10717,26,0,0.47178075
10718,17,0,0.46888188
10719,25,0,0.31786212
10720,1,0,0.40033096
10721,25,1,0.7215829
10722,3,1,0.83240724
10723,26,1,0.64170426
10724,14,0,0.2736757
10725,13,0,0.34232873
10726,6,1,0.69793934
10727,5,1,0.5642987
10728,8,1,0.2984936
10729,10,1,0.3644928
10730,8,1,0.44048738
10731,14,0,0.24304594
10732,11,1,0.5877642
10733,26,1,0.64308244
10734,14,0,0.36693496
10735,2,1,0.6373048
10736,0,1,0.36657932
10737,20,0,0.63247687
10738,27,1,0.64406943
10739,25,0,0.61292005
10740,11,1,0.35105115
10741,16,1,0.63429207
10742,13,1,0.58975375
10743,17,1,0.7131861
10744,14,1,0.6472496
10745,10,1,0.5853143
10746,27,0,0.2089537
10747,7,0,0.26359513
10748,11,1,0.3051966
10749,10,1,0.6352179
10750,16,1,0.35346156
10751,10,0,0.46243984
10752,26,0,0.6345815
10753,1,0,0.21884616
10754,6,1,0.4709412
10755,13,1,0.8070707
10756,20,0,0.22590436
10757,12,1,0.7191101
10758,16,0,0.3059634
10759,9,0,0.26368418
10760,27,0,0.5134086
10761,13,0,0.55135125
10762,17,0,0.5266124
10763,4,0,0.55435157
10764,0,1,0.6051666
10765,21,0,0.39454207
10766,12,0,0.5176498
10767,16,0,0.3949783
10768,18,1,0.5626103
10769,16,1,0.2675527
10770,13,0,0.6404077
10771,23,1,0.48411003
10772,14,1,0.6096005
10773,18,1,0.8513305
10774,1,0,0.25944003
10775,24,1,0.36032504
10776,14,1,0.43869635
10777,7,0,0.41105178
10778,8,0,0.44913292
10779,25,0,0.26982975
10780,28,0,0.48189864
10781,26,1,0.6851126
10782,10,1,0.73636925
10783,16,0,0.35960332
10784,26,1,0.44931898
10785,25,1,0.74208117
10786,26,0,0.44246653
10787,8,1,0.4781643
10788,0,0,0.6272343
10789,12,1,0.47547805
10790,13,1,0.35517842
10791,0,1,0.5337269
10792,6,0,0.3141755
10793,13,1,0.39719543
10794,20,1,0.52908427
10795,3,0,0.29029122
10796,13,0,0.36380094
10797,0,1,0.58075684
10798,16,0,0.35995904
10799,23,0,0.3449718
10800,26,0,0.51360804
10801,6,1,0.4632716
10802,14,0,0.40210629
10803,13,0,0.2864586
10804,0,0,0.32354057
10805,25,1,0.44057164
10806,8,0,0.63299555
10807,2,1,0.70358473
10808,9,0,0.4818219
10809,8,0,0.57617277
10810,6,0,0.30356762
10811,9,1,0.6471207
10812,13,0,0.51325744
10813,2,0,0.4761957
10814,16,1,0.33612648
10815,13,0,0.57896096
10816,18,1,0.5246921
10817,16,0,0.6165058
10818,6,0,0.36044157
10819,8,1,0.5881176
10820,3,0,0.36820558
10821,8,1,0.6556076
10822,14,1,0.81004447
10823,2,1,0.85297704
10824,1,0,0.36673647
10825,28,0,0.30508593
10826,9,1,0.5644368
10827,15,0,0.22923161
10828,10,1,0.5852934
10829,13,1,0.51384854
10830,19,0,0.3662003
10831,27,0,0.39134637
10832,15,1,0.21305794
10833,3,0,0.32786807
10834,10,0,0.35773408
10835,15,0,0.3634295
10836,12,0,0.4225065
10837,13,0,0.7326052
10838,16,0,0.4909259
10839,11,0,0.35018897
10840,17,1,0.5914258
10841,7,0,0.59640616
10842,16,1,0.48356295
10843,14,0,0.38407606
10844,2,0,0.6496378
10845,17,1,0.71950865
10846,10,0,0.35055086
10847,11,0,0.27099448
10848,15,0,0.34973368
10849,1,0,0.6478009
10850,9,1,0.41317728
10851,17,1,0.2980927
10852,2,0,0.39353475
10853,11,1,0.6889762
10854,16,0,0.3686473
10855,1,1,0.48943144
10856,8,0,0.666726
10857,4,0,0.22473823
10858,2,1,0.30622566
10859,12,0,0.59688675
10860,14,0,0.5785253
10861,9,0,0.3772802
10862,1,1,0.68827856
10863,26,1,0.6053099
10864,16,0,0.44235152
10865,27,1,0.48588404
10866,11,1,0.54195046
10867,7,0,0.36359954
10868,10,0,0.39958462
10869,22,0,0.36823243
10870,3,1,0.6311447
10871,16,0,0.48507038
10872,10,0,0.5224737
10873,10,1,0.7478703
10874,13,0,0.64630425
10875,22,1,0.36088443
10876,22,0,0.43131858
10877,22,1,0.53862727
10878,14,0,0.43110466
10879,1,0,0.23430634
10880,11,0,0.40873608
10881,27,1,0.410804
10882,20,0,0.359221
10883,5,0,0.32750693
10884,1,1,0.5660708
10885,19,0,0.25507057
10886,8,0,0.39629325
10887,2,0,0.4593089
10888,15,0,0.46488726
10889,0,0,0.66893476
10890,19,1,0.4119034
10891,13,0,0.4526811
10892,25,0,0.4615059
10893,20,1,0.40764588
10894,18,0,0.29235578
10895,10,0,0.4172314
10896,3,0,0.5838867
10897,28,1,0.36428133
10898,16,0,0.7084322
10899,9,0,0.5984746
10900,11,0,0.6217604
10901,23,1,0.7075386
10902,13,0,0.25933158
10903,11,0,0.4226504
10904,2,0,0.46465752
10905,16,1,0.70937574
10906,5,0,0.5016023
10907,13,1,0.60855633
10908,4,0,0.2949374
10909,5,0,0.37092152
10910,1,1,0.60250133
10911,24,1,0.23027588
10912,16,0,0.4903412
10913,8,1,0.6483839
10914,12,0,0.68381715
10915,6,0,0.4806813
10916,24,0,0.39103794
10917,15,0,0.46327627
10918,3,0,0.72947574
10919,16,1,0.7523413
10920,16,1,0.6393468
10921,23,1,0.749527
10922,17,0,0.35460004
10923,18,1,0.57544607
10924,14,0,0.30098826
10925,11,1,0.6879624
10926,17,1,0.6962284
10927,20,1,0.55566347
10928,4,0,0.34252498
10929,16,1,0.6837352
10930,1,0,0.33685547
10931,21,1,0.3532334
10932,13,0,0.43675336
10933,16,1,0.5173816
10934,22,0,0.38429388
10935,14,1,0.37108472
10936,15,0,0.37446696
10937,28,0,0.3446848
10938,27,0,0.24012777
10939,19,0,0.6386162
10940,16,1,0.58864903
10941,15,1,0.6957587
10942,20,0,0.45698732
10943,15,0,0.61406106
10944,0,0,0.36020547
10945,9,1,0.3598281
10946,10,0,0.6172018
10947,1,1,0.62833595
10948,26,1,0.36448893
10949,25,1,0.39780724
10950,13,0,0.2729509
10951,28,0,0.40727764
10952,26,0,0.22413962
10953,20,0,0.83404934
10954,2,1,0.5875881
10955,26,1,0.38537255
10956,5,1,0.6990066
10957,4,0,0.6091882
10958,22,1,0.6891375
10959,25,0,0.4168329
10960,15,1,0.4001318
10961,22,1,0.51910245
10962,19,0,0.26281834
10963,11,0,0.29998678
10964,27,1,0.404733
10965,23,0,0.5959753
10966,11,1,0.6431041
10967,20,0,0.7116159
10968,12,1,0.42277822
10969,13,1,0.8321832
10970,2,1,0.4946321
10971,28,0,0.217192
10972,7,1,0.64859724
10973,8,0,0.29765654
10974,15,0,0.3560453
10975,12,1,0.3117717
10976,26,0,0.5927656
10977,15,1,0.82198614
10978,25,1,0.46399036
10979,15,0,0.5406697
10980,8,0,0.64009875
10981,2,1,0.75788254
10982,8,1,0.72888196
10983,19,0,0.36725023
10984,9,0,0.68487096
10985,15,0,0.34227973
10986,27,1,0.70459676
10987,1,1,0.509742
10988,22,0,0.28050402
10989,13,1,0.4265905
10990,3,0,0.47713432
10991,7,0,0.23766477
10992,19,1,0.7523867
10993,8,1,0.57509995
10994,28,1,0.72720397
10995,28,1,0.4064589
10996,26,0,0.24753644
10997,16,1,0.48815432
10998,7,0,0.26408437
10999,16,1,0.3269296
11000,9,0,0.32588097
11001,17,1,0.7189975
11002,26,0,0.37338427
11003,22,0,0.41857842
11004,3,1,0.63212115
11005,12,0,0.3401372
11006,20,0,0.24745442
11007,6,1,0.64726055
11008,15,1,0.5924804
11009,28,0,0.72283286
11010,13,1,0.73346835
11011,4,1,0.38627127
11012,20,1,0.47883058
11013,28,0,0.28282169
11014,15,0,0.56089205
11015,2,0,0.250042
11016,10,0,0.3568515
11017,10,0,0.46848577
11018,26,0,0.32688892
11019,22,1,0.51325846
11020,8,1,0.5047975
11021,13,0,0.3551388
11022,2,0,0.31893685
11023,6,1,0.53003806
11024,5,0,0.29825872
11025,13,0,0.5185806
11026,14,1,0.7625619
11027,27,0,0.493432
11028,19,1,0.7706473
11029,18,0,0.3658556
11030,17,1,0.72097695
11031,11,1,0.73799014
11032,22,0,0.6464342
11033,26,0,0.7650745
11034,10,1,0.54910564
11035,22,1,0.44540513
11036,13,1,0.726679
11037,17,0,0.47495383
11038,9,0,0.32771912
11039,10,0,0.6316407
11040,1,0,0.30002773
11041,7,1,0.3652596
11042,26,1,0.664685
11043,13,0,0.57680583
11044,27,0,0.33316952
11045,13,0,0.5562191
11046,28,1,0.40541914
11047,23,0,0.7333584
11048,0,1,0.2824698
11049,0,0,0.26177585
11050,27,1,0.6821574
11051,23,1,0.28249633
11052,11,1,0.47451377
11053,15,0,0.36094135
11054,16,0,0.4100687
11055,1,1,0.6004613
11056,19,1,0.5744663
11057,2,1,0.39764094
11058,3,1,0.4393118
11059,4,1,0.73839605
11060,15,1,0.7123818
11061,16,0,0.50412476
11062,26,1,0.43252715
11063,12,1,0.8093658
11064,15,1,0.3376147
11065,17,0,0.2634475
11066,15,1,0.5761058
11067,16,0,0.73030365
11068,5,0,0.23108445
11069,4,0,0.23390062
11070,27,1,0.356104
11071,6,0,0.3526572
11072,25,1,0.29481116
11073,24,1,0.26502785
11074,9,0,0.752041
11075,0,0,0.55637884
11076,26,0,0.2842528
11077,9,0,0.65282613
11078,23,0,0.39872485
11079,19,0,0.62885654
11080,13,0,0.35802138
11081,25,0,0.35719153
11082,6,1,0.65184623
11083,0,1,0.40776795
11084,20,1,0.4838068
11085,18,0,0.743492
11086,2,1,0.7245386
11087,23,0,0.5905257
11088,14,1,0.5921121
11089,4,0,0.4775924
11090,18,1,0.6337057
11091,14,1,0.6318664
11092,24,0,0.55001247
11093,17,0,0.567057
11094,20,0,0.65332955
11095,1,0,0.70050997
11096,27,1,0.36987144
11097,7,1,0.71952593
11098,13,1,0.6171082
11099,16,0,0.50021994
11100,18,0,0.71649665
11101,11,1,0.7396675
11102,16,1,0.593572
11103,14,0,0.47788948
11104,21,0,0.23858303
11105,18,0,0.6520544
11106,13,1,0.6472503
11107,8,0,0.560712
11108,11,0,0.36589742
11109,15,1,0.74163
11110,26,1,0.72768176
11111,19,0,0.21906127
11112,27,1,0.41131994
11113,25,1,0.49966025
11114,13,0,0.34831953
11115,4,1,0.67016184
11116,25,1,0.76369447
11117,10,0,0.47875986
11118,0,0,0.3477913
11119,14,1,0.39703843
11120,8,1,0.45595607
11121,27,0,0.32282406
11122,1,1,0.64468104
11123,5,0,0.34114382
11124,16,1,0.6768991
11125,9,1,0.4843003
11126,10,0,0.35748857
11127,17,1,0.5335018
11128,16,1,0.84090865
11129,28,0,0.31137723
11130,10,0,0.5050141
11131,26,0,0.44016394
11132,6,1,0.4717652
11133,13,0,0.28867114
11134,4,1,0.73093975
11135,3,1,0.64109015
11136,8,0,0.5137433
11137,8,1,0.7785351
11138,2,1,0.4967871
11139,2,1,0.36677083
11140,14,1,0.72655386
11141,10,1,0.6497821
11142,16,0,0.3615032
11143,2,1,0.5687705
11144,16,1,0.59913534
11145,14,0,0.3550055
11146,17,1,0.4574382
11147,17,0,0.3002748
11148,18,0,0.4470288
11149,2,1,0.8155119
11150,12,0,0.32858452
11151,3,1,0.23334983
11152,16,0,0.38682166
11153,26,0,0.22185218
11154,27,0,0.48264068
11155,26,0,0.45554975
11156,13,1,0.44881225
11157,16,0,0.31931788
11158,28,1,0.74936736
11159,22,0,0.35883543
11160,13,1,0.41766712
11161,15,0,0.44850355
11162,10,1,0.27111122
11163,7,0,0.36339605
11164,4,0,0.234126
11165,23,0,0.5963189
11166,21,1,0.6406076
11167,18,1,0.7137732
11168,26,0,0.65425456
11169,13,1,0.41766334
11170,4,0,0.29195502
11171,22,0,0.48910555
11172,17,0,0.5028811
11173,19,1,0.50461614
11174,23,1,0.7253555
11175,3,0,0.78164923
11176,8,0,0.35746127
11177,23,1,0.26874128
11178,1,1,0.7769576
11179,27,1,0.61672604
11180,25,1,0.72292846
11181,16,0,0.6966657
11182,28,0,0.28728437
11183,26,1,0.43978357
11184,1,1,0.6288468
11185,15,0,0.40348935
11186,13,1,0.6511656
11187,2,0,0.2863194
11188,20,1,0.3607666
11189,15,1,0.79234827
11190,10,0,0.649109
11191,3,0,0.6010207
11192,20,1,0.64193386
11193,25,0,0.351847
11194,3,0,0.36591792
11195,13,0,0.47787058
11196,5,1,0.50870955
11197,1,0,0.2989471
11198,6,1,0.28410226
11199,8,1,0.38542718
11200,8,1,0.6785798
11201,4,0,0.4313466
11202,8,0,0.28703374
11203,2,0,0.43528125
11204,16,0,0.335714
11205,6,0,0.4222291
11206,16,0,0.66642064
11207,10,0,0.48409805
11208,1,1,0.78105325
11209,1,1,0.44596723
11210,27,0,0.74673104
11211,13,0,0.6696924
11212,8,1,0.3760545
11213,25,0,0.5446077
11214,26,0,0.4445476
11215,27,0,0.6540026
11216,19,1,0.40697962
11217,16,1,0.4870657
11218,16,0,0.33249986
11219,2,0,0.5666649
11220,1,1,0.63524276
11221,1,0,0.49053767
11222,18,0,0.43334538
11223,11,0,0.6432222
11224,13,0,0.3778823
11225,13,1,0.35488385
11226,13,0,0.34513608
11227,2,1,0.51340914
11228,2,1,0.33923745
11229,26,1,0.6742792
11230,15,0,0.34939995
11231,20,0,0.41464818
11232,9,0,0.29643756
11233,1,1,0.6161271
11234,1,1,0.29736558
11235,17,1,0.61375266
11236,1,0,0.78145564
11237,4,0,0.3732768
11238,15,0,0.22433689
11239,5,0,0.4037268
11240,18,0,0.5060041
11241,11,0,0.29065374
11242,13,0,0.26027584
11243,2,1,0.72326624
11244,3,1,0.36119774
11245,21,0,0.35972974
11246,1,0,0.2931838
11247,12,0,0.505647
11248,13,1,0.37456414
11249,0,1,0.28775516
11250,10,0,0.31985328
11251,6,1,0.65050316
11252,12,0,0.317014
11253,15,0,0.32112625
11254,11,1,0.67969704
11255,18,1,0.28881386
11256,20,1,0.47807676
11257,21,0,0.22188112
11258,26,0,0.3794079
11259,11,0,0.3012455
11260,5,0,0.6463943
11261,28,0,0.3851484
11262,0,1,0.66890013
11263,23,0,0.6473002
11264,1,0,0.5630134
11265,10,1,0.34540734
11266,6,0,0.639396
11267,12,0,0.40762255
11268,19,1,0.23674382
11269,28,1,0.36782485
11270,27,1,0.23766395
11271,25,1,0.6256796
11272,21,1,0.6862937
11273,16,0,0.35395953
11274,20,0,0.6055732
11275,21,0,0.74014187
11276,15,0,0.60351485
11277,7,0,0.60725015
11278,25,0,0.3004053
11279,24,0,0.23221391
11280,13,0,0.2905909
11281,2,0,0.26671082
11282,8,0,0.4540496
11283,24,0,0.32783198
11284,15,0,0.29622528
11285,8,0,0.36914533
11286,17,0,0.76563096
11287,0,0,0.44065636
11288,22,0,0.5907544
11289,22,0,0.61568683
11290,9,1,0.80547446
11291,25,0,0.4594443
11292,11,0,0.31878567
11293,13,0,0.74418455
11294,13,1,0.5811653
11295,28,1,0.42731416
11296,20,0,0.5546734
11297,27,1,0.54663646
11298,20,1,0.36680472
11299,15,1,0.29165128
11300,23,0,0.3136757
11301,8,0,0.5288337
11302,1,0,0.24506965
11303,25,0,0.4321362
11304,18,0,0.393714
11305,7,0,0.41413411
11306,1,0,0.19611329
11307,23,0,0.6397761
11308,3,0,0.47262233
11309,23,0,0.4682577
11310,12,0,0.5650317
11311,12,1,0.30017546
11312,13,1,0.37023574
11313,10,0,0.38828242
11314,25,1,0.57989854
11315,20,0,0.31454846
11316,28,1,0.8514286
11317,15,1,0.36006325
11318,23,1,0.6344334
11319,12,1,0.47363478
11320,28,0,0.434642
11321,18,1,0.36351645
11322,19,1,0.6446005
11323,11,0,0.49841845
11324,5,0,0.2872361
11325,26,1,0.50712097
11326,13,0,0.27262217
11327,27,1,0.5813334
11328,15,0,0.60649025
11329,6,1,0.74673676
11330,18,0,0.33765197
11331,12,0,0.78788626
11332,14,1,0.3410505
11333,28,0,0.42061606
11334,18,1,0.47628468
11335,23,1,0.37140277
11336,25,1,0.30158153
11337,5,1,0.68782043
11338,22,1,0.64820486
11339,3,1,0.3559257
11340,4,1,0.6443807
11341,13,1,0.64809114
11342,10,1,0.4202561
11343,13,0,0.36411798
11344,3,0,0.36067256
11345,21,0,0.32986474
11346,15,1,0.66839594
11347,21,1,0.60099983
11348,3,1,0.68012905
11349,8,1,0.5810085
11350,8,1,0.7101695
11351,12,0,0.50892603
11352,19,0,0.28060573
11353,16,0,0.36648715
11354,18,1,0.7347241
11355,25,1,0.5428172
11356,10,0,0.34918296
11357,24,0,0.27738157
11358,17,1,0.76923996
11359,25,0,0.57734746
11360,3,0,0.37403157
11361,28,1,0.32912275
11362,26,1,0.5364191
11363,13,1,0.6883383
11364,18,1,0.2869239
11365,4,1,0.49024123
11366,3,0,0.30703565
11367,6,1,0.37158036
11368,24,0,0.27798223
11369,1,0,0.5508907
11370,0,1,0.46159133
11371,3,1,0.53801763
11372,5,0,0.34510332
11373,6,0,0.33560273
11374,12,1,0.35753235
11375,16,0,0.4041765
11376,13,1,0.6415029
11377,11,1,0.7378502
11378,12,1,0.45516387
11379,10,1,0.44543
11380,22,0,0.3936826
11381,11,0,0.30533728
11382,24,0,0.4802622
11383,2,0,0.40461883
11384,20,1,0.5596559
11385,28,1,0.35717496
11386,17,1,0.7694962
11387,18,0,0.2366156
11388,15,1,0.6028245
11389,13,0,0.3678594
11390,13,0,0.48245272
11391,17,0,0.6892337
11392,3,1,0.5669302
11393,25,1,0.7297592
11394,2,0,0.24342719
11395,10,1,0.30202374
11396,6,0,0.28173846
11397,9,1,0.6113224
11398,7,0,0.47223452
11399,16,0,0.24124512
11400,6,1,0.55969685
11401,17,1,0.35618848
11402,16,0,0.32526913
11403,25,1,0.85164154
11404,6,0,0.60929435
11405,11,0,0.38590622
11406,13,1,0.8163875
11407,1,1,0.78095865
11408,16,0,0.39366037
11409,20,0,0.221434
11410,16,1,0.46506912
11411,15,1,0.46819377
11412,11,1,0.5609772
11413,9,1,0.39215302
11414,9,1,0.6371581
11415,15,0,0.22804426
11416,2,0,0.27769578
11417,12,0,0.45689467
11418,0,1,0.54949194
11419,13,1,0.6656741
11420,26,0,0.72666085
11421,4,0,0.43591148
11422,13,1,0.28385824
11423,17,0,0.37029546
11424,25,1,0.74188375
11425,8,0,0.5711664
11426,16,0,0.22590561
11427,1,1,0.59640366
11428,3,0,0.52061623
11429,28,0,0.2585334
11430,6,1,0.60424644
11431,12,1,0.33030605
11432,13,0,0.52623457
11433,2,1,0.7918281
11434,26,0,0.3143332
11435,13,0,0.5715806
11436,17,1,0.5534686
11437,13,0,0.268653
11438,19,1,0.3607948
11439,18,1,0.7655449
11440,14,1,0.69630724
11441,12,0,0.43006647
11442,14,1,0.6465916
11443,8,1,0.72242135
11444,10,0,0.6498089
11445,15,0,0.24865662
11446,0,0,0.23357056
11447,24,0,0.43295434
11448,8,1,0.55117154
11449,10,1,0.4027036
11450,22,1,0.34368533
11451,10,0,0.35022894
11452,10,0,0.32911864
11453,16,1,0.56417817
11454,13,0,0.32349536
11455,0,0,0.4771962
11456,27,0,0.35617894
11457,14,0,0.45329303
11458,10,0,0.61471593
11459,3,1,0.82594734
11460,13,0,0.5143665
11461,17,0,0.22868377
11462,13,1,0.3772481
11463,2,0,0.34555992
11464,3,1,0.66583073
11465,27,1,0.3737983
11466,12,0,0.5054968
11467,10,0,0.73581505
11468,5,0,0.63683164
11469,2,1,0.7431764
11470,27,0,0.37585145
11471,27,0,0.2855812
11472,24,0,0.4374846
11473,10,0,0.64438653
11474,21,1,0.41668817
11475,24,1,0.20280518
11476,8,1,0.49663794
11477,20,1,0.79613644
11478,16,0,0.28978467
11479,8,0,0.38182762
11480,24,0,0.49123904
11481,13,1,0.49895522
11482,11,1,0.74021155
11483,24,0,0.35676476
11484,18,1,0.8390234
11485,3,1,0.30420116
11486,10,0,0.38341662
11487,17,0,0.46366364
11488,6,1,0.60803545
11489,4,0,0.54410493
11490,16,0,0.37341905
11491,13,1,0.5415039
11492,6,0,0.25572148
11493,26,1,0.4624893
11494,8,0,0.4240819
11495,13,0,0.40766484
11496,20,0,0.6287795
11497,4,0,0.44564986
11498,17,1,0.74976575
11499,2,0,0.361085
11500,24,0,0.56464654
11501,11,1,0.5130162
11502,2,0,0.27830687
11503,27,1,0.5339615
11504,3,1,0.4444357
11505,8,0,0.27954546
11506,11,0,0.23006304
11507,5,1,0.7437011
11508,10,0,0.68458503
11509,6,0,0.33000806
11510,8,0,0.49461633
11511,3,0,0.3932776
11512,14,0,0.39502823
11513,8,0,0.37380457
11514,20,0,0.31128252
11515,10,0,0.34514794
11516,2,1,0.46426967
11517,10,1,0.46865532
11518,4,0,0.74430734
11519,15,1,0.470886
11520,11,1,0.39955586
11521,25,0,0.62082595
11522,11,1,0.5786526
11523,27,1,0.35665372
11524,2,1,0.4511564
11525,6,0,0.7395912
11526,22,0,0.32260588
11527,11,0,0.40141225
11528,13,0,0.25170627
11529,24,0,0.5968456
11530,16,0,0.26716775
11531,28,0,0.34840363
11532,12,1,0.4283501
11533,17,0,0.51192087
11534,14,0,0.60908204
11535,6,1,0.6169806
11536,28,1,0.27952632
11537,21,1,0.39798325
11538,8,1,0.7249609
11539,6,0,0.46361598
11540,4,0,0.71512866
11541,9,1,0.4222763
11542,26,1,0.39284092
11543,24,0,0.32503834
11544,6,1,0.36622423
11545,14,0,0.3521492
11546,2,1,0.47702703
11547,8,1,0.26532146
11548,26,1,0.8317791
11549,7,1,0.6593213
11550,2,0,0.55012375
11551,12,0,0.45527384
11552,11,1,0.36193013
11553,15,0,0.62044173
11554,4,1,0.38984907
11555,28,0,0.352401
11556,0,1,0.61992574
11557,25,1,0.6932752
11558,25,1,0.5322985
11559,19,1,0.5110968
11560,7,0,0.46874866
11561,14,0,0.6486059
11562,2,0,0.37054542
11563,22,0,0.5560456
11564,2,1,0.29842788
11565,13,0,0.6061102
11566,1,1,0.5746457
11567,22,1,0.74722356
11568,15,0,0.30608463
11569,6,1,0.4860591
11570,9,0,0.36496878
11571,10,0,0.216081
11572,1,1,0.35998222
11573,22,0,0.3461265
11574,22,1,0.65431607
11575,22,0,0.25593522
11576,26,1,0.74626917
11577,8,1,0.28646037
11578,12,1,0.26631546
11579,11,1,0.63742447
11580,26,1,0.35161108
11581,11,0,0.4801326
11582,22,1,0.5016999
11583,1,1,0.4571086
11584,22,1,0.4586108
11585,2,0,0.20737338
11586,4,1,0.62232846
11587,6,1,0.5400676
11588,9,1,0.6895055
11589,8,1,0.43308845
11590,3,0,0.3365574
11591,1,0,0.21636003
11592,17,1,0.83563423
11593,16,0,0.4073952
11594,5,1,0.34654385
11595,13,0,0.651406
11596,13,0,0.48350865
11597,18,0,0.6460774
11598,8,0,0.49384516
11599,13,1,0.45584908
11600,20,0,0.42827907
11601,10,1,0.6324199
11602,27,0,0.65564203
11603,10,1,0.746751
11604,5,0,0.35614446
11605,27,1,0.58019006
11606,21,1,0.55884033
11607,1,0,0.22555192
11608,15,1,0.6732475
11609,26,0,0.39638633
11610,6,1,0.6220459
11611,16,0,0.55810255
11612,27,1,0.67892367
11613,15,1,0.4562327
11614,16,1,0.43405825
11615,2,1,0.5168019
11616,8,1,0.4646099
11617,15,0,0.40329054
11618,28,0,0.29145
11619,25,0,0.6476461
11620,16,0,0.395191
11621,4,1,0.5987886
11622,20,1,0.78559715
11623,22,1,0.35300955
11624,15,1,0.3591931
11625,25,0,0.507692
11626,22,0,0.67537177
11627,22,0,0.27418035
11628,27,1,0.74486715
11629,8,0,0.44147158
11630,16,0,0.36090386
11631,19,1,0.4128292
11632,17,1,0.32157016
11633,17,1,0.58452195
11634,8,1,0.57107157
11635,8,0,0.45671472
11636,24,0,0.44123212
11637,13,1,0.5174169
11638,5,1,0.7056061
11639,20,0,0.39916837
11640,22,0,0.2253342
11641,11,1,0.5511224
11642,16,1,0.3040278
11643,22,1,0.62780434
11644,27,1,0.56289107
11645,8,1,0.6859369
11646,28,0,0.2638084
11647,9,1,0.53971267
11648,6,1,0.62768054
11649,4,0,0.42779437
11650,16,0,0.35562465
11651,27,1,0.6944729
11652,19,1,0.63904583
11653,0,0,0.61443615
11654,16,1,0.4482047
11655,11,1,0.43448353
11656,8,1,0.792161
11657,26,1,0.27835864
11658,19,0,0.42686382
11659,20,1,0.54106855
11660,6,0,0.24524654
11661,16,1,0.52752924
11662,6,1,0.6297507
11663,13,0,0.6452251
11664,7,1,0.38160166
11665,16,1,0.41689977
11666,21,0,0.25511184
11667,13,0,0.52239984
11668,14,0,0.5029912
11669,5,0,0.28914222
11670,11,0,0.4393643
11671,9,1,0.64013284
11672,14,1,0.6936676
11673,28,1,0.6370501
11674,11,1,0.8099529
11675,20,0,0.6485824
11676,22,0,0.36175656
11677,15,1,0.3538025
11678,18,0,0.60761327
11679,23,1,0.5927799
11680,1,1,0.576789
11681,27,0,0.5266959
11682,13,0,0.31523865
11683,4,0,0.5525427
11684,26,1,0.5824582
11685,20,0,0.36759374
11686,20,1,0.81290746
11687,24,0,0.59939384
11688,7,0,0.5606589
11689,16,1,0.67092526
11690,4,0,0.24137351
11691,14,0,0.54873776
11692,21,1,0.63691294
11693,22,1,0.67755467
11694,8,0,0.44052467
11695,3,0,0.37080523
11696,6,0,0.3630117
11697,1,0,0.26721737
11698,3,0,0.70609134
11699,10,0,0.39223325
11700,15,1,0.7950152
11701,8,1,0.35266134
11702,2,1,0.327664
11703,25,1,0.47053027
11704,5,1,0.8233136
11705,27,1,0.8218874
11706,3,0,0.53495336
11707,10,1,0.545201
11708,1,1,0.75781876
11709,11,0,0.6386149
11710,25,1,0.7491516
11711,18,1,0.37075594
11712,15,0,0.38462922
11713,13,0,0.41751477
11714,10,0,0.3870741
11715,12,1,0.35579607
11716,8,1,0.72547615
11717,25,1,0.52783227
11718,28,0,0.5323106
11719,8,0,0.67153776
11720,18,0,0.23878264
11721,7,0,0.39746904
11722,25,0,0.32996726
11723,7,0,0.28641894
11724,19,0,0.30266824
11725,12,1,0.7363908
11726,10,0,0.23840435
11727,10,1,0.6831664
11728,11,1,0.7044748
11729,2,0,0.44680098
11730,26,0,0.5985593
11731,13,1,0.6589467
11732,28,1,0.64163864
11733,18,0,0.64542437
11734,7,1,0.6483943
11735,9,0,0.41697264
11736,19,1,0.5852435
11737,20,1,0.6230611
11738,25,1,0.6438339
11739,10,0,0.35670212
11740,11,0,0.43622497
11741,13,1,0.36471245
11742,16,0,0.3816229
11743,13,1,0.3946168
11744,8,1,0.78047734
11745,8,0,0.63069206
11746,1,0,0.64679843
11747,26,1,0.67415094
11748,7,0,0.29427812
11749,15,1,0.4159013
11750,1,1,0.7126577
11751,28,0,0.5900752
11752,15,0,0.3598803
11753,21,1,0.48608834
11754,28,1,0.6288481
11755,16,1,0.6176813
11756,25,0,0.35159898
11757,3,0,0.7158521
11758,13,0,0.4207978
11759,20,0,0.55740434
11760,9,0,0.42667148
11761,11,0,0.3383445
11762,23,0,0.5155496
11763,16,1,0.68929005
11764,8,0,0.83393705
11765,13,0,0.5443534
11766,20,1,0.36553118
11767,26,0,0.3126759
11768,17,1,0.8477011
11769,6,1,0.327315
11770,25,0,0.56802136
11771,7,0,0.5319049
11772,25,1,0.5233157
11773,20,0,0.36800364
11774,11,1,0.5406439
11775,8,1,0.4319261
11776,13,1,0.6295398
11777,9,1,0.7013635
11778,23,0,0.6768209
11779,2,1,0.3581696
11780,26,0,0.40182257
11781,6,1,0.39581415
11782,20,0,0.46489933
11783,14,1,0.6278259
11784,22,0,0.27147198
11785,12,1,0.64882755
11786,11,1,0.62688166
11787,27,0,0.39818856
11788,3,0,0.3408902
11789,22,0,0.27198955
11790,23,0,0.5353455
11791,12,0,0.49463198
11792,15,1,0.41611472
11793,11,0,0.28462976
11794,19,1,0.7184514
11795,9,1,0.68074375
11796,9,1,0.28667986
11797,24,0,0.5016206
11798,10,0,0.29725462
11799,21,0,0.6942372
11800,3,1,0.5517334
11801,10,1,0.79400355
11802,21,1,0.27162412
11803,16,0,0.26008406
11804,2,0,0.3664256
11805,24,0,0.39978915
11806,26,0,0.4802409
11807,22,0,0.63101524
11808,8,1,0.63910645
11809,15,0,0.34329864
11810,3,1,0.563345
11811,22,1,0.6272441
11812,24,1,0.4783964
11813,19,1,0.6459356
11814,22,1,0.3650427
11815,14,1,0.811103
11816,4,1,0.56618714
11817,28,1,0.717678
11818,12,1,0.3522422
11819,9,0,0.8419746
11820,14,0,0.22116192
11821,16,1,0.7200247
11822,23,0,0.27791098
11823,16,0,0.364345
11824,19,0,0.63867503
11825,28,1,0.512314
11826,19,0,0.32655972
11827,16,0,0.679575
11828,27,0,0.5110438
11829,13,1,0.5430874
11830,2,1,0.468941
11831,13,1,0.4194437
11832,11,0,0.3300454
11833,12,0,0.2881004
11834,11,1,0.607695
11835,16,0,0.4803223
11836,12,1,0.6612042
11837,23,1,0.6290146
11838,28,1,0.44569135
11839,19,1,0.46968564
11840,18,1,0.64529747
11841,16,1,0.46217117
11842,21,0,0.21649791
11843,11,1,0.5163786
11844,25,1,0.58623433
11845,13,0,0.25575215
11846,10,0,0.60572565
11847,11,1,0.7422521
11848,16,1,0.6333693
11849,3,0,0.61609536
11850,10,1,0.7396641
11851,28,1,0.76863223
11852,18,1,0.53575605
11853,16,1,0.6079688
11854,2,0,0.46898988
11855,23,0,0.5773785
11856,3,0,0.3944815
11857,20,0,0.431288
11858,26,0,0.37966993
11859,5,0,0.6510295
11860,13,0,0.7990232
11861,16,1,0.65203375
11862,25,0,0.29867387
11863,2,1,0.5805309
11864,25,0,0.4090836
11865,8,1,0.6593553
11866,4,0,0.3497441
11867,0,0,0.36828884
11868,1,1,0.72415274
11869,4,1,0.64080286
11870,10,0,0.35279307
11871,10,1,0.4888772
11872,1,1,0.4551858
11873,16,1,0.48263296
11874,8,1,0.5770931
11875,11,0,0.6417025
11876,8,0,0.37025955
11877,7,1,0.4135355
11878,20,0,0.5228498
11879,1,0,0.5372594
11880,26,1,0.6466856
11881,26,1,0.42470464
11882,2,0,0.2984566
11883,7,0,0.6754364
11884,2,1,0.508752
11885,1,0,0.22779551
11886,15,1,0.39432523
11887,22,1,0.44913137
11888,26,0,0.34081784
11889,27,0,0.33727083
11890,11,0,0.23316666
11891,0,0,0.3559179
11892,28,1,0.3728209
11893,8,0,0.4113029
11894,10,0,0.59351313
11895,6,1,0.3279022
11896,8,1,0.7135037
11897,4,1,0.48977897
11898,15,0,0.26560798
11899,7,1,0.52268565
11900,17,1,0.24023531
11901,23,1,0.53059375
11902,2,1,0.5786176
11903,6,1,0.71466583
11904,11,1,0.2211257
11905,12,1,0.83063734
11906,5,0,0.3292404
11907,27,0,0.4296588
11908,25,0,0.66446054
11909,28,1,0.6509836
11910,16,0,0.25071618
11911,2,0,0.34020156
11912,16,0,0.58546484
11913,5,0,0.7822542
11914,10,0,0.37700492
11915,2,0,0.49685413
11916,5,0,0.44526154
11917,3,0,0.59811115
11918,21,1,0.3556065
11919,8,0,0.24217828
11920,15,0,0.3108175
11921,25,0,0.27867407
11922,26,0,0.34882176
11923,10,1,0.7862561
11924,12,1,0.36297205
11925,2,0,0.25797924
11926,2,1,0.43717042
11927,11,0,0.5744293
11928,8,0,0.43292868
11929,23,0,0.2208997
11930,15,0,0.400546
11931,11,0,0.7032607
11932,11,0,0.38510102
11933,8,0,0.57203233
11934,26,0,0.68148303
11935,26,0,0.52912253
11936,15,1,0.35880333
11937,28,1,0.52830946
11938,12,1,0.8386473
11939,0,0,0.33038414
11940,11,1,0.3595613
11941,4,1,0.643292
11942,11,0,0.381307
11943,24,1,0.6425949
11944,2,0,0.35052204
11945,4,0,0.59606767
11946,26,1,0.41462663
11947,1,0,0.61928165
11948,17,1,0.26101592
11949,13,1,0.3290636
11950,27,1,0.39675543
11951,11,0,0.5618346
11952,4,0,0.35337773
11953,15,1,0.42665842
11954,13,1,0.8096004
11955,15,1,0.40041265
11956,2,1,0.3405723
11957,16,0,0.5972757
11958,8,0,0.5306206
11959,15,1,0.42831713
11960,11,1,0.23027855
11961,20,0,0.40819088
11962,2,1,0.41577688
11963,17,1,0.57397056
11964,6,1,0.42989165
11965,26,0,0.4211943
11966,12,1,0.6528121
11967,11,0,0.3319282
11968,22,1,0.61506975
11969,6,1,0.63747245
11970,13,0,0.74595237
11971,16,1,0.66382796
11972,11,0,0.36227432
11973,22,1,0.30262345
11974,28,1,0.42720363
11975,8,1,0.47953942
11976,13,0,0.6117883
11977,25,1,0.5738369
11978,17,0,0.37026027
11979,15,1,0.3392452
11980,25,0,0.60611117
11981,1,0,0.3880971
11982,17,1,0.609287
11983,8,0,0.3331266
11984,26,0,0.30650866
11985,2,1,0.6862195
11986,3,1,0.7541906
11987,27,1,0.5190063
11988,4,1,0.43574047
11989,26,0,0.36058643
11990,27,0,0.27704808
11991,13,0,0.5186037
11992,15,1,0.5826891
11993,6,1,0.19821422
11994,23,0,0.6088534
11995,7,1,0.4304623
11996,26,1,0.66231585
11997,12,0,0.27978635
11998,9,0,0.8058518
11999,8,1,0.36327976
12000,6,1,0.62657714
12001,17,1,0.47555286
12002,14,1,0.29848042
12003,4,1,0.6311318
12004,1,0,0.2622934
12005,25,0,0.57270527
12006,1,1,0.33646825
12007,14,1,0.5594107
12008,15,0,0.34643295
12009,2,0,0.6289742
12010,8,1,0.6551715
12011,27,1,0.6931942
12012,3,1,0.3647868
12013,13,1,0.41217715
12014,2,1,0.5622482
12015,1,0,0.47831893
12016,5,1,0.3277647
12017,0,1,0.7084483
12018,11,1,0.6039067
12019,8,1,0.7290952
12020,10,0,0.4056583
12021,0,0,0.42608938
12022,3,1,0.52431303
12023,25,1,0.36050573
12024,24,1,0.48731828
12025,24,1,0.43257618
12026,3,0,0.28622034
12027,13,0,0.5581244
12028,5,1,0.6071111
12029,16,1,0.49322292
12030,27,0,0.567387
12031,25,1,0.6405613
12032,6,0,0.5727245
12033,8,0,0.50080115
12034,24,0,0.32406276
12035,15,0,0.29171202
12036,28,0,0.6258438
12037,15,0,0.40217805
12038,18,0,0.6382878
12039,13,1,0.6097504
12040,16,0,0.4833736
12041,19,1,0.7337419
12042,13,1,0.6291294
12043,26,1,0.55471504
12044,3,1,0.5341047
12045,28,0,0.63277686
12046,16,0,0.4203732
12047,10,0,0.46679986
12048,12,1,0.45314777
12049,14,0,0.62996066
12050,8,0,0.3949232
12051,26,0,0.2788997
12052,22,1,0.39436755
12053,25,0,0.35222295
12054,28,1,0.5236375
12055,10,1,0.6469325
12056,1,0,0.5715504
12057,11,1,0.5575551
12058,3,1,0.5047903
12059,1,0,0.35628796
12060,22,0,0.45283133
12061,16,1,0.646797
12062,28,1,0.68845403
12063,18,1,0.63880616
12064,16,1,0.66538894
12065,9,0,0.37959543
12066,9,1,0.7864418
12067,19,0,0.4430374
12068,21,0,0.3709144
12069,14,0,0.63384944
12070,26,0,0.4168424
12071,2,1,0.74020624
12072,17,1,0.47858527
12073,26,0,0.24665636
12074,0,1,0.79148674
12075,6,0,0.3004782
12076,13,0,0.4231158
12077,8,1,0.7761773
12078,15,1,0.4403416
12079,6,0,0.2250934
12080,22,0,0.23505163
12081,6,1,0.76248217
12082,2,0,0.3389207
12083,26,1,0.3594291
12084,26,0,0.71875286
12085,2,0,0.32665226
12086,10,1,0.7927834
12087,1,1,0.4392552
12088,7,1,0.7127537
12089,10,1,0.6438592
12090,10,0,0.5104993
12091,27,1,0.47984818
12092,19,1,0.48027092
12093,1,0,0.561744
12094,13,1,0.36910266
12095,17,1,0.42562184
12096,21,1,0.2380381
12097,6,0,0.5458234
12098,1,1,0.57597256
12099,16,0,0.6475857
12100,7,1,0.8080053
12101,11,1,0.34136912
12102,21,0,0.36041367
12103,23,0,0.6453016
12104,5,1,0.361729
12105,15,1,0.37671182
12106,21,0,0.62290585
12107,10,0,0.7501096
12108,2,1,0.60470223
12109,20,1,0.56386095
12110,16,0,0.57858336
12111,14,1,0.72234046
12112,7,0,0.28616497
12113,25,1,0.4032325
12114,18,1,0.44153956
12115,11,1,0.7161664
12116,7,0,0.4851126
12117,15,0,0.55066276
12118,25,0,0.567553
12119,22,1,0.7237831
12120,3,0,0.801799
12121,13,0,0.74060917
12122,1,1,0.261758
12123,2,0,0.36353248
12124,25,1,0.60648096
12125,15,0,0.2733401
12126,6,0,0.5693553
12127,13,1,0.60274875
12128,7,0,0.6916618
12129,16,1,0.33153987
12130,7,1,0.49705037
12131,27,1,0.681226
12132,23,0,0.32710958
12133,8,0,0.47483748
12134,25,1,0.3578764
12135,1,1,0.39425805
12136,10,0,0.3895276
12137,5,0,0.2366313
12138,6,0,0.19370206
12139,20,0,0.5296044
12140,23,0,0.20837146
12141,3,0,0.46537337
12142,13,1,0.48514354
12143,6,0,0.42057833
12144,28,1,0.5411285
12145,12,1,0.3146277
12146,8,1,0.5531086
12147,28,1,0.40542617
12148,28,1,0.36595768
12149,27,1,0.38778403
12150,6,1,0.5980863
12151,13,0,0.73504806
12152,9,1,0.6684525
12153,28,0,0.575007
12154,10,1,0.6395574
12155,12,1,0.60632676
12156,10,0,0.2599598
12157,16,0,0.40050173
12158,16,1,0.82132953
12159,9,1,0.5713819
12160,19,1,0.378253
12161,19,1,0.6159539
12162,8,1,0.46884677
12163,1,0,0.77466017
12164,11,1,0.53505117
12165,2,1,0.31377754
12166,2,1,0.83188826
12167,28,1,0.7249833
12168,27,0,0.29551107
12169,7,1,0.58556163
12170,1,0,0.3921343
12171,27,1,0.4115666
12172,0,0,0.5903145
12173,7,1,0.5381165
12174,1,0,0.22578685
12175,17,1,0.7387699
12176,1,0,0.52504015
12177,15,1,0.61307096
12178,9,1,0.43669716
12179,1,0,0.48542297
12180,25,0,0.28163108
12181,13,0,0.23666327
12182,12,0,0.30882058
12183,3,0,0.48593175
12184,1,0,0.49095106
12185,9,1,0.31104827
12186,25,1,0.65034956
12187,21,0,0.24407916
12188,28,0,0.59550774
12189,8,0,0.47210738
12190,23,0,0.26725504
12191,13,1,0.7763874
12192,13,0,0.27450597
12193,6,0,0.27589425
12194,5,1,0.62611
12195,2,1,0.76603925
12196,22,1,0.6920049
12197,26,1,0.2572748
12198,1,0,0.5250061
12199,8,1,0.57432383
12200,28,0,0.35144162
12201,16,0,0.64132684
12202,10,1,0.4112176
12203,15,0,0.367851
12204,1,0,0.27560648
12205,20,0,0.3818031
12206,27,0,0.29340026
12207,14,0,0.25477916
12208,25,0,0.4387384
12209,1,0,0.30562592
12210,16,0,0.7361499
12211,24,0,0.23032065
12212,18,0,0.6289972
12213,7,1,0.39386272
12214,21,0,0.3598505
12215,11,1,0.5227939
12216,21,0,0.5821901
12217,21,1,0.59909266
12218,18,0,0.54373777
12219,11,0,0.25410143
12220,14,1,0.21451743
12221,1,0,0.31676996
12222,16,0,0.32292596
12223,25,0,0.57468396
12224,28,1,0.6335174
12225,18,1,0.73335916
12226,18,0,0.6735677
12227,8,0,0.64343977
12228,11,1,0.7582695
12229,2,1,0.73508555
12230,9,1,0.41809383
12231,6,1,0.6695959
12232,27,0,0.4684069
12233,26,1,0.66802365
12234,28,0,0.24230744
12235,18,1,0.8379563
12236,24,1,0.38743713
12237,4,1,0.6761148
12238,18,0,0.6277016
12239,28,1,0.44665882
12240,10,0,0.35161257
12241,10,1,0.58822256
12242,2,0,0.61418456
12243,11,0,0.35555753
12244,15,1,0.64192003
12245,11,0,0.2699089
12246,28,1,0.6456655
12247,16,1,0.61085254
12248,26,0,0.46322018
12249,4,1,0.54768485
12250,25,1,0.7996373
12251,7,0,0.53040636
12252,15,0,0.3355463
12253,2,1,0.4451179
12254,9,1,0.7720367
12255,7,1,0.61297107
12256,2,1,0.36140388
12257,13,1,0.44516522
12258,11,1,0.6584259
12259,10,0,0.31467628
12260,18,0,0.48613435
12261,0,1,0.5651429
12262,14,1,0.406849
12263,25,0,0.5811164
12264,22,1,0.26452586
12265,6,1,0.75476164
12266,28,0,0.36310396
12267,20,1,0.7552474
12268,21,0,0.50207114
12269,1,0,0.20933416
12270,24,0,0.3303077
12271,15,0,0.65429056
12272,0,1,0.7481319
12273,8,1,0.5225099
12274,25,1,0.61496663
12275,10,1,0.686266
12276,6,0,0.47176552
12277,3,0,0.2620152
12278,19,0,0.45157212
12279,22,0,0.62426525
12280,28,1,0.3107725
12281,24,0,0.7166723
12282,2,0,0.2869102
12283,1,0,0.6185662
12284,2,0,0.18992957
12285,18,0,0.37497172
12286,12,1,0.3455582
12287,10,1,0.57606804
12288,21,0,0.38666686
12289,13,0,0.50061846
12290,11,0,0.46451375
12291,19,0,0.2812532
12292,8,1,0.56624955
12293,19,0,0.35540095
12294,25,0,0.578071
12295,13,0,0.595024
12296,10,0,0.47327313
12297,26,1,0.22050281
12298,22,1,0.31674594
12299,18,1,0.4250564
12300,12,0,0.38265908
12301,18,0,0.41963103
12302,22,1,0.29723653
12303,17,1,0.46706
12304,25,0,0.59008163
12305,26,1,0.60473514
12306,22,1,0.47000536
12307,14,0,0.5025208
12308,10,1,0.59252155
12309,11,1,0.74140435
12310,28,1,0.24410903
12311,19,1,0.49051127
12312,14,0,0.22779846
12313,28,1,0.36615518
12314,26,1,0.59437805
12315,7,1,0.5651259
12316,16,0,0.36776266
12317,26,0,0.4451925
12318,19,0,0.6500272
12319,14,1,0.33296293
12320,11,1,0.71642226
12321,24,1,0.58996636
12322,1,1,0.4877819
12323,18,1,0.6243828
12324,25,0,0.6439643
12325,20,1,0.6430043
12326,11,1,0.41816962
12327,20,1,0.49065933
12328,13,0,0.22047602
12329,13,0,0.62987155
12330,0,0,0.34959438
12331,13,1,0.35470095
12332,20,1,0.37328708
12333,8,0,0.36624533
12334,11,1,0.55868566
12335,6,1,0.6554528
12336,8,1,0.70866
12337,8,1,0.659706
12338,20,1,0.3445503
12339,14,1,0.7608936
12340,26,0,0.645639
12341,20,1,0.65460736
12342,15,1,0.5566727
12343,23,1,0.32783893
12344,2,0,0.36251953
12345,15,1,0.6381298
12346,6,0,0.3308241
12347,1,1,0.7518428
12348,10,0,0.79473126
12349,11,0,0.31189087
12350,10,0,0.4509216
12351,4,0,0.6128968
12352,4,0,0.33501452
12353,26,0,0.5178268
12354,26,1,0.7864136
12355,6,1,0.74717915
12356,13,1,0.5724402
12357,1,1,0.7763237
12358,0,0,0.35978058
12359,2,1,0.315049
12360,7,0,0.277854
12361,25,1,0.70768064
12362,22,1,0.7996111
12363,0,1,0.3301564
12364,2,1,0.616771
12365,17,1,0.46184337
12366,22,1,0.4799971
12367,4,1,0.73371387
12368,0,1,0.82273275
12369,15,1,0.7981309
12370,27,0,0.32393909
12371,21,1,0.57649744
12372,17,1,0.4952967
12373,2,1,0.3567225
12374,18,1,0.41600662
12375,0,1,0.65261525
12376,3,0,0.5742026
12377,21,1,0.6699162
12378,1,1,0.6285317
12379,2,0,0.24457666
12380,13,1,0.27257222
12381,23,1,0.7433197
12382,11,1,0.6871676
12383,9,1,0.84888566
12384,10,0,0.3508458
12385,15,0,0.32603094
12386,14,0,0.32529444
12387,23,0,0.36403516
12388,13,1,0.23429666
12389,6,1,0.5369035
12390,16,1,0.4595175
12391,18,1,0.6457144
12392,26,1,0.61023885
12393,3,0,0.57220376
12394,12,0,0.60683286
12395,23,1,0.6617118
12396,18,0,0.62418133
12397,9,1,0.51509315
12398,23,1,0.6607558
12399,7,1,0.6986924
12400,28,1,0.734212
12401,0,1,0.5349904
12402,20,0,0.6182022
12403,1,0,0.27177128
12404,9,0,0.39293176
12405,13,0,0.2682238
12406,13,0,0.7537229
12407,18,1,0.508744
12408,16,1,0.48456803
12409,6,0,0.73941433
12410,18,0,0.4914162
12411,17,1,0.5950824
12412,9,0,0.27776942
12413,16,1,0.66258645
12414,22,0,0.2656259
12415,6,1,0.6337937
12416,11,0,0.39285076
12417,23,1,0.35077375
12418,13,1,0.73229325
12419,8,1,0.5503214
12420,8,1,0.63982826
12421,28,1,0.6299579
12422,1,1,0.62106925
12423,18,0,0.2901114
12424,25,1,0.31535086
12425,5,0,0.39677408
12426,2,0,0.3652919
12427,24,0,0.42792657
12428,16,0,0.3576039
12429,14,1,0.4769486
12430,13,0,0.3436115
12431,12,0,0.611007
12432,13,1,0.35310876
12433,8,0,0.5791349
12434,15,1,0.6490978
12435,16,1,0.7520537
12436,16,1,0.60126233
12437,10,0,0.32613766
12438,1,1,0.5812953
12439,10,0,0.6431207
12440,2,1,0.36412746
12441,23,1,0.63428
12442,16,1,0.33655605
12443,10,0,0.3747747
12444,8,0,0.6471445
12445,27,1,0.25685084
12446,28,0,0.312011
12447,23,1,0.42733502
12448,20,1,0.68321675
12449,25,1,0.42091873
12450,9,1,0.4011206
12451,27,0,0.39072174
12452,13,0,0.42932194
12453,17,0,0.37874323
12454,20,0,0.47237304
12455,8,1,0.22968611
12456,2,1,0.41110882
12457,0,0,0.5509089
12458,21,1,0.6600952
12459,27,1,0.3123637
12460,11,0,0.51093197
12461,20,0,0.3380131
12462,4,0,0.2872001
12463,13,0,0.5659056
12464,0,1,0.39938828
12465,18,1,0.8053631
12466,26,0,0.5868681
12467,13,0,0.39929065
12468,8,1,0.3292903
12469,1,0,0.72935647
12470,18,1,0.5446463
12471,27,1,0.38099772
12472,15,1,0.3728268
12473,11,0,0.62067556
12474,25,0,0.6417123
12475,16,1,0.3383338
12476,17,1,0.64838296
12477,16,0,0.52503777
12478,10,1,0.70995677
12479,22,0,0.5003404
12480,25,1,0.69318134
12481,16,1,0.6096448
12482,26,0,0.5804277
12483,12,0,0.35736972
12484,0,1,0.5987632
12485,26,0,0.59622455
12486,10,0,0.614824
12487,8,1,0.67912203
12488,13,0,0.33430618
12489,4,0,0.32356432
12490,9,0,0.23057956
12491,24,1,0.65503126
12492,11,1,0.5456682
12493,4,1,0.7199732
12494,17,1,0.64532745
12495,2,1,0.55865127
12496,16,1,0.32998705
12497,2,1,0.2761384
12498,5,1,0.59750825
12499,25,1,0.44865876
12500,2,1,0.7320919
12501,3,1,0.41784084
12502,8,0,0.38106546
12503,12,1,0.3525824
12504,0,0,0.24248868
12505,15,1,0.76481974
12506,9,0,0.27217034
12507,10,1,0.4848612
12508,22,0,0.50198704
12509,21,0,0.34880075
12510,19,1,0.42090476
12511,16,1,0.36112794
12512,18,1,0.62647974
12513,28,1,0.58784103
12514,22,0,0.58125716
12515,10,0,0.3026107
12516,12,1,0.7023351
12517,17,0,0.35057777
12518,8,0,0.3117692
12519,8,0,0.5789011
12520,15,1,0.28533372
12521,3,0,0.3570868
12522,11,1,0.5978491
12523,8,1,0.31791642
12524,2,1,0.46143177
12525,16,0,0.5349597
12526,7,1,0.8363702
12527,1,0,0.7006278
12528,16,0,0.545666
12529,2,1,0.831552
12530,26,1,0.769881
12531,6,1,0.65142894
12532,26,0,0.3750583
12533,13,1,0.42656013
12534,8,0,0.34126946
12535,23,1,0.6137025
12536,23,1,0.6249675
12537,8,1,0.62354726
12538,11,1,0.365393
12539,16,0,0.34766048
12540,3,0,0.56808096
12541,2,1,0.69634396
12542,1,0,0.51783085
12543,3,1,0.8079386
12544,19,1,0.21723181
12545,5,0,0.6236441
12546,12,0,0.32894987
12547,5,0,0.4656139
12548,20,1,0.4198069
12549,6,0,0.33975413
12550,0,0,0.6186762
12551,22,0,0.26699182
12552,20,0,0.30129957
12553,4,0,0.3096421
12554,16,1,0.60098815
12555,15,1,0.3853996
12556,8,1,0.43927354
12557,15,1,0.6128738
12558,26,0,0.7888637
12559,25,1,0.5961118
12560,14,0,0.27859464
12561,25,1,0.728329
12562,10,1,0.35154623
12563,2,1,0.48042342
12564,11,1,0.75281775
12565,2,0,0.5979945
12566,16,0,0.5464686
12567,16,1,0.57029855
12568,1,0,0.5704568
12569,20,0,0.44157588
12570,14,0,0.79599935
12571,10,1,0.7156379
12572,16,0,0.6217857
12573,26,0,0.36911798
12574,3,0,0.5511837
12575,18,1,0.2305986
12576,26,1,0.29916212
12577,5,1,0.6124005
12578,13,0,0.2868627
12579,27,1,0.49590006
12580,6,0,0.5536228
12581,23,0,0.2743973
12582,18,1,0.27831578
12583,13,1,0.59327525
12584,9,0,0.42869475
12585,6,1,0.60733896
12586,8,1,0.39000463
12587,18,1,0.6775352
12588,20,0,0.7255275
12589,1,0,0.45375785
12590,16,0,0.22770026
12591,13,1,0.6079906
12592,4,0,0.34971103
12593,11,0,0.67730063
12594,16,1,0.19357805
12595,11,1,0.43651026
12596,20,1,0.34434184
12597,10,0,0.37765497
12598,11,0,0.6505221
12599,2,1,0.5912914
12600,13,1,0.54653996
12601,8,1,0.25605085
12602,6,1,0.34491754
12603,15,0,0.35037833
12604,21,0,0.40543386
12605,8,0,0.48219475
12606,28,1,0.5192158
12607,12,1,0.7452057
12608,20,1,0.7786146
12609,3,1,0.5864739
12610,17,0,0.7578438
12611,16,1,0.6245683
12612,6,0,0.6372999
12613,15,1,0.31354094
12614,2,1,0.572268
12615,19,1,0.4525248
12616,17,0,0.33580223
12617,16,0,0.56177413
12618,15,1,0.6352821
12619,10,0,0.3615468
12620,22,0,0.2992217
12621,3,0,0.57404816
12622,28,1,0.37006953
12623,28,0,0.32501686
12624,6,1,0.2672099
12625,19,1,0.64232415
12626,3,1,0.3140525
12627,6,0,0.36133292
12628,11,0,0.21243604
12629,7,0,0.32746533
12630,10,0,0.3701086
12631,15,0,0.6141974
12632,25,1,0.6338215
12633,24,0,0.7392296
12634,21,1,0.33032644
12635,11,1,0.34327182
12636,11,0,0.437287
12637,3,1,0.29258117
12638,8,1,0.6917985
12639,19,0,0.32987723
12640,7,1,0.80006415
12641,6,1,0.60473514
12642,26,0,0.34263378
12643,17,0,0.277718
12644,18,1,0.6344516
12645,6,0,0.29891163
12646,19,0,0.29833117
12647,25,1,0.5818355
12648,13,1,0.51280814
12649,11,0,0.5689985
12650,25,0,0.5970914
12651,8,0,0.39891636
12652,13,0,0.5979517
12653,10,0,0.281614
12654,21,1,0.24369948
12655,25,0,0.61907065
12656,19,1,0.6484688
12657,10,1,0.31279108
12658,12,1,0.6889906
12659,22,1,0.8020969
12660,27,1,0.3655971
12661,16,0,0.3546785
12662,23,1,0.6350467
12663,18,1,0.5225396
12664,5,0,0.6110645
12665,28,1,0.61023164
12666,5,0,0.31886187
12667,27,1,0.39026755
12668,11,0,0.7522717
12669,23,1,0.4336336
12670,19,0,0.22563688
12671,19,1,0.8247606
12672,26,0,0.32632637
12673,26,0,0.5807173
12674,0,1,0.52185273
12675,12,1,0.3748135
12676,27,0,0.6334014
12677,15,1,0.45948187
12678,16,0,0.67447746
12679,8,1,0.58578587
12680,8,0,0.31296676
12681,26,0,0.25458708
12682,24,0,0.41780156
12683,18,0,0.43712884
12684,7,1,0.6305629
12685,2,0,0.6004875
12686,4,1,0.6340125
12687,24,0,0.5905512
12688,8,0,0.5821781
12689,13,0,0.6408168
12690,27,1,0.66504645
12691,20,1,0.640535
12692,13,1,0.41255656
12693,26,0,0.55799484
12694,17,0,0.7339185
12695,16,1,0.555851
12696,21,1,0.454453
12697,16,0,0.61236376
12698,8,0,0.6916415
12699,11,0,0.59559864
12700,5,1,0.46480596
12701,9,1,0.57789385
12702,26,1,0.45333594
12703,16,1,0.5541542
12704,11,1,0.83813894
12705,15,0,0.4758156
12706,4,1,0.6671967
12707,20,0,0.7405419
12708,0,0,0.36134416
12709,10,0,0.36414802
12710,11,1,0.26684615
12711,16,0,0.36378664
12712,2,1,0.5988529
12713,17,0,0.48315257
12714,8,1,0.26826334
12715,13,0,0.3177885
12716,15,0,0.4504088
12717,16,0,0.36775786
12718,26,1,0.47133085
12719,0,1,0.7476181
12720,6,0,0.52551216
12721,20,1,0.7024223
12722,0,0,0.6201444
12723,15,0,0.40828663
12724,25,1,0.36339727
12725,8,0,0.59924597
12726,23,0,0.2836431
12727,23,1,0.47679153
12728,25,1,0.24473913
12729,23,0,0.72582215
12730,15,1,0.26488644
12731,8,0,0.33644694
12732,24,0,0.64373475
12733,22,1,0.72515094
12734,6,0,0.35406616
12735,23,1,0.6635145
12736,10,1,0.25582105
12737,0,0,0.34536317
12738,16,1,0.68897843
12739,13,1,0.35336417
12740,10,0,0.50193626
12741,1,0,0.32541782
12742,19,0,0.4002485
12743,2,0,0.5310743
12744,25,1,0.4328472
12745,6,0,0.774366
12746,5,1,0.52860445
12747,22,0,0.52483594
12748,21,0,0.36883327
12749,9,1,0.73688745
12750,2,0,0.44499445
12751,2,0,0.34508568
12752,6,0,0.60143316
12753,16,1,0.56657106
12754,15,0,0.2230458
12755,12,1,0.51682717
12756,7,0,0.32006696
12757,7,0,0.36192894
12758,15,1,0.548471
12759,10,0,0.41050473
12760,7,0,0.3509961
12761,6,1,0.5745141
12762,18,0,0.23346743
12763,2,0,0.63123614
12764,0,1,0.46145988
12765,20,0,0.4065541
12766,20,1,0.7668417
12767,13,1,0.3175702
12768,16,0,0.6511675
12769,14,1,0.74936706
12770,23,1,0.553941
12771,13,1,0.49258012
12772,11,0,0.49198937
12773,2,0,0.78758377
12774,28,1,0.5615078
12775,18,0,0.47462812
12776,24,0,0.7106709
12777,8,0,0.39666942
12778,25,1,0.40402383
12779,26,1,0.45421806
12780,7,0,0.6444519
12781,17,1,0.4638986
12782,19,1,0.76006585
12783,9,1,0.5470477
12784,11,1,0.30339426
12785,3,0,0.59189004
12786,9,0,0.37021747
12787,13,0,0.31824106
12788,13,0,0.48413986
12789,12,1,0.42164472
12790,15,1,0.64777946
12791,2,1,0.27400595
12792,25,0,0.3895326
12793,15,0,0.75423354
12794,1,1,0.7319201
12795,27,1,0.5980917
12796,8,0,0.29504472
12797,25,0,0.24266565
12798,3,0,0.32529086
12799,1,1,0.59451973
12800,14,0,0.48909253
12801,9,1,0.7793843
12802,2,1,0.64245766
12803,10,0,0.27007428
12804,7,1,0.5849138
12805,13,0,0.5798326
12806,14,1,0.4888967
12807,17,1,0.539358
12808,27,0,0.44810906
12809,25,1,0.6092413
12810,15,1,0.37414247
12811,13,1,0.28634724
12812,16,0,0.364893
12813,17,0,0.24232116
12814,28,1,0.6522801
12815,1,0,0.26149678
12816,28,1,0.7382124
12817,15,0,0.45028085
12818,16,1,0.6356859
12819,20,1,0.6957258
12820,3,1,0.69500786
12821,6,0,0.21188661
12822,21,1,0.44336522
12823,26,0,0.3299297
12824,16,1,0.24840511
12825,1,0,0.642696
12826,18,1,0.62530875
12827,10,1,0.7750407
12828,25,0,0.3429898
12829,24,1,0.5650847
12830,10,1,0.5935951
12831,23,0,0.4513283
12832,13,1,0.6118626
12833,8,1,0.57541776
12834,7,1,0.3983159
12835,2,0,0.69040966
12836,20,1,0.5653417
12837,26,0,0.44673294
12838,8,0,0.24807575
12839,7,1,0.22023056
12840,6,0,0.2544515
12841,14,1,0.52219987
12842,8,1,0.5111388
12843,12,1,0.3526105
12844,16,0,0.31498566
12845,8,1,0.63083845
12846,12,1,0.42893368
12847,15,1,0.5580758
12848,6,1,0.57583183
12849,20,0,0.578396
12850,10,1,0.40256277
12851,23,1,0.64749503
12852,10,0,0.6275581
12853,21,0,0.58604544
12854,13,1,0.5236285
12855,15,0,0.5071087
12856,11,0,0.32686198
12857,23,1,0.74339914
12858,0,0,0.44468397
12859,5,1,0.81847584
12860,24,1,0.54127353
12861,14,0,0.60587454
12862,2,0,0.50527906
12863,4,0,0.38156065
12864,11,1,0.36128598
12865,8,1,0.3947688
12866,4,1,0.4277701
12867,17,0,0.5450548
12868,0,0,0.54732066
12869,18,0,0.24516739
12870,3,1,0.5372694
12871,15,1,0.6479253
12872,13,0,0.28256124
12873,25,0,0.33444282
12874,7,0,0.49650928
12875,16,1,0.44853368
12876,18,0,0.47642118
12877,26,0,0.35730177
12878,21,1,0.6846886
12879,21,1,0.65780365
12880,8,1,0.60640657
12881,23,0,0.29228547
12882,2,0,0.5084353
12883,10,1,0.53625125
12884,27,1,0.6395116
12885,10,1,0.44422814
12886,11,0,0.594147
12887,4,1,0.6317694
12888,14,0,0.35417393
12889,22,1,0.470401
12890,14,1,0.62889916
12891,10,0,0.41723645
12892,7,0,0.28967825
12893,26,1,0.40876675
12894,27,1,0.44758436
12895,26,0,0.43668696
12896,15,0,0.37257764
12897,10,0,0.62833434
12898,4,1,0.75167036
12899,2,0,0.33113024
12900,24,0,0.51438874
12901,1,1,0.43766367
12902,13,0,0.56226355
12903,8,0,0.27511945
12904,22,0,0.57146716
12905,5,1,0.5963644
12906,24,0,0.32210997
12907,15,1,0.7000707
12908,8,0,0.43039355
12909,15,0,0.3603286
12910,20,1,0.6586849
12911,22,1,0.80654156
12912,21,0,0.48844424
12913,25,1,0.328732
12914,25,1,0.67098534
12915,16,0,0.27252567
12916,12,1,0.8033097
12917,19,1,0.5030588
12918,13,1,0.34859177
12919,21,1,0.6594515
12920,4,1,0.7515773
12921,3,1,0.69973826
12922,25,0,0.24824196
12923,13,1,0.5660843
12924,25,0,0.42482716
12925,20,1,0.68594325
12926,6,0,0.38113093
12927,12,1,0.6933692
12928,14,0,0.22406626
12929,11,0,0.48374683
12930,20,0,0.25086802
12931,10,0,0.3785368
12932,15,0,0.4645805
12933,12,0,0.3867693
12934,23,1,0.6675313
12935,0,0,0.4958071
12936,14,1,0.21711965
12937,25,0,0.51365155
12938,27,1,0.6655842
12939,3,0,0.26941377
12940,1,0,0.33664927
12941,25,1,0.3230906
12942,2,1,0.2858556
12943,17,1,0.55910134
12944,1,0,0.28107414
12945,20,0,0.6100963
12946,10,1,0.68983227
12947,16,0,0.36292404
12948,26,0,0.30481339
12949,25,1,0.626302
12950,14,1,0.766149
12951,17,1,0.3054669
12952,9,1,0.5496729
12953,22,1,0.6189785
12954,25,0,0.4812334
12955,2,0,0.39543903
12956,23,1,0.5792731
12957,14,0,0.4554796
12958,6,1,0.7045965
12959,15,0,0.37318215
12960,26,1,0.67313117
12961,6,1,0.54048556
12962,17,0,0.55170846
12963,16,1,0.6965121
12964,17,1,0.45433214
12965,20,1,0.63762575
12966,8,0,0.35912216
12967,27,1,0.8364703
12968,11,1,0.42220736
12969,11,0,0.44967115
12970,13,0,0.284008
12971,17,0,0.5407919
12972,2,1,0.556253
12973,7,0,0.3651287
12974,21,0,0.3561153
12975,2,0,0.35658568
12976,28,1,0.37035623
12977,17,0,0.6410756
12978,18,1,0.5852278
12979,10,0,0.3761548
12980,3,1,0.4485427
12981,27,1,0.27377814
12982,10,0,0.29781482
12983,12,1,0.72501165
12984,27,1,0.52954024
12985,17,0,0.23411886
12986,13,0,0.24912716
12987,19,0,0.72211426
12988,6,0,0.37938792
12989,9,0,0.7276901
12990,18,0,0.43346
12991,8,0,0.27480692
12992,11,1,0.59341383
12993,1,0,0.44612756
12994,13,1,0.6266978
12995,1,1,0.36463577
12996,21,0,0.59701264
12997,9,1,0.8301028
12998,5,1,0.35946113
12999,6,1,0.37660262
13000,8,1,0.7514326
13001,2,1,0.6395271
13002,16,1,0.7999943
13003,23,1,0.32737023
13004,23,1,0.36614147
13005,21,1,0.7407418
13006,6,0,0.37322488
13007,6,1,0.6233403
13008,13,0,0.36041632
13009,9,0,0.7284865
13010,3,1,0.76483274
13011,9,0,0.6389196
13012,27,0,0.40949434
13013,27,0,0.61748904
13014,20,1,0.5017767
13015,11,1,0.71036226
13016,26,1,0.6836207
13017,4,0,0.37637383
13018,3,1,0.40819618
13019,20,1,0.43260103
13020,1,0,0.32766417
13021,26,0,0.6427393
13022,13,1,0.52497
13023,12,1,0.4251833
13024,2,1,0.5167455
13025,4,0,0.6092258
13026,6,0,0.59107524
13027,15,0,0.27272737
13028,7,0,0.44257447
13029,24,1,0.5102722
13030,15,1,0.33684856
13031,28,0,0.6557148
13032,4,0,0.7184537
13033,14,1,0.6235421
13034,13,1,0.5604554
13035,13,1,0.476203
13036,21,0,0.26423857
13037,15,0,0.47100708
13038,11,1,0.26005805
13039,12,1,0.475905
13040,7,1,0.50081587
13041,15,1,0.4964322
13042,28,1,0.67720264
13043,25,1,0.7461091
13044,2,1,0.67939323
13045,17,1,0.30255067
13046,0,1,0.4403856
13047,10,1,0.47753173
13048,15,0,0.5942258
13049,10,1,0.42862403
13050,10,1,0.3848262
13051,17,0,0.7144676
13052,26,1,0.6433116
13053,20,0,0.6954501
13054,16,0,0.22623111
13055,27,1,0.7080098
13056,0,1,0.58885336
13057,16,0,0.46795785
13058,11,1,0.7842481
13059,7,0,0.29336905
13060,7,0,0.35948166
13061,13,0,0.49389902
13062,16,1,0.6397221
13063,16,1,0.7415271
13064,6,1,0.5842249
13065,10,1,0.43146712
13066,10,1,0.6604403
13067,25,0,0.73108006
13068,7,1,0.75228906
13069,22,1,0.54298735
13070,8,1,0.81014645
13071,23,1,0.38580313
13072,12,0,0.50319445
13073,6,0,0.4739484
13074,2,1,0.6296779
13075,15,0,0.25763285
13076,8,1,0.7346678
13077,15,0,0.5228909
13078,13,0,0.7115378
13079,8,1,0.6963974
13080,24,1,0.6701202
13081,6,0,0.5360047
13082,8,0,0.3344832
13083,12,1,0.35225555
13084,22,1,0.5595651
13085,23,0,0.60035366
13086,28,1,0.56400764
13087,23,1,0.6530051
13088,22,0,0.33755177
13089,23,0,0.5513107
13090,6,1,0.22309619
13091,8,0,0.34638378
13092,20,1,0.64445376
13093,13,0,0.3507471
13094,12,0,0.5101023
13095,7,0,0.35198566
13096,3,0,0.4310062
13097,20,0,0.58781296
13098,16,1,0.5750891
13099,1,0,0.6370531
13100,19,1,0.4200844
13101,22,1,0.3216999
13102,21,1,0.83072394
13103,20,1,0.46510234
13104,25,1,0.55522573
13105,12,0,0.36810791
13106,1,1,0.7896058
13107,14,1,0.50511885
13108,10,1,0.48501825
13109,21,0,0.38219544
13110,10,0,0.36343586
13111,16,0,0.3993816
13112,16,0,0.4659435
13113,10,0,0.25375327
13114,3,1,0.5229873
13115,26,0,0.55021113
13116,11,1,0.5996274
13117,21,0,0.5785095
13118,17,1,0.33331546
13119,16,0,0.3396541
13120,4,0,0.36964813
13121,12,0,0.7648758
13122,18,0,0.36322126
13123,7,1,0.82961696
13124,15,1,0.6606239
13125,10,0,0.35479
13126,27,1,0.8316493
13127,19,0,0.6509551
13128,27,1,0.7206181
13129,15,1,0.78731304
13130,17,0,0.8471116
13131,13,0,0.5820693
13132,3,1,0.3686447
13133,12,1,0.49357516
13134,2,0,0.33873063
13135,26,1,0.35586748
13136,1,1,0.7596549
13137,28,1,0.40438664
13138,15,1,0.48646736
13139,2,0,0.5431342
13140,26,1,0.3634664
13141,25,0,0.25121096
13142,6,1,0.61424726
13143,15,0,0.3240258
13144,12,0,0.6882157
13145,4,1,0.74391025
13146,16,1,0.59912896
13147,26,0,0.25483647
13148,16,0,0.594375
13149,25,1,0.44865152
13150,11,1,0.7244007
13151,23,1,0.64553875
13152,9,0,0.5333602
13153,3,0,0.39143646
13154,17,1,0.6845996
13155,11,1,0.3369364
13156,25,1,0.7526623
13157,15,1,0.7767637
13158,14,0,0.7424679
13159,13,0,0.3845343
13160,26,0,0.8209696
13161,4,1,0.6120777
13162,24,1,0.61159605
13163,25,1,0.6264415
13164,3,0,0.54498476
13165,15,0,0.40277752
13166,22,1,0.5342488
13167,15,1,0.7573135
13168,7,1,0.33719087
13169,21,1,0.2979808
13170,18,1,0.2933366
13171,1,1,0.7444479
13172,20,0,0.21275319
13173,16,0,0.71812814
13174,11,1,0.7262798
13175,22,0,0.48211244
13176,25,1,0.64967924
13177,2,0,0.3643966
13178,15,0,0.58201563
13179,14,0,0.47747383
13180,25,0,0.46229514
13181,22,1,0.5932862
13182,2,1,0.5971834
13183,22,1,0.371041
13184,12,0,0.39723483
13185,3,0,0.5782364
13186,18,0,0.26676697
13187,13,1,0.68548924
13188,6,0,0.30493006
13189,26,1,0.54304695
13190,3,0,0.6072889
13191,13,0,0.35449314
13192,6,1,0.29080364
13193,25,0,0.59838194
13194,26,0,0.22860153
13195,25,0,0.27959958
13196,25,0,0.22887062
13197,13,0,0.6390811
13198,27,1,0.73514724
13199,23,0,0.5432522
13200,13,1,0.7118502
13201,26,1,0.2277165
13202,16,0,0.31666502
13203,10,0,0.4549674
13204,12,1,0.7189735
13205,18,0,0.22876354
13206,17,0,0.42916802
13207,16,0,0.48635167
13208,12,0,0.491701
13209,14,1,0.730573
13210,3,0,0.53086483
13211,1,0,0.271413
13212,2,1,0.30779487
13213,22,1,0.7180624
13214,16,1,0.36881185
13215,22,1,0.5677308
13216,10,1,0.5207994
13217,24,0,0.42392245
13218,10,1,0.36340657
13219,6,0,0.40108663
13220,17,0,0.44380572
13221,27,0,0.2669638
13222,22,1,0.71255535
13223,8,1,0.73856705
13224,6,0,0.6332635
13225,25,0,0.8033843
13226,21,0,0.769002
13227,18,0,0.6027169
13228,16,1,0.631021
13229,12,0,0.49709833
13230,8,0,0.38060206
13231,15,1,0.512413
13232,13,0,0.64525855
13233,13,0,0.59719837
13234,6,1,0.5535057
13235,26,1,0.5812106
13236,26,1,0.7944172
13237,19,1,0.6306436
13238,13,1,0.46313518
13239,1,0,0.5666087
13240,6,1,0.4291145
13241,16,1,0.4883702
13242,2,1,0.64936084
13243,15,1,0.51685286
13244,17,0,0.7581786
13245,16,1,0.2912344
13246,3,0,0.3539969
13247,20,0,0.6363477
13248,7,0,0.4328077
13249,19,0,0.35753033
13250,28,1,0.7258367
13251,28,1,0.37213236
13252,13,1,0.34634662
13253,8,1,0.4142527
13254,20,0,0.521943
13255,13,1,0.47636843
13256,16,0,0.4057437
13257,15,0,0.5066478
13258,17,1,0.69318235
13259,27,0,0.41912603
13260,25,0,0.75192475
13261,4,1,0.56698006
13262,2,1,0.72679704
13263,23,0,0.21749526
13264,4,1,0.45379788
13265,15,1,0.65016973
13266,28,1,0.592273
13267,26,1,0.49175715
13268,8,1,0.6950808
13269,25,1,0.5421008
13270,12,0,0.25429195
13271,25,1,0.41128498
13272,10,1,0.6081822
13273,2,0,0.31584898
13274,21,1,0.56454486
13275,5,1,0.7825027
13276,12,1,0.3055218
13277,13,0,0.38530883
13278,22,1,0.2989425
13279,2,1,0.236734
13280,7,1,0.3254289
13281,28,1,0.395134
13282,15,1,0.7542938
13283,14,0,0.4012617
13284,17,0,0.5291615
13285,2,1,0.7273978
13286,27,0,0.6731362
13287,2,0,0.578937
13288,0,0,0.6478455
13289,6,0,0.23744428
13290,18,0,0.36482793
13291,27,0,0.25851676
13292,26,0,0.20651707
13293,16,0,0.723479
13294,15,0,0.29916185
13295,20,0,0.48346144
13296,10,1,0.5358871
13297,0,0,0.44767526
13298,28,0,0.35155153
13299,16,0,0.41831926
13300,12,0,0.3728434
13301,26,1,0.67992127
13302,18,0,0.31037918
13303,20,1,0.5465382
13304,25,1,0.8240394
13305,25,0,0.3903315
13306,23,1,0.6047897
13307,25,1,0.5795963
13308,22,1,0.36062247
13309,1,0,0.61083186
13310,16,1,0.5999465
13311,26,1,0.5458042
13312,25,0,0.3631714
13313,5,0,0.2871666
13314,26,0,0.7258729
13315,3,1,0.7685872
13316,11,0,0.4531927
13317,21,1,0.5080103
13318,3,0,0.20366432
13319,8,1,0.6570284
13320,26,1,0.5906262
13321,6,0,0.30775785
13322,10,1,0.58760124
13323,27,0,0.4435685
13324,13,0,0.45478404
13325,13,0,0.5373563
13326,7,1,0.7535745
13327,16,1,0.49727726
13328,24,1,0.22985409
13329,13,0,0.5891534
13330,16,0,0.252877
13331,25,1,0.6469385
13332,14,0,0.598013
13333,13,1,0.7148777
13334,1,0,0.72518003
13335,10,0,0.44493204
13336,28,0,0.6825276
13337,26,0,0.31402838
13338,28,1,0.79161555
13339,13,1,0.29484823
13340,11,0,0.6847547
13341,10,0,0.42459112
13342,16,1,0.5396383
13343,8,0,0.69188744
13344,27,0,0.2781347
13345,2,0,0.6088929
13346,19,1,0.4501323
13347,27,0,0.35748872
13348,13,0,0.37875417
13349,11,0,0.26814038
13350,26,1,0.23221558
13351,3,1,0.6216431
13352,27,0,0.36012855
13353,27,1,0.23361677
13354,1,1,0.7504406
13355,16,1,0.5267211
13356,6,1,0.39588356
13357,1,0,0.35887104
13358,3,1,0.6413126
13359,3,1,0.4626005
13360,6,1,0.64957696
13361,15,1,0.7307027
13362,25,1,0.48934773
13363,11,1,0.27876422
13364,18,0,0.35715845
13365,6,1,0.73383814
13366,9,0,0.31732112
13367,19,1,0.23463225
13368,25,1,0.6478839
13369,18,1,0.3410614
13370,15,1,0.6430185
13371,2,1,0.51313597
13372,20,1,0.55476457
13373,25,0,0.36696222
13374,16,0,0.38323864
13375,13,0,0.33065206
13376,6,1,0.6478535
13377,7,0,0.37792957
13378,23,1,0.6835979
13379,22,0,0.33416426
13380,13,1,0.566328
13381,13,1,0.35687336
13382,11,0,0.5945593
13383,2,1,0.76049364
13384,17,0,0.24506527
13385,10,0,0.32783604
13386,8,1,0.6280201
13387,10,0,0.37093306
13388,17,0,0.6635507
13389,21,1,0.7390986
13390,11,0,0.64328295
13391,10,0,0.264231
13392,27,1,0.41942164
13393,17,1,0.33456466
13394,15,0,0.58006096
13395,9,1,0.55293083
13396,21,0,0.56627023
13397,9,1,0.25310814
13398,6,1,0.29058203
13399,1,1,0.6581215
13400,3,0,0.43716022
13401,11,0,0.5743863
13402,7,0,0.29930645
13403,15,1,0.43036097
13404,8,1,0.5092576
13405,12,0,0.5383505
13406,9,1,0.40859896
13407,8,1,0.75128675
13408,21,1,0.2772772
13409,14,0,0.3688786
13410,22,1,0.7916785
13411,2,1,0.46084324
13412,0,0,0.50166184
13413,15,0,0.55429554
13414,28,1,0.6819656
13415,26,1,0.43677723
13416,28,0,0.33602256
13417,23,1,0.46290413
13418,20,0,0.401707
13419,14,0,0.23536648
13420,20,1,0.3097991
13421,12,0,0.43506914
13422,3,0,0.4539684
13423,20,0,0.46361157
13424,26,0,0.5301225
13425,23,1,0.4940163
13426,8,1,0.6232528
13427,25,1,0.484203
13428,27,1,0.6335712
13429,21,1,0.8268089
13430,2,1,0.41773573
13431,28,1,0.34847015
13432,11,0,0.5716148
13433,2,0,0.54791105
13434,13,1,0.5107017
13435,2,1,0.58237886
13436,21,0,0.66430825
13437,15,0,0.34976894
13438,17,0,0.35910076
13439,13,0,0.26935217
13440,11,1,0.44461736
13441,11,0,0.2876722
13442,15,0,0.47868302
13443,8,0,0.74649376
13444,10,1,0.43621218
13445,22,0,0.3788676
13446,17,1,0.6383901
13447,8,0,0.4767387
13448,21,0,0.45555604
13449,13,1,0.47965327
13450,10,0,0.26255924
13451,19,0,0.35547346
13452,1,0,0.40038574
13453,20,1,0.7209721
13454,21,1,0.4431354
13455,22,1,0.48623466
13456,6,0,0.57594883
13457,10,0,0.37664786
13458,14,0,0.4040076
13459,10,0,0.5318879
13460,15,0,0.35844487
13461,19,1,0.8242638
13462,26,0,0.68718386
13463,12,0,0.23388523
13464,19,1,0.7267342
13465,25,0,0.45629582
13466,1,0,0.6575041
13467,16,1,0.21628217
13468,26,0,0.5994114
13469,14,0,0.66665655
13470,2,0,0.2460078
13471,22,0,0.5244928
13472,9,1,0.75238645
13473,12,0,0.34840798
13474,28,1,0.741432
13475,28,1,0.75912344
13476,10,1,0.5287917
13477,25,1,0.5539365
13478,11,0,0.31441996
13479,9,1,0.3863662
13480,12,1,0.5241604
13481,16,1,0.4171824
13482,21,1,0.745078
13483,2,1,0.6384108
13484,27,1,0.5502184
13485,13,0,0.5774328
13486,25,0,0.35416013
13487,1,0,0.4024334
13488,26,1,0.5721234
13489,11,1,0.47521013
13490,14,0,0.3612474
13491,15,1,0.5756444
13492,14,0,0.59030515
13493,27,0,0.5779893
13494,16,0,0.28042787
13495,10,1,0.306154
13496,21,0,0.70996857
13497,11,0,0.27671722
13498,2,1,0.5709409
13499,28,0,0.44666082
13500,8,1,0.7395689
13501,16,1,0.51034653
13502,16,1,0.61584145
13503,22,0,0.3514223
13504,0,0,0.6392554
13505,16,1,0.76398164
13506,28,1,0.3510353
13507,24,1,0.38115442
13508,12,1,0.85261303
13509,24,1,0.69061804
13510,7,1,0.6527585
13511,2,0,0.35761786
13512,5,0,0.25355884
13513,15,0,0.60560745
13514,15,1,0.72472185
13515,26,0,0.5263403
13516,2,0,0.25001383
13517,15,1,0.5261197
13518,9,1,0.67823756
13519,12,0,0.647448
13520,0,0,0.56275165
13521,18,1,0.5983743
13522,23,1,0.40771437
13523,18,0,0.24761489
13524,1,0,0.20972288
13525,10,0,0.34191945
13526,14,0,0.2788488
13527,15,1,0.605885
13528,23,1,0.3596803
13529,15,1,0.6878187
13530,8,0,0.29185387
13531,9,1,0.5916998
13532,17,1,0.49780348
13533,2,1,0.58826363
13534,11,1,0.5788363
13535,18,0,0.2807436
13536,6,1,0.35558116
13537,7,0,0.4936227
13538,25,1,0.5381388
13539,23,0,0.6568288
13540,13,0,0.4954653
13541,18,0,0.32151467
13542,1,1,0.321616
13543,18,0,0.36937216
13544,21,1,0.6477674
13545,11,1,0.7464792
13546,8,1,0.6667151
13547,16,1,0.7417773
13548,28,0,0.44144922
13549,26,1,0.61074
13550,20,0,0.6891686
13551,16,1,0.61240065
13552,9,1,0.45242524
13553,0,0,0.4287799
13554,12,1,0.4197537
13555,24,0,0.59587884
13556,19,1,0.40720615
13557,19,1,0.67370754
13558,8,1,0.81583375
13559,15,1,0.4012864
13560,13,0,0.26999685
13561,16,0,0.2437512
13562,7,1,0.28454366
13563,12,0,0.54768425
13564,17,1,0.6845707
13565,10,0,0.2946928
13566,12,0,0.30728662
13567,7,1,0.33029157
13568,27,1,0.7665969
13569,6,0,0.48051885
13570,21,1,0.6442317
13571,20,0,0.48927695
13572,5,1,0.3773597
13573,27,1,0.7988822
13574,8,0,0.36656806
13575,7,1,0.3982947
13576,0,0,0.60124975
13577,7,0,0.28129083
13578,7,1,0.7470785
13579,10,1,0.7964569
13580,18,1,0.72932506
13581,12,1,0.6328001
13582,25,1,0.2855215
13583,7,1,0.40211934
13584,4,0,0.8394619
13585,15,0,0.6546707
13586,16,0,0.398136
13587,25,0,0.38152435
13588,21,1,0.75290596
13589,16,0,0.6338531
13590,9,0,0.6551933
13591,10,0,0.25302452
13592,28,0,0.7844828
13593,3,0,0.23726483
13594,13,1,0.36162668
13595,6,0,0.5449945
13596,15,0,0.61343145
13597,22,1,0.6007993
13598,16,1,0.69126093
13599,20,1,0.47722903
13600,22,1,0.8389843
13601,20,1,0.41503394
13602,8,0,0.31181827
13603,25,1,0.24677803
13604,25,0,0.33721268
13605,26,1,0.57098436
13606,10,0,0.22853287
13607,13,1,0.6499867
13608,27,0,0.44994423
13609,2,1,0.61262906
13610,15,0,0.36231557
13611,8,1,0.8416893
13612,7,0,0.36143434
13613,1,0,0.48767358
13614,14,1,0.7877128
13615,2,1,0.6990352
13616,25,1,0.6197392
13617,16,1,0.3603179
13618,2,1,0.5713733
13619,26,1,0.74319005
13620,13,0,0.23005092
13621,12,1,0.656809
13622,15,0,0.7013015
13623,16,1,0.6280248
13624,15,1,0.67912436
13625,8,1,0.57791024
13626,4,0,0.5788334
13627,2,0,0.36251566
13628,9,1,0.5563466
13629,13,0,0.52870816
13630,1,1,0.5700733
13631,2,1,0.6873705
13632,19,1,0.6162675
13633,15,1,0.69273347
13634,16,1,0.47029507
13635,1,1,0.7188237
13636,5,1,0.7250475
13637,5,0,0.56861323
13638,18,0,0.30433866
13639,25,1,0.7177684
13640,10,1,0.7266601
13641,16,1,0.50521564
13642,8,1,0.5747736
13643,28,0,0.28062326
13644,2,0,0.3394543
13645,7,1,0.31754896
13646,27,1,0.7259061
13647,2,0,0.83939
13648,7,1,0.5693328
13649,23,0,0.36938027
13650,12,1,0.26794508
13651,11,1,0.63700217
13652,15,1,0.4142562
13653,6,1,0.8275575
13654,4,0,0.65219647
13655,20,0,0.5640373
13656,11,1,0.65959316
13657,9,0,0.35184443
13658,3,0,0.26258898
13659,9,0,0.3980882
13660,18,1,0.6974373
13661,9,0,0.63119704
13662,11,1,0.47844923
13663,26,0,0.6062948
13664,27,0,0.6946475
13665,6,0,0.26759544
13666,11,1,0.48382232
13667,18,0,0.58303356
13668,8,0,0.46073994
13669,11,0,0.64459324
13670,18,0,0.784831
13671,6,1,0.7065594
13672,21,1,0.23220335
13673,2,0,0.4648882
13674,16,1,0.48140144
13675,11,0,0.5169598
13676,27,0,0.7490203
13677,1,0,0.65317535
13678,17,0,0.3060459
13679,18,0,0.34559616
13680,6,0,0.3788085
13681,19,1,0.26337594
13682,26,1,0.4408778
13683,25,0,0.65043133
13684,13,1,0.7120254
13685,22,0,0.41940323
13686,10,1,0.5555593
13687,21,0,0.47762924
13688,13,1,0.344337
13689,28,1,0.24534693
13690,15,1,0.6809777
13691,7,1,0.5501162
13692,20,0,0.28980303
13693,8,1,0.61189234
13694,8,1,0.37165117
13695,16,0,0.22867122
13696,21,1,0.75423795
13697,25,1,0.702979
13698,2,1,0.7439139
13699,10,0,0.25699076
13700,18,1,0.42280638
13701,3,0,0.2949669
13702,17,1,0.5837829
13703,2,0,0.32958552
13704,6,0,0.3754728
13705,15,1,0.56142145
13706,1,1,0.63888913
13707,1,0,0.3685208
13708,4,0,0.6374594
13709,16,1,0.6348407
13710,17,0,0.31092888
13711,8,1,0.61281127
13712,14,1,0.38773334
13713,19,0,0.5853749
13714,19,0,0.63382417
13715,4,1,0.21993616
13716,8,0,0.2994636
13717,1,1,0.3519009
13718,26,0,0.63846123
13719,2,0,0.5631329
13720,20,0,0.30878335
13721,6,0,0.6426099
13722,0,0,0.5774689
13723,13,0,0.5154747
13724,25,0,0.23982565
13725,28,0,0.6391901
13726,16,1,0.5992485
13727,28,0,0.38872504
13728,17,0,0.283322
13729,12,1,0.5377405
13730,11,1,0.6008222
13731,13,1,0.54847825
13732,19,0,0.23245504
13733,1,0,0.7391102
13734,15,1,0.4475832
13735,8,1,0.646974
13736,9,0,0.35606197
13737,8,0,0.23839547
13738,24,1,0.4808573
13739,11,1,0.6162111
13740,8,0,0.76747197
13741,5,1,0.3602938
13742,23,1,0.6027487
13743,24,1,0.33536428
13744,25,1,0.36288175
13745,10,0,0.50422776
13746,12,1,0.637605
13747,19,1,0.77162486
13748,8,0,0.24264011
13749,11,1,0.56439453
13750,27,1,0.5456538
13751,15,0,0.46344283
13752,1,1,0.35907164
13753,26,1,0.4470774
13754,16,0,0.7586548
13755,20,0,0.36643094
13756,7,0,0.7503104
13757,25,0,0.28556025
13758,12,1,0.39221415
13759,0,1,0.59620315
13760,1,0,0.5827059
13761,19,1,0.669191
13762,10,0,0.27253518
13763,15,0,0.43624067
13764,3,0,0.47994316
13765,22,1,0.74019974
13766,9,0,0.35590142
13767,5,0,0.6895886
13768,6,0,0.5677792
13769,20,1,0.57565844
13770,18,0,0.67154276
13771,4,1,0.35558587
13772,22,0,0.32372266
13773,11,0,0.38485867
13774,13,0,0.25939733
13775,2,1,0.4452537
13776,20,0,0.7893443
13777,4,1,0.7903851
13778,13,1,0.61539006
13779,8,0,0.6041027
13780,13,0,0.2796109
13781,6,1,0.70904297
13782,7,0,0.4397442
13783,9,1,0.8250499
13784,9,1,0.46967354
13785,27,1,0.44720542
13786,6,1,0.71594626
13787,3,1,0.36248678
13788,11,0,0.49748725
13789,12,0,0.34630364
13790,14,1,0.67229885
13791,27,0,0.3324562
13792,15,1,0.74100614
13793,28,0,0.26426318
13794,2,1,0.63130987
13795,10,1,0.7313811
13796,12,0,0.28798997
13797,3,0,0.5403546
13798,2,0,0.23740466
13799,18,1,0.64814055
13800,13,1,0.3563014
13801,12,0,0.55617404
13802,20,1,0.70168185
13803,12,1,0.5884406
13804,22,1,0.39911953
13805,12,0,0.58586246
13806,27,1,0.5855901
13807,8,0,0.4122863
13808,24,1,0.4343632
13809,4,1,0.58235645
13810,8,1,0.7343798
13811,27,1,0.69872767
13812,11,0,0.42756388
13813,15,0,0.341151
13814,11,1,0.28426847
13815,17,0,0.54347306
13816,13,1,0.7711473
13817,3,0,0.63750595
13818,2,0,0.47071445
13819,25,0,0.68909913
13820,6,0,0.37011102
13821,10,1,0.35965964
13822,22,1,0.23644039
13823,28,1,0.6501154
13824,6,0,0.41821796
13825,26,1,0.63782924
13826,12,0,0.3736277
13827,15,1,0.6519401
13828,19,0,0.57061696
13829,13,1,0.40826452
13830,2,1,0.65189135
13831,19,0,0.36090901
13832,13,0,0.49061918
13833,18,1,0.37336433
13834,16,1,0.55064386
13835,14,0,0.23873754
13836,17,1,0.8491513
13837,28,0,0.23198687
13838,14,0,0.27734274
13839,5,1,0.40190086
13840,13,1,0.651803
13841,1,0,0.23927273
13842,11,0,0.6722256
13843,1,1,0.63120496
13844,3,0,0.47241533
13845,11,1,0.6987041
13846,3,0,0.19184989
13847,0,1,0.6574264
13848,13,0,0.8097129
13849,28,0,0.39831358
13850,2,0,0.25171027
13851,2,0,0.5638317
13852,10,0,0.43262178
13853,19,1,0.223147
13854,16,0,0.4126311
13855,10,0,0.2608326
13856,8,0,0.23625985
13857,27,0,0.73722064
13858,20,0,0.29321823
13859,18,1,0.34016344
13860,7,1,0.84029937
13861,22,0,0.3772997
13862,25,1,0.65496147
13863,20,1,0.6461633
13864,27,0,0.7735466
13865,12,0,0.37160677
13866,25,1,0.6336422
13867,27,0,0.26876733
13868,15,0,0.26040637
13869,15,1,0.7564395
13870,11,1,0.50422865
13871,26,0,0.4150843
13872,11,0,0.4155213
13873,3,1,0.36350772
13874,27,0,0.59145784
13875,3,0,0.5313397
13876,16,1,0.6654689
13877,8,0,0.34179562
13878,27,0,0.40991953
13879,16,1,0.40102428
13880,10,1,0.6531207
13881,1,0,0.4081243
13882,2,1,0.4253834
13883,8,0,0.82922727
13884,25,0,0.36867544
13885,25,0,0.23216088
13886,3,1,0.4185766
13887,20,0,0.22999279
13888,13,1,0.806578
13889,25,1,0.2754606
13890,2,1,0.54135996
13891,16,1,0.66133934
13892,16,0,0.70576644
13893,28,0,0.34747523
13894,14,1,0.768283
13895,22,1,0.55576587
13896,2,1,0.6016582
13897,6,1,0.21963023
13898,13,1,0.41560796
13899,19,1,0.35127422
13900,8,0,0.36143422
13901,12,1,0.6549601
13902,1,1,0.2281422
13903,15,0,0.29913872
13904,16,1,0.48667875
13905,8,1,0.5960873
13906,16,1,0.7083085
13907,12,0,0.5428276
13908,13,0,0.23668055
13909,26,0,0.408829
13910,17,0,0.65231514
13911,12,1,0.5249165
13912,13,1,0.64586693
13913,26,0,0.5645519
13914,4,1,0.5481966
13915,15,1,0.33765355
13916,1,1,0.8020909
13917,14,0,0.59854
13918,1,0,0.52601165
13919,25,1,0.43581495
13920,8,1,0.69282824
13921,25,0,0.5761384
13922,27,0,0.4245057
13923,1,0,0.6557933
13924,17,1,0.5153954
13925,11,1,0.7299701
13926,5,0,0.32799858
13927,22,1,0.7570735
13928,1,0,0.3232814
13929,11,1,0.7912238
13930,11,1,0.4113708
13931,7,0,0.51951414
13932,10,1,0.829016
13933,22,1,0.34745866
13934,13,0,0.21922372
13935,19,0,0.38035652
13936,15,0,0.644325
13937,2,0,0.24915189
13938,24,0,0.230546
13939,11,0,0.3869603
13940,18,0,0.44572005
13941,15,1,0.5727595
13942,15,0,0.43596146
13943,18,1,0.65795964
13944,13,0,0.67643964
13945,2,1,0.66169614
13946,13,1,0.8074576
13947,26,0,0.45541176
13948,28,1,0.69193095
13949,14,0,0.4009018
13950,1,1,0.5294018
13951,15,0,0.5653097
13952,11,1,0.35421735
13953,14,1,0.36213523
13954,7,1,0.6084933
13955,14,0,0.26818514
13956,3,0,0.483724
13957,16,1,0.33585492
13958,13,0,0.5907811
13959,14,1,0.6970539
13960,26,1,0.2743796
13961,16,0,0.3563276
13962,26,1,0.41738728
13963,14,1,0.652037
13964,13,0,0.27592146
13965,12,0,0.34827513
13966,12,1,0.63024414
13967,14,0,0.21865635
13968,26,0,0.50276846
13969,8,0,0.59912956
13970,13,0,0.47275764
13971,25,1,0.3239134
13972,20,1,0.4016538
13973,1,1,0.62177014
13974,13,0,0.4470415
13975,13,1,0.6017899
13976,10,0,0.34893283
13977,9,0,0.49288726
13978,10,0,0.65816283
13979,21,1,0.46267608
13980,10,0,0.52589434
13981,4,0,0.3085546
13982,14,1,0.29429236
13983,15,1,0.59414375
13984,0,0,0.43218172
13985,19,1,0.6444101
13986,10,1,0.7424088
13987,28,0,0.35902187
13988,12,0,0.6678033
13989,1,1,0.7552886
13990,7,0,0.28535712
13991,25,1,0.60596144
13992,20,1,0.4777171
13993,10,0,0.43428728
13994,26,1,0.6252198
13995,5,1,0.41798326
13996,4,0,0.7027659
13997,16,1,0.63594544
13998,3,1,0.45466512
13999,25,0,0.36510006
14000,14,0,0.58386946
14001,27,0,0.40522557
14002,25,1,0.571478
14003,22,0,0.3878442
14004,8,0,0.6545817
14005,27,0,0.37177902
14006,17,1,0.49123788
14007,16,0,0.35729283
14008,12,1,0.57982135
14009,14,1,0.84614784
14010,16,1,0.24871577
14011,14,0,0.31435233
14012,5,1,0.60266685
14013,17,0,0.6945381
14014,3,1,0.63440585
14015,11,1,0.42138758
14016,6,0,0.35819483
14017,7,0,0.37838304
14018,23,1,0.4960571
14019,2,1,0.520474
14020,4,1,0.49177504
14021,4,1,0.63231415
14022,28,1,0.8131314
14023,14,0,0.6181325
14024,22,0,0.35139412
14025,16,1,0.76863164
14026,2,0,0.30304775
14027,8,0,0.3626944
14028,26,0,0.24526614
14029,6,0,0.74386907
14030,18,0,0.7451185
14031,26,0,0.36721945
14032,15,0,0.6383287
14033,16,0,0.29418668
14034,13,0,0.4628506
14035,13,1,0.6747975
14036,2,0,0.3661483
14037,3,0,0.33260137
14038,19,0,0.2945719
14039,22,1,0.7198214
14040,11,1,0.78622377
14041,21,0,0.641851
14042,5,1,0.5922505
14043,15,1,0.67280006
14044,9,0,0.6574836
14045,25,1,0.42756736
14046,25,0,0.41459605
14047,26,0,0.59323263
14048,2,1,0.39410472
14049,8,0,0.31566882
14050,25,1,0.52820754
14051,1,0,0.65335083
14052,1,1,0.36349407
14053,2,0,0.60666806
14054,26,1,0.5086129
14055,2,1,0.61668533
14056,22,1,0.5460642
14057,2,1,0.62947506
14058,8,0,0.23909369
14059,27,1,0.4026867
14060,4,1,0.36045146
14061,10,1,0.5394009
14062,19,1,0.6379412
14063,1,1,0.25467736
14064,1,0,0.25444224
14065,16,1,0.37618542
14066,13,0,0.67093885
14067,12,1,0.65106547
14068,7,0,0.751886
14069,5,0,0.34528095
14070,17,0,0.42568612
14071,23,1,0.74382734
14072,15,1,0.5980104
14073,20,1,0.81770855
14074,13,1,0.45161307
14075,2,1,0.75247896
14076,14,1,0.39735377
14077,5,0,0.38292754
14078,22,1,0.6578216
14079,22,1,0.6918003
14080,2,0,0.5064742
14081,20,1,0.7880238
14082,16,0,0.6069115
14083,19,1,0.5030979
14084,12,0,0.6423027
14085,1,1,0.5252916
14086,9,1,0.4494231
14087,13,1,0.64141697
14088,8,1,0.73113775
14089,25,1,0.45219734
14090,26,0,0.43300816
14091,0,0,0.73252475
14092,0,0,0.60935444
14093,8,0,0.47281158
14094,28,1,0.48979688
14095,24,1,0.59996367
14096,16,1,0.64049107
14097,22,1,0.66619915
14098,19,1,0.6420078
14099,16,0,0.38665608
14100,17,0,0.48276109
14101,19,0,0.45003995
14102,5,0,0.7070819
14103,25,1,0.63851315
14104,1,1,0.6754489
14105,1,0,0.22692093
14106,20,0,0.28869653
14107,19,0,0.6308082
14108,1,1,0.52022403
14109,25,0,0.3792393
14110,26,1,0.57620436
14111,15,0,0.2936877
14112,18,0,0.38335437
14113,5,0,0.24906923
14114,15,0,0.35619855
14115,11,1,0.6693511
14116,12,1,0.68206954
14117,21,0,0.3437063
14118,25,0,0.43888173
14119,16,0,0.7529907
14120,16,0,0.23716158
14121,19,0,0.2500642
14122,2,0,0.43833348
14123,19,1,0.4865196
14124,24,1,0.4838343
14125,15,0,0.34232065
14126,13,0,0.24618067
14127,23,1,0.60006744
14128,6,1,0.6506921
14129,1,1,0.669334
14130,13,1,0.5424078
14131,11,0,0.7388872
14132,2,1,0.46388578
14133,25,0,0.2639799
14134,28,1,0.5321131
14135,12,0,0.28956154
14136,10,0,0.2959713
14137,10,0,0.2885973
14138,2,1,0.62213176
14139,12,1,0.6612397
14140,14,0,0.47244292
14141,2,0,0.28015947
14142,13,0,0.30868015
14143,27,0,0.74054974
14144,0,0,0.612892
14145,22,0,0.32232273
14146,25,0,0.45524612
14147,16,1,0.32281074
14148,6,0,0.29847035
14149,2,0,0.6608121
14150,10,0,0.40087417
14151,2,1,0.5493032
14152,11,0,0.39108327
14153,16,1,0.716174
14154,26,0,0.25127962
14155,22,1,0.60406035
14156,15,1,0.4946756
14157,12,1,0.7541763
14158,14,1,0.6327641
14159,4,0,0.286838
14160,2,0,0.3569592
14161,16,0,0.42042917
14162,20,1,0.60718024
14163,22,1,0.5949415
14164,25,1,0.69965595
14165,3,1,0.8412975
14166,20,0,0.35990646
14167,13,1,0.74773145
14168,20,0,0.25854918
14169,25,0,0.3808123
14170,18,1,0.6818654
14171,5,1,0.69198257
14172,17,1,0.6894983
14173,4,0,0.66229177
14174,13,1,0.35830995
14175,25,0,0.28330493
14176,28,0,0.3855377
14177,3,1,0.7505706
14178,11,0,0.23803753
14179,9,1,0.24738373
14180,25,0,0.69568837
14181,17,1,0.40565398
14182,13,0,0.21512389
14183,10,0,0.2484005
14184,11,0,0.64920723
14185,27,0,0.44354394
14186,5,0,0.37476265
14187,15,1,0.41864932
14188,25,0,0.33378786
14189,19,1,0.681055
14190,7,0,0.3125149
14191,2,0,0.6062198
14192,7,0,0.4961684
14193,17,0,0.42010534
14194,13,0,0.3066402
14195,2,1,0.33365488
14196,12,0,0.38541186
14197,13,0,0.24629746
14198,7,0,0.74814415
14199,8,0,0.6380815
14200,14,1,0.5314096
14201,3,1,0.71495795
14202,21,1,0.44691858
14203,10,1,0.5427365
14204,26,0,0.37645295
14205,11,1,0.5052854
14206,11,0,0.42304593
14207,21,0,0.43945786
14208,26,0,0.2859935
14209,15,1,0.23323457
14210,28,0,0.35453215
14211,12,1,0.6041953
14212,4,1,0.34348178
14213,2,0,0.7404535
14214,27,1,0.6295984
14215,16,0,0.5188398
14216,13,1,0.8055169
14217,27,0,0.36629313
14218,11,0,0.35610494
14219,16,0,0.4804658
14220,13,1,0.65313655
14221,3,1,0.7316018
14222,26,1,0.40381774
14223,8,1,0.52721304
14224,20,1,0.6483077
14225,26,0,0.41418362
14226,1,1,0.7788657
14227,27,1,0.6102175
14228,2,0,0.3640496
14229,10,1,0.50576025
14230,13,0,0.24625126
14231,28,1,0.5869736
14232,16,0,0.24207222
14233,17,0,0.20801792
14234,22,0,0.32880336
14235,7,1,0.59370726
14236,13,1,0.5712
14237,8,1,0.31402615
14238,17,1,0.39618564
14239,6,0,0.37545788
14240,7,1,0.72458756
14241,0,0,0.36249524
14242,0,1,0.6766508
14243,15,0,0.35851228
14244,2,0,0.3344288
14245,10,1,0.36360204
14246,16,0,0.7483504
14247,2,1,0.53647596
14248,2,0,0.44625068
14249,6,0,0.4566542
14250,21,0,0.6749444
14251,1,1,0.79014975
14252,3,0,0.21890496
14253,7,1,0.5420283
14254,1,0,0.7787895
14255,13,0,0.34622765
14256,25,0,0.4673818
14257,3,0,0.74496925
14258,15,0,0.48185667
14259,15,0,0.64885354
14260,1,1,0.49884576
14261,6,1,0.75653523
14262,2,1,0.39393848
14263,2,0,0.5816331
14264,28,1,0.59937805
14265,5,1,0.45355427
14266,20,0,0.25996405
14267,4,0,0.369567
14268,0,1,0.6512052
14269,11,1,0.584359
14270,4,0,0.57566416
14271,28,1,0.6323375
14272,18,1,0.6874487
14273,3,0,0.3494518
14274,13,1,0.7327954
14275,1,1,0.3580527
14276,6,0,0.41742966
14277,20,1,0.2910879
14278,15,1,0.5236456
14279,3,1,0.73490953
14280,16,1,0.2787052
14281,12,1,0.7517005
14282,13,0,0.5104495
14283,19,1,0.43782294
14284,9,1,0.2891684
14285,10,1,0.37778395
14286,11,0,0.3683173
14287,18,0,0.3499017
14288,21,1,0.55768436
14289,26,0,0.32843533
14290,15,1,0.58015716
14291,10,1,0.6493363
14292,7,1,0.6724694
14293,25,1,0.57699513
14294,19,1,0.35527012
14295,1,1,0.5697807
14296,16,0,0.6029856
14297,6,0,0.40070638
14298,5,0,0.20401578
14299,22,1,0.7430832
14300,16,1,0.5630247
14301,15,1,0.6858762
14302,6,1,0.4704106
14303,16,0,0.35116276
14304,26,0,0.3067542
14305,19,1,0.5755161
14306,27,0,0.28408614
14307,19,1,0.59465677
14308,27,0,0.5468084
14309,22,1,0.5146889
14310,25,0,0.76049244
14311,1,0,0.28850502
14312,15,1,0.3811143
14313,21,0,0.34813726
14314,26,0,0.34359562
14315,10,0,0.710452
14316,23,1,0.35767484
14317,17,1,0.78337777
14318,1,0,0.26568994
14319,15,1,0.38379574
14320,16,0,0.27823827
14321,3,1,0.78980196
14322,3,0,0.4228765
14323,20,0,0.44770595
14324,7,0,0.2152023
14325,26,0,0.33361337
14326,3,0,0.5500065
14327,13,1,0.6949806
14328,23,0,0.21570152
14329,11,1,0.40767354
14330,8,1,0.5676568
14331,9,0,0.2568417
14332,21,1,0.28539166
14333,8,0,0.58784837
14334,10,0,0.34350294
14335,8,0,0.22896618
14336,28,1,0.43643957
14337,14,0,0.3691009
14338,21,0,0.5056683
14339,26,0,0.46847254
14340,11,1,0.54064566
14341,14,1,0.3557016
14342,2,0,0.6436347
14343,16,1,0.35412192
14344,2,0,0.52754176
14345,2,0,0.30416828
14346,16,0,0.7419083
14347,15,1,0.3916982
14348,14,0,0.3348337
14349,0,0,0.34399188
14350,25,1,0.7662756
14351,22,1,0.6277498
14352,1,1,0.5574588
14353,1,1,0.364239
14354,8,0,0.3581818
14355,6,1,0.6469595
14356,3,1,0.50100857
14357,17,0,0.26529682
14358,12,1,0.7159966
14359,25,1,0.6495012
14360,28,0,0.22289148
14361,26,1,0.60536885
14362,1,0,0.74688345
14363,15,0,0.3392322
14364,16,0,0.42380106
14365,1,1,0.42211604
14366,10,0,0.28628525
14367,10,1,0.38795486
14368,25,1,0.3039497
14369,8,1,0.438039
14370,10,0,0.2182832
14371,15,1,0.22835565
14372,16,1,0.65158033
14373,2,0,0.39657718
14374,2,1,0.63328785
14375,23,0,0.24581063
14376,27,1,0.510949
14377,27,0,0.41254866
14378,13,1,0.81345177
14379,25,0,0.23636657
14380,14,1,0.6692284
14381,24,0,0.3551304
14382,19,1,0.68216
14383,25,1,0.3855716
14384,25,1,0.33982804
14385,1,0,0.70005107
14386,15,1,0.5645798
14387,1,0,0.34111652
14388,25,0,0.43825558
14389,8,1,0.4027183
14390,19,1,0.760188
14391,11,1,0.80200744
14392,3,0,0.7484306
14393,25,0,0.64058274
14394,13,0,0.5609002
14395,14,1,0.6682836
14396,15,1,0.5924466
14397,3,0,0.42726317
14398,26,0,0.37628934
14399,23,0,0.4199636
14400,8,1,0.77492774
14401,19,1,0.26689896
14402,25,1,0.6709255
14403,25,0,0.57538813
14404,27,0,0.5001911
14405,26,0,0.4164713
14406,22,0,0.43091926
14407,14,0,0.5953365
14408,13,1,0.76080936
14409,8,1,0.62840277
14410,12,0,0.22269586
14411,7,1,0.6506193
14412,10,0,0.56348836
14413,22,0,0.36200017
14414,3,0,0.4753483
14415,16,1,0.6749955
14416,1,0,0.36688352
14417,10,0,0.61932284
14418,1,1,0.4302062
14419,2,1,0.42663074
14420,20,1,0.30531144
14421,10,1,0.42408893
14422,20,0,0.3652361
14423,1,1,0.7625995
14424,12,0,0.4149524
14425,20,0,0.2557062
14426,16,0,0.40743408
14427,11,0,0.25498205
14428,24,0,0.35258391
14429,25,1,0.30938503
14430,0,1,0.5142089
14431,26,0,0.56587654
14432,2,0,0.4462244
14433,16,1,0.3203259
14434,8,1,0.74178946
14435,16,0,0.3639138
14436,15,0,0.38617152
14437,22,1,0.32846907
14438,17,0,0.53054804
14439,15,1,0.7287415
14440,3,1,0.49416605
14441,16,1,0.634738
14442,11,1,0.3820216
14443,25,0,0.44976166
14444,20,0,0.4695998
14445,10,1,0.48509234
14446,13,0,0.25742844
14447,7,0,0.2250505
14448,4,0,0.31582272
14449,6,0,0.63665617
14450,1,1,0.74586606
14451,14,1,0.2895872
14452,25,1,0.46885058
14453,12,1,0.8123155
14454,22,1,0.60514885
14455,7,0,0.44536972
14456,1,0,0.41405687
14457,8,0,0.22461793
14458,6,0,0.3480462
14459,6,1,0.637278
14460,23,0,0.46447054
14461,26,0,0.74529064
14462,4,0,0.34585643
14463,2,0,0.6082056
14464,13,0,0.6239029
14465,25,1,0.27292722
14466,27,1,0.37061256
14467,23,0,0.4509371
14468,0,0,0.42228115
14469,20,1,0.49215397
14470,27,1,0.71070564
14471,24,0,0.22352883
14472,22,0,0.31654856
14473,1,0,0.3537834
14474,2,1,0.6901952
14475,26,1,0.3704239
14476,26,0,0.4807629
14477,28,1,0.4979924
14478,12,0,0.49093303
14479,1,0,0.44893667
14480,10,0,0.39578316
14481,21,1,0.5926464
14482,13,0,0.36046723
14483,8,0,0.37966838
14484,12,0,0.6399711
14485,28,1,0.6687931
14486,25,1,0.54186916
14487,11,0,0.30814588
14488,10,1,0.419821
14489,25,1,0.4730558
14490,15,1,0.59984636
14491,1,0,0.47137338
14492,2,0,0.35919467
14493,8,1,0.56628144
14494,14,0,0.24633123
14495,16,0,0.3069729
14496,22,0,0.28010106
14497,6,1,0.5953154
14498,15,0,0.49590194
14499,10,1,0.22017723
14500,1,0,0.7099173
14501,7,0,0.30531794
14502,13,1,0.6506161
14503,8,0,0.5226996
14504,15,0,0.36625814
14505,13,0,0.668559
14506,2,1,0.73531646
14507,10,1,0.7788336
14508,13,1,0.23731355
14509,13,0,0.26729238
14510,14,1,0.33731467
14511,24,1,0.35839462
14512,12,1,0.34489074
14513,3,1,0.6385974
14514,2,1,0.35422358
14515,17,0,0.47452247
14516,2,0,0.35377356
14517,16,0,0.73577887
14518,10,0,0.22295955
14519,8,0,0.36662245
14520,3,1,0.82639164
14521,2,0,0.2839935
14522,18,1,0.29085976
14523,1,0,0.6939189
14524,25,1,0.6369571
14525,11,1,0.7476587
14526,28,1,0.5841608
14527,23,0,0.6279576
14528,25,1,0.70498765
14529,26,1,0.59174573
14530,10,0,0.34620005
14531,8,0,0.66188556
14532,1,1,0.3606387
14533,13,0,0.3974246
14534,2,1,0.60870105
14535,15,0,0.4702218
14536,13,0,0.2963253
14537,2,0,0.6501515
14538,2,0,0.3676402
14539,18,0,0.7005057
14540,4,1,0.47194293
14541,2,1,0.77680504
14542,21,1,0.7147088
14543,15,1,0.5073162
14544,17,0,0.34873056
14545,7,0,0.5753087
14546,5,1,0.24977285
14547,1,1,0.5786172
14548,26,1,0.35069358
14549,25,1,0.6177428
14550,2,0,0.35140684
14551,14,0,0.36381546
14552,3,1,0.2598468
14553,0,1,0.35845253
14554,5,1,0.7607775
14555,26,0,0.36423334
14556,7,1,0.41966853
14557,13,0,0.50341904
14558,15,0,0.2614305
14559,27,0,0.25726452
14560,7,1,0.80444324
14561,18,0,0.62368053
14562,10,1,0.59649366
14563,8,1,0.530304
14564,7,0,0.52722347
14565,21,0,0.38783434
14566,19,0,0.29691786
14567,1,0,0.4885724
14568,25,1,0.59441245
14569,6,1,0.6527811
14570,15,1,0.41048172
14571,25,0,0.24793221
14572,16,1,0.7154599
14573,25,1,0.64083594
14574,22,1,0.59303474
14575,8,1,0.59214836
14576,24,0,0.47689718
14577,13,1,0.7276752
14578,20,1,0.75344986
14579,19,1,0.76313853
14580,7,0,0.28032833
14581,27,1,0.69788706
14582,21,1,0.33698964
14583,20,0,0.25498366
14584,22,1,0.36196768
14585,0,0,0.34211284
14586,12,0,0.3452001
14587,6,1,0.5022261
14588,16,1,0.77344716
14589,5,1,0.46629453
14590,20,0,0.5041404
14591,8,1,0.37378216
14592,1,0,0.43256694
14593,28,1,0.75225794
14594,16,0,0.5399346
14595,16,0,0.567533
14596,4,1,0.79746836
14597,3,0,0.39247987
14598,26,0,0.35914126
14599,5,0,0.4436802
14600,28,0,0.548221
14601,27,1,0.7407925
14602,10,1,0.5802467
14603,26,0,0.5402709
14604,9,1,0.4388674
14605,8,1,0.78189915
14606,15,1,0.69826585
14607,4,0,0.44784117
14608,3,1,0.75174904
14609,19,1,0.6566888
14610,11,0,0.63282126
14611,6,1,0.636726
14612,11,0,0.19749647
14613,8,1,0.6177555
14614,0,0,0.37621585
14615,16,1,0.43024498
14616,7,0,0.666317
14617,13,1,0.7099844
14618,7,1,0.3151114
14619,27,1,0.45974094
14620,1,1,0.68481207
14621,19,1,0.816781
14622,10,0,0.44828016
14623,9,0,0.2215265
14624,22,0,0.29713643
14625,27,0,0.50889635
14626,26,0,0.4894127
14627,6,0,0.34162363
14628,28,0,0.37898213
14629,13,0,0.5602209
14630,21,1,0.2979207
14631,6,0,0.4566369
14632,8,0,0.33180922
14633,15,0,0.52399415
14634,28,1,0.3756742
14635,14,1,0.41491517
14636,5,1,0.5353134
14637,23,1,0.6395195
14638,20,0,0.41556513
14639,3,0,0.6103073
14640,19,1,0.56040615
14641,22,1,0.31081113
14642,5,1,0.41730678
14643,16,0,0.4754182
14644,12,0,0.35608318
14645,16,0,0.38000724
14646,21,1,0.7377959
14647,26,1,0.76207477
14648,2,1,0.35490292
14649,2,0,0.5758307
14650,2,1,0.62432635
14651,12,1,0.49419138
14652,7,0,0.3997307
14653,20,1,0.67367464
14654,14,1,0.6025079
14655,25,1,0.67617613
14656,13,1,0.5580095
14657,3,0,0.5108867
14658,26,0,0.44630906
14659,11,0,0.37512562
14660,22,0,0.27455467
14661,1,1,0.47012207
14662,1,0,0.2647364
14663,15,0,0.26791468
14664,14,0,0.33505312
14665,11,0,0.5958618
14666,8,1,0.77231705
14667,9,0,0.41899112
14668,13,0,0.6113085
14669,28,1,0.34080097
14670,6,1,0.3533041
14671,6,0,0.53819436
14672,1,1,0.7403906
14673,24,0,0.28635207
14674,4,0,0.64605033
14675,24,0,0.6420089
14676,17,0,0.3886599
14677,5,1,0.5217886
14678,16,0,0.21900815
14679,0,1,0.26501018
14680,15,1,0.4089294
14681,22,1,0.6201995
14682,23,1,0.8058013
14683,6,0,0.42099312
14684,11,1,0.64160734
14685,9,1,0.6063195
14686,17,1,0.75553167
14687,22,1,0.45451704
14688,11,0,0.5849191
14689,9,1,0.6607615
14690,16,0,0.34792975
14691,28,0,0.7420378
14692,9,0,0.35787085
14693,15,1,0.6341499
14694,5,1,0.3947238
14695,11,1,0.42492923
14696,22,1,0.54281753
14697,13,0,0.32163042
14698,25,0,0.572626
14699,22,1,0.65698695
14700,8,0,0.44101566
14701,3,0,0.44923565
14702,21,0,0.5094053
14703,20,0,0.41517997
14704,28,0,0.79535973
14705,12,1,0.27968526
14706,28,0,0.5084233
14707,11,1,0.5264668
14708,28,0,0.21963228
14709,6,0,0.4308908
14710,17,1,0.49273276
14711,0,1,0.44432694
14712,20,0,0.56844443
14713,17,0,0.6468207
14714,12,1,0.7004169
14715,15,0,0.2934039
14716,8,1,0.54859537
14717,23,1,0.30524227
14718,6,0,0.36157414
14719,18,1,0.69162583
14720,11,0,0.58460456
14721,2,0,0.697317
14722,2,1,0.47363204
14723,24,1,0.55729973
14724,15,1,0.55313
14725,7,1,0.59999627
14726,27,0,0.23102695
14727,21,1,0.27069366
14728,6,0,0.67288506
14729,4,1,0.6850913
14730,12,1,0.64479196
14731,20,1,0.3476497
14732,8,1,0.74431145
14733,20,0,0.56173974
14734,13,0,0.58185124
14735,7,0,0.28416103
14736,25,0,0.36969998
14737,10,0,0.46867695
14738,18,0,0.7457609
14739,11,0,0.45440274
14740,13,0,0.2734023
14741,4,1,0.7213647
14742,22,0,0.39754456
14743,19,1,0.6200819
14744,8,1,0.564787
14745,4,1,0.6369611
14746,20,1,0.49515733
14747,1,0,0.28415474
14748,26,0,0.80450875
14749,15,0,0.69450533
14750,2,0,0.3258853
14751,4,0,0.24603917
14752,14,0,0.7009423
14753,23,1,0.47211084
14754,20,1,0.61481184
14755,11,1,0.7299413
14756,26,1,0.3603417
14757,25,1,0.31806546
14758,16,0,0.6688473
14759,16,1,0.7351228
14760,18,1,0.7535964
14761,27,0,0.5575784
14762,22,1,0.40616032
14763,1,0,0.4527936
14764,8,0,0.42547703
14765,16,1,0.621217
14766,8,1,0.6241455
14767,18,1,0.5097064
14768,0,1,0.3365369
14769,27,1,0.6548021
14770,15,1,0.4313271
14771,26,0,0.5776136
14772,11,0,0.3539491
14773,12,0,0.66783714
14774,9,0,0.48609036
14775,15,1,0.44097024
14776,6,0,0.6462745
14777,15,0,0.3479948
14778,27,0,0.540603
14779,5,0,0.5682553
14780,10,0,0.34496194
14781,26,0,0.32072514
14782,0,0,0.35409766
14783,1,1,0.6132422
14784,22,0,0.38278222
14785,28,0,0.4050193
14786,7,1,0.6945482
14787,5,0,0.5208346
14788,1,0,0.3570696
14789,28,1,0.57022643
14790,19,1,0.5334718
14791,22,0,0.46988255
14792,28,1,0.57326066
14793,13,0,0.62344366
14794,23,0,0.6329665
14795,10,1,0.45881262
14796,3,0,0.39288652
14797,17,0,0.2525443
14798,9,0,0.4815337
14799,3,0,0.79847777
14800,1,1,0.7446564
14801,25,1,0.35476023
14802,3,0,0.35826263
14803,6,0,0.45830932
14804,15,0,0.5393314
14805,2,1,0.52997744
14806,26,0,0.4466021
14807,20,1,0.709979
14808,10,1,0.51310885
14809,16,1,0.66458654
14810,13,1,0.2875759
14811,8,0,0.23347549
14812,22,0,0.57386976
14813,10,1,0.5936815
14814,0,1,0.6751648
14815,10,1,0.39349034
14816,13,1,0.5742223
14817,19,0,0.38513434
14818,21,1,0.326968
14819,8,0,0.47989178
14820,11,0,0.6258392
14821,2,1,0.6405766
14822,27,0,0.19541131
14823,26,1,0.65863144
14824,10,1,0.69920754
14825,2,0,0.25225896
14826,3,0,0.24128503
14827,16,0,0.71942794
14828,0,1,0.72539943
14829,12,1,0.6505633
14830,3,1,0.70343995
14831,23,1,0.787476
14832,13,1,0.79527706
14833,19,1,0.5236427
14834,22,0,0.3572258
14835,24,1,0.40443423
14836,1,1,0.7346306
14837,24,1,0.59520435
14838,2,1,0.6208356
14839,6,0,0.47449896
14840,3,1,0.65062934
14841,2,1,0.54108864
14842,16,0,0.7279887
14843,16,1,0.5639702
14844,25,0,0.34311315
14845,12,1,0.2572635
14846,15,0,0.75144243
14847,16,1,0.46126756
14848,21,1,0.741739
14849,4,0,0.5930447
14850,4,0,0.360367
14851,8,1,0.5356521
14852,12,1,0.642425
14853,13,0,0.47769615
14854,13,0,0.27913415
14855,8,1,0.5492307
14856,25,0,0.5866773
14857,28,0,0.229632
14858,15,0,0.577168
14859,21,1,0.6333259
14860,17,1,0.5096131
14861,21,0,0.29158965
14862,2,1,0.536614
14863,19,1,0.5950134
14864,28,1,0.64557344
14865,13,0,0.33255905
14866,26,0,0.71623397
14867,6,0,0.38388047
14868,5,1,0.43024504
14869,13,1,0.65025467
14870,18,0,0.46132463
14871,8,1,0.46335012
14872,21,0,0.4032163
14873,0,0,0.3673943
14874,4,1,0.4972866
14875,2,0,0.58389825
14876,2,0,0.49059373
14877,2,0,0.25972816
14878,27,0,0.70737153
14879,2,1,0.6762121
14880,23,0,0.4986274
14881,27,0,0.36166006
14882,12,0,0.30298704
14883,11,1,0.31283015
14884,15,0,0.40076554
14885,0,1,0.81098986
14886,16,0,0.5040822
14887,2,1,0.51763
14888,10,1,0.81187993
14889,2,1,0.72635174
14890,2,0,0.36386383
14891,25,1,0.26278836
14892,21,1,0.682413
14893,9,0,0.3579779
14894,16,0,0.53661484
14895,26,1,0.6194157
14896,3,1,0.7350622
14897,16,0,0.6335739
14898,7,0,0.6513753
14899,26,1,0.7200196
14900,18,1,0.71775526
14901,26,0,0.5938138
14902,26,1,0.352325
14903,16,0,0.6699987
14904,13,0,0.3293154
14905,25,0,0.35876706
14906,9,1,0.35115957
14907,10,1,0.5001682
14908,23,1,0.7819693
14909,8,0,0.49087787
14910,13,0,0.63693583
14911,16,1,0.84652543
14912,20,0,0.33207873
14913,15,1,0.56475085
14914,13,0,0.54739505
14915,25,1,0.48605144
14916,5,1,0.6035995
14917,27,0,0.36345854
14918,21,1,0.6957611
14919,8,0,0.4136007
14920,13,0,0.36490044
14921,27,1,0.7706294
14922,28,1,0.81897384
14923,28,1,0.48275858
14924,10,0,0.34683052
14925,3,1,0.28369483
14926,6,1,0.69444424
14927,16,0,0.32107
14928,2,1,0.32690167
14929,2,1,0.5291392
14930,9,1,0.30279732
14931,27,0,0.4655242
14932,15,1,0.7813681
14933,10,0,0.5899676
14934,18,0,0.5969871
14935,14,0,0.32734954
14936,8,1,0.56515783
14937,19,1,0.39373472
14938,18,1,0.5805483
14939,3,0,0.39883533
14940,23,1,0.35861725
14941,12,1,0.38576454
14942,2,1,0.354425
14943,10,1,0.7855883
14944,26,0,0.65185493
14945,25,1,0.304891
14946,16,0,0.35626975
14947,12,1,0.44778457
14948,21,1,0.62890315
14949,12,0,0.5923849
14950,22,1,0.3826824
14951,27,1,0.45343092
14952,5,1,0.7084536
14953,4,1,0.69475394
14954,14,0,0.6513464
14955,19,1,0.5998812
14956,13,0,0.4284139
14957,16,0,0.34381744
14958,2,1,0.33595732
14959,1,0,0.3233054
14960,12,0,0.7356993
14961,10,0,0.5498894
14962,8,0,0.6220422
14963,20,0,0.46643424
14964,26,1,0.4408749
14965,16,1,0.6522354
14966,28,1,0.6452414
14967,6,1,0.73093134
14968,6,1,0.6848752
14969,4,1,0.60154885
14970,25,1,0.64377975
14971,16,0,0.32169065
14972,13,0,0.28249744
14973,20,0,0.35064065
14974,6,1,0.7540636
14975,12,0,0.34460387
14976,25,1,0.49260235
14977,26,1,0.64506924
14978,15,1,0.8127115
14979,0,1,0.68586487
14980,6,1,0.7268775
14981,27,0,0.31683534
14982,1,1,0.8117805
14983,14,1,0.5191105
14984,21,1,0.48837072
14985,27,0,0.23416874
14986,21,1,0.5967213
14987,21,1,0.75983155
14988,27,0,0.52319324
14989,2,1,0.5987871
14990,15,0,0.36396396
14991,12,1,0.737723
14992,26,0,0.38017526
14993,23,0,0.36985
14994,15,1,0.7609288
14995,7,0,0.25049245
14996,2,1,0.5710568
14997,6,1,0.29630947
14998,13,0,0.6001959
14999,11,0,0.36412284
15000,10,1,0.39628682
15001,17,1,0.61195713
15002,16,1,0.35352919
15003,16,0,0.4415544
15004,4,0,0.23365282
15005,12,1,0.4022871
15006,8,1,0.6734244
15007,1,0,0.3943494
15008,8,0,0.21637394
15009,4,1,0.4520092
15010,6,1,0.41009143
15011,26,0,0.3941209
15012,8,0,0.62353086
15013,21,1,0.53677666
15014,25,0,0.5242718
15015,1,0,0.30076373
15016,1,1,0.37352055
15017,7,1,0.78853905
15018,0,0,0.6237871
15019,14,0,0.28278083
15020,17,0,0.64078575
15021,8,0,0.5021144
15022,28,1,0.56781113
15023,17,0,0.32777187
15024,13,1,0.5444361
15025,0,0,0.33742875
15026,11,0,0.42728615
15027,18,0,0.37673226
15028,2,0,0.34330994
15029,1,0,0.5380313
15030,12,1,0.64301455
15031,12,1,0.4318547
15032,13,0,0.42121044
15033,27,1,0.74771607
15034,24,1,0.7526978
15035,15,0,0.7471975
15036,4,0,0.4812633
15037,22,0,0.65126216
15038,25,0,0.7837464
15039,6,1,0.6557127
15040,13,1,0.21524276
15041,7,1,0.40184155
15042,1,0,0.4092566
15043,15,1,0.39871603
15044,18,0,0.3111929
15045,18,0,0.4035329
15046,13,0,0.4081182
15047,10,1,0.6844674
15048,13,1,0.74658114
15049,15,0,0.35457844
15050,18,0,0.21775979
15051,12,0,0.22824356
15052,4,0,0.5542038
15053,15,0,0.5977262
15054,26,0,0.58497643
15055,18,1,0.47620255
15056,22,0,0.7479523
15057,2,0,0.4033595
15058,13,1,0.3518814
15059,11,1,0.2842221
15060,22,0,0.28207195
15061,4,1,0.55399686
15062,16,1,0.7545198
15063,2,1,0.8126633
15064,14,0,0.46804887
15065,13,1,0.3246737
15066,3,1,0.6286167
15067,7,0,0.3971751
15068,16,0,0.45154035
15069,13,1,0.6153759
15070,22,0,0.33800367
15071,15,1,0.72079414
15072,2,1,0.744986
15073,25,0,0.57276297
15074,1,1,0.55206376
15075,2,0,0.36846304
15076,5,1,0.3585192
15077,12,0,0.64341414
15078,13,1,0.20843756
15079,3,0,0.2868244
15080,13,0,0.6394509
15081,16,1,0.6638441
15082,7,0,0.3811642
15083,14,1,0.7208605
15084,26,0,0.40215895
15085,12,0,0.6369933
15086,3,1,0.7746273
15087,14,1,0.38288406
15088,2,0,0.48325193
15089,2,0,0.6838096
15090,14,0,0.5949896
15091,1,0,0.58233255
15092,21,0,0.7203911
15093,1,1,0.35499406
15094,1,1,0.36309737
15095,25,0,0.2345515
15096,13,0,0.36113852
15097,10,0,0.25691864
15098,15,0,0.4600222
15099,19,0,0.5967372
15100,4,1,0.47282428
15101,15,0,0.4712626
15102,24,1,0.7257507
15103,10,0,0.68171674
15104,5,1,0.7091523
15105,16,0,0.6890679
15106,16,0,0.22469176
15107,2,1,0.4096397
15108,2,1,0.7570366
15109,19,0,0.28632683
15110,15,1,0.7709599
15111,4,0,0.4220569
15112,10,0,0.3093029
15113,13,0,0.26072386
15114,20,0,0.5139956
15115,25,1,0.6951599
15116,10,1,0.7399923
15117,2,0,0.46795887
15118,15,0,0.2502733
15119,25,1,0.24684882
15120,26,0,0.35327327
15121,17,1,0.65531415
15122,1,0,0.6554042
15123,8,0,0.4162407
15124,1,0,0.5156369
15125,12,0,0.31153858
15126,0,0,0.35902125
15127,28,0,0.3476509
15128,14,1,0.5786578
15129,19,1,0.68960285
15130,2,0,0.4228668
15131,8,1,0.6965857
15132,12,1,0.4867833
15133,23,0,0.64389664
15134,17,1,0.60763985
15135,18,0,0.35901007
15136,7,1,0.6397119
15137,14,1,0.5093942
15138,22,1,0.5662474
15139,20,1,0.45214888
15140,27,0,0.7070639
15141,26,1,0.21678172
15142,0,1,0.44194233
15143,15,1,0.59034765
15144,20,1,0.6148874
15145,10,0,0.5436018
15146,27,0,0.25101978
15147,3,0,0.2984937
15148,16,0,0.60488784
15149,10,1,0.6199326
15150,13,1,0.52763397
15151,8,1,0.3628193
15152,1,0,0.53439766
15153,18,0,0.22794811
15154,15,1,0.5241307
15155,17,1,0.65402347
15156,1,1,0.5812354
15157,23,0,0.35407412
15158,8,1,0.25320682
15159,11,0,0.36856017
15160,0,0,0.34165153
15161,11,0,0.62638444
15162,18,1,0.601217
15163,8,1,0.5929718
15164,8,0,0.35551113
15165,22,0,0.38538396
15166,1,1,0.7394034
15167,20,0,0.49496567
15168,1,1,0.42381576
15169,7,0,0.28566688
15170,12,0,0.3779432
15171,3,0,0.71648896
15172,25,1,0.3616499
15173,16,0,0.2700708
15174,26,0,0.34742245
15175,26,1,0.43898204
15176,24,0,0.37259862
15177,20,0,0.34165904
15178,26,0,0.49869415
15179,13,1,0.80846643
15180,7,1,0.4649619
15181,26,1,0.32084504
15182,4,1,0.6752259
15183,1,1,0.70652723
15184,16,1,0.31425112
15185,8,0,0.2472842
15186,11,0,0.22355016
15187,27,0,0.6159222
15188,18,0,0.42092684
15189,13,1,0.23811926
15190,13,0,0.35465726
15191,5,1,0.5161415
15192,19,1,0.27686048
15193,13,0,0.49555597
15194,12,0,0.63212323
15195,0,1,0.55564165
15196,1,1,0.64453244
15197,14,0,0.39557868
15198,10,1,0.62317485
15199,17,1,0.34579867
15200,27,1,0.36357024
15201,13,0,0.5131365
15202,17,1,0.6962049
15203,2,0,0.2839246
15204,0,0,0.28861186
15205,20,1,0.6947609
15206,20,1,0.6095928
15207,14,1,0.38385403
15208,8,0,0.3317691
15209,21,0,0.36720753
15210,22,0,0.25803775
15211,28,1,0.5854885
15212,1,0,0.31937253
15213,1,0,0.5916925
15214,15,1,0.64713514
15215,20,1,0.3562787
15216,20,1,0.24006669
15217,1,1,0.76303166
15218,15,0,0.27505326
15219,6,0,0.29040796
15220,5,0,0.30122927
15221,24,1,0.62313044
15222,2,0,0.6526193
15223,16,1,0.51093584
15224,15,1,0.4656838
15225,23,1,0.3931698
15226,18,0,0.2874408
15227,22,1,0.6486841
15228,23,1,0.71312827
15229,13,1,0.5792416
15230,6,0,0.23116638
15231,14,0,0.3149612
15232,10,0,0.24209155
15233,12,1,0.38104263
15234,15,1,0.61187136
15235,7,0,0.32824406
15236,8,1,0.28924468
15237,5,1,0.70657474
15238,21,0,0.33587593
15239,25,1,0.69073284
15240,28,0,0.59952337
15241,9,0,0.35338843
15242,21,1,0.7836253
15243,12,1,0.36269134
15244,11,0,0.6348099
15245,17,0,0.7118332
15246,2,1,0.31091434
15247,15,0,0.3651579
15248,16,0,0.2714288
15249,8,1,0.6928334
15250,19,1,0.5589309
15251,15,0,0.6295851
15252,8,1,0.6193753
15253,13,0,0.35574332
15254,1,0,0.2947926
15255,1,0,0.75196075
15256,11,0,0.35049778
15257,28,1,0.33205062
15258,22,1,0.26390147
15259,22,1,0.7765624
15260,13,0,0.5465134
15261,11,0,0.45504287
15262,13,0,0.37736675
15263,14,0,0.24401587
15264,17,1,0.5574326
15265,2,0,0.4811202
15266,22,0,0.601586
15267,28,0,0.66787577
15268,26,1,0.5667562
15269,27,0,0.54680336
15270,7,1,0.41857383
15271,28,0,0.5198736
15272,7,1,0.2633898
15273,1,0,0.4945739
15274,14,0,0.45534906
15275,26,0,0.3458547
15276,11,0,0.49159348
15277,26,1,0.5483499
15278,6,1,0.5936049
15279,26,1,0.6274746
15280,22,1,0.50833493
15281,13,1,0.5912301
15282,26,0,0.2872315
15283,28,1,0.48758736
15284,17,1,0.75072885
15285,25,0,0.2860381
15286,16,1,0.55206954
15287,24,1,0.6036946
15288,15,1,0.63741505
15289,3,0,0.60372263
15290,12,1,0.6066789
15291,26,1,0.36413193
15292,14,0,0.2946478
15293,3,0,0.24719591
15294,15,1,0.6344274
15295,2,1,0.79167837
15296,11,1,0.23700099
15297,13,0,0.22647366
15298,15,1,0.36191204
15299,28,1,0.32726946
15300,9,1,0.6066034
15301,17,1,0.41823155
15302,27,0,0.32679534
15303,16,0,0.23252343
15304,13,1,0.7186696
15305,27,0,0.23036452
15306,10,1,0.42051616
15307,26,0,0.28390515
15308,13,1,0.50810367
15309,11,0,0.427521
15310,4,1,0.39774364
15311,16,1,0.57736254
15312,13,0,0.44259354
15313,9,1,0.35219792
15314,20,1,0.39447615
15315,16,1,0.63875926
15316,13,1,0.47831717
15317,11,1,0.416246
15318,26,0,0.5318247
15319,10,1,0.46899188
15320,17,1,0.4971866
15321,22,1,0.3011915
15322,2,0,0.35524026
15323,15,1,0.35832894
15324,11,0,0.25701904
15325,22,0,0.30020633
15326,8,1,0.6917528
15327,10,0,0.71034956
15328,25,0,0.23615457
15329,8,1,0.6020029
15330,0,0,0.37797117
15331,2,0,0.6029169
15332,3,0,0.40029335
15333,9,0,0.35901693
15334,8,0,0.3070353
15335,3,0,0.337723
15336,25,1,0.5500326
15337,26,1,0.69355357
15338,10,1,0.36446482
15339,2,0,0.47665298
15340,28,0,0.41457248
15341,25,0,0.4380586
15342,7,1,0.34500128
15343,9,1,0.75095546
15344,10,0,0.567828
15345,6,0,0.34121883
15346,21,1,0.79928607
15347,6,0,0.58027667
15348,27,1,0.5942267
15349,3,1,0.55681396
15350,16,0,0.60023046
15351,3,1,0.39059162
15352,0,0,0.6318098
15353,18,1,0.7633172
15354,19,1,0.30043703
15355,12,0,0.6470911
15356,6,1,0.50772035
15357,7,1,0.4428268
15358,22,1,0.507601
15359,12,1,0.65666366
15360,20,1,0.73244375
15361,15,1,0.4266819
15362,14,0,0.34580916
15363,3,1,0.5778182
15364,8,0,0.3610174
15365,28,1,0.5272101
15366,15,0,0.30671278
15367,3,1,0.3086903
15368,20,1,0.5672572
15369,25,0,0.44900772
15370,0,1,0.578686
15371,4,1,0.44204172
15372,19,0,0.49234468
15373,10,0,0.55568653
15374,2,0,0.49480575
15375,3,1,0.6568348
15376,20,1,0.630121
15377,10,1,0.70600265
15378,2,1,0.60443544
15379,6,0,0.565555
15380,24,1,0.7415357
15381,10,0,0.80125034
15382,8,1,0.64959085
15383,15,0,0.63351387
15384,8,1,0.3292111
15385,10,1,0.5769459
15386,4,1,0.54583204
15387,1,1,0.7559096
15388,28,0,0.54547864
15389,25,0,0.39859498
15390,17,1,0.679638
15391,28,1,0.5653477
15392,2,0,0.2417886
15393,5,1,0.7350217
15394,10,0,0.4472685
15395,14,1,0.70393187
15396,11,1,0.4070243
15397,6,1,0.58475274
15398,6,1,0.582754
15399,6,1,0.3748357
15400,8,0,0.26909557
15401,11,1,0.5358245
15402,11,0,0.6086326
15403,25,0,0.7100008
15404,5,1,0.70021796
15405,6,0,0.41885465
15406,9,1,0.6071206
15407,20,0,0.30205506
15408,8,1,0.46634996
15409,9,0,0.3233537
15410,22,0,0.33371618
15411,19,0,0.5306115
15412,7,1,0.74627054
15413,9,1,0.58025986
15414,1,1,0.26131147
15415,17,0,0.40178034
15416,2,1,0.6194811
15417,14,1,0.5891358
15418,10,0,0.53383034
15419,16,0,0.74393934
15420,22,1,0.5273833
15421,3,1,0.26881713
15422,22,0,0.68135715
15423,1,1,0.63722867
15424,20,0,0.44089246
15425,18,1,0.677354
15426,26,1,0.6519785
15427,24,1,0.3925581
15428,28,0,0.7461672
15429,22,0,0.56151026
15430,20,0,0.51924235
15431,26,0,0.54912245
15432,18,1,0.59891135
15433,1,0,0.33223835
15434,1,1,0.60263455
15435,23,1,0.56853354
15436,27,0,0.49077126
15437,8,1,0.35047922
15438,9,0,0.37833285
15439,23,0,0.35990286
15440,26,0,0.37014964
15441,26,1,0.42872167
15442,17,0,0.52025014
15443,8,0,0.26837006
15444,17,0,0.58306456
15445,11,1,0.6685517
15446,0,1,0.50398153
15447,11,0,0.65685976
15448,6,0,0.42335755
15449,24,0,0.7657318
15450,12,1,0.3548868
15451,12,0,0.6267168
15452,13,0,0.43993866
15453,24,1,0.74049807
15454,2,1,0.72586834
15455,15,1,0.51217234
15456,22,1,0.631039
15457,15,1,0.64800894
15458,2,1,0.3636826
15459,1,0,0.2117207
15460,13,0,0.39405426
15461,28,1,0.50940466
15462,15,0,0.26957753
15463,18,1,0.69939226
15464,28,0,0.4084012
15465,13,0,0.49287036
15466,10,1,0.5550781
15467,11,1,0.46090284
15468,26,1,0.4854583
15469,1,1,0.70016474
15470,20,0,0.60830563
15471,17,1,0.6613361
15472,10,0,0.26565152
15473,16,0,0.3909674
15474,13,0,0.46587896
15475,2,1,0.8339957
15476,28,1,0.36228207
15477,16,0,0.35678044
15478,7,0,0.53624904
15479,16,1,0.65367997
15480,8,0,0.31130102
15481,25,1,0.5978529
15482,27,1,0.43725574
15483,6,1,0.6277795
15484,3,0,0.6352855
15485,15,0,0.5851748
15486,28,1,0.5310109
15487,25,1,0.40717137
15488,23,1,0.37068418
15489,24,0,0.21526535
15490,7,1,0.73718125
15491,18,0,0.43483865
15492,9,1,0.5801336
15493,8,1,0.58663553
15494,14,0,0.5244322
15495,26,1,0.48194492
15496,12,1,0.8345792
15497,2,0,0.604357
15498,21,1,0.36346433
15499,16,1,0.82064396
15500,7,1,0.7197802
15501,21,1,0.48795977
15502,11,0,0.45695758
15503,8,0,0.5513092
15504,12,1,0.71208256
15505,8,0,0.34192622
15506,17,0,0.3736796
15507,1,1,0.7760946
15508,27,0,0.46951833
15509,6,1,0.5453974
15510,1,1,0.64046615
15511,22,1,0.6561015
15512,6,0,0.37240568
15513,22,1,0.6181102
15514,12,0,0.5729426
15515,16,1,0.29723683
15516,3,1,0.7754931
15517,23,0,0.5240443
15518,5,0,0.24010761
15519,10,1,0.46022895
15520,7,1,0.5348406
15521,28,1,0.8393404
15522,19,1,0.5279516
15523,22,0,0.34198362
15524,2,1,0.5005366
15525,25,0,0.6925395
15526,26,1,0.33783597
15527,21,1,0.6975463
15528,12,1,0.47054675
15529,19,1,0.2637649
15530,21,1,0.5861864
15531,11,1,0.3677433
15532,22,1,0.54072607
15533,26,1,0.45294714
15534,3,1,0.35961136
15535,17,0,0.7218853
15536,16,0,0.40579966
15537,14,0,0.41779822
15538,18,1,0.7278058
15539,20,0,0.73187476
15540,17,1,0.7481568
15541,8,1,0.303433
15542,4,1,0.4172707
15543,18,0,0.43673205
15544,16,0,0.7537928
15545,2,0,0.49573478
15546,11,1,0.35422492
15547,27,0,0.5085919
15548,4,1,0.47511396
15549,22,1,0.61153036
15550,23,0,0.27044752
15551,10,0,0.67836
15552,1,1,0.68875206
15553,22,0,0.36633527
15554,15,0,0.61028564
15555,6,1,0.5607985
15556,18,0,0.40250978
15557,2,1,0.7394614
15558,13,0,0.5697258
15559,27,0,0.5056086
15560,27,0,0.36266196
15561,10,1,0.4861826
15562,20,0,0.24206358
15563,10,1,0.3510695
15564,14,0,0.239565
15565,16,0,0.38786405
15566,14,0,0.63005793
15567,16,0,0.73033655
15568,18,0,0.7327666
15569,14,1,0.5320315
15570,24,1,0.6244074
15571,14,1,0.47632203
15572,16,0,0.35524657
15573,22,1,0.5718089
15574,20,1,0.6747667
15575,2,1,0.798355
15576,16,1,0.61485213
15577,13,0,0.363681
15578,11,1,0.7992232
15579,12,1,0.51345843
15580,12,0,0.6316825
15581,12,1,0.6315643
15582,17,0,0.33333528
15583,6,0,0.33284464
15584,3,0,0.24426305
15585,15,0,0.32402816
15586,11,0,0.4202023
15587,4,1,0.5968582
15588,10,1,0.7315434
15589,17,0,0.34770796
15590,11,1,0.42633563
15591,12,1,0.5404504
15592,23,1,0.8140031
15593,2,0,0.3083694
15594,11,1,0.7634283
15595,13,0,0.6925081
15596,26,1,0.27178407
15597,26,0,0.6779314
15598,16,0,0.5808585
15599,20,1,0.7202546
15600,2,0,0.551716
15601,27,1,0.73565125
15602,13,0,0.3551158
15603,13,0,0.39608234
15604,27,1,0.61324894
15605,9,1,0.750779
15606,10,0,0.40138325
15607,1,0,0.65399295
15608,15,1,0.45146385
15609,27,1,0.32425407
15610,25,0,0.34985915
15611,15,0,0.4598349
15612,28,0,0.59842706
15613,17,0,0.24144275
15614,24,1,0.64434826
15615,28,0,0.3562217
15616,24,0,0.2804944
15617,13,1,0.7423665
15618,7,1,0.5702458
15619,12,0,0.64908224
15620,12,0,0.41252685
15621,15,1,0.47738233
15622,10,0,0.5551184
15623,21,1,0.49256924
15624,16,0,0.26901564
15625,1,0,0.58163697
15626,28,0,0.41107965
15627,9,0,0.72915715
15628,1,0,0.27265695
15629,10,1,0.4600279
15630,20,1,0.6240736
15631,1,1,0.332944
15632,7,0,0.4710835
15633,3,0,0.5742966
15634,20,0,0.5355301
15635,21,1,0.59289825
15636,24,0,0.46195433
15637,13,1,0.7504533
15638,2,1,0.6394304
15639,13,0,0.3019718
15640,9,0,0.37455192
15641,16,0,0.30576876
15642,1,0,0.4425658
15643,25,1,0.3790378
15644,25,1,0.7653165
15645,13,0,0.5583955
15646,9,1,0.5103585
15647,19,1,0.3164061
15648,17,0,0.47232378
15649,20,0,0.610968
15650,17,1,0.7824162
15651,23,1,0.6418586
15652,16,1,0.5037436
15653,7,0,0.4950986
15654,8,1,0.39184937
15655,10,1,0.5972751
15656,3,0,0.29091272
15657,28,0,0.26553857
15658,24,0,0.28877807
15659,21,0,0.56091416
15660,7,0,0.5047317
15661,12,1,0.5149714
15662,15,1,0.45459244
15663,14,0,0.51073915
15664,15,1,0.67688435
15665,24,0,0.37635303
15666,6,1,0.43934822
15667,2,1,0.5570634
15668,1,0,0.5043699
15669,5,0,0.21401423
15670,25,0,0.59550786
15671,27,1,0.8139218
15672,1,1,0.38598645
15673,10,0,0.61279726
15674,16,0,0.23173214
15675,8,0,0.39115322
15676,4,1,0.7318698
15677,5,1,0.44987926
15678,17,0,0.22921042
15679,27,1,0.34418553
15680,8,1,0.60448736
15681,7,0,0.7558956
15682,14,1,0.70522004
15683,18,1,0.6866233
15684,0,1,0.5618622
15685,2,1,0.34615025
15686,27,0,0.5768523
15687,24,1,0.6740393
15688,8,0,0.7198761
15689,20,0,0.65186965
15690,27,0,0.38594112
15691,10,1,0.509074
15692,12,1,0.6002883
15693,16,0,0.48220444
15694,15,1,0.27410325
15695,0,0,0.34983355
15696,15,1,0.4746496
15697,15,0,0.33854806
15698,3,1,0.50325006
15699,28,1,0.6644918
15700,10,1,0.5653428
15701,1,0,0.5720856
15702,4,1,0.6751171
15703,21,0,0.5847073
15704,26,1,0.43873307
15705,15,1,0.5877448
15706,0,1,0.77390236
15707,13,0,0.70933944
15708,16,1,0.47273484
15709,10,0,0.24276774
15710,3,0,0.44647932
15711,28,1,0.8249847
15712,4,0,0.23677804
15713,12,0,0.34407866
15714,9,1,0.57556593
15715,26,0,0.22147416
15716,22,1,0.7283729
15717,25,0,0.4499518
15718,11,0,0.6027602
15719,2,1,0.50653255
15720,1,1,0.39515412
15721,27,1,0.59342223
15722,22,0,0.21898407
15723,28,0,0.37243512
15724,10,1,0.8306413
15725,16,0,0.21477662
15726,8,1,0.74395174
15727,20,0,0.5143826
15728,9,0,0.6484869
15729,10,1,0.5314058
15730,16,0,0.5278038
15731,12,1,0.74709576
15732,5,1,0.7398362
15733,12,1,0.3531226
15734,10,1,0.45298234
15735,8,0,0.6513351
15736,26,0,0.65006495
15737,17,0,0.30543944
15738,6,0,0.27904427
15739,2,1,0.60779667
15740,19,1,0.80008703
15741,15,0,0.75236917
15742,2,1,0.60059655
15743,23,0,0.21579008
15744,22,0,0.58578324
15745,28,0,0.5274757
15746,20,1,0.7506235
15747,13,0,0.55353135
15748,2,0,0.6298944
15749,21,0,0.48254973
15750,12,0,0.4203983
15751,1,1,0.65377593
15752,25,1,0.7797574
15753,12,1,0.6331914
15754,19,1,0.6404329
15755,3,0,0.556495
15756,20,0,0.33946708
15757,1,1,0.60375136
15758,20,1,0.2687521
15759,16,0,0.30327174
15760,12,0,0.4770925
15761,15,1,0.6980109
15762,16,0,0.50636196
15763,12,1,0.5452075
15764,16,0,0.30083334
15765,1,1,0.76398575
15766,26,1,0.5252123
15767,26,0,0.23214053
15768,28,1,0.48398393
15769,8,1,0.59369
15770,17,0,0.2316785
15771,2,1,0.47487232
15772,18,1,0.7326753
15773,26,0,0.3063215
15774,11,0,0.5122864
15775,7,0,0.33589014
15776,11,0,0.6327759
15777,27,1,0.7510547
15778,0,1,0.53013325
15779,27,1,0.66130877
15780,1,1,0.56565773
15781,6,1,0.5199686
15782,9,1,0.33673972
15783,15,1,0.5611248
15784,8,1,0.78475887
15785,13,1,0.64498127
15786,25,0,0.39432773
15787,8,0,0.47601652
15788,16,0,0.5092294
15789,27,0,0.5226133
15790,27,1,0.5700867
15791,4,0,0.65070045
15792,22,0,0.6502487
15793,26,0,0.42420524
15794,23,0,0.4885776
15795,13,0,0.53366137
15796,25,0,0.44566894
15797,27,0,0.6312301
15798,23,1,0.65639645
15799,1,1,0.3056519
15800,19,0,0.26523036
15801,20,0,0.23087157
15802,7,0,0.27528688
15803,2,1,0.3415789
15804,24,0,0.57856715
15805,18,0,0.46557662
15806,8,1,0.7559957
15807,13,0,0.2868139
15808,8,0,0.29224148
15809,16,1,0.24900576
15810,13,0,0.43534133
15811,6,1,0.41829523
15812,23,1,0.5783283
15813,8,0,0.27676734
15814,26,0,0.25923145
15815,20,1,0.306306
15816,8,0,0.35615876
15817,23,0,0.670568
15818,21,0,0.41307026
15819,26,1,0.39720201
15820,11,0,0.45139882
15821,26,1,0.31687492
15822,20,0,0.43956438
15823,25,0,0.5423239
15824,25,0,0.3673982
15825,6,0,0.23200914
15826,8,1,0.6851139
15827,15,0,0.34300065
15828,26,1,0.57668597
15829,11,0,0.50398016
15830,5,1,0.44312254
15831,1,1,0.22628336
15832,4,1,0.64459836
15833,21,1,0.4589598
15834,18,0,0.3239966
15835,20,0,0.6497374
15836,12,1,0.53333884
15837,7,1,0.68796635
15838,13,1,0.57161105
15839,16,0,0.38116044
15840,0,0,0.48342326
15841,22,1,0.62839085
15842,12,1,0.71147543
15843,25,0,0.42045447
15844,20,1,0.6444213
15845,14,0,0.35656044
15846,4,0,0.35179037
15847,26,0,0.64249915
15848,19,1,0.36019453
15849,7,0,0.26332435
15850,18,1,0.3420057
15851,10,0,0.74941087
15852,3,0,0.59165776
15853,10,1,0.3600156
15854,28,0,0.33374226
15855,8,1,0.73668873
15856,11,1,0.55762804
15857,5,1,0.5071688
15858,14,0,0.38371456
15859,6,0,0.33699518
15860,24,1,0.6892317
15861,20,1,0.81252766
15862,24,0,0.44905528
15863,26,0,0.6257916
15864,15,0,0.33463892
15865,10,1,0.23143321
15866,17,1,0.5957758
15867,16,0,0.47655407
15868,3,1,0.35439125
15869,3,1,0.4616083
15870,17,0,0.46375582
15871,11,1,0.695168
15872,17,1,0.8211356
15873,28,0,0.46907976
15874,16,0,0.36584416
15875,17,1,0.769316
15876,22,1,0.65136045
15877,24,1,0.8225634
15878,15,1,0.5834085
15879,11,1,0.6311173
15880,6,1,0.3663927
15881,18,1,0.35430145
15882,6,0,0.2992186
15883,16,1,0.60453033
15884,17,0,0.64951676
15885,24,0,0.3810528
15886,20,1,0.46318942
15887,8,0,0.41753903
15888,17,0,0.22139437
15889,16,1,0.52207625
15890,11,1,0.7665814
15891,15,1,0.79000396
15892,16,0,0.35755187
15893,13,0,0.734321
15894,6,0,0.34785593
15895,11,0,0.29356527
15896,23,1,0.23599228
15897,26,1,0.7586135
